record_type,run_id,semantic_replication_id,dgp,N,T,replication,method,target,primary_status,target_tangent_norm,target_supported,riesz_iterations,riesz_residual,riesz_converged,riesz_target_rayleigh_quotient,tangent_gram_min_eigenvalue,tangent_gram_max_eigenvalue,tangent_gram_condition_number,variance_estimate,standard_error,interval_length,estimate_finite,standard_error_finite,phi_full,phi_time_sum,phi_unit_sum,phi_corrected,true_target_projection_ratio,true_entry_unit_leverage_scaled,true_entry_time_leverage_scaled,target_applicability,headline_theorem_target,dgp_realization_hash,time_split_0_status,time_split_1_status,unit_split_0_status,unit_split_1_status
inference_diagnostic,3a7461a6c19714a6,dgp1_N100_T100_r2026080801_truth1-1-1,1,100,100,2026080801,fixed_rank,A_entry,success,0.1543978618433427,True,65,9.184844794765892e-09,True,2.1972727914820456,0.33485935912465914,24.028870474912804,71.75809730307553,0.009562651172546992,0.09778880903532362,0.38332508760059864,True,True,0.5240798838727003,,,0.5240798838727003,0.13700697889796806,1.2801668361450438,0.6046651127732441,theorem_covered,True,654aaee579b88ff6f006ca5f9abbd809bf3d5effc9441a150090637661ac7537,,,,
inference_diagnostic,3a7461a6c19714a6,dgp1_N100_T100_r2026080801_truth1-1-1,1,100,100,2026080801,fixed_rank,B_entry,success,0.1500411612948799,True,68,8.875334107791033e-09,True,1.0597570659480453,0.33485935912465914,24.028870474912804,71.75809730307553,0.09930835587668863,0.31513228313945973,1.23529585063844,True,True,0.466184965029903,,,0.466184965029903,0.15324140505429054,0.13115081352347732,2.220053627170527,entry_leverage_requires_author_choice,False,654aaee579b88ff6f006ca5f9abbd809bf3d5effc9441a150090637661ac7537,,,,
inference_diagnostic,3a7461a6c19714a6,dgp1_N100_T100_r2026080801_truth1-1-1,1,100,100,2026080801,fixed_rank,A_fixed_time_mean,success,0.09833471357575399,True,65,7.384466484426666e-09,True,1.827480237127153,0.33485935912465914,24.028870474912804,71.75809730307553,0.003667512487004987,0.06055999081080666,0.23739080178651537,True,True,0.38977029246238415,,,0.38977029246238415,0.9944457402585414,,,theorem_covered,True,654aaee579b88ff6f006ca5f9abbd809bf3d5effc9441a150090637661ac7537,,,,
inference_diagnostic,3a7461a6c19714a6,dgp1_N100_T100_r2026080801_truth1-1-1,1,100,100,2026080801,fixed_rank,B_fixed_time_mean,success,0.09086735225903814,True,66,9.211672023725098e-09,True,1.2697575881600434,0.33485935912465914,24.028870474912804,71.75809730307553,0.019205277534734486,0.13858310696017204,0.5432357970151985,True,True,1.0082202441250754,,,1.0082202441250754,0.9289115035664461,,,theorem_covered,True,654aaee579b88ff6f006ca5f9abbd809bf3d5effc9441a150090637661ac7537,,,,
inference_diagnostic,3a7461a6c19714a6,dgp1_N100_T100_r2026080801_truth1-1-1,1,100,100,2026080801,fixed_rank,A_full_mean,success,0.00998793220092727,True,70,8.704116638727622e-09,True,1.3755680257776768,0.33485935912465914,24.028870474912804,71.75809730307553,8.778694784025845e-05,0.009369468919861918,0.036727643274393526,True,True,0.46652462272553785,0.46962139102065564,0.46579696514805036,0.4641555120079074,0.999804551033295,,,theorem_covered,True,654aaee579b88ff6f006ca5f9abbd809bf3d5effc9441a150090637661ac7537,success,success,success,success
inference_diagnostic,3a7461a6c19714a6,dgp1_N100_T100_r2026080801_truth1-1-1,1,100,100,2026080801,fixed_rank,B_full_mean,success,0.009883222316447473,True,72,8.128090876970156e-09,True,0.8573131802079852,0.33485935912465914,24.028870474912804,71.75809730307553,0.0004310763308340912,0.02076237777409156,0.08138702534126871,True,True,0.6520241507609452,0.6513969828198697,0.645855151446291,0.6588203180166748,0.9946679449454069,,,theorem_covered,True,654aaee579b88ff6f006ca5f9abbd809bf3d5effc9441a150090637661ac7537,success,success,success,success
inference_diagnostic,3a7461a6c19714a6,dgp1_N100_T100_r2026080801_truth1-1-1,1,100,100,2026080801,fixed_rank,A_G1_fixed_time,success,0.0985341644335553,True,65,7.33783145968921e-09,True,1.8315803509725912,0.33485935912465914,24.028870474912804,71.75809730307553,0.0036648798669268036,0.06053825127080236,0.23730558435561758,True,True,0.3892531285900336,,,0.3892531285900336,0.7110790468319624,,,theorem_covered,True,654aaee579b88ff6f006ca5f9abbd809bf3d5effc9441a150090637661ac7537,,,,
inference_diagnostic,3a7461a6c19714a6,dgp1_N100_T100_r2026080801_truth1-1-1,1,100,100,2026080801,fixed_rank,A_G2_fixed_time,success,0.09879250347972118,True,64,9.546513998348008e-09,True,1.8402557892174358,0.33485935912465914,24.028870474912804,71.75809730307553,0.003727273947985693,0.06105140414425939,0.23931710665669562,True,True,0.3902874563347347,,,0.3902874563347347,0.6995731398809497,,,theorem_covered,True,654aaee579b88ff6f006ca5f9abbd809bf3d5effc9441a150090637661ac7537,,,,
inference_diagnostic,3a7461a6c19714a6,dgp1_N100_T100_r2026080801_truth1-1-1,1,100,100,2026080801,fixed_rank,A_G2_minus_G1_fixed_time,success,0.016094006111498606,True,66,9.09713188482222e-09,True,3.4217132118558156,0.33485935912465914,24.028870474912804,71.75809730307553,0.00011425768345787005,0.010689138574172852,0.041900653262273234,True,True,0.0010343277447011235,,,0.0010343277447011235,0.07818988788830628,,,weak_target_stress_outside_assumption9,False,654aaee579b88ff6f006ca5f9abbd809bf3d5effc9441a150090637661ac7537,,,,
inference_diagnostic,3a7461a6c19714a6,dgp1_N100_T100_r2026080801_truth1-1-1,1,100,100,2026080801,fixed_rank,A_G1_time_average,success,0.013873872881885395,True,69,9.560697304807077e-09,True,1.7831919434694674,0.33485935912465914,24.028870474912804,71.75809730307553,0.000148255376858368,0.012176016460992815,0.04772910747742553,True,True,0.465905617929376,0.47139501598417677,0.4653634826333542,0.4609583551705972,0.9912401232140783,,,theorem_covered,True,654aaee579b88ff6f006ca5f9abbd809bf3d5effc9441a150090637661ac7537,success,success,success,success
inference_diagnostic,3a7461a6c19714a6,dgp1_N100_T100_r2026080801_truth1-1-1,1,100,100,2026080801,fixed_rank,A_G2_time_average,success,0.013875214520015349,True,69,7.3881210565901325e-09,True,1.87853087924325,0.33485935912465914,24.028870474912804,71.75809730307553,0.00015210753898742423,0.012333188516657979,0.04834521061438522,True,True,0.46714362752169986,0.4678477660571346,0.46623044766274657,0.46735266884521853,0.9909512097701682,,,theorem_covered,True,654aaee579b88ff6f006ca5f9abbd809bf3d5effc9441a150090637661ac7537,success,success,success,success
inference_diagnostic,3a7461a6c19714a6,dgp1_N100_T100_r2026080801_truth1-1-1,1,100,100,2026080801,fixed_rank,A_G2_minus_G1_time_average,success,0.019260755302870133,True,66,9.124115077335397e-09,True,3.420459522242464,0.33485935912465914,24.028870474912804,71.75809730307553,0.0002495780403761991,0.015798039130733885,0.06192717544518576,True,True,0.0012380095923237413,-0.003547249927042162,0.0008669650293924181,0.006394313674620967,0.9823095956711081,,,theorem_covered,True,654aaee579b88ff6f006ca5f9abbd809bf3d5effc9441a150090637661ac7537,success,success,success,success
inference_diagnostic,3a7461a6c19714a6,dgp1_N100_T100_r2026080801_truth1-1-1,1,100,100,2026080801,fixed_rank,B_G1_fixed_time,success,0.09062755693985115,True,67,9.870497311674862e-09,True,1.2445245629998813,0.33485935912465914,24.028870474912804,71.75809730307553,0.019463479314283598,0.13951157412302248,0.5468753214152284,True,True,0.9923477168410139,,,0.9923477168410139,0.6393925910385875,,,theorem_covered,True,654aaee579b88ff6f006ca5f9abbd809bf3d5effc9441a150090637661ac7537,,,,
inference_diagnostic,3a7461a6c19714a6,dgp1_N100_T100_r2026080801_truth1-1-1,1,100,100,2026080801,fixed_rank,B_G2_fixed_time,success,0.09338210182004487,True,66,9.485979006632809e-09,True,1.2691019418488607,0.33485935912465914,24.028870474912804,71.75809730307553,0.020099948958980596,0.14177428877966763,0.5557449998838593,True,True,1.0240927714091368,,,1.0240927714091368,0.6911320602486297,,,theorem_covered,True,654aaee579b88ff6f006ca5f9abbd809bf3d5effc9441a150090637661ac7537,,,,
inference_diagnostic,3a7461a6c19714a6,dgp1_N100_T100_r2026080801_truth1-1-1,1,100,100,2026080801,fixed_rank,B_G2_minus_G1_fixed_time,success,0.028976528573276046,True,71,8.440866382895789e-09,True,0.9349094103932641,0.33485935912465914,24.028870474912804,71.75809730307553,0.0023057463992541914,0.04801818821294897,0.18822783900049142,True,True,0.03174505456812296,,,0.03174505456812296,0.15365490138775031,,,weak_target_stress_outside_assumption9,False,654aaee579b88ff6f006ca5f9abbd809bf3d5effc9441a150090637661ac7537,,,,
inference_diagnostic,3a7461a6c19714a6,dgp1_N100_T100_r2026080801_truth1-1-1,1,100,100,2026080801,fixed_rank,B_G1_time_average,success,0.013575701820619344,True,71,9.151666372172479e-09,True,0.9050144598266626,0.33485935912465914,24.028870474912804,71.75809730307553,0.0008465806572100391,0.02909605913538875,0.11405445599481914,True,True,0.6417592595497982,0.6350519363886162,0.6386917856401013,0.6515340566206771,0.9768042970435965,,,theorem_covered,True,654aaee579b88ff6f006ca5f9abbd809bf3d5effc9441a150090637661ac7537,success,success,success,success
inference_diagnostic,3a7461a6c19714a6,dgp1_N100_T100_r2026080801_truth1-1-1,1,100,100,2026080801,fixed_rank,B_G2_time_average,success,0.013600545690872752,True,71,7.866198198062976e-09,True,0.8733170959386535,0.33485935912465914,24.028870474912804,71.75809730307553,0.0008310328141092369,0.028827639759599413,0.1130022713762195,True,True,0.6622890419720925,0.6677420292511231,0.6530185172524808,0.6661065794126736,0.9795336180889921,,,theorem_covered,True,654aaee579b88ff6f006ca5f9abbd809bf3d5effc9441a150090637661ac7537,success,success,success,success
inference_diagnostic,3a7461a6c19714a6,dgp1_N100_T100_r2026080801_truth1-1-1,1,100,100,2026080801,fixed_rank,B_G2_minus_G1_time_average,success,0.018650381030919125,True,70,9.32193709661549e-09,True,0.929652713488487,0.33485935912465914,24.028870474912804,71.75809730307553,0.0016309216189914514,0.040384670594068875,0.15830499978377757,True,True,0.020529782422294356,0.032690092862506834,0.014326731612379639,0.014572522791996594,0.9613887990752912,,,theorem_covered,True,654aaee579b88ff6f006ca5f9abbd809bf3d5effc9441a150090637661ac7537,success,success,success,success
inference_diagnostic,3a7461a6c19714a6,dgp1_N100_T100_r2026080802_truth1-1-1,1,100,100,2026080802,fixed_rank,A_entry,success,0.12344180122069566,True,100,9.580717010959264e-09,True,3.0235884552132886,0.1765397691227411,39.407064500480466,223.21919132613283,0.007086928327089706,0.08418389588923589,0.3299948080423437,True,True,0.40492960451081667,,,0.40492960451081667,0.13197494443016902,0.7832922122767486,0.9660130887516367,theorem_covered,True,3dc6f020c0fd6f6e54968c752598a63b2ee91a9f1351e1ffe7c48199a4d2bd85,,,,
inference_diagnostic,3a7461a6c19714a6,dgp1_N100_T100_r2026080802_truth1-1-1,1,100,100,2026080802,fixed_rank,B_entry,success,0.1742238083889461,True,103,9.967054797836016e-09,True,1.003572369999761,0.1765397691227411,39.407064500480466,223.21919132613283,0.10131694804125488,0.3183032328476336,1.2477257450880572,True,True,0.8766930808912725,,,0.8766930808912725,0.1645839481015835,2.035303541551228,0.6874762848929963,entry_leverage_requires_author_choice,False,3dc6f020c0fd6f6e54968c752598a63b2ee91a9f1351e1ffe7c48199a4d2bd85,,,,
inference_diagnostic,3a7461a6c19714a6,dgp1_N100_T100_r2026080802_truth1-1-1,1,100,100,2026080802,fixed_rank,A_fixed_time_mean,success,0.0986021186487735,True,98,9.582167161438242e-09,True,3.383247982783745,0.1765397691227411,39.407064500480466,223.21919132613283,0.005324600789302591,0.07296986219873648,0.2860366037327485,True,True,0.4468489636727813,,,0.4468489636727813,0.9952519860486867,,,theorem_covered,True,3dc6f020c0fd6f6e54968c752598a63b2ee91a9f1351e1ffe7c48199a4d2bd85,,,,
inference_diagnostic,3a7461a6c19714a6,dgp1_N100_T100_r2026080802_truth1-1-1,1,100,100,2026080802,fixed_rank,B_fixed_time_mean,success,0.09021610185675014,True,102,7.408841372527521e-09,True,0.9825781388531614,0.1765397691227411,39.407064500480466,223.21919132613283,0.030165603610249708,0.17368247928403632,0.6808228082846705,True,True,0.4972664121937891,,,0.4972664121937891,0.9343176237783631,,,theorem_covered,True,3dc6f020c0fd6f6e54968c752598a63b2ee91a9f1351e1ffe7c48199a4d2bd85,,,,
inference_diagnostic,3a7461a6c19714a6,dgp1_N100_T100_r2026080802_truth1-1-1,1,100,100,2026080802,fixed_rank,A_full_mean,success,0.009990975315103704,True,110,9.423380861152018e-09,True,0.6882210401718435,0.1765397691227411,39.407064500480466,223.21919132613283,9.287767724337626e-05,0.009637306534679504,0.03777754743188868,True,True,0.5053578479760478,0.5085436574871743,0.5057997402864542,0.5017301461545147,0.9998577774158494,,,theorem_covered,True,3dc6f020c0fd6f6e54968c752598a63b2ee91a9f1351e1ffe7c48199a4d2bd85,success,success,success,success
inference_diagnostic,3a7461a6c19714a6,dgp1_N100_T100_r2026080802_truth1-1-1,1,100,100,2026080802,fixed_rank,B_full_mean,success,0.009818556060257774,True,112,8.439493391914479e-09,True,0.7519331244579229,0.1765397691227411,39.407064500480466,223.21919132613283,0.0005045979485647394,0.02246325774603362,0.08805435231533258,True,True,0.6186958766484691,0.616456765270464,0.6138601108678159,0.6257707538071275,0.9933893839634486,,,theorem_covered,True,3dc6f020c0fd6f6e54968c752598a63b2ee91a9f1351e1ffe7c48199a4d2bd85,success,success,success,success
inference_diagnostic,3a7461a6c19714a6,dgp1_N100_T100_r2026080802_truth1-1-1,1,100,100,2026080802,fixed_rank,A_G1_fixed_time,success,0.1001160690301948,True,95,9.55347951389234e-09,True,3.3630198665851805,0.1765397691227411,39.407064500480466,223.21919132613283,0.0055075294059203465,0.07421273075369446,0.2909085589432184,True,True,0.4520907169285612,,,0.4520907169285612,0.700595365111532,,,theorem_covered,True,3dc6f020c0fd6f6e54968c752598a63b2ee91a9f1351e1ffe7c48199a4d2bd85,,,,
inference_diagnostic,3a7461a6c19714a6,dgp1_N100_T100_r2026080802_truth1-1-1,1,100,100,2026080802,fixed_rank,A_G2_fixed_time,success,0.09782876131113832,True,98,9.228788573105231e-09,True,3.3930411143183794,0.1765397691227411,39.407064500480466,223.21919132613283,0.0052028119486645374,0.07213052023009772,0.2827464436742586,True,True,0.44160721041700146,,,0.44160721041700146,0.7137513755204927,,,theorem_covered,True,3dc6f020c0fd6f6e54968c752598a63b2ee91a9f1351e1ffe7c48199a4d2bd85,,,,
inference_diagnostic,3a7461a6c19714a6,dgp1_N100_T100_r2026080802_truth1-1-1,1,100,100,2026080802,fixed_rank,A_G2_minus_G1_fixed_time,success,0.017259096944903993,True,104,9.194661165999232e-09,True,2.679633531469535,0.1765397691227411,39.407064500480466,223.21919132613283,0.00012227955538922987,0.011058008653877509,0.043346597404664323,True,True,-0.010483506511559729,,,-0.010483506511559729,0.09873386419715187,,,weak_target_stress_outside_assumption9,False,3dc6f020c0fd6f6e54968c752598a63b2ee91a9f1351e1ffe7c48199a4d2bd85,,,,
inference_diagnostic,3a7461a6c19714a6,dgp1_N100_T100_r2026080802_truth1-1-1,1,100,100,2026080802,fixed_rank,A_G1_time_average,success,0.013911024885966019,True,108,8.737058989988009e-09,True,1.0919007584890579,0.1765397691227411,39.407064500480466,223.21919132613283,0.00014117921683210185,0.011881886080589304,0.046576137572725634,True,True,0.5112859385845383,0.5160095891927629,0.5079387197429189,0.5099095068179332,0.9923271484491499,,,theorem_covered,True,3dc6f020c0fd6f6e54968c752598a63b2ee91a9f1351e1ffe7c48199a4d2bd85,success,success,success,success
inference_diagnostic,3a7461a6c19714a6,dgp1_N100_T100_r2026080802_truth1-1-1,1,100,100,2026080802,fixed_rank,A_G2_time_average,success,0.013900445592869771,True,108,9.478849039813915e-09,True,0.8676962442300407,0.1765397691227411,39.407064500480466,223.21919132613283,0.00015975512513686732,0.012639427405419413,0.04954564499966118,True,True,0.49942975736755724,0.5010777257815858,0.5036607608299897,0.4935507854910962,0.9926085921865232,,,theorem_covered,True,3dc6f020c0fd6f6e54968c752598a63b2ee91a9f1351e1ffe7c48199a4d2bd85,success,success,success,success
inference_diagnostic,3a7461a6c19714a6,dgp1_N100_T100_r2026080802_truth1-1-1,1,100,100,2026080802,fixed_rank,A_G2_minus_G1_time_average,success,0.019344240774156807,True,104,8.768060586064618e-09,True,2.7186457864756486,0.1765397691227411,39.407064500480466,223.21919132613283,0.00023035797462731447,0.015177548373413754,0.05949489637101087,True,True,-0.011856181216981097,-0.014931863411176895,-0.004277958912929192,-0.016358721326837206,0.9850225437891122,,,theorem_covered,True,3dc6f020c0fd6f6e54968c752598a63b2ee91a9f1351e1ffe7c48199a4d2bd85,success,success,success,success
inference_diagnostic,3a7461a6c19714a6,dgp1_N100_T100_r2026080802_truth1-1-1,1,100,100,2026080802,fixed_rank,B_G1_fixed_time,success,0.09339742112359886,True,102,6.717313334049107e-09,True,0.981576701671176,0.1765397691227411,39.407064500480466,223.21919132613283,0.0323800691544271,0.1799446280232536,0.7053699802740679,True,True,0.5133611619187111,,,0.5133611619187111,0.664139363661717,,,theorem_covered,True,3dc6f020c0fd6f6e54968c752598a63b2ee91a9f1351e1ffe7c48199a4d2bd85,,,,
inference_diagnostic,3a7461a6c19714a6,dgp1_N100_T100_r2026080802_truth1-1-1,1,100,100,2026080802,fixed_rank,B_G2_fixed_time,success,0.0876134632516936,True,102,7.98815587139792e-09,True,0.9806816658327108,0.1765397691227411,39.407064500480466,223.21919132613283,0.028348351864160435,0.1683696880800117,0.6599970494501316,True,True,0.48117166246886706,,,0.48117166246886706,0.6623780388453947,,,theorem_covered,True,3dc6f020c0fd6f6e54968c752598a63b2ee91a9f1351e1ffe7c48199a4d2bd85,,,,
inference_diagnostic,3a7461a6c19714a6,dgp1_N100_T100_r2026080802_truth1-1-1,1,100,100,2026080802,fixed_rank,B_G2_minus_G1_fixed_time,success,0.015576080831820362,True,107,9.565958261767961e-09,True,0.8228236418245196,0.1765397691227411,39.407064500480466,223.21919132613283,0.0007944275918427399,0.028185591919325376,0.11048549008964183,True,True,-0.03218949944984398,,,-0.03218949944984398,0.08292369146881494,,,weak_target_stress_outside_assumption9,False,3dc6f020c0fd6f6e54968c752598a63b2ee91a9f1351e1ffe7c48199a4d2bd85,,,,
inference_diagnostic,3a7461a6c19714a6,dgp1_N100_T100_r2026080802_truth1-1-1,1,100,100,2026080802,fixed_rank,B_G1_time_average,success,0.013349553226381239,True,112,7.369766874545996e-09,True,0.7643713550090055,0.1765397691227411,39.407064500480466,223.21919132613283,0.0009748945886245839,0.031223302013473588,0.12239309484965037,True,True,0.6387208673703795,0.6394748540008066,0.6308564183700254,0.6458313297403064,0.9705820980572407,,,theorem_covered,True,3dc6f020c0fd6f6e54968c752598a63b2ee91a9f1351e1ffe7c48199a4d2bd85,success,success,success,success
inference_diagnostic,3a7461a6c19714a6,dgp1_N100_T100_r2026080802_truth1-1-1,1,100,100,2026080802,fixed_rank,B_G2_time_average,success,0.013273568534005523,True,111,7.287345899172243e-09,True,0.7817921851032745,0.1765397691227411,39.407064500480466,223.21919132613283,0.0008982956531924438,0.0299715807589864,0.117486437694694,True,True,0.5986708859265587,0.5934386765401208,0.5968638033656062,0.6057101778739493,0.9704572518091592,,,theorem_covered,True,3dc6f020c0fd6f6e54968c752598a63b2ee91a9f1351e1ffe7c48199a4d2bd85,success,success,success,success
inference_diagnostic,3a7461a6c19714a6,dgp1_N100_T100_r2026080802_truth1-1-1,1,100,100,2026080802,fixed_rank,B_G2_minus_G1_time_average,success,0.01797721373039093,True,107,9.720245831935324e-09,True,0.8008955869622763,0.1765397691227411,39.407064500480466,223.21919132613283,0.0017279886895443038,0.041569083337792086,0.16294781242483308,True,True,-0.04004998144382086,-0.046036177460685654,-0.033992615004419316,-0.04012115186635762,0.9470978927686962,,,theorem_covered,True,3dc6f020c0fd6f6e54968c752598a63b2ee91a9f1351e1ffe7c48199a4d2bd85,success,success,success,success
inference_diagnostic,3a7461a6c19714a6,dgp1_N100_T100_r2026080803_truth1-1-1,1,100,100,2026080803,fixed_rank,A_entry,success,0.09916835167285949,True,82,8.16923791934036e-09,True,3.181062200791841,0.22689718967153272,30.97730632178768,136.52573822810197,0.005940548115191166,0.07707495128244432,0.3021282572475402,True,True,0.23957765910606973,,,0.23957765910606973,0.12099611184474279,0.7176271859985364,0.7517736542762748,theorem_covered,True,9e99a78560abfe1f1c2a9b080b68d206c8daaef3711289eebcf5fcc14a7c4ae6,,,,
inference_diagnostic,3a7461a6c19714a6,dgp1_N100_T100_r2026080803_truth1-1-1,1,100,100,2026080803,fixed_rank,B_entry,success,0.16814661016832647,True,84,8.51083848736606e-09,True,1.1027474331756,0.22689718967153272,30.97730632178768,136.52573822810197,0.11697784847966208,0.3420202457160425,1.340694727173966,True,True,0.7737631507309177,,,0.7737631507309177,0.10992297514561021,0.11510456941281795,1.0944612519849135,entry_leverage_requires_author_choice,False,9e99a78560abfe1f1c2a9b080b68d206c8daaef3711289eebcf5fcc14a7c4ae6,,,,
inference_diagnostic,3a7461a6c19714a6,dgp1_N100_T100_r2026080803_truth1-1-1,1,100,100,2026080803,fixed_rank,A_fixed_time_mean,success,0.09864833838761443,True,77,8.403258747395436e-09,True,3.205949992758862,0.22689718967153272,30.97730632178768,136.52573822810197,0.008122883959557636,0.0901270434417863,0.3532915183579561,True,True,0.36874819991961516,,,0.36874819991961516,0.9943564429232076,,,theorem_covered,True,9e99a78560abfe1f1c2a9b080b68d206c8daaef3711289eebcf5fcc14a7c4ae6,,,,
inference_diagnostic,3a7461a6c19714a6,dgp1_N100_T100_r2026080803_truth1-1-1,1,100,100,2026080803,fixed_rank,B_fixed_time_mean,success,0.09069195784107643,True,81,9.901487377755023e-09,True,0.8788924895797123,0.22689718967153272,30.97730632178768,136.52573822810197,0.019554997528429284,0.1398391845243288,0.5481595305902707,True,True,1.0167647421700408,,,1.0167647421700408,0.9358095659681188,,,theorem_covered,True,9e99a78560abfe1f1c2a9b080b68d206c8daaef3711289eebcf5fcc14a7c4ae6,,,,
inference_diagnostic,3a7461a6c19714a6,dgp1_N100_T100_r2026080803_truth1-1-1,1,100,100,2026080803,fixed_rank,A_full_mean,success,0.009989393586180105,True,88,9.642549380900265e-09,True,1.0033835342421527,0.22689718967153272,30.97730632178768,136.52573822810197,9.47982985603959e-05,0.009736441781287243,0.03816615045778801,True,True,0.46677910087246544,0.4684044441150097,0.4639784825069918,0.4679543759953949,0.9997545292983054,,,theorem_covered,True,9e99a78560abfe1f1c2a9b080b68d206c8daaef3711289eebcf5fcc14a7c4ae6,success,success,success,success
inference_diagnostic,3a7461a6c19714a6,dgp1_N100_T100_r2026080803_truth1-1-1,1,100,100,2026080803,fixed_rank,B_full_mean,success,0.009861000495897606,True,88,9.462998672345262e-09,True,0.7814155713700635,0.22689718967153272,30.97730632178768,136.52573822810197,0.0004924284005722412,0.022190727806276234,0.08698605458206587,True,True,0.6089315962747894,0.6079631621633703,0.6020993051252077,0.6167323215357903,0.9930380920412195,,,theorem_covered,True,9e99a78560abfe1f1c2a9b080b68d206c8daaef3711289eebcf5fcc14a7c4ae6,success,success,success,success
inference_diagnostic,3a7461a6c19714a6,dgp1_N100_T100_r2026080803_truth1-1-1,1,100,100,2026080803,fixed_rank,A_G1_fixed_time,success,0.09878149697941423,True,77,8.357864866154429e-09,True,3.2072271382119433,0.22689718967153272,30.97730632178768,136.52573822810197,0.008118736407179352,0.09010403102624961,0.3532013113466577,True,True,0.36815273158152007,,,0.36815273158152007,0.7101359543001318,,,theorem_covered,True,9e99a78560abfe1f1c2a9b080b68d206c8daaef3711289eebcf5fcc14a7c4ae6,,,,
inference_diagnostic,3a7461a6c19714a6,dgp1_N100_T100_r2026080803_truth1-1-1,1,100,100,2026080803,fixed_rank,A_G2_fixed_time,success,0.09909728453404029,True,78,7.412128501492695e-09,True,3.205545759241489,0.22689718967153272,30.97730632178768,136.52573822810197,0.008175678021842873,0.09041945599174368,0.35443775449104403,True,True,0.36934366825771037,,,0.36934366825771037,0.7014327138730749,,,theorem_covered,True,9e99a78560abfe1f1c2a9b080b68d206c8daaef3711289eebcf5fcc14a7c4ae6,,,,
inference_diagnostic,3a7461a6c19714a6,dgp1_N100_T100_r2026080803_truth1-1-1,1,100,100,2026080803,fixed_rank,A_G2_minus_G1_fixed_time,success,0.015170142665117101,True,82,9.758983342175026e-09,True,3.3164014561719695,0.22689718967153272,30.97730632178768,136.52573822810197,9.729302605529012e-05,0.009863722728021612,0.03866508260082306,True,True,0.0011909366761901803,,,0.0011909366761901803,0.08692634869941551,,,weak_target_stress_outside_assumption9,False,9e99a78560abfe1f1c2a9b080b68d206c8daaef3711289eebcf5fcc14a7c4ae6,,,,
inference_diagnostic,3a7461a6c19714a6,dgp1_N100_T100_r2026080803_truth1-1-1,1,100,100,2026080803,fixed_rank,A_G1_time_average,success,0.013853252143683511,True,87,8.815622480132546e-09,True,1.4040733365171816,0.22689718967153272,30.97730632178768,136.52573822810197,0.00015807909099253937,0.012572950767124612,0.04928506136591897,True,True,0.4660253285814694,0.46694149995981904,0.46294665023819903,0.4681878355463902,0.989131184612175,,,theorem_covered,True,9e99a78560abfe1f1c2a9b080b68d206c8daaef3711289eebcf5fcc14a7c4ae6,success,success,success,success
inference_diagnostic,3a7461a6c19714a6,dgp1_N100_T100_r2026080803_truth1-1-1,1,100,100,2026080803,fixed_rank,A_G2_time_average,success,0.013855032881006972,True,88,8.953093808394625e-09,True,1.3505012190616363,0.22689718967153272,30.97730632178768,136.52573822810197,0.0001563821775596505,0.012505285984720641,0.04901982029285192,True,True,0.46753287316346126,0.46986738827020036,0.4650103147757845,0.46772091644439884,0.9888603031882319,,,theorem_covered,True,9e99a78560abfe1f1c2a9b080b68d206c8daaef3711289eebcf5fcc14a7c4ae6,success,success,success,success
inference_diagnostic,3a7461a6c19714a6,dgp1_N100_T100_r2026080803_truth1-1-1,1,100,100,2026080803,fixed_rank,A_G2_minus_G1_time_average,success,0.019198883438941116,True,82,9.745143749230946e-09,True,3.3153423716170534,0.22689718967153272,30.97730632178768,136.52573822810197,0.0002497293435815944,0.015802827075608795,0.06194594384421533,True,True,0.0015075445819918648,0.0029258883103813194,0.00206366453758543,-0.00046691910199115477,0.978118643489292,,,theorem_covered,True,9e99a78560abfe1f1c2a9b080b68d206c8daaef3711289eebcf5fcc14a7c4ae6,success,success,success,success
inference_diagnostic,3a7461a6c19714a6,dgp1_N100_T100_r2026080803_truth1-1-1,1,100,100,2026080803,fixed_rank,B_G1_fixed_time,success,0.09870812775582179,True,82,7.906180671698685e-09,True,0.8801442577929355,0.22689718967153272,30.97730632178768,136.52573822810197,0.023344519992407914,0.15278913571457858,0.5989224064591531,True,True,1.0953032824247897,,,1.0953032824247897,0.6791614610048483,,,theorem_covered,True,9e99a78560abfe1f1c2a9b080b68d206c8daaef3711289eebcf5fcc14a7c4ae6,,,,
inference_diagnostic,3a7461a6c19714a6,dgp1_N100_T100_r2026080803_truth1-1-1,1,100,100,2026080803,fixed_rank,B_G2_fixed_time,success,0.08529381043457065,True,82,8.523882399447054e-09,True,0.8736682678348262,0.22689718967153272,30.97730632178768,136.52573822810197,0.01742306226155875,0.1319964479126569,0.5174165679920495,True,True,0.938226201915292,,,0.938226201915292,0.6525240423054056,,,theorem_covered,True,9e99a78560abfe1f1c2a9b080b68d206c8daaef3711289eebcf5fcc14a7c4ae6,,,,
inference_diagnostic,3a7461a6c19714a6,dgp1_N100_T100_r2026080803_truth1-1-1,1,100,100,2026080803,fixed_rank,B_G2_minus_G1_fixed_time,success,0.03371249469893749,True,84,8.01187482938666e-09,True,0.8318839343685364,0.22689718967153272,30.97730632178768,136.52573822810197,0.0033151743958006507,0.05757755114452724,0.22569985312257274,True,True,-0.15707708050949765,,,-0.15707708050949765,0.10634083008604138,,,weak_target_stress_outside_assumption9,False,9e99a78560abfe1f1c2a9b080b68d206c8daaef3711289eebcf5fcc14a7c4ae6,,,,
inference_diagnostic,3a7461a6c19714a6,dgp1_N100_T100_r2026080803_truth1-1-1,1,100,100,2026080803,fixed_rank,B_G1_time_average,success,0.013566406953592458,True,86,8.574558737215482e-09,True,0.8630711326787222,0.22689718967153272,30.97730632178768,136.52573822810197,0.0009096211251262243,0.030159925814335558,0.1182247367449951,True,True,0.65596764768659,0.6513359983302643,0.6438175868528292,0.6727493578766764,0.9694547335808688,,,theorem_covered,True,9e99a78560abfe1f1c2a9b080b68d206c8daaef3711289eebcf5fcc14a7c4ae6,success,success,success,success
inference_diagnostic,3a7461a6c19714a6,dgp1_N100_T100_r2026080803_truth1-1-1,1,100,100,2026080803,fixed_rank,B_G2_time_average,success,0.013424173286933797,True,85,9.3771545795812e-09,True,0.7531590882494245,0.22689718967153272,30.97730632178768,136.52573822810197,0.0009931851247876012,0.03151483975506779,0.12353590179696793,True,True,0.5618955448629892,0.564590325996476,0.5603810233975863,0.5607152851949053,0.9674096760826851,,,theorem_covered,True,9e99a78560abfe1f1c2a9b080b68d206c8daaef3711289eebcf5fcc14a7c4ae6,success,success,success,success
inference_diagnostic,3a7461a6c19714a6,dgp1_N100_T100_r2026080803_truth1-1-1,1,100,100,2026080803,fixed_rank,B_G2_minus_G1_time_average,success,0.018427000000429964,True,85,7.488237759073107e-09,True,0.8251265169257159,0.22689718967153272,30.97730632178768,136.52573822810197,0.001835898896602005,0.04284739077939292,0.16795868551824744,True,True,-0.09407210282360068,-0.08674567233378833,-0.0834365634552428,-0.11203407268177092,0.9431857238083582,,,theorem_covered,True,9e99a78560abfe1f1c2a9b080b68d206c8daaef3711289eebcf5fcc14a7c4ae6,success,success,success,success
inference_diagnostic,3a7461a6c19714a6,dgp1_N50_T50_r2026080801_truth1-1-1,1,50,50,2026080801,fixed_rank,A_entry,success,0.15219668775584383,True,83,8.453063840792912e-09,True,3.7227980651556005,0.20754932110411947,36.318834541040054,174.98893442691772,0.026558866416023428,0.1629689124220427,0.6388263978937319,True,True,0.23134521572171357,,,0.23134521572171357,0.18308251272594703,1.3064876660599145,0.3793859176850607,theorem_covered,True,fac0c8d9c6b9728facac166d28752a392dad8290e4c0cf46f5efc244aaeff526,,,,
inference_diagnostic,3a7461a6c19714a6,dgp1_N50_T50_r2026080801_truth1-1-1,1,50,50,2026080801,fixed_rank,B_entry,success,0.161839258655983,True,88,7.455802263263897e-09,True,1.420040136104648,0.20754932110411947,36.318834541040054,174.98893442691772,0.05493005220891789,0.23437161135452794,0.9187198345069871,True,True,0.4235853890903127,,,0.4235853890903127,0.19615973239739548,0.7954914225256274,1.1466841564005155,entry_leverage_requires_author_choice,False,fac0c8d9c6b9728facac166d28752a392dad8290e4c0cf46f5efc244aaeff526,,,,
inference_diagnostic,3a7461a6c19714a6,dgp1_N50_T50_r2026080801_truth1-1-1,1,50,50,2026080801,fixed_rank,A_fixed_time_mean,success,0.1367545126545901,True,83,7.579796264083517e-09,True,3.583937716032396,0.20754932110411947,36.318834541040054,174.98893442691772,0.025264649820547744,0.15894857602554274,0.623066968807981,True,True,0.23114131620991105,,,0.23114131620991105,0.9958064190194811,,,theorem_covered,True,fac0c8d9c6b9728facac166d28752a392dad8290e4c0cf46f5efc244aaeff526,,,,
inference_diagnostic,3a7461a6c19714a6,dgp1_N50_T50_r2026080801_truth1-1-1,1,50,50,2026080801,fixed_rank,B_fixed_time_mean,success,0.12466381218334824,True,88,7.534849644270335e-09,True,1.1220908958804046,0.20754932110411947,36.318834541040054,174.98893442691772,0.03391959266748377,0.18417272509110508,0.7219438162263246,True,True,0.7810386980977777,,,0.7810386980977777,0.9492601788144062,,,theorem_covered,True,fac0c8d9c6b9728facac166d28752a392dad8290e4c0cf46f5efc244aaeff526,,,,
inference_diagnostic,3a7461a6c19714a6,dgp1_N50_T50_r2026080801_truth1-1-1,1,50,50,2026080801,fixed_rank,A_full_mean,success,0.019910176632748723,True,89,9.426738035412429e-09,True,0.8330483366797768,0.20754932110411947,36.318834541040054,174.98893442691772,0.0005174250938589026,0.022746979884347342,0.08916652266075575,True,True,0.45158217905824155,0.4416534949934854,0.44209227615252134,0.471000766028718,0.9997357040175304,,,theorem_covered,True,fac0c8d9c6b9728facac166d28752a392dad8290e4c0cf46f5efc244aaeff526,success,success,success,success
inference_diagnostic,3a7461a6c19714a6,dgp1_N50_T50_r2026080801_truth1-1-1,1,50,50,2026080801,fixed_rank,B_full_mean,success,0.01962798580231266,True,91,9.436458701596035e-09,True,0.7629047457452086,0.20754932110411947,36.318834541040054,174.98893442691772,0.0023712232452281394,0.048695207620751954,0.19088170631274842,True,True,0.6857495410131684,0.6745340608492352,0.6969951684822753,0.6857193937079948,0.9962946727553194,,,theorem_covered,True,fac0c8d9c6b9728facac166d28752a392dad8290e4c0cf46f5efc244aaeff526,success,success,success,success
inference_diagnostic,3a7461a6c19714a6,dgp1_N50_T50_r2026080801_truth1-1-1,1,50,50,2026080801,fixed_rank,A_G1_fixed_time,success,0.14352802716618962,True,83,7.955202635674358e-09,True,3.577456609702479,0.20754932110411947,36.318834541040054,174.98893442691772,0.027716143632502598,0.16648166155016172,0.6525961214494074,True,True,0.24210885514886188,,,0.24210885514886188,0.7170219768181919,,,theorem_covered,True,fac0c8d9c6b9728facac166d28752a392dad8290e4c0cf46f5efc244aaeff526,,,,
inference_diagnostic,3a7461a6c19714a6,dgp1_N50_T50_r2026080801_truth1-1-1,1,50,50,2026080801,fixed_rank,A_G2_fixed_time,success,0.1306441250157166,True,83,9.24190124297605e-09,True,3.582087633262889,0.20754932110411947,36.318834541040054,174.98893442691772,0.022991807817522594,0.15163049764978875,0.5943806287029425,True,True,0.2201737772709602,,,0.2201737772709602,0.6966408869186511,,,theorem_covered,True,fac0c8d9c6b9728facac166d28752a392dad8290e4c0cf46f5efc244aaeff526,,,,
inference_diagnostic,3a7461a6c19714a6,dgp1_N50_T50_r2026080801_truth1-1-1,1,50,50,2026080801,fixed_rank,A_G2_minus_G1_fixed_time,success,0.02300384839768171,True,87,8.503125610804313e-09,True,2.9247719678438884,0.20754932110411947,36.318834541040054,174.98893442691772,0.0003573036112746147,0.01890247632651909,0.0740963456371968,True,True,-0.021935077877901655,,,-0.021935077877901655,0.0883097752611262,,,weak_target_stress_outside_assumption9,False,fac0c8d9c6b9728facac166d28752a392dad8290e4c0cf46f5efc244aaeff526,,,,
inference_diagnostic,3a7461a6c19714a6,dgp1_N50_T50_r2026080801_truth1-1-1,1,50,50,2026080801,fixed_rank,A_G1_time_average,success,0.02732086262741367,True,89,9.41765795813255e-09,True,1.0391844100753127,0.20754932110411947,36.318834541040054,174.98893442691772,0.0007848832980561407,0.02801576873933929,0.10981979545661624,True,True,0.47300952581808997,0.46903406771082823,0.4687067712117028,0.4812877385317389,0.984539320858538,,,theorem_covered,True,fac0c8d9c6b9728facac166d28752a392dad8290e4c0cf46f5efc244aaeff526,success,success,success,success
inference_diagnostic,3a7461a6c19714a6,dgp1_N50_T50_r2026080801_truth1-1-1,1,50,50,2026080801,fixed_rank,A_G2_time_average,success,0.027141759778851065,True,88,9.819313023619933e-09,True,1.2180377720691067,0.20754932110411947,36.318834541040054,174.98893442691772,0.0008683449217496763,0.02946769284741641,0.11551123337684945,True,True,0.4301548322983933,0.41427292227614254,0.41547778109334,0.4607137935256974,0.9836148912579276,,,theorem_covered,True,fac0c8d9c6b9728facac166d28752a392dad8290e4c0cf46f5efc244aaeff526,success,success,success,success
inference_diagnostic,3a7461a6c19714a6,dgp1_N50_T50_r2026080801_truth1-1-1,1,50,50,2026080801,fixed_rank,A_G2_minus_G1_time_average,success,0.03715573687882826,True,87,8.596864521853295e-09,True,2.5917224894942583,0.20754932110411947,36.318834541040054,174.98893442691772,0.0012367560496163955,0.03516754255867753,0.13785423367957508,True,True,-0.042854693519696785,-0.05476114543468562,-0.05322899011836273,-0.020573945006042003,0.9681655079238859,,,theorem_covered,True,fac0c8d9c6b9728facac166d28752a392dad8290e4c0cf46f5efc244aaeff526,success,success,success,success
inference_diagnostic,3a7461a6c19714a6,dgp1_N50_T50_r2026080801_truth1-1-1,1,50,50,2026080801,fixed_rank,B_G1_fixed_time,success,0.11106040107159464,True,86,8.069525823188685e-09,True,1.099994532019723,0.20754932110411947,36.318834541040054,174.98893442691772,0.027051404041394077,0.16447311039010018,0.6447227455797538,True,True,0.6804141304746973,,,0.6804141304746973,0.6480670700756471,,,theorem_covered,True,fac0c8d9c6b9728facac166d28752a392dad8290e4c0cf46f5efc244aaeff526,,,,
inference_diagnostic,3a7461a6c19714a6,dgp1_N50_T50_r2026080801_truth1-1-1,1,50,50,2026080801,fixed_rank,B_G2_fixed_time,success,0.14184196199230736,True,88,6.5323928997739064e-09,True,1.107699969404897,0.20754932110411947,36.318834541040054,174.98893442691772,0.04426558336865803,0.2103938767375563,0.8247288419467397,True,True,0.8816632657208578,,,0.8816632657208578,0.7114429179629029,,,theorem_covered,True,fac0c8d9c6b9728facac166d28752a392dad8290e4c0cf46f5efc244aaeff526,,,,
inference_diagnostic,3a7461a6c19714a6,dgp1_N50_T50_r2026080801_truth1-1-1,1,50,50,2026080801,fixed_rank,B_G2_minus_G1_fixed_time,success,0.05237218215504062,True,89,9.944029674597425e-09,True,0.8502177488358645,0.20754932110411947,36.318834541040054,174.98893442691772,0.006955604178044287,0.08340026485596007,0.3269230308375667,True,True,0.20124913524616042,,,0.20124913524616042,0.15826264800402337,,,weak_target_stress_outside_assumption9,False,fac0c8d9c6b9728facac166d28752a392dad8290e4c0cf46f5efc244aaeff526,,,,
inference_diagnostic,3a7461a6c19714a6,dgp1_N50_T50_r2026080801_truth1-1-1,1,50,50,2026080801,fixed_rank,B_G1_time_average,success,0.026618259709229673,True,91,8.708795835114798e-09,True,0.779591263308404,0.20754932110411947,36.318834541040054,174.98893442691772,0.004501731582110478,0.06709494453467026,0.26300734966533246,True,True,0.5974014844697046,0.5690738869954448,0.6552628086756934,0.5678677577379757,0.9780706651505403,,,theorem_covered,True,fac0c8d9c6b9728facac166d28752a392dad8290e4c0cf46f5efc244aaeff526,success,success,success,success
inference_diagnostic,3a7461a6c19714a6,dgp1_N50_T50_r2026080801_truth1-1-1,1,50,50,2026080801,fixed_rank,B_G2_time_average,success,0.02709741136859971,True,90,9.690065409149301e-09,True,0.7515209153044877,0.20754932110411947,36.318834541040054,174.98893442691772,0.00458746024679913,0.06773079245660078,0.26549982771858943,True,True,0.7740975975566324,0.7799942347030255,0.738727528288857,0.8035710296780147,0.9813592490462588,,,theorem_covered,True,fac0c8d9c6b9728facac166d28752a392dad8290e4c0cf46f5efc244aaeff526,success,success,success,success
inference_diagnostic,3a7461a6c19714a6,dgp1_N50_T50_r2026080801_truth1-1-1,1,50,50,2026080801,fixed_rank,B_G2_minus_G1_time_average,success,0.03666840055185233,True,91,9.92813307726134e-09,True,0.7669267967592651,0.20754932110411947,36.318834541040054,174.98893442691772,0.008693490662657257,0.09323889029078616,0.3654897338568444,True,True,0.1766961130869277,0.21092034770758084,0.08346471961316362,0.23570327194003868,0.962852598665048,,,theorem_covered,True,fac0c8d9c6b9728facac166d28752a392dad8290e4c0cf46f5efc244aaeff526,success,success,success,success
inference_diagnostic,3a7461a6c19714a6,dgp1_N50_T50_r2026080802_truth1-1-1,1,50,50,2026080802,fixed_rank,A_entry,success,0.17863449631927247,True,78,6.945723364204434e-09,True,2.7705194764048127,0.2130455649350865,28.671293928822458,134.57822479223353,0.015668433134069334,0.12517361197181032,0.4906715425590799,True,True,0.3899788311609443,,,0.3899788311609443,0.20265798452179512,0.8028737040124311,1.2710490679730784,theorem_covered,True,fb6d3011f0dce6579ccbf349a4a35fbea6df86c09e0d7915039eb52c191f3745,,,,
inference_diagnostic,3a7461a6c19714a6,dgp1_N50_T50_r2026080802_truth1-1-1,1,50,50,2026080802,fixed_rank,B_entry,success,0.135821526540258,True,78,8.36106820329366e-09,True,1.4277642686726153,0.2130455649350865,28.671293928822458,134.57822479223353,0.032895493671508305,0.1813711489501798,0.7109618395540042,True,True,0.07401129402664244,,,0.07401129402664244,0.17363415790296194,1.0412350816659441,0.4761210363917981,entry_leverage_requires_author_choice,False,fb6d3011f0dce6579ccbf349a4a35fbea6df86c09e0d7915039eb52c191f3745,,,,
inference_diagnostic,3a7461a6c19714a6,dgp1_N50_T50_r2026080802_truth1-1-1,1,50,50,2026080802,fixed_rank,A_fixed_time_mean,success,0.13729536072708493,True,77,7.003544075486292e-09,True,4.616187904732715,0.2130455649350865,28.671293928822458,134.57822479223353,0.010364701842083959,0.1018071797177584,0.3990768112288063,True,True,0.5258673160684182,,,0.5258673160684182,0.9956031358073759,,,theorem_covered,True,fb6d3011f0dce6579ccbf349a4a35fbea6df86c09e0d7915039eb52c191f3745,,,,
inference_diagnostic,3a7461a6c19714a6,dgp1_N50_T50_r2026080802_truth1-1-1,1,50,50,2026080802,fixed_rank,B_fixed_time_mean,success,0.1192249293661352,True,78,8.294042120636899e-09,True,1.435918266495385,0.2130455649350865,28.671293928822458,134.57822479223353,0.025387250228428415,0.15933376989335443,0.6245769010239342,True,True,0.06522983084341344,,,0.06522983084341344,0.9310019826161319,,,theorem_covered,True,fb6d3011f0dce6579ccbf349a4a35fbea6df86c09e0d7915039eb52c191f3745,,,,
inference_diagnostic,3a7461a6c19714a6,dgp1_N50_T50_r2026080802_truth1-1-1,1,50,50,2026080802,fixed_rank,A_full_mean,success,0.019957074934613656,True,82,9.952176977514889e-09,True,0.7915545134821576,0.2130455649350865,28.671293928822458,134.57822479223353,0.00052530018986659,0.022919428218578883,0.08984250770933123,True,True,0.48515735387005626,0.4820107332049511,0.4911982996251307,0.48226302878008714,0.9998407238558021,,,theorem_covered,True,fb6d3011f0dce6579ccbf349a4a35fbea6df86c09e0d7915039eb52c191f3745,success,success,success,success
inference_diagnostic,3a7461a6c19714a6,dgp1_N50_T50_r2026080802_truth1-1-1,1,50,50,2026080802,fixed_rank,B_full_mean,success,0.019521208413488398,True,85,8.462311571992877e-09,True,0.6520700771297983,0.2130455649350865,28.671293928822458,134.57822479223353,0.0027334385375581936,0.052282296597970845,0.2049428367221277,True,True,0.6844115738016038,0.6911893471522941,0.6900841107340958,0.6719612635184213,0.995173368762929,,,theorem_covered,True,fb6d3011f0dce6579ccbf349a4a35fbea6df86c09e0d7915039eb52c191f3745,success,success,success,success
inference_diagnostic,3a7461a6c19714a6,dgp1_N50_T50_r2026080802_truth1-1-1,1,50,50,2026080802,fixed_rank,A_G1_fixed_time,success,0.13340713400862367,True,77,8.976345269301628e-09,True,4.58921379193914,0.2130455649350865,28.671293928822458,134.57822479223353,0.009670424574198217,0.09833831691766041,0.3854791189178006,True,True,0.5041698548347934,,,0.5041698548347934,0.7016504458733334,,,theorem_covered,True,fb6d3011f0dce6579ccbf349a4a35fbea6df86c09e0d7915039eb52c191f3745,,,,
inference_diagnostic,3a7461a6c19714a6,dgp1_N50_T50_r2026080802_truth1-1-1,1,50,50,2026080802,fixed_rank,A_G2_fixed_time,success,0.14434885808041756,True,77,7.646933585247412e-09,True,4.5413807769707715,0.2130455649350865,28.671293928822458,134.57822479223353,0.01140006733027898,0.10677109782276746,0.4185350126448544,True,True,0.5475647773020429,,,0.5475647773020429,0.7242949146954825,,,theorem_covered,True,fb6d3011f0dce6579ccbf349a4a35fbea6df86c09e0d7915039eb52c191f3745,,,,
inference_diagnostic,3a7461a6c19714a6,dgp1_N50_T50_r2026080802_truth1-1-1,1,50,50,2026080802,fixed_rank,A_G2_minus_G1_fixed_time,success,0.043220922691554337,True,78,9.477080286703844e-09,True,2.953773211412306,0.2130455649350865,28.671293928822458,134.57822479223353,0.0006821764442717087,0.02611850769610907,0.102382668828612,True,True,0.04339492246724952,,,0.04339492246724952,0.1602837097727112,,,weak_target_stress_outside_assumption9,False,fb6d3011f0dce6579ccbf349a4a35fbea6df86c09e0d7915039eb52c191f3745,,,,
inference_diagnostic,3a7461a6c19714a6,dgp1_N50_T50_r2026080802_truth1-1-1,1,50,50,2026080802,fixed_rank,A_G1_time_average,success,0.027692701341760072,True,82,6.809600726820832e-09,True,1.2033058094664015,0.2130455649350865,28.671293928822458,134.57822479223353,0.00077352221583433,0.02781226736234085,0.10902208471717374,True,True,0.4651395992841563,0.46344709258228234,0.48054763133916867,0.451424073931018,0.9907421605909968,,,theorem_covered,True,fb6d3011f0dce6579ccbf349a4a35fbea6df86c09e0d7915039eb52c191f3745,success,success,success,success
inference_diagnostic,3a7461a6c19714a6,dgp1_N50_T50_r2026080802_truth1-1-1,1,50,50,2026080802,fixed_rank,A_G2_time_average,success,0.027774420981829598,True,82,7.566247760040557e-09,True,0.9856427470354632,0.2130455649350865,28.671293928822458,134.57822479223353,0.0008190348559573386,0.02861878501888818,0.11218357583663056,True,True,0.5051751084559564,0.5005743738276198,0.5018489679110927,0.5131019836291566,0.9913335502074455,,,theorem_covered,True,fb6d3011f0dce6579ccbf349a4a35fbea6df86c09e0d7915039eb52c191f3745,success,success,success,success
inference_diagnostic,3a7461a6c19714a6,dgp1_N50_T50_r2026080802_truth1-1-1,1,50,50,2026080802,fixed_rank,A_G2_minus_G1_time_average,success,0.03851582761899962,True,78,7.780266464767654e-09,True,2.8120065889210215,0.2130455649350865,28.671293928822458,134.57822479223353,0.0010839133811954794,0.032922839810615966,0.12905516059517758,True,True,0.040035509171800154,0.03712728124533747,0.02130133657192408,0.06167790969813891,0.982156180787418,,,theorem_covered,True,fb6d3011f0dce6579ccbf349a4a35fbea6df86c09e0d7915039eb52c191f3745,success,success,success,success
inference_diagnostic,3a7461a6c19714a6,dgp1_N50_T50_r2026080802_truth1-1-1,1,50,50,2026080802,fixed_rank,B_G1_fixed_time,success,0.10707212909593987,True,78,8.034052465006886e-09,True,1.4342094960164617,0.2130455649350865,28.671293928822458,134.57822479223353,0.02048106988834321,0.14311208854720558,0.5609890786096602,True,True,0.05857157276226279,,,0.05857157276226279,0.6510744162611501,,,theorem_covered,True,fb6d3011f0dce6579ccbf349a4a35fbea6df86c09e0d7915039eb52c191f3745,,,,
inference_diagnostic,3a7461a6c19714a6,dgp1_N50_T50_r2026080802_truth1-1-1,1,50,50,2026080802,fixed_rank,B_G2_fixed_time,success,0.1314037572129683,True,78,9.44876687383208e-09,True,1.436201088058589,0.2130455649350865,28.671293928822458,134.57822479223353,0.03084044925705596,0.17561449045296906,0.688396152902345,True,True,0.07188808892456411,,,0.07188808892456411,0.6727778006982515,,,theorem_covered,True,fb6d3011f0dce6579ccbf349a4a35fbea6df86c09e0d7915039eb52c191f3745,,,,
inference_diagnostic,3a7461a6c19714a6,dgp1_N50_T50_r2026080802_truth1-1-1,1,50,50,2026080802,fixed_rank,B_G2_minus_G1_fixed_time,success,0.024585388917097713,True,79,9.626419065899257e-09,True,1.3893050462043315,0.2130455649350865,28.671293928822458,134.57822479223353,0.0010940373786848922,0.033076235860280294,0.12965646206060316,True,True,0.013316516162301308,,,0.013316516162301308,0.09880876978793346,,,weak_target_stress_outside_assumption9,False,fb6d3011f0dce6579ccbf349a4a35fbea6df86c09e0d7915039eb52c191f3745,,,,
inference_diagnostic,3a7461a6c19714a6,dgp1_N50_T50_r2026080802_truth1-1-1,1,50,50,2026080802,fixed_rank,B_G1_time_average,success,0.02658323615541562,True,86,9.267609404683426e-09,True,0.6956149755607979,0.2130455649350865,28.671293928822458,134.57822479223353,0.004885937200166427,0.06989947925533084,0.27400092375710616,True,True,0.6145510692873917,0.60740222108916,0.6199389174895589,0.616312069283456,0.9789589159759357,,,theorem_covered,True,fb6d3011f0dce6579ccbf349a4a35fbea6df86c09e0d7915039eb52c191f3745,success,success,success,success
inference_diagnostic,3a7461a6c19714a6,dgp1_N50_T50_r2026080802_truth1-1-1,1,50,50,2026080802,fixed_rank,B_G2_time_average,success,0.026937831468079484,True,85,8.514243072634658e-09,True,0.6146081548957986,0.2130455649350865,28.671293928822458,134.57822479223353,0.005634244279407617,0.07506160322966475,0.2942360779039566,True,True,0.7542720783158154,0.7749764732154282,0.760229303978633,0.7276104577533851,0.9800190062643037,,,theorem_covered,True,fb6d3011f0dce6579ccbf349a4a35fbea6df86c09e0d7915039eb52c191f3745,success,success,success,success
inference_diagnostic,3a7461a6c19714a6,dgp1_N50_T50_r2026080802_truth1-1-1,1,50,50,2026080802,fixed_rank,B_G2_minus_G1_time_average,success,0.0366103824850697,True,85,7.765421500614717e-09,True,0.6457745381437325,0.2130455649350865,28.671293928822458,134.57822479223353,0.01010660881595966,0.10053163092260893,0.3940767518307734,True,True,0.1397210090284239,0.16757425212626811,0.14029038648907416,0.11129838846992951,0.9635495721098646,,,theorem_covered,True,fb6d3011f0dce6579ccbf349a4a35fbea6df86c09e0d7915039eb52c191f3745,success,success,success,success
inference_diagnostic,3a7461a6c19714a6,dgp1_N50_T50_r2026080803_truth1-1-1,1,50,50,2026080803,fixed_rank,A_entry,success,0.20180765111581866,True,117,9.00415545918841e-09,True,0.4118137468422606,0.14059447673260092,46.17368565260469,328.41749352944515,0.016400738176885712,0.12806536681275588,0.5020070132398252,True,True,0.4895858798350274,,,0.4895858798350274,0.21065553887357913,1.292206940106967,0.9511628474519194,theorem_covered,True,1ae5a43fd85e4efa8d1556283a9f25efa69dde5de4272b2d412aeb1e6e1e9c07,,,,
inference_diagnostic,3a7461a6c19714a6,dgp1_N50_T50_r2026080803_truth1-1-1,1,50,50,2026080803,fixed_rank,B_entry,success,0.13409954471779742,True,114,9.692699198173452e-09,True,1.3831538205223894,0.14059447673260092,46.17368565260469,328.41749352944515,0.017095905906364554,0.13075131321086053,0.5125357296492057,True,True,0.2847772176355821,,,0.2847772176355821,0.16709502651903052,0.10438903294261634,1.2943506817462818,entry_leverage_requires_author_choice,False,1ae5a43fd85e4efa8d1556283a9f25efa69dde5de4272b2d412aeb1e6e1e9c07,,,,
inference_diagnostic,3a7461a6c19714a6,dgp1_N50_T50_r2026080803_truth1-1-1,1,50,50,2026080803,fixed_rank,A_fixed_time_mean,success,0.1377947733036547,True,118,7.698794144926393e-09,True,0.36880097999198586,0.14059447673260092,46.17368565260469,328.41749352944515,0.010044089225920896,0.10022020368129819,0.392855979477226,True,True,0.39337220335583767,,,0.39337220335583767,0.9963002572008812,,,theorem_covered,True,1ae5a43fd85e4efa8d1556283a9f25efa69dde5de4272b2d412aeb1e6e1e9c07,,,,
inference_diagnostic,3a7461a6c19714a6,dgp1_N50_T50_r2026080803_truth1-1-1,1,50,50,2026080803,fixed_rank,B_fixed_time_mean,success,0.12493884863642252,True,119,8.628255269058505e-09,True,1.0199710077146553,0.14059447673260092,46.17368565260469,328.41749352944515,0.02530835527762792,0.15908599962796197,0.6236056594307158,True,True,0.5894663532809734,,,0.5894663532809734,0.9450057046384449,,,theorem_covered,True,1ae5a43fd85e4efa8d1556283a9f25efa69dde5de4272b2d412aeb1e6e1e9c07,,,,
inference_diagnostic,3a7461a6c19714a6,dgp1_N50_T50_r2026080803_truth1-1-1,1,50,50,2026080803,fixed_rank,A_full_mean,success,0.01996734701855722,True,122,7.62096411789845e-09,True,0.5695645699826277,0.14059447673260092,46.17368565260469,328.41749352944515,0.0005335664527585606,0.023099057399784968,0.09054664116080394,True,True,0.49816095715190956,0.4831746671776308,0.504814767437029,0.5064934368410686,0.9998626023542528,,,theorem_covered,True,1ae5a43fd85e4efa8d1556283a9f25efa69dde5de4272b2d412aeb1e6e1e9c07,success,success,success,success
inference_diagnostic,3a7461a6c19714a6,dgp1_N50_T50_r2026080803_truth1-1-1,1,50,50,2026080803,fixed_rank,B_full_mean,success,0.01955465737062955,True,122,9.017171055586898e-09,True,0.6947975200277532,0.14059447673260092,46.17368565260469,328.41749352944515,0.002544764624933701,0.05044566011991221,0.19774335402275287,True,True,0.6220892885503386,0.6059463434698978,0.5922324474022487,0.6680890747788695,0.9958442614935205,,,theorem_covered,True,1ae5a43fd85e4efa8d1556283a9f25efa69dde5de4272b2d412aeb1e6e1e9c07,success,success,success,success
inference_diagnostic,3a7461a6c19714a6,dgp1_N50_T50_r2026080803_truth1-1-1,1,50,50,2026080803,fixed_rank,A_G1_fixed_time,success,0.1394428813024682,True,118,8.286612074290823e-09,True,0.37325682048184533,0.14059447673260092,46.17368565260469,328.41749352944515,0.010226467035052303,0.10112599584207961,0.3964066195024466,True,True,0.3957080717003585,,,0.3957080717003585,0.7151995097301389,,,theorem_covered,True,1ae5a43fd85e4efa8d1556283a9f25efa69dde5de4272b2d412aeb1e6e1e9c07,,,,
inference_diagnostic,3a7461a6c19714a6,dgp1_N50_T50_r2026080803_truth1-1-1,1,50,50,2026080803,fixed_rank,A_G2_fixed_time,success,0.13783639103985207,True,119,8.280810814679133e-09,True,0.37152754204438593,0.14059447673260092,46.17368565260469,328.41749352944515,0.010015168377265758,0.10007581314816162,0.39228997898791357,True,True,0.39103633501131674,,,0.39103633501131674,0.7072200511505439,,,theorem_covered,True,1ae5a43fd85e4efa8d1556283a9f25efa69dde5de4272b2d412aeb1e6e1e9c07,,,,
inference_diagnostic,3a7461a6c19714a6,dgp1_N50_T50_r2026080803_truth1-1-1,1,50,50,2026080803,fixed_rank,A_G2_minus_G1_fixed_time,success,0.030606820848107067,True,114,8.154827805561829e-09,True,2.440104531251195,0.14059447673260092,46.17368565260469,328.41749352944515,0.00030691392966116534,0.017518959148909656,0.06867305795698281,True,True,-0.004671736689041691,,,-0.004671736689041691,0.13804469192644286,,,weak_target_stress_outside_assumption9,False,1ae5a43fd85e4efa8d1556283a9f25efa69dde5de4272b2d412aeb1e6e1e9c07,,,,
inference_diagnostic,3a7461a6c19714a6,dgp1_N50_T50_r2026080803_truth1-1-1,1,50,50,2026080803,fixed_rank,A_G1_time_average,success,0.027812003887870845,True,119,9.473368637862556e-09,True,0.8274523296689164,0.14059447673260092,46.17368565260469,328.41749352944515,0.0008338199840168604,0.02887594126633555,0.1131916098034232,True,True,0.5011190675632718,0.49052435154524693,0.4972779721121999,0.5155548790323687,0.9908716102005671,,,theorem_covered,True,1ae5a43fd85e4efa8d1556283a9f25efa69dde5de4272b2d412aeb1e6e1e9c07,success,success,success,success
inference_diagnostic,3a7461a6c19714a6,dgp1_N50_T50_r2026080803_truth1-1-1,1,50,50,2026080803,fixed_rank,A_G2_time_average,success,0.027801680936569574,True,121,7.573260757576513e-09,True,0.7571582865349754,0.14059447673260092,46.17368565260469,328.41749352944515,0.0008716938540795496,0.029524461960881685,0.11573376421250185,True,True,0.4952028467405476,0.47582498281001473,0.512351562761858,0.49743199464977006,0.9906585106584685,,,theorem_covered,True,1ae5a43fd85e4efa8d1556283a9f25efa69dde5de4272b2d412aeb1e6e1e9c07,success,success,success,success
inference_diagnostic,3a7461a6c19714a6,dgp1_N50_T50_r2026080803_truth1-1-1,1,50,50,2026080803,fixed_rank,A_G2_minus_G1_time_average,success,0.03870532597043428,True,116,8.957544647687638e-09,True,2.4784781357121286,0.14059447673260092,46.17368565260469,328.41749352944515,0.0012767618579919877,0.03573180457228529,0.1400661001286056,True,True,-0.005916220822724214,-0.014699368735232228,0.015073590649658129,-0.018122884382598542,0.981583215552766,,,theorem_covered,True,1ae5a43fd85e4efa8d1556283a9f25efa69dde5de4272b2d412aeb1e6e1e9c07,success,success,success,success
inference_diagnostic,3a7461a6c19714a6,dgp1_N50_T50_r2026080803_truth1-1-1,1,50,50,2026080803,fixed_rank,B_G1_fixed_time,success,0.10932520476733176,True,115,8.857966103175442e-09,True,1.0117812370216408,0.14059447673260092,46.17368565260469,328.41749352944515,0.01981552137123168,0.14076761478135402,0.551798910322124,True,True,0.5079218556986722,,,0.5079218556986722,0.6285469616750644,,,theorem_covered,True,1ae5a43fd85e4efa8d1556283a9f25efa69dde5de4272b2d412aeb1e6e1e9c07,,,,
inference_diagnostic,3a7461a6c19714a6,dgp1_N50_T50_r2026080803_truth1-1-1,1,50,50,2026080803,fixed_rank,B_G2_fixed_time,success,0.14293395028496664,True,120,7.914383119431768e-09,True,1.0173356884179852,0.14059447673260092,46.17368565260469,328.41749352944515,0.03300083195034707,0.18166131109938372,0.712099254278237,True,True,0.6710108508632746,,,0.6710108508632746,0.7273408040911462,,,theorem_covered,True,1ae5a43fd85e4efa8d1556283a9f25efa69dde5de4272b2d412aeb1e6e1e9c07,,,,
inference_diagnostic,3a7461a6c19714a6,dgp1_N50_T50_r2026080803_truth1-1-1,1,50,50,2026080803,fixed_rank,B_G2_minus_G1_fixed_time,success,0.04822204359615101,True,119,8.074640077526764e-09,True,0.9115636604573861,0.14059447673260092,46.17368565260469,328.41749352944515,0.0043992854846535605,0.06632710972636724,0.2599974925246322,True,True,0.1630889951646024,,,0.1630889951646024,0.1762388905086105,,,weak_target_stress_outside_assumption9,False,1ae5a43fd85e4efa8d1556283a9f25efa69dde5de4272b2d412aeb1e6e1e9c07,,,,
inference_diagnostic,3a7461a6c19714a6,dgp1_N50_T50_r2026080803_truth1-1-1,1,50,50,2026080803,fixed_rank,B_G1_time_average,success,0.026219486823878684,True,120,9.39332199199458e-09,True,0.7475650153686196,0.14059447673260092,46.17368565260469,328.41749352944515,0.004714356774062615,0.06866117370146402,0.26914685518223636,True,True,0.5360318601596994,0.5329647644365534,0.5011967450392011,0.5739340710033437,0.9762646610656951,,,theorem_covered,True,1ae5a43fd85e4efa8d1556283a9f25efa69dde5de4272b2d412aeb1e6e1e9c07,success,success,success,success
inference_diagnostic,3a7461a6c19714a6,dgp1_N50_T50_r2026080803_truth1-1-1,1,50,50,2026080803,fixed_rank,B_G2_time_average,success,0.02686035526787466,True,121,7.143534196297465e-09,True,0.7508369473530921,0.14059447673260092,46.17368565260469,328.41749352944515,0.004283840692021596,0.06545105569829715,0.25656342383757497,True,True,0.7081467169409777,0.6789279225032424,0.6832681497652963,0.7622440785543944,0.9815700099008325,,,theorem_covered,True,1ae5a43fd85e4efa8d1556283a9f25efa69dde5de4272b2d412aeb1e6e1e9c07,success,success,success,success
inference_diagnostic,3a7461a6c19714a6,dgp1_N50_T50_r2026080803_truth1-1-1,1,50,50,2026080803,fixed_rank,B_G2_minus_G1_time_average,success,0.03589347920329141,True,115,9.925069082851347e-09,True,0.8428019517097906,0.14059447673260092,46.17368565260469,328.41749352944515,0.00781733642163866,0.08841570234770892,0.34658318453864595,True,True,0.17211485678127827,0.14596315806668897,0.18207140472609523,0.18831000755105065,0.9616998386361876,,,theorem_covered,True,1ae5a43fd85e4efa8d1556283a9f25efa69dde5de4272b2d412aeb1e6e1e9c07,success,success,success,success
inference_diagnostic,3a7461a6c19714a6,dgp2_N100_T100_r2026080801_truth1-1-1,2,100,100,2026080801,fixed_rank,A_entry,success,0.13280664669562975,True,97,7.99677617196685e-09,True,1.1745879472844094,0.24168008199093693,46.65634076964318,193.0500038947885,0.006629925979342431,0.0814243574082254,0.31917761596887784,True,True,0.45594459725648184,,,0.45594459725648184,0.14482322770350822,0.7624694075158545,1.3451637830571586,theorem_covered,True,f33c7b3e15346a6aadaa28f4bab87d43dfa3d1998d545fdadc5371cb1644f68e,,,,
inference_diagnostic,3a7461a6c19714a6,dgp2_N100_T100_r2026080801_truth1-1-1,2,100,100,2026080801,fixed_rank,B_entry,success,0.16985062677504,True,95,9.734608156354439e-09,True,1.0054760824089437,0.24168008199093693,46.65634076964318,193.0500038947885,0.07524061691700136,0.2743002313469702,1.0752371487821326,True,True,0.28664585871919485,,,0.28664585871919485,0.1521041373112432,2.1334977582619286,0.18399462158465704,entry_leverage_requires_author_choice,False,f33c7b3e15346a6aadaa28f4bab87d43dfa3d1998d545fdadc5371cb1644f68e,,,,
inference_diagnostic,3a7461a6c19714a6,dgp2_N100_T100_r2026080801_truth1-1-1,2,100,100,2026080801,fixed_rank,A_fixed_time_mean,success,0.09871315596064774,True,96,9.0863723625396e-09,True,0.5352950038394291,0.24168008199093693,46.65634076964318,193.0500038947885,0.002728269831860115,0.05223284246391455,0.20474898007885378,True,True,0.5388664357837512,,,0.5388664357837512,0.9946905180887403,,,theorem_covered,True,f33c7b3e15346a6aadaa28f4bab87d43dfa3d1998d545fdadc5371cb1644f68e,,,,
inference_diagnostic,3a7461a6c19714a6,dgp2_N100_T100_r2026080801_truth1-1-1,2,100,100,2026080801,fixed_rank,B_fixed_time_mean,success,0.09167382862209243,True,96,8.108389063688269e-09,True,1.018904806510762,0.24168008199093693,46.65634076964318,193.0500038947885,0.021638281817813063,0.14709956430191445,0.5766196963465723,True,True,0.15626365706093695,,,0.15626365706093695,0.9432074950640152,,,theorem_covered,True,f33c7b3e15346a6aadaa28f4bab87d43dfa3d1998d545fdadc5371cb1644f68e,,,,
inference_diagnostic,3a7461a6c19714a6,dgp2_N100_T100_r2026080801_truth1-1-1,2,100,100,2026080801,fixed_rank,A_full_mean,success,0.009990706369949724,True,101,9.599030373687325e-09,True,0.8180063171378608,0.24168008199093693,46.65634076964318,193.0500038947885,0.00011112171721795966,0.010541428613710746,0.041321640856946104,True,True,0.5009736678734036,0.4993023081470229,0.5038512603645143,0.4997674351086735,0.9997820307536995,,,theorem_covered,True,f33c7b3e15346a6aadaa28f4bab87d43dfa3d1998d545fdadc5371cb1644f68e,success,success,success,success
inference_diagnostic,3a7461a6c19714a6,dgp2_N100_T100_r2026080801_truth1-1-1,2,100,100,2026080801,fixed_rank,B_full_mean,success,0.00984702844562271,True,104,6.172240114776014e-09,True,0.7945550116041424,0.24168008199093693,46.65634076964318,193.0500038947885,0.00042320571522020756,0.020571964301451806,0.08064061824417847,True,True,0.5789728982746323,0.5782305241333482,0.5739382105610531,0.5847499601294954,0.9934114380138291,,,theorem_covered,True,f33c7b3e15346a6aadaa28f4bab87d43dfa3d1998d545fdadc5371cb1644f68e,success,success,success,success
inference_diagnostic,3a7461a6c19714a6,dgp2_N100_T100_r2026080801_truth1-1-1,2,100,100,2026080801,fixed_rank,A_G1_fixed_time,success,0.09846191689042422,True,97,7.150546067918717e-09,True,0.5425362463120595,0.24168008199093693,46.65634076964318,193.0500038947885,0.002721413668506544,0.05216717040923865,0.20449155035494276,True,True,0.5344611263700256,,,0.5344611263700256,0.7021119908414016,,,theorem_covered,True,f33c7b3e15346a6aadaa28f4bab87d43dfa3d1998d545fdadc5371cb1644f68e,,,,
inference_diagnostic,3a7461a6c19714a6,dgp2_N100_T100_r2026080801_truth1-1-1,2,100,100,2026080801,fixed_rank,A_G2_fixed_time,success,0.10004939415512368,True,96,8.73859325265989e-09,True,0.5377676901574753,0.24168008199093693,46.65634076964318,193.0500038947885,0.0028214614896758033,0.05311743112835751,0.20821650392573499,True,True,0.5432717451974766,,,0.5432717451974766,0.7141244679724995,,,theorem_covered,True,f33c7b3e15346a6aadaa28f4bab87d43dfa3d1998d545fdadc5371cb1644f68e,,,,
inference_diagnostic,3a7461a6c19714a6,dgp2_N100_T100_r2026080801_truth1-1-1,2,100,100,2026080801,fixed_rank,A_G2_minus_G1_fixed_time,success,0.020787305218415104,True,97,9.492606435950814e-09,True,3.065161212683305,0.24168008199093693,46.65634076964318,193.0500038947885,0.00017267098116840438,0.013140433066242694,0.05150955110218982,True,True,0.008810618827450895,,,0.008810618827450895,0.11630037259026708,,,weak_target_stress_outside_assumption9,False,f33c7b3e15346a6aadaa28f4bab87d43dfa3d1998d545fdadc5371cb1644f68e,,,,
inference_diagnostic,3a7461a6c19714a6,dgp2_N100_T100_r2026080801_truth1-1-1,2,100,100,2026080801,fixed_rank,A_G1_time_average,success,0.013874898122496013,True,99,9.778648889854468e-09,True,1.2261571718317186,0.24168008199093693,46.65634076964318,193.0500038947885,0.00017183015904941962,0.013108400323816008,0.05138398505922512,True,True,0.49687813720279983,0.4975019170073216,0.4972447462262176,0.49588774837486016,0.9895107344133738,,,theorem_covered,True,f33c7b3e15346a6aadaa28f4bab87d43dfa3d1998d545fdadc5371cb1644f68e,success,success,success,success
inference_diagnostic,3a7461a6c19714a6,dgp2_N100_T100_r2026080801_truth1-1-1,2,100,100,2026080801,fixed_rank,A_G2_time_average,success,0.013883146430845544,True,100,8.415687685017331e-09,True,1.0495555621978114,0.24168008199093693,46.65634076964318,193.0500038947885,0.00016127674585112334,0.01269947817239446,0.04978103968069138,True,True,0.5050691985440074,0.5011026992867242,0.5104577745028109,0.5036471218424872,0.9898644795127403,,,theorem_covered,True,f33c7b3e15346a6aadaa28f4bab87d43dfa3d1998d545fdadc5371cb1644f68e,success,success,success,success
inference_diagnostic,3a7461a6c19714a6,dgp2_N100_T100_r2026080801_truth1-1-1,2,100,100,2026080801,fixed_rank,A_G2_minus_G1_time_average,success,0.019267907265130522,True,97,8.427309669910866e-09,True,3.2136406774948587,0.24168008199093693,46.65634076964318,193.0500038947885,0.00022172694220089247,0.014890498386585066,0.05836968109911703,True,True,0.008191061341207492,0.0036007822794025686,0.013213028276593377,0.007759373467626533,0.9794891894770124,,,theorem_covered,True,f33c7b3e15346a6aadaa28f4bab87d43dfa3d1998d545fdadc5371cb1644f68e,success,success,success,success
inference_diagnostic,3a7461a6c19714a6,dgp2_N100_T100_r2026080801_truth1-1-1,2,100,100,2026080801,fixed_rank,B_G1_fixed_time,success,0.09008515732488613,True,97,8.126990989484793e-09,True,1.0190819961422266,0.24168008199093693,46.65634076964318,193.0500038947885,0.020898056453284544,0.14456160089485914,0.5666710626027543,True,True,0.15349788595705083,,,0.15349788595705083,0.6913900697637276,,,theorem_covered,True,f33c7b3e15346a6aadaa28f4bab87d43dfa3d1998d545fdadc5371cb1644f68e,,,,
inference_diagnostic,3a7461a6c19714a6,dgp2_N100_T100_r2026080801_truth1-1-1,2,100,100,2026080801,fixed_rank,B_G2_fixed_time,success,0.09332688229702772,True,95,9.104053785904299e-09,True,1.0184497521651925,0.24168008199093693,46.65634076964318,193.0500038947885,0.022421048468621627,0.14973659695819733,0.5869566744113132,True,True,0.15902942816482307,,,0.15902942816482307,0.6438889326634362,,,theorem_covered,True,f33c7b3e15346a6aadaa28f4bab87d43dfa3d1998d545fdadc5371cb1644f68e,,,,
inference_diagnostic,3a7461a6c19714a6,dgp2_N100_T100_r2026080801_truth1-1-1,2,100,100,2026080801,fixed_rank,B_G2_minus_G1_fixed_time,success,0.005841373308941342,True,102,9.25103367868448e-09,True,0.8858610136863628,0.24168008199093693,46.65634076964318,193.0500038947885,8.508257717517626e-05,0.009224021746243677,0.03615750083050373,True,True,0.005531542207772272,,,0.005531542207772272,0.05452345760695649,,,weak_target_stress_outside_assumption9,False,f33c7b3e15346a6aadaa28f4bab87d43dfa3d1998d545fdadc5371cb1644f68e,,,,
inference_diagnostic,3a7461a6c19714a6,dgp2_N100_T100_r2026080801_truth1-1-1,2,100,100,2026080801,fixed_rank,B_G1_time_average,success,0.013318814276336145,True,101,9.067035200743684e-09,True,0.8564717257547874,0.24168008199093693,46.65634076964318,193.0500038947885,0.0008187628498812758,0.028614032394635953,0.11216494589189774,True,True,0.568725432279665,0.5717724372730462,0.5693193867694939,0.5650844727964548,0.9684420768833923,,,theorem_covered,True,f33c7b3e15346a6aadaa28f4bab87d43dfa3d1998d545fdadc5371cb1644f68e,success,success,success,success
inference_diagnostic,3a7461a6c19714a6,dgp2_N100_T100_r2026080801_truth1-1-1,2,100,100,2026080801,fixed_rank,B_G2_time_average,success,0.01336120939007494,True,104,7.1526443835113775e-09,True,0.775000701260574,0.24168008199093693,46.65634076964318,193.0500038947885,0.0007521431239320447,0.027425227873839893,0.10750491780106038,True,True,0.5892203642695996,0.5846886109936504,0.5785570343526119,0.6044154474625365,0.9645370300516071,,,theorem_covered,True,f33c7b3e15346a6aadaa28f4bab87d43dfa3d1998d545fdadc5371cb1644f68e,success,success,success,success
inference_diagnostic,3a7461a6c19714a6,dgp2_N100_T100_r2026080801_truth1-1-1,2,100,100,2026080801,fixed_rank,B_G2_minus_G1_time_average,success,0.017999155073233672,True,101,9.597309145549204e-09,True,0.8383494702619199,0.24168008199093693,46.65634076964318,193.0500038947885,0.0014489890846589796,0.03806558924618112,0.14921436794562037,True,True,0.020494931989934788,0.012916173720604251,0.009237647583117868,0.03933097466608224,0.9388000071592947,,,theorem_covered,True,f33c7b3e15346a6aadaa28f4bab87d43dfa3d1998d545fdadc5371cb1644f68e,success,success,success,success
inference_diagnostic,3a7461a6c19714a6,dgp2_N100_T100_r2026080802_truth1-1-1,2,100,100,2026080802,fixed_rank,A_entry,success,0.15399206112417274,True,84,8.70183616609568e-09,True,3.6198230640067206,0.2570071911449615,40.81840813211878,158.82204676948396,0.009274256367770633,0.09630294059773374,0.3775005903537167,True,True,0.6009020107448567,,,0.6009020107448567,0.16178476212708107,1.0862161114950388,1.5480297628514117,theorem_covered,True,a1ec1f53b8750e0c44eef3a8d579c71d9474a0ee3b853e4cbfd27e9bb0fba104,,,,
inference_diagnostic,3a7461a6c19714a6,dgp2_N100_T100_r2026080802_truth1-1-1,2,100,100,2026080802,fixed_rank,B_entry,success,0.17829911124790626,True,88,8.488169940235e-09,True,0.9532253687694419,0.2570071911449615,40.81840813211878,158.82204676948396,0.06161080737966848,0.2482152440517473,0.9729858775104891,True,True,1.3242488827490948,,,1.3242488827490948,0.18150096590566353,1.428711650261271,1.8925880379979394,entry_leverage_requires_author_choice,False,a1ec1f53b8750e0c44eef3a8d579c71d9474a0ee3b853e4cbfd27e9bb0fba104,,,,
inference_diagnostic,3a7461a6c19714a6,dgp2_N100_T100_r2026080802_truth1-1-1,2,100,100,2026080802,fixed_rank,A_fixed_time_mean,success,0.09880192000075562,True,81,9.737587121964294e-09,True,3.2578649253282776,0.2570071911449615,40.81840813211878,158.82204676948396,0.004173612068374988,0.06460349888647664,0.2532410621855354,True,True,0.689729251652619,,,0.689729251652619,0.9964198585042462,,,theorem_covered,True,a1ec1f53b8750e0c44eef3a8d579c71d9474a0ee3b853e4cbfd27e9bb0fba104,,,,
inference_diagnostic,3a7461a6c19714a6,dgp2_N100_T100_r2026080802_truth1-1-1,2,100,100,2026080802,fixed_rank,B_fixed_time_mean,success,0.0909296611760275,True,88,8.477779042126537e-09,True,0.8326825251617483,0.2570071911449615,40.81840813211878,158.82204676948396,0.011428498572582269,0.10690415601173917,0.4190565911613197,True,True,0.9369686535598786,,,0.9369686535598786,0.9445312160324173,,,theorem_covered,True,a1ec1f53b8750e0c44eef3a8d579c71d9474a0ee3b853e4cbfd27e9bb0fba104,,,,
inference_diagnostic,3a7461a6c19714a6,dgp2_N100_T100_r2026080802_truth1-1-1,2,100,100,2026080802,fixed_rank,A_full_mean,success,0.00999321843833088,True,93,8.521919307729855e-09,True,0.9417840903665524,0.2570071911449615,40.81840813211878,158.82204676948396,0.00010060909856839447,0.010030408693986225,0.039318479580860884,True,True,0.5228327457956119,0.5219939531141214,0.5237888022088237,0.5227154820638906,0.999911499783632,,,theorem_covered,True,a1ec1f53b8750e0c44eef3a8d579c71d9474a0ee3b853e4cbfd27e9bb0fba104,success,success,success,success
inference_diagnostic,3a7461a6c19714a6,dgp2_N100_T100_r2026080802_truth1-1-1,2,100,100,2026080802,fixed_rank,B_full_mean,success,0.00989630353554933,True,95,9.055026530702419e-09,True,0.8081115286203184,0.2570071911449615,40.81840813211878,158.82204676948396,0.0003835601332702212,0.019584691298823714,0.07677057918805891,True,True,0.7051288923282446,0.7022710749529903,0.7006722448012626,0.7124433572304811,0.9957608130773116,,,theorem_covered,True,a1ec1f53b8750e0c44eef3a8d579c71d9474a0ee3b853e4cbfd27e9bb0fba104,success,success,success,success
inference_diagnostic,3a7461a6c19714a6,dgp2_N100_T100_r2026080802_truth1-1-1,2,100,100,2026080802,fixed_rank,A_G1_fixed_time,success,0.0989881106950699,True,84,7.70403570594976e-09,True,3.257133224190745,0.2570071911449615,40.81840813211878,158.82204676948396,0.004190442131734832,0.06473362442915453,0.2537511449397702,True,True,0.6851338879766078,,,0.6851338879766078,0.7076436818749507,,,theorem_covered,True,a1ec1f53b8750e0c44eef3a8d579c71d9474a0ee3b853e4cbfd27e9bb0fba104,,,,
inference_diagnostic,3a7461a6c19714a6,dgp2_N100_T100_r2026080802_truth1-1-1,2,100,100,2026080802,fixed_rank,A_G2_fixed_time,success,0.10027174384663744,True,80,9.693887694580201e-09,True,3.2591708014817167,0.2570071911449615,40.81840813211878,158.82204676948396,0.0043066195792792845,0.0656248396514558,0.25724464441613887,True,True,0.6943246153286302,,,0.6943246153286302,0.7124501164052577,,,theorem_covered,True,a1ec1f53b8750e0c44eef3a8d579c71d9474a0ee3b853e4cbfd27e9bb0fba104,,,,
inference_diagnostic,3a7461a6c19714a6,dgp2_N100_T100_r2026080802_truth1-1-1,2,100,100,2026080802,fixed_rank,A_G2_minus_G1_fixed_time,success,0.02566826372599675,True,88,8.781501198635132e-09,True,3.2781508167272624,0.2570071911449615,40.81840813211878,158.82204676948396,0.00029967515308260807,0.01731112801300389,0.06785837487450011,True,True,0.00919072735202242,,,0.00919072735202242,0.12446772449828089,,,weak_target_stress_outside_assumption9,False,a1ec1f53b8750e0c44eef3a8d579c71d9474a0ee3b853e4cbfd27e9bb0fba104,,,,
inference_diagnostic,3a7461a6c19714a6,dgp2_N100_T100_r2026080802_truth1-1-1,2,100,100,2026080802,fixed_rank,A_G1_time_average,success,0.013935309082604473,True,93,7.888001874565273e-09,True,1.1947608338688094,0.2570071911449615,40.81840813211878,158.82204676948396,0.00017567944272884443,0.01325441219854145,0.0519563410907792,True,True,0.5193493403826883,0.5158916694497294,0.5239383832798616,0.518217968418474,0.9937994343702481,,,theorem_covered,True,a1ec1f53b8750e0c44eef3a8d579c71d9474a0ee3b853e4cbfd27e9bb0fba104,success,success,success,success
inference_diagnostic,3a7461a6c19714a6,dgp2_N100_T100_r2026080802_truth1-1-1,2,100,100,2026080802,fixed_rank,A_G2_time_average,success,0.013940532308188206,True,92,7.859003949764763e-09,True,1.4447310925450378,0.2570071911449615,40.81840813211878,158.82204676948396,0.0001495579633100327,0.01222938932694649,0.0479383252674673,True,True,0.5263161512085353,0.5280962367785137,0.5236392211377858,0.5272129957093064,0.9938844689909306,,,theorem_covered,True,a1ec1f53b8750e0c44eef3a8d579c71d9474a0ee3b853e4cbfd27e9bb0fba104,success,success,success,success
inference_diagnostic,3a7461a6c19714a6,dgp2_N100_T100_r2026080802_truth1-1-1,2,100,100,2026080802,fixed_rank,A_G2_minus_G1_time_average,success,0.019432058601752174,True,89,6.763927058904109e-09,True,3.294542160505892,0.2570071911449615,40.81840813211878,158.82204676948396,0.0002480384166571503,0.015749235430875693,0.06173586845711704,True,True,0.006966810825846817,0.012204567328784145,-0.00029916214207572137,0.008995027290832024,0.9877351092557457,,,theorem_covered,True,a1ec1f53b8750e0c44eef3a8d579c71d9474a0ee3b853e4cbfd27e9bb0fba104,success,success,success,success
inference_diagnostic,3a7461a6c19714a6,dgp2_N100_T100_r2026080802_truth1-1-1,2,100,100,2026080802,fixed_rank,B_G1_fixed_time,success,0.08498078872038695,True,88,8.785563362405951e-09,True,0.8326024609008312,0.2570071911449615,40.81840813211878,158.82204676948396,0.00997636363370446,0.09988174825114177,0.39152925857026877,True,True,0.8647515513765609,,,0.8647515513765609,0.6437362280416902,,,theorem_covered,True,a1ec1f53b8750e0c44eef3a8d579c71d9474a0ee3b853e4cbfd27e9bb0fba104,,,,
inference_diagnostic,3a7461a6c19714a6,dgp2_N100_T100_r2026080802_truth1-1-1,2,100,100,2026080802,fixed_rank,B_G2_fixed_time,success,0.09860414825889009,True,88,9.545104553527219e-09,True,0.8334112597575043,0.2570071911449615,40.81840813211878,158.82204676948396,0.013849910378528982,0.11768564219363797,0.4613192403939956,True,True,1.009185755743196,,,1.009185755743196,0.7061895659970103,,,theorem_covered,True,a1ec1f53b8750e0c44eef3a8d579c71d9474a0ee3b853e4cbfd27e9bb0fba104,,,,
inference_diagnostic,3a7461a6c19714a6,dgp2_N100_T100_r2026080802_truth1-1-1,2,100,100,2026080802,fixed_rank,B_G2_minus_G1_fixed_time,success,0.028569422193173277,True,93,7.393114157219872e-09,True,0.8523732892576591,0.2570071911449615,40.81840813211878,158.82204676948396,0.001938553740809012,0.04402901021836639,0.1725905486058883,True,True,0.1444342043666354,,,0.1444342043666354,0.14477850792404537,,,weak_target_stress_outside_assumption9,False,a1ec1f53b8750e0c44eef3a8d579c71d9474a0ee3b853e4cbfd27e9bb0fba104,,,,
inference_diagnostic,3a7461a6c19714a6,dgp2_N100_T100_r2026080802_truth1-1-1,2,100,100,2026080802,fixed_rank,B_G1_time_average,success,0.01359325608668658,True,94,9.345104811432378e-09,True,0.7977122203361989,0.2570071911449615,40.81840813211878,158.82204676948396,0.0007408934552841355,0.02721935809831186,0.1066979231099798,True,True,0.650780899920808,0.641868327519665,0.639382227136591,0.671092145106168,0.9767631829646515,,,theorem_covered,True,a1ec1f53b8750e0c44eef3a8d579c71d9474a0ee3b853e4cbfd27e9bb0fba104,success,success,success,success
inference_diagnostic,3a7461a6c19714a6,dgp2_N100_T100_r2026080802_truth1-1-1,2,100,100,2026080802,fixed_rank,B_G2_time_average,success,0.013702416932211494,True,93,8.155511793630954e-09,True,0.8769199497032188,0.2570071911449615,40.81840813211878,158.82204676948396,0.0007348274400397745,0.027107700751627287,0.10626023435375767,True,True,0.7594768847356814,0.7626738223863156,0.7619622624659341,0.7537945693547945,0.9801424550421883,,,theorem_covered,True,a1ec1f53b8750e0c44eef3a8d579c71d9474a0ee3b853e4cbfd27e9bb0fba104,success,success,success,success
inference_diagnostic,3a7461a6c19714a6,dgp2_N100_T100_r2026080802_truth1-1-1,2,100,100,2026080802,fixed_rank,B_G2_minus_G1_time_average,success,0.018796765332734548,True,92,9.602010246721795e-09,True,0.8656167894547391,0.2570071911449615,40.81840813211878,158.82204676948396,0.0014172012571627467,0.03764573358513215,0.14756856399689788,True,True,0.10869598481487358,0.1208054948666507,0.12258003532934336,0.08270242424862667,0.9608360686979749,,,theorem_covered,True,a1ec1f53b8750e0c44eef3a8d579c71d9474a0ee3b853e4cbfd27e9bb0fba104,success,success,success,success
inference_diagnostic,3a7461a6c19714a6,dgp2_N100_T100_r2026080803_truth1-1-1,2,100,100,2026080803,fixed_rank,A_entry,success,0.14564418184232836,True,74,8.972872409945169e-09,True,2.519221155666918,0.23258081436186007,29.91838579271389,128.63651662241355,0.009188610362580266,0.09585723948967165,0.3757534741143741,True,True,0.5346874764527728,,,0.5346874764527728,0.13934914820140726,1.0281318162679882,0.9231781827959594,theorem_covered,True,fc1f7666cba355c664da9b20846f31480d385a2190a376104b7ef2776be7ce51,,,,
inference_diagnostic,3a7461a6c19714a6,dgp2_N100_T100_r2026080803_truth1-1-1,2,100,100,2026080803,fixed_rank,B_entry,success,0.13449716008389595,True,77,9.030349402397936e-09,True,1.4125627200944433,0.23258081436186007,29.91838579271389,128.63651662241355,0.04208033937866527,0.20513492968937608,0.8041141483246668,True,True,0.6312796237647351,,,0.6312796237647351,0.12499708287749252,0.736442833103804,0.8321122708666447,entry_leverage_requires_author_choice,False,fc1f7666cba355c664da9b20846f31480d385a2190a376104b7ef2776be7ce51,,,,
inference_diagnostic,3a7461a6c19714a6,dgp2_N100_T100_r2026080803_truth1-1-1,2,100,100,2026080803,fixed_rank,A_fixed_time_mean,success,0.09894135271304698,True,74,8.857291108550362e-09,True,2.2430124715377997,0.23258081436186007,29.91838579271389,128.63651662241355,0.003793740065928074,0.06159334433141355,0.2414414731538897,True,True,0.45913337514049435,,,0.45913337514049435,0.9951673704665484,,,theorem_covered,True,fc1f7666cba355c664da9b20846f31480d385a2190a376104b7ef2776be7ce51,,,,
inference_diagnostic,3a7461a6c19714a6,dgp2_N100_T100_r2026080803_truth1-1-1,2,100,100,2026080803,fixed_rank,B_fixed_time_mean,success,0.08975516803037083,True,76,9.193070050035635e-09,True,2.437505435998678,0.23258081436186007,29.91838579271389,128.63651662241355,0.014228885569190497,0.1192848924599863,0.4675881862426132,True,True,0.667869897760005,,,0.667869897760005,0.9368690165311346,,,theorem_covered,True,fc1f7666cba355c664da9b20846f31480d385a2190a376104b7ef2776be7ce51,,,,
inference_diagnostic,3a7461a6c19714a6,dgp2_N100_T100_r2026080803_truth1-1-1,2,100,100,2026080803,fixed_rank,A_full_mean,success,0.009992458637989756,True,80,9.186764674644409e-09,True,1.2479219064003053,0.23258081436186007,29.91838579271389,128.63651662241355,0.00011820568254496716,0.010872243675753738,0.042618412071241396,True,True,0.4933791038507608,0.49301239901256927,0.4927834560976624,0.49434145644205063,0.9998157439338705,,,theorem_covered,True,fc1f7666cba355c664da9b20846f31480d385a2190a376104b7ef2776be7ce51,success,success,success,success
inference_diagnostic,3a7461a6c19714a6,dgp2_N100_T100_r2026080803_truth1-1-1,2,100,100,2026080803,fixed_rank,B_full_mean,success,0.009871373282898145,True,81,9.871017234023841e-09,True,0.8611712633041042,0.23258081436186007,29.91838579271389,128.63651662241355,0.00042387129609587474,0.02058813483771356,0.08070400558154593,True,True,0.5942092466043905,0.5821720588841932,0.5923467108598479,0.6081089700691302,0.9952068527635214,,,theorem_covered,True,fc1f7666cba355c664da9b20846f31480d385a2190a376104b7ef2776be7ce51,success,success,success,success
inference_diagnostic,3a7461a6c19714a6,dgp2_N100_T100_r2026080803_truth1-1-1,2,100,100,2026080803,fixed_rank,A_G1_fixed_time,success,0.09761319702521853,True,73,9.518244362413704e-09,True,2.243548218838654,0.23258081436186007,29.91838579271389,128.63651662241355,0.003731893908097551,0.061089229067795174,0.23946537763239184,True,True,0.4509862466244774,,,0.4509862466244774,0.7060759268970027,,,theorem_covered,True,fc1f7666cba355c664da9b20846f31480d385a2190a376104b7ef2776be7ce51,,,,
inference_diagnostic,3a7461a6c19714a6,dgp2_N100_T100_r2026080803_truth1-1-1,2,100,100,2026080803,fixed_rank,A_G2_fixed_time,success,0.10108145496332366,True,73,9.209893710121538e-09,True,2.2591878542614174,0.23258081436186007,29.91838579271389,128.63651662241355,0.003939205058010549,0.06276308674699285,0.24602677916533833,True,True,0.4672805036565113,,,0.4672805036565113,0.7078476259194498,,,theorem_covered,True,fc1f7666cba355c664da9b20846f31480d385a2190a376104b7ef2776be7ce51,,,,
inference_diagnostic,3a7461a6c19714a6,dgp2_N100_T100_r2026080803_truth1-1-1,2,100,100,2026080803,fixed_rank,A_G2_minus_G1_fixed_time,success,0.01827644481902452,True,75,9.649991317456642e-09,True,3.7455530837313464,0.23258081436186007,29.91838579271389,128.63651662241355,0.00016723766717287205,0.012932040332943292,0.05069266659837644,True,True,0.016294257032033903,,,0.016294257032033903,0.09609048247334187,,,weak_target_stress_outside_assumption9,False,fc1f7666cba355c664da9b20846f31480d385a2190a376104b7ef2776be7ce51,,,,
inference_diagnostic,3a7461a6c19714a6,dgp2_N100_T100_r2026080803_truth1-1-1,2,100,100,2026080803,fixed_rank,A_G1_time_average,success,0.013874565057137042,True,79,9.063671091876713e-09,True,1.6673466082798996,0.23258081436186007,29.91838579271389,128.63651662241355,0.00019814493181242993,0.014076396265110966,0.05517845942346325,True,True,0.48462429929106304,0.4836918692895352,0.47842489889515366,0.4917561296885003,0.9903717300471583,,,theorem_covered,True,fc1f7666cba355c664da9b20846f31480d385a2190a376104b7ef2776be7ce51,success,success,success,success
inference_diagnostic,3a7461a6c19714a6,dgp2_N100_T100_r2026080803_truth1-1-1,2,100,100,2026080803,fixed_rank,A_G2_time_average,success,0.013892331883504415,True,79,9.048568439322338e-09,True,1.7486868361044465,0.23258081436186007,29.91838579271389,128.63651662241355,0.00019440276879266423,0.013942839337547579,0.05465492588764312,True,True,0.5021339084104587,0.5023329287356033,0.5071420133001711,0.4969267831956018,0.9904200610701352,,,theorem_covered,True,fc1f7666cba355c664da9b20846f31480d385a2190a376104b7ef2776be7ce51,success,success,success,success
inference_diagnostic,3a7461a6c19714a6,dgp2_N100_T100_r2026080803_truth1-1-1,2,100,100,2026080803,fixed_rank,A_G2_minus_G1_time_average,success,0.01927703200299722,True,74,9.64086751135051e-09,True,3.7996427015406686,0.23258081436186007,29.91838579271389,128.63651662241355,0.00031227267295092393,0.017671238579989913,0.06926998235798991,True,True,0.017509609119395635,0.018641059446068035,0.02871711440501737,0.005170653507101497,0.9808855892655046,,,theorem_covered,True,fc1f7666cba355c664da9b20846f31480d385a2190a376104b7ef2776be7ce51,success,success,success,success
inference_diagnostic,3a7461a6c19714a6,dgp2_N100_T100_r2026080803_truth1-1-1,2,100,100,2026080803,fixed_rank,B_G1_fixed_time,success,0.08708367559422149,True,76,8.928517520019376e-09,True,2.3570750033039825,0.23258081436186007,29.91838579271389,128.63651662241355,0.013997488998728068,0.11831098426912046,0.46377053628592196,True,True,0.6429320256957349,,,0.6429320256957349,0.6660454480942601,,,theorem_covered,True,fc1f7666cba355c664da9b20846f31480d385a2190a376104b7ef2776be7ce51,,,,
inference_diagnostic,3a7461a6c19714a6,dgp2_N100_T100_r2026080803_truth1-1-1,2,100,100,2026080803,fixed_rank,B_G2_fixed_time,success,0.09365028400162437,True,77,8.08607800383165e-09,True,2.287156598138799,0.23258081436186007,29.91838579271389,128.63651662241355,0.015044140221461253,0.12265455646432893,0.48079702641963834,True,True,0.6928077698242749,,,0.6928077698242749,0.6651530228087942,,,theorem_covered,True,fc1f7666cba355c664da9b20846f31480d385a2190a376104b7ef2776be7ce51,,,,
inference_diagnostic,3a7461a6c19714a6,dgp2_N100_T100_r2026080803_truth1-1-1,2,100,100,2026080803,fixed_rank,B_G2_minus_G1_fixed_time,success,0.021998266852837196,True,78,9.652250656776817e-09,True,1.021812547679778,0.23258081436186007,29.91838579271389,128.63651662241355,0.0011677161589042973,0.03417186209301883,0.13395123797397285,True,True,0.049875744128540046,,,0.049875744128540046,0.09122241250232575,,,weak_target_stress_outside_assumption9,False,fc1f7666cba355c664da9b20846f31480d385a2190a376104b7ef2776be7ce51,,,,
inference_diagnostic,3a7461a6c19714a6,dgp2_N100_T100_r2026080803_truth1-1-1,2,100,100,2026080803,fixed_rank,B_G1_time_average,success,0.013552669064011568,True,81,8.934166826272304e-09,True,0.9759410063253725,0.23258081436186007,29.91838579271389,128.63651662241355,0.0007033508822636233,0.026520763229281756,0.10395948154381285,True,True,0.5720218202494576,0.5640200683651451,0.579610737113367,0.5724346552698607,0.9780004541445632,,,theorem_covered,True,fc1f7666cba355c664da9b20846f31480d385a2190a376104b7ef2776be7ce51,success,success,success,success
inference_diagnostic,3a7461a6c19714a6,dgp2_N100_T100_r2026080803_truth1-1-1,2,100,100,2026080803,fixed_rank,B_G2_time_average,success,0.013610116043452582,True,81,9.597857664263591e-09,True,0.8700474910461533,0.23258081436186007,29.91838579271389,128.63651662241355,0.0009511142672299533,0.03084014051897224,0.12089112939068,True,True,0.6163966729593233,0.6003240494032415,0.6050826846063289,0.6437832848683995,0.9779529510324411,,,theorem_covered,True,fc1f7666cba355c664da9b20846f31480d385a2190a376104b7ef2776be7ce51,success,success,success,success
inference_diagnostic,3a7461a6c19714a6,dgp2_N100_T100_r2026080803_truth1-1-1,2,100,100,2026080803,fixed_rank,B_G2_minus_G1_time_average,success,0.01865594149295237,True,79,9.518113708232725e-09,True,1.0018424093189757,0.23258081436186007,29.91838579271389,128.63651662241355,0.0016134451210785717,0.04016771242028318,0.15745453937023446,True,True,0.04437485270986545,0.03630398103809635,0.025471947492961725,0.07134862959853827,0.960437495599043,,,theorem_covered,True,fc1f7666cba355c664da9b20846f31480d385a2190a376104b7ef2776be7ce51,success,success,success,success
inference_diagnostic,3a7461a6c19714a6,dgp2_N50_T50_r2026080801_truth1-1-1,2,50,50,2026080801,fixed_rank,A_entry,success,0.19133401942207878,True,76,7.786068946771556e-09,True,2.0152627862457164,0.21417989677789454,23.357315078563015,109.05465652915433,0.012433600662068636,0.11150605661608089,0.4370957100512055,True,True,0.44343940564367795,,,0.44343940564367795,0.21192544977201397,1.2594727335196132,1.0116294743205367,theorem_covered,True,ea6bb5c6a5bd97b0577eeccecf7311836d4413b7373c7e1674229a1b451a1444,,,,
inference_diagnostic,3a7461a6c19714a6,dgp2_N50_T50_r2026080801_truth1-1-1,2,50,50,2026080801,fixed_rank,B_entry,success,0.15092249819635287,True,79,8.810067757596072e-09,True,1.2914780230012137,0.21417989677789454,23.357315078563015,109.05465652915433,0.04228382096719109,0.20563030167558255,0.8060559708284962,True,True,0.45504697355579377,,,0.45504697355579377,0.13399233141485523,0.26356761206909446,0.6374900665213413,entry_leverage_requires_author_choice,False,ea6bb5c6a5bd97b0577eeccecf7311836d4413b7373c7e1674229a1b451a1444,,,,
inference_diagnostic,3a7461a6c19714a6,dgp2_N50_T50_r2026080801_truth1-1-1,2,50,50,2026080801,fixed_rank,A_fixed_time_mean,success,0.13655966747794804,True,74,9.73656234752403e-09,True,1.6590613393697433,0.21417989677789454,23.357315078563015,109.05465652915433,0.007465283710110854,0.08640187330209255,0.3386891197377885,True,True,0.4177581517225087,,,0.4177581517225087,0.9948819184802621,,,theorem_covered,True,ea6bb5c6a5bd97b0577eeccecf7311836d4413b7373c7e1674229a1b451a1444,,,,
inference_diagnostic,3a7461a6c19714a6,dgp2_N50_T50_r2026080801_truth1-1-1,2,50,50,2026080801,fixed_rank,B_fixed_time_mean,success,0.12445530348706821,True,77,7.263861791327054e-09,True,1.6787952546888307,0.21417989677789454,23.357315078563015,109.05465652915433,0.010145204272238003,0.1007234047887481,0.39482849157239097,True,True,0.6035867427640091,,,0.6035867427640091,0.9103645653760949,,,theorem_covered,True,ea6bb5c6a5bd97b0577eeccecf7311836d4413b7373c7e1674229a1b451a1444,,,,
inference_diagnostic,3a7461a6c19714a6,dgp2_N50_T50_r2026080801_truth1-1-1,2,50,50,2026080801,fixed_rank,A_full_mean,success,0.01988468490538525,True,81,7.626983431022574e-09,True,0.719407970079444,0.21417989677789454,23.357315078563015,109.05465652915433,0.0006254787738363604,0.02500957364363416,0.09803572722045026,True,True,0.4267542756904463,0.43016791815357075,0.4231025869065549,0.4269923220112134,0.9997623000962242,,,theorem_covered,True,ea6bb5c6a5bd97b0577eeccecf7311836d4413b7373c7e1674229a1b451a1444,success,success,success,success
inference_diagnostic,3a7461a6c19714a6,dgp2_N50_T50_r2026080801_truth1-1-1,2,50,50,2026080801,fixed_rank,B_full_mean,success,0.019596002409240025,True,83,9.774181615291173e-09,True,0.6216807671325235,0.21417989677789454,23.357315078563015,109.05465652915433,0.0021978832260460767,0.046881587281640505,0.1837724452201729,True,True,0.6522132703998718,0.6423005864790118,0.6389572829146328,0.6753819418059706,0.991220869910268,,,theorem_covered,True,ea6bb5c6a5bd97b0577eeccecf7311836d4413b7373c7e1674229a1b451a1444,success,success,success,success
inference_diagnostic,3a7461a6c19714a6,dgp2_N50_T50_r2026080801_truth1-1-1,2,50,50,2026080801,fixed_rank,A_G1_fixed_time,success,0.13991977333943836,True,75,8.583708210707875e-09,True,1.6590474282112533,0.21417989677789454,23.357315078563015,109.05465652915433,0.007588806291639204,0.08711375489346791,0.341479644298494,True,True,0.4246512747043144,,,0.4246512747043144,0.7116719567652193,,,theorem_covered,True,ea6bb5c6a5bd97b0577eeccecf7311836d4413b7373c7e1674229a1b451a1444,,,,
inference_diagnostic,3a7461a6c19714a6,dgp2_N50_T50_r2026080801_truth1-1-1,2,50,50,2026080801,fixed_rank,A_G2_fixed_time,success,0.13552778962892337,True,76,7.764450482737979e-09,True,1.6801845058937632,0.21417989677789454,23.357315078563015,109.05465652915433,0.007556925360485279,0.0869305778221063,0.3407616033731694,True,True,0.41086502874070285,,,0.41086502874070285,0.709611062085961,,,theorem_covered,True,ea6bb5c6a5bd97b0577eeccecf7311836d4413b7373c7e1674229a1b451a1444,,,,
inference_diagnostic,3a7461a6c19714a6,dgp2_N50_T50_r2026080801_truth1-1-1,2,50,50,2026080801,fixed_rank,A_G2_minus_G1_fixed_time,success,0.03600664298948318,True,78,9.5414871668421e-09,True,2.572108793779433,0.21417989677789454,23.357315078563015,109.05465652915433,0.00043032852387701767,0.020744361254977646,0.0813164018840886,True,True,-0.013786245963611521,,,-0.013786245963611521,0.1422490835184347,,,weak_target_stress_outside_assumption9,False,ea6bb5c6a5bd97b0577eeccecf7311836d4413b7373c7e1674229a1b451a1444,,,,
inference_diagnostic,3a7461a6c19714a6,dgp2_N50_T50_r2026080801_truth1-1-1,2,50,50,2026080801,fixed_rank,A_G1_time_average,success,0.02702772439750951,True,79,9.324512459974021e-09,True,1.0535773977714142,0.21417989677789454,23.357315078563015,109.05465652915433,0.0009604230281430571,0.030990692605088018,0.1214812827238486,True,True,0.43379583716139913,0.4392245822198067,0.42668375629173694,0.4354791729726537,0.9884448159568924,,,theorem_covered,True,ea6bb5c6a5bd97b0577eeccecf7311836d4413b7373c7e1674229a1b451a1444,success,success,success,success
inference_diagnostic,3a7461a6c19714a6,dgp2_N50_T50_r2026080801_truth1-1-1,2,50,50,2026080801,fixed_rank,A_G2_time_average,success,0.02695145269892814,True,80,8.864061277638475e-09,True,0.8823016677830037,0.21417989677789454,23.357315078563015,109.05465652915433,0.0008288092701354484,0.028789047746242812,0.11285099346367986,True,True,0.4197127142194935,0.42111125408733485,0.41952141752137273,0.4185054710497731,0.9883758313670499,,,theorem_covered,True,ea6bb5c6a5bd97b0577eeccecf7311836d4413b7373c7e1674229a1b451a1444,success,success,success,success
inference_diagnostic,3a7461a6c19714a6,dgp2_N50_T50_r2026080801_truth1-1-1,2,50,50,2026080801,fixed_rank,A_G2_minus_G1_time_average,success,0.03649869315790307,True,78,8.436512250039583e-09,True,2.645013514596477,0.21417989677789454,23.357315078563015,109.05465652915433,0.0010765495207333959,0.032810814082149746,0.12861602780890627,True,True,-0.014083122941905663,-0.01811332813247193,-0.007162338770364235,-0.016973701922880825,0.9769264463248379,,,theorem_covered,True,ea6bb5c6a5bd97b0577eeccecf7311836d4413b7373c7e1674229a1b451a1444,success,success,success,success
inference_diagnostic,3a7461a6c19714a6,dgp2_N50_T50_r2026080801_truth1-1-1,2,50,50,2026080801,fixed_rank,B_G1_fixed_time,success,0.13449929377563316,True,77,6.76548070435182e-09,True,1.6399228973917108,0.21417989677789454,23.357315078563015,109.05465652915433,0.0119299322736849,0.10922422933436014,0.42815111146897833,True,True,0.6479642302439447,,,0.6479642302439447,0.6887480012205011,,,theorem_covered,True,ea6bb5c6a5bd97b0577eeccecf7311836d4413b7373c7e1674229a1b451a1444,,,,
inference_diagnostic,3a7461a6c19714a6,dgp2_N50_T50_r2026080801_truth1-1-1,2,50,50,2026080801,fixed_rank,B_G2_fixed_time,success,0.11669607113973993,True,79,9.153047609091742e-09,True,1.5494332263406705,0.21417989677789454,23.357315078563015,109.05465652915433,0.009639522547332337,0.0981810702087339,0.3848627231454338,True,True,0.5592092552840737,,,0.5592092552840737,0.6086448411725679,,,theorem_covered,True,ea6bb5c6a5bd97b0577eeccecf7311836d4413b7373c7e1674229a1b451a1444,,,,
inference_diagnostic,3a7461a6c19714a6,dgp2_N50_T50_r2026080801_truth1-1-1,2,50,50,2026080801,fixed_rank,B_G2_minus_G1_fixed_time,success,0.0382043953879339,True,82,8.922839944503373e-09,True,0.7524851505923835,0.21417989677789454,23.357315078563015,109.05465652915433,0.0025580925817482317,0.0505775897186514,0.19826050854680013,True,True,-0.08875497495987097,,,-0.08875497495987097,0.1267229654751231,,,weak_target_stress_outside_assumption9,False,ea6bb5c6a5bd97b0577eeccecf7311836d4413b7373c7e1674229a1b451a1444,,,,
inference_diagnostic,3a7461a6c19714a6,dgp2_N50_T50_r2026080801_truth1-1-1,2,50,50,2026080801,fixed_rank,B_G1_time_average,success,0.026875675277516,True,82,9.64900380673199e-09,True,0.7144868998193081,0.21417989677789454,23.357315078563015,109.05465652915433,0.003917035488561239,0.06258622443126953,0.2453334916272582,True,True,0.7001659244109198,0.686694577870125,0.6868266134115515,0.726976581951083,0.9728000018357096,,,theorem_covered,True,ea6bb5c6a5bd97b0577eeccecf7311836d4413b7373c7e1674229a1b451a1444,success,success,success,success
inference_diagnostic,3a7461a6c19714a6,dgp2_N50_T50_r2026080801_truth1-1-1,2,50,50,2026080801,fixed_rank,B_G2_time_average,success,0.02657899156319076,True,83,8.051159599454956e-09,True,0.6037962353385095,0.21417989677789454,23.357315078563015,109.05465652915433,0.004247400680300283,0.065172085130831,0.2554698793076143,True,True,0.6042606163888234,0.5979065950878982,0.591087952417714,0.6237873016608582,0.9673315435057627,,,theorem_covered,True,ea6bb5c6a5bd97b0577eeccecf7311836d4413b7373c7e1674229a1b451a1444,success,success,success,success
inference_diagnostic,3a7461a6c19714a6,dgp2_N50_T50_r2026080801_truth1-1-1,2,50,50,2026080801,fixed_rank,B_G2_minus_G1_time_average,success,0.03635211392182767,True,82,9.95893122168477e-09,True,0.697744314958195,0.21417989677789454,23.357315078563015,109.05465652915433,0.007537339413631966,0.08681785192938124,0.34031972599343696,True,True,-0.09590530802209632,-0.08878798278222684,-0.09573866099383768,-0.10318928029022448,0.9484468069887402,,,theorem_covered,True,ea6bb5c6a5bd97b0577eeccecf7311836d4413b7373c7e1674229a1b451a1444,success,success,success,success
inference_diagnostic,3a7461a6c19714a6,dgp2_N50_T50_r2026080802_truth1-1-1,2,50,50,2026080802,fixed_rank,A_entry,success,0.1887234345891485,True,84,7.116560217751281e-09,True,2.033838363938865,0.06811750405779542,23.603522850045525,346.5118573636921,0.006932162416947192,0.08325960855629332,0.32637166827447567,True,True,0.4276751961886482,,,0.4276751961886482,0.21418981633803078,0.8186281698677406,1.4997911265809654,theorem_covered,True,1c98f6ecb0fae81810fb7205f6104d839d8940f5d1e16fa4b432fd63b8a52b7d,,,,
inference_diagnostic,3a7461a6c19714a6,dgp2_N50_T50_r2026080802_truth1-1-1,2,50,50,2026080802,fixed_rank,B_entry,success,0.2190177042338188,True,83,8.630322921053474e-09,True,1.2963850514148,0.06811750405779542,23.603522850045525,346.5118573636921,0.0740722129198163,0.2721621077957332,1.0668558584722898,True,True,0.16591628246846482,,,0.16591628246846482,0.22515904939059733,1.9276097474333813,0.6315684798490664,entry_leverage_requires_author_choice,False,1c98f6ecb0fae81810fb7205f6104d839d8940f5d1e16fa4b432fd63b8a52b7d,,,,
inference_diagnostic,3a7461a6c19714a6,dgp2_N50_T50_r2026080802_truth1-1-1,2,50,50,2026080802,fixed_rank,A_fixed_time_mean,success,0.1345889474852222,True,82,7.346671075665212e-09,True,1.3264368442494114,0.06811750405779542,23.603522850045525,346.5118573636921,0.0019040515769430247,0.04363543946086741,0.171047779585756,True,True,0.4156574611463181,,,0.4156574611463181,0.9953830752434852,,,theorem_covered,True,1c98f6ecb0fae81810fb7205f6104d839d8940f5d1e16fa4b432fd63b8a52b7d,,,,
inference_diagnostic,3a7461a6c19714a6,dgp2_N50_T50_r2026080802_truth1-1-1,2,50,50,2026080802,fixed_rank,B_fixed_time_mean,success,0.12123783946863759,True,83,9.431932944988391e-09,True,1.3098897486278684,0.06811750405779542,23.603522850045525,346.5118573636921,0.022631558945731583,0.15043789065834307,0.5897056952010541,True,True,0.09216988436963176,,,0.09216988436963176,0.9348045212312006,,,theorem_covered,True,1c98f6ecb0fae81810fb7205f6104d839d8940f5d1e16fa4b432fd63b8a52b7d,,,,
inference_diagnostic,3a7461a6c19714a6,dgp2_N50_T50_r2026080802_truth1-1-1,2,50,50,2026080802,fixed_rank,A_full_mean,success,0.019824314622010487,True,88,9.578564115253463e-09,True,0.6558845472638642,0.06811750405779542,23.603522850045525,346.5118573636921,0.0005559612522262504,0.02357883059496909,0.0924273175274211,True,True,0.4101372634615265,0.4084488956528043,0.40720437510353125,0.41475851962824395,0.9998828089962004,,,theorem_covered,True,1c98f6ecb0fae81810fb7205f6104d839d8940f5d1e16fa4b432fd63b8a52b7d,success,success,success,success
inference_diagnostic,3a7461a6c19714a6,dgp2_N50_T50_r2026080802_truth1-1-1,2,50,50,2026080802,fixed_rank,B_full_mean,success,0.019210256734524138,True,91,8.733587418326006e-09,True,0.6404825375612325,0.06811750405779542,23.603522850045525,346.5118573636921,0.0021755651139639264,0.046642953529594654,0.18283701810116182,True,True,0.5758951164098771,0.5561742788465435,0.5552527758751313,0.6162582945079567,0.9945693739427859,,,theorem_covered,True,1c98f6ecb0fae81810fb7205f6104d839d8940f5d1e16fa4b432fd63b8a52b7d,success,success,success,success
inference_diagnostic,3a7461a6c19714a6,dgp2_N50_T50_r2026080802_truth1-1-1,2,50,50,2026080802,fixed_rank,A_G1_fixed_time,success,0.13437517452432163,True,81,9.263203458950764e-09,True,1.347292221050619,0.06811750405779542,23.603522850045525,346.5118573636921,0.002003931760687004,0.04476529638779357,0.17547673735467276,True,True,0.4110328204057164,,,0.4110328204057164,0.7038775997311248,,,theorem_covered,True,1c98f6ecb0fae81810fb7205f6104d839d8940f5d1e16fa4b432fd63b8a52b7d,,,,
inference_diagnostic,3a7461a6c19714a6,dgp2_N50_T50_r2026080802_truth1-1-1,2,50,50,2026080802,fixed_rank,A_G2_fixed_time,success,0.13728764737084084,True,82,9.400646122270758e-09,True,1.3415285452179169,0.06811750405779542,23.603522850045525,346.5118573636921,0.0020970047947060214,0.045793064919330544,0.17950551596718492,True,True,0.42028210188691983,,,0.42028210188691983,0.7249661121629726,,,theorem_covered,True,1c98f6ecb0fae81810fb7205f6104d839d8940f5d1e16fa4b432fd63b8a52b7d,,,,
inference_diagnostic,3a7461a6c19714a6,dgp2_N50_T50_r2026080802_truth1-1-1,2,50,50,2026080802,fixed_rank,A_G2_minus_G1_fixed_time,success,0.03677542871816616,True,86,7.501303593555358e-09,True,2.631061552482441,0.06811750405779542,23.603522850045525,346.5118573636921,0.000585666783557146,0.024200553372952984,0.09486442603385435,True,True,0.009249281481203422,,,0.009249281481203422,0.17387372632680073,,,weak_target_stress_outside_assumption9,False,1c98f6ecb0fae81810fb7205f6104d839d8940f5d1e16fa4b432fd63b8a52b7d,,,,
inference_diagnostic,3a7461a6c19714a6,dgp2_N50_T50_r2026080802_truth1-1-1,2,50,50,2026080802,fixed_rank,A_G1_time_average,success,0.026806496800283335,True,88,8.51393345775057e-09,True,1.0184590121985264,0.06811750405779542,23.603522850045525,346.5118573636921,0.000869436589710873,0.029486210161885386,0.11558381991574862,True,True,0.4055740409161831,0.3878494312266695,0.4025205796684195,0.42635211185346045,0.9935612760509234,,,theorem_covered,True,1c98f6ecb0fae81810fb7205f6104d839d8940f5d1e16fa4b432fd63b8a52b7d,success,success,success,success
inference_diagnostic,3a7461a6c19714a6,dgp2_N50_T50_r2026080802_truth1-1-1,2,50,50,2026080802,fixed_rank,A_G2_time_average,success,0.026861193859504588,True,87,9.648101731974285e-09,True,0.8251675864366027,0.06811750405779542,23.603522850045525,346.5118573636921,0.0009445326141198352,0.03073324932576826,0.12047212361279137,True,True,0.41470048600687,0.429048360078939,0.41188817053864296,0.40316492740302806,0.9939469688009727,,,theorem_covered,True,1c98f6ecb0fae81810fb7205f6104d839d8940f5d1e16fa4b432fd63b8a52b7d,success,success,success,success
inference_diagnostic,3a7461a6c19714a6,dgp2_N50_T50_r2026080802_truth1-1-1,2,50,50,2026080802,fixed_rank,A_G2_minus_G1_time_average,success,0.036169188705210666,True,86,7.505059723640689e-09,True,2.6139955693464474,0.06811750405779542,23.603522850045525,346.5118573636921,0.0014040934086005951,0.037471234415223036,0.1468845398201899,True,True,0.009126445090686717,0.041198928852269515,0.00936759087022351,-0.023187184450432875,0.9875874413592229,,,theorem_covered,True,1c98f6ecb0fae81810fb7205f6104d839d8940f5d1e16fa4b432fd63b8a52b7d,success,success,success,success
inference_diagnostic,3a7461a6c19714a6,dgp2_N50_T50_r2026080802_truth1-1-1,2,50,50,2026080802,fixed_rank,B_G1_fixed_time,success,0.12349387947924956,True,83,9.063541013042713e-09,True,1.307483659268913,0.06811750405779542,23.603522850045525,346.5118573636921,0.023516700763385672,0.15335155937709166,0.6011270667043105,True,True,0.09386351238767203,,,0.09386351238767203,0.6212896762917891,,,theorem_covered,True,1c98f6ecb0fae81810fb7205f6104d839d8940f5d1e16fa4b432fd63b8a52b7d,,,,
inference_diagnostic,3a7461a6c19714a6,dgp2_N50_T50_r2026080802_truth1-1-1,2,50,50,2026080802,fixed_rank,B_G2_fixed_time,success,0.11904167043429024,True,83,8.610241955933594e-09,True,1.3109977284014496,0.06811750405779542,23.603522850045525,346.5118573636921,0.02179577874872422,0.1476339349496728,0.5787143907945758,True,True,0.09047625635159151,,,0.09047625635159151,0.7103316548290659,,,theorem_covered,True,1c98f6ecb0fae81810fb7205f6104d839d8940f5d1e16fa4b432fd63b8a52b7d,,,,
inference_diagnostic,3a7461a6c19714a6,dgp2_N50_T50_r2026080802_truth1-1-1,2,50,50,2026080802,fixed_rank,B_G2_minus_G1_fixed_time,success,0.006990011527215765,True,89,7.816695597754283e-09,True,0.8813250577869173,0.06811750405779542,23.603522850045525,346.5118573636921,9.872319427990382e-05,0.009935954623482528,0.038948226428099975,True,True,-0.0033872560360805257,,,-0.0033872560360805257,0.12927655937818344,,,weak_target_stress_outside_assumption9,False,1c98f6ecb0fae81810fb7205f6104d839d8940f5d1e16fa4b432fd63b8a52b7d,,,,
inference_diagnostic,3a7461a6c19714a6,dgp2_N50_T50_r2026080802_truth1-1-1,2,50,50,2026080802,fixed_rank,B_G1_time_average,success,0.02560149564832737,True,90,7.752873547477781e-09,True,0.7148233472975335,0.06811750405779542,23.603522850045525,346.5118573636921,0.004098377946827257,0.06401857501403212,0.2509482027381575,True,True,0.5864772291170259,0.5812964557757327,0.563301822990727,0.6148334085846181,0.9732808066490168,,,theorem_covered,True,1c98f6ecb0fae81810fb7205f6104d839d8940f5d1e16fa4b432fd63b8a52b7d,success,success,success,success
inference_diagnostic,3a7461a6c19714a6,dgp2_N50_T50_r2026080802_truth1-1-1,2,50,50,2026080802,fixed_rank,B_G2_time_average,success,0.025478014575171116,True,91,8.041514564921266e-09,True,0.6695485477710632,0.06811750405779542,23.603522850045525,346.5118573636921,0.003315497625641359,0.05758035798465792,0.22571085573370572,True,True,0.5653130037027282,0.531052101917354,0.5472037287595358,0.6176831804312949,0.9784974307879224,,,theorem_covered,True,1c98f6ecb0fae81810fb7205f6104d839d8940f5d1e16fa4b432fd63b8a52b7d,success,success,success,success
inference_diagnostic,3a7461a6c19714a6,dgp2_N50_T50_r2026080802_truth1-1-1,2,50,50,2026080802,fixed_rank,B_G2_minus_G1_time_average,success,0.03366000233248053,True,89,6.239593643974555e-09,True,0.7845279629617602,0.06811750405779542,23.603522850045525,346.5118573636921,0.006125490691177996,0.07826551406065123,0.30679517758077923,True,True,-0.02116422541429776,-0.05024435385837873,-0.016098094231191087,0.0028497718466765284,0.9568513526483556,,,theorem_covered,True,1c98f6ecb0fae81810fb7205f6104d839d8940f5d1e16fa4b432fd63b8a52b7d,success,success,success,success
inference_diagnostic,3a7461a6c19714a6,dgp2_N50_T50_r2026080803_truth1-1-1,2,50,50,2026080803,fixed_rank,A_entry,success,0.241668524871817,True,116,8.853088345125014e-09,True,2.089159440948223,0.07735401564487668,39.5576958675181,511.3851625896566,0.01909393864417478,0.1381808186550318,0.5416588558362455,True,True,0.7639205651352838,,,0.7639205651352838,0.21488136112648223,1.056752297284626,1.2789789495563035,theorem_covered,True,2dff41939d5612dda741632bc8870c036fd98bce37a1116da6ceb0fb6e4026db,,,,
inference_diagnostic,3a7461a6c19714a6,dgp2_N50_T50_r2026080803_truth1-1-1,2,50,50,2026080803,fixed_rank,B_entry,success,0.16662223079451827,True,118,8.580992811885792e-09,True,0.6826044411033536,0.07735401564487668,39.5576958675181,511.3851625896566,0.0551871952443728,0.23491955057928407,0.9208677167994648,True,True,-0.1333927225365818,,,-0.1333927225365818,0.13227419469934637,0.08262038929004151,0.7935139485046387,entry_leverage_requires_author_choice,False,2dff41939d5612dda741632bc8870c036fd98bce37a1116da6ceb0fb6e4026db,,,,
inference_diagnostic,3a7461a6c19714a6,dgp2_N50_T50_r2026080803_truth1-1-1,2,50,50,2026080803,fixed_rank,A_fixed_time_mean,success,0.13870667399692194,True,115,9.910404013798343e-09,True,1.4570463732857726,0.07735401564487668,39.5576958675181,511.3851625896566,0.011240641952199064,0.10602189373992082,0.4155981866059549,True,True,0.7654940753198944,,,0.7654940753198944,0.9955453797415286,,,theorem_covered,True,2dff41939d5612dda741632bc8870c036fd98bce37a1116da6ceb0fb6e4026db,,,,
inference_diagnostic,3a7461a6c19714a6,dgp2_N50_T50_r2026080803_truth1-1-1,2,50,50,2026080803,fixed_rank,B_fixed_time_mean,success,0.12398228251125455,True,121,8.321928590188422e-09,True,1.0969222921044102,0.07735401564487668,39.5576958675181,511.3851625896566,0.012085956450932534,0.10993614715339325,0.43094177803949274,True,True,0.8175187929676808,,,0.8175187929676808,0.937239803584523,,,theorem_covered,True,2dff41939d5612dda741632bc8870c036fd98bce37a1116da6ceb0fb6e4026db,,,,
inference_diagnostic,3a7461a6c19714a6,dgp2_N50_T50_r2026080803_truth1-1-1,2,50,50,2026080803,fixed_rank,A_full_mean,success,0.01995140953195047,True,121,7.880244849074398e-09,True,0.41655589980963453,0.07735401564487668,39.5576958675181,511.3851625896566,0.00047432832071684885,0.021779079886828298,0.08537242438920828,True,True,0.5067842621525867,0.5356553839428182,0.5103828353008266,0.47431456721411513,0.999839602217004,,,theorem_covered,True,2dff41939d5612dda741632bc8870c036fd98bce37a1116da6ceb0fb6e4026db,success,success,success,success
inference_diagnostic,3a7461a6c19714a6,dgp2_N50_T50_r2026080803_truth1-1-1,2,50,50,2026080803,fixed_rank,B_full_mean,success,0.019526599907561663,True,123,9.429311048570473e-09,True,0.6119808272379283,0.07735401564487668,39.5576958675181,511.3851625896566,0.0022701484194043407,0.04764607454349561,0.1867691802199242,True,True,0.6264004637920171,0.5810236541394218,0.6461943538998844,0.651983383336745,0.9958217393756686,,,theorem_covered,True,2dff41939d5612dda741632bc8870c036fd98bce37a1116da6ceb0fb6e4026db,success,success,success,success
inference_diagnostic,3a7461a6c19714a6,dgp2_N50_T50_r2026080803_truth1-1-1,2,50,50,2026080803,fixed_rank,A_G1_fixed_time,success,0.14140305907682346,True,116,9.115039928482734e-09,True,1.4752206172109106,0.07735401564487668,39.5576958675181,511.3851625896566,0.012238550149477855,0.11062798086143422,0.4336537163415949,True,True,0.7645483944003537,,,0.7645483944003537,0.7194327668131673,,,theorem_covered,True,2dff41939d5612dda741632bc8870c036fd98bce37a1116da6ceb0fb6e4026db,,,,
inference_diagnostic,3a7461a6c19714a6,dgp2_N50_T50_r2026080803_truth1-1-1,2,50,50,2026080803,fixed_rank,A_G2_fixed_time,success,0.14172487758456617,True,117,8.389418855404256e-09,True,1.495316048662659,0.07735401564487668,39.5576958675181,511.3851625896566,0.010820376434079714,0.10402103842050278,0.4077549778772854,True,True,0.7664397562394352,,,0.7664397562394352,0.7065367899485444,,,theorem_covered,True,2dff41939d5612dda741632bc8870c036fd98bce37a1116da6ceb0fb6e4026db,,,,
inference_diagnostic,3a7461a6c19714a6,dgp2_N50_T50_r2026080803_truth1-1-1,2,50,50,2026080803,fixed_rank,A_G2_minus_G1_fixed_time,success,0.056598290081364445,True,117,8.22729638072882e-09,True,3.2163589692626835,0.07735401564487668,39.5576958675181,511.3851625896566,0.0011552853299080475,0.03398948852083608,0.13323634670755263,True,True,0.0018913618390813628,,,0.0018913618390813628,0.1602096700905969,,,weak_target_stress_outside_assumption9,False,2dff41939d5612dda741632bc8870c036fd98bce37a1116da6ceb0fb6e4026db,,,,
inference_diagnostic,3a7461a6c19714a6,dgp2_N50_T50_r2026080803_truth1-1-1,2,50,50,2026080803,fixed_rank,A_G1_time_average,success,0.027366619594866706,True,120,8.668948671369247e-09,True,0.6031187986600944,0.07735401564487668,39.5576958675181,511.3851625896566,0.000715281721346548,0.02674475128593549,0.10483749859182973,True,True,0.5061581878007495,0.5463741492396375,0.5086631256902374,0.46343728847237364,0.9912578980650165,,,theorem_covered,True,2dff41939d5612dda741632bc8870c036fd98bce37a1116da6ceb0fb6e4026db,success,success,success,success
inference_diagnostic,3a7461a6c19714a6,dgp2_N50_T50_r2026080803_truth1-1-1,2,50,50,2026080803,fixed_rank,A_G2_time_average,success,0.027370868886061824,True,119,8.930668957106832e-09,True,0.5946574733594281,0.07735401564487668,39.5576958675181,511.3851625896566,0.0007745036278343959,0.027829905278933233,0.10909122407974052,True,True,0.5074103365044241,0.5249366186459989,0.5121025449114158,0.48519184595585774,0.9909231312401428,,,theorem_covered,True,2dff41939d5612dda741632bc8870c036fd98bce37a1116da6ceb0fb6e4026db,success,success,success,success
inference_diagnostic,3a7461a6c19714a6,dgp2_N50_T50_r2026080803_truth1-1-1,2,50,50,2026080803,fixed_rank,A_G2_minus_G1_time_average,success,0.037469423454462754,True,116,9.316714756651759e-09,True,3.2109986822004206,0.07735401564487668,39.5576958675181,511.3851625896566,0.0010822574188190958,0.03289768105534334,0.12895654008671717,True,True,0.0012521487036746548,-0.021437530593638558,0.003439419221178408,0.021754557483484115,0.982263529986528,,,theorem_covered,True,2dff41939d5612dda741632bc8870c036fd98bce37a1116da6ceb0fb6e4026db,success,success,success,success
inference_diagnostic,3a7461a6c19714a6,dgp2_N50_T50_r2026080803_truth1-1-1,2,50,50,2026080803,fixed_rank,B_G1_fixed_time,success,0.11158568435831868,True,121,8.746293480780869e-09,True,1.1060270418779328,0.07735401564487668,39.5576958675181,511.3851625896566,0.010044348097911899,0.10022149518896582,0.3928610420942546,True,True,0.7155439590836568,,,0.7155439590836568,0.6420874681247308,,,theorem_covered,True,2dff41939d5612dda741632bc8870c036fd98bce37a1116da6ceb0fb6e4026db,,,,
inference_diagnostic,3a7461a6c19714a6,dgp2_N50_T50_r2026080803_truth1-1-1,2,50,50,2026080803,fixed_rank,B_G2_fixed_time,success,0.1408825381742622,True,121,8.994682664515868e-09,True,1.0530673805970667,0.07735401564487668,39.5576958675181,511.3851625896566,0.017296639617377072,0.13151668950128373,0.5155359495769063,True,True,0.9194936268517047,,,0.9194936268517047,0.6953286745605309,,,theorem_covered,True,2dff41939d5612dda741632bc8870c036fd98bce37a1116da6ceb0fb6e4026db,,,,
inference_diagnostic,3a7461a6c19714a6,dgp2_N50_T50_r2026080803_truth1-1-1,2,50,50,2026080803,fixed_rank,B_G2_minus_G1_fixed_time,success,0.05578605135220983,True,123,8.32220248634104e-09,True,0.7933562709006261,0.07735401564487668,39.5576958675181,511.3851625896566,0.006338149638443844,0.0796124967479594,0.3120752526906252,True,True,0.203949667768048,,,0.203949667768048,0.13168079953347683,,,weak_target_stress_outside_assumption9,False,2dff41939d5612dda741632bc8870c036fd98bce37a1116da6ceb0fb6e4026db,,,,
inference_diagnostic,3a7461a6c19714a6,dgp2_N50_T50_r2026080803_truth1-1-1,2,50,50,2026080803,fixed_rank,B_G1_time_average,success,0.026241665938312453,True,125,6.075571530909774e-09,True,0.6681010914262552,0.07735401564487668,39.5576958675181,511.3851625896566,0.0038996134242051134,0.06244688482386542,0.2447872904029942,True,True,0.548265155112218,0.5140319723740682,0.5769459004819126,0.5538175924806732,0.9796372148299443,,,theorem_covered,True,2dff41939d5612dda741632bc8870c036fd98bce37a1116da6ceb0fb6e4026db,success,success,success,success
inference_diagnostic,3a7461a6c19714a6,dgp2_N50_T50_r2026080803_truth1-1-1,2,50,50,2026080803,fixed_rank,B_G2_time_average,success,0.026805373762852594,True,122,9.240093485880775e-09,True,0.6656925592608084,0.07735401564487668,39.5576958675181,511.3851625896566,0.004497610380249075,0.06706422578580234,0.26288693438247,True,True,0.7045357724718161,0.6480153359047756,0.715442807317856,0.7501491741928166,0.9821267444304683,,,theorem_covered,True,2dff41939d5612dda741632bc8870c036fd98bce37a1116da6ceb0fb6e4026db,success,success,success,success
inference_diagnostic,3a7461a6c19714a6,dgp2_N50_T50_r2026080803_truth1-1-1,2,50,50,2026080803,fixed_rank,B_G2_minus_G1_time_average,success,0.03590478758840497,True,123,7.48278394568811e-09,True,0.7617075266053728,0.07735401564487668,39.5576958675181,511.3851625896566,0.007713853924332822,0.08782854845853268,0.34428158358630984,True,True,0.15627061735959816,0.1339833635307074,0.13849690683594348,0.19633158171214363,0.9657127306772889,,,theorem_covered,True,2dff41939d5612dda741632bc8870c036fd98bce37a1116da6ceb0fb6e4026db,success,success,success,success
inference_diagnostic,3a7461a6c19714a6,dgp3_N100_T100_r2026080801_truth1-1-1,3,100,100,2026080801,fixed_rank,A_entry,success,0.13839444767396916,True,94,8.119296377387453e-09,True,0.5080262192056378,0.20999740282088863,39.56876607672965,188.425025953672,0.008235178622276592,0.09074788494657378,0.3557251723369383,True,True,0.2891816012603676,,,0.2891816012603676,0.12739689812474536,1.2252688446078808,0.4026618102833298,theorem_covered,True,83848105eb0baf3744a9e4b391f2ad6c499b34ba3cb89dbfb2b79925d013b7ab,,,,
inference_diagnostic,3a7461a6c19714a6,dgp3_N100_T100_r2026080801_truth1-1-1,3,100,100,2026080801,fixed_rank,B_entry,success,0.17907790633135845,True,95,9.072420917575396e-09,True,0.6443768295643028,0.20999740282088863,39.56876607672965,188.425025953672,0.21600584442564186,0.46476428910324197,1.8218425358854315,True,True,0.861667975764175,,,0.861667975764175,0.15109090053538837,0.5722162145051755,1.7204746428269933,entry_leverage_requires_author_choice,False,83848105eb0baf3744a9e4b391f2ad6c499b34ba3cb89dbfb2b79925d013b7ab,,,,
inference_diagnostic,3a7461a6c19714a6,dgp3_N100_T100_r2026080801_truth1-1-1,3,100,100,2026080801,fixed_rank,A_fixed_time_mean,success,0.09865435306608902,True,94,9.36283406052676e-09,True,0.48369310488280537,0.20999740282088863,39.56876607672965,188.425025953672,0.003976161949112119,0.06305681524714137,0.24717817372838644,True,True,0.21644911268377684,,,0.21644911268377684,0.9945214390103642,,,theorem_covered,True,83848105eb0baf3744a9e4b391f2ad6c499b34ba3cb89dbfb2b79925d013b7ab,,,,
inference_diagnostic,3a7461a6c19714a6,dgp3_N100_T100_r2026080801_truth1-1-1,3,100,100,2026080801,fixed_rank,B_fixed_time_mean,success,0.09170889933259085,True,95,8.908747953472892e-09,True,1.0171343638478005,0.20999740282088863,39.56876607672965,188.425025953672,0.007172842308374219,0.08469263432184772,0.3319890260532848,True,True,1.2268033590769825,,,1.2268033590769825,0.939537878547873,,,theorem_covered,True,83848105eb0baf3744a9e4b391f2ad6c499b34ba3cb89dbfb2b79925d013b7ab,,,,
inference_diagnostic,3a7461a6c19714a6,dgp3_N100_T100_r2026080801_truth1-1-1,3,100,100,2026080801,fixed_rank,A_full_mean,success,0.009992568708778748,True,97,8.868985075805606e-09,True,0.8772821928571958,0.20999740282088863,39.56876607672965,188.425025953672,0.00011551604202844605,0.010747838946897468,0.042130754495111875,True,True,0.4940564836517852,0.49704518212551274,0.4913919874090317,0.4937322814208111,0.9998562196593577,,,theorem_covered,True,83848105eb0baf3744a9e4b391f2ad6c499b34ba3cb89dbfb2b79925d013b7ab,success,success,success,success
inference_diagnostic,3a7461a6c19714a6,dgp3_N100_T100_r2026080801_truth1-1-1,3,100,100,2026080801,fixed_rank,B_full_mean,success,0.00984802060321613,True,101,6.89235202589097e-09,True,0.713667932006991,0.20999740282088863,39.56876607672965,188.425025953672,0.0005853939425090704,0.024194915633435683,0.09484232650103809,True,True,0.6614075521739535,0.6565525045734579,0.6594259399180586,0.668244212030344,0.9943367995712904,,,theorem_covered,True,83848105eb0baf3744a9e4b391f2ad6c499b34ba3cb89dbfb2b79925d013b7ab,success,success,success,success
inference_diagnostic,3a7461a6c19714a6,dgp3_N100_T100_r2026080801_truth1-1-1,3,100,100,2026080801,fixed_rank,A_G1_fixed_time,success,0.09900376203445273,True,95,6.843309723753405e-09,True,0.4843798666173803,0.20999740282088863,39.56876607672965,188.425025953672,0.004011683563240835,0.06333785253101683,0.24827981963780418,True,True,0.21701580608177315,,,0.21701580608177315,0.7035089280247588,,,theorem_covered,True,83848105eb0baf3744a9e4b391f2ad6c499b34ba3cb89dbfb2b79925d013b7ab,,,,
inference_diagnostic,3a7461a6c19714a6,dgp3_N100_T100_r2026080801_truth1-1-1,3,100,100,2026080801,fixed_rank,A_G2_fixed_time,success,0.09848862261903475,True,94,8.535619060489194e-09,True,0.48403647919868253,0.20999740282088863,39.56876607672965,188.425025953672,0.003959444123565243,0.0629241140069945,0.24665799442560316,True,True,0.2158824192857805,,,0.2158824192857805,0.7058168203577561,,,theorem_covered,True,83848105eb0baf3744a9e4b391f2ad6c499b34ba3cb89dbfb2b79925d013b7ab,,,,
inference_diagnostic,3a7461a6c19714a6,dgp3_N100_T100_r2026080801_truth1-1-1,3,100,100,2026080801,fixed_rank,A_G2_minus_G1_fixed_time,success,0.008531227882561575,True,89,9.45769150072108e-09,True,3.007590814827032,0.20999740282088863,39.56876607672965,188.425025953672,3.760758653059907e-05,0.006132502468862044,0.024038967948145144,True,True,-0.0011333867959926348,,,-0.0011333867959926348,0.06347679150077862,,,weak_target_stress_outside_assumption9,False,83848105eb0baf3744a9e4b391f2ad6c499b34ba3cb89dbfb2b79925d013b7ab,,,,
inference_diagnostic,3a7461a6c19714a6,dgp3_N100_T100_r2026080801_truth1-1-1,3,100,100,2026080801,fixed_rank,A_G1_time_average,success,0.013940301430408147,True,97,7.37447536330598e-09,True,1.3481385681447566,0.20999740282088863,39.56876607672965,188.425025953672,0.00019074944502241466,0.013811207225380939,0.05413893748953202,True,True,0.4953499911374536,0.49934422314319155,0.4871820667204313,0.4995236835487381,0.9933324024323239,,,theorem_covered,True,83848105eb0baf3744a9e4b391f2ad6c499b34ba3cb89dbfb2b79925d013b7ab,success,success,success,success
inference_diagnostic,3a7461a6c19714a6,dgp3_N100_T100_r2026080801_truth1-1-1,3,100,100,2026080801,fixed_rank,A_G2_time_average,success,0.01393827324228868,True,97,7.2076373227641686e-09,True,1.1060657532090536,0.20999740282088863,39.56876607672965,188.425025953672,0.00018477456900059118,0.013593180974319115,0.05328429029000109,True,True,0.4927629761661168,0.49474614110783416,0.49560190809763205,0.4879408792928842,0.993375483453285,,,theorem_covered,True,83848105eb0baf3744a9e4b391f2ad6c499b34ba3cb89dbfb2b79925d013b7ab,success,success,success,success
inference_diagnostic,3a7461a6c19714a6,dgp3_N100_T100_r2026080801_truth1-1-1,3,100,100,2026080801,fixed_rank,A_G2_minus_G1_time_average,success,0.019437314945640594,True,91,9.410242714704979e-09,True,3.11045227026587,0.20999740282088863,39.56876607672965,188.425025953672,0.0002889838604783873,0.016999525301560257,0.06663691469067101,True,True,-0.0025870149713367123,-0.004598082035357362,0.008419841377200796,-0.01158280425585357,0.9868088228509727,,,theorem_covered,True,83848105eb0baf3744a9e4b391f2ad6c499b34ba3cb89dbfb2b79925d013b7ab,success,success,success,success
inference_diagnostic,3a7461a6c19714a6,dgp3_N100_T100_r2026080801_truth1-1-1,3,100,100,2026080801,fixed_rank,B_G1_fixed_time,success,0.09612433704702068,True,95,8.314049394208958e-09,True,1.0220740174332985,0.20999740282088863,39.56876607672965,188.425025953672,0.008271103845075543,0.0909456092677131,0.35650023743353965,True,True,1.2675328338847687,,,1.2675328338847687,0.6814130515844765,,,theorem_covered,True,83848105eb0baf3744a9e4b391f2ad6c499b34ba3cb89dbfb2b79925d013b7ab,,,,
inference_diagnostic,3a7461a6c19714a6,dgp3_N100_T100_r2026080801_truth1-1-1,3,100,100,2026080801,fixed_rank,B_G2_fixed_time,success,0.09033406145089667,True,96,6.7880836555327145e-09,True,0.9993045478818766,0.20999740282088863,39.56876607672965,188.425025953672,0.007920344063902239,0.08899631488945056,0.3488591438802177,True,True,1.186073884269196,,,1.186073884269196,0.6601868365807179,,,theorem_covered,True,83848105eb0baf3744a9e4b391f2ad6c499b34ba3cb89dbfb2b79925d013b7ab,,,,
inference_diagnostic,3a7461a6c19714a6,dgp3_N100_T100_r2026080801_truth1-1-1,3,100,100,2026080801,fixed_rank,B_G2_minus_G1_fixed_time,success,0.03403193786292664,True,97,7.8434705160561e-09,True,0.9129171825579492,0.20999740282088863,39.56876607672965,188.425025953672,0.0036915265785301497,0.060757934284586645,0.2381667259456824,True,True,-0.08145894961557279,,,-0.08145894961557279,0.1320567334060868,,,weak_target_stress_outside_assumption9,False,83848105eb0baf3744a9e4b391f2ad6c499b34ba3cb89dbfb2b79925d013b7ab,,,,
inference_diagnostic,3a7461a6c19714a6,dgp3_N100_T100_r2026080801_truth1-1-1,3,100,100,2026080801,fixed_rank,B_G1_time_average,success,0.013400731329454326,True,100,7.926310304289251e-09,True,0.8199113721264739,0.20999740282088863,39.56876607672965,188.425025953672,0.000962451774852531,0.031023406886615968,0.12160952035099837,True,True,0.6833660690256003,0.676221489448807,0.7046261851090628,0.669250532518931,0.9738624853427065,,,theorem_covered,True,83848105eb0baf3744a9e4b391f2ad6c499b34ba3cb89dbfb2b79925d013b7ab,success,success,success,success
inference_diagnostic,3a7461a6c19714a6,dgp3_N100_T100_r2026080801_truth1-1-1,3,100,100,2026080801,fixed_rank,B_G2_time_average,success,0.013324063306408888,True,100,9.449392652346119e-09,True,0.7537743918420359,0.20999740282088863,39.56876607672965,188.425025953672,0.0012080947512255417,0.03475765744732435,0.13624751356747222,True,True,0.6394490353223069,0.6368835196981089,0.6142256947270542,0.6672378915417577,0.9724533229301909,,,theorem_covered,True,83848105eb0baf3744a9e4b391f2ad6c499b34ba3cb89dbfb2b79925d013b7ab,success,success,success,success
inference_diagnostic,3a7461a6c19714a6,dgp3_N100_T100_r2026080801_truth1-1-1,3,100,100,2026080801,fixed_rank,B_G2_minus_G1_time_average,success,0.018063401869784765,True,97,7.528480976004037e-09,True,0.9095821799591163,0.20999740282088863,39.56876607672965,188.425025953672,0.001999517280119933,0.044715962251973655,0.17528335109584187,True,True,-0.04391703370329328,-0.03933796975069817,-0.09040049038200851,-0.002012640977173158,0.9515082420316547,,,theorem_covered,True,83848105eb0baf3744a9e4b391f2ad6c499b34ba3cb89dbfb2b79925d013b7ab,success,success,success,success
inference_diagnostic,3a7461a6c19714a6,dgp3_N100_T100_r2026080802_truth1-1-1,3,100,100,2026080802,fixed_rank,A_entry,success,0.12304499652495987,True,101,9.171189364389774e-09,True,2.513029371195313,0.25454130854630014,54.17566953071703,212.83645409115462,0.012756833997370596,0.11294615530141164,0.442740793166069,True,True,0.2794778341289942,,,0.2794778341289942,0.14146327879308604,0.6764274646953793,1.333780517734372,theorem_covered,True,a76f1fbf584d2003b12bf487e5372373056e2fcc5d0eaa8b6684a4cd34e94d86,,,,
inference_diagnostic,3a7461a6c19714a6,dgp3_N100_T100_r2026080802_truth1-1-1,3,100,100,2026080802,fixed_rank,B_entry,success,0.05715448772041217,True,106,7.211306138917469e-09,True,1.8345861612093355,0.25454130854630014,54.17566953071703,212.83645409115462,0.005611797607081143,0.07491193234112402,0.29364937880180875,True,True,0.12784098532068622,,,0.12784098532068622,0.06600215924713224,0.30740415752142747,0.128619727396362,entry_leverage_requires_author_choice,False,a76f1fbf584d2003b12bf487e5372373056e2fcc5d0eaa8b6684a4cd34e94d86,,,,
inference_diagnostic,3a7461a6c19714a6,dgp3_N100_T100_r2026080802_truth1-1-1,3,100,100,2026080802,fixed_rank,A_fixed_time_mean,success,0.097948889206158,True,100,9.854054085542435e-09,True,1.6149144610938173,0.25454130854630014,54.17566953071703,212.83645409115462,0.006806423605026585,0.08250105214496713,0.3233981817815931,True,True,0.5564888028483715,,,0.5564888028483715,0.9949206521952402,,,theorem_covered,True,a76f1fbf584d2003b12bf487e5372373056e2fcc5d0eaa8b6684a4cd34e94d86,,,,
inference_diagnostic,3a7461a6c19714a6,dgp3_N100_T100_r2026080802_truth1-1-1,3,100,100,2026080802,fixed_rank,B_fixed_time_mean,success,0.08905297471250091,True,104,9.946852244208917e-09,True,1.688364025715608,0.25454130854630014,54.17566953071703,212.83645409115462,0.017389333787631984,0.13186862321125517,0.5169155043698855,True,True,0.260348610141108,,,0.260348610141108,0.9412047081653456,,,theorem_covered,True,a76f1fbf584d2003b12bf487e5372373056e2fcc5d0eaa8b6684a4cd34e94d86,,,,
inference_diagnostic,3a7461a6c19714a6,dgp3_N100_T100_r2026080802_truth1-1-1,3,100,100,2026080802,fixed_rank,A_full_mean,success,0.009987289213885463,True,112,8.291495404406674e-09,True,0.8469608049561961,0.25454130854630014,54.17566953071703,212.83645409115462,0.00012245441168164247,0.011065912148650128,0.04337757853487699,True,True,0.47732434270644897,0.47089585287328095,0.48053031593675355,0.4805468593093125,0.9998009369000059,,,theorem_covered,True,a76f1fbf584d2003b12bf487e5372373056e2fcc5d0eaa8b6684a4cd34e94d86,success,success,success,success
inference_diagnostic,3a7461a6c19714a6,dgp3_N100_T100_r2026080802_truth1-1-1,3,100,100,2026080802,fixed_rank,B_full_mean,success,0.009839676076136762,True,115,9.147860176275307e-09,True,0.7303569479391898,0.25454130854630014,54.17566953071703,212.83645409115462,0.0005832821601819254,0.02415123516886715,0.09467110222627349,True,True,0.6500768423576136,0.6621129107998212,0.6504980417260022,0.6376195745470175,0.9954819403048166,,,theorem_covered,True,a76f1fbf584d2003b12bf487e5372373056e2fcc5d0eaa8b6684a4cd34e94d86,success,success,success,success
inference_diagnostic,3a7461a6c19714a6,dgp3_N100_T100_r2026080802_truth1-1-1,3,100,100,2026080802,fixed_rank,A_G1_fixed_time,success,0.0997461061598981,True,101,9.730598509935057e-09,True,1.6276827032112653,0.25454130854630014,54.17566953071703,212.83645409115462,0.007028969170818705,0.08383894781555112,0.32864263644042646,True,True,0.5631439641427608,,,0.5631439641427608,0.7044966582323181,,,theorem_covered,True,a76f1fbf584d2003b12bf487e5372373056e2fcc5d0eaa8b6684a4cd34e94d86,,,,
inference_diagnostic,3a7461a6c19714a6,dgp3_N100_T100_r2026080802_truth1-1-1,3,100,100,2026080802,fixed_rank,A_G2_fixed_time,success,0.09744968180120035,True,101,9.545844404892841e-09,True,1.6186404260815632,0.25454130854630014,54.17566953071703,212.83645409115462,0.006701753436593547,0.08186423783675963,0.3209019155637401,True,True,0.5498336415539822,,,0.5498336415539822,0.7119818446865639,,,theorem_covered,True,a76f1fbf584d2003b12bf487e5372373056e2fcc5d0eaa8b6684a4cd34e94d86,,,,
inference_diagnostic,3a7461a6c19714a6,dgp3_N100_T100_r2026080802_truth1-1-1,3,100,100,2026080802,fixed_rank,A_G2_minus_G1_fixed_time,success,0.02270490624408866,True,105,9.530972201786211e-09,True,2.763919038597172,0.25454130854630014,54.17566953071703,212.83645409115462,0.00023575078637479122,0.015354178140649249,0.0601872723357694,True,True,-0.01331032258877867,,,-0.01331032258877867,0.11561394578157659,,,weak_target_stress_outside_assumption9,False,a76f1fbf584d2003b12bf487e5372373056e2fcc5d0eaa8b6684a4cd34e94d86,,,,
inference_diagnostic,3a7461a6c19714a6,dgp3_N100_T100_r2026080802_truth1-1-1,3,100,100,2026080802,fixed_rank,A_G1_time_average,success,0.013918010200313677,True,111,8.05394887811852e-09,True,1.3176701056493065,0.25454130854630014,54.17566953071703,212.83645409115462,0.00018827408982939744,0.013721300588114722,0.053786509947506236,True,True,0.4830327603317275,0.4783887173325234,0.48853485895666726,0.4821747047059918,0.9900565502038985,,,theorem_covered,True,a76f1fbf584d2003b12bf487e5372373056e2fcc5d0eaa8b6684a4cd34e94d86,success,success,success,success
inference_diagnostic,3a7461a6c19714a6,dgp3_N100_T100_r2026080802_truth1-1-1,3,100,100,2026080802,fixed_rank,A_G2_time_average,success,0.013907826967843515,True,110,9.18716316070271e-09,True,1.006396659121868,0.25454130854630014,54.17566953071703,212.83645409115462,0.0001909988168231547,0.01382023215518302,0.05417431456428218,True,True,0.47161592508117056,0.46340298841403826,0.47252577291684017,0.47891901391263314,0.9902668895092186,,,theorem_covered,True,a76f1fbf584d2003b12bf487e5372373056e2fcc5d0eaa8b6684a4cd34e94d86,success,success,success,success
inference_diagnostic,3a7461a6c19714a6,dgp3_N100_T100_r2026080802_truth1-1-1,3,100,100,2026080802,fixed_rank,A_G2_minus_G1_time_average,success,0.019372494275127567,True,105,9.609106833423951e-09,True,2.8050994826672366,0.25454130854630014,54.17566953071703,212.83645409115462,0.0002687281673308113,0.01639293040706302,0.06425910639783008,True,True,-0.011416835250557101,-0.014985728918485146,-0.016009086039827196,-0.0032556907933589604,0.9804277493185211,,,theorem_covered,True,a76f1fbf584d2003b12bf487e5372373056e2fcc5d0eaa8b6684a4cd34e94d86,success,success,success,success
inference_diagnostic,3a7461a6c19714a6,dgp3_N100_T100_r2026080802_truth1-1-1,3,100,100,2026080802,fixed_rank,B_G1_fixed_time,success,0.0836804385329858,True,105,9.421411702606184e-09,True,1.6847030810829737,0.25454130854630014,54.17566953071703,212.83645409115462,0.015359631381841455,0.12393397993222623,0.4858122742557464,True,True,0.244376337814578,,,0.244376337814578,0.6230436459851186,,,theorem_covered,True,a76f1fbf584d2003b12bf487e5372373056e2fcc5d0eaa8b6684a4cd34e94d86,,,,
inference_diagnostic,3a7461a6c19714a6,dgp3_N100_T100_r2026080802_truth1-1-1,3,100,100,2026080802,fixed_rank,B_G2_fixed_time,success,0.0945790569459097,True,104,9.911805482723685e-09,True,1.6864714975613269,0.25454130854630014,54.17566953071703,212.83645409115462,0.01962905773920533,0.14010373920493818,0.5491965658821425,True,True,0.27632088246763803,,,0.27632088246763803,0.7089948570051617,,,theorem_covered,True,a76f1fbf584d2003b12bf487e5372373056e2fcc5d0eaa8b6684a4cd34e94d86,,,,
inference_diagnostic,3a7461a6c19714a6,dgp3_N100_T100_r2026080802_truth1-1-1,3,100,100,2026080802,fixed_rank,B_G2_minus_G1_fixed_time,success,0.01317187879991231,True,108,8.644938700088241e-09,True,1.3380134267922394,0.25454130854630014,54.17566953071703,212.83645409115462,0.0004200430961447077,0.020494952943217695,0.08033873926709972,True,True,0.03194454465306003,,,0.03194454465306003,0.07064551924634835,,,weak_target_stress_outside_assumption9,False,a76f1fbf584d2003b12bf487e5372373056e2fcc5d0eaa8b6684a4cd34e94d86,,,,
inference_diagnostic,3a7461a6c19714a6,dgp3_N100_T100_r2026080802_truth1-1-1,3,100,100,2026080802,fixed_rank,B_G1_time_average,success,0.01341728960480179,True,115,6.61840652794636e-09,True,0.8246622714126415,0.25454130854630014,54.17566953071703,212.83645409115462,0.0010689126498024545,0.032694229610169045,0.12815902507642868,True,True,0.6101949149923056,0.6204864271645145,0.6090728667851787,0.6010254510272236,0.9755363005346946,,,theorem_covered,True,a76f1fbf584d2003b12bf487e5372373056e2fcc5d0eaa8b6684a4cd34e94d86,success,success,success,success
inference_diagnostic,3a7461a6c19714a6,dgp3_N100_T100_r2026080802_truth1-1-1,3,100,100,2026080802,fixed_rank,B_G2_time_average,success,0.01352810315678647,True,115,7.742215516749405e-09,True,0.8145845904621084,0.25454130854630014,54.17566953071703,212.83645409115462,0.0009431894185041446,0.030711389068294268,0.12038643297810779,True,True,0.6899587697229214,0.7037393944351278,0.6919232166668259,0.6742136980668105,0.9801606760627767,,,theorem_covered,True,a76f1fbf584d2003b12bf487e5372373056e2fcc5d0eaa8b6684a4cd34e94d86,success,success,success,success
inference_diagnostic,3a7461a6c19714a6,dgp3_N100_T100_r2026080802_truth1-1-1,3,100,100,2026080802,fixed_rank,B_G2_minus_G1_time_average,success,0.0184062372468238,True,109,9.764140183292e-09,True,0.9986449609367655,0.25454130854630014,54.17566953071703,212.83645409115462,0.0016910754961795243,0.04112268833842851,0.16119797618157033,True,True,0.07976385473061569,0.08325296727061338,0.082850349881647,0.07318824703958668,0.9598967293869264,,,theorem_covered,True,a76f1fbf584d2003b12bf487e5372373056e2fcc5d0eaa8b6684a4cd34e94d86,success,success,success,success
inference_diagnostic,3a7461a6c19714a6,dgp3_N100_T100_r2026080803_truth1-1-1,3,100,100,2026080803,fixed_rank,A_entry,success,0.13231623681315363,True,105,9.10989723631488e-09,True,1.0705012550256459,0.18378521250263094,51.991187329314386,282.8910260044459,0.011606830508650107,0.10773500131642505,0.4223134449091368,True,True,0.4229810030582798,,,0.4229810030582798,0.11977842483257167,0.7326166328544903,0.7072519178692046,theorem_covered,True,c1d3d6b2b3aa9fe1cd0d7209e67d1943514ad3e1ba64bb2af8205f6b77dd53eb,,,,
inference_diagnostic,3a7461a6c19714a6,dgp3_N100_T100_r2026080803_truth1-1-1,3,100,100,2026080803,fixed_rank,B_entry,success,0.12699216372080463,True,111,8.227677606254932e-09,True,1.5916548120154896,0.18378521250263094,51.991187329314386,282.8910260044459,0.04804264754466545,0.21918633065194884,0.8591946279626149,True,True,0.5233610916498667,,,0.5233610916498667,0.18599105769159505,1.3673221834688454,2.120945326604894,entry_leverage_requires_author_choice,False,c1d3d6b2b3aa9fe1cd0d7209e67d1943514ad3e1ba64bb2af8205f6b77dd53eb,,,,
inference_diagnostic,3a7461a6c19714a6,dgp3_N100_T100_r2026080803_truth1-1-1,3,100,100,2026080803,fixed_rank,A_fixed_time_mean,success,0.09835707862738116,True,107,8.13502204555202e-09,True,0.7786244658238003,0.18378521250263094,51.991187329314386,282.8910260044459,0.005574997348050405,0.07466590485657028,0.2926849687839441,True,True,0.3923051161316312,,,0.3923051161316312,0.9941032833593743,,,theorem_covered,True,c1d3d6b2b3aa9fe1cd0d7209e67d1943514ad3e1ba64bb2af8205f6b77dd53eb,,,,
inference_diagnostic,3a7461a6c19714a6,dgp3_N100_T100_r2026080803_truth1-1-1,3,100,100,2026080803,fixed_rank,B_fixed_time_mean,success,0.08873374012318809,True,110,9.105399669512695e-09,True,1.1578688162641395,0.18378521250263094,51.991187329314386,282.8910260044459,0.026564442194741064,0.16298601840262578,0.638893452105458,True,True,0.6593941089064155,,,0.6593941089064155,0.924045817459054,,,theorem_covered,True,c1d3d6b2b3aa9fe1cd0d7209e67d1943514ad3e1ba64bb2af8205f6b77dd53eb,,,,
inference_diagnostic,3a7461a6c19714a6,dgp3_N100_T100_r2026080803_truth1-1-1,3,100,100,2026080803,fixed_rank,A_full_mean,success,0.009989087083807122,True,116,9.201486412744177e-09,True,0.7102724561470605,0.18378521250263094,51.991187329314386,282.8910260044459,0.00013514171136586676,0.011625046725319721,0.045569345800443896,True,True,0.4762148413016651,0.4764659623095957,0.4797540281348912,0.4724245334605083,0.9998217692918603,,,theorem_covered,True,c1d3d6b2b3aa9fe1cd0d7209e67d1943514ad3e1ba64bb2af8205f6b77dd53eb,success,success,success,success
inference_diagnostic,3a7461a6c19714a6,dgp3_N100_T100_r2026080803_truth1-1-1,3,100,100,2026080803,fixed_rank,B_full_mean,success,0.009831318045506951,True,118,9.880301277545312e-09,True,0.746351577889431,0.18378521250263094,51.991187329314386,282.8910260044459,0.0005803918636611045,0.024091323410329796,0.09443625244830614,True,True,0.5715997919070603,0.5689203632545073,0.5550233109705757,0.5908557014960981,0.9926001125458104,,,theorem_covered,True,c1d3d6b2b3aa9fe1cd0d7209e67d1943514ad3e1ba64bb2af8205f6b77dd53eb,success,success,success,success
inference_diagnostic,3a7461a6c19714a6,dgp3_N100_T100_r2026080803_truth1-1-1,3,100,100,2026080803,fixed_rank,A_G1_fixed_time,success,0.09741329633276773,True,106,9.386420280697324e-09,True,0.783227063493093,0.18378521250263094,51.991187329314386,282.8910260044459,0.005463139483111367,0.07391305353664783,0.2897338458384212,True,True,0.38720805542210013,,,0.38720805542210013,0.6907037151160362,,,theorem_covered,True,c1d3d6b2b3aa9fe1cd0d7209e67d1943514ad3e1ba64bb2af8205f6b77dd53eb,,,,
inference_diagnostic,3a7461a6c19714a6,dgp3_N100_T100_r2026080803_truth1-1-1,3,100,100,2026080803,fixed_rank,A_G2_fixed_time,success,0.09994411090083027,True,106,9.248872907129233e-09,True,0.7803720029409811,0.18378521250263094,51.991187329314386,282.8910260044459,0.0057545621760654335,0.07585883057406984,0.29736115166900556,True,True,0.3974021768411623,,,0.3974021768411623,0.7201967987343215,,,theorem_covered,True,c1d3d6b2b3aa9fe1cd0d7209e67d1943514ad3e1ba64bb2af8205f6b77dd53eb,,,,
inference_diagnostic,3a7461a6c19714a6,dgp3_N100_T100_r2026080803_truth1-1-1,3,100,100,2026080803,fixed_rank,A_G2_minus_G1_fixed_time,success,0.016121152188811,True,111,7.967139857609762e-09,True,2.5917189146658206,0.18378521250263094,51.991187329314386,282.8910260044459,0.0001354139226398621,0.011636748800238928,0.045615217091215965,True,True,0.010194121419062209,,,0.010194121419062209,0.08668167624343277,,,weak_target_stress_outside_assumption9,False,c1d3d6b2b3aa9fe1cd0d7209e67d1943514ad3e1ba64bb2af8205f6b77dd53eb,,,,
inference_diagnostic,3a7461a6c19714a6,dgp3_N100_T100_r2026080803_truth1-1-1,3,100,100,2026080803,fixed_rank,A_G1_time_average,success,0.013891163988377852,True,115,9.145613356909815e-09,True,1.0346260018847062,0.18378521250263094,51.991187329314386,282.8910260044459,0.00020630943865352724,0.014363475855569475,0.05630379073945362,True,True,0.47002757568344194,0.46985278297857314,0.4748498377463418,0.4653801063254108,0.9920428149337922,,,theorem_covered,True,c1d3d6b2b3aa9fe1cd0d7209e67d1943514ad3e1ba64bb2af8205f6b77dd53eb,success,success,success,success
inference_diagnostic,3a7461a6c19714a6,dgp3_N100_T100_r2026080803_truth1-1-1,3,100,100,2026080803,fixed_rank,A_G2_time_average,success,0.013903192902496583,True,115,8.930406441930971e-09,True,0.9378606469686344,0.18378521250263094,51.991187329314386,282.8910260044459,0.00021840844376446762,0.014778648238741851,0.05793123657624066,True,True,0.4824021069198885,0.48307914164061805,0.4846582185234405,0.47946896059560695,0.992678340449521,,,theorem_covered,True,c1d3d6b2b3aa9fe1cd0d7209e67d1943514ad3e1ba64bb2af8205f6b77dd53eb,success,success,success,success
inference_diagnostic,3a7461a6c19714a6,dgp3_N100_T100_r2026080803_truth1-1-1,3,100,100,2026080803,fixed_rank,A_G2_minus_G1_time_average,success,0.0193235342678441,True,109,8.839494170249638e-09,True,2.854412723164028,0.18378521250263094,51.991187329314386,282.8910260044459,0.0003088689180192846,0.017574666939071268,0.06889142848173295,True,True,0.01237453123644628,0.013226358662044874,0.009808380777098764,0.014088854270195203,0.9848429640858865,,,theorem_covered,True,c1d3d6b2b3aa9fe1cd0d7209e67d1943514ad3e1ba64bb2af8205f6b77dd53eb,success,success,success,success
inference_diagnostic,3a7461a6c19714a6,dgp3_N100_T100_r2026080803_truth1-1-1,3,100,100,2026080803,fixed_rank,B_G1_fixed_time,success,0.08736732528873015,True,106,9.999309441819365e-09,True,1.154380303517654,0.18378521250263094,51.991187329314386,282.8910260044459,0.026599531034702417,0.16309362659130006,0.6393152684539444,True,True,0.6442241271278784,,,0.6442241271278784,0.681590867937948,,,theorem_covered,True,c1d3d6b2b3aa9fe1cd0d7209e67d1943514ad3e1ba64bb2af8205f6b77dd53eb,,,,
inference_diagnostic,3a7461a6c19714a6,dgp3_N100_T100_r2026080803_truth1-1-1,3,100,100,2026080803,fixed_rank,B_G2_fixed_time,success,0.09136341456896303,True,111,8.765266084442402e-09,True,1.1554342789356253,0.18378521250263094,51.991187329314386,282.8910260044459,0.02723814571058784,0.16503983067910558,0.6469442482912713,True,True,0.6745640906849527,,,0.6745640906849527,0.6413689765253615,,,theorem_covered,True,c1d3d6b2b3aa9fe1cd0d7209e67d1943514ad3e1ba64bb2af8205f6b77dd53eb,,,,
inference_diagnostic,3a7461a6c19714a6,dgp3_N100_T100_r2026080803_truth1-1-1,3,100,100,2026080803,fixed_rank,B_G2_minus_G1_fixed_time,success,0.021585633060349614,True,114,8.667400634913968e-09,True,1.0035048446238812,0.18378521250263094,51.991187329314386,282.8910260044459,0.0014175847390279163,0.0376508265384429,0.1475885280070259,True,True,0.03033996355707435,,,0.03033996355707435,0.14852475397059026,,,weak_target_stress_outside_assumption9,False,c1d3d6b2b3aa9fe1cd0d7209e67d1943514ad3e1ba64bb2af8205f6b77dd53eb,,,,
inference_diagnostic,3a7461a6c19714a6,dgp3_N100_T100_r2026080803_truth1-1-1,3,100,100,2026080803,fixed_rank,B_G1_time_average,success,0.013436666325212251,True,117,8.713037622700396e-09,True,0.8712395280890316,0.18378521250263094,51.991187329314386,282.8910260044459,0.001121277144031221,0.03348547661346962,0.13126065633511744,True,True,0.5584496009806863,0.5603000503622846,0.5433855054406261,0.5716632471391482,0.972613149397596,,,theorem_covered,True,c1d3d6b2b3aa9fe1cd0d7209e67d1943514ad3e1ba64bb2af8205f6b77dd53eb,success,success,success,success
inference_diagnostic,3a7461a6c19714a6,dgp3_N100_T100_r2026080803_truth1-1-1,3,100,100,2026080803,fixed_rank,B_G2_time_average,success,0.013478413746302877,True,118,9.376282593009723e-09,True,0.806649198670005,0.18378521250263094,51.991187329314386,282.8910260044459,0.001107005803117284,0.03327169672735798,0.13042265458032165,True,True,0.5847499828334348,0.5775406761467301,0.5666611165005255,0.6100481558530488,0.9698491705837669,,,theorem_covered,True,c1d3d6b2b3aa9fe1cd0d7209e67d1943514ad3e1ba64bb2af8205f6b77dd53eb,success,success,success,success
inference_diagnostic,3a7461a6c19714a6,dgp3_N100_T100_r2026080803_truth1-1-1,3,100,100,2026080803,fixed_rank,B_G2_minus_G1_time_average,success,0.018379445586186646,True,113,9.615271824416459e-09,True,0.9970303451380739,0.18378521250263094,51.991187329314386,282.8910260044459,0.002134998439837411,0.046206043325926656,0.18112436157382716,True,True,0.026300381852748442,0.017240625784445452,0.023275611059899295,0.03838490871390059,0.9493833623132328,,,theorem_covered,True,c1d3d6b2b3aa9fe1cd0d7209e67d1943514ad3e1ba64bb2af8205f6b77dd53eb,success,success,success,success
inference_diagnostic,3a7461a6c19714a6,dgp3_N50_T50_r2026080801_truth1-1-1,3,50,50,2026080801,fixed_rank,A_entry,success,0.2229378399553412,True,119,8.36287509946025e-09,True,0.5975914018321884,0.15459349624114918,60.04280684126053,388.39154493019697,0.016218304344086405,0.1273511065679698,0.49920716452908626,True,True,0.5085012255749454,,,0.5085012255749454,0.20041014075180455,0.8744812181621306,1.1539114860858475,theorem_covered,True,c130274eb99da15dec738f2cfd07f8e7f9902cb2130532d7383dda423dfb5426,,,,
inference_diagnostic,3a7461a6c19714a6,dgp3_N50_T50_r2026080801_truth1-1-1,3,50,50,2026080801,fixed_rank,B_entry,success,0.1291885254261778,True,122,6.183233731810223e-09,True,1.00256180293314,0.15459349624114918,60.04280684126053,388.39154493019697,0.06877529129411249,0.2622504362133884,1.02800281981632,True,True,0.23150787945669268,,,0.23150787945669268,0.15235797085204536,0.45870854637829656,0.7084383522646576,entry_leverage_requires_author_choice,False,c130274eb99da15dec738f2cfd07f8e7f9902cb2130532d7383dda423dfb5426,,,,
inference_diagnostic,3a7461a6c19714a6,dgp3_N50_T50_r2026080801_truth1-1-1,3,50,50,2026080801,fixed_rank,A_fixed_time_mean,success,0.13595387778966905,True,118,7.779760922080912e-09,True,0.5064793443138733,0.15459349624114918,60.04280684126053,388.39154493019697,0.005849561414003884,0.07648242552380177,0.2998055989538369,True,True,0.3544472471008713,,,0.3544472471008713,0.9947913327528696,,,theorem_covered,True,c130274eb99da15dec738f2cfd07f8e7f9902cb2130532d7383dda423dfb5426,,,,
inference_diagnostic,3a7461a6c19714a6,dgp3_N50_T50_r2026080801_truth1-1-1,3,50,50,2026080801,fixed_rank,B_fixed_time_mean,success,0.1215830328816852,True,121,8.650420981596341e-09,True,1.6013317962502363,0.15459349624114918,60.04280684126053,388.39154493019697,0.012335039428745882,0.11106322266504733,0.4353598328608908,True,True,0.6583909612157829,,,0.6583909612157829,0.9234406093613368,,,theorem_covered,True,c130274eb99da15dec738f2cfd07f8e7f9902cb2130532d7383dda423dfb5426,,,,
inference_diagnostic,3a7461a6c19714a6,dgp3_N50_T50_r2026080801_truth1-1-1,3,50,50,2026080801,fixed_rank,A_full_mean,success,0.019881675087838016,True,124,9.159237369600208e-09,True,0.48833753254187845,0.15459349624114918,60.04280684126053,388.39154493019697,0.0009446182112753503,0.03073464187647792,0.12047758231126654,True,True,0.41818485525660054,0.4003812543712465,0.42759940211195113,0.426573909286604,0.9997895400266712,,,theorem_covered,True,c130274eb99da15dec738f2cfd07f8e7f9902cb2130532d7383dda423dfb5426,success,success,success,success
inference_diagnostic,3a7461a6c19714a6,dgp3_N50_T50_r2026080801_truth1-1-1,3,50,50,2026080801,fixed_rank,B_full_mean,success,0.019048187648508113,True,130,7.000537629898527e-09,True,0.5313836690832329,0.15459349624114918,60.04280684126053,388.39154493019697,0.005458654006100438,0.07388270437727924,0.28961487931977425,True,True,0.614599364745317,0.6206964728897632,0.523614643462727,0.6994869778834606,0.9936440984303433,,,theorem_covered,True,c130274eb99da15dec738f2cfd07f8e7f9902cb2130532d7383dda423dfb5426,success,success,success,success
inference_diagnostic,3a7461a6c19714a6,dgp3_N50_T50_r2026080801_truth1-1-1,3,50,50,2026080801,fixed_rank,A_G1_fixed_time,success,0.14102532173529783,True,118,7.1255819917127665e-09,True,0.5139418170623866,0.15459349624114918,60.04280684126053,388.39154493019697,0.006378477012723984,0.07986536804350171,0.313066489954599,True,True,0.3655582067773253,,,0.3655582067773253,0.7090666819084519,,,theorem_covered,True,c130274eb99da15dec738f2cfd07f8e7f9902cb2130532d7383dda423dfb5426,,,,
inference_diagnostic,3a7461a6c19714a6,dgp3_N50_T50_r2026080801_truth1-1-1,3,50,50,2026080801,fixed_rank,A_G2_fixed_time,success,0.13266879994563846,True,117,9.901844089785906e-09,True,0.5083177069246492,0.15459349624114918,60.04280684126053,388.39154493019697,0.005550641871681511,0.0745026299648644,0.2920449429692977,True,True,0.34333628742441724,,,0.34333628742441724,0.7140908133533144,,,theorem_covered,True,c130274eb99da15dec738f2cfd07f8e7f9902cb2130532d7383dda423dfb5426,,,,
inference_diagnostic,3a7461a6c19714a6,dgp3_N50_T50_r2026080801_truth1-1-1,3,50,50,2026080801,fixed_rank,A_G2_minus_G1_fixed_time,success,0.03231835631536919,True,120,7.8785393561464e-09,True,1.8407110227846841,0.15459349624114918,60.04280684126053,388.39154493019697,0.000459992105874493,0.02144742655598785,0.08407236722160824,True,True,-0.022221919352908025,,,-0.022221919352908025,0.15195872264542404,,,weak_target_stress_outside_assumption9,False,c130274eb99da15dec738f2cfd07f8e7f9902cb2130532d7383dda423dfb5426,,,,
inference_diagnostic,3a7461a6c19714a6,dgp3_N50_T50_r2026080801_truth1-1-1,3,50,50,2026080801,fixed_rank,A_G1_time_average,success,0.027155447838780416,True,123,9.145874738846955e-09,True,0.698441874345215,0.15459349624114918,60.04280684126053,388.39154493019697,0.0015320204975222396,0.03914103342430089,0.15343003165861643,True,True,0.43129381604572903,0.39212558221818694,0.44414460624713026,0.45761125967187,0.9898782482736866,,,theorem_covered,True,c130274eb99da15dec738f2cfd07f8e7f9902cb2130532d7383dda423dfb5426,success,success,success,success
inference_diagnostic,3a7461a6c19714a6,dgp3_N50_T50_r2026080801_truth1-1-1,3,50,50,2026080801,fixed_rank,A_G2_time_average,success,0.027024091652532698,True,123,8.41747985032862e-09,True,0.6102373456145664,0.15459349624114918,60.04280684126053,388.39154493019697,0.0013164665307353882,0.03628314389265887,0.1422273105509916,True,True,0.40507589446747216,0.40863692652430605,0.4110541979767719,0.39553655890133854,0.9900245332780826,,,theorem_covered,True,c130274eb99da15dec738f2cfd07f8e7f9902cb2130532d7383dda423dfb5426,success,success,success,success
inference_diagnostic,3a7461a6c19714a6,dgp3_N50_T50_r2026080801_truth1-1-1,3,50,50,2026080801,fixed_rank,A_G2_minus_G1_time_average,success,0.03680102901747432,True,119,7.206216440597072e-09,True,2.2589451924599278,0.15459349624114918,60.04280684126053,388.39154493019697,0.0019185012291917168,0.0438006989577988,0.17169558490993345,True,True,-0.026217921578256878,0.016511344306119148,-0.033090408270358355,-0.062074700770531434,0.9800144889495935,,,theorem_covered,True,c130274eb99da15dec738f2cfd07f8e7f9902cb2130532d7383dda423dfb5426,success,success,success,success
inference_diagnostic,3a7461a6c19714a6,dgp3_N50_T50_r2026080801_truth1-1-1,3,50,50,2026080801,fixed_rank,B_G1_fixed_time,success,0.12362636005773778,True,121,7.649877591421889e-09,True,1.5751890128537211,0.15459349624114918,60.04280684126053,388.39154493019697,0.014068660755772901,0.11861138543905851,0.4649480872339065,True,True,0.6629901042808154,,,0.6629901042808154,0.6413351021685518,,,theorem_covered,True,c130274eb99da15dec738f2cfd07f8e7f9902cb2130532d7383dda423dfb5426,,,,
inference_diagnostic,3a7461a6c19714a6,dgp3_N50_T50_r2026080801_truth1-1-1,3,50,50,2026080801,fixed_rank,B_G2_fixed_time,success,0.12197850758468035,True,124,9.718075582355884e-09,True,1.3525990417319498,0.15459349624114918,60.04280684126053,388.39154493019697,0.013131323078685846,0.11459198522883635,0.4491923279309302,True,True,0.6537918181507503,,,0.6537918181507503,0.6754268180622182,,,theorem_covered,True,c130274eb99da15dec738f2cfd07f8e7f9902cb2130532d7383dda423dfb5426,,,,
inference_diagnostic,3a7461a6c19714a6,dgp3_N50_T50_r2026080801_truth1-1-1,3,50,50,2026080801,fixed_rank,B_G2_minus_G1_fixed_time,success,0.03456487940940772,True,128,8.491629744613915e-09,True,0.6460565791986261,0.15459349624114918,60.04280684126053,388.39154493019697,0.005059809891457122,0.0711323406859153,0.2788336517608543,True,True,-0.00919828613006514,,,-0.00919828613006514,0.1215299996443776,,,weak_target_stress_outside_assumption9,False,c130274eb99da15dec738f2cfd07f8e7f9902cb2130532d7383dda423dfb5426,,,,
inference_diagnostic,3a7461a6c19714a6,dgp3_N50_T50_r2026080801_truth1-1-1,3,50,50,2026080801,fixed_rank,B_G1_time_average,success,0.024978702247815694,True,126,9.046373754181464e-09,True,0.6301791855580631,0.15459349624114918,60.04280684126053,388.39154493019697,0.009430535295997206,0.09711094323502993,0.38066790249074456,True,True,0.6188926047389558,0.6615728625212005,0.4645765380146963,0.7305284136809707,0.9743426888012765,,,theorem_covered,True,c130274eb99da15dec738f2cfd07f8e7f9902cb2130532d7383dda423dfb5426,success,success,success,success
inference_diagnostic,3a7461a6c19714a6,dgp3_N50_T50_r2026080801_truth1-1-1,3,50,50,2026080801,fixed_rank,B_G2_time_average,success,0.024920926944187436,True,128,7.869507253706215e-09,True,0.5283397633429364,0.15459349624114918,60.04280684126053,388.39154493019697,0.009996520988942905,0.09998260343151155,0.39192460361262693,True,True,0.6103061247516782,0.5798200832583258,0.5826527489107577,0.6684455420859511,0.9763229424956505,,,theorem_covered,True,c130274eb99da15dec738f2cfd07f8e7f9902cb2130532d7383dda423dfb5426,success,success,success,success
inference_diagnostic,3a7461a6c19714a6,dgp3_N50_T50_r2026080801_truth1-1-1,3,50,50,2026080801,fixed_rank,B_G2_minus_G1_time_average,success,0.03222797729790084,True,128,8.786518255365594e-09,True,0.6455973278374717,0.15459349624114918,60.04280684126053,388.39154493019697,0.01701949657852179,0.13045879264550087,0.5113890701035212,True,True,-0.008586479987277601,-0.08175277926287472,0.11807621089606139,-0.062082871595019476,0.9566721324040037,,,theorem_covered,True,c130274eb99da15dec738f2cfd07f8e7f9902cb2130532d7383dda423dfb5426,success,success,success,success
inference_diagnostic,3a7461a6c19714a6,dgp3_N50_T50_r2026080802_truth1-1-1,3,50,50,2026080802,fixed_rank,A_entry,success,0.21395054200942204,True,97,7.458748910608153e-09,True,1.5723128802188562,0.21789195473173972,55.269333908532296,253.65477112992903,0.014450835918442052,0.12021162971377625,0.4712209295237329,True,True,0.5709056849718163,,,0.5709056849718163,0.2030415470454173,1.1402356785770147,0.9425524514339083,theorem_covered,True,1610ea6b183c05332889e561cf20294744f1200028f4ab50120654917d586337,,,,
inference_diagnostic,3a7461a6c19714a6,dgp3_N50_T50_r2026080802_truth1-1-1,3,50,50,2026080802,fixed_rank,B_entry,success,0.19255472126600284,True,99,9.127961766483868e-09,True,0.9113552449375273,0.21789195473173972,55.269333908532296,253.65477112992903,0.05965987387256012,0.24425370800165985,0.9574569415472323,True,True,0.4239916723099778,,,0.4239916723099778,0.13596257306895052,0.5706055293735167,0.3577684272595602,entry_leverage_requires_author_choice,False,1610ea6b183c05332889e561cf20294744f1200028f4ab50120654917d586337,,,,
inference_diagnostic,3a7461a6c19714a6,dgp3_N50_T50_r2026080802_truth1-1-1,3,50,50,2026080802,fixed_rank,A_fixed_time_mean,success,0.1363383387403898,True,96,7.691256047788383e-09,True,1.1055310919528387,0.21789195473173972,55.269333908532296,253.65477112992903,0.0058986697115569215,0.07680279755032965,0.3010614342211344,True,True,0.44003346539074706,,,0.44003346539074706,0.9955742913967243,,,theorem_covered,True,1610ea6b183c05332889e561cf20294744f1200028f4ab50120654917d586337,,,,
inference_diagnostic,3a7461a6c19714a6,dgp3_N50_T50_r2026080802_truth1-1-1,3,50,50,2026080802,fixed_rank,B_fixed_time_mean,success,0.115031315866822,True,105,6.280305391738584e-09,True,0.39625727413272904,0.21789195473173972,55.269333908532296,253.65477112992903,0.11668479446977026,0.3415915608878098,1.3390143135258563,True,True,1.0006332678930996,,,1.0006332678930996,0.9433166062843186,,,theorem_covered,True,1610ea6b183c05332889e561cf20294744f1200028f4ab50120654917d586337,,,,
inference_diagnostic,3a7461a6c19714a6,dgp3_N50_T50_r2026080802_truth1-1-1,3,50,50,2026080802,fixed_rank,A_full_mean,success,0.019907448098550017,True,100,9.404459830587242e-09,True,0.8752202459016886,0.21789195473173972,55.269333908532296,253.65477112992903,0.0008174894415001111,0.028591772269310468,0.11207768780403914,True,True,0.4743979120191967,0.4813865150358284,0.4927632734180709,0.4490439476036906,0.9998122511631791,,,theorem_covered,True,1610ea6b183c05332889e561cf20294744f1200028f4ab50120654917d586337,success,success,success,success
inference_diagnostic,3a7461a6c19714a6,dgp3_N50_T50_r2026080802_truth1-1-1,3,50,50,2026080802,fixed_rank,B_full_mean,success,0.01907403986548507,True,104,9.649595204573502e-09,True,0.5626465673396842,0.21789195473173972,55.269333908532296,253.65477112992903,0.004799972147791376,0.06928183129646168,0.2715797882480897,True,True,0.6531876618658022,0.6111854436370572,0.5740019752505334,0.7743755667098162,0.9930633440608025,,,theorem_covered,True,1610ea6b183c05332889e561cf20294744f1200028f4ab50120654917d586337,success,success,success,success
inference_diagnostic,3a7461a6c19714a6,dgp3_N50_T50_r2026080802_truth1-1-1,3,50,50,2026080802,fixed_rank,A_G1_fixed_time,success,0.1314917374160385,True,96,8.438486661641645e-09,True,1.1166054561456908,0.21789195473173972,55.269333908532296,253.65477112992903,0.005503077102360079,0.07418272778996522,0.2907909494865409,True,True,0.4203710501181981,,,0.4203710501181981,0.7001300933961797,,,theorem_covered,True,1610ea6b183c05332889e561cf20294744f1200028f4ab50120654917d586337,,,,
inference_diagnostic,3a7461a6c19714a6,dgp3_N50_T50_r2026080802_truth1-1-1,3,50,50,2026080802,fixed_rank,A_G2_fixed_time,success,0.1433835911017367,True,96,8.283280336276145e-09,True,1.1115832855047572,0.21789195473173972,55.269333908532296,253.65477112992903,0.006566266647185779,0.08103250364628863,0.31764157744767263,True,True,0.45969588066329603,,,0.45969588066329603,0.7211565013385651,,,theorem_covered,True,1610ea6b183c05332889e561cf20294744f1200028f4ab50120654917d586337,,,,
inference_diagnostic,3a7461a6c19714a6,dgp3_N50_T50_r2026080802_truth1-1-1,3,50,50,2026080802,fixed_rank,A_G2_minus_G1_fixed_time,success,0.03667822201088545,True,100,6.324198669112464e-09,True,2.2669752620873633,0.21789195473173972,55.269333908532296,253.65477112992903,0.0005440086455048026,0.02332399291512503,0.09142837217862489,True,True,0.03932483054509801,,,0.03932483054509801,0.13813282525067308,,,weak_target_stress_outside_assumption9,False,1610ea6b183c05332889e561cf20294744f1200028f4ab50120654917d586337,,,,
inference_diagnostic,3a7461a6c19714a6,dgp3_N50_T50_r2026080802_truth1-1-1,3,50,50,2026080802,fixed_rank,A_G1_time_average,success,0.02721377175847902,True,100,9.554816688049204e-09,True,1.1614754952344974,0.21789195473173972,55.269333908532296,253.65477112992903,0.001196651562012703,0.03459265184996234,0.13560070351131812,True,True,0.4531999589447218,0.4441075765145063,0.460621187308656,0.45487111301100325,0.989103843153714,,,theorem_covered,True,1610ea6b183c05332889e561cf20294744f1200028f4ab50120654917d586337,success,success,success,success
inference_diagnostic,3a7461a6c19714a6,dgp3_N50_T50_r2026080802_truth1-1-1,3,50,50,2026080802,fixed_rank,A_G2_time_average,success,0.027370434884469653,True,100,7.389011694361833e-09,True,1.1557122593694322,0.21789195473173972,55.269333908532296,253.65477112992903,0.0012045091217803398,0.03470603869329284,0.13604517176981507,True,True,0.4955958650936715,0.5186654535571505,0.524905359527486,0.44321678219637783,0.9897458648405426,,,theorem_covered,True,1610ea6b183c05332889e561cf20294744f1200028f4ab50120654917d586337,success,success,success,success
inference_diagnostic,3a7461a6c19714a6,dgp3_N50_T50_r2026080802_truth1-1-1,3,50,50,2026080802,fixed_rank,A_G2_minus_G1_time_average,success,0.037339445617059146,True,98,9.904229410531348e-09,True,2.787217970621556,0.21789195473173972,55.269333908532296,253.65477112992903,0.0015323635942809547,0.039145416005976416,0.15344721106310308,True,True,0.0423959061489497,0.07455787704264424,0.06428417221882995,-0.011654330814625108,0.9789273476282212,,,theorem_covered,True,1610ea6b183c05332889e561cf20294744f1200028f4ab50120654917d586337,success,success,success,success
inference_diagnostic,3a7461a6c19714a6,dgp3_N50_T50_r2026080802_truth1-1-1,3,50,50,2026080802,fixed_rank,B_G1_fixed_time,success,0.11328139331503365,True,104,8.200658071111199e-09,True,0.39811581218069936,0.21789195473173972,55.269333908532296,253.65477112992903,0.11154620026422701,0.33398532941467207,1.3091984340350065,True,True,0.9558873734884098,,,0.9558873734884098,0.6842748368086674,,,theorem_covered,True,1610ea6b183c05332889e561cf20294744f1200028f4ab50120654917d586337,,,,
inference_diagnostic,3a7461a6c19714a6,dgp3_N50_T50_r2026080802_truth1-1-1,3,50,50,2026080802,fixed_rank,B_G2_fixed_time,success,0.12278001997564783,True,104,9.137555597685277e-09,True,0.4005114214857537,0.21789195473173972,55.269333908532296,253.65477112992903,0.12808583404543153,0.35789081302183706,1.4029062078411185,True,True,1.045379162297789,,,1.045379162297789,0.6551343427736182,,,theorem_covered,True,1610ea6b183c05332889e561cf20294744f1200028f4ab50120654917d586337,,,,
inference_diagnostic,3a7461a6c19714a6,dgp3_N50_T50_r2026080802_truth1-1-1,3,50,50,2026080802,fixed_rank,B_G2_minus_G1_fixed_time,success,0.05372522901785881,True,104,7.697596231045343e-09,True,0.6087689034978763,0.21789195473173972,55.269333908532296,253.65477112992903,0.01252489070155188,0.11191465811747753,0.4386973985047383,True,True,0.08949178880937936,,,0.08949178880937936,0.08710246655051779,,,weak_target_stress_outside_assumption9,False,1610ea6b183c05332889e561cf20294744f1200028f4ab50120654917d586337,,,,
inference_diagnostic,3a7461a6c19714a6,dgp3_N50_T50_r2026080802_truth1-1-1,3,50,50,2026080802,fixed_rank,B_G1_time_average,success,0.025588317943015963,True,104,8.044360309222456e-09,True,0.5408763131137123,0.21789195473173972,55.269333908532296,253.65477112992903,0.00846408458924762,0.09200045972302323,0.36063517523650673,True,True,0.6239786928237937,0.6047952967217323,0.6058898405819064,0.6612509411677425,0.9660532080162703,,,theorem_covered,True,1610ea6b183c05332889e561cf20294744f1200028f4ab50120654917d586337,success,success,success,success
inference_diagnostic,3a7461a6c19714a6,dgp3_N50_T50_r2026080802_truth1-1-1,3,50,50,2026080802,fixed_rank,B_G2_time_average,success,0.025821488213384182,True,105,6.640572930559734e-09,True,0.6554307338648417,0.21789195473173972,55.269333908532296,253.65477112992903,0.010394606714116114,0.1019539440831796,0.39965211696968517,True,True,0.6823966309078108,0.6175755905523819,0.5421141099191604,0.8875001922518901,0.9635144458322578,,,theorem_covered,True,1610ea6b183c05332889e561cf20294744f1200028f4ab50120654917d586337,success,success,success,success
inference_diagnostic,3a7461a6c19714a6,dgp3_N50_T50_r2026080802_truth1-1-1,3,50,50,2026080802,fixed_rank,B_G2_minus_G1_time_average,success,0.034463699021625153,True,104,7.159189449142306e-09,True,0.6328693433152839,0.21789195473173972,55.269333908532296,253.65477112992903,0.018517493952457068,0.13607899893979625,0.5334198739485296,True,True,0.058417938084016914,0.012780293830649686,-0.0637757306627461,0.22624925108414717,0.9356516887863525,,,theorem_covered,True,1610ea6b183c05332889e561cf20294744f1200028f4ab50120654917d586337,success,success,success,success
inference_diagnostic,3a7461a6c19714a6,dgp3_N50_T50_r2026080803_truth1-1-1,3,50,50,2026080803,fixed_rank,A_entry,success,0.14888323578620585,True,92,8.165741465292592e-09,True,0.35015826664850436,0.24884212464403088,47.44397546223748,190.65893899638647,0.03633076813082094,0.19060631713251514,0.747163033611099,True,True,0.19111512593961227,,,0.19111512593961227,0.17653137720489903,1.171228612905586,0.3962190046927949,theorem_covered,True,56b0996f0bf529b119f4e6c1fc9bd1f8d1960b5ae5d5911463c453f7f0ecef75,,,,
inference_diagnostic,3a7461a6c19714a6,dgp3_N50_T50_r2026080803_truth1-1-1,3,50,50,2026080803,fixed_rank,B_entry,success,0.26435975245373033,True,96,9.183441052901152e-09,True,0.4237985735053626,0.24884212464403088,47.44397546223748,190.65893899638647,0.7880520849922124,0.8877229776187008,3.47981012876262,True,True,1.3093697344407016,,,1.3093697344407016,0.2232249974651818,1.230072361254867,1.2932125127960414,entry_leverage_requires_author_choice,False,56b0996f0bf529b119f4e6c1fc9bd1f8d1960b5ae5d5911463c453f7f0ecef75,,,,
inference_diagnostic,3a7461a6c19714a6,dgp3_N50_T50_r2026080803_truth1-1-1,3,50,50,2026080803,fixed_rank,A_fixed_time_mean,success,0.13883629150209376,True,92,6.5645929503403076e-09,True,0.3413546914424381,0.24884212464403088,47.44397546223748,190.65893899638647,0.03544183742379787,0.18826002609103684,0.7379657417340062,True,True,0.18976947570621666,,,0.18976947570621666,0.9937148969292802,,,theorem_covered,True,56b0996f0bf529b119f4e6c1fc9bd1f8d1960b5ae5d5911463c453f7f0ecef75,,,,
inference_diagnostic,3a7461a6c19714a6,dgp3_N50_T50_r2026080803_truth1-1-1,3,50,50,2026080803,fixed_rank,B_fixed_time_mean,success,0.11653559272655836,True,95,9.392952842489525e-09,True,0.4140833659396871,0.24884212464403088,47.44397546223748,190.65893899638647,0.15979570462669596,0.39974454921449015,1.5669698389531996,True,True,0.6282875397285173,,,0.6282875397285173,0.940489296275167,,,theorem_covered,True,56b0996f0bf529b119f4e6c1fc9bd1f8d1960b5ae5d5911463c453f7f0ecef75,,,,
inference_diagnostic,3a7461a6c19714a6,dgp3_N50_T50_r2026080803_truth1-1-1,3,50,50,2026080803,fixed_rank,A_full_mean,success,0.019956213725466812,True,98,8.725325326336031e-09,True,0.8793445218468955,0.24884212464403088,47.44397546223748,190.65893899638647,0.0007481569443140786,0.027352457738091446,0.10721966411062629,True,True,0.48705644140304133,0.47981122742987886,0.5055384918203335,0.4758196049589115,0.9997349366590026,,,theorem_covered,True,56b0996f0bf529b119f4e6c1fc9bd1f8d1960b5ae5d5911463c453f7f0ecef75,success,success,success,success
inference_diagnostic,3a7461a6c19714a6,dgp3_N50_T50_r2026080803_truth1-1-1,3,50,50,2026080803,fixed_rank,B_full_mean,success,0.01907464859386284,True,102,7.588737567269408e-09,True,0.5781039877365454,0.24884212464403088,47.44397546223748,190.65893899638647,0.005079432752245099,0.0712701392747699,0.2793738123034052,True,True,0.6907972732434587,0.683569515008307,0.6316365535693456,0.7571857511527236,0.9951298535519726,,,theorem_covered,True,56b0996f0bf529b119f4e6c1fc9bd1f8d1960b5ae5d5911463c453f7f0ecef75,success,success,success,success
inference_diagnostic,3a7461a6c19714a6,dgp3_N50_T50_r2026080803_truth1-1-1,3,50,50,2026080803,fixed_rank,A_G1_fixed_time,success,0.13818785448953358,True,91,8.921063060508144e-09,True,0.3417616127432765,0.24884212464403088,47.44397546223748,190.65893899638647,0.03502760423094331,0.1871566302083453,0.7336405093524758,True,True,0.1886156113713532,,,0.1886156113713532,0.6987575994003257,,,theorem_covered,True,56b0996f0bf529b119f4e6c1fc9bd1f8d1960b5ae5d5911463c453f7f0ecef75,,,,
inference_diagnostic,3a7461a6c19714a6,dgp3_N50_T50_r2026080803_truth1-1-1,3,50,50,2026080803,fixed_rank,A_G2_fixed_time,success,0.1398691940095668,True,92,7.275526690188676e-09,True,0.3417582364549007,0.24884212464403088,47.44397546223748,190.65893899638647,0.035911751465824523,0.18950396160984215,0.7428418793659033,True,True,0.1909233400410802,,,0.1909233400410802,0.7121960763643077,,,theorem_covered,True,56b0996f0bf529b119f4e6c1fc9bd1f8d1960b5ae5d5911463c453f7f0ecef75,,,,
inference_diagnostic,3a7461a6c19714a6,dgp3_N50_T50_r2026080803_truth1-1-1,3,50,50,2026080803,fixed_rank,A_G2_minus_G1_fixed_time,success,0.014713455419965526,True,94,6.467651547920636e-09,True,2.4844418141832336,0.24884212464403088,47.44397546223748,190.65893899638647,0.00011136165118202584,0.010552803001194794,0.04136622763657598,True,True,0.0023077286697270284,,,0.0023077286697270284,0.08953288518332209,,,weak_target_stress_outside_assumption9,False,56b0996f0bf529b119f4e6c1fc9bd1f8d1960b5ae5d5911463c453f7f0ecef75,,,,
inference_diagnostic,3a7461a6c19714a6,dgp3_N50_T50_r2026080803_truth1-1-1,3,50,50,2026080803,fixed_rank,A_G1_time_average,success,0.027377350374205463,True,97,8.730728772601538e-09,True,1.1687022100701385,0.24884212464403088,47.44397546223748,190.65893899638647,0.0010768901214779272,0.03281600404494623,0.12863637208923068,True,True,0.48409496904449106,0.4598340883942433,0.5079056529566686,0.48454516578256124,0.9891173729612581,,,theorem_covered,True,56b0996f0bf529b119f4e6c1fc9bd1f8d1960b5ae5d5911463c453f7f0ecef75,success,success,success,success
inference_diagnostic,3a7461a6c19714a6,dgp3_N50_T50_r2026080803_truth1-1-1,3,50,50,2026080803,fixed_rank,A_G2_time_average,success,0.027397961318981496,True,99,6.622309730430346e-09,True,1.1969507768447354,0.24884212464403088,47.44397546223748,190.65893899638647,0.001242209659501322,0.03524499481488573,0.13815784094495395,True,True,0.4900179137615913,0.4997883664655144,0.5031713306839984,0.46709404413526123,0.9895227345954659,,,theorem_covered,True,56b0996f0bf529b119f4e6c1fc9bd1f8d1960b5ae5d5911463c453f7f0ecef75,success,success,success,success
inference_diagnostic,3a7461a6c19714a6,dgp3_N50_T50_r2026080803_truth1-1-1,3,50,50,2026080803,fixed_rank,A_G2_minus_G1_time_average,success,0.03751444163080119,True,94,7.812182877379326e-09,True,3.1634300179686115,0.24884212464403088,47.44397546223748,190.65893899638647,0.0016455717571782565,0.04056564750103536,0.1590144162231531,True,True,0.0059229447171002545,0.039954278071271145,-0.004734322272670195,-0.017451121647300186,0.9787943993497801,,,theorem_covered,True,56b0996f0bf529b119f4e6c1fc9bd1f8d1960b5ae5d5911463c453f7f0ecef75,success,success,success,success
inference_diagnostic,3a7461a6c19714a6,dgp3_N50_T50_r2026080803_truth1-1-1,3,50,50,2026080803,fixed_rank,B_G1_fixed_time,success,0.12609359834115397,True,97,7.754339721853879e-09,True,0.4168480360645345,0.24884212464403088,47.44397546223748,190.65893899638647,0.18555612723412854,0.4307622630107337,1.6885570428000167,True,True,0.6754952447812212,,,0.6754952447812212,0.7323544791797504,,,theorem_covered,True,56b0996f0bf529b119f4e6c1fc9bd1f8d1960b5ae5d5911463c453f7f0ecef75,,,,
inference_diagnostic,3a7461a6c19714a6,dgp3_N50_T50_r2026080803_truth1-1-1,3,50,50,2026080803,fixed_rank,B_G2_fixed_time,success,0.10904017050262484,True,97,6.105074932784388e-09,True,0.4154037249937716,0.24884212464403088,47.44397546223748,190.65893899638647,0.13775656853024754,0.3711557200559457,1.4549036879313684,True,True,0.5810798346758135,,,0.5810798346758135,0.617301913264845,,,theorem_covered,True,56b0996f0bf529b119f4e6c1fc9bd1f8d1960b5ae5d5911463c453f7f0ecef75,,,,
inference_diagnostic,3a7461a6c19714a6,dgp3_N50_T50_r2026080803_truth1-1-1,3,50,50,2026080803,fixed_rank,B_G2_minus_G1_fixed_time,success,0.035447583319633824,True,101,9.975141562915151e-09,True,0.5893049500026616,0.24884212464403088,47.44397546223748,190.65893899638647,0.007442572967363817,0.08627034813517225,0.3381735505573396,True,True,-0.09441541010540781,,,-0.09441541010540781,0.18134116710477566,,,weak_target_stress_outside_assumption9,False,56b0996f0bf529b119f4e6c1fc9bd1f8d1960b5ae5d5911463c453f7f0ecef75,,,,
inference_diagnostic,3a7461a6c19714a6,dgp3_N50_T50_r2026080803_truth1-1-1,3,50,50,2026080803,fixed_rank,B_G1_time_average,success,0.025773120330359636,True,102,8.964140044006766e-09,True,0.5690278266763837,0.24884212464403088,47.44397546223748,190.65893899638647,0.010074338323742198,0.10037100340109288,0.39344710351657863,True,True,0.7427017785286987,0.7899952179995546,0.6436205392543821,0.7944895783321593,0.9802997076912904,,,theorem_covered,True,56b0996f0bf529b119f4e6c1fc9bd1f8d1960b5ae5d5911463c453f7f0ecef75,success,success,success,success
inference_diagnostic,3a7461a6c19714a6,dgp3_N50_T50_r2026080803_truth1-1-1,3,50,50,2026080803,fixed_rank,B_G2_time_average,success,0.025331170577757293,True,101,9.28233254419966e-09,True,0.7144423855858409,0.24884212464403088,47.44397546223748,190.65893899638647,0.00839261614436587,0.09161122280793915,0.3591093945664702,True,True,0.6388927679582188,0.5771438120170591,0.6196525678843087,0.7198819239732887,0.9736128628144167,,,theorem_covered,True,56b0996f0bf529b119f4e6c1fc9bd1f8d1960b5ae5d5911463c453f7f0ecef75,success,success,success,success
inference_diagnostic,3a7461a6c19714a6,dgp3_N50_T50_r2026080803_truth1-1-1,3,50,50,2026080803,fixed_rank,B_G2_minus_G1_time_average,success,0.0340069844721324,True,103,6.164419596274736e-09,True,0.7025467330062125,0.24884212464403088,47.44397546223748,190.65893899638647,0.016616177923987594,0.1289037544991906,0.505293432580813,True,True,-0.10380901057048,-0.2128514059824955,-0.02396797137007349,-0.07460765435887105,0.958449841205553,,,theorem_covered,True,56b0996f0bf529b119f4e6c1fc9bd1f8d1960b5ae5d5911463c453f7f0ecef75,success,success,success,success
inference_diagnostic,3a7461a6c19714a6,dgp4_N100_T100_r2026080801_truth1-1-1,4,100,100,2026080801,fixed_rank,A_entry,success,0.10736558212891789,True,87,9.484629980077659e-09,True,1.2212507250442253,0.1549735087705066,29.478525631012428,190.2165464593427,0.006257925162626374,0.07910704875437065,0.31009393296364124,True,True,0.2789457954592508,,,0.2789457954592508,0.11993871397448319,0.8609580073082781,0.5825873359958298,theorem_covered,True,01d069d83b4264e7101b3cebd481b013d91c9e98496bcbe56511e84038346dbe,,,,
inference_diagnostic,3a7461a6c19714a6,dgp4_N100_T100_r2026080801_truth1-1-1,4,100,100,2026080801,fixed_rank,B_entry,success,0.1752818767213019,True,90,7.515802346573963e-09,True,0.953306106259574,0.1549735087705066,29.478525631012428,190.2165464593427,0.03718019126389385,0.19282165662573758,0.7558470048515895,True,True,0.7826329762120889,,,0.7826329762120889,0.1337029376736676,1.4572843733390841,0.3352487079505648,entry_leverage_requires_author_choice,False,01d069d83b4264e7101b3cebd481b013d91c9e98496bcbe56511e84038346dbe,,,,
inference_diagnostic,3a7461a6c19714a6,dgp4_N100_T100_r2026080801_truth1-1-1,4,100,100,2026080801,fixed_rank,A_fixed_time_mean,success,0.09781869224153497,True,86,8.347761376621402e-09,True,0.9315848768532479,0.1549735087705066,29.478525631012428,190.2165464593427,0.008825575315784462,0.09394453318732528,0.3682558031831708,True,True,0.3910499513914,,,0.3910499513914,0.9918548320803354,,,theorem_covered,True,01d069d83b4264e7101b3cebd481b013d91c9e98496bcbe56511e84038346dbe,,,,
inference_diagnostic,3a7461a6c19714a6,dgp4_N100_T100_r2026080801_truth1-1-1,4,100,100,2026080801,fixed_rank,B_fixed_time_mean,success,0.09002652765234428,True,88,8.493904609416082e-09,True,0.9169300512729219,0.1549735087705066,29.478525631012428,190.2165464593427,0.00894893931182333,0.09459883356481374,0.3708206135330675,True,True,0.4430612947825603,,,0.4430612947825603,0.9480475493744321,,,theorem_covered,True,01d069d83b4264e7101b3cebd481b013d91c9e98496bcbe56511e84038346dbe,,,,
inference_diagnostic,3a7461a6c19714a6,dgp4_N100_T100_r2026080801_truth1-1-1,4,100,100,2026080801,fixed_rank,A_full_mean,success,0.009980346205405473,True,93,9.9031821875191e-09,True,0.7975276877349015,0.1549735087705066,29.478525631012428,190.2165464593427,0.00014671815456189247,0.012112726966372703,0.04748101721731521,True,True,0.45588904205587977,0.45674368023076484,0.4568989076853132,0.45402453825156136,0.9996886275382462,,,theorem_covered,True,01d069d83b4264e7101b3cebd481b013d91c9e98496bcbe56511e84038346dbe,success,success,success,success
inference_diagnostic,3a7461a6c19714a6,dgp4_N100_T100_r2026080801_truth1-1-1,4,100,100,2026080801,fixed_rank,B_full_mean,success,0.009818610980514479,True,95,9.035689897629356e-09,True,0.6641598685243871,0.1549735087705066,29.478525631012428,190.2165464593427,0.0005344746879718503,0.023118708613844553,0.09062367250442248,True,True,0.5328432287613687,0.5297072284094158,0.5229573557038748,0.5458651021708155,0.9945545882030348,,,theorem_covered,True,01d069d83b4264e7101b3cebd481b013d91c9e98496bcbe56511e84038346dbe,success,success,success,success
inference_diagnostic,3a7461a6c19714a6,dgp4_N100_T100_r2026080801_truth1-1-1,4,100,100,2026080801,fixed_rank,A_G1_fixed_time,success,0.08575583683969568,True,86,9.182471581116458e-09,True,0.9349443846404167,0.1549735087705066,29.478525631012428,190.2165464593427,0.006786381343294568,0.08237949589123843,0.32292169002278537,True,True,0.3408862450332642,,,0.3408862450332642,0.6335261449805372,,,theorem_covered,True,01d069d83b4264e7101b3cebd481b013d91c9e98496bcbe56511e84038346dbe,,,,
inference_diagnostic,3a7461a6c19714a6,dgp4_N100_T100_r2026080801_truth1-1-1,4,100,100,2026080801,fixed_rank,A_G2_fixed_time,success,0.11058703138329694,True,86,7.544606712089367e-09,True,0.9348211454600427,0.1549735087705066,29.478525631012428,190.2165464593427,0.011229026562624093,0.10596710132217495,0.41538340427513926,True,True,0.4412136577495357,,,0.4412136577495357,0.773399303726255,,,theorem_covered,True,01d069d83b4264e7101b3cebd481b013d91c9e98496bcbe56511e84038346dbe,,,,
inference_diagnostic,3a7461a6c19714a6,dgp4_N100_T100_r2026080801_truth1-1-1,4,100,100,2026080801,fixed_rank,A_G2_minus_G1_fixed_time,success,0.029885178887151944,True,88,7.53356004236221e-09,True,1.1175618076726241,0.1549735087705066,29.478525631012428,190.2165464593427,0.0007285145518094161,0.02699100872159868,0.1058028100014798,True,True,0.10032741271627153,,,0.10032741271627153,0.1254027569754615,,,theorem_covered,True,01d069d83b4264e7101b3cebd481b013d91c9e98496bcbe56511e84038346dbe,,,,
inference_diagnostic,3a7461a6c19714a6,dgp4_N100_T100_r2026080801_truth1-1-1,4,100,100,2026080801,fixed_rank,A_G1_time_average,success,0.013729223148220608,True,92,9.457493792087405e-09,True,1.0823268376065296,0.1549735087705066,29.478525631012428,190.2165464593427,0.00028482837629771547,0.0168768591952921,0.06615607238985231,True,True,0.39740780722587354,0.39964530799088915,0.3994705258368566,0.3931075878498749,0.9884457919883007,,,theorem_covered,True,01d069d83b4264e7101b3cebd481b013d91c9e98496bcbe56511e84038346dbe,success,success,success,success
inference_diagnostic,3a7461a6c19714a6,dgp4_N100_T100_r2026080801_truth1-1-1,4,100,100,2026080801,fixed_rank,A_G2_time_average,success,0.013889868624972443,True,92,8.61932102938548e-09,True,1.0818361859946675,0.1549735087705066,29.478525631012428,190.2165464593427,0.00018674506481112954,0.01366546979840538,0.053567657273388754,True,True,0.5143702768858858,0.5138420524706406,0.5143272895337698,0.5149414886532468,0.9922588253520847,,,theorem_covered,True,01d069d83b4264e7101b3cebd481b013d91c9e98496bcbe56511e84038346dbe,success,success,success,success
inference_diagnostic,3a7461a6c19714a6,dgp4_N100_T100_r2026080801_truth1-1-1,4,100,100,2026080801,fixed_rank,A_G2_minus_G1_time_average,success,0.019089546768487075,True,89,9.781730057871463e-09,True,2.6619206103711774,0.1549735087705066,29.478525631012428,190.2165464593427,0.00035627426554492157,0.018875228887219396,0.07398953763780011,True,True,0.11696246966001232,0.11419674447975155,0.1148567636969132,0.12183390080337222,0.9809308376023144,,,theorem_covered,True,01d069d83b4264e7101b3cebd481b013d91c9e98496bcbe56511e84038346dbe,success,success,success,success
inference_diagnostic,3a7461a6c19714a6,dgp4_N100_T100_r2026080801_truth1-1-1,4,100,100,2026080801,fixed_rank,B_G1_fixed_time,success,0.0766691920176801,True,88,9.198245834909832e-09,True,0.9171941652687715,0.1549735087705066,29.478525631012428,190.2165464593427,0.006610486122354447,0.08130489605401663,0.31870933606529067,True,True,0.37500551110900654,,,0.37500551110900654,0.5392772336998293,,,theorem_covered,True,01d069d83b4264e7101b3cebd481b013d91c9e98496bcbe56511e84038346dbe,,,,
inference_diagnostic,3a7461a6c19714a6,dgp4_N100_T100_r2026080801_truth1-1-1,4,100,100,2026080801,fixed_rank,B_G2_fixed_time,success,0.10403550347648667,True,88,9.968888656580984e-09,True,0.916621969655176,0.1549735087705066,29.478525631012428,190.2165464593427,0.011975590190778504,0.1094330397584683,0.42896963329067533,True,True,0.5111170784561141,,,0.5111170784561141,0.8041661431755094,,,theorem_covered,True,01d069d83b4264e7101b3cebd481b013d91c9e98496bcbe56511e84038346dbe,,,,
inference_diagnostic,3a7461a6c19714a6,dgp4_N100_T100_r2026080801_truth1-1-1,4,100,100,2026080801,fixed_rank,B_G2_minus_G1_fixed_time,success,0.03136876235918003,True,90,9.037529478296257e-09,True,0.9133170260542784,0.1549735087705066,29.478525631012428,190.2165464593427,0.001376395373919733,0.037099802882491616,0.1454285549664377,True,True,0.13611156734710753,,,0.13611156734710753,0.19674593958160358,,,theorem_covered,True,01d069d83b4264e7101b3cebd481b013d91c9e98496bcbe56511e84038346dbe,,,,
inference_diagnostic,3a7461a6c19714a6,dgp4_N100_T100_r2026080801_truth1-1-1,4,100,100,2026080801,fixed_rank,B_G1_time_average,success,0.01316106292309781,True,94,8.610085978927063e-09,True,0.7553111907119805,0.1549735087705066,29.478525631012428,190.2165464593427,0.0009059109499460742,0.030098354605294857,0.11798338204058638,True,True,0.4509966221280849,0.44801066916433774,0.4310558476001668,0.47392334961975,0.9611932573137539,,,theorem_covered,True,01d069d83b4264e7101b3cebd481b013d91c9e98496bcbe56511e84038346dbe,success,success,success,success
inference_diagnostic,3a7461a6c19714a6,dgp4_N100_T100_r2026080801_truth1-1-1,4,100,100,2026080801,fixed_rank,B_G2_time_average,success,0.013512724247239663,True,96,8.007480593854014e-09,True,0.7374516584393681,0.1549735087705066,29.478525631012428,190.2165464593427,0.0009512124751149834,0.030841732686653377,0.12089737057330475,True,True,0.6146898353946526,0.6114037876544939,0.6148588638075825,0.6178068547218813,0.9808582352891959,,,theorem_covered,True,01d069d83b4264e7101b3cebd481b013d91c9e98496bcbe56511e84038346dbe,success,success,success,success
inference_diagnostic,3a7461a6c19714a6,dgp4_N100_T100_r2026080801_truth1-1-1,4,100,100,2026080801,fixed_rank,B_G2_minus_G1_time_average,success,0.01805530673648717,True,90,8.495328436415925e-09,True,0.911588209222164,0.1549735087705066,29.478525631012428,190.2165464593427,0.0015763480969617604,0.039703250458391445,0.15563388193524125,True,True,0.16369321326656766,0.16339311849015614,0.1838030162074156,0.14388350510213124,0.9470145335338604,,,theorem_covered,True,01d069d83b4264e7101b3cebd481b013d91c9e98496bcbe56511e84038346dbe,success,success,success,success
inference_diagnostic,3a7461a6c19714a6,dgp4_N100_T100_r2026080802_truth1-1-1,4,100,100,2026080802,fixed_rank,A_entry,success,0.1750319073269731,True,74,9.712218889302849e-09,True,2.0428520028400547,0.24509007533445148,29.380486425230817,119.87627971119605,0.010734596567739365,0.1036078981918819,0.40613549793996223,True,True,0.8288331109499573,,,0.8288331109499573,0.1463821670799362,1.0072000949492022,1.1471276598316458,theorem_covered,True,d6e051aabc7e3f6562140035c1e9a1e493c06ac36473c57231cdcb23c0f148a5,,,,
inference_diagnostic,3a7461a6c19714a6,dgp4_N100_T100_r2026080802_truth1-1-1,4,100,100,2026080802,fixed_rank,B_entry,success,0.08610341646522224,True,80,7.852067989623469e-09,True,0.49864253146027226,0.24509007533445148,29.380486425230817,119.87627971119605,0.04456480846898087,0.21110378601290142,0.8275116351706744,True,True,0.11290182318168315,,,0.11290182318168315,0.09956813530743011,0.40683385585411536,0.5869353527326487,entry_leverage_requires_author_choice,False,d6e051aabc7e3f6562140035c1e9a1e493c06ac36473c57231cdcb23c0f148a5,,,,
inference_diagnostic,3a7461a6c19714a6,dgp4_N100_T100_r2026080802_truth1-1-1,4,100,100,2026080802,fixed_rank,A_fixed_time_mean,success,0.09758979713892368,True,74,7.447649794051123e-09,True,5.561324351602575,0.24509007533445148,29.380486425230817,119.87627971119605,0.0031505678085694813,0.05612991901445682,0.22002523944697067,True,True,0.6382821467263982,,,0.6382821467263982,0.9921896345672148,,,theorem_covered,True,d6e051aabc7e3f6562140035c1e9a1e493c06ac36473c57231cdcb23c0f148a5,,,,
inference_diagnostic,3a7461a6c19714a6,dgp4_N100_T100_r2026080802_truth1-1-1,4,100,100,2026080802,fixed_rank,B_fixed_time_mean,success,0.09035512332559383,True,77,8.289725811652077e-09,True,1.5352291201422512,0.24509007533445148,29.380486425230817,119.87627971119605,0.011626717072884792,0.10782725570506184,0.42267507546742455,True,True,0.5533445383926792,,,0.5533445383926792,0.9521343826480452,,,theorem_covered,True,d6e051aabc7e3f6562140035c1e9a1e493c06ac36473c57231cdcb23c0f148a5,,,,
inference_diagnostic,3a7461a6c19714a6,dgp4_N100_T100_r2026080802_truth1-1-1,4,100,100,2026080802,fixed_rank,A_full_mean,success,0.00998012131611094,True,82,8.836888154500192e-09,True,1.13823191856529,0.24509007533445148,29.380486425230817,119.87627971119605,0.0001192309027316015,0.010919290395057799,0.04280283182209485,True,True,0.502187018666185,0.504668335407911,0.5049665189410907,0.49692620164955315,0.999752057262002,,,theorem_covered,True,d6e051aabc7e3f6562140035c1e9a1e493c06ac36473c57231cdcb23c0f148a5,success,success,success,success
inference_diagnostic,3a7461a6c19714a6,dgp4_N100_T100_r2026080802_truth1-1-1,4,100,100,2026080802,fixed_rank,B_full_mean,success,0.009858188288568527,True,84,9.156605460725013e-09,True,0.7837357216892075,0.24509007533445148,29.380486425230817,119.87627971119605,0.0004792126264874596,0.021890925665386092,0.08581085178480052,True,True,0.6056134312283941,0.5945612088401683,0.590492089539604,0.63178699530541,0.9948507855960929,,,theorem_covered,True,d6e051aabc7e3f6562140035c1e9a1e493c06ac36473c57231cdcb23c0f148a5,success,success,success,success
inference_diagnostic,3a7461a6c19714a6,dgp4_N100_T100_r2026080802_truth1-1-1,4,100,100,2026080802,fixed_rank,A_G1_fixed_time,success,0.08868962691622394,True,75,9.759136453737461e-09,True,5.120699776524716,0.24509007533445148,29.380486425230817,119.87627971119605,0.0027267089385534225,0.052217898641686286,0.20469040137213626,True,True,0.5735134164515527,,,0.5735134164515527,0.6351185689234472,,,theorem_covered,True,d6e051aabc7e3f6562140035c1e9a1e493c06ac36473c57231cdcb23c0f148a5,,,,
inference_diagnostic,3a7461a6c19714a6,dgp4_N100_T100_r2026080802_truth1-1-1,4,100,100,2026080802,fixed_rank,A_G2_fixed_time,success,0.10803382819112119,True,72,9.145490541144989e-09,True,5.696778018112701,0.24509007533445148,29.380486425230817,119.87627971119605,0.003779928959604126,0.06148112685698048,0.24100158873723998,True,True,0.7030508770012436,,,0.7030508770012436,0.7763694513270902,,,theorem_covered,True,d6e051aabc7e3f6562140035c1e9a1e493c06ac36473c57231cdcb23c0f148a5,,,,
inference_diagnostic,3a7461a6c19714a6,dgp4_N100_T100_r2026080802_truth1-1-1,4,100,100,2026080802,fixed_rank,A_G2_minus_G1_fixed_time,success,0.031292840872478536,True,78,9.854310310009463e-09,True,3.3759120787523944,0.24509007533445148,29.380486425230817,119.87627971119605,0.0004110045692260282,0.020273247624049487,0.07946967038559843,True,True,0.12953746054969095,,,0.12953746054969095,0.14725776924384273,,,theorem_covered,True,d6e051aabc7e3f6562140035c1e9a1e493c06ac36473c57231cdcb23c0f148a5,,,,
inference_diagnostic,3a7461a6c19714a6,dgp4_N100_T100_r2026080802_truth1-1-1,4,100,100,2026080802,fixed_rank,A_G1_time_average,success,0.013779698179045254,True,81,9.014088455246151e-09,True,1.5061234683611555,0.24509007533445148,29.380486425230817,119.87627971119605,0.0002339054027038634,0.015293966218867604,0.05995124593950547,True,True,0.45122833883104085,0.45374489616793945,0.458447051818753,0.44149306850643,0.9904484115487596,,,theorem_covered,True,d6e051aabc7e3f6562140035c1e9a1e493c06ac36473c57231cdcb23c0f148a5,success,success,success,success
inference_diagnostic,3a7461a6c19714a6,dgp4_N100_T100_r2026080802_truth1-1-1,4,100,100,2026080802,fixed_rank,A_G2_time_average,success,0.013894381798122425,True,81,9.645698653938336e-09,True,1.5040579860202323,0.24509007533445148,29.380486425230817,119.87627971119605,0.00015239994405611128,0.012345037223763696,0.04839165669276636,True,True,0.5531456985013286,0.5555917746478827,0.5514859860634284,0.5523593347926746,0.9936504796657117,,,theorem_covered,True,d6e051aabc7e3f6562140035c1e9a1e493c06ac36473c57231cdcb23c0f148a5,success,success,success,success
inference_diagnostic,3a7461a6c19714a6,dgp4_N100_T100_r2026080802_truth1-1-1,4,100,100,2026080802,fixed_rank,A_G2_minus_G1_time_average,success,0.019169156710142212,True,79,8.282819855100348e-09,True,2.9210903664106342,0.24509007533445148,29.380486425230817,119.87627971119605,0.0002956870794045473,0.017195554059248785,0.0674053333006783,True,True,0.1019173596702879,0.10184687847994316,0.09303893424467546,0.11086626628624502,0.9842891626345169,,,theorem_covered,True,d6e051aabc7e3f6562140035c1e9a1e493c06ac36473c57231cdcb23c0f148a5,success,success,success,success
inference_diagnostic,3a7461a6c19714a6,dgp4_N100_T100_r2026080802_truth1-1-1,4,100,100,2026080802,fixed_rank,B_G1_fixed_time,success,0.06791914427988481,True,78,9.088721562036873e-09,True,1.5046301803270759,0.24509007533445148,29.380486425230817,119.87627971119605,0.006696401148932059,0.08183154128410425,0.32077374743249376,True,True,0.411299942414926,,,0.411299942414926,0.528136986592411,,,theorem_covered,True,d6e051aabc7e3f6562140035c1e9a1e493c06ac36473c57231cdcb23c0f148a5,,,,
inference_diagnostic,3a7461a6c19714a6,dgp4_N100_T100_r2026080802_truth1-1-1,4,100,100,2026080802,fixed_rank,B_G2_fixed_time,success,0.11368047875299081,True,76,8.99163272950784e-09,True,1.5347636572016925,0.24509007533445148,29.380486425230817,119.87627971119605,0.018431322917299545,0.13576200837237032,0.5321772937573422,True,True,0.6953891343704324,,,0.6953891343704324,0.8231774060363242,,,theorem_covered,True,d6e051aabc7e3f6562140035c1e9a1e493c06ac36473c57231cdcb23c0f148a5,,,,
inference_diagnostic,3a7461a6c19714a6,dgp4_N100_T100_r2026080802_truth1-1-1,4,100,100,2026080802,fixed_rank,B_G2_minus_G1_fixed_time,success,0.0491561753364612,True,79,8.842864326225687e-09,True,1.422759344513916,0.24509007533445148,29.380486425230817,119.87627971119605,0.00374857984175332,0.06122564692800983,0.24000012581812932,True,True,0.2840891919555064,,,0.2840891919555064,0.2235840687415584,,,theorem_covered,True,d6e051aabc7e3f6562140035c1e9a1e493c06ac36473c57231cdcb23c0f148a5,,,,
inference_diagnostic,3a7461a6c19714a6,dgp4_N100_T100_r2026080802_truth1-1-1,4,100,100,2026080802,fixed_rank,B_G1_time_average,success,0.013281500425378595,True,84,6.551141301332832e-09,True,0.8629934384228581,0.24509007533445148,29.380486425230817,119.87627971119605,0.0009181102949901248,0.03030033489897636,0.11877513024299152,True,True,0.4501513109960059,0.43779248216994937,0.4210452537554997,0.49161619706256876,0.9595479680709703,,,theorem_covered,True,d6e051aabc7e3f6562140035c1e9a1e493c06ac36473c57231cdcb23c0f148a5,success,success,success,success
inference_diagnostic,3a7461a6c19714a6,dgp4_N100_T100_r2026080802_truth1-1-1,4,100,100,2026080802,fixed_rank,B_G2_time_average,success,0.013753004740938423,True,84,8.89616832190839e-09,True,0.833484971328317,0.24509007533445148,29.380486425230817,119.87627971119605,0.0009150420350157275,0.030249661733905843,0.11857649508594979,True,True,0.7610755514607823,0.7513299355103871,0.7599389253237081,0.7719577935482518,0.9821205298752231,,,theorem_covered,True,d6e051aabc7e3f6562140035c1e9a1e493c06ac36473c57231cdcb23c0f148a5,success,success,success,success
inference_diagnostic,3a7461a6c19714a6,dgp4_N100_T100_r2026080802_truth1-1-1,4,100,100,2026080802,fixed_rank,B_G2_minus_G1_time_average,success,0.018502737110377327,True,82,8.397563879545016e-09,True,0.9492616611220374,0.24509007533445148,29.380486425230817,119.87627971119605,0.0017494541556058096,0.041826476729528744,0.163956775980158,True,True,0.31092424046477646,0.31353745334043776,0.3388936715682084,0.28034159648568313,0.9463429360598388,,,theorem_covered,True,d6e051aabc7e3f6562140035c1e9a1e493c06ac36473c57231cdcb23c0f148a5,success,success,success,success
inference_diagnostic,3a7461a6c19714a6,dgp4_N100_T100_r2026080803_truth1-1-1,4,100,100,2026080803,fixed_rank,A_entry,success,0.12300107956292025,True,87,8.566381983137911e-09,True,3.5769444330707585,0.2434915351305143,52.44915690860702,215.4044364642642,0.005183960497181536,0.07199972567434917,0.28223373843697647,True,True,0.3760073752532675,,,0.3760073752532675,0.13921336094401499,0.9685522889847513,0.9789654902119265,theorem_covered,True,393c6c07a6df2076ef9902d24848ebc6db7e2b73534cd5762050f07501f16e95,,,,
inference_diagnostic,3a7461a6c19714a6,dgp4_N100_T100_r2026080803_truth1-1-1,4,100,100,2026080803,fixed_rank,B_entry,success,0.09639352015950091,True,92,8.731875403888409e-09,True,0.9609152011472182,0.2434915351305143,52.44915690860702,215.4044364642642,0.03871897664749287,0.19677138167806024,0.7713296425543654,True,True,0.30836809054763165,,,0.30836809054763165,0.07363536058106458,0.4118518118852778,0.13090395119990825,entry_leverage_requires_author_choice,False,393c6c07a6df2076ef9902d24848ebc6db7e2b73534cd5762050f07501f16e95,,,,
inference_diagnostic,3a7461a6c19714a6,dgp4_N100_T100_r2026080803_truth1-1-1,4,100,100,2026080803,fixed_rank,A_fixed_time_mean,success,0.09826562698681267,True,85,7.833114607240312e-09,True,2.8412169447291324,0.2434915351305143,52.44915690860702,215.4044364642642,0.0033547560311665238,0.057920255793345074,0.22704323066060753,True,True,0.37639215480859256,,,0.37639215480859256,0.9910185466471428,,,theorem_covered,True,393c6c07a6df2076ef9902d24848ebc6db7e2b73534cd5762050f07501f16e95,,,,
inference_diagnostic,3a7461a6c19714a6,dgp4_N100_T100_r2026080803_truth1-1-1,4,100,100,2026080803,fixed_rank,B_fixed_time_mean,success,0.09213538481115523,True,89,9.600846708074514e-09,True,0.892345525505412,0.2434915351305143,52.44915690860702,215.4044364642642,0.043740147273482695,0.20914145278610527,0.8198194302703009,True,True,0.3448765256347426,,,0.3448765256347426,0.9577548085444396,,,theorem_covered,True,393c6c07a6df2076ef9902d24848ebc6db7e2b73534cd5762050f07501f16e95,,,,
inference_diagnostic,3a7461a6c19714a6,dgp4_N100_T100_r2026080803_truth1-1-1,4,100,100,2026080803,fixed_rank,A_full_mean,success,0.0099865223645178,True,100,8.435843959804392e-09,True,0.911021009872389,0.2434915351305143,52.44915690860702,215.4044364642642,0.00012719415590436701,0.011278038655030714,0.044209099160221504,True,True,0.48523475236487634,0.4881779040243035,0.48574463685805624,0.4817817162122693,0.9996635847955692,,,theorem_covered,True,393c6c07a6df2076ef9902d24848ebc6db7e2b73534cd5762050f07501f16e95,success,success,success,success
inference_diagnostic,3a7461a6c19714a6,dgp4_N100_T100_r2026080803_truth1-1-1,4,100,100,2026080803,fixed_rank,B_full_mean,success,0.009880106092872959,True,101,9.951506341908279e-09,True,0.7402316572471825,0.2434915351305143,52.44915690860702,215.4044364642642,0.0005291317263823939,0.023002863438763312,0.09016956776253854,True,True,0.6300144204745377,0.6337622681530858,0.6238486216555688,0.6324323716149587,0.9964757574311535,,,theorem_covered,True,393c6c07a6df2076ef9902d24848ebc6db7e2b73534cd5762050f07501f16e95,success,success,success,success
inference_diagnostic,3a7461a6c19714a6,dgp4_N100_T100_r2026080803_truth1-1-1,4,100,100,2026080803,fixed_rank,A_G1_fixed_time,success,0.0907039778839709,True,84,9.278206129152551e-09,True,2.8408273205799444,0.2434915351305143,52.44915690860702,215.4044364642642,0.0028691870273792846,0.05356479279694158,0.209970129442712,True,True,0.3460731012677371,,,0.3460731012677371,0.6306754826270338,,,theorem_covered,True,393c6c07a6df2076ef9902d24848ebc6db7e2b73534cd5762050f07501f16e95,,,,
inference_diagnostic,3a7461a6c19714a6,dgp4_N100_T100_r2026080803_truth1-1-1,4,100,100,2026080803,fixed_rank,A_G2_fixed_time,success,0.10639835190803816,True,86,8.787098822620463e-09,True,2.8412194190486852,0.2434915351305143,52.44915690860702,215.4044364642642,0.003936872066669208,0.06274449829801182,0.24595391378427578,True,True,0.40671120834944796,,,0.40671120834944796,0.7779609427816946,,,theorem_covered,True,393c6c07a6df2076ef9902d24848ebc6db7e2b73534cd5762050f07501f16e95,,,,
inference_diagnostic,3a7461a6c19714a6,dgp4_N100_T100_r2026080803_truth1-1-1,4,100,100,2026080803,fixed_rank,A_G2_minus_G1_fixed_time,success,0.02170502239113328,True,91,9.665628758500601e-09,True,2.8300340645732307,0.2434915351305143,52.44915690860702,215.4044364642642,0.00019309406308446093,0.013895828981549138,0.05447064867832842,True,True,0.060638107081710794,,,0.060638107081710794,0.14441964229982657,,,theorem_covered,True,393c6c07a6df2076ef9902d24848ebc6db7e2b73534cd5762050f07501f16e95,,,,
inference_diagnostic,3a7461a6c19714a6,dgp4_N100_T100_r2026080803_truth1-1-1,4,100,100,2026080803,fixed_rank,A_G1_time_average,success,0.013812229244220976,True,99,8.732869195877291e-09,True,1.3529850376435615,0.2434915351305143,52.44915690860702,215.4044364642642,0.00021842020894738038,0.014779046280033783,0.057932796869433756,True,True,0.4461482351543467,0.44654548032830327,0.4452608994326048,0.4466383257021321,0.9886070198214675,,,theorem_covered,True,393c6c07a6df2076ef9902d24848ebc6db7e2b73534cd5762050f07501f16e95,success,success,success,success
inference_diagnostic,3a7461a6c19714a6,dgp4_N100_T100_r2026080803_truth1-1-1,4,100,100,2026080803,fixed_rank,A_G2_time_average,success,0.013899673325199702,True,99,7.585991893589435e-09,True,1.1112969332038392,0.2434915351305143,52.44915690860702,215.4044364642642,0.00017640705968236276,0.013281831939998441,0.0520638245022214,True,True,0.524321269575406,0.5298103277203037,0.5262283742835075,0.5169251067224069,0.9925466119845815,,,theorem_covered,True,393c6c07a6df2076ef9902d24848ebc6db7e2b73534cd5762050f07501f16e95,success,success,success,success
inference_diagnostic,3a7461a6c19714a6,dgp4_N100_T100_r2026080803_truth1-1-1,4,100,100,2026080803,fixed_rank,A_G2_minus_G1_time_average,success,0.01921027523843179,True,93,8.15122245784345e-09,True,2.8141267878773792,0.2434915351305143,52.44915690860702,215.4044364642642,0.00028087791617408307,0.016759412763402037,0.06569569083661779,True,True,0.07817303442105926,0.08326484739200046,0.08096747485090285,0.07028678102027446,0.9814098704598553,,,theorem_covered,True,393c6c07a6df2076ef9902d24848ebc6db7e2b73534cd5762050f07501f16e95,success,success,success,success
inference_diagnostic,3a7461a6c19714a6,dgp4_N100_T100_r2026080803_truth1-1-1,4,100,100,2026080803,fixed_rank,B_G1_fixed_time,success,0.07054611469606051,True,90,8.071936978968045e-09,True,0.8926320322484355,0.2434915351305143,52.44915690860702,215.4044364642642,0.025520275504394258,0.1597506666790291,0.6262111063943199,True,True,0.26311304811047576,,,0.26311304811047576,0.5482756179325389,,,theorem_covered,True,393c6c07a6df2076ef9902d24848ebc6db7e2b73534cd5762050f07501f16e95,,,,
inference_diagnostic,3a7461a6c19714a6,dgp4_N100_T100_r2026080803_truth1-1-1,4,100,100,2026080803,fixed_rank,B_G2_fixed_time,success,0.11403089179859636,True,90,8.886499091022852e-09,True,0.8925305686060999,0.2434915351305143,52.44915690860702,215.4044364642642,0.06701075307277006,0.2588643526497421,1.0147296161495405,True,True,0.4266400031590094,,,0.4266400031590094,0.8072337246700922,,,theorem_covered,True,393c6c07a6df2076ef9902d24848ebc6db7e2b73534cd5762050f07501f16e95,,,,
inference_diagnostic,3a7461a6c19714a6,dgp4_N100_T100_r2026080803_truth1-1-1,4,100,100,2026080803,fixed_rank,B_G2_minus_G1_fixed_time,success,0.04476472527545789,True,91,8.490495457777553e-09,True,0.8962401486859305,0.2434915351305143,52.44915690860702,215.4044364642642,0.010101468069310664,0.10050605986362546,0.3939765151214651,True,True,0.1635269550485337,,,0.1635269550485337,0.1869175384335627,,,theorem_covered,True,393c6c07a6df2076ef9902d24848ebc6db7e2b73534cd5762050f07501f16e95,,,,
inference_diagnostic,3a7461a6c19714a6,dgp4_N100_T100_r2026080803_truth1-1-1,4,100,100,2026080803,fixed_rank,B_G1_time_average,success,0.013277911156557787,True,100,9.259946749599508e-09,True,0.9040526760468317,0.2434915351305143,52.44915690860702,215.4044364642642,0.0009112558399537985,0.030187014425971284,0.11833092215138954,True,True,0.48065032614070013,0.487713547881269,0.47672135671525406,0.47751607382557737,0.9697938565747412,,,theorem_covered,True,393c6c07a6df2076ef9902d24848ebc6db7e2b73534cd5762050f07501f16e95,success,success,success,success
inference_diagnostic,3a7461a6c19714a6,dgp4_N100_T100_r2026080803_truth1-1-1,4,100,100,2026080803,fixed_rank,B_G2_time_average,success,0.013746391453152679,True,101,9.480026307833273e-09,True,0.7544267383770397,0.2434915351305143,52.44915690860702,215.4044364642642,0.0009400388593138821,0.030660053152496036,0.12018519988595196,True,True,0.7793785148083754,0.7798109884249025,0.7709758865958839,0.7873486694043398,0.9850698615769959,,,theorem_covered,True,393c6c07a6df2076ef9902d24848ebc6db7e2b73534cd5762050f07501f16e95,success,success,success,success
inference_diagnostic,3a7461a6c19714a6,dgp4_N100_T100_r2026080803_truth1-1-1,4,100,100,2026080803,fixed_rank,B_G2_minus_G1_time_average,success,0.018440889883728502,True,99,9.681272724329035e-09,True,0.9493029045242888,0.2434915351305143,52.44915690860702,215.4044364642642,0.0015860625003363627,0.03982540019053622,0.1561127000866912,True,True,0.29872818866767525,0.2920974405436334,0.2942545298806297,0.30983259557876264,0.958070363433419,,,theorem_covered,True,393c6c07a6df2076ef9902d24848ebc6db7e2b73534cd5762050f07501f16e95,success,success,success,success
inference_diagnostic,3a7461a6c19714a6,dgp4_N50_T50_r2026080801_truth1-1-1,4,50,50,2026080801,fixed_rank,A_entry,success,0.21730400255839624,True,77,8.366888775058788e-09,True,2.3303805095847614,0.2566394871551116,29.521748508016067,115.03198060154038,0.021135938658019448,0.14538204379502803,0.5698871396741596,True,True,0.5659062838905138,,,0.5659062838905138,0.21318315491658685,0.9504839307398318,1.347484187614718,theorem_covered,True,a3d5a689a95526aa8ef466c3bb4234ebbcfb02d0bf73e96842b696ec10cf18e6,,,,
inference_diagnostic,3a7461a6c19714a6,dgp4_N50_T50_r2026080801_truth1-1-1,4,50,50,2026080801,fixed_rank,B_entry,success,0.09309237739904705,True,80,8.37789880273976e-09,True,0.9208930274000976,0.2566394871551116,29.521748508016067,115.03198060154038,0.035547483940365554,0.18854040399968797,0.73906480294004,True,True,-0.0941355880091439,,,-0.0941355880091439,0.08627123451496517,0.14375690133257782,0.22903790950739755,entry_leverage_requires_author_choice,False,a3d5a689a95526aa8ef466c3bb4234ebbcfb02d0bf73e96842b696ec10cf18e6,,,,
inference_diagnostic,3a7461a6c19714a6,dgp4_N50_T50_r2026080801_truth1-1-1,4,50,50,2026080801,fixed_rank,A_fixed_time_mean,success,0.13478193550880468,True,75,8.335455520947369e-09,True,1.7317297031134156,0.2566394871551116,29.521748508016067,115.03198060154038,0.008017946985865105,0.08954298959642293,0.35100206935406736,True,True,0.4281922695309976,,,0.4281922695309976,0.9937072657486101,,,theorem_covered,True,a3d5a689a95526aa8ef466c3bb4234ebbcfb02d0bf73e96842b696ec10cf18e6,,,,
inference_diagnostic,3a7461a6c19714a6,dgp4_N50_T50_r2026080801_truth1-1-1,4,50,50,2026080801,fixed_rank,B_fixed_time_mean,success,0.11412906213824059,True,80,7.681037563158141e-09,True,1.6293759830319536,0.2566394871551116,29.521748508016067,115.03198060154038,0.01860153761003445,0.13638745400525099,0.5346289955868101,True,True,0.37409091146218054,,,0.37409091146218054,0.9514251423837466,,,theorem_covered,True,a3d5a689a95526aa8ef466c3bb4234ebbcfb02d0bf73e96842b696ec10cf18e6,,,,
inference_diagnostic,3a7461a6c19714a6,dgp4_N50_T50_r2026080801_truth1-1-1,4,50,50,2026080801,fixed_rank,A_full_mean,success,0.019880520205389156,True,83,9.747065939114293e-09,True,0.7924515402826338,0.2566394871551116,29.521748508016067,115.03198060154038,0.0008419570128876524,0.029016495530777876,0.11374257239578416,True,True,0.446372326168608,0.45568096997077234,0.4543935486381585,0.42904245989689327,0.9997444579092475,,,theorem_covered,True,a3d5a689a95526aa8ef466c3bb4234ebbcfb02d0bf73e96842b696ec10cf18e6,success,success,success,success
inference_diagnostic,3a7461a6c19714a6,dgp4_N50_T50_r2026080801_truth1-1-1,4,50,50,2026080801,fixed_rank,B_full_mean,success,0.01877449417256297,True,85,8.249474019143084e-09,True,0.6918161308757081,0.2566394871551116,29.521748508016067,115.03198060154038,0.003626347816253029,0.060219164858481965,0.23605478860340942,True,True,0.4857979478925261,0.42821739006258763,0.4259316428424397,0.6032448107725511,0.996240642850926,,,theorem_covered,True,a3d5a689a95526aa8ef466c3bb4234ebbcfb02d0bf73e96842b696ec10cf18e6,success,success,success,success
inference_diagnostic,3a7461a6c19714a6,dgp4_N50_T50_r2026080801_truth1-1-1,4,50,50,2026080801,fixed_rank,A_G1_fixed_time,success,0.11719321021610209,True,78,9.566520451612884e-09,True,1.7038547712107726,0.2566394871551116,29.521748508016067,115.03198060154038,0.0060047348057288554,0.0774902239364996,0.30375609613896565,True,True,0.36676256435308846,,,0.36676256435308846,0.6537630768261862,,,theorem_covered,True,a3d5a689a95526aa8ef466c3bb4234ebbcfb02d0bf73e96842b696ec10cf18e6,,,,
inference_diagnostic,3a7461a6c19714a6,dgp4_N50_T50_r2026080801_truth1-1-1,4,50,50,2026080801,fixed_rank,A_G2_fixed_time,success,0.15483769488216637,True,77,8.701244205013363e-09,True,1.7948024337392592,0.2566394871551116,29.521748508016067,115.03198060154038,0.010703547608574204,0.10345795092004385,0.405547715435197,True,True,0.48962197470890667,,,0.48962197470890667,0.7708711741052929,,,theorem_covered,True,a3d5a689a95526aa8ef466c3bb4234ebbcfb02d0bf73e96842b696ec10cf18e6,,,,
inference_diagnostic,3a7461a6c19714a6,dgp4_N50_T50_r2026080801_truth1-1-1,4,50,50,2026080801,fixed_rank,A_G2_minus_G1_fixed_time,success,0.052471325467900544,True,77,9.22355710952085e-09,True,2.472732543262091,0.2566394871551116,29.521748508016067,115.03198060154038,0.001344776834608793,0.03667119897970059,0.14374845854023025,True,True,0.12285941035581821,,,0.12285941035581821,0.1849172725467685,,,theorem_covered,True,a3d5a689a95526aa8ef466c3bb4234ebbcfb02d0bf73e96842b696ec10cf18e6,,,,
inference_diagnostic,3a7461a6c19714a6,dgp4_N50_T50_r2026080801_truth1-1-1,4,50,50,2026080801,fixed_rank,A_G1_time_average,success,0.027050926157953587,True,83,8.838196784088727e-09,True,1.1898469003895835,0.2566394871551116,29.521748508016067,115.03198060154038,0.0014747032229026162,0.038401864836263046,0.15053254403650143,True,True,0.38233445732490146,0.38979288574647547,0.3832985680825249,0.37391191814570407,0.9882697429238264,,,theorem_covered,True,a3d5a689a95526aa8ef466c3bb4234ebbcfb02d0bf73e96842b696ec10cf18e6,success,success,success,success
inference_diagnostic,3a7461a6c19714a6,dgp4_N50_T50_r2026080801_truth1-1-1,4,50,50,2026080801,fixed_rank,A_G2_time_average,success,0.027538351935948942,True,82,8.916356984793279e-09,True,0.9600608835949674,0.2566394871551116,29.521748508016067,115.03198060154038,0.0011381242785784439,0.03373609756000898,0.1322430723930944,True,True,0.5104101950123145,0.5215690541950692,0.5254885291937922,0.4841730016480822,0.9917019027047574,,,theorem_covered,True,a3d5a689a95526aa8ef466c3bb4234ebbcfb02d0bf73e96842b696ec10cf18e6,success,success,success,success
inference_diagnostic,3a7461a6c19714a6,dgp4_N50_T50_r2026080801_truth1-1-1,4,50,50,2026080801,fixed_rank,A_G2_minus_G1_time_average,success,0.0374070385376193,True,81,5.689194838844153e-09,True,2.6190263466785995,0.2566394871551116,29.521748508016067,115.03198060154038,0.0018578269410402303,0.043102516643929625,0.1689587605302806,True,True,0.12807573768741318,0.13177616844859366,0.1421899611112673,0.11026108350237857,0.9801330356062461,,,theorem_covered,True,a3d5a689a95526aa8ef466c3bb4234ebbcfb02d0bf73e96842b696ec10cf18e6,success,success,success,success
inference_diagnostic,3a7461a6c19714a6,dgp4_N50_T50_r2026080801_truth1-1-1,4,50,50,2026080801,fixed_rank,B_G1_fixed_time,success,0.09763980226768373,True,80,8.745630497668003e-09,True,1.5627504680400421,0.2566394871551116,29.521748508016067,115.03198060154038,0.013752859009189681,0.11727258421809285,0.4597000828828046,True,True,0.31664144800977556,,,0.31664144800977556,0.5540339026767189,,,theorem_covered,True,a3d5a689a95526aa8ef466c3bb4234ebbcfb02d0bf73e96842b696ec10cf18e6,,,,
inference_diagnostic,3a7461a6c19714a6,dgp4_N50_T50_r2026080801_truth1-1-1,4,50,50,2026080801,fixed_rank,B_G2_fixed_time,success,0.13205448088735008,True,80,7.070861756103703e-09,True,1.6182019853114433,0.2566394871551116,29.521748508016067,115.03198060154038,0.025229309279072656,0.15883736738901416,0.6226310389632492,True,True,0.4315403749145854,,,0.4315403749145854,0.7951110225675858,,,theorem_covered,True,a3d5a689a95526aa8ef466c3bb4234ebbcfb02d0bf73e96842b696ec10cf18e6,,,,
inference_diagnostic,3a7461a6c19714a6,dgp4_N50_T50_r2026080801_truth1-1-1,4,50,50,2026080801,fixed_rank,B_G2_minus_G1_fixed_time,success,0.04291925582279186,True,82,8.204029858418848e-09,True,1.1125321516403814,0.2566394871551116,29.521748508016067,115.03198060154038,0.003558186129898125,0.059650533358035655,0.23382579408070994,True,True,0.11489892690480985,,,0.11489892690480985,0.18424250856883,,,theorem_covered,True,a3d5a689a95526aa8ef466c3bb4234ebbcfb02d0bf73e96842b696ec10cf18e6,,,,
inference_diagnostic,3a7461a6c19714a6,dgp4_N50_T50_r2026080801_truth1-1-1,4,50,50,2026080801,fixed_rank,B_G1_time_average,success,0.02433986119236388,True,85,8.045601993201749e-09,True,0.7236083518801515,0.2566394871551116,29.521748508016067,115.03198060154038,0.006474239382881217,0.08046265831353831,0.3154078247897749,True,True,0.4111935386498105,0.35578274325752146,0.4169545931112844,0.4608432795806257,0.9721785896567688,,,theorem_covered,True,a3d5a689a95526aa8ef466c3bb4234ebbcfb02d0bf73e96842b696ec10cf18e6,success,success,success,success
inference_diagnostic,3a7461a6c19714a6,dgp4_N50_T50_r2026080801_truth1-1-1,4,50,50,2026080801,fixed_rank,B_G2_time_average,success,0.025422144379280705,True,85,6.785107943325571e-09,True,0.7466112016715554,0.2566394871551116,29.521748508016067,115.03198060154038,0.006530550836333626,0.08081182361717638,0.3167765276293381,True,True,0.5604023571352414,0.5006520368676538,0.434908692573595,0.7456463419644757,0.9853330577379209,,,theorem_covered,True,a3d5a689a95526aa8ef466c3bb4234ebbcfb02d0bf73e96842b696ec10cf18e6,success,success,success,success
inference_diagnostic,3a7461a6c19714a6,dgp4_N50_T50_r2026080801_truth1-1-1,4,50,50,2026080801,fixed_rank,B_G2_minus_G1_time_average,success,0.03267264925999521,True,82,8.98223410261974e-09,True,0.8112818720516239,0.2566394871551116,29.521748508016067,115.03198060154038,0.01150418914888338,0.1072575831765912,0.42044200018985595,True,True,0.1492088184854311,0.1448692936101322,0.017954099462310538,0.28480306238385056,0.9609979325628991,,,theorem_covered,True,a3d5a689a95526aa8ef466c3bb4234ebbcfb02d0bf73e96842b696ec10cf18e6,success,success,success,success
inference_diagnostic,3a7461a6c19714a6,dgp4_N50_T50_r2026080802_truth1-1-1,4,50,50,2026080802,fixed_rank,A_entry,success,0.1780942458128643,True,85,9.739843658056682e-09,True,2.674529600206138,0.15477918544252903,32.47873093018044,209.83913849475644,0.00905453798835512,0.0951553361002688,0.37300206338666175,True,True,0.3791594281339045,,,0.3791594281339045,0.21691282221339095,0.9565871902845982,1.4231997242530496,theorem_covered,True,30ca720a35f059895f83e0f1d5641c7a05b2f66d31e0c9f6b1aa152e9c278c88,,,,
inference_diagnostic,3a7461a6c19714a6,dgp4_N50_T50_r2026080802_truth1-1-1,4,50,50,2026080802,fixed_rank,B_entry,success,0.17537848876506734,True,85,8.481080895252414e-09,True,1.4616562351212015,0.15477918544252903,32.47873093018044,209.83913849475644,0.03399775839430835,0.18438481063880602,0.7227751762965952,True,True,0.012237423211184671,,,0.012237423211184671,0.163473566919908,1.1338327790973084,0.20704260891165083,entry_leverage_requires_author_choice,False,30ca720a35f059895f83e0f1d5641c7a05b2f66d31e0c9f6b1aa152e9c278c88,,,,
inference_diagnostic,3a7461a6c19714a6,dgp4_N50_T50_r2026080802_truth1-1-1,4,50,50,2026080802,fixed_rank,A_fixed_time_mean,success,0.13417631124109716,True,83,8.072434952097975e-09,True,2.5841128273415,0.15477918544252903,32.47873093018044,209.83913849475644,0.004913028072229748,0.07009299588567854,0.27475949500888824,True,True,0.4745216209677888,,,0.4745216209677888,0.9907525248083029,,,theorem_covered,True,30ca720a35f059895f83e0f1d5641c7a05b2f66d31e0c9f6b1aa152e9c278c88,,,,
inference_diagnostic,3a7461a6c19714a6,dgp4_N50_T50_r2026080802_truth1-1-1,4,50,50,2026080802,fixed_rank,B_fixed_time_mean,success,0.11454395667126321,True,84,9.441601543257327e-09,True,1.4612746219472024,0.15477918544252903,32.47873093018044,209.83913849475644,0.0145020190856969,0.12042432929311626,0.4720546965537994,True,True,0.007992999442033275,,,0.007992999442033275,0.9567480095590325,,,theorem_covered,True,30ca720a35f059895f83e0f1d5641c7a05b2f66d31e0c9f6b1aa152e9c278c88,,,,
inference_diagnostic,3a7461a6c19714a6,dgp4_N50_T50_r2026080802_truth1-1-1,4,50,50,2026080802,fixed_rank,A_full_mean,success,0.01979465921523591,True,89,8.245925871873122e-09,True,0.6553730003663134,0.15477918544252903,32.47873093018044,209.83913849475644,0.0009965201172506463,0.031567706873490926,0.12374313709311946,True,True,0.41925962518327914,0.4637432304712619,0.4545118084272863,0.3395238366512892,0.9997245463857354,,,theorem_covered,True,30ca720a35f059895f83e0f1d5641c7a05b2f66d31e0c9f6b1aa152e9c278c88,success,success,success,success
inference_diagnostic,3a7461a6c19714a6,dgp4_N50_T50_r2026080802_truth1-1-1,4,50,50,2026080802,fixed_rank,B_full_mean,success,0.018590193002458195,True,92,6.93427228415447e-09,True,0.698628240221674,0.15477918544252903,32.47873093018044,209.83913849475644,0.00553644828953099,0.07440731341428065,0.29167130895674825,True,True,0.4659422255881182,0.3323257983295034,0.34762236026998034,0.7178785181648708,0.9960927955494224,,,theorem_covered,True,30ca720a35f059895f83e0f1d5641c7a05b2f66d31e0c9f6b1aa152e9c278c88,success,success,success,success
inference_diagnostic,3a7461a6c19714a6,dgp4_N50_T50_r2026080802_truth1-1-1,4,50,50,2026080802,fixed_rank,A_G1_fixed_time,success,0.12682755466295223,True,83,8.099157711158244e-09,True,2.582135059242773,0.15477918544252903,32.47873093018044,209.83913849475644,0.004240550081191748,0.06511950614978393,0.25526377348922213,True,True,0.44201714656754665,,,0.44201714656754665,0.633365494012329,,,theorem_covered,True,30ca720a35f059895f83e0f1d5641c7a05b2f66d31e0c9f6b1aa152e9c278c88,,,,
inference_diagnostic,3a7461a6c19714a6,dgp4_N50_T50_r2026080802_truth1-1-1,4,50,50,2026080802,fixed_rank,A_G2_fixed_time,success,0.14458849609636437,True,83,7.721728816344526e-09,True,2.566243528209381,0.15477918544252903,32.47873093018044,209.83913849475644,0.0061910482231902425,0.07868321436742555,0.30843253269599724,True,True,0.507026095368031,,,0.507026095368031,0.7884516633463928,,,theorem_covered,True,30ca720a35f059895f83e0f1d5641c7a05b2f66d31e0c9f6b1aa152e9c278c88,,,,
inference_diagnostic,3a7461a6c19714a6,dgp4_N50_T50_r2026080802_truth1-1-1,4,50,50,2026080802,fixed_rank,A_G2_minus_G1_fixed_time,success,0.04437334399517215,True,86,7.59056066551551e-09,True,2.35719330058445,0.15477918544252903,32.47873093018044,209.83913849475644,0.0012110843234707795,0.03480063682564989,0.1364159896346642,True,True,0.06500894880048433,,,0.06500894880048433,0.2030204645476591,,,theorem_covered,True,30ca720a35f059895f83e0f1d5641c7a05b2f66d31e0c9f6b1aa152e9c278c88,,,,
inference_diagnostic,3a7461a6c19714a6,dgp4_N50_T50_r2026080802_truth1-1-1,4,50,50,2026080802,fixed_rank,A_G1_time_average,success,0.02649773563384176,True,88,8.753160515659302e-09,True,0.9257410086471142,0.15477918544252903,32.47873093018044,209.83913849475644,0.0017096672343849609,0.04134812250132962,0.16208166186191253,True,True,0.3905405676068697,0.4103356711763939,0.433449905499954,0.3278361261442614,0.9910003924792731,,,theorem_covered,True,30ca720a35f059895f83e0f1d5641c7a05b2f66d31e0c9f6b1aa152e9c278c88,success,success,success,success
inference_diagnostic,3a7461a6c19714a6,dgp4_N50_T50_r2026080802_truth1-1-1,4,50,50,2026080802,fixed_rank,A_G2_time_average,success,0.026867416641198048,True,88,7.98217314533552e-09,True,0.903862525510672,0.15477918544252903,32.47873093018044,209.83913849475644,0.0014427371931041706,0.037983380485472465,0.14889211552521509,True,True,0.4479786827596884,0.5171507897661298,0.47557371135461857,0.3512115471583168,0.994323647127505,,,theorem_covered,True,30ca720a35f059895f83e0f1d5641c7a05b2f66d31e0c9f6b1aa152e9c278c88,success,success,success,success
inference_diagnostic,3a7461a6c19714a6,dgp4_N50_T50_r2026080802_truth1-1-1,4,50,50,2026080802,fixed_rank,A_G2_minus_G1_time_average,success,0.035786338281474,True,86,8.489115596129167e-09,True,2.43612860770809,0.15477918544252903,32.47873093018044,209.83913849475644,0.002318728377681307,0.04815317619515152,0.1887569821674169,True,True,0.05743811515281872,0.106815118589736,0.042123805854664575,0.023375421014055597,0.9855516853442339,,,theorem_covered,True,30ca720a35f059895f83e0f1d5641c7a05b2f66d31e0c9f6b1aa152e9c278c88,success,success,success,success
inference_diagnostic,3a7461a6c19714a6,dgp4_N50_T50_r2026080802_truth1-1-1,4,50,50,2026080802,fixed_rank,B_G1_fixed_time,success,0.09106284506282393,True,84,9.908377128316503e-09,True,1.4613022845316408,0.15477918544252903,32.47873093018044,209.83913849475644,0.009164768450819009,0.095732797153426,0.37526566911998716,True,True,0.006354425132778197,,,0.006354425132778197,0.5626113532593128,,,theorem_covered,True,30ca720a35f059895f83e0f1d5641c7a05b2f66d31e0c9f6b1aa152e9c278c88,,,,
inference_diagnostic,3a7461a6c19714a6,dgp4_N50_T50_r2026080802_truth1-1-1,4,50,50,2026080802,fixed_rank,B_G2_fixed_time,success,0.13802574410536694,True,84,9.083189532552947e-09,True,1.4612424112320732,0.15477918544252903,32.47873093018044,209.83913849475644,0.021059162173526696,0.14511775278554548,0.5688511379541125,True,True,0.009631573751288352,,,0.009631573751288352,0.7936758954037185,,,theorem_covered,True,30ca720a35f059895f83e0f1d5641c7a05b2f66d31e0c9f6b1aa152e9c278c88,,,,
inference_diagnostic,3a7461a6c19714a6,dgp4_N50_T50_r2026080802_truth1-1-1,4,50,50,2026080802,fixed_rank,B_G2_minus_G1_fixed_time,success,0.046966195650907566,True,84,9.089044660307779e-09,True,1.4609263076609809,0.15477918544252903,32.47873093018044,209.83913849475644,0.002439784905330436,0.049394178860777065,0.19362162322610543,True,True,0.003277148618510155,,,0.003277148618510155,0.17631281282425215,,,theorem_covered,True,30ca720a35f059895f83e0f1d5641c7a05b2f66d31e0c9f6b1aa152e9c278c88,,,,
inference_diagnostic,3a7461a6c19714a6,dgp4_N50_T50_r2026080802_truth1-1-1,4,50,50,2026080802,fixed_rank,B_G1_time_average,success,0.023436205162412075,True,90,7.780912995948942e-09,True,0.8157225176479338,0.15477918544252903,32.47873093018044,209.83913849475644,0.007462256670252246,0.08638435431403216,0.33862044656650053,True,True,0.37042352000297074,0.2934349058717778,0.21203230987696395,0.6058033442601706,0.9679963091355808,,,theorem_covered,True,30ca720a35f059895f83e0f1d5641c7a05b2f66d31e0c9f6b1aa152e9c278c88,success,success,success,success
inference_diagnostic,3a7461a6c19714a6,dgp4_N50_T50_r2026080802_truth1-1-1,4,50,50,2026080802,fixed_rank,B_G2_time_average,success,0.02518601875465426,True,93,6.8779543783568656e-09,True,0.7042564607578841,0.15477918544252903,32.47873093018044,209.83913849475644,0.011051081346904482,0.10512412352502389,0.4120789920307733,True,True,0.5614609311732656,0.371216690787229,0.48321241066299675,0.8299536920695711,0.9828003016753519,,,theorem_covered,True,30ca720a35f059895f83e0f1d5641c7a05b2f66d31e0c9f6b1aa152e9c278c88,success,success,success,success
inference_diagnostic,3a7461a6c19714a6,dgp4_N50_T50_r2026080802_truth1-1-1,4,50,50,2026080802,fixed_rank,B_G2_minus_G1_time_average,success,0.03138154557657016,True,91,9.586715426262732e-09,True,0.8383189824361481,0.15477918544252903,32.47873093018044,209.83913849475644,0.01488088284954764,0.12198722412428131,0.47818113171521404,True,True,0.19103741117029485,0.07778178491545124,0.27118010078603283,0.22415034780940052,0.9543125432099346,,,theorem_covered,True,30ca720a35f059895f83e0f1d5641c7a05b2f66d31e0c9f6b1aa152e9c278c88,success,success,success,success
inference_diagnostic,3a7461a6c19714a6,dgp4_N50_T50_r2026080803_truth1-1-1,4,50,50,2026080803,fixed_rank,A_entry,success,0.19021549395320922,True,108,7.258930331438366e-09,True,3.8681292919932124,0.15543866438283274,66.16022789539842,425.6355917498826,0.012731175510140554,0.11283251087404088,0.4422953151966883,True,True,0.4263859069217146,,,0.4263859069217146,0.19335034432901393,1.0543320839898789,0.8324390424254335,theorem_covered,True,3e182992ac9433caf31e8699586db00bddd285c14c67e6b257f97b6a7a1a7155,,,,
inference_diagnostic,3a7461a6c19714a6,dgp4_N50_T50_r2026080803_truth1-1-1,4,50,50,2026080803,fixed_rank,B_entry,success,0.08478054011697325,True,109,9.075205889689038e-09,True,2.010918756304023,0.15543866438283274,66.16022789539842,425.6355917498826,0.015933534966050444,0.1262281068781848,0.4948050866358298,True,True,0.07073220494598535,,,0.07073220494598535,0.16278235002857433,0.3626897300315981,0.9692456528933104,entry_leverage_requires_author_choice,False,3e182992ac9433caf31e8699586db00bddd285c14c67e6b257f97b6a7a1a7155,,,,
inference_diagnostic,3a7461a6c19714a6,dgp4_N50_T50_r2026080803_truth1-1-1,4,50,50,2026080803,fixed_rank,A_fixed_time_mean,success,0.13617176933791128,True,109,9.879482215392586e-09,True,3.479217729684264,0.15543866438283274,66.16022789539842,425.6355917498826,0.006260725882838469,0.07912474886429953,0.31016331611960724,True,True,0.3663642479940731,,,0.3663642479940731,0.9927037442407172,,,theorem_covered,True,3e182992ac9433caf31e8699586db00bddd285c14c67e6b257f97b6a7a1a7155,,,,
inference_diagnostic,3a7461a6c19714a6,dgp4_N50_T50_r2026080803_truth1-1-1,4,50,50,2026080803,fixed_rank,B_fixed_time_mean,success,0.10761950175192883,True,113,8.778745959071696e-09,True,1.9582554740367473,0.15543866438283274,66.16022789539842,425.6355917498826,0.005678644396565851,0.07535678069401486,0.2953931523023048,True,True,0.3208256179444,,,0.3208256179444,0.949726636452591,,,theorem_covered,True,3e182992ac9433caf31e8699586db00bddd285c14c67e6b257f97b6a7a1a7155,,,,
inference_diagnostic,3a7461a6c19714a6,dgp4_N50_T50_r2026080803_truth1-1-1,4,50,50,2026080803,fixed_rank,A_full_mean,success,0.019847914547060648,True,119,8.371648822151552e-09,True,0.4695088823417585,0.15543866438283274,66.16022789539842,425.6355917498826,0.0007106095967258444,0.026657261613411164,0.10449454537749595,True,True,0.4330136485864097,0.4580257214634149,0.41549498163709186,0.42552024265872235,0.9997130918132782,,,theorem_covered,True,3e182992ac9433caf31e8699586db00bddd285c14c67e6b257f97b6a7a1a7155,success,success,success,success
inference_diagnostic,3a7461a6c19714a6,dgp4_N50_T50_r2026080803_truth1-1-1,4,50,50,2026080803,fixed_rank,B_full_mean,success,0.01803252378098691,True,120,9.414216801421462e-09,True,0.606608228045184,0.15543866438283274,66.16022789539842,425.6355917498826,0.0030302349288333797,0.05504756969052657,0.21578250805978152,True,True,0.4163872488935555,0.3773905802259978,0.4789462490871732,0.3928249173674956,0.9953203972740713,,,theorem_covered,True,3e182992ac9433caf31e8699586db00bddd285c14c67e6b257f97b6a7a1a7155,success,success,success,success
inference_diagnostic,3a7461a6c19714a6,dgp4_N50_T50_r2026080803_truth1-1-1,4,50,50,2026080803,fixed_rank,A_G1_fixed_time,success,0.123060703769018,True,111,7.75175448099523e-09,True,3.3030095884313067,0.15543866438283274,66.16022789539842,425.6355917498826,0.0052456295061819695,0.0724267181790116,0.2839075182985903,True,True,0.3280969806871095,,,0.3280969806871095,0.6470538517453258,,,theorem_covered,True,3e182992ac9433caf31e8699586db00bddd285c14c67e6b257f97b6a7a1a7155,,,,
inference_diagnostic,3a7461a6c19714a6,dgp4_N50_T50_r2026080803_truth1-1-1,4,50,50,2026080803,fixed_rank,A_G2_fixed_time,success,0.15098398043441233,True,110,7.581307051888334e-09,True,3.575496331730583,0.15543866438283274,66.16022789539842,425.6355917498826,0.007573376038718443,0.0870251460137726,0.3411323038726675,True,True,0.4046315153010367,,,0.4046315153010367,0.7688319616932696,,,theorem_covered,True,3e182992ac9433caf31e8699586db00bddd285c14c67e6b257f97b6a7a1a7155,,,,
inference_diagnostic,3a7461a6c19714a6,dgp4_N50_T50_r2026080803_truth1-1-1,4,50,50,2026080803,fixed_rank,A_G2_minus_G1_fixed_time,success,0.04134241479909861,True,109,8.68861189758304e-09,True,2.80126837520615,0.15543866438283274,66.16022789539842,425.6355917498826,0.0005951075327980588,0.024394825943180223,0.09562596051551318,True,True,0.07653453461392717,,,0.07653453461392717,0.15595046825849332,,,theorem_covered,True,3e182992ac9433caf31e8699586db00bddd285c14c67e6b257f97b6a7a1a7155,,,,
inference_diagnostic,3a7461a6c19714a6,dgp4_N50_T50_r2026080803_truth1-1-1,4,50,50,2026080803,fixed_rank,A_G1_time_average,success,0.026393761592885347,True,118,6.525563782357491e-09,True,0.5975277446671575,0.15543866438283274,66.16022789539842,425.6355917498826,0.0010948360759351918,0.033088307238890176,0.1297037809952414,True,True,0.3877847564967869,0.409377526582275,0.36378542107774126,0.39019132183034444,0.9884637031562876,,,theorem_covered,True,3e182992ac9433caf31e8699586db00bddd285c14c67e6b257f97b6a7a1a7155,success,success,success,success
inference_diagnostic,3a7461a6c19714a6,dgp4_N50_T50_r2026080803_truth1-1-1,4,50,50,2026080803,fixed_rank,A_G2_time_average,success,0.026989888782803652,True,119,8.08666653825836e-09,True,0.6692112162174666,0.15543866438283274,66.16022789539842,425.6355917498826,0.0009082035661096842,0.03013641594665305,0.11813257975711708,True,True,0.4782425406760325,0.5066739163445548,0.4672045421964425,0.46084916348710026,0.9918994445577358,,,theorem_covered,True,3e182992ac9433caf31e8699586db00bddd285c14c67e6b257f97b6a7a1a7155,success,success,success,success
inference_diagnostic,3a7461a6c19714a6,dgp4_N50_T50_r2026080803_truth1-1-1,4,50,50,2026080803,fixed_rank,A_G2_minus_G1_time_average,success,0.035698888604418395,True,111,9.995364876107798e-09,True,2.474076107278445,0.15543866438283274,66.16022789539842,425.6355917498826,0.0011636408856303781,0.03411218089818325,0.13371729198910873,True,True,0.09045778417924558,0.09729638976227988,0.10341912111870118,0.07065784165675569,0.9805604186527875,,,theorem_covered,True,3e182992ac9433caf31e8699586db00bddd285c14c67e6b257f97b6a7a1a7155,success,success,success,success
inference_diagnostic,3a7461a6c19714a6,dgp4_N50_T50_r2026080803_truth1-1-1,4,50,50,2026080803,fixed_rank,B_G1_fixed_time,success,0.09254954151969264,True,114,9.762370755880435e-09,True,1.8670403199134502,0.15543866438283274,66.16022789539842,425.6355917498826,0.004328559075313688,0.06579178577386152,0.25789906119068656,True,True,0.27316333746896915,,,0.27316333746896915,0.5483262023220273,,,theorem_covered,True,3e182992ac9433caf31e8699586db00bddd285c14c67e6b257f97b6a7a1a7155,,,,
inference_diagnostic,3a7461a6c19714a6,dgp4_N50_T50_r2026080803_truth1-1-1,4,50,50,2026080803,fixed_rank,B_G2_fixed_time,success,0.12397229519160985,True,112,9.500251980311318e-09,True,1.9243849756995521,0.15543866438283274,66.16022789539842,425.6355917498826,0.007912282867644803,0.08895101386518764,0.34868156712818155,True,True,0.368487898419831,,,0.368487898419831,0.8103010084128788,,,theorem_covered,True,3e182992ac9433caf31e8699586db00bddd285c14c67e6b257f97b6a7a1a7155,,,,
inference_diagnostic,3a7461a6c19714a6,dgp4_N50_T50_r2026080803_truth1-1-1,4,50,50,2026080803,fixed_rank,B_G2_minus_G1_fixed_time,success,0.03925896829806239,True,112,9.553958366020187e-09,True,1.2043822559127488,0.15543866438283274,66.16022789539842,425.6355917498826,0.0017671063063738406,0.04203696357224009,0.1647818692420256,True,True,0.09532456095086178,,,0.09532456095086178,0.23509288462280928,,,theorem_covered,True,3e182992ac9433caf31e8699586db00bddd285c14c67e6b257f97b6a7a1a7155,,,,
inference_diagnostic,3a7461a6c19714a6,dgp4_N50_T50_r2026080803_truth1-1-1,4,50,50,2026080803,fixed_rank,B_G1_time_average,success,0.022816169962783277,True,121,7.2490610077376465e-09,True,0.776343417540788,0.15543866438283274,66.16022789539842,425.6355917498826,0.004076349721809776,0.06384629763588313,0.2502728878251115,True,True,0.35452820543463487,0.3088970689038603,0.3693970473930537,0.3852905000069906,0.9661165152386123,,,theorem_covered,True,3e182992ac9433caf31e8699586db00bddd285c14c67e6b257f97b6a7a1a7155,success,success,success,success
inference_diagnostic,3a7461a6c19714a6,dgp4_N50_T50_r2026080803_truth1-1-1,4,50,50,2026080803,fixed_rank,B_G2_time_average,success,0.02410510099988371,True,121,9.066340337720719e-09,True,0.6258959857408805,0.15543866438283274,66.16022789539842,425.6355917498826,0.005596086117857129,0.0748069924395917,0.29323802194671966,True,True,0.4782462923524759,0.4458840915481353,0.5884954507812927,0.40035933472799967,0.9835072918455383,,,theorem_covered,True,3e182992ac9433caf31e8699586db00bddd285c14c67e6b257f97b6a7a1a7155,success,success,success,success
inference_diagnostic,3a7461a6c19714a6,dgp4_N50_T50_r2026080803_truth1-1-1,4,50,50,2026080803,fixed_rank,B_G2_minus_G1_time_average,success,0.030042958514816472,True,119,8.981219233716131e-09,True,0.8639021687363386,0.15543866438283274,66.16022789539842,425.6355917498826,0.007223931968080084,0.08499371722709911,0.33316924935459163,True,True,0.12371808691784116,0.13698702264427487,0.21909840338823905,0.01506883472100956,0.9539418330801605,,,theorem_covered,True,3e182992ac9433caf31e8699586db00bddd285c14c67e6b257f97b6a7a1a7155,success,success,success,success
inference_diagnostic,763b8f26ce16fd9c,dgp1_N100_T100_r2026080801_truth1-1-1,1,100,100,2026080801,selected_rank,A_entry,success,0.13400402478139214,True,22,9.906187968201313e-09,True,11.3954821404106,2.7042200037561583,24.767582927756255,9.158863884356343,0.008109325418430027,0.09005179297731959,0.3529965419576067,True,True,0.5491484620973539,,,0.5491484620973539,0.13700697889796806,1.2801668361450438,0.6046651127732441,theorem_covered,True,654aaee579b88ff6f006ca5f9abbd809bf3d5effc9441a150090637661ac7537,,,,
inference_diagnostic,763b8f26ce16fd9c,dgp1_N100_T100_r2026080801_truth1-1-1,1,100,100,2026080801,selected_rank,B_entry,target_unsupported_selected_rank,0.0,False,0,,False,,2.7042200037561583,24.767582927756255,9.158863884356343,,,,True,False,0.0,,,0.0,0.15324140505429054,0.13115081352347732,2.220053627170527,entry_leverage_requires_author_choice,False,654aaee579b88ff6f006ca5f9abbd809bf3d5effc9441a150090637661ac7537,,,,
inference_diagnostic,763b8f26ce16fd9c,dgp1_N100_T100_r2026080801_truth1-1-1,1,100,100,2026080801,selected_rank,A_fixed_time_mean,success,0.09858127749651101,True,24,5.556042970970008e-09,True,13.129757439051549,2.7042200037561583,24.767582927756255,9.158863884356343,0.0036515429016104844,0.060427997663421586,0.2368733981563537,True,True,0.5129974016697573,,,0.5129974016697573,0.9944457402585414,,,theorem_covered,True,654aaee579b88ff6f006ca5f9abbd809bf3d5effc9441a150090637661ac7537,,,,
inference_diagnostic,763b8f26ce16fd9c,dgp1_N100_T100_r2026080801_truth1-1-1,1,100,100,2026080801,selected_rank,B_fixed_time_mean,target_unsupported_selected_rank,0.0,False,0,,False,,2.7042200037561583,24.767582927756255,9.158863884356343,,,,True,False,0.0,,,0.0,0.9289115035664461,,,theorem_covered,True,654aaee579b88ff6f006ca5f9abbd809bf3d5effc9441a150090637661ac7537,,,,
inference_diagnostic,763b8f26ce16fd9c,dgp1_N100_T100_r2026080801_truth1-1-1,1,100,100,2026080801,selected_rank,A_full_mean,success,0.009986629633717936,True,26,5.419067096349096e-09,True,5.649000155072318,2.7042200037561583,24.767582927756255,9.158863884356343,7.46124729568386e-05,0.008637851177048525,0.03385975442166405,True,True,0.5877733995312755,0.5882471959765376,0.5858802067652745,0.5891927958520143,0.999804551033295,,,theorem_covered,True,654aaee579b88ff6f006ca5f9abbd809bf3d5effc9441a150090637661ac7537,success,success,success,success
inference_diagnostic,763b8f26ce16fd9c,dgp1_N100_T100_r2026080801_truth1-1-1,1,100,100,2026080801,selected_rank,B_full_mean,target_unsupported_selected_rank,0.0,False,0,,False,,2.7042200037561583,24.767582927756255,9.158863884356343,,,,True,False,0.0,,,0.0,0.9946679449454069,,,theorem_covered,True,654aaee579b88ff6f006ca5f9abbd809bf3d5effc9441a150090637661ac7537,success,success,success,success
inference_diagnostic,763b8f26ce16fd9c,dgp1_N100_T100_r2026080801_truth1-1-1,1,100,100,2026080801,selected_rank,A_G1_fixed_time,success,0.09994775187613998,True,23,5.762460237331255e-09,True,13.038672270654523,2.7042200037561583,24.767582927756255,9.158863884356343,0.0037465417609999713,0.06120900065349843,0.23993487362109112,True,True,0.5183467072358253,,,0.5183467072358253,0.7110790468319624,,,theorem_covered,True,654aaee579b88ff6f006ca5f9abbd809bf3d5effc9441a150090637661ac7537,,,,
inference_diagnostic,763b8f26ce16fd9c,dgp1_N100_T100_r2026080801_truth1-1-1,1,100,100,2026080801,selected_rank,A_G2_fixed_time,success,0.0979136364257256,True,23,9.65062035650006e-09,True,12.83405199185008,2.7042200037561583,24.767582927756255,9.158863884356343,0.00363212674350657,0.06026712821685276,0.23624280151337812,True,True,0.5076480961036892,,,0.5076480961036892,0.6995731398809497,,,theorem_covered,True,654aaee579b88ff6f006ca5f9abbd809bf3d5effc9441a150090637661ac7537,,,,
inference_diagnostic,763b8f26ce16fd9c,dgp1_N100_T100_r2026080801_truth1-1-1,1,100,100,2026080801,selected_rank,A_G2_minus_G1_fixed_time,success,0.016738981899470252,True,26,5.027697621782659e-09,True,6.081851764091142,2.7042200037561583,24.767582927756255,9.158863884356343,0.00015116539212684085,0.012294933595869514,0.04819525408043158,True,True,-0.010698611132136066,,,-0.010698611132136066,0.07818988788830628,,,weak_target_stress_outside_assumption9,False,654aaee579b88ff6f006ca5f9abbd809bf3d5effc9441a150090637661ac7537,,,,
inference_diagnostic,763b8f26ce16fd9c,dgp1_N100_T100_r2026080801_truth1-1-1,1,100,100,2026080801,selected_rank,A_G1_time_average,success,0.013802350429180016,True,24,7.81987556650395e-09,True,6.252418768396715,2.7042200037561583,24.767582927756255,9.158863884356343,0.00013320041081243917,0.011541248234590537,0.045240861752867866,True,True,0.5939024354824621,0.5951660533587804,0.5920809613689278,0.5944602917196783,0.9912401232140783,,,theorem_covered,True,654aaee579b88ff6f006ca5f9abbd809bf3d5effc9441a150090637661ac7537,success,success,success,success
inference_diagnostic,763b8f26ce16fd9c,dgp1_N100_T100_r2026080801_truth1-1-1,1,100,100,2026080801,selected_rank,A_G2_time_average,success,0.013788514177521732,True,25,8.653707704181066e-09,True,5.493261786320205,2.7042200037561583,24.767582927756255,9.158863884356343,0.00014450736663703856,0.012021121687972324,0.04712193112439819,True,True,0.5816443635800885,0.5813283385942949,0.5796794521616213,0.5839252999843494,0.9909512097701682,,,theorem_covered,True,654aaee579b88ff6f006ca5f9abbd809bf3d5effc9441a150090637661ac7537,success,success,success,success
inference_diagnostic,763b8f26ce16fd9c,dgp1_N100_T100_r2026080801_truth1-1-1,1,100,100,2026080801,selected_rank,A_G2_minus_G1_time_average,success,0.01903483426308183,True,26,5.1184410600848014e-09,True,6.053204919521333,2.7042200037561583,24.767582927756255,9.158863884356343,0.0002569656649700295,0.016030148625949463,0.06283702794737037,True,True,-0.012258071902373734,-0.013837714764485372,-0.012401509207306725,-0.010534991735329104,0.9823095956711081,,,theorem_covered,True,654aaee579b88ff6f006ca5f9abbd809bf3d5effc9441a150090637661ac7537,success,success,success,success
inference_diagnostic,763b8f26ce16fd9c,dgp1_N100_T100_r2026080801_truth1-1-1,1,100,100,2026080801,selected_rank,B_G1_fixed_time,target_unsupported_selected_rank,0.0,False,0,,False,,2.7042200037561583,24.767582927756255,9.158863884356343,,,,True,False,0.0,,,0.0,0.6393925910385875,,,theorem_covered,True,654aaee579b88ff6f006ca5f9abbd809bf3d5effc9441a150090637661ac7537,,,,
inference_diagnostic,763b8f26ce16fd9c,dgp1_N100_T100_r2026080801_truth1-1-1,1,100,100,2026080801,selected_rank,B_G2_fixed_time,target_unsupported_selected_rank,0.0,False,0,,False,,2.7042200037561583,24.767582927756255,9.158863884356343,,,,True,False,0.0,,,0.0,0.6911320602486297,,,theorem_covered,True,654aaee579b88ff6f006ca5f9abbd809bf3d5effc9441a150090637661ac7537,,,,
inference_diagnostic,763b8f26ce16fd9c,dgp1_N100_T100_r2026080801_truth1-1-1,1,100,100,2026080801,selected_rank,B_G2_minus_G1_fixed_time,target_unsupported_selected_rank,0.0,False,0,,False,,2.7042200037561583,24.767582927756255,9.158863884356343,,,,True,False,0.0,,,0.0,0.15365490138775031,,,weak_target_stress_outside_assumption9,False,654aaee579b88ff6f006ca5f9abbd809bf3d5effc9441a150090637661ac7537,,,,
inference_diagnostic,763b8f26ce16fd9c,dgp1_N100_T100_r2026080801_truth1-1-1,1,100,100,2026080801,selected_rank,B_G1_time_average,target_unsupported_selected_rank,0.0,False,0,,False,,2.7042200037561583,24.767582927756255,9.158863884356343,,,,True,False,0.0,,,0.0,0.9768042970435965,,,theorem_covered,True,654aaee579b88ff6f006ca5f9abbd809bf3d5effc9441a150090637661ac7537,success,success,success,success
inference_diagnostic,763b8f26ce16fd9c,dgp1_N100_T100_r2026080801_truth1-1-1,1,100,100,2026080801,selected_rank,B_G2_time_average,target_unsupported_selected_rank,0.0,False,0,,False,,2.7042200037561583,24.767582927756255,9.158863884356343,,,,True,False,0.0,,,0.0,0.9795336180889921,,,theorem_covered,True,654aaee579b88ff6f006ca5f9abbd809bf3d5effc9441a150090637661ac7537,success,success,success,success
inference_diagnostic,763b8f26ce16fd9c,dgp1_N100_T100_r2026080801_truth1-1-1,1,100,100,2026080801,selected_rank,B_G2_minus_G1_time_average,target_unsupported_selected_rank,0.0,False,0,,False,,2.7042200037561583,24.767582927756255,9.158863884356343,,,,True,False,0.0,,,0.0,0.9613887990752912,,,theorem_covered,True,654aaee579b88ff6f006ca5f9abbd809bf3d5effc9441a150090637661ac7537,success,success,success,success
inference_diagnostic,763b8f26ce16fd9c,dgp1_N100_T100_r2026080802_truth1-1-1,1,100,100,2026080802,selected_rank,A_entry,success,0.14515647419977093,True,90,7.958153256921969e-09,True,3.406862056082725,0.15326297984129825,39.943381270803975,260.61989211070284,0.01066494497493645,0.1032712204582499,0.4048157454753316,True,True,0.5548863122809734,,,0.5548863122809734,0.13197494443016902,0.7832922122767486,0.9660130887516367,theorem_covered,True,3dc6f020c0fd6f6e54968c752598a63b2ee91a9f1351e1ffe7c48199a4d2bd85,,,,
inference_diagnostic,763b8f26ce16fd9c,dgp1_N100_T100_r2026080802_truth1-1-1,1,100,100,2026080802,selected_rank,B_entry,target_unsupported_selected_rank,0.0,False,0,,False,,0.15326297984129825,39.943381270803975,260.61989211070284,,,,True,False,0.0,,,0.0,0.1645839481015835,2.035303541551228,0.6874762848929963,entry_leverage_requires_author_choice,False,3dc6f020c0fd6f6e54968c752598a63b2ee91a9f1351e1ffe7c48199a4d2bd85,,,,
inference_diagnostic,763b8f26ce16fd9c,dgp1_N100_T100_r2026080802_truth1-1-1,1,100,100,2026080802,selected_rank,A_fixed_time_mean,success,0.0989884876113117,True,89,6.56525284002289e-09,True,3.1087408886244585,0.15326297984129825,39.943381270803975,260.61989211070284,0.005677763363974291,0.07535093472528587,0.2953702365259776,True,True,0.43901638600101833,,,0.43901638600101833,0.9952519860486867,,,theorem_covered,True,3dc6f020c0fd6f6e54968c752598a63b2ee91a9f1351e1ffe7c48199a4d2bd85,,,,
inference_diagnostic,763b8f26ce16fd9c,dgp1_N100_T100_r2026080802_truth1-1-1,1,100,100,2026080802,selected_rank,B_fixed_time_mean,target_unsupported_selected_rank,0.0,False,0,,False,,0.15326297984129825,39.943381270803975,260.61989211070284,,,,True,False,0.0,,,0.0,0.9343176237783631,,,theorem_covered,True,3dc6f020c0fd6f6e54968c752598a63b2ee91a9f1351e1ffe7c48199a4d2bd85,,,,
inference_diagnostic,763b8f26ce16fd9c,dgp1_N100_T100_r2026080802_truth1-1-1,1,100,100,2026080802,selected_rank,A_full_mean,success,0.009993514876286188,True,106,5.930507543955965e-09,True,0.745310370883679,0.15326297984129825,39.943381270803975,260.61989211070284,9.574116746510617e-05,0.009784741563531771,0.038355482125108815,True,True,0.5724504745339192,0.5754237004894589,0.5747230382932628,0.5672046848190359,0.9998577774158494,,,theorem_covered,True,3dc6f020c0fd6f6e54968c752598a63b2ee91a9f1351e1ffe7c48199a4d2bd85,success,success,success,success
inference_diagnostic,763b8f26ce16fd9c,dgp1_N100_T100_r2026080802_truth1-1-1,1,100,100,2026080802,selected_rank,B_full_mean,target_unsupported_selected_rank,0.0,False,0,,False,,0.15326297984129825,39.943381270803975,260.61989211070284,,,,True,False,0.0,,,0.0,0.9933893839634486,,,theorem_covered,True,3dc6f020c0fd6f6e54968c752598a63b2ee91a9f1351e1ffe7c48199a4d2bd85,success,success,success,success
inference_diagnostic,763b8f26ce16fd9c,dgp1_N100_T100_r2026080802_truth1-1-1,1,100,100,2026080802,selected_rank,A_G1_fixed_time,success,0.09986510978958402,True,89,8.997663629330436e-09,True,3.1010356818083036,0.15326297984129825,39.943381270803975,260.61989211070284,0.005798409454145744,0.07614728789750652,0.29849188359903106,True,True,0.44169522121399635,,,0.44169522121399635,0.700595365111532,,,theorem_covered,True,3dc6f020c0fd6f6e54968c752598a63b2ee91a9f1351e1ffe7c48199a4d2bd85,,,,
inference_diagnostic,763b8f26ce16fd9c,dgp1_N100_T100_r2026080802_truth1-1-1,1,100,100,2026080802,selected_rank,A_G2_fixed_time,success,0.09866722028280109,True,89,6.350379255017257e-09,True,3.123290581295196,0.15326297984129825,39.943381270803975,260.61989211070284,0.00560517148560549,0.07486769320344717,0.2934759645687013,True,True,0.43633755078804043,,,0.43633755078804043,0.7137513755204927,,,theorem_covered,True,3dc6f020c0fd6f6e54968c752598a63b2ee91a9f1351e1ffe7c48199a4d2bd85,,,,
inference_diagnostic,763b8f26ce16fd9c,dgp1_N100_T100_r2026080802_truth1-1-1,1,100,100,2026080802,selected_rank,A_G2_minus_G1_fixed_time,success,0.014887521786438769,True,97,6.692118173054738e-09,True,4.134159362685401,0.15326297984129825,39.943381270803975,260.61989211070284,9.610842030333301e-05,0.009803490210294138,0.03842897546993502,True,True,-0.0053576704259558905,,,-0.0053576704259558905,0.09873386419715187,,,weak_target_stress_outside_assumption9,False,3dc6f020c0fd6f6e54968c752598a63b2ee91a9f1351e1ffe7c48199a4d2bd85,,,,
inference_diagnostic,763b8f26ce16fd9c,dgp1_N100_T100_r2026080802_truth1-1-1,1,100,100,2026080802,selected_rank,A_G1_time_average,success,0.013911894832165221,True,101,9.403864561919722e-09,True,1.204076425691607,0.15326297984129825,39.943381270803975,260.61989211070284,0.0001437811685791886,0.011990878557436423,0.047003380231137974,True,True,0.5759435115543274,0.5803965255867909,0.5749272823689682,0.5725067267072232,0.9923271484491499,,,theorem_covered,True,3dc6f020c0fd6f6e54968c752598a63b2ee91a9f1351e1ffe7c48199a4d2bd85,success,success,success,success
inference_diagnostic,763b8f26ce16fd9c,dgp1_N100_T100_r2026080802_truth1-1-1,1,100,100,2026080802,selected_rank,A_G2_time_average,success,0.013906387694349752,True,101,9.786612538647801e-09,True,0.9787749611388914,0.15326297984129825,39.943381270803975,260.61989211070284,0.00016019435809488968,0.012656790987248296,0.04961370898971563,True,True,0.5689574375135109,0.5704508753921267,0.5745187942175576,0.5619026429308485,0.9926085921865232,,,theorem_covered,True,3dc6f020c0fd6f6e54968c752598a63b2ee91a9f1351e1ffe7c48199a4d2bd85,success,success,success,success
inference_diagnostic,763b8f26ce16fd9c,dgp1_N100_T100_r2026080802_truth1-1-1,1,100,100,2026080802,selected_rank,A_G2_minus_G1_time_average,success,0.019348785872073778,True,96,9.986608830434815e-09,True,4.22049717753853,0.15326297984129825,39.943381270803975,260.61989211070284,0.00022498638256036345,0.01499954607847729,0.05879714019652898,True,True,-0.006986074040816541,-0.009945650194664231,-0.0004084881514105857,-0.010604083776374808,0.9850225437891122,,,theorem_covered,True,3dc6f020c0fd6f6e54968c752598a63b2ee91a9f1351e1ffe7c48199a4d2bd85,success,success,success,success
inference_diagnostic,763b8f26ce16fd9c,dgp1_N100_T100_r2026080802_truth1-1-1,1,100,100,2026080802,selected_rank,B_G1_fixed_time,target_unsupported_selected_rank,0.0,False,0,,False,,0.15326297984129825,39.943381270803975,260.61989211070284,,,,True,False,0.0,,,0.0,0.664139363661717,,,theorem_covered,True,3dc6f020c0fd6f6e54968c752598a63b2ee91a9f1351e1ffe7c48199a4d2bd85,,,,
inference_diagnostic,763b8f26ce16fd9c,dgp1_N100_T100_r2026080802_truth1-1-1,1,100,100,2026080802,selected_rank,B_G2_fixed_time,target_unsupported_selected_rank,0.0,False,0,,False,,0.15326297984129825,39.943381270803975,260.61989211070284,,,,True,False,0.0,,,0.0,0.6623780388453947,,,theorem_covered,True,3dc6f020c0fd6f6e54968c752598a63b2ee91a9f1351e1ffe7c48199a4d2bd85,,,,
inference_diagnostic,763b8f26ce16fd9c,dgp1_N100_T100_r2026080802_truth1-1-1,1,100,100,2026080802,selected_rank,B_G2_minus_G1_fixed_time,target_unsupported_selected_rank,0.0,False,0,,False,,0.15326297984129825,39.943381270803975,260.61989211070284,,,,True,False,0.0,,,0.0,0.08292369146881494,,,weak_target_stress_outside_assumption9,False,3dc6f020c0fd6f6e54968c752598a63b2ee91a9f1351e1ffe7c48199a4d2bd85,,,,
inference_diagnostic,763b8f26ce16fd9c,dgp1_N100_T100_r2026080802_truth1-1-1,1,100,100,2026080802,selected_rank,B_G1_time_average,target_unsupported_selected_rank,0.0,False,0,,False,,0.15326297984129825,39.943381270803975,260.61989211070284,,,,True,False,0.0,,,0.0,0.9705820980572407,,,theorem_covered,True,3dc6f020c0fd6f6e54968c752598a63b2ee91a9f1351e1ffe7c48199a4d2bd85,success,success,success,success
inference_diagnostic,763b8f26ce16fd9c,dgp1_N100_T100_r2026080802_truth1-1-1,1,100,100,2026080802,selected_rank,B_G2_time_average,target_unsupported_selected_rank,0.0,False,0,,False,,0.15326297984129825,39.943381270803975,260.61989211070284,,,,True,False,0.0,,,0.0,0.9704572518091592,,,theorem_covered,True,3dc6f020c0fd6f6e54968c752598a63b2ee91a9f1351e1ffe7c48199a4d2bd85,success,success,success,success
inference_diagnostic,763b8f26ce16fd9c,dgp1_N100_T100_r2026080802_truth1-1-1,1,100,100,2026080802,selected_rank,B_G2_minus_G1_time_average,target_unsupported_selected_rank,0.0,False,0,,False,,0.15326297984129825,39.943381270803975,260.61989211070284,,,,True,False,0.0,,,0.0,0.9470978927686962,,,theorem_covered,True,3dc6f020c0fd6f6e54968c752598a63b2ee91a9f1351e1ffe7c48199a4d2bd85,success,success,success,success
inference_diagnostic,763b8f26ce16fd9c,dgp1_N100_T100_r2026080803_truth1-1-1,1,100,100,2026080803,selected_rank,A_entry,success,0.1011242455172151,True,72,9.095028606242149e-09,True,3.850507378960178,0.212347228496244,29.802067795995484,140.34592307628176,0.006680689418442002,0.0817354844510143,0.3203972115658433,True,True,0.2845126019837961,,,0.2845126019837961,0.12099611184474279,0.7176271859985364,0.7517736542762748,theorem_covered,True,9e99a78560abfe1f1c2a9b080b68d206c8daaef3711289eebcf5fcc14a7c4ae6,,,,
inference_diagnostic,763b8f26ce16fd9c,dgp1_N100_T100_r2026080803_truth1-1-1,1,100,100,2026080803,selected_rank,B_entry,target_unsupported_selected_rank,0.0,False,0,,False,,0.212347228496244,29.802067795995484,140.34592307628176,,,,True,False,0.0,,,0.0,0.10992297514561021,0.11510456941281795,1.0944612519849135,entry_leverage_requires_author_choice,False,9e99a78560abfe1f1c2a9b080b68d206c8daaef3711289eebcf5fcc14a7c4ae6,,,,
inference_diagnostic,763b8f26ce16fd9c,dgp1_N100_T100_r2026080803_truth1-1-1,1,100,100,2026080803,selected_rank,A_fixed_time_mean,success,0.09876066816394799,True,67,8.83748137199051e-09,True,3.640596607685967,0.212347228496244,29.802067795995484,140.34592307628176,0.009455188068634934,0.09723779136032931,0.38116513800493096,True,True,0.4328378035950132,,,0.4328378035950132,0.9943564429232076,,,theorem_covered,True,9e99a78560abfe1f1c2a9b080b68d206c8daaef3711289eebcf5fcc14a7c4ae6,,,,
inference_diagnostic,763b8f26ce16fd9c,dgp1_N100_T100_r2026080803_truth1-1-1,1,100,100,2026080803,selected_rank,B_fixed_time_mean,target_unsupported_selected_rank,0.0,False,0,,False,,0.212347228496244,29.802067795995484,140.34592307628176,,,,True,False,0.0,,,0.0,0.9358095659681188,,,theorem_covered,True,9e99a78560abfe1f1c2a9b080b68d206c8daaef3711289eebcf5fcc14a7c4ae6,,,,
inference_diagnostic,763b8f26ce16fd9c,dgp1_N100_T100_r2026080803_truth1-1-1,1,100,100,2026080803,selected_rank,A_full_mean,success,0.009991184955709657,True,79,9.050149288065472e-09,True,1.1106503289550576,0.212347228496244,29.802067795995484,140.34592307628176,9.794333523266772e-05,0.00989663251983561,0.038794086614211354,True,True,0.5368627561734223,0.5403212937537456,0.5342811517004635,0.5359858230660577,0.9997545292983054,,,theorem_covered,True,9e99a78560abfe1f1c2a9b080b68d206c8daaef3711289eebcf5fcc14a7c4ae6,success,success,success,success
inference_diagnostic,763b8f26ce16fd9c,dgp1_N100_T100_r2026080803_truth1-1-1,1,100,100,2026080803,selected_rank,B_full_mean,target_unsupported_selected_rank,0.0,False,0,,False,,0.212347228496244,29.802067795995484,140.34592307628176,,,,True,False,0.0,,,0.0,0.9930380920412195,,,theorem_covered,True,9e99a78560abfe1f1c2a9b080b68d206c8daaef3711289eebcf5fcc14a7c4ae6,success,success,success,success
inference_diagnostic,763b8f26ce16fd9c,dgp1_N100_T100_r2026080803_truth1-1-1,1,100,100,2026080803,selected_rank,A_G1_fixed_time,success,0.10040968665101499,True,67,8.070259736897674e-09,True,3.647213137005742,0.212347228496244,29.802067795995484,140.34592307628176,0.009750770411053097,0.09874598934160869,0.38707716545465815,True,True,0.43878179136087647,,,0.43878179136087647,0.7101359543001318,,,theorem_covered,True,9e99a78560abfe1f1c2a9b080b68d206c8daaef3711289eebcf5fcc14a7c4ae6,,,,
inference_diagnostic,763b8f26ce16fd9c,dgp1_N100_T100_r2026080803_truth1-1-1,1,100,100,2026080803,selected_rank,A_G2_fixed_time,success,0.09772230517864965,True,67,9.655360018914466e-09,True,3.639612634747631,0.212347228496244,29.802067795995484,140.34592307628176,0.009221374895376548,0.09602799016628719,0.37642280446737875,True,True,0.42689381582915,,,0.42689381582915,0.7014327138730749,,,theorem_covered,True,9e99a78560abfe1f1c2a9b080b68d206c8daaef3711289eebcf5fcc14a7c4ae6,,,,
inference_diagnostic,763b8f26ce16fd9c,dgp1_N100_T100_r2026080803_truth1-1-1,1,100,100,2026080803,selected_rank,A_G2_minus_G1_fixed_time,success,0.01577434311819421,True,73,8.538915334696632e-09,True,4.4807215268056835,0.212347228496244,29.802067795995484,140.34592307628176,0.00012353833625924253,0.011114780081461014,0.04356913731149351,True,True,-0.011887975531726472,,,-0.011887975531726472,0.08692634869941551,,,weak_target_stress_outside_assumption9,False,9e99a78560abfe1f1c2a9b080b68d206c8daaef3711289eebcf5fcc14a7c4ae6,,,,
inference_diagnostic,763b8f26ce16fd9c,dgp1_N100_T100_r2026080803_truth1-1-1,1,100,100,2026080803,selected_rank,A_G1_time_average,success,0.013889017338818452,True,78,9.193437262095413e-09,True,1.638530502387018,0.212347228496244,29.802067795995484,140.34592307628176,0.00016375180828267084,0.012796554547325261,0.05016157207791953,True,True,0.5442352768454572,0.546626202093155,0.5416071548871978,0.544472473556019,0.989131184612175,,,theorem_covered,True,9e99a78560abfe1f1c2a9b080b68d206c8daaef3711289eebcf5fcc14a7c4ae6,success,success,success,success
inference_diagnostic,763b8f26ce16fd9c,dgp1_N100_T100_r2026080803_truth1-1-1,1,100,100,2026080803,selected_rank,A_G2_time_average,success,0.013875297723258972,True,79,8.246597056428192e-09,True,1.5104911597280175,0.212347228496244,29.802067795995484,140.34592307628176,0.00016055038971334775,0.012670848026606101,0.04966881157145675,True,True,0.5294902355013873,0.534016385414336,0.5269551485137295,0.5274991725760964,0.9888603031882319,,,theorem_covered,True,9e99a78560abfe1f1c2a9b080b68d206c8daaef3711289eebcf5fcc14a7c4ae6,success,success,success,success
inference_diagnostic,763b8f26ce16fd9c,dgp1_N100_T100_r2026080803_truth1-1-1,1,100,100,2026080803,selected_rank,A_G2_minus_G1_time_average,success,0.019275950607359277,True,73,8.217626581444188e-09,True,4.547577028640183,0.212347228496244,29.802067795995484,140.34592307628176,0.0002568310532202337,0.016025949370325417,0.06282056716780035,True,True,-0.014745041344069919,-0.01260981667881911,-0.014652006373468373,-0.016973300979922275,0.978118643489292,,,theorem_covered,True,9e99a78560abfe1f1c2a9b080b68d206c8daaef3711289eebcf5fcc14a7c4ae6,success,success,success,success
inference_diagnostic,763b8f26ce16fd9c,dgp1_N100_T100_r2026080803_truth1-1-1,1,100,100,2026080803,selected_rank,B_G1_fixed_time,target_unsupported_selected_rank,0.0,False,0,,False,,0.212347228496244,29.802067795995484,140.34592307628176,,,,True,False,0.0,,,0.0,0.6791614610048483,,,theorem_covered,True,9e99a78560abfe1f1c2a9b080b68d206c8daaef3711289eebcf5fcc14a7c4ae6,,,,
inference_diagnostic,763b8f26ce16fd9c,dgp1_N100_T100_r2026080803_truth1-1-1,1,100,100,2026080803,selected_rank,B_G2_fixed_time,target_unsupported_selected_rank,0.0,False,0,,False,,0.212347228496244,29.802067795995484,140.34592307628176,,,,True,False,0.0,,,0.0,0.6525240423054056,,,theorem_covered,True,9e99a78560abfe1f1c2a9b080b68d206c8daaef3711289eebcf5fcc14a7c4ae6,,,,
inference_diagnostic,763b8f26ce16fd9c,dgp1_N100_T100_r2026080803_truth1-1-1,1,100,100,2026080803,selected_rank,B_G2_minus_G1_fixed_time,target_unsupported_selected_rank,0.0,False,0,,False,,0.212347228496244,29.802067795995484,140.34592307628176,,,,True,False,0.0,,,0.0,0.10634083008604138,,,weak_target_stress_outside_assumption9,False,9e99a78560abfe1f1c2a9b080b68d206c8daaef3711289eebcf5fcc14a7c4ae6,,,,
inference_diagnostic,763b8f26ce16fd9c,dgp1_N100_T100_r2026080803_truth1-1-1,1,100,100,2026080803,selected_rank,B_G1_time_average,target_unsupported_selected_rank,0.0,False,0,,False,,0.212347228496244,29.802067795995484,140.34592307628176,,,,True,False,0.0,,,0.0,0.9694547335808688,,,theorem_covered,True,9e99a78560abfe1f1c2a9b080b68d206c8daaef3711289eebcf5fcc14a7c4ae6,success,success,success,success
inference_diagnostic,763b8f26ce16fd9c,dgp1_N100_T100_r2026080803_truth1-1-1,1,100,100,2026080803,selected_rank,B_G2_time_average,target_unsupported_selected_rank,0.0,False,0,,False,,0.212347228496244,29.802067795995484,140.34592307628176,,,,True,False,0.0,,,0.0,0.9674096760826851,,,theorem_covered,True,9e99a78560abfe1f1c2a9b080b68d206c8daaef3711289eebcf5fcc14a7c4ae6,success,success,success,success
inference_diagnostic,763b8f26ce16fd9c,dgp1_N100_T100_r2026080803_truth1-1-1,1,100,100,2026080803,selected_rank,B_G2_minus_G1_time_average,target_unsupported_selected_rank,0.0,False,0,,False,,0.212347228496244,29.802067795995484,140.34592307628176,,,,True,False,0.0,,,0.0,0.9431857238083582,,,theorem_covered,True,9e99a78560abfe1f1c2a9b080b68d206c8daaef3711289eebcf5fcc14a7c4ae6,success,success,success,success
inference_diagnostic,763b8f26ce16fd9c,dgp1_N50_T50_r2026080801_truth1-1-1,1,50,50,2026080801,selected_rank,A_entry,success,0.1521409428978827,True,84,8.41164570084648e-09,True,3.731416352567931,0.2039495085892062,36.317317068687395,178.07013765273393,0.02656827927831647,0.1629977891822968,0.6389395927139083,True,True,0.23134975792768653,,,0.23134975792768653,0.18308251272594703,1.3064876660599145,0.3793859176850607,theorem_covered,True,fac0c8d9c6b9728facac166d28752a392dad8290e4c0cf46f5efc244aaeff526,,,,
inference_diagnostic,763b8f26ce16fd9c,dgp1_N50_T50_r2026080801_truth1-1-1,1,50,50,2026080801,selected_rank,B_entry,success,0.1615732781107679,True,88,7.3570016628652665e-09,True,1.425099414203534,0.2039495085892062,36.317317068687395,178.07013765273393,0.05458091622713403,0.23362558983795853,0.9157954838986512,True,True,0.420834713523826,,,0.420834713523826,0.19615973239739548,0.7954914225256274,1.1466841564005155,entry_leverage_requires_author_choice,False,fac0c8d9c6b9728facac166d28752a392dad8290e4c0cf46f5efc244aaeff526,,,,
inference_diagnostic,763b8f26ce16fd9c,dgp1_N50_T50_r2026080801_truth1-1-1,1,50,50,2026080801,selected_rank,A_fixed_time_mean,success,0.13677001498143135,True,82,9.242936612250097e-09,True,3.590109288807022,0.2039495085892062,36.317317068687395,178.07013765273393,0.02531762982660254,0.15911514643993682,0.6237199128341855,True,True,0.23138605959705877,,,0.23138605959705877,0.9958064190194811,,,theorem_covered,True,fac0c8d9c6b9728facac166d28752a392dad8290e4c0cf46f5efc244aaeff526,,,,
inference_diagnostic,763b8f26ce16fd9c,dgp1_N50_T50_r2026080801_truth1-1-1,1,50,50,2026080801,selected_rank,B_fixed_time_mean,success,0.12466604576993925,True,88,7.71699276418449e-09,True,1.1222276437822318,0.2039495085892062,36.317317068687395,178.07013765273393,0.033933612271061536,0.18421078217916978,0.7220929972702511,True,True,0.7807065825784525,,,0.7807065825784525,0.9492601788144062,,,theorem_covered,True,fac0c8d9c6b9728facac166d28752a392dad8290e4c0cf46f5efc244aaeff526,,,,
inference_diagnostic,763b8f26ce16fd9c,dgp1_N50_T50_r2026080801_truth1-1-1,1,50,50,2026080801,selected_rank,A_full_mean,success,0.01991001002117857,True,89,9.455622804423784e-09,True,0.8317136591398031,0.2039495085892062,36.317317068687395,178.07013765273393,0.0005170145189687739,0.022737953271320922,0.08913113898788742,True,True,0.45098672736327317,0.4416438156354229,0.4420810896083578,0.46923527684603894,0.9997357040175304,,,theorem_covered,True,fac0c8d9c6b9728facac166d28752a392dad8290e4c0cf46f5efc244aaeff526,success,success,success,success
inference_diagnostic,763b8f26ce16fd9c,dgp1_N50_T50_r2026080801_truth1-1-1,1,50,50,2026080801,selected_rank,B_full_mean,success,0.019627850310849418,True,91,9.504511548668403e-09,True,0.762945351226983,0.2039495085892062,36.317317068687395,178.07013765273393,0.002372158392873511,0.048704808724329376,0.1909193419471956,True,True,0.685937692597156,0.6745362427477266,0.6969984938128411,0.6862783412309001,0.9962946727553194,,,theorem_covered,True,fac0c8d9c6b9728facac166d28752a392dad8290e4c0cf46f5efc244aaeff526,success,success,success,success
inference_diagnostic,763b8f26ce16fd9c,dgp1_N50_T50_r2026080801_truth1-1-1,1,50,50,2026080801,selected_rank,A_G1_fixed_time,success,0.14368414216857914,True,83,8.459750966093835e-09,True,3.5837992931291835,0.2039495085892062,36.317317068687395,178.07013765273393,0.027829530777731232,0.1668218534177439,0.6539296490659963,True,True,0.24260162409149033,,,0.24260162409149033,0.7170219768181919,,,theorem_covered,True,fac0c8d9c6b9728facac166d28752a392dad8290e4c0cf46f5efc244aaeff526,,,,
inference_diagnostic,763b8f26ce16fd9c,dgp1_N50_T50_r2026080801_truth1-1-1,1,50,50,2026080801,selected_rank,A_G2_fixed_time,success,0.13052168303604528,True,83,9.999251291134488e-09,True,3.5881027972460884,0.2039495085892062,36.317317068687395,178.07013765273393,0.022989877333302138,0.15162413176438022,0.5943556748906816,True,True,0.2201704951026272,,,0.2201704951026272,0.6966408869186511,,,theorem_covered,True,fac0c8d9c6b9728facac166d28752a392dad8290e4c0cf46f5efc244aaeff526,,,,
inference_diagnostic,763b8f26ce16fd9c,dgp1_N50_T50_r2026080801_truth1-1-1,1,50,50,2026080801,selected_rank,A_G2_minus_G1_fixed_time,success,0.02319346706468988,True,87,8.432060170489736e-09,True,2.9435893660860555,0.2039495085892062,36.317317068687395,178.07013765273393,0.0003682969187992018,0.019191063514021358,0.0752275866250051,True,True,-0.022431128988863097,,,-0.022431128988863097,0.0883097752611262,,,weak_target_stress_outside_assumption9,False,fac0c8d9c6b9728facac166d28752a392dad8290e4c0cf46f5efc244aaeff526,,,,
inference_diagnostic,763b8f26ce16fd9c,dgp1_N50_T50_r2026080801_truth1-1-1,1,50,50,2026080801,selected_rank,A_G1_time_average,success,0.027318107011066874,True,89,9.857744921642518e-09,True,1.0398977659780146,0.2039495085892062,36.317317068687395,178.07013765273393,0.0007854597065427564,0.028026054066578057,0.10986011319853063,True,True,0.472846604037277,0.4690257501379148,0.4686914768402828,0.4808225851336335,0.984539320858538,,,theorem_covered,True,fac0c8d9c6b9728facac166d28752a392dad8290e4c0cf46f5efc244aaeff526,success,success,success,success
inference_diagnostic,763b8f26ce16fd9c,dgp1_N50_T50_r2026080801_truth1-1-1,1,50,50,2026080801,selected_rank,A_G2_time_average,success,0.027134134864752402,True,89,6.738109791592636e-09,True,1.2147465599516398,0.2039495085892062,36.317317068687395,178.07013765273393,0.0008673995867897011,0.02945164828646609,0.11544833985362866,True,True,0.4291268506892692,0.41426188113293094,0.4154707023764327,0.45764796855844403,0.9836148912579276,,,theorem_covered,True,fac0c8d9c6b9728facac166d28752a392dad8290e4c0cf46f5efc244aaeff526,success,success,success,success
inference_diagnostic,763b8f26ce16fd9c,dgp1_N50_T50_r2026080801_truth1-1-1,1,50,50,2026080801,selected_rank,A_G2_minus_G1_time_average,success,0.037140900566351664,True,87,8.8142480477421e-09,True,2.6036990366017134,0.2039495085892062,36.317317068687395,178.07013765273393,0.0012376605140265048,0.03518039957172892,0.13790463224463406,True,True,-0.04371975334800776,-0.054763869004983846,-0.053220774463850026,-0.02317461657518942,0.9681655079238859,,,theorem_covered,True,fac0c8d9c6b9728facac166d28752a392dad8290e4c0cf46f5efc244aaeff526,success,success,success,success
inference_diagnostic,763b8f26ce16fd9c,dgp1_N50_T50_r2026080801_truth1-1-1,1,50,50,2026080801,selected_rank,B_G1_fixed_time,success,0.11105797543691684,True,88,8.979995647138807e-09,True,1.1003102724778737,0.2039495085892062,36.317317068687395,178.07013765273393,0.02706079530507314,0.16450165745387837,0.6448346480134931,True,True,0.6801202772681524,,,0.6801202772681524,0.6480670700756471,,,theorem_covered,True,fac0c8d9c6b9728facac166d28752a392dad8290e4c0cf46f5efc244aaeff526,,,,
inference_diagnostic,763b8f26ce16fd9c,dgp1_N50_T50_r2026080801_truth1-1-1,1,50,50,2026080801,selected_rank,B_G2_fixed_time,success,0.14184349315020217,True,88,6.613778913562549e-09,True,1.1077136897495399,0.2039495085892062,36.317317068687395,178.07013765273393,0.04428026295705401,0.21042875981446552,0.8248655810955636,True,True,0.8812928878887525,,,0.8812928878887525,0.7114429179629029,,,theorem_covered,True,fac0c8d9c6b9728facac166d28752a392dad8290e4c0cf46f5efc244aaeff526,,,,
inference_diagnostic,763b8f26ce16fd9c,dgp1_N50_T50_r2026080801_truth1-1-1,1,50,50,2026080801,selected_rank,B_G2_minus_G1_fixed_time,success,0.052348916347391555,True,91,8.758187104325079e-09,True,0.8500450165949122,0.2039495085892062,36.317317068687395,178.07013765273393,0.006947667445278765,0.08335266909510915,0.3267364588833975,True,True,0.20117261062060002,,,0.20117261062060002,0.15826264800402337,,,weak_target_stress_outside_assumption9,False,fac0c8d9c6b9728facac166d28752a392dad8290e4c0cf46f5efc244aaeff526,,,,
inference_diagnostic,763b8f26ce16fd9c,dgp1_N50_T50_r2026080801_truth1-1-1,1,50,50,2026080801,selected_rank,B_G1_time_average,success,0.02661739163450852,True,91,8.927206017222573e-09,True,0.7796518185534068,0.2039495085892062,36.317317068687395,178.07013765273393,0.004502613913115943,0.0671015194545991,0.263033122877856,True,True,0.5975614194734605,0.5690941484168317,0.6552891176962197,0.5683009923073301,0.9780706651505403,,,theorem_covered,True,fac0c8d9c6b9728facac166d28752a392dad8290e4c0cf46f5efc244aaeff526,success,success,success,success
inference_diagnostic,763b8f26ce16fd9c,dgp1_N50_T50_r2026080801_truth1-1-1,1,50,50,2026080801,selected_rank,B_G2_time_average,success,0.027096848736551608,True,89,9.89243634383288e-09,True,0.751327398593383,0.2039495085892062,36.317317068687395,178.07013765273393,0.004585960958552013,0.06771972355637619,0.26545643842701205,True,True,0.7743139657208515,0.7799783370786213,0.7387078699294627,0.8042556901544706,0.9813592490462588,,,theorem_covered,True,fac0c8d9c6b9728facac166d28752a392dad8290e4c0cf46f5efc244aaeff526,success,success,success,success
inference_diagnostic,763b8f26ce16fd9c,dgp1_N50_T50_r2026080801_truth1-1-1,1,50,50,2026080801,selected_rank,B_G2_minus_G1_time_average,success,0.03666659878489247,True,91,9.854520481889394e-09,True,0.7667111576256244,0.2039495085892062,36.317317068687395,178.07013765273393,0.00868851616456415,0.09321221038342643,0.36538515054177256,True,True,0.1767525462473909,0.21088418866178948,0.08341875223324305,0.23595469784714015,0.962852598665048,,,theorem_covered,True,fac0c8d9c6b9728facac166d28752a392dad8290e4c0cf46f5efc244aaeff526,success,success,success,success
inference_diagnostic,763b8f26ce16fd9c,dgp1_N50_T50_r2026080802_truth1-1-1,1,50,50,2026080802,selected_rank,A_entry,success,0.17847883051465235,True,77,9.111845336358459e-09,True,2.7591967263797432,0.2130678107893025,28.664294254036818,134.53132196670586,0.015711528810237935,0.1253456373801575,0.49134586976865247,True,True,0.3888897692917071,,,0.3888897692917071,0.20265798452179512,0.8028737040124311,1.2710490679730784,theorem_covered,True,fb6d3011f0dce6579ccbf349a4a35fbea6df86c09e0d7915039eb52c191f3745,,,,
inference_diagnostic,763b8f26ce16fd9c,dgp1_N50_T50_r2026080802_truth1-1-1,1,50,50,2026080802,selected_rank,B_entry,success,0.13584064939100018,True,78,7.863808162791391e-09,True,1.4289028855026347,0.2130678107893025,28.664294254036818,134.53132196670586,0.03297013247338156,0.18157679497496798,0.7117679571583014,True,True,0.07173242386678975,,,0.07173242386678975,0.17363415790296194,1.0412350816659441,0.4761210363917981,entry_leverage_requires_author_choice,False,fb6d3011f0dce6579ccbf349a4a35fbea6df86c09e0d7915039eb52c191f3745,,,,
inference_diagnostic,763b8f26ce16fd9c,dgp1_N50_T50_r2026080802_truth1-1-1,1,50,50,2026080802,selected_rank,A_fixed_time_mean,success,0.1372816547353335,True,77,6.619457355631111e-09,True,4.621027006721821,0.2130678107893025,28.664294254036818,134.53132196670586,0.010387955327632741,0.10192131929892166,0.39952423016538724,True,True,0.5252841749083421,,,0.5252841749083421,0.9956031358073759,,,theorem_covered,True,fb6d3011f0dce6579ccbf349a4a35fbea6df86c09e0d7915039eb52c191f3745,,,,
inference_diagnostic,763b8f26ce16fd9c,dgp1_N50_T50_r2026080802_truth1-1-1,1,50,50,2026080802,selected_rank,B_fixed_time_mean,success,0.11915549177853892,True,77,9.891560367313338e-09,True,1.4366111623342317,0.2130678107893025,28.664294254036818,134.53132196670586,0.02540599033410494,0.15939256674671168,0.624807380453903,True,True,0.06315959697818015,,,0.06315959697818015,0.9310019826161319,,,theorem_covered,True,fb6d3011f0dce6579ccbf349a4a35fbea6df86c09e0d7915039eb52c191f3745,,,,
inference_diagnostic,763b8f26ce16fd9c,dgp1_N50_T50_r2026080802_truth1-1-1,1,50,50,2026080802,selected_rank,A_full_mean,success,0.019956876065143007,True,82,9.706499031339545e-09,True,0.7908307804761017,0.2130678107893025,28.664294254036818,134.53132196670586,0.0005256161178812595,0.022926319326949527,0.0898695203577713,True,True,0.48481172480480356,0.4820070522068092,0.4911902580650944,0.481237864142507,0.9998407238558021,,,theorem_covered,True,fb6d3011f0dce6579ccbf349a4a35fbea6df86c09e0d7915039eb52c191f3745,success,success,success,success
inference_diagnostic,763b8f26ce16fd9c,dgp1_N50_T50_r2026080802_truth1-1-1,1,50,50,2026080802,selected_rank,B_full_mean,success,0.01952005616121062,True,84,9.435104742169686e-09,True,0.6519083659799642,0.2130678107893025,28.664294254036818,134.53132196670586,0.002736008004378701,0.05230686383619936,0.20503913852638272,True,True,0.6844412749800435,0.6911994408956356,0.6900912808242664,0.6720331032202281,0.995173368762929,,,theorem_covered,True,fb6d3011f0dce6579ccbf349a4a35fbea6df86c09e0d7915039eb52c191f3745,success,success,success,success
inference_diagnostic,763b8f26ce16fd9c,dgp1_N50_T50_r2026080802_truth1-1-1,1,50,50,2026080802,selected_rank,A_G1_fixed_time,success,0.13345429834612418,True,77,9.557454865676647e-09,True,4.5932027815965,0.2130678107893025,28.664294254036818,134.53132196670586,0.009700999196138496,0.09849365053717167,0.38608801551746125,True,True,0.5038557777390876,,,0.5038557777390876,0.7016504458733334,,,theorem_covered,True,fb6d3011f0dce6579ccbf349a4a35fbea6df86c09e0d7915039eb52c191f3745,,,,
inference_diagnostic,763b8f26ce16fd9c,dgp1_N50_T50_r2026080802_truth1-1-1,1,50,50,2026080802,selected_rank,A_G2_fixed_time,success,0.1442715280421068,True,77,8.686289474696109e-09,True,4.546112343224309,0.2130678107893025,28.664294254036818,134.53132196670586,0.01141509602478717,0.10684145274558546,0.4188107988745711,True,True,0.5467125720775966,,,0.5467125720775966,0.7242949146954825,,,theorem_covered,True,fb6d3011f0dce6579ccbf349a4a35fbea6df86c09e0d7915039eb52c191f3745,,,,
inference_diagnostic,763b8f26ce16fd9c,dgp1_N50_T50_r2026080802_truth1-1-1,1,50,50,2026080802,selected_rank,A_G2_minus_G1_fixed_time,success,0.0431698528354706,True,78,8.06945510826153e-09,True,2.9481436210429033,0.2130678107893025,28.664294254036818,134.53132196670586,0.0006803691288868733,0.026083886383874495,0.10224695577845744,True,True,0.04285679433850886,,,0.04285679433850886,0.1602837097727112,,,weak_target_stress_outside_assumption9,False,fb6d3011f0dce6579ccbf349a4a35fbea6df86c09e0d7915039eb52c191f3745,,,,
inference_diagnostic,763b8f26ce16fd9c,dgp1_N50_T50_r2026080802_truth1-1-1,1,50,50,2026080802,selected_rank,A_G1_time_average,success,0.02769223298426131,True,81,7.593751768922434e-09,True,1.2016439739745821,0.2130678107893025,28.664294254036818,134.53132196670586,0.0007750379126196502,0.027839502736572905,0.10912884542237435,True,True,0.4650343572622893,0.4634671196192226,0.4805429135895983,0.4510930385780471,0.9907421605909968,,,theorem_covered,True,fb6d3011f0dce6579ccbf349a4a35fbea6df86c09e0d7915039eb52c191f3745,success,success,success,success
inference_diagnostic,763b8f26ce16fd9c,dgp1_N50_T50_r2026080802_truth1-1-1,1,50,50,2026080802,selected_rank,A_G2_time_average,success,0.027773125755441587,True,82,7.869540933691266e-09,True,0.9849926510408133,0.2130678107893025,28.664294254036818,134.53132196670586,0.0008189596680347953,0.028617471377373565,0.11217842645651609,True,True,0.5045890923473179,0.5005469847943957,0.5018376025405905,0.5113826897069672,0.9913335502074455,,,theorem_covered,True,fb6d3011f0dce6579ccbf349a4a35fbea6df86c09e0d7915039eb52c191f3745,success,success,success,success
inference_diagnostic,763b8f26ce16fd9c,dgp1_N50_T50_r2026080802_truth1-1-1,1,50,50,2026080802,selected_rank,A_G2_minus_G1_time_average,success,0.03851369827277633,True,78,8.908811143155867e-09,True,2.808596548679745,0.2130678107893025,28.664294254036818,134.53132196670586,0.001085530687485625,0.032947392726673,0.129151406257552,True,True,0.0395547350850285,0.037079865175173095,0.021294688950992277,0.06028965112892014,0.982156180787418,,,theorem_covered,True,fb6d3011f0dce6579ccbf349a4a35fbea6df86c09e0d7915039eb52c191f3745,success,success,success,success
inference_diagnostic,763b8f26ce16fd9c,dgp1_N50_T50_r2026080802_truth1-1-1,1,50,50,2026080802,selected_rank,B_G1_fixed_time,success,0.10696217118084043,True,78,8.441073626515622e-09,True,1.4349698725328288,0.2130678107893025,28.664294254036818,134.53132196670586,0.02047770087933585,0.1431003175375088,0.5609429370995254,True,True,0.05668796784074617,,,0.05668796784074617,0.6510744162611501,,,theorem_covered,True,fb6d3011f0dce6579ccbf349a4a35fbea6df86c09e0d7915039eb52c191f3745,,,,
inference_diagnostic,763b8f26ce16fd9c,dgp1_N50_T50_r2026080802_truth1-1-1,1,50,50,2026080802,selected_rank,B_G2_fixed_time,success,0.13137323242351662,True,76,9.992622792754183e-09,True,1.43690395305428,0.2130678107893025,28.664294254036818,134.53132196670586,0.030884600948748963,0.1757401517831055,0.6888887362649787,True,True,0.06963122611561412,,,0.06963122611561412,0.6727778006982515,,,theorem_covered,True,fb6d3011f0dce6579ccbf349a4a35fbea6df86c09e0d7915039eb52c191f3745,,,,
inference_diagnostic,763b8f26ce16fd9c,dgp1_N50_T50_r2026080802_truth1-1-1,1,50,50,2026080802,selected_rank,B_G2_minus_G1_fixed_time,success,0.024648319178062164,True,80,9.518878280737587e-09,True,1.3931968241597845,0.2130678107893025,28.664294254036818,134.53132196670586,0.0011006423157771381,0.033175929765074226,0.13004725498635172,True,True,0.012943258274867942,,,0.012943258274867942,0.09880876978793346,,,weak_target_stress_outside_assumption9,False,fb6d3011f0dce6579ccbf349a4a35fbea6df86c09e0d7915039eb52c191f3745,,,,
inference_diagnostic,763b8f26ce16fd9c,dgp1_N50_T50_r2026080802_truth1-1-1,1,50,50,2026080802,selected_rank,B_G1_time_average,success,0.026582635765447626,True,86,8.84111178004323e-09,True,0.6952856888190638,0.2130678107893025,28.664294254036818,134.53132196670586,0.004884194531979996,0.06988701261307423,0.27395205541744394,True,True,0.6143102052781018,0.607330768026308,0.6199398262939801,0.6156600215140171,0.9789589159759357,,,theorem_covered,True,fb6d3011f0dce6579ccbf349a4a35fbea6df86c09e0d7915039eb52c191f3745,success,success,success,success
inference_diagnostic,763b8f26ce16fd9c,dgp1_N50_T50_r2026080802_truth1-1-1,1,50,50,2026080802,selected_rank,B_G2_time_average,success,0.02693801042605974,True,84,8.31666693112246e-09,True,0.6146160393495069,0.2130678107893025,28.664294254036818,134.53132196670586,0.005643022178410043,0.07512005177321195,0.2944651919845593,True,True,0.7545723446819852,0.7750681137649632,0.7602427353545527,0.7284061849264396,0.9800190062643037,,,theorem_covered,True,fb6d3011f0dce6579ccbf349a4a35fbea6df86c09e0d7915039eb52c191f3745,success,success,success,success
inference_diagnostic,763b8f26ce16fd9c,dgp1_N50_T50_r2026080802_truth1-1-1,1,50,50,2026080802,selected_rank,B_G2_minus_G1_time_average,success,0.036612231422827136,True,85,8.203520277802007e-09,True,0.6456955935121832,0.2130678107893025,28.664294254036818,134.53132196670586,0.01011040140654304,0.1005504918264602,0.3941506852153021,True,True,0.1402621394038836,0.16773734573865523,0.14030290906057247,0.1127461634124231,0.9635495721098646,,,theorem_covered,True,fb6d3011f0dce6579ccbf349a4a35fbea6df86c09e0d7915039eb52c191f3745,success,success,success,success
inference_diagnostic,763b8f26ce16fd9c,dgp1_N50_T50_r2026080803_truth1-1-1,1,50,50,2026080803,selected_rank,A_entry,success,0.20171053078050125,True,118,7.909097318833107e-09,True,0.4110213851016351,0.14069226113078484,46.192302078417846,328.32155590618,0.016419578993787348,0.12813890507487313,0.5022952779302962,True,True,0.4890230718588515,,,0.4890230718588515,0.21065553887357913,1.292206940106967,0.9511628474519194,theorem_covered,True,1ae5a43fd85e4efa8d1556283a9f25efa69dde5de4272b2d412aeb1e6e1e9c07,,,,
inference_diagnostic,763b8f26ce16fd9c,dgp1_N50_T50_r2026080803_truth1-1-1,1,50,50,2026080803,selected_rank,B_entry,success,0.13398885300321522,True,115,9.029967290009753e-09,True,1.383482098663177,0.14069226113078484,46.192302078417846,328.32155590618,0.017062986206067686,0.13062536586003382,0.5120420251060684,True,True,0.2841681139809365,,,0.2841681139809365,0.16709502651903052,0.10438903294261634,1.2943506817462818,entry_leverage_requires_author_choice,False,1ae5a43fd85e4efa8d1556283a9f25efa69dde5de4272b2d412aeb1e6e1e9c07,,,,
inference_diagnostic,763b8f26ce16fd9c,dgp1_N50_T50_r2026080803_truth1-1-1,1,50,50,2026080803,selected_rank,A_fixed_time_mean,success,0.13779645194295817,True,119,7.521053141547913e-09,True,0.36822487891210776,0.14069226113078484,46.192302078417846,328.32155590618,0.010061572775581902,0.10030739143045193,0.3931977491736949,True,True,0.39302531213837727,,,0.39302531213837727,0.9963002572008812,,,theorem_covered,True,1ae5a43fd85e4efa8d1556283a9f25efa69dde5de4272b2d412aeb1e6e1e9c07,,,,
inference_diagnostic,763b8f26ce16fd9c,dgp1_N50_T50_r2026080803_truth1-1-1,1,50,50,2026080803,selected_rank,B_fixed_time_mean,success,0.12494122352844496,True,119,9.241865173027712e-09,True,1.0194020380468065,0.14069226113078484,46.192302078417846,328.32155590618,0.02531802960559712,0.15911640269185676,0.6237248372512227,True,True,0.5890326326949265,,,0.5890326326949265,0.9450057046384449,,,theorem_covered,True,1ae5a43fd85e4efa8d1556283a9f25efa69dde5de4272b2d412aeb1e6e1e9c07,,,,
inference_diagnostic,763b8f26ce16fd9c,dgp1_N50_T50_r2026080803_truth1-1-1,1,50,50,2026080803,selected_rank,A_full_mean,success,0.01996736398071989,True,121,9.819135183009396e-09,True,0.5700901568828095,0.14069226113078484,46.192302078417846,328.32155590618,0.0005333624289948836,0.023094640698544836,0.09052932801008166,True,True,0.4982584752185747,0.4831738994956709,0.5048189170341616,0.5067826091258917,0.9998626023542528,,,theorem_covered,True,1ae5a43fd85e4efa8d1556283a9f25efa69dde5de4272b2d412aeb1e6e1e9c07,success,success,success,success
inference_diagnostic,763b8f26ce16fd9c,dgp1_N50_T50_r2026080803_truth1-1-1,1,50,50,2026080803,selected_rank,B_full_mean,success,0.01955471220726076,True,122,7.344833844139607e-09,True,0.694915403957462,0.14069226113078484,46.192302078417846,328.32155590618,0.0025435998282794083,0.0504341137354411,0.1976980930273228,True,True,0.6220581289066174,0.6059450740485209,0.5922052265038902,0.6680240861674411,0.9958442614935205,,,theorem_covered,True,1ae5a43fd85e4efa8d1556283a9f25efa69dde5de4272b2d412aeb1e6e1e9c07,success,success,success,success
inference_diagnostic,763b8f26ce16fd9c,dgp1_N50_T50_r2026080803_truth1-1-1,1,50,50,2026080803,selected_rank,A_G1_fixed_time,success,0.13944608733825947,True,118,8.210370925968274e-09,True,0.37265756807621514,0.14069226113078484,46.192302078417846,328.32155590618,0.010244397880520908,0.10121461297915883,0.3967539922966232,True,True,0.3953687280382692,,,0.3953687280382692,0.7151995097301389,,,theorem_covered,True,1ae5a43fd85e4efa8d1556283a9f25efa69dde5de4272b2d412aeb1e6e1e9c07,,,,
inference_diagnostic,763b8f26ce16fd9c,dgp1_N50_T50_r2026080803_truth1-1-1,1,50,50,2026080803,selected_rank,A_G2_fixed_time,success,0.1378328990908724,True,119,7.521893894591179e-09,True,0.3709393638144411,0.14069226113078484,46.192302078417846,328.32155590618,0.010031794854542666,0.1001588481091045,0.39261547005372505,True,True,0.3906818962384852,,,0.3906818962384852,0.7072200511505439,,,theorem_covered,True,1ae5a43fd85e4efa8d1556283a9f25efa69dde5de4272b2d412aeb1e6e1e9c07,,,,
inference_diagnostic,763b8f26ce16fd9c,dgp1_N50_T50_r2026080803_truth1-1-1,1,50,50,2026080803,selected_rank,A_G2_minus_G1_fixed_time,success,0.030574335957078674,True,114,7.846468758948226e-09,True,2.4417937747222984,0.14069226113078484,46.192302078417846,328.32155590618,0.0003060943595535427,0.017495552564967553,0.06858130583392753,True,True,-0.004686831799784034,,,-0.004686831799784034,0.13804469192644286,,,weak_target_stress_outside_assumption9,False,1ae5a43fd85e4efa8d1556283a9f25efa69dde5de4272b2d412aeb1e6e1e9c07,,,,
inference_diagnostic,763b8f26ce16fd9c,dgp1_N50_T50_r2026080803_truth1-1-1,1,50,50,2026080803,selected_rank,A_G1_time_average,success,0.027812054232829692,True,119,9.804683490506791e-09,True,0.8282271905057911,0.14069226113078484,46.192302078417846,328.32155590618,0.0008331008235707819,0.028863485991314042,0.1131427860225038,True,True,0.5012293445163569,0.4905243339350655,0.497286595971094,0.5158771036429113,0.9908716102005671,,,theorem_covered,True,1ae5a43fd85e4efa8d1556283a9f25efa69dde5de4272b2d412aeb1e6e1e9c07,success,success,success,success
inference_diagnostic,763b8f26ce16fd9c,dgp1_N50_T50_r2026080803_truth1-1-1,1,50,50,2026080803,selected_rank,A_G2_time_average,success,0.027801688908185882,True,120,9.734260921629825e-09,True,0.7576915941590169,0.14069226113078484,46.192302078417846,328.32155590618,0.0008708102600436457,0.029509494405083353,0.11567509247189921,True,True,0.4952876059207925,0.4758234650562766,0.5123512380972293,0.49768811460887186,0.9906585106584685,,,theorem_covered,True,1ae5a43fd85e4efa8d1556283a9f25efa69dde5de4272b2d412aeb1e6e1e9c07,success,success,success,success
inference_diagnostic,763b8f26ce16fd9c,dgp1_N50_T50_r2026080803_truth1-1-1,1,50,50,2026080803,selected_rank,A_G2_minus_G1_time_average,success,0.03870537477199533,True,116,7.3794897862801095e-09,True,2.4807979275124445,0.14069226113078484,46.192302078417846,328.32155590618,0.0012743724452041973,0.035698353536321496,0.13993497447713643,True,True,-0.005941738595564361,-0.014700868878789006,0.015064642126135305,-0.018188989034039385,0.981583215552766,,,theorem_covered,True,1ae5a43fd85e4efa8d1556283a9f25efa69dde5de4272b2d412aeb1e6e1e9c07,success,success,success,success
inference_diagnostic,763b8f26ce16fd9c,dgp1_N50_T50_r2026080803_truth1-1-1,1,50,50,2026080803,selected_rank,B_G1_fixed_time,success,0.1093373594009408,True,116,9.337040897146354e-09,True,1.0112802159698702,0.14069226113078484,46.192302078417846,328.32155590618,0.019826138089139796,0.14080531981832148,0.551946711351108,True,True,0.507608736753546,,,0.507608736753546,0.6285469616750644,,,theorem_covered,True,1ae5a43fd85e4efa8d1556283a9f25efa69dde5de4272b2d412aeb1e6e1e9c07,,,,
inference_diagnostic,763b8f26ce16fd9c,dgp1_N50_T50_r2026080803_truth1-1-1,1,50,50,2026080803,selected_rank,B_G2_fixed_time,success,0.14292310645533549,True,119,7.674758069821147e-09,True,1.0167712643554703,0.14069226113078484,46.192302078417846,328.32155590618,0.0330067496274174,0.18167759803403774,0.7121630978889179,True,True,0.6704565286363069,,,0.6704565286363069,0.7273408040911462,,,theorem_covered,True,1ae5a43fd85e4efa8d1556283a9f25efa69dde5de4272b2d412aeb1e6e1e9c07,,,,
inference_diagnostic,763b8f26ce16fd9c,dgp1_N50_T50_r2026080803_truth1-1-1,1,50,50,2026080803,selected_rank,B_G2_minus_G1_fixed_time,success,0.04818825263576084,True,119,8.750912374592178e-09,True,0.9114270757068332,0.14069226113078484,46.192302078417846,328.32155590618,0.0043936569791625316,0.06628466624463407,0.2598311171334812,True,True,0.16284779188276086,,,0.16284779188276086,0.1762388905086105,,,weak_target_stress_outside_assumption9,False,1ae5a43fd85e4efa8d1556283a9f25efa69dde5de4272b2d412aeb1e6e1e9c07,,,,
inference_diagnostic,763b8f26ce16fd9c,dgp1_N50_T50_r2026080803_truth1-1-1,1,50,50,2026080803,selected_rank,B_G1_time_average,success,0.0262196613724413,True,120,9.09187033214106e-09,True,0.7475918219024512,0.14069226113078484,46.192302078417846,328.32155590618,0.00471353627727602,0.06865519847233725,0.2691234327144607,True,True,0.5360690112479778,0.5329627146976498,0.5011623306213162,0.5740819884249675,0.9762646610656951,,,theorem_covered,True,1ae5a43fd85e4efa8d1556283a9f25efa69dde5de4272b2d412aeb1e6e1e9c07,success,success,success,success
inference_diagnostic,763b8f26ce16fd9c,dgp1_N50_T50_r2026080803_truth1-1-1,1,50,50,2026080803,selected_rank,B_G2_time_average,success,0.026860104120195655,True,121,8.299631830106046e-09,True,0.751080043793635,0.14069226113078484,46.192302078417846,328.32155590618,0.0042816680556338705,0.06543445618047017,0.25649835492337175,True,True,0.7080472465652567,0.6789274333993921,0.6832481223864638,0.7619661839099142,0.9815700099008325,,,theorem_covered,True,1ae5a43fd85e4efa8d1556283a9f25efa69dde5de4272b2d412aeb1e6e1e9c07,success,success,success,success
inference_diagnostic,763b8f26ce16fd9c,dgp1_N50_T50_r2026080803_truth1-1-1,1,50,50,2026080803,selected_rank,B_G2_minus_G1_time_average,success,0.03589323882893981,True,113,7.142512400603323e-09,True,0.8429759689217075,0.14069226113078484,46.192302078417846,328.32155590618,0.007816009340974667,0.08840819724988554,0.3465537650957774,True,True,0.17197823531727907,0.14596471870174235,0.18208579176514753,0.18788419548494736,0.9616998386361876,,,theorem_covered,True,1ae5a43fd85e4efa8d1556283a9f25efa69dde5de4272b2d412aeb1e6e1e9c07,success,success,success,success
inference_diagnostic,763b8f26ce16fd9c,dgp2_N100_T100_r2026080801_truth1-1-1,2,100,100,2026080801,selected_rank,A_entry,success,0.12744073296524103,True,86,5.9894821990415315e-09,True,1.0575665643789471,0.2655852100532608,50.94250395760674,191.81227730034615,0.006769689149075304,0.08227812071915172,0.32252430665035237,True,True,0.4863407681993763,,,0.4863407681993763,0.14482322770350822,0.7624694075158545,1.3451637830571586,theorem_covered,True,f33c7b3e15346a6aadaa28f4bab87d43dfa3d1998d545fdadc5371cb1644f68e,,,,
inference_diagnostic,763b8f26ce16fd9c,dgp2_N100_T100_r2026080801_truth1-1-1,2,100,100,2026080801,selected_rank,B_entry,target_unsupported_selected_rank,0.0,False,0,,False,,0.2655852100532608,50.94250395760674,191.81227730034615,,,,True,False,0.0,,,0.0,0.1521041373112432,2.1334977582619286,0.18399462158465704,entry_leverage_requires_author_choice,False,f33c7b3e15346a6aadaa28f4bab87d43dfa3d1998d545fdadc5371cb1644f68e,,,,
inference_diagnostic,763b8f26ce16fd9c,dgp2_N100_T100_r2026080801_truth1-1-1,2,100,100,2026080801,selected_rank,A_fixed_time_mean,success,0.09887724514745241,True,85,8.094948098548128e-09,True,0.5272977829490743,0.2655852100532608,50.94250395760674,191.81227730034615,0.003081400694579263,0.055510365649842935,0.217596634884683,True,True,0.5483472402578113,,,0.5483472402578113,0.9946905180887403,,,theorem_covered,True,f33c7b3e15346a6aadaa28f4bab87d43dfa3d1998d545fdadc5371cb1644f68e,,,,
inference_diagnostic,763b8f26ce16fd9c,dgp2_N100_T100_r2026080801_truth1-1-1,2,100,100,2026080801,selected_rank,B_fixed_time_mean,target_unsupported_selected_rank,0.0,False,0,,False,,0.2655852100532608,50.94250395760674,191.81227730034615,,,,True,False,0.0,,,0.0,0.9432074950640152,,,theorem_covered,True,f33c7b3e15346a6aadaa28f4bab87d43dfa3d1998d545fdadc5371cb1644f68e,,,,
inference_diagnostic,763b8f26ce16fd9c,dgp2_N100_T100_r2026080801_truth1-1-1,2,100,100,2026080801,selected_rank,A_full_mean,success,0.009992568683002386,True,90,9.839041890460432e-09,True,0.9313387597885607,0.2655852100532608,50.94250395760674,191.81227730034615,0.00010586320763484532,0.010288984771824931,0.040332079180515866,True,True,0.5708565456360163,0.5688391271157177,0.5711640089076742,0.572566500884657,0.9997820307536995,,,theorem_covered,True,f33c7b3e15346a6aadaa28f4bab87d43dfa3d1998d545fdadc5371cb1644f68e,success,success,success,success
inference_diagnostic,763b8f26ce16fd9c,dgp2_N100_T100_r2026080801_truth1-1-1,2,100,100,2026080801,selected_rank,B_full_mean,target_unsupported_selected_rank,0.0,False,0,,False,,0.2655852100532608,50.94250395760674,191.81227730034615,,,,True,False,0.0,,,0.0,0.9934114380138291,,,theorem_covered,True,f33c7b3e15346a6aadaa28f4bab87d43dfa3d1998d545fdadc5371cb1644f68e,success,success,success,success
inference_diagnostic,763b8f26ce16fd9c,dgp2_N100_T100_r2026080801_truth1-1-1,2,100,100,2026080801,selected_rank,A_G1_fixed_time,success,0.09856650032895964,True,85,8.303239896288744e-09,True,0.5322648919162992,0.2655852100532608,50.94250395760674,191.81227730034615,0.003085774484379655,0.05554974783362797,0.21775101020838541,True,True,0.5441569577779355,,,0.5441569577779355,0.7021119908414016,,,theorem_covered,True,f33c7b3e15346a6aadaa28f4bab87d43dfa3d1998d545fdadc5371cb1644f68e,,,,
inference_diagnostic,763b8f26ce16fd9c,dgp2_N100_T100_r2026080801_truth1-1-1,2,100,100,2026080801,selected_rank,A_G2_fixed_time,success,0.10005779219801313,True,85,7.672600740971958e-09,True,0.5294207108613981,0.2655852100532608,50.94250395760674,191.81227730034615,0.003150484258859296,0.056129174756620964,0.22002232200986369,True,True,0.5525375227376872,,,0.5525375227376872,0.7141244679724995,,,theorem_covered,True,f33c7b3e15346a6aadaa28f4bab87d43dfa3d1998d545fdadc5371cb1644f68e,,,,
inference_diagnostic,763b8f26ce16fd9c,dgp2_N100_T100_r2026080801_truth1-1-1,2,100,100,2026080801,selected_rank,A_G2_minus_G1_fixed_time,success,0.018627804526609115,True,83,8.551595522311339e-09,True,3.8954688876695487,0.2655852100532608,50.94250395760674,191.81227730034615,0.00014691470307923187,0.012120837556837063,0.047512810147722205,True,True,0.008380564959751688,,,0.008380564959751688,0.11630037259026708,,,weak_target_stress_outside_assumption9,False,f33c7b3e15346a6aadaa28f4bab87d43dfa3d1998d545fdadc5371cb1644f68e,,,,
inference_diagnostic,763b8f26ce16fd9c,dgp2_N100_T100_r2026080801_truth1-1-1,2,100,100,2026080801,selected_rank,A_G1_time_average,success,0.01389808936177702,True,88,8.307519749333933e-09,True,1.4540973489322089,0.2655852100532608,50.94250395760674,191.81227730034615,0.0001648439596634681,0.01283915728011259,0.05032857172173183,True,True,0.5664942547260149,0.5652646065308404,0.5686325468598283,0.5655856107873758,0.9895107344133738,,,theorem_covered,True,f33c7b3e15346a6aadaa28f4bab87d43dfa3d1998d545fdadc5371cb1644f68e,success,success,success,success
inference_diagnostic,763b8f26ce16fd9c,dgp2_N100_T100_r2026080801_truth1-1-1,2,100,100,2026080801,selected_rank,A_G2_time_average,success,0.013905178011633986,True,89,9.402827223835205e-09,True,1.1801924397040429,0.2655852100532608,50.94250395760674,191.81227730034615,0.00015729403860679735,0.012541692015306282,0.04916252931038776,True,True,0.5752188365460179,0.572413647700595,0.5736954709555198,0.5795473909819391,0.9898644795127403,,,theorem_covered,True,f33c7b3e15346a6aadaa28f4bab87d43dfa3d1998d545fdadc5371cb1644f68e,success,success,success,success
inference_diagnostic,763b8f26ce16fd9c,dgp2_N100_T100_r2026080801_truth1-1-1,2,100,100,2026080801,selected_rank,A_G2_minus_G1_time_average,success,0.019329149266024557,True,83,7.731334662429186e-09,True,4.134740662097072,0.2655852100532608,50.94250395760674,191.81227730034615,0.00022082316529529358,0.014860119962345309,0.05825059986428302,True,True,0.008724581820002894,0.007149041169754573,0.005062924095691574,0.013961780194562535,0.9794891894770124,,,theorem_covered,True,f33c7b3e15346a6aadaa28f4bab87d43dfa3d1998d545fdadc5371cb1644f68e,success,success,success,success
inference_diagnostic,763b8f26ce16fd9c,dgp2_N100_T100_r2026080801_truth1-1-1,2,100,100,2026080801,selected_rank,B_G1_fixed_time,target_unsupported_selected_rank,0.0,False,0,,False,,0.2655852100532608,50.94250395760674,191.81227730034615,,,,True,False,0.0,,,0.0,0.6913900697637276,,,theorem_covered,True,f33c7b3e15346a6aadaa28f4bab87d43dfa3d1998d545fdadc5371cb1644f68e,,,,
inference_diagnostic,763b8f26ce16fd9c,dgp2_N100_T100_r2026080801_truth1-1-1,2,100,100,2026080801,selected_rank,B_G2_fixed_time,target_unsupported_selected_rank,0.0,False,0,,False,,0.2655852100532608,50.94250395760674,191.81227730034615,,,,True,False,0.0,,,0.0,0.6438889326634362,,,theorem_covered,True,f33c7b3e15346a6aadaa28f4bab87d43dfa3d1998d545fdadc5371cb1644f68e,,,,
inference_diagnostic,763b8f26ce16fd9c,dgp2_N100_T100_r2026080801_truth1-1-1,2,100,100,2026080801,selected_rank,B_G2_minus_G1_fixed_time,target_unsupported_selected_rank,0.0,False,0,,False,,0.2655852100532608,50.94250395760674,191.81227730034615,,,,True,False,0.0,,,0.0,0.05452345760695649,,,weak_target_stress_outside_assumption9,False,f33c7b3e15346a6aadaa28f4bab87d43dfa3d1998d545fdadc5371cb1644f68e,,,,
inference_diagnostic,763b8f26ce16fd9c,dgp2_N100_T100_r2026080801_truth1-1-1,2,100,100,2026080801,selected_rank,B_G1_time_average,target_unsupported_selected_rank,0.0,False,0,,False,,0.2655852100532608,50.94250395760674,191.81227730034615,,,,True,False,0.0,,,0.0,0.9684420768833923,,,theorem_covered,True,f33c7b3e15346a6aadaa28f4bab87d43dfa3d1998d545fdadc5371cb1644f68e,success,success,success,success
inference_diagnostic,763b8f26ce16fd9c,dgp2_N100_T100_r2026080801_truth1-1-1,2,100,100,2026080801,selected_rank,B_G2_time_average,target_unsupported_selected_rank,0.0,False,0,,False,,0.2655852100532608,50.94250395760674,191.81227730034615,,,,True,False,0.0,,,0.0,0.9645370300516071,,,theorem_covered,True,f33c7b3e15346a6aadaa28f4bab87d43dfa3d1998d545fdadc5371cb1644f68e,success,success,success,success
inference_diagnostic,763b8f26ce16fd9c,dgp2_N100_T100_r2026080801_truth1-1-1,2,100,100,2026080801,selected_rank,B_G2_minus_G1_time_average,target_unsupported_selected_rank,0.0,False,0,,False,,0.2655852100532608,50.94250395760674,191.81227730034615,,,,True,False,0.0,,,0.0,0.9388000071592947,,,theorem_covered,True,f33c7b3e15346a6aadaa28f4bab87d43dfa3d1998d545fdadc5371cb1644f68e,success,success,success,success
inference_diagnostic,763b8f26ce16fd9c,dgp2_N100_T100_r2026080802_truth1-1-1,2,100,100,2026080802,selected_rank,A_entry,success,0.15398484693660347,True,84,8.114502620392018e-09,True,3.6209634099142853,0.2567850618347348,40.83204660636797,159.01254658126183,0.009275218442244937,0.09630793551024203,0.37752017005096106,True,True,0.6007144947839687,,,0.6007144947839687,0.16178476212708107,1.0862161114950388,1.5480297628514117,theorem_covered,True,a1ec1f53b8750e0c44eef3a8d579c71d9474a0ee3b853e4cbfd27e9bb0fba104,,,,
inference_diagnostic,763b8f26ce16fd9c,dgp2_N100_T100_r2026080802_truth1-1-1,2,100,100,2026080802,selected_rank,B_entry,success,0.17832159987410198,True,88,8.684651947967968e-09,True,0.9530979775359049,0.2567850618347348,40.83204660636797,159.01254658126183,0.06162978395360499,0.24825346715324034,0.9731357093150967,True,True,1.324546493499209,,,1.324546493499209,0.18150096590566353,1.428711650261271,1.8925880379979394,entry_leverage_requires_author_choice,False,a1ec1f53b8750e0c44eef3a8d579c71d9474a0ee3b853e4cbfd27e9bb0fba104,,,,
inference_diagnostic,763b8f26ce16fd9c,dgp2_N100_T100_r2026080802_truth1-1-1,2,100,100,2026080802,selected_rank,A_fixed_time_mean,success,0.09880359762024801,True,81,9.785562148977422e-09,True,3.2614376888958483,0.2567850618347348,40.83204660636797,159.01254658126183,0.0041769219804612505,0.06462911093664565,0.2533414595773384,True,True,0.6898826365644328,,,0.6898826365644328,0.9964198585042462,,,theorem_covered,True,a1ec1f53b8750e0c44eef3a8d579c71d9474a0ee3b853e4cbfd27e9bb0fba104,,,,
inference_diagnostic,763b8f26ce16fd9c,dgp2_N100_T100_r2026080802_truth1-1-1,2,100,100,2026080802,selected_rank,B_fixed_time_mean,success,0.0909236994888402,True,88,8.562386091592357e-09,True,0.8328089741966186,0.2567850618347348,40.83204660636797,159.01254658126183,0.01143259261607059,0.1069233024932853,0.41913164398984193,True,True,0.9367230710664237,,,0.9367230710664237,0.9445312160324173,,,theorem_covered,True,a1ec1f53b8750e0c44eef3a8d579c71d9474a0ee3b853e4cbfd27e9bb0fba104,,,,
inference_diagnostic,763b8f26ce16fd9c,dgp2_N100_T100_r2026080802_truth1-1-1,2,100,100,2026080802,selected_rank,A_full_mean,success,0.00999321821968908,True,93,8.463307552484408e-09,True,0.9417766257041904,0.2567850618347348,40.83204660636797,159.01254658126183,0.00010060875880169232,0.010030391757139514,0.03931841318964175,True,True,0.5228418594068768,0.5219942953145413,0.523788538213142,0.5227427446929469,0.999911499783632,,,theorem_covered,True,a1ec1f53b8750e0c44eef3a8d579c71d9474a0ee3b853e4cbfd27e9bb0fba104,success,success,success,success
inference_diagnostic,763b8f26ce16fd9c,dgp2_N100_T100_r2026080802_truth1-1-1,2,100,100,2026080802,selected_rank,B_full_mean,success,0.009896204376477672,True,95,9.33275227315154e-09,True,0.8083183217905708,0.2567850618347348,40.83204660636797,159.01254658126183,0.0003836056653209324,0.019585853704164453,0.07677513573326547,True,True,0.7050578046080984,0.702267366977575,0.700672094366402,0.7122339524803183,0.9957608130773116,,,theorem_covered,True,a1ec1f53b8750e0c44eef3a8d579c71d9474a0ee3b853e4cbfd27e9bb0fba104,success,success,success,success
inference_diagnostic,763b8f26ce16fd9c,dgp2_N100_T100_r2026080802_truth1-1-1,2,100,100,2026080802,selected_rank,A_G1_fixed_time,success,0.09899944810992277,True,84,7.870851887189145e-09,True,3.2607940953080488,0.2567850618347348,40.83204660636797,159.01254658126183,0.004194503808011845,0.06476498906053985,0.25387409203557737,True,True,0.6853536649099783,,,0.6853536649099783,0.7076436818749507,,,theorem_covered,True,a1ec1f53b8750e0c44eef3a8d579c71d9474a0ee3b853e4cbfd27e9bb0fba104,,,,
inference_diagnostic,763b8f26ce16fd9c,dgp2_N100_T100_r2026080802_truth1-1-1,2,100,100,2026080802,selected_rank,A_G2_fixed_time,success,0.10026426669112119,True,81,7.373352082071357e-09,True,3.2626529075721553,0.2567850618347348,40.83204660636797,159.01254658126183,0.004309177554409243,0.0656443261402632,0.2573210300486342,True,True,0.6944116082188875,,,0.6944116082188875,0.7124501164052577,,,theorem_covered,True,a1ec1f53b8750e0c44eef3a8d579c71d9474a0ee3b853e4cbfd27e9bb0fba104,,,,
inference_diagnostic,763b8f26ce16fd9c,dgp2_N100_T100_r2026080802_truth1-1-1,2,100,100,2026080802,selected_rank,A_G2_minus_G1_fixed_time,success,0.02567146648595721,True,87,9.712112860081768e-09,True,3.2815623389737945,0.2567850618347348,40.83204660636797,159.01254658126183,0.0002996748043697713,0.017311117941073918,0.06785833539326011,True,True,0.009057943308909182,,,0.009057943308909182,0.12446772449828089,,,weak_target_stress_outside_assumption9,False,a1ec1f53b8750e0c44eef3a8d579c71d9474a0ee3b853e4cbfd27e9bb0fba104,,,,
inference_diagnostic,763b8f26ce16fd9c,dgp2_N100_T100_r2026080802_truth1-1-1,2,100,100,2026080802,selected_rank,A_G1_time_average,success,0.013935057860187944,True,93,7.636527315622015e-09,True,1.1951318492336411,0.2567850618347348,40.83204660636797,159.01254658126183,0.00017557903734789627,0.013250624036168872,0.051941491767143515,True,True,0.5194094843397086,0.5158934941419935,0.5239384082982422,0.51839655057889,0.9937994343702481,,,theorem_covered,True,a1ec1f53b8750e0c44eef3a8d579c71d9474a0ee3b853e4cbfd27e9bb0fba104,success,success,success,success
inference_diagnostic,763b8f26ce16fd9c,dgp2_N100_T100_r2026080802_truth1-1-1,2,100,100,2026080802,selected_rank,A_G2_time_average,success,0.013940212072378633,True,91,8.551831069594235e-09,True,1.4443347591153501,0.2567850618347348,40.83204660636797,159.01254658126183,0.00014957535487755425,0.012230100362529911,0.04794111247573777,True,True,0.5262742344740452,0.5280950964870892,0.5236386681280417,0.5270889388070047,0.9938844689909306,,,theorem_covered,True,a1ec1f53b8750e0c44eef3a8d579c71d9474a0ee3b853e4cbfd27e9bb0fba104,success,success,success,success
inference_diagnostic,763b8f26ce16fd9c,dgp2_N100_T100_r2026080802_truth1-1-1,2,100,100,2026080802,selected_rank,A_G2_minus_G1_time_average,success,0.01943123925111444,True,88,7.459210359536399e-09,True,3.2977354312142673,0.2567850618347348,40.83204660636797,159.01254658126183,0.00024787374807364943,0.015744006735061104,0.06171537234615162,True,True,0.006864750134336512,0.01220160234509578,-0.000299740170200586,0.008692388228114342,0.9877351092557457,,,theorem_covered,True,a1ec1f53b8750e0c44eef3a8d579c71d9474a0ee3b853e4cbfd27e9bb0fba104,success,success,success,success
inference_diagnostic,763b8f26ce16fd9c,dgp2_N100_T100_r2026080802_truth1-1-1,2,100,100,2026080802,selected_rank,B_G1_fixed_time,success,0.08495258334422316,True,88,8.795730013281973e-09,True,0.8327317094016966,0.2567850618347348,40.83204660636797,159.01254658126183,0.009974185690328532,0.09987084504663277,0.39148651879396135,True,True,0.8642868732894491,,,0.8642868732894491,0.6437362280416902,,,theorem_covered,True,a1ec1f53b8750e0c44eef3a8d579c71d9474a0ee3b853e4cbfd27e9bb0fba104,,,,
inference_diagnostic,763b8f26ce16fd9c,dgp2_N100_T100_r2026080802_truth1-1-1,2,100,100,2026080802,selected_rank,B_G2_fixed_time,success,0.09862004267278779,True,88,8.99194963415293e-09,True,0.8335333779124352,0.2567850618347348,40.83204660636797,159.01254658126183,0.01386095607501115,0.1177325616599382,0.4615031613222402,True,True,1.0091592688433986,,,1.0091592688433986,0.7061895659970103,,,theorem_covered,True,a1ec1f53b8750e0c44eef3a8d579c71d9474a0ee3b853e4cbfd27e9bb0fba104,,,,
inference_diagnostic,763b8f26ce16fd9c,dgp2_N100_T100_r2026080802_truth1-1-1,2,100,100,2026080802,selected_rank,B_G2_minus_G1_fixed_time,success,0.02858726906039916,True,93,7.494327828303207e-09,True,0.8524069280542798,0.2567850618347348,40.83204660636797,159.01254658126183,0.00193991307155508,0.044044444275698154,0.17265104899889946,True,True,0.14487239555394926,,,0.14487239555394926,0.14477850792404537,,,weak_target_stress_outside_assumption9,False,a1ec1f53b8750e0c44eef3a8d579c71d9474a0ee3b853e4cbfd27e9bb0fba104,,,,
inference_diagnostic,763b8f26ce16fd9c,dgp2_N100_T100_r2026080802_truth1-1-1,2,100,100,2026080802,selected_rank,B_G1_time_average,success,0.013592863974795415,True,95,9.580182220560925e-09,True,0.7979610593695375,0.2567850618347348,40.83204660636797,159.01254658126183,0.0007402728435079398,0.02720795551870702,0.10665322581926713,True,True,0.6505361341632265,0.641856936288165,0.6393801136769088,0.6703713525246058,0.9767631829646515,,,theorem_covered,True,a1ec1f53b8750e0c44eef3a8d579c71d9474a0ee3b853e4cbfd27e9bb0fba104,success,success,success,success
inference_diagnostic,763b8f26ce16fd9c,dgp2_N100_T100_r2026080802_truth1-1-1,2,100,100,2026080802,selected_rank,B_G2_time_average,success,0.013702408039567654,True,93,9.423532463330379e-09,True,0.8769132272777346,0.2567850618347348,40.83204660636797,159.01254658126183,0.0007355323910395763,0.02712070041572629,0.106311192100648,True,True,0.75957947505297,0.7626777976669847,0.7619640750558948,0.7540965524360305,0.9801424550421883,,,theorem_covered,True,a1ec1f53b8750e0c44eef3a8d579c71d9474a0ee3b853e4cbfd27e9bb0fba104,success,success,success,success
inference_diagnostic,763b8f26ce16fd9c,dgp2_N100_T100_r2026080802_truth1-1-1,2,100,100,2026080802,selected_rank,B_G2_minus_G1_time_average,success,0.01879639406897332,True,93,8.980421070049274e-09,True,0.8656776177296587,0.2567850618347348,40.83204660636797,159.01254658126183,0.0014171878056363468,0.037645554925334106,0.14756786366335858,True,True,0.10904334088974345,0.12082086137881992,0.1225839613789859,0.08372519991142453,0.9608360686979749,,,theorem_covered,True,a1ec1f53b8750e0c44eef3a8d579c71d9474a0ee3b853e4cbfd27e9bb0fba104,success,success,success,success
inference_diagnostic,763b8f26ce16fd9c,dgp2_N100_T100_r2026080803_truth1-1-1,2,100,100,2026080803,selected_rank,A_entry,success,0.15086596506464217,True,23,6.378777929365329e-09,True,9.774539702416908,3.145871777912822,31.799844948008225,10.10843645035855,0.008860045329247042,0.09412781379192359,0.3689742499513256,True,True,0.7178615820770787,,,0.7178615820770787,0.13934914820140726,1.0281318162679882,0.9231781827959594,theorem_covered,True,fc1f7666cba355c664da9b20846f31480d385a2190a376104b7ef2776be7ce51,,,,
inference_diagnostic,763b8f26ce16fd9c,dgp2_N100_T100_r2026080803_truth1-1-1,2,100,100,2026080803,selected_rank,B_entry,target_unsupported_selected_rank,0.0,False,0,,False,,3.145871777912822,31.799844948008225,10.10843645035855,,,,True,False,0.0,,,0.0,0.12499708287749252,0.736442833103804,0.8321122708666447,entry_leverage_requires_author_choice,False,fc1f7666cba355c664da9b20846f31480d385a2190a376104b7ef2776be7ce51,,,,
inference_diagnostic,763b8f26ce16fd9c,dgp2_N100_T100_r2026080803_truth1-1-1,2,100,100,2026080803,selected_rank,A_fixed_time_mean,success,0.09899364489052094,True,23,9.934674012587556e-09,True,13.559837280168361,3.145871777912822,31.799844948008225,10.10843645035855,0.0028263279858036696,0.05316322023545667,0.20839599392733218,True,True,0.6090364660774734,,,0.6090364660774734,0.9951673704665484,,,theorem_covered,True,fc1f7666cba355c664da9b20846f31480d385a2190a376104b7ef2776be7ce51,,,,
inference_diagnostic,763b8f26ce16fd9c,dgp2_N100_T100_r2026080803_truth1-1-1,2,100,100,2026080803,selected_rank,B_fixed_time_mean,target_unsupported_selected_rank,0.0,False,0,,False,,3.145871777912822,31.799844948008225,10.10843645035855,,,,True,False,0.0,,,0.0,0.9368690165311346,,,theorem_covered,True,fc1f7666cba355c664da9b20846f31480d385a2190a376104b7ef2776be7ce51,,,,
inference_diagnostic,763b8f26ce16fd9c,dgp2_N100_T100_r2026080803_truth1-1-1,2,100,100,2026080803,selected_rank,A_full_mean,success,0.009989898356283142,True,25,6.072527349363926e-09,True,6.0513286416101275,3.145871777912822,31.799844948008225,10.10843645035855,8.21267523211914e-05,0.009062381161769316,0.035523881382484225,True,True,0.5999843929899582,0.6022286703251725,0.5983642197677556,0.5993602888769466,0.9998157439338705,,,theorem_covered,True,fc1f7666cba355c664da9b20846f31480d385a2190a376104b7ef2776be7ce51,success,success,success,success
inference_diagnostic,763b8f26ce16fd9c,dgp2_N100_T100_r2026080803_truth1-1-1,2,100,100,2026080803,selected_rank,B_full_mean,target_unsupported_selected_rank,0.0,False,0,,False,,3.145871777912822,31.799844948008225,10.10843645035855,,,,True,False,0.0,,,0.0,0.9952068527635214,,,theorem_covered,True,fc1f7666cba355c664da9b20846f31480d385a2190a376104b7ef2776be7ce51,success,success,success,success
inference_diagnostic,763b8f26ce16fd9c,dgp2_N100_T100_r2026080803_truth1-1-1,2,100,100,2026080803,selected_rank,A_G1_fixed_time,success,0.09957166620171465,True,24,3.6662667655786095e-09,True,13.244657369487019,3.145871777912822,31.799844948008225,10.10843645035855,0.0029099506218828544,0.053943958159212366,0.21145643035118367,True,True,0.6097271306594109,,,0.6097271306594109,0.7060759268970027,,,theorem_covered,True,fc1f7666cba355c664da9b20846f31480d385a2190a376104b7ef2776be7ce51,,,,
inference_diagnostic,763b8f26ce16fd9c,dgp2_N100_T100_r2026080803_truth1-1-1,2,100,100,2026080803,selected_rank,A_G2_fixed_time,success,0.09935031294024983,True,22,7.194220716501437e-09,True,13.399935157054454,3.145871777912822,31.799844948008225,10.10843645035855,0.002852079518718096,0.053404864185934375,0.20934322080736872,True,True,0.6083458014955362,,,0.6083458014955362,0.7078476259194498,,,theorem_covered,True,fc1f7666cba355c664da9b20846f31480d385a2190a376104b7ef2776be7ce51,,,,
inference_diagnostic,763b8f26ce16fd9c,dgp2_N100_T100_r2026080803_truth1-1-1,2,100,100,2026080803,selected_rank,A_G2_minus_G1_fixed_time,success,0.019262291353321904,True,25,5.229122416260626e-09,True,6.503310279730905,3.145871777912822,31.799844948008225,10.10843645035855,0.0002187483326580533,0.014790143091196018,0.0579762955698762,True,True,-0.0013813291638746922,,,-0.0013813291638746922,0.09609048247334187,,,weak_target_stress_outside_assumption9,False,fc1f7666cba355c664da9b20846f31480d385a2190a376104b7ef2776be7ce51,,,,
inference_diagnostic,763b8f26ce16fd9c,dgp2_N100_T100_r2026080803_truth1-1-1,2,100,100,2026080803,selected_rank,A_G1_time_average,success,0.013777891080087099,True,25,4.263280072539589e-09,True,5.809075553676313,3.145871777912822,31.799844948008225,10.10843645035855,0.00014762732479516803,0.012150198549619181,0.04762790312452879,True,True,0.6006647922649345,0.6022580669383774,0.5955920413603187,0.6041442684961073,0.9903717300471583,,,theorem_covered,True,fc1f7666cba355c664da9b20846f31480d385a2190a376104b7ef2776be7ce51,success,success,success,success
inference_diagnostic,763b8f26ce16fd9c,dgp2_N100_T100_r2026080803_truth1-1-1,2,100,100,2026080803,selected_rank,A_G2_time_average,success,0.013776279716591545,True,24,5.513391222580098e-09,True,6.819690002911565,3.145871777912822,31.799844948008225,10.10843645035855,0.0001501354458216923,0.012252977018736805,0.048030787320242206,True,True,0.5993039937149816,0.6021992737119678,0.6011363981751925,0.5945763092577845,0.9904200610701352,,,theorem_covered,True,fc1f7666cba355c664da9b20846f31480d385a2190a376104b7ef2776be7ce51,success,success,success,success
inference_diagnostic,763b8f26ce16fd9c,dgp2_N100_T100_r2026080803_truth1-1-1,2,100,100,2026080803,selected_rank,A_G2_minus_G1_time_average,success,0.018974721452858168,True,25,5.231070957344622e-09,True,6.502799147094338,3.145871777912822,31.799844948008225,10.10843645035855,0.0002670185317080902,0.016340701689587574,0.06405437358740891,True,True,-0.0013607985499529047,-5.879322640963509e-05,0.005544356814873687,-0.009567959238322765,0.9808855892655046,,,theorem_covered,True,fc1f7666cba355c664da9b20846f31480d385a2190a376104b7ef2776be7ce51,success,success,success,success
inference_diagnostic,763b8f26ce16fd9c,dgp2_N100_T100_r2026080803_truth1-1-1,2,100,100,2026080803,selected_rank,B_G1_fixed_time,target_unsupported_selected_rank,0.0,False,0,,False,,3.145871777912822,31.799844948008225,10.10843645035855,,,,True,False,0.0,,,0.0,0.6660454480942601,,,theorem_covered,True,fc1f7666cba355c664da9b20846f31480d385a2190a376104b7ef2776be7ce51,,,,
inference_diagnostic,763b8f26ce16fd9c,dgp2_N100_T100_r2026080803_truth1-1-1,2,100,100,2026080803,selected_rank,B_G2_fixed_time,target_unsupported_selected_rank,0.0,False,0,,False,,3.145871777912822,31.799844948008225,10.10843645035855,,,,True,False,0.0,,,0.0,0.6651530228087942,,,theorem_covered,True,fc1f7666cba355c664da9b20846f31480d385a2190a376104b7ef2776be7ce51,,,,
inference_diagnostic,763b8f26ce16fd9c,dgp2_N100_T100_r2026080803_truth1-1-1,2,100,100,2026080803,selected_rank,B_G2_minus_G1_fixed_time,target_unsupported_selected_rank,0.0,False,0,,False,,3.145871777912822,31.799844948008225,10.10843645035855,,,,True,False,0.0,,,0.0,0.09122241250232575,,,weak_target_stress_outside_assumption9,False,fc1f7666cba355c664da9b20846f31480d385a2190a376104b7ef2776be7ce51,,,,
inference_diagnostic,763b8f26ce16fd9c,dgp2_N100_T100_r2026080803_truth1-1-1,2,100,100,2026080803,selected_rank,B_G1_time_average,target_unsupported_selected_rank,0.0,False,0,,False,,3.145871777912822,31.799844948008225,10.10843645035855,,,,True,False,0.0,,,0.0,0.9780004541445632,,,theorem_covered,True,fc1f7666cba355c664da9b20846f31480d385a2190a376104b7ef2776be7ce51,success,success,success,success
inference_diagnostic,763b8f26ce16fd9c,dgp2_N100_T100_r2026080803_truth1-1-1,2,100,100,2026080803,selected_rank,B_G2_time_average,target_unsupported_selected_rank,0.0,False,0,,False,,3.145871777912822,31.799844948008225,10.10843645035855,,,,True,False,0.0,,,0.0,0.9779529510324411,,,theorem_covered,True,fc1f7666cba355c664da9b20846f31480d385a2190a376104b7ef2776be7ce51,success,success,success,success
inference_diagnostic,763b8f26ce16fd9c,dgp2_N100_T100_r2026080803_truth1-1-1,2,100,100,2026080803,selected_rank,B_G2_minus_G1_time_average,target_unsupported_selected_rank,0.0,False,0,,False,,3.145871777912822,31.799844948008225,10.10843645035855,,,,True,False,0.0,,,0.0,0.960437495599043,,,theorem_covered,True,fc1f7666cba355c664da9b20846f31480d385a2190a376104b7ef2776be7ce51,success,success,success,success
inference_diagnostic,763b8f26ce16fd9c,dgp2_N50_T50_r2026080801_truth1-1-1,2,50,50,2026080801,selected_rank,A_entry,success,0.19166961893973086,True,75,9.787827352326566e-09,True,2.0143488071405304,0.21478434956122908,23.342105328265557,108.67693747682192,0.012551967278349426,0.11203556256095394,0.43917133521430757,True,True,0.44459422184172065,,,0.44459422184172065,0.21192544977201397,1.2594727335196132,1.0116294743205367,theorem_covered,True,ea6bb5c6a5bd97b0577eeccecf7311836d4413b7373c7e1674229a1b451a1444,,,,
inference_diagnostic,763b8f26ce16fd9c,dgp2_N50_T50_r2026080801_truth1-1-1,2,50,50,2026080801,selected_rank,B_entry,success,0.15129632068685647,True,79,9.069667223920663e-09,True,1.2912371025511884,0.21478434956122908,23.342105328265557,108.67693747682192,0.04245231040815734,0.20603958456606666,0.8076603302781709,True,True,0.4576296152749039,,,0.4576296152749039,0.13399233141485523,0.26356761206909446,0.6374900665213413,entry_leverage_requires_author_choice,False,ea6bb5c6a5bd97b0577eeccecf7311836d4413b7373c7e1674229a1b451a1444,,,,
inference_diagnostic,763b8f26ce16fd9c,dgp2_N50_T50_r2026080801_truth1-1-1,2,50,50,2026080801,selected_rank,A_fixed_time_mean,success,0.1365543686152582,True,75,8.598092183902283e-09,True,1.659350689927477,0.21478434956122908,23.342105328265557,108.67693747682192,0.007492069339785721,0.08655674057972447,0.3392961883108731,True,True,0.4171848634247418,,,0.4171848634247418,0.9948819184802621,,,theorem_covered,True,ea6bb5c6a5bd97b0577eeccecf7311836d4413b7373c7e1674229a1b451a1444,,,,
inference_diagnostic,763b8f26ce16fd9c,dgp2_N50_T50_r2026080801_truth1-1-1,2,50,50,2026080801,selected_rank,B_fixed_time_mean,success,0.12445994616022751,True,77,8.968089322762565e-09,True,1.6782990403758211,0.21478434956122908,23.342105328265557,108.67693747682192,0.010128350755602368,0.10063970764863324,0.3945004048119227,True,True,0.6032795409883838,,,0.6032795409883838,0.9103645653760949,,,theorem_covered,True,ea6bb5c6a5bd97b0577eeccecf7311836d4413b7373c7e1674229a1b451a1444,,,,
inference_diagnostic,763b8f26ce16fd9c,dgp2_N50_T50_r2026080801_truth1-1-1,2,50,50,2026080801,selected_rank,A_full_mean,success,0.01988483239668027,True,81,8.87289689497736e-09,True,0.7197280350162445,0.21478434956122908,23.342105328265557,108.67693747682192,0.0006253341298236905,0.02500668170357056,0.09802439102371004,True,True,0.4267415225322286,0.4301716673409838,0.42310500338817336,0.42694789686752854,0.9997623000962242,,,theorem_covered,True,ea6bb5c6a5bd97b0577eeccecf7311836d4413b7373c7e1674229a1b451a1444,success,success,success,success
inference_diagnostic,763b8f26ce16fd9c,dgp2_N50_T50_r2026080801_truth1-1-1,2,50,50,2026080801,selected_rank,B_full_mean,success,0.019596535276546163,True,83,9.447653306950943e-09,True,0.6225073342162027,0.21478434956122908,23.342105328265557,108.67693747682192,0.002202229206387951,0.046927915001499385,0.18395404654499142,True,True,0.6518370212365572,0.6422973210389618,0.6389515925960974,0.6742621500746124,0.991220869910268,,,theorem_covered,True,ea6bb5c6a5bd97b0577eeccecf7311836d4413b7373c7e1674229a1b451a1444,success,success,success,success
inference_diagnostic,763b8f26ce16fd9c,dgp2_N50_T50_r2026080801_truth1-1-1,2,50,50,2026080801,selected_rank,A_G1_fixed_time,success,0.13991124501013816,True,74,8.811104031707402e-09,True,1.659311330559593,0.21478434956122908,23.342105328265557,108.67693747682192,0.0076154311321257,0.08726643760418835,0.342078149526642,True,True,0.42406621853686566,,,0.42406621853686566,0.7116719567652193,,,theorem_covered,True,ea6bb5c6a5bd97b0577eeccecf7311836d4413b7373c7e1674229a1b451a1444,,,,
inference_diagnostic,763b8f26ce16fd9c,dgp2_N50_T50_r2026080801_truth1-1-1,2,50,50,2026080801,selected_rank,A_G2_fixed_time,success,0.1355206615379803,True,76,6.8036359349329e-09,True,1.6804528146301805,0.21478434956122908,23.342105328265557,108.67693747682192,0.007583361878786364,0.08708250041648072,0.34135712899999293,True,True,0.4103035083126178,,,0.4103035083126178,0.709611062085961,,,theorem_covered,True,ea6bb5c6a5bd97b0577eeccecf7311836d4413b7373c7e1674229a1b451a1444,,,,
inference_diagnostic,763b8f26ce16fd9c,dgp2_N50_T50_r2026080801_truth1-1-1,2,50,50,2026080801,selected_rank,A_G2_minus_G1_fixed_time,success,0.035967068497588,True,77,9.252840037232229e-09,True,2.571945354366729,0.21478434956122908,23.342105328265557,108.67693747682192,0.0004293087076429801,0.02071976610975568,0.08121999068642943,True,True,-0.013762710224247854,,,-0.013762710224247854,0.1422490835184347,,,weak_target_stress_outside_assumption9,False,ea6bb5c6a5bd97b0577eeccecf7311836d4413b7373c7e1674229a1b451a1444,,,,
inference_diagnostic,763b8f26ce16fd9c,dgp2_N50_T50_r2026080801_truth1-1-1,2,50,50,2026080801,selected_rank,A_G1_time_average,success,0.027030587730727494,True,79,9.446316641021505e-09,True,1.0542351439881406,0.21478434956122908,23.342105328265557,108.67693747682192,0.0009602104055460782,0.03098726198853455,0.12146783495406947,True,True,0.43378051223460173,0.4392249055579315,0.42668698864059934,0.43542964250527444,0.9884448159568924,,,theorem_covered,True,ea6bb5c6a5bd97b0577eeccecf7311836d4413b7373c7e1674229a1b451a1444,success,success,success,success
inference_diagnostic,763b8f26ce16fd9c,dgp2_N50_T50_r2026080801_truth1-1-1,2,50,50,2026080801,selected_rank,A_G2_time_average,success,0.026954531743652498,True,80,8.891052623683199e-09,True,0.8826638931433245,0.21478434956122908,23.342105328265557,108.67693747682192,0.0008285926276214672,0.028785284914717577,0.11283624343514115,True,True,0.41970253282985553,0.4211184291240361,0.41952301813574744,0.41846615122978303,0.9883758313670499,,,theorem_covered,True,ea6bb5c6a5bd97b0577eeccecf7311836d4413b7373c7e1674229a1b451a1444,success,success,success,success
inference_diagnostic,763b8f26ce16fd9c,dgp2_N50_T50_r2026080801_truth1-1-1,2,50,50,2026080801,selected_rank,A_G2_minus_G1_time_average,success,0.03650715918008399,True,78,8.299660615147458e-09,True,2.6449497647478797,0.21478434956122908,23.342105328265557,108.67693747682192,0.00107626956376517,0.032806547574610316,0.12859930340667217,True,True,-0.01407797940474627,-0.01810647643389534,-0.0071639705048519055,-0.016963491275491568,0.9769264463248379,,,theorem_covered,True,ea6bb5c6a5bd97b0577eeccecf7311836d4413b7373c7e1674229a1b451a1444,success,success,success,success
inference_diagnostic,763b8f26ce16fd9c,dgp2_N50_T50_r2026080801_truth1-1-1,2,50,50,2026080801,selected_rank,B_G1_fixed_time,success,0.13450953917593447,True,76,9.383051644397082e-09,True,1.6397366086606622,0.21478434956122908,23.342105328265557,108.67693747682192,0.011910312729538734,0.10913437922826488,0.4277989055250707,True,True,0.6476591665737432,,,0.6476591665737432,0.6887480012205011,,,theorem_covered,True,ea6bb5c6a5bd97b0577eeccecf7311836d4413b7373c7e1674229a1b451a1444,,,,
inference_diagnostic,763b8f26ce16fd9c,dgp2_N50_T50_r2026080801_truth1-1-1,2,50,50,2026080801,selected_rank,B_G2_fixed_time,success,0.11669587018374873,True,79,8.91065394755271e-09,True,1.5493516674675878,0.21478434956122908,23.342105328265557,108.67693747682192,0.009624869741553068,0.09810642049098045,0.3845701016289281,True,True,0.5588999154030242,,,0.5588999154030242,0.6086448411725679,,,theorem_covered,True,ea6bb5c6a5bd97b0577eeccecf7311836d4413b7373c7e1674229a1b451a1444,,,,
inference_diagnostic,763b8f26ce16fd9c,dgp2_N50_T50_r2026080801_truth1-1-1,2,50,50,2026080801,selected_rank,B_G2_minus_G1_fixed_time,success,0.03821480997862263,True,82,9.252007486925083e-09,True,0.7539672841652327,0.21478434956122908,23.342105328265557,108.67693747682192,0.002556961954788677,0.05056641132993993,0.1982166900682408,True,True,-0.08875925117071905,,,-0.08875925117071905,0.1267229654751231,,,weak_target_stress_outside_assumption9,False,ea6bb5c6a5bd97b0577eeccecf7311836d4413b7373c7e1674229a1b451a1444,,,,
inference_diagnostic,763b8f26ce16fd9c,dgp2_N50_T50_r2026080801_truth1-1-1,2,50,50,2026080801,selected_rank,B_G1_time_average,success,0.02687737411335471,True,82,9.155025256846187e-09,True,0.7150859421097889,0.21478434956122908,23.342105328265557,108.67693747682192,0.003930604746967794,0.06269453522411499,0.24575806213348636,True,True,0.6997887268385071,0.6867031634402998,0.6868251011289328,0.7258379159462889,0.9728000018357096,,,theorem_covered,True,ea6bb5c6a5bd97b0577eeccecf7311836d4413b7373c7e1674229a1b451a1444,success,success,success,success
inference_diagnostic,763b8f26ce16fd9c,dgp2_N50_T50_r2026080801_truth1-1-1,2,50,50,2026080801,selected_rank,B_G2_time_average,success,0.02658083570140537,True,83,7.753595523475761e-09,True,0.6050697524792943,0.21478434956122908,23.342105328265557,108.67693747682192,0.00424274704694476,0.06513637268795953,0.25532988910395826,True,True,0.6038853156346071,0.5978914786376237,0.5910780840632619,0.6226863842029358,0.9673315435057627,,,theorem_covered,True,ea6bb5c6a5bd97b0577eeccecf7311836d4413b7373c7e1674229a1b451a1444,success,success,success,success
inference_diagnostic,763b8f26ce16fd9c,dgp2_N50_T50_r2026080801_truth1-1-1,2,50,50,2026080801,selected_rank,B_G2_minus_G1_time_average,success,0.03635617350944678,True,83,7.608865995133909e-09,True,0.6990333414337037,0.21478434956122908,23.342105328265557,108.67693747682192,0.007537786745616975,0.08682042815845228,0.3403298246258273,True,True,-0.09590341120389972,-0.08881168480267597,-0.09574701706567104,-0.10315153174335215,0.9484468069887402,,,theorem_covered,True,ea6bb5c6a5bd97b0577eeccecf7311836d4413b7373c7e1674229a1b451a1444,success,success,success,success
inference_diagnostic,763b8f26ce16fd9c,dgp2_N50_T50_r2026080803_truth1-1-1,2,50,50,2026080803,selected_rank,A_entry,success,0.24177213324899477,True,116,9.835246014233676e-09,True,2.0979462691031063,0.07590398807724866,39.52424559502461,520.7136883874953,0.019073115134409714,0.13810544932916194,0.5413634135077575,True,True,0.7639029658975606,,,0.7639029658975606,0.21488136112648223,1.056752297284626,1.2789789495563035,theorem_covered,True,2dff41939d5612dda741632bc8870c036fd98bce37a1116da6ceb0fb6e4026db,,,,
inference_diagnostic,763b8f26ce16fd9c,dgp2_N50_T50_r2026080803_truth1-1-1,2,50,50,2026080803,selected_rank,B_entry,success,0.1670171502190873,True,118,9.33979609842893e-09,True,0.6834680986299064,0.07590398807724866,39.52424559502461,520.7136883874953,0.055488800394217344,0.23556060874903798,0.9233806186488904,True,True,-0.13182836010692878,,,-0.13182836010692878,0.13227419469934637,0.08262038929004151,0.7935139485046387,entry_leverage_requires_author_choice,False,2dff41939d5612dda741632bc8870c036fd98bce37a1116da6ceb0fb6e4026db,,,,
inference_diagnostic,763b8f26ce16fd9c,dgp2_N50_T50_r2026080803_truth1-1-1,2,50,50,2026080803,selected_rank,A_fixed_time_mean,success,0.1387150652161625,True,116,9.772359816199495e-09,True,1.4566482495668174,0.07590398807724866,39.52424559502461,520.7136883874953,0.011309195388666947,0.10634470080200022,0.41686356703721644,True,True,0.766993014918891,,,0.766993014918891,0.9955453797415286,,,theorem_covered,True,2dff41939d5612dda741632bc8870c036fd98bce37a1116da6ceb0fb6e4026db,,,,
inference_diagnostic,763b8f26ce16fd9c,dgp2_N50_T50_r2026080803_truth1-1-1,2,50,50,2026080803,selected_rank,B_fixed_time_mean,success,0.12393690264229457,True,122,5.9637468768019745e-09,True,1.0941121054935736,0.07590398807724866,39.52424559502461,520.7136883874953,0.012098021640251401,0.10999100708808607,0.431156825031877,True,True,0.8191089791596302,,,0.8191089791596302,0.937239803584523,,,theorem_covered,True,2dff41939d5612dda741632bc8870c036fd98bce37a1116da6ceb0fb6e4026db,,,,
inference_diagnostic,763b8f26ce16fd9c,dgp2_N50_T50_r2026080803_truth1-1-1,2,50,50,2026080803,selected_rank,A_full_mean,success,0.019951301684367578,True,120,8.986915719107989e-09,True,0.4103568724283442,0.07590398807724866,39.52424559502461,520.7136883874953,0.00047500710642800107,0.0217946577497331,0.08543348848970732,True,True,0.5068171136806242,0.5356642033124938,0.5103920444888574,0.4743950932405213,0.999839602217004,,,theorem_covered,True,2dff41939d5612dda741632bc8870c036fd98bce37a1116da6ceb0fb6e4026db,success,success,success,success
inference_diagnostic,763b8f26ce16fd9c,dgp2_N50_T50_r2026080803_truth1-1-1,2,50,50,2026080803,selected_rank,B_full_mean,success,0.019523608257845826,True,125,8.477343995318018e-09,True,0.6112862124785082,0.07590398807724866,39.52424559502461,520.7136883874953,0.002274920205931438,0.04769612359439117,0.1869653688943556,True,True,0.6257075372837757,0.5810259438383244,0.6461670159901388,0.6499296520228638,0.9958217393756686,,,theorem_covered,True,2dff41939d5612dda741632bc8870c036fd98bce37a1116da6ceb0fb6e4026db,success,success,success,success
inference_diagnostic,763b8f26ce16fd9c,dgp2_N50_T50_r2026080803_truth1-1-1,2,50,50,2026080803,selected_rank,A_G1_fixed_time,success,0.14141447641457103,True,116,9.347909638113865e-09,True,1.4749111612809245,0.07590398807724866,39.52424559502461,520.7136883874953,0.012314776669165856,0.11097196343746404,0.4350021032622504,True,True,0.7660131117582931,,,0.7660131117582931,0.7194327668131673,,,theorem_covered,True,2dff41939d5612dda741632bc8870c036fd98bce37a1116da6ceb0fb6e4026db,,,,
inference_diagnostic,763b8f26ce16fd9c,dgp2_N50_T50_r2026080803_truth1-1-1,2,50,50,2026080803,selected_rank,A_G2_fixed_time,success,0.14174724716910778,True,117,8.821867376337258e-09,True,1.4950018989343314,0.07590398807724866,39.52424559502461,520.7136883874953,0.010883666492598658,0.10432481244938166,0.40894575018936785,True,True,0.767972918079489,,,0.767972918079489,0.7065367899485444,,,theorem_covered,True,2dff41939d5612dda741632bc8870c036fd98bce37a1116da6ceb0fb6e4026db,,,,
inference_diagnostic,763b8f26ce16fd9c,dgp2_N50_T50_r2026080803_truth1-1-1,2,50,50,2026080803,selected_rank,A_G2_minus_G1_fixed_time,success,0.056685052417351965,True,116,9.604582681872565e-09,True,3.2237088243391345,0.07590398807724866,39.52424559502461,520.7136883874953,0.0011601047123731589,0.034060309927732,0.13351396152125353,True,True,0.0019598063211957147,,,0.0019598063211957147,0.1602096700905969,,,weak_target_stress_outside_assumption9,False,2dff41939d5612dda741632bc8870c036fd98bce37a1116da6ceb0fb6e4026db,,,,
inference_diagnostic,763b8f26ce16fd9c,dgp2_N50_T50_r2026080803_truth1-1-1,2,50,50,2026080803,selected_rank,A_G1_time_average,success,0.027361830880459646,True,119,9.943436035984135e-09,True,0.5943499130420539,0.07590398807724866,39.52424559502461,520.7136883874953,0.0007161172106088571,0.026760366413949885,0.10489870876887411,True,True,0.5061696088378412,0.5463841515367714,0.5086749515165914,0.4634497234601608,0.9912578980650165,,,theorem_covered,True,2dff41939d5612dda741632bc8870c036fd98bce37a1116da6ceb0fb6e4026db,success,success,success,success
inference_diagnostic,763b8f26ce16fd9c,dgp2_N50_T50_r2026080803_truth1-1-1,2,50,50,2026080803,selected_rank,A_G2_time_average,success,0.02736624933392718,True,120,8.975614193856032e-09,True,0.5862227659027246,0.07590398807724866,39.52424559502461,520.7136883874953,0.0007759486795427597,0.027855855390613294,0.10919294664831596,True,True,0.5074646185234074,0.5249442550882161,0.5121091374611237,0.4853404630208825,0.9909231312401428,,,theorem_covered,True,2dff41939d5612dda741632bc8870c036fd98bce37a1116da6ceb0fb6e4026db,success,success,success,success
inference_diagnostic,763b8f26ce16fd9c,dgp2_N50_T50_r2026080803_truth1-1-1,2,50,50,2026080803,selected_rank,A_G2_minus_G1_time_average,success,0.03745590778331899,True,116,9.931209633859739e-09,True,3.2181418327397893,0.07590398807724866,39.52424559502461,520.7136883874953,0.0010841033546771725,0.0329257248162766,0.12906646960955764,True,True,0.0012950096855660232,-0.0214398964485554,0.0034341859445324446,0.021890739560721025,0.982263529986528,,,theorem_covered,True,2dff41939d5612dda741632bc8870c036fd98bce37a1116da6ceb0fb6e4026db,success,success,success,success
inference_diagnostic,763b8f26ce16fd9c,dgp2_N50_T50_r2026080803_truth1-1-1,2,50,50,2026080803,selected_rank,B_G1_fixed_time,success,0.1115346192061807,True,122,6.7331375772030395e-09,True,1.1037214713038785,0.07590398807724866,39.52424559502461,520.7136883874953,0.01005030280765645,0.10025119853476291,0.3929774770702199,True,True,0.716736733257048,,,0.716736733257048,0.6420874681247308,,,theorem_covered,True,2dff41939d5612dda741632bc8870c036fd98bce37a1116da6ceb0fb6e4026db,,,,
inference_diagnostic,763b8f26ce16fd9c,dgp2_N50_T50_r2026080803_truth1-1-1,2,50,50,2026080803,selected_rank,B_G2_fixed_time,success,0.14086821375160605,True,121,9.447992348989053e-09,True,1.050416026848744,0.07590398807724866,39.52424559502461,520.7136883874953,0.017335588429649898,0.13166468178539717,0.5161160686706107,True,True,0.9214812250622123,,,0.9214812250622123,0.6953286745605309,,,theorem_covered,True,2dff41939d5612dda741632bc8870c036fd98bce37a1116da6ceb0fb6e4026db,,,,
inference_diagnostic,763b8f26ce16fd9c,dgp2_N50_T50_r2026080803_truth1-1-1,2,50,50,2026080803,selected_rank,B_G2_minus_G1_fixed_time,success,0.055912668580648126,True,123,9.100155977609518e-09,True,0.793827204355143,0.07590398807724866,39.52424559502461,520.7136883874953,0.006379695946233289,0.07987299885589177,0.3130964021895136,True,True,0.20474449180516438,,,0.20474449180516438,0.13168079953347683,,,weak_target_stress_outside_assumption9,False,2dff41939d5612dda741632bc8870c036fd98bce37a1116da6ceb0fb6e4026db,,,,
inference_diagnostic,763b8f26ce16fd9c,dgp2_N50_T50_r2026080803_truth1-1-1,2,50,50,2026080803,selected_rank,B_G1_time_average,success,0.026232712374801695,True,125,7.019527543208235e-09,True,0.6683686613080994,0.07590398807724866,39.52424559502461,520.7136883874953,0.0039045878644121076,0.06248670150049615,0.24494336890735482,True,True,0.5475066049296566,0.5140253738159931,0.5768876679723693,0.5516067730006073,0.9796372148299443,,,theorem_covered,True,2dff41939d5612dda741632bc8870c036fd98bce37a1116da6ceb0fb6e4026db,success,success,success,success
inference_diagnostic,763b8f26ce16fd9c,dgp2_N50_T50_r2026080803_truth1-1-1,2,50,50,2026080803,selected_rank,B_G2_time_average,success,0.02679928767892502,True,124,7.48981680646478e-09,True,0.6651812520029605,0.07590398807724866,39.52424559502461,520.7136883874953,0.004505023363248928,0.06711947082068606,0.2631034909398635,True,True,0.7039084696378948,0.6480265138606556,0.7154463640079082,0.7482525310451204,0.9821267444304683,,,theorem_covered,True,2dff41939d5612dda741632bc8870c036fd98bce37a1116da6ceb0fb6e4026db,success,success,success,success
inference_diagnostic,763b8f26ce16fd9c,dgp2_N50_T50_r2026080803_truth1-1-1,2,50,50,2026080803,selected_rank,B_G2_minus_G1_time_average,success,0.035889119794868314,True,124,7.450803532841802e-09,True,0.7628813969581373,0.07590398807724866,39.52424559502461,520.7136883874953,0.007719541640538229,0.08786092214709694,0.3444084861135752,True,True,0.15640186470823825,0.13400114004466257,0.1385586960355388,0.19664575804451337,0.9657127306772889,,,theorem_covered,True,2dff41939d5612dda741632bc8870c036fd98bce37a1116da6ceb0fb6e4026db,success,success,success,success
inference_diagnostic,763b8f26ce16fd9c,dgp3_N100_T100_r2026080801_truth1-1-1,3,100,100,2026080801,selected_rank,A_entry,success,0.14136884039117195,True,66,7.501447260040242e-09,True,0.794879253410607,0.29744995755616055,40.13807341056592,134.94059215990168,0.008773626544705409,0.09366763872707269,0.3671703968439433,True,True,0.5939468635051072,,,0.5939468635051072,0.12739689812474536,1.2252688446078808,0.4026618102833298,theorem_covered,True,83848105eb0baf3744a9e4b391f2ad6c499b34ba3cb89dbfb2b79925d013b7ab,,,,
inference_diagnostic,763b8f26ce16fd9c,dgp3_N100_T100_r2026080801_truth1-1-1,3,100,100,2026080801,selected_rank,B_entry,target_unsupported_selected_rank,0.0,False,0,,False,,0.29744995755616055,40.13807341056592,134.94059215990168,,,,True,False,0.0,,,0.0,0.15109090053538837,0.5722162145051755,1.7204746428269933,entry_leverage_requires_author_choice,False,83848105eb0baf3744a9e4b391f2ad6c499b34ba3cb89dbfb2b79925d013b7ab,,,,
inference_diagnostic,763b8f26ce16fd9c,dgp3_N100_T100_r2026080801_truth1-1-1,3,100,100,2026080801,selected_rank,A_fixed_time_mean,success,0.09923754197812613,True,66,7.770220897724607e-09,True,0.6345766002237523,0.29744995755616055,40.13807341056592,134.94059215990168,0.004453032948379933,0.06673104935770104,0.26158090678331747,True,True,0.4994422586454406,,,0.4994422586454406,0.9945214390103642,,,theorem_covered,True,83848105eb0baf3744a9e4b391f2ad6c499b34ba3cb89dbfb2b79925d013b7ab,,,,
inference_diagnostic,763b8f26ce16fd9c,dgp3_N100_T100_r2026080801_truth1-1-1,3,100,100,2026080801,selected_rank,B_fixed_time_mean,target_unsupported_selected_rank,0.0,False,0,,False,,0.29744995755616055,40.13807341056592,134.94059215990168,,,,True,False,0.0,,,0.0,0.939537878547873,,,theorem_covered,True,83848105eb0baf3744a9e4b391f2ad6c499b34ba3cb89dbfb2b79925d013b7ab,,,,
inference_diagnostic,763b8f26ce16fd9c,dgp3_N100_T100_r2026080801_truth1-1-1,3,100,100,2026080801,selected_rank,A_full_mean,success,0.009997508889371808,True,71,5.097838827786235e-09,True,1.3809081893925217,0.29744995755616055,40.13807341056592,134.94059215990168,9.541681063058625e-05,0.009768152877109687,0.038290455669232594,True,True,0.6266848750082951,0.6310458076573965,0.6247732286901253,0.6242355886773634,0.9998562196593577,,,theorem_covered,True,83848105eb0baf3744a9e4b391f2ad6c499b34ba3cb89dbfb2b79925d013b7ab,success,success,success,success
inference_diagnostic,763b8f26ce16fd9c,dgp3_N100_T100_r2026080801_truth1-1-1,3,100,100,2026080801,selected_rank,B_full_mean,target_unsupported_selected_rank,0.0,False,0,,False,,0.29744995755616055,40.13807341056592,134.94059215990168,,,,True,False,0.0,,,0.0,0.9943367995712904,,,theorem_covered,True,83848105eb0baf3744a9e4b391f2ad6c499b34ba3cb89dbfb2b79925d013b7ab,success,success,success,success
inference_diagnostic,763b8f26ce16fd9c,dgp3_N100_T100_r2026080801_truth1-1-1,3,100,100,2026080801,selected_rank,A_G1_fixed_time,success,0.10083270005885218,True,65,9.80652732189765e-09,True,0.6371579765801819,0.29744995755616055,40.13807341056592,134.94059215990168,0.004630463955651425,0.06804751248687511,0.26674134742362965,True,True,0.5059751220408936,,,0.5059751220408936,0.7035089280247588,,,theorem_covered,True,83848105eb0baf3744a9e4b391f2ad6c499b34ba3cb89dbfb2b79925d013b7ab,,,,
inference_diagnostic,763b8f26ce16fd9c,dgp3_N100_T100_r2026080801_truth1-1-1,3,100,100,2026080801,selected_rank,A_G2_fixed_time,success,0.09826079421460704,True,66,7.404024754651914e-09,True,0.6370666855609692,0.29744995755616055,40.13807341056592,134.94059215990168,0.004336516056566438,0.06585222894152055,0.258135994054133,True,True,0.4929093952499877,,,0.4929093952499877,0.7058168203577561,,,theorem_covered,True,83848105eb0baf3744a9e4b391f2ad6c499b34ba3cb89dbfb2b79925d013b7ab,,,,
inference_diagnostic,763b8f26ce16fd9c,dgp3_N100_T100_r2026080801_truth1-1-1,3,100,100,2026080801,selected_rank,A_G2_minus_G1_fixed_time,success,0.01588946853252872,True,67,6.474395105138938e-09,True,4.758250663819205,0.29744995755616055,40.13807341056592,134.94059215990168,0.0001218282305100417,0.011037582638877124,0.043266528897167464,True,True,-0.013065726790905816,,,-0.013065726790905816,0.06347679150077862,,,weak_target_stress_outside_assumption9,False,83848105eb0baf3744a9e4b391f2ad6c499b34ba3cb89dbfb2b79925d013b7ab,,,,
inference_diagnostic,763b8f26ce16fd9c,dgp3_N100_T100_r2026080801_truth1-1-1,3,100,100,2026080801,selected_rank,A_G1_time_average,success,0.014027670370241706,True,70,5.037006427019983e-09,True,2.358177435553386,0.29744995755616055,40.13807341056592,134.94059215990168,0.0001560856432159624,0.01249342399888687,0.0489733221628133,True,True,0.6348821122455472,0.6382955527901415,0.6314815890402325,0.6348691949062677,0.9933324024323239,,,theorem_covered,True,83848105eb0baf3744a9e4b391f2ad6c499b34ba3cb89dbfb2b79925d013b7ab,success,success,success,success
inference_diagnostic,763b8f26ce16fd9c,dgp3_N100_T100_r2026080801_truth1-1-1,3,100,100,2026080801,selected_rank,A_G2_time_average,success,0.014021683896711813,True,71,7.086302490308807e-09,True,1.8146577713960999,0.29744995755616055,40.13807341056592,134.94059215990168,0.00015310313738089765,0.012373485256018113,0.048503170930065745,True,True,0.6184876377710433,0.623796062524651,0.6180648683400182,0.6136019824484608,0.993375483453285,,,theorem_covered,True,83848105eb0baf3744a9e4b391f2ad6c499b34ba3cb89dbfb2b79925d013b7ab,success,success,success,success
inference_diagnostic,763b8f26ce16fd9c,dgp3_N100_T100_r2026080801_truth1-1-1,3,100,100,2026080801,selected_rank,A_G2_minus_G1_time_average,success,0.01967144058422401,True,66,9.990273613801077e-09,True,6.823722023145854,0.29744995755616055,40.13807341056592,134.94059215990168,0.00023671031846624386,0.01538539302280718,0.060309632425391814,True,True,-0.01639447447450406,-0.014499490265490444,-0.013416720700214569,-0.021267212457807168,0.9868088228509727,,,theorem_covered,True,83848105eb0baf3744a9e4b391f2ad6c499b34ba3cb89dbfb2b79925d013b7ab,success,success,success,success
inference_diagnostic,763b8f26ce16fd9c,dgp3_N100_T100_r2026080801_truth1-1-1,3,100,100,2026080801,selected_rank,B_G1_fixed_time,target_unsupported_selected_rank,0.0,False,0,,False,,0.29744995755616055,40.13807341056592,134.94059215990168,,,,True,False,0.0,,,0.0,0.6814130515844765,,,theorem_covered,True,83848105eb0baf3744a9e4b391f2ad6c499b34ba3cb89dbfb2b79925d013b7ab,,,,
inference_diagnostic,763b8f26ce16fd9c,dgp3_N100_T100_r2026080801_truth1-1-1,3,100,100,2026080801,selected_rank,B_G2_fixed_time,target_unsupported_selected_rank,0.0,False,0,,False,,0.29744995755616055,40.13807341056592,134.94059215990168,,,,True,False,0.0,,,0.0,0.6601868365807179,,,theorem_covered,True,83848105eb0baf3744a9e4b391f2ad6c499b34ba3cb89dbfb2b79925d013b7ab,,,,
inference_diagnostic,763b8f26ce16fd9c,dgp3_N100_T100_r2026080801_truth1-1-1,3,100,100,2026080801,selected_rank,B_G2_minus_G1_fixed_time,target_unsupported_selected_rank,0.0,False,0,,False,,0.29744995755616055,40.13807341056592,134.94059215990168,,,,True,False,0.0,,,0.0,0.1320567334060868,,,weak_target_stress_outside_assumption9,False,83848105eb0baf3744a9e4b391f2ad6c499b34ba3cb89dbfb2b79925d013b7ab,,,,
inference_diagnostic,763b8f26ce16fd9c,dgp3_N100_T100_r2026080801_truth1-1-1,3,100,100,2026080801,selected_rank,B_G1_time_average,target_unsupported_selected_rank,0.0,False,0,,False,,0.29744995755616055,40.13807341056592,134.94059215990168,,,,True,False,0.0,,,0.0,0.9738624853427065,,,theorem_covered,True,83848105eb0baf3744a9e4b391f2ad6c499b34ba3cb89dbfb2b79925d013b7ab,success,success,success,success
inference_diagnostic,763b8f26ce16fd9c,dgp3_N100_T100_r2026080801_truth1-1-1,3,100,100,2026080801,selected_rank,B_G2_time_average,target_unsupported_selected_rank,0.0,False,0,,False,,0.29744995755616055,40.13807341056592,134.94059215990168,,,,True,False,0.0,,,0.0,0.9724533229301909,,,theorem_covered,True,83848105eb0baf3744a9e4b391f2ad6c499b34ba3cb89dbfb2b79925d013b7ab,success,success,success,success
inference_diagnostic,763b8f26ce16fd9c,dgp3_N100_T100_r2026080801_truth1-1-1,3,100,100,2026080801,selected_rank,B_G2_minus_G1_time_average,target_unsupported_selected_rank,0.0,False,0,,False,,0.29744995755616055,40.13807341056592,134.94059215990168,,,,True,False,0.0,,,0.0,0.9515082420316547,,,theorem_covered,True,83848105eb0baf3744a9e4b391f2ad6c499b34ba3cb89dbfb2b79925d013b7ab,success,success,success,success
inference_diagnostic,763b8f26ce16fd9c,dgp3_N100_T100_r2026080802_truth1-1-1,3,100,100,2026080802,selected_rank,A_entry,success,0.13996231078205348,True,29,4.674585931018397e-09,True,5.698222667897046,3.0963543368880067,54.42949407741985,17.578574076287488,0.014119727353598798,0.11882645897946635,0.4657911600203603,True,True,0.6053939495753741,,,0.6053939495753741,0.14146327879308604,0.6764274646953793,1.333780517734372,theorem_covered,True,a76f1fbf584d2003b12bf487e5372373056e2fcc5d0eaa8b6684a4cd34e94d86,,,,
inference_diagnostic,763b8f26ce16fd9c,dgp3_N100_T100_r2026080802_truth1-1-1,3,100,100,2026080802,selected_rank,B_entry,target_unsupported_selected_rank,0.0,False,0,,False,,3.0963543368880067,54.42949407741985,17.578574076287488,,,,True,False,0.0,,,0.0,0.06600215924713224,0.30740415752142747,0.128619727396362,entry_leverage_requires_author_choice,False,a76f1fbf584d2003b12bf487e5372373056e2fcc5d0eaa8b6684a4cd34e94d86,,,,
inference_diagnostic,763b8f26ce16fd9c,dgp3_N100_T100_r2026080802_truth1-1-1,3,100,100,2026080802,selected_rank,A_fixed_time_mean,success,0.09884154600455371,True,30,6.165806817618354e-09,True,13.37540894671308,3.0963543368880067,54.42949407741985,17.578574076287488,0.0031031105930219693,0.05570557057442253,0.21836182412824476,True,True,0.8548402454631581,,,0.8548402454631581,0.9949206521952402,,,theorem_covered,True,a76f1fbf584d2003b12bf487e5372373056e2fcc5d0eaa8b6684a4cd34e94d86,,,,
inference_diagnostic,763b8f26ce16fd9c,dgp3_N100_T100_r2026080802_truth1-1-1,3,100,100,2026080802,selected_rank,B_fixed_time_mean,target_unsupported_selected_rank,0.0,False,0,,False,,3.0963543368880067,54.42949407741985,17.578574076287488,,,,True,False,0.0,,,0.0,0.9412047081653456,,,theorem_covered,True,a76f1fbf584d2003b12bf487e5372373056e2fcc5d0eaa8b6684a4cd34e94d86,,,,
inference_diagnostic,763b8f26ce16fd9c,dgp3_N100_T100_r2026080802_truth1-1-1,3,100,100,2026080802,selected_rank,A_full_mean,success,0.009989772646200256,True,32,8.990455178736408e-09,True,8.0298143709938,3.0963543368880067,54.42949407741985,17.578574076287488,6.353856090988097e-05,0.007971107884722235,0.031246168741877665,True,True,0.6720762765372734,0.6704711428428682,0.6709518300566859,0.6748058567122659,0.9998009369000059,,,theorem_covered,True,a76f1fbf584d2003b12bf487e5372373056e2fcc5d0eaa8b6684a4cd34e94d86,success,success,success,success
inference_diagnostic,763b8f26ce16fd9c,dgp3_N100_T100_r2026080802_truth1-1-1,3,100,100,2026080802,selected_rank,B_full_mean,target_unsupported_selected_rank,0.0,False,0,,False,,3.0963543368880067,54.42949407741985,17.578574076287488,,,,True,False,0.0,,,0.0,0.9954819403048166,,,theorem_covered,True,a76f1fbf584d2003b12bf487e5372373056e2fcc5d0eaa8b6684a4cd34e94d86,success,success,success,success
inference_diagnostic,763b8f26ce16fd9c,dgp3_N100_T100_r2026080802_truth1-1-1,3,100,100,2026080802,selected_rank,A_G1_fixed_time,success,0.09750511431311436,True,29,6.3987489980032945e-09,True,13.141912860748116,3.0963543368880067,54.42949407741985,17.578574076287488,0.0030388921855224503,0.05512614792929441,0.21609052909568865,True,True,0.8364275318409082,,,0.8364275318409082,0.7044966582323181,,,theorem_covered,True,a76f1fbf584d2003b12bf487e5372373056e2fcc5d0eaa8b6684a4cd34e94d86,,,,
inference_diagnostic,763b8f26ce16fd9c,dgp3_N100_T100_r2026080802_truth1-1-1,3,100,100,2026080802,selected_rank,A_G2_fixed_time,success,0.10166737719096652,True,29,9.374454432481842e-09,True,13.36197415596597,3.0963543368880067,54.42949407741985,17.578574076287488,0.003304704176691625,0.05748655648663977,0.22534316061808277,True,True,0.8732529590854078,,,0.8732529590854078,0.7119818446865639,,,theorem_covered,True,a76f1fbf584d2003b12bf487e5372373056e2fcc5d0eaa8b6684a4cd34e94d86,,,,
inference_diagnostic,763b8f26ce16fd9c,dgp3_N100_T100_r2026080802_truth1-1-1,3,100,100,2026080802,selected_rank,A_G2_minus_G1_fixed_time,success,0.02466578476201976,True,32,5.334537201766382e-09,True,8.740264305853236,3.0963543368880067,54.42949407741985,17.578574076287488,0.00027475034607637506,0.01657559489358904,0.06497513802752108,True,True,0.03682542724449946,,,0.03682542724449946,0.11561394578157659,,,weak_target_stress_outside_assumption9,False,a76f1fbf584d2003b12bf487e5372373056e2fcc5d0eaa8b6684a4cd34e94d86,,,,
inference_diagnostic,763b8f26ce16fd9c,dgp3_N100_T100_r2026080802_truth1-1-1,3,100,100,2026080802,selected_rank,A_G1_time_average,success,0.013808957986820773,True,31,5.097927304807728e-09,True,7.577829483401421,3.0963543368880067,54.42949407741985,17.578574076287488,0.00011858391082579409,0.010889623998366247,0.042686541683961805,True,True,0.6576001822285829,0.6547118254371772,0.6570361050988319,0.6610526161497395,0.9900565502038985,,,theorem_covered,True,a76f1fbf584d2003b12bf487e5372373056e2fcc5d0eaa8b6684a4cd34e94d86,success,success,success,success
inference_diagnostic,763b8f26ce16fd9c,dgp3_N100_T100_r2026080802_truth1-1-1,3,100,100,2026080802,selected_rank,A_G2_time_average,success,0.013835573499706984,True,31,4.728590838071276e-09,True,9.37006610217485,3.0963543368880067,54.42949407741985,17.578574076287488,0.0001028135414360931,0.010139701249844252,0.03974689852738101,True,True,0.6865523708459635,0.6862304602485594,0.6848675550145396,0.6885590972747917,0.9902668895092186,,,theorem_covered,True,a76f1fbf584d2003b12bf487e5372373056e2fcc5d0eaa8b6684a4cd34e94d86,success,success,success,success
inference_diagnostic,763b8f26ce16fd9c,dgp3_N100_T100_r2026080802_truth1-1-1,3,100,100,2026080802,selected_rank,A_G2_minus_G1_time_average,success,0.01910598334041113,True,32,5.340322873019056e-09,True,8.6654959122249,3.0963543368880067,54.42949407741985,17.578574076287488,0.00018864066110112763,0.013734651837637809,0.05383884588393395,True,True,0.02895218861738083,0.03151863481138231,0.027831449915707778,0.027506481125052402,0.9804277493185211,,,theorem_covered,True,a76f1fbf584d2003b12bf487e5372373056e2fcc5d0eaa8b6684a4cd34e94d86,success,success,success,success
inference_diagnostic,763b8f26ce16fd9c,dgp3_N100_T100_r2026080802_truth1-1-1,3,100,100,2026080802,selected_rank,B_G1_fixed_time,target_unsupported_selected_rank,0.0,False,0,,False,,3.0963543368880067,54.42949407741985,17.578574076287488,,,,True,False,0.0,,,0.0,0.6230436459851186,,,theorem_covered,True,a76f1fbf584d2003b12bf487e5372373056e2fcc5d0eaa8b6684a4cd34e94d86,,,,
inference_diagnostic,763b8f26ce16fd9c,dgp3_N100_T100_r2026080802_truth1-1-1,3,100,100,2026080802,selected_rank,B_G2_fixed_time,target_unsupported_selected_rank,0.0,False,0,,False,,3.0963543368880067,54.42949407741985,17.578574076287488,,,,True,False,0.0,,,0.0,0.7089948570051617,,,theorem_covered,True,a76f1fbf584d2003b12bf487e5372373056e2fcc5d0eaa8b6684a4cd34e94d86,,,,
inference_diagnostic,763b8f26ce16fd9c,dgp3_N100_T100_r2026080802_truth1-1-1,3,100,100,2026080802,selected_rank,B_G2_minus_G1_fixed_time,target_unsupported_selected_rank,0.0,False,0,,False,,3.0963543368880067,54.42949407741985,17.578574076287488,,,,True,False,0.0,,,0.0,0.07064551924634835,,,weak_target_stress_outside_assumption9,False,a76f1fbf584d2003b12bf487e5372373056e2fcc5d0eaa8b6684a4cd34e94d86,,,,
inference_diagnostic,763b8f26ce16fd9c,dgp3_N100_T100_r2026080802_truth1-1-1,3,100,100,2026080802,selected_rank,B_G1_time_average,target_unsupported_selected_rank,0.0,False,0,,False,,3.0963543368880067,54.42949407741985,17.578574076287488,,,,True,False,0.0,,,0.0,0.9755363005346946,,,theorem_covered,True,a76f1fbf584d2003b12bf487e5372373056e2fcc5d0eaa8b6684a4cd34e94d86,success,success,success,success
inference_diagnostic,763b8f26ce16fd9c,dgp3_N100_T100_r2026080802_truth1-1-1,3,100,100,2026080802,selected_rank,B_G2_time_average,target_unsupported_selected_rank,0.0,False,0,,False,,3.0963543368880067,54.42949407741985,17.578574076287488,,,,True,False,0.0,,,0.0,0.9801606760627767,,,theorem_covered,True,a76f1fbf584d2003b12bf487e5372373056e2fcc5d0eaa8b6684a4cd34e94d86,success,success,success,success
inference_diagnostic,763b8f26ce16fd9c,dgp3_N100_T100_r2026080802_truth1-1-1,3,100,100,2026080802,selected_rank,B_G2_minus_G1_time_average,target_unsupported_selected_rank,0.0,False,0,,False,,3.0963543368880067,54.42949407741985,17.578574076287488,,,,True,False,0.0,,,0.0,0.9598967293869264,,,theorem_covered,True,a76f1fbf584d2003b12bf487e5372373056e2fcc5d0eaa8b6684a4cd34e94d86,success,success,success,success
inference_diagnostic,763b8f26ce16fd9c,dgp3_N100_T100_r2026080803_truth1-1-1,3,100,100,2026080803,selected_rank,A_entry,success,0.1321641437042935,True,76,9.095108694453272e-09,True,1.0107853589569133,0.26272285523141004,51.264377746067744,195.12721000581905,0.010194961268934665,0.10097010086622012,0.39579552242633587,True,True,0.5144230327622814,,,0.5144230327622814,0.11977842483257167,0.7326166328544903,0.7072519178692046,theorem_covered,True,c1d3d6b2b3aa9fe1cd0d7209e67d1943514ad3e1ba64bb2af8205f6b77dd53eb,,,,
inference_diagnostic,763b8f26ce16fd9c,dgp3_N100_T100_r2026080803_truth1-1-1,3,100,100,2026080803,selected_rank,B_entry,target_unsupported_selected_rank,0.0,False,0,,False,,0.26272285523141004,51.264377746067744,195.12721000581905,,,,True,False,0.0,,,0.0,0.18599105769159505,1.3673221834688454,2.120945326604894,entry_leverage_requires_author_choice,False,c1d3d6b2b3aa9fe1cd0d7209e67d1943514ad3e1ba64bb2af8205f6b77dd53eb,,,,
inference_diagnostic,763b8f26ce16fd9c,dgp3_N100_T100_r2026080803_truth1-1-1,3,100,100,2026080803,selected_rank,A_fixed_time_mean,success,0.09904860510893386,True,76,9.538959757690301e-09,True,0.8099465350471216,0.26272285523141004,51.264377746067744,195.12721000581905,0.0064329235820154915,0.08020550842688731,0.3143998157568459,True,True,0.473295564803244,,,0.473295564803244,0.9941032833593743,,,theorem_covered,True,c1d3d6b2b3aa9fe1cd0d7209e67d1943514ad3e1ba64bb2af8205f6b77dd53eb,,,,
inference_diagnostic,763b8f26ce16fd9c,dgp3_N100_T100_r2026080803_truth1-1-1,3,100,100,2026080803,selected_rank,B_fixed_time_mean,target_unsupported_selected_rank,0.0,False,0,,False,,0.26272285523141004,51.264377746067744,195.12721000581905,,,,True,False,0.0,,,0.0,0.924045817459054,,,theorem_covered,True,c1d3d6b2b3aa9fe1cd0d7209e67d1943514ad3e1ba64bb2af8205f6b77dd53eb,,,,
inference_diagnostic,763b8f26ce16fd9c,dgp3_N100_T100_r2026080803_truth1-1-1,3,100,100,2026080803,selected_rank,A_full_mean,success,0.009995289990843722,True,87,5.787668725714165e-09,True,1.0987792370453446,0.26272285523141004,51.264377746067744,195.12721000581905,0.00010590034122708082,0.010290789145011223,0.040339152193435465,True,True,0.5983301904669464,0.5956205639531901,0.5997849011959011,0.5995851062517477,0.9998217692918603,,,theorem_covered,True,c1d3d6b2b3aa9fe1cd0d7209e67d1943514ad3e1ba64bb2af8205f6b77dd53eb,success,success,success,success
inference_diagnostic,763b8f26ce16fd9c,dgp3_N100_T100_r2026080803_truth1-1-1,3,100,100,2026080803,selected_rank,B_full_mean,target_unsupported_selected_rank,0.0,False,0,,False,,0.26272285523141004,51.264377746067744,195.12721000581905,,,,True,False,0.0,,,0.0,0.9926001125458104,,,theorem_covered,True,c1d3d6b2b3aa9fe1cd0d7209e67d1943514ad3e1ba64bb2af8205f6b77dd53eb,success,success,success,success
inference_diagnostic,763b8f26ce16fd9c,dgp3_N100_T100_r2026080803_truth1-1-1,3,100,100,2026080803,selected_rank,A_G1_fixed_time,success,0.09937863118292121,True,76,9.325710291769056e-09,True,0.8139078496241721,0.26272285523141004,51.264377746067744,195.12721000581905,0.006479437425671954,0.08049495279625893,0.31553441683583844,True,True,0.47344132517154436,,,0.47344132517154436,0.6907037151160362,,,theorem_covered,True,c1d3d6b2b3aa9fe1cd0d7209e67d1943514ad3e1ba64bb2af8205f6b77dd53eb,,,,
inference_diagnostic,763b8f26ce16fd9c,dgp3_N100_T100_r2026080803_truth1-1-1,3,100,100,2026080803,selected_rank,A_G2_fixed_time,success,0.09931817623801219,True,75,9.467607471070597e-09,True,0.8119006279219134,0.26272285523141004,51.264377746067744,195.12721000581905,0.006440798337404113,0.08025458452577094,0.3145921905294732,True,True,0.47314980443494364,,,0.47314980443494364,0.7201967987343215,,,theorem_covered,True,c1d3d6b2b3aa9fe1cd0d7209e67d1943514ad3e1ba64bb2af8205f6b77dd53eb,,,,
inference_diagnostic,763b8f26ce16fd9c,dgp3_N100_T100_r2026080803_truth1-1-1,3,100,100,2026080803,selected_rank,A_G2_minus_G1_fixed_time,success,0.015424663301666688,True,82,5.954068535313386e-09,True,5.799101565135942,0.26272285523141004,51.264377746067744,195.12721000581905,0.00010877718438309876,0.010429630117271597,0.04088339880385318,True,True,-0.0002915207366007075,,,-0.0002915207366007075,0.08668167624343277,,,weak_target_stress_outside_assumption9,False,c1d3d6b2b3aa9fe1cd0d7209e67d1943514ad3e1ba64bb2af8205f6b77dd53eb,,,,
inference_diagnostic,763b8f26ce16fd9c,dgp3_N100_T100_r2026080803_truth1-1-1,3,100,100,2026080803,selected_rank,A_G1_time_average,success,0.013962996190405587,True,86,7.355375491631292e-09,True,1.7113807188731063,0.26272285523141004,51.264377746067744,195.12721000581905,0.00015481785091240268,0.012442582164181303,0.04877402583295159,True,True,0.5985144576255959,0.5962458165156466,0.600835961984253,0.598461594376888,0.9920428149337922,,,theorem_covered,True,c1d3d6b2b3aa9fe1cd0d7209e67d1943514ad3e1ba64bb2af8205f6b77dd53eb,success,success,success,success
inference_diagnostic,763b8f26ce16fd9c,dgp3_N100_T100_r2026080803_truth1-1-1,3,100,100,2026080803,selected_rank,A_G2_time_average,success,0.013962782272599707,True,86,7.900149836599903e-09,True,1.501331655343527,0.26272285523141004,51.264377746067744,195.12721000581905,0.00017061362055932977,0.01306191488868802,0.05120176550191206,True,True,0.5981459233082969,0.5949953113907336,0.5987338404075491,0.6007086181266079,0.992678340449521,,,theorem_covered,True,c1d3d6b2b3aa9fe1cd0d7209e67d1943514ad3e1ba64bb2af8205f6b77dd53eb,success,success,success,success
inference_diagnostic,763b8f26ce16fd9c,dgp3_N100_T100_r2026080803_truth1-1-1,3,100,100,2026080803,selected_rank,A_G2_minus_G1_time_average,success,0.019499379856968993,True,81,9.374889959359871e-09,True,5.79281434030845,0.26272285523141004,51.264377746067744,195.12721000581905,0.0002272615780731133,0.015075197447234756,0.05909368811282057,True,True,-0.0003685343172987115,-0.0012505051249128152,-0.0021021215767040944,0.002247023749720775,0.9848429640858865,,,theorem_covered,True,c1d3d6b2b3aa9fe1cd0d7209e67d1943514ad3e1ba64bb2af8205f6b77dd53eb,success,success,success,success
inference_diagnostic,763b8f26ce16fd9c,dgp3_N100_T100_r2026080803_truth1-1-1,3,100,100,2026080803,selected_rank,B_G1_fixed_time,target_unsupported_selected_rank,0.0,False,0,,False,,0.26272285523141004,51.264377746067744,195.12721000581905,,,,True,False,0.0,,,0.0,0.681590867937948,,,theorem_covered,True,c1d3d6b2b3aa9fe1cd0d7209e67d1943514ad3e1ba64bb2af8205f6b77dd53eb,,,,
inference_diagnostic,763b8f26ce16fd9c,dgp3_N100_T100_r2026080803_truth1-1-1,3,100,100,2026080803,selected_rank,B_G2_fixed_time,target_unsupported_selected_rank,0.0,False,0,,False,,0.26272285523141004,51.264377746067744,195.12721000581905,,,,True,False,0.0,,,0.0,0.6413689765253615,,,theorem_covered,True,c1d3d6b2b3aa9fe1cd0d7209e67d1943514ad3e1ba64bb2af8205f6b77dd53eb,,,,
inference_diagnostic,763b8f26ce16fd9c,dgp3_N100_T100_r2026080803_truth1-1-1,3,100,100,2026080803,selected_rank,B_G2_minus_G1_fixed_time,target_unsupported_selected_rank,0.0,False,0,,False,,0.26272285523141004,51.264377746067744,195.12721000581905,,,,True,False,0.0,,,0.0,0.14852475397059026,,,weak_target_stress_outside_assumption9,False,c1d3d6b2b3aa9fe1cd0d7209e67d1943514ad3e1ba64bb2af8205f6b77dd53eb,,,,
inference_diagnostic,763b8f26ce16fd9c,dgp3_N100_T100_r2026080803_truth1-1-1,3,100,100,2026080803,selected_rank,B_G1_time_average,target_unsupported_selected_rank,0.0,False,0,,False,,0.26272285523141004,51.264377746067744,195.12721000581905,,,,True,False,0.0,,,0.0,0.972613149397596,,,theorem_covered,True,c1d3d6b2b3aa9fe1cd0d7209e67d1943514ad3e1ba64bb2af8205f6b77dd53eb,success,success,success,success
inference_diagnostic,763b8f26ce16fd9c,dgp3_N100_T100_r2026080803_truth1-1-1,3,100,100,2026080803,selected_rank,B_G2_time_average,target_unsupported_selected_rank,0.0,False,0,,False,,0.26272285523141004,51.264377746067744,195.12721000581905,,,,True,False,0.0,,,0.0,0.9698491705837669,,,theorem_covered,True,c1d3d6b2b3aa9fe1cd0d7209e67d1943514ad3e1ba64bb2af8205f6b77dd53eb,success,success,success,success
inference_diagnostic,763b8f26ce16fd9c,dgp3_N100_T100_r2026080803_truth1-1-1,3,100,100,2026080803,selected_rank,B_G2_minus_G1_time_average,target_unsupported_selected_rank,0.0,False,0,,False,,0.26272285523141004,51.264377746067744,195.12721000581905,,,,True,False,0.0,,,0.0,0.9493833623132328,,,theorem_covered,True,c1d3d6b2b3aa9fe1cd0d7209e67d1943514ad3e1ba64bb2af8205f6b77dd53eb,success,success,success,success
inference_diagnostic,763b8f26ce16fd9c,dgp3_N50_T50_r2026080802_truth1-1-1,3,50,50,2026080802,selected_rank,A_entry,success,0.21329610299720947,True,97,7.906738347826531e-09,True,1.5498002003590656,0.21783309419908425,55.21071330646134,253.45420313408667,0.0145454879085531,0.12060467614712582,0.4727616432309671,True,True,0.5657893236694616,,,0.5657893236694616,0.2030415470454173,1.1402356785770147,0.9425524514339083,theorem_covered,True,1610ea6b183c05332889e561cf20294744f1200028f4ab50120654917d586337,,,,
inference_diagnostic,763b8f26ce16fd9c,dgp3_N50_T50_r2026080802_truth1-1-1,3,50,50,2026080802,selected_rank,B_entry,success,0.19439803293052163,True,100,9.030978564146658e-09,True,0.9127756531104493,0.21783309419908425,55.21071330646134,253.45420313408667,0.06097118954389865,0.24692344875264205,0.9679221329872003,True,True,0.42816528150384847,,,0.42816528150384847,0.13596257306895052,0.5706055293735167,0.3577684272595602,entry_leverage_requires_author_choice,False,1610ea6b183c05332889e561cf20294744f1200028f4ab50120654917d586337,,,,
inference_diagnostic,763b8f26ce16fd9c,dgp3_N50_T50_r2026080802_truth1-1-1,3,50,50,2026080802,selected_rank,A_fixed_time_mean,success,0.13635988727898676,True,96,8.339328199688694e-09,True,1.0944587102062724,0.21783309419908425,55.21071330646134,253.45420313408667,0.0060162547295796965,0.07756451978565777,0.30404733051606736,True,True,0.43636760931307256,,,0.43636760931307256,0.9955742913967243,,,theorem_covered,True,1610ea6b183c05332889e561cf20294744f1200028f4ab50120654917d586337,,,,
inference_diagnostic,763b8f26ce16fd9c,dgp3_N50_T50_r2026080802_truth1-1-1,3,50,50,2026080802,selected_rank,B_fixed_time_mean,success,0.11491914724803265,True,104,7.236796897197452e-09,True,0.3946189652897997,0.21783309419908425,55.21071330646134,253.45420313408667,0.11865523499158172,0.34446369183352504,1.350272859950826,True,True,1.0098117652737766,,,1.0098117652737766,0.9433166062843186,,,theorem_covered,True,1610ea6b183c05332889e561cf20294744f1200028f4ab50120654917d586337,,,,
inference_diagnostic,763b8f26ce16fd9c,dgp3_N50_T50_r2026080802_truth1-1-1,3,50,50,2026080802,selected_rank,A_full_mean,success,0.019907979188913055,True,100,9.471179698920085e-09,True,0.8746352750874573,0.21783309419908425,55.21071330646134,253.45420313408667,0.000818066471212821,0.028601861324270856,0.11211723617275995,True,True,0.4746097180515119,0.48138258104384624,0.49275688396550854,0.44968968914518104,0.9998122511631791,,,theorem_covered,True,1610ea6b183c05332889e561cf20294744f1200028f4ab50120654917d586337,success,success,success,success
inference_diagnostic,763b8f26ce16fd9c,dgp3_N50_T50_r2026080802_truth1-1-1,3,50,50,2026080802,selected_rank,B_full_mean,success,0.019071905644968544,True,105,6.557002564396368e-09,True,0.5620882507731587,0.21783309419908425,55.21071330646134,253.45420313408667,0.004829082329418769,0.06949159898447271,0.27240206247533344,True,True,0.6527526476500549,0.611224104387428,0.5739980271614049,0.7730358114013318,0.9930633440608025,,,theorem_covered,True,1610ea6b183c05332889e561cf20294744f1200028f4ab50120654917d586337,success,success,success,success
inference_diagnostic,763b8f26ce16fd9c,dgp3_N50_T50_r2026080802_truth1-1-1,3,50,50,2026080802,selected_rank,A_G1_fixed_time,success,0.13162706554395853,True,96,8.66607835192607e-09,True,1.1051724243931067,0.21783309419908425,55.21071330646134,253.45420313408667,0.005622772798720116,0.07498515052142068,0.29393638879459877,True,True,0.417316538901753,,,0.417316538901753,0.7001300933961797,,,theorem_covered,True,1610ea6b183c05332889e561cf20294744f1200028f4ab50120654917d586337,,,,
inference_diagnostic,763b8f26ce16fd9c,dgp3_N50_T50_r2026080802_truth1-1-1,3,50,50,2026080802,selected_rank,A_G2_fixed_time,success,0.14325280508249766,True,96,8.790993672776449e-09,True,1.100447170487066,0.21783309419908425,55.21071330646134,253.45420313408667,0.006675761150757213,0.08170533122604187,0.32027901309591583,True,True,0.4554186797243921,,,0.4554186797243921,0.7211565013385651,,,theorem_covered,True,1610ea6b183c05332889e561cf20294744f1200028f4ab50120654917d586337,,,,
inference_diagnostic,763b8f26ce16fd9c,dgp3_N50_T50_r2026080802_truth1-1-1,3,50,50,2026080802,selected_rank,A_G2_minus_G1_fixed_time,success,0.036304623128237797,True,98,9.80349459204323e-09,True,2.272431967043277,0.21783309419908425,55.21071330646134,253.45420313408667,0.0005320489747182016,0.023066186826569354,0.09041779088149635,True,True,0.03810214082263906,,,0.03810214082263906,0.13813282525067308,,,weak_target_stress_outside_assumption9,False,1610ea6b183c05332889e561cf20294744f1200028f4ab50120654917d586337,,,,
inference_diagnostic,763b8f26ce16fd9c,dgp3_N50_T50_r2026080802_truth1-1-1,3,50,50,2026080802,selected_rank,A_G1_time_average,success,0.02721719355535293,True,100,6.5480937250797764e-09,True,1.1622566279508961,0.21783309419908425,55.21071330646134,253.45420313408667,0.001196960371088934,0.03459711506887437,0.1356181990079635,True,True,0.4538890619727313,0.44411709946757805,0.4606169643956655,0.45693312205495035,0.989103843153714,,,theorem_covered,True,1610ea6b183c05332889e561cf20294744f1200028f4ab50120654917d586337,success,success,success,success
inference_diagnostic,763b8f26ce16fd9c,dgp3_N50_T50_r2026080802_truth1-1-1,3,50,50,2026080802,selected_rank,A_G2_time_average,success,0.02737010437907187,True,100,7.610954591115878e-09,True,1.153164642935081,0.21783309419908425,55.21071330646134,253.45420313408667,0.001203821700926451,0.03469613380373166,0.13600634531619354,True,True,0.49533037413029235,0.5186480626201144,0.5248968035353516,0.442446256235411,0.9897458648405426,,,theorem_covered,True,1610ea6b183c05332889e561cf20294744f1200028f4ab50120654917d586337,success,success,success,success
inference_diagnostic,763b8f26ce16fd9c,dgp3_N50_T50_r2026080802_truth1-1-1,3,50,50,2026080802,selected_rank,A_G2_minus_G1_time_average,success,0.037342816390262906,True,97,9.300488053565231e-09,True,2.7901554589232096,0.21783309419908425,55.21071330646134,253.45420313408667,0.0015292982475940827,0.03910624307695745,0.15329365600301087,True,True,0.04144131215756114,0.07453096315253646,0.0642798391396862,-0.014486865819539244,0.9789273476282212,,,theorem_covered,True,1610ea6b183c05332889e561cf20294744f1200028f4ab50120654917d586337,success,success,success,success
inference_diagnostic,763b8f26ce16fd9c,dgp3_N50_T50_r2026080802_truth1-1-1,3,50,50,2026080802,selected_rank,B_G1_fixed_time,success,0.11299258153063113,True,103,9.455889628667148e-09,True,0.39653196116667366,0.21783309419908425,55.21071330646134,253.45420313408667,0.11288654145030438,0.33598592448241693,1.317040622595863,True,True,0.9622237068531246,,,0.9622237068531246,0.6842748368086674,,,theorem_covered,True,1610ea6b183c05332889e561cf20294744f1200028f4ab50120654917d586337,,,,
inference_diagnostic,763b8f26ce16fd9c,dgp3_N50_T50_r2026080802_truth1-1-1,3,50,50,2026080802,selected_rank,B_G2_fixed_time,success,0.12297464787362478,True,104,9.677049131639212e-09,True,0.3989401206057167,0.21783309419908425,55.21071330646134,253.45420313408667,0.13087184809924077,0.3617621429879594,1.4180815424528592,True,True,1.0573998236944289,,,1.0573998236944289,0.6551343427736182,,,theorem_covered,True,1610ea6b183c05332889e561cf20294744f1200028f4ab50120654917d586337,,,,
inference_diagnostic,763b8f26ce16fd9c,dgp3_N50_T50_r2026080802_truth1-1-1,3,50,50,2026080802,selected_rank,B_G2_minus_G1_fixed_time,success,0.05435561962057483,True,104,7.488514986080596e-09,True,0.6056317668958855,0.21783309419908425,55.21071330646134,253.45420313408667,0.01289583912037306,0.11355984818752207,0.44514642507475877,True,True,0.09517611684130424,,,0.09517611684130424,0.08710246655051779,,,weak_target_stress_outside_assumption9,False,1610ea6b183c05332889e561cf20294744f1200028f4ab50120654917d586337,,,,
inference_diagnostic,763b8f26ce16fd9c,dgp3_N50_T50_r2026080802_truth1-1-1,3,50,50,2026080802,selected_rank,B_G1_time_average,success,0.025585915122863744,True,104,7.170235153328082e-09,True,0.5399359597620383,0.21783309419908425,55.21071330646134,253.45420313408667,0.008566572384290459,0.09255577985350487,0.36281199014777493,True,True,0.6219912402285594,0.6047729223910452,0.605887877526934,0.6553129207676992,0.9660532080162703,,,theorem_covered,True,1610ea6b183c05332889e561cf20294744f1200028f4ab50120654917d586337,success,success,success,success
inference_diagnostic,763b8f26ce16fd9c,dgp3_N50_T50_r2026080802_truth1-1-1,3,50,50,2026080802,selected_rank,B_G2_time_average,success,0.025830442928916935,True,104,8.792770624172275e-09,True,0.6550195749157472,0.21783309419908425,55.21071330646134,253.45420313408667,0.01042340435016644,0.10209507505343458,0.40020534020729104,True,True,0.6835140550715503,0.617675286383811,0.5421081767958759,0.890758702034964,0.9635144458322578,,,theorem_covered,True,1610ea6b183c05332889e561cf20294744f1200028f4ab50120654917d586337,success,success,success,success
inference_diagnostic,763b8f26ce16fd9c,dgp3_N50_T50_r2026080802_truth1-1-1,3,50,50,2026080802,selected_rank,B_G2_minus_G1_time_average,success,0.034478273295432196,True,104,8.32461852022919e-09,True,0.6317924321205729,0.21783309419908425,55.21071330646134,253.45420313408667,0.018663624095106884,0.1366148750872572,0.5355204698469248,True,True,0.061522814842990825,0.01290236399276578,-0.06377970073105813,0.23544578126726481,0.9356516887863525,,,theorem_covered,True,1610ea6b183c05332889e561cf20294744f1200028f4ab50120654917d586337,success,success,success,success
inference_diagnostic,763b8f26ce16fd9c,dgp3_N50_T50_r2026080803_truth1-1-1,3,50,50,2026080803,selected_rank,A_entry,success,0.1508357722959695,True,92,8.906143049449533e-09,True,0.3668887885966752,0.2554935987954692,47.39898676333397,185.51927322953551,0.033767195741624886,0.1837585256297647,0.7203201841730384,True,True,0.21957124919506454,,,0.21957124919506454,0.17653137720489903,1.171228612905586,0.3962190046927949,theorem_covered,True,56b0996f0bf529b119f4e6c1fc9bd1f8d1960b5ae5d5911463c453f7f0ecef75,,,,
inference_diagnostic,763b8f26ce16fd9c,dgp3_N50_T50_r2026080803_truth1-1-1,3,50,50,2026080803,selected_rank,B_entry,success,0.2649368977636792,True,96,8.690119782361592e-09,True,0.4321813093626064,0.2554935987954692,47.39898676333397,185.51927322953551,0.8015712215496529,0.8953050997004612,3.5095315011758927,True,True,1.2376851461942244,,,1.2376851461942244,0.2232249974651818,1.230072361254867,1.2932125127960414,entry_leverage_requires_author_choice,False,56b0996f0bf529b119f4e6c1fc9bd1f8d1960b5ae5d5911463c453f7f0ecef75,,,,
inference_diagnostic,763b8f26ce16fd9c,dgp3_N50_T50_r2026080803_truth1-1-1,3,50,50,2026080803,selected_rank,A_fixed_time_mean,success,0.13877881661482416,True,89,9.845048327170592e-09,True,0.35426252143013875,0.2554935987954692,47.39898676333397,185.51927322953551,0.03329415047726472,0.18246684761146262,0.7152568993820503,True,True,0.2197196191416154,,,0.2197196191416154,0.9937148969292802,,,theorem_covered,True,56b0996f0bf529b119f4e6c1fc9bd1f8d1960b5ae5d5911463c453f7f0ecef75,,,,
inference_diagnostic,763b8f26ce16fd9c,dgp3_N50_T50_r2026080803_truth1-1-1,3,50,50,2026080803,selected_rank,B_fixed_time_mean,success,0.1164382029571259,True,96,7.994446616093693e-09,True,0.42617383213553023,0.2554935987954692,47.39898676333397,185.51927322953551,0.16081289660218068,0.40101483339420335,1.5719492614379376,True,True,0.5845718940928203,,,0.5845718940928203,0.940489296275167,,,theorem_covered,True,56b0996f0bf529b119f4e6c1fc9bd1f8d1960b5ae5d5911463c453f7f0ecef75,,,,
inference_diagnostic,763b8f26ce16fd9c,dgp3_N50_T50_r2026080803_truth1-1-1,3,50,50,2026080803,selected_rank,A_full_mean,success,0.019956215659673496,True,99,7.039678982181324e-09,True,0.8790240603942001,0.2554935987954692,47.39898676333397,185.51927322953551,0.0007561950443477777,0.027499000788170063,0.10779410231130376,True,True,0.487155889043352,0.4798271466651811,0.505248947007327,0.4763915734575478,0.9997349366590026,,,theorem_covered,True,56b0996f0bf529b119f4e6c1fc9bd1f8d1960b5ae5d5911463c453f7f0ecef75,success,success,success,success
inference_diagnostic,763b8f26ce16fd9c,dgp3_N50_T50_r2026080803_truth1-1-1,3,50,50,2026080803,selected_rank,B_full_mean,success,0.019077473225030398,True,103,7.2124069234942275e-09,True,0.5770441698115418,0.2554935987954692,47.39898676333397,185.51927322953551,0.005104794404263227,0.07144784394411932,0.28007040180702414,True,True,0.6912602451344164,0.6836052651112574,0.6324309867381799,0.7577444835538119,0.9951298535519726,,,theorem_covered,True,56b0996f0bf529b119f4e6c1fc9bd1f8d1960b5ae5d5911463c453f7f0ecef75,success,success,success,success
inference_diagnostic,763b8f26ce16fd9c,dgp3_N50_T50_r2026080803_truth1-1-1,3,50,50,2026080803,selected_rank,A_G1_fixed_time,success,0.13829965207307887,True,91,8.799630197463326e-09,True,0.35480452030352266,0.2554935987954692,47.39898676333397,185.51927322953551,0.032957723890411975,0.18154262279258823,0.7116340046648265,True,True,0.2185452843175513,,,0.2185452843175513,0.6987575994003257,,,theorem_covered,True,56b0996f0bf529b119f4e6c1fc9bd1f8d1960b5ae5d5911463c453f7f0ecef75,,,,
inference_diagnostic,763b8f26ce16fd9c,dgp3_N50_T50_r2026080803_truth1-1-1,3,50,50,2026080803,selected_rank,A_G2_fixed_time,success,0.13977483683747455,True,89,9.144066951655762e-09,True,0.35487640810183546,0.2554935987954692,47.39898676333397,185.51927322953551,0.033703841678944836,0.18358606068801855,0.719644134024202,True,True,0.22089395396567946,,,0.22089395396567946,0.7121960763643077,,,theorem_covered,True,56b0996f0bf529b119f4e6c1fc9bd1f8d1960b5ae5d5911463c453f7f0ecef75,,,,
inference_diagnostic,763b8f26ce16fd9c,dgp3_N50_T50_r2026080803_truth1-1-1,3,50,50,2026080803,selected_rank,A_G2_minus_G1_fixed_time,success,0.017010519948274835,True,93,6.818091002484876e-09,True,2.7022328800888604,0.2554935987954692,47.39898676333397,185.51927322953551,0.00014652919873263086,0.01210492456534244,0.047450432367290706,True,True,0.002348669648128171,,,0.002348669648128171,0.08953288518332209,,,weak_target_stress_outside_assumption9,False,56b0996f0bf529b119f4e6c1fc9bd1f8d1960b5ae5d5911463c453f7f0ecef75,,,,
inference_diagnostic,763b8f26ce16fd9c,dgp3_N50_T50_r2026080803_truth1-1-1,3,50,50,2026080803,selected_rank,A_G1_time_average,success,0.027398582904273033,True,97,6.4713785735001205e-09,True,1.167636140842747,0.2554935987954692,47.39898676333397,185.51927322953551,0.0010828606837972568,0.03290684858501733,0.1289924761426936,True,True,0.48455218834749925,0.4597710822243305,0.5076073237189386,0.48627815909922867,0.9891173729612581,,,theorem_covered,True,56b0996f0bf529b119f4e6c1fc9bd1f8d1960b5ae5d5911463c453f7f0ecef75,success,success,success,success
inference_diagnostic,763b8f26ce16fd9c,dgp3_N50_T50_r2026080803_truth1-1-1,3,50,50,2026080803,selected_rank,A_G2_time_average,success,0.027416264546911432,True,98,6.232283539107137e-09,True,1.196831196159906,0.2554935987954692,47.39898676333397,185.51927322953551,0.0012599255556080449,0.03549543006653173,0.13913952909232474,True,True,0.4897595897392046,0.49988321110603173,0.5028905702957154,0.4665049878158666,0.9895227345954659,,,theorem_covered,True,56b0996f0bf529b119f4e6c1fc9bd1f8d1960b5ae5d5911463c453f7f0ecef75,success,success,success,success
inference_diagnostic,763b8f26ce16fd9c,dgp3_N50_T50_r2026080803_truth1-1-1,3,50,50,2026080803,selected_rank,A_G2_minus_G1_time_average,success,0.03757213914479077,True,94,6.839873565994004e-09,True,3.1266939413344357,0.2554935987954692,47.39898676333397,185.51927322953551,0.001660792282367123,0.04075281931801925,0.1597481162635718,True,True,0.005207401391705311,0.04011212888170122,-0.004716753423223089,-0.0197731712833622,0.9787943993497801,,,theorem_covered,True,56b0996f0bf529b119f4e6c1fc9bd1f8d1960b5ae5d5911463c453f7f0ecef75,success,success,success,success
inference_diagnostic,763b8f26ce16fd9c,dgp3_N50_T50_r2026080803_truth1-1-1,3,50,50,2026080803,selected_rank,B_G1_fixed_time,success,0.12610728463759352,True,96,9.412653434554312e-09,True,0.42858521574204705,0.2554935987954692,47.39898676333397,185.51927322953551,0.18712511149217384,0.4325796013361863,1.6956808781312396,True,True,0.6296475935973541,,,0.6296475935973541,0.7323544791797504,,,theorem_covered,True,56b0996f0bf529b119f4e6c1fc9bd1f8d1960b5ae5d5911463c453f7f0ecef75,,,,
inference_diagnostic,763b8f26ce16fd9c,dgp3_N50_T50_r2026080803_truth1-1-1,3,50,50,2026080803,selected_rank,B_G2_fixed_time,success,0.10855929518437381,True,97,6.502948668620244e-09,True,0.42725981035260974,0.2554935987954692,47.39898676333397,185.51927322953551,0.1380469993264961,0.37154676600193426,1.4564365598722444,True,True,0.5394961945882865,,,0.5394961945882865,0.617301913264845,,,theorem_covered,True,56b0996f0bf529b119f4e6c1fc9bd1f8d1960b5ae5d5911463c453f7f0ecef75,,,,
inference_diagnostic,763b8f26ce16fd9c,dgp3_N50_T50_r2026080803_truth1-1-1,3,50,50,2026080803,selected_rank,B_G2_minus_G1_fixed_time,success,0.03383659539094785,True,102,8.808935864564025e-09,True,0.5817563637270943,0.2554935987954692,47.39898676333397,185.51927322953551,0.0070926351980157565,0.08421778433333281,0.3301276483021878,True,True,-0.09015139900906768,,,-0.09015139900906768,0.18134116710477566,,,weak_target_stress_outside_assumption9,False,56b0996f0bf529b119f4e6c1fc9bd1f8d1960b5ae5d5911463c453f7f0ecef75,,,,
inference_diagnostic,763b8f26ce16fd9c,dgp3_N50_T50_r2026080803_truth1-1-1,3,50,50,2026080803,selected_rank,B_G1_time_average,success,0.025790585553562312,True,102,9.004389339350809e-09,True,0.5669134984291626,0.2554935987954692,47.39898676333397,185.51927322953551,0.010129056689241722,0.10064321481968728,0.3945141526698298,True,True,0.7445625667204792,0.7902118174287426,0.6447520228027388,0.798723859929956,0.9802997076912904,,,theorem_covered,True,56b0996f0bf529b119f4e6c1fc9bd1f8d1960b5ae5d5911463c453f7f0ecef75,success,success,success,success
inference_diagnostic,763b8f26ce16fd9c,dgp3_N50_T50_r2026080803_truth1-1-1,3,50,50,2026080803,selected_rank,B_G2_time_average,success,0.025339899979366812,True,99,9.788848277656987e-09,True,0.7140396171113628,0.2554935987954692,47.39898676333397,185.51927322953551,0.008459322907336619,0.0919745775056163,0.3605337188085915,True,True,0.6379579235483533,0.5769987127937724,0.6201099506736207,0.7167651071776668,0.9736128628144167,,,theorem_covered,True,56b0996f0bf529b119f4e6c1fc9bd1f8d1960b5ae5d5911463c453f7f0ecef75,success,success,success,success
inference_diagnostic,763b8f26ce16fd9c,dgp3_N50_T50_r2026080803_truth1-1-1,3,50,50,2026080803,selected_rank,B_G2_minus_G1_time_average,success,0.03404011941390417,True,101,8.626797318192828e-09,True,0.6996528770517095,0.2554935987954692,47.39898676333397,185.51927322953551,0.01675758159363106,0.12945107799331398,0.507438901253562,True,True,-0.10660464317212558,-0.21321310463497004,-0.02464207212911798,-0.0819587527522887,0.958449841205553,,,theorem_covered,True,56b0996f0bf529b119f4e6c1fc9bd1f8d1960b5ae5d5911463c453f7f0ecef75,success,success,success,success
inference_diagnostic,763b8f26ce16fd9c,dgp4_N100_T100_r2026080801_truth1-1-1,4,100,100,2026080801,selected_rank,A_entry,success,0.12470885346025093,True,67,7.9519684314833e-09,True,1.3710969362301928,0.2748703114615727,29.549220935290883,107.50241005719495,0.010691924910532533,0.10340176454264469,0.40532746888294874,True,True,0.4730328577618512,,,0.4730328577618512,0.11993871397448319,0.8609580073082781,0.5825873359958298,theorem_covered,True,01d069d83b4264e7101b3cebd481b013d91c9e98496bcbe56511e84038346dbe,,,,
inference_diagnostic,763b8f26ce16fd9c,dgp4_N100_T100_r2026080801_truth1-1-1,4,100,100,2026080801,selected_rank,B_entry,target_unsupported_selected_rank,0.0,False,0,,False,,0.2748703114615727,29.549220935290883,107.50241005719495,,,,True,False,0.0,,,0.0,0.1337029376736676,1.4572843733390841,0.3352487079505648,entry_leverage_requires_author_choice,False,01d069d83b4264e7101b3cebd481b013d91c9e98496bcbe56511e84038346dbe,,,,
inference_diagnostic,763b8f26ce16fd9c,dgp4_N100_T100_r2026080801_truth1-1-1,4,100,100,2026080801,selected_rank,A_fixed_time_mean,success,0.0985998336753592,True,67,7.573399196940741e-09,True,1.153048513287348,0.2748703114615727,29.549220935290883,107.50241005719495,0.009283916767674816,0.09635308385139946,0.37769714829622164,True,True,0.4831379291935491,,,0.4831379291935491,0.9918548320803354,,,theorem_covered,True,01d069d83b4264e7101b3cebd481b013d91c9e98496bcbe56511e84038346dbe,,,,
inference_diagnostic,763b8f26ce16fd9c,dgp4_N100_T100_r2026080801_truth1-1-1,4,100,100,2026080801,selected_rank,B_fixed_time_mean,target_unsupported_selected_rank,0.0,False,0,,False,,0.2748703114615727,29.549220935290883,107.50241005719495,,,,True,False,0.0,,,0.0,0.9480475493744321,,,theorem_covered,True,01d069d83b4264e7101b3cebd481b013d91c9e98496bcbe56511e84038346dbe,,,,
inference_diagnostic,763b8f26ce16fd9c,dgp4_N100_T100_r2026080801_truth1-1-1,4,100,100,2026080801,selected_rank,A_full_mean,success,0.009992499775368736,True,73,7.156416175381115e-09,True,1.4398489848260476,0.2748703114615727,29.549220935290883,107.50241005719495,0.00010938059699841679,0.010458517915958112,0.040996636893889604,True,True,0.5924871244414676,0.593433731425415,0.58984309563567,0.5941845462633177,0.9996886275382462,,,theorem_covered,True,01d069d83b4264e7101b3cebd481b013d91c9e98496bcbe56511e84038346dbe,success,success,success,success
inference_diagnostic,763b8f26ce16fd9c,dgp4_N100_T100_r2026080801_truth1-1-1,4,100,100,2026080801,selected_rank,B_full_mean,target_unsupported_selected_rank,0.0,False,0,,False,,0.2748703114615727,29.549220935290883,107.50241005719495,,,,True,False,0.0,,,0.0,0.9945545882030348,,,theorem_covered,True,01d069d83b4264e7101b3cebd481b013d91c9e98496bcbe56511e84038346dbe,success,success,success,success
inference_diagnostic,763b8f26ce16fd9c,dgp4_N100_T100_r2026080801_truth1-1-1,4,100,100,2026080801,selected_rank,A_G1_fixed_time,success,0.0892510497880525,True,67,7.793911489111924e-09,True,1.1572100662106442,0.2748703114615727,29.549220935290883,107.50241005719495,0.007590841474932692,0.08712543529264398,0.34152543062191426,True,True,0.4352713222481853,,,0.4352713222481853,0.6335261449805372,,,theorem_covered,True,01d069d83b4264e7101b3cebd481b013d91c9e98496bcbe56511e84038346dbe,,,,
inference_diagnostic,763b8f26ce16fd9c,dgp4_N100_T100_r2026080801_truth1-1-1,4,100,100,2026080801,selected_rank,A_G2_fixed_time,success,0.10859828420514275,True,64,9.360242660522404e-09,True,1.1568882536519165,0.2748703114615727,29.549220935290883,107.50241005719495,0.011220920994143412,0.10592884873415463,0.41523345688546875,True,True,0.5310045361389127,,,0.5310045361389127,0.773399303726255,,,theorem_covered,True,01d069d83b4264e7101b3cebd481b013d91c9e98496bcbe56511e84038346dbe,,,,
inference_diagnostic,763b8f26ce16fd9c,dgp4_N100_T100_r2026080801_truth1-1-1,4,100,100,2026080801,selected_rank,A_G2_minus_G1_fixed_time,success,0.025119029398182516,True,69,5.210845535933137e-09,True,1.5355607244625615,0.2748703114615727,29.549220935290883,107.50241005719495,0.00048785786800306375,0.022087504793504034,0.08658142780724742,True,True,0.09573321389072748,,,0.09573321389072748,0.1254027569754615,,,theorem_covered,True,01d069d83b4264e7101b3cebd481b013d91c9e98496bcbe56511e84038346dbe,,,,
inference_diagnostic,763b8f26ce16fd9c,dgp4_N100_T100_r2026080801_truth1-1-1,4,100,100,2026080801,selected_rank,A_G1_time_average,success,0.013910810170042424,True,72,8.034860825718573e-09,True,1.9961759450405783,0.2748703114615727,29.549220935290883,107.50241005719495,0.00020441049078366672,0.014297219687186271,0.05604407133188422,True,True,0.5337868101168035,0.5354531209003448,0.5309912741547924,0.5349160352952733,0.9884457919883007,,,theorem_covered,True,01d069d83b4264e7101b3cebd481b013d91c9e98496bcbe56511e84038346dbe,success,success,success,success
inference_diagnostic,763b8f26ce16fd9c,dgp4_N100_T100_r2026080801_truth1-1-1,4,100,100,2026080801,selected_rank,A_G2_time_average,success,0.013984804834923465,True,73,6.100978429300052e-09,True,2.1130547644541493,0.2748703114615727,29.549220935290883,107.50241005719495,0.00014481170213305526,0.012033773395450625,0.047171524906399004,True,True,0.6511874387661312,0.6514143419504849,0.6486949171165471,0.6534530572313616,0.9922588253520847,,,theorem_covered,True,01d069d83b4264e7101b3cebd481b013d91c9e98496bcbe56511e84038346dbe,success,success,success,success
inference_diagnostic,763b8f26ce16fd9c,dgp4_N100_T100_r2026080801_truth1-1-1,4,100,100,2026080801,selected_rank,A_G2_minus_G1_time_average,success,0.01946202981892516,True,69,6.419505342506045e-09,True,5.49830312944119,0.2748703114615727,29.549220935290883,107.50241005719495,0.00026092199685605203,0.0161530801043037,0.06331891048765151,True,True,0.11740062864932788,0.11596122105014017,0.11770364296175474,0.11853702193608871,0.9809308376023144,,,theorem_covered,True,01d069d83b4264e7101b3cebd481b013d91c9e98496bcbe56511e84038346dbe,success,success,success,success
inference_diagnostic,763b8f26ce16fd9c,dgp4_N100_T100_r2026080801_truth1-1-1,4,100,100,2026080801,selected_rank,B_G1_fixed_time,target_unsupported_selected_rank,0.0,False,0,,False,,0.2748703114615727,29.549220935290883,107.50241005719495,,,,True,False,0.0,,,0.0,0.5392772336998293,,,theorem_covered,True,01d069d83b4264e7101b3cebd481b013d91c9e98496bcbe56511e84038346dbe,,,,
inference_diagnostic,763b8f26ce16fd9c,dgp4_N100_T100_r2026080801_truth1-1-1,4,100,100,2026080801,selected_rank,B_G2_fixed_time,target_unsupported_selected_rank,0.0,False,0,,False,,0.2748703114615727,29.549220935290883,107.50241005719495,,,,True,False,0.0,,,0.0,0.8041661431755094,,,theorem_covered,True,01d069d83b4264e7101b3cebd481b013d91c9e98496bcbe56511e84038346dbe,,,,
inference_diagnostic,763b8f26ce16fd9c,dgp4_N100_T100_r2026080801_truth1-1-1,4,100,100,2026080801,selected_rank,B_G2_minus_G1_fixed_time,target_unsupported_selected_rank,0.0,False,0,,False,,0.2748703114615727,29.549220935290883,107.50241005719495,,,,True,False,0.0,,,0.0,0.19674593958160358,,,theorem_covered,True,01d069d83b4264e7101b3cebd481b013d91c9e98496bcbe56511e84038346dbe,,,,
inference_diagnostic,763b8f26ce16fd9c,dgp4_N100_T100_r2026080801_truth1-1-1,4,100,100,2026080801,selected_rank,B_G1_time_average,target_unsupported_selected_rank,0.0,False,0,,False,,0.2748703114615727,29.549220935290883,107.50241005719495,,,,True,False,0.0,,,0.0,0.9611932573137539,,,theorem_covered,True,01d069d83b4264e7101b3cebd481b013d91c9e98496bcbe56511e84038346dbe,success,success,success,success
inference_diagnostic,763b8f26ce16fd9c,dgp4_N100_T100_r2026080801_truth1-1-1,4,100,100,2026080801,selected_rank,B_G2_time_average,target_unsupported_selected_rank,0.0,False,0,,False,,0.2748703114615727,29.549220935290883,107.50241005719495,,,,True,False,0.0,,,0.0,0.9808582352891959,,,theorem_covered,True,01d069d83b4264e7101b3cebd481b013d91c9e98496bcbe56511e84038346dbe,success,success,success,success
inference_diagnostic,763b8f26ce16fd9c,dgp4_N100_T100_r2026080801_truth1-1-1,4,100,100,2026080801,selected_rank,B_G2_minus_G1_time_average,target_unsupported_selected_rank,0.0,False,0,,False,,0.2748703114615727,29.549220935290883,107.50241005719495,,,,True,False,0.0,,,0.0,0.9470145335338604,,,theorem_covered,True,01d069d83b4264e7101b3cebd481b013d91c9e98496bcbe56511e84038346dbe,success,success,success,success
inference_diagnostic,763b8f26ce16fd9c,dgp4_N100_T100_r2026080802_truth1-1-1,4,100,100,2026080802,selected_rank,A_entry,success,0.14565549731964977,True,22,7.91463322326871e-09,True,8.76115442873295,3.5936485171552923,29.855669230914447,8.307899085954013,0.007084595264857244,0.08417003780952723,0.32994048536809595,True,True,0.7236047090130817,,,0.7236047090130817,0.1463821670799362,1.0072000949492022,1.1471276598316458,theorem_covered,True,d6e051aabc7e3f6562140035c1e9a1e493c06ac36473c57231cdcb23c0f148a5,,,,
inference_diagnostic,763b8f26ce16fd9c,dgp4_N100_T100_r2026080802_truth1-1-1,4,100,100,2026080802,selected_rank,B_entry,target_unsupported_selected_rank,0.0,False,0,,False,,3.5936485171552923,29.855669230914447,8.307899085954013,,,,True,False,0.0,,,0.0,0.09956813530743011,0.40683385585411536,0.5869353527326487,entry_leverage_requires_author_choice,False,d6e051aabc7e3f6562140035c1e9a1e493c06ac36473c57231cdcb23c0f148a5,,,,
inference_diagnostic,763b8f26ce16fd9c,dgp4_N100_T100_r2026080802_truth1-1-1,4,100,100,2026080802,selected_rank,A_fixed_time_mean,success,0.0988163246806257,True,23,5.135891428815142e-09,True,12.887041034250517,3.5936485171552923,29.855669230914447,8.307899085954013,0.0026612834235559286,0.05158762859015646,0.20221978816907094,True,True,0.6637957010219881,,,0.6637957010219881,0.9921896345672148,,,theorem_covered,True,d6e051aabc7e3f6562140035c1e9a1e493c06ac36473c57231cdcb23c0f148a5,,,,
inference_diagnostic,763b8f26ce16fd9c,dgp4_N100_T100_r2026080802_truth1-1-1,4,100,100,2026080802,selected_rank,B_fixed_time_mean,target_unsupported_selected_rank,0.0,False,0,,False,,3.5936485171552923,29.855669230914447,8.307899085954013,,,,True,False,0.0,,,0.0,0.9521343826480452,,,theorem_covered,True,d6e051aabc7e3f6562140035c1e9a1e493c06ac36473c57231cdcb23c0f148a5,,,,
inference_diagnostic,763b8f26ce16fd9c,dgp4_N100_T100_r2026080802_truth1-1-1,4,100,100,2026080802,selected_rank,A_full_mean,success,0.009992005731451536,True,24,9.016465646698565e-09,True,6.934839753949927,3.5936485171552923,29.855669230914447,8.307899085954013,7.433597138848355e-05,0.008621831092551255,0.03379695684437617,True,True,0.6500020066327774,0.6495147792159337,0.6493717868329605,0.651119453849438,0.999752057262002,,,theorem_covered,True,d6e051aabc7e3f6562140035c1e9a1e493c06ac36473c57231cdcb23c0f148a5,success,success,success,success
inference_diagnostic,763b8f26ce16fd9c,dgp4_N100_T100_r2026080802_truth1-1-1,4,100,100,2026080802,selected_rank,B_full_mean,target_unsupported_selected_rank,0.0,False,0,,False,,3.5936485171552923,29.855669230914447,8.307899085954013,,,,True,False,0.0,,,0.0,0.9948507855960929,,,theorem_covered,True,d6e051aabc7e3f6562140035c1e9a1e493c06ac36473c57231cdcb23c0f148a5,success,success,success,success
inference_diagnostic,763b8f26ce16fd9c,dgp4_N100_T100_r2026080802_truth1-1-1,4,100,100,2026080802,selected_rank,A_G1_fixed_time,success,0.09017326865920722,True,23,5.432611854313546e-09,True,12.442462031713598,3.5936485171552923,29.855669230914447,8.307899085954013,0.0023190769710389352,0.04815679568907108,0.1887711703228661,True,True,0.6014491169086761,,,0.6014491169086761,0.6351185689234472,,,theorem_covered,True,d6e051aabc7e3f6562140035c1e9a1e493c06ac36473c57231cdcb23c0f148a5,,,,
inference_diagnostic,763b8f26ce16fd9c,dgp4_N100_T100_r2026080802_truth1-1-1,4,100,100,2026080802,selected_rank,A_G2_fixed_time,success,0.10845843485461061,True,23,4.7227046888198844e-09,True,13.0124240162332,3.5936485171552923,29.855669230914447,8.307899085954013,0.0031588456677733245,0.05620360902800926,0.22031409899213678,True,True,0.7261422851352998,,,0.7261422851352998,0.7763694513270902,,,theorem_covered,True,d6e051aabc7e3f6562140035c1e9a1e493c06ac36473c57231cdcb23c0f148a5,,,,
inference_diagnostic,763b8f26ce16fd9c,dgp4_N100_T100_r2026080802_truth1-1-1,4,100,100,2026080802,selected_rank,A_G2_minus_G1_fixed_time,success,0.02702289492351607,True,24,7.037241839487241e-09,True,9.093437257425522,3.5936485171552923,29.855669230914447,8.307899085954013,0.0003107115827511805,0.017627012870908686,0.06909662076401002,True,True,0.12469316822662367,,,0.12469316822662367,0.14725776924384273,,,theorem_covered,True,d6e051aabc7e3f6562140035c1e9a1e493c06ac36473c57231cdcb23c0f148a5,,,,
inference_diagnostic,763b8f26ce16fd9c,dgp4_N100_T100_r2026080802_truth1-1-1,4,100,100,2026080802,selected_rank,A_G1_time_average,success,0.013854226783712727,True,23,9.887390149159171e-09,True,6.469350294812521,3.5936485171552923,29.855669230914447,8.307899085954013,0.00015971092674021425,0.01263767885096841,0.04953879079216323,True,True,0.5889509863897139,0.5878123278459613,0.5878310249098782,0.5912096064133021,0.9904484115487596,,,theorem_covered,True,d6e051aabc7e3f6562140035c1e9a1e493c06ac36473c57231cdcb23c0f148a5,success,success,success,success
inference_diagnostic,763b8f26ce16fd9c,dgp4_N100_T100_r2026080802_truth1-1-1,4,100,100,2026080802,selected_rank,A_G2_time_average,success,0.013942962215460278,True,24,6.390473478233895e-09,True,8.629862191248064,3.5936485171552923,29.855669230914447,8.307899085954013,0.00012501231033852146,0.01118089040902027,0.043828285033538084,True,True,0.711053026875841,0.7112172305859068,0.7109125487560428,0.7110293012855737,0.9936504796657117,,,theorem_covered,True,d6e051aabc7e3f6562140035c1e9a1e493c06ac36473c57231cdcb23c0f148a5,success,success,success,success
inference_diagnostic,763b8f26ce16fd9c,dgp4_N100_T100_r2026080802_truth1-1-1,4,100,100,2026080802,selected_rank,A_G2_minus_G1_time_average,success,0.019321772074091723,True,24,9.038642315614607e-09,True,7.5661528997856795,3.5936485171552923,29.855669230914447,8.307899085954013,0.00027210258796481467,0.01649553236378913,0.06466129867768312,True,True,0.1221020404861272,0.1234049027399455,0.12308152384616489,0.1198196948722712,0.9842891626345169,,,theorem_covered,True,d6e051aabc7e3f6562140035c1e9a1e493c06ac36473c57231cdcb23c0f148a5,success,success,success,success
inference_diagnostic,763b8f26ce16fd9c,dgp4_N100_T100_r2026080802_truth1-1-1,4,100,100,2026080802,selected_rank,B_G1_fixed_time,target_unsupported_selected_rank,0.0,False,0,,False,,3.5936485171552923,29.855669230914447,8.307899085954013,,,,True,False,0.0,,,0.0,0.528136986592411,,,theorem_covered,True,d6e051aabc7e3f6562140035c1e9a1e493c06ac36473c57231cdcb23c0f148a5,,,,
inference_diagnostic,763b8f26ce16fd9c,dgp4_N100_T100_r2026080802_truth1-1-1,4,100,100,2026080802,selected_rank,B_G2_fixed_time,target_unsupported_selected_rank,0.0,False,0,,False,,3.5936485171552923,29.855669230914447,8.307899085954013,,,,True,False,0.0,,,0.0,0.8231774060363242,,,theorem_covered,True,d6e051aabc7e3f6562140035c1e9a1e493c06ac36473c57231cdcb23c0f148a5,,,,
inference_diagnostic,763b8f26ce16fd9c,dgp4_N100_T100_r2026080802_truth1-1-1,4,100,100,2026080802,selected_rank,B_G2_minus_G1_fixed_time,target_unsupported_selected_rank,0.0,False,0,,False,,3.5936485171552923,29.855669230914447,8.307899085954013,,,,True,False,0.0,,,0.0,0.2235840687415584,,,theorem_covered,True,d6e051aabc7e3f6562140035c1e9a1e493c06ac36473c57231cdcb23c0f148a5,,,,
inference_diagnostic,763b8f26ce16fd9c,dgp4_N100_T100_r2026080802_truth1-1-1,4,100,100,2026080802,selected_rank,B_G1_time_average,target_unsupported_selected_rank,0.0,False,0,,False,,3.5936485171552923,29.855669230914447,8.307899085954013,,,,True,False,0.0,,,0.0,0.9595479680709703,,,theorem_covered,True,d6e051aabc7e3f6562140035c1e9a1e493c06ac36473c57231cdcb23c0f148a5,success,success,success,success
inference_diagnostic,763b8f26ce16fd9c,dgp4_N100_T100_r2026080802_truth1-1-1,4,100,100,2026080802,selected_rank,B_G2_time_average,target_unsupported_selected_rank,0.0,False,0,,False,,3.5936485171552923,29.855669230914447,8.307899085954013,,,,True,False,0.0,,,0.0,0.9821205298752231,,,theorem_covered,True,d6e051aabc7e3f6562140035c1e9a1e493c06ac36473c57231cdcb23c0f148a5,success,success,success,success
inference_diagnostic,763b8f26ce16fd9c,dgp4_N100_T100_r2026080802_truth1-1-1,4,100,100,2026080802,selected_rank,B_G2_minus_G1_time_average,target_unsupported_selected_rank,0.0,False,0,,False,,3.5936485171552923,29.855669230914447,8.307899085954013,,,,True,False,0.0,,,0.0,0.9463429360598388,,,theorem_covered,True,d6e051aabc7e3f6562140035c1e9a1e493c06ac36473c57231cdcb23c0f148a5,success,success,success,success
inference_diagnostic,763b8f26ce16fd9c,dgp4_N100_T100_r2026080803_truth1-1-1,4,100,100,2026080803,selected_rank,A_entry,success,0.11874828956582617,True,71,7.816861713999124e-09,True,10.440774514165764,0.26913369963114,51.55089498818549,191.54381282923077,0.003682322100742372,0.060682139882690125,0.23786961734978854,True,True,0.43068099008689353,,,0.43068099008689353,0.13921336094401499,0.9685522889847513,0.9789654902119265,theorem_covered,True,393c6c07a6df2076ef9902d24848ebc6db7e2b73534cd5762050f07501f16e95,,,,
inference_diagnostic,763b8f26ce16fd9c,dgp4_N100_T100_r2026080803_truth1-1-1,4,100,100,2026080803,selected_rank,B_entry,target_unsupported_selected_rank,0.0,False,0,,False,,0.26913369963114,51.55089498818549,191.54381282923077,,,,True,False,0.0,,,0.0,0.07363536058106458,0.4118518118852778,0.13090395119990825,entry_leverage_requires_author_choice,False,393c6c07a6df2076ef9902d24848ebc6db7e2b73534cd5762050f07501f16e95,,,,
inference_diagnostic,763b8f26ce16fd9c,dgp4_N100_T100_r2026080803_truth1-1-1,4,100,100,2026080803,selected_rank,A_fixed_time_mean,success,0.09868697210527548,True,66,9.976105368667308e-09,True,11.647933545999459,0.26913369963114,51.55089498818549,191.54381282923077,0.0016508464326851142,0.04063060955345261,0.15926906278935232,True,True,0.4332765793239704,,,0.4332765793239704,0.9910185466471428,,,theorem_covered,True,393c6c07a6df2076ef9902d24848ebc6db7e2b73534cd5762050f07501f16e95,,,,
inference_diagnostic,763b8f26ce16fd9c,dgp4_N100_T100_r2026080803_truth1-1-1,4,100,100,2026080803,selected_rank,B_fixed_time_mean,target_unsupported_selected_rank,0.0,False,0,,False,,0.26913369963114,51.55089498818549,191.54381282923077,,,,True,False,0.0,,,0.0,0.9577548085444396,,,theorem_covered,True,393c6c07a6df2076ef9902d24848ebc6db7e2b73534cd5762050f07501f16e95,,,,
inference_diagnostic,763b8f26ce16fd9c,dgp4_N100_T100_r2026080803_truth1-1-1,4,100,100,2026080803,selected_rank,A_full_mean,success,0.009992284380737326,True,83,7.046019347247666e-09,True,1.4158500858217598,0.26913369963114,51.55089498818549,191.54381282923077,0.0001023578995720706,0.010117208091764774,0.039658726967912325,True,True,0.6249940538406182,0.626452811503706,0.6251136598840208,0.6234156901341279,0.9996635847955692,,,theorem_covered,True,393c6c07a6df2076ef9902d24848ebc6db7e2b73534cd5762050f07501f16e95,success,success,success,success
inference_diagnostic,763b8f26ce16fd9c,dgp4_N100_T100_r2026080803_truth1-1-1,4,100,100,2026080803,selected_rank,B_full_mean,target_unsupported_selected_rank,0.0,False,0,,False,,0.26913369963114,51.55089498818549,191.54381282923077,,,,True,False,0.0,,,0.0,0.9964757574311535,,,theorem_covered,True,393c6c07a6df2076ef9902d24848ebc6db7e2b73534cd5762050f07501f16e95,success,success,success,success
inference_diagnostic,763b8f26ce16fd9c,dgp4_N100_T100_r2026080803_truth1-1-1,4,100,100,2026080803,selected_rank,A_G1_fixed_time,success,0.08951070571515317,True,67,9.145991569457192e-09,True,11.48099260200805,0.26913369963114,51.55089498818549,191.54381282923077,0.001384218737716652,0.03720509021245147,0.1458412737159371,True,True,0.39167473275445364,,,0.39167473275445364,0.6306754826270338,,,theorem_covered,True,393c6c07a6df2076ef9902d24848ebc6db7e2b73534cd5762050f07501f16e95,,,,
inference_diagnostic,763b8f26ce16fd9c,dgp4_N100_T100_r2026080803_truth1-1-1,4,100,100,2026080803,selected_rank,A_G2_fixed_time,success,0.10832946141505975,True,66,8.18771040685781e-09,True,11.633927043593511,0.26913369963114,51.55089498818549,191.54381282923077,0.0019916252521630187,0.04462762879834664,0.1749370903203639,True,True,0.47487842589348706,,,0.47487842589348706,0.7779609427816946,,,theorem_covered,True,393c6c07a6df2076ef9902d24848ebc6db7e2b73534cd5762050f07501f16e95,,,,
inference_diagnostic,763b8f26ce16fd9c,dgp4_N100_T100_r2026080803_truth1-1-1,4,100,100,2026080803,selected_rank,A_G2_minus_G1_fixed_time,success,0.023203522210511182,True,73,6.712384818751282e-09,True,8.21500532390187,0.26913369963114,51.55089498818549,191.54381282923077,0.00014830224790558246,0.012177941037202572,0.04773665167753878,True,True,0.08320369313903336,,,0.08320369313903336,0.14441964229982657,,,theorem_covered,True,393c6c07a6df2076ef9902d24848ebc6db7e2b73534cd5762050f07501f16e95,,,,
inference_diagnostic,763b8f26ce16fd9c,dgp4_N100_T100_r2026080803_truth1-1-1,4,100,100,2026080803,selected_rank,A_G1_time_average,success,0.013889272407820806,True,83,5.333915234310455e-09,True,2.231797124077792,0.26913369963114,51.55089498818549,191.54381282923077,0.00018131832989138868,0.01346544948716487,0.052783592060972974,True,True,0.5649841018249653,0.5649846701374636,0.5656825812551634,0.5642850540822688,0.9886070198214675,,,theorem_covered,True,393c6c07a6df2076ef9902d24848ebc6db7e2b73534cd5762050f07501f16e95,success,success,success,success
inference_diagnostic,763b8f26ce16fd9c,dgp4_N100_T100_r2026080803_truth1-1-1,4,100,100,2026080803,selected_rank,A_G2_time_average,success,0.013968295141219084,True,82,6.684044980523869e-09,True,1.8525079564210523,0.26913369963114,51.55089498818549,191.54381282923077,0.00014594374364303202,0.012080717844690853,0.04735554376596884,True,True,0.685004005856271,0.6879209528699483,0.6845447385128783,0.682546326185986,0.9925466119845815,,,theorem_covered,True,393c6c07a6df2076ef9902d24848ebc6db7e2b73534cd5762050f07501f16e95,success,success,success,success
inference_diagnostic,763b8f26ce16fd9c,dgp4_N100_T100_r2026080803_truth1-1-1,4,100,100,2026080803,selected_rank,A_G2_minus_G1_time_average,success,0.019407919150687056,True,73,7.67476097983377e-09,True,6.026741546693228,0.26913369963114,51.55089498818549,191.54381282923077,0.0002450925494985859,0.015655431948642804,0.06136816556351522,True,True,0.1200199040313057,0.12293628273248464,0.11886215725771501,0.11826127210371748,0.9814098704598553,,,theorem_covered,True,393c6c07a6df2076ef9902d24848ebc6db7e2b73534cd5762050f07501f16e95,success,success,success,success
inference_diagnostic,763b8f26ce16fd9c,dgp4_N100_T100_r2026080803_truth1-1-1,4,100,100,2026080803,selected_rank,B_G1_fixed_time,target_unsupported_selected_rank,0.0,False,0,,False,,0.26913369963114,51.55089498818549,191.54381282923077,,,,True,False,0.0,,,0.0,0.5482756179325389,,,theorem_covered,True,393c6c07a6df2076ef9902d24848ebc6db7e2b73534cd5762050f07501f16e95,,,,
inference_diagnostic,763b8f26ce16fd9c,dgp4_N100_T100_r2026080803_truth1-1-1,4,100,100,2026080803,selected_rank,B_G2_fixed_time,target_unsupported_selected_rank,0.0,False,0,,False,,0.26913369963114,51.55089498818549,191.54381282923077,,,,True,False,0.0,,,0.0,0.8072337246700922,,,theorem_covered,True,393c6c07a6df2076ef9902d24848ebc6db7e2b73534cd5762050f07501f16e95,,,,
inference_diagnostic,763b8f26ce16fd9c,dgp4_N100_T100_r2026080803_truth1-1-1,4,100,100,2026080803,selected_rank,B_G2_minus_G1_fixed_time,target_unsupported_selected_rank,0.0,False,0,,False,,0.26913369963114,51.55089498818549,191.54381282923077,,,,True,False,0.0,,,0.0,0.1869175384335627,,,theorem_covered,True,393c6c07a6df2076ef9902d24848ebc6db7e2b73534cd5762050f07501f16e95,,,,
inference_diagnostic,763b8f26ce16fd9c,dgp4_N100_T100_r2026080803_truth1-1-1,4,100,100,2026080803,selected_rank,B_G1_time_average,target_unsupported_selected_rank,0.0,False,0,,False,,0.26913369963114,51.55089498818549,191.54381282923077,,,,True,False,0.0,,,0.0,0.9697938565747412,,,theorem_covered,True,393c6c07a6df2076ef9902d24848ebc6db7e2b73534cd5762050f07501f16e95,success,success,success,success
inference_diagnostic,763b8f26ce16fd9c,dgp4_N100_T100_r2026080803_truth1-1-1,4,100,100,2026080803,selected_rank,B_G2_time_average,target_unsupported_selected_rank,0.0,False,0,,False,,0.26913369963114,51.55089498818549,191.54381282923077,,,,True,False,0.0,,,0.0,0.9850698615769959,,,theorem_covered,True,393c6c07a6df2076ef9902d24848ebc6db7e2b73534cd5762050f07501f16e95,success,success,success,success
inference_diagnostic,763b8f26ce16fd9c,dgp4_N100_T100_r2026080803_truth1-1-1,4,100,100,2026080803,selected_rank,B_G2_minus_G1_time_average,target_unsupported_selected_rank,0.0,False,0,,False,,0.26913369963114,51.55089498818549,191.54381282923077,,,,True,False,0.0,,,0.0,0.958070363433419,,,theorem_covered,True,393c6c07a6df2076ef9902d24848ebc6db7e2b73534cd5762050f07501f16e95,success,success,success,success
inference_diagnostic,763b8f26ce16fd9c,dgp4_N50_T50_r2026080801_truth1-1-1,4,50,50,2026080801,selected_rank,A_entry,success,0.217959222566513,True,78,8.770243955910924e-09,True,2.310009116773326,0.25243555781757837,29.534603111671345,116.99858517164375,0.02131822038232952,0.14600760385106495,0.5723392900341581,True,True,0.5703120596174706,,,0.5703120596174706,0.21318315491658685,0.9504839307398318,1.347484187614718,theorem_covered,True,a3d5a689a95526aa8ef466c3bb4234ebbcfb02d0bf73e96842b696ec10cf18e6,,,,
inference_diagnostic,763b8f26ce16fd9c,dgp4_N50_T50_r2026080801_truth1-1-1,4,50,50,2026080801,selected_rank,B_entry,success,0.0941692989501456,True,80,9.034388379850514e-09,True,0.9185025384524497,0.25243555781757837,29.534603111671345,116.99858517164375,0.03641048687493776,0.1908153213841534,0.7479823152227526,True,True,-0.09462731027904714,,,-0.09462731027904714,0.08627123451496517,0.14375690133257782,0.22903790950739755,entry_leverage_requires_author_choice,False,a3d5a689a95526aa8ef466c3bb4234ebbcfb02d0bf73e96842b696ec10cf18e6,,,,
inference_diagnostic,763b8f26ce16fd9c,dgp4_N50_T50_r2026080801_truth1-1-1,4,50,50,2026080801,selected_rank,A_fixed_time_mean,success,0.13482548460020669,True,78,9.808546069957678e-09,True,1.7141612232433827,0.25243555781757837,29.534603111671345,116.99858517164375,0.008030853565995713,0.08961502979966984,0.35128446176167316,True,True,0.43074938702137244,,,0.43074938702137244,0.9937072657486101,,,theorem_covered,True,a3d5a689a95526aa8ef466c3bb4234ebbcfb02d0bf73e96842b696ec10cf18e6,,,,
inference_diagnostic,763b8f26ce16fd9c,dgp4_N50_T50_r2026080801_truth1-1-1,4,50,50,2026080801,selected_rank,B_fixed_time_mean,success,0.11411477286923184,True,81,8.040729837751422e-09,True,1.6147289679440202,0.25243555781757837,29.534603111671345,116.99858517164375,0.018634421881983117,0.13650795537983534,0.5351013522953559,True,True,0.3793200447124194,,,0.3793200447124194,0.9514251423837466,,,theorem_covered,True,a3d5a689a95526aa8ef466c3bb4234ebbcfb02d0bf73e96842b696ec10cf18e6,,,,
inference_diagnostic,763b8f26ce16fd9c,dgp4_N50_T50_r2026080801_truth1-1-1,4,50,50,2026080801,selected_rank,A_full_mean,success,0.01987960078865295,True,84,7.841600375477587e-09,True,0.7920803009324321,0.25243555781757837,29.534603111671345,116.99858517164375,0.0008436512259409118,0.029045674823300487,0.1138569531206615,True,True,0.4463900929537314,0.4557647234247849,0.454394752161535,0.4290108032748742,0.9997444579092475,,,theorem_covered,True,a3d5a689a95526aa8ef466c3bb4234ebbcfb02d0bf73e96842b696ec10cf18e6,success,success,success,success
inference_diagnostic,763b8f26ce16fd9c,dgp4_N50_T50_r2026080801_truth1-1-1,4,50,50,2026080801,selected_rank,B_full_mean,success,0.01876600412690472,True,86,8.361705951911363e-09,True,0.6910256211714125,0.25243555781757837,29.534603111671345,116.99858517164375,0.003613614816863254,0.06011334973916571,0.2356400009576501,True,True,0.4851978849906617,0.42800058005797237,0.42606106181883274,0.60153201309518,0.996240642850926,,,theorem_covered,True,a3d5a689a95526aa8ef466c3bb4234ebbcfb02d0bf73e96842b696ec10cf18e6,success,success,success,success
inference_diagnostic,763b8f26ce16fd9c,dgp4_N50_T50_r2026080801_truth1-1-1,4,50,50,2026080801,selected_rank,A_G1_fixed_time,success,0.11748424562390793,True,75,9.686777060439886e-09,True,1.6894198146511459,0.25243555781757837,29.534603111671345,116.99858517164375,0.0060417115605098425,0.07772844756271569,0.3046899155942658,True,True,0.3697363593546128,,,0.3697363593546128,0.6537630768261862,,,theorem_covered,True,a3d5a689a95526aa8ef466c3bb4234ebbcfb02d0bf73e96842b696ec10cf18e6,,,,
inference_diagnostic,763b8f26ce16fd9c,dgp4_N50_T50_r2026080801_truth1-1-1,4,50,50,2026080801,selected_rank,A_G2_fixed_time,success,0.15465457114441616,True,78,8.72791635486603e-09,True,1.7757915242087516,0.25243555781757837,29.534603111671345,116.99858517164375,0.010686316719150974,0.10337464253457408,0.4052211525649351,True,True,0.49176241468813214,,,0.49176241468813214,0.7708711741052929,,,theorem_covered,True,a3d5a689a95526aa8ef466c3bb4234ebbcfb02d0bf73e96842b696ec10cf18e6,,,,
inference_diagnostic,763b8f26ce16fd9c,dgp4_N50_T50_r2026080801_truth1-1-1,4,50,50,2026080801,selected_rank,A_G2_minus_G1_fixed_time,success,0.05224484185679712,True,79,9.313012456786728e-09,True,2.477464916363167,0.25243555781757837,29.534603111671345,116.99858517164375,0.0013326422318038044,0.03650537264299331,0.14309843124496133,True,True,0.12202605533351935,,,0.12202605533351935,0.1849172725467685,,,theorem_covered,True,a3d5a689a95526aa8ef466c3bb4234ebbcfb02d0bf73e96842b696ec10cf18e6,,,,
inference_diagnostic,763b8f26ce16fd9c,dgp4_N50_T50_r2026080801_truth1-1-1,4,50,50,2026080801,selected_rank,A_G1_time_average,success,0.02703638011729451,True,84,9.56953120936407e-09,True,1.1948590835008048,0.25243555781757837,29.534603111671345,116.99858517164375,0.001481389152959997,0.03848881854461107,0.1508733963098701,True,True,0.38316165453414963,0.3898675591382855,0.3833520154413206,0.3762653890228428,0.9882697429238264,,,theorem_covered,True,a3d5a689a95526aa8ef466c3bb4234ebbcfb02d0bf73e96842b696ec10cf18e6,success,success,success,success
inference_diagnostic,763b8f26ce16fd9c,dgp4_N50_T50_r2026080801_truth1-1-1,4,50,50,2026080801,selected_rank,A_G2_time_average,success,0.027524927861923048,True,83,9.022616027874571e-09,True,0.9562805242966584,0.25243555781757837,29.534603111671345,116.99858517164375,0.001133880277242564,0.033673138808886886,0.13199627862367255,True,True,0.509618531373313,0.5216618877112843,0.5254374888817493,0.48175621752690534,0.9917019027047574,,,theorem_covered,True,a3d5a689a95526aa8ef466c3bb4234ebbcfb02d0bf73e96842b696ec10cf18e6,success,success,success,success
inference_diagnostic,763b8f26ce16fd9c,dgp4_N50_T50_r2026080801_truth1-1-1,4,50,50,2026080801,selected_rank,A_G2_minus_G1_time_average,success,0.03736818027730235,True,81,6.76893794272088e-09,True,2.633685242712888,0.25243555781757837,29.534603111671345,116.99858517164375,0.0018559339495006091,0.043080551870891916,0.1688726602021156,True,True,0.1264568768391635,0.13179432857299875,0.1420854734404288,0.105490828504063,0.9801330356062461,,,theorem_covered,True,a3d5a689a95526aa8ef466c3bb4234ebbcfb02d0bf73e96842b696ec10cf18e6,success,success,success,success
inference_diagnostic,763b8f26ce16fd9c,dgp4_N50_T50_r2026080801_truth1-1-1,4,50,50,2026080801,selected_rank,B_G1_fixed_time,success,0.0976189966837539,True,80,8.872500520642212e-09,True,1.5487053587065787,0.25243555781757837,29.534603111671345,116.99858517164375,0.013771030682374598,0.11735003486311624,0.4600036838324551,True,True,0.32094077007646943,,,0.32094077007646943,0.5540339026767189,,,theorem_covered,True,a3d5a689a95526aa8ef466c3bb4234ebbcfb02d0bf73e96842b696ec10cf18e6,,,,
inference_diagnostic,763b8f26ce16fd9c,dgp4_N50_T50_r2026080801_truth1-1-1,4,50,50,2026080801,selected_rank,B_G2_fixed_time,success,0.1320865505119378,True,80,8.31059141766076e-09,True,1.6035366234615887,0.25243555781757837,29.534603111671345,116.99858517164375,0.02530652231415724,0.1590802386035338,0.6235830766299292,True,True,0.4376993193483695,,,0.4376993193483695,0.7951110225675858,,,theorem_covered,True,a3d5a689a95526aa8ef466c3bb4234ebbcfb02d0bf73e96842b696ec10cf18e6,,,,
inference_diagnostic,763b8f26ce16fd9c,dgp4_N50_T50_r2026080801_truth1-1-1,4,50,50,2026080801,selected_rank,B_G2_minus_G1_fixed_time,success,0.043173199225739534,True,81,9.557675445022558e-09,True,1.1053583600246963,0.25243555781757837,29.534603111671345,116.99858517164375,0.0036174184462376547,0.06014497856211817,0.23576398366537052,True,True,0.11675854927190006,,,0.11675854927190006,0.18424250856883,,,theorem_covered,True,a3d5a689a95526aa8ef466c3bb4234ebbcfb02d0bf73e96842b696ec10cf18e6,,,,
inference_diagnostic,763b8f26ce16fd9c,dgp4_N50_T50_r2026080801_truth1-1-1,4,50,50,2026080801,selected_rank,B_G1_time_average,success,0.024312680173944664,True,85,8.433020607679087e-09,True,0.7232964753810309,0.25243555781757837,29.534603111671345,116.99858517164375,0.006404666924461366,0.0800291629623937,0.3137085542383569,True,True,0.4105234748836851,0.3555899095413665,0.4171532195264701,0.45882729558321866,0.9721785896567688,,,theorem_covered,True,a3d5a689a95526aa8ef466c3bb4234ebbcfb02d0bf73e96842b696ec10cf18e6,success,success,success,success
inference_diagnostic,763b8f26ce16fd9c,dgp4_N50_T50_r2026080801_truth1-1-1,4,50,50,2026080801,selected_rank,B_G2_time_average,success,0.025404425095521405,True,84,9.34709736702732e-09,True,0.745013223756652,0.25243555781757837,29.534603111671345,116.99858517164375,0.006544970472850934,0.08090099179151597,0.3171260604498837,True,True,0.5598722950976384,0.5004112505745784,0.43496890411119526,0.7442367306071416,0.9853330577379209,,,theorem_covered,True,a3d5a689a95526aa8ef466c3bb4234ebbcfb02d0bf73e96842b696ec10cf18e6,success,success,success,success
inference_diagnostic,763b8f26ce16fd9c,dgp4_N50_T50_r2026080801_truth1-1-1,4,50,50,2026080801,selected_rank,B_G2_minus_G1_time_average,success,0.032624083432104885,True,85,6.028523871673311e-09,True,0.8102730994070335,0.25243555781757837,29.534603111671345,116.99858517164375,0.011444815524947798,0.10698044459127938,0.41935563689798083,True,True,0.1493488202139533,0.14482134103321187,0.01781568458472521,0.2854094350239228,0.9609979325628991,,,theorem_covered,True,a3d5a689a95526aa8ef466c3bb4234ebbcfb02d0bf73e96842b696ec10cf18e6,success,success,success,success
inference_diagnostic,763b8f26ce16fd9c,dgp4_N50_T50_r2026080802_truth1-1-1,4,50,50,2026080802,selected_rank,A_entry,success,0.17809449846500283,True,85,9.733198017771643e-09,True,2.6745452080014043,0.15477748989440002,32.4788068401132,209.84192767483503,0.00905453118020599,0.0951553003263927,0.3730019231556443,True,True,0.3791601836911412,,,0.3791601836911412,0.21691282221339095,0.9565871902845982,1.4231997242530496,theorem_covered,True,30ca720a35f059895f83e0f1d5641c7a05b2f66d31e0c9f6b1aa152e9c278c88,,,,
inference_diagnostic,763b8f26ce16fd9c,dgp4_N50_T50_r2026080802_truth1-1-1,4,50,50,2026080802,selected_rank,B_entry,success,0.1753781464797715,True,85,8.48305306495017e-09,True,1.4616672045123063,0.15477748989440002,32.4788068401132,209.84192767483503,0.03399665693752293,0.18438182377209236,0.7227634679942244,True,True,0.012229593207999179,,,0.012229593207999179,0.163473566919908,1.1338327790973084,0.20704260891165083,entry_leverage_requires_author_choice,False,30ca720a35f059895f83e0f1d5641c7a05b2f66d31e0c9f6b1aa152e9c278c88,,,,
inference_diagnostic,763b8f26ce16fd9c,dgp4_N50_T50_r2026080802_truth1-1-1,4,50,50,2026080802,selected_rank,A_fixed_time_mean,success,0.13417630568416133,True,83,8.052270592038433e-09,True,2.584143030176005,0.15477748989440002,32.4788068401132,209.84192767483503,0.004913037473458322,0.0700930629481857,0.27475975788908574,True,True,0.4745214001075361,,,0.4745214001075361,0.9907525248083029,,,theorem_covered,True,30ca720a35f059895f83e0f1d5641c7a05b2f66d31e0c9f6b1aa152e9c278c88,,,,
inference_diagnostic,763b8f26ce16fd9c,dgp4_N50_T50_r2026080802_truth1-1-1,4,50,50,2026080802,selected_rank,B_fixed_time_mean,success,0.11454393214772574,True,84,9.433819435473315e-09,True,1.4612858264568651,0.15477748989440002,32.4788068401132,209.84192767483503,0.014501602228564059,0.12042259849614631,0.4720479119543481,True,True,0.007987898515554849,,,0.007987898515554849,0.9567480095590325,,,theorem_covered,True,30ca720a35f059895f83e0f1d5641c7a05b2f66d31e0c9f6b1aa152e9c278c88,,,,
inference_diagnostic,763b8f26ce16fd9c,dgp4_N50_T50_r2026080802_truth1-1-1,4,50,50,2026080802,selected_rank,A_full_mean,success,0.019794658854337073,True,89,9.773876035851052e-09,True,0.6553696920855272,0.15477748989440002,32.4788068401132,209.84192767483503,0.0009965233995566367,0.03156775886179817,0.12374334088353908,True,True,0.4192590090823583,0.46374080510360005,0.4545121690997447,0.33952405304373023,0.9997245463857354,,,theorem_covered,True,30ca720a35f059895f83e0f1d5641c7a05b2f66d31e0c9f6b1aa152e9c278c88,success,success,success,success
inference_diagnostic,763b8f26ce16fd9c,dgp4_N50_T50_r2026080802_truth1-1-1,4,50,50,2026080802,selected_rank,B_full_mean,success,0.018590193997108807,True,92,6.826832152069869e-09,True,0.6986281744524822,0.15477748989440002,32.4788068401132,209.84192767483503,0.005536252235198055,0.074405995962678,0.2916661446413631,True,True,0.4659416755169422,0.3323371513714304,0.3476222535316998,0.7178656216476964,0.9960927955494224,,,theorem_covered,True,30ca720a35f059895f83e0f1d5641c7a05b2f66d31e0c9f6b1aa152e9c278c88,success,success,success,success
inference_diagnostic,763b8f26ce16fd9c,dgp4_N50_T50_r2026080802_truth1-1-1,4,50,50,2026080802,selected_rank,A_G1_fixed_time,success,0.12682745759255917,True,83,8.107591734127715e-09,True,2.5821593359197017,0.15477748989440002,32.4788068401132,209.84192767483503,0.0042405566564293435,0.06511955663569388,0.2552639713903526,True,True,0.44201659123952575,,,0.44201659123952575,0.633365494012329,,,theorem_covered,True,30ca720a35f059895f83e0f1d5641c7a05b2f66d31e0c9f6b1aa152e9c278c88,,,,
inference_diagnostic,763b8f26ce16fd9c,dgp4_N50_T50_r2026080802_truth1-1-1,4,50,50,2026080802,selected_rank,A_G2_fixed_time,success,0.14458858814371758,True,83,7.706636461914832e-09,True,2.566275695957878,0.15477748989440002,32.4788068401132,209.84192767483503,0.006191061050618174,0.07868329588049915,0.30843285222137423,True,True,0.5070262089755464,,,0.5070262089755464,0.7884516633463928,,,theorem_covered,True,30ca720a35f059895f83e0f1d5641c7a05b2f66d31e0c9f6b1aa152e9c278c88,,,,
inference_diagnostic,763b8f26ce16fd9c,dgp4_N50_T50_r2026080802_truth1-1-1,4,50,50,2026080802,selected_rank,A_G2_minus_G1_fixed_time,success,0.04437345618017537,True,86,7.592328129412537e-09,True,2.3571989365633765,0.15477748989440002,32.4788068401132,209.84192767483503,0.0012110855238359963,0.0348006540719567,0.13641605723894462,True,True,0.0650096177360206,,,0.0650096177360206,0.2030204645476591,,,theorem_covered,True,30ca720a35f059895f83e0f1d5641c7a05b2f66d31e0c9f6b1aa152e9c278c88,,,,
inference_diagnostic,763b8f26ce16fd9c,dgp4_N50_T50_r2026080802_truth1-1-1,4,50,50,2026080802,selected_rank,A_G1_time_average,success,0.0264977318826141,True,89,8.447401960383009e-09,True,0.9257339746450886,0.15477748989440002,32.4788068401132,209.84192767483503,0.0017096746161995174,0.041348211765438146,0.16208201177078818,True,True,0.3905396848256967,0.41033245988943184,0.43345196403943975,0.3278346305482186,0.9910003924792731,,,theorem_covered,True,30ca720a35f059895f83e0f1d5641c7a05b2f66d31e0c9f6b1aa152e9c278c88,success,success,success,success
inference_diagnostic,763b8f26ce16fd9c,dgp4_N50_T50_r2026080802_truth1-1-1,4,50,50,2026080802,selected_rank,A_G2_time_average,success,0.02686741721180697,True,89,6.5832508800415015e-09,True,0.9038607647307808,0.15477748989440002,32.4788068401132,209.84192767483503,0.0014427082466282142,0.03798299944222697,0.14889062186313964,True,True,0.44797833333902026,0.5171491503177682,0.4755723741600495,0.351213475539243,0.994323647127505,,,theorem_covered,True,30ca720a35f059895f83e0f1d5641c7a05b2f66d31e0c9f6b1aa152e9c278c88,success,success,success,success
inference_diagnostic,763b8f26ce16fd9c,dgp4_N50_T50_r2026080802_truth1-1-1,4,50,50,2026080802,selected_rank,A_G2_minus_G1_time_average,success,0.03578633438163329,True,86,8.492932308623186e-09,True,2.436131083062399,0.15477748989440002,32.4788068401132,209.84192767483503,0.002318672118910493,0.04815259202691474,0.1887546922700069,True,True,0.05743864851332355,0.10681669042833636,0.042120410120609686,0.023378844991024605,0.9855516853442339,,,theorem_covered,True,30ca720a35f059895f83e0f1d5641c7a05b2f66d31e0c9f6b1aa152e9c278c88,success,success,success,success
inference_diagnostic,763b8f26ce16fd9c,dgp4_N50_T50_r2026080802_truth1-1-1,4,50,50,2026080802,selected_rank,B_G1_fixed_time,success,0.09106264494467252,True,85,8.541776930223325e-09,True,1.4613134754620223,0.15477748989440002,32.4788068401132,209.84192767483503,0.009164469154079343,0.09573123395255774,0.37525954148518237,True,True,0.0063503573535797515,,,0.0063503573535797515,0.5626113532593128,,,theorem_covered,True,30ca720a35f059895f83e0f1d5641c7a05b2f66d31e0c9f6b1aa152e9c278c88,,,,
inference_diagnostic,763b8f26ce16fd9c,dgp4_N50_T50_r2026080802_truth1-1-1,4,50,50,2026080802,selected_rank,B_G2_fixed_time,success,0.13802589431739937,True,84,9.085217619474382e-09,True,1.4612536421835902,0.15477748989440002,32.4788068401132,209.84192767483503,0.02105861050764931,0.14511585202054705,0.5688436870922325,True,True,0.009625439677529947,,,0.009625439677529947,0.7936758954037185,,,theorem_covered,True,30ca720a35f059895f83e0f1d5641c7a05b2f66d31e0c9f6b1aa152e9c278c88,,,,
inference_diagnostic,763b8f26ce16fd9c,dgp4_N50_T50_r2026080802_truth1-1-1,4,50,50,2026080802,selected_rank,B_G2_minus_G1_fixed_time,success,0.046966541765639795,True,84,9.216982336779719e-09,True,1.4609378696117,0.15477748989440002,32.4788068401132,209.84192767483503,0.0024397504046553484,0.049393829621273026,0.19362025423240567,True,True,0.0032750823239501934,,,0.0032750823239501934,0.17631281282425215,,,theorem_covered,True,30ca720a35f059895f83e0f1d5641c7a05b2f66d31e0c9f6b1aa152e9c278c88,,,,
inference_diagnostic,763b8f26ce16fd9c,dgp4_N50_T50_r2026080802_truth1-1-1,4,50,50,2026080802,selected_rank,B_G1_time_average,success,0.023436207018161376,True,90,7.544134616885229e-09,True,0.8157227920828272,0.15477748989440002,32.4788068401132,209.84192767483503,0.007461900512557671,0.08638229281836453,0.3386123656519749,True,True,0.37042235072171,0.2934483893816439,0.21202956585883273,0.6057890969246533,0.9679963091355808,,,theorem_covered,True,30ca720a35f059895f83e0f1d5641c7a05b2f66d31e0c9f6b1aa152e9c278c88,success,success,success,success
inference_diagnostic,763b8f26ce16fd9c,dgp4_N50_T50_r2026080802_truth1-1-1,4,50,50,2026080802,selected_rank,B_G2_time_average,success,0.02518603018579196,True,92,9.533167817800878e-09,True,0.7042569003226726,0.15477748989440002,32.4788068401132,209.84192767483503,0.011050870631760834,0.10512312129955442,0.4120750633791242,True,True,0.5614610003121745,0.3712259133612169,0.4832149412045667,0.8299421463707397,0.9828003016753519,,,theorem_covered,True,30ca720a35f059895f83e0f1d5641c7a05b2f66d31e0c9f6b1aa152e9c278c88,success,success,success,success
inference_diagnostic,763b8f26ce16fd9c,dgp4_N50_T50_r2026080802_truth1-1-1,4,50,50,2026080802,selected_rank,B_G2_minus_G1_time_average,success,0.03138156434014912,True,91,8.369816606160068e-09,True,0.8383202743831255,0.15477748989440002,32.4788068401132,209.84192767483503,0.014880533325631292,0.12198579149077687,0.4781755158950705,True,True,0.19103864959046446,0.07777752397957295,0.27118537534573395,0.2241530494460865,0.9543125432099346,,,theorem_covered,True,30ca720a35f059895f83e0f1d5641c7a05b2f66d31e0c9f6b1aa152e9c278c88,success,success,success,success
