record_type,run_id,semantic_replication_id,dgp,N,T,replication,method,target,primary_status,target_tangent_norm,target_supported,riesz_iterations,riesz_residual,riesz_converged,riesz_target_rayleigh_quotient,tangent_gram_min_eigenvalue,tangent_gram_max_eigenvalue,tangent_gram_condition_number,variance_estimate,standard_error,interval_length,estimate_finite,standard_error_finite,phi_full,phi_time_sum,phi_unit_sum,phi_corrected,true_target_projection_ratio,true_entry_unit_leverage_scaled,true_entry_time_leverage_scaled,target_applicability,headline_theorem_target,dgp_realization_hash,time_split_0_status,time_split_1_status,unit_split_0_status,unit_split_1_status
inference_diagnostic,763b8f26ce16fd9c,dgp1_N100_T100_r2026080801_truth1-1-1,1,100,100,2026080801,selected_rank,A_entry,success,0.13400402478139214,True,22,9.906187968201313e-09,True,11.3954821404106,2.7042200037561583,24.767582927756255,9.158863884356343,0.008109325418430027,0.09005179297731959,0.3529965419576067,True,True,0.5491484620973539,,,0.5491484620973539,0.13700697889796806,1.2801668361450438,0.6046651127732441,theorem_covered,True,654aaee579b88ff6f006ca5f9abbd809bf3d5effc9441a150090637661ac7537,,,,
inference_diagnostic,763b8f26ce16fd9c,dgp1_N100_T100_r2026080801_truth1-1-1,1,100,100,2026080801,selected_rank,B_entry,target_unsupported_selected_rank,0.0,False,0,,False,,2.7042200037561583,24.767582927756255,9.158863884356343,,,,True,False,0.0,,,0.0,0.15324140505429054,0.13115081352347732,2.220053627170527,entry_leverage_requires_author_choice,False,654aaee579b88ff6f006ca5f9abbd809bf3d5effc9441a150090637661ac7537,,,,
inference_diagnostic,763b8f26ce16fd9c,dgp1_N100_T100_r2026080801_truth1-1-1,1,100,100,2026080801,selected_rank,A_fixed_time_mean,success,0.09858127749651101,True,24,5.556042970970008e-09,True,13.129757439051549,2.7042200037561583,24.767582927756255,9.158863884356343,0.0036515429016104844,0.060427997663421586,0.2368733981563537,True,True,0.5129974016697573,,,0.5129974016697573,0.9944457402585414,,,theorem_covered,True,654aaee579b88ff6f006ca5f9abbd809bf3d5effc9441a150090637661ac7537,,,,
inference_diagnostic,763b8f26ce16fd9c,dgp1_N100_T100_r2026080801_truth1-1-1,1,100,100,2026080801,selected_rank,B_fixed_time_mean,target_unsupported_selected_rank,0.0,False,0,,False,,2.7042200037561583,24.767582927756255,9.158863884356343,,,,True,False,0.0,,,0.0,0.9289115035664461,,,theorem_covered,True,654aaee579b88ff6f006ca5f9abbd809bf3d5effc9441a150090637661ac7537,,,,
inference_diagnostic,763b8f26ce16fd9c,dgp1_N100_T100_r2026080801_truth1-1-1,1,100,100,2026080801,selected_rank,A_full_mean,success,0.009986629633717936,True,26,5.419067096349096e-09,True,5.649000155072318,2.7042200037561583,24.767582927756255,9.158863884356343,7.46124729568386e-05,0.008637851177048525,0.03385975442166405,True,True,0.5877733995312755,0.5882471959765376,0.5858802067652745,0.5891927958520143,0.999804551033295,,,theorem_covered,True,654aaee579b88ff6f006ca5f9abbd809bf3d5effc9441a150090637661ac7537,success,success,success,success
inference_diagnostic,763b8f26ce16fd9c,dgp1_N100_T100_r2026080801_truth1-1-1,1,100,100,2026080801,selected_rank,B_full_mean,target_unsupported_selected_rank,0.0,False,0,,False,,2.7042200037561583,24.767582927756255,9.158863884356343,,,,True,False,0.0,,,0.0,0.9946679449454069,,,theorem_covered,True,654aaee579b88ff6f006ca5f9abbd809bf3d5effc9441a150090637661ac7537,success,success,success,success
inference_diagnostic,763b8f26ce16fd9c,dgp1_N100_T100_r2026080801_truth1-1-1,1,100,100,2026080801,selected_rank,A_G1_fixed_time,success,0.09994775187613998,True,23,5.762460237331255e-09,True,13.038672270654523,2.7042200037561583,24.767582927756255,9.158863884356343,0.0037465417609999713,0.06120900065349843,0.23993487362109112,True,True,0.5183467072358253,,,0.5183467072358253,0.7110790468319624,,,theorem_covered,True,654aaee579b88ff6f006ca5f9abbd809bf3d5effc9441a150090637661ac7537,,,,
inference_diagnostic,763b8f26ce16fd9c,dgp1_N100_T100_r2026080801_truth1-1-1,1,100,100,2026080801,selected_rank,A_G2_fixed_time,success,0.0979136364257256,True,23,9.65062035650006e-09,True,12.83405199185008,2.7042200037561583,24.767582927756255,9.158863884356343,0.00363212674350657,0.06026712821685276,0.23624280151337812,True,True,0.5076480961036892,,,0.5076480961036892,0.6995731398809497,,,theorem_covered,True,654aaee579b88ff6f006ca5f9abbd809bf3d5effc9441a150090637661ac7537,,,,
inference_diagnostic,763b8f26ce16fd9c,dgp1_N100_T100_r2026080801_truth1-1-1,1,100,100,2026080801,selected_rank,A_G2_minus_G1_fixed_time,success,0.016738981899470252,True,26,5.027697621782659e-09,True,6.081851764091142,2.7042200037561583,24.767582927756255,9.158863884356343,0.00015116539212684085,0.012294933595869514,0.04819525408043158,True,True,-0.010698611132136066,,,-0.010698611132136066,0.07818988788830628,,,weak_target_stress_outside_assumption9,False,654aaee579b88ff6f006ca5f9abbd809bf3d5effc9441a150090637661ac7537,,,,
inference_diagnostic,763b8f26ce16fd9c,dgp1_N100_T100_r2026080801_truth1-1-1,1,100,100,2026080801,selected_rank,A_G1_time_average,success,0.013802350429180016,True,24,7.81987556650395e-09,True,6.252418768396715,2.7042200037561583,24.767582927756255,9.158863884356343,0.00013320041081243917,0.011541248234590537,0.045240861752867866,True,True,0.5939024354824621,0.5951660533587804,0.5920809613689278,0.5944602917196783,0.9912401232140783,,,theorem_covered,True,654aaee579b88ff6f006ca5f9abbd809bf3d5effc9441a150090637661ac7537,success,success,success,success
inference_diagnostic,763b8f26ce16fd9c,dgp1_N100_T100_r2026080801_truth1-1-1,1,100,100,2026080801,selected_rank,A_G2_time_average,success,0.013788514177521732,True,25,8.653707704181066e-09,True,5.493261786320205,2.7042200037561583,24.767582927756255,9.158863884356343,0.00014450736663703856,0.012021121687972324,0.04712193112439819,True,True,0.5816443635800885,0.5813283385942949,0.5796794521616213,0.5839252999843494,0.9909512097701682,,,theorem_covered,True,654aaee579b88ff6f006ca5f9abbd809bf3d5effc9441a150090637661ac7537,success,success,success,success
inference_diagnostic,763b8f26ce16fd9c,dgp1_N100_T100_r2026080801_truth1-1-1,1,100,100,2026080801,selected_rank,A_G2_minus_G1_time_average,success,0.01903483426308183,True,26,5.1184410600848014e-09,True,6.053204919521333,2.7042200037561583,24.767582927756255,9.158863884356343,0.0002569656649700295,0.016030148625949463,0.06283702794737037,True,True,-0.012258071902373734,-0.013837714764485372,-0.012401509207306725,-0.010534991735329104,0.9823095956711081,,,theorem_covered,True,654aaee579b88ff6f006ca5f9abbd809bf3d5effc9441a150090637661ac7537,success,success,success,success
inference_diagnostic,763b8f26ce16fd9c,dgp1_N100_T100_r2026080801_truth1-1-1,1,100,100,2026080801,selected_rank,B_G1_fixed_time,target_unsupported_selected_rank,0.0,False,0,,False,,2.7042200037561583,24.767582927756255,9.158863884356343,,,,True,False,0.0,,,0.0,0.6393925910385875,,,theorem_covered,True,654aaee579b88ff6f006ca5f9abbd809bf3d5effc9441a150090637661ac7537,,,,
inference_diagnostic,763b8f26ce16fd9c,dgp1_N100_T100_r2026080801_truth1-1-1,1,100,100,2026080801,selected_rank,B_G2_fixed_time,target_unsupported_selected_rank,0.0,False,0,,False,,2.7042200037561583,24.767582927756255,9.158863884356343,,,,True,False,0.0,,,0.0,0.6911320602486297,,,theorem_covered,True,654aaee579b88ff6f006ca5f9abbd809bf3d5effc9441a150090637661ac7537,,,,
inference_diagnostic,763b8f26ce16fd9c,dgp1_N100_T100_r2026080801_truth1-1-1,1,100,100,2026080801,selected_rank,B_G2_minus_G1_fixed_time,target_unsupported_selected_rank,0.0,False,0,,False,,2.7042200037561583,24.767582927756255,9.158863884356343,,,,True,False,0.0,,,0.0,0.15365490138775031,,,weak_target_stress_outside_assumption9,False,654aaee579b88ff6f006ca5f9abbd809bf3d5effc9441a150090637661ac7537,,,,
inference_diagnostic,763b8f26ce16fd9c,dgp1_N100_T100_r2026080801_truth1-1-1,1,100,100,2026080801,selected_rank,B_G1_time_average,target_unsupported_selected_rank,0.0,False,0,,False,,2.7042200037561583,24.767582927756255,9.158863884356343,,,,True,False,0.0,,,0.0,0.9768042970435965,,,theorem_covered,True,654aaee579b88ff6f006ca5f9abbd809bf3d5effc9441a150090637661ac7537,success,success,success,success
inference_diagnostic,763b8f26ce16fd9c,dgp1_N100_T100_r2026080801_truth1-1-1,1,100,100,2026080801,selected_rank,B_G2_time_average,target_unsupported_selected_rank,0.0,False,0,,False,,2.7042200037561583,24.767582927756255,9.158863884356343,,,,True,False,0.0,,,0.0,0.9795336180889921,,,theorem_covered,True,654aaee579b88ff6f006ca5f9abbd809bf3d5effc9441a150090637661ac7537,success,success,success,success
inference_diagnostic,763b8f26ce16fd9c,dgp1_N100_T100_r2026080801_truth1-1-1,1,100,100,2026080801,selected_rank,B_G2_minus_G1_time_average,target_unsupported_selected_rank,0.0,False,0,,False,,2.7042200037561583,24.767582927756255,9.158863884356343,,,,True,False,0.0,,,0.0,0.9613887990752912,,,theorem_covered,True,654aaee579b88ff6f006ca5f9abbd809bf3d5effc9441a150090637661ac7537,success,success,success,success
inference_diagnostic,763b8f26ce16fd9c,dgp1_N100_T100_r2026080802_truth1-1-1,1,100,100,2026080802,selected_rank,A_entry,success,0.14515647419977093,True,90,7.958153256921969e-09,True,3.406862056082725,0.15326297984129825,39.943381270803975,260.61989211070284,0.01066494497493645,0.1032712204582499,0.4048157454753316,True,True,0.5548863122809734,,,0.5548863122809734,0.13197494443016902,0.7832922122767486,0.9660130887516367,theorem_covered,True,3dc6f020c0fd6f6e54968c752598a63b2ee91a9f1351e1ffe7c48199a4d2bd85,,,,
inference_diagnostic,763b8f26ce16fd9c,dgp1_N100_T100_r2026080802_truth1-1-1,1,100,100,2026080802,selected_rank,B_entry,target_unsupported_selected_rank,0.0,False,0,,False,,0.15326297984129825,39.943381270803975,260.61989211070284,,,,True,False,0.0,,,0.0,0.1645839481015835,2.035303541551228,0.6874762848929963,entry_leverage_requires_author_choice,False,3dc6f020c0fd6f6e54968c752598a63b2ee91a9f1351e1ffe7c48199a4d2bd85,,,,
inference_diagnostic,763b8f26ce16fd9c,dgp1_N100_T100_r2026080802_truth1-1-1,1,100,100,2026080802,selected_rank,A_fixed_time_mean,success,0.0989884876113117,True,89,6.56525284002289e-09,True,3.1087408886244585,0.15326297984129825,39.943381270803975,260.61989211070284,0.005677763363974291,0.07535093472528587,0.2953702365259776,True,True,0.43901638600101833,,,0.43901638600101833,0.9952519860486867,,,theorem_covered,True,3dc6f020c0fd6f6e54968c752598a63b2ee91a9f1351e1ffe7c48199a4d2bd85,,,,
inference_diagnostic,763b8f26ce16fd9c,dgp1_N100_T100_r2026080802_truth1-1-1,1,100,100,2026080802,selected_rank,B_fixed_time_mean,target_unsupported_selected_rank,0.0,False,0,,False,,0.15326297984129825,39.943381270803975,260.61989211070284,,,,True,False,0.0,,,0.0,0.9343176237783631,,,theorem_covered,True,3dc6f020c0fd6f6e54968c752598a63b2ee91a9f1351e1ffe7c48199a4d2bd85,,,,
inference_diagnostic,763b8f26ce16fd9c,dgp1_N100_T100_r2026080802_truth1-1-1,1,100,100,2026080802,selected_rank,A_full_mean,success,0.009993514876286188,True,106,5.930507543955965e-09,True,0.745310370883679,0.15326297984129825,39.943381270803975,260.61989211070284,9.574116746510617e-05,0.009784741563531771,0.038355482125108815,True,True,0.5724504745339192,0.5754237004894589,0.5747230382932628,0.5672046848190359,0.9998577774158494,,,theorem_covered,True,3dc6f020c0fd6f6e54968c752598a63b2ee91a9f1351e1ffe7c48199a4d2bd85,success,success,success,success
inference_diagnostic,763b8f26ce16fd9c,dgp1_N100_T100_r2026080802_truth1-1-1,1,100,100,2026080802,selected_rank,B_full_mean,target_unsupported_selected_rank,0.0,False,0,,False,,0.15326297984129825,39.943381270803975,260.61989211070284,,,,True,False,0.0,,,0.0,0.9933893839634486,,,theorem_covered,True,3dc6f020c0fd6f6e54968c752598a63b2ee91a9f1351e1ffe7c48199a4d2bd85,success,success,success,success
inference_diagnostic,763b8f26ce16fd9c,dgp1_N100_T100_r2026080802_truth1-1-1,1,100,100,2026080802,selected_rank,A_G1_fixed_time,success,0.09986510978958402,True,89,8.997663629330436e-09,True,3.1010356818083036,0.15326297984129825,39.943381270803975,260.61989211070284,0.005798409454145744,0.07614728789750652,0.29849188359903106,True,True,0.44169522121399635,,,0.44169522121399635,0.700595365111532,,,theorem_covered,True,3dc6f020c0fd6f6e54968c752598a63b2ee91a9f1351e1ffe7c48199a4d2bd85,,,,
inference_diagnostic,763b8f26ce16fd9c,dgp1_N100_T100_r2026080802_truth1-1-1,1,100,100,2026080802,selected_rank,A_G2_fixed_time,success,0.09866722028280109,True,89,6.350379255017257e-09,True,3.123290581295196,0.15326297984129825,39.943381270803975,260.61989211070284,0.00560517148560549,0.07486769320344717,0.2934759645687013,True,True,0.43633755078804043,,,0.43633755078804043,0.7137513755204927,,,theorem_covered,True,3dc6f020c0fd6f6e54968c752598a63b2ee91a9f1351e1ffe7c48199a4d2bd85,,,,
inference_diagnostic,763b8f26ce16fd9c,dgp1_N100_T100_r2026080802_truth1-1-1,1,100,100,2026080802,selected_rank,A_G2_minus_G1_fixed_time,success,0.014887521786438769,True,97,6.692118173054738e-09,True,4.134159362685401,0.15326297984129825,39.943381270803975,260.61989211070284,9.610842030333301e-05,0.009803490210294138,0.03842897546993502,True,True,-0.0053576704259558905,,,-0.0053576704259558905,0.09873386419715187,,,weak_target_stress_outside_assumption9,False,3dc6f020c0fd6f6e54968c752598a63b2ee91a9f1351e1ffe7c48199a4d2bd85,,,,
inference_diagnostic,763b8f26ce16fd9c,dgp1_N100_T100_r2026080802_truth1-1-1,1,100,100,2026080802,selected_rank,A_G1_time_average,success,0.013911894832165221,True,101,9.403864561919722e-09,True,1.204076425691607,0.15326297984129825,39.943381270803975,260.61989211070284,0.0001437811685791886,0.011990878557436423,0.047003380231137974,True,True,0.5759435115543274,0.5803965255867909,0.5749272823689682,0.5725067267072232,0.9923271484491499,,,theorem_covered,True,3dc6f020c0fd6f6e54968c752598a63b2ee91a9f1351e1ffe7c48199a4d2bd85,success,success,success,success
inference_diagnostic,763b8f26ce16fd9c,dgp1_N100_T100_r2026080802_truth1-1-1,1,100,100,2026080802,selected_rank,A_G2_time_average,success,0.013906387694349752,True,101,9.786612538647801e-09,True,0.9787749611388914,0.15326297984129825,39.943381270803975,260.61989211070284,0.00016019435809488968,0.012656790987248296,0.04961370898971563,True,True,0.5689574375135109,0.5704508753921267,0.5745187942175576,0.5619026429308485,0.9926085921865232,,,theorem_covered,True,3dc6f020c0fd6f6e54968c752598a63b2ee91a9f1351e1ffe7c48199a4d2bd85,success,success,success,success
inference_diagnostic,763b8f26ce16fd9c,dgp1_N100_T100_r2026080802_truth1-1-1,1,100,100,2026080802,selected_rank,A_G2_minus_G1_time_average,success,0.019348785872073778,True,96,9.986608830434815e-09,True,4.22049717753853,0.15326297984129825,39.943381270803975,260.61989211070284,0.00022498638256036345,0.01499954607847729,0.05879714019652898,True,True,-0.006986074040816541,-0.009945650194664231,-0.0004084881514105857,-0.010604083776374808,0.9850225437891122,,,theorem_covered,True,3dc6f020c0fd6f6e54968c752598a63b2ee91a9f1351e1ffe7c48199a4d2bd85,success,success,success,success
inference_diagnostic,763b8f26ce16fd9c,dgp1_N100_T100_r2026080802_truth1-1-1,1,100,100,2026080802,selected_rank,B_G1_fixed_time,target_unsupported_selected_rank,0.0,False,0,,False,,0.15326297984129825,39.943381270803975,260.61989211070284,,,,True,False,0.0,,,0.0,0.664139363661717,,,theorem_covered,True,3dc6f020c0fd6f6e54968c752598a63b2ee91a9f1351e1ffe7c48199a4d2bd85,,,,
inference_diagnostic,763b8f26ce16fd9c,dgp1_N100_T100_r2026080802_truth1-1-1,1,100,100,2026080802,selected_rank,B_G2_fixed_time,target_unsupported_selected_rank,0.0,False,0,,False,,0.15326297984129825,39.943381270803975,260.61989211070284,,,,True,False,0.0,,,0.0,0.6623780388453947,,,theorem_covered,True,3dc6f020c0fd6f6e54968c752598a63b2ee91a9f1351e1ffe7c48199a4d2bd85,,,,
inference_diagnostic,763b8f26ce16fd9c,dgp1_N100_T100_r2026080802_truth1-1-1,1,100,100,2026080802,selected_rank,B_G2_minus_G1_fixed_time,target_unsupported_selected_rank,0.0,False,0,,False,,0.15326297984129825,39.943381270803975,260.61989211070284,,,,True,False,0.0,,,0.0,0.08292369146881494,,,weak_target_stress_outside_assumption9,False,3dc6f020c0fd6f6e54968c752598a63b2ee91a9f1351e1ffe7c48199a4d2bd85,,,,
inference_diagnostic,763b8f26ce16fd9c,dgp1_N100_T100_r2026080802_truth1-1-1,1,100,100,2026080802,selected_rank,B_G1_time_average,target_unsupported_selected_rank,0.0,False,0,,False,,0.15326297984129825,39.943381270803975,260.61989211070284,,,,True,False,0.0,,,0.0,0.9705820980572407,,,theorem_covered,True,3dc6f020c0fd6f6e54968c752598a63b2ee91a9f1351e1ffe7c48199a4d2bd85,success,success,success,success
inference_diagnostic,763b8f26ce16fd9c,dgp1_N100_T100_r2026080802_truth1-1-1,1,100,100,2026080802,selected_rank,B_G2_time_average,target_unsupported_selected_rank,0.0,False,0,,False,,0.15326297984129825,39.943381270803975,260.61989211070284,,,,True,False,0.0,,,0.0,0.9704572518091592,,,theorem_covered,True,3dc6f020c0fd6f6e54968c752598a63b2ee91a9f1351e1ffe7c48199a4d2bd85,success,success,success,success
inference_diagnostic,763b8f26ce16fd9c,dgp1_N100_T100_r2026080802_truth1-1-1,1,100,100,2026080802,selected_rank,B_G2_minus_G1_time_average,target_unsupported_selected_rank,0.0,False,0,,False,,0.15326297984129825,39.943381270803975,260.61989211070284,,,,True,False,0.0,,,0.0,0.9470978927686962,,,theorem_covered,True,3dc6f020c0fd6f6e54968c752598a63b2ee91a9f1351e1ffe7c48199a4d2bd85,success,success,success,success
inference_diagnostic,763b8f26ce16fd9c,dgp1_N100_T100_r2026080803_truth1-1-1,1,100,100,2026080803,selected_rank,A_entry,success,0.1011242455172151,True,72,9.095028606242149e-09,True,3.850507378960178,0.212347228496244,29.802067795995484,140.34592307628176,0.006680689418442002,0.0817354844510143,0.3203972115658433,True,True,0.2845126019837961,,,0.2845126019837961,0.12099611184474279,0.7176271859985364,0.7517736542762748,theorem_covered,True,9e99a78560abfe1f1c2a9b080b68d206c8daaef3711289eebcf5fcc14a7c4ae6,,,,
inference_diagnostic,763b8f26ce16fd9c,dgp1_N100_T100_r2026080803_truth1-1-1,1,100,100,2026080803,selected_rank,B_entry,target_unsupported_selected_rank,0.0,False,0,,False,,0.212347228496244,29.802067795995484,140.34592307628176,,,,True,False,0.0,,,0.0,0.10992297514561021,0.11510456941281795,1.0944612519849135,entry_leverage_requires_author_choice,False,9e99a78560abfe1f1c2a9b080b68d206c8daaef3711289eebcf5fcc14a7c4ae6,,,,
inference_diagnostic,763b8f26ce16fd9c,dgp1_N100_T100_r2026080803_truth1-1-1,1,100,100,2026080803,selected_rank,A_fixed_time_mean,success,0.09876066816394799,True,67,8.83748137199051e-09,True,3.640596607685967,0.212347228496244,29.802067795995484,140.34592307628176,0.009455188068634934,0.09723779136032931,0.38116513800493096,True,True,0.4328378035950132,,,0.4328378035950132,0.9943564429232076,,,theorem_covered,True,9e99a78560abfe1f1c2a9b080b68d206c8daaef3711289eebcf5fcc14a7c4ae6,,,,
inference_diagnostic,763b8f26ce16fd9c,dgp1_N100_T100_r2026080803_truth1-1-1,1,100,100,2026080803,selected_rank,B_fixed_time_mean,target_unsupported_selected_rank,0.0,False,0,,False,,0.212347228496244,29.802067795995484,140.34592307628176,,,,True,False,0.0,,,0.0,0.9358095659681188,,,theorem_covered,True,9e99a78560abfe1f1c2a9b080b68d206c8daaef3711289eebcf5fcc14a7c4ae6,,,,
inference_diagnostic,763b8f26ce16fd9c,dgp1_N100_T100_r2026080803_truth1-1-1,1,100,100,2026080803,selected_rank,A_full_mean,success,0.009991184955709657,True,79,9.050149288065472e-09,True,1.1106503289550576,0.212347228496244,29.802067795995484,140.34592307628176,9.794333523266772e-05,0.00989663251983561,0.038794086614211354,True,True,0.5368627561734223,0.5403212937537456,0.5342811517004635,0.5359858230660577,0.9997545292983054,,,theorem_covered,True,9e99a78560abfe1f1c2a9b080b68d206c8daaef3711289eebcf5fcc14a7c4ae6,success,success,success,success
inference_diagnostic,763b8f26ce16fd9c,dgp1_N100_T100_r2026080803_truth1-1-1,1,100,100,2026080803,selected_rank,B_full_mean,target_unsupported_selected_rank,0.0,False,0,,False,,0.212347228496244,29.802067795995484,140.34592307628176,,,,True,False,0.0,,,0.0,0.9930380920412195,,,theorem_covered,True,9e99a78560abfe1f1c2a9b080b68d206c8daaef3711289eebcf5fcc14a7c4ae6,success,success,success,success
inference_diagnostic,763b8f26ce16fd9c,dgp1_N100_T100_r2026080803_truth1-1-1,1,100,100,2026080803,selected_rank,A_G1_fixed_time,success,0.10040968665101499,True,67,8.070259736897674e-09,True,3.647213137005742,0.212347228496244,29.802067795995484,140.34592307628176,0.009750770411053097,0.09874598934160869,0.38707716545465815,True,True,0.43878179136087647,,,0.43878179136087647,0.7101359543001318,,,theorem_covered,True,9e99a78560abfe1f1c2a9b080b68d206c8daaef3711289eebcf5fcc14a7c4ae6,,,,
inference_diagnostic,763b8f26ce16fd9c,dgp1_N100_T100_r2026080803_truth1-1-1,1,100,100,2026080803,selected_rank,A_G2_fixed_time,success,0.09772230517864965,True,67,9.655360018914466e-09,True,3.639612634747631,0.212347228496244,29.802067795995484,140.34592307628176,0.009221374895376548,0.09602799016628719,0.37642280446737875,True,True,0.42689381582915,,,0.42689381582915,0.7014327138730749,,,theorem_covered,True,9e99a78560abfe1f1c2a9b080b68d206c8daaef3711289eebcf5fcc14a7c4ae6,,,,
inference_diagnostic,763b8f26ce16fd9c,dgp1_N100_T100_r2026080803_truth1-1-1,1,100,100,2026080803,selected_rank,A_G2_minus_G1_fixed_time,success,0.01577434311819421,True,73,8.538915334696632e-09,True,4.4807215268056835,0.212347228496244,29.802067795995484,140.34592307628176,0.00012353833625924253,0.011114780081461014,0.04356913731149351,True,True,-0.011887975531726472,,,-0.011887975531726472,0.08692634869941551,,,weak_target_stress_outside_assumption9,False,9e99a78560abfe1f1c2a9b080b68d206c8daaef3711289eebcf5fcc14a7c4ae6,,,,
inference_diagnostic,763b8f26ce16fd9c,dgp1_N100_T100_r2026080803_truth1-1-1,1,100,100,2026080803,selected_rank,A_G1_time_average,success,0.013889017338818452,True,78,9.193437262095413e-09,True,1.638530502387018,0.212347228496244,29.802067795995484,140.34592307628176,0.00016375180828267084,0.012796554547325261,0.05016157207791953,True,True,0.5442352768454572,0.546626202093155,0.5416071548871978,0.544472473556019,0.989131184612175,,,theorem_covered,True,9e99a78560abfe1f1c2a9b080b68d206c8daaef3711289eebcf5fcc14a7c4ae6,success,success,success,success
inference_diagnostic,763b8f26ce16fd9c,dgp1_N100_T100_r2026080803_truth1-1-1,1,100,100,2026080803,selected_rank,A_G2_time_average,success,0.013875297723258972,True,79,8.246597056428192e-09,True,1.5104911597280175,0.212347228496244,29.802067795995484,140.34592307628176,0.00016055038971334775,0.012670848026606101,0.04966881157145675,True,True,0.5294902355013873,0.534016385414336,0.5269551485137295,0.5274991725760964,0.9888603031882319,,,theorem_covered,True,9e99a78560abfe1f1c2a9b080b68d206c8daaef3711289eebcf5fcc14a7c4ae6,success,success,success,success
inference_diagnostic,763b8f26ce16fd9c,dgp1_N100_T100_r2026080803_truth1-1-1,1,100,100,2026080803,selected_rank,A_G2_minus_G1_time_average,success,0.019275950607359277,True,73,8.217626581444188e-09,True,4.547577028640183,0.212347228496244,29.802067795995484,140.34592307628176,0.0002568310532202337,0.016025949370325417,0.06282056716780035,True,True,-0.014745041344069919,-0.01260981667881911,-0.014652006373468373,-0.016973300979922275,0.978118643489292,,,theorem_covered,True,9e99a78560abfe1f1c2a9b080b68d206c8daaef3711289eebcf5fcc14a7c4ae6,success,success,success,success
inference_diagnostic,763b8f26ce16fd9c,dgp1_N100_T100_r2026080803_truth1-1-1,1,100,100,2026080803,selected_rank,B_G1_fixed_time,target_unsupported_selected_rank,0.0,False,0,,False,,0.212347228496244,29.802067795995484,140.34592307628176,,,,True,False,0.0,,,0.0,0.6791614610048483,,,theorem_covered,True,9e99a78560abfe1f1c2a9b080b68d206c8daaef3711289eebcf5fcc14a7c4ae6,,,,
inference_diagnostic,763b8f26ce16fd9c,dgp1_N100_T100_r2026080803_truth1-1-1,1,100,100,2026080803,selected_rank,B_G2_fixed_time,target_unsupported_selected_rank,0.0,False,0,,False,,0.212347228496244,29.802067795995484,140.34592307628176,,,,True,False,0.0,,,0.0,0.6525240423054056,,,theorem_covered,True,9e99a78560abfe1f1c2a9b080b68d206c8daaef3711289eebcf5fcc14a7c4ae6,,,,
inference_diagnostic,763b8f26ce16fd9c,dgp1_N100_T100_r2026080803_truth1-1-1,1,100,100,2026080803,selected_rank,B_G2_minus_G1_fixed_time,target_unsupported_selected_rank,0.0,False,0,,False,,0.212347228496244,29.802067795995484,140.34592307628176,,,,True,False,0.0,,,0.0,0.10634083008604138,,,weak_target_stress_outside_assumption9,False,9e99a78560abfe1f1c2a9b080b68d206c8daaef3711289eebcf5fcc14a7c4ae6,,,,
inference_diagnostic,763b8f26ce16fd9c,dgp1_N100_T100_r2026080803_truth1-1-1,1,100,100,2026080803,selected_rank,B_G1_time_average,target_unsupported_selected_rank,0.0,False,0,,False,,0.212347228496244,29.802067795995484,140.34592307628176,,,,True,False,0.0,,,0.0,0.9694547335808688,,,theorem_covered,True,9e99a78560abfe1f1c2a9b080b68d206c8daaef3711289eebcf5fcc14a7c4ae6,success,success,success,success
inference_diagnostic,763b8f26ce16fd9c,dgp1_N100_T100_r2026080803_truth1-1-1,1,100,100,2026080803,selected_rank,B_G2_time_average,target_unsupported_selected_rank,0.0,False,0,,False,,0.212347228496244,29.802067795995484,140.34592307628176,,,,True,False,0.0,,,0.0,0.9674096760826851,,,theorem_covered,True,9e99a78560abfe1f1c2a9b080b68d206c8daaef3711289eebcf5fcc14a7c4ae6,success,success,success,success
inference_diagnostic,763b8f26ce16fd9c,dgp1_N100_T100_r2026080803_truth1-1-1,1,100,100,2026080803,selected_rank,B_G2_minus_G1_time_average,target_unsupported_selected_rank,0.0,False,0,,False,,0.212347228496244,29.802067795995484,140.34592307628176,,,,True,False,0.0,,,0.0,0.9431857238083582,,,theorem_covered,True,9e99a78560abfe1f1c2a9b080b68d206c8daaef3711289eebcf5fcc14a7c4ae6,success,success,success,success
inference_diagnostic,763b8f26ce16fd9c,dgp1_N50_T50_r2026080801_truth1-1-1,1,50,50,2026080801,selected_rank,A_entry,success,0.1521409428978827,True,84,8.41164570084648e-09,True,3.731416352567931,0.2039495085892062,36.317317068687395,178.07013765273393,0.02656827927831647,0.1629977891822968,0.6389395927139083,True,True,0.23134975792768653,,,0.23134975792768653,0.18308251272594703,1.3064876660599145,0.3793859176850607,theorem_covered,True,fac0c8d9c6b9728facac166d28752a392dad8290e4c0cf46f5efc244aaeff526,,,,
inference_diagnostic,763b8f26ce16fd9c,dgp1_N50_T50_r2026080801_truth1-1-1,1,50,50,2026080801,selected_rank,B_entry,success,0.1615732781107679,True,88,7.3570016628652665e-09,True,1.425099414203534,0.2039495085892062,36.317317068687395,178.07013765273393,0.05458091622713403,0.23362558983795853,0.9157954838986512,True,True,0.420834713523826,,,0.420834713523826,0.19615973239739548,0.7954914225256274,1.1466841564005155,entry_leverage_requires_author_choice,False,fac0c8d9c6b9728facac166d28752a392dad8290e4c0cf46f5efc244aaeff526,,,,
inference_diagnostic,763b8f26ce16fd9c,dgp1_N50_T50_r2026080801_truth1-1-1,1,50,50,2026080801,selected_rank,A_fixed_time_mean,success,0.13677001498143135,True,82,9.242936612250097e-09,True,3.590109288807022,0.2039495085892062,36.317317068687395,178.07013765273393,0.02531762982660254,0.15911514643993682,0.6237199128341855,True,True,0.23138605959705877,,,0.23138605959705877,0.9958064190194811,,,theorem_covered,True,fac0c8d9c6b9728facac166d28752a392dad8290e4c0cf46f5efc244aaeff526,,,,
inference_diagnostic,763b8f26ce16fd9c,dgp1_N50_T50_r2026080801_truth1-1-1,1,50,50,2026080801,selected_rank,B_fixed_time_mean,success,0.12466604576993925,True,88,7.71699276418449e-09,True,1.1222276437822318,0.2039495085892062,36.317317068687395,178.07013765273393,0.033933612271061536,0.18421078217916978,0.7220929972702511,True,True,0.7807065825784525,,,0.7807065825784525,0.9492601788144062,,,theorem_covered,True,fac0c8d9c6b9728facac166d28752a392dad8290e4c0cf46f5efc244aaeff526,,,,
inference_diagnostic,763b8f26ce16fd9c,dgp1_N50_T50_r2026080801_truth1-1-1,1,50,50,2026080801,selected_rank,A_full_mean,success,0.01991001002117857,True,89,9.455622804423784e-09,True,0.8317136591398031,0.2039495085892062,36.317317068687395,178.07013765273393,0.0005170145189687739,0.022737953271320922,0.08913113898788742,True,True,0.45098672736327317,0.4416438156354229,0.4420810896083578,0.46923527684603894,0.9997357040175304,,,theorem_covered,True,fac0c8d9c6b9728facac166d28752a392dad8290e4c0cf46f5efc244aaeff526,success,success,success,success
inference_diagnostic,763b8f26ce16fd9c,dgp1_N50_T50_r2026080801_truth1-1-1,1,50,50,2026080801,selected_rank,B_full_mean,success,0.019627850310849418,True,91,9.504511548668403e-09,True,0.762945351226983,0.2039495085892062,36.317317068687395,178.07013765273393,0.002372158392873511,0.048704808724329376,0.1909193419471956,True,True,0.685937692597156,0.6745362427477266,0.6969984938128411,0.6862783412309001,0.9962946727553194,,,theorem_covered,True,fac0c8d9c6b9728facac166d28752a392dad8290e4c0cf46f5efc244aaeff526,success,success,success,success
inference_diagnostic,763b8f26ce16fd9c,dgp1_N50_T50_r2026080801_truth1-1-1,1,50,50,2026080801,selected_rank,A_G1_fixed_time,success,0.14368414216857914,True,83,8.459750966093835e-09,True,3.5837992931291835,0.2039495085892062,36.317317068687395,178.07013765273393,0.027829530777731232,0.1668218534177439,0.6539296490659963,True,True,0.24260162409149033,,,0.24260162409149033,0.7170219768181919,,,theorem_covered,True,fac0c8d9c6b9728facac166d28752a392dad8290e4c0cf46f5efc244aaeff526,,,,
inference_diagnostic,763b8f26ce16fd9c,dgp1_N50_T50_r2026080801_truth1-1-1,1,50,50,2026080801,selected_rank,A_G2_fixed_time,success,0.13052168303604528,True,83,9.999251291134488e-09,True,3.5881027972460884,0.2039495085892062,36.317317068687395,178.07013765273393,0.022989877333302138,0.15162413176438022,0.5943556748906816,True,True,0.2201704951026272,,,0.2201704951026272,0.6966408869186511,,,theorem_covered,True,fac0c8d9c6b9728facac166d28752a392dad8290e4c0cf46f5efc244aaeff526,,,,
inference_diagnostic,763b8f26ce16fd9c,dgp1_N50_T50_r2026080801_truth1-1-1,1,50,50,2026080801,selected_rank,A_G2_minus_G1_fixed_time,success,0.02319346706468988,True,87,8.432060170489736e-09,True,2.9435893660860555,0.2039495085892062,36.317317068687395,178.07013765273393,0.0003682969187992018,0.019191063514021358,0.0752275866250051,True,True,-0.022431128988863097,,,-0.022431128988863097,0.0883097752611262,,,weak_target_stress_outside_assumption9,False,fac0c8d9c6b9728facac166d28752a392dad8290e4c0cf46f5efc244aaeff526,,,,
inference_diagnostic,763b8f26ce16fd9c,dgp1_N50_T50_r2026080801_truth1-1-1,1,50,50,2026080801,selected_rank,A_G1_time_average,success,0.027318107011066874,True,89,9.857744921642518e-09,True,1.0398977659780146,0.2039495085892062,36.317317068687395,178.07013765273393,0.0007854597065427564,0.028026054066578057,0.10986011319853063,True,True,0.472846604037277,0.4690257501379148,0.4686914768402828,0.4808225851336335,0.984539320858538,,,theorem_covered,True,fac0c8d9c6b9728facac166d28752a392dad8290e4c0cf46f5efc244aaeff526,success,success,success,success
inference_diagnostic,763b8f26ce16fd9c,dgp1_N50_T50_r2026080801_truth1-1-1,1,50,50,2026080801,selected_rank,A_G2_time_average,success,0.027134134864752402,True,89,6.738109791592636e-09,True,1.2147465599516398,0.2039495085892062,36.317317068687395,178.07013765273393,0.0008673995867897011,0.02945164828646609,0.11544833985362866,True,True,0.4291268506892692,0.41426188113293094,0.4154707023764327,0.45764796855844403,0.9836148912579276,,,theorem_covered,True,fac0c8d9c6b9728facac166d28752a392dad8290e4c0cf46f5efc244aaeff526,success,success,success,success
inference_diagnostic,763b8f26ce16fd9c,dgp1_N50_T50_r2026080801_truth1-1-1,1,50,50,2026080801,selected_rank,A_G2_minus_G1_time_average,success,0.037140900566351664,True,87,8.8142480477421e-09,True,2.6036990366017134,0.2039495085892062,36.317317068687395,178.07013765273393,0.0012376605140265048,0.03518039957172892,0.13790463224463406,True,True,-0.04371975334800776,-0.054763869004983846,-0.053220774463850026,-0.02317461657518942,0.9681655079238859,,,theorem_covered,True,fac0c8d9c6b9728facac166d28752a392dad8290e4c0cf46f5efc244aaeff526,success,success,success,success
inference_diagnostic,763b8f26ce16fd9c,dgp1_N50_T50_r2026080801_truth1-1-1,1,50,50,2026080801,selected_rank,B_G1_fixed_time,success,0.11105797543691684,True,88,8.979995647138807e-09,True,1.1003102724778737,0.2039495085892062,36.317317068687395,178.07013765273393,0.02706079530507314,0.16450165745387837,0.6448346480134931,True,True,0.6801202772681524,,,0.6801202772681524,0.6480670700756471,,,theorem_covered,True,fac0c8d9c6b9728facac166d28752a392dad8290e4c0cf46f5efc244aaeff526,,,,
inference_diagnostic,763b8f26ce16fd9c,dgp1_N50_T50_r2026080801_truth1-1-1,1,50,50,2026080801,selected_rank,B_G2_fixed_time,success,0.14184349315020217,True,88,6.613778913562549e-09,True,1.1077136897495399,0.2039495085892062,36.317317068687395,178.07013765273393,0.04428026295705401,0.21042875981446552,0.8248655810955636,True,True,0.8812928878887525,,,0.8812928878887525,0.7114429179629029,,,theorem_covered,True,fac0c8d9c6b9728facac166d28752a392dad8290e4c0cf46f5efc244aaeff526,,,,
inference_diagnostic,763b8f26ce16fd9c,dgp1_N50_T50_r2026080801_truth1-1-1,1,50,50,2026080801,selected_rank,B_G2_minus_G1_fixed_time,success,0.052348916347391555,True,91,8.758187104325079e-09,True,0.8500450165949122,0.2039495085892062,36.317317068687395,178.07013765273393,0.006947667445278765,0.08335266909510915,0.3267364588833975,True,True,0.20117261062060002,,,0.20117261062060002,0.15826264800402337,,,weak_target_stress_outside_assumption9,False,fac0c8d9c6b9728facac166d28752a392dad8290e4c0cf46f5efc244aaeff526,,,,
inference_diagnostic,763b8f26ce16fd9c,dgp1_N50_T50_r2026080801_truth1-1-1,1,50,50,2026080801,selected_rank,B_G1_time_average,success,0.02661739163450852,True,91,8.927206017222573e-09,True,0.7796518185534068,0.2039495085892062,36.317317068687395,178.07013765273393,0.004502613913115943,0.0671015194545991,0.263033122877856,True,True,0.5975614194734605,0.5690941484168317,0.6552891176962197,0.5683009923073301,0.9780706651505403,,,theorem_covered,True,fac0c8d9c6b9728facac166d28752a392dad8290e4c0cf46f5efc244aaeff526,success,success,success,success
inference_diagnostic,763b8f26ce16fd9c,dgp1_N50_T50_r2026080801_truth1-1-1,1,50,50,2026080801,selected_rank,B_G2_time_average,success,0.027096848736551608,True,89,9.89243634383288e-09,True,0.751327398593383,0.2039495085892062,36.317317068687395,178.07013765273393,0.004585960958552013,0.06771972355637619,0.26545643842701205,True,True,0.7743139657208515,0.7799783370786213,0.7387078699294627,0.8042556901544706,0.9813592490462588,,,theorem_covered,True,fac0c8d9c6b9728facac166d28752a392dad8290e4c0cf46f5efc244aaeff526,success,success,success,success
inference_diagnostic,763b8f26ce16fd9c,dgp1_N50_T50_r2026080801_truth1-1-1,1,50,50,2026080801,selected_rank,B_G2_minus_G1_time_average,success,0.03666659878489247,True,91,9.854520481889394e-09,True,0.7667111576256244,0.2039495085892062,36.317317068687395,178.07013765273393,0.00868851616456415,0.09321221038342643,0.36538515054177256,True,True,0.1767525462473909,0.21088418866178948,0.08341875223324305,0.23595469784714015,0.962852598665048,,,theorem_covered,True,fac0c8d9c6b9728facac166d28752a392dad8290e4c0cf46f5efc244aaeff526,success,success,success,success
inference_diagnostic,763b8f26ce16fd9c,dgp1_N50_T50_r2026080802_truth1-1-1,1,50,50,2026080802,selected_rank,A_entry,success,0.17847883051465235,True,77,9.111845336358459e-09,True,2.7591967263797432,0.2130678107893025,28.664294254036818,134.53132196670586,0.015711528810237935,0.1253456373801575,0.49134586976865247,True,True,0.3888897692917071,,,0.3888897692917071,0.20265798452179512,0.8028737040124311,1.2710490679730784,theorem_covered,True,fb6d3011f0dce6579ccbf349a4a35fbea6df86c09e0d7915039eb52c191f3745,,,,
inference_diagnostic,763b8f26ce16fd9c,dgp1_N50_T50_r2026080802_truth1-1-1,1,50,50,2026080802,selected_rank,B_entry,success,0.13584064939100018,True,78,7.863808162791391e-09,True,1.4289028855026347,0.2130678107893025,28.664294254036818,134.53132196670586,0.03297013247338156,0.18157679497496798,0.7117679571583014,True,True,0.07173242386678975,,,0.07173242386678975,0.17363415790296194,1.0412350816659441,0.4761210363917981,entry_leverage_requires_author_choice,False,fb6d3011f0dce6579ccbf349a4a35fbea6df86c09e0d7915039eb52c191f3745,,,,
inference_diagnostic,763b8f26ce16fd9c,dgp1_N50_T50_r2026080802_truth1-1-1,1,50,50,2026080802,selected_rank,A_fixed_time_mean,success,0.1372816547353335,True,77,6.619457355631111e-09,True,4.621027006721821,0.2130678107893025,28.664294254036818,134.53132196670586,0.010387955327632741,0.10192131929892166,0.39952423016538724,True,True,0.5252841749083421,,,0.5252841749083421,0.9956031358073759,,,theorem_covered,True,fb6d3011f0dce6579ccbf349a4a35fbea6df86c09e0d7915039eb52c191f3745,,,,
inference_diagnostic,763b8f26ce16fd9c,dgp1_N50_T50_r2026080802_truth1-1-1,1,50,50,2026080802,selected_rank,B_fixed_time_mean,success,0.11915549177853892,True,77,9.891560367313338e-09,True,1.4366111623342317,0.2130678107893025,28.664294254036818,134.53132196670586,0.02540599033410494,0.15939256674671168,0.624807380453903,True,True,0.06315959697818015,,,0.06315959697818015,0.9310019826161319,,,theorem_covered,True,fb6d3011f0dce6579ccbf349a4a35fbea6df86c09e0d7915039eb52c191f3745,,,,
inference_diagnostic,763b8f26ce16fd9c,dgp1_N50_T50_r2026080802_truth1-1-1,1,50,50,2026080802,selected_rank,A_full_mean,success,0.019956876065143007,True,82,9.706499031339545e-09,True,0.7908307804761017,0.2130678107893025,28.664294254036818,134.53132196670586,0.0005256161178812595,0.022926319326949527,0.0898695203577713,True,True,0.48481172480480356,0.4820070522068092,0.4911902580650944,0.481237864142507,0.9998407238558021,,,theorem_covered,True,fb6d3011f0dce6579ccbf349a4a35fbea6df86c09e0d7915039eb52c191f3745,success,success,success,success
inference_diagnostic,763b8f26ce16fd9c,dgp1_N50_T50_r2026080802_truth1-1-1,1,50,50,2026080802,selected_rank,B_full_mean,success,0.01952005616121062,True,84,9.435104742169686e-09,True,0.6519083659799642,0.2130678107893025,28.664294254036818,134.53132196670586,0.002736008004378701,0.05230686383619936,0.20503913852638272,True,True,0.6844412749800435,0.6911994408956356,0.6900912808242664,0.6720331032202281,0.995173368762929,,,theorem_covered,True,fb6d3011f0dce6579ccbf349a4a35fbea6df86c09e0d7915039eb52c191f3745,success,success,success,success
inference_diagnostic,763b8f26ce16fd9c,dgp1_N50_T50_r2026080802_truth1-1-1,1,50,50,2026080802,selected_rank,A_G1_fixed_time,success,0.13345429834612418,True,77,9.557454865676647e-09,True,4.5932027815965,0.2130678107893025,28.664294254036818,134.53132196670586,0.009700999196138496,0.09849365053717167,0.38608801551746125,True,True,0.5038557777390876,,,0.5038557777390876,0.7016504458733334,,,theorem_covered,True,fb6d3011f0dce6579ccbf349a4a35fbea6df86c09e0d7915039eb52c191f3745,,,,
inference_diagnostic,763b8f26ce16fd9c,dgp1_N50_T50_r2026080802_truth1-1-1,1,50,50,2026080802,selected_rank,A_G2_fixed_time,success,0.1442715280421068,True,77,8.686289474696109e-09,True,4.546112343224309,0.2130678107893025,28.664294254036818,134.53132196670586,0.01141509602478717,0.10684145274558546,0.4188107988745711,True,True,0.5467125720775966,,,0.5467125720775966,0.7242949146954825,,,theorem_covered,True,fb6d3011f0dce6579ccbf349a4a35fbea6df86c09e0d7915039eb52c191f3745,,,,
inference_diagnostic,763b8f26ce16fd9c,dgp1_N50_T50_r2026080802_truth1-1-1,1,50,50,2026080802,selected_rank,A_G2_minus_G1_fixed_time,success,0.0431698528354706,True,78,8.06945510826153e-09,True,2.9481436210429033,0.2130678107893025,28.664294254036818,134.53132196670586,0.0006803691288868733,0.026083886383874495,0.10224695577845744,True,True,0.04285679433850886,,,0.04285679433850886,0.1602837097727112,,,weak_target_stress_outside_assumption9,False,fb6d3011f0dce6579ccbf349a4a35fbea6df86c09e0d7915039eb52c191f3745,,,,
inference_diagnostic,763b8f26ce16fd9c,dgp1_N50_T50_r2026080802_truth1-1-1,1,50,50,2026080802,selected_rank,A_G1_time_average,success,0.02769223298426131,True,81,7.593751768922434e-09,True,1.2016439739745821,0.2130678107893025,28.664294254036818,134.53132196670586,0.0007750379126196502,0.027839502736572905,0.10912884542237435,True,True,0.4650343572622893,0.4634671196192226,0.4805429135895983,0.4510930385780471,0.9907421605909968,,,theorem_covered,True,fb6d3011f0dce6579ccbf349a4a35fbea6df86c09e0d7915039eb52c191f3745,success,success,success,success
inference_diagnostic,763b8f26ce16fd9c,dgp1_N50_T50_r2026080802_truth1-1-1,1,50,50,2026080802,selected_rank,A_G2_time_average,success,0.027773125755441587,True,82,7.869540933691266e-09,True,0.9849926510408133,0.2130678107893025,28.664294254036818,134.53132196670586,0.0008189596680347953,0.028617471377373565,0.11217842645651609,True,True,0.5045890923473179,0.5005469847943957,0.5018376025405905,0.5113826897069672,0.9913335502074455,,,theorem_covered,True,fb6d3011f0dce6579ccbf349a4a35fbea6df86c09e0d7915039eb52c191f3745,success,success,success,success
inference_diagnostic,763b8f26ce16fd9c,dgp1_N50_T50_r2026080802_truth1-1-1,1,50,50,2026080802,selected_rank,A_G2_minus_G1_time_average,success,0.03851369827277633,True,78,8.908811143155867e-09,True,2.808596548679745,0.2130678107893025,28.664294254036818,134.53132196670586,0.001085530687485625,0.032947392726673,0.129151406257552,True,True,0.0395547350850285,0.037079865175173095,0.021294688950992277,0.06028965112892014,0.982156180787418,,,theorem_covered,True,fb6d3011f0dce6579ccbf349a4a35fbea6df86c09e0d7915039eb52c191f3745,success,success,success,success
inference_diagnostic,763b8f26ce16fd9c,dgp1_N50_T50_r2026080802_truth1-1-1,1,50,50,2026080802,selected_rank,B_G1_fixed_time,success,0.10696217118084043,True,78,8.441073626515622e-09,True,1.4349698725328288,0.2130678107893025,28.664294254036818,134.53132196670586,0.02047770087933585,0.1431003175375088,0.5609429370995254,True,True,0.05668796784074617,,,0.05668796784074617,0.6510744162611501,,,theorem_covered,True,fb6d3011f0dce6579ccbf349a4a35fbea6df86c09e0d7915039eb52c191f3745,,,,
inference_diagnostic,763b8f26ce16fd9c,dgp1_N50_T50_r2026080802_truth1-1-1,1,50,50,2026080802,selected_rank,B_G2_fixed_time,success,0.13137323242351662,True,76,9.992622792754183e-09,True,1.43690395305428,0.2130678107893025,28.664294254036818,134.53132196670586,0.030884600948748963,0.1757401517831055,0.6888887362649787,True,True,0.06963122611561412,,,0.06963122611561412,0.6727778006982515,,,theorem_covered,True,fb6d3011f0dce6579ccbf349a4a35fbea6df86c09e0d7915039eb52c191f3745,,,,
inference_diagnostic,763b8f26ce16fd9c,dgp1_N50_T50_r2026080802_truth1-1-1,1,50,50,2026080802,selected_rank,B_G2_minus_G1_fixed_time,success,0.024648319178062164,True,80,9.518878280737587e-09,True,1.3931968241597845,0.2130678107893025,28.664294254036818,134.53132196670586,0.0011006423157771381,0.033175929765074226,0.13004725498635172,True,True,0.012943258274867942,,,0.012943258274867942,0.09880876978793346,,,weak_target_stress_outside_assumption9,False,fb6d3011f0dce6579ccbf349a4a35fbea6df86c09e0d7915039eb52c191f3745,,,,
inference_diagnostic,763b8f26ce16fd9c,dgp1_N50_T50_r2026080802_truth1-1-1,1,50,50,2026080802,selected_rank,B_G1_time_average,success,0.026582635765447626,True,86,8.84111178004323e-09,True,0.6952856888190638,0.2130678107893025,28.664294254036818,134.53132196670586,0.004884194531979996,0.06988701261307423,0.27395205541744394,True,True,0.6143102052781018,0.607330768026308,0.6199398262939801,0.6156600215140171,0.9789589159759357,,,theorem_covered,True,fb6d3011f0dce6579ccbf349a4a35fbea6df86c09e0d7915039eb52c191f3745,success,success,success,success
inference_diagnostic,763b8f26ce16fd9c,dgp1_N50_T50_r2026080802_truth1-1-1,1,50,50,2026080802,selected_rank,B_G2_time_average,success,0.02693801042605974,True,84,8.31666693112246e-09,True,0.6146160393495069,0.2130678107893025,28.664294254036818,134.53132196670586,0.005643022178410043,0.07512005177321195,0.2944651919845593,True,True,0.7545723446819852,0.7750681137649632,0.7602427353545527,0.7284061849264396,0.9800190062643037,,,theorem_covered,True,fb6d3011f0dce6579ccbf349a4a35fbea6df86c09e0d7915039eb52c191f3745,success,success,success,success
inference_diagnostic,763b8f26ce16fd9c,dgp1_N50_T50_r2026080802_truth1-1-1,1,50,50,2026080802,selected_rank,B_G2_minus_G1_time_average,success,0.036612231422827136,True,85,8.203520277802007e-09,True,0.6456955935121832,0.2130678107893025,28.664294254036818,134.53132196670586,0.01011040140654304,0.1005504918264602,0.3941506852153021,True,True,0.1402621394038836,0.16773734573865523,0.14030290906057247,0.1127461634124231,0.9635495721098646,,,theorem_covered,True,fb6d3011f0dce6579ccbf349a4a35fbea6df86c09e0d7915039eb52c191f3745,success,success,success,success
inference_diagnostic,763b8f26ce16fd9c,dgp1_N50_T50_r2026080803_truth1-1-1,1,50,50,2026080803,selected_rank,A_entry,success,0.20171053078050125,True,118,7.909097318833107e-09,True,0.4110213851016351,0.14069226113078484,46.192302078417846,328.32155590618,0.016419578993787348,0.12813890507487313,0.5022952779302962,True,True,0.4890230718588515,,,0.4890230718588515,0.21065553887357913,1.292206940106967,0.9511628474519194,theorem_covered,True,1ae5a43fd85e4efa8d1556283a9f25efa69dde5de4272b2d412aeb1e6e1e9c07,,,,
inference_diagnostic,763b8f26ce16fd9c,dgp1_N50_T50_r2026080803_truth1-1-1,1,50,50,2026080803,selected_rank,B_entry,success,0.13398885300321522,True,115,9.029967290009753e-09,True,1.383482098663177,0.14069226113078484,46.192302078417846,328.32155590618,0.017062986206067686,0.13062536586003382,0.5120420251060684,True,True,0.2841681139809365,,,0.2841681139809365,0.16709502651903052,0.10438903294261634,1.2943506817462818,entry_leverage_requires_author_choice,False,1ae5a43fd85e4efa8d1556283a9f25efa69dde5de4272b2d412aeb1e6e1e9c07,,,,
inference_diagnostic,763b8f26ce16fd9c,dgp1_N50_T50_r2026080803_truth1-1-1,1,50,50,2026080803,selected_rank,A_fixed_time_mean,success,0.13779645194295817,True,119,7.521053141547913e-09,True,0.36822487891210776,0.14069226113078484,46.192302078417846,328.32155590618,0.010061572775581902,0.10030739143045193,0.3931977491736949,True,True,0.39302531213837727,,,0.39302531213837727,0.9963002572008812,,,theorem_covered,True,1ae5a43fd85e4efa8d1556283a9f25efa69dde5de4272b2d412aeb1e6e1e9c07,,,,
inference_diagnostic,763b8f26ce16fd9c,dgp1_N50_T50_r2026080803_truth1-1-1,1,50,50,2026080803,selected_rank,B_fixed_time_mean,success,0.12494122352844496,True,119,9.241865173027712e-09,True,1.0194020380468065,0.14069226113078484,46.192302078417846,328.32155590618,0.02531802960559712,0.15911640269185676,0.6237248372512227,True,True,0.5890326326949265,,,0.5890326326949265,0.9450057046384449,,,theorem_covered,True,1ae5a43fd85e4efa8d1556283a9f25efa69dde5de4272b2d412aeb1e6e1e9c07,,,,
inference_diagnostic,763b8f26ce16fd9c,dgp1_N50_T50_r2026080803_truth1-1-1,1,50,50,2026080803,selected_rank,A_full_mean,success,0.01996736398071989,True,121,9.819135183009396e-09,True,0.5700901568828095,0.14069226113078484,46.192302078417846,328.32155590618,0.0005333624289948836,0.023094640698544836,0.09052932801008166,True,True,0.4982584752185747,0.4831738994956709,0.5048189170341616,0.5067826091258917,0.9998626023542528,,,theorem_covered,True,1ae5a43fd85e4efa8d1556283a9f25efa69dde5de4272b2d412aeb1e6e1e9c07,success,success,success,success
inference_diagnostic,763b8f26ce16fd9c,dgp1_N50_T50_r2026080803_truth1-1-1,1,50,50,2026080803,selected_rank,B_full_mean,success,0.01955471220726076,True,122,7.344833844139607e-09,True,0.694915403957462,0.14069226113078484,46.192302078417846,328.32155590618,0.0025435998282794083,0.0504341137354411,0.1976980930273228,True,True,0.6220581289066174,0.6059450740485209,0.5922052265038902,0.6680240861674411,0.9958442614935205,,,theorem_covered,True,1ae5a43fd85e4efa8d1556283a9f25efa69dde5de4272b2d412aeb1e6e1e9c07,success,success,success,success
inference_diagnostic,763b8f26ce16fd9c,dgp1_N50_T50_r2026080803_truth1-1-1,1,50,50,2026080803,selected_rank,A_G1_fixed_time,success,0.13944608733825947,True,118,8.210370925968274e-09,True,0.37265756807621514,0.14069226113078484,46.192302078417846,328.32155590618,0.010244397880520908,0.10121461297915883,0.3967539922966232,True,True,0.3953687280382692,,,0.3953687280382692,0.7151995097301389,,,theorem_covered,True,1ae5a43fd85e4efa8d1556283a9f25efa69dde5de4272b2d412aeb1e6e1e9c07,,,,
inference_diagnostic,763b8f26ce16fd9c,dgp1_N50_T50_r2026080803_truth1-1-1,1,50,50,2026080803,selected_rank,A_G2_fixed_time,success,0.1378328990908724,True,119,7.521893894591179e-09,True,0.3709393638144411,0.14069226113078484,46.192302078417846,328.32155590618,0.010031794854542666,0.1001588481091045,0.39261547005372505,True,True,0.3906818962384852,,,0.3906818962384852,0.7072200511505439,,,theorem_covered,True,1ae5a43fd85e4efa8d1556283a9f25efa69dde5de4272b2d412aeb1e6e1e9c07,,,,
inference_diagnostic,763b8f26ce16fd9c,dgp1_N50_T50_r2026080803_truth1-1-1,1,50,50,2026080803,selected_rank,A_G2_minus_G1_fixed_time,success,0.030574335957078674,True,114,7.846468758948226e-09,True,2.4417937747222984,0.14069226113078484,46.192302078417846,328.32155590618,0.0003060943595535427,0.017495552564967553,0.06858130583392753,True,True,-0.004686831799784034,,,-0.004686831799784034,0.13804469192644286,,,weak_target_stress_outside_assumption9,False,1ae5a43fd85e4efa8d1556283a9f25efa69dde5de4272b2d412aeb1e6e1e9c07,,,,
inference_diagnostic,763b8f26ce16fd9c,dgp1_N50_T50_r2026080803_truth1-1-1,1,50,50,2026080803,selected_rank,A_G1_time_average,success,0.027812054232829692,True,119,9.804683490506791e-09,True,0.8282271905057911,0.14069226113078484,46.192302078417846,328.32155590618,0.0008331008235707819,0.028863485991314042,0.1131427860225038,True,True,0.5012293445163569,0.4905243339350655,0.497286595971094,0.5158771036429113,0.9908716102005671,,,theorem_covered,True,1ae5a43fd85e4efa8d1556283a9f25efa69dde5de4272b2d412aeb1e6e1e9c07,success,success,success,success
inference_diagnostic,763b8f26ce16fd9c,dgp1_N50_T50_r2026080803_truth1-1-1,1,50,50,2026080803,selected_rank,A_G2_time_average,success,0.027801688908185882,True,120,9.734260921629825e-09,True,0.7576915941590169,0.14069226113078484,46.192302078417846,328.32155590618,0.0008708102600436457,0.029509494405083353,0.11567509247189921,True,True,0.4952876059207925,0.4758234650562766,0.5123512380972293,0.49768811460887186,0.9906585106584685,,,theorem_covered,True,1ae5a43fd85e4efa8d1556283a9f25efa69dde5de4272b2d412aeb1e6e1e9c07,success,success,success,success
inference_diagnostic,763b8f26ce16fd9c,dgp1_N50_T50_r2026080803_truth1-1-1,1,50,50,2026080803,selected_rank,A_G2_minus_G1_time_average,success,0.03870537477199533,True,116,7.3794897862801095e-09,True,2.4807979275124445,0.14069226113078484,46.192302078417846,328.32155590618,0.0012743724452041973,0.035698353536321496,0.13993497447713643,True,True,-0.005941738595564361,-0.014700868878789006,0.015064642126135305,-0.018188989034039385,0.981583215552766,,,theorem_covered,True,1ae5a43fd85e4efa8d1556283a9f25efa69dde5de4272b2d412aeb1e6e1e9c07,success,success,success,success
inference_diagnostic,763b8f26ce16fd9c,dgp1_N50_T50_r2026080803_truth1-1-1,1,50,50,2026080803,selected_rank,B_G1_fixed_time,success,0.1093373594009408,True,116,9.337040897146354e-09,True,1.0112802159698702,0.14069226113078484,46.192302078417846,328.32155590618,0.019826138089139796,0.14080531981832148,0.551946711351108,True,True,0.507608736753546,,,0.507608736753546,0.6285469616750644,,,theorem_covered,True,1ae5a43fd85e4efa8d1556283a9f25efa69dde5de4272b2d412aeb1e6e1e9c07,,,,
inference_diagnostic,763b8f26ce16fd9c,dgp1_N50_T50_r2026080803_truth1-1-1,1,50,50,2026080803,selected_rank,B_G2_fixed_time,success,0.14292310645533549,True,119,7.674758069821147e-09,True,1.0167712643554703,0.14069226113078484,46.192302078417846,328.32155590618,0.0330067496274174,0.18167759803403774,0.7121630978889179,True,True,0.6704565286363069,,,0.6704565286363069,0.7273408040911462,,,theorem_covered,True,1ae5a43fd85e4efa8d1556283a9f25efa69dde5de4272b2d412aeb1e6e1e9c07,,,,
inference_diagnostic,763b8f26ce16fd9c,dgp1_N50_T50_r2026080803_truth1-1-1,1,50,50,2026080803,selected_rank,B_G2_minus_G1_fixed_time,success,0.04818825263576084,True,119,8.750912374592178e-09,True,0.9114270757068332,0.14069226113078484,46.192302078417846,328.32155590618,0.0043936569791625316,0.06628466624463407,0.2598311171334812,True,True,0.16284779188276086,,,0.16284779188276086,0.1762388905086105,,,weak_target_stress_outside_assumption9,False,1ae5a43fd85e4efa8d1556283a9f25efa69dde5de4272b2d412aeb1e6e1e9c07,,,,
inference_diagnostic,763b8f26ce16fd9c,dgp1_N50_T50_r2026080803_truth1-1-1,1,50,50,2026080803,selected_rank,B_G1_time_average,success,0.0262196613724413,True,120,9.09187033214106e-09,True,0.7475918219024512,0.14069226113078484,46.192302078417846,328.32155590618,0.00471353627727602,0.06865519847233725,0.2691234327144607,True,True,0.5360690112479778,0.5329627146976498,0.5011623306213162,0.5740819884249675,0.9762646610656951,,,theorem_covered,True,1ae5a43fd85e4efa8d1556283a9f25efa69dde5de4272b2d412aeb1e6e1e9c07,success,success,success,success
inference_diagnostic,763b8f26ce16fd9c,dgp1_N50_T50_r2026080803_truth1-1-1,1,50,50,2026080803,selected_rank,B_G2_time_average,success,0.026860104120195655,True,121,8.299631830106046e-09,True,0.751080043793635,0.14069226113078484,46.192302078417846,328.32155590618,0.0042816680556338705,0.06543445618047017,0.25649835492337175,True,True,0.7080472465652567,0.6789274333993921,0.6832481223864638,0.7619661839099142,0.9815700099008325,,,theorem_covered,True,1ae5a43fd85e4efa8d1556283a9f25efa69dde5de4272b2d412aeb1e6e1e9c07,success,success,success,success
inference_diagnostic,763b8f26ce16fd9c,dgp1_N50_T50_r2026080803_truth1-1-1,1,50,50,2026080803,selected_rank,B_G2_minus_G1_time_average,success,0.03589323882893981,True,113,7.142512400603323e-09,True,0.8429759689217075,0.14069226113078484,46.192302078417846,328.32155590618,0.007816009340974667,0.08840819724988554,0.3465537650957774,True,True,0.17197823531727907,0.14596471870174235,0.18208579176514753,0.18788419548494736,0.9616998386361876,,,theorem_covered,True,1ae5a43fd85e4efa8d1556283a9f25efa69dde5de4272b2d412aeb1e6e1e9c07,success,success,success,success
inference_diagnostic,763b8f26ce16fd9c,dgp2_N100_T100_r2026080801_truth1-1-1,2,100,100,2026080801,selected_rank,A_entry,success,0.12744073296524103,True,86,5.9894821990415315e-09,True,1.0575665643789471,0.2655852100532608,50.94250395760674,191.81227730034615,0.006769689149075304,0.08227812071915172,0.32252430665035237,True,True,0.4863407681993763,,,0.4863407681993763,0.14482322770350822,0.7624694075158545,1.3451637830571586,theorem_covered,True,f33c7b3e15346a6aadaa28f4bab87d43dfa3d1998d545fdadc5371cb1644f68e,,,,
inference_diagnostic,763b8f26ce16fd9c,dgp2_N100_T100_r2026080801_truth1-1-1,2,100,100,2026080801,selected_rank,B_entry,target_unsupported_selected_rank,0.0,False,0,,False,,0.2655852100532608,50.94250395760674,191.81227730034615,,,,True,False,0.0,,,0.0,0.1521041373112432,2.1334977582619286,0.18399462158465704,entry_leverage_requires_author_choice,False,f33c7b3e15346a6aadaa28f4bab87d43dfa3d1998d545fdadc5371cb1644f68e,,,,
inference_diagnostic,763b8f26ce16fd9c,dgp2_N100_T100_r2026080801_truth1-1-1,2,100,100,2026080801,selected_rank,A_fixed_time_mean,success,0.09887724514745241,True,85,8.094948098548128e-09,True,0.5272977829490743,0.2655852100532608,50.94250395760674,191.81227730034615,0.003081400694579263,0.055510365649842935,0.217596634884683,True,True,0.5483472402578113,,,0.5483472402578113,0.9946905180887403,,,theorem_covered,True,f33c7b3e15346a6aadaa28f4bab87d43dfa3d1998d545fdadc5371cb1644f68e,,,,
inference_diagnostic,763b8f26ce16fd9c,dgp2_N100_T100_r2026080801_truth1-1-1,2,100,100,2026080801,selected_rank,B_fixed_time_mean,target_unsupported_selected_rank,0.0,False,0,,False,,0.2655852100532608,50.94250395760674,191.81227730034615,,,,True,False,0.0,,,0.0,0.9432074950640152,,,theorem_covered,True,f33c7b3e15346a6aadaa28f4bab87d43dfa3d1998d545fdadc5371cb1644f68e,,,,
inference_diagnostic,763b8f26ce16fd9c,dgp2_N100_T100_r2026080801_truth1-1-1,2,100,100,2026080801,selected_rank,A_full_mean,success,0.009992568683002386,True,90,9.839041890460432e-09,True,0.9313387597885607,0.2655852100532608,50.94250395760674,191.81227730034615,0.00010586320763484532,0.010288984771824931,0.040332079180515866,True,True,0.5708565456360163,0.5688391271157177,0.5711640089076742,0.572566500884657,0.9997820307536995,,,theorem_covered,True,f33c7b3e15346a6aadaa28f4bab87d43dfa3d1998d545fdadc5371cb1644f68e,success,success,success,success
inference_diagnostic,763b8f26ce16fd9c,dgp2_N100_T100_r2026080801_truth1-1-1,2,100,100,2026080801,selected_rank,B_full_mean,target_unsupported_selected_rank,0.0,False,0,,False,,0.2655852100532608,50.94250395760674,191.81227730034615,,,,True,False,0.0,,,0.0,0.9934114380138291,,,theorem_covered,True,f33c7b3e15346a6aadaa28f4bab87d43dfa3d1998d545fdadc5371cb1644f68e,success,success,success,success
inference_diagnostic,763b8f26ce16fd9c,dgp2_N100_T100_r2026080801_truth1-1-1,2,100,100,2026080801,selected_rank,A_G1_fixed_time,success,0.09856650032895964,True,85,8.303239896288744e-09,True,0.5322648919162992,0.2655852100532608,50.94250395760674,191.81227730034615,0.003085774484379655,0.05554974783362797,0.21775101020838541,True,True,0.5441569577779355,,,0.5441569577779355,0.7021119908414016,,,theorem_covered,True,f33c7b3e15346a6aadaa28f4bab87d43dfa3d1998d545fdadc5371cb1644f68e,,,,
inference_diagnostic,763b8f26ce16fd9c,dgp2_N100_T100_r2026080801_truth1-1-1,2,100,100,2026080801,selected_rank,A_G2_fixed_time,success,0.10005779219801313,True,85,7.672600740971958e-09,True,0.5294207108613981,0.2655852100532608,50.94250395760674,191.81227730034615,0.003150484258859296,0.056129174756620964,0.22002232200986369,True,True,0.5525375227376872,,,0.5525375227376872,0.7141244679724995,,,theorem_covered,True,f33c7b3e15346a6aadaa28f4bab87d43dfa3d1998d545fdadc5371cb1644f68e,,,,
inference_diagnostic,763b8f26ce16fd9c,dgp2_N100_T100_r2026080801_truth1-1-1,2,100,100,2026080801,selected_rank,A_G2_minus_G1_fixed_time,success,0.018627804526609115,True,83,8.551595522311339e-09,True,3.8954688876695487,0.2655852100532608,50.94250395760674,191.81227730034615,0.00014691470307923187,0.012120837556837063,0.047512810147722205,True,True,0.008380564959751688,,,0.008380564959751688,0.11630037259026708,,,weak_target_stress_outside_assumption9,False,f33c7b3e15346a6aadaa28f4bab87d43dfa3d1998d545fdadc5371cb1644f68e,,,,
inference_diagnostic,763b8f26ce16fd9c,dgp2_N100_T100_r2026080801_truth1-1-1,2,100,100,2026080801,selected_rank,A_G1_time_average,success,0.01389808936177702,True,88,8.307519749333933e-09,True,1.4540973489322089,0.2655852100532608,50.94250395760674,191.81227730034615,0.0001648439596634681,0.01283915728011259,0.05032857172173183,True,True,0.5664942547260149,0.5652646065308404,0.5686325468598283,0.5655856107873758,0.9895107344133738,,,theorem_covered,True,f33c7b3e15346a6aadaa28f4bab87d43dfa3d1998d545fdadc5371cb1644f68e,success,success,success,success
inference_diagnostic,763b8f26ce16fd9c,dgp2_N100_T100_r2026080801_truth1-1-1,2,100,100,2026080801,selected_rank,A_G2_time_average,success,0.013905178011633986,True,89,9.402827223835205e-09,True,1.1801924397040429,0.2655852100532608,50.94250395760674,191.81227730034615,0.00015729403860679735,0.012541692015306282,0.04916252931038776,True,True,0.5752188365460179,0.572413647700595,0.5736954709555198,0.5795473909819391,0.9898644795127403,,,theorem_covered,True,f33c7b3e15346a6aadaa28f4bab87d43dfa3d1998d545fdadc5371cb1644f68e,success,success,success,success
inference_diagnostic,763b8f26ce16fd9c,dgp2_N100_T100_r2026080801_truth1-1-1,2,100,100,2026080801,selected_rank,A_G2_minus_G1_time_average,success,0.019329149266024557,True,83,7.731334662429186e-09,True,4.134740662097072,0.2655852100532608,50.94250395760674,191.81227730034615,0.00022082316529529358,0.014860119962345309,0.05825059986428302,True,True,0.008724581820002894,0.007149041169754573,0.005062924095691574,0.013961780194562535,0.9794891894770124,,,theorem_covered,True,f33c7b3e15346a6aadaa28f4bab87d43dfa3d1998d545fdadc5371cb1644f68e,success,success,success,success
inference_diagnostic,763b8f26ce16fd9c,dgp2_N100_T100_r2026080801_truth1-1-1,2,100,100,2026080801,selected_rank,B_G1_fixed_time,target_unsupported_selected_rank,0.0,False,0,,False,,0.2655852100532608,50.94250395760674,191.81227730034615,,,,True,False,0.0,,,0.0,0.6913900697637276,,,theorem_covered,True,f33c7b3e15346a6aadaa28f4bab87d43dfa3d1998d545fdadc5371cb1644f68e,,,,
inference_diagnostic,763b8f26ce16fd9c,dgp2_N100_T100_r2026080801_truth1-1-1,2,100,100,2026080801,selected_rank,B_G2_fixed_time,target_unsupported_selected_rank,0.0,False,0,,False,,0.2655852100532608,50.94250395760674,191.81227730034615,,,,True,False,0.0,,,0.0,0.6438889326634362,,,theorem_covered,True,f33c7b3e15346a6aadaa28f4bab87d43dfa3d1998d545fdadc5371cb1644f68e,,,,
inference_diagnostic,763b8f26ce16fd9c,dgp2_N100_T100_r2026080801_truth1-1-1,2,100,100,2026080801,selected_rank,B_G2_minus_G1_fixed_time,target_unsupported_selected_rank,0.0,False,0,,False,,0.2655852100532608,50.94250395760674,191.81227730034615,,,,True,False,0.0,,,0.0,0.05452345760695649,,,weak_target_stress_outside_assumption9,False,f33c7b3e15346a6aadaa28f4bab87d43dfa3d1998d545fdadc5371cb1644f68e,,,,
inference_diagnostic,763b8f26ce16fd9c,dgp2_N100_T100_r2026080801_truth1-1-1,2,100,100,2026080801,selected_rank,B_G1_time_average,target_unsupported_selected_rank,0.0,False,0,,False,,0.2655852100532608,50.94250395760674,191.81227730034615,,,,True,False,0.0,,,0.0,0.9684420768833923,,,theorem_covered,True,f33c7b3e15346a6aadaa28f4bab87d43dfa3d1998d545fdadc5371cb1644f68e,success,success,success,success
inference_diagnostic,763b8f26ce16fd9c,dgp2_N100_T100_r2026080801_truth1-1-1,2,100,100,2026080801,selected_rank,B_G2_time_average,target_unsupported_selected_rank,0.0,False,0,,False,,0.2655852100532608,50.94250395760674,191.81227730034615,,,,True,False,0.0,,,0.0,0.9645370300516071,,,theorem_covered,True,f33c7b3e15346a6aadaa28f4bab87d43dfa3d1998d545fdadc5371cb1644f68e,success,success,success,success
inference_diagnostic,763b8f26ce16fd9c,dgp2_N100_T100_r2026080801_truth1-1-1,2,100,100,2026080801,selected_rank,B_G2_minus_G1_time_average,target_unsupported_selected_rank,0.0,False,0,,False,,0.2655852100532608,50.94250395760674,191.81227730034615,,,,True,False,0.0,,,0.0,0.9388000071592947,,,theorem_covered,True,f33c7b3e15346a6aadaa28f4bab87d43dfa3d1998d545fdadc5371cb1644f68e,success,success,success,success
inference_diagnostic,763b8f26ce16fd9c,dgp2_N100_T100_r2026080802_truth1-1-1,2,100,100,2026080802,selected_rank,A_entry,success,0.15398484693660347,True,84,8.114502620392018e-09,True,3.6209634099142853,0.2567850618347348,40.83204660636797,159.01254658126183,0.009275218442244937,0.09630793551024203,0.37752017005096106,True,True,0.6007144947839687,,,0.6007144947839687,0.16178476212708107,1.0862161114950388,1.5480297628514117,theorem_covered,True,a1ec1f53b8750e0c44eef3a8d579c71d9474a0ee3b853e4cbfd27e9bb0fba104,,,,
inference_diagnostic,763b8f26ce16fd9c,dgp2_N100_T100_r2026080802_truth1-1-1,2,100,100,2026080802,selected_rank,B_entry,success,0.17832159987410198,True,88,8.684651947967968e-09,True,0.9530979775359049,0.2567850618347348,40.83204660636797,159.01254658126183,0.06162978395360499,0.24825346715324034,0.9731357093150967,True,True,1.324546493499209,,,1.324546493499209,0.18150096590566353,1.428711650261271,1.8925880379979394,entry_leverage_requires_author_choice,False,a1ec1f53b8750e0c44eef3a8d579c71d9474a0ee3b853e4cbfd27e9bb0fba104,,,,
inference_diagnostic,763b8f26ce16fd9c,dgp2_N100_T100_r2026080802_truth1-1-1,2,100,100,2026080802,selected_rank,A_fixed_time_mean,success,0.09880359762024801,True,81,9.785562148977422e-09,True,3.2614376888958483,0.2567850618347348,40.83204660636797,159.01254658126183,0.0041769219804612505,0.06462911093664565,0.2533414595773384,True,True,0.6898826365644328,,,0.6898826365644328,0.9964198585042462,,,theorem_covered,True,a1ec1f53b8750e0c44eef3a8d579c71d9474a0ee3b853e4cbfd27e9bb0fba104,,,,
inference_diagnostic,763b8f26ce16fd9c,dgp2_N100_T100_r2026080802_truth1-1-1,2,100,100,2026080802,selected_rank,B_fixed_time_mean,success,0.0909236994888402,True,88,8.562386091592357e-09,True,0.8328089741966186,0.2567850618347348,40.83204660636797,159.01254658126183,0.01143259261607059,0.1069233024932853,0.41913164398984193,True,True,0.9367230710664237,,,0.9367230710664237,0.9445312160324173,,,theorem_covered,True,a1ec1f53b8750e0c44eef3a8d579c71d9474a0ee3b853e4cbfd27e9bb0fba104,,,,
inference_diagnostic,763b8f26ce16fd9c,dgp2_N100_T100_r2026080802_truth1-1-1,2,100,100,2026080802,selected_rank,A_full_mean,success,0.00999321821968908,True,93,8.463307552484408e-09,True,0.9417766257041904,0.2567850618347348,40.83204660636797,159.01254658126183,0.00010060875880169232,0.010030391757139514,0.03931841318964175,True,True,0.5228418594068768,0.5219942953145413,0.523788538213142,0.5227427446929469,0.999911499783632,,,theorem_covered,True,a1ec1f53b8750e0c44eef3a8d579c71d9474a0ee3b853e4cbfd27e9bb0fba104,success,success,success,success
inference_diagnostic,763b8f26ce16fd9c,dgp2_N100_T100_r2026080802_truth1-1-1,2,100,100,2026080802,selected_rank,B_full_mean,success,0.009896204376477672,True,95,9.33275227315154e-09,True,0.8083183217905708,0.2567850618347348,40.83204660636797,159.01254658126183,0.0003836056653209324,0.019585853704164453,0.07677513573326547,True,True,0.7050578046080984,0.702267366977575,0.700672094366402,0.7122339524803183,0.9957608130773116,,,theorem_covered,True,a1ec1f53b8750e0c44eef3a8d579c71d9474a0ee3b853e4cbfd27e9bb0fba104,success,success,success,success
inference_diagnostic,763b8f26ce16fd9c,dgp2_N100_T100_r2026080802_truth1-1-1,2,100,100,2026080802,selected_rank,A_G1_fixed_time,success,0.09899944810992277,True,84,7.870851887189145e-09,True,3.2607940953080488,0.2567850618347348,40.83204660636797,159.01254658126183,0.004194503808011845,0.06476498906053985,0.25387409203557737,True,True,0.6853536649099783,,,0.6853536649099783,0.7076436818749507,,,theorem_covered,True,a1ec1f53b8750e0c44eef3a8d579c71d9474a0ee3b853e4cbfd27e9bb0fba104,,,,
inference_diagnostic,763b8f26ce16fd9c,dgp2_N100_T100_r2026080802_truth1-1-1,2,100,100,2026080802,selected_rank,A_G2_fixed_time,success,0.10026426669112119,True,81,7.373352082071357e-09,True,3.2626529075721553,0.2567850618347348,40.83204660636797,159.01254658126183,0.004309177554409243,0.0656443261402632,0.2573210300486342,True,True,0.6944116082188875,,,0.6944116082188875,0.7124501164052577,,,theorem_covered,True,a1ec1f53b8750e0c44eef3a8d579c71d9474a0ee3b853e4cbfd27e9bb0fba104,,,,
inference_diagnostic,763b8f26ce16fd9c,dgp2_N100_T100_r2026080802_truth1-1-1,2,100,100,2026080802,selected_rank,A_G2_minus_G1_fixed_time,success,0.02567146648595721,True,87,9.712112860081768e-09,True,3.2815623389737945,0.2567850618347348,40.83204660636797,159.01254658126183,0.0002996748043697713,0.017311117941073918,0.06785833539326011,True,True,0.009057943308909182,,,0.009057943308909182,0.12446772449828089,,,weak_target_stress_outside_assumption9,False,a1ec1f53b8750e0c44eef3a8d579c71d9474a0ee3b853e4cbfd27e9bb0fba104,,,,
inference_diagnostic,763b8f26ce16fd9c,dgp2_N100_T100_r2026080802_truth1-1-1,2,100,100,2026080802,selected_rank,A_G1_time_average,success,0.013935057860187944,True,93,7.636527315622015e-09,True,1.1951318492336411,0.2567850618347348,40.83204660636797,159.01254658126183,0.00017557903734789627,0.013250624036168872,0.051941491767143515,True,True,0.5194094843397086,0.5158934941419935,0.5239384082982422,0.51839655057889,0.9937994343702481,,,theorem_covered,True,a1ec1f53b8750e0c44eef3a8d579c71d9474a0ee3b853e4cbfd27e9bb0fba104,success,success,success,success
inference_diagnostic,763b8f26ce16fd9c,dgp2_N100_T100_r2026080802_truth1-1-1,2,100,100,2026080802,selected_rank,A_G2_time_average,success,0.013940212072378633,True,91,8.551831069594235e-09,True,1.4443347591153501,0.2567850618347348,40.83204660636797,159.01254658126183,0.00014957535487755425,0.012230100362529911,0.04794111247573777,True,True,0.5262742344740452,0.5280950964870892,0.5236386681280417,0.5270889388070047,0.9938844689909306,,,theorem_covered,True,a1ec1f53b8750e0c44eef3a8d579c71d9474a0ee3b853e4cbfd27e9bb0fba104,success,success,success,success
inference_diagnostic,763b8f26ce16fd9c,dgp2_N100_T100_r2026080802_truth1-1-1,2,100,100,2026080802,selected_rank,A_G2_minus_G1_time_average,success,0.01943123925111444,True,88,7.459210359536399e-09,True,3.2977354312142673,0.2567850618347348,40.83204660636797,159.01254658126183,0.00024787374807364943,0.015744006735061104,0.06171537234615162,True,True,0.006864750134336512,0.01220160234509578,-0.000299740170200586,0.008692388228114342,0.9877351092557457,,,theorem_covered,True,a1ec1f53b8750e0c44eef3a8d579c71d9474a0ee3b853e4cbfd27e9bb0fba104,success,success,success,success
inference_diagnostic,763b8f26ce16fd9c,dgp2_N100_T100_r2026080802_truth1-1-1,2,100,100,2026080802,selected_rank,B_G1_fixed_time,success,0.08495258334422316,True,88,8.795730013281973e-09,True,0.8327317094016966,0.2567850618347348,40.83204660636797,159.01254658126183,0.009974185690328532,0.09987084504663277,0.39148651879396135,True,True,0.8642868732894491,,,0.8642868732894491,0.6437362280416902,,,theorem_covered,True,a1ec1f53b8750e0c44eef3a8d579c71d9474a0ee3b853e4cbfd27e9bb0fba104,,,,
inference_diagnostic,763b8f26ce16fd9c,dgp2_N100_T100_r2026080802_truth1-1-1,2,100,100,2026080802,selected_rank,B_G2_fixed_time,success,0.09862004267278779,True,88,8.99194963415293e-09,True,0.8335333779124352,0.2567850618347348,40.83204660636797,159.01254658126183,0.01386095607501115,0.1177325616599382,0.4615031613222402,True,True,1.0091592688433986,,,1.0091592688433986,0.7061895659970103,,,theorem_covered,True,a1ec1f53b8750e0c44eef3a8d579c71d9474a0ee3b853e4cbfd27e9bb0fba104,,,,
inference_diagnostic,763b8f26ce16fd9c,dgp2_N100_T100_r2026080802_truth1-1-1,2,100,100,2026080802,selected_rank,B_G2_minus_G1_fixed_time,success,0.02858726906039916,True,93,7.494327828303207e-09,True,0.8524069280542798,0.2567850618347348,40.83204660636797,159.01254658126183,0.00193991307155508,0.044044444275698154,0.17265104899889946,True,True,0.14487239555394926,,,0.14487239555394926,0.14477850792404537,,,weak_target_stress_outside_assumption9,False,a1ec1f53b8750e0c44eef3a8d579c71d9474a0ee3b853e4cbfd27e9bb0fba104,,,,
inference_diagnostic,763b8f26ce16fd9c,dgp2_N100_T100_r2026080802_truth1-1-1,2,100,100,2026080802,selected_rank,B_G1_time_average,success,0.013592863974795415,True,95,9.580182220560925e-09,True,0.7979610593695375,0.2567850618347348,40.83204660636797,159.01254658126183,0.0007402728435079398,0.02720795551870702,0.10665322581926713,True,True,0.6505361341632265,0.641856936288165,0.6393801136769088,0.6703713525246058,0.9767631829646515,,,theorem_covered,True,a1ec1f53b8750e0c44eef3a8d579c71d9474a0ee3b853e4cbfd27e9bb0fba104,success,success,success,success
inference_diagnostic,763b8f26ce16fd9c,dgp2_N100_T100_r2026080802_truth1-1-1,2,100,100,2026080802,selected_rank,B_G2_time_average,success,0.013702408039567654,True,93,9.423532463330379e-09,True,0.8769132272777346,0.2567850618347348,40.83204660636797,159.01254658126183,0.0007355323910395763,0.02712070041572629,0.106311192100648,True,True,0.75957947505297,0.7626777976669847,0.7619640750558948,0.7540965524360305,0.9801424550421883,,,theorem_covered,True,a1ec1f53b8750e0c44eef3a8d579c71d9474a0ee3b853e4cbfd27e9bb0fba104,success,success,success,success
inference_diagnostic,763b8f26ce16fd9c,dgp2_N100_T100_r2026080802_truth1-1-1,2,100,100,2026080802,selected_rank,B_G2_minus_G1_time_average,success,0.01879639406897332,True,93,8.980421070049274e-09,True,0.8656776177296587,0.2567850618347348,40.83204660636797,159.01254658126183,0.0014171878056363468,0.037645554925334106,0.14756786366335858,True,True,0.10904334088974345,0.12082086137881992,0.1225839613789859,0.08372519991142453,0.9608360686979749,,,theorem_covered,True,a1ec1f53b8750e0c44eef3a8d579c71d9474a0ee3b853e4cbfd27e9bb0fba104,success,success,success,success
inference_diagnostic,763b8f26ce16fd9c,dgp2_N100_T100_r2026080803_truth1-1-1,2,100,100,2026080803,selected_rank,A_entry,success,0.15086596506464217,True,23,6.378777929365329e-09,True,9.774539702416908,3.145871777912822,31.799844948008225,10.10843645035855,0.008860045329247042,0.09412781379192359,0.3689742499513256,True,True,0.7178615820770787,,,0.7178615820770787,0.13934914820140726,1.0281318162679882,0.9231781827959594,theorem_covered,True,fc1f7666cba355c664da9b20846f31480d385a2190a376104b7ef2776be7ce51,,,,
inference_diagnostic,763b8f26ce16fd9c,dgp2_N100_T100_r2026080803_truth1-1-1,2,100,100,2026080803,selected_rank,B_entry,target_unsupported_selected_rank,0.0,False,0,,False,,3.145871777912822,31.799844948008225,10.10843645035855,,,,True,False,0.0,,,0.0,0.12499708287749252,0.736442833103804,0.8321122708666447,entry_leverage_requires_author_choice,False,fc1f7666cba355c664da9b20846f31480d385a2190a376104b7ef2776be7ce51,,,,
inference_diagnostic,763b8f26ce16fd9c,dgp2_N100_T100_r2026080803_truth1-1-1,2,100,100,2026080803,selected_rank,A_fixed_time_mean,success,0.09899364489052094,True,23,9.934674012587556e-09,True,13.559837280168361,3.145871777912822,31.799844948008225,10.10843645035855,0.0028263279858036696,0.05316322023545667,0.20839599392733218,True,True,0.6090364660774734,,,0.6090364660774734,0.9951673704665484,,,theorem_covered,True,fc1f7666cba355c664da9b20846f31480d385a2190a376104b7ef2776be7ce51,,,,
inference_diagnostic,763b8f26ce16fd9c,dgp2_N100_T100_r2026080803_truth1-1-1,2,100,100,2026080803,selected_rank,B_fixed_time_mean,target_unsupported_selected_rank,0.0,False,0,,False,,3.145871777912822,31.799844948008225,10.10843645035855,,,,True,False,0.0,,,0.0,0.9368690165311346,,,theorem_covered,True,fc1f7666cba355c664da9b20846f31480d385a2190a376104b7ef2776be7ce51,,,,
inference_diagnostic,763b8f26ce16fd9c,dgp2_N100_T100_r2026080803_truth1-1-1,2,100,100,2026080803,selected_rank,A_full_mean,success,0.009989898356283142,True,25,6.072527349363926e-09,True,6.0513286416101275,3.145871777912822,31.799844948008225,10.10843645035855,8.21267523211914e-05,0.009062381161769316,0.035523881382484225,True,True,0.5999843929899582,0.6022286703251725,0.5983642197677556,0.5993602888769466,0.9998157439338705,,,theorem_covered,True,fc1f7666cba355c664da9b20846f31480d385a2190a376104b7ef2776be7ce51,success,success,success,success
inference_diagnostic,763b8f26ce16fd9c,dgp2_N100_T100_r2026080803_truth1-1-1,2,100,100,2026080803,selected_rank,B_full_mean,target_unsupported_selected_rank,0.0,False,0,,False,,3.145871777912822,31.799844948008225,10.10843645035855,,,,True,False,0.0,,,0.0,0.9952068527635214,,,theorem_covered,True,fc1f7666cba355c664da9b20846f31480d385a2190a376104b7ef2776be7ce51,success,success,success,success
inference_diagnostic,763b8f26ce16fd9c,dgp2_N100_T100_r2026080803_truth1-1-1,2,100,100,2026080803,selected_rank,A_G1_fixed_time,success,0.09957166620171465,True,24,3.6662667655786095e-09,True,13.244657369487019,3.145871777912822,31.799844948008225,10.10843645035855,0.0029099506218828544,0.053943958159212366,0.21145643035118367,True,True,0.6097271306594109,,,0.6097271306594109,0.7060759268970027,,,theorem_covered,True,fc1f7666cba355c664da9b20846f31480d385a2190a376104b7ef2776be7ce51,,,,
inference_diagnostic,763b8f26ce16fd9c,dgp2_N100_T100_r2026080803_truth1-1-1,2,100,100,2026080803,selected_rank,A_G2_fixed_time,success,0.09935031294024983,True,22,7.194220716501437e-09,True,13.399935157054454,3.145871777912822,31.799844948008225,10.10843645035855,0.002852079518718096,0.053404864185934375,0.20934322080736872,True,True,0.6083458014955362,,,0.6083458014955362,0.7078476259194498,,,theorem_covered,True,fc1f7666cba355c664da9b20846f31480d385a2190a376104b7ef2776be7ce51,,,,
inference_diagnostic,763b8f26ce16fd9c,dgp2_N100_T100_r2026080803_truth1-1-1,2,100,100,2026080803,selected_rank,A_G2_minus_G1_fixed_time,success,0.019262291353321904,True,25,5.229122416260626e-09,True,6.503310279730905,3.145871777912822,31.799844948008225,10.10843645035855,0.0002187483326580533,0.014790143091196018,0.0579762955698762,True,True,-0.0013813291638746922,,,-0.0013813291638746922,0.09609048247334187,,,weak_target_stress_outside_assumption9,False,fc1f7666cba355c664da9b20846f31480d385a2190a376104b7ef2776be7ce51,,,,
inference_diagnostic,763b8f26ce16fd9c,dgp2_N100_T100_r2026080803_truth1-1-1,2,100,100,2026080803,selected_rank,A_G1_time_average,success,0.013777891080087099,True,25,4.263280072539589e-09,True,5.809075553676313,3.145871777912822,31.799844948008225,10.10843645035855,0.00014762732479516803,0.012150198549619181,0.04762790312452879,True,True,0.6006647922649345,0.6022580669383774,0.5955920413603187,0.6041442684961073,0.9903717300471583,,,theorem_covered,True,fc1f7666cba355c664da9b20846f31480d385a2190a376104b7ef2776be7ce51,success,success,success,success
inference_diagnostic,763b8f26ce16fd9c,dgp2_N100_T100_r2026080803_truth1-1-1,2,100,100,2026080803,selected_rank,A_G2_time_average,success,0.013776279716591545,True,24,5.513391222580098e-09,True,6.819690002911565,3.145871777912822,31.799844948008225,10.10843645035855,0.0001501354458216923,0.012252977018736805,0.048030787320242206,True,True,0.5993039937149816,0.6021992737119678,0.6011363981751925,0.5945763092577845,0.9904200610701352,,,theorem_covered,True,fc1f7666cba355c664da9b20846f31480d385a2190a376104b7ef2776be7ce51,success,success,success,success
inference_diagnostic,763b8f26ce16fd9c,dgp2_N100_T100_r2026080803_truth1-1-1,2,100,100,2026080803,selected_rank,A_G2_minus_G1_time_average,success,0.018974721452858168,True,25,5.231070957344622e-09,True,6.502799147094338,3.145871777912822,31.799844948008225,10.10843645035855,0.0002670185317080902,0.016340701689587574,0.06405437358740891,True,True,-0.0013607985499529047,-5.879322640963509e-05,0.005544356814873687,-0.009567959238322765,0.9808855892655046,,,theorem_covered,True,fc1f7666cba355c664da9b20846f31480d385a2190a376104b7ef2776be7ce51,success,success,success,success
inference_diagnostic,763b8f26ce16fd9c,dgp2_N100_T100_r2026080803_truth1-1-1,2,100,100,2026080803,selected_rank,B_G1_fixed_time,target_unsupported_selected_rank,0.0,False,0,,False,,3.145871777912822,31.799844948008225,10.10843645035855,,,,True,False,0.0,,,0.0,0.6660454480942601,,,theorem_covered,True,fc1f7666cba355c664da9b20846f31480d385a2190a376104b7ef2776be7ce51,,,,
inference_diagnostic,763b8f26ce16fd9c,dgp2_N100_T100_r2026080803_truth1-1-1,2,100,100,2026080803,selected_rank,B_G2_fixed_time,target_unsupported_selected_rank,0.0,False,0,,False,,3.145871777912822,31.799844948008225,10.10843645035855,,,,True,False,0.0,,,0.0,0.6651530228087942,,,theorem_covered,True,fc1f7666cba355c664da9b20846f31480d385a2190a376104b7ef2776be7ce51,,,,
inference_diagnostic,763b8f26ce16fd9c,dgp2_N100_T100_r2026080803_truth1-1-1,2,100,100,2026080803,selected_rank,B_G2_minus_G1_fixed_time,target_unsupported_selected_rank,0.0,False,0,,False,,3.145871777912822,31.799844948008225,10.10843645035855,,,,True,False,0.0,,,0.0,0.09122241250232575,,,weak_target_stress_outside_assumption9,False,fc1f7666cba355c664da9b20846f31480d385a2190a376104b7ef2776be7ce51,,,,
inference_diagnostic,763b8f26ce16fd9c,dgp2_N100_T100_r2026080803_truth1-1-1,2,100,100,2026080803,selected_rank,B_G1_time_average,target_unsupported_selected_rank,0.0,False,0,,False,,3.145871777912822,31.799844948008225,10.10843645035855,,,,True,False,0.0,,,0.0,0.9780004541445632,,,theorem_covered,True,fc1f7666cba355c664da9b20846f31480d385a2190a376104b7ef2776be7ce51,success,success,success,success
inference_diagnostic,763b8f26ce16fd9c,dgp2_N100_T100_r2026080803_truth1-1-1,2,100,100,2026080803,selected_rank,B_G2_time_average,target_unsupported_selected_rank,0.0,False,0,,False,,3.145871777912822,31.799844948008225,10.10843645035855,,,,True,False,0.0,,,0.0,0.9779529510324411,,,theorem_covered,True,fc1f7666cba355c664da9b20846f31480d385a2190a376104b7ef2776be7ce51,success,success,success,success
inference_diagnostic,763b8f26ce16fd9c,dgp2_N100_T100_r2026080803_truth1-1-1,2,100,100,2026080803,selected_rank,B_G2_minus_G1_time_average,target_unsupported_selected_rank,0.0,False,0,,False,,3.145871777912822,31.799844948008225,10.10843645035855,,,,True,False,0.0,,,0.0,0.960437495599043,,,theorem_covered,True,fc1f7666cba355c664da9b20846f31480d385a2190a376104b7ef2776be7ce51,success,success,success,success
inference_diagnostic,763b8f26ce16fd9c,dgp2_N50_T50_r2026080801_truth1-1-1,2,50,50,2026080801,selected_rank,A_entry,success,0.19166961893973086,True,75,9.787827352326566e-09,True,2.0143488071405304,0.21478434956122908,23.342105328265557,108.67693747682192,0.012551967278349426,0.11203556256095394,0.43917133521430757,True,True,0.44459422184172065,,,0.44459422184172065,0.21192544977201397,1.2594727335196132,1.0116294743205367,theorem_covered,True,ea6bb5c6a5bd97b0577eeccecf7311836d4413b7373c7e1674229a1b451a1444,,,,
inference_diagnostic,763b8f26ce16fd9c,dgp2_N50_T50_r2026080801_truth1-1-1,2,50,50,2026080801,selected_rank,B_entry,success,0.15129632068685647,True,79,9.069667223920663e-09,True,1.2912371025511884,0.21478434956122908,23.342105328265557,108.67693747682192,0.04245231040815734,0.20603958456606666,0.8076603302781709,True,True,0.4576296152749039,,,0.4576296152749039,0.13399233141485523,0.26356761206909446,0.6374900665213413,entry_leverage_requires_author_choice,False,ea6bb5c6a5bd97b0577eeccecf7311836d4413b7373c7e1674229a1b451a1444,,,,
inference_diagnostic,763b8f26ce16fd9c,dgp2_N50_T50_r2026080801_truth1-1-1,2,50,50,2026080801,selected_rank,A_fixed_time_mean,success,0.1365543686152582,True,75,8.598092183902283e-09,True,1.659350689927477,0.21478434956122908,23.342105328265557,108.67693747682192,0.007492069339785721,0.08655674057972447,0.3392961883108731,True,True,0.4171848634247418,,,0.4171848634247418,0.9948819184802621,,,theorem_covered,True,ea6bb5c6a5bd97b0577eeccecf7311836d4413b7373c7e1674229a1b451a1444,,,,
inference_diagnostic,763b8f26ce16fd9c,dgp2_N50_T50_r2026080801_truth1-1-1,2,50,50,2026080801,selected_rank,B_fixed_time_mean,success,0.12445994616022751,True,77,8.968089322762565e-09,True,1.6782990403758211,0.21478434956122908,23.342105328265557,108.67693747682192,0.010128350755602368,0.10063970764863324,0.3945004048119227,True,True,0.6032795409883838,,,0.6032795409883838,0.9103645653760949,,,theorem_covered,True,ea6bb5c6a5bd97b0577eeccecf7311836d4413b7373c7e1674229a1b451a1444,,,,
inference_diagnostic,763b8f26ce16fd9c,dgp2_N50_T50_r2026080801_truth1-1-1,2,50,50,2026080801,selected_rank,A_full_mean,success,0.01988483239668027,True,81,8.87289689497736e-09,True,0.7197280350162445,0.21478434956122908,23.342105328265557,108.67693747682192,0.0006253341298236905,0.02500668170357056,0.09802439102371004,True,True,0.4267415225322286,0.4301716673409838,0.42310500338817336,0.42694789686752854,0.9997623000962242,,,theorem_covered,True,ea6bb5c6a5bd97b0577eeccecf7311836d4413b7373c7e1674229a1b451a1444,success,success,success,success
inference_diagnostic,763b8f26ce16fd9c,dgp2_N50_T50_r2026080801_truth1-1-1,2,50,50,2026080801,selected_rank,B_full_mean,success,0.019596535276546163,True,83,9.447653306950943e-09,True,0.6225073342162027,0.21478434956122908,23.342105328265557,108.67693747682192,0.002202229206387951,0.046927915001499385,0.18395404654499142,True,True,0.6518370212365572,0.6422973210389618,0.6389515925960974,0.6742621500746124,0.991220869910268,,,theorem_covered,True,ea6bb5c6a5bd97b0577eeccecf7311836d4413b7373c7e1674229a1b451a1444,success,success,success,success
inference_diagnostic,763b8f26ce16fd9c,dgp2_N50_T50_r2026080801_truth1-1-1,2,50,50,2026080801,selected_rank,A_G1_fixed_time,success,0.13991124501013816,True,74,8.811104031707402e-09,True,1.659311330559593,0.21478434956122908,23.342105328265557,108.67693747682192,0.0076154311321257,0.08726643760418835,0.342078149526642,True,True,0.42406621853686566,,,0.42406621853686566,0.7116719567652193,,,theorem_covered,True,ea6bb5c6a5bd97b0577eeccecf7311836d4413b7373c7e1674229a1b451a1444,,,,
inference_diagnostic,763b8f26ce16fd9c,dgp2_N50_T50_r2026080801_truth1-1-1,2,50,50,2026080801,selected_rank,A_G2_fixed_time,success,0.1355206615379803,True,76,6.8036359349329e-09,True,1.6804528146301805,0.21478434956122908,23.342105328265557,108.67693747682192,0.007583361878786364,0.08708250041648072,0.34135712899999293,True,True,0.4103035083126178,,,0.4103035083126178,0.709611062085961,,,theorem_covered,True,ea6bb5c6a5bd97b0577eeccecf7311836d4413b7373c7e1674229a1b451a1444,,,,
inference_diagnostic,763b8f26ce16fd9c,dgp2_N50_T50_r2026080801_truth1-1-1,2,50,50,2026080801,selected_rank,A_G2_minus_G1_fixed_time,success,0.035967068497588,True,77,9.252840037232229e-09,True,2.571945354366729,0.21478434956122908,23.342105328265557,108.67693747682192,0.0004293087076429801,0.02071976610975568,0.08121999068642943,True,True,-0.013762710224247854,,,-0.013762710224247854,0.1422490835184347,,,weak_target_stress_outside_assumption9,False,ea6bb5c6a5bd97b0577eeccecf7311836d4413b7373c7e1674229a1b451a1444,,,,
inference_diagnostic,763b8f26ce16fd9c,dgp2_N50_T50_r2026080801_truth1-1-1,2,50,50,2026080801,selected_rank,A_G1_time_average,success,0.027030587730727494,True,79,9.446316641021505e-09,True,1.0542351439881406,0.21478434956122908,23.342105328265557,108.67693747682192,0.0009602104055460782,0.03098726198853455,0.12146783495406947,True,True,0.43378051223460173,0.4392249055579315,0.42668698864059934,0.43542964250527444,0.9884448159568924,,,theorem_covered,True,ea6bb5c6a5bd97b0577eeccecf7311836d4413b7373c7e1674229a1b451a1444,success,success,success,success
inference_diagnostic,763b8f26ce16fd9c,dgp2_N50_T50_r2026080801_truth1-1-1,2,50,50,2026080801,selected_rank,A_G2_time_average,success,0.026954531743652498,True,80,8.891052623683199e-09,True,0.8826638931433245,0.21478434956122908,23.342105328265557,108.67693747682192,0.0008285926276214672,0.028785284914717577,0.11283624343514115,True,True,0.41970253282985553,0.4211184291240361,0.41952301813574744,0.41846615122978303,0.9883758313670499,,,theorem_covered,True,ea6bb5c6a5bd97b0577eeccecf7311836d4413b7373c7e1674229a1b451a1444,success,success,success,success
inference_diagnostic,763b8f26ce16fd9c,dgp2_N50_T50_r2026080801_truth1-1-1,2,50,50,2026080801,selected_rank,A_G2_minus_G1_time_average,success,0.03650715918008399,True,78,8.299660615147458e-09,True,2.6449497647478797,0.21478434956122908,23.342105328265557,108.67693747682192,0.00107626956376517,0.032806547574610316,0.12859930340667217,True,True,-0.01407797940474627,-0.01810647643389534,-0.0071639705048519055,-0.016963491275491568,0.9769264463248379,,,theorem_covered,True,ea6bb5c6a5bd97b0577eeccecf7311836d4413b7373c7e1674229a1b451a1444,success,success,success,success
inference_diagnostic,763b8f26ce16fd9c,dgp2_N50_T50_r2026080801_truth1-1-1,2,50,50,2026080801,selected_rank,B_G1_fixed_time,success,0.13450953917593447,True,76,9.383051644397082e-09,True,1.6397366086606622,0.21478434956122908,23.342105328265557,108.67693747682192,0.011910312729538734,0.10913437922826488,0.4277989055250707,True,True,0.6476591665737432,,,0.6476591665737432,0.6887480012205011,,,theorem_covered,True,ea6bb5c6a5bd97b0577eeccecf7311836d4413b7373c7e1674229a1b451a1444,,,,
inference_diagnostic,763b8f26ce16fd9c,dgp2_N50_T50_r2026080801_truth1-1-1,2,50,50,2026080801,selected_rank,B_G2_fixed_time,success,0.11669587018374873,True,79,8.91065394755271e-09,True,1.5493516674675878,0.21478434956122908,23.342105328265557,108.67693747682192,0.009624869741553068,0.09810642049098045,0.3845701016289281,True,True,0.5588999154030242,,,0.5588999154030242,0.6086448411725679,,,theorem_covered,True,ea6bb5c6a5bd97b0577eeccecf7311836d4413b7373c7e1674229a1b451a1444,,,,
inference_diagnostic,763b8f26ce16fd9c,dgp2_N50_T50_r2026080801_truth1-1-1,2,50,50,2026080801,selected_rank,B_G2_minus_G1_fixed_time,success,0.03821480997862263,True,82,9.252007486925083e-09,True,0.7539672841652327,0.21478434956122908,23.342105328265557,108.67693747682192,0.002556961954788677,0.05056641132993993,0.1982166900682408,True,True,-0.08875925117071905,,,-0.08875925117071905,0.1267229654751231,,,weak_target_stress_outside_assumption9,False,ea6bb5c6a5bd97b0577eeccecf7311836d4413b7373c7e1674229a1b451a1444,,,,
inference_diagnostic,763b8f26ce16fd9c,dgp2_N50_T50_r2026080801_truth1-1-1,2,50,50,2026080801,selected_rank,B_G1_time_average,success,0.02687737411335471,True,82,9.155025256846187e-09,True,0.7150859421097889,0.21478434956122908,23.342105328265557,108.67693747682192,0.003930604746967794,0.06269453522411499,0.24575806213348636,True,True,0.6997887268385071,0.6867031634402998,0.6868251011289328,0.7258379159462889,0.9728000018357096,,,theorem_covered,True,ea6bb5c6a5bd97b0577eeccecf7311836d4413b7373c7e1674229a1b451a1444,success,success,success,success
inference_diagnostic,763b8f26ce16fd9c,dgp2_N50_T50_r2026080801_truth1-1-1,2,50,50,2026080801,selected_rank,B_G2_time_average,success,0.02658083570140537,True,83,7.753595523475761e-09,True,0.6050697524792943,0.21478434956122908,23.342105328265557,108.67693747682192,0.00424274704694476,0.06513637268795953,0.25532988910395826,True,True,0.6038853156346071,0.5978914786376237,0.5910780840632619,0.6226863842029358,0.9673315435057627,,,theorem_covered,True,ea6bb5c6a5bd97b0577eeccecf7311836d4413b7373c7e1674229a1b451a1444,success,success,success,success
inference_diagnostic,763b8f26ce16fd9c,dgp2_N50_T50_r2026080801_truth1-1-1,2,50,50,2026080801,selected_rank,B_G2_minus_G1_time_average,success,0.03635617350944678,True,83,7.608865995133909e-09,True,0.6990333414337037,0.21478434956122908,23.342105328265557,108.67693747682192,0.007537786745616975,0.08682042815845228,0.3403298246258273,True,True,-0.09590341120389972,-0.08881168480267597,-0.09574701706567104,-0.10315153174335215,0.9484468069887402,,,theorem_covered,True,ea6bb5c6a5bd97b0577eeccecf7311836d4413b7373c7e1674229a1b451a1444,success,success,success,success
inference_diagnostic,763b8f26ce16fd9c,dgp2_N50_T50_r2026080803_truth1-1-1,2,50,50,2026080803,selected_rank,A_entry,success,0.24177213324899477,True,116,9.835246014233676e-09,True,2.0979462691031063,0.07590398807724866,39.52424559502461,520.7136883874953,0.019073115134409714,0.13810544932916194,0.5413634135077575,True,True,0.7639029658975606,,,0.7639029658975606,0.21488136112648223,1.056752297284626,1.2789789495563035,theorem_covered,True,2dff41939d5612dda741632bc8870c036fd98bce37a1116da6ceb0fb6e4026db,,,,
inference_diagnostic,763b8f26ce16fd9c,dgp2_N50_T50_r2026080803_truth1-1-1,2,50,50,2026080803,selected_rank,B_entry,success,0.1670171502190873,True,118,9.33979609842893e-09,True,0.6834680986299064,0.07590398807724866,39.52424559502461,520.7136883874953,0.055488800394217344,0.23556060874903798,0.9233806186488904,True,True,-0.13182836010692878,,,-0.13182836010692878,0.13227419469934637,0.08262038929004151,0.7935139485046387,entry_leverage_requires_author_choice,False,2dff41939d5612dda741632bc8870c036fd98bce37a1116da6ceb0fb6e4026db,,,,
inference_diagnostic,763b8f26ce16fd9c,dgp2_N50_T50_r2026080803_truth1-1-1,2,50,50,2026080803,selected_rank,A_fixed_time_mean,success,0.1387150652161625,True,116,9.772359816199495e-09,True,1.4566482495668174,0.07590398807724866,39.52424559502461,520.7136883874953,0.011309195388666947,0.10634470080200022,0.41686356703721644,True,True,0.766993014918891,,,0.766993014918891,0.9955453797415286,,,theorem_covered,True,2dff41939d5612dda741632bc8870c036fd98bce37a1116da6ceb0fb6e4026db,,,,
inference_diagnostic,763b8f26ce16fd9c,dgp2_N50_T50_r2026080803_truth1-1-1,2,50,50,2026080803,selected_rank,B_fixed_time_mean,success,0.12393690264229457,True,122,5.9637468768019745e-09,True,1.0941121054935736,0.07590398807724866,39.52424559502461,520.7136883874953,0.012098021640251401,0.10999100708808607,0.431156825031877,True,True,0.8191089791596302,,,0.8191089791596302,0.937239803584523,,,theorem_covered,True,2dff41939d5612dda741632bc8870c036fd98bce37a1116da6ceb0fb6e4026db,,,,
inference_diagnostic,763b8f26ce16fd9c,dgp2_N50_T50_r2026080803_truth1-1-1,2,50,50,2026080803,selected_rank,A_full_mean,success,0.019951301684367578,True,120,8.986915719107989e-09,True,0.4103568724283442,0.07590398807724866,39.52424559502461,520.7136883874953,0.00047500710642800107,0.0217946577497331,0.08543348848970732,True,True,0.5068171136806242,0.5356642033124938,0.5103920444888574,0.4743950932405213,0.999839602217004,,,theorem_covered,True,2dff41939d5612dda741632bc8870c036fd98bce37a1116da6ceb0fb6e4026db,success,success,success,success
inference_diagnostic,763b8f26ce16fd9c,dgp2_N50_T50_r2026080803_truth1-1-1,2,50,50,2026080803,selected_rank,B_full_mean,success,0.019523608257845826,True,125,8.477343995318018e-09,True,0.6112862124785082,0.07590398807724866,39.52424559502461,520.7136883874953,0.002274920205931438,0.04769612359439117,0.1869653688943556,True,True,0.6257075372837757,0.5810259438383244,0.6461670159901388,0.6499296520228638,0.9958217393756686,,,theorem_covered,True,2dff41939d5612dda741632bc8870c036fd98bce37a1116da6ceb0fb6e4026db,success,success,success,success
inference_diagnostic,763b8f26ce16fd9c,dgp2_N50_T50_r2026080803_truth1-1-1,2,50,50,2026080803,selected_rank,A_G1_fixed_time,success,0.14141447641457103,True,116,9.347909638113865e-09,True,1.4749111612809245,0.07590398807724866,39.52424559502461,520.7136883874953,0.012314776669165856,0.11097196343746404,0.4350021032622504,True,True,0.7660131117582931,,,0.7660131117582931,0.7194327668131673,,,theorem_covered,True,2dff41939d5612dda741632bc8870c036fd98bce37a1116da6ceb0fb6e4026db,,,,
inference_diagnostic,763b8f26ce16fd9c,dgp2_N50_T50_r2026080803_truth1-1-1,2,50,50,2026080803,selected_rank,A_G2_fixed_time,success,0.14174724716910778,True,117,8.821867376337258e-09,True,1.4950018989343314,0.07590398807724866,39.52424559502461,520.7136883874953,0.010883666492598658,0.10432481244938166,0.40894575018936785,True,True,0.767972918079489,,,0.767972918079489,0.7065367899485444,,,theorem_covered,True,2dff41939d5612dda741632bc8870c036fd98bce37a1116da6ceb0fb6e4026db,,,,
inference_diagnostic,763b8f26ce16fd9c,dgp2_N50_T50_r2026080803_truth1-1-1,2,50,50,2026080803,selected_rank,A_G2_minus_G1_fixed_time,success,0.056685052417351965,True,116,9.604582681872565e-09,True,3.2237088243391345,0.07590398807724866,39.52424559502461,520.7136883874953,0.0011601047123731589,0.034060309927732,0.13351396152125353,True,True,0.0019598063211957147,,,0.0019598063211957147,0.1602096700905969,,,weak_target_stress_outside_assumption9,False,2dff41939d5612dda741632bc8870c036fd98bce37a1116da6ceb0fb6e4026db,,,,
inference_diagnostic,763b8f26ce16fd9c,dgp2_N50_T50_r2026080803_truth1-1-1,2,50,50,2026080803,selected_rank,A_G1_time_average,success,0.027361830880459646,True,119,9.943436035984135e-09,True,0.5943499130420539,0.07590398807724866,39.52424559502461,520.7136883874953,0.0007161172106088571,0.026760366413949885,0.10489870876887411,True,True,0.5061696088378412,0.5463841515367714,0.5086749515165914,0.4634497234601608,0.9912578980650165,,,theorem_covered,True,2dff41939d5612dda741632bc8870c036fd98bce37a1116da6ceb0fb6e4026db,success,success,success,success
inference_diagnostic,763b8f26ce16fd9c,dgp2_N50_T50_r2026080803_truth1-1-1,2,50,50,2026080803,selected_rank,A_G2_time_average,success,0.02736624933392718,True,120,8.975614193856032e-09,True,0.5862227659027246,0.07590398807724866,39.52424559502461,520.7136883874953,0.0007759486795427597,0.027855855390613294,0.10919294664831596,True,True,0.5074646185234074,0.5249442550882161,0.5121091374611237,0.4853404630208825,0.9909231312401428,,,theorem_covered,True,2dff41939d5612dda741632bc8870c036fd98bce37a1116da6ceb0fb6e4026db,success,success,success,success
inference_diagnostic,763b8f26ce16fd9c,dgp2_N50_T50_r2026080803_truth1-1-1,2,50,50,2026080803,selected_rank,A_G2_minus_G1_time_average,success,0.03745590778331899,True,116,9.931209633859739e-09,True,3.2181418327397893,0.07590398807724866,39.52424559502461,520.7136883874953,0.0010841033546771725,0.0329257248162766,0.12906646960955764,True,True,0.0012950096855660232,-0.0214398964485554,0.0034341859445324446,0.021890739560721025,0.982263529986528,,,theorem_covered,True,2dff41939d5612dda741632bc8870c036fd98bce37a1116da6ceb0fb6e4026db,success,success,success,success
inference_diagnostic,763b8f26ce16fd9c,dgp2_N50_T50_r2026080803_truth1-1-1,2,50,50,2026080803,selected_rank,B_G1_fixed_time,success,0.1115346192061807,True,122,6.7331375772030395e-09,True,1.1037214713038785,0.07590398807724866,39.52424559502461,520.7136883874953,0.01005030280765645,0.10025119853476291,0.3929774770702199,True,True,0.716736733257048,,,0.716736733257048,0.6420874681247308,,,theorem_covered,True,2dff41939d5612dda741632bc8870c036fd98bce37a1116da6ceb0fb6e4026db,,,,
inference_diagnostic,763b8f26ce16fd9c,dgp2_N50_T50_r2026080803_truth1-1-1,2,50,50,2026080803,selected_rank,B_G2_fixed_time,success,0.14086821375160605,True,121,9.447992348989053e-09,True,1.050416026848744,0.07590398807724866,39.52424559502461,520.7136883874953,0.017335588429649898,0.13166468178539717,0.5161160686706107,True,True,0.9214812250622123,,,0.9214812250622123,0.6953286745605309,,,theorem_covered,True,2dff41939d5612dda741632bc8870c036fd98bce37a1116da6ceb0fb6e4026db,,,,
inference_diagnostic,763b8f26ce16fd9c,dgp2_N50_T50_r2026080803_truth1-1-1,2,50,50,2026080803,selected_rank,B_G2_minus_G1_fixed_time,success,0.055912668580648126,True,123,9.100155977609518e-09,True,0.793827204355143,0.07590398807724866,39.52424559502461,520.7136883874953,0.006379695946233289,0.07987299885589177,0.3130964021895136,True,True,0.20474449180516438,,,0.20474449180516438,0.13168079953347683,,,weak_target_stress_outside_assumption9,False,2dff41939d5612dda741632bc8870c036fd98bce37a1116da6ceb0fb6e4026db,,,,
inference_diagnostic,763b8f26ce16fd9c,dgp2_N50_T50_r2026080803_truth1-1-1,2,50,50,2026080803,selected_rank,B_G1_time_average,success,0.026232712374801695,True,125,7.019527543208235e-09,True,0.6683686613080994,0.07590398807724866,39.52424559502461,520.7136883874953,0.0039045878644121076,0.06248670150049615,0.24494336890735482,True,True,0.5475066049296566,0.5140253738159931,0.5768876679723693,0.5516067730006073,0.9796372148299443,,,theorem_covered,True,2dff41939d5612dda741632bc8870c036fd98bce37a1116da6ceb0fb6e4026db,success,success,success,success
inference_diagnostic,763b8f26ce16fd9c,dgp2_N50_T50_r2026080803_truth1-1-1,2,50,50,2026080803,selected_rank,B_G2_time_average,success,0.02679928767892502,True,124,7.48981680646478e-09,True,0.6651812520029605,0.07590398807724866,39.52424559502461,520.7136883874953,0.004505023363248928,0.06711947082068606,0.2631034909398635,True,True,0.7039084696378948,0.6480265138606556,0.7154463640079082,0.7482525310451204,0.9821267444304683,,,theorem_covered,True,2dff41939d5612dda741632bc8870c036fd98bce37a1116da6ceb0fb6e4026db,success,success,success,success
inference_diagnostic,763b8f26ce16fd9c,dgp2_N50_T50_r2026080803_truth1-1-1,2,50,50,2026080803,selected_rank,B_G2_minus_G1_time_average,success,0.035889119794868314,True,124,7.450803532841802e-09,True,0.7628813969581373,0.07590398807724866,39.52424559502461,520.7136883874953,0.007719541640538229,0.08786092214709694,0.3444084861135752,True,True,0.15640186470823825,0.13400114004466257,0.1385586960355388,0.19664575804451337,0.9657127306772889,,,theorem_covered,True,2dff41939d5612dda741632bc8870c036fd98bce37a1116da6ceb0fb6e4026db,success,success,success,success
inference_diagnostic,763b8f26ce16fd9c,dgp3_N100_T100_r2026080801_truth1-1-1,3,100,100,2026080801,selected_rank,A_entry,success,0.14136884039117195,True,66,7.501447260040242e-09,True,0.794879253410607,0.29744995755616055,40.13807341056592,134.94059215990168,0.008773626544705409,0.09366763872707269,0.3671703968439433,True,True,0.5939468635051072,,,0.5939468635051072,0.12739689812474536,1.2252688446078808,0.4026618102833298,theorem_covered,True,83848105eb0baf3744a9e4b391f2ad6c499b34ba3cb89dbfb2b79925d013b7ab,,,,
inference_diagnostic,763b8f26ce16fd9c,dgp3_N100_T100_r2026080801_truth1-1-1,3,100,100,2026080801,selected_rank,B_entry,target_unsupported_selected_rank,0.0,False,0,,False,,0.29744995755616055,40.13807341056592,134.94059215990168,,,,True,False,0.0,,,0.0,0.15109090053538837,0.5722162145051755,1.7204746428269933,entry_leverage_requires_author_choice,False,83848105eb0baf3744a9e4b391f2ad6c499b34ba3cb89dbfb2b79925d013b7ab,,,,
inference_diagnostic,763b8f26ce16fd9c,dgp3_N100_T100_r2026080801_truth1-1-1,3,100,100,2026080801,selected_rank,A_fixed_time_mean,success,0.09923754197812613,True,66,7.770220897724607e-09,True,0.6345766002237523,0.29744995755616055,40.13807341056592,134.94059215990168,0.004453032948379933,0.06673104935770104,0.26158090678331747,True,True,0.4994422586454406,,,0.4994422586454406,0.9945214390103642,,,theorem_covered,True,83848105eb0baf3744a9e4b391f2ad6c499b34ba3cb89dbfb2b79925d013b7ab,,,,
inference_diagnostic,763b8f26ce16fd9c,dgp3_N100_T100_r2026080801_truth1-1-1,3,100,100,2026080801,selected_rank,B_fixed_time_mean,target_unsupported_selected_rank,0.0,False,0,,False,,0.29744995755616055,40.13807341056592,134.94059215990168,,,,True,False,0.0,,,0.0,0.939537878547873,,,theorem_covered,True,83848105eb0baf3744a9e4b391f2ad6c499b34ba3cb89dbfb2b79925d013b7ab,,,,
inference_diagnostic,763b8f26ce16fd9c,dgp3_N100_T100_r2026080801_truth1-1-1,3,100,100,2026080801,selected_rank,A_full_mean,success,0.009997508889371808,True,71,5.097838827786235e-09,True,1.3809081893925217,0.29744995755616055,40.13807341056592,134.94059215990168,9.541681063058625e-05,0.009768152877109687,0.038290455669232594,True,True,0.6266848750082951,0.6310458076573965,0.6247732286901253,0.6242355886773634,0.9998562196593577,,,theorem_covered,True,83848105eb0baf3744a9e4b391f2ad6c499b34ba3cb89dbfb2b79925d013b7ab,success,success,success,success
inference_diagnostic,763b8f26ce16fd9c,dgp3_N100_T100_r2026080801_truth1-1-1,3,100,100,2026080801,selected_rank,B_full_mean,target_unsupported_selected_rank,0.0,False,0,,False,,0.29744995755616055,40.13807341056592,134.94059215990168,,,,True,False,0.0,,,0.0,0.9943367995712904,,,theorem_covered,True,83848105eb0baf3744a9e4b391f2ad6c499b34ba3cb89dbfb2b79925d013b7ab,success,success,success,success
inference_diagnostic,763b8f26ce16fd9c,dgp3_N100_T100_r2026080801_truth1-1-1,3,100,100,2026080801,selected_rank,A_G1_fixed_time,success,0.10083270005885218,True,65,9.80652732189765e-09,True,0.6371579765801819,0.29744995755616055,40.13807341056592,134.94059215990168,0.004630463955651425,0.06804751248687511,0.26674134742362965,True,True,0.5059751220408936,,,0.5059751220408936,0.7035089280247588,,,theorem_covered,True,83848105eb0baf3744a9e4b391f2ad6c499b34ba3cb89dbfb2b79925d013b7ab,,,,
inference_diagnostic,763b8f26ce16fd9c,dgp3_N100_T100_r2026080801_truth1-1-1,3,100,100,2026080801,selected_rank,A_G2_fixed_time,success,0.09826079421460704,True,66,7.404024754651914e-09,True,0.6370666855609692,0.29744995755616055,40.13807341056592,134.94059215990168,0.004336516056566438,0.06585222894152055,0.258135994054133,True,True,0.4929093952499877,,,0.4929093952499877,0.7058168203577561,,,theorem_covered,True,83848105eb0baf3744a9e4b391f2ad6c499b34ba3cb89dbfb2b79925d013b7ab,,,,
inference_diagnostic,763b8f26ce16fd9c,dgp3_N100_T100_r2026080801_truth1-1-1,3,100,100,2026080801,selected_rank,A_G2_minus_G1_fixed_time,success,0.01588946853252872,True,67,6.474395105138938e-09,True,4.758250663819205,0.29744995755616055,40.13807341056592,134.94059215990168,0.0001218282305100417,0.011037582638877124,0.043266528897167464,True,True,-0.013065726790905816,,,-0.013065726790905816,0.06347679150077862,,,weak_target_stress_outside_assumption9,False,83848105eb0baf3744a9e4b391f2ad6c499b34ba3cb89dbfb2b79925d013b7ab,,,,
inference_diagnostic,763b8f26ce16fd9c,dgp3_N100_T100_r2026080801_truth1-1-1,3,100,100,2026080801,selected_rank,A_G1_time_average,success,0.014027670370241706,True,70,5.037006427019983e-09,True,2.358177435553386,0.29744995755616055,40.13807341056592,134.94059215990168,0.0001560856432159624,0.01249342399888687,0.0489733221628133,True,True,0.6348821122455472,0.6382955527901415,0.6314815890402325,0.6348691949062677,0.9933324024323239,,,theorem_covered,True,83848105eb0baf3744a9e4b391f2ad6c499b34ba3cb89dbfb2b79925d013b7ab,success,success,success,success
inference_diagnostic,763b8f26ce16fd9c,dgp3_N100_T100_r2026080801_truth1-1-1,3,100,100,2026080801,selected_rank,A_G2_time_average,success,0.014021683896711813,True,71,7.086302490308807e-09,True,1.8146577713960999,0.29744995755616055,40.13807341056592,134.94059215990168,0.00015310313738089765,0.012373485256018113,0.048503170930065745,True,True,0.6184876377710433,0.623796062524651,0.6180648683400182,0.6136019824484608,0.993375483453285,,,theorem_covered,True,83848105eb0baf3744a9e4b391f2ad6c499b34ba3cb89dbfb2b79925d013b7ab,success,success,success,success
inference_diagnostic,763b8f26ce16fd9c,dgp3_N100_T100_r2026080801_truth1-1-1,3,100,100,2026080801,selected_rank,A_G2_minus_G1_time_average,success,0.01967144058422401,True,66,9.990273613801077e-09,True,6.823722023145854,0.29744995755616055,40.13807341056592,134.94059215990168,0.00023671031846624386,0.01538539302280718,0.060309632425391814,True,True,-0.01639447447450406,-0.014499490265490444,-0.013416720700214569,-0.021267212457807168,0.9868088228509727,,,theorem_covered,True,83848105eb0baf3744a9e4b391f2ad6c499b34ba3cb89dbfb2b79925d013b7ab,success,success,success,success
inference_diagnostic,763b8f26ce16fd9c,dgp3_N100_T100_r2026080801_truth1-1-1,3,100,100,2026080801,selected_rank,B_G1_fixed_time,target_unsupported_selected_rank,0.0,False,0,,False,,0.29744995755616055,40.13807341056592,134.94059215990168,,,,True,False,0.0,,,0.0,0.6814130515844765,,,theorem_covered,True,83848105eb0baf3744a9e4b391f2ad6c499b34ba3cb89dbfb2b79925d013b7ab,,,,
inference_diagnostic,763b8f26ce16fd9c,dgp3_N100_T100_r2026080801_truth1-1-1,3,100,100,2026080801,selected_rank,B_G2_fixed_time,target_unsupported_selected_rank,0.0,False,0,,False,,0.29744995755616055,40.13807341056592,134.94059215990168,,,,True,False,0.0,,,0.0,0.6601868365807179,,,theorem_covered,True,83848105eb0baf3744a9e4b391f2ad6c499b34ba3cb89dbfb2b79925d013b7ab,,,,
inference_diagnostic,763b8f26ce16fd9c,dgp3_N100_T100_r2026080801_truth1-1-1,3,100,100,2026080801,selected_rank,B_G2_minus_G1_fixed_time,target_unsupported_selected_rank,0.0,False,0,,False,,0.29744995755616055,40.13807341056592,134.94059215990168,,,,True,False,0.0,,,0.0,0.1320567334060868,,,weak_target_stress_outside_assumption9,False,83848105eb0baf3744a9e4b391f2ad6c499b34ba3cb89dbfb2b79925d013b7ab,,,,
inference_diagnostic,763b8f26ce16fd9c,dgp3_N100_T100_r2026080801_truth1-1-1,3,100,100,2026080801,selected_rank,B_G1_time_average,target_unsupported_selected_rank,0.0,False,0,,False,,0.29744995755616055,40.13807341056592,134.94059215990168,,,,True,False,0.0,,,0.0,0.9738624853427065,,,theorem_covered,True,83848105eb0baf3744a9e4b391f2ad6c499b34ba3cb89dbfb2b79925d013b7ab,success,success,success,success
inference_diagnostic,763b8f26ce16fd9c,dgp3_N100_T100_r2026080801_truth1-1-1,3,100,100,2026080801,selected_rank,B_G2_time_average,target_unsupported_selected_rank,0.0,False,0,,False,,0.29744995755616055,40.13807341056592,134.94059215990168,,,,True,False,0.0,,,0.0,0.9724533229301909,,,theorem_covered,True,83848105eb0baf3744a9e4b391f2ad6c499b34ba3cb89dbfb2b79925d013b7ab,success,success,success,success
inference_diagnostic,763b8f26ce16fd9c,dgp3_N100_T100_r2026080801_truth1-1-1,3,100,100,2026080801,selected_rank,B_G2_minus_G1_time_average,target_unsupported_selected_rank,0.0,False,0,,False,,0.29744995755616055,40.13807341056592,134.94059215990168,,,,True,False,0.0,,,0.0,0.9515082420316547,,,theorem_covered,True,83848105eb0baf3744a9e4b391f2ad6c499b34ba3cb89dbfb2b79925d013b7ab,success,success,success,success
inference_diagnostic,763b8f26ce16fd9c,dgp3_N100_T100_r2026080802_truth1-1-1,3,100,100,2026080802,selected_rank,A_entry,success,0.13996231078205348,True,29,4.674585931018397e-09,True,5.698222667897046,3.0963543368880067,54.42949407741985,17.578574076287488,0.014119727353598798,0.11882645897946635,0.4657911600203603,True,True,0.6053939495753741,,,0.6053939495753741,0.14146327879308604,0.6764274646953793,1.333780517734372,theorem_covered,True,a76f1fbf584d2003b12bf487e5372373056e2fcc5d0eaa8b6684a4cd34e94d86,,,,
inference_diagnostic,763b8f26ce16fd9c,dgp3_N100_T100_r2026080802_truth1-1-1,3,100,100,2026080802,selected_rank,B_entry,target_unsupported_selected_rank,0.0,False,0,,False,,3.0963543368880067,54.42949407741985,17.578574076287488,,,,True,False,0.0,,,0.0,0.06600215924713224,0.30740415752142747,0.128619727396362,entry_leverage_requires_author_choice,False,a76f1fbf584d2003b12bf487e5372373056e2fcc5d0eaa8b6684a4cd34e94d86,,,,
inference_diagnostic,763b8f26ce16fd9c,dgp3_N100_T100_r2026080802_truth1-1-1,3,100,100,2026080802,selected_rank,A_fixed_time_mean,success,0.09884154600455371,True,30,6.165806817618354e-09,True,13.37540894671308,3.0963543368880067,54.42949407741985,17.578574076287488,0.0031031105930219693,0.05570557057442253,0.21836182412824476,True,True,0.8548402454631581,,,0.8548402454631581,0.9949206521952402,,,theorem_covered,True,a76f1fbf584d2003b12bf487e5372373056e2fcc5d0eaa8b6684a4cd34e94d86,,,,
inference_diagnostic,763b8f26ce16fd9c,dgp3_N100_T100_r2026080802_truth1-1-1,3,100,100,2026080802,selected_rank,B_fixed_time_mean,target_unsupported_selected_rank,0.0,False,0,,False,,3.0963543368880067,54.42949407741985,17.578574076287488,,,,True,False,0.0,,,0.0,0.9412047081653456,,,theorem_covered,True,a76f1fbf584d2003b12bf487e5372373056e2fcc5d0eaa8b6684a4cd34e94d86,,,,
inference_diagnostic,763b8f26ce16fd9c,dgp3_N100_T100_r2026080802_truth1-1-1,3,100,100,2026080802,selected_rank,A_full_mean,success,0.009989772646200256,True,32,8.990455178736408e-09,True,8.0298143709938,3.0963543368880067,54.42949407741985,17.578574076287488,6.353856090988097e-05,0.007971107884722235,0.031246168741877665,True,True,0.6720762765372734,0.6704711428428682,0.6709518300566859,0.6748058567122659,0.9998009369000059,,,theorem_covered,True,a76f1fbf584d2003b12bf487e5372373056e2fcc5d0eaa8b6684a4cd34e94d86,success,success,success,success
inference_diagnostic,763b8f26ce16fd9c,dgp3_N100_T100_r2026080802_truth1-1-1,3,100,100,2026080802,selected_rank,B_full_mean,target_unsupported_selected_rank,0.0,False,0,,False,,3.0963543368880067,54.42949407741985,17.578574076287488,,,,True,False,0.0,,,0.0,0.9954819403048166,,,theorem_covered,True,a76f1fbf584d2003b12bf487e5372373056e2fcc5d0eaa8b6684a4cd34e94d86,success,success,success,success
inference_diagnostic,763b8f26ce16fd9c,dgp3_N100_T100_r2026080802_truth1-1-1,3,100,100,2026080802,selected_rank,A_G1_fixed_time,success,0.09750511431311436,True,29,6.3987489980032945e-09,True,13.141912860748116,3.0963543368880067,54.42949407741985,17.578574076287488,0.0030388921855224503,0.05512614792929441,0.21609052909568865,True,True,0.8364275318409082,,,0.8364275318409082,0.7044966582323181,,,theorem_covered,True,a76f1fbf584d2003b12bf487e5372373056e2fcc5d0eaa8b6684a4cd34e94d86,,,,
inference_diagnostic,763b8f26ce16fd9c,dgp3_N100_T100_r2026080802_truth1-1-1,3,100,100,2026080802,selected_rank,A_G2_fixed_time,success,0.10166737719096652,True,29,9.374454432481842e-09,True,13.36197415596597,3.0963543368880067,54.42949407741985,17.578574076287488,0.003304704176691625,0.05748655648663977,0.22534316061808277,True,True,0.8732529590854078,,,0.8732529590854078,0.7119818446865639,,,theorem_covered,True,a76f1fbf584d2003b12bf487e5372373056e2fcc5d0eaa8b6684a4cd34e94d86,,,,
inference_diagnostic,763b8f26ce16fd9c,dgp3_N100_T100_r2026080802_truth1-1-1,3,100,100,2026080802,selected_rank,A_G2_minus_G1_fixed_time,success,0.02466578476201976,True,32,5.334537201766382e-09,True,8.740264305853236,3.0963543368880067,54.42949407741985,17.578574076287488,0.00027475034607637506,0.01657559489358904,0.06497513802752108,True,True,0.03682542724449946,,,0.03682542724449946,0.11561394578157659,,,weak_target_stress_outside_assumption9,False,a76f1fbf584d2003b12bf487e5372373056e2fcc5d0eaa8b6684a4cd34e94d86,,,,
inference_diagnostic,763b8f26ce16fd9c,dgp3_N100_T100_r2026080802_truth1-1-1,3,100,100,2026080802,selected_rank,A_G1_time_average,success,0.013808957986820773,True,31,5.097927304807728e-09,True,7.577829483401421,3.0963543368880067,54.42949407741985,17.578574076287488,0.00011858391082579409,0.010889623998366247,0.042686541683961805,True,True,0.6576001822285829,0.6547118254371772,0.6570361050988319,0.6610526161497395,0.9900565502038985,,,theorem_covered,True,a76f1fbf584d2003b12bf487e5372373056e2fcc5d0eaa8b6684a4cd34e94d86,success,success,success,success
inference_diagnostic,763b8f26ce16fd9c,dgp3_N100_T100_r2026080802_truth1-1-1,3,100,100,2026080802,selected_rank,A_G2_time_average,success,0.013835573499706984,True,31,4.728590838071276e-09,True,9.37006610217485,3.0963543368880067,54.42949407741985,17.578574076287488,0.0001028135414360931,0.010139701249844252,0.03974689852738101,True,True,0.6865523708459635,0.6862304602485594,0.6848675550145396,0.6885590972747917,0.9902668895092186,,,theorem_covered,True,a76f1fbf584d2003b12bf487e5372373056e2fcc5d0eaa8b6684a4cd34e94d86,success,success,success,success
inference_diagnostic,763b8f26ce16fd9c,dgp3_N100_T100_r2026080802_truth1-1-1,3,100,100,2026080802,selected_rank,A_G2_minus_G1_time_average,success,0.01910598334041113,True,32,5.340322873019056e-09,True,8.6654959122249,3.0963543368880067,54.42949407741985,17.578574076287488,0.00018864066110112763,0.013734651837637809,0.05383884588393395,True,True,0.02895218861738083,0.03151863481138231,0.027831449915707778,0.027506481125052402,0.9804277493185211,,,theorem_covered,True,a76f1fbf584d2003b12bf487e5372373056e2fcc5d0eaa8b6684a4cd34e94d86,success,success,success,success
inference_diagnostic,763b8f26ce16fd9c,dgp3_N100_T100_r2026080802_truth1-1-1,3,100,100,2026080802,selected_rank,B_G1_fixed_time,target_unsupported_selected_rank,0.0,False,0,,False,,3.0963543368880067,54.42949407741985,17.578574076287488,,,,True,False,0.0,,,0.0,0.6230436459851186,,,theorem_covered,True,a76f1fbf584d2003b12bf487e5372373056e2fcc5d0eaa8b6684a4cd34e94d86,,,,
inference_diagnostic,763b8f26ce16fd9c,dgp3_N100_T100_r2026080802_truth1-1-1,3,100,100,2026080802,selected_rank,B_G2_fixed_time,target_unsupported_selected_rank,0.0,False,0,,False,,3.0963543368880067,54.42949407741985,17.578574076287488,,,,True,False,0.0,,,0.0,0.7089948570051617,,,theorem_covered,True,a76f1fbf584d2003b12bf487e5372373056e2fcc5d0eaa8b6684a4cd34e94d86,,,,
inference_diagnostic,763b8f26ce16fd9c,dgp3_N100_T100_r2026080802_truth1-1-1,3,100,100,2026080802,selected_rank,B_G2_minus_G1_fixed_time,target_unsupported_selected_rank,0.0,False,0,,False,,3.0963543368880067,54.42949407741985,17.578574076287488,,,,True,False,0.0,,,0.0,0.07064551924634835,,,weak_target_stress_outside_assumption9,False,a76f1fbf584d2003b12bf487e5372373056e2fcc5d0eaa8b6684a4cd34e94d86,,,,
inference_diagnostic,763b8f26ce16fd9c,dgp3_N100_T100_r2026080802_truth1-1-1,3,100,100,2026080802,selected_rank,B_G1_time_average,target_unsupported_selected_rank,0.0,False,0,,False,,3.0963543368880067,54.42949407741985,17.578574076287488,,,,True,False,0.0,,,0.0,0.9755363005346946,,,theorem_covered,True,a76f1fbf584d2003b12bf487e5372373056e2fcc5d0eaa8b6684a4cd34e94d86,success,success,success,success
inference_diagnostic,763b8f26ce16fd9c,dgp3_N100_T100_r2026080802_truth1-1-1,3,100,100,2026080802,selected_rank,B_G2_time_average,target_unsupported_selected_rank,0.0,False,0,,False,,3.0963543368880067,54.42949407741985,17.578574076287488,,,,True,False,0.0,,,0.0,0.9801606760627767,,,theorem_covered,True,a76f1fbf584d2003b12bf487e5372373056e2fcc5d0eaa8b6684a4cd34e94d86,success,success,success,success
inference_diagnostic,763b8f26ce16fd9c,dgp3_N100_T100_r2026080802_truth1-1-1,3,100,100,2026080802,selected_rank,B_G2_minus_G1_time_average,target_unsupported_selected_rank,0.0,False,0,,False,,3.0963543368880067,54.42949407741985,17.578574076287488,,,,True,False,0.0,,,0.0,0.9598967293869264,,,theorem_covered,True,a76f1fbf584d2003b12bf487e5372373056e2fcc5d0eaa8b6684a4cd34e94d86,success,success,success,success
inference_diagnostic,763b8f26ce16fd9c,dgp3_N100_T100_r2026080803_truth1-1-1,3,100,100,2026080803,selected_rank,A_entry,success,0.1321641437042935,True,76,9.095108694453272e-09,True,1.0107853589569133,0.26272285523141004,51.264377746067744,195.12721000581905,0.010194961268934665,0.10097010086622012,0.39579552242633587,True,True,0.5144230327622814,,,0.5144230327622814,0.11977842483257167,0.7326166328544903,0.7072519178692046,theorem_covered,True,c1d3d6b2b3aa9fe1cd0d7209e67d1943514ad3e1ba64bb2af8205f6b77dd53eb,,,,
inference_diagnostic,763b8f26ce16fd9c,dgp3_N100_T100_r2026080803_truth1-1-1,3,100,100,2026080803,selected_rank,B_entry,target_unsupported_selected_rank,0.0,False,0,,False,,0.26272285523141004,51.264377746067744,195.12721000581905,,,,True,False,0.0,,,0.0,0.18599105769159505,1.3673221834688454,2.120945326604894,entry_leverage_requires_author_choice,False,c1d3d6b2b3aa9fe1cd0d7209e67d1943514ad3e1ba64bb2af8205f6b77dd53eb,,,,
inference_diagnostic,763b8f26ce16fd9c,dgp3_N100_T100_r2026080803_truth1-1-1,3,100,100,2026080803,selected_rank,A_fixed_time_mean,success,0.09904860510893386,True,76,9.538959757690301e-09,True,0.8099465350471216,0.26272285523141004,51.264377746067744,195.12721000581905,0.0064329235820154915,0.08020550842688731,0.3143998157568459,True,True,0.473295564803244,,,0.473295564803244,0.9941032833593743,,,theorem_covered,True,c1d3d6b2b3aa9fe1cd0d7209e67d1943514ad3e1ba64bb2af8205f6b77dd53eb,,,,
inference_diagnostic,763b8f26ce16fd9c,dgp3_N100_T100_r2026080803_truth1-1-1,3,100,100,2026080803,selected_rank,B_fixed_time_mean,target_unsupported_selected_rank,0.0,False,0,,False,,0.26272285523141004,51.264377746067744,195.12721000581905,,,,True,False,0.0,,,0.0,0.924045817459054,,,theorem_covered,True,c1d3d6b2b3aa9fe1cd0d7209e67d1943514ad3e1ba64bb2af8205f6b77dd53eb,,,,
inference_diagnostic,763b8f26ce16fd9c,dgp3_N100_T100_r2026080803_truth1-1-1,3,100,100,2026080803,selected_rank,A_full_mean,success,0.009995289990843722,True,87,5.787668725714165e-09,True,1.0987792370453446,0.26272285523141004,51.264377746067744,195.12721000581905,0.00010590034122708082,0.010290789145011223,0.040339152193435465,True,True,0.5983301904669464,0.5956205639531901,0.5997849011959011,0.5995851062517477,0.9998217692918603,,,theorem_covered,True,c1d3d6b2b3aa9fe1cd0d7209e67d1943514ad3e1ba64bb2af8205f6b77dd53eb,success,success,success,success
inference_diagnostic,763b8f26ce16fd9c,dgp3_N100_T100_r2026080803_truth1-1-1,3,100,100,2026080803,selected_rank,B_full_mean,target_unsupported_selected_rank,0.0,False,0,,False,,0.26272285523141004,51.264377746067744,195.12721000581905,,,,True,False,0.0,,,0.0,0.9926001125458104,,,theorem_covered,True,c1d3d6b2b3aa9fe1cd0d7209e67d1943514ad3e1ba64bb2af8205f6b77dd53eb,success,success,success,success
inference_diagnostic,763b8f26ce16fd9c,dgp3_N100_T100_r2026080803_truth1-1-1,3,100,100,2026080803,selected_rank,A_G1_fixed_time,success,0.09937863118292121,True,76,9.325710291769056e-09,True,0.8139078496241721,0.26272285523141004,51.264377746067744,195.12721000581905,0.006479437425671954,0.08049495279625893,0.31553441683583844,True,True,0.47344132517154436,,,0.47344132517154436,0.6907037151160362,,,theorem_covered,True,c1d3d6b2b3aa9fe1cd0d7209e67d1943514ad3e1ba64bb2af8205f6b77dd53eb,,,,
inference_diagnostic,763b8f26ce16fd9c,dgp3_N100_T100_r2026080803_truth1-1-1,3,100,100,2026080803,selected_rank,A_G2_fixed_time,success,0.09931817623801219,True,75,9.467607471070597e-09,True,0.8119006279219134,0.26272285523141004,51.264377746067744,195.12721000581905,0.006440798337404113,0.08025458452577094,0.3145921905294732,True,True,0.47314980443494364,,,0.47314980443494364,0.7201967987343215,,,theorem_covered,True,c1d3d6b2b3aa9fe1cd0d7209e67d1943514ad3e1ba64bb2af8205f6b77dd53eb,,,,
inference_diagnostic,763b8f26ce16fd9c,dgp3_N100_T100_r2026080803_truth1-1-1,3,100,100,2026080803,selected_rank,A_G2_minus_G1_fixed_time,success,0.015424663301666688,True,82,5.954068535313386e-09,True,5.799101565135942,0.26272285523141004,51.264377746067744,195.12721000581905,0.00010877718438309876,0.010429630117271597,0.04088339880385318,True,True,-0.0002915207366007075,,,-0.0002915207366007075,0.08668167624343277,,,weak_target_stress_outside_assumption9,False,c1d3d6b2b3aa9fe1cd0d7209e67d1943514ad3e1ba64bb2af8205f6b77dd53eb,,,,
inference_diagnostic,763b8f26ce16fd9c,dgp3_N100_T100_r2026080803_truth1-1-1,3,100,100,2026080803,selected_rank,A_G1_time_average,success,0.013962996190405587,True,86,7.355375491631292e-09,True,1.7113807188731063,0.26272285523141004,51.264377746067744,195.12721000581905,0.00015481785091240268,0.012442582164181303,0.04877402583295159,True,True,0.5985144576255959,0.5962458165156466,0.600835961984253,0.598461594376888,0.9920428149337922,,,theorem_covered,True,c1d3d6b2b3aa9fe1cd0d7209e67d1943514ad3e1ba64bb2af8205f6b77dd53eb,success,success,success,success
inference_diagnostic,763b8f26ce16fd9c,dgp3_N100_T100_r2026080803_truth1-1-1,3,100,100,2026080803,selected_rank,A_G2_time_average,success,0.013962782272599707,True,86,7.900149836599903e-09,True,1.501331655343527,0.26272285523141004,51.264377746067744,195.12721000581905,0.00017061362055932977,0.01306191488868802,0.05120176550191206,True,True,0.5981459233082969,0.5949953113907336,0.5987338404075491,0.6007086181266079,0.992678340449521,,,theorem_covered,True,c1d3d6b2b3aa9fe1cd0d7209e67d1943514ad3e1ba64bb2af8205f6b77dd53eb,success,success,success,success
inference_diagnostic,763b8f26ce16fd9c,dgp3_N100_T100_r2026080803_truth1-1-1,3,100,100,2026080803,selected_rank,A_G2_minus_G1_time_average,success,0.019499379856968993,True,81,9.374889959359871e-09,True,5.79281434030845,0.26272285523141004,51.264377746067744,195.12721000581905,0.0002272615780731133,0.015075197447234756,0.05909368811282057,True,True,-0.0003685343172987115,-0.0012505051249128152,-0.0021021215767040944,0.002247023749720775,0.9848429640858865,,,theorem_covered,True,c1d3d6b2b3aa9fe1cd0d7209e67d1943514ad3e1ba64bb2af8205f6b77dd53eb,success,success,success,success
inference_diagnostic,763b8f26ce16fd9c,dgp3_N100_T100_r2026080803_truth1-1-1,3,100,100,2026080803,selected_rank,B_G1_fixed_time,target_unsupported_selected_rank,0.0,False,0,,False,,0.26272285523141004,51.264377746067744,195.12721000581905,,,,True,False,0.0,,,0.0,0.681590867937948,,,theorem_covered,True,c1d3d6b2b3aa9fe1cd0d7209e67d1943514ad3e1ba64bb2af8205f6b77dd53eb,,,,
inference_diagnostic,763b8f26ce16fd9c,dgp3_N100_T100_r2026080803_truth1-1-1,3,100,100,2026080803,selected_rank,B_G2_fixed_time,target_unsupported_selected_rank,0.0,False,0,,False,,0.26272285523141004,51.264377746067744,195.12721000581905,,,,True,False,0.0,,,0.0,0.6413689765253615,,,theorem_covered,True,c1d3d6b2b3aa9fe1cd0d7209e67d1943514ad3e1ba64bb2af8205f6b77dd53eb,,,,
inference_diagnostic,763b8f26ce16fd9c,dgp3_N100_T100_r2026080803_truth1-1-1,3,100,100,2026080803,selected_rank,B_G2_minus_G1_fixed_time,target_unsupported_selected_rank,0.0,False,0,,False,,0.26272285523141004,51.264377746067744,195.12721000581905,,,,True,False,0.0,,,0.0,0.14852475397059026,,,weak_target_stress_outside_assumption9,False,c1d3d6b2b3aa9fe1cd0d7209e67d1943514ad3e1ba64bb2af8205f6b77dd53eb,,,,
inference_diagnostic,763b8f26ce16fd9c,dgp3_N100_T100_r2026080803_truth1-1-1,3,100,100,2026080803,selected_rank,B_G1_time_average,target_unsupported_selected_rank,0.0,False,0,,False,,0.26272285523141004,51.264377746067744,195.12721000581905,,,,True,False,0.0,,,0.0,0.972613149397596,,,theorem_covered,True,c1d3d6b2b3aa9fe1cd0d7209e67d1943514ad3e1ba64bb2af8205f6b77dd53eb,success,success,success,success
inference_diagnostic,763b8f26ce16fd9c,dgp3_N100_T100_r2026080803_truth1-1-1,3,100,100,2026080803,selected_rank,B_G2_time_average,target_unsupported_selected_rank,0.0,False,0,,False,,0.26272285523141004,51.264377746067744,195.12721000581905,,,,True,False,0.0,,,0.0,0.9698491705837669,,,theorem_covered,True,c1d3d6b2b3aa9fe1cd0d7209e67d1943514ad3e1ba64bb2af8205f6b77dd53eb,success,success,success,success
inference_diagnostic,763b8f26ce16fd9c,dgp3_N100_T100_r2026080803_truth1-1-1,3,100,100,2026080803,selected_rank,B_G2_minus_G1_time_average,target_unsupported_selected_rank,0.0,False,0,,False,,0.26272285523141004,51.264377746067744,195.12721000581905,,,,True,False,0.0,,,0.0,0.9493833623132328,,,theorem_covered,True,c1d3d6b2b3aa9fe1cd0d7209e67d1943514ad3e1ba64bb2af8205f6b77dd53eb,success,success,success,success
inference_diagnostic,763b8f26ce16fd9c,dgp3_N50_T50_r2026080802_truth1-1-1,3,50,50,2026080802,selected_rank,A_entry,success,0.21329610299720947,True,97,7.906738347826531e-09,True,1.5498002003590656,0.21783309419908425,55.21071330646134,253.45420313408667,0.0145454879085531,0.12060467614712582,0.4727616432309671,True,True,0.5657893236694616,,,0.5657893236694616,0.2030415470454173,1.1402356785770147,0.9425524514339083,theorem_covered,True,1610ea6b183c05332889e561cf20294744f1200028f4ab50120654917d586337,,,,
inference_diagnostic,763b8f26ce16fd9c,dgp3_N50_T50_r2026080802_truth1-1-1,3,50,50,2026080802,selected_rank,B_entry,success,0.19439803293052163,True,100,9.030978564146658e-09,True,0.9127756531104493,0.21783309419908425,55.21071330646134,253.45420313408667,0.06097118954389865,0.24692344875264205,0.9679221329872003,True,True,0.42816528150384847,,,0.42816528150384847,0.13596257306895052,0.5706055293735167,0.3577684272595602,entry_leverage_requires_author_choice,False,1610ea6b183c05332889e561cf20294744f1200028f4ab50120654917d586337,,,,
inference_diagnostic,763b8f26ce16fd9c,dgp3_N50_T50_r2026080802_truth1-1-1,3,50,50,2026080802,selected_rank,A_fixed_time_mean,success,0.13635988727898676,True,96,8.339328199688694e-09,True,1.0944587102062724,0.21783309419908425,55.21071330646134,253.45420313408667,0.0060162547295796965,0.07756451978565777,0.30404733051606736,True,True,0.43636760931307256,,,0.43636760931307256,0.9955742913967243,,,theorem_covered,True,1610ea6b183c05332889e561cf20294744f1200028f4ab50120654917d586337,,,,
inference_diagnostic,763b8f26ce16fd9c,dgp3_N50_T50_r2026080802_truth1-1-1,3,50,50,2026080802,selected_rank,B_fixed_time_mean,success,0.11491914724803265,True,104,7.236796897197452e-09,True,0.3946189652897997,0.21783309419908425,55.21071330646134,253.45420313408667,0.11865523499158172,0.34446369183352504,1.350272859950826,True,True,1.0098117652737766,,,1.0098117652737766,0.9433166062843186,,,theorem_covered,True,1610ea6b183c05332889e561cf20294744f1200028f4ab50120654917d586337,,,,
inference_diagnostic,763b8f26ce16fd9c,dgp3_N50_T50_r2026080802_truth1-1-1,3,50,50,2026080802,selected_rank,A_full_mean,success,0.019907979188913055,True,100,9.471179698920085e-09,True,0.8746352750874573,0.21783309419908425,55.21071330646134,253.45420313408667,0.000818066471212821,0.028601861324270856,0.11211723617275995,True,True,0.4746097180515119,0.48138258104384624,0.49275688396550854,0.44968968914518104,0.9998122511631791,,,theorem_covered,True,1610ea6b183c05332889e561cf20294744f1200028f4ab50120654917d586337,success,success,success,success
inference_diagnostic,763b8f26ce16fd9c,dgp3_N50_T50_r2026080802_truth1-1-1,3,50,50,2026080802,selected_rank,B_full_mean,success,0.019071905644968544,True,105,6.557002564396368e-09,True,0.5620882507731587,0.21783309419908425,55.21071330646134,253.45420313408667,0.004829082329418769,0.06949159898447271,0.27240206247533344,True,True,0.6527526476500549,0.611224104387428,0.5739980271614049,0.7730358114013318,0.9930633440608025,,,theorem_covered,True,1610ea6b183c05332889e561cf20294744f1200028f4ab50120654917d586337,success,success,success,success
inference_diagnostic,763b8f26ce16fd9c,dgp3_N50_T50_r2026080802_truth1-1-1,3,50,50,2026080802,selected_rank,A_G1_fixed_time,success,0.13162706554395853,True,96,8.66607835192607e-09,True,1.1051724243931067,0.21783309419908425,55.21071330646134,253.45420313408667,0.005622772798720116,0.07498515052142068,0.29393638879459877,True,True,0.417316538901753,,,0.417316538901753,0.7001300933961797,,,theorem_covered,True,1610ea6b183c05332889e561cf20294744f1200028f4ab50120654917d586337,,,,
inference_diagnostic,763b8f26ce16fd9c,dgp3_N50_T50_r2026080802_truth1-1-1,3,50,50,2026080802,selected_rank,A_G2_fixed_time,success,0.14325280508249766,True,96,8.790993672776449e-09,True,1.100447170487066,0.21783309419908425,55.21071330646134,253.45420313408667,0.006675761150757213,0.08170533122604187,0.32027901309591583,True,True,0.4554186797243921,,,0.4554186797243921,0.7211565013385651,,,theorem_covered,True,1610ea6b183c05332889e561cf20294744f1200028f4ab50120654917d586337,,,,
inference_diagnostic,763b8f26ce16fd9c,dgp3_N50_T50_r2026080802_truth1-1-1,3,50,50,2026080802,selected_rank,A_G2_minus_G1_fixed_time,success,0.036304623128237797,True,98,9.80349459204323e-09,True,2.272431967043277,0.21783309419908425,55.21071330646134,253.45420313408667,0.0005320489747182016,0.023066186826569354,0.09041779088149635,True,True,0.03810214082263906,,,0.03810214082263906,0.13813282525067308,,,weak_target_stress_outside_assumption9,False,1610ea6b183c05332889e561cf20294744f1200028f4ab50120654917d586337,,,,
inference_diagnostic,763b8f26ce16fd9c,dgp3_N50_T50_r2026080802_truth1-1-1,3,50,50,2026080802,selected_rank,A_G1_time_average,success,0.02721719355535293,True,100,6.5480937250797764e-09,True,1.1622566279508961,0.21783309419908425,55.21071330646134,253.45420313408667,0.001196960371088934,0.03459711506887437,0.1356181990079635,True,True,0.4538890619727313,0.44411709946757805,0.4606169643956655,0.45693312205495035,0.989103843153714,,,theorem_covered,True,1610ea6b183c05332889e561cf20294744f1200028f4ab50120654917d586337,success,success,success,success
inference_diagnostic,763b8f26ce16fd9c,dgp3_N50_T50_r2026080802_truth1-1-1,3,50,50,2026080802,selected_rank,A_G2_time_average,success,0.02737010437907187,True,100,7.610954591115878e-09,True,1.153164642935081,0.21783309419908425,55.21071330646134,253.45420313408667,0.001203821700926451,0.03469613380373166,0.13600634531619354,True,True,0.49533037413029235,0.5186480626201144,0.5248968035353516,0.442446256235411,0.9897458648405426,,,theorem_covered,True,1610ea6b183c05332889e561cf20294744f1200028f4ab50120654917d586337,success,success,success,success
inference_diagnostic,763b8f26ce16fd9c,dgp3_N50_T50_r2026080802_truth1-1-1,3,50,50,2026080802,selected_rank,A_G2_minus_G1_time_average,success,0.037342816390262906,True,97,9.300488053565231e-09,True,2.7901554589232096,0.21783309419908425,55.21071330646134,253.45420313408667,0.0015292982475940827,0.03910624307695745,0.15329365600301087,True,True,0.04144131215756114,0.07453096315253646,0.0642798391396862,-0.014486865819539244,0.9789273476282212,,,theorem_covered,True,1610ea6b183c05332889e561cf20294744f1200028f4ab50120654917d586337,success,success,success,success
inference_diagnostic,763b8f26ce16fd9c,dgp3_N50_T50_r2026080802_truth1-1-1,3,50,50,2026080802,selected_rank,B_G1_fixed_time,success,0.11299258153063113,True,103,9.455889628667148e-09,True,0.39653196116667366,0.21783309419908425,55.21071330646134,253.45420313408667,0.11288654145030438,0.33598592448241693,1.317040622595863,True,True,0.9622237068531246,,,0.9622237068531246,0.6842748368086674,,,theorem_covered,True,1610ea6b183c05332889e561cf20294744f1200028f4ab50120654917d586337,,,,
inference_diagnostic,763b8f26ce16fd9c,dgp3_N50_T50_r2026080802_truth1-1-1,3,50,50,2026080802,selected_rank,B_G2_fixed_time,success,0.12297464787362478,True,104,9.677049131639212e-09,True,0.3989401206057167,0.21783309419908425,55.21071330646134,253.45420313408667,0.13087184809924077,0.3617621429879594,1.4180815424528592,True,True,1.0573998236944289,,,1.0573998236944289,0.6551343427736182,,,theorem_covered,True,1610ea6b183c05332889e561cf20294744f1200028f4ab50120654917d586337,,,,
inference_diagnostic,763b8f26ce16fd9c,dgp3_N50_T50_r2026080802_truth1-1-1,3,50,50,2026080802,selected_rank,B_G2_minus_G1_fixed_time,success,0.05435561962057483,True,104,7.488514986080596e-09,True,0.6056317668958855,0.21783309419908425,55.21071330646134,253.45420313408667,0.01289583912037306,0.11355984818752207,0.44514642507475877,True,True,0.09517611684130424,,,0.09517611684130424,0.08710246655051779,,,weak_target_stress_outside_assumption9,False,1610ea6b183c05332889e561cf20294744f1200028f4ab50120654917d586337,,,,
inference_diagnostic,763b8f26ce16fd9c,dgp3_N50_T50_r2026080802_truth1-1-1,3,50,50,2026080802,selected_rank,B_G1_time_average,success,0.025585915122863744,True,104,7.170235153328082e-09,True,0.5399359597620383,0.21783309419908425,55.21071330646134,253.45420313408667,0.008566572384290459,0.09255577985350487,0.36281199014777493,True,True,0.6219912402285594,0.6047729223910452,0.605887877526934,0.6553129207676992,0.9660532080162703,,,theorem_covered,True,1610ea6b183c05332889e561cf20294744f1200028f4ab50120654917d586337,success,success,success,success
inference_diagnostic,763b8f26ce16fd9c,dgp3_N50_T50_r2026080802_truth1-1-1,3,50,50,2026080802,selected_rank,B_G2_time_average,success,0.025830442928916935,True,104,8.792770624172275e-09,True,0.6550195749157472,0.21783309419908425,55.21071330646134,253.45420313408667,0.01042340435016644,0.10209507505343458,0.40020534020729104,True,True,0.6835140550715503,0.617675286383811,0.5421081767958759,0.890758702034964,0.9635144458322578,,,theorem_covered,True,1610ea6b183c05332889e561cf20294744f1200028f4ab50120654917d586337,success,success,success,success
inference_diagnostic,763b8f26ce16fd9c,dgp3_N50_T50_r2026080802_truth1-1-1,3,50,50,2026080802,selected_rank,B_G2_minus_G1_time_average,success,0.034478273295432196,True,104,8.32461852022919e-09,True,0.6317924321205729,0.21783309419908425,55.21071330646134,253.45420313408667,0.018663624095106884,0.1366148750872572,0.5355204698469248,True,True,0.061522814842990825,0.01290236399276578,-0.06377970073105813,0.23544578126726481,0.9356516887863525,,,theorem_covered,True,1610ea6b183c05332889e561cf20294744f1200028f4ab50120654917d586337,success,success,success,success
inference_diagnostic,763b8f26ce16fd9c,dgp3_N50_T50_r2026080803_truth1-1-1,3,50,50,2026080803,selected_rank,A_entry,success,0.1508357722959695,True,92,8.906143049449533e-09,True,0.3668887885966752,0.2554935987954692,47.39898676333397,185.51927322953551,0.033767195741624886,0.1837585256297647,0.7203201841730384,True,True,0.21957124919506454,,,0.21957124919506454,0.17653137720489903,1.171228612905586,0.3962190046927949,theorem_covered,True,56b0996f0bf529b119f4e6c1fc9bd1f8d1960b5ae5d5911463c453f7f0ecef75,,,,
inference_diagnostic,763b8f26ce16fd9c,dgp3_N50_T50_r2026080803_truth1-1-1,3,50,50,2026080803,selected_rank,B_entry,success,0.2649368977636792,True,96,8.690119782361592e-09,True,0.4321813093626064,0.2554935987954692,47.39898676333397,185.51927322953551,0.8015712215496529,0.8953050997004612,3.5095315011758927,True,True,1.2376851461942244,,,1.2376851461942244,0.2232249974651818,1.230072361254867,1.2932125127960414,entry_leverage_requires_author_choice,False,56b0996f0bf529b119f4e6c1fc9bd1f8d1960b5ae5d5911463c453f7f0ecef75,,,,
inference_diagnostic,763b8f26ce16fd9c,dgp3_N50_T50_r2026080803_truth1-1-1,3,50,50,2026080803,selected_rank,A_fixed_time_mean,success,0.13877881661482416,True,89,9.845048327170592e-09,True,0.35426252143013875,0.2554935987954692,47.39898676333397,185.51927322953551,0.03329415047726472,0.18246684761146262,0.7152568993820503,True,True,0.2197196191416154,,,0.2197196191416154,0.9937148969292802,,,theorem_covered,True,56b0996f0bf529b119f4e6c1fc9bd1f8d1960b5ae5d5911463c453f7f0ecef75,,,,
inference_diagnostic,763b8f26ce16fd9c,dgp3_N50_T50_r2026080803_truth1-1-1,3,50,50,2026080803,selected_rank,B_fixed_time_mean,success,0.1164382029571259,True,96,7.994446616093693e-09,True,0.42617383213553023,0.2554935987954692,47.39898676333397,185.51927322953551,0.16081289660218068,0.40101483339420335,1.5719492614379376,True,True,0.5845718940928203,,,0.5845718940928203,0.940489296275167,,,theorem_covered,True,56b0996f0bf529b119f4e6c1fc9bd1f8d1960b5ae5d5911463c453f7f0ecef75,,,,
inference_diagnostic,763b8f26ce16fd9c,dgp3_N50_T50_r2026080803_truth1-1-1,3,50,50,2026080803,selected_rank,A_full_mean,success,0.019956215659673496,True,99,7.039678982181324e-09,True,0.8790240603942001,0.2554935987954692,47.39898676333397,185.51927322953551,0.0007561950443477777,0.027499000788170063,0.10779410231130376,True,True,0.487155889043352,0.4798271466651811,0.505248947007327,0.4763915734575478,0.9997349366590026,,,theorem_covered,True,56b0996f0bf529b119f4e6c1fc9bd1f8d1960b5ae5d5911463c453f7f0ecef75,success,success,success,success
inference_diagnostic,763b8f26ce16fd9c,dgp3_N50_T50_r2026080803_truth1-1-1,3,50,50,2026080803,selected_rank,B_full_mean,success,0.019077473225030398,True,103,7.2124069234942275e-09,True,0.5770441698115418,0.2554935987954692,47.39898676333397,185.51927322953551,0.005104794404263227,0.07144784394411932,0.28007040180702414,True,True,0.6912602451344164,0.6836052651112574,0.6324309867381799,0.7577444835538119,0.9951298535519726,,,theorem_covered,True,56b0996f0bf529b119f4e6c1fc9bd1f8d1960b5ae5d5911463c453f7f0ecef75,success,success,success,success
inference_diagnostic,763b8f26ce16fd9c,dgp3_N50_T50_r2026080803_truth1-1-1,3,50,50,2026080803,selected_rank,A_G1_fixed_time,success,0.13829965207307887,True,91,8.799630197463326e-09,True,0.35480452030352266,0.2554935987954692,47.39898676333397,185.51927322953551,0.032957723890411975,0.18154262279258823,0.7116340046648265,True,True,0.2185452843175513,,,0.2185452843175513,0.6987575994003257,,,theorem_covered,True,56b0996f0bf529b119f4e6c1fc9bd1f8d1960b5ae5d5911463c453f7f0ecef75,,,,
inference_diagnostic,763b8f26ce16fd9c,dgp3_N50_T50_r2026080803_truth1-1-1,3,50,50,2026080803,selected_rank,A_G2_fixed_time,success,0.13977483683747455,True,89,9.144066951655762e-09,True,0.35487640810183546,0.2554935987954692,47.39898676333397,185.51927322953551,0.033703841678944836,0.18358606068801855,0.719644134024202,True,True,0.22089395396567946,,,0.22089395396567946,0.7121960763643077,,,theorem_covered,True,56b0996f0bf529b119f4e6c1fc9bd1f8d1960b5ae5d5911463c453f7f0ecef75,,,,
inference_diagnostic,763b8f26ce16fd9c,dgp3_N50_T50_r2026080803_truth1-1-1,3,50,50,2026080803,selected_rank,A_G2_minus_G1_fixed_time,success,0.017010519948274835,True,93,6.818091002484876e-09,True,2.7022328800888604,0.2554935987954692,47.39898676333397,185.51927322953551,0.00014652919873263086,0.01210492456534244,0.047450432367290706,True,True,0.002348669648128171,,,0.002348669648128171,0.08953288518332209,,,weak_target_stress_outside_assumption9,False,56b0996f0bf529b119f4e6c1fc9bd1f8d1960b5ae5d5911463c453f7f0ecef75,,,,
inference_diagnostic,763b8f26ce16fd9c,dgp3_N50_T50_r2026080803_truth1-1-1,3,50,50,2026080803,selected_rank,A_G1_time_average,success,0.027398582904273033,True,97,6.4713785735001205e-09,True,1.167636140842747,0.2554935987954692,47.39898676333397,185.51927322953551,0.0010828606837972568,0.03290684858501733,0.1289924761426936,True,True,0.48455218834749925,0.4597710822243305,0.5076073237189386,0.48627815909922867,0.9891173729612581,,,theorem_covered,True,56b0996f0bf529b119f4e6c1fc9bd1f8d1960b5ae5d5911463c453f7f0ecef75,success,success,success,success
inference_diagnostic,763b8f26ce16fd9c,dgp3_N50_T50_r2026080803_truth1-1-1,3,50,50,2026080803,selected_rank,A_G2_time_average,success,0.027416264546911432,True,98,6.232283539107137e-09,True,1.196831196159906,0.2554935987954692,47.39898676333397,185.51927322953551,0.0012599255556080449,0.03549543006653173,0.13913952909232474,True,True,0.4897595897392046,0.49988321110603173,0.5028905702957154,0.4665049878158666,0.9895227345954659,,,theorem_covered,True,56b0996f0bf529b119f4e6c1fc9bd1f8d1960b5ae5d5911463c453f7f0ecef75,success,success,success,success
inference_diagnostic,763b8f26ce16fd9c,dgp3_N50_T50_r2026080803_truth1-1-1,3,50,50,2026080803,selected_rank,A_G2_minus_G1_time_average,success,0.03757213914479077,True,94,6.839873565994004e-09,True,3.1266939413344357,0.2554935987954692,47.39898676333397,185.51927322953551,0.001660792282367123,0.04075281931801925,0.1597481162635718,True,True,0.005207401391705311,0.04011212888170122,-0.004716753423223089,-0.0197731712833622,0.9787943993497801,,,theorem_covered,True,56b0996f0bf529b119f4e6c1fc9bd1f8d1960b5ae5d5911463c453f7f0ecef75,success,success,success,success
inference_diagnostic,763b8f26ce16fd9c,dgp3_N50_T50_r2026080803_truth1-1-1,3,50,50,2026080803,selected_rank,B_G1_fixed_time,success,0.12610728463759352,True,96,9.412653434554312e-09,True,0.42858521574204705,0.2554935987954692,47.39898676333397,185.51927322953551,0.18712511149217384,0.4325796013361863,1.6956808781312396,True,True,0.6296475935973541,,,0.6296475935973541,0.7323544791797504,,,theorem_covered,True,56b0996f0bf529b119f4e6c1fc9bd1f8d1960b5ae5d5911463c453f7f0ecef75,,,,
inference_diagnostic,763b8f26ce16fd9c,dgp3_N50_T50_r2026080803_truth1-1-1,3,50,50,2026080803,selected_rank,B_G2_fixed_time,success,0.10855929518437381,True,97,6.502948668620244e-09,True,0.42725981035260974,0.2554935987954692,47.39898676333397,185.51927322953551,0.1380469993264961,0.37154676600193426,1.4564365598722444,True,True,0.5394961945882865,,,0.5394961945882865,0.617301913264845,,,theorem_covered,True,56b0996f0bf529b119f4e6c1fc9bd1f8d1960b5ae5d5911463c453f7f0ecef75,,,,
inference_diagnostic,763b8f26ce16fd9c,dgp3_N50_T50_r2026080803_truth1-1-1,3,50,50,2026080803,selected_rank,B_G2_minus_G1_fixed_time,success,0.03383659539094785,True,102,8.808935864564025e-09,True,0.5817563637270943,0.2554935987954692,47.39898676333397,185.51927322953551,0.0070926351980157565,0.08421778433333281,0.3301276483021878,True,True,-0.09015139900906768,,,-0.09015139900906768,0.18134116710477566,,,weak_target_stress_outside_assumption9,False,56b0996f0bf529b119f4e6c1fc9bd1f8d1960b5ae5d5911463c453f7f0ecef75,,,,
inference_diagnostic,763b8f26ce16fd9c,dgp3_N50_T50_r2026080803_truth1-1-1,3,50,50,2026080803,selected_rank,B_G1_time_average,success,0.025790585553562312,True,102,9.004389339350809e-09,True,0.5669134984291626,0.2554935987954692,47.39898676333397,185.51927322953551,0.010129056689241722,0.10064321481968728,0.3945141526698298,True,True,0.7445625667204792,0.7902118174287426,0.6447520228027388,0.798723859929956,0.9802997076912904,,,theorem_covered,True,56b0996f0bf529b119f4e6c1fc9bd1f8d1960b5ae5d5911463c453f7f0ecef75,success,success,success,success
inference_diagnostic,763b8f26ce16fd9c,dgp3_N50_T50_r2026080803_truth1-1-1,3,50,50,2026080803,selected_rank,B_G2_time_average,success,0.025339899979366812,True,99,9.788848277656987e-09,True,0.7140396171113628,0.2554935987954692,47.39898676333397,185.51927322953551,0.008459322907336619,0.0919745775056163,0.3605337188085915,True,True,0.6379579235483533,0.5769987127937724,0.6201099506736207,0.7167651071776668,0.9736128628144167,,,theorem_covered,True,56b0996f0bf529b119f4e6c1fc9bd1f8d1960b5ae5d5911463c453f7f0ecef75,success,success,success,success
inference_diagnostic,763b8f26ce16fd9c,dgp3_N50_T50_r2026080803_truth1-1-1,3,50,50,2026080803,selected_rank,B_G2_minus_G1_time_average,success,0.03404011941390417,True,101,8.626797318192828e-09,True,0.6996528770517095,0.2554935987954692,47.39898676333397,185.51927322953551,0.01675758159363106,0.12945107799331398,0.507438901253562,True,True,-0.10660464317212558,-0.21321310463497004,-0.02464207212911798,-0.0819587527522887,0.958449841205553,,,theorem_covered,True,56b0996f0bf529b119f4e6c1fc9bd1f8d1960b5ae5d5911463c453f7f0ecef75,success,success,success,success
inference_diagnostic,763b8f26ce16fd9c,dgp4_N100_T100_r2026080801_truth1-1-1,4,100,100,2026080801,selected_rank,A_entry,success,0.12470885346025093,True,67,7.9519684314833e-09,True,1.3710969362301928,0.2748703114615727,29.549220935290883,107.50241005719495,0.010691924910532533,0.10340176454264469,0.40532746888294874,True,True,0.4730328577618512,,,0.4730328577618512,0.11993871397448319,0.8609580073082781,0.5825873359958298,theorem_covered,True,01d069d83b4264e7101b3cebd481b013d91c9e98496bcbe56511e84038346dbe,,,,
inference_diagnostic,763b8f26ce16fd9c,dgp4_N100_T100_r2026080801_truth1-1-1,4,100,100,2026080801,selected_rank,B_entry,target_unsupported_selected_rank,0.0,False,0,,False,,0.2748703114615727,29.549220935290883,107.50241005719495,,,,True,False,0.0,,,0.0,0.1337029376736676,1.4572843733390841,0.3352487079505648,entry_leverage_requires_author_choice,False,01d069d83b4264e7101b3cebd481b013d91c9e98496bcbe56511e84038346dbe,,,,
inference_diagnostic,763b8f26ce16fd9c,dgp4_N100_T100_r2026080801_truth1-1-1,4,100,100,2026080801,selected_rank,A_fixed_time_mean,success,0.0985998336753592,True,67,7.573399196940741e-09,True,1.153048513287348,0.2748703114615727,29.549220935290883,107.50241005719495,0.009283916767674816,0.09635308385139946,0.37769714829622164,True,True,0.4831379291935491,,,0.4831379291935491,0.9918548320803354,,,theorem_covered,True,01d069d83b4264e7101b3cebd481b013d91c9e98496bcbe56511e84038346dbe,,,,
inference_diagnostic,763b8f26ce16fd9c,dgp4_N100_T100_r2026080801_truth1-1-1,4,100,100,2026080801,selected_rank,B_fixed_time_mean,target_unsupported_selected_rank,0.0,False,0,,False,,0.2748703114615727,29.549220935290883,107.50241005719495,,,,True,False,0.0,,,0.0,0.9480475493744321,,,theorem_covered,True,01d069d83b4264e7101b3cebd481b013d91c9e98496bcbe56511e84038346dbe,,,,
inference_diagnostic,763b8f26ce16fd9c,dgp4_N100_T100_r2026080801_truth1-1-1,4,100,100,2026080801,selected_rank,A_full_mean,success,0.009992499775368736,True,73,7.156416175381115e-09,True,1.4398489848260476,0.2748703114615727,29.549220935290883,107.50241005719495,0.00010938059699841679,0.010458517915958112,0.040996636893889604,True,True,0.5924871244414676,0.593433731425415,0.58984309563567,0.5941845462633177,0.9996886275382462,,,theorem_covered,True,01d069d83b4264e7101b3cebd481b013d91c9e98496bcbe56511e84038346dbe,success,success,success,success
inference_diagnostic,763b8f26ce16fd9c,dgp4_N100_T100_r2026080801_truth1-1-1,4,100,100,2026080801,selected_rank,B_full_mean,target_unsupported_selected_rank,0.0,False,0,,False,,0.2748703114615727,29.549220935290883,107.50241005719495,,,,True,False,0.0,,,0.0,0.9945545882030348,,,theorem_covered,True,01d069d83b4264e7101b3cebd481b013d91c9e98496bcbe56511e84038346dbe,success,success,success,success
inference_diagnostic,763b8f26ce16fd9c,dgp4_N100_T100_r2026080801_truth1-1-1,4,100,100,2026080801,selected_rank,A_G1_fixed_time,success,0.0892510497880525,True,67,7.793911489111924e-09,True,1.1572100662106442,0.2748703114615727,29.549220935290883,107.50241005719495,0.007590841474932692,0.08712543529264398,0.34152543062191426,True,True,0.4352713222481853,,,0.4352713222481853,0.6335261449805372,,,theorem_covered,True,01d069d83b4264e7101b3cebd481b013d91c9e98496bcbe56511e84038346dbe,,,,
inference_diagnostic,763b8f26ce16fd9c,dgp4_N100_T100_r2026080801_truth1-1-1,4,100,100,2026080801,selected_rank,A_G2_fixed_time,success,0.10859828420514275,True,64,9.360242660522404e-09,True,1.1568882536519165,0.2748703114615727,29.549220935290883,107.50241005719495,0.011220920994143412,0.10592884873415463,0.41523345688546875,True,True,0.5310045361389127,,,0.5310045361389127,0.773399303726255,,,theorem_covered,True,01d069d83b4264e7101b3cebd481b013d91c9e98496bcbe56511e84038346dbe,,,,
inference_diagnostic,763b8f26ce16fd9c,dgp4_N100_T100_r2026080801_truth1-1-1,4,100,100,2026080801,selected_rank,A_G2_minus_G1_fixed_time,success,0.025119029398182516,True,69,5.210845535933137e-09,True,1.5355607244625615,0.2748703114615727,29.549220935290883,107.50241005719495,0.00048785786800306375,0.022087504793504034,0.08658142780724742,True,True,0.09573321389072748,,,0.09573321389072748,0.1254027569754615,,,theorem_covered,True,01d069d83b4264e7101b3cebd481b013d91c9e98496bcbe56511e84038346dbe,,,,
inference_diagnostic,763b8f26ce16fd9c,dgp4_N100_T100_r2026080801_truth1-1-1,4,100,100,2026080801,selected_rank,A_G1_time_average,success,0.013910810170042424,True,72,8.034860825718573e-09,True,1.9961759450405783,0.2748703114615727,29.549220935290883,107.50241005719495,0.00020441049078366672,0.014297219687186271,0.05604407133188422,True,True,0.5337868101168035,0.5354531209003448,0.5309912741547924,0.5349160352952733,0.9884457919883007,,,theorem_covered,True,01d069d83b4264e7101b3cebd481b013d91c9e98496bcbe56511e84038346dbe,success,success,success,success
inference_diagnostic,763b8f26ce16fd9c,dgp4_N100_T100_r2026080801_truth1-1-1,4,100,100,2026080801,selected_rank,A_G2_time_average,success,0.013984804834923465,True,73,6.100978429300052e-09,True,2.1130547644541493,0.2748703114615727,29.549220935290883,107.50241005719495,0.00014481170213305526,0.012033773395450625,0.047171524906399004,True,True,0.6511874387661312,0.6514143419504849,0.6486949171165471,0.6534530572313616,0.9922588253520847,,,theorem_covered,True,01d069d83b4264e7101b3cebd481b013d91c9e98496bcbe56511e84038346dbe,success,success,success,success
inference_diagnostic,763b8f26ce16fd9c,dgp4_N100_T100_r2026080801_truth1-1-1,4,100,100,2026080801,selected_rank,A_G2_minus_G1_time_average,success,0.01946202981892516,True,69,6.419505342506045e-09,True,5.49830312944119,0.2748703114615727,29.549220935290883,107.50241005719495,0.00026092199685605203,0.0161530801043037,0.06331891048765151,True,True,0.11740062864932788,0.11596122105014017,0.11770364296175474,0.11853702193608871,0.9809308376023144,,,theorem_covered,True,01d069d83b4264e7101b3cebd481b013d91c9e98496bcbe56511e84038346dbe,success,success,success,success
inference_diagnostic,763b8f26ce16fd9c,dgp4_N100_T100_r2026080801_truth1-1-1,4,100,100,2026080801,selected_rank,B_G1_fixed_time,target_unsupported_selected_rank,0.0,False,0,,False,,0.2748703114615727,29.549220935290883,107.50241005719495,,,,True,False,0.0,,,0.0,0.5392772336998293,,,theorem_covered,True,01d069d83b4264e7101b3cebd481b013d91c9e98496bcbe56511e84038346dbe,,,,
inference_diagnostic,763b8f26ce16fd9c,dgp4_N100_T100_r2026080801_truth1-1-1,4,100,100,2026080801,selected_rank,B_G2_fixed_time,target_unsupported_selected_rank,0.0,False,0,,False,,0.2748703114615727,29.549220935290883,107.50241005719495,,,,True,False,0.0,,,0.0,0.8041661431755094,,,theorem_covered,True,01d069d83b4264e7101b3cebd481b013d91c9e98496bcbe56511e84038346dbe,,,,
inference_diagnostic,763b8f26ce16fd9c,dgp4_N100_T100_r2026080801_truth1-1-1,4,100,100,2026080801,selected_rank,B_G2_minus_G1_fixed_time,target_unsupported_selected_rank,0.0,False,0,,False,,0.2748703114615727,29.549220935290883,107.50241005719495,,,,True,False,0.0,,,0.0,0.19674593958160358,,,theorem_covered,True,01d069d83b4264e7101b3cebd481b013d91c9e98496bcbe56511e84038346dbe,,,,
inference_diagnostic,763b8f26ce16fd9c,dgp4_N100_T100_r2026080801_truth1-1-1,4,100,100,2026080801,selected_rank,B_G1_time_average,target_unsupported_selected_rank,0.0,False,0,,False,,0.2748703114615727,29.549220935290883,107.50241005719495,,,,True,False,0.0,,,0.0,0.9611932573137539,,,theorem_covered,True,01d069d83b4264e7101b3cebd481b013d91c9e98496bcbe56511e84038346dbe,success,success,success,success
inference_diagnostic,763b8f26ce16fd9c,dgp4_N100_T100_r2026080801_truth1-1-1,4,100,100,2026080801,selected_rank,B_G2_time_average,target_unsupported_selected_rank,0.0,False,0,,False,,0.2748703114615727,29.549220935290883,107.50241005719495,,,,True,False,0.0,,,0.0,0.9808582352891959,,,theorem_covered,True,01d069d83b4264e7101b3cebd481b013d91c9e98496bcbe56511e84038346dbe,success,success,success,success
inference_diagnostic,763b8f26ce16fd9c,dgp4_N100_T100_r2026080801_truth1-1-1,4,100,100,2026080801,selected_rank,B_G2_minus_G1_time_average,target_unsupported_selected_rank,0.0,False,0,,False,,0.2748703114615727,29.549220935290883,107.50241005719495,,,,True,False,0.0,,,0.0,0.9470145335338604,,,theorem_covered,True,01d069d83b4264e7101b3cebd481b013d91c9e98496bcbe56511e84038346dbe,success,success,success,success
inference_diagnostic,763b8f26ce16fd9c,dgp4_N100_T100_r2026080802_truth1-1-1,4,100,100,2026080802,selected_rank,A_entry,success,0.14565549731964977,True,22,7.91463322326871e-09,True,8.76115442873295,3.5936485171552923,29.855669230914447,8.307899085954013,0.007084595264857244,0.08417003780952723,0.32994048536809595,True,True,0.7236047090130817,,,0.7236047090130817,0.1463821670799362,1.0072000949492022,1.1471276598316458,theorem_covered,True,d6e051aabc7e3f6562140035c1e9a1e493c06ac36473c57231cdcb23c0f148a5,,,,
inference_diagnostic,763b8f26ce16fd9c,dgp4_N100_T100_r2026080802_truth1-1-1,4,100,100,2026080802,selected_rank,B_entry,target_unsupported_selected_rank,0.0,False,0,,False,,3.5936485171552923,29.855669230914447,8.307899085954013,,,,True,False,0.0,,,0.0,0.09956813530743011,0.40683385585411536,0.5869353527326487,entry_leverage_requires_author_choice,False,d6e051aabc7e3f6562140035c1e9a1e493c06ac36473c57231cdcb23c0f148a5,,,,
inference_diagnostic,763b8f26ce16fd9c,dgp4_N100_T100_r2026080802_truth1-1-1,4,100,100,2026080802,selected_rank,A_fixed_time_mean,success,0.0988163246806257,True,23,5.135891428815142e-09,True,12.887041034250517,3.5936485171552923,29.855669230914447,8.307899085954013,0.0026612834235559286,0.05158762859015646,0.20221978816907094,True,True,0.6637957010219881,,,0.6637957010219881,0.9921896345672148,,,theorem_covered,True,d6e051aabc7e3f6562140035c1e9a1e493c06ac36473c57231cdcb23c0f148a5,,,,
inference_diagnostic,763b8f26ce16fd9c,dgp4_N100_T100_r2026080802_truth1-1-1,4,100,100,2026080802,selected_rank,B_fixed_time_mean,target_unsupported_selected_rank,0.0,False,0,,False,,3.5936485171552923,29.855669230914447,8.307899085954013,,,,True,False,0.0,,,0.0,0.9521343826480452,,,theorem_covered,True,d6e051aabc7e3f6562140035c1e9a1e493c06ac36473c57231cdcb23c0f148a5,,,,
inference_diagnostic,763b8f26ce16fd9c,dgp4_N100_T100_r2026080802_truth1-1-1,4,100,100,2026080802,selected_rank,A_full_mean,success,0.009992005731451536,True,24,9.016465646698565e-09,True,6.934839753949927,3.5936485171552923,29.855669230914447,8.307899085954013,7.433597138848355e-05,0.008621831092551255,0.03379695684437617,True,True,0.6500020066327774,0.6495147792159337,0.6493717868329605,0.651119453849438,0.999752057262002,,,theorem_covered,True,d6e051aabc7e3f6562140035c1e9a1e493c06ac36473c57231cdcb23c0f148a5,success,success,success,success
inference_diagnostic,763b8f26ce16fd9c,dgp4_N100_T100_r2026080802_truth1-1-1,4,100,100,2026080802,selected_rank,B_full_mean,target_unsupported_selected_rank,0.0,False,0,,False,,3.5936485171552923,29.855669230914447,8.307899085954013,,,,True,False,0.0,,,0.0,0.9948507855960929,,,theorem_covered,True,d6e051aabc7e3f6562140035c1e9a1e493c06ac36473c57231cdcb23c0f148a5,success,success,success,success
inference_diagnostic,763b8f26ce16fd9c,dgp4_N100_T100_r2026080802_truth1-1-1,4,100,100,2026080802,selected_rank,A_G1_fixed_time,success,0.09017326865920722,True,23,5.432611854313546e-09,True,12.442462031713598,3.5936485171552923,29.855669230914447,8.307899085954013,0.0023190769710389352,0.04815679568907108,0.1887711703228661,True,True,0.6014491169086761,,,0.6014491169086761,0.6351185689234472,,,theorem_covered,True,d6e051aabc7e3f6562140035c1e9a1e493c06ac36473c57231cdcb23c0f148a5,,,,
inference_diagnostic,763b8f26ce16fd9c,dgp4_N100_T100_r2026080802_truth1-1-1,4,100,100,2026080802,selected_rank,A_G2_fixed_time,success,0.10845843485461061,True,23,4.7227046888198844e-09,True,13.0124240162332,3.5936485171552923,29.855669230914447,8.307899085954013,0.0031588456677733245,0.05620360902800926,0.22031409899213678,True,True,0.7261422851352998,,,0.7261422851352998,0.7763694513270902,,,theorem_covered,True,d6e051aabc7e3f6562140035c1e9a1e493c06ac36473c57231cdcb23c0f148a5,,,,
inference_diagnostic,763b8f26ce16fd9c,dgp4_N100_T100_r2026080802_truth1-1-1,4,100,100,2026080802,selected_rank,A_G2_minus_G1_fixed_time,success,0.02702289492351607,True,24,7.037241839487241e-09,True,9.093437257425522,3.5936485171552923,29.855669230914447,8.307899085954013,0.0003107115827511805,0.017627012870908686,0.06909662076401002,True,True,0.12469316822662367,,,0.12469316822662367,0.14725776924384273,,,theorem_covered,True,d6e051aabc7e3f6562140035c1e9a1e493c06ac36473c57231cdcb23c0f148a5,,,,
inference_diagnostic,763b8f26ce16fd9c,dgp4_N100_T100_r2026080802_truth1-1-1,4,100,100,2026080802,selected_rank,A_G1_time_average,success,0.013854226783712727,True,23,9.887390149159171e-09,True,6.469350294812521,3.5936485171552923,29.855669230914447,8.307899085954013,0.00015971092674021425,0.01263767885096841,0.04953879079216323,True,True,0.5889509863897139,0.5878123278459613,0.5878310249098782,0.5912096064133021,0.9904484115487596,,,theorem_covered,True,d6e051aabc7e3f6562140035c1e9a1e493c06ac36473c57231cdcb23c0f148a5,success,success,success,success
inference_diagnostic,763b8f26ce16fd9c,dgp4_N100_T100_r2026080802_truth1-1-1,4,100,100,2026080802,selected_rank,A_G2_time_average,success,0.013942962215460278,True,24,6.390473478233895e-09,True,8.629862191248064,3.5936485171552923,29.855669230914447,8.307899085954013,0.00012501231033852146,0.01118089040902027,0.043828285033538084,True,True,0.711053026875841,0.7112172305859068,0.7109125487560428,0.7110293012855737,0.9936504796657117,,,theorem_covered,True,d6e051aabc7e3f6562140035c1e9a1e493c06ac36473c57231cdcb23c0f148a5,success,success,success,success
inference_diagnostic,763b8f26ce16fd9c,dgp4_N100_T100_r2026080802_truth1-1-1,4,100,100,2026080802,selected_rank,A_G2_minus_G1_time_average,success,0.019321772074091723,True,24,9.038642315614607e-09,True,7.5661528997856795,3.5936485171552923,29.855669230914447,8.307899085954013,0.00027210258796481467,0.01649553236378913,0.06466129867768312,True,True,0.1221020404861272,0.1234049027399455,0.12308152384616489,0.1198196948722712,0.9842891626345169,,,theorem_covered,True,d6e051aabc7e3f6562140035c1e9a1e493c06ac36473c57231cdcb23c0f148a5,success,success,success,success
inference_diagnostic,763b8f26ce16fd9c,dgp4_N100_T100_r2026080802_truth1-1-1,4,100,100,2026080802,selected_rank,B_G1_fixed_time,target_unsupported_selected_rank,0.0,False,0,,False,,3.5936485171552923,29.855669230914447,8.307899085954013,,,,True,False,0.0,,,0.0,0.528136986592411,,,theorem_covered,True,d6e051aabc7e3f6562140035c1e9a1e493c06ac36473c57231cdcb23c0f148a5,,,,
inference_diagnostic,763b8f26ce16fd9c,dgp4_N100_T100_r2026080802_truth1-1-1,4,100,100,2026080802,selected_rank,B_G2_fixed_time,target_unsupported_selected_rank,0.0,False,0,,False,,3.5936485171552923,29.855669230914447,8.307899085954013,,,,True,False,0.0,,,0.0,0.8231774060363242,,,theorem_covered,True,d6e051aabc7e3f6562140035c1e9a1e493c06ac36473c57231cdcb23c0f148a5,,,,
inference_diagnostic,763b8f26ce16fd9c,dgp4_N100_T100_r2026080802_truth1-1-1,4,100,100,2026080802,selected_rank,B_G2_minus_G1_fixed_time,target_unsupported_selected_rank,0.0,False,0,,False,,3.5936485171552923,29.855669230914447,8.307899085954013,,,,True,False,0.0,,,0.0,0.2235840687415584,,,theorem_covered,True,d6e051aabc7e3f6562140035c1e9a1e493c06ac36473c57231cdcb23c0f148a5,,,,
inference_diagnostic,763b8f26ce16fd9c,dgp4_N100_T100_r2026080802_truth1-1-1,4,100,100,2026080802,selected_rank,B_G1_time_average,target_unsupported_selected_rank,0.0,False,0,,False,,3.5936485171552923,29.855669230914447,8.307899085954013,,,,True,False,0.0,,,0.0,0.9595479680709703,,,theorem_covered,True,d6e051aabc7e3f6562140035c1e9a1e493c06ac36473c57231cdcb23c0f148a5,success,success,success,success
inference_diagnostic,763b8f26ce16fd9c,dgp4_N100_T100_r2026080802_truth1-1-1,4,100,100,2026080802,selected_rank,B_G2_time_average,target_unsupported_selected_rank,0.0,False,0,,False,,3.5936485171552923,29.855669230914447,8.307899085954013,,,,True,False,0.0,,,0.0,0.9821205298752231,,,theorem_covered,True,d6e051aabc7e3f6562140035c1e9a1e493c06ac36473c57231cdcb23c0f148a5,success,success,success,success
inference_diagnostic,763b8f26ce16fd9c,dgp4_N100_T100_r2026080802_truth1-1-1,4,100,100,2026080802,selected_rank,B_G2_minus_G1_time_average,target_unsupported_selected_rank,0.0,False,0,,False,,3.5936485171552923,29.855669230914447,8.307899085954013,,,,True,False,0.0,,,0.0,0.9463429360598388,,,theorem_covered,True,d6e051aabc7e3f6562140035c1e9a1e493c06ac36473c57231cdcb23c0f148a5,success,success,success,success
inference_diagnostic,763b8f26ce16fd9c,dgp4_N100_T100_r2026080803_truth1-1-1,4,100,100,2026080803,selected_rank,A_entry,success,0.11874828956582617,True,71,7.816861713999124e-09,True,10.440774514165764,0.26913369963114,51.55089498818549,191.54381282923077,0.003682322100742372,0.060682139882690125,0.23786961734978854,True,True,0.43068099008689353,,,0.43068099008689353,0.13921336094401499,0.9685522889847513,0.9789654902119265,theorem_covered,True,393c6c07a6df2076ef9902d24848ebc6db7e2b73534cd5762050f07501f16e95,,,,
inference_diagnostic,763b8f26ce16fd9c,dgp4_N100_T100_r2026080803_truth1-1-1,4,100,100,2026080803,selected_rank,B_entry,target_unsupported_selected_rank,0.0,False,0,,False,,0.26913369963114,51.55089498818549,191.54381282923077,,,,True,False,0.0,,,0.0,0.07363536058106458,0.4118518118852778,0.13090395119990825,entry_leverage_requires_author_choice,False,393c6c07a6df2076ef9902d24848ebc6db7e2b73534cd5762050f07501f16e95,,,,
inference_diagnostic,763b8f26ce16fd9c,dgp4_N100_T100_r2026080803_truth1-1-1,4,100,100,2026080803,selected_rank,A_fixed_time_mean,success,0.09868697210527548,True,66,9.976105368667308e-09,True,11.647933545999459,0.26913369963114,51.55089498818549,191.54381282923077,0.0016508464326851142,0.04063060955345261,0.15926906278935232,True,True,0.4332765793239704,,,0.4332765793239704,0.9910185466471428,,,theorem_covered,True,393c6c07a6df2076ef9902d24848ebc6db7e2b73534cd5762050f07501f16e95,,,,
inference_diagnostic,763b8f26ce16fd9c,dgp4_N100_T100_r2026080803_truth1-1-1,4,100,100,2026080803,selected_rank,B_fixed_time_mean,target_unsupported_selected_rank,0.0,False,0,,False,,0.26913369963114,51.55089498818549,191.54381282923077,,,,True,False,0.0,,,0.0,0.9577548085444396,,,theorem_covered,True,393c6c07a6df2076ef9902d24848ebc6db7e2b73534cd5762050f07501f16e95,,,,
inference_diagnostic,763b8f26ce16fd9c,dgp4_N100_T100_r2026080803_truth1-1-1,4,100,100,2026080803,selected_rank,A_full_mean,success,0.009992284380737326,True,83,7.046019347247666e-09,True,1.4158500858217598,0.26913369963114,51.55089498818549,191.54381282923077,0.0001023578995720706,0.010117208091764774,0.039658726967912325,True,True,0.6249940538406182,0.626452811503706,0.6251136598840208,0.6234156901341279,0.9996635847955692,,,theorem_covered,True,393c6c07a6df2076ef9902d24848ebc6db7e2b73534cd5762050f07501f16e95,success,success,success,success
inference_diagnostic,763b8f26ce16fd9c,dgp4_N100_T100_r2026080803_truth1-1-1,4,100,100,2026080803,selected_rank,B_full_mean,target_unsupported_selected_rank,0.0,False,0,,False,,0.26913369963114,51.55089498818549,191.54381282923077,,,,True,False,0.0,,,0.0,0.9964757574311535,,,theorem_covered,True,393c6c07a6df2076ef9902d24848ebc6db7e2b73534cd5762050f07501f16e95,success,success,success,success
inference_diagnostic,763b8f26ce16fd9c,dgp4_N100_T100_r2026080803_truth1-1-1,4,100,100,2026080803,selected_rank,A_G1_fixed_time,success,0.08951070571515317,True,67,9.145991569457192e-09,True,11.48099260200805,0.26913369963114,51.55089498818549,191.54381282923077,0.001384218737716652,0.03720509021245147,0.1458412737159371,True,True,0.39167473275445364,,,0.39167473275445364,0.6306754826270338,,,theorem_covered,True,393c6c07a6df2076ef9902d24848ebc6db7e2b73534cd5762050f07501f16e95,,,,
inference_diagnostic,763b8f26ce16fd9c,dgp4_N100_T100_r2026080803_truth1-1-1,4,100,100,2026080803,selected_rank,A_G2_fixed_time,success,0.10832946141505975,True,66,8.18771040685781e-09,True,11.633927043593511,0.26913369963114,51.55089498818549,191.54381282923077,0.0019916252521630187,0.04462762879834664,0.1749370903203639,True,True,0.47487842589348706,,,0.47487842589348706,0.7779609427816946,,,theorem_covered,True,393c6c07a6df2076ef9902d24848ebc6db7e2b73534cd5762050f07501f16e95,,,,
inference_diagnostic,763b8f26ce16fd9c,dgp4_N100_T100_r2026080803_truth1-1-1,4,100,100,2026080803,selected_rank,A_G2_minus_G1_fixed_time,success,0.023203522210511182,True,73,6.712384818751282e-09,True,8.21500532390187,0.26913369963114,51.55089498818549,191.54381282923077,0.00014830224790558246,0.012177941037202572,0.04773665167753878,True,True,0.08320369313903336,,,0.08320369313903336,0.14441964229982657,,,theorem_covered,True,393c6c07a6df2076ef9902d24848ebc6db7e2b73534cd5762050f07501f16e95,,,,
inference_diagnostic,763b8f26ce16fd9c,dgp4_N100_T100_r2026080803_truth1-1-1,4,100,100,2026080803,selected_rank,A_G1_time_average,success,0.013889272407820806,True,83,5.333915234310455e-09,True,2.231797124077792,0.26913369963114,51.55089498818549,191.54381282923077,0.00018131832989138868,0.01346544948716487,0.052783592060972974,True,True,0.5649841018249653,0.5649846701374636,0.5656825812551634,0.5642850540822688,0.9886070198214675,,,theorem_covered,True,393c6c07a6df2076ef9902d24848ebc6db7e2b73534cd5762050f07501f16e95,success,success,success,success
inference_diagnostic,763b8f26ce16fd9c,dgp4_N100_T100_r2026080803_truth1-1-1,4,100,100,2026080803,selected_rank,A_G2_time_average,success,0.013968295141219084,True,82,6.684044980523869e-09,True,1.8525079564210523,0.26913369963114,51.55089498818549,191.54381282923077,0.00014594374364303202,0.012080717844690853,0.04735554376596884,True,True,0.685004005856271,0.6879209528699483,0.6845447385128783,0.682546326185986,0.9925466119845815,,,theorem_covered,True,393c6c07a6df2076ef9902d24848ebc6db7e2b73534cd5762050f07501f16e95,success,success,success,success
inference_diagnostic,763b8f26ce16fd9c,dgp4_N100_T100_r2026080803_truth1-1-1,4,100,100,2026080803,selected_rank,A_G2_minus_G1_time_average,success,0.019407919150687056,True,73,7.67476097983377e-09,True,6.026741546693228,0.26913369963114,51.55089498818549,191.54381282923077,0.0002450925494985859,0.015655431948642804,0.06136816556351522,True,True,0.1200199040313057,0.12293628273248464,0.11886215725771501,0.11826127210371748,0.9814098704598553,,,theorem_covered,True,393c6c07a6df2076ef9902d24848ebc6db7e2b73534cd5762050f07501f16e95,success,success,success,success
inference_diagnostic,763b8f26ce16fd9c,dgp4_N100_T100_r2026080803_truth1-1-1,4,100,100,2026080803,selected_rank,B_G1_fixed_time,target_unsupported_selected_rank,0.0,False,0,,False,,0.26913369963114,51.55089498818549,191.54381282923077,,,,True,False,0.0,,,0.0,0.5482756179325389,,,theorem_covered,True,393c6c07a6df2076ef9902d24848ebc6db7e2b73534cd5762050f07501f16e95,,,,
inference_diagnostic,763b8f26ce16fd9c,dgp4_N100_T100_r2026080803_truth1-1-1,4,100,100,2026080803,selected_rank,B_G2_fixed_time,target_unsupported_selected_rank,0.0,False,0,,False,,0.26913369963114,51.55089498818549,191.54381282923077,,,,True,False,0.0,,,0.0,0.8072337246700922,,,theorem_covered,True,393c6c07a6df2076ef9902d24848ebc6db7e2b73534cd5762050f07501f16e95,,,,
inference_diagnostic,763b8f26ce16fd9c,dgp4_N100_T100_r2026080803_truth1-1-1,4,100,100,2026080803,selected_rank,B_G2_minus_G1_fixed_time,target_unsupported_selected_rank,0.0,False,0,,False,,0.26913369963114,51.55089498818549,191.54381282923077,,,,True,False,0.0,,,0.0,0.1869175384335627,,,theorem_covered,True,393c6c07a6df2076ef9902d24848ebc6db7e2b73534cd5762050f07501f16e95,,,,
inference_diagnostic,763b8f26ce16fd9c,dgp4_N100_T100_r2026080803_truth1-1-1,4,100,100,2026080803,selected_rank,B_G1_time_average,target_unsupported_selected_rank,0.0,False,0,,False,,0.26913369963114,51.55089498818549,191.54381282923077,,,,True,False,0.0,,,0.0,0.9697938565747412,,,theorem_covered,True,393c6c07a6df2076ef9902d24848ebc6db7e2b73534cd5762050f07501f16e95,success,success,success,success
inference_diagnostic,763b8f26ce16fd9c,dgp4_N100_T100_r2026080803_truth1-1-1,4,100,100,2026080803,selected_rank,B_G2_time_average,target_unsupported_selected_rank,0.0,False,0,,False,,0.26913369963114,51.55089498818549,191.54381282923077,,,,True,False,0.0,,,0.0,0.9850698615769959,,,theorem_covered,True,393c6c07a6df2076ef9902d24848ebc6db7e2b73534cd5762050f07501f16e95,success,success,success,success
inference_diagnostic,763b8f26ce16fd9c,dgp4_N100_T100_r2026080803_truth1-1-1,4,100,100,2026080803,selected_rank,B_G2_minus_G1_time_average,target_unsupported_selected_rank,0.0,False,0,,False,,0.26913369963114,51.55089498818549,191.54381282923077,,,,True,False,0.0,,,0.0,0.958070363433419,,,theorem_covered,True,393c6c07a6df2076ef9902d24848ebc6db7e2b73534cd5762050f07501f16e95,success,success,success,success
inference_diagnostic,763b8f26ce16fd9c,dgp4_N50_T50_r2026080801_truth1-1-1,4,50,50,2026080801,selected_rank,A_entry,success,0.217959222566513,True,78,8.770243955910924e-09,True,2.310009116773326,0.25243555781757837,29.534603111671345,116.99858517164375,0.02131822038232952,0.14600760385106495,0.5723392900341581,True,True,0.5703120596174706,,,0.5703120596174706,0.21318315491658685,0.9504839307398318,1.347484187614718,theorem_covered,True,a3d5a689a95526aa8ef466c3bb4234ebbcfb02d0bf73e96842b696ec10cf18e6,,,,
inference_diagnostic,763b8f26ce16fd9c,dgp4_N50_T50_r2026080801_truth1-1-1,4,50,50,2026080801,selected_rank,B_entry,success,0.0941692989501456,True,80,9.034388379850514e-09,True,0.9185025384524497,0.25243555781757837,29.534603111671345,116.99858517164375,0.03641048687493776,0.1908153213841534,0.7479823152227526,True,True,-0.09462731027904714,,,-0.09462731027904714,0.08627123451496517,0.14375690133257782,0.22903790950739755,entry_leverage_requires_author_choice,False,a3d5a689a95526aa8ef466c3bb4234ebbcfb02d0bf73e96842b696ec10cf18e6,,,,
inference_diagnostic,763b8f26ce16fd9c,dgp4_N50_T50_r2026080801_truth1-1-1,4,50,50,2026080801,selected_rank,A_fixed_time_mean,success,0.13482548460020669,True,78,9.808546069957678e-09,True,1.7141612232433827,0.25243555781757837,29.534603111671345,116.99858517164375,0.008030853565995713,0.08961502979966984,0.35128446176167316,True,True,0.43074938702137244,,,0.43074938702137244,0.9937072657486101,,,theorem_covered,True,a3d5a689a95526aa8ef466c3bb4234ebbcfb02d0bf73e96842b696ec10cf18e6,,,,
inference_diagnostic,763b8f26ce16fd9c,dgp4_N50_T50_r2026080801_truth1-1-1,4,50,50,2026080801,selected_rank,B_fixed_time_mean,success,0.11411477286923184,True,81,8.040729837751422e-09,True,1.6147289679440202,0.25243555781757837,29.534603111671345,116.99858517164375,0.018634421881983117,0.13650795537983534,0.5351013522953559,True,True,0.3793200447124194,,,0.3793200447124194,0.9514251423837466,,,theorem_covered,True,a3d5a689a95526aa8ef466c3bb4234ebbcfb02d0bf73e96842b696ec10cf18e6,,,,
inference_diagnostic,763b8f26ce16fd9c,dgp4_N50_T50_r2026080801_truth1-1-1,4,50,50,2026080801,selected_rank,A_full_mean,success,0.01987960078865295,True,84,7.841600375477587e-09,True,0.7920803009324321,0.25243555781757837,29.534603111671345,116.99858517164375,0.0008436512259409118,0.029045674823300487,0.1138569531206615,True,True,0.4463900929537314,0.4557647234247849,0.454394752161535,0.4290108032748742,0.9997444579092475,,,theorem_covered,True,a3d5a689a95526aa8ef466c3bb4234ebbcfb02d0bf73e96842b696ec10cf18e6,success,success,success,success
inference_diagnostic,763b8f26ce16fd9c,dgp4_N50_T50_r2026080801_truth1-1-1,4,50,50,2026080801,selected_rank,B_full_mean,success,0.01876600412690472,True,86,8.361705951911363e-09,True,0.6910256211714125,0.25243555781757837,29.534603111671345,116.99858517164375,0.003613614816863254,0.06011334973916571,0.2356400009576501,True,True,0.4851978849906617,0.42800058005797237,0.42606106181883274,0.60153201309518,0.996240642850926,,,theorem_covered,True,a3d5a689a95526aa8ef466c3bb4234ebbcfb02d0bf73e96842b696ec10cf18e6,success,success,success,success
inference_diagnostic,763b8f26ce16fd9c,dgp4_N50_T50_r2026080801_truth1-1-1,4,50,50,2026080801,selected_rank,A_G1_fixed_time,success,0.11748424562390793,True,75,9.686777060439886e-09,True,1.6894198146511459,0.25243555781757837,29.534603111671345,116.99858517164375,0.0060417115605098425,0.07772844756271569,0.3046899155942658,True,True,0.3697363593546128,,,0.3697363593546128,0.6537630768261862,,,theorem_covered,True,a3d5a689a95526aa8ef466c3bb4234ebbcfb02d0bf73e96842b696ec10cf18e6,,,,
inference_diagnostic,763b8f26ce16fd9c,dgp4_N50_T50_r2026080801_truth1-1-1,4,50,50,2026080801,selected_rank,A_G2_fixed_time,success,0.15465457114441616,True,78,8.72791635486603e-09,True,1.7757915242087516,0.25243555781757837,29.534603111671345,116.99858517164375,0.010686316719150974,0.10337464253457408,0.4052211525649351,True,True,0.49176241468813214,,,0.49176241468813214,0.7708711741052929,,,theorem_covered,True,a3d5a689a95526aa8ef466c3bb4234ebbcfb02d0bf73e96842b696ec10cf18e6,,,,
inference_diagnostic,763b8f26ce16fd9c,dgp4_N50_T50_r2026080801_truth1-1-1,4,50,50,2026080801,selected_rank,A_G2_minus_G1_fixed_time,success,0.05224484185679712,True,79,9.313012456786728e-09,True,2.477464916363167,0.25243555781757837,29.534603111671345,116.99858517164375,0.0013326422318038044,0.03650537264299331,0.14309843124496133,True,True,0.12202605533351935,,,0.12202605533351935,0.1849172725467685,,,theorem_covered,True,a3d5a689a95526aa8ef466c3bb4234ebbcfb02d0bf73e96842b696ec10cf18e6,,,,
inference_diagnostic,763b8f26ce16fd9c,dgp4_N50_T50_r2026080801_truth1-1-1,4,50,50,2026080801,selected_rank,A_G1_time_average,success,0.02703638011729451,True,84,9.56953120936407e-09,True,1.1948590835008048,0.25243555781757837,29.534603111671345,116.99858517164375,0.001481389152959997,0.03848881854461107,0.1508733963098701,True,True,0.38316165453414963,0.3898675591382855,0.3833520154413206,0.3762653890228428,0.9882697429238264,,,theorem_covered,True,a3d5a689a95526aa8ef466c3bb4234ebbcfb02d0bf73e96842b696ec10cf18e6,success,success,success,success
inference_diagnostic,763b8f26ce16fd9c,dgp4_N50_T50_r2026080801_truth1-1-1,4,50,50,2026080801,selected_rank,A_G2_time_average,success,0.027524927861923048,True,83,9.022616027874571e-09,True,0.9562805242966584,0.25243555781757837,29.534603111671345,116.99858517164375,0.001133880277242564,0.033673138808886886,0.13199627862367255,True,True,0.509618531373313,0.5216618877112843,0.5254374888817493,0.48175621752690534,0.9917019027047574,,,theorem_covered,True,a3d5a689a95526aa8ef466c3bb4234ebbcfb02d0bf73e96842b696ec10cf18e6,success,success,success,success
inference_diagnostic,763b8f26ce16fd9c,dgp4_N50_T50_r2026080801_truth1-1-1,4,50,50,2026080801,selected_rank,A_G2_minus_G1_time_average,success,0.03736818027730235,True,81,6.76893794272088e-09,True,2.633685242712888,0.25243555781757837,29.534603111671345,116.99858517164375,0.0018559339495006091,0.043080551870891916,0.1688726602021156,True,True,0.1264568768391635,0.13179432857299875,0.1420854734404288,0.105490828504063,0.9801330356062461,,,theorem_covered,True,a3d5a689a95526aa8ef466c3bb4234ebbcfb02d0bf73e96842b696ec10cf18e6,success,success,success,success
inference_diagnostic,763b8f26ce16fd9c,dgp4_N50_T50_r2026080801_truth1-1-1,4,50,50,2026080801,selected_rank,B_G1_fixed_time,success,0.0976189966837539,True,80,8.872500520642212e-09,True,1.5487053587065787,0.25243555781757837,29.534603111671345,116.99858517164375,0.013771030682374598,0.11735003486311624,0.4600036838324551,True,True,0.32094077007646943,,,0.32094077007646943,0.5540339026767189,,,theorem_covered,True,a3d5a689a95526aa8ef466c3bb4234ebbcfb02d0bf73e96842b696ec10cf18e6,,,,
inference_diagnostic,763b8f26ce16fd9c,dgp4_N50_T50_r2026080801_truth1-1-1,4,50,50,2026080801,selected_rank,B_G2_fixed_time,success,0.1320865505119378,True,80,8.31059141766076e-09,True,1.6035366234615887,0.25243555781757837,29.534603111671345,116.99858517164375,0.02530652231415724,0.1590802386035338,0.6235830766299292,True,True,0.4376993193483695,,,0.4376993193483695,0.7951110225675858,,,theorem_covered,True,a3d5a689a95526aa8ef466c3bb4234ebbcfb02d0bf73e96842b696ec10cf18e6,,,,
inference_diagnostic,763b8f26ce16fd9c,dgp4_N50_T50_r2026080801_truth1-1-1,4,50,50,2026080801,selected_rank,B_G2_minus_G1_fixed_time,success,0.043173199225739534,True,81,9.557675445022558e-09,True,1.1053583600246963,0.25243555781757837,29.534603111671345,116.99858517164375,0.0036174184462376547,0.06014497856211817,0.23576398366537052,True,True,0.11675854927190006,,,0.11675854927190006,0.18424250856883,,,theorem_covered,True,a3d5a689a95526aa8ef466c3bb4234ebbcfb02d0bf73e96842b696ec10cf18e6,,,,
inference_diagnostic,763b8f26ce16fd9c,dgp4_N50_T50_r2026080801_truth1-1-1,4,50,50,2026080801,selected_rank,B_G1_time_average,success,0.024312680173944664,True,85,8.433020607679087e-09,True,0.7232964753810309,0.25243555781757837,29.534603111671345,116.99858517164375,0.006404666924461366,0.0800291629623937,0.3137085542383569,True,True,0.4105234748836851,0.3555899095413665,0.4171532195264701,0.45882729558321866,0.9721785896567688,,,theorem_covered,True,a3d5a689a95526aa8ef466c3bb4234ebbcfb02d0bf73e96842b696ec10cf18e6,success,success,success,success
inference_diagnostic,763b8f26ce16fd9c,dgp4_N50_T50_r2026080801_truth1-1-1,4,50,50,2026080801,selected_rank,B_G2_time_average,success,0.025404425095521405,True,84,9.34709736702732e-09,True,0.745013223756652,0.25243555781757837,29.534603111671345,116.99858517164375,0.006544970472850934,0.08090099179151597,0.3171260604498837,True,True,0.5598722950976384,0.5004112505745784,0.43496890411119526,0.7442367306071416,0.9853330577379209,,,theorem_covered,True,a3d5a689a95526aa8ef466c3bb4234ebbcfb02d0bf73e96842b696ec10cf18e6,success,success,success,success
inference_diagnostic,763b8f26ce16fd9c,dgp4_N50_T50_r2026080801_truth1-1-1,4,50,50,2026080801,selected_rank,B_G2_minus_G1_time_average,success,0.032624083432104885,True,85,6.028523871673311e-09,True,0.8102730994070335,0.25243555781757837,29.534603111671345,116.99858517164375,0.011444815524947798,0.10698044459127938,0.41935563689798083,True,True,0.1493488202139533,0.14482134103321187,0.01781568458472521,0.2854094350239228,0.9609979325628991,,,theorem_covered,True,a3d5a689a95526aa8ef466c3bb4234ebbcfb02d0bf73e96842b696ec10cf18e6,success,success,success,success
inference_diagnostic,763b8f26ce16fd9c,dgp4_N50_T50_r2026080802_truth1-1-1,4,50,50,2026080802,selected_rank,A_entry,success,0.17809449846500283,True,85,9.733198017771643e-09,True,2.6745452080014043,0.15477748989440002,32.4788068401132,209.84192767483503,0.00905453118020599,0.0951553003263927,0.3730019231556443,True,True,0.3791601836911412,,,0.3791601836911412,0.21691282221339095,0.9565871902845982,1.4231997242530496,theorem_covered,True,30ca720a35f059895f83e0f1d5641c7a05b2f66d31e0c9f6b1aa152e9c278c88,,,,
inference_diagnostic,763b8f26ce16fd9c,dgp4_N50_T50_r2026080802_truth1-1-1,4,50,50,2026080802,selected_rank,B_entry,success,0.1753781464797715,True,85,8.48305306495017e-09,True,1.4616672045123063,0.15477748989440002,32.4788068401132,209.84192767483503,0.03399665693752293,0.18438182377209236,0.7227634679942244,True,True,0.012229593207999179,,,0.012229593207999179,0.163473566919908,1.1338327790973084,0.20704260891165083,entry_leverage_requires_author_choice,False,30ca720a35f059895f83e0f1d5641c7a05b2f66d31e0c9f6b1aa152e9c278c88,,,,
inference_diagnostic,763b8f26ce16fd9c,dgp4_N50_T50_r2026080802_truth1-1-1,4,50,50,2026080802,selected_rank,A_fixed_time_mean,success,0.13417630568416133,True,83,8.052270592038433e-09,True,2.584143030176005,0.15477748989440002,32.4788068401132,209.84192767483503,0.004913037473458322,0.0700930629481857,0.27475975788908574,True,True,0.4745214001075361,,,0.4745214001075361,0.9907525248083029,,,theorem_covered,True,30ca720a35f059895f83e0f1d5641c7a05b2f66d31e0c9f6b1aa152e9c278c88,,,,
inference_diagnostic,763b8f26ce16fd9c,dgp4_N50_T50_r2026080802_truth1-1-1,4,50,50,2026080802,selected_rank,B_fixed_time_mean,success,0.11454393214772574,True,84,9.433819435473315e-09,True,1.4612858264568651,0.15477748989440002,32.4788068401132,209.84192767483503,0.014501602228564059,0.12042259849614631,0.4720479119543481,True,True,0.007987898515554849,,,0.007987898515554849,0.9567480095590325,,,theorem_covered,True,30ca720a35f059895f83e0f1d5641c7a05b2f66d31e0c9f6b1aa152e9c278c88,,,,
inference_diagnostic,763b8f26ce16fd9c,dgp4_N50_T50_r2026080802_truth1-1-1,4,50,50,2026080802,selected_rank,A_full_mean,success,0.019794658854337073,True,89,9.773876035851052e-09,True,0.6553696920855272,0.15477748989440002,32.4788068401132,209.84192767483503,0.0009965233995566367,0.03156775886179817,0.12374334088353908,True,True,0.4192590090823583,0.46374080510360005,0.4545121690997447,0.33952405304373023,0.9997245463857354,,,theorem_covered,True,30ca720a35f059895f83e0f1d5641c7a05b2f66d31e0c9f6b1aa152e9c278c88,success,success,success,success
inference_diagnostic,763b8f26ce16fd9c,dgp4_N50_T50_r2026080802_truth1-1-1,4,50,50,2026080802,selected_rank,B_full_mean,success,0.018590193997108807,True,92,6.826832152069869e-09,True,0.6986281744524822,0.15477748989440002,32.4788068401132,209.84192767483503,0.005536252235198055,0.074405995962678,0.2916661446413631,True,True,0.4659416755169422,0.3323371513714304,0.3476222535316998,0.7178656216476964,0.9960927955494224,,,theorem_covered,True,30ca720a35f059895f83e0f1d5641c7a05b2f66d31e0c9f6b1aa152e9c278c88,success,success,success,success
inference_diagnostic,763b8f26ce16fd9c,dgp4_N50_T50_r2026080802_truth1-1-1,4,50,50,2026080802,selected_rank,A_G1_fixed_time,success,0.12682745759255917,True,83,8.107591734127715e-09,True,2.5821593359197017,0.15477748989440002,32.4788068401132,209.84192767483503,0.0042405566564293435,0.06511955663569388,0.2552639713903526,True,True,0.44201659123952575,,,0.44201659123952575,0.633365494012329,,,theorem_covered,True,30ca720a35f059895f83e0f1d5641c7a05b2f66d31e0c9f6b1aa152e9c278c88,,,,
inference_diagnostic,763b8f26ce16fd9c,dgp4_N50_T50_r2026080802_truth1-1-1,4,50,50,2026080802,selected_rank,A_G2_fixed_time,success,0.14458858814371758,True,83,7.706636461914832e-09,True,2.566275695957878,0.15477748989440002,32.4788068401132,209.84192767483503,0.006191061050618174,0.07868329588049915,0.30843285222137423,True,True,0.5070262089755464,,,0.5070262089755464,0.7884516633463928,,,theorem_covered,True,30ca720a35f059895f83e0f1d5641c7a05b2f66d31e0c9f6b1aa152e9c278c88,,,,
inference_diagnostic,763b8f26ce16fd9c,dgp4_N50_T50_r2026080802_truth1-1-1,4,50,50,2026080802,selected_rank,A_G2_minus_G1_fixed_time,success,0.04437345618017537,True,86,7.592328129412537e-09,True,2.3571989365633765,0.15477748989440002,32.4788068401132,209.84192767483503,0.0012110855238359963,0.0348006540719567,0.13641605723894462,True,True,0.0650096177360206,,,0.0650096177360206,0.2030204645476591,,,theorem_covered,True,30ca720a35f059895f83e0f1d5641c7a05b2f66d31e0c9f6b1aa152e9c278c88,,,,
inference_diagnostic,763b8f26ce16fd9c,dgp4_N50_T50_r2026080802_truth1-1-1,4,50,50,2026080802,selected_rank,A_G1_time_average,success,0.0264977318826141,True,89,8.447401960383009e-09,True,0.9257339746450886,0.15477748989440002,32.4788068401132,209.84192767483503,0.0017096746161995174,0.041348211765438146,0.16208201177078818,True,True,0.3905396848256967,0.41033245988943184,0.43345196403943975,0.3278346305482186,0.9910003924792731,,,theorem_covered,True,30ca720a35f059895f83e0f1d5641c7a05b2f66d31e0c9f6b1aa152e9c278c88,success,success,success,success
inference_diagnostic,763b8f26ce16fd9c,dgp4_N50_T50_r2026080802_truth1-1-1,4,50,50,2026080802,selected_rank,A_G2_time_average,success,0.02686741721180697,True,89,6.5832508800415015e-09,True,0.9038607647307808,0.15477748989440002,32.4788068401132,209.84192767483503,0.0014427082466282142,0.03798299944222697,0.14889062186313964,True,True,0.44797833333902026,0.5171491503177682,0.4755723741600495,0.351213475539243,0.994323647127505,,,theorem_covered,True,30ca720a35f059895f83e0f1d5641c7a05b2f66d31e0c9f6b1aa152e9c278c88,success,success,success,success
inference_diagnostic,763b8f26ce16fd9c,dgp4_N50_T50_r2026080802_truth1-1-1,4,50,50,2026080802,selected_rank,A_G2_minus_G1_time_average,success,0.03578633438163329,True,86,8.492932308623186e-09,True,2.436131083062399,0.15477748989440002,32.4788068401132,209.84192767483503,0.002318672118910493,0.04815259202691474,0.1887546922700069,True,True,0.05743864851332355,0.10681669042833636,0.042120410120609686,0.023378844991024605,0.9855516853442339,,,theorem_covered,True,30ca720a35f059895f83e0f1d5641c7a05b2f66d31e0c9f6b1aa152e9c278c88,success,success,success,success
inference_diagnostic,763b8f26ce16fd9c,dgp4_N50_T50_r2026080802_truth1-1-1,4,50,50,2026080802,selected_rank,B_G1_fixed_time,success,0.09106264494467252,True,85,8.541776930223325e-09,True,1.4613134754620223,0.15477748989440002,32.4788068401132,209.84192767483503,0.009164469154079343,0.09573123395255774,0.37525954148518237,True,True,0.0063503573535797515,,,0.0063503573535797515,0.5626113532593128,,,theorem_covered,True,30ca720a35f059895f83e0f1d5641c7a05b2f66d31e0c9f6b1aa152e9c278c88,,,,
inference_diagnostic,763b8f26ce16fd9c,dgp4_N50_T50_r2026080802_truth1-1-1,4,50,50,2026080802,selected_rank,B_G2_fixed_time,success,0.13802589431739937,True,84,9.085217619474382e-09,True,1.4612536421835902,0.15477748989440002,32.4788068401132,209.84192767483503,0.02105861050764931,0.14511585202054705,0.5688436870922325,True,True,0.009625439677529947,,,0.009625439677529947,0.7936758954037185,,,theorem_covered,True,30ca720a35f059895f83e0f1d5641c7a05b2f66d31e0c9f6b1aa152e9c278c88,,,,
inference_diagnostic,763b8f26ce16fd9c,dgp4_N50_T50_r2026080802_truth1-1-1,4,50,50,2026080802,selected_rank,B_G2_minus_G1_fixed_time,success,0.046966541765639795,True,84,9.216982336779719e-09,True,1.4609378696117,0.15477748989440002,32.4788068401132,209.84192767483503,0.0024397504046553484,0.049393829621273026,0.19362025423240567,True,True,0.0032750823239501934,,,0.0032750823239501934,0.17631281282425215,,,theorem_covered,True,30ca720a35f059895f83e0f1d5641c7a05b2f66d31e0c9f6b1aa152e9c278c88,,,,
inference_diagnostic,763b8f26ce16fd9c,dgp4_N50_T50_r2026080802_truth1-1-1,4,50,50,2026080802,selected_rank,B_G1_time_average,success,0.023436207018161376,True,90,7.544134616885229e-09,True,0.8157227920828272,0.15477748989440002,32.4788068401132,209.84192767483503,0.007461900512557671,0.08638229281836453,0.3386123656519749,True,True,0.37042235072171,0.2934483893816439,0.21202956585883273,0.6057890969246533,0.9679963091355808,,,theorem_covered,True,30ca720a35f059895f83e0f1d5641c7a05b2f66d31e0c9f6b1aa152e9c278c88,success,success,success,success
inference_diagnostic,763b8f26ce16fd9c,dgp4_N50_T50_r2026080802_truth1-1-1,4,50,50,2026080802,selected_rank,B_G2_time_average,success,0.02518603018579196,True,92,9.533167817800878e-09,True,0.7042569003226726,0.15477748989440002,32.4788068401132,209.84192767483503,0.011050870631760834,0.10512312129955442,0.4120750633791242,True,True,0.5614610003121745,0.3712259133612169,0.4832149412045667,0.8299421463707397,0.9828003016753519,,,theorem_covered,True,30ca720a35f059895f83e0f1d5641c7a05b2f66d31e0c9f6b1aa152e9c278c88,success,success,success,success
inference_diagnostic,763b8f26ce16fd9c,dgp4_N50_T50_r2026080802_truth1-1-1,4,50,50,2026080802,selected_rank,B_G2_minus_G1_time_average,success,0.03138156434014912,True,91,8.369816606160068e-09,True,0.8383202743831255,0.15477748989440002,32.4788068401132,209.84192767483503,0.014880533325631292,0.12198579149077687,0.4781755158950705,True,True,0.19103864959046446,0.07777752397957295,0.27118537534573395,0.2241530494460865,0.9543125432099346,,,theorem_covered,True,30ca720a35f059895f83e0f1d5641c7a05b2f66d31e0c9f6b1aa152e9c278c88,success,success,success,success
