relative_path,size_bytes,sha256
raw/32bb33c3cfe3047d/task_bundles/00/0043411acf334c47eaa55fcffe67195a924c71d7f51ae6ba6a83d2ae81b74286.bundle.json,179332,867dbf5a8ed7bf635e1cede840d84c150c8c9438d607d75ddfa0944bd146b7a0
raw/32bb33c3cfe3047d/task_bundles/00/0052fc02fedfa44f6e19169d92788f081ce5b7b434104e87a156e58791720647.bundle.json,179359,a2650cee68fe17367ea167ab34da7d4ece30ed09eaf4b3ea8352551d701b085d
raw/32bb33c3cfe3047d/task_bundles/00/008b64ce42ed3f4703256150e90e180775ec71310690305cbdab8345fb3faa0e.bundle.json,179707,f42407144372a4ca283ad4bb156e5d375552ddf7821d0374ffa400eb2d4afea7
raw/32bb33c3cfe3047d/task_bundles/00/008f39ad4efc043faf76f9f4982613a1d5cbee7cdb1857391cf25db701c8a6f2.bundle.json,179886,14202935deb85d39b73b8519f91734b079981bfade31d2ca786e8291a5fa91d2
raw/32bb33c3cfe3047d/task_bundles/00/00bafb7e506e8889848cee994622a88f9f91b7c8a75d81123ee172b1d9560425.bundle.json,179496,d241fe6ee49aef1162ec88b31d44f88b7a0e6be256081a4d131e1b44ac95edfc
raw/32bb33c3cfe3047d/task_bundles/00/00c4332aff20fafe218da09d30a8ea368a611b2dd69338a72e059febe39f8e7e.bundle.json,179755,f32c62ba13f978b5bd37725648979d361a1796b8793cf21391831cbeb1e2d068
raw/32bb33c3cfe3047d/task_bundles/01/01cc559284bc69fc307fd88ee0e753a1a162ac57f71286349b161053f9c0b75b.bundle.json,179902,2ff46675246a19f58acc082473a79a971e749a8562c3507b2205d2c836b8b7e9
raw/32bb33c3cfe3047d/task_bundles/01/01dab38609666e5a6e56d747746eb308eb39fff3d94b33419872870307ba56c4.bundle.json,179720,dc1b5cb92cfd1e54b9032c4a7921ea934a8873c88cac234301643d7637b8c42d
raw/32bb33c3cfe3047d/task_bundles/01/01dcb3f21b62abb0836b63b84e73ce1dbd804cddd64d2f0a7092c7cc5009e5ca.bundle.json,179834,e5fdba3b14af47327c045ed822c19cce575b5f1206c5737577cbaffca99fff7a
raw/32bb33c3cfe3047d/task_bundles/02/0201d9c19afb8f8b633b9d5cf2ffd2cfa3b571f0779d72eb8a0273f8fe1b8f62.bundle.json,179698,81e762950f88a283e13c8cb406fbfe5d386f9d1d0cc4886305432a372eb5e733
raw/32bb33c3cfe3047d/task_bundles/02/0213154b9151f08ffa127ce9d7f18dc53ce19c49dbe08220ced23c3182473980.bundle.json,179351,e7a74735252a12588a9e3ca367ce63030dc32d77c3dfffb8724c3d2a49d8728e
raw/32bb33c3cfe3047d/task_bundles/02/02e80afec0390daa1f8a0277f326785d7c5ca3f75037d5cce18e20c78efd31c2.bundle.json,179103,1714281904aeb97a5b9523616a5a5bab2ad78b0da97aacd9564f8cc516729b5c
raw/32bb33c3cfe3047d/task_bundles/03/0328f6c49c11a75a01dca55516549ee1927d4362f651dfefcecf0a25c32a02ac.bundle.json,179340,60f43b8a5afcfd43a4c4df435dafab622d86300355003fc1c865962879c42d3f
raw/32bb33c3cfe3047d/task_bundles/03/0353e3f82cabffe5568512c8b364673e140b5565b0aedd164ebbc82450b1f293.bundle.json,179747,ef2fda495b89683c40e7391bdba6a2d4a4571c22cb43afa2de5f95d8be7ff793
raw/32bb33c3cfe3047d/task_bundles/03/039894ff7d5299a2943cb9bb2d557188a44d9d069f80a80eee428d1cb126bb0a.bundle.json,179537,21e2a6896efa374edae84e2f96e21ba8c30266f67d2cf1d763cf39e4cf0aae8f
raw/32bb33c3cfe3047d/task_bundles/03/03b4b2016e87c968c65d676ab44a375149ae15111f62109efa1469d973faa075.bundle.json,179268,c28bab02a3328a13866a4266fc4b7a40b2d6aec8e1e9690d94b274049c2e496a
raw/32bb33c3cfe3047d/task_bundles/04/041bfea55fd8ba96834e6f8cf9c92d9975fc2c18913da84983ce233eb0355e61.bundle.json,179634,e7bb7c038957a8db7f54e26080cef31e7d76c988eaffe58ac6dfb8e9a3c4eb71
raw/32bb33c3cfe3047d/task_bundles/04/047063e4bafe1e2adb2f44dddd0a5d55f24bfe6c79a7b9f8f2de8441f7a9dfec.bundle.json,179033,73dbcf206bb817be0d561c02cc2ce7553d4f9ef0edbeb57a391a499bdf7e87f5
raw/32bb33c3cfe3047d/task_bundles/04/04916268164900cf7dc55fa5818eee716517efba20877afa3494de215b77c168.bundle.json,179565,c22ec178c5a56f99243307f5a141d57ffe1a8fe6bf29c099f3634fb3463e2877
raw/32bb33c3cfe3047d/task_bundles/05/0512c456b970447ce1b40efccac15369bbc0d4bb259f27e6abbfd3622e0c2112.bundle.json,179769,4587f2aefe514181a5a28b8d73457852afa95dc7d3bcff2c770ce7b00dd3795e
raw/32bb33c3cfe3047d/task_bundles/05/0533cc48a0bd7a116a0e6d4ce5a78f657c7492ed0de8f50389e0c2468a850fd9.bundle.json,179328,236e6d5c169d56b2c79bf3ea1878a8b5f70906dd88150c24b75b7a35e532f4eb
raw/32bb33c3cfe3047d/task_bundles/05/0536a30c3869c05d310680e7e8506acf7d99c069bd06ecf5c41ec01d39821dca.bundle.json,179665,3fda68d8fcdfb08fe2907316564f97bf58b639ea2dfe31fe22b059f4eedb52c0
raw/32bb33c3cfe3047d/task_bundles/05/0539ef42c21b908cfe1f061f6922afa9ef2fb0c983ff210df167e658bd6a47e4.bundle.json,179986,5bf172f1bcf4d3da7b65469e2dd4fa1aa0602be0d18cc817f2ca3989fde94c66
raw/32bb33c3cfe3047d/task_bundles/05/056f2bdb70d3dd8f602ac286f67e4e2ac5e051ade5bb12a172518e06b9ea9b8e.bundle.json,179534,4ba8c7c3f6555c7a6851e543052d5a5d5981bfa15efdecf64efa2812e1757578
raw/32bb33c3cfe3047d/task_bundles/05/057d4db0b05482ce27e1e8de8609311f934cf3e620498ce4875bf582060bd81c.bundle.json,179355,bde5576771be523d4436878cd422257056d3c3124d3bc7ea5d16885ea4fa5019
raw/32bb33c3cfe3047d/task_bundles/05/05c58aae83bd95616d45f4774b4cba29afc42ce074b3309af1045c5db39b811f.bundle.json,181517,cd920f23d5e3998d6c3f0238bf2f0375ecde4f0109d6f661748b5f0fdb89e3dd
raw/32bb33c3cfe3047d/task_bundles/06/06b23f40693524ed8382139d4c8236bb5b9a88cae7e8049dd1026a5316632a35.bundle.json,178833,79865dbeac7d2882de751c1f9d722c7936a7c3eec0ac941034654450d14a17f5
raw/32bb33c3cfe3047d/task_bundles/07/0721ad0dd5a923ebf0d02d249142c47dfd3ff3c6f837798f52f6577c97887ced.bundle.json,180001,ca853b8afe61d961b0dc76ae462351204383f0cac36da3d8afdf553ace4d12df
raw/32bb33c3cfe3047d/task_bundles/07/0771f942b47cf169202fd4063a40afed6f9168dca26e06fd1a89adefdf6e6509.bundle.json,179485,bac60c7edabf4ce457cf8969ed45b874ef64babd655aaa19c20c413b560db4b9
raw/32bb33c3cfe3047d/task_bundles/07/07728e899d7fed8fc277e1622051b894ba18f92fcadc3c23696db8877805172c.bundle.json,180129,1d596f5aeb84f76cd3677962db986dd274d46e2e77216867541b6006cb47d252
raw/32bb33c3cfe3047d/task_bundles/08/0818755f69f8a1450efacb094860c1edfa6740e34c4e79d87a6f5982ea6adc36.bundle.json,179457,d1731dec931e9d3610c7a6b84c7e84973bc91e42611388d86dff825d8bd0bc5a
raw/32bb33c3cfe3047d/task_bundles/08/084b0f9deb4b46b9612a787b18140206a939a89791cfee472a2519111ee569c4.bundle.json,179677,17512793951152ed7790ccd254cca813b148b86a53c9f747dba089c73fdd081a
raw/32bb33c3cfe3047d/task_bundles/08/08565c3ad03e827565123009f2b9153d8b87d0993a361d5f7db318d8642e0e0c.bundle.json,179737,975b60a82900ad2c8a52cfb398c7f261ff042ce7e20ea0bd8287a92a77d70913
raw/32bb33c3cfe3047d/task_bundles/08/08932bfd7b0cb2b38cc31477267a82423baab6522be26d43e8fc3e1fd24d4e69.bundle.json,178881,d5309da0b6579822f71c90b33813bb1eb3cb8dbca484d5a6951757f932d810e5
raw/32bb33c3cfe3047d/task_bundles/08/08c0646e9639ef4ed14ab2fd23ba74d315e8c41cf166e6f5d7266b7a5291de89.bundle.json,178840,a3dcb7af237c21ba5445267817d6508654642bb68f3381f309a2812529f794e5
raw/32bb33c3cfe3047d/task_bundles/08/08f2deca72a85ed2ac6657bed2cf2521b225079f3514ab133e8f23fefa0946f5.bundle.json,179336,927cacc45774602f5e8ee541adcf7df8a481c35cd82708b2be78f11360e6b586
raw/32bb33c3cfe3047d/task_bundles/0a/0a0fd6317ae1e80115f17f156b1aca55116efc41abfea5485b608f4c225097e4.bundle.json,179673,5f309f140a693e0fdcd0f5fd1b22d864e452b16019443678c1d4a9b84b8b4b70
raw/32bb33c3cfe3047d/task_bundles/0a/0ae5fbf538ff14dae121c12677a7780e6099203f4070670cb5f8c0b492daa69e.bundle.json,179432,d1d31fee93728ace4615654edbae04a94dfd8ee66e7f470e872e61aed342d004
raw/32bb33c3cfe3047d/task_bundles/0a/0af2373023a55769233aea105baeae9c6c5beb1e9fb3cba425608a213a3c6377.bundle.json,179165,0e8b71a952ef5e7be8854b7b0f28b35876dfbbc0e49ea89c364d44319f1c0a51
raw/32bb33c3cfe3047d/task_bundles/0b/0b7a7bb7698f785ba4babbcd21978f5bbc140a73deeb5f4ade5976fe8841b541.bundle.json,179700,98724f98134bc72f610ab2b5869360414c52869e3a98017500233cfe8a6e2ee1
raw/32bb33c3cfe3047d/task_bundles/0b/0bab6bbb893e93a59517788174d4a4c07af5544f6e125fc4bb9e04885c2bf95d.bundle.json,179835,fdad9f85475002d4968fe52e5874c3e4dc85fe7ae05ddbbc386f4338c56eb0fb
raw/32bb33c3cfe3047d/task_bundles/0b/0bd37fd4cbed118d1f370ef74dec3a49b1dc715a04e6cf1539ed71d64df42219.bundle.json,179781,c9d2ce4163ab12945127c401b929c9a70f1f215c794a35c8d5fff45fa06d30a5
raw/32bb33c3cfe3047d/task_bundles/0b/0bf23d02176ba03f519a2f02d8ce392e1af92886b09fb1112e0aa764b9aa4d27.bundle.json,179114,673c338d1220cdf497e408f1593bd9daeb2c4bec43f6cdf48292e2d349df8559
raw/32bb33c3cfe3047d/task_bundles/0c/0c31b62421a49ae9fa921aec2a9027251c9a58134db287d36b11ef070be8c0f7.bundle.json,179883,b9463c6c373a0a74d831bdaff39147c05b6f7d4e873c6b255676130d4c06fc10
raw/32bb33c3cfe3047d/task_bundles/0c/0ce4c654ef6ab7e5fcfc2eb83ff91d97af1ec0b3e2e71fa0ea1db25e1ccbc315.bundle.json,180473,645f5b3277882d52df8670332e4f73ec27ae86f58f7b3e0bb0e823a544fc1154
raw/32bb33c3cfe3047d/task_bundles/0d/0d5a581252849bbd8227f71cb042e8a3f1b172affe75b6a6bfbeab2aa131701d.bundle.json,179579,47d517dca128968ad0d1657f8b9e75760f970e516bb54043ae53141d22dc5291
raw/32bb33c3cfe3047d/task_bundles/0d/0dd7c833c9a07024fa0c115c07c3a231c5e245833228d3e02c48b29074c1faf8.bundle.json,179575,338733c2dbffb95068660efd093355ecc145d3df55afda1f84222fe9de2a6f5e
raw/32bb33c3cfe3047d/task_bundles/0d/0deaac80dd8910ab75a3e71fd502c7da0c7889eb74d7f4120486ab3494cd853f.bundle.json,179558,a7dc358d5166333accc73f22f94d9c499c1bd9bd99749bfb5d298cb5dbd5b7dc
raw/32bb33c3cfe3047d/task_bundles/0e/0e48f361718a9ed077dbfbcc01f392b5805b4078fe4f8c040d4342dc4e2d44ad.bundle.json,179481,9be021b2db3b6fa6bfd56d4d6d5a9b2dcb8b228524859d1c637c85e60336db12
raw/32bb33c3cfe3047d/task_bundles/0e/0e52ad8ad90fcfbb01457225e1839af8bd758506d3c04fcbe329df0e4d236842.bundle.json,179892,a06ef593d1c76d0cbd0927014700a614cfe6aee2b98c4b1f74aef35c4fdc0325
raw/32bb33c3cfe3047d/task_bundles/0e/0e613ba711e6271cde6d48450d95f73570ffc9ead9f2c7c142586fc64a224555.bundle.json,179804,7bbf825a1f182818b14e68a91b17d59b3810bd5656eb778bf358b89b3da1dd55
raw/32bb33c3cfe3047d/task_bundles/0e/0e6f8f10afa619691f5fd0cc175fb552d632da81186a0c485e893e331ed5d9c2.bundle.json,179706,943ceb7c699a7ec9e20863e89266988ad5493bf9b1a37b02a04d4a9030108a49
raw/32bb33c3cfe3047d/task_bundles/0e/0e90062f5e18324ef908d9044a1d3281d91042efb0285969f849b7c98271a1af.bundle.json,179838,11805a9a99a99b222acec08f36e50b3e341b143500255192820ef6462107374a
raw/32bb33c3cfe3047d/task_bundles/0e/0edd4f2bf41c608e1e9cd5d08a1fab77962606a4f5f94d7c79cca8b251f4f064.bundle.json,179250,e2b31efdd9b32b5c1d10a1f319377e4d6bfa35eb3a30724923269da04d56e170
raw/32bb33c3cfe3047d/task_bundles/0e/0ee74b4883181f331a05e0c74ee8da652d0f5efaf74594c615219e70107768ab.bundle.json,179333,ba377e615d68a33745b5ad22753385432a383d1b8fc5e387678ad7fa16ca9fc2
raw/32bb33c3cfe3047d/task_bundles/0e/0ef32a5d28142298a3569826a51720adaef7884095d1224314a0f85b83fba1c4.bundle.json,179438,3436fff58b3366c5b37f458db48f8c65b6c99628bd0ce1c25e4e2041224b6a7f
raw/32bb33c3cfe3047d/task_bundles/0f/0f0587228b304342bfb508a5f4fe05cf34013cf477dfdc71ea6c17e1ebf9195c.bundle.json,179511,d3924b4738c6d8c9c960a0038db8e324df1ff78106b821e33b9b4a2567f30f72
raw/32bb33c3cfe3047d/task_bundles/0f/0f41cc99505e8594df8cf8c2a00cb136e843a82d396a50f8d01ae50110b89c41.bundle.json,179666,ea7366848422ec5417a0c58af2960b6148c1735c557a5c919204516bacd45eaf
raw/32bb33c3cfe3047d/task_bundles/10/1009844754d9ae6f008360fa40961ae4c4f8cca887eda39e2c2f729b6b392420.bundle.json,179152,92a92f68ed4c35b56b20ece5019de01ee58aa83fa74104a7c6fa4e7f76c19157
raw/32bb33c3cfe3047d/task_bundles/10/10806c2c67447d34602d62c1d8a16d915a895a3cc5964670e2942c3ed64ae0b0.bundle.json,179554,c8e66b008528cc56e1ac4ecc1f33de3fe322d4ec23e7d03bf9e9c166c9f1f42a
raw/32bb33c3cfe3047d/task_bundles/10/108b07ef3768789dfa91625b9e0d841264cd700a5bc87ca7f75faa7cc8563512.bundle.json,179641,6fcebefc069e22d328cff6a553d5544fcd816a75bc2007cf7a0cbbdb3e7ec4bf
raw/32bb33c3cfe3047d/task_bundles/10/10be7bcbff15c50867ec722203d5e6df64607e5283b9442ccef7b71f64fec3e7.bundle.json,179237,45cac79275e80dea5d7825e8e4aa59fd12a82acfa8cd5a01ddaf1e4233e25134
raw/32bb33c3cfe3047d/task_bundles/10/10c70f593739f77f82dab2bb0dd56949cd23698b1f0bb4a3dd7a077453ce29eb.bundle.json,179862,08e335efc5cd9d9ba800c46536cab3b723f5e5f77d01eb1e5106e096150bc4fa
raw/32bb33c3cfe3047d/task_bundles/11/11a36616cb7fa7e8aaaefaf97c17c371fed702d438c27b77ac10cde3b3d72f20.bundle.json,179461,d74a4871d30566219e896d0be6363ec12b310ae0fa7cc9148953ece423ea1a56
raw/32bb33c3cfe3047d/task_bundles/11/11d6c76ed500bf99c84223cd76ef9d2980134262226987b64451e9b3d6cc51c7.bundle.json,179674,7ae26918a934d496f4757e9c656d255bffd9ed25f62f6596b12bc212ba7d3a13
raw/32bb33c3cfe3047d/task_bundles/11/11ec6dd89871d26a5f6c65a356b541f790f8937bc6e08adec354e3e59042228b.bundle.json,178956,486a4df409e5498301c9644b30de855795814d47d5b21d63ae05229c8f1cbd68
raw/32bb33c3cfe3047d/task_bundles/12/1201cecec5e33b536677e44b4f98fecf245e18c347a0f3f79694b466ebfcee1f.bundle.json,181099,2a6fb03516b7efb4b2c1ae16302ddba836a523cb3d202834ee2df8e5541b8eeb
raw/32bb33c3cfe3047d/task_bundles/12/12d0eefd3de2aadaedee55b52105a59eb14648c746a12ea8cd04c7876210c0ae.bundle.json,179600,75f4dedc3240be885c267978e7aab977aca828681df6a7aa240b5b90d9609857
raw/32bb33c3cfe3047d/task_bundles/13/1324ed0f3190318676b9fedd990b7a5a1ea87acda50fbf3e9b10b002ca734620.bundle.json,179004,6c6275ad761c161b74698bd31914e4ba229305183d8d9fe919e2f27e5901856a
raw/32bb33c3cfe3047d/task_bundles/13/134468a478190a9d2773ea589cd84fe0d1d3ab7c0bf6a55eff600fc475bae8c6.bundle.json,179806,a9108616aa06b2ea4fa99bf92977cb3d28fecfb236ea3d43dc671f16a15d8aea
raw/32bb33c3cfe3047d/task_bundles/13/138080fb88734f1d6ac25ece96e14db4e89275a64a93d0c1d4e879ff2310ab30.bundle.json,179565,b0e73981abfc6b69f7485e2b91d2c221cf5b0bddedf7469b883695d3d649c6ea
raw/32bb33c3cfe3047d/task_bundles/13/13c5a57f32ccc630f88bad96f79b0a8701864cd82b5b29c853040151eb27a509.bundle.json,179565,f5468103a3b776295d3a6c37a6c45124c8111d8fe9bbe3df52303eee10e5ea9e
raw/32bb33c3cfe3047d/task_bundles/14/1406c965cbb09c94296b06406cd6bd54426ad9258e7ded135e29516c47a23013.bundle.json,179157,5af5af5cceceeca792662d96324462ef5780e1cefd18d24cc5b1c78afc8c7fbb
raw/32bb33c3cfe3047d/task_bundles/14/1422f3dc5aef941b303ed8a7f991ff2c2781988e8cf91c9e8a409f5ba1a725e7.bundle.json,179736,efec1969d8bce57186cc6a20b6e4a54478ada1bb716f584425f04d88d3818eb4
raw/32bb33c3cfe3047d/task_bundles/14/14704300691031bda66bbbd4c0778bb5c9de66382f83823c814ec3e7175a93e9.bundle.json,179780,bc882586f342e6919791741cf8fea3524b91f0b37bb118a48530124e0062c453
raw/32bb33c3cfe3047d/task_bundles/14/147d059262b8282963a9b2dade7088d4f4f0a0ca79e8bff5eca56602eae6cdfe.bundle.json,179270,53c429af63388bc5563281391c8a38950cc51a80f10791f5421d0119b7b71182
raw/32bb33c3cfe3047d/task_bundles/14/1492bfd1c33a07a6e26314c8cf41fa13bc2e7e31a17322ae6bd56842f8a95349.bundle.json,179021,060ab0e04bbd1f1eef5f27ca9a0596c3ae00464a708e97e082821c3b341a6d80
raw/32bb33c3cfe3047d/task_bundles/14/14c0323ca96ffba0ce9d42a0e8730852f63edd2c77867a9a2c0555883dbd0943.bundle.json,179436,3f70e4fa888c207d22beffd74b36c21162cee3dccb42c596b3af5d9cc6b077db
raw/32bb33c3cfe3047d/task_bundles/15/152996ba00311406685fd40be8650b953dd0ce06522436d869a8afd404a3637f.bundle.json,179026,ae93f81715ffb6d2566a5108a15a6bdb6336fafb8b0c2d14903ef5960b568ce6
raw/32bb33c3cfe3047d/task_bundles/15/152a56ec859599e952ba573db7d78a22c582174b0dee3fbc5abd5ab18f27f6cc.bundle.json,179926,1d6dae0cf61cdc047457a1396a6b415790366d9989080566990d59f5104d515e
raw/32bb33c3cfe3047d/task_bundles/15/1592dcabcf3918972abe359b2e53cac69a5e4129506f6e64c9d7767386d47f79.bundle.json,178609,477c59b9cf5f4888e8ddc25392848495f1b6e331a53f6ee3f3ea636f2184778a
raw/32bb33c3cfe3047d/task_bundles/15/159d2a8e858ea777d80788aad125adca6a3f3618217de3d254a9a4a8ae88db78.bundle.json,179610,efef2eb7abd7b7a0026cb8ea090aee141533f0077ed65ce5a7da4fd2ad5dbb45
raw/32bb33c3cfe3047d/task_bundles/15/15a5516f11b93e2b59acfa5a2ef444624dc12ca87fac26cc67771b6ba2fb8d58.bundle.json,179270,6b91d67e455a8b21fb0cf6084834f82c6081d808b8bc2f948ac166d81ec408ed
raw/32bb33c3cfe3047d/task_bundles/15/15cf56af41f68377c1206231927e5ab6d9f5bdb215e3060444db9611c128ebee.bundle.json,179467,c7e64d88896174d744e3aff5dcbbf5271591490558b830185d89a26390bff9d0
raw/32bb33c3cfe3047d/task_bundles/16/167546a95ddb57d14f4612faa80bcb469cf6c39dc892922eb03547122c99c94d.bundle.json,179561,e2716e58a0de57115c88ebf7d62f479cf45c02f1980a4ced0255bef504e21d3f
raw/32bb33c3cfe3047d/task_bundles/16/1677ea943c8c4b93b48f3c7e620d67ec899f651ff2f227088595d76470630dd7.bundle.json,179551,45e9e12177b022fff4ed3433986611587cff9e258dc609dbaf97844b22989245
raw/32bb33c3cfe3047d/task_bundles/16/168c1a0eb1dcdce7ad2eeaee4db1b5b48700a054cbe2fdc9c71d0afc76678607.bundle.json,179432,c07f72228a4a6abfc6d7cd60a0f9071e7c7b700db3d06a75813df766b541510d
raw/32bb33c3cfe3047d/task_bundles/16/16cfd944121709fd2da45bb4cd2d597f95d4a97b062bcd39c1e88c188db8b448.bundle.json,179529,3c09de6046d012a8395ada79664a765c777cacbe60b292f597ba1460bcead4c2
raw/32bb33c3cfe3047d/task_bundles/16/16e613850954bf399497ca4baad29621c4878975fa915bd99906944888d47b16.bundle.json,179264,cf254fcdf158b6556000b6913b229ffb9abfc8acb09694e924da12626d3b9e62
raw/32bb33c3cfe3047d/task_bundles/16/16f12fc00858955b00b00ac9d0e6b25006faf9f055d09f0f2307f6dc3aeb7509.bundle.json,179581,5b277724232db251efbf1278e9520fa8495c4ce29773c80ad1b00041367b27e3
raw/32bb33c3cfe3047d/task_bundles/17/1702bf1aa41d5200efad70be355ac16802f9cea20a79b855f0bab20f0b83f898.bundle.json,179238,5cb478572f2fc10470cb622f384da1c6975a98f58b860eaf1bef5e32e38572ae
raw/32bb33c3cfe3047d/task_bundles/17/171ee06cd738969d93055365589f91103a1132ca5307037daa8f3681616a3b19.bundle.json,179135,513feb96cce82bd4174c5b143e8b00af8ac201497ed724102f5a80741c166e9d
raw/32bb33c3cfe3047d/task_bundles/17/173049c1216a5d2d1e0f02f386571bbf42e111c6a92a5783157faad082cf122e.bundle.json,179348,51de962f1cc32bfc8e9ff5c68731664d37f3b955a46b1c661174cc4e932d5858
raw/32bb33c3cfe3047d/task_bundles/17/177c8356695bbd0582bf11de0940227556120a7affe238c95e5bfffa3e2165c6.bundle.json,179220,b1e0af6faf67aa38294f3b79047d056c2b788abd20451ddb2495958bf448da7d
raw/32bb33c3cfe3047d/task_bundles/17/17acd503504275a72006b577849989f97327413e6290121170cfef07f03440a9.bundle.json,179124,aa51163dd249db46f764e8c5ea28dce9abe16bee01696f4460f9c2ec4469a1e1
raw/32bb33c3cfe3047d/task_bundles/18/181336ee3199a93e24a4cc738989b3510757edd55ac646229a3fc155fc099185.bundle.json,179825,63f0fc8ca4b5a8117e5d3661af21a66e96092d0f8f575780f331b3b9c92e7d37
raw/32bb33c3cfe3047d/task_bundles/18/187f6c90aba32f76e1634bc4a0b3a44c3d120d5da228ed516331ceb680df4b51.bundle.json,179217,ef3bac14a457914f860a6a09a814a39f509de387b575318e2ff18e8101b4ccf2
raw/32bb33c3cfe3047d/task_bundles/18/18d1dd1f49608e503d4b5d622f36314ed9a0295f94a0923faa8bf86e4ad022f7.bundle.json,179281,c391631a3ff6db430978524b7fd442e31de831815ea1e05b236f4e9a203e6da2
raw/32bb33c3cfe3047d/task_bundles/18/18ea4eb5a4afa7ec108b6c0e315665f7d05beaa5e6962618a9f930f16a36c136.bundle.json,179580,81725ae9b4418bbd831488d0d1a45151d4fe66c2ba8ff5707292f441202fdb8f
raw/32bb33c3cfe3047d/task_bundles/18/18f4faab5ec19f8594c9fe0692efaa2f1e052dc1a8c0793b5921d2cb8dbf88f2.bundle.json,178995,b835c13f5092e1310d5ac96241959bce9eada2d52ffc6fcff63b1f80c3be4480
raw/32bb33c3cfe3047d/task_bundles/18/18f720b6e2adcec4c509e14a166f888c039479aecd900a632a37c05c5589e7ee.bundle.json,179859,47d9c86390c2c5962ed4a51032d82293566fb730d76f3dfd1d8b704703a1a0f5
raw/32bb33c3cfe3047d/task_bundles/19/196fefdf438e120fa92c9cc2c12a29656070f74711941b5e6c6a69207c899ce9.bundle.json,179302,c86cf3b57ca6f8941741038ec540a6f170451d9e5311eed33f5f592bf11ef2c3
raw/32bb33c3cfe3047d/task_bundles/19/19fa54752bba98a47c40e65bf98c5739b0bfd2596804687a01f45b59303c8ca6.bundle.json,179865,3bbbc9782d4a7035d2bfa84efbf42414bf3caf052581cf10ae8ea9d242436fd9
raw/32bb33c3cfe3047d/task_bundles/1a/1a6200fa406362df6a9d4aaad46cb05751b17e2dc90a49bb82fe5ed51d036a14.bundle.json,179913,3783f1e07833256ff97ab112742484a118cc924267a4c0904d30d10bdc3d6051
raw/32bb33c3cfe3047d/task_bundles/1b/1b619bced339c09b7c330a1cd33810ab99cbc89a25c5bf38ded8d36f632c3bd2.bundle.json,179664,b38f1af82f121a5ac04a3a4e2e13ac158b8dfaf1c98feeef5e9229755935b7e1
raw/32bb33c3cfe3047d/task_bundles/1b/1b87e73dc02389aa54fa33cd0d421d5d83e9f2e353d895d11b3dd276b40dde3f.bundle.json,179900,b8cd59c17ec6af137bcb9a2376314bf4c7d4d9dbead587587810706b4e444ce5
raw/32bb33c3cfe3047d/task_bundles/1c/1c5d462faae4e56f76ec3164627285b90113572163fa5e6c01e70e0d56231241.bundle.json,179269,841ca320c94da1c2228ccf0102dd223d7ff26fbbb1d34da2acc0ee34514f761c
raw/32bb33c3cfe3047d/task_bundles/1c/1c620d53e7ba227149a8cf7a574975887c3c0419d5f20c1f3113c95ecd0abd76.bundle.json,179442,64d30fcd0547080a6660b0c1f8ba7e0f2f4adf5e0b1277d379b89bc83e658de0
raw/32bb33c3cfe3047d/task_bundles/1c/1c8632233e1bef4d371c0ac787725e65a8771e51a2dcffab9969e5be2ddfcca0.bundle.json,179378,f5787a63bd92597960ede42c71b353a9e07de2c0f16a5a1471a12495979ccd84
raw/32bb33c3cfe3047d/task_bundles/1c/1c8ae7b59a85b08a5be975988325055627325e1358e87e3da3c7331af4914f1c.bundle.json,179013,7940473eb9567c6d54baeb84bacbe5d37c1a103246ac212be5691aefec23fd6f
raw/32bb33c3cfe3047d/task_bundles/1d/1d19b9414086775bbba4879bab2bdfbb6458fad9102f7af8f5069a9024be4499.bundle.json,179695,53850ecac489adb3b401245470d9d785a3dd86c5da6852b3973ee2110020427c
raw/32bb33c3cfe3047d/task_bundles/1d/1d3b2d8d15ed888ac9a5a0119842143968a98b54ce336a1843ed45c2a03e50fe.bundle.json,179774,374dcf923f2edb87bbcd28ebf43f8eaba5e1e487534a30292e7deca3d5dd950b
raw/32bb33c3cfe3047d/task_bundles/1d/1d596378d414202a1d03c8186fec3a4120e5f13c235bbfdebc1cf768e0d055a1.bundle.json,179380,e245675883890aff12389f05b21500153cf62dc462776c02ea0d7001803edd03
raw/32bb33c3cfe3047d/task_bundles/1d/1d77adc8baa2e5b37531b87704996578179731ae8be48086f107a0701670df12.bundle.json,179584,afdde4bffc30ba72562bac245ccafef088599f470e56ef39689f33de96bb1530
raw/32bb33c3cfe3047d/task_bundles/1d/1d87c582275f169331fbfaa5cd882226afd62f8f2898bf25422ffc9e12845358.bundle.json,178992,19376549edd4ecaf2f6c9e9087282dda952291746d56983d60147c2a1f5a0a34
raw/32bb33c3cfe3047d/task_bundles/1d/1dc1e5fef359e15b123a66a340c356c6702ff59e656560ef140f5d7225a033da.bundle.json,179718,fc20660346b2fb45a6ec09a1c0a457e9da48fb2ee4caffb11b826872488bc731
raw/32bb33c3cfe3047d/task_bundles/1d/1dc4d8b96b907e9e2a5a041348d353e9406a5e4d615bf17ded45fc30d137aef2.bundle.json,179939,634df96bad4824339130af63fd98e0583d004f9343ad00f50ef8cf4e1ca2e062
raw/32bb33c3cfe3047d/task_bundles/1d/1ddd937e7db8e04359487837022b55a6057cef12295621f2b3145432bd23f3fa.bundle.json,179373,b9070caf33c995a6f969eca0a5f236fa5fc111e8e78029baf4119d242597aa55
raw/32bb33c3cfe3047d/task_bundles/1e/1e12a4fd850dd42baa34272ab5cc1fe279cec705187baeebd393fc5c4e9a4e9f.bundle.json,179122,4f0985fdbdb2b55fa7f82d41492cdd6c275d6c3854332afd8fcab44f06d3604e
raw/32bb33c3cfe3047d/task_bundles/1e/1e2ca1caac029fa9504726c48d00599e8a675c505b90792efc1c961d52ee1ba2.bundle.json,179484,76db1ff567195d24e31e9b00652b3fefa6384b9275bed8536c0e99e8c953b7ea
raw/32bb33c3cfe3047d/task_bundles/1f/1f2f159b366c309282481cd6f75911302100eaf53e9df9079c85a4d02d00073d.bundle.json,179881,d3a220d0037f1c6b921ab466a203f45b4df3b77fbfa7d39e8ddce1028f5a5c27
raw/32bb33c3cfe3047d/task_bundles/1f/1f3ae6c691941d5589633d6ec94638f310a7c4f0f0154e919be87d92f9f4f76a.bundle.json,179971,5dd8c9575dfed4f5ab5a0d988efe2b415d7599315a527cc4bafc674c3e7e0503
raw/32bb33c3cfe3047d/task_bundles/1f/1f7d6e50db86d7be88e993fb2e27996a60dd7e0be40059d70d2af8542ce660b9.bundle.json,179602,a39a24a9ac59203aab7cfd2e97df887d04324a07d148bb9eabe672f228d6cb0e
raw/32bb33c3cfe3047d/task_bundles/1f/1f909033e75e2406906298abbf4deda958affeec118d3955ef6b2504a8551902.bundle.json,179521,bf0cab9cdd53a9f6199817ba2a786d05f2b140cf9c91315658c77dc5ee05afc7
raw/32bb33c3cfe3047d/task_bundles/1f/1fbbd50bffcc03db4fac983c19420cfdc0474598774d07152f8b671b565bfafb.bundle.json,179014,86a91d0c5ffc9761c035cb834e51acd3d7cc731be166b5a8480591a602201772
raw/32bb33c3cfe3047d/task_bundles/1f/1fcb3ee7e3b829ad643380d9594b3be2e35766d0b364d9720087557037d566de.bundle.json,179635,03ad92316a774ba932c0988c006732b0e6660d67c1ba1d0a1ef6df9f97a50620
raw/32bb33c3cfe3047d/task_bundles/1f/1fd737502f8e3cc3c3a6fb6c71145ab285007964325d18b6395a756e24640c96.bundle.json,179466,0856c56c3b4c8d89d623775c722d5b437747b10b2ef49d6c61fc39ca1f4deba7
raw/32bb33c3cfe3047d/task_bundles/1f/1fe4c9147f9c582172f980c29ef8d54bf6062fbb0040167196af9d2585997d09.bundle.json,179245,1c72c87744c1d46ea89e7dd886b2b8ca94195a71ca14cffe9c6083df8f832948
raw/32bb33c3cfe3047d/task_bundles/20/201ec34b884cb6aa2a4836ed81dda5a4bc35fc27aaff0851aadd31a8f3345f70.bundle.json,179494,bb1f9c7f6d5cfb099a1b59a1fe4fa2f3761f19b61bb7b28614decbfab7873bdd
raw/32bb33c3cfe3047d/task_bundles/20/202137abc9e1de4df2ade01e6165ec3e31f24a6c461c2a01324d6e684cbc0b89.bundle.json,179520,4a27af08a9f35dfabe1c061de4140dc24f65c3343a5cfa421d9794e3cbf66f39
raw/32bb33c3cfe3047d/task_bundles/20/2026a49be595844b694126341259d39d8996cfc00c57fcfd00888c7030416767.bundle.json,179456,23d6be5754d11ec77ecd205932fb5f2bf013e2d74e4e8196caa9856f6a57d13a
raw/32bb33c3cfe3047d/task_bundles/20/204fa1020b9e2e68e6dae1f936de77b231032bc76a6b4af793f282a76b1846fd.bundle.json,179570,5930daa5ba1acf02140248ea18e452c882d8a736f81a90c973352ef43cf859be
raw/32bb33c3cfe3047d/task_bundles/20/2057772904220e5ca301432755cdfe6a0ee77fe70f91e902b1c384f7b744e1db.bundle.json,179503,0d0cb0fb8029ff4b30129adf3d468df4316cbc39b1d581670fd0e8c7b268d26b
raw/32bb33c3cfe3047d/task_bundles/20/206461a062024e40333d49a8f71a206610da47c2c1a46216e13713a19ec7f0db.bundle.json,179350,2753b2a2562507282404fcd81bf65eac73177bf1230209a0e9e3a32b4e560e56
raw/32bb33c3cfe3047d/task_bundles/20/2073fd562c38563d62494617fd60fb38c621c56fc85f4cae2b561e726878498a.bundle.json,180005,2fa1d7cf20bb8bc9ded7d5ed60f44af8b11aef2104892e12081e250280182adc
raw/32bb33c3cfe3047d/task_bundles/20/2087795418ac468c026f0b1372710b0f3841ff0af1675304f534336e33a665d7.bundle.json,179516,851c3809efbf77f1a160268d78a17110cf3d5460ea3fc1df427f9a28b15e699d
raw/32bb33c3cfe3047d/task_bundles/20/209dbf521d7acec482d9311684db9bd01d100b31a7bd41e181e688e800baaef6.bundle.json,179384,3ee88127b812a3a139a427bc494c3c2c39ce9e46f82a1251295a53902963bcc6
raw/32bb33c3cfe3047d/task_bundles/20/20afbb1ee78a266d046401e95d86711ec5d8aafbab09d3e296af95bc89dedc33.bundle.json,179440,37222b3e5c48c2a010ced9e08ab4692d54b744be3a14e37237e9913eb0392c8b
raw/32bb33c3cfe3047d/task_bundles/21/2184045a0807f93207bac5229efc252e441de118408626dc19bf7ec8b12ef8fd.bundle.json,179601,0a4b6c6b60b83abffec68eaafedb653c2241e47f22f9f5d4a114e29a6afa36ce
raw/32bb33c3cfe3047d/task_bundles/21/218819712336d6bb3bbd14c7143bc0b7ce3ae747c6873f28a92bf83baa3db31e.bundle.json,179123,96624d112d135839bf3fe82f3a521a863197ac880b1c1bfe4be746a5a380b598
raw/32bb33c3cfe3047d/task_bundles/21/21894f3680bb065f16e35d3c22dc7597b8c05ed9afcf4073d5ad0ebf2f734662.bundle.json,179662,e14140c644150682a8b38232682ee1f8f0a2240d4563cb54ca5e2c0e5fa69fde
raw/32bb33c3cfe3047d/task_bundles/21/21cc41774031b6c894d0da2cb11b2413edf871407c63202d3b7621aaeb6c198a.bundle.json,179647,8ce9403307b229147166f733c5fad3e1beb10a74ebfac3854f52eb174617258b
raw/32bb33c3cfe3047d/task_bundles/22/2223005cb77889af5bd102ef389bd8e5d136d819925a4a5f7e029bf40c08c197.bundle.json,179428,d7070e71d4f88d6f1de6e892ffe07b73175978bafa467e428094f2783aefbef9
raw/32bb33c3cfe3047d/task_bundles/22/22bd1d4a3591242c79223c24a9623b4cde4305c8f4aa11b42dfe57602264b04d.bundle.json,179868,b2822a210b33986e1e36b331e68a846b03466728a6d1711777692722d069886c
raw/32bb33c3cfe3047d/task_bundles/23/23156c232279d42505d40059d949317bb204c05d9dc7da1654c0de7160ad010b.bundle.json,179884,800691120b8886784a0b57e7805f54bd9030709f4674659d02119def1a7fedef
raw/32bb33c3cfe3047d/task_bundles/23/23c8e8839d0141a2d3d8c6a770a642bcee702462224b7223d79aa36de83fd9ed.bundle.json,178989,523d02e72b6a31c049b82c3cffec3c3c90b57aecb669639248eb50450ce9855d
raw/32bb33c3cfe3047d/task_bundles/23/23cec79d4b2eba2863158e03d88d9743f266786a16c8bd4f86074fe85489565b.bundle.json,179451,ebf96504ef077897fa25a2cdc04b53f5d4bceee6d56d955b7cc1f096c7f02c4b
raw/32bb33c3cfe3047d/task_bundles/24/2457f9c7ff3cd810cb64e2ef0c64a8c98ad9f5fe3a7b34d78a94550de7f08b09.bundle.json,179756,bd97da6a1eb6268ab30b50216cd5e94ffbf2ba5fbe71afba5e07554fc8ba4618
raw/32bb33c3cfe3047d/task_bundles/24/24601156d8d4ba7d7d8e0c0cd3fcdc239d78c307a55b8f3d1314b6d8e7aab5ab.bundle.json,179809,6a35646617f86e35e015d5a49d6a449da6775ca1b1ad87d2cb6a990eb4397dc3
raw/32bb33c3cfe3047d/task_bundles/24/24a48ff5da30e48751faf03196bbc247c113035e57cfaba66222642422d827f6.bundle.json,179572,6f9b244d387b40b67566af78089ab763423f8f28ed7fb6222c05eee238ebe9b7
raw/32bb33c3cfe3047d/task_bundles/25/250cc7790b082bf8a5f81bced1331be0163d367a4ae0718804d5bb3eff7514c7.bundle.json,179500,f08fa8aed0e5530948d2a7577e5ead8fda4743757d618ddf8180c30de3b69bab
raw/32bb33c3cfe3047d/task_bundles/25/2540a7d9a4fabc9c29fc98d14d70c68b3be66dc6e7e761b45bcef99d629cc5b5.bundle.json,179834,c7ec20048a725d09d1265a042b7a9fa97d4eaf6d19ff26cd72233e80fec675d2
raw/32bb33c3cfe3047d/task_bundles/25/25990d02f04f14dc5b2f4e5d752821104334ade42c7fef261fb2657c6912d4ca.bundle.json,179641,754fb69e87a666dc08e95658337d6cbf35f910bb5b0a5da23b1d22a2232bc2f1
raw/32bb33c3cfe3047d/task_bundles/26/2603bcda2b78e9b4d76b74b252a86a3192a0c73a19900cf7e3c34f773794dbe6.bundle.json,179927,b9273e723c8b032db036c7470a2780038234f987604b29470025cd6b3682f444
raw/32bb33c3cfe3047d/task_bundles/26/26304084cf91d4f7c43541f88521bbb237e111658892f7033b40d2f826b6709c.bundle.json,178854,977aaa52e8d3e3d3a9b3627f143a1c1e4d85df34d03ac8a64ea3cb715347b3eb
raw/32bb33c3cfe3047d/task_bundles/26/266de009be681682dfd284dcf4faa6242cba485a85e5468e098c735ebf8e2bc7.bundle.json,179366,6cf40bcee1c5b2f166498feabbffebc633baaa8bea257e130f726415a2735d89
raw/32bb33c3cfe3047d/task_bundles/26/26a5e193746d806ed4d4fbe53624a11b14c0350f6e5a4c3aa6101ff770c8f450.bundle.json,179340,22026c8421e29cc9dcbfda89d33829f9b5cf506ef7e34f76e45dd33e84b57226
raw/32bb33c3cfe3047d/task_bundles/26/26bcdc86b7fc42bc97b607e2f00ae7333aa6b74630f330198760eb9eb26f0604.bundle.json,178777,98056e6cdbb857b72bf475976421ac12159b6eb7096a7e0814218d43342263df
raw/32bb33c3cfe3047d/task_bundles/26/26e3f834f3e3b2a5cd448825fc9c5d171c02fa23e9ef2ed3389bfc4d052574e8.bundle.json,179907,5d70942f738217505ec45bc8258ec1d1b38e4403baf99d323fa917166316c034
raw/32bb33c3cfe3047d/task_bundles/27/274c0e97826b480b9d642ea0cf3efe37177b00f784d117ae082c91798671cfab.bundle.json,179703,b08b96d2c74a327fef6eeefeaa4a6d1c6ca55fc17622270ee166b3783d26bed1
raw/32bb33c3cfe3047d/task_bundles/27/27987e04feaae7b530ea9df4dd282f3962c63a03ddc16134b5ad6fc19380c946.bundle.json,178676,1286be56e068573e5a03b169231f045263a26e783ef55004670985b69dfa09ad
raw/32bb33c3cfe3047d/task_bundles/28/28106b2ed69d8c51ec3bf65672349d0086c0437a9da80f4700b723ffb0c50f4e.bundle.json,179487,e1241e2c4b8611b88fae60ac7372f105e6e5e08630c54860948253e52763f105
raw/32bb33c3cfe3047d/task_bundles/28/281651b2d45ec1d37560946a3547540084929406a0cc4516b743f331de79076b.bundle.json,179342,bf560585113387f0d5a3d886488ad811a69451e30e72fbc32292f22eca0381aa
raw/32bb33c3cfe3047d/task_bundles/28/282a083a4847b31fa3639ec32dd8fdc732b65d2130c94d65e724bcab7245ae42.bundle.json,179388,8d0bbeea69029e71a11bf49279f63ae2bf40df6e149e150840a61f9feb43c93e
raw/32bb33c3cfe3047d/task_bundles/28/284dae5d82a46d5443d33006cfad89a2e74d241b46455782ac70146dcd6045b1.bundle.json,179715,829ac726398977461ca8507f06daf27afc028999503728ae41a416d6a73d8898
raw/32bb33c3cfe3047d/task_bundles/28/28efe0eef2fb2eebd39bdf12629822ba02eeeb06b6f2e0587601a08825da9557.bundle.json,179961,9356d5dcb5780ecfb84f07803b2f2a91956fec34def296c7d7a0b4fc67f720cb
raw/32bb33c3cfe3047d/task_bundles/29/293b2f63c650d1272690d01e4b8fc6a863368516e9f18f869f21956472d99292.bundle.json,179865,5441a995b4f92a34a7fbe2b4e715a8d0360e97fe0f2d3e4aca57296377cb61b8
raw/32bb33c3cfe3047d/task_bundles/29/2984d87a953838f412a916dc4325d5a3f511128e680f9e17787115da8a048397.bundle.json,179899,89f733d059aab3b52cdb47e446bffb8ac2c717598fa7c841cd51d494c56d9d32
raw/32bb33c3cfe3047d/task_bundles/29/29f49268855b6d649457f92aa4c5edaad9df70c2946f7990bfa64661199f2f29.bundle.json,180299,286197fb214bbc9c5b91a02aa90ef18223f97138c7aa2c9b103f3ddb226f24fa
raw/32bb33c3cfe3047d/task_bundles/2a/2a991afa68d00422b03410f87d42c1a1efb6b18f35953716cf86d9d4af821360.bundle.json,179382,40df838df2d9a942a74b404f75cbe0098bd1b8f4c87c26015d020094e6ce7c03
raw/32bb33c3cfe3047d/task_bundles/2a/2ae0b9e3e3274474baad3719292d87ffbcb41f1ba3b2957e464d9047c5a60065.bundle.json,178575,288f5e0b7da5196beb6062bee0fc2ad5bea8498cf7addcb2413307aaad72cd94
raw/32bb33c3cfe3047d/task_bundles/2a/2af86dee8d5b298811998940f9dc7e640869751f689fbba7d259863eed339a77.bundle.json,179378,519fe218316457a206ef06b963bc748637b8139c6319861348905816357f691f
raw/32bb33c3cfe3047d/task_bundles/2b/2b5e4c0abf0bbe1dd762584fe9455212129a2ea628590a90875d9870926af023.bundle.json,179014,094246d52580011447bfa62248f14cedef3c836f4dd623ce7ad865182e8a0e80
raw/32bb33c3cfe3047d/task_bundles/2b/2b76e43c9e35d18500e5700d9484ec0eb4ee26a696244a7f07cefbba666a4672.bundle.json,178992,d54c1a590343a43d4514b7fee95f90e33b63c51d3a3717f2508f608818d3dad4
raw/32bb33c3cfe3047d/task_bundles/2b/2bb1b2435a01e1db16328d0e828370538a69636d3cca40cb837de10bbd9aa610.bundle.json,179631,25cbc3d8378126a811780d9697463d7668efd66a84eb87b24721c2709f3780b4
raw/32bb33c3cfe3047d/task_bundles/2b/2be42b67e644ceeff216bca67dc441c16f361b160415552a6ccd1e741ef23498.bundle.json,179321,f5681e0ff473fff7dc286fc007fa2b236ab9f29d290d2a515dd859f2769a38b5
raw/32bb33c3cfe3047d/task_bundles/2c/2c433a87d9de634a4b367f2394a036ad28c08682aabeac52b3dbb0a822e9ee94.bundle.json,179202,c530a324fc38f8c21af3e8deff247f80847b68959018313ca9b62a7c25c7353c
raw/32bb33c3cfe3047d/task_bundles/2c/2ce09d17d0dbfb7341a75c73be60e369e8c40dda158f944eece98cea758d9295.bundle.json,179395,adc493465db85a4602167481a1749163508ab7faca018b30bdbbdcf8808b3d71
raw/32bb33c3cfe3047d/task_bundles/2c/2cfc06efed7baf7f4089661f604451a553a55490345d5b6253d08563f10cf991.bundle.json,179254,0b5a18977929141286cf0955045cd61676b28f509723a9f6a7dcf0063fed9f4a
raw/32bb33c3cfe3047d/task_bundles/2d/2d0cdf531026a75e51a26fe3ee3eeefde9e929279d8cf2c869a262005a3936e0.bundle.json,179672,0e00957b93c5f8df77cf9222f71c8ab1f382bb0cadc7e681d3cdf839b6b580d7
raw/32bb33c3cfe3047d/task_bundles/2d/2d47bc8fc6adf96749b84b9ee61edb00476ce638a5990ddcb6e0bbea4b0857c4.bundle.json,179692,c7608972cfbdfaa1b6af863e181316924be7b5a7b49218c2b058519e14cf3fb7
raw/32bb33c3cfe3047d/task_bundles/2d/2d752fbc65f9c9e48c26003cf0589e6d4082f324b0f3ae6d661b12ad1d6afbd8.bundle.json,179715,22c7521247e509d83eb35f9336f67e16d28197c9c87ae57569bfa795553cdff4
raw/32bb33c3cfe3047d/task_bundles/2d/2da04afc1f6f8da56e46869c75bd1d24352745994b556f343c2870353e3be897.bundle.json,178940,49399ef6fe580bb095c6ff1c3fee30958b797cf227789f7318a250556cd913d2
raw/32bb33c3cfe3047d/task_bundles/2d/2dd057bc79936459a4ee1f61c7f0412dfeeadd7e4313a35e71bd5ae40ab6cc5d.bundle.json,179611,7600086179df187f3e6409660000eb032b30b0a767cfd884508eddeaa6b6f1dd
raw/32bb33c3cfe3047d/task_bundles/2d/2dddb069c7047900f9da0dab29b9c87b440ebb81f20b0b2a840855ddd2ec663e.bundle.json,179431,538faeb3a6e2cc014ec7ee64c2cda98e6c7bc15401db75c685cd861309fa06da
raw/32bb33c3cfe3047d/task_bundles/2e/2e2f20098dfd7984dc20f10ccfd089d138fd2a091f257b718d4a7757afa5ba8a.bundle.json,179421,c8c8eea4ac5c72dd86760682eed1b61fad37a553aa64b77951a583d565443a42
raw/32bb33c3cfe3047d/task_bundles/2e/2e568ad340b5fdafa937bec11d18a217b354004e6d5b13485f95b287bc4bee44.bundle.json,178838,9d5bcda1bb3327f4fd3647a98707ddeeecfd2872eeff5e8f57eb1ec69fb0fae7
raw/32bb33c3cfe3047d/task_bundles/2e/2ee282793dfadaaa9a0841f2b9752bf2303b41718243adc2262614cc6a3b0e5f.bundle.json,179692,4a9f910d0462044e6f8ffe16320b787129807627b2d77d5c52012d23776dd66f
raw/32bb33c3cfe3047d/task_bundles/2e/2ef56b4e03445ee628e6cd009003c8a4ea060b370d54cafd35930b46d4a75cae.bundle.json,180263,3452fc3a33f3c63d182add707fa1375f435fe4c52486f1b73db1a90c5a70fa6e
raw/32bb33c3cfe3047d/task_bundles/2e/2efa323474da35973d0989e42a2b247188ac364d4f6730b03114dca66d8a0554.bundle.json,179648,20e91c04aceb2f4b2b35d0c69bbed1b5eb856b9fd083d10e221522209d446429
raw/32bb33c3cfe3047d/task_bundles/2f/2fd69091abb60c0887640bb8cb2d6e884ad51c3d2ce8b07863c32a57bfb54ee3.bundle.json,179343,e64f9eafff95c3ddf5536151689b42efea9861deb1a752e8534e5d212d725b76
raw/32bb33c3cfe3047d/task_bundles/2f/2fecc5744b7c1caad83842fa5b143ba28dda9e20d4d108595eb7d5f6693e92be.bundle.json,179692,3bc50558161ad4cbdd422f82bfd53882df632236f7a2a6f194da2c931677c442
raw/32bb33c3cfe3047d/task_bundles/30/300d6a9b69f783b89afcd78f5b92ba56b632a3eba4917f4c7db2477ad177a872.bundle.json,179975,640f1f3e29d4648502c3cccd1f25f0f57c99f614455ab443175de5ed7cf0f824
raw/32bb33c3cfe3047d/task_bundles/30/30347be193869f3b7b6a2c20e6b893d84181d422bcbe422e85cf2494451be757.bundle.json,179589,b826938c4ff4e2434a63e5cd57bacf28f5afc3f60c71ae53150fa7fcc9d2ecf1
raw/32bb33c3cfe3047d/task_bundles/30/3044983dc7848df4c1bf1350f9f73f0790d1fc58bd4bdbeda2e5e6385f36dbeb.bundle.json,179512,1b5371b698b79e01a321a1c3ee4fe201a27807b43c60e88afd9cfd0b4fe540c5
raw/32bb33c3cfe3047d/task_bundles/30/30756181de679c25e4a30fdcec6fc1116e064aa6b6650296c2e26beb9f81bec4.bundle.json,179648,c8c9d08f6a666576f2cca3340208edc8fa34e153faafe516b521d3e6f97fed6f
raw/32bb33c3cfe3047d/task_bundles/31/310690719c9f13b1cbb913f6fa1c3391548fea2e1faf8c4f89fb62bfa923aa92.bundle.json,179692,136ed885c0aba56f0fa7ca04aeb466734c743601cf13f89e73bf8432c6aa2bce
raw/32bb33c3cfe3047d/task_bundles/31/315b59aaab674144b97d35664f4abe71e45e5e36022504cedc5a487f5bc712b2.bundle.json,179321,7832ae16d56bd1bca70a5a208672b6646835cc1d118b5b838b339988525ddb41
raw/32bb33c3cfe3047d/task_bundles/31/316c684b0d2d6aeda53e2b6b0f73a2fc9e95e3eddc74153e41757a1b3ed6ec1c.bundle.json,180008,804c085a27030abde4fe0ce8941209437a1f6028e5df0413c5c69efced11b30c
raw/32bb33c3cfe3047d/task_bundles/31/31ad95216758566b15ddc424bd3630b4a5c1372f3aae4a44f0cfcb52f923108f.bundle.json,179418,ae323f6b2238bebd85506b45e62d9177600095f90c7291bca646ce1001a5d1e7
raw/32bb33c3cfe3047d/task_bundles/32/3201d089469b049f89fc158fdf8ce8e738fd615583ad1092905f50592754eabc.bundle.json,179264,ad1665ab4b5ef833c19534231c578dd0466dcf87b1bf14cdb8c1e8725b072bb3
raw/32bb33c3cfe3047d/task_bundles/32/3230e5f4388ea494fdb55b963bb15aa664e4f93a8a16c1222acc4c12d7a82ab2.bundle.json,179556,f6fe5e27a2830a2078da0cf37bc0588ea0734b29049b78b121d299967047c108
raw/32bb33c3cfe3047d/task_bundles/32/3254178d85c1ed2fad7d95d27880c7400a6633a29dba21f13cc48431cca3f632.bundle.json,179943,5cf1465da186744f492b386ad23557992239f989f068daedbd9107edc2df350c
raw/32bb33c3cfe3047d/task_bundles/32/3269d29263a009346d34c3c453289ad22055276d7f6e7ccfd701a7529630978d.bundle.json,179579,860ddbd6d01a3ca5e0247e918f93447a8340bdc4c7c4e12a7767dba889ab831a
raw/32bb33c3cfe3047d/task_bundles/32/32c64f2871689e380bfdc718d68ab8153b6ff453e8a03d0dd1e532a6a6123a67.bundle.json,179687,9a00b2257d295953bbbe1615eddbb28a4f2dbf9eca71748ba4d2e68597c5028a
raw/32bb33c3cfe3047d/task_bundles/33/3325fc9b9b3a9d9c69161838fbfca620c6c1d4b685269ea7e6c3e0f27ee26216.bundle.json,179284,7561b6b35d87368c508efe11f39b1ce2324ebad43e0d576989321d355df421e3
raw/32bb33c3cfe3047d/task_bundles/33/33577363249191447a66fd7cd14f7aa5211253e58cf8e4a701f1bf75b4a68a4d.bundle.json,179606,72935903708d2b896b3358190b2b4081de02c4380c8eaadc6713603a9fe34b5f
raw/32bb33c3cfe3047d/task_bundles/33/33d32d5a64ca1149778aff5246a3c95bf4a38177bca04db6309471fa31717890.bundle.json,179548,fdcbfdb68d766c33489f747e5fb16819acaa45bba1fd96ee0a92e857c8175e96
raw/32bb33c3cfe3047d/task_bundles/33/33d806e01e9eaff2fc75baf7bf3f35087d5e10a69bd4a86b85eb818fe5cb3faf.bundle.json,179672,84e8f0a2514581b1836ab76d0e5b27df46ae25148f2dd4c02dbc51a13db3fdd8
raw/32bb33c3cfe3047d/task_bundles/33/33ebe70559f2561c082d3e8d518368ebbfc38be424d5278ff48600dcfb2d85a0.bundle.json,179612,8506942eaa35445c6d193e8e752e8c475a79463a542b04c60021a6dc02e11194
raw/32bb33c3cfe3047d/task_bundles/34/3411b063134ed5bf2933d41351e7806fc18500ef05c3e6d79c4e99bc1c107de5.bundle.json,178829,805fc21da7d88197b2cdfc72e425040996df69b9b7050a2bbe82172e76c38244
raw/32bb33c3cfe3047d/task_bundles/34/341c0193a07630f025617350aa007784f252cac575bb38b99857ed23302ea745.bundle.json,179152,52726faf62563e95fdc4629bf0f65a87eef283d61ff19e73503083226fd172a6
raw/32bb33c3cfe3047d/task_bundles/34/34b91f94efea6940a26c6b89a72e5cd1151ffb7d61744dc5e23012591ce23234.bundle.json,180131,6bd836228c77e0a3a5e10058749405f52596034dfb85472d2a7d3cc014e5f1b3
raw/32bb33c3cfe3047d/task_bundles/34/34cc23bad0bc35672cdd1c38ec6c8a2acbd80e77fe92a20f41cbf68bfd62b222.bundle.json,180348,a803f2d0eac72718cb6abfd9296802d6e9dfce674d72281a597ddece8abaceca
raw/32bb33c3cfe3047d/task_bundles/35/353bc2589d03e0615285e0ca0ce13ed436d707e528ab8c000bcb6d7f438d12ce.bundle.json,180015,38898353d942dfcb1ff2049c310674688383075db368f97abe48fd8931a8400d
raw/32bb33c3cfe3047d/task_bundles/35/353c602a3d5449dd65af0dbb62b118f3adc3964d31cb9f4f956903bee875b7b7.bundle.json,179637,b07553d0982fc87942678f80a2f53830af62b5bb8b5534c0be67d54873b47779
raw/32bb33c3cfe3047d/task_bundles/35/3587a4ee1d3c1515de409b23e903d109043661cc67913a5317bc50a94b980f74.bundle.json,178897,906a7d6377b2aaa4cc6e022fd370369df3cf1e90fe781859a4787274f57d86eb
raw/32bb33c3cfe3047d/task_bundles/35/35f618056bb201aff10ac34fea5e1f4a8ed74f7d124d2d37b487b3bf100bd638.bundle.json,179314,280bc537d279467bfc372e04eb9f8e60ee700e75878ca48da86cf50ed2769ed3
raw/32bb33c3cfe3047d/task_bundles/35/35f9043e52dbc822ca3ac5898b2db1ab57fcdeee4a1d9ac432447a2fb7c686bd.bundle.json,179759,c33e3f86178253fc0bc4def06906a4d741b8fcba8a069a5e3d1fcc699d59a2f6
raw/32bb33c3cfe3047d/task_bundles/36/369a7c38e41f2774803d5a7dc4c54b1269409b833cdf0aab53d568a414f5c2f4.bundle.json,179572,3cee63aad3920102d6051d1673c392c5f4638fdbc94a876e70ba9af6ee9c60ca
raw/32bb33c3cfe3047d/task_bundles/37/3734c7d0173b88569b1609b094def92f9931578676c4e8b911b0a2005ccdf8d6.bundle.json,179620,70f5df59d85ae0e609949af83de331b8252499558d186e0c88c5a614dce52326
raw/32bb33c3cfe3047d/task_bundles/37/3753ceed19d8e79c1ccf780a2c81f32f62d2d80525292c3d21981473c39b6e61.bundle.json,180295,fcce9210f95903746dddebcd5cd4e8212e52925ff5716f0523c86e10c6c140aa
raw/32bb33c3cfe3047d/task_bundles/37/37638fcf9c3b8f491674d632c06e8f2c5d08d318b1b51732e15d2dbd2d7c2564.bundle.json,179194,5cc2294e4fe5c53a131ff8745c5ad113cd3aa9b351ea7d46aabfe6a2461b4de6
raw/32bb33c3cfe3047d/task_bundles/37/3773f54f0ca842ca65a31c6b6fbb8cec4d87ebc78a698f57083e9eef18f79a76.bundle.json,179126,74b0f31d95841434abe2802e874e0f207abc2de7fcf0fc8427e81513be9a0498
raw/32bb33c3cfe3047d/task_bundles/37/37ab69f8d6ddf7e05708ec6fcc2628b4f87a41433438ff3eee68263abe8cb5d9.bundle.json,179357,d9b1d7a386d5c86cc467761cb1d078974554d3c23ed8a7910307c0fde5b7eae7
raw/32bb33c3cfe3047d/task_bundles/37/37de462003b7253a2a6c50b555f96569e6424df37e31461525e7124445ae3a60.bundle.json,179452,7632ccb4ed3384bc099eb56b3622cfbfb7a1d4f1d36b0f56b3ac6ad6ef8b3cae
raw/32bb33c3cfe3047d/task_bundles/38/386adc7b8a29cabcbeb3cda753585702bc4046cbdeb0a3f617e70ac915c1541d.bundle.json,179225,9c553185c414720f64c477fae88fc1229eeb3ef51fcf150566c7295738b3f715
raw/32bb33c3cfe3047d/task_bundles/38/38911d2bf3577123870004775ee789ae0f5e7d27629ae10564969437b138dced.bundle.json,179514,5395601d679b42a8666eb36621b6f25367c3ac909fb1026509bb01fc5768cae0
raw/32bb33c3cfe3047d/task_bundles/38/38da02f127f5e9117fda2967da6633db0834427d16a97fdd25b9936ccae59814.bundle.json,179222,3971499cfbe47df95f59cae59c864610f5c372312ccf4b86df8703a6ad9fe0be
raw/32bb33c3cfe3047d/task_bundles/38/38f38fbe08cbfab05e6fae3765d6af9d63e64f52f906df68b1047ca91de7856d.bundle.json,179000,4a6f39a2e7d98ac40a5cf1a19255ed17f9b7a72261700ea3c58d74abec109511
raw/32bb33c3cfe3047d/task_bundles/39/3930fb0da7274d665028e935dd493f2ce368fa57ea451d2060d8c7ff2c219729.bundle.json,179789,83dcd4f984eecfee27e0bf6b733606c3d9647408290905fc4225e986dc9408ba
raw/32bb33c3cfe3047d/task_bundles/39/3936feb0c3988ffeb9f7e8de4166938f3f033124c8fe29bf14b4c779f19f3132.bundle.json,179308,682482f6350c501552861b7153ba6b2383c0e612e456ba15860d0232efe880ac
raw/32bb33c3cfe3047d/task_bundles/39/39640b3b9eeed5d0dd43ab3a74dd0bba6bbfac2a53231d5c0c225e69bec6eee7.bundle.json,179797,28957c9c4d31df5341f6442ff55282896fdd6ededfe5d58075118036a1634e86
raw/32bb33c3cfe3047d/task_bundles/39/39bcea8a1b65fa1ee773bf212ee193699651b44515d50738340d7ef5e4b7ad35.bundle.json,179430,8b94f6bc6b8106ce660c09a34aeae76af9b185a7e9d247d38a52aedebe509ec7
raw/32bb33c3cfe3047d/task_bundles/39/39f0997197b4a41a16825e0599c650ecd63e2b668c8e8dae7e66889ce35dc5ec.bundle.json,179879,8fbdc7a8c79b8f4e1d9521e81efcf06b46a7f80d4ea2b35e0167a58a77501d8f
raw/32bb33c3cfe3047d/task_bundles/39/39f12537bee9040cd18c56c7195b8ec223f82ac572d5b378af5f89a67dd1f5d6.bundle.json,179309,dd9b5fb4853226d6b26583c558e53259453ce07a38b32363e4245f500f25abcc
raw/32bb33c3cfe3047d/task_bundles/3a/3a6e0dc097d73059276d15b5ee15458f9476ede28d9ee3680c39a9fcf5e31946.bundle.json,179304,1f076efaed586d27d701a48214ca3f404a1b0123b6769691c2b1e9f6fd1ccd07
raw/32bb33c3cfe3047d/task_bundles/3a/3a7571b1c9d90897c80a54b890044e21e94f5b52f2e3b7e2fa5b8fd5f6594521.bundle.json,179264,eee0e115889e386339cc06fd6cb871646a0bfe00ce8bd6e3be6580b09d53eff7
raw/32bb33c3cfe3047d/task_bundles/3a/3ad379f36247de529a5c5d762e4f76a38eefd60c85982a167a5807b665131c72.bundle.json,179343,dabcbc2191fdeef9c6798f14d478161bf7cfa79c4553219a562a36709752ff16
raw/32bb33c3cfe3047d/task_bundles/3a/3ad7f6778b1cd137d94b760a0dca89de96b74279ae4d427cf6726dcd1c75b212.bundle.json,179479,aa014031f3b05d8e28fe243692a9bb95d5534f4d4d8b08664957f85ea414bc82
raw/32bb33c3cfe3047d/task_bundles/3b/3b2be70b6effc234a4aa57ebbc62b4b3a83f4403c0908deca55ff95c1a4b7abd.bundle.json,179364,c9bfeb8db9285504202e095cba86b4d51fffdc7b7a85d67da5b95e0c03f802c1
raw/32bb33c3cfe3047d/task_bundles/3b/3b4820be8a4a02844d8aba6a1bef5dcf70b89cc98678ac0614274fb4701840ad.bundle.json,179300,b2d6a0ad967e2b4dfef6ce3e6efcb555f15966044ecb33c535747e6b8de07355
raw/32bb33c3cfe3047d/task_bundles/3b/3bf8a91614e125213f55c8c95308d85f890f05601c60995a67c6c852e84aeaa9.bundle.json,179511,f6baaf6afddfb9615a34f246234944cf92562562687db0960b30ab7aad061b4e
raw/32bb33c3cfe3047d/task_bundles/3b/3bfb69ca9d27791ae2ee557967fd3470135c73d9fc959c4a1a7b6fdafb0dffcf.bundle.json,179495,65af75ff0f0c2ebf4df104b80d9230741b863ce842a4241e1579ad3cabd38c2a
raw/32bb33c3cfe3047d/task_bundles/3c/3c02715a6831d03363777662a50f58dd9a618dbf51d47b09b22130ac429f3632.bundle.json,180139,de1607639ce1b68f33abf3db13f59c0cdad3dbe5f75f90f3177484a57053ef93
raw/32bb33c3cfe3047d/task_bundles/3c/3c6bf685b896017193f65bd39ca21d01486997ee42edf5ebe66e66d3e765d92f.bundle.json,179793,f219f8ece0c06ea1c793d77c2436b028a498a63ecbb2893b8113806b50f4583b
raw/32bb33c3cfe3047d/task_bundles/3d/3d1497bf121ce5db65a3aba6fbd085c65411a5342917f26f0fe2a7397b5f3154.bundle.json,179702,829b8245f6b77e5b6f64a252081f2ccc81215c6ec281ad5f50f7ac09c2a4a4a1
raw/32bb33c3cfe3047d/task_bundles/3d/3d285984992e1526df151ae527cbd7cbf6bfbe68a2ab9b86dc33d9b2afd3ea37.bundle.json,179298,d1903065de5a4ded7b8baad31ea10490f7de2f961f1dffa3c606944c95f5f41f
raw/32bb33c3cfe3047d/task_bundles/3d/3d3086f8954e96d6890fe18ed8215792a5ba4755ed6f7f327602a6cf0ecff52e.bundle.json,179765,3b9f648fff38324f7fbf7ffdca81dc2f6041fb4ebd723ca52f7a22dd5f69d678
raw/32bb33c3cfe3047d/task_bundles/3d/3d7ea8761954fc01aee30c25eddba787df8fedbb3cc366865ae0949f7e30e5ba.bundle.json,179647,670e8972f53e783b260d401c6c8fddf96f6fe4d7672a8968ec3b0fe346d46333
raw/32bb33c3cfe3047d/task_bundles/3d/3d89b609b543b519897b58344ff80ab4d6b00a2b976c797fa43ba087ac0f731f.bundle.json,178961,42cca677aac74ab6970d898a77a3c6bbbc4f580872d7205b84ba4b6b9b17ae25
raw/32bb33c3cfe3047d/task_bundles/3d/3db073cfba916c5f236397a4055b1066c54a1d4298502a44dc9d45898c1b2cec.bundle.json,178842,7b2c0091c7f5a7be2ec3717d1ad941757b3f3f2a7e225ba20db899ee46a65ef6
raw/32bb33c3cfe3047d/task_bundles/3d/3dccb0a1ecd1612212bd08fe52b99320df00f99f845b24655beda21bd8e0ff1a.bundle.json,179178,9938dcc4ac444e4c2fe23caea83c2694a898bacd14c51b7249e4b7b43f49651a
raw/32bb33c3cfe3047d/task_bundles/3d/3df382251840135bbe002f98ca9d49632a0049f915e9b9a49181fc8a1a5158cf.bundle.json,179801,6aa497bcd84777f80aed665e2213c893a209f21c8f2c84af4867b55a34660897
raw/32bb33c3cfe3047d/task_bundles/3e/3e038a55c26afb9c9868ec8a9ec93eed0d74a9a6b3aca52613b5cf0264e3bad3.bundle.json,181052,780e00a84cbf19a38c9324f1f8ca70feb40a10e02c8e1e616ef2def5b66c978e
raw/32bb33c3cfe3047d/task_bundles/3e/3e04509dffb85a3ee8c56989b34d59c7167cce54450ffa30c5721617c6f2a46b.bundle.json,179558,10b1d0f73a4caacbbd4c2f59a4a65c87e3c7833eb7c3c490d659012b1d91f4f1
raw/32bb33c3cfe3047d/task_bundles/3e/3e0dea8e9d0bd73873a015224b47bbb1541020d986fc106d18a5cbdcce0c86a2.bundle.json,179900,9fbbe092011b79bf981d47d31bb5b648bf1a0f55a836f7f134879dea457104ac
raw/32bb33c3cfe3047d/task_bundles/3e/3e38cf234606a02595070d7dd8214a8cbbb25914ba50ffe5aedde398fa090c93.bundle.json,178850,1a8b4d1357fddd167c84166a989e9ba94e8c282099488e89df51039613e0671a
raw/32bb33c3cfe3047d/task_bundles/3e/3e58387cd6207c4772a091ead43fca84da4f01f1a339f8291b7ebb7b1d4b0b53.bundle.json,179776,419a957feee6283ca6fdd2c70de10f5bfc98205264c92f157bbab8c5ff171091
raw/32bb33c3cfe3047d/task_bundles/3e/3e8fa5aba73566f25c6ac4ad16c4be9db63e5ee3e90bf47d1017d734ad70b232.bundle.json,179510,8364ce7ce225b1bdcaa5750cbc798224cabe61fb31f90d787793106f1730a8a3
raw/32bb33c3cfe3047d/task_bundles/3e/3e9c9a0c0c150649eb758ea462556f922d184eab1a585cca1119d06c7f460c98.bundle.json,180241,c2e72b487176e332fd44bcbff3db9ca1bb48bda2303cde1d97402b22e5dd68c5
raw/32bb33c3cfe3047d/task_bundles/3e/3eac588cceb9ba68f34a3faf6adec1f290eb9a7315b53d65fc8af5cb03144e1c.bundle.json,179114,74733975178c83fcfbba5c3b2fafaaae0a8bb518cde030b9ff192de0d1d96d71
raw/32bb33c3cfe3047d/task_bundles/3f/3fba9caed316749b9d400f107bbf9797ffd4834afee8ea1818582f882c0bdc66.bundle.json,179832,65c979aefda20931ff33b9d33028183bf57877e5334ee51375626e4f9c797b9d
raw/32bb33c3cfe3047d/task_bundles/40/408247e8bca93cb07412a49f5fe4b97e857a360c6d8d5d6fd61d6e8722a5b7f0.bundle.json,179904,18435a10473b7e270c625795ea752d12b7b86fb98e01d309ed2e390cc0098822
raw/32bb33c3cfe3047d/task_bundles/40/409b57ab1cf5cdbca4fd5922c537242128197404038b5d153c30b3cf9ce8e84b.bundle.json,179412,1f73213f29bff6f49e8cfe8563a2624d3538dd4c903a7085fafd25785a0612e5
raw/32bb33c3cfe3047d/task_bundles/40/40dc3a964e35f0c998989ff7a136c93981ff2f23e448bbab4c6afc12d355616d.bundle.json,179416,363db19441937af5d0580ed4b9ead6ad4ed64292224b1284bb2b434e5900f7a9
raw/32bb33c3cfe3047d/task_bundles/41/4165fb6750c835f7375f02578140df2fb053fe5d3aa103dfee0a3ab19947a52a.bundle.json,179589,8be9b98f9c979202b987668d8eb430ffb36e59d9911677a61a9596dd622e03cc
raw/32bb33c3cfe3047d/task_bundles/41/41ca2365c46768b1b86dfe3a32bcd78b7c1ca716c7e0a92cb74e0a59476d60dd.bundle.json,178915,43d0da54d6e9edca7bcd82dd1337546128405497807e8bb66b2251350fadd9d3
raw/32bb33c3cfe3047d/task_bundles/41/41d54d62a05e43b2c31f6be4ceb831f5a4b5fa2da7472e4a4ef9ca655101a5fc.bundle.json,179460,adf6eaaf5fed403e223a1062b5cc6ccebb4b49d5e6a483a3c3f4f7af2e264df4
raw/32bb33c3cfe3047d/task_bundles/41/41f27f2e67c34999d3eb47d2782f1f5a60e6d5d324625e9bb7f5097af5f93863.bundle.json,179286,8d3af7581ee245a4e274dd033575afed578ae21e0bec98d04c5a725edfb60581
raw/32bb33c3cfe3047d/task_bundles/42/42058a027a7d8b66dbd2f2b40251d23ca00011849734a6519d2ec8bb4e41c0bb.bundle.json,179816,2fac2e471c92027687f5033fc6f5291e1084f16d279c31cc695c2b412baba99c
raw/32bb33c3cfe3047d/task_bundles/42/4295cd74718aa2056ac1f575d52fe6e43040cbe057a3e8974d2b433c6cb712c3.bundle.json,179612,b77af2cebe87614bab3071eac9e9a8706c97348f17111b597f196ad8d8462c9b
raw/32bb33c3cfe3047d/task_bundles/43/430b2a32902ce9062a4db7d942a4f629697243583d640df3f6f27fcde5c7991e.bundle.json,179557,4aba897e2a07e8ae7ddc077c50242d9b27f3bfd05f8037d4821d587206c3ba9d
raw/32bb33c3cfe3047d/task_bundles/43/430b7ba0638f07160192544d9c4f3a3b3cf5e72929069c42869ab826cc6406ba.bundle.json,179859,0278875ce41b3d95f98c8fe81c1f7180a0c3e61e56022470b8a9c8f0466dc0d9
raw/32bb33c3cfe3047d/task_bundles/43/431da18e139738cd20cfa54623d227a30f3377ed8ac1cf16c5d008a4d3efcc8c.bundle.json,179516,969576ee5019efac55872490ed5c94e7f7464b5ab6bc1816ba53677ea08b6491
raw/32bb33c3cfe3047d/task_bundles/43/432e3a0f4c61e40fc103ccea560d133ff020a587983b8f665d080f6ea1e7540d.bundle.json,180169,3b5de11bef7ff3e847f5830c44f5ef130068590d3eb1cd008beb31de0eb4f003
raw/32bb33c3cfe3047d/task_bundles/43/43382a7814d94949de4b912651a238373c3cfdf955c25d291b66311f021f7eae.bundle.json,179389,b6dbbb05ed15c06517e07d0725ad4180a6186e85e9bc2014a3f971ca6fddbf5e
raw/32bb33c3cfe3047d/task_bundles/43/437104ca3cdcb6d763a31ccd15b54095749d3c2cf500e20e01d8301f3476ad0f.bundle.json,179479,857c031573689ae0d213221865685dfe1ff8a8fe63d8c01b8353d34365846b0c
raw/32bb33c3cfe3047d/task_bundles/43/438df06a2190555817b0a595ebe37a80ee867e3e82ee48d80834249e3a580f43.bundle.json,179750,dc0c1bd83f0f8521fd3a2f25cdefc94419bb57b895dfcc3bbe0d6ca8289fd536
raw/32bb33c3cfe3047d/task_bundles/43/43924fd62f1efed238c833c2f613b3f25f4ed260a2ee5aa02a9006768352b3e6.bundle.json,179693,2dc71f660ecce0312fb25046aebf45d7dd1193e5448d71bb565ceaa489bc77fe
raw/32bb33c3cfe3047d/task_bundles/43/43da418799ac51918bfbdb8f821f4486ff45f1b430b087c6db356e5b121a3f0f.bundle.json,179501,f23c24414d55d4926697af724280a05d81c99af0db6fc50bb29163f722435adb
raw/32bb33c3cfe3047d/task_bundles/43/43ecb8d048f13dd3e281817b8667dbdd5aacbd6fa0520a861dadea06aeb7f7ee.bundle.json,179625,685fb76712fbc1d77cdef621d6ebfd2068a35ff5b94b9d110cebaec55af333cf
raw/32bb33c3cfe3047d/task_bundles/44/44092b5cc2fb418bdea30b6c677bc701534f8ed537bd7c897dcb93507c1bf994.bundle.json,179538,0ee7b12735a8e152a66d29b3188638ae05cf1423b068f5021eb7f33015ba32b5
raw/32bb33c3cfe3047d/task_bundles/44/445b37ac2573f063d2f8c12664029d46ea10041154fc170fbb3f9722e56b3087.bundle.json,179455,e01c8c4cd88298e8bc1b1c57c84045dba7e538dc2487517b536e652cb944d076
raw/32bb33c3cfe3047d/task_bundles/44/446aead3cc3992e42c2003087d347d440b216d50bad286084fc3af01da84f4bd.bundle.json,179911,02f5c7f45bc5bb8ce4ab577975aa0f76d016bde4a8f66e7c57a121bdb049a08c
raw/32bb33c3cfe3047d/task_bundles/44/4489c79a91bb27a3958c1f9356aca986ce50ce8c3950024437ec60aa39381f61.bundle.json,179718,12a66965cfe1583faa214b3d4e7e4542328d81fcc94cb3b6416922ad2e51eee6
raw/32bb33c3cfe3047d/task_bundles/44/44ace81a86e86684a793fe9feac1f8f7cd7ac546b21e6941b25bfcec99b9369f.bundle.json,179852,d1d92f054f5eea34d6a3c26ebb3d0efb98272b2cc215092f079d3dd11d7e8a7a
raw/32bb33c3cfe3047d/task_bundles/44/44d98ffa7691723df88e36bc3c75872d29669c9050f4c2ea20cd557de017989d.bundle.json,179534,9cdd9ee3a06c46e7188dcde314b80f73374376a14201baee93e529bee4b372b9
raw/32bb33c3cfe3047d/task_bundles/45/45175865dfe3094af85aca3a970c00d81b35f73b05411369b4734d5c4db7a2d7.bundle.json,180890,f60ea7cd6c4119241b49ffa4bc2638df3ae17c7570bc594d896a02eca9cce7f2
raw/32bb33c3cfe3047d/task_bundles/45/451f83ac6fe260b9fd958d764314eec6a18903f54ae80c2ffa0b2ec85219a6e1.bundle.json,179299,39e528eb0b22a4837839bc817ab55665471a7ef2ba11d63a16aa584938ae54a2
raw/32bb33c3cfe3047d/task_bundles/45/452abb551d89a39ecb107bd52584e461fc9c78e2b2bbd00e0734e5cb7d5b93b6.bundle.json,180796,9cec70e5cde1779d868728158798acd61c25f9252ff78530bb67f32723b0243f
raw/32bb33c3cfe3047d/task_bundles/45/4558dda136a9036e4b4aa6dea093769eca9e75533775504b0a75f315ac7f11ec.bundle.json,179029,839bd8e55aab6a05e8b5b31f1a6d485765109bbf388aedbeaa26b84923618bb8
raw/32bb33c3cfe3047d/task_bundles/45/45f8874b4873ec077a9b7fdf4a112f23e8a47a044be2cc2b5d02e910477e94d1.bundle.json,179640,69fb6a386993326c1dd4a99d44fdffbd6f206d95d474c53b777ee6c1711f8965
raw/32bb33c3cfe3047d/task_bundles/46/466cbe23a323a4b764d9441796a86237488117f06cafee794f0a82a840d7d1ac.bundle.json,179503,1e31139d31f20cea15743c716e5ff737bd89afd092c43ff0e09013a0767f648c
raw/32bb33c3cfe3047d/task_bundles/46/4683253f2ab90b0d53adc62da25e37835d249dfef1926d06fb9adf421e82a293.bundle.json,179404,4fbb8dbef14906605768f6e6d730df4de2dd1270d461e3baefb4a9b00fa625dc
raw/32bb33c3cfe3047d/task_bundles/46/46d155740f7ba82d8ecf27ce130dd41a32de34e565a734a1214ce7e100318363.bundle.json,179621,5acc6410ec05ce52c59bb72dbdac1c2d6dc34dd01ef26fa178c6a769758bf848
raw/32bb33c3cfe3047d/task_bundles/46/46f0dd0c50be2a0411c0e04d534dc175d01ea80314a1e401d9ee4dd865369373.bundle.json,180069,b0044ce71a81a4edaa3c7ccdefde87676494af86dad926521b07fc1d051bb9cf
raw/32bb33c3cfe3047d/task_bundles/47/4706e5d5c5024e994ebb75db84877d8e3d09658a6cdbabe806bc9b806117bff1.bundle.json,179418,b50343fbf09058fbb1804029d5bab94e5faf35d44d2adb6d3e9806d4492f4e5e
raw/32bb33c3cfe3047d/task_bundles/47/474851b08183ce04009db4ee258b59d12e79b7f1905aebd661eab5edeec05628.bundle.json,178917,d851174a372b8f0f948cbdcf0edf8d43342d7cb6410f3bb18c33f6a0a63a3060
raw/32bb33c3cfe3047d/task_bundles/47/474b35037fee1189ae4097cd40527942ec66ae25874e31f2332bcf2254d243bd.bundle.json,179966,4bbf92f143eacdc0744c0d6aada224c33ce51da98ff62fe6b42eb41561bce084
raw/32bb33c3cfe3047d/task_bundles/47/476277e77fd313a07203b17e03b2a51d02a373b11a65ec360d2fc082a70e63e0.bundle.json,179371,4c0ca7c82e131155bb37a99137c69bf015961bc54056a1c65e62399e6d865185
raw/32bb33c3cfe3047d/task_bundles/47/47f540b21ad742d08b46677cf39024620fff50cd92acd29c7f340ef7adf8fe16.bundle.json,180207,a3ddc496f0095624d377e677c86041ceb8d5ab6442e1027bf5b2261bad64aef9
raw/32bb33c3cfe3047d/task_bundles/48/482868a20002a7760b59599c08d6aaf90cf54b7b8cb27112f4c47b468faa8b8a.bundle.json,179565,3719e12cb47fa36e50579f6419c89e95b45dfe0f0487c06cc297f2f0de8b796b
raw/32bb33c3cfe3047d/task_bundles/48/484125ca2edd783e79b15d81412cf49806149ad623b4048c15ed9e158f2f7659.bundle.json,179235,42b9c961df14f9f491360376260a381c97a206b0e2e25ee3829e2de652e16d59
raw/32bb33c3cfe3047d/task_bundles/48/488ec2f116d5b0dbe227f5e8e1a8db08a5b313906ebc5aabc62ffbafa0bb3271.bundle.json,179187,8f5d7c4b78bb45698545a5deb0077a124e4fb4fbb1b0172a97d4f9cd53ad653c
raw/32bb33c3cfe3047d/task_bundles/48/48c8e48171ee70fd78c41aade9d4994c3321ba8b2e468b4b6353af9ab3ece12b.bundle.json,179577,1eeec3b712cf82a216bfb799732ababdbad9d9a7bd4807744a5c98c0ff35129c
raw/32bb33c3cfe3047d/task_bundles/49/493ada17b2c0f49dde4e961c386a742ba47e1f9092e929ee805b234b51e7c966.bundle.json,179412,a316af223f6bca8afafe53992b36b04569f0d083b2d72c5ea6bb145fda298551
raw/32bb33c3cfe3047d/task_bundles/49/494ccd1614e65d4de16c58ba68695964d2871696ad115e0bf8c415e5ac896b4f.bundle.json,179047,9bf87463e39eeb3009e061c5c01c100ea28df28a0fb229e94753714a600a3ccc
raw/32bb33c3cfe3047d/task_bundles/49/495024a4fd19a1efee1b4a479ae5dce344dab287f63f4a819c99614393989d6d.bundle.json,179526,4f81a3c3c01778ff2e284c2ce70daf80933c866e0a7b66af40f01ee888b8f9f2
raw/32bb33c3cfe3047d/task_bundles/49/49c3cd3e33af6e42c4ed2ccb59d628256c94ebf88f7906041670d7c785843e0d.bundle.json,179578,f411ec673a853bfe0c5bfcf00962f82c75c6bacc47216f19eb22ed58aa193505
raw/32bb33c3cfe3047d/task_bundles/4a/4a30b478fd51016870fec625500a3558092d99b8df2e12edd9b761594bce4709.bundle.json,179620,3ce2fd5074c4a5a134cfdc5983be279fef3391916991f3a3be3b5dc441ddae65
raw/32bb33c3cfe3047d/task_bundles/4a/4a9c70e80d825da66609c3c239b82ceb80bb4ad2053182e32cd0de77d2efc1a2.bundle.json,179350,1875d62212fc0a44e448da24b6910dd11fe8a0b0375617ff67fc83e9fee1ff50
raw/32bb33c3cfe3047d/task_bundles/4a/4aacba7cd1c33a23e17f5a9f68693028dd933c982a2b6a6771ddfc220041a800.bundle.json,179323,c3293ba2363c89fb250a92e2471ea5c0bb0e2b39ab1e4a39430d1830a66bfb53
raw/32bb33c3cfe3047d/task_bundles/4a/4afa2e7358ba34443af3c1f13b5a2a6e38cd23db440ec23e934d78e55f65b3f4.bundle.json,178703,70f9112c324b209e95149ebd07798b5713ed06512836c22000d5a165c36053c7
raw/32bb33c3cfe3047d/task_bundles/4b/4b3bc0a9074ad0ca103b095e03bbc200d4556ac781f924b8f98b41d804257f27.bundle.json,179565,f30d1a7ffc87feff41d86f9a0e6e4172ef6d7bcb1f418f1f3503e46ca45c3475
raw/32bb33c3cfe3047d/task_bundles/4b/4b9b4e7d9e0416ec456119b506309a134e102ec8afb681355a3ff1d959fb167c.bundle.json,180170,dabc575bb2ad41f2bb7471ae21942f5e64d7239ff6636c5faf9819c9e12a7c64
raw/32bb33c3cfe3047d/task_bundles/4b/4bba91601f71955a042371ba50ff86579d538c1882aa9f25e3248416732e0dfd.bundle.json,180124,9d8e2b78f39f8806a5843301df72828e69bfee05bb22d827bbc8521d78e873d6
raw/32bb33c3cfe3047d/task_bundles/4b/4bfb08640ebfa1ec172efe55e951cfcf6d9cf958a8588f475b0b6ed560f0a7f6.bundle.json,179493,9473406425e1588d005b2653d83cee2016c4b28f8c0e4aeca76231f757f3d678
raw/32bb33c3cfe3047d/task_bundles/4c/4c02be3863c025d898d7caad90f9e27502920e85e630660be30815993176de8d.bundle.json,178700,3ec14522b09e35a078eb55a104712dfdb326e9749fdf61f297411317e3f5c1b5
raw/32bb33c3cfe3047d/task_bundles/4c/4c1df4dba29c9d239ff46aa02583ef433964ffe540e1d31f50b39130378617ee.bundle.json,179278,0d0b17a5889abe1df81d6026b2c5ce9875755e94e9b3f1c58f21fa5ae7a62ac7
raw/32bb33c3cfe3047d/task_bundles/4c/4c399cc8bb09e20c049f8f8a3ac039e1616c05a47de3f501eee047baf605d477.bundle.json,179743,a86300844fa90dc76f19671d109869b40e184eaac00c4815041fd9a431be0b81
raw/32bb33c3cfe3047d/task_bundles/4c/4c78d6ea59a9863da5347de31ca3d1be08cb153a4ed5287609d11be8af925e0f.bundle.json,179781,b3f2da1e3dd694d366e9f4ee30ce70c51e17f9ff0782930c3ea564b94813c4e8
raw/32bb33c3cfe3047d/task_bundles/4c/4cc9d10d980e9a682756bb1887e6d7c07732406733bf8f5e31a5828cceeb0b3b.bundle.json,179127,94d15864800f56427145273ac1b009c0ea0733101ac4f21ab27adb8b73e3f85b
raw/32bb33c3cfe3047d/task_bundles/4c/4cd3d398f9a283601abf2692f592b40163ee90e54fe5df32ba18d3d96791c235.bundle.json,178947,3b0c73ceec21379bf73d006eef083fb2393ab216be62078368eb13b3484cac55
raw/32bb33c3cfe3047d/task_bundles/4d/4d07a379fe78d214c4f436824258e1d4ff79e43b9bf7ac13552add06b3bfad89.bundle.json,180030,6da19524bbfd11493e417c2d435f49229b11ff817230ada146e18cb9d882db39
raw/32bb33c3cfe3047d/task_bundles/4d/4d0b83ced18a812126d9f6f734d848557c7de485284aba364e2b11d96a9da6b6.bundle.json,179959,0c829c8751470adcfd5ac22bfdb021501c5f13c34d304b955a8ef7d3f82ad400
raw/32bb33c3cfe3047d/task_bundles/4d/4d2526d66cd594eae387d18176d5a6a769ec0ff3c4bfe43b800515ae6666d258.bundle.json,179621,305c09bc54c0e54fc8463331b95a234e85c49f43f1473ca811f56c785e8377ed
raw/32bb33c3cfe3047d/task_bundles/4d/4d316f1951829d9323a0eb11b9beb8ca48572001d3fc90846642d7bb1cd8450d.bundle.json,179817,f4cc0a1abf946256d9b8267aa7d91a1cbedccca077d50a8b24334a45e1e82f44
raw/32bb33c3cfe3047d/task_bundles/4d/4d7839df0a540bf78f254d590f64967160bade6686d866805139f5a3f3a7e937.bundle.json,179335,f93c760b42157d3a88ec7c988c93584271ed0080cf7cc700ee68f6ee5494e42a
raw/32bb33c3cfe3047d/task_bundles/4d/4d8bca3f2c60d03e550f936e21f7a11f9626d9ff5f88df0e19176047f1c706f6.bundle.json,179258,cf1f79042bb4831dcf538490839cd8e1d7bb96d59b55a97baac42a35825da81e
raw/32bb33c3cfe3047d/task_bundles/4e/4e2beff376c8ddce301ff134c092b58f24283c3ea5b285b541994600ce7d2ad7.bundle.json,178813,126f5aa213ee7f38abb967427a4de188152b959ee97181ecf8a7c00e64392eda
raw/32bb33c3cfe3047d/task_bundles/4e/4e7d1a1fe032e28a9b0b1e3351fbccf9e36167c60dd125581706387bef865b74.bundle.json,179291,0aee15ab0d06343f9cf43a0ee7352872d62e2b4bc61c3876166695243df4cf7a
raw/32bb33c3cfe3047d/task_bundles/4e/4eb3b222ab1f3e1a8c9dda571f93f0d2c73295f8d0eccaea2218f50d4864965f.bundle.json,179440,85a05762b1231ab45f999e08e2ae71160ce5ffd6dd7e1eae1594b7d5fd9753c6
raw/32bb33c3cfe3047d/task_bundles/4f/4f2a759fc1961a17bc99c7756ebc9249521550f9323873aadf527481b5471610.bundle.json,179718,fac09a5342140a4bf65439c47d7daa5896e0eb0399f4883b8d88fae9adf5369e
raw/32bb33c3cfe3047d/task_bundles/4f/4f7c82f908805b706ea1eee5e92190b6bf79aae6830873e01355294cf024ae30.bundle.json,179132,e3641c52fb93e5c3dfa042eaa53b984fd0d65187905d65e991e7650411aea12d
raw/32bb33c3cfe3047d/task_bundles/4f/4fcde3be2a190579e52baac76a4e9be437cf2299e18d4167f30c4be73be81ea7.bundle.json,179646,bed8c2315bfd0a0d0963eebd3e856e9b3f92788482933a6bd906599ccbe9a723
raw/32bb33c3cfe3047d/task_bundles/50/5016a906218a39ac6f4d378c69317d8febb7bc616920494b4d5c417865d577ae.bundle.json,179979,f767a4f4c325aa9167de0cc503a4796b580acc8baa9b860050108b416cebd63c
raw/32bb33c3cfe3047d/task_bundles/50/50a5f0fefa40a57ef3f82d29dcd8993c2cabd713c039380c596cb8442253ab1e.bundle.json,179553,c75b1f3e411e1b7ba4abd0b8cce07ba69cb02ed511c30a822ccd298a970be61e
raw/32bb33c3cfe3047d/task_bundles/50/50b0a0b7dc89bca194cbfdccad4db426239ff745caf6dd5198ff219aae4bdfa4.bundle.json,179737,f3225f612f19b21637869383cffda1ab75993d0621df6e8a05a774353edbdcf4
raw/32bb33c3cfe3047d/task_bundles/50/50e573e0bf976104d4f7c251d49a68d930513a1bd01a0e1b7cd601cf3fc11454.bundle.json,179674,5d27e2367ed5e834733bfb64bcffa141fac1ce4973b6298195738d06c369114c
raw/32bb33c3cfe3047d/task_bundles/51/510cd06257ee3b9447f4cd4aeab605ee5dba0b1fd2855c2f71a11eb2310237a5.bundle.json,179879,2889b7b50fefbf2b483d55b70369e3a8472ef84709381d218ffe06886500d805
raw/32bb33c3cfe3047d/task_bundles/51/511d704e6cbb55e26ca73ca6647fa9b086c23ec60cf7eff0bf403dfc3e9b3abc.bundle.json,179583,eb3bba438b9db4ad429ecf69dc6d9f7761d1cd8caf8e8c51b5403afd5182390e
raw/32bb33c3cfe3047d/task_bundles/51/518abe347737a92485c277dcb4f36addeb42e652b80ac6d171e29401b868b8ef.bundle.json,178870,e805fcdcc71dd5c7c520bb395522a54bd14f3bb1a368910e597c5067f2f79bd8
raw/32bb33c3cfe3047d/task_bundles/52/521ec29fec50f3e6d7bf5e1545aa34ac1965e3a7f5a3cf8c00ff7ec339370857.bundle.json,178650,c2ccf185e4360951cf03af242e5bbbba33a9a0d1ed505258042f7c918ade7b90
raw/32bb33c3cfe3047d/task_bundles/52/52766e9225a6d508a0dd73ef00b8e0c1a164ad9606102c2dd4cb5f102f891b20.bundle.json,179474,91a6b38cb3221bfa215fdff8c3c0a1eaa1202f5f2d8c75e53fbb5dc77dc149e3
raw/32bb33c3cfe3047d/task_bundles/52/5277f00bc1446794858c79cda364e0feb26fa111e3af771859a5f998eb69cf35.bundle.json,179271,58d21ae6e5704b034d101d43a28d67bfc7970c5acd9f70f76f444fc0656b1377
raw/32bb33c3cfe3047d/task_bundles/53/53865886e61f7add6fe9672ad65d258598551a8903c48fda3a5a591afb901b4c.bundle.json,179328,6c9df85a92fbb61670d80ee6143a4a10b27bae8fffc9e527ee13a8b10ff05b30
raw/32bb33c3cfe3047d/task_bundles/54/54743e1798254a74e89858b4da90a367958ef0331c8c87d8fa9fd8ad14ea0b58.bundle.json,179663,bef7af259f5aba17644e907047f21bdb71f97d933671985840acc88f573b82a4
raw/32bb33c3cfe3047d/task_bundles/54/5499e83779e40eaf60f35b9a23222c984f0c3e670ee6fadad56981464c472a21.bundle.json,179351,c28f946ab94a6d3742c38262ddec8311cf60f375d094cea60ef61cc4797bf72c
raw/32bb33c3cfe3047d/task_bundles/54/54b35a7068beab698ee600d357df26dd43c29173c7c0fbf72ba16f94f935f357.bundle.json,179850,fe7df8b72b76225baddcaa2ac50c6bce11133200ea37af9f03337f4349fbb0cd
raw/32bb33c3cfe3047d/task_bundles/54/54c483fe9f1a346b911219a4a990c2633367eed77a7a5cf5ac701e97bea61ab2.bundle.json,179566,cfe98077ae1fadca26c53343e1287fff969512b296404022c071bafdbdbde60c
raw/32bb33c3cfe3047d/task_bundles/54/54fb8d210a0f0e222696e541d98df0083387e8a6e0da69c459a4724414b24fe1.bundle.json,179949,61882fee3638141454545c053c4f2f804f79a94585a4928e95d9bafc6b11dfb5
raw/32bb33c3cfe3047d/task_bundles/55/550cd7d19812f4b7e106aa704ea755ad0e41bd3e810fc280677f21af3cf17675.bundle.json,179257,aa2d5f6eea49046d88da36a2929a2125bdddcfd0b8403152e6be39507072f361
raw/32bb33c3cfe3047d/task_bundles/55/55416c9310049198ee1d65e038e424b33ee28140eda1d0b7191c23abe35ef22d.bundle.json,179412,7cf75edad08a706f271975e19269b3bbe476feaff4370eefe171ee49646f7558
raw/32bb33c3cfe3047d/task_bundles/55/5560269f8afe9fe4845a790a9af6afc4883b4b1340d159286f00e48d3dab2e84.bundle.json,179690,75fd77990d3057b25dfa99443c5c8f5fe127afcd6f940485ba43c4d3507712b1
raw/32bb33c3cfe3047d/task_bundles/55/5577c39b7f8ec68bd555054ebd4bd3cb036daa70b48f203788d8527c1f790d7b.bundle.json,179820,78283430f82324428487022e69c0a6d7d0fe8e745c8e1ce24d27b8ce0e4816ae
raw/32bb33c3cfe3047d/task_bundles/55/5597be9868bd03d2e796195e9c72c353be4ecf4ce22aae876828c9184b845084.bundle.json,179591,444f9f30ca1c3fcef2ea9e393e5c9a132d66469d85931d0433031c4774be2064
raw/32bb33c3cfe3047d/task_bundles/55/55e9179cd0a1ceb51db5dc61e988878d81014c1c8bf6687e59519fcf638e9dff.bundle.json,179024,69ec9e3df2852c6a0945059e0cdfc244c868087121761ca62fb08c0532dc4603
raw/32bb33c3cfe3047d/task_bundles/55/55eefa397a2b90faffefdd9865817f48b28ff17dd87c8793df33e51796f2d610.bundle.json,179899,26cf485401af862c9f450c6940748acfc270224f1f16e68931a5b44d768b0c3f
raw/32bb33c3cfe3047d/task_bundles/56/5614b0bd34eb4bf8e5ff6f508e5f0c73c1c6bb9ba8b3bffbfe2643209deefa6a.bundle.json,179655,d4e21c7dd3965f3b7ba332961dc928b5c816e893e79396bc62a4554fa42aed80
raw/32bb33c3cfe3047d/task_bundles/56/5620c21f5409732d321fb06f6e1d5b0d9456f1b899ab8e0330371acc6c49097b.bundle.json,179289,65bc3e554299e1debde6f88e6157e9997b70404d50f0da92078ea68f1ea1e149
raw/32bb33c3cfe3047d/task_bundles/56/563eca2372a605c6417327971fd01c946ac23d94c20904dabb6f80484e032dc0.bundle.json,179810,30c37e812f24be5c824f4fe44b5c85d7046b4f447eafd112c9e74085e97f14b5
raw/32bb33c3cfe3047d/task_bundles/56/56543acfada852467148abe8a61cdb94de2504c70f5b63b96a1b05db4063bd4f.bundle.json,179856,a8e3a603f259a3690e130ae784ed0ca23664aecb4cc9c43f6e932f9378d823e7
raw/32bb33c3cfe3047d/task_bundles/56/56a938e679de0addcbdc2cab4ef9b0ba3c95513e473e68607df879f030b6af7a.bundle.json,179744,964fac0be4aa471494ac00b9960d6d11a5f5746b92e2baf66c00f8302eb0efa7
raw/32bb33c3cfe3047d/task_bundles/56/56e9d8f23ff0883edb05dbf45ac9be6894385fdbd194735dfbc5350868ab2fe5.bundle.json,179082,2784ddc7c0e4c81a30545d5c2c8b913fde8903d31505cc2b404e4971f89da073
raw/32bb33c3cfe3047d/task_bundles/57/572ee579760989f991fd64683deb5a5b9d068514d558d7cb2d85288c16ff9615.bundle.json,178728,3374dba81ddc913026223357a8fdacbba7fbd1c4d5cf3f413641300eaea4dee4
raw/32bb33c3cfe3047d/task_bundles/57/578574e3156524cc71d8de8dfe336f717531a70ccd1e2f6e8aebdf5d09ee18cd.bundle.json,178932,50f75903d5394b0bac93ebaa379d0cc0addd448cd16634676fc766798e6f2344
raw/32bb33c3cfe3047d/task_bundles/58/58180842a5946d465314363f9118b26ec81875e1959a6149d9d3b4c8d748782b.bundle.json,179771,c0dd9ae7481b373c1fee23bf730a5fef0297f1c75e1204f8e5f06c639a5e9d09
raw/32bb33c3cfe3047d/task_bundles/58/587b253d314b5565005ee9ebdf1690641dd32f046a31f96b4f3001a381dd8de1.bundle.json,180320,5be0cfe8ef4e70235b3e20d3fd598a24e0df55ab526a39deafa308ef83a4440b
raw/32bb33c3cfe3047d/task_bundles/58/5893bc8be9ae892397290135239491ade090b1757a433f1eaa6973a1d7af052e.bundle.json,179465,9d009b11c9c0b856a670230c027208a5cdc8b1f14ecca9b4a745f64951ed8a0c
raw/32bb33c3cfe3047d/task_bundles/59/59b929a9ef2de35751cdb71efa5c0a292177bbd1f1ae71d73230d33bef7d3787.bundle.json,179629,8b5d77f13cf5f627e24df7218525c36608112115b613f25a366276f9e2c904f6
raw/32bb33c3cfe3047d/task_bundles/5a/5a08d8e5b958a29ffcb486e888b735e16c22b9f1a8f058c857da00f475ca16ab.bundle.json,179598,a0f8ec0ce89a7e3991f26301ec9b44067b34671727a5cd7687c335cbf52daaaf
raw/32bb33c3cfe3047d/task_bundles/5a/5a1264b074361f9102d477737dc0d26594f7074c511fb8623669e2ca50988945.bundle.json,178709,65db50a5002213f18f355184bd0cc66ec88a49184e1256e4058454e1e403744e
raw/32bb33c3cfe3047d/task_bundles/5a/5af505e0462ccfa06c7175d27808760fbc3f040cb61d8ffaa652dcf67eb6b444.bundle.json,179426,7452b1e4708eb5f0208a4cac7becd117b52d00bcd937634c47209ac2f8c46f72
raw/32bb33c3cfe3047d/task_bundles/5b/5b3d80c3eccdf069818e057a57ad3c69a129c3f75a6f49ff9f148c1d69bbfac0.bundle.json,179608,7bfdf80a1310c31c5aedc92c9472d3d5ae3804a0ef60d0ecdc824935ee07dd7e
raw/32bb33c3cfe3047d/task_bundles/5b/5b51b271a5fa22bcc24d56a2b0bd572f98e70e31206ec9c0367bade6f730f2ae.bundle.json,179893,05582cdd9d2cc800f199d25eca7118f982c8277e13526b364e7ecc245fa96875
raw/32bb33c3cfe3047d/task_bundles/5b/5b9c7be7b37c30e7020d5670d45ec2b4d511f3e8672887a9f77443e507a12d7f.bundle.json,179301,81400170667f68313d5c1e19391538db338a5ed1377628044ef561a98cb6db6b
raw/32bb33c3cfe3047d/task_bundles/5b/5ba67cdceb6dea15bd3bb70a6b42b54ff9fad40c95c388cafaa8bd24ec70897e.bundle.json,179720,3d3d0dc22795f3064f77068dd4dbaca9584c9f03725582acb5a7821745cb51e2
raw/32bb33c3cfe3047d/task_bundles/5b/5bacfb85290b3d996a988791eb5e74d169aacb0f0db3ca4055d10c10546cdc3a.bundle.json,179715,bfd0de86b209aecd58a0bc1206b3dbdeab3eed4c750ad3969b7abd59ac7e627a
raw/32bb33c3cfe3047d/task_bundles/5c/5c20afe8a923f2830852f29287df7ddd56552685ec82ce2890821b3960d59583.bundle.json,179793,3821b3c628b221ad1cebc68f78f65370bacf0954cabc72319a09e01c8492666a
raw/32bb33c3cfe3047d/task_bundles/5c/5c4552939db5fd943e19a663f4d32588d7e2e9c8f50471b7ec07f069ebaac106.bundle.json,179593,82f3cf54f7d2052c3b0dd9b17c5545a9560a38627dad11cfc03661ec8f27e113
raw/32bb33c3cfe3047d/task_bundles/5c/5c6b40b85f0d1a3757bfcfd49e49937e2011078b94743cdeadc0688eb0b547a3.bundle.json,179395,5ab886eb4437f95ee5602031ee3a9e3512c7c52a6d19a80eaf546e40b3e27e3f
raw/32bb33c3cfe3047d/task_bundles/5c/5c750b8ab7c49cbae36e82525cc5b5052c036579056749ec3ae518cb505422ae.bundle.json,178819,79d7ad5b3fb2f0e6faf574c98572caec4f3adc902d94d6455641287b58cc53eb
raw/32bb33c3cfe3047d/task_bundles/5c/5cf0bbf2741c9c19b3a6be0a639bb635d36a83fb5c4d70497a8a0a6869adbf4b.bundle.json,179704,7e9967487647ba865fea2daf171c06cdf7e897ab6693707ee3593a5465056c50
raw/32bb33c3cfe3047d/task_bundles/5d/5d3b047ae373b77076d75027af2f86fd63dad079d2b7ed09a0e5a23867174f70.bundle.json,178850,8a6faee7622e12bf05d8f573d75e6403e25f61df267767aff400ba4fa127df61
raw/32bb33c3cfe3047d/task_bundles/5d/5d7717c6330f8825cc52d9d49c4724e9424e90d14a5318a095aea8a2652e231e.bundle.json,180413,4ec8576c99fb2ed1386b5c22ea7dd4c5acd498d6eae671ba5196a96080e7d4ca
raw/32bb33c3cfe3047d/task_bundles/5d/5d7939417c48154e69ea74914feabe46dd08553ee1f0686fc1aeb5a77f107ed8.bundle.json,180242,4abef4b6d78d86b5f8609a903ae51d880b74eb19ff05de7b937dc889a6429fa4
raw/32bb33c3cfe3047d/task_bundles/5d/5d95329b3b8e25076279f6286c129e4f95c5408514d74d75c11744cf65fa09d1.bundle.json,179789,9ca7e16b28e65cf770c316796987e11726a030dcf246048e5983d729c2b9115c
raw/32bb33c3cfe3047d/task_bundles/5d/5d9e85bd8b31d47aac7b1cb59882210ec0aecddf2487ae717c9208a1b91205f1.bundle.json,179402,e2611a86b63a192ca4ae2449887deb59ab1bc8ba19159daf316ce7d6152a41da
raw/32bb33c3cfe3047d/task_bundles/5d/5db51f9309621627db7b0556fc4174dd940396c7680d8c9cffa0b7ca4f4601f4.bundle.json,179213,9fb0c08872518fee976588b50fae325e842034741b67009d2908584cf856b558
raw/32bb33c3cfe3047d/task_bundles/5e/5e8481ff0845a2927b90b72f9ba9cc9a8453dec3820b462759da6b876188c9d4.bundle.json,178947,51d04c240ad2c25cfde47328d3fea3cdfdb7aacc776b8fadc869ccdc41d61d2e
raw/32bb33c3cfe3047d/task_bundles/5e/5e9ce55f723b8fbeacafb0d832f5bdcd895924e9702c9f1024a2b8d12c2c8cfd.bundle.json,179406,d22055e6a6d825e012f1b925465e9feac775ac4e9cebe095cc3071e31647ccc2
raw/32bb33c3cfe3047d/task_bundles/5e/5ec385bafef419e5ca2897a53a9ff35791c27a4416a31a7d05e96391e0338934.bundle.json,178903,376430e5b9786acf0fae9f98f321c44f7e2ba2cac90c0405bfc54f667c8ea718
raw/32bb33c3cfe3047d/task_bundles/5f/5f0ee9ed5303a7b7fd8f8cb5939fa945cef751b617a2535038c3d0021a5d6fac.bundle.json,179156,1165dbb29083b1a89913f52641f0f834bb118d4917c70304deab9b0f429b7dfa
raw/32bb33c3cfe3047d/task_bundles/5f/5fe727817f4363d9305116df0f6885885237402625423edddd5ff62e17102ffb.bundle.json,179744,c37eea7f228198bf3d1a408ebf10c1e89ca1c36d1a2273aec030d630f24db7d1
raw/32bb33c3cfe3047d/task_bundles/60/60251668307db927ea9814638df28488ede52e41cca95035eda40ed969edebe7.bundle.json,179823,cd5e74893b762314b331ec7dc1ba030470aa207627c40a2a0acb59c6528dd803
raw/32bb33c3cfe3047d/task_bundles/60/603fda68eccdd73d4092623c13019a6986d3d84bc987755b3116d09ee3f9e1d0.bundle.json,179278,58e2f66d0be98a2c39333c7b426c9258c19e4001ce7a840fea86741b568700c0
raw/32bb33c3cfe3047d/task_bundles/60/60dccef4778750d96019c01ad7c89674ee77acb97a35d780815410b96f939d6c.bundle.json,179616,4282f3f462b4ffe9868ee4dd2170ebc4ab528279b09db30673253e80ffcbd3ea
raw/32bb33c3cfe3047d/task_bundles/60/60f1a1839614561ac2a0c45d1d7fbf9e51c58a0c07ab4364a4bcfd31a9ef160a.bundle.json,179491,444702fa45c2ab2a5ae8a0d2030c2496823a2f4a256930e38ccbbf2a32d98b3e
raw/32bb33c3cfe3047d/task_bundles/60/60f951a1b77370f3e07de6d84245bb71139db960a16690d8b0222e73dbd8edc5.bundle.json,179350,647f06909a8d81f1379d321aee66e7ed7bb690483f0cdb106f03df20d3d2f696
raw/32bb33c3cfe3047d/task_bundles/61/61032c9fc1c9a37fb9c521f62adbce2bc0d39978a0b8a8e80b8a05d0704c9b73.bundle.json,178830,1a470a7fce7eb9335bbac6e0e5d00a67df6f15662b5558c46bd1feec84ed2e27
raw/32bb33c3cfe3047d/task_bundles/61/6105cf76d88d09e9a8b21b417907f7b5b155a54748888e5cd4fe7df377c6f4ce.bundle.json,179912,72a4b96969543fa53bf61c53de633c22a6fa421e85a9aafc79d529f183970026
raw/32bb33c3cfe3047d/task_bundles/61/6117880f05e33ddfbcce09854911cc2ce77962f34fe823dff11f25d0e78adb67.bundle.json,179413,e3def3673d04ebfae538aab13a52139cff19bbdba9ad0edfa8472880da5b6f8a
raw/32bb33c3cfe3047d/task_bundles/61/613aa86cdf02cca45833379556b084de3b7d6aaafb7bad71b86a9a4de8cda82d.bundle.json,179030,5a6c4c5e96f81ff3540ad46aa2c918b10aec9028f1ae470e27d46cf7eaf33df7
raw/32bb33c3cfe3047d/task_bundles/61/61469a77156f9491102960ee3e8b0e70eade91f2d85cad79c8f9496b3d213345.bundle.json,179957,dc495028083960688ee02e67de4e6cec097bd7616792fd61d08526d0f4fc548c
raw/32bb33c3cfe3047d/task_bundles/61/6155cb4bc0e263ac9f33e108c77789cebefde7633080ed5470d3e8ce203712bb.bundle.json,179699,9e7720b7b2fd4a7a9626fcf5c832d7fa121a4a2ebdb6dfac2fad36c2eccbd8b7
raw/32bb33c3cfe3047d/task_bundles/61/6156d1dab2fe6340740d2b46af0b45ea2b8062914f235a267d660549369b70fd.bundle.json,179574,085a45b7623a4f2468f37ce819e53f0fb6916af0cbbabf1d759c7451699a7b45
raw/32bb33c3cfe3047d/task_bundles/61/6178a1cc17cdfee797d86fec515f5b3addb6ef6decb9aeb42eba8a77617fe8b3.bundle.json,180737,1a80aaba9675dd23ca3be62ed0f8dc13a461018ac3fa3963c973177aedb99626
raw/32bb33c3cfe3047d/task_bundles/61/61aaba2f6d4df3a7d126718bd80432e6e0cca1dca7f6cddf622fc52ab2a2f233.bundle.json,179431,45c2657de099a8f7d9ca4ae21e2c27fd58adfc27232d32dc2749c37326221064
raw/32bb33c3cfe3047d/task_bundles/61/61af63f3e2bedcf6b63306a2befdb0b2c3e87f0e3c368810b98768fc91e7d94d.bundle.json,179189,e48ef6be9851e73c7b0192b31d2307dd6a3fcaf6e1d8c00e2f09656305ce35b7
raw/32bb33c3cfe3047d/task_bundles/62/62027a127f4f26cb852d4eeb2b1c361292151e313cf026f67a223190f21a000a.bundle.json,179601,70f786b99a041c62d24d86573cc1f1bbf6f0743062a18db2464b4b57d3ccaea8
raw/32bb33c3cfe3047d/task_bundles/62/6208a0b832b063c87a2839d32e83cf9c23f197996f651fc7abc3408dff26b5ac.bundle.json,179361,74812a30c41d6df0fe5ef06a3330cae960bc43112cdba37f9911ee02f0c3fa44
raw/32bb33c3cfe3047d/task_bundles/63/634d093690f19ee98f59d3a3f0ee7b9f622b94dc40144464e329942befd5b7e6.bundle.json,179061,fc3281657e786684b106004bc20f9dd2c82bc441b8360e81c1828f9611e00be1
raw/32bb33c3cfe3047d/task_bundles/63/635d4c41f4e77cffb9fff8248d81f6260a65dd9831aa92e7321ac0e49353025a.bundle.json,179502,2d7375b2c1d9d4d5f1a2b65e3b1ce0b387c9b256bee5c1efbf0bf51f9862effc
raw/32bb33c3cfe3047d/task_bundles/63/6389ed1ae76b7cfad7e23225e0da756be24b3829213b13544c70dc75a9fd4146.bundle.json,179435,4a53a9253258c13261eb37284302b8f41379f8c5da2694edb24b896e8c76bf5e
raw/32bb33c3cfe3047d/task_bundles/64/64243b2cee30ce58452c59141a88e4529eeaa60d9aebc3bec6b63fa2905e4352.bundle.json,179958,ea0189f8c42bc32e5a54e4679178c1a8d67110e76f821d3755cddbb087af95a9
raw/32bb33c3cfe3047d/task_bundles/64/6431a9e2f34c118de7d9ac642d31e6c4ac50ea77b76797941fed58474a6af230.bundle.json,179512,0059c23bbdd52890dfb520ced45909bfc0cf95baf0c8a37c38d6b7d4bdd47ad1
raw/32bb33c3cfe3047d/task_bundles/64/64716bb674bc789edc53878bc51fa2f5864652bc1f55a59589e97a64fcf549cf.bundle.json,179520,871fdab736985a396b3fbae811f14dea7d7952288ea056d75bab615b5747bf08
raw/32bb33c3cfe3047d/task_bundles/64/64b1dbbfbfc766afc2a1aad8dbfec9648e563f321ebda350821cbbcd0be80a92.bundle.json,179337,985e2a3398ed99bc5aaa88d819644acf5b70eb3b21b27bebfa5f68cd78b3d14d
raw/32bb33c3cfe3047d/task_bundles/65/650a7bc5b3e36f4ff88ab16032c38ce0baaf625632c0d860a637c54e30a42835.bundle.json,180729,051cca4e750485faef0a991c838aa851a7e670429073b61787aaa2627baa6d60
raw/32bb33c3cfe3047d/task_bundles/65/653baec776cf2b69d7d42527be448d0a8cb502198127e10b1bdbe3c004501b17.bundle.json,179808,d26ac600841ae762d346e6c6403178967f552d79ffe9049b034734583ee6a8a6
raw/32bb33c3cfe3047d/task_bundles/65/654042c3852f288f290d193e52388bd1d029fdf315e00b5ce8404a2c347b7253.bundle.json,179713,db0e659b87800e391bd2dc27ebd12377859562ec905eb2b7da00988362367300
raw/32bb33c3cfe3047d/task_bundles/65/65f73cd987e0fd2e7a238524074e1d4b03141275edbe27db9cbd06d3241b35ef.bundle.json,179906,7a08bc3ca262e9a819ac40ab2b2c053c51bda3206777c424c8657cd3a19e968f
raw/32bb33c3cfe3047d/task_bundles/65/65facc1db708a6f73f0bbbab77b1f7a76a4ee5d18c586fb3d19dcc0d79d4fb34.bundle.json,179523,24ffc60a7e1ffa57debe354d717ffa46da1c8af5f16b33b4fbe5e39fcac02f1c
raw/32bb33c3cfe3047d/task_bundles/66/6636197466685b67ace94abfffcfef910c8717ebbf90fce8553383175c7172a1.bundle.json,179773,01edaac962e18d74e48b625bc857f3ab89dc2648c0a78d265f0d493aebe8de3b
raw/32bb33c3cfe3047d/task_bundles/66/6660e7ff58e9c27ae5928e9f559886336d9d9129928a9e42c7b9c28621f5cb66.bundle.json,179808,15d962b25efb6edfc899206fe37bd44bbf505c54049e19a8d122b95c61a8e839
raw/32bb33c3cfe3047d/task_bundles/66/66c34d79e3f6498c48cdbf3cd107686a6ecc97d93d76252df5365b6c2a4af85c.bundle.json,179688,c5f15312aa9c8c7ad018dd4f13242b8b382fb6d0eb81c59737011435cb9054e5
raw/32bb33c3cfe3047d/task_bundles/66/66ebb57e53d7a9d563603d27e5ccd0a6b308009e2113a8f02fca1886dae4bc96.bundle.json,179669,fb0b2ec7730b70eed1c3ad26adec44e14d65f9f4c55edf8e79e4db47d83893c4
raw/32bb33c3cfe3047d/task_bundles/66/66f7812f99171389a9ee540f9157641784e8d0ede77fa44907bc8e2f64da9bf4.bundle.json,179584,5e3ce1df2646c4a868abe2ca036c10c2b421348266ca4f8a3ce9937d43788e79
raw/32bb33c3cfe3047d/task_bundles/67/6715eb8051f9102f26a55b38fcae90a8bfcee20bd3d562d2142d4dc984e5e039.bundle.json,179921,ab40ecbe77f32b72b5688a91fecd8165a1c36dbdb4dfd340d67ab9765c8fc51d
raw/32bb33c3cfe3047d/task_bundles/67/675db5ae22e21a6ef13f3094cb29a98b213a730f07a2cb273cb5f1ae1b9e34b8.bundle.json,179774,d71d0159b96b23804c118b70433fdb40153cc34249e26138f508df15f7049070
raw/32bb33c3cfe3047d/task_bundles/68/681485a993b9e220f9fcc6548bfde6b3c817293b40bd845c36d7aa2ae919d700.bundle.json,179558,a70d2ed8d51759e52c1ef340faaf0039b5d4607053154905caa2cac186416fc9
raw/32bb33c3cfe3047d/task_bundles/68/68178b7c6833e8d802085c663303f06f59885dd6cc00886c3cf72c8d0d245389.bundle.json,179670,84609d8d4767e48a9ff46da0fc49b6fd90fc2e1e9e834b3fc95b80c3a0735d77
raw/32bb33c3cfe3047d/task_bundles/69/6907d0f7edad2638df65b7811c4504064d49db7e2d7e2202cbe7ca963a463e92.bundle.json,179485,0e39c479c545f69b20d1c8c58e6325652975ae2606b9b17c5b15ec31149d9227
raw/32bb33c3cfe3047d/task_bundles/69/69c700da4e4662406d154394ce499ad79c68741e4ebad94b826df8321da37a5e.bundle.json,179427,52af27e5383db35038ea080215df22f5adad2b74cba25b99412d9bb61bf0036d
raw/32bb33c3cfe3047d/task_bundles/69/69dd100dc11cad8e4e31cbd62d42cefceaab098b463af417fd474178c992ce52.bundle.json,179612,94e2d6fa499ca020595862cfcf2fd53ad6b9da1037407efe41a2035c94ea3e5b
raw/32bb33c3cfe3047d/task_bundles/6a/6a300a78959cf6317329fa5fbe3ffc8f3ecbac58ee9868421d07762a94255ab9.bundle.json,179999,7316cf71d01a6c66480a7825f3af27da7e516fab1a84f8aa41aaff4606f97d73
raw/32bb33c3cfe3047d/task_bundles/6a/6a6188777bf72900f85fe686d797d40e841e85ad01423b13fe1827828a212fd9.bundle.json,179816,7668366dbfc869422a4f7ae6dcee77c08068f82e9e565ea33a22f3ea9b8012b9
raw/32bb33c3cfe3047d/task_bundles/6a/6a950560352179856ed5215a1a8d5e03821b5fd9730636f606a78d0c84c4cddf.bundle.json,179634,7f5bc549101172e9d8cba1158bf7f4ff47e3073d26a5a5cb416226d003d45c9a
raw/32bb33c3cfe3047d/task_bundles/6a/6ab9ca9fed4fb311446cea1a63fc9a044e50e59c39aa5517ff1c4fab16a585b3.bundle.json,179864,a68b44fc6846fa75ecec6c958ffe22a678e86a42c7e458e5ae8dc3ba19edd5be
raw/32bb33c3cfe3047d/task_bundles/6b/6b06e12ebea7129c51b974be510e039976b7215e88855c2978da57f587332a75.bundle.json,178747,e4d947fdaa6bc3b411aae25ae13fd305aaf48b8ccdd20e81855407ea65c4bae1
raw/32bb33c3cfe3047d/task_bundles/6b/6b12f952d7e4ba5640617114d3ac55f478baed6e25840bed911a3a3c4db68132.bundle.json,179538,bbd82382bebe3830940bde49bc2e74c860de025fb60bff517dab91b5d8a41c36
raw/32bb33c3cfe3047d/task_bundles/6b/6bef140bf6bf617d93917d78a99572522f9f1682419b396fa75aca5e6761ee05.bundle.json,179460,79da77e324c298c944d8992d2324014f81b39b8685673c26b270f8df244d4fe8
raw/32bb33c3cfe3047d/task_bundles/6c/6c7297bdc8682eff14ab7ecf3ce618db8dd9e442ffb1481e525bf959affb25cd.bundle.json,179194,c268822b6e60c852bf5896ba7011befd78023e24ab7738d5b031a1491506782b
raw/32bb33c3cfe3047d/task_bundles/6c/6c96ae745894ff9b3326fe94bfa22ac842815c61e06e545bbf9799d4ad330c52.bundle.json,180174,dc592604ab5b15d0dcd74c46e2c2c6d7ef1cede984283bec70c4382bf3fbfc10
raw/32bb33c3cfe3047d/task_bundles/6c/6cebaae3cc4dbfcfe06c231b0f9e837df878b151ac2c0cee2c4e0b5a40376358.bundle.json,178861,82b95353853578b8f309978c107222cb2e1f6133fdbb3dd40ddbddb129f554a3
raw/32bb33c3cfe3047d/task_bundles/6d/6d2612c9dfdd3db42fd1d0ef28027656b07ef76ee7c20aaa7df822a3ce81b3b3.bundle.json,179450,d1a22babf3e8fbca4a92f04ee8bd1ac69d3867145407da8375fe8c6862470f72
raw/32bb33c3cfe3047d/task_bundles/6d/6d88ef0a64957b2e90503ab9d27a6fae1245287cdfe865870840c5702c11e72b.bundle.json,178921,99e77937699942387982bfc9ebad270681cab083d2d05a85662b47eafd64e040
raw/32bb33c3cfe3047d/task_bundles/6d/6d90fd0587b357a61597889117500a6a735a07e9b1deb18692f7c0ac7abcbbf8.bundle.json,179200,0de370a1ff80396ef851d7968dc515fe8096d26172fc146ed6e23e1f04ac4194
raw/32bb33c3cfe3047d/task_bundles/6d/6d9f9c8cc8c810f8eb2cb1d7509172fc201c67c1ffcaf390daf29b59b5f27da9.bundle.json,179129,5c09a54614d3e00738448f82bc9025f73b30f18ce8cc17d3f8a332fe6d384d71
raw/32bb33c3cfe3047d/task_bundles/6d/6da7d2fa72a4bc0f7cfc7b42ad68804761a79b779b00cab763ba8de25e8719a1.bundle.json,180178,7aab1e110f511a1c66d8579c312d608d822cd4d46a4687b7c7039466f6dacef6
raw/32bb33c3cfe3047d/task_bundles/6d/6ddeb6c3ef23b636a3c30aacea907c86d4ccfab3d769f08de25afd9d0732165d.bundle.json,179063,216fcf6ad835c5e25ee5702920a91fb923f91a8c180d56feb970b5cd24286ad8
raw/32bb33c3cfe3047d/task_bundles/6d/6de2c27396d3c7701c46c8ae04c9fec920b8d874eb9548733048dc0b3001d56f.bundle.json,179946,8845a6e6cf938a5c0cd813f6e784b436ca79dfb125bfb705970cccb1439082a3
raw/32bb33c3cfe3047d/task_bundles/6f/6f15ec27b00d0edba74bcd7872dd5bb9b03b02fdd4d65ac2e4b28fcbb023751f.bundle.json,179575,2afbc22ab3b9b90cb81a666c553986920d05e016d883426b36ab8b1c84763275
raw/32bb33c3cfe3047d/task_bundles/6f/6f23baae087d0e79b403123f536a9390c1c4ddd37ac8c412e3a60e78210479af.bundle.json,179416,c5cd963da8c106e78386037f705f42d73559ba1e152e9c597248b016ac41f6b5
raw/32bb33c3cfe3047d/task_bundles/6f/6f7f56e9a20838a8dacf8059a606518f41118611c84c346aa9f91369eda2a656.bundle.json,179276,880aad3369b3c64c5a02bfd605b7b2ae6c5dd7d684429c05c9970f4a7fde5155
raw/32bb33c3cfe3047d/task_bundles/70/7021207c90c6506a8d0885b794bc9d955c2b15e35351b0115a1b0c805d8a783a.bundle.json,179370,c05fba23b4290ce242e5d74110e721c412d5b722b4737f6a39549b715d162d9c
raw/32bb33c3cfe3047d/task_bundles/70/7024cbaa1011fcf589a6d6de2ef9299c5fc9e3012663bd59013ad3f6e420a65d.bundle.json,178809,068ca203b5b9460ed02e462ff9d0dbfc94da9db266626e725d5907b87cc97875
raw/32bb33c3cfe3047d/task_bundles/70/702a7392fab3db3e6a95e51dc3c33dbd616f7d7b54eb22f4438e4205aabe2def.bundle.json,178745,1405d3f08836324fb8f0d227bc1d67e087ab0ac310e002e8500709b869b609d2
raw/32bb33c3cfe3047d/task_bundles/70/7036572a9a14a2aeaeb92e677cea946b9f91e6e6d442a9c6162a6bf6944c54f1.bundle.json,179295,bc54c79a87f52455d01b276873cc4c528ac247e20fff35e6607eb6a7046bc6c9
raw/32bb33c3cfe3047d/task_bundles/70/703732a97b3eee5486396ab8286b6cad6e06252c1d4ce563ec7699a2a95afe52.bundle.json,178778,78e64ce571a4e364e94389d15770c67953ef9b59ae657d576dda05052e541fd6
raw/32bb33c3cfe3047d/task_bundles/70/70df8534ee8202a5b1c699626aa4de33237f9cfaea6e7f1be12011056176eadf.bundle.json,179888,7f0b8e60719a459e3c59557c391e30f293cea045773ed8c08b1ed0e816af574b
raw/32bb33c3cfe3047d/task_bundles/71/7179f307ee27abac631f97816607a7539d856e0b7569a34ef5032405e863f317.bundle.json,179462,ab66e4071734a888b091feb78a3cd82987303ecee69200a3b8f7dcfdab98bc63
raw/32bb33c3cfe3047d/task_bundles/71/71ae6f23fb490dfb60235ac772c02c234eee637bde261702588e1e7699801f3a.bundle.json,179757,15000869ce3b519c588e5a5b71d31377268e9f335116befd04fa10ea03935a78
raw/32bb33c3cfe3047d/task_bundles/71/71bd21713be61e27598cde68087f56a3c0b12f00d92356a021301b6105773402.bundle.json,178885,b1da52d71502adafa2b8ea9d4c6cc0122a599138c5aea250a22edf6d8d302a31
raw/32bb33c3cfe3047d/task_bundles/71/71d4d1ace8e6e29282e7c1424e07dec8e08107a8d513e1ddd646d1ccab5fc4ae.bundle.json,179498,f20195dbcddf768c4909e45b55851584acabed141ebd053422ce1f6e3511e076
raw/32bb33c3cfe3047d/task_bundles/72/724562b2de145b12341df7e1fabff6c40ecdf6b4a49c1d1bbcf2813e2d1d07a1.bundle.json,179630,41440c785bb428c2777c6f286b58b7d1c20382d7d99048d27bc2ebd51dfa9a60
raw/32bb33c3cfe3047d/task_bundles/72/72782d1ed174bdaf3648081968d8f661caf8b975b91dbb1beb9cfde2ea19c9f7.bundle.json,178945,1a7231e9e6a0504b78c93065cc22a3901f96772aa486cd00f1aa4f1e35b83c31
raw/32bb33c3cfe3047d/task_bundles/72/729ba76cecd3fe44d72f600938c6fa7aca0a90afa5d6f3d3b0a0df2401bc8fcc.bundle.json,179665,999f38be76ae6c33eaa94e7e419a10bd9f383bd681cf6d1acc66041250dd35cf
raw/32bb33c3cfe3047d/task_bundles/73/733f464fab6c781302ffbe7c009ba4682207eaacc7c5df2bdf7d1684cde00e0f.bundle.json,179690,bd2fe227314968c65821b0b86fc1903f70d85979f1032d338b14c55c53a8aec5
raw/32bb33c3cfe3047d/task_bundles/73/7367786593fc26b3c2ffe905e1a147febd697baeb3d67dafdf1bd68febbca50c.bundle.json,180817,ec8f4648a88ccb51e577cde2a2beb368ec4ba53925c40593f37ef206f92d3c33
raw/32bb33c3cfe3047d/task_bundles/73/739bd97e753969476d6c7496951249914453600a2f6022661731e121506e2496.bundle.json,179735,9a06de432d513b88a299a46d3587034087df5c723d7661e1c2951087ccb2acaa
raw/32bb33c3cfe3047d/task_bundles/73/73dbe5a46fa9fcbf851a0ca0ffd01cc500e65cf46d5f53386334651e9e03ba63.bundle.json,179759,f10e93c2d5068581ac36e07baafe4509a7d7e741de334d6c85a1ee5f2eea98ed
raw/32bb33c3cfe3047d/task_bundles/74/74219567f9b06adb827473512cca85e11c8958e3af4559d55eab6f39809fd8bd.bundle.json,179636,712792cddb2d7a4df8cea7798e185b7afc15e30d758b72b5b111944f86912b71
raw/32bb33c3cfe3047d/task_bundles/74/7459226f82256fd6c92b984dc26fdb9fdc74b78227c350d5753231aa3a2b0882.bundle.json,179726,2cf607307b454d3fd85b3a900dad2ae7f49033fa388c776036a947db7ced87bc
raw/32bb33c3cfe3047d/task_bundles/74/74774a0ace20e062f0df692a70ec14049eebf102a01a3b407da29a103b0f35cc.bundle.json,180109,2bc50c55ef0dd4c2dd8dc52bd42ec00f50128e15e077c17cfca73f6299ddfc8f
raw/32bb33c3cfe3047d/task_bundles/74/74a8793e4852624394ca96626fc77a575030e9d99fdbc64e39a8d3a9c88e7413.bundle.json,179602,42ad738e8cb23d451cba25d145fa9d30cc873343bc1baac8081bd0dd78303b40
raw/32bb33c3cfe3047d/task_bundles/75/7500a03b702593cc90c0368b12b4e008faac0804984782baf8413a60988bd319.bundle.json,179403,cf10b6ac0f8636cb48085e6053e85f9030a901a8b5c02cda1ea05572b817a17b
raw/32bb33c3cfe3047d/task_bundles/75/7503d286e515c620fe0d8bcaa72cfac6993c655611b6dd6391c7d3f8851a3a9d.bundle.json,179519,b43e48af8c2e853c7652ad8511395897bf7cda4d716870fd8fe4dbbd1bc6e3fb
raw/32bb33c3cfe3047d/task_bundles/75/7552f7922bda2b4f2ef97314319b571bbece65d3f671d4de3651abb15a51d5fc.bundle.json,180110,dde9af5bd0f727144deb25016d3b422648c0b6e86dda746d3bdbba807bf66f8b
raw/32bb33c3cfe3047d/task_bundles/75/7556ee8597ec69e3465205e9074683086682848247e45c4c01e08d64c55ed313.bundle.json,179618,942876be3caa9f57e8d1abab9236ff545f545c12454605968d63372e698c9665
raw/32bb33c3cfe3047d/task_bundles/75/7576838a51d3c75191a5ce94795079955ab481b9b846f747dfdcf129faf96583.bundle.json,179325,863fd08ee02cad1430d10db3a9834215196052b7f01798344710bb57e528343a
raw/32bb33c3cfe3047d/task_bundles/76/7648dc91e92919ea91aafb3bc262ca5a5e74619e5dec259195ef6af2fb1ac57f.bundle.json,179565,47496e8a3c5ac5bed5e751bb0ff3d6dec5eb73d00527283693d822e6dd2c9600
raw/32bb33c3cfe3047d/task_bundles/76/765c6f2412d0c632ac73c1f6476252a82ddaf700806569192791722a290ee4e6.bundle.json,179019,1d9f0db1ef741bd425eb058f9876a29281f6052a0ad3d3a99c45635ab85603d8
raw/32bb33c3cfe3047d/task_bundles/76/765cd675487a7b7ea060befad5de5ae7ab7ff67513493cf987a88a6b324a852e.bundle.json,178885,c86134eec58fcfad1124d8747a90cd5ddd8e6366a92695e2378422c5490acc29
raw/32bb33c3cfe3047d/task_bundles/76/767e1510f26e76a46971d093e425a0510adb0a063cef3e491c9002d5034b0b60.bundle.json,179045,d622c182a294c3500285239e11e66a2b27d4179bf6cdfd2c0d4c98aef64fc862
raw/32bb33c3cfe3047d/task_bundles/76/7685981b13892a9b8f43d8eb9fef72bb7abf666b992a092775c7d065ad814cf5.bundle.json,178441,d2123c3618d0b124f0b42ef5275f5156a564055a97927426371993e26003ce14
raw/32bb33c3cfe3047d/task_bundles/76/76c78a6f6eadfeb2271b2b3abf120027942ce03c541714afa09d5c579a247dfa.bundle.json,179324,bff2e61db31d8b4e2add365292bb321f13619433b45c37dacbd170c9d6378f9c
raw/32bb33c3cfe3047d/task_bundles/76/76f44683454799957aefe13674ceb6dd5aa8fc4669fd224d969eb4e533ac8fcf.bundle.json,179330,4a462b9bf415e74739b187d2fb7a5280900fedde9b67cc609c7ef1d36fcbcb40
raw/32bb33c3cfe3047d/task_bundles/77/771f7d5217be180997347f2e4e975f21a8c043fa90d95a4a3552fde8c6859ea9.bundle.json,179072,13b0b39e90ed2d812225e8c7dc4a72a77767df65ca770033982e6bd8df13251a
raw/32bb33c3cfe3047d/task_bundles/77/7740e195f0454dbdbe03e9bb2991f613cc29bf7c848883bac535bb0bf7bc414a.bundle.json,179263,975f3c7de2a7567d7e0df315433e44a7c923c05fb85a56f7db19fff37fe24974
raw/32bb33c3cfe3047d/task_bundles/77/7754bb230291b5cb42c9ed534c99c29c185f58ee90ea56406f8bdcac48f851c4.bundle.json,180353,66bae5cb2b55f45d0197fe71c51ea86c41d8f23180c0a0810d91d58a3a9f3aa8
raw/32bb33c3cfe3047d/task_bundles/77/7776bc9b301b7ad90be348356cb105e4fbc8ff389196f7c40f47e106ac04bd63.bundle.json,179820,13f6dfad2cfcfcfa0df00e7e846835a5afa7383893ef26aac2f614ec9a8c0bcc
raw/32bb33c3cfe3047d/task_bundles/77/777a63eff0ecdb287ac2f638e23c8a39dd4dd0ab948b191dfa51c5a1bdb20b5c.bundle.json,178857,5181a7027ccf2744015831c50860dcbae10ce43cb92c29000ec8dd183c2aa936
raw/32bb33c3cfe3047d/task_bundles/77/77b1205f348d52ee4de12a954bbfc7bd6e263bac9d973524d9139d37db646df4.bundle.json,179297,4942f784d24142e1e14db86cde7c7830673cb5e35ab02543dd68c3b346766835
raw/32bb33c3cfe3047d/task_bundles/77/77dbf0f14f0f97f8c4ceb19961184a048eb6b6e23f3b2db00973d80c54994107.bundle.json,179656,64cabe1ff8897b777504f80638dcf15bac6167d82d698c5e067f4e4dd69a637d
raw/32bb33c3cfe3047d/task_bundles/77/77e024c45dee24b113be8d3c7810330997e33059cb2536520fa0d72aaf99142d.bundle.json,179238,a8ec9742b45cca1d7b0d46cf45ac70fe4e2ecdef994138338f91047657a3f709
raw/32bb33c3cfe3047d/task_bundles/78/7876ed4bcdb1b49e9d1adbd97b2bf01bfa0b137f6b69aa04599e19ed908e31d4.bundle.json,179412,2b9cde25ae2282cd3c76103c0d87ce192d89abaf4e59db72c2a53663d01c694f
raw/32bb33c3cfe3047d/task_bundles/78/787909bdb597444c580f4046e30648c5f364829454ed462c560aee07b5a3d1ce.bundle.json,178961,c4c32f8ca7c9b3ea4986f41a38410b4b2fe701289afde4e298950771f0f50d3c
raw/32bb33c3cfe3047d/task_bundles/78/78c9a0540f3f686719012b5aded8f4c07717ad9d681beccd9ae531ce289ab900.bundle.json,179825,e56805130326ad8130793857e8b4f4d9475d5c853751ec80f7c492b1c806f1fc
raw/32bb33c3cfe3047d/task_bundles/79/794627d403c371b8cce0a8edd3dcc9219014dc9257fc86cd21043e7d63c10033.bundle.json,179983,136b2c7ae2df75f770268afa570b743e51e7ebcee0b0644e95a1152064ce13ad
raw/32bb33c3cfe3047d/task_bundles/79/798a29479581da89d4bcdc1e3d5ac56982ae665c336ebff0d8f4773eedeead71.bundle.json,179356,d328c259d93c719a5dfca92318815884fc7324d7d1fddb08e7777db524eb191b
raw/32bb33c3cfe3047d/task_bundles/79/79b62637f386741ecc05a83c664a11b85ed5b2e632e8a79dcf5c3d03b1259aa9.bundle.json,179278,67cef11d1ed924f58c7292fd3d00ad58323c8b9dbb1db10b18b4645ec8f1662b
raw/32bb33c3cfe3047d/task_bundles/7a/7a076603a6f20bd96f8194db5c060d26f5af7b07ccb6c65c5d6e41e802c3c466.bundle.json,179466,4fd70438aa9c36942f1917c4455ec936984fa005fa29d09151a593e22c01615e
raw/32bb33c3cfe3047d/task_bundles/7a/7a2b04a027a39f63ef0aaa680204f7537d2f203c126b6e5882f9152a6326fae6.bundle.json,179774,0b1f4b21faa6c98de78ca3855c3b9b244e1856a99bbcfaeef27472f15a08ee82
raw/32bb33c3cfe3047d/task_bundles/7b/7b051019a6ce868bf9c5620823da76dff38ab201e3187c63f35fd3a53f2780e5.bundle.json,179447,039e18987acb3440ef3b767561916badbf2e481d3e4206dc229b409680152097
raw/32bb33c3cfe3047d/task_bundles/7b/7b4f4a42350148011c00c2d838bbc937c1face49ef83fd1532810c5228cec487.bundle.json,180253,e41a9bfeed61123ad2d93ef98972d11adff1184fbfb94f99d7160067e31ccbd4
raw/32bb33c3cfe3047d/task_bundles/7b/7b5ceeb897b64175f65494c75b4202ed247022df5cb07979787d2468315efdd5.bundle.json,181075,3b196815830f45f19bc5f644c10c881b283b2568f28530ca71e0165f4f608c02
raw/32bb33c3cfe3047d/task_bundles/7b/7b8d4f622d7e3ea308d974186dda6ece3481b38c8bafa678fb0c1a8c3da9625e.bundle.json,179631,137c67f7a89497bbfaad8d970f243ea440c4657a221928fba457e86947092cbb
raw/32bb33c3cfe3047d/task_bundles/7b/7bcaf5f059a417a77839fbe967bcd33b7288d7466e588c8b5a4a6300a0fc1060.bundle.json,179957,53a6e111e4a6c7423af6d97330f1feca84c19c29e96e58a79db6e093f3a5b1ad
raw/32bb33c3cfe3047d/task_bundles/7b/7bf043823fd7deb3a206f7eb2f44c1c7151f65f0590ae2281be5ab7278a97a81.bundle.json,179610,867e2837370792cbd1215c220c7ea880edbb92b58aa7199249a3ec0281d45f97
raw/32bb33c3cfe3047d/task_bundles/7c/7c1c280ddbfd316592f9581577e81878ed89a305c93e2be539017d585934c030.bundle.json,179451,63777f0f0e60518f54dd4586ab9e93b359c6ee322c4139fdff1a28204774e541
raw/32bb33c3cfe3047d/task_bundles/7c/7ca96ce42a8809e9849e4292442caf19f54b1f78b78ee29c45780f722be9eff2.bundle.json,179264,c926a7d9ce819b2a6bfcecffa774882c5bd7e44f66f558e4a1a188c0e4f7683b
raw/32bb33c3cfe3047d/task_bundles/7c/7cc77f8429acc18208dd0ee6d0f6608887f7b05ec5b1d0cd2dc105c59b32aa4e.bundle.json,179531,9a20c3ea4835a815ba4e7891181253a604212ff843b1a401150f3bb56f9c98d6
raw/32bb33c3cfe3047d/task_bundles/7c/7cd697845164843e44132b05701e970d7612f36d3d7d73d233cf2a7b5cd339f1.bundle.json,179271,d0186f8bc8a51818857f7f0597cd2121a825c7975c3dec527d72807c52f099cd
raw/32bb33c3cfe3047d/task_bundles/7d/7d61c169cd3ab418e89b9215fbcf34e2aad5c376b3189886752e5be22fab1f7f.bundle.json,178812,3195c194fd166c76f94ec38fc36db7a9ceea7370c293e0fe942c0041a69b89b4
raw/32bb33c3cfe3047d/task_bundles/7d/7d71f2023723b0eeda1cb51d5f1fc1a996b0a0567e3388d8db3fedb177af8167.bundle.json,179369,ccb0396c9ce3d3d3629dc6a3b385c7282345f1b5269a57045196cc3fbfc6b30f
raw/32bb33c3cfe3047d/task_bundles/7d/7dbd153cbc29d7e43c9d0aa3ae7a82eb7d95f4cf7b1b17ff0f7f62692b635380.bundle.json,179917,cc4c115ead39af0376593539d536ee5bd7ff8ebe1caa14acc7e77bc385b46ede
raw/32bb33c3cfe3047d/task_bundles/7d/7dda51a60e98315cfdaf98cb8ffb1e45a393473addff337586ecd10408fdb383.bundle.json,179685,138e7fdb9671d037bbd19552aea2c72dbfe37beb378718072146a2a68bf99ac3
raw/32bb33c3cfe3047d/task_bundles/7d/7ddc31c799f518fd47c24f25638cf01d7ad166808f57a22b685e0eb65dc79196.bundle.json,179700,62dc58f855f0fc6b7a527c9cac8c5bcbdbef9ff53216fa0f87d7c5b0295482f4
raw/32bb33c3cfe3047d/task_bundles/7e/7e2f8751ca2bbde8b8351f7dbd352d579ea446aaa0ee1ddd2e71b96f2f9dfa2c.bundle.json,179462,2cc9c051bce86417f9bc7a57f865c65f4bd758e0fc2ccaaabad44059a13cf4ab
raw/32bb33c3cfe3047d/task_bundles/7e/7e6648b735ae27e38c7d8a949e760f3517a51fe241515ff6b586a28d165e9682.bundle.json,179714,06cd713ae5bf2f7ed5a3a4cac830bd001f1d2b80f085e286eddf1381a14a3a0a
raw/32bb33c3cfe3047d/task_bundles/7e/7e7952c62752a53ab5b731c775dea400facb1d930ec8853ca8d575827d44801d.bundle.json,180234,5d31173fcf7430e55f2ae895b1861429d09e5205ea69d87a48cd65a9886ad6ad
raw/32bb33c3cfe3047d/task_bundles/7e/7ec53ef90f6e7dc82e18c77d5c7efe706385617d8b217cfe1b0ecc3b1eeebcc2.bundle.json,179344,0c95f4383205d07fdfbce5c80e9ea98324848bdad23d558d4ebab51a889ef1d4
raw/32bb33c3cfe3047d/task_bundles/7e/7ee8ad3e908a2c11befb350bf7074ded31b750f00aeafd5870c530fe7b865a85.bundle.json,179522,be09883bcaddc7a1686046ca331857100d73c2d51a93bfe49b0a9bd52bc791d3
raw/32bb33c3cfe3047d/task_bundles/7e/7ef7590d15fc606e6f3bc4517a7e6aeca46570e9690a88acda6d8fb1d0173c2b.bundle.json,179025,9afa0075bb213465424627c3ceb7fe0629af1e385d8b0e68818cca360a784298
raw/32bb33c3cfe3047d/task_bundles/7f/7f183085aedb0e8dba8e7d97057fd53b292e7545f14642505f1fc22bf66ab74f.bundle.json,179752,6032650a30dbb2f8866f81e1083ea1250edc80cd354da57408a041beaf86e06b
raw/32bb33c3cfe3047d/task_bundles/7f/7f1f08d541ba7c921d7fabc5dd1c74268783fbd44ae3d527059bb40744bb9fcc.bundle.json,179616,1bdf493b9eefbbd08b799f2cd307d7126466fb67db8ab31dd22fb366c30763e3
raw/32bb33c3cfe3047d/task_bundles/7f/7f2c7d604a9519bd3a452882ed63ecac38bd5b5670a9a8d1f493604d59dd17fe.bundle.json,179553,ea6ba0331226e8250587f08b1209c55fa0f95bd95243e46b4371db751bf03cf0
raw/32bb33c3cfe3047d/task_bundles/7f/7f3bcc99543366e4379728c1ed6298dd60a6b7ad39a7688b531d7f42d5f1cae9.bundle.json,179963,0262db3da898f5bf70058586563d119c3bac0637f6d62d4e98a4966264345d83
raw/32bb33c3cfe3047d/task_bundles/7f/7f3f1ca0ae37c70376035b035aaab7be669adf86eb195ddae4eb5bf9fd93d2da.bundle.json,179646,cf03eff417feb852f3c37fe5ef6a2071be7a2b607ffc1991da7e9367abc44c03
raw/32bb33c3cfe3047d/task_bundles/80/803f7c4190e4c9cf4c0d8c8738c8d41cdb4eec16add087dfe1ddb3dfc3929192.bundle.json,179405,ac647abfa68907bef9bf8cd05690c108d5271ad5a7f0b14eda2dfb77293d7872
raw/32bb33c3cfe3047d/task_bundles/82/821bcc488b932c14e4eba0e23b1a5dfee4404c1c919c9db3e9b479f68d6af742.bundle.json,179672,0953665e6a258d80474bb788ad0664669a5d6b9a0f85e875eade9c1e83cfd1a6
raw/32bb33c3cfe3047d/task_bundles/82/82732582870bec5e840207fcb2fa9d05dd19290c0ab5441ead337d4ede3d5a69.bundle.json,179277,87345caffe48a1b2d070e40f6de101cde999c4f32d5663aa59a179f5a28778cb
raw/32bb33c3cfe3047d/task_bundles/82/828c90960e93d200945aa5088a1b96a30e2380184ad53f145f86bc6e166022fd.bundle.json,179574,2026532db7f9901fe91d4b14cee7567326f998e392bbc96afb48f4eaef0e6b0c
raw/32bb33c3cfe3047d/task_bundles/82/82b6b648033dbd8bcc44dad913c70cf55db038b6b786b23ad2d345df9cec07ed.bundle.json,179047,9f84d194fca6b03fddc6f0f37cfd55cb9c2de13863327ebfacc6d07abed2a782
raw/32bb33c3cfe3047d/task_bundles/82/82cdc19c351f87a1a9c1811da278eef9bc1f9073147b6b06978ce69bec3c6cdd.bundle.json,179092,d9a087788c2eea291614d7ad9ca7fa58578c38c28204685ede3579005f8ec7b5
raw/32bb33c3cfe3047d/task_bundles/82/82f382484af40fb8dec28041d3e341de1ea2d3bf0f46ebffd5dc59b3aa416ac2.bundle.json,180058,5e224c85902ddbdf7aeaf6fdd384ef49eda4440678da31119e8ffcb13406c638
raw/32bb33c3cfe3047d/task_bundles/83/83101aa2f803c8142a9c12d7f35bb8eb71b47ff897be071d281d2468737bdf7d.bundle.json,179616,85881b37aef884fa069aca425a05fff0f34877a3e71562165cbccbc4a41c4106
raw/32bb33c3cfe3047d/task_bundles/83/8331d793030acca38187b35caca921d8d80ec775be563771b0ed36b612c0b091.bundle.json,179349,01edd2be3cfffd3be9fa341414ecf9da09640aedc401df00c2e6cefd875f3eef
raw/32bb33c3cfe3047d/task_bundles/83/836ecfb21963dcd373bfb78b310d230bac9bfaead84f16dd476d1fd7ef83d38f.bundle.json,179839,60e2b306115e60a97079aaf132c122a3e0a68a9abeb05bbb5c24e53e562753d9
raw/32bb33c3cfe3047d/task_bundles/83/8372f5d4c1809e89836df3fcc23ad58ba47325e5cf41c879a66b18d15c71d460.bundle.json,179465,2798afc5e235fac3345414e9909677a4ea9e571e3aafa09e2ec04398970773d2
raw/32bb33c3cfe3047d/task_bundles/83/838c81c212ab94beddf29112ad3e78a15f89b0caa3684d8a5d328c3451bc387e.bundle.json,179621,ae567695f546173964125c0eb5475898e0ea1cb7843d9093571984a77375b678
raw/32bb33c3cfe3047d/task_bundles/83/838eb731fc9b12811ab918148484d504fb4ffccafb54e0dd278a5a5721c89a9f.bundle.json,179743,4306090d4105c922d4a29b4c5036abad2fb46dc75d716b624a511023d318a917
raw/32bb33c3cfe3047d/task_bundles/83/83b5cffcf04b18b701f007296437266e3a86776eaf3349e6e7b28a965da99e08.bundle.json,179786,81e43a482d97a4cafffd27cb622201d4cc0912613dea7569c6f766f575d759ee
raw/32bb33c3cfe3047d/task_bundles/84/84319741bae430d13e99d260db7af639bd9d2c2b4e57f2685d20a7ba31e3394f.bundle.json,179028,c4348beee47764c2e8c0c4289c281f02a222ff5415a600af402da6dd37a05ab7
raw/32bb33c3cfe3047d/task_bundles/84/84ca9d71d1e131452185ba8008fc23b5e46eac4676168f19a2d4139c1615a0f8.bundle.json,179958,b1bae72c6611f5bdd1b6085e52a8966e3ce96d84e5013925cb9a1f94ad517f53
raw/32bb33c3cfe3047d/task_bundles/84/84e553b36623c153eafd85a258f5966b5bf618ffdf30777eda558636ae19c9d7.bundle.json,178983,d9495c1ac4207ec3c39d719974ca31dce078ad172eecb677c9bca7874cb5c182
raw/32bb33c3cfe3047d/task_bundles/85/85098fd810043843969127b6acd64700bcb442538fa3db8cf77d27fb71f5ed41.bundle.json,178957,9e14729c3e7a5b0e2571858791abbe252551b4b953a5682d158fa15ae2e20bad
raw/32bb33c3cfe3047d/task_bundles/85/8582bf390cf8da37399dda957fd2c5a95f753336faa7960bd762ab156d316868.bundle.json,179656,e2de5d4b0c01226c3b719fca80fdecacf4f5352eb36e2227239a0762c99a202f
raw/32bb33c3cfe3047d/task_bundles/85/858f6ec41da2004adccab65a71a926245a9b0914f328d9b44fc6979132dd828a.bundle.json,179534,24a0411278beba8c35cc8192decb4a2ce8cb2d5257eb6b7aca13fdf317a67b56
raw/32bb33c3cfe3047d/task_bundles/86/86ca2ad7aaadee6ed5bdf941df8e78d9258cd5deffa7c217d38bcdf5af44afd1.bundle.json,180073,937019f4dd9a42112fa2b5a26fbbeab0f3e9847acb4cb6bc6aa71f87c7acdf83
raw/32bb33c3cfe3047d/task_bundles/86/86f995cfd7eb6847dde761d92558284dcac5c8949f7d9dbc8c1ba6badb2f31f9.bundle.json,179558,6cc12b0c00ae3bcd2a5c330237100f063e388833df80c5a9a6ae2759047f053c
raw/32bb33c3cfe3047d/task_bundles/87/87046f9a9ee936c60290fcb91d2eaf03a12f387f99ca4dea23077dcbec9db300.bundle.json,179986,706f92a7f8c0169e8f823a5177bada28c61a5080f5fc06077ff9feb28e98c69c
raw/32bb33c3cfe3047d/task_bundles/87/8780f8d4654d52da57b1eeb3cf9eccbb481f56186e0cc99fdb0fe23619d8b13c.bundle.json,179242,bd89a01c6ca081564c39fa236a5261b78688ec55803d412191c70aca7d4ef908
raw/32bb33c3cfe3047d/task_bundles/88/8841618472b77166fc6fddecd1398956674fb3b3236254401a8a28017413a09b.bundle.json,179233,4c17e638ed9046a55e2f353082f6021a6da2df70669e05189ebfe64ad9256593
raw/32bb33c3cfe3047d/task_bundles/88/884aceb2f96d8f81e64639bee4dda8a9b4a5922f42e1398832a61f936a1350a8.bundle.json,179171,ebf1cd5219acbff70c9a5dcdfe462b306a80187aacd3ccf437b7b876f849dd24
raw/32bb33c3cfe3047d/task_bundles/88/8855d16f4f2f71e8e5e49ee2ccde62baa109a4e973d7f70415702ec867a5bc34.bundle.json,179619,1e80bc61454142dc40bb0cdc39fcf299d583b9db8970b2ba330e91714e999305
raw/32bb33c3cfe3047d/task_bundles/88/885f105856877ddd8ca604ec3123fbdb44c9165d5534ab0e12f1b2a6fb29a6cc.bundle.json,179770,6d9b1c7217a7f89dccec04f837259f045b95128b812e0b79fd9ef191051f5bb2
raw/32bb33c3cfe3047d/task_bundles/88/88836e8897dadd73956576b99e5254dc0c5ac398250cd7f6120630c9502a6ef2.bundle.json,179327,00e876862f12dba0cba33965d774fa4b85613b33ce6a575e1236af67c3c3c421
raw/32bb33c3cfe3047d/task_bundles/88/88d5faf06676e88adf329b7ec25b7532537bc29fb7afeb2c1ada501509f312db.bundle.json,180274,149906b1a26b868fd78cea9735d4b8beb55ada9a7ad0e5b8c76599185da38a32
raw/32bb33c3cfe3047d/task_bundles/88/88e8d17b9f674a499bdd1001adc059d45b9df9f32cb7358d4d11c6be2dced96f.bundle.json,179482,0ecb7175cbbfc8a035226df3c094725f503a5ad7af2f521838964e154703a837
raw/32bb33c3cfe3047d/task_bundles/89/8967351594911a7dc5b904c1c01b381630815e519a5931ea3cd600c98b3dea59.bundle.json,178875,d00d2b61a405d9fa21272feb9ed391dc2fb7cdf797b0f31d356de7d918ae1de4
raw/32bb33c3cfe3047d/task_bundles/89/89bf49abcfb9257ebc29da3438eb23a91c345c286934010feaa582235b62e72b.bundle.json,179102,db21faced83935155703a8ec89830a1461235d05ed49df774546d54bdcf36a51
raw/32bb33c3cfe3047d/task_bundles/89/89d8520500b34022da3aebacacb21b79e2c78623a7e3ad9b7c847951cd0ba584.bundle.json,179938,d3ff351676fe1c83d337bf89c1b40034a3968b4704266b66a8e141191ddcc531
raw/32bb33c3cfe3047d/task_bundles/8a/8a5e37733e4c5ce47803ae155fbeb78d9584f632943acbae937b0ee04114da72.bundle.json,178883,416262cd7b1d334b9df9ac67e88170e6e7956baa78cab9d9682e638e0af424f1
raw/32bb33c3cfe3047d/task_bundles/8a/8aa8a90480bbf50e7ea7b7c6f29b92bbaf619039737b6cd78006821abc5d83b8.bundle.json,179498,9534e12f36237a7d9a914dbf63ee8866e9cfb2720b7550b3336258767e715f11
raw/32bb33c3cfe3047d/task_bundles/8c/8c3e270ca4c60cd121a4a1922a76277da852d7e5d78e73c717bc3d5d0d14b841.bundle.json,179461,c5e5d9f5cfa42866120f3cce6c7775cbb8645fc8f06e9f65b3d3def85fef9aec
raw/32bb33c3cfe3047d/task_bundles/8c/8c67e724ae48f55aebe8b180e31f934521186f17f7880a070b3bd5893aea2a40.bundle.json,179549,1295f0a3c558cdba9de0cd2a2c453cfddd36711617f1857268dacfacf0cdc42d
raw/32bb33c3cfe3047d/task_bundles/8c/8ca12129e025443144eace28f80c0896b76afdef07f736731f123307a89e819f.bundle.json,179119,a3396b958526f1f1015da48cff82592cfd242fffd470dfeab37f93582fdcae69
raw/32bb33c3cfe3047d/task_bundles/8c/8ca7cd29cb23de5241d65350df0d8603475a5881cc68eb74836906ca35447696.bundle.json,179430,998547f96be3176a3678ea420ac4da50f487bbd6bd70038703bc7ede175cf160
raw/32bb33c3cfe3047d/task_bundles/8c/8cb085c174e2309e03f3790d55e5deb2dbf894758b41fff00ec4321bb0e4a725.bundle.json,179005,df9a9aeca12f5effaab854ac761effd7a7e5adbb5e272c5005eb1d0b979c34b6
raw/32bb33c3cfe3047d/task_bundles/8c/8ce80eb0f0a064060816b75918c541cd8d278e514e6e00a57c3387b29aae58ed.bundle.json,180153,c848e6c640f8aabc55783946a82523c8986cccfa3c3381eb31ee0e2d9ea3ef15
raw/32bb33c3cfe3047d/task_bundles/8c/8cef1aebf5ddcf4fe9e24f49cb0c99c6436c9d72ec3211875098c6ab189651da.bundle.json,179715,b5464bf46ae39f020411fbfd236cf4dc0a603973f50e58fdd5c2078738ad2854
raw/32bb33c3cfe3047d/task_bundles/8d/8d0dd8722268dfbc4de6001a2d97e8f7057e8c237b3eebc33d0737d6cc42ff78.bundle.json,179728,bd0cca703fbcceaa29a0978354451bafc498a994c62c2d32ec21deb17acdb5a0
raw/32bb33c3cfe3047d/task_bundles/8d/8d4fa7da3cc44e46f41a9ca2001ab36211e6df21aa02d0af707a80bf063c19b1.bundle.json,179661,13b37ce3ae2abbff9bc9b32b95d58f2eb23c1b1ab3035582a5822c3a5e4446bf
raw/32bb33c3cfe3047d/task_bundles/8d/8dabcf6c848ec5a88a42fd6b3af31bdc526086b26c4fadb9960b2105cf947370.bundle.json,179240,18945ef9fabad41ccb51065ed13e29c460c6bc99b4797948121439b129c0da01
raw/32bb33c3cfe3047d/task_bundles/8d/8dc7877d4d33744dae0d8cbf49c30618a7db63ba27676b4006e6c10b2700a71a.bundle.json,179482,5004319abab511b48d86a2b728369895d7577b65d8ccf07df527b0a96df3eb57
raw/32bb33c3cfe3047d/task_bundles/8d/8dd04297e36feaf218908aee9a846efea31a31d82962c6ee25bbc369fc62549e.bundle.json,179511,09722194b366083f02c9f801e09a0c8a539abab4fe4b59ad3638c4860b8f4491
raw/32bb33c3cfe3047d/task_bundles/8d/8df99328b24082a0a0c5160ef23e1520109ddb677a96f8fcb55ddb98e8821ba4.bundle.json,179067,1ba7e199f7db9e9320ac9f89c9c61c9dcbfbe618019a575e6125ba6f98096970
raw/32bb33c3cfe3047d/task_bundles/8e/8e1ad54332a8ef2fbbdf4f95674863902493ad2ca80b49572efa932a58f17bcd.bundle.json,179491,b869b88e8e4e628fa6b5122b7a4710995a24a9b290aaf9031b9dcf08e2530eb6
raw/32bb33c3cfe3047d/task_bundles/8e/8e4902af3964f70c423fb5fc1671fd47f4cbf1bd3766af20dbf4c785c6e14e92.bundle.json,180034,7a48c6b65fbe512ef0bbf1f640126d094bb511fc995ee3c9786506136e6e0548
raw/32bb33c3cfe3047d/task_bundles/8e/8e66a71548b3065f8c96518e2a092c82b5fd3e270c271d5867ffee5f67c6cd7f.bundle.json,178990,a976195fc7b45792fcfa3dd0db29ae956c044d63873264201846aa0a5dd25bcc
raw/32bb33c3cfe3047d/task_bundles/8e/8e787975295d19030dfed65035f529440641bb66fb66b04ad5b7595d5bcca215.bundle.json,179423,f8bd962fd4196ecbc40d73ab25db85eb52886decb660007a462e01ac5db519a2
raw/32bb33c3cfe3047d/task_bundles/8e/8e801841616d65ca0b111669d3e9e34cddc670b21bd7b3d22e827d29693a4cf0.bundle.json,179568,f37bda24c75ecb86199bde713316ff4aad085681e2f151fd4fee8a6e82766f44
raw/32bb33c3cfe3047d/task_bundles/8e/8eab095d8b6c63e91a97d94c68f587b1abb405d314f74bdf60bbf9b0e9de9ee7.bundle.json,179174,a566dbcab111d8e02b70c8c6971fd628aead2f80844f1124e77417bb26b6e0cd
raw/32bb33c3cfe3047d/task_bundles/8e/8ec79f11cce5ca07d2fdf965aa668ae4854981d2382b44bbfcfe59b8b113a9c2.bundle.json,179522,2e7294f8e56ea4cb0e26aa7e1fcd4b09eb008b1cd9acf6a7385f745e30c74eed
raw/32bb33c3cfe3047d/task_bundles/8e/8ecd21921be3feb06bb170c1060036728d0115675b5b6ebbc045111d68640f3b.bundle.json,179108,7c252fad63ee717c65c92e87561c2a9e4b701e93485674a5937ddf22a4ce2b4e
raw/32bb33c3cfe3047d/task_bundles/8e/8ed4bf4c8bdb16b43965e66dad2ccf79607002524dca532fa0961550bdf546d2.bundle.json,179503,574cf6b8c58a33ab967a5b926fd67fcd3d31c45d6065adc2b08eb2654358bc0a
raw/32bb33c3cfe3047d/task_bundles/8f/8f0f2491b2ada90c0d1ac40a619382e9006293f9763e43daf9a4e4ef6c76e4dc.bundle.json,179619,e4cae7231fc544347990cf272a0fe96600766ac0e49c8e4a758fa2ed7157051e
raw/32bb33c3cfe3047d/task_bundles/8f/8f7134d93d4002acd5abca32441ebecee9d331ed42ffbd39c7caae1e3ca3f9b1.bundle.json,179249,f50c0c5f7b947773722700f002c70b611ff30ad921b445759776d873fd07519a
raw/32bb33c3cfe3047d/task_bundles/8f/8fb6c55b9e967095dc923a79d89d9059c665dc2bafc3f4cab4f24b6c04ba7750.bundle.json,179278,242d992f3c8d2ab07282dd477e0fbc75957a472ee2b93fed41b129707feb372d
raw/32bb33c3cfe3047d/task_bundles/8f/8fcdcd120313ab277bff3696f84658ab662e04005881238d06dae7ac5b0703e2.bundle.json,179382,ad86d198378629d3b04491618690e0e7fb8b78b51edfa04c361d228e859baf39
raw/32bb33c3cfe3047d/task_bundles/8f/8ff7a81389f02a965c3494f0b08bad67dece132e2ba1b4b050987665a8b20dab.bundle.json,179412,2bba2c04e3781854c620ca6b39d8ce7444b5e27d9d30726c995e31cadb42e61a
raw/32bb33c3cfe3047d/task_bundles/8f/8ffc9d79ab968389b53c2a3b71181f23ebac5664283533cf0caa364210280518.bundle.json,179818,0584e13cb5baecbed77f69c8b37727388689be3e6c3e74ed82bca3ccf2eb3149
raw/32bb33c3cfe3047d/task_bundles/90/9003fde05397349127ab2eb43e08c7eabd8921b88a585ced12724d7c0f61485b.bundle.json,179750,e0f5860bc4a3e337cff783ee63a0cc2a81b838f0075afc705aee4fd66269cff3
raw/32bb33c3cfe3047d/task_bundles/90/9079b384d769666aab438e8000832ad9bd5e176ea6dc1a174071b918ca85c7ce.bundle.json,179614,dd4d53ddb85c5e0b191a30fd2373606b29be21c0cd9e89dff4648f6be0a4c108
raw/32bb33c3cfe3047d/task_bundles/90/90b48e981d2cf56c4e682c92059deb534c3eb8438e3f3e576eb6c2f7f576f9bc.bundle.json,179745,f59a7f4c633e561dd8e524476a634738d242ad9900a2ebedcd2b8489068427f6
raw/32bb33c3cfe3047d/task_bundles/91/91ca872b40656fe6c21a71d54c315932d5d5d561b48c4a1096a9c6f083dc3c90.bundle.json,179495,e6d3174039e89e38d2723328800e0581a3c021d97957d902a78887fb566900d0
raw/32bb33c3cfe3047d/task_bundles/92/92053db50cb1cd55c9101eaea8f5e717928e9424c3929a0d71609b7ded73c78d.bundle.json,179849,4aedfbc301aa15d605c3524ef8e61cb765b0be014ec137a25a00cf708307a8f3
raw/32bb33c3cfe3047d/task_bundles/92/9222e64319908c288cf34102fc9844875494524e22b4c0bcd7ddb8a53638ccba.bundle.json,179877,f3235cbf1fa605d05c5e4e8fe62c8bea3b6f51fc5f900d46f06291b7fc2911a6
raw/32bb33c3cfe3047d/task_bundles/92/9287f94af8451256efcc67cb429d89f53183e15dd01965b4e6ea4e714a06de92.bundle.json,178931,226820d5ac17b67af0c297794f07ad5bcaa2ee731bb281736bbbe37aec4fff59
raw/32bb33c3cfe3047d/task_bundles/93/9331e61046751e96dac5e4fc2512995ff2abad6579e83baa11188a224bbea548.bundle.json,180229,a36edba2f592f2256a21ea68a0fbb577c807b34019738729b223ad43e3359809
raw/32bb33c3cfe3047d/task_bundles/93/933904953d3dc3ef6da94b3ca6739da7581c11b98ec35f11deedd26dc3500a08.bundle.json,180573,703a8cb7f3400bdc8cb0114fb54a36f203b05104c519942ae1cc9a8cef80f442
raw/32bb33c3cfe3047d/task_bundles/93/936dec4c8564c60bc19bd4ac7234d80cd4ab5c1bb4288a57894da93d3aecc489.bundle.json,179840,5cb90cfabb05155fdf857fc56c05482a822fda1d5989f623f0111a53178867d7
raw/32bb33c3cfe3047d/task_bundles/93/937ed77d492a41ba77e2f6b9da44e67f98a7055b3a4c6f9d5c9a58b9dd2f2b26.bundle.json,179117,9bf465f9adae8b4f85eabc2a007769cbe6036090a703c5f0dd51f437d8c1e350
raw/32bb33c3cfe3047d/task_bundles/93/9395d2f342299668db367396518466c6956098569c94c17f772c102bfe14524b.bundle.json,179322,6a9e05c1a4918ffdb8f3cf2d36318235e1982f1080f3618af6c6ca0e09c6bb1a
raw/32bb33c3cfe3047d/task_bundles/94/940ebd87c4cf37e7c37f7f16058a24194d17e4d8725182868ccee315158a5e0c.bundle.json,179917,f79b83a53a2b249a4945658a8de584a7c15be64c9d79b11edad1833a81730b33
raw/32bb33c3cfe3047d/task_bundles/94/94bb92f28aed0431fa8df30961a367aa6e5a7586d0acb6680e79f2c2302ba52b.bundle.json,179926,f1dedef31fe4b1f6809e3bb56ae7ef3c69c0fcc096542b2ac3b5dd88684570cc
raw/32bb33c3cfe3047d/task_bundles/94/94c66312ca1db5e41721c7b26e0645b0be951b1018eae7e4f98834cbc06532f8.bundle.json,179973,8dc7ce5c8a3aa8f6b65e4d4166ac1a24a36d3978c2e46f9f898b360aeb83c7ea
raw/32bb33c3cfe3047d/task_bundles/94/94e27e9daf988cfa4f11a3ab86df3e15b3ee6ec9584455bc98685bc9fd9513a8.bundle.json,180402,f5d16933c7178593826f00c74c59d9f1b22fd0c7910c0a4ffe9dca3dfb312615
raw/32bb33c3cfe3047d/task_bundles/95/95712d51bda7ca1a0ca535293cf4aead9fab1af4117e99680a0fa83f7521c972.bundle.json,179431,0ce36daa2875ab083b7c916a154519b326567e85cd9a7b547c8ed15a5e904ae3
raw/32bb33c3cfe3047d/task_bundles/95/95aa3a6b495894b440d93a0130c41871bd0e2dcec26f2e196e9bc36d91fa061a.bundle.json,180335,6b5157d829fddc0403f293f9db5d0c15a7780ffbc508ebf6f07b779ae1ef33a5
raw/32bb33c3cfe3047d/task_bundles/95/95b7bd749d2a53f393f808269342128757b9338c7e72296b4abbe59ac9d0e57a.bundle.json,179699,bd54b5f2a3b0f51a2e05074c0c1ed11a27f0d9a4d00b0c169ae93c4db6dc319a
raw/32bb33c3cfe3047d/task_bundles/95/95dad2ddab8d5b2b88133bd24b62bcadf26bb3667d0f5abb97e43353d6eb871f.bundle.json,179710,28ff14d5f4d24e20afcb427072460b60e7c2861523d9ad811a914197ec1a9e09
raw/32bb33c3cfe3047d/task_bundles/96/962550407491d22b9b5acbfb6ceef931d47edc83c01a78bcc4d6548d3625867b.bundle.json,179443,3e3acad22f4d7b6f488c38fc6835e6c026f5056fa1292d1cc291e87ab6db2c15
raw/32bb33c3cfe3047d/task_bundles/96/964b26031b62cb8e2f0833f9bbaffb9f86416061af7629cabf2f6a7bdfa3424b.bundle.json,179908,573d898a1c7093a430fd1ad5f83f74fa8f70c2663a4d84050ef0209a6a97e8dc
raw/32bb33c3cfe3047d/task_bundles/97/9716e5ed05eb0a5ae2adf170cde83697702f169f6415a9f257bc5ca85cf65285.bundle.json,179331,ffe0b67042f319a8511d8c5c8f312bd3b42b8484512b27701eb10df3e5a8a7e4
raw/32bb33c3cfe3047d/task_bundles/97/971acffebef60f61ef0e5babedba2b8560ce59e27e1286d4e9f2b76d1da0fae9.bundle.json,179485,8d5c7f162ee38c7ce2a4152b6f8d965497eae6358232cefa4ad5b715b486afbc
raw/32bb33c3cfe3047d/task_bundles/97/9768c898de68e9128d75635c712372bbea685b30c47d94d0b5ee0c8d08c7d73e.bundle.json,179525,930cfb92d443b86067a0274297e67c92d4ac975ac932bbb4054c733c963f84c7
raw/32bb33c3cfe3047d/task_bundles/97/9779ceebd0f9599e8eb4806c1590325fbf5ae5d45e1bf83c857a6fb64187b775.bundle.json,179464,c005db1b63406dcc134053357004782e881b44d62b0b2206dab5668c060ca197
raw/32bb33c3cfe3047d/task_bundles/97/97de50db9e46ca1b81dcd41d86e44a616dfe52025b07825a2f9358303ebe72f7.bundle.json,178874,ba9248a43d13e5494bc74baae59f3d0d2ccd07b1c884c6c7e459bd9fa0efe7c1
raw/32bb33c3cfe3047d/task_bundles/97/97f0a76872a98c83b48700181f555b42a9ec9ffa2dde31c75cb33649e0977c94.bundle.json,179032,2e14f339af4650899d107f01316a1ddfb1a43a3b1917029cfef7cf0057512030
raw/32bb33c3cfe3047d/task_bundles/98/9839ad5daf9cac1efe33f0e6aae864ef21ba15c27660bdc5923a95b48925f986.bundle.json,179730,0f283c7ea5318a58d0fd9885cad2801393b2e4cf84378915b7b4641ff4d7ecb2
raw/32bb33c3cfe3047d/task_bundles/98/98e58a9b95cb2ffe4688a0a203705a9b16b47fdb7d0174d4ac0053354366bcfa.bundle.json,178864,f542fd06a3a28a6fea58c4cc5b0c821667bd32e3b90d81c514a4b04a028ed4d3
raw/32bb33c3cfe3047d/task_bundles/98/98f3da23f873ba28037f143c8d6ce5a980cb52be900991e757e0a99a6a5cafd4.bundle.json,179532,a72aef4ea775983f50839ac9029c5e67a9fd1459df5c24290a2d022b9399b3de
raw/32bb33c3cfe3047d/task_bundles/99/99acf460266598b75cc8f1c13b69cd01842080d68625952d12cd1ae7f5b5d4d4.bundle.json,179061,468c2b7e2bc48e1971fba1faf753f68bb85820769c883fb9eaed246fb5717f9f
raw/32bb33c3cfe3047d/task_bundles/99/99cf100f8012d93c24cb6cf0e8b371a3c461194ce35d5f601fff307bed4a8359.bundle.json,180618,9e5cc17288f56fe9c966f4fada65ea2b5e6b908ea5afcfd576b8d52fb820f207
raw/32bb33c3cfe3047d/task_bundles/9a/9a5690fa3a0407507827f1f785b4c8171a497c85e0bcca396dc457f5068dfe19.bundle.json,178965,7af490eadf5274b0daf9061f1dfbb509cf82bb03ce21e91c9ab790a8b6cba60f
raw/32bb33c3cfe3047d/task_bundles/9a/9a7caa45c1ee64a25c52cd8a57c71769a7e5814e440ea1b04f3ecc49100e3ffc.bundle.json,179077,3582ab340afe21c21e209b2c63a8e094c8d281c507671182da7e4dde68b6c302
raw/32bb33c3cfe3047d/task_bundles/9a/9a7e192e3c6b2fac38319b28320ff4ba9c5323497b8d6d0d8072e5d89179e7ba.bundle.json,179658,abcc530f380353d395e95c99366668fcd640977f8f98bcf64a8a4e7efbfbc784
raw/32bb33c3cfe3047d/task_bundles/9a/9ab2c32110a1f5ae9d357c5653b1283da3495a90ba0125f2c2ff152ebdc51056.bundle.json,180693,efd74ff9eea1e928fef3da90c54901b816810fc36feafb1a2708067207144b06
raw/32bb33c3cfe3047d/task_bundles/9a/9abf83fc5624751501338eb997b08fab0d58d707f3064cec7fc688e7a81e644a.bundle.json,179570,e2b21b712581c4ec01f390dfcf52397067a76a1373823691f6aa8cc51912f07c
raw/32bb33c3cfe3047d/task_bundles/9a/9aea55b8bd9af2d3458325bd24b4405f375846f066dc10e987f43c7f49dddae6.bundle.json,179597,675d8d0f574005750d530976651dcc13f543be46a6a3a4cf84c9a0406ab273e2
raw/32bb33c3cfe3047d/task_bundles/9b/9bd5d961e0b0d6a69c07a96ebcf5412148480550147cf91e3b4c0dbb8355335e.bundle.json,179485,77c5daed696a5976e40a4733ca87e23b05a397f1d9ade31d245be92c4fc504fe
raw/32bb33c3cfe3047d/task_bundles/9c/9c16ad9c9c37f868be2878c66e3e1057b503449db736bde086ca16fbad4d282a.bundle.json,179908,c9950443683a6b78d52968003ecff76bae4626dd51fff387e03a4f9eb3d655c5
raw/32bb33c3cfe3047d/task_bundles/9c/9c52a340077343eea734593733c9507b5adc95586009c9fe1f9372d6e526edb5.bundle.json,179759,ebd4fb3e9bbd0dec8fff8c602b917fd6f1804609274a8fa83c1cfd5bb3eeefec
raw/32bb33c3cfe3047d/task_bundles/9d/9d101b5af73ec36af8622e54eb9acbd30381950a10601e823309fb137db477dc.bundle.json,179215,fb04fb3eea996a94c726ff63e172390dbe4e6aeb1d4146f4d61b88a21c1b5242
raw/32bb33c3cfe3047d/task_bundles/9d/9d564d1eb2f5b2da10f80b6b98b3b130f0024230a1f99801add7933506881d16.bundle.json,178980,59762ac1fd97da457a2ee52e31fc731c3ae01817b82aa797dbd208438622ddda
raw/32bb33c3cfe3047d/task_bundles/9e/9e1940a71bf0848a8c8e0ca8e8f298717402c9f96ad5a8fd77e3042b60dbbf2b.bundle.json,179836,f021cce97ae36db905dfc4cf31f651e61f133a795fb2ecc51a49bf8dc5533fbe
raw/32bb33c3cfe3047d/task_bundles/9e/9e4e76507f68d99cba70397fc0c2fac2b7629ca428c7ee9b9eac06b8d0ebd1fb.bundle.json,179073,c50f5eb2488e9a08306940fd9d12036bf0841c5bbfcb3f25e75655ecdd72f255
raw/32bb33c3cfe3047d/task_bundles/9e/9e59a726131f804410e022a98fea33a3773cc61751da7d20ff90a777b46aa0f0.bundle.json,179648,9bee381e55094ef5063921706b4a499ff2b909f7f526c6b355199946d4bb34f1
raw/32bb33c3cfe3047d/task_bundles/9e/9ea0daa6bc69a3abf8832a0ce0d55cdd94d3d3d80e3e94778805fe696a684519.bundle.json,179942,3eb26c139d0a8445220b83bd9172c6310b1e93f333a9570a90ef37518d4b66ed
raw/32bb33c3cfe3047d/task_bundles/9e/9ec8c9b236730086eaeae44f44e43bf6f9bcca8f63e3791b09af016d2a4090d7.bundle.json,179947,bc8994640f9dee1f414de92478721a07e1753e4c97a39ddc07e3f2d8c704b1ef
raw/32bb33c3cfe3047d/task_bundles/9e/9efd15798d3c158a74971c445e53fd92d84876d2c72d688e766b5c9dd5cae552.bundle.json,179751,772a270c3ae0c2f27dae980cb3d1099ea886262d02f7a762ede7d2183cc88b43
raw/32bb33c3cfe3047d/task_bundles/9f/9fe3002de2021a17eb5ac3c90379db4081d9ac27e1f0d04d7a6266bcf0305aa1.bundle.json,179928,b5e3ec136162460754be21c5774d2cd73847f6fdcc8f06655254b5e56c7f5a43
raw/32bb33c3cfe3047d/task_bundles/a0/a01245e493f2748dae5b555b63ab680c4112267aad187ec5baba323b2aead81c.bundle.json,179717,b9afefe93512b3b7c51acb46244a0b747164ec2296a4ac7f2cfab12a1d3fabf5
raw/32bb33c3cfe3047d/task_bundles/a0/a0450d027e5f54b66621fb3029cc2e675221695c4a172a0aa8af45bfe4ede5db.bundle.json,180203,df5986906358eced9e825f78be23d77d3aab187d4f251bef61ea758380a3b9f0
raw/32bb33c3cfe3047d/task_bundles/a0/a0ab557f5a7bb1135885b6b04bbf7d86b93c23c0ccc8e64fc2a1ee0a554e91bc.bundle.json,179355,5b0adff631885aa96fdc614b7cc11b60b02b158fb5a0ae2aab67c3cc9c3e8901
raw/32bb33c3cfe3047d/task_bundles/a1/a14f7a13a9270dc918cfaffa4179ac6d8cee5fb86182b9846c1363b3051dd9fc.bundle.json,179989,92977791641366916a1c047f9510ebe9fb3e2be539c34f053244e6d496e860a8
raw/32bb33c3cfe3047d/task_bundles/a1/a16499a9cca7f5f865ac7f5fdbbc043d3dd57e1008cd029f892e969992d31d37.bundle.json,179560,52a50f1bbeb238fbf21d93f9a3c43a750d1d9877a05704989917e2651240f365
raw/32bb33c3cfe3047d/task_bundles/a1/a19dd0616737ca16bfa5a4b053bc7adfe2d9a104d73c7f20776f746314a1077a.bundle.json,179641,865711b2fe3c6c142d3a0ad424d23672f4c8fd97fa86dffebdec9c5210279212
raw/32bb33c3cfe3047d/task_bundles/a1/a1c71b638dcee022954f9b9e08298f7ac892ef5e1d8a7d4bdef649b8f2c977e1.bundle.json,178838,4d3c3d1e4abf77b9f04dc3fa247f3357bd9f53ce81057ef4f0ebfcdf34f3c5a7
raw/32bb33c3cfe3047d/task_bundles/a1/a1f691eb1034db7bb0e0337a748c5897cb10edc9c0d21c105f4d31e87c14f051.bundle.json,179418,beaa19391a0673b4d6ef0f46bc58cd85a19a530eeb3a507b4bc4f854dd2f160d
raw/32bb33c3cfe3047d/task_bundles/a2/a20d63dd38a986796d8365eee0f0d5fed574c81a1dee239be83932dc0d45f37a.bundle.json,179175,26690263817c2b6803cd1bd17777e8512bd9cf7b1a662aead845d8821030f9eb
raw/32bb33c3cfe3047d/task_bundles/a2/a21a022634ad643761007b4463a0e464461907a618575c29ed9875761f49c427.bundle.json,179809,70d097d811d650450dd251707bf2567d484d5956593cd91c1d2d6fce05687997
raw/32bb33c3cfe3047d/task_bundles/a2/a24363465cbf684a3e8a6c8c5a910adf75fd4d45c9a5ab3a4ca283826c021154.bundle.json,179544,e8188da6692760cace2221e030b0b8bb4bbc35339da73e1802b5cbae46071af8
raw/32bb33c3cfe3047d/task_bundles/a3/a311335fd77024efe1eb4812315caa9829c15f496e13328caa91e89474abd755.bundle.json,178987,c0e2b7c561b37e7b59085a530ad35eba634c4402b4bccaafe22e9cd9182ca354
raw/32bb33c3cfe3047d/task_bundles/a3/a3ae45eee20e475edab202fb3b9fa2b470b682fa3173c48d6aff3385c2677fd3.bundle.json,179303,aa666db77fa19efe799e980dfdab3e5a155156e387d5f289e4b42650a04cdc54
raw/32bb33c3cfe3047d/task_bundles/a3/a3be5ae2dde5a9a23d11824971a8555997eb180ee8131eb74518313699ec567f.bundle.json,179191,fc7217757175b85cc5401f9a57e6b28b67fddabc6eb4e488bd0aaf8f4b32f2bb
raw/32bb33c3cfe3047d/task_bundles/a4/a42d1a3dd7e7ceff1ff9df179653834637ea094dccee12487d800b67600617fb.bundle.json,179763,f5fe2a7148e9b9a81f49a36c270b2ac27a7d714389ea47b7eecdb6c26f4fb9c6
raw/32bb33c3cfe3047d/task_bundles/a4/a43d0b230150da7a79beb50647635977fb8af3b8d4832b01247210e56d7c9ad8.bundle.json,180326,75ab270b594a2a58fec110329c1e39502a670f5fca0eb26a6c28262f8d0a480d
raw/32bb33c3cfe3047d/task_bundles/a4/a441d6f50e0c0c663beef1c3b7f798d8225a6da9b8c2c405bed4d68dac4a051e.bundle.json,179591,af35cbcbcaf9781ba5cfce15649f9dbedb2f37623ae583f04f7b76be82167035
raw/32bb33c3cfe3047d/task_bundles/a4/a4a30a5248158d45f4f036da700dae6c863fcfdef72db1e82478c921d4316885.bundle.json,179966,884a2fd2b07d8b7ce0c87db870dccc1e9b040569a843e9c4b81b606aec962841
raw/32bb33c3cfe3047d/task_bundles/a4/a4bc045f0e704c18401235a4a68375c0200ad5edd6c5bc3f4b469dc901ad4bb8.bundle.json,179630,46cd71e9ad6e773416dfd409f92606009ca630b73b22b4ef30290f7623467d14
raw/32bb33c3cfe3047d/task_bundles/a4/a4f6262955a2623f8c1c9ff582e594490d35272d67559555642ec6929698cb16.bundle.json,179441,295b277204f9750cf7f53ef4a53b6dbe78068207e6fc3314d4744aa35f363925
raw/32bb33c3cfe3047d/task_bundles/a5/a53d74ef93e4eada283753000defcf5a1ab30034c4a8ea173656b48b0330f6c8.bundle.json,179757,c5f7aa77caee26643f9e30d1110689bcb32c85eae22da5d3918d9be1fbcd1617
raw/32bb33c3cfe3047d/task_bundles/a5/a5fd711b4d327b3ce623aaee468bbbdac946cab3b72a78d1d198ec8730b84a0d.bundle.json,178931,17032d1d7da9cf43f788ea2383f5199d9cce41e763ac438ddbb7810f3ccc2ea1
raw/32bb33c3cfe3047d/task_bundles/a6/a61cf4cc293221acc3d30394a5cbea357271f93dcebbfe9390f5ea7f1bd26c2c.bundle.json,179820,dc84974034b528b475d80d8b946be0d0dbeaf9c45e3981856d91c4e620243651
raw/32bb33c3cfe3047d/task_bundles/a6/a64e953b2d79f0383a4ecca8271bccf1d9ba40ed375d95cf4a9dad569c15115e.bundle.json,179647,33ea1a85e123b69233460d3fd4553c376e97201206f12a0af45058acc88c9b50
raw/32bb33c3cfe3047d/task_bundles/a6/a672d8b908b7227a75a25bd8573c0a6a166637fbeb39948661bdba3eb2068748.bundle.json,179563,4b3ae3d77637c15a673cf2a02d2bd9e63ed6c4d5c3969d75266a3c534c2a8a3f
raw/32bb33c3cfe3047d/task_bundles/a6/a68bc7a4a4ffba362a2ff44adec4600e1e5d68acf06fd8927c348843c7667a33.bundle.json,179045,f34f151778e4dca6d29cc25b4ad953d462ba5371c85e8ceec7403ac4f67d6fd7
raw/32bb33c3cfe3047d/task_bundles/a6/a6a015e9664ffde89d3bc7ea43e4b3165f2e0c19006177a4c4a1dd64c2908a3f.bundle.json,178987,4a0ca1e162d9dba523bd85f699689546f2893f113c9b82c6c27778532b6c7b88
raw/32bb33c3cfe3047d/task_bundles/a6/a6d1e0711c44668b55034825e5d40ffb6fcf4bb8d6681e83cfdb5ebea47fbfb2.bundle.json,179702,a66e78401c337d73f1c31f1061ee87e6d9884b7aef572ff56a5ad06333b3dd22
raw/32bb33c3cfe3047d/task_bundles/a7/a76826bb34fc8a0914bc3650358c69975b65441232634d746f7e4b558275eb5b.bundle.json,179700,b45de2b967e09629f88afffa3a709802131311416cb44fbe31fedc88b1ec97b5
raw/32bb33c3cfe3047d/task_bundles/a8/a83a87455b354da55b6cce1fab2a910eab630de864fa307a1b6236cc3ebd4c38.bundle.json,178975,6ab84db96b9b154d068325c27a24af82fbdcabd5a9b9c9feddfec502d86cc54e
raw/32bb33c3cfe3047d/task_bundles/a8/a87184aad6c7371021b7a25a49db5af1c8ffa5f4c5d76678f1f61e133edfe924.bundle.json,179543,79dfd27151292e1f28ed956c6f2af69a1699f14f00753ed519533c28603e9e6c
raw/32bb33c3cfe3047d/task_bundles/a8/a895ca08ed76e0a0be1a65d580f79f242086e271149e9db7e3010e5a15035968.bundle.json,178848,dbe1fe9e42ce5494cc6169dda2aea63199b3cc2f402aaa69621ab3e8d05f931d
raw/32bb33c3cfe3047d/task_bundles/a9/a96696ade5bcd8bf345304b694e8029e7f4e759f7fbbc3d4240d9d4e5cd2954a.bundle.json,179490,2b90389e754f7968d470a9f1857ad05f06a6ae1f25d16ff5bcc0af84464f5072
raw/32bb33c3cfe3047d/task_bundles/a9/a96a252107935b19995392b300ca1534ef00193a633a29949361e7e5f19fffbc.bundle.json,180082,e1af071f1604c9300716c84cd13951affd03dc1a03d0b3a28818a913cbe62a2c
raw/32bb33c3cfe3047d/task_bundles/a9/a9a2559ecb3091f06c64c7475bb965dbaa283d5d5d2026e427d11d390b733c36.bundle.json,180777,3a0178906d4235d02146607f79665d11c0547dafc3b8a9f2ae6e27dccf08656b
raw/32bb33c3cfe3047d/task_bundles/a9/a9b4df664e12f10ccf95146b599092b9d6a9810f83232a8c3e079759884d83b8.bundle.json,179596,2d7a10c3c5c551a78865cd2549d5a8c0c6a0d29fdbf5f40ff152f82d17a867e5
raw/32bb33c3cfe3047d/task_bundles/aa/aa1437f9faf57875721557a5a281d178b89d528a16c0d29c416c1f924329f09c.bundle.json,179314,c25c1ea0dc07c8b642b873187a116b4765160a06055ec8684bf1170a832d33fe
raw/32bb33c3cfe3047d/task_bundles/aa/aae3555a93e5939126f0886cb707bf04b11c4e3a2a159b41c4a6f94f9c1ac63f.bundle.json,179545,22258178b85cb48843f13f30e6a7e41c309fd4b27e6d17f807f6838acf5dbdd7
raw/32bb33c3cfe3047d/task_bundles/aa/aafe155ebc7214a6949b1efa7f9e15a39a23d86e569a263f4e9346ff1af369b7.bundle.json,179661,9b751f57dddff6d33e7fc7c2af356ce2098be5e96e6d7652f380155881cf5c66
raw/32bb33c3cfe3047d/task_bundles/ab/ab3fa9c38bd92da919be59e29335de92a8c5b888a46a26c552a0334380f7261c.bundle.json,179909,b0791e4bc0b148ceeef8920e629075d7576b325196d07a7dc2468a7b1d8d3a25
raw/32bb33c3cfe3047d/task_bundles/ac/ac71e58c3b9d06924f82790a8d3a5c8711ae28e159f79118dd64dcd0fc25b061.bundle.json,179966,ce52a3154ed71a8232a04441b3e78e0ac4e847f55207c45856b16a35049c3777
raw/32bb33c3cfe3047d/task_bundles/ac/acbb64c966f9b9e0c513e399d91db865f262938077c7b7ed7c306ae2f9e24fde.bundle.json,180029,48f1f8f4de9764590e2aa6b93c45f85ef323bead55daa1309dc89db9c93a0717
raw/32bb33c3cfe3047d/task_bundles/ac/acf897383e6eee245172dde6436be22e1439a487ac6f2cc2fc7621ad6ce6ca00.bundle.json,179664,517ebfccab89de17175846969cb324bedb302538961cce1ccd67f0218a07e0db
raw/32bb33c3cfe3047d/task_bundles/ad/ad5e0020f36d6a66723288851b1b80b907214e75cd71af685aaecb20dae2e45c.bundle.json,179367,78310fc48cd3e77bd4ff9f54b89595c96a0f9532d818b333474f38930a802538
raw/32bb33c3cfe3047d/task_bundles/ad/ad71a19ea428996790c1d0e40e410254728575964f6613ec32ad9e32700c027c.bundle.json,179650,811a227887fd1e7180acd8501a6ed677b57e7be20348328d2edf8fc3fda0a96f
raw/32bb33c3cfe3047d/task_bundles/ad/ad7bfa6612cea1c95f13c9baee73bb109b69ae398b894b2190b390c23318a35b.bundle.json,179377,5cf827e44a7e432eb682538661fe5f8c5e2d99f058813ddef3f7595581225722
raw/32bb33c3cfe3047d/task_bundles/ad/adc5e1b8a78d47a50d6fb94fced35921a4633b6e8ede9c4df67c486e095a1598.bundle.json,180049,51543cafbb3a3b8bd22ce0ba26082f5e8dacd8e12096223b68af011cc1f08a70
raw/32bb33c3cfe3047d/task_bundles/ad/add0af2e4851d5942e111e27bb31e788bd7ea79fd19bb26c0b165cdc9cb23b58.bundle.json,180127,17daf468bea7a06cf2ac4629ed38e9aafa90c4bf17f38c544315c3ae96974086
raw/32bb33c3cfe3047d/task_bundles/ae/ae3cea8c71e26f82af223de6e9b200c0a5d156172e3f305f33b8e72469b50e5b.bundle.json,179312,6b42e0884d8c58db550291d7dcad565d80c0a18405c6857ff401459edd5f2843
raw/32bb33c3cfe3047d/task_bundles/ae/ae9a49537a7c97e8f37bcc0143c06e23797f8a1b035030b04a229cd56ee4c26e.bundle.json,178850,a630b24dfbb6d1c4e1055c78beb104aaebb07e772ed5c30babbe3a288ad4b5ad
raw/32bb33c3cfe3047d/task_bundles/ae/ae9ea81c740d2d94a3e807043828654738a359d82ba8fa07d923e5836141b79b.bundle.json,179648,a9651c24b23148ee5c064745720e7fd060b174f1982f3c15b1f10eff75038ac8
raw/32bb33c3cfe3047d/task_bundles/ae/aeb9a420691fc67ad472be5d2af56fae1756ba9cb570c4faffd522d2ce9ade78.bundle.json,179679,201854d303c57c0c423576b5890742184c86336d257720b06ef9cad680488d80
raw/32bb33c3cfe3047d/task_bundles/ae/aedd7f200b5afbcb17f56be8f4a25bc4aac9a4495ba65ef103d97c5aaf81e56b.bundle.json,179298,f15e2f228ef21108824d00ef7a9a64a97d1f05fc6f0ee85f9b1b874af05e7451
raw/32bb33c3cfe3047d/task_bundles/af/af2b6938f33525fed6bba4288509e05f846506a0a9e67721b241673c980a236b.bundle.json,179493,90589c3829008ce57e7fa9c77e5ca08853424359926d60140bfdbe9737bf8421
raw/32bb33c3cfe3047d/task_bundles/af/af44db277766a0922e4e97a889ffbfb7789ce600654b770691ce8533496d3b06.bundle.json,179962,71ba90ffdfd52c5d40546230f8746548a6a63eef49a62850ebe3e8a7dd782fe7
raw/32bb33c3cfe3047d/task_bundles/af/af4a4d430deefd4a58ee9748a4b3624e545f05c88dbe2891cae0c29cb396342e.bundle.json,179785,e19de68be09e9c92ee4cbe0ad4f45de4041981a93dd669134eee374a8d33f91d
raw/32bb33c3cfe3047d/task_bundles/af/af6157e4b7b1c2c18b2c53efd691947e01989dae4f1d4f663ced38cae9ddc431.bundle.json,178779,fd35abce8588e1e7a7db06f15b38901fcf4bf16d3f87e31f880bdf815c33ebb2
raw/32bb33c3cfe3047d/task_bundles/af/af659c9d53e1ba4ed5e45b89b5beea1282ff50e8a36c17d793c0c03beb5e7b32.bundle.json,179190,6a82582989982307c8e540e74e307d982883a8311dd44e92d9d1f3205558959b
raw/32bb33c3cfe3047d/task_bundles/af/af6a225801db42c0be4bbd01a0902f35c775e5037846d759afcd9cf2b5d12253.bundle.json,179264,5303b1a0bf1541479b81483d1b58b8d98cae95fefd70961ae9e628d1513e49cf
raw/32bb33c3cfe3047d/task_bundles/af/af9340c8e87a0ae6fca11ec8b9037f0c4de130a253bbd1e449b3e13ac55e6b23.bundle.json,179510,93477d6f1ac09a3b21dca9df3db06af4c33fbce8e6eb33fcaf8535ba252b29d4
raw/32bb33c3cfe3047d/task_bundles/af/af9c1314ab178bc382f086010ab93b61f833f4083e35b0bedfd0b53242fe407f.bundle.json,179403,3e9a0fef9525f085364cbab05d59b7e1e4258421e2333edf7ebbf7fe2737e666
raw/32bb33c3cfe3047d/task_bundles/af/afb44a25010f13ac86bec841a1da53f6138a99097693d191463478d016d6155f.bundle.json,179418,a07a34d4d526222b3672965070640e046076f81c960a6cb6e91aa28d8c9b9454
raw/32bb33c3cfe3047d/task_bundles/b0/b03aff3f5d4099baadc9af8a95abee6403048f5e91848edaded84aa658faa316.bundle.json,179177,5114df6fc6dab11129b35776d488bfbe4e2a8794e23e2e60716a9bc1921cd9cd
raw/32bb33c3cfe3047d/task_bundles/b0/b06b8aefc716e291884abd065964ae78d83fbfbacdaa04528d2a71f040f538ec.bundle.json,179403,612ee29ec05ae7bc4cdb3ee6c065e0c632099ae2ab05c1e34f5de8c302ff94dc
raw/32bb33c3cfe3047d/task_bundles/b0/b08b43baefca48e9455b41d13cbbfe851c087a37bbb0f76dd371fe0427e07cac.bundle.json,179089,85159048d2e87c5e295d4243bf9af3c7f6939a3e6cc1da50c81bcd3ee1b7dc0a
raw/32bb33c3cfe3047d/task_bundles/b0/b08c11bd0bd9727ab21f3373f914c0392f6b567610381b936119e84fbf855e2d.bundle.json,179438,ef3f4bdf63fda8733ffd5f40e341daade4b1075e8259cb1ae1b09dce21ea2bc1
raw/32bb33c3cfe3047d/task_bundles/b0/b0a1f1662cfd873183914af8b0bb627be590d55aed60bf43e7a5cb5cc2380ebf.bundle.json,179723,086a5d3d270883bf1a609102b55f571355d484c557485a1e2af3e1c28b317569
raw/32bb33c3cfe3047d/task_bundles/b0/b0f3df8fb034e4ace6cc5b4eb2199427deef2dadbc80979286caec9219a1d811.bundle.json,179723,8df76135f2e46b558b79c15aea99a41a05c6ebeb9b9f63648b5f6de51a8f5949
raw/32bb33c3cfe3047d/task_bundles/b1/b1a02507f6f8e4ec4b01ee2b167e84daded9910c3b433470764743bfc425f823.bundle.json,180182,0ed4c8e128dbad897d93878194b10263b4a1dab97da09c0fd7588c18ccbb4b2e
raw/32bb33c3cfe3047d/task_bundles/b1/b1b0a0368214e5bde8f0b787c33536ccb49f3f7b94eab26d9810a9df7b9c3a34.bundle.json,180087,6aca564c01c1217be21c10c2f997c3480d3d69116400e3aaaa03160cd2196a80
raw/32bb33c3cfe3047d/task_bundles/b1/b1d9f53a30d420d37becb69e70b947f71a0fd9a0080537149046ae3813a7e3a1.bundle.json,179018,02b5faef434c07590c1c27ef446b034c3ec9628d1def5a81c2eb811d1eb85749
raw/32bb33c3cfe3047d/task_bundles/b2/b20f0c2d2b6004e40e8ae6360e9cdbe3898087b074c659ca8e4356fd52d61503.bundle.json,179990,b16fef22935ae97a5c1096472424a276554bae49603ef5bda3a4dd2e822a6029
raw/32bb33c3cfe3047d/task_bundles/b2/b2357e4df61550298bfa524c404dc8a545b8c659b47f9d6bc9af95de0b90b1fd.bundle.json,179512,2d39d40f438c30eb1fbc953ff61a212cb4a694a51e9df7c1c0696b79ee76b8df
raw/32bb33c3cfe3047d/task_bundles/b2/b247bcce01fdec23b80db0971328b409af32cc2c9237d70afb1e1e35d8c0f75e.bundle.json,179520,f9cc6be4baa717f0d1b389ec74180a3631ee65bfb92c0bd811fae28f6e8ee04b
raw/32bb33c3cfe3047d/task_bundles/b2/b24c21e8bf1d17d2b94ae9e6e8a17ec55090e3b42e8a530f11182744fe34183c.bundle.json,179293,b6c878bb960501034c0bad0235930b88af63c65f62b14b410c072c12d08fcf69
raw/32bb33c3cfe3047d/task_bundles/b2/b256272b033c310e1597b668d8d80d3c9512e5d161975c2c835302bce7c408e8.bundle.json,179635,023bf671b91b1453f7a2baf0bf18d8c57d22499319b8ddde094c9153d76d5980
raw/32bb33c3cfe3047d/task_bundles/b2/b28f814ad4d2906565a2ce94e72bc5ef8d011799eae54405dca243bf4a3dff5e.bundle.json,179407,25242feac5572b37f437f6feebc7352243c4a98eb391ed937ac719908a25f7dc
raw/32bb33c3cfe3047d/task_bundles/b2/b2982bf160daf9a2506dd066987def4e68688e022462b0cfbcb3296bcfaaa2af.bundle.json,179087,fe5d897ff24e068762fc652a002e221fee4f2e40b68390eaad6a88207b40f0d5
raw/32bb33c3cfe3047d/task_bundles/b2/b2a8316787d8e94aa541f2f7c6e5a8ef47d75b4445e120dfbce0691ae7c90684.bundle.json,178890,8072465409bbe2d2348544c01f82870bb83032278d9a07733a054e26a0354f76
raw/32bb33c3cfe3047d/task_bundles/b2/b2d0e25d0fc0919555e95c74e0f0f887f373fb719dddcb38c838efbce49b8553.bundle.json,179212,545ccd083ba6e9883cf304bdf72926d3eff20d3fe650b2c8fa23384e91ecb261
raw/32bb33c3cfe3047d/task_bundles/b3/b31e1d322443a0aa9c6020374c12b252c8e4132c21c557212305b4171d7d0516.bundle.json,179527,1ce4a46756e59f9323eb60aa34223361ac9ce65541f023430832c007f11f810b
raw/32bb33c3cfe3047d/task_bundles/b3/b3e1ea8b03fcfb16aa3a10f19b9fce29030a82b4686ed5717167117eab92d6de.bundle.json,179304,0c6ce4921cd8eb6fe02b97d796b01182fc2ac95936892180c26674a7652a43a9
raw/32bb33c3cfe3047d/task_bundles/b3/b3e3d8f9604eb0572446f1658c979c1d0eec5752fdb7e9b1e574104e0b2fb10b.bundle.json,179482,8ed18aafbae401dbef4b4ca02a896e4339a21e1f52161501ca59bfae916838f6
raw/32bb33c3cfe3047d/task_bundles/b4/b4018c348ecb1d8ecab5af1e0ad9f65a12c63218d3e3cd92fb45598c71ae6bff.bundle.json,179700,63565489eee0715bb8cb9c65fdfdb6c5acd12c28840360f2216d9056e39a2d8c
raw/32bb33c3cfe3047d/task_bundles/b4/b40bb4b1173b8c7f93daca057ec502ffa666f6ad8412c184628c4b4a3fb582e2.bundle.json,179446,55ce071fe5b108e3d5d6ba3f6a5eecb4551a6d9ebe7bd933976d2587214452c9
raw/32bb33c3cfe3047d/task_bundles/b4/b436bf2f4df861d8fd7d70baf2a20455bc10a142b2342eead934a4cdfd119dd4.bundle.json,179792,cc247ce4fb2a7d80a124863e9d6ac939acfaa7990de1a6973db68d43e79931a5
raw/32bb33c3cfe3047d/task_bundles/b5/b539789372df732f50398ed6454c207e980289113f78bd96059b5fc96e486f56.bundle.json,179611,a5bff875708c006b938699d764d1f0ba35b66014b736b7d788c63bf0d43de6aa
raw/32bb33c3cfe3047d/task_bundles/b5/b563d37faae8953ffd4d1ad6db2bd152cbeec0264eb0f17d6e76b847efdf1eb5.bundle.json,179470,3e575f3dfee6b0ccdf83cc5cd63b609ea0da464cba335b061a575ba1f765d956
raw/32bb33c3cfe3047d/task_bundles/b5/b56fc31c9d91167d03760fa12383e844126fa44fdb42cb0b983772332f8d7d2c.bundle.json,178939,1e18a51a77bb134e538617a1689db840950d840a77aa107661da1555db97262b
raw/32bb33c3cfe3047d/task_bundles/b6/b61cdeff0d64013329b03fd3e57878bdaa58c9e3db2219e4b7f3a271665f2051.bundle.json,179188,41dad2d1f6f45cb85c180100f461c99538d576e74c44b758859a9b92c5dce640
raw/32bb33c3cfe3047d/task_bundles/b6/b6e5784e9e4b9415676d06a7cd98f48fa63585f8981a8368d281a3f9226fc3dc.bundle.json,179634,12e907d58cd37612a552b6cb3346dc32ba57b5424e11b9892ebd6ee406894c23
raw/32bb33c3cfe3047d/task_bundles/b6/b6e938b426f61e04c077d99260031e1942ae583e9c74e69637179c25b333a21d.bundle.json,179785,f4d692b85128f909083053f656d634176a1d2fa924382a824edccf2617c902e8
raw/32bb33c3cfe3047d/task_bundles/b7/b70f3984f73fee6551eb945c41837c1a62594fdb552d9cf6abe90e1841f3202d.bundle.json,179742,78f693574253529188750fdd95b66ba5b0323b09e376dbae77696a09c1b99ac9
raw/32bb33c3cfe3047d/task_bundles/b7/b738f648ebeb26d8bc56e391a93ba846d9ff913d12f434bc85286cf163bf11dc.bundle.json,179438,1a32660fd24f3c4b671de08397a3211952a9446df34eff347952c31b61bd9aad
raw/32bb33c3cfe3047d/task_bundles/b7/b7a01aac1f161e53316864657c1a0ab8da86b82751b0291e81b4c02631639936.bundle.json,179081,6056d81c1029543de0c8f2dd853ef1bf174aa7b2e5953daade978f18fae20469
raw/32bb33c3cfe3047d/task_bundles/b7/b7bdd534c09d2f0ed664f82476997c5b1df2678e28912cb8864cad395f205daa.bundle.json,178955,60706aff237be7b4168ec32e837e1d88c1fdd2c808ba20a494e386967f4dd4da
raw/32bb33c3cfe3047d/task_bundles/b7/b7c6d1c450ab8a2fdb53d9ca198c9bcbab40d9136597570b10ff01e43ce9ab10.bundle.json,179172,8eb439e92939f04f74c653e02a82cb48a9b8224b36139d136b2259df44eeab6d
raw/32bb33c3cfe3047d/task_bundles/b7/b7d3e44b2af631225aee9e32a4a737ab1c5ca1aed2ccdee01ad99f3bbeb55b71.bundle.json,180414,56c906de87d7354fe46f30133d66c147d6f3b0a0e281caaea49f82ea414a49d9
raw/32bb33c3cfe3047d/task_bundles/b8/b843b9ba8c84772a6e7f1cc36b048d5c22cbe1b72e4d534b0b65d22393c21f05.bundle.json,179385,0515c7fae43a50b4102b256e0243853fff98c42ca45c23c07d350d1d7a064b4b
raw/32bb33c3cfe3047d/task_bundles/b8/b89524a3a7796c38dce4d1ef18aa14f652ec62b784597cfa03dd960d8108702f.bundle.json,179784,2587ba2378a2d05ca569fcf8d33c32fe0963ceaec08568e41528416063e66c59
raw/32bb33c3cfe3047d/task_bundles/b9/b9206003a6565e4da5b0abbc073572ef17d476fd3a6dfd2787ef8cf8f48ad821.bundle.json,180084,7b9232617a1addb4937d6ec6ac8b86befcdad3997b91443da8123d5257588c7f
raw/32bb33c3cfe3047d/task_bundles/b9/b9ec7b847fdec082dd20655b8b8e3f849d5ddca8047a55dc96f95ecf1cce3c76.bundle.json,179156,ccc6ba16207de531f59540030e93c6e5d10b17ff7d1d5cfb884e76380eb63b90
raw/32bb33c3cfe3047d/task_bundles/ba/ba2151381c7741b872f7e24a7bec0b244c028e4a35c8d9a899e15b0294d799b8.bundle.json,179369,bccb927010bdc8714f0d574375b48c5fe12b4c4e69dcb4d1f10dc2a779026aa6
raw/32bb33c3cfe3047d/task_bundles/ba/ba82e82b6ebf3c54de780579bcebe44e6d8285739603cb7383c02f8be0495193.bundle.json,179614,17b18f447e9b61aa85a6dcf0f0586be8d100a1b848057cac9b80bc0e9e95a206
raw/32bb33c3cfe3047d/task_bundles/ba/ba9e37246f99268ca213014a4081096c3fc77e792b4d31b8d68dbed8d81ae055.bundle.json,179394,58f141c7a5330304542b982b06099d86d14e9a38928ac235d8cd40a234774666
raw/32bb33c3cfe3047d/task_bundles/bb/bb0672e78411a03219c47f0999a49caf0c28c40a1dcc59177abf41952286a949.bundle.json,180140,862894327fd8bf3602d5dd2d6cadd55b48f714742d4e3d0343084295cf82c80e
raw/32bb33c3cfe3047d/task_bundles/bb/bbe3532150f0928ab2d2418338d102d511b8b6b1016e30a4abc1546897d20b01.bundle.json,179120,a28fbc5dd2b306c7fb23b767cbc478ae8dc031e8cadfd71bdb8686cf1b52a8ad
raw/32bb33c3cfe3047d/task_bundles/bc/bc8c25ac3db0afba91923802f1a65bcd97ecbfabd900d26cbc07cb4af9210ff9.bundle.json,179972,63cecdad19a5418225ebe3ed7562c32a506ba9f4ca87187313d7f801dc92f23c
raw/32bb33c3cfe3047d/task_bundles/bd/bd09381c28b9e322f949545b6cf21184568eb91077abf3ef83231c0463b645ac.bundle.json,178958,dd8599277418a6c8bb950097a055d5ba79b1fc5cf4a12df7704081e20d2a78bb
raw/32bb33c3cfe3047d/task_bundles/bd/bd23442e01530821b95ee80201270a942957081254576e815e786b9f0dd10e1c.bundle.json,179534,18267f988f3c41a521d6a04584ef95c558dccfea458129afcf78ff1204c30d2a
raw/32bb33c3cfe3047d/task_bundles/bd/bd3310cdffdbca1c041374acac9eb8e3ce1dd5fbf1d2d6fbbfcf5126e63024e1.bundle.json,178962,d603dbf66573a4b01c1cef43344822b7e2e59a53a007a3f5dcbf5b06b8d79f85
raw/32bb33c3cfe3047d/task_bundles/bd/bd4b997d4f68ecbade42ffacaea9ecc4c0dc581552bc15753c113d03b2fc0675.bundle.json,178999,f019612e3a8cddb16d44ab3bcf2e39c54aefa13f8abad3fe6035fb62d66822d5
raw/32bb33c3cfe3047d/task_bundles/bd/bd6c47fba5c6071619732735ab64de010c8d0cc01a074d30c34f7fd8100688e8.bundle.json,178920,7de1f852b50184e635a0ea3120a3c0d7790b929fadcb3397846431e6df5a3cd3
raw/32bb33c3cfe3047d/task_bundles/bd/bdc4260ecb51b2a026989bc80fc7dd881571a6ecb03f8109efb7c5a9ed3eef5c.bundle.json,178954,0282a38d70f6e4d45d103d51f99617a4579212a22147963484b2215e4efbe382
raw/32bb33c3cfe3047d/task_bundles/bd/bdec76401d4f3b417cf8baf1e9612ab04aab6cf599b824b2d715dacb1a7fa5d6.bundle.json,179642,e014e95064025476da4431ddc74fe4767f21713556a39e52e6aa9af55030c878
raw/32bb33c3cfe3047d/task_bundles/bd/bdfa34f91f97dba583c8c576187aaec73de688df3c322eba41fe868728864ca3.bundle.json,179531,810e37cd0e6adc9947c046cb1c396dc81a9824db6c66e0ad91bb428c64ba6504
raw/32bb33c3cfe3047d/task_bundles/be/bee89bbe5b92cdd4dd29b3b42711ecadb470596face8d1a4c3fdfdd0d5d7fa14.bundle.json,179636,50a2044066f95339955b49bf7c6605394ea4054175b65bc9b13c44d999992506
raw/32bb33c3cfe3047d/task_bundles/be/bef0a441f833bdafdacfaafb53171ab87c277cc477164315732ccc60e81ad9e1.bundle.json,179522,1893b5d057bbab10f82941481030e60ec71601535c7b4f53da9cecfcf94da1a4
raw/32bb33c3cfe3047d/task_bundles/be/bef7921463c313a3e1ed50d1bc796fdf896e2cf7bcff03cfd7ec976b617f1dce.bundle.json,178844,7f6f6df2e6b497ba4bae8d4a32fb76de3fe4f937ee26cf0a392aa171436bc9a9
raw/32bb33c3cfe3047d/task_bundles/bf/bf2f00bf66dfc634b25d524843abf39d932b3dd687228f527e9edf5cbb6870a8.bundle.json,179353,66f9ce92234b9017f0d568c093cedd577f0e68bc0184d1b27b81cac4930cb9eb
raw/32bb33c3cfe3047d/task_bundles/bf/bf33b739f366f8fe5c092074561bb9ba199e2b4ba6f9991121f218f6de12a04d.bundle.json,179266,240414b9a3c55e300261a829b0ab2248ad27bb830cd0b46873953da8db3c93c9
raw/32bb33c3cfe3047d/task_bundles/bf/bf3a67960665db5056a72a4c49de3d02a0ce2deb412f780b765b0dbd83aeb541.bundle.json,178852,8b9005b6685d84e1d3f55ab9f4e9f6592d1d95ab1fb3f6a9b08e79053387ccd1
raw/32bb33c3cfe3047d/task_bundles/bf/bf89556f20160deffc8ea193ffcd13ead96991b57b4a4b5a4e42fcacdd9f30e4.bundle.json,179075,2b247a4f92af6737755171c500a7d1eef317862b62e2e63ec3c3c9de20016a67
raw/32bb33c3cfe3047d/task_bundles/bf/bfd0ad1c07f3c5a2d0d98e106b765c1dbbd1a29d6933181f0140cbab73b497c0.bundle.json,179614,1c4b78b79c173d229508ba23a1d680c7ba3fc5ce62a4fee641482b901f51b561
raw/32bb33c3cfe3047d/task_bundles/bf/bfee5f6a0a8a62374cd9cc5b571ad1a045b6a6caf160b494256f2107d3f09ee4.bundle.json,179728,77867359d030ca9d84620688e15bda75b2bdcb7db3011dc38a80e03b7363ed0c
raw/32bb33c3cfe3047d/task_bundles/c0/c08a84f16b2fbb098f6c2027c52f050103787234aaa1aa662c5c5c36971c3ab7.bundle.json,179778,e23275625c13aeba6cb464028048ea1f325562ba37330c99e30588c76b699a7b
raw/32bb33c3cfe3047d/task_bundles/c0/c0a3c01167cb54a888c0b90db90b015043e5b2ee915c6900d67e312dd4dce936.bundle.json,179698,468067bf100c920f0079df2f1058ae166be2d06533623d72ca81b0dd22b7edc3
raw/32bb33c3cfe3047d/task_bundles/c0/c0d9e11914623fee9b52956e253c097794aceda6336995a8ebea5cdb5acf27ea.bundle.json,179347,7f02169f926fa9860c16fa6323ab5e643627869c29f785c6aae6eafdf4710b25
raw/32bb33c3cfe3047d/task_bundles/c1/c1bbfc740e68eae6ee6c869f7a567a814d580da8425e215fa1364af723f77c6b.bundle.json,179169,9cbaf8b28928162b55780d587c7db9485bcc39e996e80132a052e3cc91625132
raw/32bb33c3cfe3047d/task_bundles/c2/c2756b583e9be988507485e7fc74981bdca0383183ef0220d26521b08b82cf03.bundle.json,180111,66d643dd5be56a5b552c632ee6232e49dd9b6f83917dd97bd543e6c6fadb971a
raw/32bb33c3cfe3047d/task_bundles/c2/c28a57e8e927b1f27d462e700c62009aa2c23276692a7e9a0884c739e108c40d.bundle.json,179688,2b08dce0dcf5a4f3bdae2acf96d0e47f329c6738f1f60d5fbbcf5e74f67e2d73
raw/32bb33c3cfe3047d/task_bundles/c3/c31ed66fcdf9db24cdc84ecdbfd3f344c2603a815debc4142c94d66693c41eae.bundle.json,180064,8b1de5ec6376b6cc81535354560f7588d1d9c811730d3b449def8d2ddfa4840a
raw/32bb33c3cfe3047d/task_bundles/c3/c36deea1841b5ee3dddb8cfb8cb2c21ef612ddd82005b2f6783df48cd8d5832a.bundle.json,179457,eae680a4c7f22b92bd741633fd6b5fa81dfbbe65ed44d98a7fb68728d528be48
raw/32bb33c3cfe3047d/task_bundles/c3/c3b3ec607d539b34373abaf39ffe337c01930ee5d9b3780398e575c7d1373661.bundle.json,179450,95c16e0caed0c2fcd8abf20948db9db40604fa22816e398ee052a270ae1e0e2f
raw/32bb33c3cfe3047d/task_bundles/c4/c46ee9a4e296e831c8dd8fe1cd33db1ec96f32e81a1eb4e755f705b0762bef47.bundle.json,179589,dad578eae8ded25ff969f09b6164d199290a67ab9ed74d4af3bb8d3357e0efb3
raw/32bb33c3cfe3047d/task_bundles/c4/c48ea708aa965fa83ac64e6105030d19ac01034eed9e4354da9f334c9358ffae.bundle.json,179686,0146f41f37773d89b58b84273c3db73bc6af654b343b2809c96f24a65f1bb984
raw/32bb33c3cfe3047d/task_bundles/c4/c4e2fa32715446a17fe617e5a511d10174745fdb975c3789dd851ec8ee050181.bundle.json,179475,90062ebede44ca56cc7a9c9fa5c508d607a601877d0bab73bfaf7a98b5787a86
raw/32bb33c3cfe3047d/task_bundles/c5/c58e16ac1ea7264b6137f6f45a6e9baab71549744c1983b70170a4dfe34502f7.bundle.json,179572,931bcb81f7f3712636a5fa667021cf93df6903c45cb0b524e2f8cf5912d0c78c
raw/32bb33c3cfe3047d/task_bundles/c6/c65fca27a1d853e917a5ec6f9d00a3d0a83d0b757ee47e993a05c21c8ae024b7.bundle.json,179439,cea15b6e262b04ad5533e1ff290e081c652377ff44d98db9c203980564e04929
raw/32bb33c3cfe3047d/task_bundles/c6/c67b0b41c546d86a18080062e7793bfb3230a2d0aec39a52fbcc4082b190ca1a.bundle.json,179563,fe534ef9d1ce7b175118222afab021b0c80d95c8bd609bba6d090ebe7fbd8d58
raw/32bb33c3cfe3047d/task_bundles/c6/c6e0c9e0321de46caa8a1df6766a99e35127b4b96e78f5560a9831f4b0197a50.bundle.json,179603,e52ea3e17dd5e8a27982dd3cc93cbaed7b6b8195bc7fcaf7a4cbf3a0e602b6eb
raw/32bb33c3cfe3047d/task_bundles/c7/c721c7669e74c72c72082a6457e90d494b4bf6795b2b7db83e463b161092b5a0.bundle.json,179377,532312eff4bbcf7f6b7992e02120e879aa337e0fd80c10d9e2ddb80825301252
raw/32bb33c3cfe3047d/task_bundles/c7/c7518cec3061da3d51fdd0a6cd0147b5cfc78ae6fca057cc3c9abda0b32f110f.bundle.json,179458,fdb40f1d70a797126bb5d9fea523e14351a1312f8079fb83bbca53ee06c3132a
raw/32bb33c3cfe3047d/task_bundles/c7/c7590be442dd4202a2460589161b4d7037f3808bceec36020a72ebaca984cba6.bundle.json,179955,ead504b7debb32a679ae91f2cc93242b566452f744f09ef0347b2b86a5974c35
raw/32bb33c3cfe3047d/task_bundles/c9/c96b6e43c036ff2a0c343ebedf2fefec25e7e1c246616370681c6ef3cb282317.bundle.json,179602,326add87b2629276f63ff0fdd0f0b5d66ea0a02c390e7ca3e64ba1ebb009fd0c
raw/32bb33c3cfe3047d/task_bundles/c9/c9c22c5b97a11cf5ccc3f46039f5ea9f0d6b13240b10f51340b31467f6fd4fbc.bundle.json,179676,1188300edf144b9d68f9791638b458ce7de6b7f020af086910a8a5c387907363
raw/32bb33c3cfe3047d/task_bundles/c9/c9e715690a25ddf23c9a55f93eba64f0f275d3f3d7c8343cd8d0febcfb1f9bbd.bundle.json,179531,37d4cdeb1953027fdffbec412a3520fdf0d41f6a77d34e4083dbb840894ad10e
raw/32bb33c3cfe3047d/task_bundles/ca/ca0aec98dd052d927e4b37fdb3e89c23dddd84d3c1e3df02df5948b1603038ec.bundle.json,179588,8913cdb6ff739dc894f8ba0f89e0e47e5787d4e1de640f5a885188a82ffdf6e3
raw/32bb33c3cfe3047d/task_bundles/ca/ca42cd015f2a98bf7d78515315cd2100a456d0b23c8ff2fafc3c4a4766e4a505.bundle.json,179470,3ce44298fd861c142924ca6a2744f167b6cae63f7b45749005c118b500688f86
raw/32bb33c3cfe3047d/task_bundles/ca/ca6a940659bd6c81722b4c134339b925e9c5b1f2bfafdfb503e749bbb04b14ac.bundle.json,181108,4afd56c041088754e9e22e7b5c2209bfe8d4fa866cc61213d4480c05b35c0a85
raw/32bb33c3cfe3047d/task_bundles/ca/ca798423ffa4135f6e534f212e10caf627276fc65fafb4c9b8e6b0d9995e399a.bundle.json,179553,03b93438e9f44a5634e1fd1df5cf65ec5e31776153b4c40aa9545aabee87c523
raw/32bb33c3cfe3047d/task_bundles/ca/ca9fa971b3e97086f99f38cf073fe9fe5bfe99fdfcb4016727a658f020b2a6ed.bundle.json,179409,6707214ed17c5687a8f4ef47a1a9c36fef808df3dca44ac4429b332638da559e
raw/32bb33c3cfe3047d/task_bundles/ca/caa7ac9b6dde94df8ce2284d5eda3e19632a2d9b108cd4c00a1e07cab42734dd.bundle.json,179328,15aa0b83a323bcdbe3d8d2e83b92e2573556e5dff0e4900ac1fbc03a31ed317b
raw/32bb33c3cfe3047d/task_bundles/ca/cac642f6d559e0e95eaba0ffef3d517df54b783352d5da382f9730f905479bb3.bundle.json,179178,1603a2b8bec05b2b483a3e7d1ae1051fa4d4742bd288aa222e6a5eb954bd23f5
raw/32bb33c3cfe3047d/task_bundles/ca/cac664342db59d13cfc3cf168f5768b8b50883973e4d3b6df6a7e4e2264eb9d7.bundle.json,179161,4b648375e94ecdb0543ad75ff21693aaf37fc7704195b5f5f0839d179b7cc61a
raw/32bb33c3cfe3047d/task_bundles/ca/cac8a5348dea2c80ec9d997f7cbc2ecf98505de4488bc00361219d6146fbd4c5.bundle.json,179733,c259bc19be509876cf89d10f036413139719eb1f84adfec55a2e5fd4778d254f
raw/32bb33c3cfe3047d/task_bundles/ca/cafabd7fec1dd10b57cef16001a951d30a5e2f012ec2d7af99b94692584b7872.bundle.json,179043,2056c8b199767bb46a71d1991b7826cc6d42c37d27d7c5e263f78595887615a8
raw/32bb33c3cfe3047d/task_bundles/cb/cb0e3194657a0a04b49d56946ae95b135ae42d77e2ed7331d68fe2ff7d2bc6a7.bundle.json,179803,507f863dcf340cd5f16e513f624a6a1d287962baa03af48a9b4098f71bdf9683
raw/32bb33c3cfe3047d/task_bundles/cb/cb43407ccb5a9c05ef222fb778f51ce36cfafc0d49b5bac47f65df115d6d0654.bundle.json,179686,17c30c33defadd88d45aba5e258f9b682896bb3d5bae1a2311761aed11b69b52
raw/32bb33c3cfe3047d/task_bundles/cb/cb48879fb56efdc30b4d57f82ed8366339163eb9c8de4875c3683c589c6aa563.bundle.json,179639,c8f0b722cab3ce7caaf7000bec760be04713e25561f8608581096a354575181b
raw/32bb33c3cfe3047d/task_bundles/cb/cb52f003335874772aa52fb0204973a0d4009eb2aa2c6770781129074801667f.bundle.json,179973,5193bf0c854d588b8f1198c9ca9a1408ab34a7d96c0f93cf290b428ecc4d1739
raw/32bb33c3cfe3047d/task_bundles/cb/cbde5eb49c75236199d64747cfd7cd5c6cdc1c343ebf1a48c8ce01b4d12913ef.bundle.json,179767,07f60443ebe778310f3ee29c18e3424909ac25acc1c858e8cf1246ed512c2ef6
raw/32bb33c3cfe3047d/task_bundles/cc/cc02efe42a21e9f4271ed96f0451dffe7ca26eccc2cf4543c3f13488bb9aa910.bundle.json,179518,42aeeb9e3fd8e44c4f6913f9eab2e5039132debc10d7a2885fb0ac18d972e62b
raw/32bb33c3cfe3047d/task_bundles/cc/cca2e06b0849902189722896784ea2a89d2075a1e6e187b6ef72081f88013bad.bundle.json,179651,e0e40b73f20f518cdbd46c8c9fa38347aaf92a50852708a2fd3a1831d8bdd710
raw/32bb33c3cfe3047d/task_bundles/cd/cd0f704ff86d7d8760821dbcd183bf3a32ce8282c37a770ecfb6620fe779e78c.bundle.json,179873,049a965b26c9b879967a4e08a2b1bbb0706d661e10c00591a60e772844583cbe
raw/32bb33c3cfe3047d/task_bundles/cd/cd2769518964fea2e9403d55ea06c73f697e2f5ec049c28351cc0613617f88dd.bundle.json,179020,3770951de423579c112895f0bfc0005a80e568976aa0fbde8de728cd840c4401
raw/32bb33c3cfe3047d/task_bundles/cd/cd6b64e68f93b690ba215132e905638efac733261809144889644694593b9480.bundle.json,178976,cfd6545e77258aa3cdfbaa209eaa0b745dfb0ae8ce2711aeb31eed2fa6664bd9
raw/32bb33c3cfe3047d/task_bundles/cd/cd71b6ada2a029ae174ffb95cfe13cca041f31e2ab7faaf860652dc9b1ea6aa6.bundle.json,178809,de76cf6ac447e28137b5f7ead3f52608c4ea91986eba77d2f636d488de5c0eb5
raw/32bb33c3cfe3047d/task_bundles/cd/cd88866e15399002768175556b728bc38b3822f355e9eb5beef4b4b22abe1785.bundle.json,180011,fe4fe933b2a50ad30941f0b5da39face9edb100baed086405ba458779a2d5c94
raw/32bb33c3cfe3047d/task_bundles/cf/cfacdaed93ddd45e6179f127ea7acfd3399a03d6a3aa39c1b6003b06ad5aea59.bundle.json,179879,c5d8cf3b59d6b3551d1bff42bf4e831c3ba382d9be14f98def9253e691c132df
raw/32bb33c3cfe3047d/task_bundles/cf/cfd1967e6ff22a4d4246c63a8fdcb007c4d65e935074978c06b6254041741b61.bundle.json,179638,0dde6b0453cad301bd35b89dfd1cf177781f9aa2eb4fb51cea85807d4cb57175
raw/32bb33c3cfe3047d/task_bundles/cf/cfe34fc7d68058ed5716c7cd9a7472523e9da2822fa3fe03f6af3be45b17f388.bundle.json,179584,604870b4daefa4b2266ccd00339e13c01b635813d8a10eb68ddd5655d0d03c5f
raw/32bb33c3cfe3047d/task_bundles/cf/cfe8c080166d2a0137fbc17889742b77f2709e2e927422326620efd067133fa6.bundle.json,179652,3f7bef8d98965559deee0799a81263e281f88466a9bc0013a0393de3f52cb1a0
raw/32bb33c3cfe3047d/task_bundles/cf/cfeccdcee7a18d6eac994ad78acedacbfa5dcaa72ae1db2434d57e19646cd094.bundle.json,179787,a9e8a0dd3c0b1a1d74357b03e0049b1f9d5a9facaac0e8d4363e79c96867b6e2
raw/32bb33c3cfe3047d/task_bundles/d0/d02f8c2ae79a90ade9bccfb773f2ba69daa5086703284fe6fde761a5d1d82f15.bundle.json,179017,8bde59dd52f8346339a8ad422f42a121e3634d58fe59750b5c3e1cb072779d4f
raw/32bb33c3cfe3047d/task_bundles/d0/d06a2b7c5ae78aa3934d451bf1ec5a484a13f4760a359994378370baaa975606.bundle.json,179267,86c8e92802b4ab3735e6eed3a205d7450f616e25fdb24a63747bd91c314dbdde
raw/32bb33c3cfe3047d/task_bundles/d0/d07de2fb0b242e73f5be927ee5ead8708d0ab48fea803ecfcceb812a53029f35.bundle.json,179631,eabf22f260acff2d79a6a8eb029c73e44cd18800f29ac84515ab92a8c43b0ae4
raw/32bb33c3cfe3047d/task_bundles/d0/d08881191227d40bb4a0e36c1c52efda874a4f0aad0e097e24be7c2236f8acec.bundle.json,179001,f6cef9feaabebaf35cd3c3db342eba97f711d3c393bb4e53c3a4130825d7f405
raw/32bb33c3cfe3047d/task_bundles/d1/d14763ed82f244e56df3422f3c6714b6bf98edc24ebfa08b81b655bce0dbe52e.bundle.json,179839,6e6461f027e982fce822b5120e41e4331ae5b362ab2f750dc40045fed76667a8
raw/32bb33c3cfe3047d/task_bundles/d1/d14bc9fa3ce18a1ca5f73137190bef2919eaa7b501ff8c3f86acd76d69cf13e2.bundle.json,179717,04063dbefbede43c524f1486b1499914026f12ddb2f08843e42a5207863febb5
raw/32bb33c3cfe3047d/task_bundles/d2/d22ec21db3e14d7493cce2bd7bc1b876dd9263a6072d9322eccfc736dc0feb71.bundle.json,179072,e8677e3afc6515408e2e8d081bcf7f29fccee6ae2f00f49e6394962813a4121b
raw/32bb33c3cfe3047d/task_bundles/d2/d23d2fe1fd1ffa68c9c2a7891b9c432df88f08d6180e898fd0fd3482cee54cf2.bundle.json,179452,9e69f28d48e6fc8b0f666429235d039de6a85fb0fb7ae2a3a7a213b65eed7c04
raw/32bb33c3cfe3047d/task_bundles/d2/d284929ad4bae1d0cb6eac6f7caa62b0e778da1ff82c4bfc5b7a0b35e093d177.bundle.json,178978,aad4f44f85689abae295e60c8ed5e48495a31b6d0f28596d6dc9976bc7f9b427
raw/32bb33c3cfe3047d/task_bundles/d2/d285b4b1793ad4943c06ab3ba088b3603727b87ac7e45257e016f281bf2b15cb.bundle.json,178914,b11bf51c045196ec09480e88dbd96a7add9b18212f558ba56d397fd730c37eeb
raw/32bb33c3cfe3047d/task_bundles/d3/d35eaad049462430c3edf47cca5cf815c5ca8d2325b48dc7a65e27be78e4dd2f.bundle.json,179304,43be5beccf4b1c81b57af4a118b99e48251f9208ca09a89557e0d73149df9105
raw/32bb33c3cfe3047d/task_bundles/d3/d371af550d6ba245c569716bf8172725a2ad3b2ea2aee5a28b375417c75d44b4.bundle.json,179925,49890154519afc83c62347435affac725e7290b9d6d316ef9a12a2426216f0ec
raw/32bb33c3cfe3047d/task_bundles/d3/d37e1140c6fb1fd3a7eaa4dda742a6c2f203cacca6d10057acac3e27325dcf17.bundle.json,179077,bd17fce6ddd73598eaaaf3de23809bfcd9969f05453fc771aaf8cce0378b07c5
raw/32bb33c3cfe3047d/task_bundles/d3/d3e81176e900adcc2c7823a5cca6df0b6158d9bda3f25f2659e12b09cbc13fe4.bundle.json,179398,582395a90ba45708c9a95b7f09a2bda370b9bac7384a6ff20c36709190dd2824
raw/32bb33c3cfe3047d/task_bundles/d4/d4bb9607e2fed26e9d3a661b4be6a55b4e123ce6fba13fef90a406414789b9dc.bundle.json,179888,aa6749e61bddf65bd700ebb502cb427c86ae5ffe5aaae32143c709d731ef10ea
raw/32bb33c3cfe3047d/task_bundles/d4/d4f0cd42eb3b3b99429358754480b75b734852b118cb47042ee0f17102b876a5.bundle.json,179442,3b11eda987c77df14189084d625fc3954921b675de4184e6df53216908adbda3
raw/32bb33c3cfe3047d/task_bundles/d4/d4f9981f6c882dab45440aa160b67805cb125f83301d7e3c7dbbe4414b1eb5cf.bundle.json,180245,4532e328237b1f0c996e197c4fb36150f06f3fbf6115e968b78ff1ba3fa63ff2
raw/32bb33c3cfe3047d/task_bundles/d5/d5373fc67516d8dbb566d1e7b1ee16bcc802dd354a9c7592f7564c1e765b70d7.bundle.json,179702,32001ca0629b479feec34962ca5f28dfc0cb2662e6681c418f7e328d5e712a11
raw/32bb33c3cfe3047d/task_bundles/d5/d56272a773eaf6352c16a0a954a63d99f277b29306c3993e5d2d4a77a6a53b72.bundle.json,179913,38854da0aa376c715d4474655313dff2f3019695cb9e3f1620cd9f330b505fac
raw/32bb33c3cfe3047d/task_bundles/d5/d564d7dce29c614aac29ff73954f97c2902fb2181a0a9cb2c12b11468e368b59.bundle.json,179806,d8e5bfa4f0f69273f82d54341bcfd16fabb76d8350f7a8217bbc025fabe8cb1c
raw/32bb33c3cfe3047d/task_bundles/d5/d5cac77cd8ea1484bec79f8c9fa5138a4910e60dac01017fbcf4337f025f37a0.bundle.json,179441,9816a721884d2852ab95cc80fcf94bf2048575c90e0cef28082aca39f3a04cfd
raw/32bb33c3cfe3047d/task_bundles/d6/d646e7839eba85c49649a9f993b6b937ca488fa7300ed8f38512ba4b828780ff.bundle.json,179510,e522c36d3c5dea991efd8a742f98720225b8b5290e4effacea850df8b17c16c7
raw/32bb33c3cfe3047d/task_bundles/d6/d69f6a31a71c75ddd6956ecb7a9a509a92fbb273cfd27c283677eb65f8941530.bundle.json,179727,9c68e2cbabe660344da2685f0fee749dfa527b991d320f61a9c73d90e9a1ef01
raw/32bb33c3cfe3047d/task_bundles/d6/d6d67f0f72c15336f18a9be3aa6ad5bef22dc19c94f2078b78cbf1c416cbe462.bundle.json,179957,c35b1491030c08b41d303ee47ffe90ae08e47b346b8ced2bf67f0c24e019eeeb
raw/32bb33c3cfe3047d/task_bundles/d6/d6fdd2676b7fca6b6b5824f8dd74adc4cd409277d62c184977e626bdc0efb3cd.bundle.json,179519,e15b25d23987f331d8830b348b8594b8156129eaff7b0ef8a50506877786b851
raw/32bb33c3cfe3047d/task_bundles/d7/d71c014ac5edcea15a33c33dc28006d35b7e1c002fe88bd2486ee73b0c27cc50.bundle.json,179075,3c2bad5161580d93c131950818cf967cdd48e49191f5f3544c501de66a08f526
raw/32bb33c3cfe3047d/task_bundles/d7/d7a2b4c9250cd88ae6cab182adca4abcb8de029f6ab48ef61abccd00f2a6758b.bundle.json,179732,2c7fb40833c49840da6bbc718be0c0c5417dc3bf039f645ac13c2afd0033e7bd
raw/32bb33c3cfe3047d/task_bundles/d8/d80678ce1bbb73b882f0e0afc35ae1b0c23bad20e9ba93e562fd1aabb3291228.bundle.json,179245,3a746f2756e330c2d8d1878fce1d6da37c8ce05b46ef020490158a092bd53b73
raw/32bb33c3cfe3047d/task_bundles/d8/d859caae681751fc7ae42a91b76107ace226db07803045fc51cf64e88f6771e8.bundle.json,179335,a02227299fbd7d189b46ea426eeefc4f75ca5c65d9baa603c55c350e91b45884
raw/32bb33c3cfe3047d/task_bundles/d8/d85def0b6310996b982571165f4229dee03592734302e36f7d8992ad0fa53d48.bundle.json,180305,0d8a8b325a5f0d8021c6433e24de2360c00b2bae0bc37e08134c3c0c02536826
raw/32bb33c3cfe3047d/task_bundles/d8/d8a274392c825bfdd8560fd59e44eb8407fe97d3dd358e2222f6e4bf30e0ef86.bundle.json,179619,f8dd9956de493266b7bc7e73b56e538423d5af960c9a57aa9884695a0ce00fb3
raw/32bb33c3cfe3047d/task_bundles/d8/d8b4bc9ccaa4e31d83f121e9e0847b81d607970b49f5e9c99ede1a35fdad2e45.bundle.json,180052,475f59bbf68ff4a2a012566a3c0e5ec27974e12fb370ec549d531317a247f307
raw/32bb33c3cfe3047d/task_bundles/d9/d9629de20d4a15956b4112a1c2c4cceb087587a373ef772448ccb6f22898b694.bundle.json,179050,5c76aeaa75dd5aac3557cfb4ef1cea88775b4b54136d2e21c6b99a280b2eb5ec
raw/32bb33c3cfe3047d/task_bundles/d9/d978081048f82b452c20a68b8c0426ec9500107cd24ff3439dc82aa2d3331039.bundle.json,179612,610b5e9b987da72deb4a80a7cc7efd6b1ef64ea254b529071555dbb759791d4d
raw/32bb33c3cfe3047d/task_bundles/d9/d97e4417a725135af2c475611752f720fa2ea003fa8421cc7f71de5380bd91bf.bundle.json,179590,44278c5ea0852440db5e54dd19ee1a10588e66a8e1485314274a39aad2b8c14c
raw/32bb33c3cfe3047d/task_bundles/d9/d99ba146809a026864f515ca0ff424eb2cb72b7e6832f83aace94f2fbbd18f1e.bundle.json,179814,8f5511dd8a34d0cd096b01208953429bfefe36c160a1c48d97fa46bf66f3383f
raw/32bb33c3cfe3047d/task_bundles/d9/d9fe9b93ea513b29e836635cc587cdd87c9a9339219cfd511177460e39407488.bundle.json,180426,c9c0f7a215a2def7d13cd4c00777ccbfc0df2e38d0bfe390c53dc5d6ff7d94fd
raw/32bb33c3cfe3047d/task_bundles/da/da3cacfb87389484158dc51ad48238529f2c96765d7df4550deaf8bfd70fff24.bundle.json,179098,bf21f1f8104890d95e68d63bf0c72965250d974e2dd8dada8066a9aed9803ade
raw/32bb33c3cfe3047d/task_bundles/da/da5d4d11c4477f1a94888d16b64d03ac55f738dfbb149e797f397146cf12d0c2.bundle.json,179749,08225c8e27fa6c50b0d9278edde311cb51e44c484add4fb2fe2d29c0ce0f0d65
raw/32bb33c3cfe3047d/task_bundles/da/da688b2abf73e28892e76133608efeab26c8a8017954b77be23b8bce0de94f0b.bundle.json,179632,08341c172f958e296f962b2f0299cd6f72cbac0a3f853e255d86ce0b492dd507
raw/32bb33c3cfe3047d/task_bundles/da/da9b515fd9ff639d695ec5deace630451bdaf4df85adb3e65b5cfe62c6300834.bundle.json,179045,5e53bf001ca4f403815f734b00f37d908a36c02cadc2d6dfc1f82473df94d3ad
raw/32bb33c3cfe3047d/task_bundles/da/dadb177f1c13c1912724e53cadedf30f4bc730754518587808d7f2efd6b0323b.bundle.json,179241,f6cf91d65e28a082f509d2e25c4c586dd9417e314834ae7bc87451f618161743
raw/32bb33c3cfe3047d/task_bundles/db/db0798ced8c4e69ac6dfbd1cf7ecec52f5beb1b433dac6f7c19e8a162c4a26fc.bundle.json,179580,b00665b20b32b4c45aa61be13b31bb0bee02b20e64122e24aa683d186654d45b
raw/32bb33c3cfe3047d/task_bundles/db/db0cd45d4d3df13c97c8c24ec4ac2648127260557b520b57364f2cb5515e7a83.bundle.json,179414,ab241292a216b55c5c4323be9818ec43c519485b9f1a0ed41a3b61ed120b0acf
raw/32bb33c3cfe3047d/task_bundles/db/db3b34c91a109d230ee4ccf241f33623de42a23334ae93ff74e922913b03e0ed.bundle.json,179318,3ec614955ffadcd83950edc9275d1be8a30b80637a603ce0aefbc1712b498e70
raw/32bb33c3cfe3047d/task_bundles/db/db409ffa1df1337dc7c0a196a901e406e5787e3f10dc17927c050791b1ea0c53.bundle.json,180006,e37a2bc3eab35d59e6d65515884a402de53ab0356fec054b12ced9faeaee9bf6
raw/32bb33c3cfe3047d/task_bundles/dc/dc14d2dbdae4041ecd7bfd10c45a79752d02282d13afc2f21effa21b4446f5f1.bundle.json,179248,675a55e2ed318b4f17e6f230b75288f6698d6108ab27159b829e70592316ada5
raw/32bb33c3cfe3047d/task_bundles/dc/dc189ff950d802fabb944b6492e9f9aa3085f51f649a5bc503e1f24f526e9aa7.bundle.json,179639,3604c44449a87666aea2724bb8c47980f4e8b828e7bd57d7c7a6a87f8ea533dc
raw/32bb33c3cfe3047d/task_bundles/dc/dc37401b3f40060f4cd34272a2eef43f8345d3af55a0d05f8a5b280ec26dfebc.bundle.json,179812,aa2c4c01052c40b19014c31e9700d71910c1571f4b7a391576ea559eb75fa586
raw/32bb33c3cfe3047d/task_bundles/dc/dc4278fce88e0e704ac173ebbc71f798510be174d4071ba30960885ae13b1522.bundle.json,183227,b1f70feff15eee85eb09d132f1b09174326c76c2c803eb64120a6ea8410fe76d
raw/32bb33c3cfe3047d/task_bundles/dc/dcf27f0aade4fb21c21595a32a9f6d46950b4254c8922cfe65d276fa0286cfdb.bundle.json,179438,d31d1ed5080a67eaa1b55679d2519edd97cbb7238e1b94b746689dfc2ebb8baa
raw/32bb33c3cfe3047d/task_bundles/dd/dd4f755d041c9fd50ddbd169e6f51c60e0c17bd28ad971782fe1fc720ad2b3d1.bundle.json,179511,79230b376a144b254d556c6f199267d149ec6a010dd07e63e8a0af3d477ca450
raw/32bb33c3cfe3047d/task_bundles/dd/ddc9d36138ef277a0c72afb13db96ab0b4b5d60eb30a4912b583152374b752b7.bundle.json,179631,6055a035095c2217750c82f66588956f74fba4eb1bfb7414bb3fcfa606e13cff
raw/32bb33c3cfe3047d/task_bundles/dd/ddcd62c7b337a7f26ef28d14bf8fbb42218e20ec8d5cfd23b09b85d38d72f0e6.bundle.json,179386,21f68355547675da2f859f56d4b962b01e5c18d0ecc8868b537e98b1ab2920df
raw/32bb33c3cfe3047d/task_bundles/de/de1beb863911f642f666e0f0ebd60491053dd6cb2d678ecba35e00a63e68ef79.bundle.json,179677,8ec9d3f985d43b3937afccd13bd96c060739d884f40446f2ab9f09314c4fa559
raw/32bb33c3cfe3047d/task_bundles/de/ded6b5ef72ab91be80cd29164885981751aeae488befe00a804fc94116a648b7.bundle.json,179965,fe9d95280ac470fc7fcbe22281caab65b1d7ea74ccca7196431aa50ffe5ad1c1
raw/32bb33c3cfe3047d/task_bundles/df/df31d205651cde139dc7f76f2576a9ec9537df05a6dbae6d7d12aca8466e98d8.bundle.json,179335,826a93b61567dc8ff3c8691c045df56c83613694fde75938b7ec9eab003dafb7
raw/32bb33c3cfe3047d/task_bundles/df/df5eb8e17f6c0e9af71d1a2abf3127fd6f982709fa1f4f28dcdab259279baacd.bundle.json,180045,54824cb6f852968e5491937eec01d4735ca8b3984e3c7269eb0bd76af1c9d79c
raw/32bb33c3cfe3047d/task_bundles/e0/e09727cf8aa3c91587098fc98730c1af38405a6c2f85dec03a963d54b18c722d.bundle.json,179102,4f33c98a9f2b48f040b806df1ba585c04a15fabea020b4ec6a30f36d0db6a9a3
raw/32bb33c3cfe3047d/task_bundles/e1/e14c18453ed49037e85c4228e9d3ae5c0ba852ea630174fecb7dc5e16f2f79a4.bundle.json,179223,e854a371b0d70bfb70d0ae80d85f8aeeeee10f4a1005bf54e91aa42b40c61973
raw/32bb33c3cfe3047d/task_bundles/e1/e15e87aedb5dac54693f6c2b10672c2047472469b98047c6d22d948ae61a0b48.bundle.json,180055,f7e6969db266d89acd14cd03676bc11e05e471d4e32d26f64286ba2b4942037c
raw/32bb33c3cfe3047d/task_bundles/e1/e1ef5ab423149ef50dc2f35a0b6eaa5fc4b149a75cacb8baa7948aa5ab1373c7.bundle.json,179926,cbd9e10e5e5322a123b2686d4fcaf8114f2ba972b548eb90fcf0cc2ea9ccac41
raw/32bb33c3cfe3047d/task_bundles/e2/e20a17dc04dc47fbca0ff29b6a2ef509c8ef4d287563cdde11eb7c9440685e2d.bundle.json,180106,64727cd8350bf3cd82023c75d96b2e8ca49d32e8647b193adb35eec2c276fcbc
raw/32bb33c3cfe3047d/task_bundles/e2/e28dc97bbafd7201fe0fbd751f8eb2f88534c0ca5e7e5fa05182b8636aff4f6c.bundle.json,179707,1b2253883f4e3ce541cda6ffc06883cfe53e8cbe09d5bf90d35b94ca09c6adf1
raw/32bb33c3cfe3047d/task_bundles/e3/e31af4c6feb5eb5fdfd8319ccf2a5dbff274bdad8b676604094f79db7476d20d.bundle.json,179491,fc171da08c0720fc0a5b5d5d8e90efe5bf24300b14fb010fe73253811288c270
raw/32bb33c3cfe3047d/task_bundles/e3/e3921288f77f349eac2723938a5418c304597853e7de5246ea81c39297959ead.bundle.json,178973,9328d09d8f54148fc432b11e0ba07e11e3ce51be7a3bda054da2116e075890e2
raw/32bb33c3cfe3047d/task_bundles/e3/e3cd7db8afb5ac132900aa6afb1cb4c2813361ba59b61f6f9a1893fe3495d993.bundle.json,179826,3d27f5e38202e3d7ff2d364c1d1237450ed12e0c25d3a3bee0e2cb1ae58ab91f
raw/32bb33c3cfe3047d/task_bundles/e4/e43a9989de17bdc8083f22ccd9138b2cff96156fe6f725cd56e8cabd59bb5d58.bundle.json,178967,d3b632264df33cd1d45482883c354022dbbe184391cfd0594c6d83f29c8cb5d1
raw/32bb33c3cfe3047d/task_bundles/e4/e44c4e3eb7ce3fd23f27b536049fa8499991324cd99ae0daf4b4af6266eb1f38.bundle.json,179677,1f6700ac06c56586c39671bf5e11198b11f2cb24745e5ae4128857d3e088eb8f
raw/32bb33c3cfe3047d/task_bundles/e5/e52818a2d3c5f6fe5c29ca10481b16d21f7b61a77dde27595491e4d9539eeec8.bundle.json,179476,6fc27a4b79bf45b530f69f190699915146d0a2d41ca8047741511768eca92423
raw/32bb33c3cfe3047d/task_bundles/e5/e53e5af41aaa27a09b75301873c46f53f709daf6b4ef0c4bc44ac8d04d932331.bundle.json,180176,f7b972108068afca9c47d1bbf605768c28ee2ddbc457c9785757f9d419949d29
raw/32bb33c3cfe3047d/task_bundles/e5/e5549dcd8d1533057350995f6db1d96ecf9cb9ad29b9ddef5283f999155264b5.bundle.json,179312,a0e2c3cbb922a84c9ef5877b759638907f91fe3d32e1c2c46dd10632424385cc
raw/32bb33c3cfe3047d/task_bundles/e5/e5a1fc8f1732d98c37ea9de9587efc5e2c08edcba5de05fce67c8e1b261cd992.bundle.json,179591,a8a8f10f9de9883792615332864d8b0f537e7b609491011074182df9c83effcd
raw/32bb33c3cfe3047d/task_bundles/e5/e5c6be81540d0a1df121c52abe465ebbc6182ca1ad0a94a6d02cf4b0036b60f5.bundle.json,179779,ada779146c2e6ae6387624dc2ac3f74da33d58cbead52b15b36bb00bab6e62dc
raw/32bb33c3cfe3047d/task_bundles/e5/e5f1057b9e6dce2891c4c9bda58d43f3e2dec0f826f0a63ff7a8d9a26ac147bc.bundle.json,179207,1bdb2d4091968a48d4b4909dfa7f81ff13667f6a80b007ab3779df1b0dffe8de
raw/32bb33c3cfe3047d/task_bundles/e6/e629610dedbcc1c6cfb068236de774d2b549ed0b914e26cc26ff56953fefdfe8.bundle.json,179974,47ed8501fdc07de6fe9a6f6329c00d499919b330b9cef49c312d3bcd50437994
raw/32bb33c3cfe3047d/task_bundles/e6/e6460273906a1e57f58854ee940360229bd260dd7404455835bdbb544926ee41.bundle.json,179919,800fae62b9713bf564b7fac339e4ae90084a929773ac5fbb07150c3eba5f3500
raw/32bb33c3cfe3047d/task_bundles/e6/e64e2a633bda13f4083dafcfe92c200edc9b1158a72106e2bce971620d2dd202.bundle.json,179618,323ef219f2ed60b92dae2512e1656b17df6c2cadc1228ebf4fdb1243711197e2
raw/32bb33c3cfe3047d/task_bundles/e6/e67ddbdcd2d5e8f757660728c3cc6d14c4d85cb8093fc2b669c5c0c92fa5206a.bundle.json,179347,fc062c14c0d70560e1708d13de5e43b982a0014d8bbf0b28d2c62355770f082a
raw/32bb33c3cfe3047d/task_bundles/e6/e6fe28cf8721aa2222247f479f1eb3f5aebe4c8a3ee3b0f0e334592ca6ba4ff9.bundle.json,179937,873399c386f04ca7812c618bbe45015e3a44269885f5dd61e218922b6cc11442
raw/32bb33c3cfe3047d/task_bundles/e7/e70471c99a4cd95925e13670d603e157b933604667e92694ea79d8e288711130.bundle.json,179516,f66963353c996e195c352b14344adbf361283db4920dd64af39c4f2b1030be4e
raw/32bb33c3cfe3047d/task_bundles/e7/e7bbb772416a55d339657642548437edc2e45a3fe647373c8144f50ee2b3053e.bundle.json,179172,2633fb3c705f4163b84497988df6120de08813e777a7e72bc67ead68f4af64f4
raw/32bb33c3cfe3047d/task_bundles/e8/e81450153a4d24d1bc0f3e74d776f80ef3741a2baf23524d413903aeac43ee07.bundle.json,179430,b1bd7c126212bb0d907fbb6bba2524280a3e65ae8fe89a9856219631e0de1fe4
raw/32bb33c3cfe3047d/task_bundles/e8/e83bb3d4e54c90093b8930258e1c7cc7084dbe5e231ace19e579c98a48f3cdad.bundle.json,179502,b580ee6a55a28446065330e5af7241ea264a0c59d7f44e764244a5401b2b550f
raw/32bb33c3cfe3047d/task_bundles/e8/e85010465358b10b9f94f4d76e5c0e4c30f46b61bbe4d722f95895e84b9f6c9e.bundle.json,179495,a2c500a8633a28bd4e2e9de96c4336b4c929984b96a4d731a214049ee4def279
raw/32bb33c3cfe3047d/task_bundles/e8/e862a07561dde196c99c9d23ac1b7ff0034a4d0c21336c1610407f83874c2ad3.bundle.json,179276,160c2e19a780a9e6cfe74850e25bc2f42981e29b04ac249032388dd4cfdba308
raw/32bb33c3cfe3047d/task_bundles/e8/e8b6c200c83e68470ac37df5f315d714d6bcdaa3f436c66ae872ad11ba66fe8c.bundle.json,179892,012e9107b41fec238bff28517985df2f312ffb6b5286d60c7ae9fe3c3d6fb9fe
raw/32bb33c3cfe3047d/task_bundles/e9/e923ec1367c4606ad020e6333e80003bbbd9922fd0cd57014e0ecd97431e76b8.bundle.json,179451,09e2fb209e260ddf017f2c57a2dcb51df46552e1a554e6c160dbb18f17c301e7
raw/32bb33c3cfe3047d/task_bundles/e9/e961c6ca58a9d089520c61498fc92a756ce0b263b57753b4c63df2664ca87463.bundle.json,180012,5bd05ce45d76bb866f420422d6477d81be33bda39e3cec4f7a605aa297cb2142
raw/32bb33c3cfe3047d/task_bundles/e9/e9a9495001dc59cd8b3b21f5833b66782f73730361c429f7079c0cc93ca608e5.bundle.json,179011,30df2e19730900f695e4d4a60642719a3ca7eaf8d887d3b60775fd858ee440b1
raw/32bb33c3cfe3047d/task_bundles/e9/e9e0705c030413f6f9a69e3f4d955c89e6dde131e517c6a3e377cf42457034d5.bundle.json,179867,8f918cb2c7aa30fd51e7ffb8c1c1dedc276a4e81bb67fab074e130467fc96597
raw/32bb33c3cfe3047d/task_bundles/ea/ea12f81a66d03f7c8c622a5cbff2741c10b5fe7b00a7b41d20dfd44785e8e47e.bundle.json,179734,35ae1a2a61627d5cc6d0d9d845d62c734e9d81ca48b4d0920e05f8d06dced902
raw/32bb33c3cfe3047d/task_bundles/ea/ea3dd359c3b4a5713f26517342d119aaa01afaec5877c5fdbf9cbb44af833492.bundle.json,179757,1d6f51ea9b476bf3d73f7d476c80d4ef3e6e113a4b2cfd44a522bf5e43da5aaa
raw/32bb33c3cfe3047d/task_bundles/ea/ea6f95e5b4c021bf4be72e4ad0814e8e05fab164cb7d8619d8adbeee20fb0790.bundle.json,180048,0b01e2a8ec71af045b707c444294ea2bc86a79bf3854d58251cf3a77bc29bf7e
raw/32bb33c3cfe3047d/task_bundles/ea/ea71207cff58861e0b943e8edfaa98bff2a919c95b5f1eeee16e302a83ab55f0.bundle.json,179717,d3e1ca7604b6fc47441f0d0242d9476616fcd71c8fb3e18e85d33b4d7d3588e4
raw/32bb33c3cfe3047d/task_bundles/ea/ea81345025ef51f24c39d93218b9a3d810ed21a8e2a49d177b156ab990ee3fd6.bundle.json,178962,33c101d1d70409b63790591a77030ad9d748da011430e5b8b87c7723dc3e5052
raw/32bb33c3cfe3047d/task_bundles/ea/eae1038c897276f53f62f01a96a80a04f220955fac5d9846145939574451e80d.bundle.json,178995,2c2819f3ba6ec9d1f5148fc78523da0af48210455caa9a9f9b79e8c9d6613a16
raw/32bb33c3cfe3047d/task_bundles/ea/eafaf32329f47deb015e7ae79d7f6ca6d5c95b4ef1886a230d2f5edd77d38be2.bundle.json,181140,cbbadb1fe9d82e91e36d859a4fdc5722e025b9f3ec41622ca90535d76465b853
raw/32bb33c3cfe3047d/task_bundles/eb/eb00e9ceeee9b12b053146fa638fbff3de23c05a9f31a469bbea6ceed68e7e25.bundle.json,179770,f9c15c856bb99250767286eb41a146d75115cb092e8c8daba84c56968c273855
raw/32bb33c3cfe3047d/task_bundles/eb/eb0669cb9a056032d229312c714d5a81ac9cd70e3446cee58f85eaf92158866f.bundle.json,179393,60fd064c0d50fea1d67826f40b43f37de546c4bd64fea60b4beda7c22520bc31
raw/32bb33c3cfe3047d/task_bundles/eb/eb5deb8c8c0b566ca7e6d6d127ad79066d765dc1a9da6558bb2ed33be3ee73bf.bundle.json,179450,32a4c7fef833b1255c93808eb6ba29c46ad40bdaef6187c7a8b63c23f722c463
raw/32bb33c3cfe3047d/task_bundles/eb/eb97570fbf1e287c1b0a46602b32fec9be2762726ef5d8881b40b398401a2cc3.bundle.json,180505,18a7b614995005381bb1190b1848533d476ef13d178e808b2d7a80143fede98b
raw/32bb33c3cfe3047d/task_bundles/eb/ebd50c422c6119ad5122f0e93e2b5e3a67a20a6ffbb61dad69e995d889b1ed0a.bundle.json,179460,8a6cdebbedbc32935308a5b68dc3e5cb52145aeb0f8491502c3bd63df4d39f68
raw/32bb33c3cfe3047d/task_bundles/ec/ec49e2f36d59cba441e45227b66b05bba43352dc2771a84c73275aeb48509eff.bundle.json,179588,8a07af4aec45f1818aee6d699f4967ae243f03ea005aec9221afb8e9c684e0ad
raw/32bb33c3cfe3047d/task_bundles/ec/ec99132669538672e31e1a53f8ca95271dfd7ff27899fd93bfc70745bece4b58.bundle.json,179371,f8546f9bf8fe57716377df2200c9b2c0214272e9677f21e0d0c33bc7f6f24316
raw/32bb33c3cfe3047d/task_bundles/ec/ec9cf811d7c43ff3fb4739233f5653bd49ad5683b41eb8cf2d50e2e3ee629c15.bundle.json,179796,f166dbdecbf101418ed3b604cc13e2d1b09bb2b4bb073d3c475c9970312e23e7
raw/32bb33c3cfe3047d/task_bundles/ed/ed03b861ca4f840d6991eecb736d72afc1362ac2a3ace59a7f94eaa9fc96fff5.bundle.json,179609,95cb71100625414111f426fa5bafd07e1f9ec05f878fbf922b642c66710c866d
raw/32bb33c3cfe3047d/task_bundles/ed/ed2184fe55bbc211ab6ccda502b86a16c88e2a835c6605526103154eb6b270a1.bundle.json,179637,ce3b7de5e0eba99cdf9f08791b3a19ad4ef5cab3d09c92f0e7d3bdb438c5a7f5
raw/32bb33c3cfe3047d/task_bundles/ed/ed2d0a2e5756b5243a0c38c11003d7c84020d5c19aaa76723a68b30a2b7e3e04.bundle.json,179775,e3c90b4f8595b214820e330e003b802093080895eb32c53d703e0e6784edef45
raw/32bb33c3cfe3047d/task_bundles/ed/ed38d0dd1f7e1eeaaffbbaf2b2e08dd3ce69c8129c7486eed21e1be90230958c.bundle.json,179209,60bea990ea28f042b66485468b43b7d66c02497f9efcd56530294add7b7e19a4
raw/32bb33c3cfe3047d/task_bundles/ed/ed66bbc91defd54f3aba16ed5aec14d26eb67dcdd8c92ae12e4348b7a9ce9fac.bundle.json,179592,22bb6472b78091ea73bd7bb1034233b1f197d6b3a94df0cd99a5529e9d87f882
raw/32bb33c3cfe3047d/task_bundles/ed/edcf833b8883e668f05f65d1c80d1320fd331398d216ade22b64b3dbae7b2288.bundle.json,178999,ca12194f67547f66e2b85ea9f807f4237cf01b3bf1dc13301ac4ac5ecdbd28bd
raw/32bb33c3cfe3047d/task_bundles/ed/edcfb700020c622524237edc917cfd685b574fd919649ababc3b53c46c2fc9c9.bundle.json,179449,7588d5666f0019801bb99373fd3766eee31b4cbb876c545d2b8fcc5eff24766d
raw/32bb33c3cfe3047d/task_bundles/ee/ee5f2660279d9ee0f7adfd75731bd15b36e23d081b79517694a226e05213425a.bundle.json,179929,fd953806322debb48f44c82daac43ce903280eb6e84e352e758fa7231d282e76
raw/32bb33c3cfe3047d/task_bundles/ee/eebd883e4373ca70ffb70a96a7d2588152887b96e89517c9faeaaa9fb612c168.bundle.json,179167,5edd3a04f5520d498cb86b076aabff7d578a1e3a54d79b31f5be869d72901721
raw/32bb33c3cfe3047d/task_bundles/ee/eef1c0b735a1011ad56b35bba52a3554cf778d2ae20acc2d4445a7fed48baef4.bundle.json,179272,eb0da6bcf526b68b8fd2f872905c6e0aa99f3f9a74bff36035d066fafb3c9579
raw/32bb33c3cfe3047d/task_bundles/ef/efb90eda1cc53fbd6ef3cace186be85d620f57dea1cc6c1ac4cccade0f03e472.bundle.json,179795,0dd93f2ac2400ba0825ebc669ab82936904289b48343a7ee889ded4a279095e3
raw/32bb33c3cfe3047d/task_bundles/ef/efd003c197042873481e8717efdcb9566a6305d6814249ce85da92dbb52c7b42.bundle.json,179749,1f14039e31f7607e23e0645d929470b30d459401dc3055c6ed1314e1e3bfcb9e
raw/32bb33c3cfe3047d/task_bundles/f0/f03d0c53e3a10665d0171d12e7f06701dd1b74229da2c8ecf8d6f28dbd27fde7.bundle.json,179541,a0a60ffb9d8223a2956e340de2c9d726d4f8e045d5e630ca4417059029254652
raw/32bb33c3cfe3047d/task_bundles/f0/f0fa393f065cfd75bf4436139f23d8f5a8725e9dac40a0a2c210e5f28f517fcc.bundle.json,179408,57df0e839fa2c5207c000e09003e62e8187d1741c27575ef2dfd4f4dcfc48eff
raw/32bb33c3cfe3047d/task_bundles/f1/f14161164152d82e90122d17da1c59ed80ad00bc41d3d569201510993c57364b.bundle.json,180400,cc341aeb0ff2f91dec994b2d60af7e16a43a3fa94af61cdc944a1308db06794c
raw/32bb33c3cfe3047d/task_bundles/f1/f1b7cb5c6c7a703836424e2e77998739f1f9596fcd0c4b158634beda162ba486.bundle.json,180670,a2c777c05dc643f9eaa08f1ffc9d7ab96680d08e98b1f36e7b5b1444ec1415fa
raw/32bb33c3cfe3047d/task_bundles/f1/f1fcf2dfe536f39c4f1aeafb3ed590718168fc7f46df0392db7cff09526041be.bundle.json,180231,f8e645650fae5024215ddf7d70a3a75d2909bfd3f1ec0be1227370ac0c3f4baf
raw/32bb33c3cfe3047d/task_bundles/f2/f22156e0d8accc1cb4041ed6540832713235a82f5684b45f6d65d78288de46db.bundle.json,179544,b10b1c09fcb4edf4e80a6d0e3dd4e73c401607cc6303b5180642de61ccf7abe0
raw/32bb33c3cfe3047d/task_bundles/f2/f25fb4c227fedc232f8d90f802e85f3b232a5af481c78f9bf373def1bed26987.bundle.json,179415,22385950e42b4a633faa3857fdc3ae90f8483f81ff27815f4f2064d88098d4cc
raw/32bb33c3cfe3047d/task_bundles/f2/f2778fd0bcb0a9b6c589916b1a0aa4a90d9116ee6ecba72b0eb61b0f2b02926a.bundle.json,179487,40936aead98c2bfd45e88036e8bb34ff1c6ece37b841ff3b0fb99038d8a44faa
raw/32bb33c3cfe3047d/task_bundles/f2/f2ae22905296bcf85a0e950dff0e15b120f224e8ba0465a79b6c99e430b70f8c.bundle.json,179121,05918fb0098a8a08e20eb5ba40a8a3507e82e2ca68f455a7708728ab883945f7
raw/32bb33c3cfe3047d/task_bundles/f2/f2cc3ff9f6d22e8b18fe50d1df8f963cede6b5bdbaa932af4cc54b3bca4afc79.bundle.json,179997,3273300bcfd0d7209176683b3d8ba2253cc61a9ed9549d70d26f2e6be7936efb
raw/32bb33c3cfe3047d/task_bundles/f2/f2f22a91fcd4fa0c17cc02c6209f7195316f1ecee42c87661bfda424092b799c.bundle.json,178872,5bc5e2a70b92787802bae179b5e65043316d76955261dfe1bad22ec2fac0b02a
raw/32bb33c3cfe3047d/task_bundles/f3/f3172c7ea99cb5b01902561468334be345cbe02f2621de4d5f4dc3cb9387140b.bundle.json,179549,13e37cd960c932cc1b334c203452b8f5ea382b585c00f4c869c05c971d2e5f08
raw/32bb33c3cfe3047d/task_bundles/f3/f33b961d2120d7a6044fa214f4dc43ddf0902d7a7c24056c1c829622d5730a87.bundle.json,179565,bef29b5771d5180f1bb2dcdb8e9712798023d76ffb9392dcd17597d791b25705
raw/32bb33c3cfe3047d/task_bundles/f3/f3600402d784fe6aed1a292e205cd81e6efbb46a5555f20dbc317eaa31f56ee2.bundle.json,179835,9e209ea77136733b99045f98e1d95205203f9969401644c0cade50b749f15817
raw/32bb33c3cfe3047d/task_bundles/f3/f3b6b3ad6a9ad508ac7b1ebfb08b4a3b1070177685013d9f85d331246e83e5a5.bundle.json,178849,4950cca1c609f4f222cd4674e3e1ab4c01b645ab5061151b1a84683eef09b8a2
raw/32bb33c3cfe3047d/task_bundles/f4/f460c299ac7abf6db0cbfff5fc07995fda7cb13762ce5e9054dbc8919cf50c9c.bundle.json,180172,ef95bb02a2d5d1ed7d46848ebd7d7c5dd6cdb98672442ced6671efdcb4812147
raw/32bb33c3cfe3047d/task_bundles/f4/f4978130a8fa4c417f5e4a33f70ead0fe1e51ec8da1adefbf8d9a1c891e1e681.bundle.json,179429,432bd6c4cde86bd6b334404979f6c814dbc097501a7c79c5746aca1d0f24eb36
raw/32bb33c3cfe3047d/task_bundles/f5/f5e05134fa90f2ca57827da1e07bb0db07e5481a03f2d309ffad5102b6263bd6.bundle.json,179755,e3bf4055bb62a00a5f83c26018c263e8c5eb79e07ee7df938516c270261584b5
raw/32bb33c3cfe3047d/task_bundles/f6/f60cd1076b073819cf6359087da1d53776fcc1dfe989aecfeec019a9a8066e44.bundle.json,179464,07bfab27c3ae03b5f8a5645390e8f04e9d505b66ca75d6416d0f665821395192
raw/32bb33c3cfe3047d/task_bundles/f6/f6144a474a52846fdee7e4bc83c6d3d7191ba9e51d94d292912b25725b9f8e75.bundle.json,180430,7fb874ef28993edfda02cb4982033dd1d07fce877b6872d442f3d0b19ad79fea
raw/32bb33c3cfe3047d/task_bundles/f6/f61c22df43efc8cc3549bda214448cef573e16e2c48dd35d121a46d2871db155.bundle.json,179648,88729888c9f4419ad3061ff525ed6c8c3707bb8bed4b25482d7684bc26ab1e5c
raw/32bb33c3cfe3047d/task_bundles/f6/f68b1eaf7462e39c69a7c344907d7c9dc1e37748ff87c8688b426d811146079f.bundle.json,179861,ec01fe26299fb81562eabe2f16286f1b1b68ca369fdb87368e268d6dc0d7320e
raw/32bb33c3cfe3047d/task_bundles/f6/f696b6ed004e9fe91f14208d641828f7b40c88c09d6e9e2018a1313ee1c17f99.bundle.json,179727,3d5fcafbef566ba58ce059d0f3fab04719efec68fec4df31e7d4b11e327aa60d
raw/32bb33c3cfe3047d/task_bundles/f6/f6abe6971e9c398e8741171caaf52a730e26226ca64b0f5eda56f9ba7ae3ddef.bundle.json,179268,2d5ee69ad977caca2119fefb5b9ba373e16305c232507fe8e8df42b263f49cad
raw/32bb33c3cfe3047d/task_bundles/f6/f6c5a9ac997bde4bf8dbfa022f087c88e7e1f0e134e4874d003a78dae8bf6cb8.bundle.json,179525,82154618424fa45a6a6112a88489f941bcf35105b244106bcc401868602db837
raw/32bb33c3cfe3047d/task_bundles/f7/f705ebe91994ce49347cf6fb7e7dfe67b158746e318e0c98b55ac57bcb189c93.bundle.json,179379,2e50c3faf0f9e94aa2d603526135680424fa009214535ed4b23ecf9507c2fee4
raw/32bb33c3cfe3047d/task_bundles/f7/f72dfa85dac7ac418babf953a54e376442486398de98106c529d01645bd13d3d.bundle.json,178934,a54b996827141c564d6eb8df5621569efd77e4160e7c093c7f27f8f4d16be6a1
raw/32bb33c3cfe3047d/task_bundles/f7/f73501f6c3e197131e65dc936f57d710ec984fd9b8a6c973c83691868bfde624.bundle.json,179950,2f013138841ac3b27ce3f1899a0ec368e3bcc20ebb0e256dc0ba8832fbb3e102
raw/32bb33c3cfe3047d/task_bundles/f7/f74b38f0aadd05cb065e936852c4db62354a0ec5f50dddee9e9e100acaafbb6c.bundle.json,179465,ec4620de6b2dcff86187393763c642ddd3b218f5db02699efa814a5cb8863ac5
raw/32bb33c3cfe3047d/task_bundles/f7/f77c035ddae71ebd7e77c96876ad816cc8ed48615e0e76cc3e3a826f7cc629f9.bundle.json,179477,0f7b7a486e6fb9ac5c82349450ca9273a48cfcd774bd9c03ed0b9866de6e8ba2
raw/32bb33c3cfe3047d/task_bundles/f7/f7e5aa5a2798d28bcb71e4f423ff26c41b17a96af1720c217456a8679c0ed21f.bundle.json,179337,feedd03c2f8743263a9a2a2b5bd2a2e06de933427f863d545bd8a1ef7be40ed3
raw/32bb33c3cfe3047d/task_bundles/f8/f8065f611a00b844a58e3ea538d246bd90942b9981dcbec19f70856f9999e760.bundle.json,179801,64ff8244547ee2d3e30c8431c37afb98225f3f670df2125574c0e0294a580825
raw/32bb33c3cfe3047d/task_bundles/f8/f8199e7f6a49720328d05cf2800d01d37107f12f982f23809b39b340c42eb23c.bundle.json,179473,0b12543b5b501c4bdd6c5f0366c54e9f2abcd158f3689b5a5da7c44871a9f619
raw/32bb33c3cfe3047d/task_bundles/f8/f8c9ce214b3fef06f71c21fc6e0fff1d5c7f3866b11f4a7e602a70755c94bfc9.bundle.json,179519,962e9b2d31de7ed7359f91a533f3065b0fc124123b027f46aff61e573048d99d
raw/32bb33c3cfe3047d/task_bundles/f8/f8d7817a258b431b93293fb83c1ee914a3a9f4986154aa576ede42baa5bf8f8e.bundle.json,179650,efab04c74961762b2677cc6d3f73a1327b78b101c518dd0c195f75afc0280915
raw/32bb33c3cfe3047d/task_bundles/f9/f90874e22c03054b1e677512b0e981b98f2ad0c5524ee43fb8fbfaac682fe084.bundle.json,178974,5a8c873f7d0ab7e0f1a76f550da837cdad41690c7c99f9db2fd7ba4a852e4a76
raw/32bb33c3cfe3047d/task_bundles/f9/f94a3dc3fea97c9a5453b6aaef54c689526120229cbb153b9c717495b69f31e9.bundle.json,179547,1091841cb4d4dbace62682a0cab797cb720838316393097dd83882d7007e3053
raw/32bb33c3cfe3047d/task_bundles/f9/f958a093a0571303aebbbfa87b40586aaff4aaf6c84b0a99e8f10679a175f491.bundle.json,179558,9a1b0938a61ab0db664bc94a11519310bce2b6cb45d461626eecbc081b2acd9e
raw/32bb33c3cfe3047d/task_bundles/f9/f9fa5ce4c3c0de3ee39dc49a3f2ec244c60806217bbea4e8740fddf5f25142f2.bundle.json,179592,afbc6065082cc0d7b34768adb6ba61424291fa53e32d003bf2db3b39ef4470d8
raw/32bb33c3cfe3047d/task_bundles/fa/fa0b122a999a971b8250cda0a695effa6ec74091eeff32788390bddf66fdf1d3.bundle.json,179925,c5810e0420c90640de41a38543e5f02d2a9939c7fa6394809c17de19fe9079b8
raw/32bb33c3cfe3047d/task_bundles/fa/fa23c60007ba47008eb8534092eabccd2658855c7b39b5699aafaffcf1001127.bundle.json,178906,6ba6da07b9f1370a0d1c24410559a70e9fe7037813ba772026186435c1cddbde
raw/32bb33c3cfe3047d/task_bundles/fa/fa2ddba2fc210b5bf69eaea0bd22f07db051b99cadfcbca99138603808894869.bundle.json,179600,6409e438c67f34cd2a26dbde017db2b1436b79aabc7d99e31b4ee7de394f1450
raw/32bb33c3cfe3047d/task_bundles/fa/faa4a268783f19184dcfb838745f083da29f98b02fd640a3dbd0dd52cb36e672.bundle.json,179485,991e48b9009bf7775b1dc74a30b39caa69b45e7439375e84d0bc7fa0502b90e4
raw/32bb33c3cfe3047d/task_bundles/fa/fafc08129a94b104573902de9657f2ced3f849b0336487ed14980402edb73cb3.bundle.json,179528,9a4f57b410f60ca3126f2713c0e33aab4043e34da07e4e8ddb9129f16d81da06
raw/32bb33c3cfe3047d/task_bundles/fb/fb2d80021b4c2abcd512ca2f8cc570be0ed5a3eede35c31f960b98d25393d205.bundle.json,179301,93fce5c6ca8df910a6b7c80e0838c43c13661e29c600b491c2db88fc7e9287f8
raw/32bb33c3cfe3047d/task_bundles/fb/fb673d41e0ad9cbace0eb2700f83c10eea3ea3ed9ffe4262b52f1f819c1ada77.bundle.json,179993,27caee6d3465d14ea5c08c647ba4b7ae95558bedc82dc49ced07ded115375e67
raw/32bb33c3cfe3047d/task_bundles/fb/fb723cabb0ab7427e3c488d338dd34a3bc96c9d71340b2aacdcece698b5367bb.bundle.json,179569,697e00e7b5120da774daa83b74e25e9d118a8bfc678319b36478e33d7cfaa18a
raw/32bb33c3cfe3047d/task_bundles/fb/fba66affbb6d5d52f701829a23722cd6417c52d1c105eade2f4d2630355e280d.bundle.json,178850,aaf16e1eb934354fd90d80da3a0c51948c0c7a264dcc2d7e568d701d5900e240
raw/32bb33c3cfe3047d/task_bundles/fb/fbef9f0ae2ebc2a7e382e22e33e0af9a9f67782254288d7774c4f37fd6207bc3.bundle.json,179615,fa8c1329c1068515713ebe03769df78b3dcbd369e810e90906726c34a84290bf
raw/32bb33c3cfe3047d/task_bundles/fb/fbf26a3c22ef059fd998db9c6e2ecbb7c479ca7803a26946739ec2ed970c2423.bundle.json,178994,93cf9ca0208334fb4a3bfe9adb4ab8b4a63aa07356a9deef9187d1a0e6de59c4
raw/32bb33c3cfe3047d/task_bundles/fb/fbfa2ed938025f23cc0caec2895c0720f8b67da5d8e17774fa084b186300f02a.bundle.json,179593,910b4bd6b6276eb8fe300776d7a7aac5b9e3e448375597f1dddf060338080393
raw/32bb33c3cfe3047d/task_bundles/fc/fc8027ed6b28c04fa734325ce02065a807bbe4ccd2dbac7a5c153159c1fd15bf.bundle.json,179279,24b41b97bdc4e4cc4e9eb2286c50b650077770cd013b55f783e69c888390a1df
raw/32bb33c3cfe3047d/task_bundles/fc/fc9a58cb761afabc3eac26e037ef1174afe03960f6e8e36f7fc9e062742236ed.bundle.json,179470,af72ce3514d6631a673a72b2b3903fd549f1a72fd99893e8a9f43bb761bd71ba
raw/32bb33c3cfe3047d/task_bundles/fd/fd5ae6f13b2b327494209d6cf6af05864fb98cb54b70421dbbdabf35a6aa6dfa.bundle.json,179710,706fe491ec96a0f5dbd1ef05e9213d912cb53dd31756d89ff069067a5b428da2
raw/32bb33c3cfe3047d/task_bundles/fd/fd823cf368e251386c0c090fa058878a7de51e930dbc7c0afd06504ae3e1c100.bundle.json,179067,ffd0bba60293e72179e03e1acef4a65ea3ff2f61fa4f0c4d57a0ea30f099dde7
raw/32bb33c3cfe3047d/task_bundles/fd/fdfc9485a0e8742185b4b36eb6f7d1b72b51452c6e0a41a0defa24d47e824570.bundle.json,179359,aff10fa411c7f341f0ce7b56a4b94b1f6c5664eeb9d4431ef1fa7c477dc7fdec
raw/32bb33c3cfe3047d/task_bundles/fe/fe1cf12d2018258f2245b07c2a604aa27f7ef1711b60f7a5cddc481f8afd2dc3.bundle.json,179555,5959a6a32c572123167d98b65d86a997853644172062169f48b05b45e1137bc7
raw/32bb33c3cfe3047d/task_bundles/fe/fe2c2d9299b632ad53d8cf28a66f670054226f703cb5993ed24d60283909fef0.bundle.json,180163,c2366c12f7c9088d253975f85dd59590a4cfb0797722c4271072fa9adcdad5ff
raw/32bb33c3cfe3047d/task_bundles/fe/fedcb5920907ff2356ab8486de76c5126d48f72475bd1a2196503d7280c806c6.bundle.json,179691,7e945049f720f96bb3a06a0abbbe535dfaad7fdfd4ccc7b6d6a1ee033fda4cd7
raw/32bb33c3cfe3047d/task_bundles/ff/ff15d1f67027400c487e83f06a8cfac2ae7d03f0aafe147ebddec3a59fcf86de.bundle.json,179305,0e7fc30c8b915fe40ee8d79350b2d5f42f0e3757697d7698d2245ad1451c74c8
raw/32bb33c3cfe3047d/task_bundles/ff/ff81781f5605ef03c39fc02c38e633228c5232c4da9bf331502832ff22e54a3f.bundle.json,179490,9a88368caf57b0e5c94e00b79c42f62f2d6fdeba1391c61f83d673b726dc78c1
raw/32bb33c3cfe3047d/task_bundles/ff/ffd11e0d610f89cb6c302e3843e0e43f27f756bdc180c564d9ae670f96ec4b77.bundle.json,179338,b81cbb1da4009c21c30c08983fc642d90e884418f70974b1c0061a9cffc65efc
