rr5_master_seed,semantic_replication_id,dgp_realization_hash,dgp_seed_state_uint32x4,dgp,N,T,replication,true_rank_vector,c_h,c_xi,frozen_calibration_key,target_h_share,achieved_h_share,target_r2,achieved_r2,theoretical_max_abs_A,theoretical_max_abs_B,theoretical_max_abs_H,theoretical_coefficient_envelope,status,classification,pilot_valid,pilot_start_count,stationarity_passing_starts,minimum_stationarity_residual,median_stationarity_residual,maximum_stationarity_residual,minimum_objective,maximum_objective,iteration_cap_starts,constrained_fallback_starts,pilot_fit_runtime_seconds,boundary_active_starts,maximum_constraint_violation,a_NT,w_H_definition,reporting_rank_caps,pilot_rank_caps,pilot_start_objectives,pilot_start_stationarity_residuals,pilot_start_objective_spread,pilot_best_two_objective_gap,pilot_objective_stability_pass,pilot_feasibility,pilot_stationarity_residual,pilot_boundary_activity,cap_pilot_attempted_route_count,cap_pilot_valid_route_count,cap_pilot_stable_route_count,cap_pilot_multistart_objective_agreement,pilot_multistart_disagreement,cap_pilot_final_acceptance_basis,pilot_stationarity_failure,pilot_objective_stability_failure,pilot_feasibility_failure,pilot_nonfinite_failure,w_A,w_B,w_H,w_A_1_reference,normalized_spectra_state,ridge_ratios_state,selected_rank_vector,final_postrefit_attempted,final_postrefit_valid,replication_runtime_seconds,exception_message,constrained_solver_status,downstream_state,realized_max_abs_A,realized_max_abs_B,realized_max_abs_H,realized_coefficient_envelope,coefficient_envelope_condition_pass
2026081101,dgp1_N50_T50_r00000_truth1-0-2,ba7ed36a79c035a4068be3db80558214b11a91abeb02be2ab06e535d127b477d,3490749937-2460933935-1043009760-2804002756,1,50,50,0,"(1,0,2)",0.7301712917987002,1.0,"dgp1_N50_T50_rank(1,0,2)",0.30000000000000004,0.30000000000000004,,0.5344056654315995,0.85,0.0,3.794081326870647,3.794081326870647,rank_selection_numerically_unresolved,UNRESOLVED,False,3,0,0.0008631467801635,0.0084503836503132,0.0084740666512471,0.1394984709829806,0.1419297452735049,3,3,812.5046367000032,3,1.7763568394002505e-15,0.12781110931766573,1.0,"(3,3,3)","(4,4,4)","[0.1419297452735049, 0.14056075683318126, 0.1394984709829806]","[0.008450383650313243, 0.0008631467801635381, 0.008474066651247164]",0.00243127429052431,,False,True,0.008474066651247164,True,0,0,0,False,False,failure,True,True,False,False,not_reached_due_to_pilot_failure,not_reached_due_to_pilot_failure,1.0,not_reached_due_to_pilot_failure,not_reached_due_to_pilot_failure,not_reached_due_to_pilot_failure,,False,False,823.2293321000034,rank_selection_numerically_unresolved: cap+1 pilot failed maintained acceptance diagnostics,constrained_optimality_failure,not_reached_due_to_pilot_failure,0.7653499117179918,0.0,2.8476829509406323,2.8476829509406323,True
2026081101,dgp1_N50_T50_r00001_truth1-0-2,2c266dd76035044b95b2d9963f84552853901739aac195b29a9a076ab7fbd42b,3680125876-1683966624-3509559297-2490146119,1,50,50,1,"(1,0,2)",0.7301712917987002,1.0,"dgp1_N50_T50_rank(1,0,2)",0.30000000000000004,0.30000000000000004,,0.5344056654315995,0.85,0.0,3.794081326870647,3.794081326870647,rank_selection_numerically_unresolved,UNRESOLVED,False,3,0,0.0003669210540277,0.0012148683098063,0.0074705311192315,0.1581471972788874,0.1668408865869142,3,3,639.1768040000024,2,1.7763568394002505e-15,0.12781110931766573,1.0,"(3,3,3)","(4,4,4)","[0.15814719727888749, 0.16684088658691426, 0.16616673033204485]","[0.00747053111923158, 0.0003669210540277033, 0.0012148683098063932]",0.008693689308026775,,False,True,0.00747053111923158,False,0,0,0,False,False,failure,True,True,False,False,not_reached_due_to_pilot_failure,not_reached_due_to_pilot_failure,1.0,not_reached_due_to_pilot_failure,not_reached_due_to_pilot_failure,not_reached_due_to_pilot_failure,,False,False,649.0855222999962,rank_selection_numerically_unresolved: cap+1 pilot failed maintained acceptance diagnostics,constrained_optimality_failure,not_reached_due_to_pilot_failure,0.7714816205369556,0.0,2.08550522794219,2.08550522794219,True
2026081101,dgp1_N50_T50_r00002_truth1-0-2,00bae92ad7a5f61ca7b412c7228d59f7a908227ad75104ee1724438dfd366d61,3247818990-302293056-3924059125-874562239,1,50,50,2,"(1,0,2)",0.7301712917987002,1.0,"dgp1_N50_T50_rank(1,0,2)",0.30000000000000004,0.30000000000000004,,0.5344056654315995,0.85,0.0,3.794081326870647,3.794081326870647,rank_selection_numerically_unresolved,UNRESOLVED,False,3,1,9.28025690920416e-05,0.0030105823077861,0.0059547182344128,0.1441474896084937,0.1461704651282615,2,3,612.3514242999809,3,1.7763568394002505e-15,0.12781110931766573,1.0,"(3,3,3)","(4,4,4)","[0.14617046512826154, 0.14414748960849372, 0.14575780091010332]","[0.005954718234412862, 9.280256909204161e-05, 0.003010582307786111]",0.0020229755197678223,,False,True,9.280256909204161e-05,True,0,0,0,False,False,failure,True,True,False,False,not_reached_due_to_pilot_failure,not_reached_due_to_pilot_failure,1.0,not_reached_due_to_pilot_failure,not_reached_due_to_pilot_failure,not_reached_due_to_pilot_failure,,False,False,622.1936131000111,rank_selection_numerically_unresolved: cap+1 pilot failed maintained acceptance diagnostics,constrained_optimality_failure,not_reached_due_to_pilot_failure,0.7568816429172135,0.0,2.815555794657853,2.815555794657853,True
2026081101,dgp1_N50_T50_r00000_truth1-1-1,37c361870d7cd86f74c8816035fda96c1ac1edf891af94c00cda70de72187254,1157703448-2203590321-2701673329-2286612217,1,50,50,0,"(1,1,1)",0.6546536707079772,1.8090720075161526,"dgp1_N50_T50_rank(1,1,1)",0.30000000000000004,0.30000000000000004,0.65,0.649999999999996,0.85,1.7774613391789282,6.153884531609286,6.153884531609286,rank_selection_numerically_unresolved,UNRESOLVED,False,3,0,0.0003511228485945,0.0047030195061061,0.0148913961539998,0.4637961847039819,0.4699737901173393,3,3,879.8973382999975,3,1.7763568394002505e-15,0.12781110931766573,1.0,"(3,3,3)","(4,4,4)","[0.4640064474981087, 0.46379618470398193, 0.4699737901173393]","[0.014891396153999868, 0.004703019506106165, 0.00035112284859453854]",0.006177605413357379,,False,True,0.004703019506106165,True,0,0,0,False,False,failure,True,True,False,False,not_reached_due_to_pilot_failure,not_reached_due_to_pilot_failure,1.0,not_reached_due_to_pilot_failure,not_reached_due_to_pilot_failure,not_reached_due_to_pilot_failure,,False,False,890.5018272000016,rank_selection_numerically_unresolved: cap+1 pilot failed maintained acceptance diagnostics,constrained_optimality_failure,not_reached_due_to_pilot_failure,0.7983270592854562,1.5755409461742533,4.458391100503855,4.458391100503855,True
2026081101,dgp1_N50_T50_r00001_truth1-1-1,5234d58bddf64ea9bbaa348da120729fdc525badd5f1a3cdc1c1aa1084f3c0d2,3907894639-3621736129-1369434151-2970015578,1,50,50,1,"(1,1,1)",0.6546536707079772,1.8090720075161526,"dgp1_N50_T50_rank(1,1,1)",0.30000000000000004,0.30000000000000004,0.65,0.649999999999996,0.85,1.7774613391789282,6.153884531609286,6.153884531609286,rank_selection_numerically_unresolved,UNRESOLVED,False,3,0,0.0022557286432282,0.003241532802198,0.0267984300000864,0.4761743839136077,0.5125689057685556,3,3,923.6771532000057,3,1.7763568394002505e-15,0.12781110931766573,1.0,"(3,3,3)","(4,4,4)","[0.5125689057685556, 0.4919742292743455, 0.4761743839136077]","[0.02679843000008641, 0.0032415328021980203, 0.0022557286432282587]",0.0363945218549479,,False,True,0.0022557286432282587,True,0,0,0,False,False,failure,True,True,False,False,not_reached_due_to_pilot_failure,not_reached_due_to_pilot_failure,1.0,not_reached_due_to_pilot_failure,not_reached_due_to_pilot_failure,not_reached_due_to_pilot_failure,,False,False,934.3781468000016,rank_selection_numerically_unresolved: cap+1 pilot failed maintained acceptance diagnostics,constrained_optimality_failure,not_reached_due_to_pilot_failure,0.8075715507665575,1.3979941963339777,4.561406199469631,4.561406199469631,True
2026081101,dgp1_N50_T50_r00002_truth1-1-1,60524f1113dfb9bd0797f4424951cb3fa7700e1fbc537cb4aab7cbe883b7982d,1304123236-3769553280-2261463044-1636914318,1,50,50,2,"(1,1,1)",0.6546536707079772,1.8090720075161526,"dgp1_N50_T50_rank(1,1,1)",0.30000000000000004,0.30000000000000004,0.65,0.649999999999996,0.85,1.7774613391789282,6.153884531609286,6.153884531609286,rank_selection_numerically_unresolved,UNRESOLVED,False,3,0,0.0020851572060351,0.0036863536913529,0.0037677213705385,0.5357820261518287,0.5429680175801357,3,3,957.3559517999965,3,1.7763568394002505e-15,0.12781110931766573,1.0,"(3,3,3)","(4,4,4)","[0.5422047189731697, 0.5357820261518287, 0.5429680175801357]","[0.0037677213705385377, 0.002085157206035147, 0.0036863536913529123]",0.007185991428307004,,False,True,0.002085157206035147,True,0,0,0,False,False,failure,True,True,False,False,not_reached_due_to_pilot_failure,not_reached_due_to_pilot_failure,1.0,not_reached_due_to_pilot_failure,not_reached_due_to_pilot_failure,not_reached_due_to_pilot_failure,,False,False,967.8513424000048,rank_selection_numerically_unresolved: cap+1 pilot failed maintained acceptance diagnostics,constrained_optimality_failure,not_reached_due_to_pilot_failure,0.8185114780998429,1.5279215210137058,3.7485583771332522,3.7485583771332522,True
2026081101,dgp1_N50_T50_r00000_truth2-1-1,1462fc4f9c8ea33b5cf9b9126ee4122396880dbd733ad6379be085c4b307d24c,3945248744-728597582-2018825551-291512360,1,50,50,0,"(2,1,1)",0.6546536707079772,0.8212300739374924,"dgp1_N50_T50_rank(2,1,1)",0.30000000000000004,0.30000000000000004,0.65,0.649999999999872,0.85,1.7774613391789282,2.793562129036017,2.793562129036017,rank_selection_numerically_unresolved,UNRESOLVED,False,3,0,0.0006634584001253,0.0034025290344112,0.0040775052410624,0.1070490170331628,0.1102351717596542,3,3,735.3414831000118,3,1.7763568394002505e-15,0.12781110931766573,1.0,"(3,3,3)","(4,4,4)","[0.11023517175965426, 0.10969138269436755, 0.10704901703316284]","[0.0034025290344112894, 0.004077505241062441, 0.0006634584001253023]",0.003186154726491419,,False,True,0.0006634584001253023,True,0,0,0,False,False,failure,True,True,False,False,not_reached_due_to_pilot_failure,not_reached_due_to_pilot_failure,1.0,not_reached_due_to_pilot_failure,not_reached_due_to_pilot_failure,not_reached_due_to_pilot_failure,,False,False,753.0934039999993,rank_selection_numerically_unresolved: cap+1 pilot failed maintained acceptance diagnostics,constrained_optimality_failure,not_reached_due_to_pilot_failure,0.8166158901135696,1.5634299603499962,2.046357995375499,2.046357995375499,True
2026081101,dgp1_N50_T50_r00001_truth2-1-1,d8109b63072b32e86aa9531831f0025bdb913e47a4cdc4738af29bda57d29933,3504340144-2405869942-1356163523-1868647460,1,50,50,1,"(2,1,1)",0.6546536707079772,0.8212300739374924,"dgp1_N50_T50_rank(2,1,1)",0.30000000000000004,0.30000000000000004,0.65,0.649999999999872,0.85,1.7774613391789282,2.793562129036017,2.793562129036017,rank_selection_numerically_unresolved,UNRESOLVED,False,3,0,0.0001518317807039,0.0014944951854491,0.0024753593527916,0.0977283027079837,0.1020594674340721,3,3,654.070472499996,3,1.7763568394002505e-15,0.12781110931766573,1.0,"(3,3,3)","(4,4,4)","[0.09772830270798379, 0.10205946743407213, 0.10164501964308996]","[0.0014944951854491471, 0.0024753593527916218, 0.0001518317807039486]",0.004331164726088341,,False,True,0.0014944951854491471,True,0,0,0,False,False,failure,True,True,False,False,not_reached_due_to_pilot_failure,not_reached_due_to_pilot_failure,1.0,not_reached_due_to_pilot_failure,not_reached_due_to_pilot_failure,not_reached_due_to_pilot_failure,,False,False,669.3352734999935,rank_selection_numerically_unresolved: cap+1 pilot failed maintained acceptance diagnostics,constrained_optimality_failure,not_reached_due_to_pilot_failure,0.8072089661636911,1.5862884248131381,2.0640658648430703,2.0640658648430703,True
2026081101,dgp1_N50_T50_r00002_truth2-1-1,912e417f842cb279fde2d13c453e7a563162c412413397445e076aa238735a42,565929317-544035433-3799712913-3410107148,1,50,50,2,"(2,1,1)",0.6546536707079772,0.8212300739374924,"dgp1_N50_T50_rank(2,1,1)",0.30000000000000004,0.30000000000000004,0.65,0.649999999999872,0.85,1.7774613391789282,2.793562129036017,2.793562129036017,rank_selection_numerically_unresolved,UNRESOLVED,False,3,0,0.0001316927343695,0.0010948567077321,0.0041769194347309,0.1016392392392408,0.1051530917717878,3,2,492.43276350000815,2,3.552713678800501e-15,0.12781110931766573,1.0,"(3,3,3)","(4,4,4)","[0.10515309177178787, 0.10163923923924087, 0.10361969554821948]","[0.00013169273436958805, 0.004176919434730914, 0.001094856707732152]",0.0035138525325470044,,False,True,0.004176919434730914,True,0,0,0,False,False,failure,True,True,False,False,not_reached_due_to_pilot_failure,not_reached_due_to_pilot_failure,1.0,not_reached_due_to_pilot_failure,not_reached_due_to_pilot_failure,not_reached_due_to_pilot_failure,,False,False,500.08046450000256,rank_selection_numerically_unresolved: cap+1 pilot failed maintained acceptance diagnostics,constrained_optimality_failure,not_reached_due_to_pilot_failure,0.8065660328656636,1.474429118338843,1.7648733678427453,1.7648733678427453,True
2026081101,dgp1_N100_T100_r00000_truth1-0-2,9766e2d04bba4ea73295d9307840acdf518eb9ba84af88a66687a0a835c8322e,157314568-1306418989-2938765778-4239275464,1,100,100,0,"(1,0,2)",0.7301712917987002,1.0,"dgp1_N100_T100_rank(1,0,2)",0.30000000000000004,0.30000000000000004,,0.5393014964428011,0.85,0.0,3.794081326870647,3.794081326870647,rank_selection_numerically_unresolved,UNRESOLVED,False,3,0,1.326773289402938e-05,1.5833020578931536e-05,0.0001962093151547,0.2866166797977519,0.2881256321451856,3,1,335.9960151000123,1,3.552713678800501e-15,0.10857362047581294,1.0,"(3,3,3)","(4,4,4)","[0.2868712502707119, 0.2881256321451856, 0.28661667979775196]","[0.00019620931515476592, 1.5833020578931536e-05, 1.3267732894029379e-05]",0.0015089523474336453,,False,True,1.3267732894029379e-05,False,0,0,0,False,False,failure,True,True,False,False,not_reached_due_to_pilot_failure,not_reached_due_to_pilot_failure,1.0,not_reached_due_to_pilot_failure,not_reached_due_to_pilot_failure,not_reached_due_to_pilot_failure,,False,False,338.36692299999413,rank_selection_numerically_unresolved: cap+1 pilot failed maintained acceptance diagnostics,constrained_optimality_failure,not_reached_due_to_pilot_failure,0.85,0.0,2.422949710346781,2.422949710346781,True
2026081101,dgp1_N100_T100_r00001_truth1-0-2,7b69bf41702fcc0ca385c96cf5dba31a9b71a65e15c3e5031a2a556343b83cf0,629872493-477764560-949272092-304640692,1,100,100,1,"(1,0,2)",0.7301712917987002,1.0,"dgp1_N100_T100_rank(1,0,2)",0.30000000000000004,0.30000000000000004,,0.5393014964428011,0.85,0.0,3.794081326870647,3.794081326870647,rank_selection_numerically_unresolved,UNRESOLVED,False,3,1,9.685958326165551e-05,0.0003030679901504,0.000376372670285,0.2894992922000816,0.290576210297328,2,3,1341.4972216000024,3,1.7763568394002505e-15,0.10857362047581294,1.0,"(3,3,3)","(4,4,4)","[0.29044720399054225, 0.2894992922000816, 0.29057621029732805]","[0.00030306799015046657, 9.685958326165553e-05, 0.0003763726702850866]",0.001076918097246471,,False,True,9.685958326165553e-05,True,0,0,0,False,False,failure,True,True,False,False,not_reached_due_to_pilot_failure,not_reached_due_to_pilot_failure,1.0,not_reached_due_to_pilot_failure,not_reached_due_to_pilot_failure,not_reached_due_to_pilot_failure,,False,False,1361.7725578999962,rank_selection_numerically_unresolved: cap+1 pilot failed maintained acceptance diagnostics,constrained_optimality_failure,not_reached_due_to_pilot_failure,0.8158173963669938,0.0,2.5156854740196137,2.5156854740196137,True
2026081101,dgp1_N100_T100_r00002_truth1-0-2,7774159d2fedc01d9f59081b6e3660a2eb1b2d6624c0a6a7b122695d67b9eabe,1476529862-804431099-641775744-2237035995,1,100,100,2,"(1,0,2)",0.7301712917987002,1.0,"dgp1_N100_T100_rank(1,0,2)",0.30000000000000004,0.30000000000000004,,0.5393014964428011,0.85,0.0,3.794081326870647,3.794081326870647,rank_selection_numerically_unresolved,UNRESOLVED,False,3,0,2.291028257924529e-05,2.510077043623086e-05,0.0003905491453065,0.2971622226276178,0.2974726095891963,3,1,483.34283220001083,0,0.0,0.10857362047581294,1.0,"(3,3,3)","(4,4,4)","[0.2973927467655878, 0.2974726095891963, 0.2971622226276178]","[2.291028257924529e-05, 0.0003905491453065717, 2.510077043623086e-05]",0.00031038696157847934,,False,True,2.510077043623086e-05,False,0,0,0,False,False,failure,True,True,False,False,not_reached_due_to_pilot_failure,not_reached_due_to_pilot_failure,1.0,not_reached_due_to_pilot_failure,not_reached_due_to_pilot_failure,not_reached_due_to_pilot_failure,,False,False,491.68952629998967,rank_selection_numerically_unresolved: cap+1 pilot failed maintained acceptance diagnostics,constrained_optimality_failure,not_reached_due_to_pilot_failure,0.8275905829770417,0.0,2.6680589898854175,2.6680589898854175,True
2026081101,dgp1_N100_T100_r00000_truth1-1-1,eb07f996364de1bfaa59a3df551ab1ae0e5f65c9dfd730a69fc9a024a46be45b,450743888-407966510-461190552-4244042197,1,100,100,0,"(1,1,1)",0.6546536707079772,1.7526169793083484,"dgp1_N100_T100_rank(1,1,1)",0.30000000000000004,0.30000000000000004,0.65,0.6499999999997361,0.85,1.7774613391789282,5.961842576741732,5.961842576741732,rank_selection_numerically_unresolved,UNRESOLVED,False,3,0,7.593520522602889e-05,0.0001153997365955,0.0007898910011566,0.8868499829995964,0.8894867458179211,3,2,1301.8099114999932,2,1.7763568394002505e-15,0.10857362047581294,1.0,"(3,3,3)","(4,4,4)","[0.8868499829995964, 0.8894867458179211, 0.888216557945322]","[0.00011539973659550785, 0.0007898910011566672, 7.593520522602889e-05]",0.0026367628183247005,,False,True,0.00011539973659550785,True,0,0,0,False,False,failure,True,True,False,False,not_reached_due_to_pilot_failure,not_reached_due_to_pilot_failure,1.0,not_reached_due_to_pilot_failure,not_reached_due_to_pilot_failure,not_reached_due_to_pilot_failure,,False,False,1314.0418174000006,rank_selection_numerically_unresolved: cap+1 pilot failed maintained acceptance diagnostics,constrained_optimality_failure,not_reached_due_to_pilot_failure,0.8277514901885703,1.454930204807709,4.112174336558363,4.112174336558363,True
2026081101,dgp1_N100_T100_r00001_truth1-1-1,33500f07704812bda31d0bc87952c5fb9ae0bac6780717e5aea373cebdb9fa68,746729124-195332629-1844211468-2148928791,1,100,100,1,"(1,1,1)",0.6546536707079772,1.7526169793083484,"dgp1_N100_T100_rank(1,1,1)",0.30000000000000004,0.30000000000000004,0.65,0.6499999999997361,0.85,1.7774613391789282,5.961842576741732,5.961842576741732,rank_selection_numerically_unresolved,UNRESOLVED,False,3,1,5.904235397239586e-05,0.0003552378803352,0.0023858679089266,0.9213406310359328,0.9265969366201128,2,3,2047.0355980000022,3,1.7763568394002505e-15,0.10857362047581294,1.0,"(3,3,3)","(4,4,4)","[0.926321574935922, 0.9213406310359329, 0.9265969366201127]","[0.002385867908926602, 5.904235397239586e-05, 0.00035523788033520203]",0.005256305584179777,,False,True,5.904235397239586e-05,True,0,0,0,False,False,failure,True,True,False,False,not_reached_due_to_pilot_failure,not_reached_due_to_pilot_failure,1.0,not_reached_due_to_pilot_failure,not_reached_due_to_pilot_failure,not_reached_due_to_pilot_failure,,False,False,2069.8190413999982,rank_selection_numerically_unresolved: cap+1 pilot failed maintained acceptance diagnostics,constrained_optimality_failure,not_reached_due_to_pilot_failure,0.8290097549127278,1.5443412311617943,4.764052186904804,4.764052186904804,True
2026081101,dgp1_N100_T100_r00002_truth1-1-1,26d31eebc7b268b8c547538a47adf9d5dcaff199955d152464698e8cddef4e1e,3491449926-1907762397-984029244-3775323118,1,100,100,2,"(1,1,1)",0.6546536707079772,1.7526169793083484,"dgp1_N100_T100_rank(1,1,1)",0.30000000000000004,0.30000000000000004,0.65,0.6499999999997361,0.85,1.7774613391789282,5.961842576741732,5.961842576741732,rank_selection_numerically_unresolved,UNRESOLVED,False,3,1,4.553502940709174e-05,0.0001816760565875,0.0009207196989491,0.9562960030065896,0.9633792355733628,2,3,1827.764116499995,3,1.7763568394002505e-15,0.10857362047581294,1.0,"(3,3,3)","(4,4,4)","[0.9597891598272581, 0.9633792355733629, 0.9562960030065897]","[0.0001816760565875871, 0.0009207196989491, 4.553502940709174e-05]",0.007083232566773234,,False,True,4.553502940709174e-05,True,0,0,0,False,False,failure,True,True,False,False,not_reached_due_to_pilot_failure,not_reached_due_to_pilot_failure,1.0,not_reached_due_to_pilot_failure,not_reached_due_to_pilot_failure,not_reached_due_to_pilot_failure,,False,False,1850.9599105000016,rank_selection_numerically_unresolved: cap+1 pilot failed maintained acceptance diagnostics,constrained_optimality_failure,not_reached_due_to_pilot_failure,0.8069277550735732,1.5050340644155604,3.8923697063614457,3.8923697063614457,True
2026081101,dgp1_N100_T100_r00000_truth2-1-1,427ee2ae0fb648f231972a4140cf35b9e296c43b91f73d72dff6c1152cbbac14,2324456517-3764840354-3628322721-4232901335,1,100,100,0,"(2,1,1)",0.6546536707079772,0.8085955961638839,"dgp1_N100_T100_rank(2,1,1)",0.30000000000000004,0.30000000000000004,0.65,0.6499999999999929,0.85,1.7774613391789282,2.7505836754349784,2.7505836754349784,rank_selection_numerically_unresolved,UNRESOLVED,False,3,0,1.3252675714886423e-05,1.858500406649796e-05,3.560077194970441e-05,0.2128049142694368,0.2151765932673523,3,0,33.20907469998929,0,0.0,0.10857362047581294,1.0,"(3,3,3)","(4,4,4)","[0.21280491426943682, 0.2137990201460093, 0.21517659326735233]","[1.3252675714886425e-05, 1.858500406649796e-05, 3.560077194970441e-05]",0.002371678997915516,,False,True,1.3252675714886425e-05,False,0,0,0,False,False,failure,True,True,False,False,not_reached_due_to_pilot_failure,not_reached_due_to_pilot_failure,1.0,not_reached_due_to_pilot_failure,not_reached_due_to_pilot_failure,not_reached_due_to_pilot_failure,,False,False,33.279192699992564,rank_selection_numerically_unresolved: cap+1 pilot failed maintained acceptance diagnostics,not_needed_interior_fast_path,not_reached_due_to_pilot_failure,0.85,1.5492598758432803,2.0814471093621587,2.0814471093621587,True
2026081101,dgp1_N100_T100_r00001_truth2-1-1,4618242182f3e54e8940fd5f2068d5e070333bf1ef1df03db76c59486514f1d4,2486375701-3066480196-1897906388-1693421276,1,100,100,1,"(2,1,1)",0.6546536707079772,0.8085955961638839,"dgp1_N100_T100_rank(2,1,1)",0.30000000000000004,0.30000000000000004,0.65,0.6499999999999929,0.85,1.7774613391789282,2.7505836754349784,2.7505836754349784,rank_selection_numerically_unresolved,UNRESOLVED,False,3,0,3.0203588982343788e-06,4.800377438283438e-06,6.27743682775834e-06,0.2001899402574363,0.2020756013577427,3,0,29.829785500012804,0,0.0,0.10857362047581294,1.0,"(3,3,3)","(4,4,4)","[0.20018994025743633, 0.2020756013577427, 0.20083298772872607]","[4.800377438283438e-06, 6.27743682775834e-06, 3.0203588982343788e-06]",0.0018856611003063573,,False,True,4.800377438283438e-06,False,0,0,0,False,False,failure,True,True,False,False,not_reached_due_to_pilot_failure,not_reached_due_to_pilot_failure,1.0,not_reached_due_to_pilot_failure,not_reached_due_to_pilot_failure,not_reached_due_to_pilot_failure,,False,False,29.899656399997184,rank_selection_numerically_unresolved: cap+1 pilot failed maintained acceptance diagnostics,not_needed_interior_fast_path,not_reached_due_to_pilot_failure,0.85,1.5046135616998813,1.7829559893479479,1.7829559893479479,True
2026081101,dgp1_N100_T100_r00002_truth2-1-1,324b9ebd1813b3dcc1303de730da441f7a946180874e9b32e807b8ddb18a3ab2,946955776-2957007683-1277363701-1134765589,1,100,100,2,"(2,1,1)",0.6546536707079772,0.8085955961638839,"dgp1_N100_T100_rank(2,1,1)",0.30000000000000004,0.30000000000000004,0.65,0.6499999999999929,0.85,1.7774613391789282,2.7505836754349784,2.7505836754349784,rank_selection_numerically_unresolved,UNRESOLVED,False,3,0,6.646330042280188e-06,1.358130953410344e-05,0.0002243199222925,0.199371933049726,0.2002464285437459,3,1,376.8395061999909,1,1.7763568394002505e-15,0.10857362047581294,1.0,"(3,3,3)","(4,4,4)","[0.19937193304972606, 0.2002464285437459, 0.19964605930543752]","[6.646330042280188e-06, 1.3581309534103441e-05, 0.00022431992229252448]",0.0008744954940198557,,False,True,6.646330042280188e-06,False,0,0,0,False,False,failure,True,True,False,False,not_reached_due_to_pilot_failure,not_reached_due_to_pilot_failure,1.0,not_reached_due_to_pilot_failure,not_reached_due_to_pilot_failure,not_reached_due_to_pilot_failure,,False,False,386.4711264000071,rank_selection_numerically_unresolved: cap+1 pilot failed maintained acceptance diagnostics,constrained_optimality_failure,not_reached_due_to_pilot_failure,0.8128653990411625,1.448689583212225,1.8593533056310307,1.8593533056310307,True
2026081101,dgp1_N100_T200_r00000_truth1-0-2,2c63f202bfcd46db371e5a58c978e17499aac96eafe76e38a51d428d6616513d,2864774401-2450113334-3679542943-3389425819,1,100,200,0,"(1,0,2)",0.7301712917987002,1.0,"dgp1_N100_T200_rank(1,0,2)",0.30000000000000004,0.30000000000000004,,0.5401716957631616,0.85,0.0,3.794081326870647,3.794081326870647,rank_selection_numerically_unresolved,UNRESOLVED,False,3,0,9.132717700121487e-06,1.4779165539919638e-05,0.0004095137758701,0.3320062147470428,0.3329509142953724,3,1,642.6147659999988,1,0.0,0.10097452990122815,1.0,"(3,3,3)","(4,4,4)","[0.33243802786099524, 0.33295091429537244, 0.3320062147470428]","[1.4779165539919638e-05, 9.132717700121487e-06, 0.00040951377587017287]",0.0009446995483296527,,False,True,0.00040951377587017287,True,0,0,0,False,False,failure,True,True,False,False,not_reached_due_to_pilot_failure,not_reached_due_to_pilot_failure,1.0,not_reached_due_to_pilot_failure,not_reached_due_to_pilot_failure,not_reached_due_to_pilot_failure,,False,False,658.2057288999931,rank_selection_numerically_unresolved: cap+1 pilot failed maintained acceptance diagnostics,constrained_optimality_failure,not_reached_due_to_pilot_failure,0.85,0.0,3.118406990619679,3.118406990619679,True
2026081101,dgp1_N100_T200_r00001_truth1-0-2,49412d70342f7621fac939d7703a21529cf5e6332d2679190e4af842b603cb54,3504887274-2595079835-3668615863-3124451221,1,100,200,1,"(1,0,2)",0.7301712917987002,1.0,"dgp1_N100_T200_rank(1,0,2)",0.30000000000000004,0.30000000000000004,,0.5401716957631616,0.85,0.0,3.794081326870647,3.794081326870647,rank_selection_numerically_unresolved,UNRESOLVED,False,3,0,7.214834714078521e-06,7.739583182101924e-06,9.657770156278587e-06,0.36137268966863,0.3633627851799083,3,0,47.58743670000695,0,0.0,0.10097452990122815,1.0,"(3,3,3)","(4,4,4)","[0.36336278517990833, 0.36137268966863, 0.3619521679885533]","[7.214834714078521e-06, 9.657770156278589e-06, 7.739583182101924e-06]",0.0019900955112783225,,False,True,9.657770156278589e-06,False,0,0,0,False,False,failure,True,True,False,False,not_reached_due_to_pilot_failure,not_reached_due_to_pilot_failure,1.0,not_reached_due_to_pilot_failure,not_reached_due_to_pilot_failure,not_reached_due_to_pilot_failure,,False,False,47.703263200004585,rank_selection_numerically_unresolved: cap+1 pilot failed maintained acceptance diagnostics,not_needed_interior_fast_path,not_reached_due_to_pilot_failure,0.8235565302627534,0.0,2.914301585469334,2.914301585469334,True
2026081101,dgp1_N100_T200_r00002_truth1-0-2,0c365305d4e6f190d3a2fb39b7c267a3b9d00b8cb1be29cee4c3ace93894af91,258736538-2973700069-3816995771-1564915325,1,100,200,2,"(1,0,2)",0.7301712917987002,1.0,"dgp1_N100_T200_rank(1,0,2)",0.30000000000000004,0.30000000000000004,,0.5401716957631616,0.85,0.0,3.794081326870647,3.794081326870647,rank_selection_numerically_unresolved,UNRESOLVED,False,3,0,4.663399532115798e-06,6.311392733834145e-06,1.0104302127603296e-05,0.3604007436135309,0.3617549524143508,3,0,46.6161415999959,0,0.0,0.10097452990122815,1.0,"(3,3,3)","(4,4,4)","[0.3604007436135309, 0.3605335396324305, 0.36175495241435085]","[6.311392733834145e-06, 4.663399532115798e-06, 1.0104302127603297e-05]",0.0013542088008199338,,False,True,6.311392733834145e-06,False,0,0,0,False,False,failure,True,True,False,False,not_reached_due_to_pilot_failure,not_reached_due_to_pilot_failure,1.0,not_reached_due_to_pilot_failure,not_reached_due_to_pilot_failure,not_reached_due_to_pilot_failure,,False,False,46.731957399999374,rank_selection_numerically_unresolved: cap+1 pilot failed maintained acceptance diagnostics,not_needed_interior_fast_path,not_reached_due_to_pilot_failure,0.8363914274286968,0.0,2.4720479477521216,2.4720479477521216,True
2026081101,dgp1_N100_T200_r00000_truth1-1-1,b86ded7ea99bfd8662fdd52592499006c2e92bb985b26182fd7bd830a2a1e702,262917197-1395033561-2424138606-3851585346,1,100,200,0,"(1,1,1)",0.6546536707079772,1.7685460791664391,"dgp1_N100_T200_rank(1,1,1)",0.30000000000000004,0.30000000000000004,0.65,0.6499999999999774,0.85,1.7774613391789282,6.016028281242104,6.016028281242104,rank_selection_numerically_unresolved,UNRESOLVED,False,3,1,8.072226096512587e-05,0.0001731096669277,0.000424140537941,1.0972906549614765,1.1035032617251357,3,3,3430.9637703000044,3,1.7763568394002505e-15,0.10097452990122815,1.0,"(3,3,3)","(4,4,4)","[1.1035032617251355, 1.0972906549614765, 1.1000023951501716]","[0.00017310966692772077, 8.072226096512587e-05, 0.0004241405379410008]",0.006212606763658979,,False,True,8.072226096512587e-05,True,0,0,0,False,False,failure,True,True,False,False,not_reached_due_to_pilot_failure,not_reached_due_to_pilot_failure,1.0,not_reached_due_to_pilot_failure,not_reached_due_to_pilot_failure,not_reached_due_to_pilot_failure,,False,False,3471.824657799996,rank_selection_numerically_unresolved: cap+1 pilot failed maintained acceptance diagnostics,constrained_optimality_failure,not_reached_due_to_pilot_failure,0.8319053836872788,1.5853482913847088,4.764409400151674,4.764409400151674,True
2026081101,dgp1_N100_T200_r00001_truth1-1-1,80e1fc64c442686377e622f96c04acf5e382969c56217fb1602da817ea4d1a21,4186555303-2054876582-1707186546-3241336411,1,100,200,1,"(1,1,1)",0.6546536707079772,1.7685460791664391,"dgp1_N100_T200_rank(1,1,1)",0.30000000000000004,0.30000000000000004,0.65,0.6499999999999774,0.85,1.7774613391789282,6.016028281242104,6.016028281242104,rank_selection_numerically_unresolved,UNRESOLVED,False,3,0,8.375463331706972e-06,1.8725530299672807e-05,0.0003466691556969,1.079600431844691,1.0856963527700905,3,1,1230.0770614000069,1,0.0,0.10097452990122815,1.0,"(3,3,3)","(4,4,4)","[1.084336147372985, 1.0856963527700905, 1.079600431844691]","[8.375463331706972e-06, 1.8725530299672807e-05, 0.0003466691556969843]",0.006095920925399456,,False,True,0.0003466691556969843,True,0,0,0,False,False,failure,True,True,False,False,not_reached_due_to_pilot_failure,not_reached_due_to_pilot_failure,1.0,not_reached_due_to_pilot_failure,not_reached_due_to_pilot_failure,not_reached_due_to_pilot_failure,,False,False,1245.4686828999984,rank_selection_numerically_unresolved: cap+1 pilot failed maintained acceptance diagnostics,constrained_optimality_failure,not_reached_due_to_pilot_failure,0.8018273704869128,1.4790320500227305,4.453466721019831,4.453466721019831,True
2026081101,dgp1_N100_T200_r00002_truth1-1-1,539271aeee9232db80d08b3e9f6290b2bd597b7ddc8d74c5e3f4616e309b224e,2718565127-3669576146-2925956193-1159899965,1,100,200,2,"(1,1,1)",0.6546536707079772,1.7685460791664391,"dgp1_N100_T200_rank(1,1,1)",0.30000000000000004,0.30000000000000004,0.65,0.6499999999999774,0.85,1.7774613391789282,6.016028281242104,6.016028281242104,rank_selection_numerically_unresolved,UNRESOLVED,False,3,1,1.831153478126816e-06,7.0399005738959554e-06,9.316864272014036e-05,1.0654093826835729,1.0719059541827471,3,1,1203.3612120999967,1,1.7763568394002505e-15,0.10097452990122815,1.0,"(3,3,3)","(4,4,4)","[1.0694479470534761, 1.0719059541827471, 1.0654093826835727]","[9.316864272014037e-05, 7.0399005738959554e-06, 1.831153478126816e-06]",0.006496571499174486,,False,True,9.316864272014037e-05,True,0,0,0,False,False,failure,True,True,False,False,not_reached_due_to_pilot_failure,not_reached_due_to_pilot_failure,1.0,not_reached_due_to_pilot_failure,not_reached_due_to_pilot_failure,not_reached_due_to_pilot_failure,,False,False,1208.9078219000005,rank_selection_numerically_unresolved: cap+1 pilot failed maintained acceptance diagnostics,success,not_reached_due_to_pilot_failure,0.846029356535759,1.5408665489399136,4.666040727455523,4.666040727455523,True
2026081101,dgp1_N100_T200_r00000_truth2-1-1,9f674841a2734c9228b38af025420855b534a4175742e1fcd0de2318bc4bda69,1622279041-2350401006-3298003279-2861832865,1,100,200,0,"(2,1,1)",0.6546536707079772,0.8184217378518293,"dgp1_N100_T200_rank(2,1,1)",0.30000000000000004,0.30000000000000004,0.65,0.6499999999999103,0.85,1.7774613391789282,2.784009067618163,2.784009067618163,rank_selection_numerically_unresolved,UNRESOLVED,False,3,1,4.9610848154356285e-06,1.3057743463146678e-05,9.82406468998968e-05,0.2373456121859621,0.2382564032213977,2,1,464.3920394000161,1,0.0,0.10097452990122815,1.0,"(3,3,3)","(4,4,4)","[0.23772506741124672, 0.2382564032213977, 0.23734561218596217]","[9.82406468998968e-05, 4.9610848154356285e-06, 1.3057743463146678e-05]",0.0009107910354355375,,False,True,9.82406468998968e-05,True,0,0,0,False,False,failure,True,True,False,False,not_reached_due_to_pilot_failure,not_reached_due_to_pilot_failure,1.0,not_reached_due_to_pilot_failure,not_reached_due_to_pilot_failure,not_reached_due_to_pilot_failure,,False,False,479.2473645999999,rank_selection_numerically_unresolved: cap+1 pilot failed maintained acceptance diagnostics,success,not_reached_due_to_pilot_failure,0.8493861882756362,1.5578408915392525,1.9911257125781412,1.9911257125781412,True
2026081101,dgp1_N100_T200_r00001_truth2-1-1,6cfece194b0df26b794f5cccfc6351cc37cb9994d0b03ecf30fb364454d1b3a7,2239394878-1157234335-1888447211-2379009286,1,100,200,1,"(2,1,1)",0.6546536707079772,0.8184217378518293,"dgp1_N100_T200_rank(2,1,1)",0.30000000000000004,0.30000000000000004,0.65,0.6499999999999103,0.85,1.7774613391789282,2.784009067618163,2.784009067618163,rank_selection_numerically_unresolved,UNRESOLVED,False,3,0,5.340952684076988e-06,8.839263966647056e-06,1.5925557622306258e-05,0.2283956145697268,0.2292669452796137,3,0,48.55709260000731,0,0.0,0.10097452990122815,1.0,"(3,3,3)","(4,4,4)","[0.22900730480272286, 0.22926694527961372, 0.22839561456972687]","[1.5925557622306258e-05, 5.340952684076988e-06, 8.839263966647056e-06]",0.0008713307098868472,,False,True,8.839263966647056e-06,False,0,0,0,False,False,failure,True,True,False,False,not_reached_due_to_pilot_failure,not_reached_due_to_pilot_failure,1.0,not_reached_due_to_pilot_failure,not_reached_due_to_pilot_failure,not_reached_due_to_pilot_failure,,False,False,48.68047110000043,rank_selection_numerically_unresolved: cap+1 pilot failed maintained acceptance diagnostics,not_needed_interior_fast_path,not_reached_due_to_pilot_failure,0.85,1.4636121213865108,2.2160265139372286,2.2160265139372286,True
2026081101,dgp1_N100_T200_r00002_truth2-1-1,e49e07ff5e2e0f91c7d98933f92930dcc11784560107cafc2f66a28a8eafa4ae,3293157866-1592092327-3853121251-685867412,1,100,200,2,"(2,1,1)",0.6546536707079772,0.8184217378518293,"dgp1_N100_T200_rank(2,1,1)",0.30000000000000004,0.30000000000000004,0.65,0.6499999999999103,0.85,1.7774613391789282,2.784009067618163,2.784009067618163,rank_selection_numerically_unresolved,UNRESOLVED,False,3,0,3.943732962951146e-06,5.588221183358076e-06,7.336340246912922e-06,0.247492198630027,0.2482626290525051,3,0,48.74896310000622,0,0.0,0.10097452990122815,1.0,"(3,3,3)","(4,4,4)","[0.24749219863002708, 0.24767825863402312, 0.24826262905250518]","[7.336340246912922e-06, 5.588221183358076e-06, 3.943732962951146e-06]",0.0007704304224780967,,False,True,7.336340246912922e-06,False,0,0,0,False,False,failure,True,True,False,False,not_reached_due_to_pilot_failure,not_reached_due_to_pilot_failure,1.0,not_reached_due_to_pilot_failure,not_reached_due_to_pilot_failure,not_reached_due_to_pilot_failure,,False,False,48.86926500000118,rank_selection_numerically_unresolved: cap+1 pilot failed maintained acceptance diagnostics,not_needed_interior_fast_path,not_reached_due_to_pilot_failure,0.85,1.4777884560440546,2.052559927529031,2.052559927529031,True
2026081101,dgp1_N200_T100_r00000_truth1-0-2,4c41c6d73413eab9abdff7d176ee22212d8e9839a2ec7834d17710ea14929374,4101924698-2145943582-2794402045-2486443855,1,200,100,0,"(1,0,2)",0.7301712917987002,1.0,"dgp1_N200_T100_rank(1,0,2)",0.30000000000000004,0.30000000000000004,,0.5333332097445161,0.85,0.0,3.794081326870647,3.794081326870647,rank_selection_numerically_unresolved,UNRESOLVED,False,3,1,1.0179558040437714e-05,1.2116137021099388e-05,9.96156000657347e-05,0.3520678876759052,0.3523787116124524,2,1,147.09961270001077,1,0.0,0.10097452990122815,1.0,"(3,3,3)","(4,4,4)","[0.3523787116124524, 0.35206788767590524, 0.3522570247886246]","[1.0179558040437714e-05, 9.96156000657347e-05, 1.2116137021099388e-05]",0.00031082393654713325,,False,True,9.96156000657347e-05,True,0,0,0,False,False,failure,True,True,False,False,not_reached_due_to_pilot_failure,not_reached_due_to_pilot_failure,1.0,not_reached_due_to_pilot_failure,not_reached_due_to_pilot_failure,not_reached_due_to_pilot_failure,,False,False,162.6038253000006,rank_selection_numerically_unresolved: cap+1 pilot failed maintained acceptance diagnostics,success,not_reached_due_to_pilot_failure,0.85,0.0,2.7507588019989666,2.7507588019989666,True
2026081101,dgp1_N200_T100_r00001_truth1-0-2,ea2519709ea7cc78254b1116ce012d67870d1ccd39c6dd376a129133e1a1a6c5,2542482861-1965407545-1669925843-1137351017,1,200,100,1,"(1,0,2)",0.7301712917987002,1.0,"dgp1_N200_T100_rank(1,0,2)",0.30000000000000004,0.30000000000000004,,0.5333332097445161,0.85,0.0,3.794081326870647,3.794081326870647,rank_selection_numerically_unresolved,UNRESOLVED,False,3,0,5.765952761573239e-06,1.0515506336092203e-05,2.4395208138053392e-05,0.3440485997844326,0.3450940355712318,3,0,47.101919499997166,0,0.0,0.10097452990122815,1.0,"(3,3,3)","(4,4,4)","[0.3440485997844326, 0.3450940355712318, 0.3449281900634332]","[1.0515506336092205e-05, 2.4395208138053392e-05, 5.765952761573239e-06]",0.0010454357867992203,,False,True,1.0515506336092205e-05,False,0,0,0,False,False,failure,True,True,False,False,not_reached_due_to_pilot_failure,not_reached_due_to_pilot_failure,1.0,not_reached_due_to_pilot_failure,not_reached_due_to_pilot_failure,not_reached_due_to_pilot_failure,,False,False,47.203835400010576,rank_selection_numerically_unresolved: cap+1 pilot failed maintained acceptance diagnostics,not_needed_interior_fast_path,not_reached_due_to_pilot_failure,0.85,0.0,2.8235108485838296,2.8235108485838296,True
2026081101,dgp1_N200_T100_r00002_truth1-0-2,8eea512602fe7eb7a0488edea8005eb77cf9ce3ae6b547c4d3e819b9458e508d,594580475-3355483362-4198779320-642053474,1,200,100,2,"(1,0,2)",0.7301712917987002,1.0,"dgp1_N200_T100_rank(1,0,2)",0.30000000000000004,0.30000000000000004,,0.5333332097445161,0.85,0.0,3.794081326870647,3.794081326870647,rank_selection_numerically_unresolved,UNRESOLVED,False,3,0,2.8974778680539352e-06,1.5080248510991897e-05,0.0014134470303583,0.3570082952294137,0.3581192139907577,3,1,867.5404692999873,0,0.0,0.10097452990122815,1.0,"(3,3,3)","(4,4,4)","[0.3581192139907577, 0.3573219307573462, 0.35700829522941374]","[1.5080248510991897e-05, 0.0014134470303583553, 2.8974778680539352e-06]",0.0011109187613439486,,False,True,2.8974778680539352e-06,False,0,0,0,False,False,failure,True,True,False,False,not_reached_due_to_pilot_failure,not_reached_due_to_pilot_failure,1.0,not_reached_due_to_pilot_failure,not_reached_due_to_pilot_failure,not_reached_due_to_pilot_failure,,False,False,883.2765835000027,rank_selection_numerically_unresolved: cap+1 pilot failed maintained acceptance diagnostics,constrained_optimality_failure,not_reached_due_to_pilot_failure,0.85,0.0,2.665143881455803,2.665143881455803,True
2026081101,dgp1_N200_T100_r00000_truth1-1-1,7c51149b5ba9ebbd5f734f03f0516a1f689aceef853ed41db0d3a00595d6a6eb,174828567-2760512171-702081722-2636973942,1,200,100,0,"(1,1,1)",0.6546536707079772,2.0165073757546943,"dgp1_N200_T100_rank(1,1,1)",0.30000000000000004,0.30000000000000004,0.65,0.65,0.85,1.7774613391789282,6.859513328367085,6.859513328367085,rank_selection_numerically_unresolved,UNRESOLVED,False,3,0,2.0390807732916685e-05,2.4530423318787803e-05,0.0011806669469683,1.4764252318761233,1.4794081877725778,3,1,1378.1708168999976,1,0.0,0.10097452990122815,1.0,"(3,3,3)","(4,4,4)","[1.4794081877725778, 1.4781705264696157, 1.4764252318761233]","[2.4530423318787803e-05, 2.0390807732916685e-05, 0.0011806669469683676]",0.0029829558964544756,,False,True,0.0011806669469683676,True,0,0,0,False,False,failure,True,True,False,False,not_reached_due_to_pilot_failure,not_reached_due_to_pilot_failure,1.0,not_reached_due_to_pilot_failure,not_reached_due_to_pilot_failure,not_reached_due_to_pilot_failure,,False,False,1395.122744799999,rank_selection_numerically_unresolved: cap+1 pilot failed maintained acceptance diagnostics,constrained_optimality_failure,not_reached_due_to_pilot_failure,0.788198555928168,1.513465674495101,5.680347021877657,5.680347021877657,True
2026081101,dgp1_N200_T100_r00001_truth1-1-1,4a7bfecdc9fbb5c99e925b3563e9cffe1f59290c904eb0b0cf48524a753c9dd8,415079697-959747619-1300218179-528821086,1,200,100,1,"(1,1,1)",0.6546536707079772,2.0165073757546943,"dgp1_N200_T100_rank(1,1,1)",0.30000000000000004,0.30000000000000004,0.65,0.65,0.85,1.7774613391789282,6.859513328367085,6.859513328367085,rank_selection_numerically_unresolved,UNRESOLVED,False,3,1,4.753932833485828e-05,0.0005613392869015,0.0010143206201181,1.413371857884514,1.4251071024138982,2,3,3022.089755400004,2,1.7763568394002505e-15,0.10097452990122815,1.0,"(3,3,3)","(4,4,4)","[1.4175241670656904, 1.4251071024138982, 1.413371857884514]","[4.753932833485828e-05, 0.0005613392869015037, 0.001014320620118177]",0.011735244529384126,,False,True,4.753932833485828e-05,True,0,0,0,False,False,failure,True,True,False,False,not_reached_due_to_pilot_failure,not_reached_due_to_pilot_failure,1.0,not_reached_due_to_pilot_failure,not_reached_due_to_pilot_failure,not_reached_due_to_pilot_failure,,False,False,3072.954782100001,rank_selection_numerically_unresolved: cap+1 pilot failed maintained acceptance diagnostics,success,not_reached_due_to_pilot_failure,0.8469409162979356,1.5265369563309596,5.335958681341823,5.335958681341823,True
2026081101,dgp1_N200_T100_r00002_truth1-1-1,3b67976e2e3bb5b54f6d1a527edd2ecc21fe90874e8e4672d1e4e425df6e68e0,2977001943-2129736064-4006429886-3406732888,1,200,100,2,"(1,1,1)",0.6546536707079772,2.0165073757546943,"dgp1_N200_T100_rank(1,1,1)",0.30000000000000004,0.30000000000000004,0.65,0.65,0.85,1.7774613391789282,6.859513328367085,6.859513328367085,rank_selection_numerically_unresolved,UNRESOLVED,False,3,1,1.1044664079019376e-05,8.000062082220082e-05,0.0007145601515402,1.4223146585749469,1.4292486764840924,2,2,2078.6800236999916,1,1.7763568394002505e-15,0.10097452990122815,1.0,"(3,3,3)","(4,4,4)","[1.4250036481423705, 1.4292486764840924, 1.4223146585749469]","[8.000062082220082e-05, 1.1044664079019376e-05, 0.0007145601515402594]",0.006934017909145496,,False,True,8.000062082220082e-05,True,0,0,0,False,False,failure,True,True,False,False,not_reached_due_to_pilot_failure,not_reached_due_to_pilot_failure,1.0,not_reached_due_to_pilot_failure,not_reached_due_to_pilot_failure,not_reached_due_to_pilot_failure,,False,False,2112.7982956999986,rank_selection_numerically_unresolved: cap+1 pilot failed maintained acceptance diagnostics,success,not_reached_due_to_pilot_failure,0.85,1.5459287907671393,5.930923029896289,5.930923029896289,True
2026081101,dgp1_N200_T100_r00000_truth2-1-1,a17207675ce7fcba1c584c75ed4e01ac5a09be4775c8aecce0bcd7ee4aeca6cf,3736189993-1601399094-3117604046-2557164146,1,200,100,0,"(2,1,1)",0.6546536707079772,0.8312433118641462,"dgp1_N200_T100_rank(2,1,1)",0.30000000000000004,0.30000000000000004,0.65,0.649999999999421,0.85,1.7774613391789282,2.827623962800591,2.827623962800591,rank_selection_numerically_unresolved,UNRESOLVED,False,3,0,2.360960785205033e-06,6.215168370238198e-06,1.1760514598725886e-05,0.2351610174018379,0.2355930351758158,3,0,48.276081000018166,0,0.0,0.10097452990122815,1.0,"(3,3,3)","(4,4,4)","[0.23516101740183795, 0.23539624741557136, 0.23559303517581584]","[2.360960785205033e-06, 6.215168370238198e-06, 1.1760514598725886e-05]",0.00043201777397788854,,False,True,2.360960785205033e-06,False,0,0,0,False,False,failure,True,True,False,False,not_reached_due_to_pilot_failure,not_reached_due_to_pilot_failure,1.0,not_reached_due_to_pilot_failure,not_reached_due_to_pilot_failure,not_reached_due_to_pilot_failure,,False,False,48.38168869999936,rank_selection_numerically_unresolved: cap+1 pilot failed maintained acceptance diagnostics,not_needed_interior_fast_path,not_reached_due_to_pilot_failure,0.8371086329237273,1.514323314255636,2.0061916262602986,2.0061916262602986,True
2026081101,dgp1_N200_T100_r00001_truth2-1-1,bcc04f16b887d5729f500266f9ad780aa857ddb73e1ef79ab4b6ceda1f916b22,2046774045-3907148680-824646326-1471470740,1,200,100,1,"(2,1,1)",0.6546536707079772,0.8312433118641462,"dgp1_N200_T100_rank(2,1,1)",0.30000000000000004,0.30000000000000004,0.65,0.649999999999421,0.85,1.7774613391789282,2.827623962800591,2.827623962800591,rank_selection_numerically_unresolved,UNRESOLVED,False,3,0,5.0305852522220506e-06,1.0639629054214825e-05,1.4776535367122816e-05,0.2460387080790585,0.2465467047665341,3,0,45.03267169998435,0,0.0,0.10097452990122815,1.0,"(3,3,3)","(4,4,4)","[0.2460387080790585, 0.24641275885243114, 0.2465467047665341]","[1.0639629054214823e-05, 5.0305852522220506e-06, 1.4776535367122816e-05]",0.000507996687475587,,False,True,1.0639629054214823e-05,False,0,0,0,False,False,failure,True,True,False,False,not_reached_due_to_pilot_failure,not_reached_due_to_pilot_failure,1.0,not_reached_due_to_pilot_failure,not_reached_due_to_pilot_failure,not_reached_due_to_pilot_failure,,False,False,45.141811300010886,rank_selection_numerically_unresolved: cap+1 pilot failed maintained acceptance diagnostics,not_needed_interior_fast_path,not_reached_due_to_pilot_failure,0.85,1.4972352134905147,2.2997831502090142,2.2997831502090142,True
2026081101,dgp1_N200_T100_r00002_truth2-1-1,c9eefdd30f3b9e6d4b6703bab506e5da40d5453d9e5f39d65859c9746a38402f,2234960481-3667193387-292781004-1358621906,1,200,100,2,"(2,1,1)",0.6546536707079772,0.8312433118641462,"dgp1_N200_T100_rank(2,1,1)",0.30000000000000004,0.30000000000000004,0.65,0.649999999999421,0.85,1.7774613391789282,2.827623962800591,2.827623962800591,rank_selection_numerically_unresolved,UNRESOLVED,False,3,0,2.5497290907259426e-06,6.950637617268068e-06,7.030300825643012e-06,0.2431477483906415,0.2438272585169319,3,0,44.83576339999854,0,0.0,0.10097452990122815,1.0,"(3,3,3)","(4,4,4)","[0.2438272585169319, 0.24347136922856927, 0.2431477483906415]","[6.950637617268068e-06, 2.5497290907259426e-06, 7.030300825643012e-06]",0.0006795101262904168,,False,True,7.030300825643012e-06,False,0,0,0,False,False,failure,True,True,False,False,not_reached_due_to_pilot_failure,not_reached_due_to_pilot_failure,1.0,not_reached_due_to_pilot_failure,not_reached_due_to_pilot_failure,not_reached_due_to_pilot_failure,,False,False,44.93542969999544,rank_selection_numerically_unresolved: cap+1 pilot failed maintained acceptance diagnostics,not_needed_interior_fast_path,not_reached_due_to_pilot_failure,0.8248199639410334,1.6969831794242294,1.9765860010039882,1.9765860010039882,True
2026081101,dgp1_N200_T200_r00000_truth1-0-2,a1c4391452565bc84eacbe52e03f7d647686cef22036eab449c7c5596ce2f433,2003956529-40660088-725691137-1661322672,1,200,200,0,"(1,0,2)",0.7301712917987002,1.0,"dgp1_N200_T200_rank(1,0,2)",0.30000000000000004,0.30000000000000004,,0.5286137848435728,0.85,0.0,3.794081326870647,3.794081326870647,rank_selection_numerically_unresolved,UNRESOLVED,False,3,1,6.28588065509775e-07,3.409010561048804e-06,3.971909534432981e-06,0.3896374370593045,0.3901782084218528,3,0,82.97455369999807,0,0.0,0.09436958290887743,1.0,"(3,3,3)","(4,4,4)","[0.3901441125084892, 0.38963743705930454, 0.39017820842185286]","[3.971909534432981e-06, 6.28588065509775e-07, 3.409010561048804e-06]",0.0005407713625483201,,False,True,6.28588065509775e-07,False,0,0,0,False,False,failure,False,True,False,False,not_reached_due_to_pilot_failure,not_reached_due_to_pilot_failure,1.0,not_reached_due_to_pilot_failure,not_reached_due_to_pilot_failure,not_reached_due_to_pilot_failure,,False,False,83.20730509998975,rank_selection_numerically_unresolved: cap+1 pilot failed maintained acceptance diagnostics,not_needed_interior_fast_path,not_reached_due_to_pilot_failure,0.8490135868596576,0.0,2.854848283203761,2.854848283203761,True
2026081101,dgp1_N200_T200_r00001_truth1-0-2,4a820aaa114840da4a2bb1ffa76e80b317f1159af1634458314a46973bc23b2b,1567367396-957224186-1317358510-3094897162,1,200,200,1,"(1,0,2)",0.7301712917987002,1.0,"dgp1_N200_T200_rank(1,0,2)",0.30000000000000004,0.30000000000000004,,0.5286137848435728,0.85,0.0,3.794081326870647,3.794081326870647,rank_selection_numerically_unresolved,UNRESOLVED,False,3,0,4.577894505874589e-06,1.0301548756832716e-05,1.1531074086955853e-05,0.4006002800498644,0.4012455496164593,3,0,75.00246390000393,0,0.0,0.09436958290887743,1.0,"(3,3,3)","(4,4,4)","[0.40124554961645936, 0.4006002800498644, 0.4006109260829898]","[4.577894505874589e-06, 1.0301548756832716e-05, 1.1531074086955851e-05]",0.0006452695665949415,,False,True,1.0301548756832716e-05,False,0,0,0,False,False,failure,True,True,False,False,not_reached_due_to_pilot_failure,not_reached_due_to_pilot_failure,1.0,not_reached_due_to_pilot_failure,not_reached_due_to_pilot_failure,not_reached_due_to_pilot_failure,,False,False,75.22725650000211,rank_selection_numerically_unresolved: cap+1 pilot failed maintained acceptance diagnostics,not_needed_interior_fast_path,not_reached_due_to_pilot_failure,0.8436662535838846,0.0,3.0065661868920355,3.0065661868920355,True
2026081101,dgp1_N200_T200_r00002_truth1-0-2,625e87e47b6f510c732e69a2d44d5bc39a0f0b0d39a7a1c15d69e5da02a9fc21,2559658165-1113751769-455596193-3605436048,1,200,200,2,"(1,0,2)",0.7301712917987002,1.0,"dgp1_N200_T200_rank(1,0,2)",0.30000000000000004,0.30000000000000004,,0.5286137848435728,0.85,0.0,3.794081326870647,3.794081326870647,rank_selection_numerically_unresolved,UNRESOLVED,False,3,0,2.469504602736508e-06,8.123649135569011e-06,8.723038114597315e-06,0.3952641261822264,0.3956415933154524,3,0,68.6492270000017,0,0.0,0.09436958290887743,1.0,"(3,3,3)","(4,4,4)","[0.3956229449359428, 0.3952641261822264, 0.3956415933154524]","[8.723038114597315e-06, 2.469504602736508e-06, 8.123649135569011e-06]",0.000377467133226006,,False,True,2.469504602736508e-06,False,0,0,0,False,False,failure,True,True,False,False,not_reached_due_to_pilot_failure,not_reached_due_to_pilot_failure,1.0,not_reached_due_to_pilot_failure,not_reached_due_to_pilot_failure,not_reached_due_to_pilot_failure,,False,False,68.88488349999534,rank_selection_numerically_unresolved: cap+1 pilot failed maintained acceptance diagnostics,not_needed_interior_fast_path,not_reached_due_to_pilot_failure,0.8178675441597338,0.0,2.6320984718569225,2.6320984718569225,True
2026081101,dgp1_N200_T200_r00000_truth1-1-1,bdc37c94860ec3faa784ecaa7b80c989b9faf8dc20aa3a453ebe221af6664836,2308813819-844991268-3786172539-3212467096,1,200,200,0,"(1,1,1)",0.6546536707079772,1.9083834340271748,"dgp1_N200_T200_rank(1,1,1)",0.30000000000000004,0.30000000000000004,0.65,0.65,0.85,1.7774613391789282,6.491710250474584,6.491710250474584,rank_selection_numerically_unresolved,UNRESOLVED,False,3,0,4.234523433941615e-06,4.350696081962429e-06,5.124914079017208e-06,1.4347302740074523,1.4357181912926096,3,0,60.26004190000094,0,0.0,0.09436958290887743,1.0,"(3,3,3)","(4,4,4)","[1.4355708235650833, 1.4347302740074523, 1.4357181912926096]","[4.350696081962429e-06, 4.234523433941615e-06, 5.124914079017208e-06]",0.000987917285157236,,False,True,4.234523433941615e-06,False,0,0,0,False,False,failure,True,True,False,False,not_reached_due_to_pilot_failure,not_reached_due_to_pilot_failure,1.0,not_reached_due_to_pilot_failure,not_reached_due_to_pilot_failure,not_reached_due_to_pilot_failure,,False,False,60.44461299999966,rank_selection_numerically_unresolved: cap+1 pilot failed maintained acceptance diagnostics,not_needed_interior_fast_path,not_reached_due_to_pilot_failure,0.7749651872548304,1.4436496702308579,4.963453937672114,4.963453937672114,True
2026081101,dgp1_N200_T200_r00001_truth1-1-1,61f8f87f37fe890d43feee69b857673a9ddf30491bccaef72afc756293727562,2825400259-3581948471-450783819-81019427,1,200,200,1,"(1,1,1)",0.6546536707079772,1.9083834340271748,"dgp1_N200_T200_rank(1,1,1)",0.30000000000000004,0.30000000000000004,0.65,0.65,0.85,1.7774613391789282,6.491710250474584,6.491710250474584,rank_selection_numerically_unresolved,UNRESOLVED,False,3,0,3.054030394071002e-06,3.896439508406193e-06,5.496323367839658e-06,1.4183224452251706,1.41996315697572,3,0,61.06970349999756,0,0.0,0.09436958290887743,1.0,"(3,3,3)","(4,4,4)","[1.41996315697572, 1.41852850065848, 1.4183224452251706]","[5.496323367839658e-06, 3.054030394071002e-06, 3.896439508406193e-06]",0.0016407117505494728,,False,True,3.896439508406193e-06,False,0,0,0,False,False,failure,True,True,False,False,not_reached_due_to_pilot_failure,not_reached_due_to_pilot_failure,1.0,not_reached_due_to_pilot_failure,not_reached_due_to_pilot_failure,not_reached_due_to_pilot_failure,,False,False,61.25863460000255,rank_selection_numerically_unresolved: cap+1 pilot failed maintained acceptance diagnostics,not_needed_interior_fast_path,not_reached_due_to_pilot_failure,0.85,1.5462228905196584,5.052399527970467,5.052399527970467,True
2026081101,dgp1_N200_T200_r00002_truth1-1-1,8a5067830d10ee7292df7d7ff078fda1ff0e614fb2c2a888210ffc1fdb1a666e,1893086505-2162469785-4044670822-2525070257,1,200,200,2,"(1,1,1)",0.6546536707079772,1.9083834340271748,"dgp1_N200_T200_rank(1,1,1)",0.30000000000000004,0.30000000000000004,0.65,0.65,0.85,1.7774613391789282,6.491710250474584,6.491710250474584,rank_selection_numerically_unresolved,UNRESOLVED,False,3,0,4.52076303283914e-06,6.493868367058489e-06,1.253823323755123e-05,1.4189964005538966,1.4214618578448637,3,0,61.68057010000484,0,0.0,0.09436958290887743,1.0,"(3,3,3)","(4,4,4)","[1.4207385219925592, 1.4189964005538966, 1.4214618578448635]","[6.493868367058489e-06, 4.52076303283914e-06, 1.253823323755123e-05]",0.0024654572909668104,,False,True,4.52076303283914e-06,False,0,0,0,False,False,failure,True,True,False,False,not_reached_due_to_pilot_failure,not_reached_due_to_pilot_failure,1.0,not_reached_due_to_pilot_failure,not_reached_due_to_pilot_failure,not_reached_due_to_pilot_failure,,False,False,61.8721330000044,rank_selection_numerically_unresolved: cap+1 pilot failed maintained acceptance diagnostics,not_needed_interior_fast_path,not_reached_due_to_pilot_failure,0.85,1.5855559074269883,5.725777079710415,5.725777079710415,True
2026081101,dgp1_N200_T200_r00000_truth2-1-1,20469c9df1adb4b1127da604e11905e426f37a941f8a3d3f520884ed16d47c35,1976029404-3091483324-1450491317-80381887,1,200,200,0,"(2,1,1)",0.6546536707079772,0.8140917067553658,"dgp1_N200_T200_rank(2,1,1)",0.30000000000000004,0.30000000000000004,0.65,0.6499999999999649,0.85,1.7774613391789282,2.7692796863247673,2.7692796863247673,rank_selection_numerically_unresolved,UNRESOLVED,False,3,0,2.6692388326339707e-06,3.1344043128899487e-06,4.038480030819104e-06,0.2728479017915586,0.2732327553111881,3,0,69.42728789997636,0,0.0,0.09436958290887743,1.0,"(3,3,3)","(4,4,4)","[0.2732327553111881, 0.2731860180650725, 0.2728479017915586]","[4.038480030819104e-06, 2.6692388326339707e-06, 3.1344043128899487e-06]",0.0003848535196295244,,False,True,3.1344043128899487e-06,False,0,0,0,False,False,failure,True,True,False,False,not_reached_due_to_pilot_failure,not_reached_due_to_pilot_failure,1.0,not_reached_due_to_pilot_failure,not_reached_due_to_pilot_failure,not_reached_due_to_pilot_failure,,False,False,69.65897070000938,rank_selection_numerically_unresolved: cap+1 pilot failed maintained acceptance diagnostics,not_needed_interior_fast_path,not_reached_due_to_pilot_failure,0.8383973867253254,1.6112441339057118,2.0416256773756674,2.0416256773756674,True
2026081101,dgp1_N200_T200_r00001_truth2-1-1,b17032203ef5f86d9c2eb9eb323cc1c700082a365d4c7430cc8a2de3ca76e6fb,279575233-1884693893-4089764174-113099029,1,200,200,1,"(2,1,1)",0.6546536707079772,0.8140917067553658,"dgp1_N200_T200_rank(2,1,1)",0.30000000000000004,0.30000000000000004,0.65,0.6499999999999649,0.85,1.7774613391789282,2.7692796863247673,2.7692796863247673,rank_selection_numerically_unresolved,UNRESOLVED,False,3,0,2.4298116386526983e-06,2.9017902742158625e-06,6.555984274117921e-06,0.2591836148868038,0.25933040393181,3,0,69.32499799999641,0,0.0,0.09436958290887743,1.0,"(3,3,3)","(4,4,4)","[0.25933040393181006, 0.2592201291590872, 0.2591836148868038]","[6.555984274117921e-06, 2.4298116386526983e-06, 2.9017902742158625e-06]",0.000146789045006257,,False,True,2.9017902742158625e-06,False,0,0,0,False,False,failure,True,True,False,False,not_reached_due_to_pilot_failure,not_reached_due_to_pilot_failure,1.0,not_reached_due_to_pilot_failure,not_reached_due_to_pilot_failure,not_reached_due_to_pilot_failure,,False,False,69.55092510000395,rank_selection_numerically_unresolved: cap+1 pilot failed maintained acceptance diagnostics,not_needed_interior_fast_path,not_reached_due_to_pilot_failure,0.8395553973009824,1.5801318597509366,2.294817137627179,2.294817137627179,True
2026081101,dgp1_N200_T200_r00002_truth2-1-1,f944481cbe9d21dc499f3811236c3da716d980c2abf644a47e1ef0b22fcf223a,481726837-3867953649-3839463087-3375073498,1,200,200,2,"(2,1,1)",0.6546536707079772,0.8140917067553658,"dgp1_N200_T200_rank(2,1,1)",0.30000000000000004,0.30000000000000004,0.65,0.6499999999999649,0.85,1.7774613391789282,2.7692796863247673,2.7692796863247673,rank_selection_numerically_unresolved,UNRESOLVED,False,3,1,8.19696727556976e-07,1.6940826439257543e-06,5.919734129582892e-06,0.2723849029628613,0.2725100792596669,3,0,68.02555010000651,0,0.0,0.09436958290887743,1.0,"(3,3,3)","(4,4,4)","[0.2723849029628613, 0.27251007925966697, 0.2724396725419933]","[8.19696727556976e-07, 1.6940826439257543e-06, 5.919734129582892e-06]",0.00012517629680569575,,False,True,8.19696727556976e-07,False,0,0,0,False,False,failure,False,True,False,False,not_reached_due_to_pilot_failure,not_reached_due_to_pilot_failure,1.0,not_reached_due_to_pilot_failure,not_reached_due_to_pilot_failure,not_reached_due_to_pilot_failure,,False,False,68.2497846000042,rank_selection_numerically_unresolved: cap+1 pilot failed maintained acceptance diagnostics,not_needed_interior_fast_path,not_reached_due_to_pilot_failure,0.85,1.5071875940760449,2.0391577431032712,2.0391577431032712,True
2026081101,dgp2_N50_T50_r00000_truth1-0-2,fefbf6a230fedbb3e3e8b0136a672848637cdda02d1a96eebf3eaa8a490d5bf8,1351864941-3015764672-3337769075-2008425202,2,50,50,0,"(1,0,2)",0.7301712917987002,1.0,"dgp2_N50_T50_rank(1,0,2)",0.30000000000000004,0.30000000000000004,,0.5303490191087232,0.85,0.0,3.794081326870647,3.794081326870647,rank_selection_numerically_unresolved,UNRESOLVED,False,3,0,0.0008675342575189,0.0017315584644456,0.0022252279777346,0.1409296345286971,0.143755507944431,3,3,722.8784981000208,3,1.7763568394002505e-15,0.12781110931766573,1.0,"(3,3,3)","(4,4,4)","[0.14375550794443107, 0.1409296345286971, 0.14227353049762267]","[0.0022252279777346183, 0.001731558464445676, 0.000867534257518963]",0.002825873415733954,,False,True,0.001731558464445676,True,0,0,0,False,False,failure,True,True,False,False,not_reached_due_to_pilot_failure,not_reached_due_to_pilot_failure,1.0,not_reached_due_to_pilot_failure,not_reached_due_to_pilot_failure,not_reached_due_to_pilot_failure,,False,False,735.9374385999981,rank_selection_numerically_unresolved: cap+1 pilot failed maintained acceptance diagnostics,constrained_optimality_failure,not_reached_due_to_pilot_failure,0.77706903739368,0.0,2.3026092788156243,2.3026092788156243,True
2026081101,dgp2_N50_T50_r00001_truth1-0-2,9e36a39f4be57986ec09296919e757466bb0c89187ad8165f5a5840cdaa009de,866281597-2426690772-188869684-848719527,2,50,50,1,"(1,0,2)",0.7301712917987002,1.0,"dgp2_N50_T50_rank(1,0,2)",0.30000000000000004,0.30000000000000004,,0.5303490191087232,0.85,0.0,3.794081326870647,3.794081326870647,rank_selection_numerically_unresolved,UNRESOLVED,False,3,1,8.749373499761056e-05,0.0002669627501745,0.0004206736696581,0.1472189554699896,0.1564223154518394,2,3,552.1870663000154,3,1.7763568394002505e-15,0.12781110931766573,1.0,"(3,3,3)","(4,4,4)","[0.15642231545183946, 0.1502751381906849, 0.1472189554699896]","[0.0002669627501745137, 8.749373499761056e-05, 0.0004206736696581023]",0.009203359981849873,,False,True,8.749373499761056e-05,True,0,0,0,False,False,failure,True,True,False,False,not_reached_due_to_pilot_failure,not_reached_due_to_pilot_failure,1.0,not_reached_due_to_pilot_failure,not_reached_due_to_pilot_failure,not_reached_due_to_pilot_failure,,False,False,565.2390198999929,rank_selection_numerically_unresolved: cap+1 pilot failed maintained acceptance diagnostics,constrained_optimality_failure,not_reached_due_to_pilot_failure,0.8051735123514293,0.0,2.4634818255843975,2.4634818255843975,True
2026081101,dgp2_N50_T50_r00002_truth1-0-2,86603c1af46a41deb7d07cfaae74376567706340b79b9fc58e2d717eadf08364,3286614307-3856278492-3987532466-574980643,2,50,50,2,"(1,0,2)",0.7301712917987002,1.0,"dgp2_N50_T50_rank(1,0,2)",0.30000000000000004,0.30000000000000004,,0.5303490191087232,0.85,0.0,3.794081326870647,3.794081326870647,rank_selection_numerically_unresolved,UNRESOLVED,False,3,0,0.0025303125352215,0.0026575309334045,0.0053164759951489,0.1281394393778887,0.1364559383001837,3,3,818.2812997000001,2,1.7763568394002505e-15,0.12781110931766573,1.0,"(3,3,3)","(4,4,4)","[0.1300175099637403, 0.1364559383001837, 0.12813943937788874]","[0.005316475995148982, 0.0025303125352215843, 0.002657530933404539]",0.008316498922294968,,False,True,0.002657530933404539,True,0,0,0,False,False,failure,True,True,False,False,not_reached_due_to_pilot_failure,not_reached_due_to_pilot_failure,1.0,not_reached_due_to_pilot_failure,not_reached_due_to_pilot_failure,not_reached_due_to_pilot_failure,,False,False,831.3329457999935,rank_selection_numerically_unresolved: cap+1 pilot failed maintained acceptance diagnostics,constrained_optimality_failure,not_reached_due_to_pilot_failure,0.7905986004288666,0.0,1.9898673146941221,1.9898673146941221,True
2026081101,dgp2_N50_T50_r00000_truth1-1-1,e5d8c9e8b3708311f63bb3031e43d8bad7c3079ba211a54168b1a6dab072ec4b,3162017042-2410544605-3764515430-2399688956,2,50,50,0,"(1,1,1)",0.6546536707079772,1.7489022922960076,"dgp2_N50_T50_rank(1,1,1)",0.30000000000000004,0.30000000000000004,0.65,0.6499999999996401,0.85,1.7774613391789282,5.949206399270609,5.949206399270609,rank_selection_numerically_unresolved,UNRESOLVED,False,3,0,0.0018789152762761,0.0036157165616544,0.0077346890246535,0.4248464169848466,0.447522935266065,3,3,919.4295950999949,3,1.7763568394002505e-15,0.12781110931766573,1.0,"(3,3,3)","(4,4,4)","[0.4346177133093791, 0.447522935266065, 0.42484641698484665]","[0.007734689024653532, 0.0018789152762761817, 0.0036157165616544275]",0.02267651828121836,,False,True,0.0036157165616544275,True,0,0,0,False,False,failure,True,True,False,False,not_reached_due_to_pilot_failure,not_reached_due_to_pilot_failure,1.0,not_reached_due_to_pilot_failure,not_reached_due_to_pilot_failure,not_reached_due_to_pilot_failure,,False,False,933.7925144999972,rank_selection_numerically_unresolved: cap+1 pilot failed maintained acceptance diagnostics,constrained_optimality_failure,not_reached_due_to_pilot_failure,0.775210989132499,1.3870876218936583,3.6660752644794097,3.6660752644794097,True
2026081101,dgp2_N50_T50_r00001_truth1-1-1,1df7d64eaa174ca65bc3c35c6ea938e6fd816b97744c4d58f0c2ff6db7b27d8e,1054565426-242124146-2183004306-2591071737,2,50,50,1,"(1,1,1)",0.6546536707079772,1.7489022922960076,"dgp2_N50_T50_rank(1,1,1)",0.30000000000000004,0.30000000000000004,0.65,0.6499999999996401,0.85,1.7774613391789282,5.949206399270609,5.949206399270609,rank_selection_numerically_unresolved,UNRESOLVED,False,3,0,0.0002154020052456,0.0018177516362809,0.0021167432032086,0.4000764755092462,0.4197451031328263,3,3,824.2869133999993,3,1.7763568394002505e-15,0.12781110931766573,1.0,"(3,3,3)","(4,4,4)","[0.4000764755092462, 0.41974510313282637, 0.4003526160791048]","[0.0021167432032086946, 0.0018177516362809787, 0.00021540200524561512]",0.01966862762358018,,False,True,0.0021167432032086946,True,0,0,0,False,False,failure,True,True,False,False,not_reached_due_to_pilot_failure,not_reached_due_to_pilot_failure,1.0,not_reached_due_to_pilot_failure,not_reached_due_to_pilot_failure,not_reached_due_to_pilot_failure,,False,False,838.561692299998,rank_selection_numerically_unresolved: cap+1 pilot failed maintained acceptance diagnostics,constrained_optimality_failure,not_reached_due_to_pilot_failure,0.8120567577891837,1.4644856911747783,4.737950835300632,4.737950835300632,True
2026081101,dgp2_N50_T50_r00002_truth1-1-1,3fba084d7e0749fcc4489faee7dd99826b62e82d92a306a59efcba08dc5832f4,2310229955-2603218851-4227183367-54256364,2,50,50,2,"(1,1,1)",0.6546536707079772,1.7489022922960076,"dgp2_N50_T50_rank(1,1,1)",0.30000000000000004,0.30000000000000004,0.65,0.6499999999996401,0.85,1.7774613391789282,5.949206399270609,5.949206399270609,rank_selection_numerically_unresolved,UNRESOLVED,False,3,0,0.0017314187089245,0.0018669037963009,0.0075495952469239,0.4050117677849614,0.4168115096536484,3,3,940.0885587000012,3,1.7763568394002505e-15,0.12781110931766573,1.0,"(3,3,3)","(4,4,4)","[0.4050117677849614, 0.4168115096536484, 0.4073899834946619]","[0.0018669037963009141, 0.007549595246923935, 0.0017314187089245816]",0.011799741868686986,,False,True,0.0018669037963009141,True,0,0,0,False,False,failure,True,True,False,False,not_reached_due_to_pilot_failure,not_reached_due_to_pilot_failure,1.0,not_reached_due_to_pilot_failure,not_reached_due_to_pilot_failure,not_reached_due_to_pilot_failure,,False,False,955.1264531999988,rank_selection_numerically_unresolved: cap+1 pilot failed maintained acceptance diagnostics,constrained_optimality_failure,not_reached_due_to_pilot_failure,0.7815809832331955,1.536923819944,3.5808466721685734,3.5808466721685734,True
2026081101,dgp2_N50_T50_r00000_truth2-1-1,8c32c10a72b54cb64c81ad96ede055e95e66bd1933e28746968bc60baa509513,947379617-961646049-1142250921-3385409083,2,50,50,0,"(2,1,1)",0.6546536707079772,0.8107713464166585,"dgp2_N50_T50_rank(2,1,1)",0.30000000000000004,0.30000000000000004,0.65,0.6499999999999874,0.85,1.7774613391789282,2.7579848821141852,2.7579848821141852,rank_selection_numerically_unresolved,UNRESOLVED,False,3,1,9.918678044413668e-05,0.0003205075221454,0.0063191684857551,0.087131827760266,0.0927739911786776,2,3,607.1815301000024,2,1.7763568394002505e-15,0.12781110931766573,1.0,"(3,3,3)","(4,4,4)","[0.08789051334259057, 0.08713182776026608, 0.0927739911786776]","[0.00032050752214544395, 9.918678044413667e-05, 0.006319168485755132]",0.005642163418411519,,False,True,9.918678044413667e-05,True,0,0,0,False,False,failure,True,True,False,False,not_reached_due_to_pilot_failure,not_reached_due_to_pilot_failure,1.0,not_reached_due_to_pilot_failure,not_reached_due_to_pilot_failure,not_reached_due_to_pilot_failure,,False,False,624.466225600001,rank_selection_numerically_unresolved: cap+1 pilot failed maintained acceptance diagnostics,constrained_optimality_failure,not_reached_due_to_pilot_failure,0.7671155232215618,1.5956626951636121,1.9486520345951666,1.9486520345951666,True
2026081101,dgp2_N50_T50_r00001_truth2-1-1,a92956e90f9f3a9215d9f7d608f717aff14fa65dbb3f5843cf43f13b69fc3d5b,1340194055-719691171-3377104533-15995996,2,50,50,1,"(2,1,1)",0.6546536707079772,0.8107713464166585,"dgp2_N50_T50_rank(2,1,1)",0.30000000000000004,0.30000000000000004,0.65,0.6499999999999874,0.85,1.7774613391789282,2.7579848821141852,2.7579848821141852,rank_selection_numerically_unresolved,UNRESOLVED,False,3,1,9.82954369252741e-05,0.0007080504202049,0.0029430130379295,0.0980086275689051,0.1039057772448491,2,3,598.9972463000013,3,3.552713678800501e-15,0.12781110931766573,1.0,"(3,3,3)","(4,4,4)","[0.10027591287259525, 0.10390577724484915, 0.09800862756890519]","[0.0029430130379295553, 9.82954369252741e-05, 0.0007080504202049606]",0.005897149675943958,,False,True,9.82954369252741e-05,True,0,0,0,False,False,failure,True,True,False,False,not_reached_due_to_pilot_failure,not_reached_due_to_pilot_failure,1.0,not_reached_due_to_pilot_failure,not_reached_due_to_pilot_failure,not_reached_due_to_pilot_failure,,False,False,615.4086901999981,rank_selection_numerically_unresolved: cap+1 pilot failed maintained acceptance diagnostics,constrained_optimality_failure,not_reached_due_to_pilot_failure,0.7865624595608014,1.5524678648783174,2.2695745662212228,2.2695745662212228,True
2026081101,dgp2_N50_T50_r00002_truth2-1-1,e6d6d5367c57e04fce8e3d8b4c343c8125373b9ba7acb9a6601cba775d8b3fb0,687636783-1837042607-2781739911-1161389286,2,50,50,2,"(2,1,1)",0.6546536707079772,0.8107713464166585,"dgp2_N50_T50_rank(2,1,1)",0.30000000000000004,0.30000000000000004,0.65,0.6499999999999874,0.85,1.7774613391789282,2.7579848821141852,2.7579848821141852,rank_selection_numerically_unresolved,UNRESOLVED,False,3,0,4.944813765412018e-05,0.0030590792897656,0.0035604608184563,0.0884175144544098,0.0940499753771872,3,2,489.2582325999974,2,1.7763568394002505e-15,0.12781110931766573,1.0,"(3,3,3)","(4,4,4)","[0.09404997537718728, 0.08841751445440985, 0.09018290728593137]","[4.944813765412018e-05, 0.003560460818456382, 0.0030590792897656266]",0.00563246092277743,,False,True,0.003560460818456382,True,0,0,0,False,False,failure,True,True,False,False,not_reached_due_to_pilot_failure,not_reached_due_to_pilot_failure,1.0,not_reached_due_to_pilot_failure,not_reached_due_to_pilot_failure,not_reached_due_to_pilot_failure,,False,False,498.2327174999955,rank_selection_numerically_unresolved: cap+1 pilot failed maintained acceptance diagnostics,constrained_optimality_failure,not_reached_due_to_pilot_failure,0.8179332175691744,1.5548356856702186,2.2520510562298366,2.2520510562298366,True
2026081101,dgp2_N100_T100_r00000_truth1-0-2,cca8127d10f5bf1b4ba96be177ddafe1cb8b744838fb090a353d52182a930342,3821818021-82334631-4162834129-3535263122,2,100,100,0,"(1,0,2)",0.7301712917987002,1.0,"dgp2_N100_T100_rank(1,0,2)",0.30000000000000004,0.30000000000000004,,0.5314418341578069,0.85,0.0,3.794081326870647,3.794081326870647,rank_selection_numerically_unresolved,UNRESOLVED,False,3,0,8.436738762718753e-06,3.604604202680324e-05,0.0001762941242975,0.2989097010178005,0.301927596522202,3,1,399.84300779999467,1,0.0,0.10857362047581294,1.0,"(3,3,3)","(4,4,4)","[0.301927596522202, 0.29890970101780057, 0.299145585097632]","[3.604604202680324e-05, 8.436738762718753e-06, 0.00017629412429750265]",0.0030178955044014577,,False,True,8.436738762718753e-06,False,0,0,0,False,False,failure,True,True,False,False,not_reached_due_to_pilot_failure,not_reached_due_to_pilot_failure,1.0,not_reached_due_to_pilot_failure,not_reached_due_to_pilot_failure,not_reached_due_to_pilot_failure,,False,False,409.74249819999386,rank_selection_numerically_unresolved: cap+1 pilot failed maintained acceptance diagnostics,constrained_optimality_failure,not_reached_due_to_pilot_failure,0.8140362911327523,0.0,2.6685397416314927,2.6685397416314927,True
2026081101,dgp2_N100_T100_r00001_truth1-0-2,c8cc760a59af7e7d1a670c0937691da9ff7fe0f5ddb5a54b71127e1f9e47143e,2669154363-2734402212-96468786-963535446,2,100,100,1,"(1,0,2)",0.7301712917987002,1.0,"dgp2_N100_T100_rank(1,0,2)",0.30000000000000004,0.30000000000000004,,0.5314418341578069,0.85,0.0,3.794081326870647,3.794081326870647,rank_selection_numerically_unresolved,UNRESOLVED,False,3,0,1.325673992159443e-05,4.1873966762019015e-05,0.0001670026493969,0.26865177048406,0.2711325150342104,3,1,439.91691519999586,0,0.0,0.10857362047581294,1.0,"(3,3,3)","(4,4,4)","[0.2697967753236164, 0.2711325150342104, 0.26865177048406]","[0.00016700264939696383, 4.1873966762019015e-05, 1.325673992159443e-05]",0.002480744550150349,,False,True,1.325673992159443e-05,False,0,0,0,False,False,failure,True,True,False,False,not_reached_due_to_pilot_failure,not_reached_due_to_pilot_failure,1.0,not_reached_due_to_pilot_failure,not_reached_due_to_pilot_failure,not_reached_due_to_pilot_failure,,False,False,449.3988376999914,rank_selection_numerically_unresolved: cap+1 pilot failed maintained acceptance diagnostics,constrained_optimality_failure,not_reached_due_to_pilot_failure,0.8199992677336264,0.0,2.685218702395319,2.685218702395319,True
2026081101,dgp2_N100_T100_r00002_truth1-0-2,e7bb0fc373c6d9bd1bde637256a5e99d3b2ac7206fe65249062755bcfc4ab502,3439349284-3869155278-23841802-885859104,2,100,100,2,"(1,0,2)",0.7301712917987002,1.0,"dgp2_N100_T100_rank(1,0,2)",0.30000000000000004,0.30000000000000004,,0.5314418341578069,0.85,0.0,3.794081326870647,3.794081326870647,rank_selection_numerically_unresolved,UNRESOLVED,False,3,0,8.87432150267714e-06,1.4280939108529372e-05,1.681228994321454e-05,0.2813387611090416,0.2820493939564558,3,0,37.05718960000377,0,0.0,0.10857362047581294,1.0,"(3,3,3)","(4,4,4)","[0.28162735637235864, 0.28133876110904166, 0.2820493939564558]","[1.4280939108529373e-05, 1.681228994321454e-05, 8.87432150267714e-06]",0.0007106328474141277,,False,True,1.681228994321454e-05,False,0,0,0,False,False,failure,True,True,False,False,not_reached_due_to_pilot_failure,not_reached_due_to_pilot_failure,1.0,not_reached_due_to_pilot_failure,not_reached_due_to_pilot_failure,not_reached_due_to_pilot_failure,,False,False,37.12367329999688,rank_selection_numerically_unresolved: cap+1 pilot failed maintained acceptance diagnostics,not_needed_interior_fast_path,not_reached_due_to_pilot_failure,0.85,0.0,2.5990123727848844,2.5990123727848844,True
2026081101,dgp2_N100_T100_r00000_truth1-1-1,6888a4d45396a73291d84d9fa449ba78a9b855261cbf3b55832ed473f39069dc,1931811349-2415079415-328709066-2231103701,2,100,100,0,"(1,1,1)",0.6546536707079772,1.8239209605291775,"dgp2_N100_T100_rank(1,1,1)",0.30000000000000004,0.30000000000000004,0.65,0.6499999999998813,0.85,1.7774613391789282,6.204395921912046,6.204395921912046,rank_selection_numerically_unresolved,UNRESOLVED,False,3,0,0.0002810195583631,0.0008639440592655,0.0037162290633512,0.9166489386674568,0.9223184858521394,3,3,2046.6403719000082,3,0.0,0.10857362047581294,1.0,"(3,3,3)","(4,4,4)","[0.9223184858521394, 0.9202035824186656, 0.9166489386674568]","[0.0037162290633512432, 0.0008639440592655217, 0.00028101955836311445]",0.0056695471846825995,,False,True,0.00028101955836311445,True,0,0,0,False,False,failure,True,True,False,False,not_reached_due_to_pilot_failure,not_reached_due_to_pilot_failure,1.0,not_reached_due_to_pilot_failure,not_reached_due_to_pilot_failure,not_reached_due_to_pilot_failure,,False,False,2077.9702851999973,rank_selection_numerically_unresolved: cap+1 pilot failed maintained acceptance diagnostics,constrained_optimality_failure,not_reached_due_to_pilot_failure,0.8247889490734255,1.5781116198517728,4.895411898586707,4.895411898586707,True
2026081101,dgp2_N100_T100_r00001_truth1-1-1,81ffaf02699b9efbbc281b6ef5abdf19271ecfd21f842bd7b07a85231e07701a,1770917967-1339318943-3094907517-2896278006,2,100,100,1,"(1,1,1)",0.6546536707079772,1.8239209605291775,"dgp2_N100_T100_rank(1,1,1)",0.30000000000000004,0.30000000000000004,0.65,0.6499999999998813,0.85,1.7774613391789282,6.204395921912046,6.204395921912046,rank_selection_numerically_unresolved,UNRESOLVED,False,3,0,7.935142620387864e-06,1.0516513424710116e-05,0.0023087926429274,0.977007460614234,0.9801201291611652,3,1,815.75649349999,1,0.0,0.10857362047581294,1.0,"(3,3,3)","(4,4,4)","[0.9795407130246365, 0.9801201291611651, 0.9770074606142339]","[7.935142620387864e-06, 1.0516513424710116e-05, 0.002308792642927403]",0.003112668546931152,,False,True,0.002308792642927403,True,0,0,0,False,False,failure,True,True,False,False,not_reached_due_to_pilot_failure,not_reached_due_to_pilot_failure,1.0,not_reached_due_to_pilot_failure,not_reached_due_to_pilot_failure,not_reached_due_to_pilot_failure,,False,False,826.7981400999997,rank_selection_numerically_unresolved: cap+1 pilot failed maintained acceptance diagnostics,constrained_optimality_failure,not_reached_due_to_pilot_failure,0.85,1.4704736005481958,4.468201847936334,4.468201847936334,True
2026081101,dgp2_N100_T100_r00002_truth1-1-1,0e7ab7cc50766574cbd955915c9a95e5a2cc64030d01502d264f0f8996e75079,2081097973-2933688078-2354368827-3399889393,2,100,100,2,"(1,1,1)",0.6546536707079772,1.8239209605291775,"dgp2_N100_T100_rank(1,1,1)",0.30000000000000004,0.30000000000000004,0.65,0.6499999999998813,0.85,1.7774613391789282,6.204395921912046,6.204395921912046,rank_selection_numerically_unresolved,UNRESOLVED,False,3,0,1.2825370274066349e-06,1.5327901418323734e-05,2.14315172709334e-05,0.9106039285388422,0.9223880201672672,3,0,32.33586779999314,0,0.0,0.10857362047581294,1.0,"(3,3,3)","(4,4,4)","[0.9119120397737425, 0.9223880201672672, 0.9106039285388422]","[1.2825370274066349e-06, 1.5327901418323734e-05, 2.14315172709334e-05]",0.011784091628424975,,False,True,2.14315172709334e-05,False,0,0,0,False,False,failure,True,True,False,False,not_reached_due_to_pilot_failure,not_reached_due_to_pilot_failure,1.0,not_reached_due_to_pilot_failure,not_reached_due_to_pilot_failure,not_reached_due_to_pilot_failure,,False,False,32.408229399996344,rank_selection_numerically_unresolved: cap+1 pilot failed maintained acceptance diagnostics,not_needed_interior_fast_path,not_reached_due_to_pilot_failure,0.85,1.4971305857987354,4.383864689547242,4.383864689547242,True
2026081101,dgp2_N100_T100_r00000_truth2-1-1,cfb7586796831989198ad9ddb3d953206a5ab992c108e6ec1008f6f8e139e45f,3937459214-3743326893-2848525432-4249112027,2,100,100,0,"(2,1,1)",0.6546536707079772,0.8206005923112569,"dgp2_N100_T100_rank(2,1,1)",0.30000000000000004,0.30000000000000004,0.65,0.6499999999998691,0.85,1.7774613391789282,2.7914208338158555,2.7914208338158555,rank_selection_numerically_unresolved,UNRESOLVED,False,3,0,1.8537266773949944e-06,1.7393365838539652e-05,0.0012157626028796,0.1976551254864473,0.1994231167923364,3,1,497.7325353999914,1,0.0,0.10857362047581294,1.0,"(3,3,3)","(4,4,4)","[0.19765512548644734, 0.19942311679233646, 0.19881077043140943]","[0.001215762602879637, 1.7393365838539652e-05, 1.8537266773949942e-06]",0.0017679913058891161,,False,True,0.001215762602879637,True,0,0,0,False,False,failure,True,True,False,False,not_reached_due_to_pilot_failure,not_reached_due_to_pilot_failure,1.0,not_reached_due_to_pilot_failure,not_reached_due_to_pilot_failure,not_reached_due_to_pilot_failure,,False,False,511.1722540999908,rank_selection_numerically_unresolved: cap+1 pilot failed maintained acceptance diagnostics,constrained_optimality_failure,not_reached_due_to_pilot_failure,0.8380618925876508,1.4081103522570655,1.9399532667627848,1.9399532667627848,True
2026081101,dgp2_N100_T100_r00001_truth2-1-1,682aefd9796645100b4381fd22e78e3cb46e4a1568cd83165e5044d12953b5f8,3875544403-3693237409-3871079157-2185802655,2,100,100,1,"(2,1,1)",0.6546536707079772,0.8206005923112569,"dgp2_N100_T100_rank(2,1,1)",0.30000000000000004,0.30000000000000004,0.65,0.6499999999998691,0.85,1.7774613391789282,2.7914208338158555,2.7914208338158555,rank_selection_numerically_unresolved,UNRESOLVED,False,3,0,2.924543452727888e-06,8.046192684308007e-06,0.0011578763480754,0.1956190308619703,0.1957207005637213,3,1,535.3729235999926,0,0.0,0.10857362047581294,1.0,"(3,3,3)","(4,4,4)","[0.19572070056372132, 0.19568120903221078, 0.19561903086197036]","[8.046192684308007e-06, 2.9245434527278882e-06, 0.0011578763480754378]",0.00010166970175096157,,False,True,0.0011578763480754378,False,0,0,0,False,False,failure,True,True,False,False,not_reached_due_to_pilot_failure,not_reached_due_to_pilot_failure,1.0,not_reached_due_to_pilot_failure,not_reached_due_to_pilot_failure,not_reached_due_to_pilot_failure,,False,False,545.4534276000049,rank_selection_numerically_unresolved: cap+1 pilot failed maintained acceptance diagnostics,constrained_optimality_failure,not_reached_due_to_pilot_failure,0.85,1.544782439540548,2.2307442112879095,2.2307442112879095,True
2026081101,dgp2_N100_T100_r00002_truth2-1-1,a1494c2afa3b76e89ea036d50cc91299687670316e7f5db5139b5fb16f8e68f9,3721943854-279786092-3740443977-1403231084,2,100,100,2,"(2,1,1)",0.6546536707079772,0.8206005923112569,"dgp2_N100_T100_rank(2,1,1)",0.30000000000000004,0.30000000000000004,0.65,0.6499999999998691,0.85,1.7774613391789282,2.7914208338158555,2.7914208338158555,rank_selection_numerically_unresolved,UNRESOLVED,False,3,0,2.5498126548748043e-06,2.394534509655105e-05,2.984275146553065e-05,0.2047580564562697,0.2069077076920056,3,0,33.207357999970554,0,0.0,0.10857362047581294,1.0,"(3,3,3)","(4,4,4)","[0.20690770769200562, 0.20502571995916155, 0.2047580564562697]","[2.9842751465530654e-05, 2.394534509655105e-05, 2.5498126548748043e-06]",0.0021496512357359054,,False,True,2.5498126548748043e-06,False,0,0,0,False,False,failure,True,True,False,False,not_reached_due_to_pilot_failure,not_reached_due_to_pilot_failure,1.0,not_reached_due_to_pilot_failure,not_reached_due_to_pilot_failure,not_reached_due_to_pilot_failure,,False,False,33.27462179999566,rank_selection_numerically_unresolved: cap+1 pilot failed maintained acceptance diagnostics,not_needed_interior_fast_path,not_reached_due_to_pilot_failure,0.85,1.553767429930929,2.103108703822617,2.103108703822617,True
2026081101,dgp2_N100_T200_r00000_truth1-0-2,b052b2457e84d110d17de9a99ecc98b8ca0598371711a722601101b11db1404c,1127573059-1818030493-1863221239-2653795895,2,100,200,0,"(1,0,2)",0.7301712917987002,1.0,"dgp2_N100_T200_rank(1,0,2)",0.30000000000000004,0.30000000000000004,,0.5362176569798055,0.85,0.0,3.794081326870647,3.794081326870647,rank_selection_numerically_unresolved,UNRESOLVED,False,3,0,2.579960565579839e-06,6.0613094659283776e-06,1.2181155270964767e-05,0.3447582139196576,0.3457151648031759,3,0,52.46501059998991,0,0.0,0.10097452990122815,1.0,"(3,3,3)","(4,4,4)","[0.34475821391965766, 0.34569629203059904, 0.3457151648031759]","[6.0613094659283776e-06, 1.2181155270964767e-05, 2.579960565579839e-06]",0.000956950883518215,,False,True,6.0613094659283776e-06,False,0,0,0,False,False,failure,True,True,False,False,not_reached_due_to_pilot_failure,not_reached_due_to_pilot_failure,1.0,not_reached_due_to_pilot_failure,not_reached_due_to_pilot_failure,not_reached_due_to_pilot_failure,,False,False,52.582964799992624,rank_selection_numerically_unresolved: cap+1 pilot failed maintained acceptance diagnostics,not_needed_interior_fast_path,not_reached_due_to_pilot_failure,0.85,0.0,2.53763658428469,2.53763658428469,True
2026081101,dgp2_N100_T200_r00001_truth1-0-2,8879c49a02748d99f7ec6bf20f264528028858ba4b8dd25ce4e0c6ce02de230b,482471744-2644425041-173242720-1779689672,2,100,200,1,"(1,0,2)",0.7301712917987002,1.0,"dgp2_N100_T200_rank(1,0,2)",0.30000000000000004,0.30000000000000004,,0.5362176569798055,0.85,0.0,3.794081326870647,3.794081326870647,rank_selection_numerically_unresolved,UNRESOLVED,False,3,1,1.449785306209769e-05,9.332808244141892e-05,0.0004605585545333,0.3411156721810935,0.3426831224640171,2,2,1156.2573886000027,2,1.7763568394002505e-15,0.10097452990122815,1.0,"(3,3,3)","(4,4,4)","[0.3411156721810935, 0.3426831224640171, 0.34237444123899224]","[1.449785306209769e-05, 9.332808244141891e-05, 0.00046055855453338597]",0.0015674502829235992,,False,True,9.332808244141891e-05,True,0,0,0,False,False,failure,True,True,False,False,not_reached_due_to_pilot_failure,not_reached_due_to_pilot_failure,1.0,not_reached_due_to_pilot_failure,not_reached_due_to_pilot_failure,not_reached_due_to_pilot_failure,,False,False,1193.6971212000062,rank_selection_numerically_unresolved: cap+1 pilot failed maintained acceptance diagnostics,success,not_reached_due_to_pilot_failure,0.842785484137528,0.0,2.5487636969827236,2.5487636969827236,True
2026081101,dgp2_N100_T200_r00002_truth1-0-2,93e5f76dfa65380650722ed76a49513c58063b32ad2e7cd28a766e1d8ac252a7,3799183504-2527372708-2143059129-4199936207,2,100,200,2,"(1,0,2)",0.7301712917987002,1.0,"dgp2_N100_T200_rank(1,0,2)",0.30000000000000004,0.30000000000000004,,0.5362176569798055,0.85,0.0,3.794081326870647,3.794081326870647,rank_selection_numerically_unresolved,UNRESOLVED,False,3,0,2.517065358004387e-06,4.419475201605456e-06,2.087247994459208e-05,0.3373542146270181,0.3380207960775034,3,0,52.97469560000172,0,0.0,0.10097452990122815,1.0,"(3,3,3)","(4,4,4)","[0.3375021924392415, 0.3373542146270181, 0.33802079607750346]","[4.419475201605456e-06, 2.0872479944592077e-05, 2.517065358004387e-06]",0.0006665814504853707,,False,True,2.0872479944592077e-05,False,0,0,0,False,False,failure,True,True,False,False,not_reached_due_to_pilot_failure,not_reached_due_to_pilot_failure,1.0,not_reached_due_to_pilot_failure,not_reached_due_to_pilot_failure,not_reached_due_to_pilot_failure,,False,False,53.090165600006,rank_selection_numerically_unresolved: cap+1 pilot failed maintained acceptance diagnostics,not_needed_interior_fast_path,not_reached_due_to_pilot_failure,0.8135780036727269,0.0,3.153649182514388,3.153649182514388,True
2026081101,dgp2_N100_T200_r00000_truth1-1-1,3741e20a64426270116afc33fd1d432b6b2eda419d25eaad9cdf82ade49ce1ac,2632301346-2248635392-1661139875-1160661696,2,100,200,0,"(1,1,1)",0.6546536707079772,1.8879275645586047,"dgp2_N100_T200_rank(1,1,1)",0.30000000000000004,0.30000000000000004,0.65,0.6500000000000001,0.85,1.7774613391789282,6.4221259231618815,6.4221259231618815,rank_selection_numerically_unresolved,UNRESOLVED,False,3,1,2.396203884393552e-06,4.284217604487823e-05,0.0003997923350518,1.2043344799088052,1.2048152112147077,2,2,1577.5186345000036,1,1.7763568394002505e-15,0.10097452990122815,1.0,"(3,3,3)","(4,4,4)","[1.2048152112147075, 1.2047442831222157, 1.2043344799088052]","[4.284217604487823e-05, 0.0003997923350518506, 2.396203884393552e-06]",0.0004807313059023155,,False,True,4.284217604487823e-05,True,0,0,0,False,False,failure,True,True,False,False,not_reached_due_to_pilot_failure,not_reached_due_to_pilot_failure,1.0,not_reached_due_to_pilot_failure,not_reached_due_to_pilot_failure,not_reached_due_to_pilot_failure,,False,False,1611.5920226000017,rank_selection_numerically_unresolved: cap+1 pilot failed maintained acceptance diagnostics,success,not_reached_due_to_pilot_failure,0.8226386256056116,1.6239905104778465,4.970414401995758,4.970414401995758,True
2026081101,dgp2_N100_T200_r00001_truth1-1-1,c278d57358ee9c49fc4d70e83f10bb13fb943ac32229feca8934cde9fc6563c6,1162241432-1539829573-2011760443-3967621261,2,100,200,1,"(1,1,1)",0.6546536707079772,1.8879275645586047,"dgp2_N100_T200_rank(1,1,1)",0.30000000000000004,0.30000000000000004,0.65,0.6500000000000001,0.85,1.7774613391789282,6.4221259231618815,6.4221259231618815,rank_selection_numerically_unresolved,UNRESOLVED,False,3,1,3.823328243394226e-06,1.3094884637931784e-05,4.250785486732291e-05,1.1548832309429695,1.159058217154309,3,1,881.5156429999988,1,0.0,0.10097452990122815,1.0,"(3,3,3)","(4,4,4)","[1.1548832309429695, 1.158357543641247, 1.159058217154309]","[3.8233282433942264e-06, 4.250785486732291e-05, 1.3094884637931784e-05]",0.004174986211339382,,False,True,4.250785486732291e-05,True,0,0,0,False,False,failure,True,True,False,False,not_reached_due_to_pilot_failure,not_reached_due_to_pilot_failure,1.0,not_reached_due_to_pilot_failure,not_reached_due_to_pilot_failure,not_reached_due_to_pilot_failure,,False,False,899.3414495999968,rank_selection_numerically_unresolved: cap+1 pilot failed maintained acceptance diagnostics,success,not_reached_due_to_pilot_failure,0.8332210978561785,1.5961298845416974,4.957830420157989,4.957830420157989,True
2026081101,dgp2_N100_T200_r00002_truth1-1-1,5d020a33177e2e2e95c1959920b559659fc10b44328f6a8ada61c55cc9eec021,2276381777-2431264747-2471652980-87082956,2,100,200,2,"(1,1,1)",0.6546536707079772,1.8879275645586047,"dgp2_N100_T200_rank(1,1,1)",0.30000000000000004,0.30000000000000004,0.65,0.6500000000000001,0.85,1.7774613391789282,6.4221259231618815,6.4221259231618815,rank_selection_numerically_unresolved,UNRESOLVED,False,3,1,6.174262126385865e-06,3.4215011604638634e-05,0.0001425329598865,1.1269334346391036,1.1335728535319565,2,2,1996.863334099995,2,0.0,0.10097452990122815,1.0,"(3,3,3)","(4,4,4)","[1.1269334346391036, 1.1306652026087738, 1.1335728535319565]","[3.4215011604638634e-05, 0.00014253295988651482, 6.174262126385865e-06]",0.006639418892852911,,False,True,3.4215011604638634e-05,True,0,0,0,False,False,failure,True,True,False,False,not_reached_due_to_pilot_failure,not_reached_due_to_pilot_failure,1.0,not_reached_due_to_pilot_failure,not_reached_due_to_pilot_failure,not_reached_due_to_pilot_failure,,False,False,2030.507178699998,rank_selection_numerically_unresolved: cap+1 pilot failed maintained acceptance diagnostics,success,not_reached_due_to_pilot_failure,0.85,1.5462924305119712,5.152156657776209,5.152156657776209,True
2026081101,dgp2_N100_T200_r00000_truth2-1-1,3b53dc0e774e08804813d060d9770fc48d33f79a2bf2a6b00436b423cd43a51a,779640520-3473662907-1267405469-2051711537,2,100,200,0,"(2,1,1)",0.6546536707079772,0.8234733334143673,"dgp2_N100_T200_rank(2,1,1)",0.30000000000000004,0.30000000000000004,0.65,0.649999999999767,0.85,1.7774613391789282,2.801192980510017,2.801192980510017,rank_selection_numerically_unresolved,UNRESOLVED,False,3,0,1.5728592420823926e-06,1.0193873397203382e-05,1.6093744947076075e-05,0.228425456524042,0.2287206301011379,3,0,48.87114230002044,0,0.0,0.10097452990122815,1.0,"(3,3,3)","(4,4,4)","[0.22842545652404206, 0.22872063010113794, 0.22856294737832192]","[1.0193873397203382e-05, 1.5728592420823926e-06, 1.6093744947076075e-05]",0.00029517357709588077,,False,True,1.0193873397203382e-05,False,0,0,0,False,False,failure,True,True,False,False,not_reached_due_to_pilot_failure,not_reached_due_to_pilot_failure,1.0,not_reached_due_to_pilot_failure,not_reached_due_to_pilot_failure,not_reached_due_to_pilot_failure,,False,False,49.00637660000939,rank_selection_numerically_unresolved: cap+1 pilot failed maintained acceptance diagnostics,not_needed_interior_fast_path,not_reached_due_to_pilot_failure,0.85,1.5494439887847795,2.261571574356081,2.261571574356081,True
2026081101,dgp2_N100_T200_r00001_truth2-1-1,b8a5f1adeac6833cce44205826ff38723fe48c220896ec0a5f91d2eb45b7113d,2909446021-1037833619-2825099094-51782919,2,100,200,1,"(2,1,1)",0.6546536707079772,0.8234733334143673,"dgp2_N100_T200_rank(2,1,1)",0.30000000000000004,0.30000000000000004,0.65,0.649999999999767,0.85,1.7774613391789282,2.801192980510017,2.801192980510017,rank_selection_numerically_unresolved,UNRESOLVED,False,3,0,2.8081491776918754e-06,8.383334984021605e-06,1.1838573218974156e-05,0.2324422652272913,0.2340914429254923,3,0,53.39215039998817,0,0.0,0.10097452990122815,1.0,"(3,3,3)","(4,4,4)","[0.2324422652272913, 0.23409144292549236, 0.23355465983183585]","[2.8081491776918754e-06, 1.1838573218974156e-05, 8.383334984021605e-06]",0.0016491776982010542,,False,True,2.8081491776918754e-06,False,0,0,0,False,False,failure,True,True,False,False,not_reached_due_to_pilot_failure,not_reached_due_to_pilot_failure,1.0,not_reached_due_to_pilot_failure,not_reached_due_to_pilot_failure,not_reached_due_to_pilot_failure,,False,False,53.51607880000665,rank_selection_numerically_unresolved: cap+1 pilot failed maintained acceptance diagnostics,not_needed_interior_fast_path,not_reached_due_to_pilot_failure,0.8329726596407032,1.5615309280933445,2.057446876725014,2.057446876725014,True
2026081101,dgp2_N100_T200_r00002_truth2-1-1,e8cae7d8f70b6cff232c04809c8c58f685e231488df412c3ed8025db220bb9a8,684342990-2637977197-4167115886-1465024264,2,100,200,2,"(2,1,1)",0.6546536707079772,0.8234733334143673,"dgp2_N100_T200_rank(2,1,1)",0.30000000000000004,0.30000000000000004,0.65,0.649999999999767,0.85,1.7774613391789282,2.801192980510017,2.801192980510017,rank_selection_numerically_unresolved,UNRESOLVED,False,3,0,1.7477884809193704e-06,4.4368890054197815e-06,8.78524165401769e-06,0.2158905745342447,0.216294975640481,3,0,49.557778100002906,0,0.0,0.10097452990122815,1.0,"(3,3,3)","(4,4,4)","[0.21629497564048106, 0.21612307634864383, 0.21589057453424476]","[8.78524165401769e-06, 4.4368890054197815e-06, 1.7477884809193704e-06]",0.0004044011062362962,,False,True,1.7477884809193704e-06,False,0,0,0,False,False,failure,True,True,False,False,not_reached_due_to_pilot_failure,not_reached_due_to_pilot_failure,1.0,not_reached_due_to_pilot_failure,not_reached_due_to_pilot_failure,not_reached_due_to_pilot_failure,,False,False,49.6977681999997,rank_selection_numerically_unresolved: cap+1 pilot failed maintained acceptance diagnostics,not_needed_interior_fast_path,not_reached_due_to_pilot_failure,0.8414173477944527,1.479813910786728,2.352069750662435,2.352069750662435,True
2026081101,dgp2_N200_T100_r00000_truth1-0-2,05c8e0f57fd0e01dc2cc4b09d441f3c61f7e2ed17aa213c930a16abbd293e3e3,1160717492-3103778483-85688007-845631366,2,200,100,0,"(1,0,2)",0.7301712917987002,1.0,"dgp2_N200_T100_rank(1,0,2)",0.30000000000000004,0.30000000000000004,,0.5353637207011697,0.85,0.0,3.794081326870647,3.794081326870647,rank_selection_numerically_unresolved,UNRESOLVED,False,3,0,6.72034781383754e-06,8.102539255933591e-06,1.7314182953046746e-05,0.3470456045084957,0.3489328972340034,3,0,53.15516410002601,0,0.0,0.10097452990122815,1.0,"(3,3,3)","(4,4,4)","[0.34704560450849575, 0.3489328972340034, 0.3476704226013163]","[1.7314182953046746e-05, 6.72034781383754e-06, 8.102539255933591e-06]",0.0018872927255076388,,False,True,1.7314182953046746e-05,False,0,0,0,False,False,failure,True,True,False,False,not_reached_due_to_pilot_failure,not_reached_due_to_pilot_failure,1.0,not_reached_due_to_pilot_failure,not_reached_due_to_pilot_failure,not_reached_due_to_pilot_failure,,False,False,53.262114199998905,rank_selection_numerically_unresolved: cap+1 pilot failed maintained acceptance diagnostics,not_needed_interior_fast_path,not_reached_due_to_pilot_failure,0.8346079540540909,0.0,2.6456790783777824,2.6456790783777824,True
2026081101,dgp2_N200_T100_r00001_truth1-0-2,dd608552b40d1343cbd095b4c70300b0735d453c3fdc2c3baf15b9578b397ad8,1492856023-592413499-3390446711-2652383464,2,200,100,1,"(1,0,2)",0.7301712917987002,1.0,"dgp2_N200_T100_rank(1,0,2)",0.30000000000000004,0.30000000000000004,,0.5353637207011697,0.85,0.0,3.794081326870647,3.794081326870647,rank_selection_numerically_unresolved,UNRESOLVED,False,3,0,5.8226790582602375e-06,1.2015882964342596e-05,1.3060326545440495e-05,0.3296649354844195,0.3299455003697833,3,0,44.80008840000664,0,0.0,0.10097452990122815,1.0,"(3,3,3)","(4,4,4)","[0.3297923851751168, 0.32966493548441955, 0.3299455003697833]","[1.3060326545440497e-05, 1.2015882964342596e-05, 5.8226790582602375e-06]",0.00028056488536376545,,False,True,1.2015882964342596e-05,False,0,0,0,False,False,failure,True,True,False,False,not_reached_due_to_pilot_failure,not_reached_due_to_pilot_failure,1.0,not_reached_due_to_pilot_failure,not_reached_due_to_pilot_failure,not_reached_due_to_pilot_failure,,False,False,44.903867400003946,rank_selection_numerically_unresolved: cap+1 pilot failed maintained acceptance diagnostics,not_needed_interior_fast_path,not_reached_due_to_pilot_failure,0.8085149074347843,0.0,2.3895594849762114,2.3895594849762114,True
2026081101,dgp2_N200_T100_r00002_truth1-0-2,fb99bf75089c3fac35d36978c38d3c0c4fb63eb425a9028b87fdfb705799ccf2,3410010772-3091120781-1330016960-787176426,2,200,100,2,"(1,0,2)",0.7301712917987002,1.0,"dgp2_N200_T100_rank(1,0,2)",0.30000000000000004,0.30000000000000004,,0.5353637207011697,0.85,0.0,3.794081326870647,3.794081326870647,rank_selection_numerically_unresolved,UNRESOLVED,False,3,0,3.296729480074647e-06,4.958250654872113e-06,2.3443607963026645e-05,0.3490888876565023,0.3505012756243311,3,0,45.06266790001246,0,0.0,0.10097452990122815,1.0,"(3,3,3)","(4,4,4)","[0.349617377975098, 0.34908888765650237, 0.35050127562433114]","[3.296729480074647e-06, 4.958250654872113e-06, 2.3443607963026645e-05]",0.0014123879678287765,,False,True,4.958250654872113e-06,False,0,0,0,False,False,failure,True,True,False,False,not_reached_due_to_pilot_failure,not_reached_due_to_pilot_failure,1.0,not_reached_due_to_pilot_failure,not_reached_due_to_pilot_failure,not_reached_due_to_pilot_failure,,False,False,45.16692410000542,rank_selection_numerically_unresolved: cap+1 pilot failed maintained acceptance diagnostics,not_needed_interior_fast_path,not_reached_due_to_pilot_failure,0.85,0.0,2.6517975929032604,2.6517975929032604,True
2026081101,dgp2_N200_T100_r00000_truth1-1-1,f4755ee8bbf117f2f2e8c7d45750ffae99b3bbcbda9e0a92e470c0abcd108dd6,4229688592-2083594547-3011881066-1422467979,2,200,100,0,"(1,1,1)",0.6546536707079772,1.9395541073587763,"dgp2_N200_T100_rank(1,1,1)",0.30000000000000004,0.30000000000000004,0.65,0.6499999999999997,0.85,1.7774613391789282,6.597742914546678,6.597742914546678,rank_selection_numerically_unresolved,UNRESOLVED,False,3,0,9.462626591069151e-06,0.0001770284552609,0.0013389705061935,1.2913248838056155,1.2948513322979065,3,2,2330.6868504000013,0,0.0,0.10097452990122815,1.0,"(3,3,3)","(4,4,4)","[1.2948513322979065, 1.294060776856515, 1.2913248838056155]","[9.462626591069153e-06, 0.0013389705061935017, 0.00017702845526093081]",0.003526448492291001,,False,True,0.00017702845526093081,False,0,0,0,False,False,failure,True,True,False,False,not_reached_due_to_pilot_failure,not_reached_due_to_pilot_failure,1.0,not_reached_due_to_pilot_failure,not_reached_due_to_pilot_failure,not_reached_due_to_pilot_failure,,False,False,2365.218249700003,rank_selection_numerically_unresolved: cap+1 pilot failed maintained acceptance diagnostics,constrained_optimality_failure,not_reached_due_to_pilot_failure,0.85,1.549730701832364,4.532422766135803,4.532422766135803,True
2026081101,dgp2_N200_T100_r00001_truth1-1-1,4b0b609bd15e71a527e3e474fa115c77a1656658b3f079a43ac410e04ec8d03f,4158479276-2685889285-1523139240-1602104542,2,200,100,1,"(1,1,1)",0.6546536707079772,1.9395541073587763,"dgp2_N200_T100_rank(1,1,1)",0.30000000000000004,0.30000000000000004,0.65,0.6499999999999997,0.85,1.7774613391789282,6.597742914546678,6.597742914546678,rank_selection_numerically_unresolved,UNRESOLVED,False,3,0,7.518177105963062e-06,1.807551255746905e-05,0.0067596298394471,1.256731016723391,1.261265893951285,3,1,1121.7248390000022,1,1.7763568394002505e-15,0.10097452990122815,1.0,"(3,3,3)","(4,4,4)","[1.256731016723391, 1.2595206267794459, 1.261265893951285]","[1.807551255746905e-05, 7.518177105963062e-06, 0.006759629839447187]",0.004534877227894141,,False,True,1.807551255746905e-05,False,0,0,0,False,False,failure,True,True,False,False,not_reached_due_to_pilot_failure,not_reached_due_to_pilot_failure,1.0,not_reached_due_to_pilot_failure,not_reached_due_to_pilot_failure,not_reached_due_to_pilot_failure,,False,False,1138.810237400001,rank_selection_numerically_unresolved: cap+1 pilot failed maintained acceptance diagnostics,constrained_optimality_failure,not_reached_due_to_pilot_failure,0.847980594203815,1.5375389341044383,4.968423014179119,4.968423014179119,True
2026081101,dgp2_N200_T100_r00002_truth1-1-1,8eb504328290315d26f4f79f1abdfee3d22d5dc382d3b65243b34ad15eba2dac,4074403517-2217419723-3800116032-3150709109,2,200,100,2,"(1,1,1)",0.6546536707079772,1.9395541073587763,"dgp2_N200_T100_rank(1,1,1)",0.30000000000000004,0.30000000000000004,0.65,0.6499999999999997,0.85,1.7774613391789282,6.597742914546678,6.597742914546678,rank_selection_numerically_unresolved,UNRESOLVED,False,3,1,4.406376920683096e-06,1.9324916278757515e-05,6.888632222454283e-05,1.227838023113888,1.2300313620443697,3,1,1029.4160470999996,1,1.7763568394002505e-15,0.10097452990122815,1.0,"(3,3,3)","(4,4,4)","[1.2299618919887187, 1.2278380231138881, 1.2300313620443697]","[6.888632222454283e-05, 4.406376920683096e-06, 1.9324916278757515e-05]",0.00219333893048157,,False,True,6.888632222454283e-05,True,0,0,0,False,False,failure,True,True,False,False,not_reached_due_to_pilot_failure,not_reached_due_to_pilot_failure,1.0,not_reached_due_to_pilot_failure,not_reached_due_to_pilot_failure,not_reached_due_to_pilot_failure,,False,False,1047.1785069000034,rank_selection_numerically_unresolved: cap+1 pilot failed maintained acceptance diagnostics,success,not_reached_due_to_pilot_failure,0.7610203627965744,1.5946529834898473,4.3471145048105395,4.3471145048105395,True
2026081101,dgp2_N200_T100_r00000_truth2-1-1,3a62b42b2cd9bb304b3c8518afad955e19fe009f0f0e71bafa17eb83d687ad9b,3790761225-1173807021-3031293583-885365753,2,200,100,0,"(2,1,1)",0.6546536707079772,0.8157327437913173,"dgp2_N200_T100_rank(2,1,1)",0.30000000000000004,0.30000000000000004,0.65,0.6499999999999533,0.85,1.7774613391789282,2.774861969611106,2.774861969611106,rank_selection_numerically_unresolved,UNRESOLVED,False,3,0,5.350348334078757e-06,1.0662928277408388e-05,1.6061412816552315e-05,0.2268637388770458,0.2274818233123853,3,0,53.15690980000363,0,0.0,0.10097452990122815,1.0,"(3,3,3)","(4,4,4)","[0.2274818233123853, 0.22686373887704586, 0.22727327907334074]","[1.6061412816552315e-05, 5.350348334078757e-06, 1.0662928277408387e-05]",0.0006180844353394499,,False,True,5.350348334078757e-06,False,0,0,0,False,False,failure,True,True,False,False,not_reached_due_to_pilot_failure,not_reached_due_to_pilot_failure,1.0,not_reached_due_to_pilot_failure,not_reached_due_to_pilot_failure,not_reached_due_to_pilot_failure,,False,False,53.26999319999595,rank_selection_numerically_unresolved: cap+1 pilot failed maintained acceptance diagnostics,not_needed_interior_fast_path,not_reached_due_to_pilot_failure,0.8421114421922458,1.5340776967440588,2.2835148001053702,2.2835148001053702,True
2026081101,dgp2_N200_T100_r00001_truth2-1-1,a190aead170ddf010751d58a35fed306fd51f5ee375c5cb1594caa8ac498a07a,1103191338-425247077-955191325-2614928788,2,200,100,1,"(2,1,1)",0.6546536707079772,0.8157327437913173,"dgp2_N200_T100_rank(2,1,1)",0.30000000000000004,0.30000000000000004,0.65,0.6499999999999533,0.85,1.7774613391789282,2.774861969611106,2.774861969611106,rank_selection_numerically_unresolved,UNRESOLVED,False,3,0,2.09030734460396e-06,3.465264965368603e-06,3.929574585506596e-06,0.2358124271247102,0.236791452899315,3,0,53.24764769998728,0,0.0,0.10097452990122815,1.0,"(3,3,3)","(4,4,4)","[0.23636126250900402, 0.23679145289931502, 0.2358124271247102]","[2.09030734460396e-06, 3.465264965368603e-06, 3.929574585506596e-06]",0.0009790257746048192,,False,True,3.929574585506596e-06,False,0,0,0,False,False,failure,True,True,False,False,not_reached_due_to_pilot_failure,not_reached_due_to_pilot_failure,1.0,not_reached_due_to_pilot_failure,not_reached_due_to_pilot_failure,not_reached_due_to_pilot_failure,,False,False,53.344060200004606,rank_selection_numerically_unresolved: cap+1 pilot failed maintained acceptance diagnostics,not_needed_interior_fast_path,not_reached_due_to_pilot_failure,0.85,1.5363969536605888,1.9963484129176288,1.9963484129176288,True
2026081101,dgp2_N200_T100_r00002_truth2-1-1,dba58d5f85ae0aff5160c837cbb1d68d36cb69fc77d8e9a8706f196eaecb8101,2255864135-2383635385-3104168480-4258043776,2,200,100,2,"(2,1,1)",0.6546536707079772,0.8157327437913173,"dgp2_N200_T100_rank(2,1,1)",0.30000000000000004,0.30000000000000004,0.65,0.6499999999999533,0.85,1.7774613391789282,2.774861969611106,2.774861969611106,rank_selection_numerically_unresolved,UNRESOLVED,False,3,0,2.163965851620409e-06,7.154208394198784e-06,8.605607975438152e-06,0.2358845568721003,0.2364591753239507,3,0,54.14548760000616,0,0.0,0.10097452990122815,1.0,"(3,3,3)","(4,4,4)","[0.23588455687210036, 0.2360991216643226, 0.23645917532395078]","[7.154208394198784e-06, 8.605607975438152e-06, 2.163965851620409e-06]",0.0005746184518504172,,False,True,7.154208394198784e-06,False,0,0,0,False,False,failure,True,True,False,False,not_reached_due_to_pilot_failure,not_reached_due_to_pilot_failure,1.0,not_reached_due_to_pilot_failure,not_reached_due_to_pilot_failure,not_reached_due_to_pilot_failure,,False,False,54.24752509999962,rank_selection_numerically_unresolved: cap+1 pilot failed maintained acceptance diagnostics,not_needed_interior_fast_path,not_reached_due_to_pilot_failure,0.8393634269256821,1.5652216801426684,1.8735932275953615,1.8735932275953615,True
2026081101,dgp2_N200_T200_r00000_truth1-0-2,5caa7df268fc0d0fbe35e863cd639617925fe2b8616226e251e49154664900ea,3743406758-1306273443-2267601266-3263202013,2,200,200,0,"(1,0,2)",0.7301712917987002,1.0,"dgp2_N200_T200_rank(1,0,2)",0.30000000000000004,0.30000000000000004,,0.5308464938821446,0.85,0.0,3.794081326870647,3.794081326870647,rank_selection_numerically_unresolved,UNRESOLVED,False,3,0,2.5783354347960995e-06,2.7011774495594508e-06,2.7609710650003607e-06,0.3896766432658224,0.3904698395130332,3,0,67.48878429998877,0,0.0,0.09436958290887743,1.0,"(3,3,3)","(4,4,4)","[0.38978333867724857, 0.38967664326582246, 0.3904698395130332]","[2.5783354347960995e-06, 2.7609710650003607e-06, 2.7011774495594508e-06]",0.0007931962472107479,,False,True,2.7609710650003607e-06,False,0,0,0,False,False,failure,True,True,False,False,not_reached_due_to_pilot_failure,not_reached_due_to_pilot_failure,1.0,not_reached_due_to_pilot_failure,not_reached_due_to_pilot_failure,not_reached_due_to_pilot_failure,,False,False,67.68956569999864,rank_selection_numerically_unresolved: cap+1 pilot failed maintained acceptance diagnostics,not_needed_interior_fast_path,not_reached_due_to_pilot_failure,0.85,0.0,2.66760092511704,2.66760092511704,True
2026081101,dgp2_N200_T200_r00001_truth1-0-2,82bc196625566abb6664b8bc1586ffc79ad90bfcebb1edec793fd5fee27eac59,372284910-77892654-1040877134-1104300200,2,200,200,1,"(1,0,2)",0.7301712917987002,1.0,"dgp2_N200_T200_rank(1,0,2)",0.30000000000000004,0.30000000000000004,,0.5308464938821446,0.85,0.0,3.794081326870647,3.794081326870647,rank_selection_numerically_unresolved,UNRESOLVED,False,3,1,8.695245259368423e-07,4.717331408479902e-06,6.1914338870620015e-06,0.3814678217339466,0.3826672761721004,3,0,67.82241369999247,0,0.0,0.09436958290887743,1.0,"(3,3,3)","(4,4,4)","[0.38146782173394667, 0.3826672761721004, 0.38195666940093437]","[8.695245259368423e-07, 4.717331408479902e-06, 6.1914338870620015e-06]",0.0011994544381537242,,False,True,8.695245259368423e-07,False,0,0,0,False,False,failure,False,True,False,False,not_reached_due_to_pilot_failure,not_reached_due_to_pilot_failure,1.0,not_reached_due_to_pilot_failure,not_reached_due_to_pilot_failure,not_reached_due_to_pilot_failure,,False,False,68.0252160000091,rank_selection_numerically_unresolved: cap+1 pilot failed maintained acceptance diagnostics,not_needed_interior_fast_path,not_reached_due_to_pilot_failure,0.8467039961955647,0.0,2.8985672506841955,2.8985672506841955,True
2026081101,dgp2_N200_T200_r00002_truth1-0-2,e11e43a19aab0deb24904f903a9b0400533ffd971cdbba489c22eb182588b006,1287592202-926428889-3147535480-1455287782,2,200,200,2,"(1,0,2)",0.7301712917987002,1.0,"dgp2_N200_T200_rank(1,0,2)",0.30000000000000004,0.30000000000000004,,0.5308464938821446,0.85,0.0,3.794081326870647,3.794081326870647,rank_selection_numerically_unresolved,UNRESOLVED,False,3,0,2.30117875705638e-06,2.4712182923762173e-06,2.8514320231636537e-06,0.3800915083294289,0.3802357047729666,3,0,74.52082289999817,0,0.0,0.09436958290887743,1.0,"(3,3,3)","(4,4,4)","[0.3802357047729666, 0.3801996516396851, 0.3800915083294289]","[2.8514320231636537e-06, 2.3011787570563794e-06, 2.4712182923762173e-06]",0.0001441964435376919,,False,True,2.4712182923762173e-06,False,0,0,0,False,False,failure,True,True,False,False,not_reached_due_to_pilot_failure,not_reached_due_to_pilot_failure,1.0,not_reached_due_to_pilot_failure,not_reached_due_to_pilot_failure,not_reached_due_to_pilot_failure,,False,False,74.73850259999745,rank_selection_numerically_unresolved: cap+1 pilot failed maintained acceptance diagnostics,not_needed_interior_fast_path,not_reached_due_to_pilot_failure,0.8161883765869777,0.0,2.7195426409439114,2.7195426409439114,True
2026081101,dgp2_N200_T200_r00000_truth1-1-1,17a8bd8ef94f8d32d1452224fdb1b082a23f6713b14fd40425b333a9f60c2234,331614017-1639660970-1141503130-881740908,2,200,200,0,"(1,1,1)",0.6546536707079772,1.811561381201438,"dgp2_N200_T200_rank(1,1,1)",0.30000000000000004,0.30000000000000004,0.65,0.6499999999999918,0.85,1.7774613391789282,6.162352584927023,6.162352584927023,rank_selection_numerically_unresolved,UNRESOLVED,False,3,1,9.335263466790792e-07,4.8745224310453885e-06,0.0001465233051084,1.240779980406369,1.2417992704227985,3,1,1595.6364856,0,0.0,0.09436958290887743,1.0,"(3,3,3)","(4,4,4)","[1.240779980406369, 1.2417992704227983, 1.240996949035957]","[0.00014652330510849497, 4.8745224310453885e-06, 9.335263466790792e-07]",0.0010192900164291974,,False,True,9.335263466790792e-07,False,0,0,0,False,False,failure,False,True,False,False,not_reached_due_to_pilot_failure,not_reached_due_to_pilot_failure,1.0,not_reached_due_to_pilot_failure,not_reached_due_to_pilot_failure,not_reached_due_to_pilot_failure,,False,False,1621.577347999999,rank_selection_numerically_unresolved: cap+1 pilot failed maintained acceptance diagnostics,constrained_optimality_failure,not_reached_due_to_pilot_failure,0.8207600589831471,1.5460311150453436,4.640453958208571,4.640453958208571,True
2026081101,dgp2_N200_T200_r00001_truth1-1-1,6c503f4ce1e15ec0c508ca668ae5c3e91efb1db7262e983c140a1980052f6fd7,3871191317-3442819875-2705658685-603889802,2,200,200,1,"(1,1,1)",0.6546536707079772,1.811561381201438,"dgp2_N200_T200_rank(1,1,1)",0.30000000000000004,0.30000000000000004,0.65,0.6499999999999918,0.85,1.7774613391789282,6.162352584927023,6.162352584927023,rank_selection_numerically_unresolved,UNRESOLVED,False,3,0,1.3453734234465197e-06,1.6419820243804505e-06,1.989185053068233e-06,1.2691340225572578,1.270506121013966,3,0,76.89879889999429,0,0.0,0.09436958290887743,1.0,"(3,3,3)","(4,4,4)","[1.2705061210139659, 1.2691406820316826, 1.2691340225572578]","[1.6419820243804505e-06, 1.9891850530682326e-06, 1.3453734234465195e-06]",0.0013720984567080485,,False,True,1.3453734234465195e-06,False,0,0,0,False,False,failure,True,True,False,False,not_reached_due_to_pilot_failure,not_reached_due_to_pilot_failure,1.0,not_reached_due_to_pilot_failure,not_reached_due_to_pilot_failure,not_reached_due_to_pilot_failure,,False,False,77.13591459999589,rank_selection_numerically_unresolved: cap+1 pilot failed maintained acceptance diagnostics,not_needed_interior_fast_path,not_reached_due_to_pilot_failure,0.8270555115832342,1.6062459430372003,4.9910122881270835,4.9910122881270835,True
2026081101,dgp2_N200_T200_r00002_truth1-1-1,f9a8a24e30b87fdcd72b3d73b4edb5f09a12a8a4fd4f15984ba5360095ace45f,168039143-1143408197-1636315705-2583352812,2,200,200,2,"(1,1,1)",0.6546536707079772,1.811561381201438,"dgp2_N200_T200_rank(1,1,1)",0.30000000000000004,0.30000000000000004,0.65,0.6499999999999918,0.85,1.7774613391789282,6.162352584927023,6.162352584927023,rank_selection_numerically_unresolved,UNRESOLVED,False,3,0,8.047629749794197e-06,9.87064241558774e-06,1.1816204435215738e-05,1.2653975154645356,1.2679298730458846,3,0,78.1975384000034,0,0.0,0.09436958290887743,1.0,"(3,3,3)","(4,4,4)","[1.2679298730458846, 1.2653975154645356, 1.267097303423489]","[8.047629749794197e-06, 9.870642415587739e-06, 1.1816204435215738e-05]",0.002532357581348954,,False,True,9.870642415587739e-06,False,0,0,0,False,False,failure,True,True,False,False,not_reached_due_to_pilot_failure,not_reached_due_to_pilot_failure,1.0,not_reached_due_to_pilot_failure,not_reached_due_to_pilot_failure,not_reached_due_to_pilot_failure,,False,False,78.43817180000042,rank_selection_numerically_unresolved: cap+1 pilot failed maintained acceptance diagnostics,not_needed_interior_fast_path,not_reached_due_to_pilot_failure,0.7803095215406913,1.6444287488016955,5.096939899024598,5.096939899024598,True
2026081101,dgp2_N200_T200_r00000_truth2-1-1,26ccfdffe38ac8ce6567a083892ceb0b6a154145dba5f25f2d41f87b848d4f3b,2183934088-2639882523-148368913-210126692,2,200,200,0,"(2,1,1)",0.6546536707079772,0.8207030470717459,"dgp2_N200_T200_rank(2,1,1)",0.30000000000000004,0.30000000000000004,0.65,0.6499999999998519,0.85,1.7774613391789282,2.791769352151855,2.791769352151855,rank_selection_numerically_unresolved,UNRESOLVED,False,3,1,9.659954039383944e-07,2.3928538264224738e-06,2.895302585573421e-06,0.2696965346713436,0.2698341377493057,3,0,70.30708669999149,0,0.0,0.09436958290887743,1.0,"(3,3,3)","(4,4,4)","[0.2696965346713436, 0.26983413774930576, 0.2697919512185892]","[2.3928538264224738e-06, 2.8953025855734206e-06, 9.659954039383944e-07]",0.0001376030779621784,,False,True,9.659954039383944e-07,False,0,0,0,False,False,failure,False,True,False,False,not_reached_due_to_pilot_failure,not_reached_due_to_pilot_failure,1.0,not_reached_due_to_pilot_failure,not_reached_due_to_pilot_failure,not_reached_due_to_pilot_failure,,False,False,70.54433240000799,rank_selection_numerically_unresolved: cap+1 pilot failed maintained acceptance diagnostics,not_needed_interior_fast_path,not_reached_due_to_pilot_failure,0.8250124465631086,1.564980636347668,2.1639340606944626,2.1639340606944626,True
2026081101,dgp2_N200_T200_r00001_truth2-1-1,b571de7489d33e197abed47c7a4521896d39c6df1010f89dabccd09c33081a27,1367797622-1444787725-3036616117-1688060580,2,200,200,1,"(2,1,1)",0.6546536707079772,0.8207030470717459,"dgp2_N200_T200_rank(2,1,1)",0.30000000000000004,0.30000000000000004,0.65,0.6499999999998519,0.85,1.7774613391789282,2.791769352151855,2.791769352151855,rank_selection_numerically_unresolved,UNRESOLVED,False,3,1,2.0350092607017608e-07,1.3289456262425392e-06,1.5089022099760523e-06,0.2730652971490601,0.2735841892425531,2,0,66.71945970000525,0,0.0,0.09436958290887743,1.0,"(3,3,3)","(4,4,4)","[0.2735841892425531, 0.2734087308600213, 0.2730652971490601]","[2.0350092607017608e-07, 1.5089022099760525e-06, 1.3289456262425392e-06]",0.0005188920934930397,,False,True,2.0350092607017608e-07,False,0,0,0,False,False,failure,False,True,False,False,not_reached_due_to_pilot_failure,not_reached_due_to_pilot_failure,1.0,not_reached_due_to_pilot_failure,not_reached_due_to_pilot_failure,not_reached_due_to_pilot_failure,,False,False,66.9457098999992,rank_selection_numerically_unresolved: cap+1 pilot failed maintained acceptance diagnostics,not_needed_interior_fast_path,not_reached_due_to_pilot_failure,0.85,1.5872932877383823,2.1667994189001294,2.1667994189001294,True
2026081101,dgp2_N200_T200_r00002_truth2-1-1,009861fa14b9479e4a1e00fac1baea6d9e98838d1803035d177596cadd04da19,1621781694-4189914052-1198683492-2430386415,2,200,200,2,"(2,1,1)",0.6546536707079772,0.8207030470717459,"dgp2_N200_T200_rank(2,1,1)",0.30000000000000004,0.30000000000000004,0.65,0.6499999999998519,0.85,1.7774613391789282,2.791769352151855,2.791769352151855,rank_selection_numerically_unresolved,UNRESOLVED,False,3,1,4.188875841518801e-07,1.0026091951216938e-06,5.010527027221844e-06,0.26512098124179,0.2656157746701253,3,0,72.08532489997742,0,0.0,0.09436958290887743,1.0,"(3,3,3)","(4,4,4)","[0.26528507410009816, 0.26512098124179, 0.26561577467012537]","[4.188875841518801e-07, 5.0105270272218435e-06, 1.0026091951216938e-06]",0.0004947934283353606,,False,True,4.188875841518801e-07,False,0,0,0,False,False,failure,False,True,False,False,not_reached_due_to_pilot_failure,not_reached_due_to_pilot_failure,1.0,not_reached_due_to_pilot_failure,not_reached_due_to_pilot_failure,not_reached_due_to_pilot_failure,,False,False,72.30563220000477,rank_selection_numerically_unresolved: cap+1 pilot failed maintained acceptance diagnostics,not_needed_interior_fast_path,not_reached_due_to_pilot_failure,0.85,1.5484227142500664,1.9932879816785496,1.9932879816785496,True
2026081101,dgp3_N50_T50_r00000_truth1-0-2,88b593abc3e11ca51455eac95532160d7bc4257943701d3f9c6cf322250e7f3c,1286460399-2279507330-2059296155-672249821,3,50,50,0,"(1,0,2)",0.7301712917987002,1.0,"dgp3_N50_T50_rank(1,0,2)",0.30000000000000004,0.30000000000000004,,0.5339217468685004,0.85,0.0,3.794081326870647,3.794081326870647,rank_selection_numerically_unresolved,UNRESOLVED,False,3,0,0.0011148443756042,0.0016561770525461,0.0016724170251457,0.1468730921534616,0.1516710346562294,3,3,770.5065604999982,3,1.7763568394002505e-15,0.12781110931766573,1.0,"(3,3,3)","(4,4,4)","[0.14755528445426144, 0.15167103465622941, 0.14687309215346164]","[0.0016561770525461037, 0.0011148443756042743, 0.0016724170251457347]",0.004797942502767771,,False,True,0.0016724170251457347,True,0,0,0,False,False,failure,True,True,False,False,not_reached_due_to_pilot_failure,not_reached_due_to_pilot_failure,1.0,not_reached_due_to_pilot_failure,not_reached_due_to_pilot_failure,not_reached_due_to_pilot_failure,,False,False,783.6051196000044,rank_selection_numerically_unresolved: cap+1 pilot failed maintained acceptance diagnostics,constrained_optimality_failure,not_reached_due_to_pilot_failure,0.8041900134966471,0.0,2.393033147671226,2.393033147671226,True
2026081101,dgp3_N50_T50_r00001_truth1-0-2,61a6ed207cdf7cdfa270182956722b51e0f979917cb3c88cacd6d9d72cf61e5f,1364441522-2552033468-2661550231-2054488423,3,50,50,1,"(1,0,2)",0.7301712917987002,1.0,"dgp3_N50_T50_rank(1,0,2)",0.30000000000000004,0.30000000000000004,,0.5339217468685004,0.85,0.0,3.794081326870647,3.794081326870647,rank_selection_numerically_unresolved,UNRESOLVED,False,3,0,0.0014357796854337,0.0014441426902164,0.0018347730048753,0.1367994260469422,0.1406125815607567,3,3,744.9214938999794,3,1.7763568394002505e-15,0.12781110931766573,1.0,"(3,3,3)","(4,4,4)","[0.13679942604694226, 0.14061258156075673, 0.137227821614352]","[0.0014441426902164016, 0.001435779685433783, 0.0018347730048753372]",0.0038131555138144757,,False,True,0.0014441426902164016,True,0,0,0,False,False,failure,True,True,False,False,not_reached_due_to_pilot_failure,not_reached_due_to_pilot_failure,1.0,not_reached_due_to_pilot_failure,not_reached_due_to_pilot_failure,not_reached_due_to_pilot_failure,,False,False,771.4770363999996,rank_selection_numerically_unresolved: cap+1 pilot failed maintained acceptance diagnostics,constrained_optimality_failure,not_reached_due_to_pilot_failure,0.8063620975601098,0.0,2.1408329126066614,2.1408329126066614,True
2026081101,dgp3_N50_T50_r00002_truth1-0-2,d99fd28ecc5b99efddac6a12a3730977e328ea4ba5ac90244b3032da847a53e6,1296281065-1838850120-538973158-2436433544,3,50,50,2,"(1,0,2)",0.7301712917987002,1.0,"dgp3_N50_T50_rank(1,0,2)",0.30000000000000004,0.30000000000000004,,0.5339217468685004,0.85,0.0,3.794081326870647,3.794081326870647,rank_selection_numerically_unresolved,UNRESOLVED,False,3,0,3.515734596508459e-05,0.0027577225369213,0.0029857892820847,0.1385272864084746,0.1487949220641692,3,2,588.7208407000144,2,1.7763568394002505e-15,0.12781110931766573,1.0,"(3,3,3)","(4,4,4)","[0.14546486757971766, 0.13852728640847464, 0.1487949220641692]","[3.515734596508459e-05, 0.0029857892820847366, 0.0027577225369213084]",0.010267635655694551,,False,True,0.0029857892820847366,True,0,0,0,False,False,failure,True,True,False,False,not_reached_due_to_pilot_failure,not_reached_due_to_pilot_failure,1.0,not_reached_due_to_pilot_failure,not_reached_due_to_pilot_failure,not_reached_due_to_pilot_failure,,False,False,597.7644325000001,rank_selection_numerically_unresolved: cap+1 pilot failed maintained acceptance diagnostics,constrained_optimality_failure,not_reached_due_to_pilot_failure,0.8232537799587263,0.0,2.5686989519584444,2.5686989519584444,True
2026081101,dgp3_N50_T50_r00000_truth1-1-1,03d9f430e27766a2625728910e3c77b8a111abe95da9f83ad0fd9c9e943102ba,1787509022-980612291-2264160897-3746017924,3,50,50,0,"(1,1,1)",0.6546536707079772,2.120385538189203,"dgp3_N50_T50_rank(1,1,1)",0.30000000000000004,0.30000000000000004,0.65,0.6499999999985444,0.85,1.7774613391789282,7.212873622662619,7.212873622662619,rank_selection_numerically_unresolved,UNRESOLVED,False,3,0,0.0001467850922316,0.0030347524925687,0.0085878798805269,0.6196728608132507,0.6230284131166643,3,3,869.1999139999971,3,1.7763568394002505e-15,0.12781110931766573,1.0,"(3,3,3)","(4,4,4)","[0.6230284131166643, 0.6223688555121779, 0.6196728608132507]","[0.008587879880526946, 0.0030347524925687865, 0.00014678509223161405]",0.003355552303413667,,False,True,0.00014678509223161405,True,0,0,0,False,False,failure,True,True,False,False,not_reached_due_to_pilot_failure,not_reached_due_to_pilot_failure,1.0,not_reached_due_to_pilot_failure,not_reached_due_to_pilot_failure,not_reached_due_to_pilot_failure,,False,False,883.7248831999968,rank_selection_numerically_unresolved: cap+1 pilot failed maintained acceptance diagnostics,constrained_optimality_failure,not_reached_due_to_pilot_failure,0.85,1.4751161920317146,4.90710534899329,4.90710534899329,True
2026081101,dgp3_N50_T50_r00001_truth1-1-1,b90a8f4393b171a4c7591ef7d7deee79591d348c70afbcaff44e56104d08c944,539936278-884572354-2817671413-3966880602,3,50,50,1,"(1,1,1)",0.6546536707079772,2.120385538189203,"dgp3_N50_T50_rank(1,1,1)",0.30000000000000004,0.30000000000000004,0.65,0.6499999999985444,0.85,1.7774613391789282,7.212873622662619,7.212873622662619,rank_selection_numerically_unresolved,UNRESOLVED,False,3,0,0.0004273804353797,0.0034746841085705,0.0050390517799288,0.5970988460582484,0.6101697345934727,3,3,962.6787558000069,3,3.552713678800501e-15,0.12781110931766573,1.0,"(3,3,3)","(4,4,4)","[0.6101697345934727, 0.5985845792955392, 0.5970988460582484]","[0.005039051779928875, 0.0034746841085705744, 0.00042738043537979417]",0.013070888535224312,,False,True,0.00042738043537979417,True,0,0,0,False,False,failure,True,True,False,False,not_reached_due_to_pilot_failure,not_reached_due_to_pilot_failure,1.0,not_reached_due_to_pilot_failure,not_reached_due_to_pilot_failure,not_reached_due_to_pilot_failure,,False,False,977.426918899997,rank_selection_numerically_unresolved: cap+1 pilot failed maintained acceptance diagnostics,constrained_optimality_failure,not_reached_due_to_pilot_failure,0.7272366799057024,1.6018696816160407,5.881200508686051,5.881200508686051,True
2026081101,dgp3_N50_T50_r00002_truth1-1-1,4531304422ee5958ec933540643d2b5fa66df52e0d5d55203acce6783f815eb5,1051216336-3450759078-3828446514-3437268365,3,50,50,2,"(1,1,1)",0.6546536707079772,2.120385538189203,"dgp3_N50_T50_rank(1,1,1)",0.30000000000000004,0.30000000000000004,0.65,0.6499999999985444,0.85,1.7774613391789282,7.212873622662619,7.212873622662619,rank_selection_numerically_unresolved,UNRESOLVED,False,3,1,6.274787920383449e-05,0.0006152767397112,0.0026019585927134,0.555012327733156,0.5682526196888789,2,3,759.8498528000055,3,1.7763568394002505e-15,0.12781110931766573,1.0,"(3,3,3)","(4,4,4)","[0.555012327733156, 0.5585322458917299, 0.5682526196888789]","[0.002601958592713437, 0.000615276739711263, 6.274787920383449e-05]",0.01324029195572285,,False,True,6.274787920383449e-05,True,0,0,0,False,False,failure,True,True,False,False,not_reached_due_to_pilot_failure,not_reached_due_to_pilot_failure,1.0,not_reached_due_to_pilot_failure,not_reached_due_to_pilot_failure,not_reached_due_to_pilot_failure,,False,False,773.8771561999965,rank_selection_numerically_unresolved: cap+1 pilot failed maintained acceptance diagnostics,constrained_optimality_failure,not_reached_due_to_pilot_failure,0.7654092168537561,1.4931891461683828,5.144251932287846,5.144251932287846,True
2026081101,dgp3_N50_T50_r00000_truth2-1-1,63fbf6c8c93feab866e577e906889a6e6229814edf6276ce3678fa21ead39786,1310934072-1270295685-1120480843-229258439,3,50,50,0,"(2,1,1)",0.6546536707079772,0.8543881983884781,"dgp3_N50_T50_rank(2,1,1)",0.30000000000000004,0.30000000000000004,0.65,0.64999999999639,0.85,1.7774613391789282,2.906355466342838,2.906355466342838,rank_selection_numerically_unresolved,UNRESOLVED,False,3,0,2.47097812955215e-05,0.0002317389812706,0.0017333581050805,0.1024386517986876,0.1045596102278448,3,2,498.4366144000087,2,3.552713678800501e-15,0.12781110931766573,1.0,"(3,3,3)","(4,4,4)","[0.10428511862030107, 0.10455961022784487, 0.10243865179868762]","[2.47097812955215e-05, 0.0017333581050805289, 0.0002317389812706045]",0.0021209584291572436,,False,True,0.0002317389812706045,True,0,0,0,False,False,failure,True,True,False,False,not_reached_due_to_pilot_failure,not_reached_due_to_pilot_failure,1.0,not_reached_due_to_pilot_failure,not_reached_due_to_pilot_failure,not_reached_due_to_pilot_failure,,False,False,511.31894450000254,rank_selection_numerically_unresolved: cap+1 pilot failed maintained acceptance diagnostics,constrained_optimality_failure,not_reached_due_to_pilot_failure,0.8061311879440373,1.4505190617459114,1.9509634117945633,1.9509634117945633,True
2026081101,dgp3_N50_T50_r00001_truth2-1-1,35b7fccfe52cc1852ab325697d464b399d7f1b25643449219505e4ab1d63a09f,303856711-3513806541-941558668-3304176264,3,50,50,1,"(2,1,1)",0.6546536707079772,0.8543881983884781,"dgp3_N50_T50_rank(2,1,1)",0.30000000000000004,0.30000000000000004,0.65,0.64999999999639,0.85,1.7774613391789282,2.906355466342838,2.906355466342838,rank_selection_numerically_unresolved,UNRESOLVED,False,3,0,5.789915012353718e-05,0.001666462832142,0.0019496163955181,0.0929830355881104,0.0955430637272832,3,2,527.2132780000102,2,0.0,0.12781110931766573,1.0,"(3,3,3)","(4,4,4)","[0.09298303558811048, 0.09554306372728327, 0.09320955902218633]","[0.0016664628321420656, 5.789915012353718e-05, 0.0019496163955181171]",0.0025600281391727903,,False,True,0.0016664628321420656,True,0,0,0,False,False,failure,True,True,False,False,not_reached_due_to_pilot_failure,not_reached_due_to_pilot_failure,1.0,not_reached_due_to_pilot_failure,not_reached_due_to_pilot_failure,not_reached_due_to_pilot_failure,,False,False,542.9851682000008,rank_selection_numerically_unresolved: cap+1 pilot failed maintained acceptance diagnostics,constrained_optimality_failure,not_reached_due_to_pilot_failure,0.8009845924540014,1.549381083958083,2.1186256375645707,2.1186256375645707,True
2026081101,dgp3_N50_T50_r00002_truth2-1-1,2df87b84962772f083164a64a2ec730df6cabd5d5d4fe20bcb106322bce0048c,2487863820-2779217692-510023001-3888235150,3,50,50,2,"(2,1,1)",0.6546536707079772,0.8543881983884781,"dgp3_N50_T50_rank(2,1,1)",0.30000000000000004,0.30000000000000004,0.65,0.64999999999639,0.85,1.7774613391789282,2.906355466342838,2.906355466342838,rank_selection_numerically_unresolved,UNRESOLVED,False,3,0,6.91999971906306e-05,0.0011693837689187,0.0024238502095746,0.0986788227973747,0.1009835157172009,3,2,511.8389872000116,2,1.7763568394002505e-15,0.12781110931766573,1.0,"(3,3,3)","(4,4,4)","[0.09867882279737475, 0.09986505295982728, 0.10098351571720092]","[0.0011693837689187088, 6.91999971906306e-05, 0.002423850209574689]",0.0023046929198261706,,False,True,0.0011693837689187088,True,0,0,0,False,False,failure,True,True,False,False,not_reached_due_to_pilot_failure,not_reached_due_to_pilot_failure,1.0,not_reached_due_to_pilot_failure,not_reached_due_to_pilot_failure,not_reached_due_to_pilot_failure,,False,False,525.2193690999993,rank_selection_numerically_unresolved: cap+1 pilot failed maintained acceptance diagnostics,constrained_optimality_failure,not_reached_due_to_pilot_failure,0.85,1.4471737489988135,1.5747319581334827,1.5747319581334827,True
2026081101,dgp3_N100_T100_r00000_truth1-0-2,f7d62a1602afc3c86f857e546de7174446880808996bee3c720569418fd02cde,1486809788-3470835578-2828738532-480705615,3,100,100,0,"(1,0,2)",0.7301712917987002,1.0,"dgp3_N100_T100_rank(1,0,2)",0.30000000000000004,0.30000000000000004,,0.5322227606458266,0.85,0.0,3.794081326870647,3.794081326870647,rank_selection_numerically_unresolved,UNRESOLVED,False,3,0,5.881542808052624e-06,3.623825218193628e-05,0.0074932809773142,0.2935778819093665,0.2961413267298926,3,1,597.3741806000035,1,0.0,0.10857362047581294,1.0,"(3,3,3)","(4,4,4)","[0.2935778819093665, 0.2961413267298926, 0.2938399847274581]","[0.007493280977314237, 3.623825218193628e-05, 5.881542808052624e-06]",0.002563444820526062,,False,True,0.007493280977314237,True,0,0,0,False,False,failure,True,True,False,False,not_reached_due_to_pilot_failure,not_reached_due_to_pilot_failure,1.0,not_reached_due_to_pilot_failure,not_reached_due_to_pilot_failure,not_reached_due_to_pilot_failure,,False,False,615.603362599999,rank_selection_numerically_unresolved: cap+1 pilot failed maintained acceptance diagnostics,constrained_optimality_failure,not_reached_due_to_pilot_failure,0.8328463249703848,0.0,2.5211587339911765,2.5211587339911765,True
2026081101,dgp3_N100_T100_r00001_truth1-0-2,b398fba12e8f3185adcfe4bf529a9b0a87eb60828d1c81e6739dd975b0db3d5e,2821187388-1241561100-1598424872-2486452929,3,100,100,1,"(1,0,2)",0.7301712917987002,1.0,"dgp3_N100_T100_rank(1,0,2)",0.30000000000000004,0.30000000000000004,,0.5322227606458266,0.85,0.0,3.794081326870647,3.794081326870647,rank_selection_numerically_unresolved,UNRESOLVED,False,3,1,2.4876701096838125e-06,8.944549514733613e-05,0.00101301849532,0.278375143498077,0.2800438992621692,2,2,620.2021820000082,2,0.0,0.10857362047581294,1.0,"(3,3,3)","(4,4,4)","[0.27837514349807707, 0.27940006535555706, 0.28004389926216927]","[2.4876701096838125e-06, 0.0010130184953200869, 8.944549514733613e-05]",0.0016687557640922002,,False,True,8.944549514733613e-05,True,0,0,0,False,False,failure,True,True,False,False,not_reached_due_to_pilot_failure,not_reached_due_to_pilot_failure,1.0,not_reached_due_to_pilot_failure,not_reached_due_to_pilot_failure,not_reached_due_to_pilot_failure,,False,False,639.7874908999947,rank_selection_numerically_unresolved: cap+1 pilot failed maintained acceptance diagnostics,constrained_optimality_failure,not_reached_due_to_pilot_failure,0.85,0.0,2.6686234379618194,2.6686234379618194,True
2026081101,dgp3_N100_T100_r00002_truth1-0-2,5afd13a56c5c61449ebe75e40178edb5cedfeb247b3f07f542fd3e41b9d439d2,3223358018-2139520084-1500177038-3074857076,3,100,100,2,"(1,0,2)",0.7301712917987002,1.0,"dgp3_N100_T100_rank(1,0,2)",0.30000000000000004,0.30000000000000004,,0.5322227606458266,0.85,0.0,3.794081326870647,3.794081326870647,rank_selection_numerically_unresolved,UNRESOLVED,False,3,0,1.1287483782475832e-05,3.0064868016245265e-05,0.0007545445095691,0.2903248231712975,0.2919822479143108,3,1,600.0074667000008,0,0.0,0.10857362047581294,1.0,"(3,3,3)","(4,4,4)","[0.2919822479143108, 0.29032482317129754, 0.29041688463476856]","[0.0007545445095691722, 3.0064868016245262e-05, 1.1287483782475832e-05]",0.0016574247430132805,,False,True,3.0064868016245262e-05,False,0,0,0,False,False,failure,True,True,False,False,not_reached_due_to_pilot_failure,not_reached_due_to_pilot_failure,1.0,not_reached_due_to_pilot_failure,not_reached_due_to_pilot_failure,not_reached_due_to_pilot_failure,,False,False,609.8376243000093,rank_selection_numerically_unresolved: cap+1 pilot failed maintained acceptance diagnostics,constrained_optimality_failure,not_reached_due_to_pilot_failure,0.7830360117233731,0.0,2.472712820090731,2.472712820090731,True
2026081101,dgp3_N100_T100_r00000_truth1-1-1,37af1461e411e3035b8fbb6669d48d1774c66466a77646aa8fb818831177396d,800624461-1201598490-1118010334-613245821,3,100,100,0,"(1,1,1)",0.6546536707079772,2.2061769220223826,"dgp3_N100_T100_rank(1,1,1)",0.30000000000000004,0.30000000000000004,0.65,0.6500000000035006,0.85,1.7774613391789282,7.504708479275779,7.504708479275779,rank_selection_numerically_unresolved,UNRESOLVED,False,3,0,0.0008991008756848,0.000925039282069,0.0035674015073663,1.3130689879199198,1.3215854714073283,3,3,2089.0064537,2,1.7763568394002505e-15,0.10857362047581294,1.0,"(3,3,3)","(4,4,4)","[1.3215854714073285, 1.3176551366809366, 1.3130689879199198]","[0.0009250392820690379, 0.0008991008756848789, 0.0035674015073663494]",0.008516483487408744,,False,True,0.0035674015073663494,False,0,0,0,False,False,failure,True,True,False,False,not_reached_due_to_pilot_failure,not_reached_due_to_pilot_failure,1.0,not_reached_due_to_pilot_failure,not_reached_due_to_pilot_failure,not_reached_due_to_pilot_failure,,False,False,2120.0342189999938,rank_selection_numerically_unresolved: cap+1 pilot failed maintained acceptance diagnostics,constrained_optimality_failure,not_reached_due_to_pilot_failure,0.8464704560232583,1.5040468905913376,5.9022877904643885,5.9022877904643885,True
2026081101,dgp3_N100_T100_r00001_truth1-1-1,d281a17ca57f24c1abf038956e04b586312420b3af79981f6826eb3084c307b2,733804780-2954729125-3062950983-3132550845,3,100,100,1,"(1,1,1)",0.6546536707079772,2.2061769220223826,"dgp3_N100_T100_rank(1,1,1)",0.30000000000000004,0.30000000000000004,0.65,0.6500000000035006,0.85,1.7774613391789282,7.504708479275779,7.504708479275779,rank_selection_numerically_unresolved,UNRESOLVED,False,3,2,5.3461288708924e-05,5.365411428767645e-05,0.0014284097949892,1.3846609113449655,1.391274235989886,1,3,1400.8112886000017,3,1.7763568394002505e-15,0.10857362047581294,1.0,"(3,3,3)","(4,4,4)","[1.391274235989886, 1.3886074761114622, 1.3846609113449657]","[5.365411428767645e-05, 0.001428409794989267, 5.3461288708924e-05]",0.00661332464492026,0.004776132980092956,False,True,5.3461288708924e-05,True,0,0,0,False,False,failure,True,True,False,False,not_reached_due_to_pilot_failure,not_reached_due_to_pilot_failure,1.0,not_reached_due_to_pilot_failure,not_reached_due_to_pilot_failure,not_reached_due_to_pilot_failure,,False,False,1434.9069937000022,rank_selection_numerically_unresolved: cap+1 pilot failed maintained acceptance diagnostics,success,not_reached_due_to_pilot_failure,0.85,1.506577822337127,5.831302952053912,5.831302952053912,True
2026081101,dgp3_N100_T100_r00002_truth1-1-1,339833ebcb2b1bd963185bc1a97bb5e7c24367dc304683b2541b30ea6b324095,3221864397-430044745-1720711488-2354641883,3,100,100,2,"(1,1,1)",0.6546536707079772,2.2061769220223826,"dgp3_N100_T100_rank(1,1,1)",0.30000000000000004,0.30000000000000004,0.65,0.6500000000035006,0.85,1.7774613391789282,7.504708479275779,7.504708479275779,rank_selection_numerically_unresolved,UNRESOLVED,False,3,1,6.038980465343752e-05,0.0003372398801304,0.0006817981187328,1.3706981896155166,1.377638431057849,3,3,1916.4876403000017,3,1.7763568394002505e-15,0.10857362047581294,1.0,"(3,3,3)","(4,4,4)","[1.3706981896155166, 1.3776384310578487, 1.3716249983189366]","[0.0003372398801304572, 0.0006817981187328597, 6.0389804653437516e-05]",0.0069402414423320735,,False,True,6.0389804653437516e-05,True,0,0,0,False,False,failure,True,True,False,False,not_reached_due_to_pilot_failure,not_reached_due_to_pilot_failure,1.0,not_reached_due_to_pilot_failure,not_reached_due_to_pilot_failure,not_reached_due_to_pilot_failure,,False,False,1946.950404199997,rank_selection_numerically_unresolved: cap+1 pilot failed maintained acceptance diagnostics,constrained_optimality_failure,not_reached_due_to_pilot_failure,0.848294806319566,1.472123075700298,5.073075466569115,5.073075466569115,True
2026081101,dgp3_N100_T100_r00000_truth2-1-1,95852fdaa8aab731bea915081c43adb02ad4a86fc0a5c522d06bc8fdc347b2fb,2959526028-146271523-4137328768-319987039,3,100,100,0,"(2,1,1)",0.6546536707079772,0.8726943523347386,"dgp3_N100_T100_rank(2,1,1)",0.30000000000000004,0.30000000000000004,0.65,0.6499999999910316,0.85,1.7774613391789282,2.968627148804955,2.968627148804955,rank_selection_numerically_unresolved,UNRESOLVED,False,3,1,9.065557087310556e-07,1.1772418268515936e-05,1.4131945339040744e-05,0.2202314091797036,0.2228427904440603,3,0,33.39876429998549,0,0.0,0.10857362047581294,1.0,"(3,3,3)","(4,4,4)","[0.22023140917970369, 0.22194034398529772, 0.22284279044406038]","[9.065557087310557e-07, 1.4131945339040745e-05, 1.1772418268515936e-05]",0.002611381264356699,,False,True,9.065557087310557e-07,False,0,0,0,False,False,failure,False,True,False,False,not_reached_due_to_pilot_failure,not_reached_due_to_pilot_failure,1.0,not_reached_due_to_pilot_failure,not_reached_due_to_pilot_failure,not_reached_due_to_pilot_failure,,False,False,33.46232120000059,rank_selection_numerically_unresolved: cap+1 pilot failed maintained acceptance diagnostics,not_needed_interior_fast_path,not_reached_due_to_pilot_failure,0.8471791769590746,1.4832636997106485,2.4516374709343265,2.4516374709343265,True
2026081101,dgp3_N100_T100_r00001_truth2-1-1,697c8e8a6236984b41214bb44de443f4401b21f857cdc35c86f27ccf8529e129,976224121-2357997850-1393717145-3993617420,3,100,100,1,"(2,1,1)",0.6546536707079772,0.8726943523347386,"dgp3_N100_T100_rank(2,1,1)",0.30000000000000004,0.30000000000000004,0.65,0.6499999999910316,0.85,1.7774613391789282,2.968627148804955,2.968627148804955,rank_selection_numerically_unresolved,UNRESOLVED,False,3,1,8.05174702697388e-06,1.3298641645527726e-05,8.803753831657178e-05,0.2205668407933127,0.2214069408033112,2,1,254.38648529999776,1,0.0,0.10857362047581294,1.0,"(3,3,3)","(4,4,4)","[0.22056684079331276, 0.22140694080331122, 0.22086855257952967]","[8.05174702697388e-06, 8.803753831657178e-05, 1.3298641645527726e-05]",0.0008401000099984568,,False,True,8.803753831657178e-05,True,0,0,0,False,False,failure,True,True,False,False,not_reached_due_to_pilot_failure,not_reached_due_to_pilot_failure,1.0,not_reached_due_to_pilot_failure,not_reached_due_to_pilot_failure,not_reached_due_to_pilot_failure,,False,False,268.96275869999954,rank_selection_numerically_unresolved: cap+1 pilot failed maintained acceptance diagnostics,success,not_reached_due_to_pilot_failure,0.85,1.609588168972847,2.14582891729842,2.14582891729842,True
2026081101,dgp3_N100_T100_r00002_truth2-1-1,95c0f5b495cda4fab8689027a45d096700a96e806a6f5dee668352af67156c88,3411092425-503350499-1123752593-1407803333,3,100,100,2,"(2,1,1)",0.6546536707079772,0.8726943523347386,"dgp3_N100_T100_rank(2,1,1)",0.30000000000000004,0.30000000000000004,0.65,0.6499999999910316,0.85,1.7774613391789282,2.968627148804955,2.968627148804955,rank_selection_numerically_unresolved,UNRESOLVED,False,3,0,3.887974617252112e-06,1.0755134265690564e-05,0.0001542041412718,0.2248809944394218,0.2256366785686489,3,1,423.7268827999942,1,0.0,0.10857362047581294,1.0,"(3,3,3)","(4,4,4)","[0.2256366785686489, 0.22488099443942183, 0.22543977068481336]","[1.0755134265690565e-05, 0.00015420414127187467, 3.887974617252112e-06]",0.00075568412922708,,False,True,0.00015420414127187467,True,0,0,0,False,False,failure,True,True,False,False,not_reached_due_to_pilot_failure,not_reached_due_to_pilot_failure,1.0,not_reached_due_to_pilot_failure,not_reached_due_to_pilot_failure,not_reached_due_to_pilot_failure,,False,False,433.4777071999997,rank_selection_numerically_unresolved: cap+1 pilot failed maintained acceptance diagnostics,constrained_optimality_failure,not_reached_due_to_pilot_failure,0.8377188406463731,1.5133587982802148,2.0378265257375885,2.0378265257375885,True
2026081101,dgp3_N100_T200_r00000_truth1-0-2,18083930c1332f118e562f19004ff61151d6fd648011a94d137e45d28b255561,938605600-988183740-635215163-4032801214,3,100,200,0,"(1,0,2)",0.7301712917987002,1.0,"dgp3_N100_T200_rank(1,0,2)",0.30000000000000004,0.30000000000000004,,0.5350630611231841,0.85,0.0,3.794081326870647,3.794081326870647,rank_selection_numerically_unresolved,UNRESOLVED,False,3,1,5.743281649559757e-06,1.2251161193125584e-05,7.721495877146348e-05,0.3003398275301537,0.3006815859098853,2,1,292.7259938999923,1,0.0,0.10097452990122815,1.0,"(3,3,3)","(4,4,4)","[0.30068158590988536, 0.30033982753015376, 0.30054793261703716]","[1.2251161193125584e-05, 5.743281649559757e-06, 7.721495877146348e-05]",0.00034175837973160483,,False,True,7.721495877146348e-05,True,0,0,0,False,False,failure,True,True,False,False,not_reached_due_to_pilot_failure,not_reached_due_to_pilot_failure,1.0,not_reached_due_to_pilot_failure,not_reached_due_to_pilot_failure,not_reached_due_to_pilot_failure,,False,False,308.42750890000025,rank_selection_numerically_unresolved: cap+1 pilot failed maintained acceptance diagnostics,success,not_reached_due_to_pilot_failure,0.8271456733729784,0.0,2.610484085514208,2.610484085514208,True
2026081101,dgp3_N100_T200_r00001_truth1-0-2,f3f58bde06e8637686c38b023ea1322250ae97c343dd505f51b68fa295bd72b2,132042692-2685114869-3716010726-1199888201,3,100,200,1,"(1,0,2)",0.7301712917987002,1.0,"dgp3_N100_T200_rank(1,0,2)",0.30000000000000004,0.30000000000000004,,0.5350630611231841,0.85,0.0,3.794081326870647,3.794081326870647,rank_selection_numerically_unresolved,UNRESOLVED,False,3,0,2.951833487389109e-06,3.5618371821741444e-06,7.686373673954901e-06,0.336555961686735,0.3377426469134662,3,0,72.11868339998182,0,0.0,0.10097452990122815,1.0,"(3,3,3)","(4,4,4)","[0.3377426469134662, 0.336555961686735, 0.337422964964206]","[7.686373673954901e-06, 3.5618371821741444e-06, 2.951833487389109e-06]",0.00118668522673121,,False,True,3.5618371821741444e-06,False,0,0,0,False,False,failure,True,True,False,False,not_reached_due_to_pilot_failure,not_reached_due_to_pilot_failure,1.0,not_reached_due_to_pilot_failure,not_reached_due_to_pilot_failure,not_reached_due_to_pilot_failure,,False,False,72.25224170000001,rank_selection_numerically_unresolved: cap+1 pilot failed maintained acceptance diagnostics,not_needed_interior_fast_path,not_reached_due_to_pilot_failure,0.8126825592344189,0.0,2.6697509977013056,2.6697509977013056,True
2026081101,dgp3_N100_T200_r00002_truth1-0-2,45eca59ce2be79c5833c6be8b1616e595c1b66f8a5856a2321e122a926fada14,1448961709-1017913080-618808642-1844282223,3,100,200,2,"(1,0,2)",0.7301712917987002,1.0,"dgp3_N100_T200_rank(1,0,2)",0.30000000000000004,0.30000000000000004,,0.5350630611231841,0.85,0.0,3.794081326870647,3.794081326870647,rank_selection_numerically_unresolved,UNRESOLVED,False,3,0,3.7600544860688257e-06,5.008167090770387e-06,1.4185599945726256e-05,0.3383900031449402,0.3395721099770807,3,0,59.04223550000461,0,0.0,0.10097452990122815,1.0,"(3,3,3)","(4,4,4)","[0.3395721099770807, 0.3383900031449402, 0.3391574798371812]","[5.008167090770387e-06, 1.4185599945726256e-05, 3.7600544860688257e-06]",0.0011821068321404837,,False,True,1.4185599945726256e-05,False,0,0,0,False,False,failure,True,True,False,False,not_reached_due_to_pilot_failure,not_reached_due_to_pilot_failure,1.0,not_reached_due_to_pilot_failure,not_reached_due_to_pilot_failure,not_reached_due_to_pilot_failure,,False,False,59.16673230000015,rank_selection_numerically_unresolved: cap+1 pilot failed maintained acceptance diagnostics,not_needed_interior_fast_path,not_reached_due_to_pilot_failure,0.8462158738561649,0.0,2.850746459453898,2.850746459453898,True
2026081101,dgp3_N100_T200_r00000_truth1-1-1,3b8cf34dec38da5b6e88d1580111c0b20530fe79097314febfd94215e449f113,4250758966-2789389851-3659802913-1137425109,3,100,200,0,"(1,1,1)",0.6546536707079772,2.1416938733206283,"dgp3_N100_T200_rank(1,1,1)",0.30000000000000004,0.30000000000000004,0.65,0.6499999999996503,0.85,1.7774613391789282,7.285357765590497,7.285357765590497,rank_selection_numerically_unresolved,UNRESOLVED,False,3,0,2.0957330821045907e-05,0.000155288162863,0.0006354762356226,1.3867633551375946,1.3882175770104357,3,2,2293.856565400005,1,1.7763568394002505e-15,0.10097452990122815,1.0,"(3,3,3)","(4,4,4)","[1.3867633551375946, 1.3870314708716722, 1.3882175770104357]","[0.00015528816286309943, 0.0006354762356226303, 2.0957330821045907e-05]",0.001454221872841055,,False,True,0.00015528816286309943,True,0,0,0,False,False,failure,True,True,False,False,not_reached_due_to_pilot_failure,not_reached_due_to_pilot_failure,1.0,not_reached_due_to_pilot_failure,not_reached_due_to_pilot_failure,not_reached_due_to_pilot_failure,,False,False,2326.271450799992,rank_selection_numerically_unresolved: cap+1 pilot failed maintained acceptance diagnostics,constrained_optimality_failure,not_reached_due_to_pilot_failure,0.85,1.6972905455966698,5.878849297992467,5.878849297992467,True
2026081101,dgp3_N100_T200_r00001_truth1-1-1,aaba470204ba3c965241769a180fb923e519691a95e11c55eeeb452bfe896583,1421913956-2949771112-576327862-529411216,3,100,200,1,"(1,1,1)",0.6546536707079772,2.1416938733206283,"dgp3_N100_T200_rank(1,1,1)",0.30000000000000004,0.30000000000000004,0.65,0.6499999999996503,0.85,1.7774613391789282,7.285357765590497,7.285357765590497,rank_selection_numerically_unresolved,UNRESOLVED,False,3,0,4.788025979969696e-06,9.168396775762656e-06,2.675661045642396e-05,1.4952259631980311,1.4974765944279036,3,0,50.29561380000814,0,0.0,0.10097452990122815,1.0,"(3,3,3)","(4,4,4)","[1.4974765944279036, 1.4952259631980311, 1.496415625579012]","[4.788025979969696e-06, 2.6756610456423956e-05, 9.168396775762656e-06]",0.0022506312298724573,,False,True,2.6756610456423956e-05,False,0,0,0,False,False,failure,True,True,False,False,not_reached_due_to_pilot_failure,not_reached_due_to_pilot_failure,1.0,not_reached_due_to_pilot_failure,not_reached_due_to_pilot_failure,not_reached_due_to_pilot_failure,,False,False,50.42111090000253,rank_selection_numerically_unresolved: cap+1 pilot failed maintained acceptance diagnostics,not_needed_interior_fast_path,not_reached_due_to_pilot_failure,0.8378224146309886,1.5649596449198238,5.52084367900142,5.52084367900142,True
2026081101,dgp3_N100_T200_r00002_truth1-1-1,baf365d7e4a9dcf7612c441329c860e51c4afd98f6187904d4446313c542241e,2239952218-2216757505-2313403139-373250267,3,100,200,2,"(1,1,1)",0.6546536707079772,2.1416938733206283,"dgp3_N100_T200_rank(1,1,1)",0.30000000000000004,0.30000000000000004,0.65,0.6499999999996503,0.85,1.7774613391789282,7.285357765590497,7.285357765590497,rank_selection_numerically_unresolved,UNRESOLVED,False,3,0,7.085747741096767e-06,7.135119622090649e-06,0.0002077562398984,1.5265892562834231,1.533091743442906,3,1,1033.7777231999935,1,1.7763568394002505e-15,0.10097452990122815,1.0,"(3,3,3)","(4,4,4)","[1.5265892562834233, 1.5296520265478653, 1.5330917434429059]","[7.085747741096767e-06, 7.135119622090649e-06, 0.0002077562398984591]",0.0065024871594825395,,False,True,7.085747741096767e-06,False,0,0,0,False,False,failure,True,True,False,False,not_reached_due_to_pilot_failure,not_reached_due_to_pilot_failure,1.0,not_reached_due_to_pilot_failure,not_reached_due_to_pilot_failure,not_reached_due_to_pilot_failure,,False,False,1050.1676802000002,rank_selection_numerically_unresolved: cap+1 pilot failed maintained acceptance diagnostics,constrained_optimality_failure,not_reached_due_to_pilot_failure,0.8357582158725211,1.599400730115215,5.657327744596006,5.657327744596006,True
2026081101,dgp3_N100_T200_r00000_truth2-1-1,f11f7d11b8a653f8aeec54dc87c065fc0198da938eda016bde90a0af8768372d,479170968-3420788171-1864653244-498376269,3,100,200,0,"(2,1,1)",0.6546536707079772,0.8704685622272422,"dgp3_N100_T200_rank(2,1,1)",0.30000000000000004,0.30000000000000004,0.65,0.6499999999913251,0.85,1.7774613391789282,2.9610557225398737,2.9610557225398737,rank_selection_numerically_unresolved,UNRESOLVED,False,3,0,1.371155802849612e-06,2.365538650137117e-06,1.5209549254664452e-05,0.2513879325305751,0.252115428196469,3,0,59.08073489999515,0,0.0,0.10097452990122815,1.0,"(3,3,3)","(4,4,4)","[0.2513879325305751, 0.25211542819646904, 0.25158730201804985]","[2.365538650137117e-06, 1.5209549254664453e-05, 1.371155802849612e-06]",0.000727495665893918,,False,True,2.365538650137117e-06,False,0,0,0,False,False,failure,True,True,False,False,not_reached_due_to_pilot_failure,not_reached_due_to_pilot_failure,1.0,not_reached_due_to_pilot_failure,not_reached_due_to_pilot_failure,not_reached_due_to_pilot_failure,,False,False,59.20211169999675,rank_selection_numerically_unresolved: cap+1 pilot failed maintained acceptance diagnostics,not_needed_interior_fast_path,not_reached_due_to_pilot_failure,0.8320041596170173,1.5126027598982121,2.1445881903399746,2.1445881903399746,True
2026081101,dgp3_N100_T200_r00001_truth2-1-1,f81c184b241717a11dafdfef69b00ce96d05e283e8acb27d1239849853f60740,2070444568-465963934-1203666639-929789934,3,100,200,1,"(2,1,1)",0.6546536707079772,0.8704685622272422,"dgp3_N100_T200_rank(2,1,1)",0.30000000000000004,0.30000000000000004,0.65,0.6499999999913251,0.85,1.7774613391789282,2.9610557225398737,2.9610557225398737,rank_selection_numerically_unresolved,UNRESOLVED,False,3,1,7.846793586843617e-07,5.370741443930157e-06,1.351401982626798e-05,0.2562574408110548,0.2568758939873978,3,0,58.702428600008716,0,0.0,0.10097452990122815,1.0,"(3,3,3)","(4,4,4)","[0.2563675907037742, 0.25687589398739785, 0.25625744081105484]","[5.370741443930157e-06, 1.3514019826267979e-05, 7.846793586843617e-07]",0.0006184531763430146,,False,True,7.846793586843617e-07,False,0,0,0,False,False,failure,False,True,False,False,not_reached_due_to_pilot_failure,not_reached_due_to_pilot_failure,1.0,not_reached_due_to_pilot_failure,not_reached_due_to_pilot_failure,not_reached_due_to_pilot_failure,,False,False,58.822180899995146,rank_selection_numerically_unresolved: cap+1 pilot failed maintained acceptance diagnostics,not_needed_interior_fast_path,not_reached_due_to_pilot_failure,0.8421530809570125,1.5714788235210555,2.292768112459125,2.292768112459125,True
2026081101,dgp3_N100_T200_r00002_truth2-1-1,31080b0f599d4cab478a77c2520ff14309bcd2e432af3b2a33677a84f098573e,3371159053-1768383540-4162441873-202815216,3,100,200,2,"(2,1,1)",0.6546536707079772,0.8704685622272422,"dgp3_N100_T200_rank(2,1,1)",0.30000000000000004,0.30000000000000004,0.65,0.6499999999913251,0.85,1.7774613391789282,2.9610557225398737,2.9610557225398737,rank_selection_numerically_unresolved,UNRESOLVED,False,3,0,3.227829461984981e-06,7.949868344086509e-06,8.463903320929366e-06,0.2453356374712469,0.2460381366460254,3,0,53.38276730000507,0,0.0,0.10097452990122815,1.0,"(3,3,3)","(4,4,4)","[0.24586300486617502, 0.2460381366460254, 0.2453356374712469]","[3.227829461984981e-06, 7.949868344086509e-06, 8.463903320929366e-06]",0.0007024991747784926,,False,True,8.463903320929366e-06,False,0,0,0,False,False,failure,True,True,False,False,not_reached_due_to_pilot_failure,not_reached_due_to_pilot_failure,1.0,not_reached_due_to_pilot_failure,not_reached_due_to_pilot_failure,not_reached_due_to_pilot_failure,,False,False,53.49286349999602,rank_selection_numerically_unresolved: cap+1 pilot failed maintained acceptance diagnostics,not_needed_interior_fast_path,not_reached_due_to_pilot_failure,0.85,1.6212293610496151,2.293277154714774,2.293277154714774,True
2026081101,dgp3_N200_T100_r00000_truth1-0-2,0a37af0d263b8d60830a3426a1f25db94aba30072f94adaa8c749ad813a954a7,3656346985-502819203-2078870138-2860639267,3,200,100,0,"(1,0,2)",0.7301712917987002,1.0,"dgp3_N200_T100_rank(1,0,2)",0.30000000000000004,0.30000000000000004,,0.5292955787869738,0.85,0.0,3.794081326870647,3.794081326870647,rank_selection_numerically_unresolved,UNRESOLVED,False,3,0,3.710439654452223e-06,1.1935479617884913e-05,0.0011688958168625,0.3260379992121799,0.3284748237995302,3,1,717.8010804999794,1,1.7763568394002505e-15,0.10097452990122815,1.0,"(3,3,3)","(4,4,4)","[0.3284748237995302, 0.32603799921217996, 0.32649417122065805]","[1.1935479617884911e-05, 3.710439654452223e-06, 0.001168895816862533]",0.002436824587350228,,False,True,3.710439654452223e-06,False,0,0,0,False,False,failure,True,True,False,False,not_reached_due_to_pilot_failure,not_reached_due_to_pilot_failure,1.0,not_reached_due_to_pilot_failure,not_reached_due_to_pilot_failure,not_reached_due_to_pilot_failure,,False,False,732.6355850999971,rank_selection_numerically_unresolved: cap+1 pilot failed maintained acceptance diagnostics,constrained_optimality_failure,not_reached_due_to_pilot_failure,0.8358194741540229,0.0,2.6241954593123396,2.6241954593123396,True
2026081101,dgp3_N200_T100_r00001_truth1-0-2,9ef4375f0b0e5ca7770b67504622c54cc90e7f43e70819012a0c564e37e459ab,853473217-762169822-347844544-1143722543,3,200,100,1,"(1,0,2)",0.7301712917987002,1.0,"dgp3_N200_T100_rank(1,0,2)",0.30000000000000004,0.30000000000000004,,0.5292955787869738,0.85,0.0,3.794081326870647,3.794081326870647,rank_selection_numerically_unresolved,UNRESOLVED,False,3,0,5.789389979189996e-06,1.2132062548144752e-05,1.2513576447304788e-05,0.3383231975174164,0.3397051226986374,3,0,45.67433729999175,0,0.0,0.10097452990122815,1.0,"(3,3,3)","(4,4,4)","[0.3383346976035656, 0.3383231975174164, 0.3397051226986374]","[5.789389979189996e-06, 1.2513576447304788e-05, 1.2132062548144752e-05]",0.0013819251812209887,,False,True,1.2513576447304788e-05,False,0,0,0,False,False,failure,True,True,False,False,not_reached_due_to_pilot_failure,not_reached_due_to_pilot_failure,1.0,not_reached_due_to_pilot_failure,not_reached_due_to_pilot_failure,not_reached_due_to_pilot_failure,,False,False,45.77451309999742,rank_selection_numerically_unresolved: cap+1 pilot failed maintained acceptance diagnostics,not_needed_interior_fast_path,not_reached_due_to_pilot_failure,0.7514888885512524,0.0,2.6375032143779626,2.6375032143779626,True
2026081101,dgp3_N200_T100_r00002_truth1-0-2,d3fc1c0317a4a38d49ad6c1208c8f1cfc3052d8ac064f24ea08bd0e3b86976e1,2265846964-3256309932-2928012946-3917602969,3,200,100,2,"(1,0,2)",0.7301712917987002,1.0,"dgp3_N200_T100_rank(1,0,2)",0.30000000000000004,0.30000000000000004,,0.5292955787869738,0.85,0.0,3.794081326870647,3.794081326870647,rank_selection_numerically_unresolved,UNRESOLVED,False,3,0,3.189320822636878e-06,3.318229605618682e-06,4.803068244546708e-06,0.3396739406350685,0.3415232912163852,3,0,46.03992240001389,0,0.0,0.10097452990122815,1.0,"(3,3,3)","(4,4,4)","[0.3403812632037165, 0.33967394063506856, 0.34152329121638525]","[4.8030682445467075e-06, 3.189320822636878e-06, 3.318229605618682e-06]",0.0018493505813166888,,False,True,3.189320822636878e-06,False,0,0,0,False,False,failure,True,True,False,False,not_reached_due_to_pilot_failure,not_reached_due_to_pilot_failure,1.0,not_reached_due_to_pilot_failure,not_reached_due_to_pilot_failure,not_reached_due_to_pilot_failure,,False,False,46.1428656999924,rank_selection_numerically_unresolved: cap+1 pilot failed maintained acceptance diagnostics,not_needed_interior_fast_path,not_reached_due_to_pilot_failure,0.8396522687323846,0.0,2.752740663287485,2.752740663287485,True
2026081101,dgp3_N200_T100_r00000_truth1-1-1,b59025acb6836face419347794988b4e4742569cb6b1345c5c8b5fabed3ea153,1015827703-2109203979-3680649681-2458841060,3,200,100,0,"(1,1,1)",0.6546536707079772,2.241495373037153,"dgp3_N200_T100_rank(1,1,1)",0.30000000000000004,0.30000000000000004,0.65,0.6499999999998479,0.85,1.7774613391789282,7.624850556803478,7.624850556803478,rank_selection_numerically_unresolved,UNRESOLVED,False,3,0,4.465948118299802e-06,7.852749782072897e-06,0.0001408106196664,1.7476454126923897,1.7544050608041692,3,1,1044.480452099997,1,1.7763568394002505e-15,0.10097452990122815,1.0,"(3,3,3)","(4,4,4)","[1.7541879836059961, 1.7544050608041692, 1.7476454126923897]","[7.852749782072897e-06, 4.465948118299802e-06, 0.00014081061966643446]",0.006759648111779537,,False,True,0.00014081061966643446,True,0,0,0,False,False,failure,True,True,False,False,not_reached_due_to_pilot_failure,not_reached_due_to_pilot_failure,1.0,not_reached_due_to_pilot_failure,not_reached_due_to_pilot_failure,not_reached_due_to_pilot_failure,,False,False,1060.8685732000013,rank_selection_numerically_unresolved: cap+1 pilot failed maintained acceptance diagnostics,constrained_optimality_failure,not_reached_due_to_pilot_failure,0.7979870723628255,1.5866848872739632,5.61083411609699,5.61083411609699,True
2026081101,dgp3_N200_T100_r00001_truth1-1-1,3b2544c79153c95415b3d4f39bacd91bbe331ece267075acb577f5c5eff4c36f,392009985-267571980-211665891-24465522,3,200,100,1,"(1,1,1)",0.6546536707079772,2.241495373037153,"dgp3_N200_T100_rank(1,1,1)",0.30000000000000004,0.30000000000000004,0.65,0.6499999999998479,0.85,1.7774613391789282,7.624850556803478,7.624850556803478,rank_selection_numerically_unresolved,UNRESOLVED,False,3,2,2.1986628777817495e-05,4.2597728421957e-05,4.831830346534875e-05,1.7260815590473195,1.7272251734151112,1,2,918.2986430000019,2,1.7763568394002505e-15,0.10097452990122815,1.0,"(3,3,3)","(4,4,4)","[1.7272251734151112, 1.7260815590473197, 1.7265927269319694]","[4.831830346534875e-05, 2.1986628777817498e-05, 4.2597728421956995e-05]",0.0011436143677914234,0.00036629743266993213,False,True,4.2597728421956995e-05,True,0,0,0,False,False,failure,True,True,False,False,not_reached_due_to_pilot_failure,not_reached_due_to_pilot_failure,1.0,not_reached_due_to_pilot_failure,not_reached_due_to_pilot_failure,not_reached_due_to_pilot_failure,,False,False,952.4844431999954,rank_selection_numerically_unresolved: cap+1 pilot failed maintained acceptance diagnostics,success,not_reached_due_to_pilot_failure,0.8297662537061952,1.5627221936544877,5.765610221594295,5.765610221594295,True
2026081101,dgp3_N200_T100_r00002_truth1-1-1,1198e8a9e48242cb8e589502602972bd884a33c2011d7aed57691004c579b1fd,2889174065-815809023-4134965435-3722425895,3,200,100,2,"(1,1,1)",0.6546536707079772,2.241495373037153,"dgp3_N200_T100_rank(1,1,1)",0.30000000000000004,0.30000000000000004,0.65,0.6499999999998479,0.85,1.7774613391789282,7.624850556803478,7.624850556803478,rank_selection_numerically_unresolved,UNRESOLVED,False,3,2,4.597764543408072e-05,7.145882009532851e-05,0.0001318119566634,1.6798143779673067,1.6816314564169856,2,3,2707.081636399991,3,1.7763568394002505e-15,0.10097452990122815,1.0,"(3,3,3)","(4,4,4)","[1.6798143779673067, 1.6816314564169856, 1.681058755133453]","[7.145882009532851e-05, 0.0001318119566634143, 4.5977645434080724e-05]",0.0018170784496789327,0.0007407825426831513,False,True,7.145882009532851e-05,True,0,0,0,False,False,failure,True,True,False,False,not_reached_due_to_pilot_failure,not_reached_due_to_pilot_failure,1.0,not_reached_due_to_pilot_failure,not_reached_due_to_pilot_failure,not_reached_due_to_pilot_failure,,False,False,2749.574791499996,rank_selection_numerically_unresolved: cap+1 pilot failed maintained acceptance diagnostics,success,not_reached_due_to_pilot_failure,0.85,1.49869104129975,6.302582866978286,6.302582866978286,True
2026081101,dgp3_N200_T100_r00000_truth2-1-1,49ea6cf307b2011203b39eb9a10f90ca3aaaf233fff75008d4a4821160cfb8d4,4114334519-539277116-979419961-851985244,3,200,100,0,"(2,1,1)",0.6546536707079772,0.8744510423696058,"dgp3_N200_T100_rank(2,1,1)",0.30000000000000004,0.30000000000000004,0.65,0.6499999999910472,0.85,1.7774613391789282,2.9746028466143772,2.9746028466143772,rank_selection_numerically_unresolved,UNRESOLVED,False,3,0,3.1661668131420805e-06,3.501481906873611e-06,9.492673937566848e-06,0.2595690401205006,0.259900244423656,3,0,53.23966019999352,0,0.0,0.10097452990122815,1.0,"(3,3,3)","(4,4,4)","[0.25981619486649743, 0.25956904012050064, 0.259900244423656]","[9.492673937566847e-06, 3.1661668131420805e-06, 3.501481906873611e-06]",0.00033120430315536353,,False,True,3.1661668131420805e-06,False,0,0,0,False,False,failure,True,True,False,False,not_reached_due_to_pilot_failure,not_reached_due_to_pilot_failure,1.0,not_reached_due_to_pilot_failure,not_reached_due_to_pilot_failure,not_reached_due_to_pilot_failure,,False,False,53.3431702000089,rank_selection_numerically_unresolved: cap+1 pilot failed maintained acceptance diagnostics,not_needed_interior_fast_path,not_reached_due_to_pilot_failure,0.8279064700178788,1.4701395578476053,2.5771081239588267,2.5771081239588267,True
2026081101,dgp3_N200_T100_r00001_truth2-1-1,a1af57aad8bf5776c67a79a006f4176eadf549465483d0c70d3b7f7f5e9519a1,2472583359-2543471858-2001434419-461736905,3,200,100,1,"(2,1,1)",0.6546536707079772,0.8744510423696058,"dgp3_N200_T100_rank(2,1,1)",0.30000000000000004,0.30000000000000004,0.65,0.6499999999910472,0.85,1.7774613391789282,2.9746028466143772,2.9746028466143772,rank_selection_numerically_unresolved,UNRESOLVED,False,3,0,2.3541754428267307e-06,5.880209063371073e-06,1.5501899259192338e-05,0.2625573966686699,0.2630701521213364,3,0,54.60604410000087,0,0.0,0.10097452990122815,1.0,"(3,3,3)","(4,4,4)","[0.26283289000951127, 0.26255739666866995, 0.26307015212133644]","[1.5501899259192338e-05, 5.880209063371073e-06, 2.3541754428267307e-06]",0.0005127554526664913,,False,True,5.880209063371073e-06,False,0,0,0,False,False,failure,True,True,False,False,not_reached_due_to_pilot_failure,not_reached_due_to_pilot_failure,1.0,not_reached_due_to_pilot_failure,not_reached_due_to_pilot_failure,not_reached_due_to_pilot_failure,,False,False,54.72690710000461,rank_selection_numerically_unresolved: cap+1 pilot failed maintained acceptance diagnostics,not_needed_interior_fast_path,not_reached_due_to_pilot_failure,0.8241369109668497,1.640894807092297,1.840332275525703,1.840332275525703,True
2026081101,dgp3_N200_T100_r00002_truth2-1-1,ce7adb49e0c1f98e63fe806cf2a60df94667b96516ec45bc760cc6c06573be16,3260695765-3603608872-1620334880-480690828,3,200,100,2,"(2,1,1)",0.6546536707079772,0.8744510423696058,"dgp3_N200_T100_rank(2,1,1)",0.30000000000000004,0.30000000000000004,0.65,0.6499999999910472,0.85,1.7774613391789282,2.9746028466143772,2.9746028466143772,rank_selection_numerically_unresolved,UNRESOLVED,False,3,0,3.2665704559609757e-06,4.966482538393927e-06,1.0605112551711489e-05,0.2653134111651912,0.2661280903323013,3,0,49.536415999988094,0,0.0,0.10097452990122815,1.0,"(3,3,3)","(4,4,4)","[0.26612809033230134, 0.26531341116519125, 0.2653735514113009]","[3.2665704559609753e-06, 1.0605112551711489e-05, 4.966482538393927e-06]",0.0008146791671100884,,False,True,1.0605112551711489e-05,False,0,0,0,False,False,failure,True,True,False,False,not_reached_due_to_pilot_failure,not_reached_due_to_pilot_failure,1.0,not_reached_due_to_pilot_failure,not_reached_due_to_pilot_failure,not_reached_due_to_pilot_failure,,False,False,49.64152589999139,rank_selection_numerically_unresolved: cap+1 pilot failed maintained acceptance diagnostics,not_needed_interior_fast_path,not_reached_due_to_pilot_failure,0.85,1.479326061923792,2.5021753255329817,2.5021753255329817,True
2026081101,dgp3_N200_T200_r00000_truth1-0-2,fd5b937c6124f2fdb3365219bc89947f1e2be66c69213d75fadf546c5f6aeefe,2312764212-1494198990-342391507-2028782964,3,200,200,0,"(1,0,2)",0.7301712917987002,1.0,"dgp3_N200_T200_rank(1,0,2)",0.30000000000000004,0.30000000000000004,,0.5351422818034989,0.85,0.0,3.794081326870647,3.794081326870647,rank_selection_numerically_unresolved,UNRESOLVED,False,3,0,4.168399995506739e-06,5.38765539914467e-06,9.58074790939335e-06,0.3801071328771904,0.3803646584441767,3,0,74.9629504000186,0,0.0,0.09436958290887743,1.0,"(3,3,3)","(4,4,4)","[0.3801823778525791, 0.38010713287719045, 0.3803646584441767]","[5.38765539914467e-06, 4.168399995506739e-06, 9.58074790939335e-06]",0.00025752556698627194,,False,True,4.168399995506739e-06,False,0,0,0,False,False,failure,True,True,False,False,not_reached_due_to_pilot_failure,not_reached_due_to_pilot_failure,1.0,not_reached_due_to_pilot_failure,not_reached_due_to_pilot_failure,not_reached_due_to_pilot_failure,,False,False,75.20431370000006,rank_selection_numerically_unresolved: cap+1 pilot failed maintained acceptance diagnostics,not_needed_interior_fast_path,not_reached_due_to_pilot_failure,0.85,0.0,2.8787036539605615,2.8787036539605615,True
2026081101,dgp3_N200_T200_r00001_truth1-0-2,a59ee30e5f04481d835629690242a758852e2871cd37eb253446eeb3804c5699,2318876328-1263913371-2566942784-3198552952,3,200,200,1,"(1,0,2)",0.7301712917987002,1.0,"dgp3_N200_T200_rank(1,0,2)",0.30000000000000004,0.30000000000000004,,0.5351422818034989,0.85,0.0,3.794081326870647,3.794081326870647,rank_selection_numerically_unresolved,UNRESOLVED,False,3,0,3.9853873408950455e-06,6.208478046350929e-06,6.405687326238096e-06,0.3829207142790299,0.3834886540262112,3,0,110.71008509999956,0,0.0,0.09436958290887743,1.0,"(3,3,3)","(4,4,4)","[0.38348865402621124, 0.3833428395164761, 0.3829207142790299]","[6.405687326238096e-06, 6.208478046350929e-06, 3.9853873408950455e-06]",0.0005679397471813341,,False,True,3.9853873408950455e-06,False,0,0,0,False,False,failure,True,True,False,False,not_reached_due_to_pilot_failure,not_reached_due_to_pilot_failure,1.0,not_reached_due_to_pilot_failure,not_reached_due_to_pilot_failure,not_reached_due_to_pilot_failure,,False,False,110.95087660000718,rank_selection_numerically_unresolved: cap+1 pilot failed maintained acceptance diagnostics,not_needed_interior_fast_path,not_reached_due_to_pilot_failure,0.8362965274814133,0.0,2.5273358586254524,2.5273358586254524,True
2026081101,dgp3_N200_T200_r00002_truth1-0-2,8e4f980d556976d97a48484b3b9329245040be8745add5aaefc364176ca4d744,4005959600-1132017777-3841167933-3541507839,3,200,200,2,"(1,0,2)",0.7301712917987002,1.0,"dgp3_N200_T200_rank(1,0,2)",0.30000000000000004,0.30000000000000004,,0.5351422818034989,0.85,0.0,3.794081326870647,3.794081326870647,rank_selection_numerically_unresolved,UNRESOLVED,False,3,0,2.3291346157128466e-06,4.2726991641355445e-06,6.233221632300278e-06,0.3763262346781432,0.3769551505742318,3,0,110.65284179999435,0,0.0,0.09436958290887743,1.0,"(3,3,3)","(4,4,4)","[0.3763262346781432, 0.3769551505742318, 0.3766530018087825]","[2.3291346157128466e-06, 4.2726991641355445e-06, 6.233221632300278e-06]",0.0006289158960885999,,False,True,2.3291346157128466e-06,False,0,0,0,False,False,failure,True,True,False,False,not_reached_due_to_pilot_failure,not_reached_due_to_pilot_failure,1.0,not_reached_due_to_pilot_failure,not_reached_due_to_pilot_failure,not_reached_due_to_pilot_failure,,False,False,110.89446970001154,rank_selection_numerically_unresolved: cap+1 pilot failed maintained acceptance diagnostics,not_needed_interior_fast_path,not_reached_due_to_pilot_failure,0.85,0.0,2.6748815529723866,2.6748815529723866,True
2026081101,dgp3_N200_T200_r00000_truth1-1-1,98753abed5a946128fc79ef11f26862e960e7123ccb167018d7419331f644fd2,2106529059-2158247977-1947629300-2683282092,3,200,200,0,"(1,1,1)",0.6546536707079772,2.2219075065583738,"dgp3_N200_T200_rank(1,1,1)",0.30000000000000004,0.30000000000000004,0.65,0.6499999999999944,0.85,1.7774613391789282,7.5582188981242355,7.5582188981242355,rank_selection_numerically_unresolved,UNRESOLVED,False,3,0,2.5922577728532958e-06,9.350851125744638e-06,1.2213801108633293e-05,1.8553810921919216,1.8580165292161823,3,0,75.43663650000235,0,0.0,0.09436958290887743,1.0,"(3,3,3)","(4,4,4)","[1.8569226937615095, 1.8553810921919218, 1.8580165292161825]","[9.350851125744638e-06, 1.2213801108633291e-05, 2.5922577728532953e-06]",0.002635437024260723,,False,True,1.2213801108633291e-05,False,0,0,0,False,False,failure,True,True,False,False,not_reached_due_to_pilot_failure,not_reached_due_to_pilot_failure,1.0,not_reached_due_to_pilot_failure,not_reached_due_to_pilot_failure,not_reached_due_to_pilot_failure,,False,False,75.67065939999884,rank_selection_numerically_unresolved: cap+1 pilot failed maintained acceptance diagnostics,not_needed_interior_fast_path,not_reached_due_to_pilot_failure,0.85,1.6284847617526967,5.459923559074618,5.459923559074618,True
2026081101,dgp3_N200_T200_r00001_truth1-1-1,5c589c186143d8f820d85cfa37a08e63975b26d4fba16e989e5371db44da955f,1476671418-3377321581-2438484497-329439386,3,200,200,1,"(1,1,1)",0.6546536707079772,2.2219075065583738,"dgp3_N200_T200_rank(1,1,1)",0.30000000000000004,0.30000000000000004,0.65,0.6499999999999944,0.85,1.7774613391789282,7.5582188981242355,7.5582188981242355,rank_selection_numerically_unresolved,UNRESOLVED,False,3,1,4.244685953100477e-06,9.459234200638983e-06,2.8243473582076987e-05,1.8841883776895192,1.88940690701624,2,1,1269.1502466999955,1,0.0,0.09436958290887743,1.0,"(3,3,3)","(4,4,4)","[1.8841883776895192, 1.8894069070162398, 1.8843045000773826]","[2.8243473582076987e-05, 4.244685953100477e-06, 9.459234200638983e-06]",0.005218529326720622,,False,True,2.8243473582076987e-05,True,0,0,0,False,False,failure,True,True,False,False,not_reached_due_to_pilot_failure,not_reached_due_to_pilot_failure,1.0,not_reached_due_to_pilot_failure,not_reached_due_to_pilot_failure,not_reached_due_to_pilot_failure,,False,False,1294.8779607999968,rank_selection_numerically_unresolved: cap+1 pilot failed maintained acceptance diagnostics,success,not_reached_due_to_pilot_failure,0.8241918355771541,1.5933065246046814,6.079232875406821,6.079232875406821,True
2026081101,dgp3_N200_T200_r00002_truth1-1-1,b2da71fc001a83c42572798df35c29f3b49662a47a6c69e4cde218dc068764a7,238557113-1918276945-2501175461-3612053427,3,200,200,2,"(1,1,1)",0.6546536707079772,2.2219075065583738,"dgp3_N200_T200_rank(1,1,1)",0.30000000000000004,0.30000000000000004,0.65,0.6499999999999944,0.85,1.7774613391789282,7.5582188981242355,7.5582188981242355,rank_selection_numerically_unresolved,UNRESOLVED,False,3,1,7.942245874415755e-06,7.984975002195507e-06,3.88146511279162e-05,1.916024019271992,1.918244391943116,2,1,953.6259404000084,1,1.7763568394002505e-15,0.09436958290887743,1.0,"(3,3,3)","(4,4,4)","[1.9182443919431156, 1.9160240192719917, 1.9167870082278302]","[7.984975002195507e-06, 3.88146511279162e-05, 7.942245874415755e-06]",0.002220372671123849,,False,True,3.88146511279162e-05,True,0,0,0,False,False,failure,True,True,False,False,not_reached_due_to_pilot_failure,not_reached_due_to_pilot_failure,1.0,not_reached_due_to_pilot_failure,not_reached_due_to_pilot_failure,not_reached_due_to_pilot_failure,,False,False,978.9970774999964,rank_selection_numerically_unresolved: cap+1 pilot failed maintained acceptance diagnostics,success,not_reached_due_to_pilot_failure,0.85,1.4900798637307675,5.836063202249439,5.836063202249439,True
2026081101,dgp3_N200_T200_r00000_truth2-1-1,43529b49175288eef129d4ae87e3a28785a0f81c2aeb4aef7578c8cf0ecad6ec,830966471-1496634249-696573124-2406246495,3,200,200,0,"(2,1,1)",0.6546536707079772,0.8599423011956112,"dgp3_N200_T200_rank(2,1,1)",0.30000000000000004,0.30000000000000004,0.65,0.6499999999951603,0.85,1.7774613391789282,2.9252487482076717,2.9252487482076717,rank_selection_numerically_unresolved,UNRESOLVED,False,3,0,3.9705386633795695e-06,6.0657343781292905e-06,8.335077121555031e-06,0.2979946463838148,0.2985245935887901,3,0,71.18974610000441,0,0.0,0.09436958290887743,1.0,"(3,3,3)","(4,4,4)","[0.2981643956668385, 0.2979946463838148, 0.2985245935887901]","[6.0657343781292905e-06, 8.335077121555031e-06, 3.9705386633795695e-06]",0.0005299472049752896,,False,True,8.335077121555031e-06,False,0,0,0,False,False,failure,True,True,False,False,not_reached_due_to_pilot_failure,not_reached_due_to_pilot_failure,1.0,not_reached_due_to_pilot_failure,not_reached_due_to_pilot_failure,not_reached_due_to_pilot_failure,,False,False,71.4194523000042,rank_selection_numerically_unresolved: cap+1 pilot failed maintained acceptance diagnostics,not_needed_interior_fast_path,not_reached_due_to_pilot_failure,0.8429159181844422,1.6285331518295365,2.2586571901885164,2.2586571901885164,True
2026081101,dgp3_N200_T200_r00001_truth2-1-1,2a4b5a535500633e4fcf19aafe767d20245883f91585377a3288df511e230296,2245829658-2500595684-2494441033-3861288289,3,200,200,1,"(2,1,1)",0.6546536707079772,0.8599423011956112,"dgp3_N200_T200_rank(2,1,1)",0.30000000000000004,0.30000000000000004,0.65,0.6499999999951603,0.85,1.7774613391789282,2.9252487482076717,2.9252487482076717,rank_selection_numerically_unresolved,UNRESOLVED,False,3,1,8.412966433070776e-07,7.253227623281768e-06,1.008633916143022e-05,0.2825127746348619,0.2832240514930486,3,0,72.97520099999383,0,0.0,0.09436958290887743,1.0,"(3,3,3)","(4,4,4)","[0.28251277463486196, 0.28252132621663256, 0.28322405149304863]","[8.412966433070776e-07, 7.253227623281768e-06, 1.008633916143022e-05]",0.0007112768581866713,,False,True,8.412966433070776e-07,False,0,0,0,False,False,failure,False,True,False,False,not_reached_due_to_pilot_failure,not_reached_due_to_pilot_failure,1.0,not_reached_due_to_pilot_failure,not_reached_due_to_pilot_failure,not_reached_due_to_pilot_failure,,False,False,73.20290170000226,rank_selection_numerically_unresolved: cap+1 pilot failed maintained acceptance diagnostics,not_needed_interior_fast_path,not_reached_due_to_pilot_failure,0.85,1.5219526614154704,2.560733970029931,2.560733970029931,True
2026081101,dgp3_N200_T200_r00002_truth2-1-1,7ea859114273e7a40e438533215becedd9a961a414e8ec207fc4fc68448c0830,643657787-3309603376-3781479713-515715932,3,200,200,2,"(2,1,1)",0.6546536707079772,0.8599423011956112,"dgp3_N200_T200_rank(2,1,1)",0.30000000000000004,0.30000000000000004,0.65,0.6499999999951603,0.85,1.7774613391789282,2.9252487482076717,2.9252487482076717,rank_selection_numerically_unresolved,UNRESOLVED,False,3,0,1.642700647018359e-06,2.698600975289249e-06,6.626850389216352e-06,0.286690804930047,0.2873566052609829,3,0,77.5184697000077,0,0.0,0.09436958290887743,1.0,"(3,3,3)","(4,4,4)","[0.28701108329224134, 0.28735660526098294, 0.28669080493004706]","[2.698600975289249e-06, 1.6427006470183593e-06, 6.626850389216352e-06]",0.000665800330935884,,False,True,6.626850389216352e-06,False,0,0,0,False,False,failure,True,True,False,False,not_reached_due_to_pilot_failure,not_reached_due_to_pilot_failure,1.0,not_reached_due_to_pilot_failure,not_reached_due_to_pilot_failure,not_reached_due_to_pilot_failure,,False,False,77.7689185999916,rank_selection_numerically_unresolved: cap+1 pilot failed maintained acceptance diagnostics,not_needed_interior_fast_path,not_reached_due_to_pilot_failure,0.85,1.5650488304551942,2.2408906150912813,2.2408906150912813,True
2026081101,dgp4_N50_T50_r00000_truth1-0-2,27950943253732c22e4ae5437367b73c78421645561ca129a2be2d76f2b107f2,303225101-1312923315-2014688279-2796470642,4,50,50,0,"(1,0,2)",0.7301712917987002,1.0,"dgp4_N50_T50_rank(1,0,2)",0.30000000000000004,0.30000000000000004,,0.5365897328913953,0.85,0.0,3.794081326870647,3.794081326870647,rank_selection_numerically_unresolved,UNRESOLVED,False,3,0,0.0001079060377989,0.0001931056672883,0.0023236392219412,0.1220055016233515,0.1273205530972666,3,3,567.968724300008,3,1.7763568394002505e-15,0.12781110931766573,1.0,"(3,3,3)","(4,4,4)","[0.12410147861228896, 0.12732055309726667, 0.12200550162335151]","[0.0023236392219412355, 0.00010790603779891013, 0.00019310566728831968]",0.005315051473915158,,False,True,0.00019310566728831968,True,0,0,0,False,False,failure,True,True,False,False,not_reached_due_to_pilot_failure,not_reached_due_to_pilot_failure,1.0,not_reached_due_to_pilot_failure,not_reached_due_to_pilot_failure,not_reached_due_to_pilot_failure,,False,False,580.8205031000107,rank_selection_numerically_unresolved: cap+1 pilot failed maintained acceptance diagnostics,constrained_optimality_failure,not_reached_due_to_pilot_failure,0.85,0.0,2.631257575386398,2.631257575386398,True
2026081101,dgp4_N50_T50_r00001_truth1-0-2,a242d518b4b5b376bc9ae7d7f9bb64873fec9cc05c77ad060f3efb937aefa26c,1032507813-2251874229-3730216609-3684528379,4,50,50,1,"(1,0,2)",0.7301712917987002,1.0,"dgp4_N50_T50_rank(1,0,2)",0.30000000000000004,0.30000000000000004,,0.5365897328913953,0.85,0.0,3.794081326870647,3.794081326870647,rank_selection_numerically_unresolved,UNRESOLVED,False,3,1,9.774156011758857e-05,0.001034698669877,0.0044770000674502,0.1354249892702766,0.1356532840661188,2,3,576.8263756000088,3,3.552713678800501e-15,0.12781110931766573,1.0,"(3,3,3)","(4,4,4)","[0.13565328406611887, 0.13556433990350966, 0.13542498927027663]","[0.0010346986698770463, 0.00447700006745029, 9.774156011758855e-05]",0.00022829479584224321,,False,True,9.774156011758855e-05,True,0,0,0,False,False,failure,True,True,False,False,not_reached_due_to_pilot_failure,not_reached_due_to_pilot_failure,1.0,not_reached_due_to_pilot_failure,not_reached_due_to_pilot_failure,not_reached_due_to_pilot_failure,,False,False,589.5482898000046,rank_selection_numerically_unresolved: cap+1 pilot failed maintained acceptance diagnostics,constrained_optimality_failure,not_reached_due_to_pilot_failure,0.8328203248944337,0.0,2.5089951325093294,2.5089951325093294,True
2026081101,dgp4_N50_T50_r00002_truth1-0-2,e90a695e7891eb787f541224dd91b504c18a5afa148a0bbdf4b74df971a45882,3363514863-4272268767-650400162-3644507851,4,50,50,2,"(1,0,2)",0.7301712917987002,1.0,"dgp4_N50_T50_rank(1,0,2)",0.30000000000000004,0.30000000000000004,,0.5365897328913953,0.85,0.0,3.794081326870647,3.794081326870647,rank_selection_numerically_unresolved,UNRESOLVED,False,3,0,0.0004433698258625,0.0016228966186838,0.001756558153042,0.1481721022353128,0.1513012269635912,3,3,617.7164968999859,3,1.7763568394002505e-15,0.12781110931766573,1.0,"(3,3,3)","(4,4,4)","[0.1481721022353128, 0.15130122696359127, 0.1496423405728941]","[0.001622896618683839, 0.0017565581530420951, 0.00044336982586253595]",0.003129124728278476,,False,True,0.001622896618683839,True,0,0,0,False,False,failure,True,True,False,False,not_reached_due_to_pilot_failure,not_reached_due_to_pilot_failure,1.0,not_reached_due_to_pilot_failure,not_reached_due_to_pilot_failure,not_reached_due_to_pilot_failure,,False,False,630.8004692000104,rank_selection_numerically_unresolved: cap+1 pilot failed maintained acceptance diagnostics,constrained_optimality_failure,not_reached_due_to_pilot_failure,0.804289223372681,0.0,2.5009602151869816,2.5009602151869816,True
2026081101,dgp4_N50_T50_r00000_truth1-1-1,b6ed931f20e79442842f92443fc93a30eabe72d9faadfc54c042e00dd3b3fb25,2326518060-537584746-290484355-454258748,4,50,50,0,"(1,1,1)",0.6546536707079772,2.436662061551646,"dgp4_N50_T50_rank(1,1,1)",0.30000000000000004,0.30000000000000004,0.65,0.65,0.85,1.71466333698683,8.288745227963506,8.288745227963506,rank_selection_numerically_unresolved,UNRESOLVED,False,3,0,0.0061458833012408,0.0139530013319559,0.0180611681022768,0.8385527286138041,0.885029554646428,3,3,945.4679805000051,3,1.7763568394002505e-15,0.12781110931766573,1.0,"(3,3,3)","(4,4,4)","[0.8534698637918016, 0.885029554646428, 0.8385527286138041]","[0.018061168102276853, 0.013953001331955981, 0.006145883301240862]",0.04647682603262382,,False,True,0.006145883301240862,True,0,0,0,False,False,failure,True,True,False,False,not_reached_due_to_pilot_failure,not_reached_due_to_pilot_failure,1.0,not_reached_due_to_pilot_failure,not_reached_due_to_pilot_failure,not_reached_due_to_pilot_failure,,False,False,961.3210186000068,rank_selection_numerically_unresolved: cap+1 pilot failed maintained acceptance diagnostics,constrained_optimality_failure,not_reached_due_to_pilot_failure,0.8254097682914078,1.375399793563047,5.577522271299734,5.577522271299734,True
2026081101,dgp4_N50_T50_r00001_truth1-1-1,b217378d2534dd15feb995a61045ee6dd791122692ad6c1a9171b8792b51427b,1392847894-1504368616-3701796987-3088375702,4,50,50,1,"(1,1,1)",0.6546536707079772,2.436662061551646,"dgp4_N50_T50_rank(1,1,1)",0.30000000000000004,0.30000000000000004,0.65,0.65,0.85,1.71466333698683,8.288745227963506,8.288745227963506,rank_selection_numerically_unresolved,UNRESOLVED,False,3,0,0.0007509917300372,0.003563599495295,0.0075600495063508,0.7984531068844383,0.815721262524109,3,3,862.8021695999996,3,3.552713678800501e-15,0.12781110931766573,1.0,"(3,3,3)","(4,4,4)","[0.7984531068844383, 0.815721262524109, 0.8121694764350316]","[0.003563599495295085, 0.0007509917300372968, 0.007560049506350803]",0.017268155639670768,,False,True,0.003563599495295085,True,0,0,0,False,False,failure,True,True,False,False,not_reached_due_to_pilot_failure,not_reached_due_to_pilot_failure,1.0,not_reached_due_to_pilot_failure,not_reached_due_to_pilot_failure,not_reached_due_to_pilot_failure,,False,False,873.5941110999993,rank_selection_numerically_unresolved: cap+1 pilot failed maintained acceptance diagnostics,constrained_optimality_failure,not_reached_due_to_pilot_failure,0.85,1.3080372047265971,6.298341144763645,6.298341144763645,True
2026081101,dgp4_N50_T50_r00002_truth1-1-1,c983c98c61d8a7f03dd6b48acf0ad1462b8a737bbae6df96a389185bec79b0a8,3897366786-1186565944-3409309701-1098751945,4,50,50,2,"(1,1,1)",0.6546536707079772,2.436662061551646,"dgp4_N50_T50_rank(1,1,1)",0.30000000000000004,0.30000000000000004,0.65,0.65,0.85,1.71466333698683,8.288745227963506,8.288745227963506,rank_selection_numerically_unresolved,UNRESOLVED,False,3,0,0.0005347122025569,0.0007659473714534,0.0048224113448967,0.6862256358967127,0.7088560019236295,3,3,885.620891999999,3,1.7763568394002505e-15,0.12781110931766573,1.0,"(3,3,3)","(4,4,4)","[0.7088560019236295, 0.703731378713133, 0.6862256358967127]","[0.0007659473714534196, 0.004822411344896796, 0.0005347122025569748]",0.022630366026916815,,False,True,0.0005347122025569748,True,0,0,0,False,False,failure,True,True,False,False,not_reached_due_to_pilot_failure,not_reached_due_to_pilot_failure,1.0,not_reached_due_to_pilot_failure,not_reached_due_to_pilot_failure,not_reached_due_to_pilot_failure,,False,False,901.2866590000048,rank_selection_numerically_unresolved: cap+1 pilot failed maintained acceptance diagnostics,constrained_optimality_failure,not_reached_due_to_pilot_failure,0.7964160938851976,1.4067915033366278,5.754018954963205,5.754018954963205,True
2026081101,dgp4_N50_T50_r00000_truth2-1-1,d30d646014fb9021217fa74eda55839fd0f4f9584a6713aa84136e05e2d66373,2332520516-2219866661-3549141762-1582733331,4,50,50,0,"(2,1,1)",0.6546536707079772,0.850942551227217,"dgp4_N50_T50_rank(2,1,1)",0.30000000000000004,0.30000000000000004,0.65,0.6499999999972249,0.85,1.71466333698683,2.8946344764215013,2.8946344764215013,rank_selection_numerically_unresolved,UNRESOLVED,False,3,0,0.0004927101006773,0.0005830906661247,0.00256430854785,0.1007332374317405,0.1041819866294817,3,3,659.0544779000047,3,1.7763568394002505e-15,0.12781110931766573,1.0,"(3,3,3)","(4,4,4)","[0.10073323743174052, 0.10418198662948175, 0.10216312014344582]","[0.0004927101006773859, 0.0005830906661247212, 0.002564308547850016]",0.003448749197741227,,False,True,0.0004927101006773859,True,0,0,0,False,False,failure,True,True,False,False,not_reached_due_to_pilot_failure,not_reached_due_to_pilot_failure,1.0,not_reached_due_to_pilot_failure,not_reached_due_to_pilot_failure,not_reached_due_to_pilot_failure,,False,False,669.2003832000046,rank_selection_numerically_unresolved: cap+1 pilot failed maintained acceptance diagnostics,constrained_optimality_failure,not_reached_due_to_pilot_failure,0.85,1.3756341337022353,2.0184952992346155,2.0184952992346155,True
2026081101,dgp4_N50_T50_r00001_truth2-1-1,0e13f9bb7730d53c453abfc898139869fbfb1a6e8d228cafcb6f96dd1c6d2ab9,3793340183-3388410635-3118933239-1910377237,4,50,50,1,"(2,1,1)",0.6546536707079772,0.850942551227217,"dgp4_N50_T50_rank(2,1,1)",0.30000000000000004,0.30000000000000004,0.65,0.6499999999972249,0.85,1.71466333698683,2.8946344764215013,2.8946344764215013,rank_selection_numerically_unresolved,UNRESOLVED,False,3,0,0.0009793476359851,0.0022949729793483,0.0027482628013199,0.1115022381851097,0.1129768261645289,3,3,724.964399799981,3,1.7763568394002505e-15,0.12781110931766573,1.0,"(3,3,3)","(4,4,4)","[0.1115022381851097, 0.11297682616452893, 0.11261621367606767]","[0.0009793476359851252, 0.0022949729793483253, 0.0027482628013199505]",0.0014745879794192396,,False,True,0.0009793476359851252,True,0,0,0,False,False,failure,True,True,False,False,not_reached_due_to_pilot_failure,not_reached_due_to_pilot_failure,1.0,not_reached_due_to_pilot_failure,not_reached_due_to_pilot_failure,not_reached_due_to_pilot_failure,,False,False,735.1977679999982,rank_selection_numerically_unresolved: cap+1 pilot failed maintained acceptance diagnostics,constrained_optimality_failure,not_reached_due_to_pilot_failure,0.8466713397016545,1.4132908153011896,2.092163722867221,2.092163722867221,True
2026081101,dgp4_N50_T50_r00002_truth2-1-1,5a68e2dae9ce58c92830cb4479006e562cf1b498a1732c07d9561476ca9fa1ae,1846995514-2003249125-1079408182-4041442291,4,50,50,2,"(2,1,1)",0.6546536707079772,0.850942551227217,"dgp4_N50_T50_rank(2,1,1)",0.30000000000000004,0.30000000000000004,0.65,0.6499999999972249,0.85,1.71466333698683,2.8946344764215013,2.8946344764215013,rank_selection_numerically_unresolved,UNRESOLVED,False,3,0,0.0005165583084932,0.0010113664029352,0.0016539345920679,0.1028513751999678,0.1044321329407418,3,3,545.1024068000115,3,0.0,0.12781110931766573,1.0,"(3,3,3)","(4,4,4)","[0.10443213294074184, 0.10285137519996783, 0.10417710495560213]","[0.0016539345920679263, 0.0005165583084932484, 0.001011366402935257]",0.0015807577407740137,,False,True,0.0005165583084932484,True,0,0,0,False,False,failure,True,True,False,False,not_reached_due_to_pilot_failure,not_reached_due_to_pilot_failure,1.0,not_reached_due_to_pilot_failure,not_reached_due_to_pilot_failure,not_reached_due_to_pilot_failure,,False,False,555.4856182999938,rank_selection_numerically_unresolved: cap+1 pilot failed maintained acceptance diagnostics,constrained_optimality_failure,not_reached_due_to_pilot_failure,0.85,1.3688776583795288,2.334173101429837,2.334173101429837,True
2026081101,dgp4_N100_T100_r00000_truth1-0-2,fc889c17afad8c2cc68c8bf7c1a9f38d8e1dc28aba1851f5094b3bc55733af50,2069766656-2578762471-2033592375-44013636,4,100,100,0,"(1,0,2)",0.7301712917987002,1.0,"dgp4_N100_T100_rank(1,0,2)",0.30000000000000004,0.30000000000000004,,0.5265816679287206,0.85,0.0,3.794081326870647,3.794081326870647,rank_selection_numerically_unresolved,UNRESOLVED,False,3,0,8.840295660280855e-06,0.0001807399989129,0.0002662910652659,0.2684738629033997,0.2716067534459787,3,2,709.5529173999967,1,0.0,0.10857362047581294,1.0,"(3,3,3)","(4,4,4)","[0.27160675344597873, 0.2695055792515328, 0.26847386290339975]","[8.840295660280855e-06, 0.0002662910652659913, 0.00018073999891291248]",0.003132890542578981,,False,True,0.00018073999891291248,True,0,0,0,False,False,failure,True,True,False,False,not_reached_due_to_pilot_failure,not_reached_due_to_pilot_failure,1.0,not_reached_due_to_pilot_failure,not_reached_due_to_pilot_failure,not_reached_due_to_pilot_failure,,False,False,726.3342316000053,rank_selection_numerically_unresolved: cap+1 pilot failed maintained acceptance diagnostics,constrained_optimality_failure,not_reached_due_to_pilot_failure,0.8312769537578384,0.0,2.765273381412174,2.765273381412174,True
2026081101,dgp4_N100_T100_r00001_truth1-0-2,d08282067126de01d539fd49c8366d9cacea6c1de7e0b5e6a04231d455768ce4,2729666986-1629179697-2333094189-211834719,4,100,100,1,"(1,0,2)",0.7301712917987002,1.0,"dgp4_N100_T100_rank(1,0,2)",0.30000000000000004,0.30000000000000004,,0.5265816679287206,0.85,0.0,3.794081326870647,3.794081326870647,rank_selection_numerically_unresolved,UNRESOLVED,False,3,0,1.2744834666634084e-05,3.0516395317294603e-05,3.414086551970498e-05,0.284033676623368,0.2849152535049469,3,0,27.98965020000469,0,0.0,0.10857362047581294,1.0,"(3,3,3)","(4,4,4)","[0.284033676623368, 0.28491525350494695, 0.2846620586729871]","[3.414086551970498e-05, 3.0516395317294603e-05, 1.2744834666634083e-05]",0.0008815768815789715,,False,True,3.414086551970498e-05,False,0,0,0,False,False,failure,True,True,False,False,not_reached_due_to_pilot_failure,not_reached_due_to_pilot_failure,1.0,not_reached_due_to_pilot_failure,not_reached_due_to_pilot_failure,not_reached_due_to_pilot_failure,,False,False,28.053404600010253,rank_selection_numerically_unresolved: cap+1 pilot failed maintained acceptance diagnostics,not_needed_interior_fast_path,not_reached_due_to_pilot_failure,0.8022357897915102,0.0,2.721578238016512,2.721578238016512,True
2026081101,dgp4_N100_T100_r00002_truth1-0-2,2770ac2e4719155e220480304e5bf038a32a39000ececcdceb9416cdac28db21,3155436651-2332172037-1303179375-3426118865,4,100,100,2,"(1,0,2)",0.7301712917987002,1.0,"dgp4_N100_T100_rank(1,0,2)",0.30000000000000004,0.30000000000000004,,0.5265816679287206,0.85,0.0,3.794081326870647,3.794081326870647,rank_selection_numerically_unresolved,UNRESOLVED,False,3,1,1.6699510186524857e-05,2.6210845658508797e-05,8.607982827607716e-05,0.3007258001181921,0.3029740510435506,2,1,258.0943346000131,0,0.0,0.10857362047581294,1.0,"(3,3,3)","(4,4,4)","[0.3029740510435506, 0.3007258001181921, 0.3020516414447665]","[2.6210845658508793e-05, 8.607982827607716e-05, 1.6699510186524857e-05]",0.0022482509253584637,,False,True,8.607982827607716e-05,False,0,0,0,False,False,failure,True,True,False,False,not_reached_due_to_pilot_failure,not_reached_due_to_pilot_failure,1.0,not_reached_due_to_pilot_failure,not_reached_due_to_pilot_failure,not_reached_due_to_pilot_failure,,False,False,267.3162209999864,rank_selection_numerically_unresolved: cap+1 pilot failed maintained acceptance diagnostics,success,not_reached_due_to_pilot_failure,0.85,0.0,2.7330000665137177,2.7330000665137177,True
2026081101,dgp4_N100_T100_r00000_truth1-1-1,a7e3a44a1341226484956f905c32dffe44c2716bb7cd9ac77fd9b17321a490ef,385918163-4132155763-731645527-4014022654,4,100,100,0,"(1,1,1)",0.6546536707079772,2.0062526677634063,"dgp4_N100_T100_rank(1,1,1)",0.30000000000000004,0.30000000000000004,0.65,0.65,0.85,1.71466333698683,6.8246300906509685,6.8246300906509685,rank_selection_numerically_unresolved,UNRESOLVED,False,3,0,1.618358302940593e-05,3.213795152609243e-05,0.0008570622520027,1.1439641926720272,1.1549924467684485,3,1,676.4232649999976,1,0.0,0.10857362047581294,1.0,"(3,3,3)","(4,4,4)","[1.1549924467684485, 1.1481502800991539, 1.1439641926720272]","[0.000857062252002748, 3.213795152609243e-05, 1.618358302940593e-05]",0.011028254096421275,,False,True,1.618358302940593e-05,False,0,0,0,False,False,failure,True,True,False,False,not_reached_due_to_pilot_failure,not_reached_due_to_pilot_failure,1.0,not_reached_due_to_pilot_failure,not_reached_due_to_pilot_failure,not_reached_due_to_pilot_failure,,False,False,686.2989583000017,rank_selection_numerically_unresolved: cap+1 pilot failed maintained acceptance diagnostics,constrained_optimality_failure,not_reached_due_to_pilot_failure,0.85,1.397235206118107,5.283136057553904,5.283136057553904,True
2026081101,dgp4_N100_T100_r00001_truth1-1-1,428bf1579a487d44fbfedccf7c1dbac5766839d54fae0b70ffb32147b8bc388f,1207003025-3771024125-4069933038-397760462,4,100,100,1,"(1,1,1)",0.6546536707079772,2.0062526677634063,"dgp4_N100_T100_rank(1,1,1)",0.30000000000000004,0.30000000000000004,0.65,0.65,0.85,1.71466333698683,6.8246300906509685,6.8246300906509685,rank_selection_numerically_unresolved,UNRESOLVED,False,3,0,4.821782202080154e-06,0.0002322787046349,0.0006457015451151,1.0827929855493514,1.0912642327647355,3,2,1273.038113399998,2,1.7763568394002505e-15,0.10857362047581294,1.0,"(3,3,3)","(4,4,4)","[1.0912642327647357, 1.0865006302565934, 1.0827929855493514]","[0.0006457015451151495, 4.821782202080154e-06, 0.00023227870463495562]",0.008471247215384281,,False,True,0.00023227870463495562,True,0,0,0,False,False,failure,True,True,False,False,not_reached_due_to_pilot_failure,not_reached_due_to_pilot_failure,1.0,not_reached_due_to_pilot_failure,not_reached_due_to_pilot_failure,not_reached_due_to_pilot_failure,,False,False,1293.4336251999994,rank_selection_numerically_unresolved: cap+1 pilot failed maintained acceptance diagnostics,constrained_optimality_failure,not_reached_due_to_pilot_failure,0.85,1.4157932909135744,4.237714637219128,4.237714637219128,True
2026081101,dgp4_N100_T100_r00002_truth1-1-1,e7fc16e4b53c422c24730487099afd16001b56606969a05666add72a8cf611b9,2981313118-1331594639-3177660210-2038768691,4,100,100,2,"(1,1,1)",0.6546536707079772,2.0062526677634063,"dgp4_N100_T100_rank(1,1,1)",0.30000000000000004,0.30000000000000004,0.65,0.65,0.85,1.71466333698683,6.8246300906509685,6.8246300906509685,rank_selection_numerically_unresolved,UNRESOLVED,False,3,0,7.806963378058213e-06,5.7568270648301386e-05,0.0002652832242707,1.149645329785179,1.1554057526424684,3,1,623.6771883999972,1,1.7763568394002505e-15,0.10857362047581294,1.0,"(3,3,3)","(4,4,4)","[1.149645329785179, 1.1554057526424684, 1.1521263406676576]","[0.00026528322427071496, 7.806963378058213e-06, 5.7568270648301386e-05]",0.005760422857289393,,False,True,0.00026528322427071496,True,0,0,0,False,False,failure,True,True,False,False,not_reached_due_to_pilot_failure,not_reached_due_to_pilot_failure,1.0,not_reached_due_to_pilot_failure,not_reached_due_to_pilot_failure,not_reached_due_to_pilot_failure,,False,False,633.0588462999949,rank_selection_numerically_unresolved: cap+1 pilot failed maintained acceptance diagnostics,constrained_optimality_failure,not_reached_due_to_pilot_failure,0.85,1.440850182588685,4.967469104492249,4.967469104492249,True
2026081101,dgp4_N100_T100_r00000_truth2-1-1,baf8763ed05f86271192cd34f03c5d85eb4ca4669f9116feb315e346db0bf8f3,2874203585-2844070747-2763398740-1146155464,4,100,100,0,"(2,1,1)",0.6546536707079772,0.8572910716014376,"dgp4_N100_T100_rank(2,1,1)",0.30000000000000004,0.30000000000000004,0.65,0.6499999999952658,0.85,1.71466333698683,2.9162301128401773,2.9162301128401773,rank_selection_numerically_unresolved,UNRESOLVED,False,3,0,4.3573880939300726e-06,6.008023092286243e-06,6.747170704952947e-06,0.2199903377294748,0.220243178134446,3,0,39.22006429998146,0,0.0,0.10857362047581294,1.0,"(3,3,3)","(4,4,4)","[0.22024317813444605, 0.21999033772947488, 0.22003271448739284]","[6.747170704952947e-06, 6.008023092286243e-06, 4.3573880939300726e-06]",0.0002528404049711719,,False,True,6.008023092286243e-06,False,0,0,0,False,False,failure,True,True,False,False,not_reached_due_to_pilot_failure,not_reached_due_to_pilot_failure,1.0,not_reached_due_to_pilot_failure,not_reached_due_to_pilot_failure,not_reached_due_to_pilot_failure,,False,False,39.36852859999635,rank_selection_numerically_unresolved: cap+1 pilot failed maintained acceptance diagnostics,not_needed_interior_fast_path,not_reached_due_to_pilot_failure,0.85,1.4456973683357952,2.534724830001814,2.534724830001814,True
2026081101,dgp4_N100_T100_r00001_truth2-1-1,b9d88f53913bcb06c85e8e325edc203ab7e94546340f6eb7d2c859f280e1be95,583419614-2872437717-2107304508-804724245,4,100,100,1,"(2,1,1)",0.6546536707079772,0.8572910716014376,"dgp4_N100_T100_rank(2,1,1)",0.30000000000000004,0.30000000000000004,0.65,0.6499999999952658,0.85,1.71466333698683,2.9162301128401773,2.9162301128401773,rank_selection_numerically_unresolved,UNRESOLVED,False,3,1,9.959379783088684e-07,4.8099614125576025e-06,1.0507258023090144e-05,0.2172595646259751,0.2193496251367453,3,0,34.03336649999255,0,0.0,0.10857362047581294,1.0,"(3,3,3)","(4,4,4)","[0.21876661395962102, 0.21934962513674536, 0.21725956462597515]","[1.0507258023090144e-05, 4.8099614125576025e-06, 9.959379783088684e-07]",0.0020900605107702086,,False,True,9.959379783088684e-07,False,0,0,0,False,False,failure,False,True,False,False,not_reached_due_to_pilot_failure,not_reached_due_to_pilot_failure,1.0,not_reached_due_to_pilot_failure,not_reached_due_to_pilot_failure,not_reached_due_to_pilot_failure,,False,False,34.103317499990226,rank_selection_numerically_unresolved: cap+1 pilot failed maintained acceptance diagnostics,not_needed_interior_fast_path,not_reached_due_to_pilot_failure,0.85,1.4240669597275537,2.145732766459162,2.145732766459162,True
2026081101,dgp4_N100_T100_r00002_truth2-1-1,13d2252200aa90aa50a1e0c56ae887abc02196db0555d85967373455fce685f4,1173665974-4227172950-101913412-326261931,4,100,100,2,"(2,1,1)",0.6546536707079772,0.8572910716014376,"dgp4_N100_T100_rank(2,1,1)",0.30000000000000004,0.30000000000000004,0.65,0.6499999999952658,0.85,1.71466333698683,2.9162301128401773,2.9162301128401773,rank_selection_numerically_unresolved,UNRESOLVED,False,3,1,7.986481029952193e-07,3.308536886595338e-06,2.291467713238058e-05,0.2210516809639724,0.2212077904845785,3,0,33.67631700000493,0,0.0,0.10857362047581294,1.0,"(3,3,3)","(4,4,4)","[0.22120779048457853, 0.22107102680056906, 0.22105168096397243]","[3.308536886595338e-06, 2.291467713238058e-05, 7.986481029952193e-07]",0.0001561095206061014,,False,True,7.986481029952193e-07,False,0,0,0,False,False,failure,False,True,False,False,not_reached_due_to_pilot_failure,not_reached_due_to_pilot_failure,1.0,not_reached_due_to_pilot_failure,not_reached_due_to_pilot_failure,not_reached_due_to_pilot_failure,,False,False,33.74181930000486,rank_selection_numerically_unresolved: cap+1 pilot failed maintained acceptance diagnostics,not_needed_interior_fast_path,not_reached_due_to_pilot_failure,0.85,1.4215799084888665,2.275608963774896,2.275608963774896,True
2026081101,dgp4_N100_T200_r00000_truth1-0-2,eb4cf1d44d6d68e7075ca2ccab8c851fd14cc516a06057bd83b224294947501b,563170358-1765172719-2288690897-230186793,4,100,200,0,"(1,0,2)",0.7301712917987002,1.0,"dgp4_N100_T200_rank(1,0,2)",0.30000000000000004,0.30000000000000004,,0.5144757759573667,0.85,0.0,3.794081326870647,3.794081326870647,rank_selection_numerically_unresolved,UNRESOLVED,False,3,1,1.755551726245771e-05,2.1187940914254573e-05,7.899261979889864e-05,0.3408437112037462,0.3421234593775975,2,1,513.9885235000111,0,0.0,0.10097452990122815,1.0,"(3,3,3)","(4,4,4)","[0.3421234593775975, 0.3419556348151657, 0.34084371120374624]","[2.1187940914254573e-05, 1.755551726245771e-05, 7.899261979889864e-05]",0.0012797481738512917,,False,True,7.899261979889864e-05,False,0,0,0,False,False,failure,True,True,False,False,not_reached_due_to_pilot_failure,not_reached_due_to_pilot_failure,1.0,not_reached_due_to_pilot_failure,not_reached_due_to_pilot_failure,not_reached_due_to_pilot_failure,,False,False,528.5004711999936,rank_selection_numerically_unresolved: cap+1 pilot failed maintained acceptance diagnostics,success,not_reached_due_to_pilot_failure,0.85,0.0,2.552699172188233,2.552699172188233,True
2026081101,dgp4_N100_T200_r00001_truth1-0-2,e4c5561afe23c79efb27f084d5162e7a99ea14fa0b2a9fd9c690c8e78566fdc3,4219165668-849120921-4160178494-2033058563,4,100,200,1,"(1,0,2)",0.7301712917987002,1.0,"dgp4_N100_T200_rank(1,0,2)",0.30000000000000004,0.30000000000000004,,0.5144757759573667,0.85,0.0,3.794081326870647,3.794081326870647,rank_selection_numerically_unresolved,UNRESOLVED,False,3,0,4.582131952564037e-06,1.0040814164833864e-05,1.6955515792212746e-05,0.3221673018908029,0.3226761649086093,3,0,44.50520680000773,0,0.0,0.10097452990122815,1.0,"(3,3,3)","(4,4,4)","[0.3221673018908029, 0.3226761649086093, 0.322307833096293]","[1.6955515792212746e-05, 4.582131952564037e-06, 1.0040814164833864e-05]",0.0005088630178063935,,False,True,1.6955515792212746e-05,False,0,0,0,False,False,failure,True,True,False,False,not_reached_due_to_pilot_failure,not_reached_due_to_pilot_failure,1.0,not_reached_due_to_pilot_failure,not_reached_due_to_pilot_failure,not_reached_due_to_pilot_failure,,False,False,44.62167090000003,rank_selection_numerically_unresolved: cap+1 pilot failed maintained acceptance diagnostics,not_needed_interior_fast_path,not_reached_due_to_pilot_failure,0.85,0.0,2.945559077536773,2.945559077536773,True
2026081101,dgp4_N100_T200_r00002_truth1-0-2,67286bf8ad72251033a8ad1adc8afe73d9d0677ae053791079380c1360e663db,105434115-2042572771-1636393000-742735955,4,100,200,2,"(1,0,2)",0.7301712917987002,1.0,"dgp4_N100_T200_rank(1,0,2)",0.30000000000000004,0.30000000000000004,,0.5144757759573667,0.85,0.0,3.794081326870647,3.794081326870647,rank_selection_numerically_unresolved,UNRESOLVED,False,3,0,2.3164696270692854e-06,9.172144531378244e-06,1.132098430522282e-05,0.3448433546155403,0.3454292796902752,3,0,45.32870810001623,0,0.0,0.10097452990122815,1.0,"(3,3,3)","(4,4,4)","[0.34542927969027526, 0.34484335461554033, 0.34527075157567094]","[9.172144531378244e-06, 2.3164696270692854e-06, 1.1320984305222819e-05]",0.0005859250747349276,,False,True,2.3164696270692854e-06,False,0,0,0,False,False,failure,True,True,False,False,not_reached_due_to_pilot_failure,not_reached_due_to_pilot_failure,1.0,not_reached_due_to_pilot_failure,not_reached_due_to_pilot_failure,not_reached_due_to_pilot_failure,,False,False,45.45105889999832,rank_selection_numerically_unresolved: cap+1 pilot failed maintained acceptance diagnostics,not_needed_interior_fast_path,not_reached_due_to_pilot_failure,0.85,0.0,2.723168522256307,2.723168522256307,True
2026081101,dgp4_N100_T200_r00000_truth1-1-1,89878969bebeb89031b22004c450a0389fb6ef5003be6955014cb4b5bc6cbbe8,2434068050-2612452472-1656677628-2601928093,4,100,200,0,"(1,1,1)",0.6546536707079772,1.9880229420166664,"dgp4_N100_T200_rank(1,1,1)",0.30000000000000004,0.30000000000000004,0.65,0.65,0.85,1.71466333698683,6.762618392486244,6.762618392486244,rank_selection_numerically_unresolved,UNRESOLVED,False,3,1,6.219129209358789e-06,4.039147051761298e-05,0.0001228626891462,1.320891804072606,1.3212196548750963,2,2,1227.727951199995,2,1.7763568394002505e-15,0.10097452990122815,1.0,"(3,3,3)","(4,4,4)","[1.3211703970565654, 1.3212196548750965, 1.3208918040726059]","[0.00012286268914620424, 6.219129209358789e-06, 4.039147051761298e-05]",0.0003278508024906479,,False,True,4.039147051761298e-05,True,0,0,0,False,False,failure,True,True,False,False,not_reached_due_to_pilot_failure,not_reached_due_to_pilot_failure,1.0,not_reached_due_to_pilot_failure,not_reached_due_to_pilot_failure,not_reached_due_to_pilot_failure,,False,False,1255.083157800007,rank_selection_numerically_unresolved: cap+1 pilot failed maintained acceptance diagnostics,constrained_optimality_failure,not_reached_due_to_pilot_failure,0.85,1.5880543367652504,5.815433482494769,5.815433482494769,True
2026081101,dgp4_N100_T200_r00001_truth1-1-1,fb5064fd4a2924f2989af1646e2956c0d31928e93458adf066cf27b9945bc3f3,1527008629-549951036-462851613-2314827651,4,100,200,1,"(1,1,1)",0.6546536707079772,1.9880229420166664,"dgp4_N100_T200_rank(1,1,1)",0.30000000000000004,0.30000000000000004,0.65,0.65,0.85,1.71466333698683,6.762618392486244,6.762618392486244,rank_selection_numerically_unresolved,UNRESOLVED,False,3,0,1.1417454941828976e-05,1.1468111547816935e-05,1.4608267781703165e-05,1.2238952010127462,1.2257798393405797,3,0,42.9872258999967,0,0.0,0.10097452990122815,1.0,"(3,3,3)","(4,4,4)","[1.2251350894014903, 1.2257798393405797, 1.2238952010127462]","[1.1468111547816935e-05, 1.4608267781703163e-05, 1.1417454941828976e-05]",0.0018846383278334766,,False,True,1.1417454941828976e-05,False,0,0,0,False,False,failure,True,True,False,False,not_reached_due_to_pilot_failure,not_reached_due_to_pilot_failure,1.0,not_reached_due_to_pilot_failure,not_reached_due_to_pilot_failure,not_reached_due_to_pilot_failure,,False,False,43.07369199999084,rank_selection_numerically_unresolved: cap+1 pilot failed maintained acceptance diagnostics,not_needed_interior_fast_path,not_reached_due_to_pilot_failure,0.85,1.5133409685720727,5.161901958355408,5.161901958355408,True
2026081101,dgp4_N100_T200_r00002_truth1-1-1,3eb5cf327aa1899804723206bc8da0d4aab3f20695d6497f8ff2fc96e809d677,219190408-3385337432-781999289-2740724383,4,100,200,2,"(1,1,1)",0.6546536707079772,1.9880229420166664,"dgp4_N100_T200_rank(1,1,1)",0.30000000000000004,0.30000000000000004,0.65,0.65,0.85,1.71466333698683,6.762618392486244,6.762618392486244,rank_selection_numerically_unresolved,UNRESOLVED,False,3,1,8.309292983391551e-05,0.0007981000797691,0.00100632510506,1.3689518214626586,1.3707165954449465,3,3,2598.512590700004,3,1.7763568394002505e-15,0.10097452990122815,1.0,"(3,3,3)","(4,4,4)","[1.3707165954449463, 1.3705073756515558, 1.3689518214626586]","[0.0007981000797691681, 8.309292983391551e-05, 0.0010063251050600375]",0.0017647739822876929,,False,True,8.309292983391551e-05,True,0,0,0,False,False,failure,True,True,False,False,not_reached_due_to_pilot_failure,not_reached_due_to_pilot_failure,1.0,not_reached_due_to_pilot_failure,not_reached_due_to_pilot_failure,not_reached_due_to_pilot_failure,,False,False,2642.604798900007,rank_selection_numerically_unresolved: cap+1 pilot failed maintained acceptance diagnostics,constrained_optimality_failure,not_reached_due_to_pilot_failure,0.85,1.45424244963555,4.779401796017166,4.779401796017166,True
2026081101,dgp4_N100_T200_r00000_truth2-1-1,0e0b4f752dc369027ab6d334233f0c6b58158f0268c8a9af057b7b44c0465ba1,336137141-2896164969-3273121974-1333298236,4,100,200,0,"(2,1,1)",0.6546536707079772,0.842478061357924,"dgp4_N100_T200_rank(2,1,1)",0.30000000000000004,0.30000000000000004,0.65,0.6499999999983262,0.85,1.71466333698683,2.8658409883468483,2.8658409883468483,rank_selection_numerically_unresolved,UNRESOLVED,False,3,0,6.564547741396212e-06,7.292334482931095e-06,1.144592321562258e-05,0.2393500581516019,0.2400590397645698,3,0,50.66589410000597,0,0.0,0.10097452990122815,1.0,"(3,3,3)","(4,4,4)","[0.23942144450657807, 0.2400590397645698, 0.23935005815160193]","[1.1445923215622579e-05, 6.564547741396212e-06, 7.292334482931095e-06]",0.0007089816129678683,,False,True,7.292334482931095e-06,False,0,0,0,False,False,failure,True,True,False,False,not_reached_due_to_pilot_failure,not_reached_due_to_pilot_failure,1.0,not_reached_due_to_pilot_failure,not_reached_due_to_pilot_failure,not_reached_due_to_pilot_failure,,False,False,50.77720789999876,rank_selection_numerically_unresolved: cap+1 pilot failed maintained acceptance diagnostics,not_needed_interior_fast_path,not_reached_due_to_pilot_failure,0.8346070467303012,1.565814796779292,2.0562060710631687,2.0562060710631687,True
2026081101,dgp4_N100_T200_r00001_truth2-1-1,5aaac5a955e27ad240da7382cf5860e13241a24a4507cbfe51d5feaef0c64c8e,1844252448-3331810183-111716798-2511901438,4,100,200,1,"(2,1,1)",0.6546536707079772,0.842478061357924,"dgp4_N100_T200_rank(2,1,1)",0.30000000000000004,0.30000000000000004,0.65,0.6499999999983262,0.85,1.71466333698683,2.8658409883468483,2.8658409883468483,rank_selection_numerically_unresolved,UNRESOLVED,False,3,0,3.327080077290581e-06,3.6829924092923424e-06,1.8300395362208325e-05,0.2281306993220974,0.2292870362189529,3,0,50.42416779999621,0,0.0,0.10097452990122815,1.0,"(3,3,3)","(4,4,4)","[0.22928703621895297, 0.22881366324811497, 0.22813069932209745]","[1.8300395362208325e-05, 3.327080077290581e-06, 3.6829924092923424e-06]",0.0011563368968555143,,False,True,3.6829924092923424e-06,False,0,0,0,False,False,failure,True,True,False,False,not_reached_due_to_pilot_failure,not_reached_due_to_pilot_failure,1.0,not_reached_due_to_pilot_failure,not_reached_due_to_pilot_failure,not_reached_due_to_pilot_failure,,False,False,50.54150020000816,rank_selection_numerically_unresolved: cap+1 pilot failed maintained acceptance diagnostics,not_needed_interior_fast_path,not_reached_due_to_pilot_failure,0.85,1.5711922714759332,2.143728226121884,2.143728226121884,True
2026081101,dgp4_N100_T200_r00002_truth2-1-1,2758a1ef16e5f25c9720db4b272ae4d5279621e09879c8678c73e3de999af438,1131670080-3648155492-758057784-1316711291,4,100,200,2,"(2,1,1)",0.6546536707079772,0.842478061357924,"dgp4_N100_T200_rank(2,1,1)",0.30000000000000004,0.30000000000000004,0.65,0.6499999999983262,0.85,1.71466333698683,2.8658409883468483,2.8658409883468483,rank_selection_numerically_unresolved,UNRESOLVED,False,3,0,3.958966033059497e-06,4.853174158321887e-06,1.0008626717357874e-05,0.2263805700708446,0.2278257715524944,3,0,55.6411360000202,0,0.0,0.10097452990122815,1.0,"(3,3,3)","(4,4,4)","[0.22782577155249442, 0.2272305977078585, 0.22638057007084467]","[1.0008626717357874e-05, 3.958966033059497e-06, 4.853174158321887e-06]",0.001445201481649755,,False,True,4.853174158321887e-06,False,0,0,0,False,False,failure,True,True,False,False,not_reached_due_to_pilot_failure,not_reached_due_to_pilot_failure,1.0,not_reached_due_to_pilot_failure,not_reached_due_to_pilot_failure,not_reached_due_to_pilot_failure,,False,False,55.776315399998566,rank_selection_numerically_unresolved: cap+1 pilot failed maintained acceptance diagnostics,not_needed_interior_fast_path,not_reached_due_to_pilot_failure,0.85,1.4940268364547284,2.2297265178056214,2.2297265178056214,True
2026081101,dgp4_N200_T100_r00000_truth1-0-2,84e2674449bca51f29c1896ded4897da1df9b86477804c8a90322240762373fb,2641695354-2491348212-3437186723-3081849353,4,200,100,0,"(1,0,2)",0.7301712917987002,1.0,"dgp4_N200_T100_rank(1,0,2)",0.30000000000000004,0.30000000000000004,,0.5254654013075883,0.85,0.0,3.794081326870647,3.794081326870647,rank_selection_numerically_unresolved,UNRESOLVED,False,3,0,1.1704078903060464e-06,1.4012303595458167e-06,0.0006019643346578,0.3519887099889816,0.3523348980983373,3,1,477.07986409998557,1,0.0,0.10097452990122815,1.0,"(3,3,3)","(4,4,4)","[0.352116881093732, 0.3519887099889816, 0.35233489809833735]","[1.1704078903060464e-06, 1.4012303595458167e-06, 0.0006019643346578271]",0.0003461881093557717,,False,True,1.4012303595458167e-06,False,0,0,0,False,False,failure,True,True,False,False,not_reached_due_to_pilot_failure,not_reached_due_to_pilot_failure,1.0,not_reached_due_to_pilot_failure,not_reached_due_to_pilot_failure,not_reached_due_to_pilot_failure,,False,False,492.52449880000495,rank_selection_numerically_unresolved: cap+1 pilot failed maintained acceptance diagnostics,constrained_optimality_failure,not_reached_due_to_pilot_failure,0.85,0.0,2.7573764954739355,2.7573764954739355,True
2026081101,dgp4_N200_T100_r00001_truth1-0-2,61ef90816738ca5f688c358c3500a499455b685fe637e205398aaa230426d918,2317070319-92001719-1571092967-2759812170,4,200,100,1,"(1,0,2)",0.7301712917987002,1.0,"dgp4_N200_T100_rank(1,0,2)",0.30000000000000004,0.30000000000000004,,0.5254654013075883,0.85,0.0,3.794081326870647,3.794081326870647,rank_selection_numerically_unresolved,UNRESOLVED,False,3,0,2.6314288535387272e-06,4.260882338313485e-06,0.0002833622606677,0.3418602547838331,0.3430055344848624,3,1,476.7450491000054,1,0.0,0.10097452990122815,1.0,"(3,3,3)","(4,4,4)","[0.34300553448486243, 0.3418602547838331, 0.3426869756708488]","[0.00028336226066773404, 4.260882338313485e-06, 2.6314288535387272e-06]",0.0011452797010293447,,False,True,4.260882338313485e-06,False,0,0,0,False,False,failure,True,True,False,False,not_reached_due_to_pilot_failure,not_reached_due_to_pilot_failure,1.0,not_reached_due_to_pilot_failure,not_reached_due_to_pilot_failure,not_reached_due_to_pilot_failure,,False,False,491.4468259999994,rank_selection_numerically_unresolved: cap+1 pilot failed maintained acceptance diagnostics,constrained_optimality_failure,not_reached_due_to_pilot_failure,0.845348064105328,0.0,2.888968137083914,2.888968137083914,True
2026081101,dgp4_N200_T100_r00002_truth1-0-2,3087dd37a2a6d76e220547575224836efb31dc42b568d8296f6995718dc51b57,2956283122-2466769023-1143408640-2086193061,4,200,100,2,"(1,0,2)",0.7301712917987002,1.0,"dgp4_N200_T100_rank(1,0,2)",0.30000000000000004,0.30000000000000004,,0.5254654013075883,0.85,0.0,3.794081326870647,3.794081326870647,rank_selection_numerically_unresolved,UNRESOLVED,False,3,0,7.039970589088002e-06,1.464110148874878e-05,0.0008632075201147,0.3289362304321513,0.3303149015302354,3,1,535.1643789999944,1,0.0,0.10097452990122815,1.0,"(3,3,3)","(4,4,4)","[0.32893623043215137, 0.33031490153023546, 0.32936027409317914]","[0.0008632075201147057, 1.464110148874878e-05, 7.039970589088002e-06]",0.0013786710980840944,,False,True,0.0008632075201147057,True,0,0,0,False,False,failure,True,True,False,False,not_reached_due_to_pilot_failure,not_reached_due_to_pilot_failure,1.0,not_reached_due_to_pilot_failure,not_reached_due_to_pilot_failure,not_reached_due_to_pilot_failure,,False,False,550.36370300001,rank_selection_numerically_unresolved: cap+1 pilot failed maintained acceptance diagnostics,constrained_optimality_failure,not_reached_due_to_pilot_failure,0.8234247088973042,0.0,2.677671558877896,2.677671558877896,True
2026081101,dgp4_N200_T100_r00000_truth1-1-1,cba96f49da82853e7c8a0cf6b5fb9bb86247e29388bf0b934fb032d02edaa9d7,1377754248-1946623389-3990131246-3377381383,4,200,100,0,"(1,1,1)",0.6546536707079772,2.028576201877698,"dgp4_N200_T100_rank(1,1,1)",0.30000000000000004,0.30000000000000004,0.65,0.6499999999999999,0.85,1.71466333698683,6.9005676159158735,6.9005676159158735,rank_selection_numerically_unresolved,UNRESOLVED,False,3,1,1.367320781106765e-05,3.144627137330222e-05,5.132511361760744e-05,1.404687707882844,1.4068263763195974,3,1,747.0410736000049,1,0.0,0.10097452990122815,1.0,"(3,3,3)","(4,4,4)","[1.4068263763195974, 1.4056307863297446, 1.404687707882844]","[1.367320781106765e-05, 3.144627137330222e-05, 5.132511361760744e-05]",0.002138668436753477,,False,True,5.132511361760744e-05,True,0,0,0,False,False,failure,True,True,False,False,not_reached_due_to_pilot_failure,not_reached_due_to_pilot_failure,1.0,not_reached_due_to_pilot_failure,not_reached_due_to_pilot_failure,not_reached_due_to_pilot_failure,,False,False,761.4431117999993,rank_selection_numerically_unresolved: cap+1 pilot failed maintained acceptance diagnostics,success,not_reached_due_to_pilot_failure,0.85,1.4934580756078517,4.992945834058202,4.992945834058202,True
2026081101,dgp4_N200_T100_r00001_truth1-1-1,c5128be97b6f8993b0c9c271a45e4caed5ca4efbaa83d442a4da52c8206b169b,3261246120-2966315045-681313037-2524132770,4,200,100,1,"(1,1,1)",0.6546536707079772,2.028576201877698,"dgp4_N200_T100_rank(1,1,1)",0.30000000000000004,0.30000000000000004,0.65,0.6499999999999999,0.85,1.71466333698683,6.9005676159158735,6.9005676159158735,rank_selection_numerically_unresolved,UNRESOLVED,False,3,1,5.3612995185713305e-06,1.7885177080203025e-05,4.5073730862688085e-05,1.4554385708243172,1.4571538184434925,2,1,788.7001624999903,1,0.0,0.10097452990122815,1.0,"(3,3,3)","(4,4,4)","[1.4554385708243172, 1.4568856058924513, 1.4571538184434925]","[4.5073730862688085e-05, 1.7885177080203025e-05, 5.3612995185713305e-06]",0.0017152476191752974,,False,True,4.5073730862688085e-05,True,0,0,0,False,False,failure,True,True,False,False,not_reached_due_to_pilot_failure,not_reached_due_to_pilot_failure,1.0,not_reached_due_to_pilot_failure,not_reached_due_to_pilot_failure,not_reached_due_to_pilot_failure,,False,False,802.9986562000049,rank_selection_numerically_unresolved: cap+1 pilot failed maintained acceptance diagnostics,success,not_reached_due_to_pilot_failure,0.8259753501958673,1.5529578954311365,4.6133691609139005,4.6133691609139005,True
2026081101,dgp4_N200_T100_r00002_truth1-1-1,f67f6e377eafd4c452e32121ffa7df7d339f3f512a3fbaa4832d3643a9dbfd1b,3551662786-1155047392-1957598513-3976332771,4,200,100,2,"(1,1,1)",0.6546536707079772,2.028576201877698,"dgp4_N200_T100_rank(1,1,1)",0.30000000000000004,0.30000000000000004,0.65,0.6499999999999999,0.85,1.71466333698683,6.9005676159158735,6.9005676159158735,rank_selection_numerically_unresolved,UNRESOLVED,False,3,1,7.367986323954664e-06,5.775040805953652e-05,0.0004099115510757,1.411411715006308,1.412259109748384,2,2,1809.2228182000035,1,1.7763568394002505e-15,0.10097452990122815,1.0,"(3,3,3)","(4,4,4)","[1.4114117150063081, 1.412259109748384, 1.4119693183135997]","[7.367986323954664e-06, 0.0004099115510757485, 5.775040805953652e-05]",0.0008473947420759576,,False,True,5.775040805953652e-05,True,0,0,0,False,False,failure,True,True,False,False,not_reached_due_to_pilot_failure,not_reached_due_to_pilot_failure,1.0,not_reached_due_to_pilot_failure,not_reached_due_to_pilot_failure,not_reached_due_to_pilot_failure,,False,False,1845.8603211999944,rank_selection_numerically_unresolved: cap+1 pilot failed maintained acceptance diagnostics,constrained_optimality_failure,not_reached_due_to_pilot_failure,0.8315931982477526,1.394564530355056,5.340002581089918,5.340002581089918,True
2026081101,dgp4_N200_T100_r00000_truth2-1-1,fdc8958db21e6c18dcb490dbe9104902de9051cb3ef58287e2de9430d35596f3,1810367406-4093602183-1265921000-3532441104,4,200,100,0,"(2,1,1)",0.6546536707079772,0.8480699706888264,"dgp4_N200_T100_rank(2,1,1)",0.30000000000000004,0.30000000000000004,0.65,0.649999999996918,0.85,1.71466333698683,2.8848628759171775,2.8848628759171775,rank_selection_numerically_unresolved,UNRESOLVED,False,3,0,2.275041948478236e-06,8.457717093664756e-06,8.683278262980766e-06,0.2570402909887778,0.2585811548483676,3,0,63.14286330001778,0,0.0,0.10097452990122815,1.0,"(3,3,3)","(4,4,4)","[0.2585811548483676, 0.2570402909887778, 0.25782306012210476]","[8.457717093664756e-06, 2.2750419484782356e-06, 8.683278262980766e-06]",0.0015408638595897917,,False,True,2.2750419484782356e-06,False,0,0,0,False,False,failure,True,True,False,False,not_reached_due_to_pilot_failure,not_reached_due_to_pilot_failure,1.0,not_reached_due_to_pilot_failure,not_reached_due_to_pilot_failure,not_reached_due_to_pilot_failure,,False,False,63.2500893999968,rank_selection_numerically_unresolved: cap+1 pilot failed maintained acceptance diagnostics,not_needed_interior_fast_path,not_reached_due_to_pilot_failure,0.85,1.4297384338652708,2.1839869068906843,2.1839869068906843,True
2026081101,dgp4_N200_T100_r00001_truth2-1-1,0e243d9b5b5cee7faeebb54045eb302cc9ec5372a52f950a8a2c547567f99a50,1799897033-2799052236-3035259065-1992808620,4,200,100,1,"(2,1,1)",0.6546536707079772,0.8480699706888264,"dgp4_N200_T100_rank(2,1,1)",0.30000000000000004,0.30000000000000004,0.65,0.649999999996918,0.85,1.71466333698683,2.8848628759171775,2.8848628759171775,rank_selection_numerically_unresolved,UNRESOLVED,False,3,0,1.2834200816539475e-06,8.34398758747373e-06,2.3451038292933087e-05,0.2433486301027424,0.2445255149186225,3,0,62.78702630002226,0,0.0,0.10097452990122815,1.0,"(3,3,3)","(4,4,4)","[0.24369860029203483, 0.24452551491862254, 0.24334863010274244]","[2.3451038292933087e-05, 8.34398758747373e-06, 1.2834200816539477e-06]",0.0011768848158801026,,False,True,1.2834200816539477e-06,False,0,0,0,False,False,failure,True,True,False,False,not_reached_due_to_pilot_failure,not_reached_due_to_pilot_failure,1.0,not_reached_due_to_pilot_failure,not_reached_due_to_pilot_failure,not_reached_due_to_pilot_failure,,False,False,62.943920799996704,rank_selection_numerically_unresolved: cap+1 pilot failed maintained acceptance diagnostics,not_needed_interior_fast_path,not_reached_due_to_pilot_failure,0.85,1.5992552882135929,2.4375434950387547,2.4375434950387547,True
2026081101,dgp4_N200_T100_r00002_truth2-1-1,0f71dfe154ea81c8077d136bb468604cdd3ba31538fd0e383e5bd40ca52f599e,1804197436-1474072815-3047323847-3133206169,4,200,100,2,"(2,1,1)",0.6546536707079772,0.8480699706888264,"dgp4_N200_T100_rank(2,1,1)",0.30000000000000004,0.30000000000000004,0.65,0.649999999996918,0.85,1.71466333698683,2.8848628759171775,2.8848628759171775,rank_selection_numerically_unresolved,UNRESOLVED,False,3,0,1.2863012195409637e-06,2.304083429883438e-06,2.665997527466242e-06,0.2515051984258627,0.2523608681341212,3,0,63.17886560001352,0,0.0,0.10097452990122815,1.0,"(3,3,3)","(4,4,4)","[0.2519077439852426, 0.2515051984258627, 0.25236086813412123]","[1.2863012195409637e-06, 2.665997527466242e-06, 2.304083429883438e-06]",0.0008556697082585107,,False,True,2.665997527466242e-06,False,0,0,0,False,False,failure,True,True,False,False,not_reached_due_to_pilot_failure,not_reached_due_to_pilot_failure,1.0,not_reached_due_to_pilot_failure,not_reached_due_to_pilot_failure,not_reached_due_to_pilot_failure,,False,False,63.31020279999939,rank_selection_numerically_unresolved: cap+1 pilot failed maintained acceptance diagnostics,not_needed_interior_fast_path,not_reached_due_to_pilot_failure,0.85,1.462947548478728,2.0136767723977287,2.0136767723977287,True
2026081101,dgp4_N200_T200_r00000_truth1-0-2,3a98b004b6ed5d15db05904dfe1f8a07906338fab4cd4e3da16306ba6cc01aa2,756727463-3373678374-2762158876-1040685311,4,200,200,0,"(1,0,2)",0.7301712917987002,1.0,"dgp4_N200_T200_rank(1,0,2)",0.30000000000000004,0.30000000000000004,,0.5210906542635242,0.85,0.0,3.794081326870647,3.794081326870647,rank_selection_numerically_unresolved,UNRESOLVED,False,3,0,4.213395241223793e-06,4.731479278084925e-06,5.363851721991328e-06,0.3839651555947719,0.3845105076437861,3,0,68.16520909998508,0,0.0,0.09436958290887743,1.0,"(3,3,3)","(4,4,4)","[0.3843353995989551, 0.3839651555947719, 0.38451050764378614]","[4.213395241223793e-06, 5.363851721991328e-06, 4.731479278084925e-06]",0.0005453520490142361,,False,True,5.363851721991328e-06,False,0,0,0,False,False,failure,True,True,False,False,not_reached_due_to_pilot_failure,not_reached_due_to_pilot_failure,1.0,not_reached_due_to_pilot_failure,not_reached_due_to_pilot_failure,not_reached_due_to_pilot_failure,,False,False,68.39139689999865,rank_selection_numerically_unresolved: cap+1 pilot failed maintained acceptance diagnostics,not_needed_interior_fast_path,not_reached_due_to_pilot_failure,0.85,0.0,3.0354961721162748,3.0354961721162748,True
2026081101,dgp4_N200_T200_r00001_truth1-0-2,1650467e17a7f93d629c48608aa46d4e375c26c3609aa76175cd792ae6ddb78b,3431477891-267850301-2949287633-1555071900,4,200,200,1,"(1,0,2)",0.7301712917987002,1.0,"dgp4_N200_T200_rank(1,0,2)",0.30000000000000004,0.30000000000000004,,0.5210906542635242,0.85,0.0,3.794081326870647,3.794081326870647,rank_selection_numerically_unresolved,UNRESOLVED,False,3,0,2.8636930870721768e-06,3.5473473554782185e-06,6.547752221539511e-06,0.3890854723649286,0.3891585740401898,3,0,68.34808989998419,0,0.0,0.09436958290887743,1.0,"(3,3,3)","(4,4,4)","[0.3890854723649286, 0.38915857404018983, 0.38914021605716587]","[6.547752221539511e-06, 3.5473473554782185e-06, 2.8636930870721768e-06]",7.310167526125566e-05,,False,True,6.547752221539511e-06,False,0,0,0,False,False,failure,True,True,False,False,not_reached_due_to_pilot_failure,not_reached_due_to_pilot_failure,1.0,not_reached_due_to_pilot_failure,not_reached_due_to_pilot_failure,not_reached_due_to_pilot_failure,,False,False,68.56936150000547,rank_selection_numerically_unresolved: cap+1 pilot failed maintained acceptance diagnostics,not_needed_interior_fast_path,not_reached_due_to_pilot_failure,0.85,0.0,3.07230528558995,3.07230528558995,True
2026081101,dgp4_N200_T200_r00002_truth1-0-2,d2aef40bb97a79951641229a471502557b363b700ccfdcd743aede32c37327c9,1428967397-1985037475-154306130-3562445896,4,200,200,2,"(1,0,2)",0.7301712917987002,1.0,"dgp4_N200_T200_rank(1,0,2)",0.30000000000000004,0.30000000000000004,,0.5210906542635242,0.85,0.0,3.794081326870647,3.794081326870647,rank_selection_numerically_unresolved,UNRESOLVED,False,3,0,5.739659303859716e-06,6.707678138949265e-06,1.0818606169940605e-05,0.3886707665171809,0.3898564831897677,3,0,66.88685929999338,0,0.0,0.09436958290887743,1.0,"(3,3,3)","(4,4,4)","[0.38985648318976773, 0.38894991078222946, 0.3886707665171809]","[1.0818606169940605e-05, 6.707678138949265e-06, 5.739659303859716e-06]",0.001185716672586823,,False,True,5.739659303859716e-06,False,0,0,0,False,False,failure,True,True,False,False,not_reached_due_to_pilot_failure,not_reached_due_to_pilot_failure,1.0,not_reached_due_to_pilot_failure,not_reached_due_to_pilot_failure,not_reached_due_to_pilot_failure,,False,False,67.10904080000182,rank_selection_numerically_unresolved: cap+1 pilot failed maintained acceptance diagnostics,not_needed_interior_fast_path,not_reached_due_to_pilot_failure,0.85,0.0,3.179704885177431,3.179704885177431,True
2026081101,dgp4_N200_T200_r00000_truth1-1-1,f64388918e7f370f28aeedc7ac51edfaf86c5c9dc2e8b00a49763ac080ac6dd8,2384615764-2068013373-3515608160-2197045607,4,200,200,0,"(1,1,1)",0.6546536707079772,2.003037575694791,"dgp4_N200_T200_rank(1,1,1)",0.30000000000000004,0.30000000000000004,0.65,0.65,0.85,1.71466333698683,6.813693375436455,6.813693375436455,rank_selection_numerically_unresolved,UNRESOLVED,False,3,0,3.4125629370136464e-06,4.7274984079028565e-06,0.0007999212289899,1.5550299992549397,1.559773719822702,3,1,1973.5112809000054,0,0.0,0.09436958290887743,1.0,"(3,3,3)","(4,4,4)","[1.5550299992549397, 1.5569658716361126, 1.559773719822702]","[0.000799921228989975, 4.7274984079028565e-06, 3.4125629370136464e-06]",0.0047437205677622885,,False,True,0.000799921228989975,False,0,0,0,False,False,failure,True,True,False,False,not_reached_due_to_pilot_failure,not_reached_due_to_pilot_failure,1.0,not_reached_due_to_pilot_failure,not_reached_due_to_pilot_failure,not_reached_due_to_pilot_failure,,False,False,1996.6749916000044,rank_selection_numerically_unresolved: cap+1 pilot failed maintained acceptance diagnostics,constrained_optimality_failure,not_reached_due_to_pilot_failure,0.85,1.5310187899268273,5.357679286489821,5.357679286489821,True
2026081101,dgp4_N200_T200_r00001_truth1-1-1,f3f2835016fe67a639f2d86d4db6e514c46127f9d137be5c8698d269b42b7993,1553448140-1200654495-2794779035-3099033464,4,200,200,1,"(1,1,1)",0.6546536707079772,2.003037575694791,"dgp4_N200_T200_rank(1,1,1)",0.30000000000000004,0.30000000000000004,0.65,0.65,0.85,1.71466333698683,6.813693375436455,6.813693375436455,rank_selection_numerically_unresolved,UNRESOLVED,False,3,0,1.2340529823741432e-06,6.4367940951595965e-06,0.0001066555379291,1.5664077590624852,1.568467731952804,3,1,1597.951534199994,1,0.0,0.09436958290887743,1.0,"(3,3,3)","(4,4,4)","[1.5664934636817611, 1.5664077590624852, 1.568467731952804]","[1.2340529823741432e-06, 0.00010665553792911206, 6.4367940951595965e-06]",0.002059972890318784,,False,True,0.00010665553792911206,True,0,0,0,False,False,failure,True,True,False,False,not_reached_due_to_pilot_failure,not_reached_due_to_pilot_failure,1.0,not_reached_due_to_pilot_failure,not_reached_due_to_pilot_failure,not_reached_due_to_pilot_failure,,False,False,1621.7396785999954,rank_selection_numerically_unresolved: cap+1 pilot failed maintained acceptance diagnostics,constrained_optimality_failure,not_reached_due_to_pilot_failure,0.85,1.516598119272557,5.150192833959395,5.150192833959395,True
2026081101,dgp4_N200_T200_r00002_truth1-1-1,5b47fbfa42bdfbc99da2e52ba12fd37c71eb436710bd6dbde629485045cf31e9,27865385-1707488442-1801912599-1218657375,4,200,200,2,"(1,1,1)",0.6546536707079772,2.003037575694791,"dgp4_N200_T200_rank(1,1,1)",0.30000000000000004,0.30000000000000004,0.65,0.65,0.85,1.71466333698683,6.813693375436455,6.813693375436455,rank_selection_numerically_unresolved,UNRESOLVED,False,3,1,4.3159768306908717e-07,3.941834614452075e-06,7.496976501304588e-06,1.5461636956567808,1.5470549783718286,3,0,72.56050850000611,0,0.0,0.09436958290887743,1.0,"(3,3,3)","(4,4,4)","[1.5465406555744237, 1.5470549783718286, 1.5461636956567808]","[7.496976501304588e-06, 3.941834614452075e-06, 4.3159768306908706e-07]",0.000891282715047792,,False,True,4.3159768306908706e-07,False,0,0,0,False,False,failure,False,True,False,False,not_reached_due_to_pilot_failure,not_reached_due_to_pilot_failure,1.0,not_reached_due_to_pilot_failure,not_reached_due_to_pilot_failure,not_reached_due_to_pilot_failure,,False,False,72.78964279999491,rank_selection_numerically_unresolved: cap+1 pilot failed maintained acceptance diagnostics,not_needed_interior_fast_path,not_reached_due_to_pilot_failure,0.85,1.5011363542469935,6.02066939993121,6.02066939993121,True
2026081101,dgp4_N200_T200_r00000_truth2-1-1,5af206f5a44b2089f321b3966a2dcbdee8f89bb8d98e3efc6c70e5d32ae561f6,4162487498-69550018-2136122971-3737539642,4,200,200,0,"(2,1,1)",0.6546536707079772,0.8502963674518154,"dgp4_N200_T200_rank(2,1,1)",0.30000000000000004,0.30000000000000004,0.65,0.6499999999969691,0.85,1.71466333698683,2.89243636583027,2.89243636583027,rank_selection_numerically_unresolved,UNRESOLVED,False,3,1,5.045175520424837e-07,1.4869790146190909e-06,6.179020559108347e-06,0.2740694856985076,0.2743812783722568,3,0,74.04924779997964,0,0.0,0.09436958290887743,1.0,"(3,3,3)","(4,4,4)","[0.2740694856985076, 0.2741444372459135, 0.27438127837225684]","[6.179020559108347e-06, 1.4869790146190907e-06, 5.045175520424837e-07]",0.000311792673749256,,False,True,5.045175520424837e-07,False,0,0,0,False,False,failure,False,True,False,False,not_reached_due_to_pilot_failure,not_reached_due_to_pilot_failure,1.0,not_reached_due_to_pilot_failure,not_reached_due_to_pilot_failure,not_reached_due_to_pilot_failure,,False,False,74.2875337000005,rank_selection_numerically_unresolved: cap+1 pilot failed maintained acceptance diagnostics,not_needed_interior_fast_path,not_reached_due_to_pilot_failure,0.85,1.6262679534179103,2.1121875100270304,2.1121875100270304,True
2026081101,dgp4_N200_T200_r00001_truth2-1-1,cfa82a83a8bf9847f9487283ea83247b6d648dd6facf333c5ee5fd021020dbb9,3479390490-2047441410-3496645944-3639475391,4,200,200,1,"(2,1,1)",0.6546536707079772,0.8502963674518154,"dgp4_N200_T200_rank(2,1,1)",0.30000000000000004,0.30000000000000004,0.65,0.6499999999969691,0.85,1.71466333698683,2.89243636583027,2.89243636583027,rank_selection_numerically_unresolved,UNRESOLVED,False,3,0,3.07597183692775e-06,7.195526625587108e-06,1.3682336607709622e-05,0.2810305464642857,0.2812318908300733,3,0,74.01823900001182,0,0.0,0.09436958290887743,1.0,"(3,3,3)","(4,4,4)","[0.28103054646428577, 0.28123189083007333, 0.28109366609591097]","[3.07597183692775e-06, 1.3682336607709622e-05, 7.195526625587108e-06]",0.0002013443657875591,,False,True,3.07597183692775e-06,False,0,0,0,False,False,failure,True,True,False,False,not_reached_due_to_pilot_failure,not_reached_due_to_pilot_failure,1.0,not_reached_due_to_pilot_failure,not_reached_due_to_pilot_failure,not_reached_due_to_pilot_failure,,False,False,74.24442990000534,rank_selection_numerically_unresolved: cap+1 pilot failed maintained acceptance diagnostics,not_needed_interior_fast_path,not_reached_due_to_pilot_failure,0.85,1.5772189991576568,2.1327819022135928,2.1327819022135928,True
2026081101,dgp4_N200_T200_r00002_truth2-1-1,feeb4d8a1170b8312c0b3daa305d612c6dd0a3fbb836db03b526d28310b194ec,2005689185-370144351-2435692003-4134046224,4,200,200,2,"(2,1,1)",0.6546536707079772,0.8502963674518154,"dgp4_N200_T200_rank(2,1,1)",0.30000000000000004,0.30000000000000004,0.65,0.6499999999969691,0.85,1.71466333698683,2.89243636583027,2.89243636583027,rank_selection_numerically_unresolved,UNRESOLVED,False,3,0,1.1860268631774056e-06,1.5757255762636511e-06,2.7920063929528054e-06,0.282293011666121,0.2829985647003858,3,0,74.1025820000068,0,0.0,0.09436958290887743,1.0,"(3,3,3)","(4,4,4)","[0.2827493769917177, 0.282293011666121, 0.28299856470038587]","[1.5757255762636511e-06, 1.1860268631774056e-06, 2.7920063929528054e-06]",0.0007055530342648941,,False,True,1.1860268631774056e-06,False,0,0,0,False,False,failure,True,True,False,False,not_reached_due_to_pilot_failure,not_reached_due_to_pilot_failure,1.0,not_reached_due_to_pilot_failure,not_reached_due_to_pilot_failure,not_reached_due_to_pilot_failure,,False,False,74.33561349999218,rank_selection_numerically_unresolved: cap+1 pilot failed maintained acceptance diagnostics,not_needed_interior_fast_path,not_reached_due_to_pilot_failure,0.85,1.4818333348641888,2.1339640228509715,2.1339640228509715,True
