semantic_replication_id,dgp,N,T,replication,true_rank_vector,pilot_valid,a_NT,status,block,raw_sigma_1,lambda_hat_1,raw_sigma_2,lambda_hat_2,raw_sigma_3,lambda_hat_3,raw_sigma_4,lambda_hat_4,R_0,R_1,R_2,R_3,scale_weight,w_A_1_reference,selected_block_rank,minimum_ratio,second_smallest_ratio,ratio_gap,cap_selection_indicator,selector_state,pilot_start_objectives,pilot_start_objective_spread,pilot_objective_stability_pass,pilot_feasibility,pilot_stationarity_residual,pilot_boundary_activity,final_postrefit_attempted,final_postrefit_valid,minimum_objective,true_block_rank
dgp1_N50_T50_r00000_truth1-0-2,1,50,50,0,"(1,0,2)",False,0.1278111093176657,rank_selection_numerically_unresolved,A,,,,,,,,,,,,,,,,,,,,not_reached_due_to_pilot_failure,"[0.1419297452735049, 0.14056075683318126, 0.1394984709829806]",0.0024312742905243,False,True,0.0084740666512471,True,False,False,0.1394984709829806,1
dgp1_N50_T50_r00000_truth1-0-2,1,50,50,0,"(1,0,2)",False,0.1278111093176657,rank_selection_numerically_unresolved,B,,,,,,,,,,,,,,,,,,,,not_reached_due_to_pilot_failure,"[0.1419297452735049, 0.14056075683318126, 0.1394984709829806]",0.0024312742905243,False,True,0.0084740666512471,True,False,False,0.1394984709829806,0
dgp1_N50_T50_r00000_truth1-0-2,1,50,50,0,"(1,0,2)",False,0.1278111093176657,rank_selection_numerically_unresolved,H,,,,,,,,,,,,,1.0,,,,,,,not_reached_due_to_pilot_failure,"[0.1419297452735049, 0.14056075683318126, 0.1394984709829806]",0.0024312742905243,False,True,0.0084740666512471,True,False,False,0.1394984709829806,2
dgp1_N50_T50_r00001_truth1-0-2,1,50,50,1,"(1,0,2)",False,0.1278111093176657,rank_selection_numerically_unresolved,A,,,,,,,,,,,,,,,,,,,,not_reached_due_to_pilot_failure,"[0.15814719727888749, 0.16684088658691426, 0.16616673033204485]",0.0086936893080267,False,True,0.0074705311192315,False,False,False,0.1581471972788874,1
dgp1_N50_T50_r00001_truth1-0-2,1,50,50,1,"(1,0,2)",False,0.1278111093176657,rank_selection_numerically_unresolved,B,,,,,,,,,,,,,,,,,,,,not_reached_due_to_pilot_failure,"[0.15814719727888749, 0.16684088658691426, 0.16616673033204485]",0.0086936893080267,False,True,0.0074705311192315,False,False,False,0.1581471972788874,0
dgp1_N50_T50_r00001_truth1-0-2,1,50,50,1,"(1,0,2)",False,0.1278111093176657,rank_selection_numerically_unresolved,H,,,,,,,,,,,,,1.0,,,,,,,not_reached_due_to_pilot_failure,"[0.15814719727888749, 0.16684088658691426, 0.16616673033204485]",0.0086936893080267,False,True,0.0074705311192315,False,False,False,0.1581471972788874,2
dgp1_N50_T50_r00002_truth1-0-2,1,50,50,2,"(1,0,2)",False,0.1278111093176657,rank_selection_numerically_unresolved,A,,,,,,,,,,,,,,,,,,,,not_reached_due_to_pilot_failure,"[0.14617046512826154, 0.14414748960849372, 0.14575780091010332]",0.0020229755197678,False,True,9.28025690920416e-05,True,False,False,0.1441474896084937,1
dgp1_N50_T50_r00002_truth1-0-2,1,50,50,2,"(1,0,2)",False,0.1278111093176657,rank_selection_numerically_unresolved,B,,,,,,,,,,,,,,,,,,,,not_reached_due_to_pilot_failure,"[0.14617046512826154, 0.14414748960849372, 0.14575780091010332]",0.0020229755197678,False,True,9.28025690920416e-05,True,False,False,0.1441474896084937,0
dgp1_N50_T50_r00002_truth1-0-2,1,50,50,2,"(1,0,2)",False,0.1278111093176657,rank_selection_numerically_unresolved,H,,,,,,,,,,,,,1.0,,,,,,,not_reached_due_to_pilot_failure,"[0.14617046512826154, 0.14414748960849372, 0.14575780091010332]",0.0020229755197678,False,True,9.28025690920416e-05,True,False,False,0.1441474896084937,2
dgp1_N50_T50_r00000_truth1-1-1,1,50,50,0,"(1,1,1)",False,0.1278111093176657,rank_selection_numerically_unresolved,A,,,,,,,,,,,,,,,,,,,,not_reached_due_to_pilot_failure,"[0.4640064474981087, 0.46379618470398193, 0.4699737901173393]",0.0061776054133573,False,True,0.0047030195061061,True,False,False,0.4637961847039819,1
dgp1_N50_T50_r00000_truth1-1-1,1,50,50,0,"(1,1,1)",False,0.1278111093176657,rank_selection_numerically_unresolved,B,,,,,,,,,,,,,,,,,,,,not_reached_due_to_pilot_failure,"[0.4640064474981087, 0.46379618470398193, 0.4699737901173393]",0.0061776054133573,False,True,0.0047030195061061,True,False,False,0.4637961847039819,1
dgp1_N50_T50_r00000_truth1-1-1,1,50,50,0,"(1,1,1)",False,0.1278111093176657,rank_selection_numerically_unresolved,H,,,,,,,,,,,,,1.0,,,,,,,not_reached_due_to_pilot_failure,"[0.4640064474981087, 0.46379618470398193, 0.4699737901173393]",0.0061776054133573,False,True,0.0047030195061061,True,False,False,0.4637961847039819,1
dgp1_N50_T50_r00001_truth1-1-1,1,50,50,1,"(1,1,1)",False,0.1278111093176657,rank_selection_numerically_unresolved,A,,,,,,,,,,,,,,,,,,,,not_reached_due_to_pilot_failure,"[0.5125689057685556, 0.4919742292743455, 0.4761743839136077]",0.0363945218549479,False,True,0.0022557286432282,True,False,False,0.4761743839136077,1
dgp1_N50_T50_r00001_truth1-1-1,1,50,50,1,"(1,1,1)",False,0.1278111093176657,rank_selection_numerically_unresolved,B,,,,,,,,,,,,,,,,,,,,not_reached_due_to_pilot_failure,"[0.5125689057685556, 0.4919742292743455, 0.4761743839136077]",0.0363945218549479,False,True,0.0022557286432282,True,False,False,0.4761743839136077,1
dgp1_N50_T50_r00001_truth1-1-1,1,50,50,1,"(1,1,1)",False,0.1278111093176657,rank_selection_numerically_unresolved,H,,,,,,,,,,,,,1.0,,,,,,,not_reached_due_to_pilot_failure,"[0.5125689057685556, 0.4919742292743455, 0.4761743839136077]",0.0363945218549479,False,True,0.0022557286432282,True,False,False,0.4761743839136077,1
dgp1_N50_T50_r00002_truth1-1-1,1,50,50,2,"(1,1,1)",False,0.1278111093176657,rank_selection_numerically_unresolved,A,,,,,,,,,,,,,,,,,,,,not_reached_due_to_pilot_failure,"[0.5422047189731697, 0.5357820261518287, 0.5429680175801357]",0.007185991428307,False,True,0.0020851572060351,True,False,False,0.5357820261518287,1
dgp1_N50_T50_r00002_truth1-1-1,1,50,50,2,"(1,1,1)",False,0.1278111093176657,rank_selection_numerically_unresolved,B,,,,,,,,,,,,,,,,,,,,not_reached_due_to_pilot_failure,"[0.5422047189731697, 0.5357820261518287, 0.5429680175801357]",0.007185991428307,False,True,0.0020851572060351,True,False,False,0.5357820261518287,1
dgp1_N50_T50_r00002_truth1-1-1,1,50,50,2,"(1,1,1)",False,0.1278111093176657,rank_selection_numerically_unresolved,H,,,,,,,,,,,,,1.0,,,,,,,not_reached_due_to_pilot_failure,"[0.5422047189731697, 0.5357820261518287, 0.5429680175801357]",0.007185991428307,False,True,0.0020851572060351,True,False,False,0.5357820261518287,1
dgp1_N50_T50_r00000_truth2-1-1,1,50,50,0,"(2,1,1)",False,0.1278111093176657,rank_selection_numerically_unresolved,A,,,,,,,,,,,,,,,,,,,,not_reached_due_to_pilot_failure,"[0.11023517175965426, 0.10969138269436755, 0.10704901703316284]",0.0031861547264914,False,True,0.0006634584001253,True,False,False,0.1070490170331628,2
dgp1_N50_T50_r00000_truth2-1-1,1,50,50,0,"(2,1,1)",False,0.1278111093176657,rank_selection_numerically_unresolved,B,,,,,,,,,,,,,,,,,,,,not_reached_due_to_pilot_failure,"[0.11023517175965426, 0.10969138269436755, 0.10704901703316284]",0.0031861547264914,False,True,0.0006634584001253,True,False,False,0.1070490170331628,1
dgp1_N50_T50_r00000_truth2-1-1,1,50,50,0,"(2,1,1)",False,0.1278111093176657,rank_selection_numerically_unresolved,H,,,,,,,,,,,,,1.0,,,,,,,not_reached_due_to_pilot_failure,"[0.11023517175965426, 0.10969138269436755, 0.10704901703316284]",0.0031861547264914,False,True,0.0006634584001253,True,False,False,0.1070490170331628,1
dgp1_N50_T50_r00001_truth2-1-1,1,50,50,1,"(2,1,1)",False,0.1278111093176657,rank_selection_numerically_unresolved,A,,,,,,,,,,,,,,,,,,,,not_reached_due_to_pilot_failure,"[0.09772830270798379, 0.10205946743407213, 0.10164501964308996]",0.0043311647260883,False,True,0.0014944951854491,True,False,False,0.0977283027079837,2
dgp1_N50_T50_r00001_truth2-1-1,1,50,50,1,"(2,1,1)",False,0.1278111093176657,rank_selection_numerically_unresolved,B,,,,,,,,,,,,,,,,,,,,not_reached_due_to_pilot_failure,"[0.09772830270798379, 0.10205946743407213, 0.10164501964308996]",0.0043311647260883,False,True,0.0014944951854491,True,False,False,0.0977283027079837,1
dgp1_N50_T50_r00001_truth2-1-1,1,50,50,1,"(2,1,1)",False,0.1278111093176657,rank_selection_numerically_unresolved,H,,,,,,,,,,,,,1.0,,,,,,,not_reached_due_to_pilot_failure,"[0.09772830270798379, 0.10205946743407213, 0.10164501964308996]",0.0043311647260883,False,True,0.0014944951854491,True,False,False,0.0977283027079837,1
dgp1_N50_T50_r00002_truth2-1-1,1,50,50,2,"(2,1,1)",False,0.1278111093176657,rank_selection_numerically_unresolved,A,,,,,,,,,,,,,,,,,,,,not_reached_due_to_pilot_failure,"[0.10515309177178787, 0.10163923923924087, 0.10361969554821948]",0.003513852532547,False,True,0.0041769194347309,True,False,False,0.1016392392392408,2
dgp1_N50_T50_r00002_truth2-1-1,1,50,50,2,"(2,1,1)",False,0.1278111093176657,rank_selection_numerically_unresolved,B,,,,,,,,,,,,,,,,,,,,not_reached_due_to_pilot_failure,"[0.10515309177178787, 0.10163923923924087, 0.10361969554821948]",0.003513852532547,False,True,0.0041769194347309,True,False,False,0.1016392392392408,1
dgp1_N50_T50_r00002_truth2-1-1,1,50,50,2,"(2,1,1)",False,0.1278111093176657,rank_selection_numerically_unresolved,H,,,,,,,,,,,,,1.0,,,,,,,not_reached_due_to_pilot_failure,"[0.10515309177178787, 0.10163923923924087, 0.10361969554821948]",0.003513852532547,False,True,0.0041769194347309,True,False,False,0.1016392392392408,1
dgp1_N100_T100_r00000_truth1-0-2,1,100,100,0,"(1,0,2)",False,0.1085736204758129,rank_selection_numerically_unresolved,A,,,,,,,,,,,,,,,,,,,,not_reached_due_to_pilot_failure,"[0.2868712502707119, 0.2881256321451856, 0.28661667979775196]",0.0015089523474336,False,True,1.326773289402938e-05,False,False,False,0.2866166797977519,1
dgp1_N100_T100_r00000_truth1-0-2,1,100,100,0,"(1,0,2)",False,0.1085736204758129,rank_selection_numerically_unresolved,B,,,,,,,,,,,,,,,,,,,,not_reached_due_to_pilot_failure,"[0.2868712502707119, 0.2881256321451856, 0.28661667979775196]",0.0015089523474336,False,True,1.326773289402938e-05,False,False,False,0.2866166797977519,0
dgp1_N100_T100_r00000_truth1-0-2,1,100,100,0,"(1,0,2)",False,0.1085736204758129,rank_selection_numerically_unresolved,H,,,,,,,,,,,,,1.0,,,,,,,not_reached_due_to_pilot_failure,"[0.2868712502707119, 0.2881256321451856, 0.28661667979775196]",0.0015089523474336,False,True,1.326773289402938e-05,False,False,False,0.2866166797977519,2
dgp1_N100_T100_r00001_truth1-0-2,1,100,100,1,"(1,0,2)",False,0.1085736204758129,rank_selection_numerically_unresolved,A,,,,,,,,,,,,,,,,,,,,not_reached_due_to_pilot_failure,"[0.29044720399054225, 0.2894992922000816, 0.29057621029732805]",0.0010769180972464,False,True,9.685958326165551e-05,True,False,False,0.2894992922000816,1
dgp1_N100_T100_r00001_truth1-0-2,1,100,100,1,"(1,0,2)",False,0.1085736204758129,rank_selection_numerically_unresolved,B,,,,,,,,,,,,,,,,,,,,not_reached_due_to_pilot_failure,"[0.29044720399054225, 0.2894992922000816, 0.29057621029732805]",0.0010769180972464,False,True,9.685958326165551e-05,True,False,False,0.2894992922000816,0
dgp1_N100_T100_r00001_truth1-0-2,1,100,100,1,"(1,0,2)",False,0.1085736204758129,rank_selection_numerically_unresolved,H,,,,,,,,,,,,,1.0,,,,,,,not_reached_due_to_pilot_failure,"[0.29044720399054225, 0.2894992922000816, 0.29057621029732805]",0.0010769180972464,False,True,9.685958326165551e-05,True,False,False,0.2894992922000816,2
dgp1_N100_T100_r00002_truth1-0-2,1,100,100,2,"(1,0,2)",False,0.1085736204758129,rank_selection_numerically_unresolved,A,,,,,,,,,,,,,,,,,,,,not_reached_due_to_pilot_failure,"[0.2973927467655878, 0.2974726095891963, 0.2971622226276178]",0.0003103869615784,False,True,2.510077043623086e-05,False,False,False,0.2971622226276178,1
dgp1_N100_T100_r00002_truth1-0-2,1,100,100,2,"(1,0,2)",False,0.1085736204758129,rank_selection_numerically_unresolved,B,,,,,,,,,,,,,,,,,,,,not_reached_due_to_pilot_failure,"[0.2973927467655878, 0.2974726095891963, 0.2971622226276178]",0.0003103869615784,False,True,2.510077043623086e-05,False,False,False,0.2971622226276178,0
dgp1_N100_T100_r00002_truth1-0-2,1,100,100,2,"(1,0,2)",False,0.1085736204758129,rank_selection_numerically_unresolved,H,,,,,,,,,,,,,1.0,,,,,,,not_reached_due_to_pilot_failure,"[0.2973927467655878, 0.2974726095891963, 0.2971622226276178]",0.0003103869615784,False,True,2.510077043623086e-05,False,False,False,0.2971622226276178,2
dgp1_N100_T100_r00000_truth1-1-1,1,100,100,0,"(1,1,1)",False,0.1085736204758129,rank_selection_numerically_unresolved,A,,,,,,,,,,,,,,,,,,,,not_reached_due_to_pilot_failure,"[0.8868499829995964, 0.8894867458179211, 0.888216557945322]",0.0026367628183247,False,True,0.0001153997365955,True,False,False,0.8868499829995964,1
dgp1_N100_T100_r00000_truth1-1-1,1,100,100,0,"(1,1,1)",False,0.1085736204758129,rank_selection_numerically_unresolved,B,,,,,,,,,,,,,,,,,,,,not_reached_due_to_pilot_failure,"[0.8868499829995964, 0.8894867458179211, 0.888216557945322]",0.0026367628183247,False,True,0.0001153997365955,True,False,False,0.8868499829995964,1
dgp1_N100_T100_r00000_truth1-1-1,1,100,100,0,"(1,1,1)",False,0.1085736204758129,rank_selection_numerically_unresolved,H,,,,,,,,,,,,,1.0,,,,,,,not_reached_due_to_pilot_failure,"[0.8868499829995964, 0.8894867458179211, 0.888216557945322]",0.0026367628183247,False,True,0.0001153997365955,True,False,False,0.8868499829995964,1
dgp1_N100_T100_r00001_truth1-1-1,1,100,100,1,"(1,1,1)",False,0.1085736204758129,rank_selection_numerically_unresolved,A,,,,,,,,,,,,,,,,,,,,not_reached_due_to_pilot_failure,"[0.926321574935922, 0.9213406310359329, 0.9265969366201127]",0.0052563055841797,False,True,5.904235397239586e-05,True,False,False,0.9213406310359328,1
dgp1_N100_T100_r00001_truth1-1-1,1,100,100,1,"(1,1,1)",False,0.1085736204758129,rank_selection_numerically_unresolved,B,,,,,,,,,,,,,,,,,,,,not_reached_due_to_pilot_failure,"[0.926321574935922, 0.9213406310359329, 0.9265969366201127]",0.0052563055841797,False,True,5.904235397239586e-05,True,False,False,0.9213406310359328,1
dgp1_N100_T100_r00001_truth1-1-1,1,100,100,1,"(1,1,1)",False,0.1085736204758129,rank_selection_numerically_unresolved,H,,,,,,,,,,,,,1.0,,,,,,,not_reached_due_to_pilot_failure,"[0.926321574935922, 0.9213406310359329, 0.9265969366201127]",0.0052563055841797,False,True,5.904235397239586e-05,True,False,False,0.9213406310359328,1
dgp1_N100_T100_r00002_truth1-1-1,1,100,100,2,"(1,1,1)",False,0.1085736204758129,rank_selection_numerically_unresolved,A,,,,,,,,,,,,,,,,,,,,not_reached_due_to_pilot_failure,"[0.9597891598272581, 0.9633792355733629, 0.9562960030065897]",0.0070832325667732,False,True,4.553502940709174e-05,True,False,False,0.9562960030065896,1
dgp1_N100_T100_r00002_truth1-1-1,1,100,100,2,"(1,1,1)",False,0.1085736204758129,rank_selection_numerically_unresolved,B,,,,,,,,,,,,,,,,,,,,not_reached_due_to_pilot_failure,"[0.9597891598272581, 0.9633792355733629, 0.9562960030065897]",0.0070832325667732,False,True,4.553502940709174e-05,True,False,False,0.9562960030065896,1
dgp1_N100_T100_r00002_truth1-1-1,1,100,100,2,"(1,1,1)",False,0.1085736204758129,rank_selection_numerically_unresolved,H,,,,,,,,,,,,,1.0,,,,,,,not_reached_due_to_pilot_failure,"[0.9597891598272581, 0.9633792355733629, 0.9562960030065897]",0.0070832325667732,False,True,4.553502940709174e-05,True,False,False,0.9562960030065896,1
dgp1_N100_T100_r00000_truth2-1-1,1,100,100,0,"(2,1,1)",False,0.1085736204758129,rank_selection_numerically_unresolved,A,,,,,,,,,,,,,,,,,,,,not_reached_due_to_pilot_failure,"[0.21280491426943682, 0.2137990201460093, 0.21517659326735233]",0.0023716789979155,False,True,1.3252675714886423e-05,False,False,False,0.2128049142694368,2
dgp1_N100_T100_r00000_truth2-1-1,1,100,100,0,"(2,1,1)",False,0.1085736204758129,rank_selection_numerically_unresolved,B,,,,,,,,,,,,,,,,,,,,not_reached_due_to_pilot_failure,"[0.21280491426943682, 0.2137990201460093, 0.21517659326735233]",0.0023716789979155,False,True,1.3252675714886423e-05,False,False,False,0.2128049142694368,1
dgp1_N100_T100_r00000_truth2-1-1,1,100,100,0,"(2,1,1)",False,0.1085736204758129,rank_selection_numerically_unresolved,H,,,,,,,,,,,,,1.0,,,,,,,not_reached_due_to_pilot_failure,"[0.21280491426943682, 0.2137990201460093, 0.21517659326735233]",0.0023716789979155,False,True,1.3252675714886423e-05,False,False,False,0.2128049142694368,1
dgp1_N100_T100_r00001_truth2-1-1,1,100,100,1,"(2,1,1)",False,0.1085736204758129,rank_selection_numerically_unresolved,A,,,,,,,,,,,,,,,,,,,,not_reached_due_to_pilot_failure,"[0.20018994025743633, 0.2020756013577427, 0.20083298772872607]",0.0018856611003063,False,True,4.800377438283438e-06,False,False,False,0.2001899402574363,2
dgp1_N100_T100_r00001_truth2-1-1,1,100,100,1,"(2,1,1)",False,0.1085736204758129,rank_selection_numerically_unresolved,B,,,,,,,,,,,,,,,,,,,,not_reached_due_to_pilot_failure,"[0.20018994025743633, 0.2020756013577427, 0.20083298772872607]",0.0018856611003063,False,True,4.800377438283438e-06,False,False,False,0.2001899402574363,1
dgp1_N100_T100_r00001_truth2-1-1,1,100,100,1,"(2,1,1)",False,0.1085736204758129,rank_selection_numerically_unresolved,H,,,,,,,,,,,,,1.0,,,,,,,not_reached_due_to_pilot_failure,"[0.20018994025743633, 0.2020756013577427, 0.20083298772872607]",0.0018856611003063,False,True,4.800377438283438e-06,False,False,False,0.2001899402574363,1
dgp1_N100_T100_r00002_truth2-1-1,1,100,100,2,"(2,1,1)",False,0.1085736204758129,rank_selection_numerically_unresolved,A,,,,,,,,,,,,,,,,,,,,not_reached_due_to_pilot_failure,"[0.19937193304972606, 0.2002464285437459, 0.19964605930543752]",0.0008744954940198,False,True,6.646330042280188e-06,False,False,False,0.199371933049726,2
dgp1_N100_T100_r00002_truth2-1-1,1,100,100,2,"(2,1,1)",False,0.1085736204758129,rank_selection_numerically_unresolved,B,,,,,,,,,,,,,,,,,,,,not_reached_due_to_pilot_failure,"[0.19937193304972606, 0.2002464285437459, 0.19964605930543752]",0.0008744954940198,False,True,6.646330042280188e-06,False,False,False,0.199371933049726,1
dgp1_N100_T100_r00002_truth2-1-1,1,100,100,2,"(2,1,1)",False,0.1085736204758129,rank_selection_numerically_unresolved,H,,,,,,,,,,,,,1.0,,,,,,,not_reached_due_to_pilot_failure,"[0.19937193304972606, 0.2002464285437459, 0.19964605930543752]",0.0008744954940198,False,True,6.646330042280188e-06,False,False,False,0.199371933049726,1
dgp1_N100_T200_r00000_truth1-0-2,1,100,200,0,"(1,0,2)",False,0.1009745299012281,rank_selection_numerically_unresolved,A,,,,,,,,,,,,,,,,,,,,not_reached_due_to_pilot_failure,"[0.33243802786099524, 0.33295091429537244, 0.3320062147470428]",0.0009446995483296,False,True,0.0004095137758701,True,False,False,0.3320062147470428,1
dgp1_N100_T200_r00000_truth1-0-2,1,100,200,0,"(1,0,2)",False,0.1009745299012281,rank_selection_numerically_unresolved,B,,,,,,,,,,,,,,,,,,,,not_reached_due_to_pilot_failure,"[0.33243802786099524, 0.33295091429537244, 0.3320062147470428]",0.0009446995483296,False,True,0.0004095137758701,True,False,False,0.3320062147470428,0
dgp1_N100_T200_r00000_truth1-0-2,1,100,200,0,"(1,0,2)",False,0.1009745299012281,rank_selection_numerically_unresolved,H,,,,,,,,,,,,,1.0,,,,,,,not_reached_due_to_pilot_failure,"[0.33243802786099524, 0.33295091429537244, 0.3320062147470428]",0.0009446995483296,False,True,0.0004095137758701,True,False,False,0.3320062147470428,2
dgp1_N100_T200_r00001_truth1-0-2,1,100,200,1,"(1,0,2)",False,0.1009745299012281,rank_selection_numerically_unresolved,A,,,,,,,,,,,,,,,,,,,,not_reached_due_to_pilot_failure,"[0.36336278517990833, 0.36137268966863, 0.3619521679885533]",0.0019900955112783,False,True,9.657770156278587e-06,False,False,False,0.36137268966863,1
dgp1_N100_T200_r00001_truth1-0-2,1,100,200,1,"(1,0,2)",False,0.1009745299012281,rank_selection_numerically_unresolved,B,,,,,,,,,,,,,,,,,,,,not_reached_due_to_pilot_failure,"[0.36336278517990833, 0.36137268966863, 0.3619521679885533]",0.0019900955112783,False,True,9.657770156278587e-06,False,False,False,0.36137268966863,0
dgp1_N100_T200_r00001_truth1-0-2,1,100,200,1,"(1,0,2)",False,0.1009745299012281,rank_selection_numerically_unresolved,H,,,,,,,,,,,,,1.0,,,,,,,not_reached_due_to_pilot_failure,"[0.36336278517990833, 0.36137268966863, 0.3619521679885533]",0.0019900955112783,False,True,9.657770156278587e-06,False,False,False,0.36137268966863,2
dgp1_N100_T200_r00002_truth1-0-2,1,100,200,2,"(1,0,2)",False,0.1009745299012281,rank_selection_numerically_unresolved,A,,,,,,,,,,,,,,,,,,,,not_reached_due_to_pilot_failure,"[0.3604007436135309, 0.3605335396324305, 0.36175495241435085]",0.0013542088008199,False,True,6.311392733834145e-06,False,False,False,0.3604007436135309,1
dgp1_N100_T200_r00002_truth1-0-2,1,100,200,2,"(1,0,2)",False,0.1009745299012281,rank_selection_numerically_unresolved,B,,,,,,,,,,,,,,,,,,,,not_reached_due_to_pilot_failure,"[0.3604007436135309, 0.3605335396324305, 0.36175495241435085]",0.0013542088008199,False,True,6.311392733834145e-06,False,False,False,0.3604007436135309,0
dgp1_N100_T200_r00002_truth1-0-2,1,100,200,2,"(1,0,2)",False,0.1009745299012281,rank_selection_numerically_unresolved,H,,,,,,,,,,,,,1.0,,,,,,,not_reached_due_to_pilot_failure,"[0.3604007436135309, 0.3605335396324305, 0.36175495241435085]",0.0013542088008199,False,True,6.311392733834145e-06,False,False,False,0.3604007436135309,2
dgp1_N100_T200_r00000_truth1-1-1,1,100,200,0,"(1,1,1)",False,0.1009745299012281,rank_selection_numerically_unresolved,A,,,,,,,,,,,,,,,,,,,,not_reached_due_to_pilot_failure,"[1.1035032617251355, 1.0972906549614765, 1.1000023951501716]",0.0062126067636589,False,True,8.072226096512587e-05,True,False,False,1.0972906549614765,1
dgp1_N100_T200_r00000_truth1-1-1,1,100,200,0,"(1,1,1)",False,0.1009745299012281,rank_selection_numerically_unresolved,B,,,,,,,,,,,,,,,,,,,,not_reached_due_to_pilot_failure,"[1.1035032617251355, 1.0972906549614765, 1.1000023951501716]",0.0062126067636589,False,True,8.072226096512587e-05,True,False,False,1.0972906549614765,1
dgp1_N100_T200_r00000_truth1-1-1,1,100,200,0,"(1,1,1)",False,0.1009745299012281,rank_selection_numerically_unresolved,H,,,,,,,,,,,,,1.0,,,,,,,not_reached_due_to_pilot_failure,"[1.1035032617251355, 1.0972906549614765, 1.1000023951501716]",0.0062126067636589,False,True,8.072226096512587e-05,True,False,False,1.0972906549614765,1
dgp1_N100_T200_r00001_truth1-1-1,1,100,200,1,"(1,1,1)",False,0.1009745299012281,rank_selection_numerically_unresolved,A,,,,,,,,,,,,,,,,,,,,not_reached_due_to_pilot_failure,"[1.084336147372985, 1.0856963527700905, 1.079600431844691]",0.0060959209253994,False,True,0.0003466691556969,True,False,False,1.079600431844691,1
dgp1_N100_T200_r00001_truth1-1-1,1,100,200,1,"(1,1,1)",False,0.1009745299012281,rank_selection_numerically_unresolved,B,,,,,,,,,,,,,,,,,,,,not_reached_due_to_pilot_failure,"[1.084336147372985, 1.0856963527700905, 1.079600431844691]",0.0060959209253994,False,True,0.0003466691556969,True,False,False,1.079600431844691,1
dgp1_N100_T200_r00001_truth1-1-1,1,100,200,1,"(1,1,1)",False,0.1009745299012281,rank_selection_numerically_unresolved,H,,,,,,,,,,,,,1.0,,,,,,,not_reached_due_to_pilot_failure,"[1.084336147372985, 1.0856963527700905, 1.079600431844691]",0.0060959209253994,False,True,0.0003466691556969,True,False,False,1.079600431844691,1
dgp1_N100_T200_r00002_truth1-1-1,1,100,200,2,"(1,1,1)",False,0.1009745299012281,rank_selection_numerically_unresolved,A,,,,,,,,,,,,,,,,,,,,not_reached_due_to_pilot_failure,"[1.0694479470534761, 1.0719059541827471, 1.0654093826835727]",0.0064965714991744,False,True,9.316864272014036e-05,True,False,False,1.0654093826835729,1
dgp1_N100_T200_r00002_truth1-1-1,1,100,200,2,"(1,1,1)",False,0.1009745299012281,rank_selection_numerically_unresolved,B,,,,,,,,,,,,,,,,,,,,not_reached_due_to_pilot_failure,"[1.0694479470534761, 1.0719059541827471, 1.0654093826835727]",0.0064965714991744,False,True,9.316864272014036e-05,True,False,False,1.0654093826835729,1
dgp1_N100_T200_r00002_truth1-1-1,1,100,200,2,"(1,1,1)",False,0.1009745299012281,rank_selection_numerically_unresolved,H,,,,,,,,,,,,,1.0,,,,,,,not_reached_due_to_pilot_failure,"[1.0694479470534761, 1.0719059541827471, 1.0654093826835727]",0.0064965714991744,False,True,9.316864272014036e-05,True,False,False,1.0654093826835729,1
dgp1_N100_T200_r00000_truth2-1-1,1,100,200,0,"(2,1,1)",False,0.1009745299012281,rank_selection_numerically_unresolved,A,,,,,,,,,,,,,,,,,,,,not_reached_due_to_pilot_failure,"[0.23772506741124672, 0.2382564032213977, 0.23734561218596217]",0.0009107910354355,False,True,9.82406468998968e-05,True,False,False,0.2373456121859621,2
dgp1_N100_T200_r00000_truth2-1-1,1,100,200,0,"(2,1,1)",False,0.1009745299012281,rank_selection_numerically_unresolved,B,,,,,,,,,,,,,,,,,,,,not_reached_due_to_pilot_failure,"[0.23772506741124672, 0.2382564032213977, 0.23734561218596217]",0.0009107910354355,False,True,9.82406468998968e-05,True,False,False,0.2373456121859621,1
dgp1_N100_T200_r00000_truth2-1-1,1,100,200,0,"(2,1,1)",False,0.1009745299012281,rank_selection_numerically_unresolved,H,,,,,,,,,,,,,1.0,,,,,,,not_reached_due_to_pilot_failure,"[0.23772506741124672, 0.2382564032213977, 0.23734561218596217]",0.0009107910354355,False,True,9.82406468998968e-05,True,False,False,0.2373456121859621,1
dgp1_N100_T200_r00001_truth2-1-1,1,100,200,1,"(2,1,1)",False,0.1009745299012281,rank_selection_numerically_unresolved,A,,,,,,,,,,,,,,,,,,,,not_reached_due_to_pilot_failure,"[0.22900730480272286, 0.22926694527961372, 0.22839561456972687]",0.0008713307098868,False,True,8.839263966647056e-06,False,False,False,0.2283956145697268,2
dgp1_N100_T200_r00001_truth2-1-1,1,100,200,1,"(2,1,1)",False,0.1009745299012281,rank_selection_numerically_unresolved,B,,,,,,,,,,,,,,,,,,,,not_reached_due_to_pilot_failure,"[0.22900730480272286, 0.22926694527961372, 0.22839561456972687]",0.0008713307098868,False,True,8.839263966647056e-06,False,False,False,0.2283956145697268,1
dgp1_N100_T200_r00001_truth2-1-1,1,100,200,1,"(2,1,1)",False,0.1009745299012281,rank_selection_numerically_unresolved,H,,,,,,,,,,,,,1.0,,,,,,,not_reached_due_to_pilot_failure,"[0.22900730480272286, 0.22926694527961372, 0.22839561456972687]",0.0008713307098868,False,True,8.839263966647056e-06,False,False,False,0.2283956145697268,1
dgp1_N100_T200_r00002_truth2-1-1,1,100,200,2,"(2,1,1)",False,0.1009745299012281,rank_selection_numerically_unresolved,A,,,,,,,,,,,,,,,,,,,,not_reached_due_to_pilot_failure,"[0.24749219863002708, 0.24767825863402312, 0.24826262905250518]",0.000770430422478,False,True,7.336340246912922e-06,False,False,False,0.247492198630027,2
dgp1_N100_T200_r00002_truth2-1-1,1,100,200,2,"(2,1,1)",False,0.1009745299012281,rank_selection_numerically_unresolved,B,,,,,,,,,,,,,,,,,,,,not_reached_due_to_pilot_failure,"[0.24749219863002708, 0.24767825863402312, 0.24826262905250518]",0.000770430422478,False,True,7.336340246912922e-06,False,False,False,0.247492198630027,1
dgp1_N100_T200_r00002_truth2-1-1,1,100,200,2,"(2,1,1)",False,0.1009745299012281,rank_selection_numerically_unresolved,H,,,,,,,,,,,,,1.0,,,,,,,not_reached_due_to_pilot_failure,"[0.24749219863002708, 0.24767825863402312, 0.24826262905250518]",0.000770430422478,False,True,7.336340246912922e-06,False,False,False,0.247492198630027,1
dgp1_N200_T100_r00000_truth1-0-2,1,200,100,0,"(1,0,2)",False,0.1009745299012281,rank_selection_numerically_unresolved,A,,,,,,,,,,,,,,,,,,,,not_reached_due_to_pilot_failure,"[0.3523787116124524, 0.35206788767590524, 0.3522570247886246]",0.0003108239365471,False,True,9.96156000657347e-05,True,False,False,0.3520678876759052,1
dgp1_N200_T100_r00000_truth1-0-2,1,200,100,0,"(1,0,2)",False,0.1009745299012281,rank_selection_numerically_unresolved,B,,,,,,,,,,,,,,,,,,,,not_reached_due_to_pilot_failure,"[0.3523787116124524, 0.35206788767590524, 0.3522570247886246]",0.0003108239365471,False,True,9.96156000657347e-05,True,False,False,0.3520678876759052,0
dgp1_N200_T100_r00000_truth1-0-2,1,200,100,0,"(1,0,2)",False,0.1009745299012281,rank_selection_numerically_unresolved,H,,,,,,,,,,,,,1.0,,,,,,,not_reached_due_to_pilot_failure,"[0.3523787116124524, 0.35206788767590524, 0.3522570247886246]",0.0003108239365471,False,True,9.96156000657347e-05,True,False,False,0.3520678876759052,2
dgp1_N200_T100_r00001_truth1-0-2,1,200,100,1,"(1,0,2)",False,0.1009745299012281,rank_selection_numerically_unresolved,A,,,,,,,,,,,,,,,,,,,,not_reached_due_to_pilot_failure,"[0.3440485997844326, 0.3450940355712318, 0.3449281900634332]",0.0010454357867992,False,True,1.0515506336092203e-05,False,False,False,0.3440485997844326,1
dgp1_N200_T100_r00001_truth1-0-2,1,200,100,1,"(1,0,2)",False,0.1009745299012281,rank_selection_numerically_unresolved,B,,,,,,,,,,,,,,,,,,,,not_reached_due_to_pilot_failure,"[0.3440485997844326, 0.3450940355712318, 0.3449281900634332]",0.0010454357867992,False,True,1.0515506336092203e-05,False,False,False,0.3440485997844326,0
dgp1_N200_T100_r00001_truth1-0-2,1,200,100,1,"(1,0,2)",False,0.1009745299012281,rank_selection_numerically_unresolved,H,,,,,,,,,,,,,1.0,,,,,,,not_reached_due_to_pilot_failure,"[0.3440485997844326, 0.3450940355712318, 0.3449281900634332]",0.0010454357867992,False,True,1.0515506336092203e-05,False,False,False,0.3440485997844326,2
dgp1_N200_T100_r00002_truth1-0-2,1,200,100,2,"(1,0,2)",False,0.1009745299012281,rank_selection_numerically_unresolved,A,,,,,,,,,,,,,,,,,,,,not_reached_due_to_pilot_failure,"[0.3581192139907577, 0.3573219307573462, 0.35700829522941374]",0.0011109187613439,False,True,2.8974778680539352e-06,False,False,False,0.3570082952294137,1
dgp1_N200_T100_r00002_truth1-0-2,1,200,100,2,"(1,0,2)",False,0.1009745299012281,rank_selection_numerically_unresolved,B,,,,,,,,,,,,,,,,,,,,not_reached_due_to_pilot_failure,"[0.3581192139907577, 0.3573219307573462, 0.35700829522941374]",0.0011109187613439,False,True,2.8974778680539352e-06,False,False,False,0.3570082952294137,0
dgp1_N200_T100_r00002_truth1-0-2,1,200,100,2,"(1,0,2)",False,0.1009745299012281,rank_selection_numerically_unresolved,H,,,,,,,,,,,,,1.0,,,,,,,not_reached_due_to_pilot_failure,"[0.3581192139907577, 0.3573219307573462, 0.35700829522941374]",0.0011109187613439,False,True,2.8974778680539352e-06,False,False,False,0.3570082952294137,2
dgp1_N200_T100_r00000_truth1-1-1,1,200,100,0,"(1,1,1)",False,0.1009745299012281,rank_selection_numerically_unresolved,A,,,,,,,,,,,,,,,,,,,,not_reached_due_to_pilot_failure,"[1.4794081877725778, 1.4781705264696157, 1.4764252318761233]",0.0029829558964544,False,True,0.0011806669469683,True,False,False,1.4764252318761233,1
dgp1_N200_T100_r00000_truth1-1-1,1,200,100,0,"(1,1,1)",False,0.1009745299012281,rank_selection_numerically_unresolved,B,,,,,,,,,,,,,,,,,,,,not_reached_due_to_pilot_failure,"[1.4794081877725778, 1.4781705264696157, 1.4764252318761233]",0.0029829558964544,False,True,0.0011806669469683,True,False,False,1.4764252318761233,1
dgp1_N200_T100_r00000_truth1-1-1,1,200,100,0,"(1,1,1)",False,0.1009745299012281,rank_selection_numerically_unresolved,H,,,,,,,,,,,,,1.0,,,,,,,not_reached_due_to_pilot_failure,"[1.4794081877725778, 1.4781705264696157, 1.4764252318761233]",0.0029829558964544,False,True,0.0011806669469683,True,False,False,1.4764252318761233,1
dgp1_N200_T100_r00001_truth1-1-1,1,200,100,1,"(1,1,1)",False,0.1009745299012281,rank_selection_numerically_unresolved,A,,,,,,,,,,,,,,,,,,,,not_reached_due_to_pilot_failure,"[1.4175241670656904, 1.4251071024138982, 1.413371857884514]",0.0117352445293841,False,True,4.753932833485828e-05,True,False,False,1.413371857884514,1
dgp1_N200_T100_r00001_truth1-1-1,1,200,100,1,"(1,1,1)",False,0.1009745299012281,rank_selection_numerically_unresolved,B,,,,,,,,,,,,,,,,,,,,not_reached_due_to_pilot_failure,"[1.4175241670656904, 1.4251071024138982, 1.413371857884514]",0.0117352445293841,False,True,4.753932833485828e-05,True,False,False,1.413371857884514,1
dgp1_N200_T100_r00001_truth1-1-1,1,200,100,1,"(1,1,1)",False,0.1009745299012281,rank_selection_numerically_unresolved,H,,,,,,,,,,,,,1.0,,,,,,,not_reached_due_to_pilot_failure,"[1.4175241670656904, 1.4251071024138982, 1.413371857884514]",0.0117352445293841,False,True,4.753932833485828e-05,True,False,False,1.413371857884514,1
dgp1_N200_T100_r00002_truth1-1-1,1,200,100,2,"(1,1,1)",False,0.1009745299012281,rank_selection_numerically_unresolved,A,,,,,,,,,,,,,,,,,,,,not_reached_due_to_pilot_failure,"[1.4250036481423705, 1.4292486764840924, 1.4223146585749469]",0.0069340179091454,False,True,8.000062082220082e-05,True,False,False,1.4223146585749469,1
dgp1_N200_T100_r00002_truth1-1-1,1,200,100,2,"(1,1,1)",False,0.1009745299012281,rank_selection_numerically_unresolved,B,,,,,,,,,,,,,,,,,,,,not_reached_due_to_pilot_failure,"[1.4250036481423705, 1.4292486764840924, 1.4223146585749469]",0.0069340179091454,False,True,8.000062082220082e-05,True,False,False,1.4223146585749469,1
dgp1_N200_T100_r00002_truth1-1-1,1,200,100,2,"(1,1,1)",False,0.1009745299012281,rank_selection_numerically_unresolved,H,,,,,,,,,,,,,1.0,,,,,,,not_reached_due_to_pilot_failure,"[1.4250036481423705, 1.4292486764840924, 1.4223146585749469]",0.0069340179091454,False,True,8.000062082220082e-05,True,False,False,1.4223146585749469,1
dgp1_N200_T100_r00000_truth2-1-1,1,200,100,0,"(2,1,1)",False,0.1009745299012281,rank_selection_numerically_unresolved,A,,,,,,,,,,,,,,,,,,,,not_reached_due_to_pilot_failure,"[0.23516101740183795, 0.23539624741557136, 0.23559303517581584]",0.0004320177739778,False,True,2.360960785205033e-06,False,False,False,0.2351610174018379,2
dgp1_N200_T100_r00000_truth2-1-1,1,200,100,0,"(2,1,1)",False,0.1009745299012281,rank_selection_numerically_unresolved,B,,,,,,,,,,,,,,,,,,,,not_reached_due_to_pilot_failure,"[0.23516101740183795, 0.23539624741557136, 0.23559303517581584]",0.0004320177739778,False,True,2.360960785205033e-06,False,False,False,0.2351610174018379,1
dgp1_N200_T100_r00000_truth2-1-1,1,200,100,0,"(2,1,1)",False,0.1009745299012281,rank_selection_numerically_unresolved,H,,,,,,,,,,,,,1.0,,,,,,,not_reached_due_to_pilot_failure,"[0.23516101740183795, 0.23539624741557136, 0.23559303517581584]",0.0004320177739778,False,True,2.360960785205033e-06,False,False,False,0.2351610174018379,1
dgp1_N200_T100_r00001_truth2-1-1,1,200,100,1,"(2,1,1)",False,0.1009745299012281,rank_selection_numerically_unresolved,A,,,,,,,,,,,,,,,,,,,,not_reached_due_to_pilot_failure,"[0.2460387080790585, 0.24641275885243114, 0.2465467047665341]",0.0005079966874755,False,True,1.0639629054214825e-05,False,False,False,0.2460387080790585,2
dgp1_N200_T100_r00001_truth2-1-1,1,200,100,1,"(2,1,1)",False,0.1009745299012281,rank_selection_numerically_unresolved,B,,,,,,,,,,,,,,,,,,,,not_reached_due_to_pilot_failure,"[0.2460387080790585, 0.24641275885243114, 0.2465467047665341]",0.0005079966874755,False,True,1.0639629054214825e-05,False,False,False,0.2460387080790585,1
dgp1_N200_T100_r00001_truth2-1-1,1,200,100,1,"(2,1,1)",False,0.1009745299012281,rank_selection_numerically_unresolved,H,,,,,,,,,,,,,1.0,,,,,,,not_reached_due_to_pilot_failure,"[0.2460387080790585, 0.24641275885243114, 0.2465467047665341]",0.0005079966874755,False,True,1.0639629054214825e-05,False,False,False,0.2460387080790585,1
dgp1_N200_T100_r00002_truth2-1-1,1,200,100,2,"(2,1,1)",False,0.1009745299012281,rank_selection_numerically_unresolved,A,,,,,,,,,,,,,,,,,,,,not_reached_due_to_pilot_failure,"[0.2438272585169319, 0.24347136922856927, 0.2431477483906415]",0.0006795101262904,False,True,7.030300825643012e-06,False,False,False,0.2431477483906415,2
dgp1_N200_T100_r00002_truth2-1-1,1,200,100,2,"(2,1,1)",False,0.1009745299012281,rank_selection_numerically_unresolved,B,,,,,,,,,,,,,,,,,,,,not_reached_due_to_pilot_failure,"[0.2438272585169319, 0.24347136922856927, 0.2431477483906415]",0.0006795101262904,False,True,7.030300825643012e-06,False,False,False,0.2431477483906415,1
dgp1_N200_T100_r00002_truth2-1-1,1,200,100,2,"(2,1,1)",False,0.1009745299012281,rank_selection_numerically_unresolved,H,,,,,,,,,,,,,1.0,,,,,,,not_reached_due_to_pilot_failure,"[0.2438272585169319, 0.24347136922856927, 0.2431477483906415]",0.0006795101262904,False,True,7.030300825643012e-06,False,False,False,0.2431477483906415,1
dgp1_N200_T200_r00000_truth1-0-2,1,200,200,0,"(1,0,2)",False,0.0943695829088774,rank_selection_numerically_unresolved,A,,,,,,,,,,,,,,,,,,,,not_reached_due_to_pilot_failure,"[0.3901441125084892, 0.38963743705930454, 0.39017820842185286]",0.0005407713625483,False,True,6.28588065509775e-07,False,False,False,0.3896374370593045,1
dgp1_N200_T200_r00000_truth1-0-2,1,200,200,0,"(1,0,2)",False,0.0943695829088774,rank_selection_numerically_unresolved,B,,,,,,,,,,,,,,,,,,,,not_reached_due_to_pilot_failure,"[0.3901441125084892, 0.38963743705930454, 0.39017820842185286]",0.0005407713625483,False,True,6.28588065509775e-07,False,False,False,0.3896374370593045,0
dgp1_N200_T200_r00000_truth1-0-2,1,200,200,0,"(1,0,2)",False,0.0943695829088774,rank_selection_numerically_unresolved,H,,,,,,,,,,,,,1.0,,,,,,,not_reached_due_to_pilot_failure,"[0.3901441125084892, 0.38963743705930454, 0.39017820842185286]",0.0005407713625483,False,True,6.28588065509775e-07,False,False,False,0.3896374370593045,2
dgp1_N200_T200_r00001_truth1-0-2,1,200,200,1,"(1,0,2)",False,0.0943695829088774,rank_selection_numerically_unresolved,A,,,,,,,,,,,,,,,,,,,,not_reached_due_to_pilot_failure,"[0.40124554961645936, 0.4006002800498644, 0.4006109260829898]",0.0006452695665949,False,True,1.0301548756832716e-05,False,False,False,0.4006002800498644,1
dgp1_N200_T200_r00001_truth1-0-2,1,200,200,1,"(1,0,2)",False,0.0943695829088774,rank_selection_numerically_unresolved,B,,,,,,,,,,,,,,,,,,,,not_reached_due_to_pilot_failure,"[0.40124554961645936, 0.4006002800498644, 0.4006109260829898]",0.0006452695665949,False,True,1.0301548756832716e-05,False,False,False,0.4006002800498644,0
dgp1_N200_T200_r00001_truth1-0-2,1,200,200,1,"(1,0,2)",False,0.0943695829088774,rank_selection_numerically_unresolved,H,,,,,,,,,,,,,1.0,,,,,,,not_reached_due_to_pilot_failure,"[0.40124554961645936, 0.4006002800498644, 0.4006109260829898]",0.0006452695665949,False,True,1.0301548756832716e-05,False,False,False,0.4006002800498644,2
dgp1_N200_T200_r00002_truth1-0-2,1,200,200,2,"(1,0,2)",False,0.0943695829088774,rank_selection_numerically_unresolved,A,,,,,,,,,,,,,,,,,,,,not_reached_due_to_pilot_failure,"[0.3956229449359428, 0.3952641261822264, 0.3956415933154524]",0.000377467133226,False,True,2.469504602736508e-06,False,False,False,0.3952641261822264,1
dgp1_N200_T200_r00002_truth1-0-2,1,200,200,2,"(1,0,2)",False,0.0943695829088774,rank_selection_numerically_unresolved,B,,,,,,,,,,,,,,,,,,,,not_reached_due_to_pilot_failure,"[0.3956229449359428, 0.3952641261822264, 0.3956415933154524]",0.000377467133226,False,True,2.469504602736508e-06,False,False,False,0.3952641261822264,0
dgp1_N200_T200_r00002_truth1-0-2,1,200,200,2,"(1,0,2)",False,0.0943695829088774,rank_selection_numerically_unresolved,H,,,,,,,,,,,,,1.0,,,,,,,not_reached_due_to_pilot_failure,"[0.3956229449359428, 0.3952641261822264, 0.3956415933154524]",0.000377467133226,False,True,2.469504602736508e-06,False,False,False,0.3952641261822264,2
dgp1_N200_T200_r00000_truth1-1-1,1,200,200,0,"(1,1,1)",False,0.0943695829088774,rank_selection_numerically_unresolved,A,,,,,,,,,,,,,,,,,,,,not_reached_due_to_pilot_failure,"[1.4355708235650833, 1.4347302740074523, 1.4357181912926096]",0.0009879172851572,False,True,4.234523433941615e-06,False,False,False,1.4347302740074523,1
dgp1_N200_T200_r00000_truth1-1-1,1,200,200,0,"(1,1,1)",False,0.0943695829088774,rank_selection_numerically_unresolved,B,,,,,,,,,,,,,,,,,,,,not_reached_due_to_pilot_failure,"[1.4355708235650833, 1.4347302740074523, 1.4357181912926096]",0.0009879172851572,False,True,4.234523433941615e-06,False,False,False,1.4347302740074523,1
dgp1_N200_T200_r00000_truth1-1-1,1,200,200,0,"(1,1,1)",False,0.0943695829088774,rank_selection_numerically_unresolved,H,,,,,,,,,,,,,1.0,,,,,,,not_reached_due_to_pilot_failure,"[1.4355708235650833, 1.4347302740074523, 1.4357181912926096]",0.0009879172851572,False,True,4.234523433941615e-06,False,False,False,1.4347302740074523,1
dgp1_N200_T200_r00001_truth1-1-1,1,200,200,1,"(1,1,1)",False,0.0943695829088774,rank_selection_numerically_unresolved,A,,,,,,,,,,,,,,,,,,,,not_reached_due_to_pilot_failure,"[1.41996315697572, 1.41852850065848, 1.4183224452251706]",0.0016407117505494,False,True,3.896439508406193e-06,False,False,False,1.4183224452251706,1
dgp1_N200_T200_r00001_truth1-1-1,1,200,200,1,"(1,1,1)",False,0.0943695829088774,rank_selection_numerically_unresolved,B,,,,,,,,,,,,,,,,,,,,not_reached_due_to_pilot_failure,"[1.41996315697572, 1.41852850065848, 1.4183224452251706]",0.0016407117505494,False,True,3.896439508406193e-06,False,False,False,1.4183224452251706,1
dgp1_N200_T200_r00001_truth1-1-1,1,200,200,1,"(1,1,1)",False,0.0943695829088774,rank_selection_numerically_unresolved,H,,,,,,,,,,,,,1.0,,,,,,,not_reached_due_to_pilot_failure,"[1.41996315697572, 1.41852850065848, 1.4183224452251706]",0.0016407117505494,False,True,3.896439508406193e-06,False,False,False,1.4183224452251706,1
dgp1_N200_T200_r00002_truth1-1-1,1,200,200,2,"(1,1,1)",False,0.0943695829088774,rank_selection_numerically_unresolved,A,,,,,,,,,,,,,,,,,,,,not_reached_due_to_pilot_failure,"[1.4207385219925592, 1.4189964005538966, 1.4214618578448635]",0.0024654572909668,False,True,4.52076303283914e-06,False,False,False,1.4189964005538966,1
dgp1_N200_T200_r00002_truth1-1-1,1,200,200,2,"(1,1,1)",False,0.0943695829088774,rank_selection_numerically_unresolved,B,,,,,,,,,,,,,,,,,,,,not_reached_due_to_pilot_failure,"[1.4207385219925592, 1.4189964005538966, 1.4214618578448635]",0.0024654572909668,False,True,4.52076303283914e-06,False,False,False,1.4189964005538966,1
dgp1_N200_T200_r00002_truth1-1-1,1,200,200,2,"(1,1,1)",False,0.0943695829088774,rank_selection_numerically_unresolved,H,,,,,,,,,,,,,1.0,,,,,,,not_reached_due_to_pilot_failure,"[1.4207385219925592, 1.4189964005538966, 1.4214618578448635]",0.0024654572909668,False,True,4.52076303283914e-06,False,False,False,1.4189964005538966,1
dgp1_N200_T200_r00000_truth2-1-1,1,200,200,0,"(2,1,1)",False,0.0943695829088774,rank_selection_numerically_unresolved,A,,,,,,,,,,,,,,,,,,,,not_reached_due_to_pilot_failure,"[0.2732327553111881, 0.2731860180650725, 0.2728479017915586]",0.0003848535196295,False,True,3.1344043128899487e-06,False,False,False,0.2728479017915586,2
dgp1_N200_T200_r00000_truth2-1-1,1,200,200,0,"(2,1,1)",False,0.0943695829088774,rank_selection_numerically_unresolved,B,,,,,,,,,,,,,,,,,,,,not_reached_due_to_pilot_failure,"[0.2732327553111881, 0.2731860180650725, 0.2728479017915586]",0.0003848535196295,False,True,3.1344043128899487e-06,False,False,False,0.2728479017915586,1
dgp1_N200_T200_r00000_truth2-1-1,1,200,200,0,"(2,1,1)",False,0.0943695829088774,rank_selection_numerically_unresolved,H,,,,,,,,,,,,,1.0,,,,,,,not_reached_due_to_pilot_failure,"[0.2732327553111881, 0.2731860180650725, 0.2728479017915586]",0.0003848535196295,False,True,3.1344043128899487e-06,False,False,False,0.2728479017915586,1
dgp1_N200_T200_r00001_truth2-1-1,1,200,200,1,"(2,1,1)",False,0.0943695829088774,rank_selection_numerically_unresolved,A,,,,,,,,,,,,,,,,,,,,not_reached_due_to_pilot_failure,"[0.25933040393181006, 0.2592201291590872, 0.2591836148868038]",0.0001467890450062,False,True,2.9017902742158625e-06,False,False,False,0.2591836148868038,2
dgp1_N200_T200_r00001_truth2-1-1,1,200,200,1,"(2,1,1)",False,0.0943695829088774,rank_selection_numerically_unresolved,B,,,,,,,,,,,,,,,,,,,,not_reached_due_to_pilot_failure,"[0.25933040393181006, 0.2592201291590872, 0.2591836148868038]",0.0001467890450062,False,True,2.9017902742158625e-06,False,False,False,0.2591836148868038,1
dgp1_N200_T200_r00001_truth2-1-1,1,200,200,1,"(2,1,1)",False,0.0943695829088774,rank_selection_numerically_unresolved,H,,,,,,,,,,,,,1.0,,,,,,,not_reached_due_to_pilot_failure,"[0.25933040393181006, 0.2592201291590872, 0.2591836148868038]",0.0001467890450062,False,True,2.9017902742158625e-06,False,False,False,0.2591836148868038,1
dgp1_N200_T200_r00002_truth2-1-1,1,200,200,2,"(2,1,1)",False,0.0943695829088774,rank_selection_numerically_unresolved,A,,,,,,,,,,,,,,,,,,,,not_reached_due_to_pilot_failure,"[0.2723849029628613, 0.27251007925966697, 0.2724396725419933]",0.0001251762968056,False,True,8.19696727556976e-07,False,False,False,0.2723849029628613,2
dgp1_N200_T200_r00002_truth2-1-1,1,200,200,2,"(2,1,1)",False,0.0943695829088774,rank_selection_numerically_unresolved,B,,,,,,,,,,,,,,,,,,,,not_reached_due_to_pilot_failure,"[0.2723849029628613, 0.27251007925966697, 0.2724396725419933]",0.0001251762968056,False,True,8.19696727556976e-07,False,False,False,0.2723849029628613,1
dgp1_N200_T200_r00002_truth2-1-1,1,200,200,2,"(2,1,1)",False,0.0943695829088774,rank_selection_numerically_unresolved,H,,,,,,,,,,,,,1.0,,,,,,,not_reached_due_to_pilot_failure,"[0.2723849029628613, 0.27251007925966697, 0.2724396725419933]",0.0001251762968056,False,True,8.19696727556976e-07,False,False,False,0.2723849029628613,1
dgp2_N50_T50_r00000_truth1-0-2,2,50,50,0,"(1,0,2)",False,0.1278111093176657,rank_selection_numerically_unresolved,A,,,,,,,,,,,,,,,,,,,,not_reached_due_to_pilot_failure,"[0.14375550794443107, 0.1409296345286971, 0.14227353049762267]",0.0028258734157339,False,True,0.0017315584644456,True,False,False,0.1409296345286971,1
dgp2_N50_T50_r00000_truth1-0-2,2,50,50,0,"(1,0,2)",False,0.1278111093176657,rank_selection_numerically_unresolved,B,,,,,,,,,,,,,,,,,,,,not_reached_due_to_pilot_failure,"[0.14375550794443107, 0.1409296345286971, 0.14227353049762267]",0.0028258734157339,False,True,0.0017315584644456,True,False,False,0.1409296345286971,0
dgp2_N50_T50_r00000_truth1-0-2,2,50,50,0,"(1,0,2)",False,0.1278111093176657,rank_selection_numerically_unresolved,H,,,,,,,,,,,,,1.0,,,,,,,not_reached_due_to_pilot_failure,"[0.14375550794443107, 0.1409296345286971, 0.14227353049762267]",0.0028258734157339,False,True,0.0017315584644456,True,False,False,0.1409296345286971,2
dgp2_N50_T50_r00001_truth1-0-2,2,50,50,1,"(1,0,2)",False,0.1278111093176657,rank_selection_numerically_unresolved,A,,,,,,,,,,,,,,,,,,,,not_reached_due_to_pilot_failure,"[0.15642231545183946, 0.1502751381906849, 0.1472189554699896]",0.0092033599818498,False,True,8.749373499761056e-05,True,False,False,0.1472189554699896,1
dgp2_N50_T50_r00001_truth1-0-2,2,50,50,1,"(1,0,2)",False,0.1278111093176657,rank_selection_numerically_unresolved,B,,,,,,,,,,,,,,,,,,,,not_reached_due_to_pilot_failure,"[0.15642231545183946, 0.1502751381906849, 0.1472189554699896]",0.0092033599818498,False,True,8.749373499761056e-05,True,False,False,0.1472189554699896,0
dgp2_N50_T50_r00001_truth1-0-2,2,50,50,1,"(1,0,2)",False,0.1278111093176657,rank_selection_numerically_unresolved,H,,,,,,,,,,,,,1.0,,,,,,,not_reached_due_to_pilot_failure,"[0.15642231545183946, 0.1502751381906849, 0.1472189554699896]",0.0092033599818498,False,True,8.749373499761056e-05,True,False,False,0.1472189554699896,2
dgp2_N50_T50_r00002_truth1-0-2,2,50,50,2,"(1,0,2)",False,0.1278111093176657,rank_selection_numerically_unresolved,A,,,,,,,,,,,,,,,,,,,,not_reached_due_to_pilot_failure,"[0.1300175099637403, 0.1364559383001837, 0.12813943937788874]",0.0083164989222949,False,True,0.0026575309334045,True,False,False,0.1281394393778887,1
dgp2_N50_T50_r00002_truth1-0-2,2,50,50,2,"(1,0,2)",False,0.1278111093176657,rank_selection_numerically_unresolved,B,,,,,,,,,,,,,,,,,,,,not_reached_due_to_pilot_failure,"[0.1300175099637403, 0.1364559383001837, 0.12813943937788874]",0.0083164989222949,False,True,0.0026575309334045,True,False,False,0.1281394393778887,0
dgp2_N50_T50_r00002_truth1-0-2,2,50,50,2,"(1,0,2)",False,0.1278111093176657,rank_selection_numerically_unresolved,H,,,,,,,,,,,,,1.0,,,,,,,not_reached_due_to_pilot_failure,"[0.1300175099637403, 0.1364559383001837, 0.12813943937788874]",0.0083164989222949,False,True,0.0026575309334045,True,False,False,0.1281394393778887,2
dgp2_N50_T50_r00000_truth1-1-1,2,50,50,0,"(1,1,1)",False,0.1278111093176657,rank_selection_numerically_unresolved,A,,,,,,,,,,,,,,,,,,,,not_reached_due_to_pilot_failure,"[0.4346177133093791, 0.447522935266065, 0.42484641698484665]",0.0226765182812183,False,True,0.0036157165616544,True,False,False,0.4248464169848466,1
dgp2_N50_T50_r00000_truth1-1-1,2,50,50,0,"(1,1,1)",False,0.1278111093176657,rank_selection_numerically_unresolved,B,,,,,,,,,,,,,,,,,,,,not_reached_due_to_pilot_failure,"[0.4346177133093791, 0.447522935266065, 0.42484641698484665]",0.0226765182812183,False,True,0.0036157165616544,True,False,False,0.4248464169848466,1
dgp2_N50_T50_r00000_truth1-1-1,2,50,50,0,"(1,1,1)",False,0.1278111093176657,rank_selection_numerically_unresolved,H,,,,,,,,,,,,,1.0,,,,,,,not_reached_due_to_pilot_failure,"[0.4346177133093791, 0.447522935266065, 0.42484641698484665]",0.0226765182812183,False,True,0.0036157165616544,True,False,False,0.4248464169848466,1
dgp2_N50_T50_r00001_truth1-1-1,2,50,50,1,"(1,1,1)",False,0.1278111093176657,rank_selection_numerically_unresolved,A,,,,,,,,,,,,,,,,,,,,not_reached_due_to_pilot_failure,"[0.4000764755092462, 0.41974510313282637, 0.4003526160791048]",0.0196686276235801,False,True,0.0021167432032086,True,False,False,0.4000764755092462,1
dgp2_N50_T50_r00001_truth1-1-1,2,50,50,1,"(1,1,1)",False,0.1278111093176657,rank_selection_numerically_unresolved,B,,,,,,,,,,,,,,,,,,,,not_reached_due_to_pilot_failure,"[0.4000764755092462, 0.41974510313282637, 0.4003526160791048]",0.0196686276235801,False,True,0.0021167432032086,True,False,False,0.4000764755092462,1
dgp2_N50_T50_r00001_truth1-1-1,2,50,50,1,"(1,1,1)",False,0.1278111093176657,rank_selection_numerically_unresolved,H,,,,,,,,,,,,,1.0,,,,,,,not_reached_due_to_pilot_failure,"[0.4000764755092462, 0.41974510313282637, 0.4003526160791048]",0.0196686276235801,False,True,0.0021167432032086,True,False,False,0.4000764755092462,1
dgp2_N50_T50_r00002_truth1-1-1,2,50,50,2,"(1,1,1)",False,0.1278111093176657,rank_selection_numerically_unresolved,A,,,,,,,,,,,,,,,,,,,,not_reached_due_to_pilot_failure,"[0.4050117677849614, 0.4168115096536484, 0.4073899834946619]",0.0117997418686869,False,True,0.0018669037963009,True,False,False,0.4050117677849614,1
dgp2_N50_T50_r00002_truth1-1-1,2,50,50,2,"(1,1,1)",False,0.1278111093176657,rank_selection_numerically_unresolved,B,,,,,,,,,,,,,,,,,,,,not_reached_due_to_pilot_failure,"[0.4050117677849614, 0.4168115096536484, 0.4073899834946619]",0.0117997418686869,False,True,0.0018669037963009,True,False,False,0.4050117677849614,1
dgp2_N50_T50_r00002_truth1-1-1,2,50,50,2,"(1,1,1)",False,0.1278111093176657,rank_selection_numerically_unresolved,H,,,,,,,,,,,,,1.0,,,,,,,not_reached_due_to_pilot_failure,"[0.4050117677849614, 0.4168115096536484, 0.4073899834946619]",0.0117997418686869,False,True,0.0018669037963009,True,False,False,0.4050117677849614,1
dgp2_N50_T50_r00000_truth2-1-1,2,50,50,0,"(2,1,1)",False,0.1278111093176657,rank_selection_numerically_unresolved,A,,,,,,,,,,,,,,,,,,,,not_reached_due_to_pilot_failure,"[0.08789051334259057, 0.08713182776026608, 0.0927739911786776]",0.0056421634184115,False,True,9.918678044413668e-05,True,False,False,0.087131827760266,2
dgp2_N50_T50_r00000_truth2-1-1,2,50,50,0,"(2,1,1)",False,0.1278111093176657,rank_selection_numerically_unresolved,B,,,,,,,,,,,,,,,,,,,,not_reached_due_to_pilot_failure,"[0.08789051334259057, 0.08713182776026608, 0.0927739911786776]",0.0056421634184115,False,True,9.918678044413668e-05,True,False,False,0.087131827760266,1
dgp2_N50_T50_r00000_truth2-1-1,2,50,50,0,"(2,1,1)",False,0.1278111093176657,rank_selection_numerically_unresolved,H,,,,,,,,,,,,,1.0,,,,,,,not_reached_due_to_pilot_failure,"[0.08789051334259057, 0.08713182776026608, 0.0927739911786776]",0.0056421634184115,False,True,9.918678044413668e-05,True,False,False,0.087131827760266,1
dgp2_N50_T50_r00001_truth2-1-1,2,50,50,1,"(2,1,1)",False,0.1278111093176657,rank_selection_numerically_unresolved,A,,,,,,,,,,,,,,,,,,,,not_reached_due_to_pilot_failure,"[0.10027591287259525, 0.10390577724484915, 0.09800862756890519]",0.0058971496759439,False,True,9.82954369252741e-05,True,False,False,0.0980086275689051,2
dgp2_N50_T50_r00001_truth2-1-1,2,50,50,1,"(2,1,1)",False,0.1278111093176657,rank_selection_numerically_unresolved,B,,,,,,,,,,,,,,,,,,,,not_reached_due_to_pilot_failure,"[0.10027591287259525, 0.10390577724484915, 0.09800862756890519]",0.0058971496759439,False,True,9.82954369252741e-05,True,False,False,0.0980086275689051,1
dgp2_N50_T50_r00001_truth2-1-1,2,50,50,1,"(2,1,1)",False,0.1278111093176657,rank_selection_numerically_unresolved,H,,,,,,,,,,,,,1.0,,,,,,,not_reached_due_to_pilot_failure,"[0.10027591287259525, 0.10390577724484915, 0.09800862756890519]",0.0058971496759439,False,True,9.82954369252741e-05,True,False,False,0.0980086275689051,1
dgp2_N50_T50_r00002_truth2-1-1,2,50,50,2,"(2,1,1)",False,0.1278111093176657,rank_selection_numerically_unresolved,A,,,,,,,,,,,,,,,,,,,,not_reached_due_to_pilot_failure,"[0.09404997537718728, 0.08841751445440985, 0.09018290728593137]",0.0056324609227774,False,True,0.0035604608184563,True,False,False,0.0884175144544098,2
dgp2_N50_T50_r00002_truth2-1-1,2,50,50,2,"(2,1,1)",False,0.1278111093176657,rank_selection_numerically_unresolved,B,,,,,,,,,,,,,,,,,,,,not_reached_due_to_pilot_failure,"[0.09404997537718728, 0.08841751445440985, 0.09018290728593137]",0.0056324609227774,False,True,0.0035604608184563,True,False,False,0.0884175144544098,1
dgp2_N50_T50_r00002_truth2-1-1,2,50,50,2,"(2,1,1)",False,0.1278111093176657,rank_selection_numerically_unresolved,H,,,,,,,,,,,,,1.0,,,,,,,not_reached_due_to_pilot_failure,"[0.09404997537718728, 0.08841751445440985, 0.09018290728593137]",0.0056324609227774,False,True,0.0035604608184563,True,False,False,0.0884175144544098,1
dgp2_N100_T100_r00000_truth1-0-2,2,100,100,0,"(1,0,2)",False,0.1085736204758129,rank_selection_numerically_unresolved,A,,,,,,,,,,,,,,,,,,,,not_reached_due_to_pilot_failure,"[0.301927596522202, 0.29890970101780057, 0.299145585097632]",0.0030178955044014,False,True,8.436738762718753e-06,False,False,False,0.2989097010178005,1
dgp2_N100_T100_r00000_truth1-0-2,2,100,100,0,"(1,0,2)",False,0.1085736204758129,rank_selection_numerically_unresolved,B,,,,,,,,,,,,,,,,,,,,not_reached_due_to_pilot_failure,"[0.301927596522202, 0.29890970101780057, 0.299145585097632]",0.0030178955044014,False,True,8.436738762718753e-06,False,False,False,0.2989097010178005,0
dgp2_N100_T100_r00000_truth1-0-2,2,100,100,0,"(1,0,2)",False,0.1085736204758129,rank_selection_numerically_unresolved,H,,,,,,,,,,,,,1.0,,,,,,,not_reached_due_to_pilot_failure,"[0.301927596522202, 0.29890970101780057, 0.299145585097632]",0.0030178955044014,False,True,8.436738762718753e-06,False,False,False,0.2989097010178005,2
dgp2_N100_T100_r00001_truth1-0-2,2,100,100,1,"(1,0,2)",False,0.1085736204758129,rank_selection_numerically_unresolved,A,,,,,,,,,,,,,,,,,,,,not_reached_due_to_pilot_failure,"[0.2697967753236164, 0.2711325150342104, 0.26865177048406]",0.0024807445501503,False,True,1.325673992159443e-05,False,False,False,0.26865177048406,1
dgp2_N100_T100_r00001_truth1-0-2,2,100,100,1,"(1,0,2)",False,0.1085736204758129,rank_selection_numerically_unresolved,B,,,,,,,,,,,,,,,,,,,,not_reached_due_to_pilot_failure,"[0.2697967753236164, 0.2711325150342104, 0.26865177048406]",0.0024807445501503,False,True,1.325673992159443e-05,False,False,False,0.26865177048406,0
dgp2_N100_T100_r00001_truth1-0-2,2,100,100,1,"(1,0,2)",False,0.1085736204758129,rank_selection_numerically_unresolved,H,,,,,,,,,,,,,1.0,,,,,,,not_reached_due_to_pilot_failure,"[0.2697967753236164, 0.2711325150342104, 0.26865177048406]",0.0024807445501503,False,True,1.325673992159443e-05,False,False,False,0.26865177048406,2
dgp2_N100_T100_r00002_truth1-0-2,2,100,100,2,"(1,0,2)",False,0.1085736204758129,rank_selection_numerically_unresolved,A,,,,,,,,,,,,,,,,,,,,not_reached_due_to_pilot_failure,"[0.28162735637235864, 0.28133876110904166, 0.2820493939564558]",0.0007106328474141,False,True,1.681228994321454e-05,False,False,False,0.2813387611090416,1
dgp2_N100_T100_r00002_truth1-0-2,2,100,100,2,"(1,0,2)",False,0.1085736204758129,rank_selection_numerically_unresolved,B,,,,,,,,,,,,,,,,,,,,not_reached_due_to_pilot_failure,"[0.28162735637235864, 0.28133876110904166, 0.2820493939564558]",0.0007106328474141,False,True,1.681228994321454e-05,False,False,False,0.2813387611090416,0
dgp2_N100_T100_r00002_truth1-0-2,2,100,100,2,"(1,0,2)",False,0.1085736204758129,rank_selection_numerically_unresolved,H,,,,,,,,,,,,,1.0,,,,,,,not_reached_due_to_pilot_failure,"[0.28162735637235864, 0.28133876110904166, 0.2820493939564558]",0.0007106328474141,False,True,1.681228994321454e-05,False,False,False,0.2813387611090416,2
dgp2_N100_T100_r00000_truth1-1-1,2,100,100,0,"(1,1,1)",False,0.1085736204758129,rank_selection_numerically_unresolved,A,,,,,,,,,,,,,,,,,,,,not_reached_due_to_pilot_failure,"[0.9223184858521394, 0.9202035824186656, 0.9166489386674568]",0.0056695471846825,False,True,0.0002810195583631,True,False,False,0.9166489386674568,1
dgp2_N100_T100_r00000_truth1-1-1,2,100,100,0,"(1,1,1)",False,0.1085736204758129,rank_selection_numerically_unresolved,B,,,,,,,,,,,,,,,,,,,,not_reached_due_to_pilot_failure,"[0.9223184858521394, 0.9202035824186656, 0.9166489386674568]",0.0056695471846825,False,True,0.0002810195583631,True,False,False,0.9166489386674568,1
dgp2_N100_T100_r00000_truth1-1-1,2,100,100,0,"(1,1,1)",False,0.1085736204758129,rank_selection_numerically_unresolved,H,,,,,,,,,,,,,1.0,,,,,,,not_reached_due_to_pilot_failure,"[0.9223184858521394, 0.9202035824186656, 0.9166489386674568]",0.0056695471846825,False,True,0.0002810195583631,True,False,False,0.9166489386674568,1
dgp2_N100_T100_r00001_truth1-1-1,2,100,100,1,"(1,1,1)",False,0.1085736204758129,rank_selection_numerically_unresolved,A,,,,,,,,,,,,,,,,,,,,not_reached_due_to_pilot_failure,"[0.9795407130246365, 0.9801201291611651, 0.9770074606142339]",0.0031126685469311,False,True,0.0023087926429274,True,False,False,0.977007460614234,1
dgp2_N100_T100_r00001_truth1-1-1,2,100,100,1,"(1,1,1)",False,0.1085736204758129,rank_selection_numerically_unresolved,B,,,,,,,,,,,,,,,,,,,,not_reached_due_to_pilot_failure,"[0.9795407130246365, 0.9801201291611651, 0.9770074606142339]",0.0031126685469311,False,True,0.0023087926429274,True,False,False,0.977007460614234,1
dgp2_N100_T100_r00001_truth1-1-1,2,100,100,1,"(1,1,1)",False,0.1085736204758129,rank_selection_numerically_unresolved,H,,,,,,,,,,,,,1.0,,,,,,,not_reached_due_to_pilot_failure,"[0.9795407130246365, 0.9801201291611651, 0.9770074606142339]",0.0031126685469311,False,True,0.0023087926429274,True,False,False,0.977007460614234,1
dgp2_N100_T100_r00002_truth1-1-1,2,100,100,2,"(1,1,1)",False,0.1085736204758129,rank_selection_numerically_unresolved,A,,,,,,,,,,,,,,,,,,,,not_reached_due_to_pilot_failure,"[0.9119120397737425, 0.9223880201672672, 0.9106039285388422]",0.0117840916284249,False,True,2.14315172709334e-05,False,False,False,0.9106039285388422,1
dgp2_N100_T100_r00002_truth1-1-1,2,100,100,2,"(1,1,1)",False,0.1085736204758129,rank_selection_numerically_unresolved,B,,,,,,,,,,,,,,,,,,,,not_reached_due_to_pilot_failure,"[0.9119120397737425, 0.9223880201672672, 0.9106039285388422]",0.0117840916284249,False,True,2.14315172709334e-05,False,False,False,0.9106039285388422,1
dgp2_N100_T100_r00002_truth1-1-1,2,100,100,2,"(1,1,1)",False,0.1085736204758129,rank_selection_numerically_unresolved,H,,,,,,,,,,,,,1.0,,,,,,,not_reached_due_to_pilot_failure,"[0.9119120397737425, 0.9223880201672672, 0.9106039285388422]",0.0117840916284249,False,True,2.14315172709334e-05,False,False,False,0.9106039285388422,1
dgp2_N100_T100_r00000_truth2-1-1,2,100,100,0,"(2,1,1)",False,0.1085736204758129,rank_selection_numerically_unresolved,A,,,,,,,,,,,,,,,,,,,,not_reached_due_to_pilot_failure,"[0.19765512548644734, 0.19942311679233646, 0.19881077043140943]",0.0017679913058891,False,True,0.0012157626028796,True,False,False,0.1976551254864473,2
dgp2_N100_T100_r00000_truth2-1-1,2,100,100,0,"(2,1,1)",False,0.1085736204758129,rank_selection_numerically_unresolved,B,,,,,,,,,,,,,,,,,,,,not_reached_due_to_pilot_failure,"[0.19765512548644734, 0.19942311679233646, 0.19881077043140943]",0.0017679913058891,False,True,0.0012157626028796,True,False,False,0.1976551254864473,1
dgp2_N100_T100_r00000_truth2-1-1,2,100,100,0,"(2,1,1)",False,0.1085736204758129,rank_selection_numerically_unresolved,H,,,,,,,,,,,,,1.0,,,,,,,not_reached_due_to_pilot_failure,"[0.19765512548644734, 0.19942311679233646, 0.19881077043140943]",0.0017679913058891,False,True,0.0012157626028796,True,False,False,0.1976551254864473,1
dgp2_N100_T100_r00001_truth2-1-1,2,100,100,1,"(2,1,1)",False,0.1085736204758129,rank_selection_numerically_unresolved,A,,,,,,,,,,,,,,,,,,,,not_reached_due_to_pilot_failure,"[0.19572070056372132, 0.19568120903221078, 0.19561903086197036]",0.0001016697017509,False,True,0.0011578763480754,False,False,False,0.1956190308619703,2
dgp2_N100_T100_r00001_truth2-1-1,2,100,100,1,"(2,1,1)",False,0.1085736204758129,rank_selection_numerically_unresolved,B,,,,,,,,,,,,,,,,,,,,not_reached_due_to_pilot_failure,"[0.19572070056372132, 0.19568120903221078, 0.19561903086197036]",0.0001016697017509,False,True,0.0011578763480754,False,False,False,0.1956190308619703,1
dgp2_N100_T100_r00001_truth2-1-1,2,100,100,1,"(2,1,1)",False,0.1085736204758129,rank_selection_numerically_unresolved,H,,,,,,,,,,,,,1.0,,,,,,,not_reached_due_to_pilot_failure,"[0.19572070056372132, 0.19568120903221078, 0.19561903086197036]",0.0001016697017509,False,True,0.0011578763480754,False,False,False,0.1956190308619703,1
dgp2_N100_T100_r00002_truth2-1-1,2,100,100,2,"(2,1,1)",False,0.1085736204758129,rank_selection_numerically_unresolved,A,,,,,,,,,,,,,,,,,,,,not_reached_due_to_pilot_failure,"[0.20690770769200562, 0.20502571995916155, 0.2047580564562697]",0.0021496512357359,False,True,2.5498126548748043e-06,False,False,False,0.2047580564562697,2
dgp2_N100_T100_r00002_truth2-1-1,2,100,100,2,"(2,1,1)",False,0.1085736204758129,rank_selection_numerically_unresolved,B,,,,,,,,,,,,,,,,,,,,not_reached_due_to_pilot_failure,"[0.20690770769200562, 0.20502571995916155, 0.2047580564562697]",0.0021496512357359,False,True,2.5498126548748043e-06,False,False,False,0.2047580564562697,1
dgp2_N100_T100_r00002_truth2-1-1,2,100,100,2,"(2,1,1)",False,0.1085736204758129,rank_selection_numerically_unresolved,H,,,,,,,,,,,,,1.0,,,,,,,not_reached_due_to_pilot_failure,"[0.20690770769200562, 0.20502571995916155, 0.2047580564562697]",0.0021496512357359,False,True,2.5498126548748043e-06,False,False,False,0.2047580564562697,1
dgp2_N100_T200_r00000_truth1-0-2,2,100,200,0,"(1,0,2)",False,0.1009745299012281,rank_selection_numerically_unresolved,A,,,,,,,,,,,,,,,,,,,,not_reached_due_to_pilot_failure,"[0.34475821391965766, 0.34569629203059904, 0.3457151648031759]",0.0009569508835182,False,True,6.0613094659283776e-06,False,False,False,0.3447582139196576,1
dgp2_N100_T200_r00000_truth1-0-2,2,100,200,0,"(1,0,2)",False,0.1009745299012281,rank_selection_numerically_unresolved,B,,,,,,,,,,,,,,,,,,,,not_reached_due_to_pilot_failure,"[0.34475821391965766, 0.34569629203059904, 0.3457151648031759]",0.0009569508835182,False,True,6.0613094659283776e-06,False,False,False,0.3447582139196576,0
dgp2_N100_T200_r00000_truth1-0-2,2,100,200,0,"(1,0,2)",False,0.1009745299012281,rank_selection_numerically_unresolved,H,,,,,,,,,,,,,1.0,,,,,,,not_reached_due_to_pilot_failure,"[0.34475821391965766, 0.34569629203059904, 0.3457151648031759]",0.0009569508835182,False,True,6.0613094659283776e-06,False,False,False,0.3447582139196576,2
dgp2_N100_T200_r00001_truth1-0-2,2,100,200,1,"(1,0,2)",False,0.1009745299012281,rank_selection_numerically_unresolved,A,,,,,,,,,,,,,,,,,,,,not_reached_due_to_pilot_failure,"[0.3411156721810935, 0.3426831224640171, 0.34237444123899224]",0.0015674502829235,False,True,9.332808244141892e-05,True,False,False,0.3411156721810935,1
dgp2_N100_T200_r00001_truth1-0-2,2,100,200,1,"(1,0,2)",False,0.1009745299012281,rank_selection_numerically_unresolved,B,,,,,,,,,,,,,,,,,,,,not_reached_due_to_pilot_failure,"[0.3411156721810935, 0.3426831224640171, 0.34237444123899224]",0.0015674502829235,False,True,9.332808244141892e-05,True,False,False,0.3411156721810935,0
dgp2_N100_T200_r00001_truth1-0-2,2,100,200,1,"(1,0,2)",False,0.1009745299012281,rank_selection_numerically_unresolved,H,,,,,,,,,,,,,1.0,,,,,,,not_reached_due_to_pilot_failure,"[0.3411156721810935, 0.3426831224640171, 0.34237444123899224]",0.0015674502829235,False,True,9.332808244141892e-05,True,False,False,0.3411156721810935,2
dgp2_N100_T200_r00002_truth1-0-2,2,100,200,2,"(1,0,2)",False,0.1009745299012281,rank_selection_numerically_unresolved,A,,,,,,,,,,,,,,,,,,,,not_reached_due_to_pilot_failure,"[0.3375021924392415, 0.3373542146270181, 0.33802079607750346]",0.0006665814504853,False,True,2.087247994459208e-05,False,False,False,0.3373542146270181,1
dgp2_N100_T200_r00002_truth1-0-2,2,100,200,2,"(1,0,2)",False,0.1009745299012281,rank_selection_numerically_unresolved,B,,,,,,,,,,,,,,,,,,,,not_reached_due_to_pilot_failure,"[0.3375021924392415, 0.3373542146270181, 0.33802079607750346]",0.0006665814504853,False,True,2.087247994459208e-05,False,False,False,0.3373542146270181,0
dgp2_N100_T200_r00002_truth1-0-2,2,100,200,2,"(1,0,2)",False,0.1009745299012281,rank_selection_numerically_unresolved,H,,,,,,,,,,,,,1.0,,,,,,,not_reached_due_to_pilot_failure,"[0.3375021924392415, 0.3373542146270181, 0.33802079607750346]",0.0006665814504853,False,True,2.087247994459208e-05,False,False,False,0.3373542146270181,2
dgp2_N100_T200_r00000_truth1-1-1,2,100,200,0,"(1,1,1)",False,0.1009745299012281,rank_selection_numerically_unresolved,A,,,,,,,,,,,,,,,,,,,,not_reached_due_to_pilot_failure,"[1.2048152112147075, 1.2047442831222157, 1.2043344799088052]",0.0004807313059023,False,True,4.284217604487823e-05,True,False,False,1.2043344799088052,1
dgp2_N100_T200_r00000_truth1-1-1,2,100,200,0,"(1,1,1)",False,0.1009745299012281,rank_selection_numerically_unresolved,B,,,,,,,,,,,,,,,,,,,,not_reached_due_to_pilot_failure,"[1.2048152112147075, 1.2047442831222157, 1.2043344799088052]",0.0004807313059023,False,True,4.284217604487823e-05,True,False,False,1.2043344799088052,1
dgp2_N100_T200_r00000_truth1-1-1,2,100,200,0,"(1,1,1)",False,0.1009745299012281,rank_selection_numerically_unresolved,H,,,,,,,,,,,,,1.0,,,,,,,not_reached_due_to_pilot_failure,"[1.2048152112147075, 1.2047442831222157, 1.2043344799088052]",0.0004807313059023,False,True,4.284217604487823e-05,True,False,False,1.2043344799088052,1
dgp2_N100_T200_r00001_truth1-1-1,2,100,200,1,"(1,1,1)",False,0.1009745299012281,rank_selection_numerically_unresolved,A,,,,,,,,,,,,,,,,,,,,not_reached_due_to_pilot_failure,"[1.1548832309429695, 1.158357543641247, 1.159058217154309]",0.0041749862113393,False,True,4.250785486732291e-05,True,False,False,1.1548832309429695,1
dgp2_N100_T200_r00001_truth1-1-1,2,100,200,1,"(1,1,1)",False,0.1009745299012281,rank_selection_numerically_unresolved,B,,,,,,,,,,,,,,,,,,,,not_reached_due_to_pilot_failure,"[1.1548832309429695, 1.158357543641247, 1.159058217154309]",0.0041749862113393,False,True,4.250785486732291e-05,True,False,False,1.1548832309429695,1
dgp2_N100_T200_r00001_truth1-1-1,2,100,200,1,"(1,1,1)",False,0.1009745299012281,rank_selection_numerically_unresolved,H,,,,,,,,,,,,,1.0,,,,,,,not_reached_due_to_pilot_failure,"[1.1548832309429695, 1.158357543641247, 1.159058217154309]",0.0041749862113393,False,True,4.250785486732291e-05,True,False,False,1.1548832309429695,1
dgp2_N100_T200_r00002_truth1-1-1,2,100,200,2,"(1,1,1)",False,0.1009745299012281,rank_selection_numerically_unresolved,A,,,,,,,,,,,,,,,,,,,,not_reached_due_to_pilot_failure,"[1.1269334346391036, 1.1306652026087738, 1.1335728535319565]",0.0066394188928529,False,True,3.4215011604638634e-05,True,False,False,1.1269334346391036,1
dgp2_N100_T200_r00002_truth1-1-1,2,100,200,2,"(1,1,1)",False,0.1009745299012281,rank_selection_numerically_unresolved,B,,,,,,,,,,,,,,,,,,,,not_reached_due_to_pilot_failure,"[1.1269334346391036, 1.1306652026087738, 1.1335728535319565]",0.0066394188928529,False,True,3.4215011604638634e-05,True,False,False,1.1269334346391036,1
dgp2_N100_T200_r00002_truth1-1-1,2,100,200,2,"(1,1,1)",False,0.1009745299012281,rank_selection_numerically_unresolved,H,,,,,,,,,,,,,1.0,,,,,,,not_reached_due_to_pilot_failure,"[1.1269334346391036, 1.1306652026087738, 1.1335728535319565]",0.0066394188928529,False,True,3.4215011604638634e-05,True,False,False,1.1269334346391036,1
dgp2_N100_T200_r00000_truth2-1-1,2,100,200,0,"(2,1,1)",False,0.1009745299012281,rank_selection_numerically_unresolved,A,,,,,,,,,,,,,,,,,,,,not_reached_due_to_pilot_failure,"[0.22842545652404206, 0.22872063010113794, 0.22856294737832192]",0.0002951735770958,False,True,1.0193873397203382e-05,False,False,False,0.228425456524042,2
dgp2_N100_T200_r00000_truth2-1-1,2,100,200,0,"(2,1,1)",False,0.1009745299012281,rank_selection_numerically_unresolved,B,,,,,,,,,,,,,,,,,,,,not_reached_due_to_pilot_failure,"[0.22842545652404206, 0.22872063010113794, 0.22856294737832192]",0.0002951735770958,False,True,1.0193873397203382e-05,False,False,False,0.228425456524042,1
dgp2_N100_T200_r00000_truth2-1-1,2,100,200,0,"(2,1,1)",False,0.1009745299012281,rank_selection_numerically_unresolved,H,,,,,,,,,,,,,1.0,,,,,,,not_reached_due_to_pilot_failure,"[0.22842545652404206, 0.22872063010113794, 0.22856294737832192]",0.0002951735770958,False,True,1.0193873397203382e-05,False,False,False,0.228425456524042,1
dgp2_N100_T200_r00001_truth2-1-1,2,100,200,1,"(2,1,1)",False,0.1009745299012281,rank_selection_numerically_unresolved,A,,,,,,,,,,,,,,,,,,,,not_reached_due_to_pilot_failure,"[0.2324422652272913, 0.23409144292549236, 0.23355465983183585]",0.001649177698201,False,True,2.8081491776918754e-06,False,False,False,0.2324422652272913,2
dgp2_N100_T200_r00001_truth2-1-1,2,100,200,1,"(2,1,1)",False,0.1009745299012281,rank_selection_numerically_unresolved,B,,,,,,,,,,,,,,,,,,,,not_reached_due_to_pilot_failure,"[0.2324422652272913, 0.23409144292549236, 0.23355465983183585]",0.001649177698201,False,True,2.8081491776918754e-06,False,False,False,0.2324422652272913,1
dgp2_N100_T200_r00001_truth2-1-1,2,100,200,1,"(2,1,1)",False,0.1009745299012281,rank_selection_numerically_unresolved,H,,,,,,,,,,,,,1.0,,,,,,,not_reached_due_to_pilot_failure,"[0.2324422652272913, 0.23409144292549236, 0.23355465983183585]",0.001649177698201,False,True,2.8081491776918754e-06,False,False,False,0.2324422652272913,1
dgp2_N100_T200_r00002_truth2-1-1,2,100,200,2,"(2,1,1)",False,0.1009745299012281,rank_selection_numerically_unresolved,A,,,,,,,,,,,,,,,,,,,,not_reached_due_to_pilot_failure,"[0.21629497564048106, 0.21612307634864383, 0.21589057453424476]",0.0004044011062362,False,True,1.7477884809193704e-06,False,False,False,0.2158905745342447,2
dgp2_N100_T200_r00002_truth2-1-1,2,100,200,2,"(2,1,1)",False,0.1009745299012281,rank_selection_numerically_unresolved,B,,,,,,,,,,,,,,,,,,,,not_reached_due_to_pilot_failure,"[0.21629497564048106, 0.21612307634864383, 0.21589057453424476]",0.0004044011062362,False,True,1.7477884809193704e-06,False,False,False,0.2158905745342447,1
dgp2_N100_T200_r00002_truth2-1-1,2,100,200,2,"(2,1,1)",False,0.1009745299012281,rank_selection_numerically_unresolved,H,,,,,,,,,,,,,1.0,,,,,,,not_reached_due_to_pilot_failure,"[0.21629497564048106, 0.21612307634864383, 0.21589057453424476]",0.0004044011062362,False,True,1.7477884809193704e-06,False,False,False,0.2158905745342447,1
dgp2_N200_T100_r00000_truth1-0-2,2,200,100,0,"(1,0,2)",False,0.1009745299012281,rank_selection_numerically_unresolved,A,,,,,,,,,,,,,,,,,,,,not_reached_due_to_pilot_failure,"[0.34704560450849575, 0.3489328972340034, 0.3476704226013163]",0.0018872927255076,False,True,1.7314182953046746e-05,False,False,False,0.3470456045084957,1
dgp2_N200_T100_r00000_truth1-0-2,2,200,100,0,"(1,0,2)",False,0.1009745299012281,rank_selection_numerically_unresolved,B,,,,,,,,,,,,,,,,,,,,not_reached_due_to_pilot_failure,"[0.34704560450849575, 0.3489328972340034, 0.3476704226013163]",0.0018872927255076,False,True,1.7314182953046746e-05,False,False,False,0.3470456045084957,0
dgp2_N200_T100_r00000_truth1-0-2,2,200,100,0,"(1,0,2)",False,0.1009745299012281,rank_selection_numerically_unresolved,H,,,,,,,,,,,,,1.0,,,,,,,not_reached_due_to_pilot_failure,"[0.34704560450849575, 0.3489328972340034, 0.3476704226013163]",0.0018872927255076,False,True,1.7314182953046746e-05,False,False,False,0.3470456045084957,2
dgp2_N200_T100_r00001_truth1-0-2,2,200,100,1,"(1,0,2)",False,0.1009745299012281,rank_selection_numerically_unresolved,A,,,,,,,,,,,,,,,,,,,,not_reached_due_to_pilot_failure,"[0.3297923851751168, 0.32966493548441955, 0.3299455003697833]",0.0002805648853637,False,True,1.2015882964342596e-05,False,False,False,0.3296649354844195,1
dgp2_N200_T100_r00001_truth1-0-2,2,200,100,1,"(1,0,2)",False,0.1009745299012281,rank_selection_numerically_unresolved,B,,,,,,,,,,,,,,,,,,,,not_reached_due_to_pilot_failure,"[0.3297923851751168, 0.32966493548441955, 0.3299455003697833]",0.0002805648853637,False,True,1.2015882964342596e-05,False,False,False,0.3296649354844195,0
dgp2_N200_T100_r00001_truth1-0-2,2,200,100,1,"(1,0,2)",False,0.1009745299012281,rank_selection_numerically_unresolved,H,,,,,,,,,,,,,1.0,,,,,,,not_reached_due_to_pilot_failure,"[0.3297923851751168, 0.32966493548441955, 0.3299455003697833]",0.0002805648853637,False,True,1.2015882964342596e-05,False,False,False,0.3296649354844195,2
dgp2_N200_T100_r00002_truth1-0-2,2,200,100,2,"(1,0,2)",False,0.1009745299012281,rank_selection_numerically_unresolved,A,,,,,,,,,,,,,,,,,,,,not_reached_due_to_pilot_failure,"[0.349617377975098, 0.34908888765650237, 0.35050127562433114]",0.0014123879678287,False,True,4.958250654872113e-06,False,False,False,0.3490888876565023,1
dgp2_N200_T100_r00002_truth1-0-2,2,200,100,2,"(1,0,2)",False,0.1009745299012281,rank_selection_numerically_unresolved,B,,,,,,,,,,,,,,,,,,,,not_reached_due_to_pilot_failure,"[0.349617377975098, 0.34908888765650237, 0.35050127562433114]",0.0014123879678287,False,True,4.958250654872113e-06,False,False,False,0.3490888876565023,0
dgp2_N200_T100_r00002_truth1-0-2,2,200,100,2,"(1,0,2)",False,0.1009745299012281,rank_selection_numerically_unresolved,H,,,,,,,,,,,,,1.0,,,,,,,not_reached_due_to_pilot_failure,"[0.349617377975098, 0.34908888765650237, 0.35050127562433114]",0.0014123879678287,False,True,4.958250654872113e-06,False,False,False,0.3490888876565023,2
dgp2_N200_T100_r00000_truth1-1-1,2,200,100,0,"(1,1,1)",False,0.1009745299012281,rank_selection_numerically_unresolved,A,,,,,,,,,,,,,,,,,,,,not_reached_due_to_pilot_failure,"[1.2948513322979065, 1.294060776856515, 1.2913248838056155]",0.003526448492291,False,True,0.0001770284552609,False,False,False,1.2913248838056155,1
dgp2_N200_T100_r00000_truth1-1-1,2,200,100,0,"(1,1,1)",False,0.1009745299012281,rank_selection_numerically_unresolved,B,,,,,,,,,,,,,,,,,,,,not_reached_due_to_pilot_failure,"[1.2948513322979065, 1.294060776856515, 1.2913248838056155]",0.003526448492291,False,True,0.0001770284552609,False,False,False,1.2913248838056155,1
dgp2_N200_T100_r00000_truth1-1-1,2,200,100,0,"(1,1,1)",False,0.1009745299012281,rank_selection_numerically_unresolved,H,,,,,,,,,,,,,1.0,,,,,,,not_reached_due_to_pilot_failure,"[1.2948513322979065, 1.294060776856515, 1.2913248838056155]",0.003526448492291,False,True,0.0001770284552609,False,False,False,1.2913248838056155,1
dgp2_N200_T100_r00001_truth1-1-1,2,200,100,1,"(1,1,1)",False,0.1009745299012281,rank_selection_numerically_unresolved,A,,,,,,,,,,,,,,,,,,,,not_reached_due_to_pilot_failure,"[1.256731016723391, 1.2595206267794459, 1.261265893951285]",0.0045348772278941,False,True,1.807551255746905e-05,False,False,False,1.256731016723391,1
dgp2_N200_T100_r00001_truth1-1-1,2,200,100,1,"(1,1,1)",False,0.1009745299012281,rank_selection_numerically_unresolved,B,,,,,,,,,,,,,,,,,,,,not_reached_due_to_pilot_failure,"[1.256731016723391, 1.2595206267794459, 1.261265893951285]",0.0045348772278941,False,True,1.807551255746905e-05,False,False,False,1.256731016723391,1
dgp2_N200_T100_r00001_truth1-1-1,2,200,100,1,"(1,1,1)",False,0.1009745299012281,rank_selection_numerically_unresolved,H,,,,,,,,,,,,,1.0,,,,,,,not_reached_due_to_pilot_failure,"[1.256731016723391, 1.2595206267794459, 1.261265893951285]",0.0045348772278941,False,True,1.807551255746905e-05,False,False,False,1.256731016723391,1
dgp2_N200_T100_r00002_truth1-1-1,2,200,100,2,"(1,1,1)",False,0.1009745299012281,rank_selection_numerically_unresolved,A,,,,,,,,,,,,,,,,,,,,not_reached_due_to_pilot_failure,"[1.2299618919887187, 1.2278380231138881, 1.2300313620443697]",0.0021933389304815,False,True,6.888632222454283e-05,True,False,False,1.227838023113888,1
dgp2_N200_T100_r00002_truth1-1-1,2,200,100,2,"(1,1,1)",False,0.1009745299012281,rank_selection_numerically_unresolved,B,,,,,,,,,,,,,,,,,,,,not_reached_due_to_pilot_failure,"[1.2299618919887187, 1.2278380231138881, 1.2300313620443697]",0.0021933389304815,False,True,6.888632222454283e-05,True,False,False,1.227838023113888,1
dgp2_N200_T100_r00002_truth1-1-1,2,200,100,2,"(1,1,1)",False,0.1009745299012281,rank_selection_numerically_unresolved,H,,,,,,,,,,,,,1.0,,,,,,,not_reached_due_to_pilot_failure,"[1.2299618919887187, 1.2278380231138881, 1.2300313620443697]",0.0021933389304815,False,True,6.888632222454283e-05,True,False,False,1.227838023113888,1
dgp2_N200_T100_r00000_truth2-1-1,2,200,100,0,"(2,1,1)",False,0.1009745299012281,rank_selection_numerically_unresolved,A,,,,,,,,,,,,,,,,,,,,not_reached_due_to_pilot_failure,"[0.2274818233123853, 0.22686373887704586, 0.22727327907334074]",0.0006180844353394,False,True,5.350348334078757e-06,False,False,False,0.2268637388770458,2
dgp2_N200_T100_r00000_truth2-1-1,2,200,100,0,"(2,1,1)",False,0.1009745299012281,rank_selection_numerically_unresolved,B,,,,,,,,,,,,,,,,,,,,not_reached_due_to_pilot_failure,"[0.2274818233123853, 0.22686373887704586, 0.22727327907334074]",0.0006180844353394,False,True,5.350348334078757e-06,False,False,False,0.2268637388770458,1
dgp2_N200_T100_r00000_truth2-1-1,2,200,100,0,"(2,1,1)",False,0.1009745299012281,rank_selection_numerically_unresolved,H,,,,,,,,,,,,,1.0,,,,,,,not_reached_due_to_pilot_failure,"[0.2274818233123853, 0.22686373887704586, 0.22727327907334074]",0.0006180844353394,False,True,5.350348334078757e-06,False,False,False,0.2268637388770458,1
dgp2_N200_T100_r00001_truth2-1-1,2,200,100,1,"(2,1,1)",False,0.1009745299012281,rank_selection_numerically_unresolved,A,,,,,,,,,,,,,,,,,,,,not_reached_due_to_pilot_failure,"[0.23636126250900402, 0.23679145289931502, 0.2358124271247102]",0.0009790257746048,False,True,3.929574585506596e-06,False,False,False,0.2358124271247102,2
dgp2_N200_T100_r00001_truth2-1-1,2,200,100,1,"(2,1,1)",False,0.1009745299012281,rank_selection_numerically_unresolved,B,,,,,,,,,,,,,,,,,,,,not_reached_due_to_pilot_failure,"[0.23636126250900402, 0.23679145289931502, 0.2358124271247102]",0.0009790257746048,False,True,3.929574585506596e-06,False,False,False,0.2358124271247102,1
dgp2_N200_T100_r00001_truth2-1-1,2,200,100,1,"(2,1,1)",False,0.1009745299012281,rank_selection_numerically_unresolved,H,,,,,,,,,,,,,1.0,,,,,,,not_reached_due_to_pilot_failure,"[0.23636126250900402, 0.23679145289931502, 0.2358124271247102]",0.0009790257746048,False,True,3.929574585506596e-06,False,False,False,0.2358124271247102,1
dgp2_N200_T100_r00002_truth2-1-1,2,200,100,2,"(2,1,1)",False,0.1009745299012281,rank_selection_numerically_unresolved,A,,,,,,,,,,,,,,,,,,,,not_reached_due_to_pilot_failure,"[0.23588455687210036, 0.2360991216643226, 0.23645917532395078]",0.0005746184518504,False,True,7.154208394198784e-06,False,False,False,0.2358845568721003,2
dgp2_N200_T100_r00002_truth2-1-1,2,200,100,2,"(2,1,1)",False,0.1009745299012281,rank_selection_numerically_unresolved,B,,,,,,,,,,,,,,,,,,,,not_reached_due_to_pilot_failure,"[0.23588455687210036, 0.2360991216643226, 0.23645917532395078]",0.0005746184518504,False,True,7.154208394198784e-06,False,False,False,0.2358845568721003,1
dgp2_N200_T100_r00002_truth2-1-1,2,200,100,2,"(2,1,1)",False,0.1009745299012281,rank_selection_numerically_unresolved,H,,,,,,,,,,,,,1.0,,,,,,,not_reached_due_to_pilot_failure,"[0.23588455687210036, 0.2360991216643226, 0.23645917532395078]",0.0005746184518504,False,True,7.154208394198784e-06,False,False,False,0.2358845568721003,1
dgp2_N200_T200_r00000_truth1-0-2,2,200,200,0,"(1,0,2)",False,0.0943695829088774,rank_selection_numerically_unresolved,A,,,,,,,,,,,,,,,,,,,,not_reached_due_to_pilot_failure,"[0.38978333867724857, 0.38967664326582246, 0.3904698395130332]",0.0007931962472107,False,True,2.7609710650003607e-06,False,False,False,0.3896766432658224,1
dgp2_N200_T200_r00000_truth1-0-2,2,200,200,0,"(1,0,2)",False,0.0943695829088774,rank_selection_numerically_unresolved,B,,,,,,,,,,,,,,,,,,,,not_reached_due_to_pilot_failure,"[0.38978333867724857, 0.38967664326582246, 0.3904698395130332]",0.0007931962472107,False,True,2.7609710650003607e-06,False,False,False,0.3896766432658224,0
dgp2_N200_T200_r00000_truth1-0-2,2,200,200,0,"(1,0,2)",False,0.0943695829088774,rank_selection_numerically_unresolved,H,,,,,,,,,,,,,1.0,,,,,,,not_reached_due_to_pilot_failure,"[0.38978333867724857, 0.38967664326582246, 0.3904698395130332]",0.0007931962472107,False,True,2.7609710650003607e-06,False,False,False,0.3896766432658224,2
dgp2_N200_T200_r00001_truth1-0-2,2,200,200,1,"(1,0,2)",False,0.0943695829088774,rank_selection_numerically_unresolved,A,,,,,,,,,,,,,,,,,,,,not_reached_due_to_pilot_failure,"[0.38146782173394667, 0.3826672761721004, 0.38195666940093437]",0.0011994544381537,False,True,8.695245259368423e-07,False,False,False,0.3814678217339466,1
dgp2_N200_T200_r00001_truth1-0-2,2,200,200,1,"(1,0,2)",False,0.0943695829088774,rank_selection_numerically_unresolved,B,,,,,,,,,,,,,,,,,,,,not_reached_due_to_pilot_failure,"[0.38146782173394667, 0.3826672761721004, 0.38195666940093437]",0.0011994544381537,False,True,8.695245259368423e-07,False,False,False,0.3814678217339466,0
dgp2_N200_T200_r00001_truth1-0-2,2,200,200,1,"(1,0,2)",False,0.0943695829088774,rank_selection_numerically_unresolved,H,,,,,,,,,,,,,1.0,,,,,,,not_reached_due_to_pilot_failure,"[0.38146782173394667, 0.3826672761721004, 0.38195666940093437]",0.0011994544381537,False,True,8.695245259368423e-07,False,False,False,0.3814678217339466,2
dgp2_N200_T200_r00002_truth1-0-2,2,200,200,2,"(1,0,2)",False,0.0943695829088774,rank_selection_numerically_unresolved,A,,,,,,,,,,,,,,,,,,,,not_reached_due_to_pilot_failure,"[0.3802357047729666, 0.3801996516396851, 0.3800915083294289]",0.0001441964435376,False,True,2.4712182923762173e-06,False,False,False,0.3800915083294289,1
dgp2_N200_T200_r00002_truth1-0-2,2,200,200,2,"(1,0,2)",False,0.0943695829088774,rank_selection_numerically_unresolved,B,,,,,,,,,,,,,,,,,,,,not_reached_due_to_pilot_failure,"[0.3802357047729666, 0.3801996516396851, 0.3800915083294289]",0.0001441964435376,False,True,2.4712182923762173e-06,False,False,False,0.3800915083294289,0
dgp2_N200_T200_r00002_truth1-0-2,2,200,200,2,"(1,0,2)",False,0.0943695829088774,rank_selection_numerically_unresolved,H,,,,,,,,,,,,,1.0,,,,,,,not_reached_due_to_pilot_failure,"[0.3802357047729666, 0.3801996516396851, 0.3800915083294289]",0.0001441964435376,False,True,2.4712182923762173e-06,False,False,False,0.3800915083294289,2
dgp2_N200_T200_r00000_truth1-1-1,2,200,200,0,"(1,1,1)",False,0.0943695829088774,rank_selection_numerically_unresolved,A,,,,,,,,,,,,,,,,,,,,not_reached_due_to_pilot_failure,"[1.240779980406369, 1.2417992704227983, 1.240996949035957]",0.0010192900164291,False,True,9.335263466790792e-07,False,False,False,1.240779980406369,1
dgp2_N200_T200_r00000_truth1-1-1,2,200,200,0,"(1,1,1)",False,0.0943695829088774,rank_selection_numerically_unresolved,B,,,,,,,,,,,,,,,,,,,,not_reached_due_to_pilot_failure,"[1.240779980406369, 1.2417992704227983, 1.240996949035957]",0.0010192900164291,False,True,9.335263466790792e-07,False,False,False,1.240779980406369,1
dgp2_N200_T200_r00000_truth1-1-1,2,200,200,0,"(1,1,1)",False,0.0943695829088774,rank_selection_numerically_unresolved,H,,,,,,,,,,,,,1.0,,,,,,,not_reached_due_to_pilot_failure,"[1.240779980406369, 1.2417992704227983, 1.240996949035957]",0.0010192900164291,False,True,9.335263466790792e-07,False,False,False,1.240779980406369,1
dgp2_N200_T200_r00001_truth1-1-1,2,200,200,1,"(1,1,1)",False,0.0943695829088774,rank_selection_numerically_unresolved,A,,,,,,,,,,,,,,,,,,,,not_reached_due_to_pilot_failure,"[1.2705061210139659, 1.2691406820316826, 1.2691340225572578]",0.001372098456708,False,True,1.3453734234465197e-06,False,False,False,1.2691340225572578,1
dgp2_N200_T200_r00001_truth1-1-1,2,200,200,1,"(1,1,1)",False,0.0943695829088774,rank_selection_numerically_unresolved,B,,,,,,,,,,,,,,,,,,,,not_reached_due_to_pilot_failure,"[1.2705061210139659, 1.2691406820316826, 1.2691340225572578]",0.001372098456708,False,True,1.3453734234465197e-06,False,False,False,1.2691340225572578,1
dgp2_N200_T200_r00001_truth1-1-1,2,200,200,1,"(1,1,1)",False,0.0943695829088774,rank_selection_numerically_unresolved,H,,,,,,,,,,,,,1.0,,,,,,,not_reached_due_to_pilot_failure,"[1.2705061210139659, 1.2691406820316826, 1.2691340225572578]",0.001372098456708,False,True,1.3453734234465197e-06,False,False,False,1.2691340225572578,1
dgp2_N200_T200_r00002_truth1-1-1,2,200,200,2,"(1,1,1)",False,0.0943695829088774,rank_selection_numerically_unresolved,A,,,,,,,,,,,,,,,,,,,,not_reached_due_to_pilot_failure,"[1.2679298730458846, 1.2653975154645356, 1.267097303423489]",0.0025323575813489,False,True,9.87064241558774e-06,False,False,False,1.2653975154645356,1
dgp2_N200_T200_r00002_truth1-1-1,2,200,200,2,"(1,1,1)",False,0.0943695829088774,rank_selection_numerically_unresolved,B,,,,,,,,,,,,,,,,,,,,not_reached_due_to_pilot_failure,"[1.2679298730458846, 1.2653975154645356, 1.267097303423489]",0.0025323575813489,False,True,9.87064241558774e-06,False,False,False,1.2653975154645356,1
dgp2_N200_T200_r00002_truth1-1-1,2,200,200,2,"(1,1,1)",False,0.0943695829088774,rank_selection_numerically_unresolved,H,,,,,,,,,,,,,1.0,,,,,,,not_reached_due_to_pilot_failure,"[1.2679298730458846, 1.2653975154645356, 1.267097303423489]",0.0025323575813489,False,True,9.87064241558774e-06,False,False,False,1.2653975154645356,1
dgp2_N200_T200_r00000_truth2-1-1,2,200,200,0,"(2,1,1)",False,0.0943695829088774,rank_selection_numerically_unresolved,A,,,,,,,,,,,,,,,,,,,,not_reached_due_to_pilot_failure,"[0.2696965346713436, 0.26983413774930576, 0.2697919512185892]",0.0001376030779621,False,True,9.659954039383944e-07,False,False,False,0.2696965346713436,2
dgp2_N200_T200_r00000_truth2-1-1,2,200,200,0,"(2,1,1)",False,0.0943695829088774,rank_selection_numerically_unresolved,B,,,,,,,,,,,,,,,,,,,,not_reached_due_to_pilot_failure,"[0.2696965346713436, 0.26983413774930576, 0.2697919512185892]",0.0001376030779621,False,True,9.659954039383944e-07,False,False,False,0.2696965346713436,1
dgp2_N200_T200_r00000_truth2-1-1,2,200,200,0,"(2,1,1)",False,0.0943695829088774,rank_selection_numerically_unresolved,H,,,,,,,,,,,,,1.0,,,,,,,not_reached_due_to_pilot_failure,"[0.2696965346713436, 0.26983413774930576, 0.2697919512185892]",0.0001376030779621,False,True,9.659954039383944e-07,False,False,False,0.2696965346713436,1
dgp2_N200_T200_r00001_truth2-1-1,2,200,200,1,"(2,1,1)",False,0.0943695829088774,rank_selection_numerically_unresolved,A,,,,,,,,,,,,,,,,,,,,not_reached_due_to_pilot_failure,"[0.2735841892425531, 0.2734087308600213, 0.2730652971490601]",0.000518892093493,False,True,2.0350092607017608e-07,False,False,False,0.2730652971490601,2
dgp2_N200_T200_r00001_truth2-1-1,2,200,200,1,"(2,1,1)",False,0.0943695829088774,rank_selection_numerically_unresolved,B,,,,,,,,,,,,,,,,,,,,not_reached_due_to_pilot_failure,"[0.2735841892425531, 0.2734087308600213, 0.2730652971490601]",0.000518892093493,False,True,2.0350092607017608e-07,False,False,False,0.2730652971490601,1
dgp2_N200_T200_r00001_truth2-1-1,2,200,200,1,"(2,1,1)",False,0.0943695829088774,rank_selection_numerically_unresolved,H,,,,,,,,,,,,,1.0,,,,,,,not_reached_due_to_pilot_failure,"[0.2735841892425531, 0.2734087308600213, 0.2730652971490601]",0.000518892093493,False,True,2.0350092607017608e-07,False,False,False,0.2730652971490601,1
dgp2_N200_T200_r00002_truth2-1-1,2,200,200,2,"(2,1,1)",False,0.0943695829088774,rank_selection_numerically_unresolved,A,,,,,,,,,,,,,,,,,,,,not_reached_due_to_pilot_failure,"[0.26528507410009816, 0.26512098124179, 0.26561577467012537]",0.0004947934283353,False,True,4.188875841518801e-07,False,False,False,0.26512098124179,2
dgp2_N200_T200_r00002_truth2-1-1,2,200,200,2,"(2,1,1)",False,0.0943695829088774,rank_selection_numerically_unresolved,B,,,,,,,,,,,,,,,,,,,,not_reached_due_to_pilot_failure,"[0.26528507410009816, 0.26512098124179, 0.26561577467012537]",0.0004947934283353,False,True,4.188875841518801e-07,False,False,False,0.26512098124179,1
dgp2_N200_T200_r00002_truth2-1-1,2,200,200,2,"(2,1,1)",False,0.0943695829088774,rank_selection_numerically_unresolved,H,,,,,,,,,,,,,1.0,,,,,,,not_reached_due_to_pilot_failure,"[0.26528507410009816, 0.26512098124179, 0.26561577467012537]",0.0004947934283353,False,True,4.188875841518801e-07,False,False,False,0.26512098124179,1
dgp3_N50_T50_r00000_truth1-0-2,3,50,50,0,"(1,0,2)",False,0.1278111093176657,rank_selection_numerically_unresolved,A,,,,,,,,,,,,,,,,,,,,not_reached_due_to_pilot_failure,"[0.14755528445426144, 0.15167103465622941, 0.14687309215346164]",0.0047979425027677,False,True,0.0016724170251457,True,False,False,0.1468730921534616,1
dgp3_N50_T50_r00000_truth1-0-2,3,50,50,0,"(1,0,2)",False,0.1278111093176657,rank_selection_numerically_unresolved,B,,,,,,,,,,,,,,,,,,,,not_reached_due_to_pilot_failure,"[0.14755528445426144, 0.15167103465622941, 0.14687309215346164]",0.0047979425027677,False,True,0.0016724170251457,True,False,False,0.1468730921534616,0
dgp3_N50_T50_r00000_truth1-0-2,3,50,50,0,"(1,0,2)",False,0.1278111093176657,rank_selection_numerically_unresolved,H,,,,,,,,,,,,,1.0,,,,,,,not_reached_due_to_pilot_failure,"[0.14755528445426144, 0.15167103465622941, 0.14687309215346164]",0.0047979425027677,False,True,0.0016724170251457,True,False,False,0.1468730921534616,2
dgp3_N50_T50_r00001_truth1-0-2,3,50,50,1,"(1,0,2)",False,0.1278111093176657,rank_selection_numerically_unresolved,A,,,,,,,,,,,,,,,,,,,,not_reached_due_to_pilot_failure,"[0.13679942604694226, 0.14061258156075673, 0.137227821614352]",0.0038131555138144,False,True,0.0014441426902164,True,False,False,0.1367994260469422,1
dgp3_N50_T50_r00001_truth1-0-2,3,50,50,1,"(1,0,2)",False,0.1278111093176657,rank_selection_numerically_unresolved,B,,,,,,,,,,,,,,,,,,,,not_reached_due_to_pilot_failure,"[0.13679942604694226, 0.14061258156075673, 0.137227821614352]",0.0038131555138144,False,True,0.0014441426902164,True,False,False,0.1367994260469422,0
dgp3_N50_T50_r00001_truth1-0-2,3,50,50,1,"(1,0,2)",False,0.1278111093176657,rank_selection_numerically_unresolved,H,,,,,,,,,,,,,1.0,,,,,,,not_reached_due_to_pilot_failure,"[0.13679942604694226, 0.14061258156075673, 0.137227821614352]",0.0038131555138144,False,True,0.0014441426902164,True,False,False,0.1367994260469422,2
dgp3_N50_T50_r00002_truth1-0-2,3,50,50,2,"(1,0,2)",False,0.1278111093176657,rank_selection_numerically_unresolved,A,,,,,,,,,,,,,,,,,,,,not_reached_due_to_pilot_failure,"[0.14546486757971766, 0.13852728640847464, 0.1487949220641692]",0.0102676356556945,False,True,0.0029857892820847,True,False,False,0.1385272864084746,1
dgp3_N50_T50_r00002_truth1-0-2,3,50,50,2,"(1,0,2)",False,0.1278111093176657,rank_selection_numerically_unresolved,B,,,,,,,,,,,,,,,,,,,,not_reached_due_to_pilot_failure,"[0.14546486757971766, 0.13852728640847464, 0.1487949220641692]",0.0102676356556945,False,True,0.0029857892820847,True,False,False,0.1385272864084746,0
dgp3_N50_T50_r00002_truth1-0-2,3,50,50,2,"(1,0,2)",False,0.1278111093176657,rank_selection_numerically_unresolved,H,,,,,,,,,,,,,1.0,,,,,,,not_reached_due_to_pilot_failure,"[0.14546486757971766, 0.13852728640847464, 0.1487949220641692]",0.0102676356556945,False,True,0.0029857892820847,True,False,False,0.1385272864084746,2
dgp3_N50_T50_r00000_truth1-1-1,3,50,50,0,"(1,1,1)",False,0.1278111093176657,rank_selection_numerically_unresolved,A,,,,,,,,,,,,,,,,,,,,not_reached_due_to_pilot_failure,"[0.6230284131166643, 0.6223688555121779, 0.6196728608132507]",0.0033555523034136,False,True,0.0001467850922316,True,False,False,0.6196728608132507,1
dgp3_N50_T50_r00000_truth1-1-1,3,50,50,0,"(1,1,1)",False,0.1278111093176657,rank_selection_numerically_unresolved,B,,,,,,,,,,,,,,,,,,,,not_reached_due_to_pilot_failure,"[0.6230284131166643, 0.6223688555121779, 0.6196728608132507]",0.0033555523034136,False,True,0.0001467850922316,True,False,False,0.6196728608132507,1
dgp3_N50_T50_r00000_truth1-1-1,3,50,50,0,"(1,1,1)",False,0.1278111093176657,rank_selection_numerically_unresolved,H,,,,,,,,,,,,,1.0,,,,,,,not_reached_due_to_pilot_failure,"[0.6230284131166643, 0.6223688555121779, 0.6196728608132507]",0.0033555523034136,False,True,0.0001467850922316,True,False,False,0.6196728608132507,1
dgp3_N50_T50_r00001_truth1-1-1,3,50,50,1,"(1,1,1)",False,0.1278111093176657,rank_selection_numerically_unresolved,A,,,,,,,,,,,,,,,,,,,,not_reached_due_to_pilot_failure,"[0.6101697345934727, 0.5985845792955392, 0.5970988460582484]",0.0130708885352243,False,True,0.0004273804353797,True,False,False,0.5970988460582484,1
dgp3_N50_T50_r00001_truth1-1-1,3,50,50,1,"(1,1,1)",False,0.1278111093176657,rank_selection_numerically_unresolved,B,,,,,,,,,,,,,,,,,,,,not_reached_due_to_pilot_failure,"[0.6101697345934727, 0.5985845792955392, 0.5970988460582484]",0.0130708885352243,False,True,0.0004273804353797,True,False,False,0.5970988460582484,1
dgp3_N50_T50_r00001_truth1-1-1,3,50,50,1,"(1,1,1)",False,0.1278111093176657,rank_selection_numerically_unresolved,H,,,,,,,,,,,,,1.0,,,,,,,not_reached_due_to_pilot_failure,"[0.6101697345934727, 0.5985845792955392, 0.5970988460582484]",0.0130708885352243,False,True,0.0004273804353797,True,False,False,0.5970988460582484,1
dgp3_N50_T50_r00002_truth1-1-1,3,50,50,2,"(1,1,1)",False,0.1278111093176657,rank_selection_numerically_unresolved,A,,,,,,,,,,,,,,,,,,,,not_reached_due_to_pilot_failure,"[0.555012327733156, 0.5585322458917299, 0.5682526196888789]",0.0132402919557228,False,True,6.274787920383449e-05,True,False,False,0.555012327733156,1
dgp3_N50_T50_r00002_truth1-1-1,3,50,50,2,"(1,1,1)",False,0.1278111093176657,rank_selection_numerically_unresolved,B,,,,,,,,,,,,,,,,,,,,not_reached_due_to_pilot_failure,"[0.555012327733156, 0.5585322458917299, 0.5682526196888789]",0.0132402919557228,False,True,6.274787920383449e-05,True,False,False,0.555012327733156,1
dgp3_N50_T50_r00002_truth1-1-1,3,50,50,2,"(1,1,1)",False,0.1278111093176657,rank_selection_numerically_unresolved,H,,,,,,,,,,,,,1.0,,,,,,,not_reached_due_to_pilot_failure,"[0.555012327733156, 0.5585322458917299, 0.5682526196888789]",0.0132402919557228,False,True,6.274787920383449e-05,True,False,False,0.555012327733156,1
dgp3_N50_T50_r00000_truth2-1-1,3,50,50,0,"(2,1,1)",False,0.1278111093176657,rank_selection_numerically_unresolved,A,,,,,,,,,,,,,,,,,,,,not_reached_due_to_pilot_failure,"[0.10428511862030107, 0.10455961022784487, 0.10243865179868762]",0.0021209584291572,False,True,0.0002317389812706,True,False,False,0.1024386517986876,2
dgp3_N50_T50_r00000_truth2-1-1,3,50,50,0,"(2,1,1)",False,0.1278111093176657,rank_selection_numerically_unresolved,B,,,,,,,,,,,,,,,,,,,,not_reached_due_to_pilot_failure,"[0.10428511862030107, 0.10455961022784487, 0.10243865179868762]",0.0021209584291572,False,True,0.0002317389812706,True,False,False,0.1024386517986876,1
dgp3_N50_T50_r00000_truth2-1-1,3,50,50,0,"(2,1,1)",False,0.1278111093176657,rank_selection_numerically_unresolved,H,,,,,,,,,,,,,1.0,,,,,,,not_reached_due_to_pilot_failure,"[0.10428511862030107, 0.10455961022784487, 0.10243865179868762]",0.0021209584291572,False,True,0.0002317389812706,True,False,False,0.1024386517986876,1
dgp3_N50_T50_r00001_truth2-1-1,3,50,50,1,"(2,1,1)",False,0.1278111093176657,rank_selection_numerically_unresolved,A,,,,,,,,,,,,,,,,,,,,not_reached_due_to_pilot_failure,"[0.09298303558811048, 0.09554306372728327, 0.09320955902218633]",0.0025600281391727,False,True,0.001666462832142,True,False,False,0.0929830355881104,2
dgp3_N50_T50_r00001_truth2-1-1,3,50,50,1,"(2,1,1)",False,0.1278111093176657,rank_selection_numerically_unresolved,B,,,,,,,,,,,,,,,,,,,,not_reached_due_to_pilot_failure,"[0.09298303558811048, 0.09554306372728327, 0.09320955902218633]",0.0025600281391727,False,True,0.001666462832142,True,False,False,0.0929830355881104,1
dgp3_N50_T50_r00001_truth2-1-1,3,50,50,1,"(2,1,1)",False,0.1278111093176657,rank_selection_numerically_unresolved,H,,,,,,,,,,,,,1.0,,,,,,,not_reached_due_to_pilot_failure,"[0.09298303558811048, 0.09554306372728327, 0.09320955902218633]",0.0025600281391727,False,True,0.001666462832142,True,False,False,0.0929830355881104,1
dgp3_N50_T50_r00002_truth2-1-1,3,50,50,2,"(2,1,1)",False,0.1278111093176657,rank_selection_numerically_unresolved,A,,,,,,,,,,,,,,,,,,,,not_reached_due_to_pilot_failure,"[0.09867882279737475, 0.09986505295982728, 0.10098351571720092]",0.0023046929198261,False,True,0.0011693837689187,True,False,False,0.0986788227973747,2
dgp3_N50_T50_r00002_truth2-1-1,3,50,50,2,"(2,1,1)",False,0.1278111093176657,rank_selection_numerically_unresolved,B,,,,,,,,,,,,,,,,,,,,not_reached_due_to_pilot_failure,"[0.09867882279737475, 0.09986505295982728, 0.10098351571720092]",0.0023046929198261,False,True,0.0011693837689187,True,False,False,0.0986788227973747,1
dgp3_N50_T50_r00002_truth2-1-1,3,50,50,2,"(2,1,1)",False,0.1278111093176657,rank_selection_numerically_unresolved,H,,,,,,,,,,,,,1.0,,,,,,,not_reached_due_to_pilot_failure,"[0.09867882279737475, 0.09986505295982728, 0.10098351571720092]",0.0023046929198261,False,True,0.0011693837689187,True,False,False,0.0986788227973747,1
dgp3_N100_T100_r00000_truth1-0-2,3,100,100,0,"(1,0,2)",False,0.1085736204758129,rank_selection_numerically_unresolved,A,,,,,,,,,,,,,,,,,,,,not_reached_due_to_pilot_failure,"[0.2935778819093665, 0.2961413267298926, 0.2938399847274581]",0.002563444820526,False,True,0.0074932809773142,True,False,False,0.2935778819093665,1
dgp3_N100_T100_r00000_truth1-0-2,3,100,100,0,"(1,0,2)",False,0.1085736204758129,rank_selection_numerically_unresolved,B,,,,,,,,,,,,,,,,,,,,not_reached_due_to_pilot_failure,"[0.2935778819093665, 0.2961413267298926, 0.2938399847274581]",0.002563444820526,False,True,0.0074932809773142,True,False,False,0.2935778819093665,0
dgp3_N100_T100_r00000_truth1-0-2,3,100,100,0,"(1,0,2)",False,0.1085736204758129,rank_selection_numerically_unresolved,H,,,,,,,,,,,,,1.0,,,,,,,not_reached_due_to_pilot_failure,"[0.2935778819093665, 0.2961413267298926, 0.2938399847274581]",0.002563444820526,False,True,0.0074932809773142,True,False,False,0.2935778819093665,2
dgp3_N100_T100_r00001_truth1-0-2,3,100,100,1,"(1,0,2)",False,0.1085736204758129,rank_selection_numerically_unresolved,A,,,,,,,,,,,,,,,,,,,,not_reached_due_to_pilot_failure,"[0.27837514349807707, 0.27940006535555706, 0.28004389926216927]",0.0016687557640922,False,True,8.944549514733613e-05,True,False,False,0.278375143498077,1
dgp3_N100_T100_r00001_truth1-0-2,3,100,100,1,"(1,0,2)",False,0.1085736204758129,rank_selection_numerically_unresolved,B,,,,,,,,,,,,,,,,,,,,not_reached_due_to_pilot_failure,"[0.27837514349807707, 0.27940006535555706, 0.28004389926216927]",0.0016687557640922,False,True,8.944549514733613e-05,True,False,False,0.278375143498077,0
dgp3_N100_T100_r00001_truth1-0-2,3,100,100,1,"(1,0,2)",False,0.1085736204758129,rank_selection_numerically_unresolved,H,,,,,,,,,,,,,1.0,,,,,,,not_reached_due_to_pilot_failure,"[0.27837514349807707, 0.27940006535555706, 0.28004389926216927]",0.0016687557640922,False,True,8.944549514733613e-05,True,False,False,0.278375143498077,2
dgp3_N100_T100_r00002_truth1-0-2,3,100,100,2,"(1,0,2)",False,0.1085736204758129,rank_selection_numerically_unresolved,A,,,,,,,,,,,,,,,,,,,,not_reached_due_to_pilot_failure,"[0.2919822479143108, 0.29032482317129754, 0.29041688463476856]",0.0016574247430132,False,True,3.0064868016245265e-05,False,False,False,0.2903248231712975,1
dgp3_N100_T100_r00002_truth1-0-2,3,100,100,2,"(1,0,2)",False,0.1085736204758129,rank_selection_numerically_unresolved,B,,,,,,,,,,,,,,,,,,,,not_reached_due_to_pilot_failure,"[0.2919822479143108, 0.29032482317129754, 0.29041688463476856]",0.0016574247430132,False,True,3.0064868016245265e-05,False,False,False,0.2903248231712975,0
dgp3_N100_T100_r00002_truth1-0-2,3,100,100,2,"(1,0,2)",False,0.1085736204758129,rank_selection_numerically_unresolved,H,,,,,,,,,,,,,1.0,,,,,,,not_reached_due_to_pilot_failure,"[0.2919822479143108, 0.29032482317129754, 0.29041688463476856]",0.0016574247430132,False,True,3.0064868016245265e-05,False,False,False,0.2903248231712975,2
dgp3_N100_T100_r00000_truth1-1-1,3,100,100,0,"(1,1,1)",False,0.1085736204758129,rank_selection_numerically_unresolved,A,,,,,,,,,,,,,,,,,,,,not_reached_due_to_pilot_failure,"[1.3215854714073285, 1.3176551366809366, 1.3130689879199198]",0.0085164834874087,False,True,0.0035674015073663,False,False,False,1.3130689879199198,1
dgp3_N100_T100_r00000_truth1-1-1,3,100,100,0,"(1,1,1)",False,0.1085736204758129,rank_selection_numerically_unresolved,B,,,,,,,,,,,,,,,,,,,,not_reached_due_to_pilot_failure,"[1.3215854714073285, 1.3176551366809366, 1.3130689879199198]",0.0085164834874087,False,True,0.0035674015073663,False,False,False,1.3130689879199198,1
dgp3_N100_T100_r00000_truth1-1-1,3,100,100,0,"(1,1,1)",False,0.1085736204758129,rank_selection_numerically_unresolved,H,,,,,,,,,,,,,1.0,,,,,,,not_reached_due_to_pilot_failure,"[1.3215854714073285, 1.3176551366809366, 1.3130689879199198]",0.0085164834874087,False,True,0.0035674015073663,False,False,False,1.3130689879199198,1
dgp3_N100_T100_r00001_truth1-1-1,3,100,100,1,"(1,1,1)",False,0.1085736204758129,rank_selection_numerically_unresolved,A,,,,,,,,,,,,,,,,,,,,not_reached_due_to_pilot_failure,"[1.391274235989886, 1.3886074761114622, 1.3846609113449657]",0.0066133246449202,False,True,5.3461288708924e-05,True,False,False,1.3846609113449655,1
dgp3_N100_T100_r00001_truth1-1-1,3,100,100,1,"(1,1,1)",False,0.1085736204758129,rank_selection_numerically_unresolved,B,,,,,,,,,,,,,,,,,,,,not_reached_due_to_pilot_failure,"[1.391274235989886, 1.3886074761114622, 1.3846609113449657]",0.0066133246449202,False,True,5.3461288708924e-05,True,False,False,1.3846609113449655,1
dgp3_N100_T100_r00001_truth1-1-1,3,100,100,1,"(1,1,1)",False,0.1085736204758129,rank_selection_numerically_unresolved,H,,,,,,,,,,,,,1.0,,,,,,,not_reached_due_to_pilot_failure,"[1.391274235989886, 1.3886074761114622, 1.3846609113449657]",0.0066133246449202,False,True,5.3461288708924e-05,True,False,False,1.3846609113449655,1
dgp3_N100_T100_r00002_truth1-1-1,3,100,100,2,"(1,1,1)",False,0.1085736204758129,rank_selection_numerically_unresolved,A,,,,,,,,,,,,,,,,,,,,not_reached_due_to_pilot_failure,"[1.3706981896155166, 1.3776384310578487, 1.3716249983189366]",0.006940241442332,False,True,6.038980465343752e-05,True,False,False,1.3706981896155166,1
dgp3_N100_T100_r00002_truth1-1-1,3,100,100,2,"(1,1,1)",False,0.1085736204758129,rank_selection_numerically_unresolved,B,,,,,,,,,,,,,,,,,,,,not_reached_due_to_pilot_failure,"[1.3706981896155166, 1.3776384310578487, 1.3716249983189366]",0.006940241442332,False,True,6.038980465343752e-05,True,False,False,1.3706981896155166,1
dgp3_N100_T100_r00002_truth1-1-1,3,100,100,2,"(1,1,1)",False,0.1085736204758129,rank_selection_numerically_unresolved,H,,,,,,,,,,,,,1.0,,,,,,,not_reached_due_to_pilot_failure,"[1.3706981896155166, 1.3776384310578487, 1.3716249983189366]",0.006940241442332,False,True,6.038980465343752e-05,True,False,False,1.3706981896155166,1
dgp3_N100_T100_r00000_truth2-1-1,3,100,100,0,"(2,1,1)",False,0.1085736204758129,rank_selection_numerically_unresolved,A,,,,,,,,,,,,,,,,,,,,not_reached_due_to_pilot_failure,"[0.22023140917970369, 0.22194034398529772, 0.22284279044406038]",0.0026113812643566,False,True,9.065557087310556e-07,False,False,False,0.2202314091797036,2
dgp3_N100_T100_r00000_truth2-1-1,3,100,100,0,"(2,1,1)",False,0.1085736204758129,rank_selection_numerically_unresolved,B,,,,,,,,,,,,,,,,,,,,not_reached_due_to_pilot_failure,"[0.22023140917970369, 0.22194034398529772, 0.22284279044406038]",0.0026113812643566,False,True,9.065557087310556e-07,False,False,False,0.2202314091797036,1
dgp3_N100_T100_r00000_truth2-1-1,3,100,100,0,"(2,1,1)",False,0.1085736204758129,rank_selection_numerically_unresolved,H,,,,,,,,,,,,,1.0,,,,,,,not_reached_due_to_pilot_failure,"[0.22023140917970369, 0.22194034398529772, 0.22284279044406038]",0.0026113812643566,False,True,9.065557087310556e-07,False,False,False,0.2202314091797036,1
dgp3_N100_T100_r00001_truth2-1-1,3,100,100,1,"(2,1,1)",False,0.1085736204758129,rank_selection_numerically_unresolved,A,,,,,,,,,,,,,,,,,,,,not_reached_due_to_pilot_failure,"[0.22056684079331276, 0.22140694080331122, 0.22086855257952967]",0.0008401000099984,False,True,8.803753831657178e-05,True,False,False,0.2205668407933127,2
dgp3_N100_T100_r00001_truth2-1-1,3,100,100,1,"(2,1,1)",False,0.1085736204758129,rank_selection_numerically_unresolved,B,,,,,,,,,,,,,,,,,,,,not_reached_due_to_pilot_failure,"[0.22056684079331276, 0.22140694080331122, 0.22086855257952967]",0.0008401000099984,False,True,8.803753831657178e-05,True,False,False,0.2205668407933127,1
dgp3_N100_T100_r00001_truth2-1-1,3,100,100,1,"(2,1,1)",False,0.1085736204758129,rank_selection_numerically_unresolved,H,,,,,,,,,,,,,1.0,,,,,,,not_reached_due_to_pilot_failure,"[0.22056684079331276, 0.22140694080331122, 0.22086855257952967]",0.0008401000099984,False,True,8.803753831657178e-05,True,False,False,0.2205668407933127,1
dgp3_N100_T100_r00002_truth2-1-1,3,100,100,2,"(2,1,1)",False,0.1085736204758129,rank_selection_numerically_unresolved,A,,,,,,,,,,,,,,,,,,,,not_reached_due_to_pilot_failure,"[0.2256366785686489, 0.22488099443942183, 0.22543977068481336]",0.000755684129227,False,True,0.0001542041412718,True,False,False,0.2248809944394218,2
dgp3_N100_T100_r00002_truth2-1-1,3,100,100,2,"(2,1,1)",False,0.1085736204758129,rank_selection_numerically_unresolved,B,,,,,,,,,,,,,,,,,,,,not_reached_due_to_pilot_failure,"[0.2256366785686489, 0.22488099443942183, 0.22543977068481336]",0.000755684129227,False,True,0.0001542041412718,True,False,False,0.2248809944394218,1
dgp3_N100_T100_r00002_truth2-1-1,3,100,100,2,"(2,1,1)",False,0.1085736204758129,rank_selection_numerically_unresolved,H,,,,,,,,,,,,,1.0,,,,,,,not_reached_due_to_pilot_failure,"[0.2256366785686489, 0.22488099443942183, 0.22543977068481336]",0.000755684129227,False,True,0.0001542041412718,True,False,False,0.2248809944394218,1
dgp3_N100_T200_r00000_truth1-0-2,3,100,200,0,"(1,0,2)",False,0.1009745299012281,rank_selection_numerically_unresolved,A,,,,,,,,,,,,,,,,,,,,not_reached_due_to_pilot_failure,"[0.30068158590988536, 0.30033982753015376, 0.30054793261703716]",0.0003417583797316,False,True,7.721495877146348e-05,True,False,False,0.3003398275301537,1
dgp3_N100_T200_r00000_truth1-0-2,3,100,200,0,"(1,0,2)",False,0.1009745299012281,rank_selection_numerically_unresolved,B,,,,,,,,,,,,,,,,,,,,not_reached_due_to_pilot_failure,"[0.30068158590988536, 0.30033982753015376, 0.30054793261703716]",0.0003417583797316,False,True,7.721495877146348e-05,True,False,False,0.3003398275301537,0
dgp3_N100_T200_r00000_truth1-0-2,3,100,200,0,"(1,0,2)",False,0.1009745299012281,rank_selection_numerically_unresolved,H,,,,,,,,,,,,,1.0,,,,,,,not_reached_due_to_pilot_failure,"[0.30068158590988536, 0.30033982753015376, 0.30054793261703716]",0.0003417583797316,False,True,7.721495877146348e-05,True,False,False,0.3003398275301537,2
dgp3_N100_T200_r00001_truth1-0-2,3,100,200,1,"(1,0,2)",False,0.1009745299012281,rank_selection_numerically_unresolved,A,,,,,,,,,,,,,,,,,,,,not_reached_due_to_pilot_failure,"[0.3377426469134662, 0.336555961686735, 0.337422964964206]",0.0011866852267312,False,True,3.5618371821741444e-06,False,False,False,0.336555961686735,1
dgp3_N100_T200_r00001_truth1-0-2,3,100,200,1,"(1,0,2)",False,0.1009745299012281,rank_selection_numerically_unresolved,B,,,,,,,,,,,,,,,,,,,,not_reached_due_to_pilot_failure,"[0.3377426469134662, 0.336555961686735, 0.337422964964206]",0.0011866852267312,False,True,3.5618371821741444e-06,False,False,False,0.336555961686735,0
dgp3_N100_T200_r00001_truth1-0-2,3,100,200,1,"(1,0,2)",False,0.1009745299012281,rank_selection_numerically_unresolved,H,,,,,,,,,,,,,1.0,,,,,,,not_reached_due_to_pilot_failure,"[0.3377426469134662, 0.336555961686735, 0.337422964964206]",0.0011866852267312,False,True,3.5618371821741444e-06,False,False,False,0.336555961686735,2
dgp3_N100_T200_r00002_truth1-0-2,3,100,200,2,"(1,0,2)",False,0.1009745299012281,rank_selection_numerically_unresolved,A,,,,,,,,,,,,,,,,,,,,not_reached_due_to_pilot_failure,"[0.3395721099770807, 0.3383900031449402, 0.3391574798371812]",0.0011821068321404,False,True,1.4185599945726256e-05,False,False,False,0.3383900031449402,1
dgp3_N100_T200_r00002_truth1-0-2,3,100,200,2,"(1,0,2)",False,0.1009745299012281,rank_selection_numerically_unresolved,B,,,,,,,,,,,,,,,,,,,,not_reached_due_to_pilot_failure,"[0.3395721099770807, 0.3383900031449402, 0.3391574798371812]",0.0011821068321404,False,True,1.4185599945726256e-05,False,False,False,0.3383900031449402,0
dgp3_N100_T200_r00002_truth1-0-2,3,100,200,2,"(1,0,2)",False,0.1009745299012281,rank_selection_numerically_unresolved,H,,,,,,,,,,,,,1.0,,,,,,,not_reached_due_to_pilot_failure,"[0.3395721099770807, 0.3383900031449402, 0.3391574798371812]",0.0011821068321404,False,True,1.4185599945726256e-05,False,False,False,0.3383900031449402,2
dgp3_N100_T200_r00000_truth1-1-1,3,100,200,0,"(1,1,1)",False,0.1009745299012281,rank_selection_numerically_unresolved,A,,,,,,,,,,,,,,,,,,,,not_reached_due_to_pilot_failure,"[1.3867633551375946, 1.3870314708716722, 1.3882175770104357]",0.001454221872841,False,True,0.000155288162863,True,False,False,1.3867633551375946,1
dgp3_N100_T200_r00000_truth1-1-1,3,100,200,0,"(1,1,1)",False,0.1009745299012281,rank_selection_numerically_unresolved,B,,,,,,,,,,,,,,,,,,,,not_reached_due_to_pilot_failure,"[1.3867633551375946, 1.3870314708716722, 1.3882175770104357]",0.001454221872841,False,True,0.000155288162863,True,False,False,1.3867633551375946,1
dgp3_N100_T200_r00000_truth1-1-1,3,100,200,0,"(1,1,1)",False,0.1009745299012281,rank_selection_numerically_unresolved,H,,,,,,,,,,,,,1.0,,,,,,,not_reached_due_to_pilot_failure,"[1.3867633551375946, 1.3870314708716722, 1.3882175770104357]",0.001454221872841,False,True,0.000155288162863,True,False,False,1.3867633551375946,1
dgp3_N100_T200_r00001_truth1-1-1,3,100,200,1,"(1,1,1)",False,0.1009745299012281,rank_selection_numerically_unresolved,A,,,,,,,,,,,,,,,,,,,,not_reached_due_to_pilot_failure,"[1.4974765944279036, 1.4952259631980311, 1.496415625579012]",0.0022506312298724,False,True,2.675661045642396e-05,False,False,False,1.4952259631980311,1
dgp3_N100_T200_r00001_truth1-1-1,3,100,200,1,"(1,1,1)",False,0.1009745299012281,rank_selection_numerically_unresolved,B,,,,,,,,,,,,,,,,,,,,not_reached_due_to_pilot_failure,"[1.4974765944279036, 1.4952259631980311, 1.496415625579012]",0.0022506312298724,False,True,2.675661045642396e-05,False,False,False,1.4952259631980311,1
dgp3_N100_T200_r00001_truth1-1-1,3,100,200,1,"(1,1,1)",False,0.1009745299012281,rank_selection_numerically_unresolved,H,,,,,,,,,,,,,1.0,,,,,,,not_reached_due_to_pilot_failure,"[1.4974765944279036, 1.4952259631980311, 1.496415625579012]",0.0022506312298724,False,True,2.675661045642396e-05,False,False,False,1.4952259631980311,1
dgp3_N100_T200_r00002_truth1-1-1,3,100,200,2,"(1,1,1)",False,0.1009745299012281,rank_selection_numerically_unresolved,A,,,,,,,,,,,,,,,,,,,,not_reached_due_to_pilot_failure,"[1.5265892562834233, 1.5296520265478653, 1.5330917434429059]",0.0065024871594825,False,True,7.085747741096767e-06,False,False,False,1.5265892562834231,1
dgp3_N100_T200_r00002_truth1-1-1,3,100,200,2,"(1,1,1)",False,0.1009745299012281,rank_selection_numerically_unresolved,B,,,,,,,,,,,,,,,,,,,,not_reached_due_to_pilot_failure,"[1.5265892562834233, 1.5296520265478653, 1.5330917434429059]",0.0065024871594825,False,True,7.085747741096767e-06,False,False,False,1.5265892562834231,1
dgp3_N100_T200_r00002_truth1-1-1,3,100,200,2,"(1,1,1)",False,0.1009745299012281,rank_selection_numerically_unresolved,H,,,,,,,,,,,,,1.0,,,,,,,not_reached_due_to_pilot_failure,"[1.5265892562834233, 1.5296520265478653, 1.5330917434429059]",0.0065024871594825,False,True,7.085747741096767e-06,False,False,False,1.5265892562834231,1
dgp3_N100_T200_r00000_truth2-1-1,3,100,200,0,"(2,1,1)",False,0.1009745299012281,rank_selection_numerically_unresolved,A,,,,,,,,,,,,,,,,,,,,not_reached_due_to_pilot_failure,"[0.2513879325305751, 0.25211542819646904, 0.25158730201804985]",0.0007274956658939,False,True,2.365538650137117e-06,False,False,False,0.2513879325305751,2
dgp3_N100_T200_r00000_truth2-1-1,3,100,200,0,"(2,1,1)",False,0.1009745299012281,rank_selection_numerically_unresolved,B,,,,,,,,,,,,,,,,,,,,not_reached_due_to_pilot_failure,"[0.2513879325305751, 0.25211542819646904, 0.25158730201804985]",0.0007274956658939,False,True,2.365538650137117e-06,False,False,False,0.2513879325305751,1
dgp3_N100_T200_r00000_truth2-1-1,3,100,200,0,"(2,1,1)",False,0.1009745299012281,rank_selection_numerically_unresolved,H,,,,,,,,,,,,,1.0,,,,,,,not_reached_due_to_pilot_failure,"[0.2513879325305751, 0.25211542819646904, 0.25158730201804985]",0.0007274956658939,False,True,2.365538650137117e-06,False,False,False,0.2513879325305751,1
dgp3_N100_T200_r00001_truth2-1-1,3,100,200,1,"(2,1,1)",False,0.1009745299012281,rank_selection_numerically_unresolved,A,,,,,,,,,,,,,,,,,,,,not_reached_due_to_pilot_failure,"[0.2563675907037742, 0.25687589398739785, 0.25625744081105484]",0.000618453176343,False,True,7.846793586843617e-07,False,False,False,0.2562574408110548,2
dgp3_N100_T200_r00001_truth2-1-1,3,100,200,1,"(2,1,1)",False,0.1009745299012281,rank_selection_numerically_unresolved,B,,,,,,,,,,,,,,,,,,,,not_reached_due_to_pilot_failure,"[0.2563675907037742, 0.25687589398739785, 0.25625744081105484]",0.000618453176343,False,True,7.846793586843617e-07,False,False,False,0.2562574408110548,1
dgp3_N100_T200_r00001_truth2-1-1,3,100,200,1,"(2,1,1)",False,0.1009745299012281,rank_selection_numerically_unresolved,H,,,,,,,,,,,,,1.0,,,,,,,not_reached_due_to_pilot_failure,"[0.2563675907037742, 0.25687589398739785, 0.25625744081105484]",0.000618453176343,False,True,7.846793586843617e-07,False,False,False,0.2562574408110548,1
dgp3_N100_T200_r00002_truth2-1-1,3,100,200,2,"(2,1,1)",False,0.1009745299012281,rank_selection_numerically_unresolved,A,,,,,,,,,,,,,,,,,,,,not_reached_due_to_pilot_failure,"[0.24586300486617502, 0.2460381366460254, 0.2453356374712469]",0.0007024991747784,False,True,8.463903320929366e-06,False,False,False,0.2453356374712469,2
dgp3_N100_T200_r00002_truth2-1-1,3,100,200,2,"(2,1,1)",False,0.1009745299012281,rank_selection_numerically_unresolved,B,,,,,,,,,,,,,,,,,,,,not_reached_due_to_pilot_failure,"[0.24586300486617502, 0.2460381366460254, 0.2453356374712469]",0.0007024991747784,False,True,8.463903320929366e-06,False,False,False,0.2453356374712469,1
dgp3_N100_T200_r00002_truth2-1-1,3,100,200,2,"(2,1,1)",False,0.1009745299012281,rank_selection_numerically_unresolved,H,,,,,,,,,,,,,1.0,,,,,,,not_reached_due_to_pilot_failure,"[0.24586300486617502, 0.2460381366460254, 0.2453356374712469]",0.0007024991747784,False,True,8.463903320929366e-06,False,False,False,0.2453356374712469,1
dgp3_N200_T100_r00000_truth1-0-2,3,200,100,0,"(1,0,2)",False,0.1009745299012281,rank_selection_numerically_unresolved,A,,,,,,,,,,,,,,,,,,,,not_reached_due_to_pilot_failure,"[0.3284748237995302, 0.32603799921217996, 0.32649417122065805]",0.0024368245873502,False,True,3.710439654452223e-06,False,False,False,0.3260379992121799,1
dgp3_N200_T100_r00000_truth1-0-2,3,200,100,0,"(1,0,2)",False,0.1009745299012281,rank_selection_numerically_unresolved,B,,,,,,,,,,,,,,,,,,,,not_reached_due_to_pilot_failure,"[0.3284748237995302, 0.32603799921217996, 0.32649417122065805]",0.0024368245873502,False,True,3.710439654452223e-06,False,False,False,0.3260379992121799,0
dgp3_N200_T100_r00000_truth1-0-2,3,200,100,0,"(1,0,2)",False,0.1009745299012281,rank_selection_numerically_unresolved,H,,,,,,,,,,,,,1.0,,,,,,,not_reached_due_to_pilot_failure,"[0.3284748237995302, 0.32603799921217996, 0.32649417122065805]",0.0024368245873502,False,True,3.710439654452223e-06,False,False,False,0.3260379992121799,2
dgp3_N200_T100_r00001_truth1-0-2,3,200,100,1,"(1,0,2)",False,0.1009745299012281,rank_selection_numerically_unresolved,A,,,,,,,,,,,,,,,,,,,,not_reached_due_to_pilot_failure,"[0.3383346976035656, 0.3383231975174164, 0.3397051226986374]",0.0013819251812209,False,True,1.2513576447304788e-05,False,False,False,0.3383231975174164,1
dgp3_N200_T100_r00001_truth1-0-2,3,200,100,1,"(1,0,2)",False,0.1009745299012281,rank_selection_numerically_unresolved,B,,,,,,,,,,,,,,,,,,,,not_reached_due_to_pilot_failure,"[0.3383346976035656, 0.3383231975174164, 0.3397051226986374]",0.0013819251812209,False,True,1.2513576447304788e-05,False,False,False,0.3383231975174164,0
dgp3_N200_T100_r00001_truth1-0-2,3,200,100,1,"(1,0,2)",False,0.1009745299012281,rank_selection_numerically_unresolved,H,,,,,,,,,,,,,1.0,,,,,,,not_reached_due_to_pilot_failure,"[0.3383346976035656, 0.3383231975174164, 0.3397051226986374]",0.0013819251812209,False,True,1.2513576447304788e-05,False,False,False,0.3383231975174164,2
dgp3_N200_T100_r00002_truth1-0-2,3,200,100,2,"(1,0,2)",False,0.1009745299012281,rank_selection_numerically_unresolved,A,,,,,,,,,,,,,,,,,,,,not_reached_due_to_pilot_failure,"[0.3403812632037165, 0.33967394063506856, 0.34152329121638525]",0.0018493505813166,False,True,3.189320822636878e-06,False,False,False,0.3396739406350685,1
dgp3_N200_T100_r00002_truth1-0-2,3,200,100,2,"(1,0,2)",False,0.1009745299012281,rank_selection_numerically_unresolved,B,,,,,,,,,,,,,,,,,,,,not_reached_due_to_pilot_failure,"[0.3403812632037165, 0.33967394063506856, 0.34152329121638525]",0.0018493505813166,False,True,3.189320822636878e-06,False,False,False,0.3396739406350685,0
dgp3_N200_T100_r00002_truth1-0-2,3,200,100,2,"(1,0,2)",False,0.1009745299012281,rank_selection_numerically_unresolved,H,,,,,,,,,,,,,1.0,,,,,,,not_reached_due_to_pilot_failure,"[0.3403812632037165, 0.33967394063506856, 0.34152329121638525]",0.0018493505813166,False,True,3.189320822636878e-06,False,False,False,0.3396739406350685,2
dgp3_N200_T100_r00000_truth1-1-1,3,200,100,0,"(1,1,1)",False,0.1009745299012281,rank_selection_numerically_unresolved,A,,,,,,,,,,,,,,,,,,,,not_reached_due_to_pilot_failure,"[1.7541879836059961, 1.7544050608041692, 1.7476454126923897]",0.0067596481117795,False,True,0.0001408106196664,True,False,False,1.7476454126923897,1
dgp3_N200_T100_r00000_truth1-1-1,3,200,100,0,"(1,1,1)",False,0.1009745299012281,rank_selection_numerically_unresolved,B,,,,,,,,,,,,,,,,,,,,not_reached_due_to_pilot_failure,"[1.7541879836059961, 1.7544050608041692, 1.7476454126923897]",0.0067596481117795,False,True,0.0001408106196664,True,False,False,1.7476454126923897,1
dgp3_N200_T100_r00000_truth1-1-1,3,200,100,0,"(1,1,1)",False,0.1009745299012281,rank_selection_numerically_unresolved,H,,,,,,,,,,,,,1.0,,,,,,,not_reached_due_to_pilot_failure,"[1.7541879836059961, 1.7544050608041692, 1.7476454126923897]",0.0067596481117795,False,True,0.0001408106196664,True,False,False,1.7476454126923897,1
dgp3_N200_T100_r00001_truth1-1-1,3,200,100,1,"(1,1,1)",False,0.1009745299012281,rank_selection_numerically_unresolved,A,,,,,,,,,,,,,,,,,,,,not_reached_due_to_pilot_failure,"[1.7272251734151112, 1.7260815590473197, 1.7265927269319694]",0.0011436143677914,False,True,4.2597728421957e-05,True,False,False,1.7260815590473195,1
dgp3_N200_T100_r00001_truth1-1-1,3,200,100,1,"(1,1,1)",False,0.1009745299012281,rank_selection_numerically_unresolved,B,,,,,,,,,,,,,,,,,,,,not_reached_due_to_pilot_failure,"[1.7272251734151112, 1.7260815590473197, 1.7265927269319694]",0.0011436143677914,False,True,4.2597728421957e-05,True,False,False,1.7260815590473195,1
dgp3_N200_T100_r00001_truth1-1-1,3,200,100,1,"(1,1,1)",False,0.1009745299012281,rank_selection_numerically_unresolved,H,,,,,,,,,,,,,1.0,,,,,,,not_reached_due_to_pilot_failure,"[1.7272251734151112, 1.7260815590473197, 1.7265927269319694]",0.0011436143677914,False,True,4.2597728421957e-05,True,False,False,1.7260815590473195,1
dgp3_N200_T100_r00002_truth1-1-1,3,200,100,2,"(1,1,1)",False,0.1009745299012281,rank_selection_numerically_unresolved,A,,,,,,,,,,,,,,,,,,,,not_reached_due_to_pilot_failure,"[1.6798143779673067, 1.6816314564169856, 1.681058755133453]",0.0018170784496789,False,True,7.145882009532851e-05,True,False,False,1.6798143779673067,1
dgp3_N200_T100_r00002_truth1-1-1,3,200,100,2,"(1,1,1)",False,0.1009745299012281,rank_selection_numerically_unresolved,B,,,,,,,,,,,,,,,,,,,,not_reached_due_to_pilot_failure,"[1.6798143779673067, 1.6816314564169856, 1.681058755133453]",0.0018170784496789,False,True,7.145882009532851e-05,True,False,False,1.6798143779673067,1
dgp3_N200_T100_r00002_truth1-1-1,3,200,100,2,"(1,1,1)",False,0.1009745299012281,rank_selection_numerically_unresolved,H,,,,,,,,,,,,,1.0,,,,,,,not_reached_due_to_pilot_failure,"[1.6798143779673067, 1.6816314564169856, 1.681058755133453]",0.0018170784496789,False,True,7.145882009532851e-05,True,False,False,1.6798143779673067,1
dgp3_N200_T100_r00000_truth2-1-1,3,200,100,0,"(2,1,1)",False,0.1009745299012281,rank_selection_numerically_unresolved,A,,,,,,,,,,,,,,,,,,,,not_reached_due_to_pilot_failure,"[0.25981619486649743, 0.25956904012050064, 0.259900244423656]",0.0003312043031553,False,True,3.1661668131420805e-06,False,False,False,0.2595690401205006,2
dgp3_N200_T100_r00000_truth2-1-1,3,200,100,0,"(2,1,1)",False,0.1009745299012281,rank_selection_numerically_unresolved,B,,,,,,,,,,,,,,,,,,,,not_reached_due_to_pilot_failure,"[0.25981619486649743, 0.25956904012050064, 0.259900244423656]",0.0003312043031553,False,True,3.1661668131420805e-06,False,False,False,0.2595690401205006,1
dgp3_N200_T100_r00000_truth2-1-1,3,200,100,0,"(2,1,1)",False,0.1009745299012281,rank_selection_numerically_unresolved,H,,,,,,,,,,,,,1.0,,,,,,,not_reached_due_to_pilot_failure,"[0.25981619486649743, 0.25956904012050064, 0.259900244423656]",0.0003312043031553,False,True,3.1661668131420805e-06,False,False,False,0.2595690401205006,1
dgp3_N200_T100_r00001_truth2-1-1,3,200,100,1,"(2,1,1)",False,0.1009745299012281,rank_selection_numerically_unresolved,A,,,,,,,,,,,,,,,,,,,,not_reached_due_to_pilot_failure,"[0.26283289000951127, 0.26255739666866995, 0.26307015212133644]",0.0005127554526664,False,True,5.880209063371073e-06,False,False,False,0.2625573966686699,2
dgp3_N200_T100_r00001_truth2-1-1,3,200,100,1,"(2,1,1)",False,0.1009745299012281,rank_selection_numerically_unresolved,B,,,,,,,,,,,,,,,,,,,,not_reached_due_to_pilot_failure,"[0.26283289000951127, 0.26255739666866995, 0.26307015212133644]",0.0005127554526664,False,True,5.880209063371073e-06,False,False,False,0.2625573966686699,1
dgp3_N200_T100_r00001_truth2-1-1,3,200,100,1,"(2,1,1)",False,0.1009745299012281,rank_selection_numerically_unresolved,H,,,,,,,,,,,,,1.0,,,,,,,not_reached_due_to_pilot_failure,"[0.26283289000951127, 0.26255739666866995, 0.26307015212133644]",0.0005127554526664,False,True,5.880209063371073e-06,False,False,False,0.2625573966686699,1
dgp3_N200_T100_r00002_truth2-1-1,3,200,100,2,"(2,1,1)",False,0.1009745299012281,rank_selection_numerically_unresolved,A,,,,,,,,,,,,,,,,,,,,not_reached_due_to_pilot_failure,"[0.26612809033230134, 0.26531341116519125, 0.2653735514113009]",0.00081467916711,False,True,1.0605112551711489e-05,False,False,False,0.2653134111651912,2
dgp3_N200_T100_r00002_truth2-1-1,3,200,100,2,"(2,1,1)",False,0.1009745299012281,rank_selection_numerically_unresolved,B,,,,,,,,,,,,,,,,,,,,not_reached_due_to_pilot_failure,"[0.26612809033230134, 0.26531341116519125, 0.2653735514113009]",0.00081467916711,False,True,1.0605112551711489e-05,False,False,False,0.2653134111651912,1
dgp3_N200_T100_r00002_truth2-1-1,3,200,100,2,"(2,1,1)",False,0.1009745299012281,rank_selection_numerically_unresolved,H,,,,,,,,,,,,,1.0,,,,,,,not_reached_due_to_pilot_failure,"[0.26612809033230134, 0.26531341116519125, 0.2653735514113009]",0.00081467916711,False,True,1.0605112551711489e-05,False,False,False,0.2653134111651912,1
dgp3_N200_T200_r00000_truth1-0-2,3,200,200,0,"(1,0,2)",False,0.0943695829088774,rank_selection_numerically_unresolved,A,,,,,,,,,,,,,,,,,,,,not_reached_due_to_pilot_failure,"[0.3801823778525791, 0.38010713287719045, 0.3803646584441767]",0.0002575255669862,False,True,4.168399995506739e-06,False,False,False,0.3801071328771904,1
dgp3_N200_T200_r00000_truth1-0-2,3,200,200,0,"(1,0,2)",False,0.0943695829088774,rank_selection_numerically_unresolved,B,,,,,,,,,,,,,,,,,,,,not_reached_due_to_pilot_failure,"[0.3801823778525791, 0.38010713287719045, 0.3803646584441767]",0.0002575255669862,False,True,4.168399995506739e-06,False,False,False,0.3801071328771904,0
dgp3_N200_T200_r00000_truth1-0-2,3,200,200,0,"(1,0,2)",False,0.0943695829088774,rank_selection_numerically_unresolved,H,,,,,,,,,,,,,1.0,,,,,,,not_reached_due_to_pilot_failure,"[0.3801823778525791, 0.38010713287719045, 0.3803646584441767]",0.0002575255669862,False,True,4.168399995506739e-06,False,False,False,0.3801071328771904,2
dgp3_N200_T200_r00001_truth1-0-2,3,200,200,1,"(1,0,2)",False,0.0943695829088774,rank_selection_numerically_unresolved,A,,,,,,,,,,,,,,,,,,,,not_reached_due_to_pilot_failure,"[0.38348865402621124, 0.3833428395164761, 0.3829207142790299]",0.0005679397471813,False,True,3.9853873408950455e-06,False,False,False,0.3829207142790299,1
dgp3_N200_T200_r00001_truth1-0-2,3,200,200,1,"(1,0,2)",False,0.0943695829088774,rank_selection_numerically_unresolved,B,,,,,,,,,,,,,,,,,,,,not_reached_due_to_pilot_failure,"[0.38348865402621124, 0.3833428395164761, 0.3829207142790299]",0.0005679397471813,False,True,3.9853873408950455e-06,False,False,False,0.3829207142790299,0
dgp3_N200_T200_r00001_truth1-0-2,3,200,200,1,"(1,0,2)",False,0.0943695829088774,rank_selection_numerically_unresolved,H,,,,,,,,,,,,,1.0,,,,,,,not_reached_due_to_pilot_failure,"[0.38348865402621124, 0.3833428395164761, 0.3829207142790299]",0.0005679397471813,False,True,3.9853873408950455e-06,False,False,False,0.3829207142790299,2
dgp3_N200_T200_r00002_truth1-0-2,3,200,200,2,"(1,0,2)",False,0.0943695829088774,rank_selection_numerically_unresolved,A,,,,,,,,,,,,,,,,,,,,not_reached_due_to_pilot_failure,"[0.3763262346781432, 0.3769551505742318, 0.3766530018087825]",0.0006289158960885,False,True,2.3291346157128466e-06,False,False,False,0.3763262346781432,1
dgp3_N200_T200_r00002_truth1-0-2,3,200,200,2,"(1,0,2)",False,0.0943695829088774,rank_selection_numerically_unresolved,B,,,,,,,,,,,,,,,,,,,,not_reached_due_to_pilot_failure,"[0.3763262346781432, 0.3769551505742318, 0.3766530018087825]",0.0006289158960885,False,True,2.3291346157128466e-06,False,False,False,0.3763262346781432,0
dgp3_N200_T200_r00002_truth1-0-2,3,200,200,2,"(1,0,2)",False,0.0943695829088774,rank_selection_numerically_unresolved,H,,,,,,,,,,,,,1.0,,,,,,,not_reached_due_to_pilot_failure,"[0.3763262346781432, 0.3769551505742318, 0.3766530018087825]",0.0006289158960885,False,True,2.3291346157128466e-06,False,False,False,0.3763262346781432,2
dgp3_N200_T200_r00000_truth1-1-1,3,200,200,0,"(1,1,1)",False,0.0943695829088774,rank_selection_numerically_unresolved,A,,,,,,,,,,,,,,,,,,,,not_reached_due_to_pilot_failure,"[1.8569226937615095, 1.8553810921919218, 1.8580165292161825]",0.0026354370242607,False,True,1.2213801108633293e-05,False,False,False,1.8553810921919216,1
dgp3_N200_T200_r00000_truth1-1-1,3,200,200,0,"(1,1,1)",False,0.0943695829088774,rank_selection_numerically_unresolved,B,,,,,,,,,,,,,,,,,,,,not_reached_due_to_pilot_failure,"[1.8569226937615095, 1.8553810921919218, 1.8580165292161825]",0.0026354370242607,False,True,1.2213801108633293e-05,False,False,False,1.8553810921919216,1
dgp3_N200_T200_r00000_truth1-1-1,3,200,200,0,"(1,1,1)",False,0.0943695829088774,rank_selection_numerically_unresolved,H,,,,,,,,,,,,,1.0,,,,,,,not_reached_due_to_pilot_failure,"[1.8569226937615095, 1.8553810921919218, 1.8580165292161825]",0.0026354370242607,False,True,1.2213801108633293e-05,False,False,False,1.8553810921919216,1
dgp3_N200_T200_r00001_truth1-1-1,3,200,200,1,"(1,1,1)",False,0.0943695829088774,rank_selection_numerically_unresolved,A,,,,,,,,,,,,,,,,,,,,not_reached_due_to_pilot_failure,"[1.8841883776895192, 1.8894069070162398, 1.8843045000773826]",0.0052185293267206,False,True,2.8243473582076987e-05,True,False,False,1.8841883776895192,1
dgp3_N200_T200_r00001_truth1-1-1,3,200,200,1,"(1,1,1)",False,0.0943695829088774,rank_selection_numerically_unresolved,B,,,,,,,,,,,,,,,,,,,,not_reached_due_to_pilot_failure,"[1.8841883776895192, 1.8894069070162398, 1.8843045000773826]",0.0052185293267206,False,True,2.8243473582076987e-05,True,False,False,1.8841883776895192,1
dgp3_N200_T200_r00001_truth1-1-1,3,200,200,1,"(1,1,1)",False,0.0943695829088774,rank_selection_numerically_unresolved,H,,,,,,,,,,,,,1.0,,,,,,,not_reached_due_to_pilot_failure,"[1.8841883776895192, 1.8894069070162398, 1.8843045000773826]",0.0052185293267206,False,True,2.8243473582076987e-05,True,False,False,1.8841883776895192,1
dgp3_N200_T200_r00002_truth1-1-1,3,200,200,2,"(1,1,1)",False,0.0943695829088774,rank_selection_numerically_unresolved,A,,,,,,,,,,,,,,,,,,,,not_reached_due_to_pilot_failure,"[1.9182443919431156, 1.9160240192719917, 1.9167870082278302]",0.0022203726711238,False,True,3.88146511279162e-05,True,False,False,1.916024019271992,1
dgp3_N200_T200_r00002_truth1-1-1,3,200,200,2,"(1,1,1)",False,0.0943695829088774,rank_selection_numerically_unresolved,B,,,,,,,,,,,,,,,,,,,,not_reached_due_to_pilot_failure,"[1.9182443919431156, 1.9160240192719917, 1.9167870082278302]",0.0022203726711238,False,True,3.88146511279162e-05,True,False,False,1.916024019271992,1
dgp3_N200_T200_r00002_truth1-1-1,3,200,200,2,"(1,1,1)",False,0.0943695829088774,rank_selection_numerically_unresolved,H,,,,,,,,,,,,,1.0,,,,,,,not_reached_due_to_pilot_failure,"[1.9182443919431156, 1.9160240192719917, 1.9167870082278302]",0.0022203726711238,False,True,3.88146511279162e-05,True,False,False,1.916024019271992,1
dgp3_N200_T200_r00000_truth2-1-1,3,200,200,0,"(2,1,1)",False,0.0943695829088774,rank_selection_numerically_unresolved,A,,,,,,,,,,,,,,,,,,,,not_reached_due_to_pilot_failure,"[0.2981643956668385, 0.2979946463838148, 0.2985245935887901]",0.0005299472049752,False,True,8.335077121555031e-06,False,False,False,0.2979946463838148,2
dgp3_N200_T200_r00000_truth2-1-1,3,200,200,0,"(2,1,1)",False,0.0943695829088774,rank_selection_numerically_unresolved,B,,,,,,,,,,,,,,,,,,,,not_reached_due_to_pilot_failure,"[0.2981643956668385, 0.2979946463838148, 0.2985245935887901]",0.0005299472049752,False,True,8.335077121555031e-06,False,False,False,0.2979946463838148,1
dgp3_N200_T200_r00000_truth2-1-1,3,200,200,0,"(2,1,1)",False,0.0943695829088774,rank_selection_numerically_unresolved,H,,,,,,,,,,,,,1.0,,,,,,,not_reached_due_to_pilot_failure,"[0.2981643956668385, 0.2979946463838148, 0.2985245935887901]",0.0005299472049752,False,True,8.335077121555031e-06,False,False,False,0.2979946463838148,1
dgp3_N200_T200_r00001_truth2-1-1,3,200,200,1,"(2,1,1)",False,0.0943695829088774,rank_selection_numerically_unresolved,A,,,,,,,,,,,,,,,,,,,,not_reached_due_to_pilot_failure,"[0.28251277463486196, 0.28252132621663256, 0.28322405149304863]",0.0007112768581866,False,True,8.412966433070776e-07,False,False,False,0.2825127746348619,2
dgp3_N200_T200_r00001_truth2-1-1,3,200,200,1,"(2,1,1)",False,0.0943695829088774,rank_selection_numerically_unresolved,B,,,,,,,,,,,,,,,,,,,,not_reached_due_to_pilot_failure,"[0.28251277463486196, 0.28252132621663256, 0.28322405149304863]",0.0007112768581866,False,True,8.412966433070776e-07,False,False,False,0.2825127746348619,1
dgp3_N200_T200_r00001_truth2-1-1,3,200,200,1,"(2,1,1)",False,0.0943695829088774,rank_selection_numerically_unresolved,H,,,,,,,,,,,,,1.0,,,,,,,not_reached_due_to_pilot_failure,"[0.28251277463486196, 0.28252132621663256, 0.28322405149304863]",0.0007112768581866,False,True,8.412966433070776e-07,False,False,False,0.2825127746348619,1
dgp3_N200_T200_r00002_truth2-1-1,3,200,200,2,"(2,1,1)",False,0.0943695829088774,rank_selection_numerically_unresolved,A,,,,,,,,,,,,,,,,,,,,not_reached_due_to_pilot_failure,"[0.28701108329224134, 0.28735660526098294, 0.28669080493004706]",0.0006658003309358,False,True,6.626850389216352e-06,False,False,False,0.286690804930047,2
dgp3_N200_T200_r00002_truth2-1-1,3,200,200,2,"(2,1,1)",False,0.0943695829088774,rank_selection_numerically_unresolved,B,,,,,,,,,,,,,,,,,,,,not_reached_due_to_pilot_failure,"[0.28701108329224134, 0.28735660526098294, 0.28669080493004706]",0.0006658003309358,False,True,6.626850389216352e-06,False,False,False,0.286690804930047,1
dgp3_N200_T200_r00002_truth2-1-1,3,200,200,2,"(2,1,1)",False,0.0943695829088774,rank_selection_numerically_unresolved,H,,,,,,,,,,,,,1.0,,,,,,,not_reached_due_to_pilot_failure,"[0.28701108329224134, 0.28735660526098294, 0.28669080493004706]",0.0006658003309358,False,True,6.626850389216352e-06,False,False,False,0.286690804930047,1
dgp4_N50_T50_r00000_truth1-0-2,4,50,50,0,"(1,0,2)",False,0.1278111093176657,rank_selection_numerically_unresolved,A,,,,,,,,,,,,,,,,,,,,not_reached_due_to_pilot_failure,"[0.12410147861228896, 0.12732055309726667, 0.12200550162335151]",0.0053150514739151,False,True,0.0001931056672883,True,False,False,0.1220055016233515,1
dgp4_N50_T50_r00000_truth1-0-2,4,50,50,0,"(1,0,2)",False,0.1278111093176657,rank_selection_numerically_unresolved,B,,,,,,,,,,,,,,,,,,,,not_reached_due_to_pilot_failure,"[0.12410147861228896, 0.12732055309726667, 0.12200550162335151]",0.0053150514739151,False,True,0.0001931056672883,True,False,False,0.1220055016233515,0
dgp4_N50_T50_r00000_truth1-0-2,4,50,50,0,"(1,0,2)",False,0.1278111093176657,rank_selection_numerically_unresolved,H,,,,,,,,,,,,,1.0,,,,,,,not_reached_due_to_pilot_failure,"[0.12410147861228896, 0.12732055309726667, 0.12200550162335151]",0.0053150514739151,False,True,0.0001931056672883,True,False,False,0.1220055016233515,2
dgp4_N50_T50_r00001_truth1-0-2,4,50,50,1,"(1,0,2)",False,0.1278111093176657,rank_selection_numerically_unresolved,A,,,,,,,,,,,,,,,,,,,,not_reached_due_to_pilot_failure,"[0.13565328406611887, 0.13556433990350966, 0.13542498927027663]",0.0002282947958422,False,True,9.774156011758857e-05,True,False,False,0.1354249892702766,1
dgp4_N50_T50_r00001_truth1-0-2,4,50,50,1,"(1,0,2)",False,0.1278111093176657,rank_selection_numerically_unresolved,B,,,,,,,,,,,,,,,,,,,,not_reached_due_to_pilot_failure,"[0.13565328406611887, 0.13556433990350966, 0.13542498927027663]",0.0002282947958422,False,True,9.774156011758857e-05,True,False,False,0.1354249892702766,0
dgp4_N50_T50_r00001_truth1-0-2,4,50,50,1,"(1,0,2)",False,0.1278111093176657,rank_selection_numerically_unresolved,H,,,,,,,,,,,,,1.0,,,,,,,not_reached_due_to_pilot_failure,"[0.13565328406611887, 0.13556433990350966, 0.13542498927027663]",0.0002282947958422,False,True,9.774156011758857e-05,True,False,False,0.1354249892702766,2
dgp4_N50_T50_r00002_truth1-0-2,4,50,50,2,"(1,0,2)",False,0.1278111093176657,rank_selection_numerically_unresolved,A,,,,,,,,,,,,,,,,,,,,not_reached_due_to_pilot_failure,"[0.1481721022353128, 0.15130122696359127, 0.1496423405728941]",0.0031291247282784,False,True,0.0016228966186838,True,False,False,0.1481721022353128,1
dgp4_N50_T50_r00002_truth1-0-2,4,50,50,2,"(1,0,2)",False,0.1278111093176657,rank_selection_numerically_unresolved,B,,,,,,,,,,,,,,,,,,,,not_reached_due_to_pilot_failure,"[0.1481721022353128, 0.15130122696359127, 0.1496423405728941]",0.0031291247282784,False,True,0.0016228966186838,True,False,False,0.1481721022353128,0
dgp4_N50_T50_r00002_truth1-0-2,4,50,50,2,"(1,0,2)",False,0.1278111093176657,rank_selection_numerically_unresolved,H,,,,,,,,,,,,,1.0,,,,,,,not_reached_due_to_pilot_failure,"[0.1481721022353128, 0.15130122696359127, 0.1496423405728941]",0.0031291247282784,False,True,0.0016228966186838,True,False,False,0.1481721022353128,2
dgp4_N50_T50_r00000_truth1-1-1,4,50,50,0,"(1,1,1)",False,0.1278111093176657,rank_selection_numerically_unresolved,A,,,,,,,,,,,,,,,,,,,,not_reached_due_to_pilot_failure,"[0.8534698637918016, 0.885029554646428, 0.8385527286138041]",0.0464768260326238,False,True,0.0061458833012408,True,False,False,0.8385527286138041,1
dgp4_N50_T50_r00000_truth1-1-1,4,50,50,0,"(1,1,1)",False,0.1278111093176657,rank_selection_numerically_unresolved,B,,,,,,,,,,,,,,,,,,,,not_reached_due_to_pilot_failure,"[0.8534698637918016, 0.885029554646428, 0.8385527286138041]",0.0464768260326238,False,True,0.0061458833012408,True,False,False,0.8385527286138041,1
dgp4_N50_T50_r00000_truth1-1-1,4,50,50,0,"(1,1,1)",False,0.1278111093176657,rank_selection_numerically_unresolved,H,,,,,,,,,,,,,1.0,,,,,,,not_reached_due_to_pilot_failure,"[0.8534698637918016, 0.885029554646428, 0.8385527286138041]",0.0464768260326238,False,True,0.0061458833012408,True,False,False,0.8385527286138041,1
dgp4_N50_T50_r00001_truth1-1-1,4,50,50,1,"(1,1,1)",False,0.1278111093176657,rank_selection_numerically_unresolved,A,,,,,,,,,,,,,,,,,,,,not_reached_due_to_pilot_failure,"[0.7984531068844383, 0.815721262524109, 0.8121694764350316]",0.0172681556396707,False,True,0.003563599495295,True,False,False,0.7984531068844383,1
dgp4_N50_T50_r00001_truth1-1-1,4,50,50,1,"(1,1,1)",False,0.1278111093176657,rank_selection_numerically_unresolved,B,,,,,,,,,,,,,,,,,,,,not_reached_due_to_pilot_failure,"[0.7984531068844383, 0.815721262524109, 0.8121694764350316]",0.0172681556396707,False,True,0.003563599495295,True,False,False,0.7984531068844383,1
dgp4_N50_T50_r00001_truth1-1-1,4,50,50,1,"(1,1,1)",False,0.1278111093176657,rank_selection_numerically_unresolved,H,,,,,,,,,,,,,1.0,,,,,,,not_reached_due_to_pilot_failure,"[0.7984531068844383, 0.815721262524109, 0.8121694764350316]",0.0172681556396707,False,True,0.003563599495295,True,False,False,0.7984531068844383,1
dgp4_N50_T50_r00002_truth1-1-1,4,50,50,2,"(1,1,1)",False,0.1278111093176657,rank_selection_numerically_unresolved,A,,,,,,,,,,,,,,,,,,,,not_reached_due_to_pilot_failure,"[0.7088560019236295, 0.703731378713133, 0.6862256358967127]",0.0226303660269168,False,True,0.0005347122025569,True,False,False,0.6862256358967127,1
dgp4_N50_T50_r00002_truth1-1-1,4,50,50,2,"(1,1,1)",False,0.1278111093176657,rank_selection_numerically_unresolved,B,,,,,,,,,,,,,,,,,,,,not_reached_due_to_pilot_failure,"[0.7088560019236295, 0.703731378713133, 0.6862256358967127]",0.0226303660269168,False,True,0.0005347122025569,True,False,False,0.6862256358967127,1
dgp4_N50_T50_r00002_truth1-1-1,4,50,50,2,"(1,1,1)",False,0.1278111093176657,rank_selection_numerically_unresolved,H,,,,,,,,,,,,,1.0,,,,,,,not_reached_due_to_pilot_failure,"[0.7088560019236295, 0.703731378713133, 0.6862256358967127]",0.0226303660269168,False,True,0.0005347122025569,True,False,False,0.6862256358967127,1
dgp4_N50_T50_r00000_truth2-1-1,4,50,50,0,"(2,1,1)",False,0.1278111093176657,rank_selection_numerically_unresolved,A,,,,,,,,,,,,,,,,,,,,not_reached_due_to_pilot_failure,"[0.10073323743174052, 0.10418198662948175, 0.10216312014344582]",0.0034487491977412,False,True,0.0004927101006773,True,False,False,0.1007332374317405,2
dgp4_N50_T50_r00000_truth2-1-1,4,50,50,0,"(2,1,1)",False,0.1278111093176657,rank_selection_numerically_unresolved,B,,,,,,,,,,,,,,,,,,,,not_reached_due_to_pilot_failure,"[0.10073323743174052, 0.10418198662948175, 0.10216312014344582]",0.0034487491977412,False,True,0.0004927101006773,True,False,False,0.1007332374317405,1
dgp4_N50_T50_r00000_truth2-1-1,4,50,50,0,"(2,1,1)",False,0.1278111093176657,rank_selection_numerically_unresolved,H,,,,,,,,,,,,,1.0,,,,,,,not_reached_due_to_pilot_failure,"[0.10073323743174052, 0.10418198662948175, 0.10216312014344582]",0.0034487491977412,False,True,0.0004927101006773,True,False,False,0.1007332374317405,1
dgp4_N50_T50_r00001_truth2-1-1,4,50,50,1,"(2,1,1)",False,0.1278111093176657,rank_selection_numerically_unresolved,A,,,,,,,,,,,,,,,,,,,,not_reached_due_to_pilot_failure,"[0.1115022381851097, 0.11297682616452893, 0.11261621367606767]",0.0014745879794192,False,True,0.0009793476359851,True,False,False,0.1115022381851097,2
dgp4_N50_T50_r00001_truth2-1-1,4,50,50,1,"(2,1,1)",False,0.1278111093176657,rank_selection_numerically_unresolved,B,,,,,,,,,,,,,,,,,,,,not_reached_due_to_pilot_failure,"[0.1115022381851097, 0.11297682616452893, 0.11261621367606767]",0.0014745879794192,False,True,0.0009793476359851,True,False,False,0.1115022381851097,1
dgp4_N50_T50_r00001_truth2-1-1,4,50,50,1,"(2,1,1)",False,0.1278111093176657,rank_selection_numerically_unresolved,H,,,,,,,,,,,,,1.0,,,,,,,not_reached_due_to_pilot_failure,"[0.1115022381851097, 0.11297682616452893, 0.11261621367606767]",0.0014745879794192,False,True,0.0009793476359851,True,False,False,0.1115022381851097,1
dgp4_N50_T50_r00002_truth2-1-1,4,50,50,2,"(2,1,1)",False,0.1278111093176657,rank_selection_numerically_unresolved,A,,,,,,,,,,,,,,,,,,,,not_reached_due_to_pilot_failure,"[0.10443213294074184, 0.10285137519996783, 0.10417710495560213]",0.001580757740774,False,True,0.0005165583084932,True,False,False,0.1028513751999678,2
dgp4_N50_T50_r00002_truth2-1-1,4,50,50,2,"(2,1,1)",False,0.1278111093176657,rank_selection_numerically_unresolved,B,,,,,,,,,,,,,,,,,,,,not_reached_due_to_pilot_failure,"[0.10443213294074184, 0.10285137519996783, 0.10417710495560213]",0.001580757740774,False,True,0.0005165583084932,True,False,False,0.1028513751999678,1
dgp4_N50_T50_r00002_truth2-1-1,4,50,50,2,"(2,1,1)",False,0.1278111093176657,rank_selection_numerically_unresolved,H,,,,,,,,,,,,,1.0,,,,,,,not_reached_due_to_pilot_failure,"[0.10443213294074184, 0.10285137519996783, 0.10417710495560213]",0.001580757740774,False,True,0.0005165583084932,True,False,False,0.1028513751999678,1
dgp4_N100_T100_r00000_truth1-0-2,4,100,100,0,"(1,0,2)",False,0.1085736204758129,rank_selection_numerically_unresolved,A,,,,,,,,,,,,,,,,,,,,not_reached_due_to_pilot_failure,"[0.27160675344597873, 0.2695055792515328, 0.26847386290339975]",0.0031328905425789,False,True,0.0001807399989129,True,False,False,0.2684738629033997,1
dgp4_N100_T100_r00000_truth1-0-2,4,100,100,0,"(1,0,2)",False,0.1085736204758129,rank_selection_numerically_unresolved,B,,,,,,,,,,,,,,,,,,,,not_reached_due_to_pilot_failure,"[0.27160675344597873, 0.2695055792515328, 0.26847386290339975]",0.0031328905425789,False,True,0.0001807399989129,True,False,False,0.2684738629033997,0
dgp4_N100_T100_r00000_truth1-0-2,4,100,100,0,"(1,0,2)",False,0.1085736204758129,rank_selection_numerically_unresolved,H,,,,,,,,,,,,,1.0,,,,,,,not_reached_due_to_pilot_failure,"[0.27160675344597873, 0.2695055792515328, 0.26847386290339975]",0.0031328905425789,False,True,0.0001807399989129,True,False,False,0.2684738629033997,2
dgp4_N100_T100_r00001_truth1-0-2,4,100,100,1,"(1,0,2)",False,0.1085736204758129,rank_selection_numerically_unresolved,A,,,,,,,,,,,,,,,,,,,,not_reached_due_to_pilot_failure,"[0.284033676623368, 0.28491525350494695, 0.2846620586729871]",0.0008815768815789,False,True,3.414086551970498e-05,False,False,False,0.284033676623368,1
dgp4_N100_T100_r00001_truth1-0-2,4,100,100,1,"(1,0,2)",False,0.1085736204758129,rank_selection_numerically_unresolved,B,,,,,,,,,,,,,,,,,,,,not_reached_due_to_pilot_failure,"[0.284033676623368, 0.28491525350494695, 0.2846620586729871]",0.0008815768815789,False,True,3.414086551970498e-05,False,False,False,0.284033676623368,0
dgp4_N100_T100_r00001_truth1-0-2,4,100,100,1,"(1,0,2)",False,0.1085736204758129,rank_selection_numerically_unresolved,H,,,,,,,,,,,,,1.0,,,,,,,not_reached_due_to_pilot_failure,"[0.284033676623368, 0.28491525350494695, 0.2846620586729871]",0.0008815768815789,False,True,3.414086551970498e-05,False,False,False,0.284033676623368,2
dgp4_N100_T100_r00002_truth1-0-2,4,100,100,2,"(1,0,2)",False,0.1085736204758129,rank_selection_numerically_unresolved,A,,,,,,,,,,,,,,,,,,,,not_reached_due_to_pilot_failure,"[0.3029740510435506, 0.3007258001181921, 0.3020516414447665]",0.0022482509253584,False,True,8.607982827607716e-05,False,False,False,0.3007258001181921,1
dgp4_N100_T100_r00002_truth1-0-2,4,100,100,2,"(1,0,2)",False,0.1085736204758129,rank_selection_numerically_unresolved,B,,,,,,,,,,,,,,,,,,,,not_reached_due_to_pilot_failure,"[0.3029740510435506, 0.3007258001181921, 0.3020516414447665]",0.0022482509253584,False,True,8.607982827607716e-05,False,False,False,0.3007258001181921,0
dgp4_N100_T100_r00002_truth1-0-2,4,100,100,2,"(1,0,2)",False,0.1085736204758129,rank_selection_numerically_unresolved,H,,,,,,,,,,,,,1.0,,,,,,,not_reached_due_to_pilot_failure,"[0.3029740510435506, 0.3007258001181921, 0.3020516414447665]",0.0022482509253584,False,True,8.607982827607716e-05,False,False,False,0.3007258001181921,2
dgp4_N100_T100_r00000_truth1-1-1,4,100,100,0,"(1,1,1)",False,0.1085736204758129,rank_selection_numerically_unresolved,A,,,,,,,,,,,,,,,,,,,,not_reached_due_to_pilot_failure,"[1.1549924467684485, 1.1481502800991539, 1.1439641926720272]",0.0110282540964212,False,True,1.618358302940593e-05,False,False,False,1.1439641926720272,1
dgp4_N100_T100_r00000_truth1-1-1,4,100,100,0,"(1,1,1)",False,0.1085736204758129,rank_selection_numerically_unresolved,B,,,,,,,,,,,,,,,,,,,,not_reached_due_to_pilot_failure,"[1.1549924467684485, 1.1481502800991539, 1.1439641926720272]",0.0110282540964212,False,True,1.618358302940593e-05,False,False,False,1.1439641926720272,1
dgp4_N100_T100_r00000_truth1-1-1,4,100,100,0,"(1,1,1)",False,0.1085736204758129,rank_selection_numerically_unresolved,H,,,,,,,,,,,,,1.0,,,,,,,not_reached_due_to_pilot_failure,"[1.1549924467684485, 1.1481502800991539, 1.1439641926720272]",0.0110282540964212,False,True,1.618358302940593e-05,False,False,False,1.1439641926720272,1
dgp4_N100_T100_r00001_truth1-1-1,4,100,100,1,"(1,1,1)",False,0.1085736204758129,rank_selection_numerically_unresolved,A,,,,,,,,,,,,,,,,,,,,not_reached_due_to_pilot_failure,"[1.0912642327647357, 1.0865006302565934, 1.0827929855493514]",0.0084712472153842,False,True,0.0002322787046349,True,False,False,1.0827929855493514,1
dgp4_N100_T100_r00001_truth1-1-1,4,100,100,1,"(1,1,1)",False,0.1085736204758129,rank_selection_numerically_unresolved,B,,,,,,,,,,,,,,,,,,,,not_reached_due_to_pilot_failure,"[1.0912642327647357, 1.0865006302565934, 1.0827929855493514]",0.0084712472153842,False,True,0.0002322787046349,True,False,False,1.0827929855493514,1
dgp4_N100_T100_r00001_truth1-1-1,4,100,100,1,"(1,1,1)",False,0.1085736204758129,rank_selection_numerically_unresolved,H,,,,,,,,,,,,,1.0,,,,,,,not_reached_due_to_pilot_failure,"[1.0912642327647357, 1.0865006302565934, 1.0827929855493514]",0.0084712472153842,False,True,0.0002322787046349,True,False,False,1.0827929855493514,1
dgp4_N100_T100_r00002_truth1-1-1,4,100,100,2,"(1,1,1)",False,0.1085736204758129,rank_selection_numerically_unresolved,A,,,,,,,,,,,,,,,,,,,,not_reached_due_to_pilot_failure,"[1.149645329785179, 1.1554057526424684, 1.1521263406676576]",0.0057604228572893,False,True,0.0002652832242707,True,False,False,1.149645329785179,1
dgp4_N100_T100_r00002_truth1-1-1,4,100,100,2,"(1,1,1)",False,0.1085736204758129,rank_selection_numerically_unresolved,B,,,,,,,,,,,,,,,,,,,,not_reached_due_to_pilot_failure,"[1.149645329785179, 1.1554057526424684, 1.1521263406676576]",0.0057604228572893,False,True,0.0002652832242707,True,False,False,1.149645329785179,1
dgp4_N100_T100_r00002_truth1-1-1,4,100,100,2,"(1,1,1)",False,0.1085736204758129,rank_selection_numerically_unresolved,H,,,,,,,,,,,,,1.0,,,,,,,not_reached_due_to_pilot_failure,"[1.149645329785179, 1.1554057526424684, 1.1521263406676576]",0.0057604228572893,False,True,0.0002652832242707,True,False,False,1.149645329785179,1
dgp4_N100_T100_r00000_truth2-1-1,4,100,100,0,"(2,1,1)",False,0.1085736204758129,rank_selection_numerically_unresolved,A,,,,,,,,,,,,,,,,,,,,not_reached_due_to_pilot_failure,"[0.22024317813444605, 0.21999033772947488, 0.22003271448739284]",0.0002528404049711,False,True,6.008023092286243e-06,False,False,False,0.2199903377294748,2
dgp4_N100_T100_r00000_truth2-1-1,4,100,100,0,"(2,1,1)",False,0.1085736204758129,rank_selection_numerically_unresolved,B,,,,,,,,,,,,,,,,,,,,not_reached_due_to_pilot_failure,"[0.22024317813444605, 0.21999033772947488, 0.22003271448739284]",0.0002528404049711,False,True,6.008023092286243e-06,False,False,False,0.2199903377294748,1
dgp4_N100_T100_r00000_truth2-1-1,4,100,100,0,"(2,1,1)",False,0.1085736204758129,rank_selection_numerically_unresolved,H,,,,,,,,,,,,,1.0,,,,,,,not_reached_due_to_pilot_failure,"[0.22024317813444605, 0.21999033772947488, 0.22003271448739284]",0.0002528404049711,False,True,6.008023092286243e-06,False,False,False,0.2199903377294748,1
dgp4_N100_T100_r00001_truth2-1-1,4,100,100,1,"(2,1,1)",False,0.1085736204758129,rank_selection_numerically_unresolved,A,,,,,,,,,,,,,,,,,,,,not_reached_due_to_pilot_failure,"[0.21876661395962102, 0.21934962513674536, 0.21725956462597515]",0.0020900605107702,False,True,9.959379783088684e-07,False,False,False,0.2172595646259751,2
dgp4_N100_T100_r00001_truth2-1-1,4,100,100,1,"(2,1,1)",False,0.1085736204758129,rank_selection_numerically_unresolved,B,,,,,,,,,,,,,,,,,,,,not_reached_due_to_pilot_failure,"[0.21876661395962102, 0.21934962513674536, 0.21725956462597515]",0.0020900605107702,False,True,9.959379783088684e-07,False,False,False,0.2172595646259751,1
dgp4_N100_T100_r00001_truth2-1-1,4,100,100,1,"(2,1,1)",False,0.1085736204758129,rank_selection_numerically_unresolved,H,,,,,,,,,,,,,1.0,,,,,,,not_reached_due_to_pilot_failure,"[0.21876661395962102, 0.21934962513674536, 0.21725956462597515]",0.0020900605107702,False,True,9.959379783088684e-07,False,False,False,0.2172595646259751,1
dgp4_N100_T100_r00002_truth2-1-1,4,100,100,2,"(2,1,1)",False,0.1085736204758129,rank_selection_numerically_unresolved,A,,,,,,,,,,,,,,,,,,,,not_reached_due_to_pilot_failure,"[0.22120779048457853, 0.22107102680056906, 0.22105168096397243]",0.0001561095206061,False,True,7.986481029952193e-07,False,False,False,0.2210516809639724,2
dgp4_N100_T100_r00002_truth2-1-1,4,100,100,2,"(2,1,1)",False,0.1085736204758129,rank_selection_numerically_unresolved,B,,,,,,,,,,,,,,,,,,,,not_reached_due_to_pilot_failure,"[0.22120779048457853, 0.22107102680056906, 0.22105168096397243]",0.0001561095206061,False,True,7.986481029952193e-07,False,False,False,0.2210516809639724,1
dgp4_N100_T100_r00002_truth2-1-1,4,100,100,2,"(2,1,1)",False,0.1085736204758129,rank_selection_numerically_unresolved,H,,,,,,,,,,,,,1.0,,,,,,,not_reached_due_to_pilot_failure,"[0.22120779048457853, 0.22107102680056906, 0.22105168096397243]",0.0001561095206061,False,True,7.986481029952193e-07,False,False,False,0.2210516809639724,1
dgp4_N100_T200_r00000_truth1-0-2,4,100,200,0,"(1,0,2)",False,0.1009745299012281,rank_selection_numerically_unresolved,A,,,,,,,,,,,,,,,,,,,,not_reached_due_to_pilot_failure,"[0.3421234593775975, 0.3419556348151657, 0.34084371120374624]",0.0012797481738512,False,True,7.899261979889864e-05,False,False,False,0.3408437112037462,1
dgp4_N100_T200_r00000_truth1-0-2,4,100,200,0,"(1,0,2)",False,0.1009745299012281,rank_selection_numerically_unresolved,B,,,,,,,,,,,,,,,,,,,,not_reached_due_to_pilot_failure,"[0.3421234593775975, 0.3419556348151657, 0.34084371120374624]",0.0012797481738512,False,True,7.899261979889864e-05,False,False,False,0.3408437112037462,0
dgp4_N100_T200_r00000_truth1-0-2,4,100,200,0,"(1,0,2)",False,0.1009745299012281,rank_selection_numerically_unresolved,H,,,,,,,,,,,,,1.0,,,,,,,not_reached_due_to_pilot_failure,"[0.3421234593775975, 0.3419556348151657, 0.34084371120374624]",0.0012797481738512,False,True,7.899261979889864e-05,False,False,False,0.3408437112037462,2
dgp4_N100_T200_r00001_truth1-0-2,4,100,200,1,"(1,0,2)",False,0.1009745299012281,rank_selection_numerically_unresolved,A,,,,,,,,,,,,,,,,,,,,not_reached_due_to_pilot_failure,"[0.3221673018908029, 0.3226761649086093, 0.322307833096293]",0.0005088630178063,False,True,1.6955515792212746e-05,False,False,False,0.3221673018908029,1
dgp4_N100_T200_r00001_truth1-0-2,4,100,200,1,"(1,0,2)",False,0.1009745299012281,rank_selection_numerically_unresolved,B,,,,,,,,,,,,,,,,,,,,not_reached_due_to_pilot_failure,"[0.3221673018908029, 0.3226761649086093, 0.322307833096293]",0.0005088630178063,False,True,1.6955515792212746e-05,False,False,False,0.3221673018908029,0
dgp4_N100_T200_r00001_truth1-0-2,4,100,200,1,"(1,0,2)",False,0.1009745299012281,rank_selection_numerically_unresolved,H,,,,,,,,,,,,,1.0,,,,,,,not_reached_due_to_pilot_failure,"[0.3221673018908029, 0.3226761649086093, 0.322307833096293]",0.0005088630178063,False,True,1.6955515792212746e-05,False,False,False,0.3221673018908029,2
dgp4_N100_T200_r00002_truth1-0-2,4,100,200,2,"(1,0,2)",False,0.1009745299012281,rank_selection_numerically_unresolved,A,,,,,,,,,,,,,,,,,,,,not_reached_due_to_pilot_failure,"[0.34542927969027526, 0.34484335461554033, 0.34527075157567094]",0.0005859250747349,False,True,2.3164696270692854e-06,False,False,False,0.3448433546155403,1
dgp4_N100_T200_r00002_truth1-0-2,4,100,200,2,"(1,0,2)",False,0.1009745299012281,rank_selection_numerically_unresolved,B,,,,,,,,,,,,,,,,,,,,not_reached_due_to_pilot_failure,"[0.34542927969027526, 0.34484335461554033, 0.34527075157567094]",0.0005859250747349,False,True,2.3164696270692854e-06,False,False,False,0.3448433546155403,0
dgp4_N100_T200_r00002_truth1-0-2,4,100,200,2,"(1,0,2)",False,0.1009745299012281,rank_selection_numerically_unresolved,H,,,,,,,,,,,,,1.0,,,,,,,not_reached_due_to_pilot_failure,"[0.34542927969027526, 0.34484335461554033, 0.34527075157567094]",0.0005859250747349,False,True,2.3164696270692854e-06,False,False,False,0.3448433546155403,2
dgp4_N100_T200_r00000_truth1-1-1,4,100,200,0,"(1,1,1)",False,0.1009745299012281,rank_selection_numerically_unresolved,A,,,,,,,,,,,,,,,,,,,,not_reached_due_to_pilot_failure,"[1.3211703970565654, 1.3212196548750965, 1.3208918040726059]",0.0003278508024906,False,True,4.039147051761298e-05,True,False,False,1.320891804072606,1
dgp4_N100_T200_r00000_truth1-1-1,4,100,200,0,"(1,1,1)",False,0.1009745299012281,rank_selection_numerically_unresolved,B,,,,,,,,,,,,,,,,,,,,not_reached_due_to_pilot_failure,"[1.3211703970565654, 1.3212196548750965, 1.3208918040726059]",0.0003278508024906,False,True,4.039147051761298e-05,True,False,False,1.320891804072606,1
dgp4_N100_T200_r00000_truth1-1-1,4,100,200,0,"(1,1,1)",False,0.1009745299012281,rank_selection_numerically_unresolved,H,,,,,,,,,,,,,1.0,,,,,,,not_reached_due_to_pilot_failure,"[1.3211703970565654, 1.3212196548750965, 1.3208918040726059]",0.0003278508024906,False,True,4.039147051761298e-05,True,False,False,1.320891804072606,1
dgp4_N100_T200_r00001_truth1-1-1,4,100,200,1,"(1,1,1)",False,0.1009745299012281,rank_selection_numerically_unresolved,A,,,,,,,,,,,,,,,,,,,,not_reached_due_to_pilot_failure,"[1.2251350894014903, 1.2257798393405797, 1.2238952010127462]",0.0018846383278334,False,True,1.1417454941828976e-05,False,False,False,1.2238952010127462,1
dgp4_N100_T200_r00001_truth1-1-1,4,100,200,1,"(1,1,1)",False,0.1009745299012281,rank_selection_numerically_unresolved,B,,,,,,,,,,,,,,,,,,,,not_reached_due_to_pilot_failure,"[1.2251350894014903, 1.2257798393405797, 1.2238952010127462]",0.0018846383278334,False,True,1.1417454941828976e-05,False,False,False,1.2238952010127462,1
dgp4_N100_T200_r00001_truth1-1-1,4,100,200,1,"(1,1,1)",False,0.1009745299012281,rank_selection_numerically_unresolved,H,,,,,,,,,,,,,1.0,,,,,,,not_reached_due_to_pilot_failure,"[1.2251350894014903, 1.2257798393405797, 1.2238952010127462]",0.0018846383278334,False,True,1.1417454941828976e-05,False,False,False,1.2238952010127462,1
dgp4_N100_T200_r00002_truth1-1-1,4,100,200,2,"(1,1,1)",False,0.1009745299012281,rank_selection_numerically_unresolved,A,,,,,,,,,,,,,,,,,,,,not_reached_due_to_pilot_failure,"[1.3707165954449463, 1.3705073756515558, 1.3689518214626586]",0.0017647739822876,False,True,8.309292983391551e-05,True,False,False,1.3689518214626586,1
dgp4_N100_T200_r00002_truth1-1-1,4,100,200,2,"(1,1,1)",False,0.1009745299012281,rank_selection_numerically_unresolved,B,,,,,,,,,,,,,,,,,,,,not_reached_due_to_pilot_failure,"[1.3707165954449463, 1.3705073756515558, 1.3689518214626586]",0.0017647739822876,False,True,8.309292983391551e-05,True,False,False,1.3689518214626586,1
dgp4_N100_T200_r00002_truth1-1-1,4,100,200,2,"(1,1,1)",False,0.1009745299012281,rank_selection_numerically_unresolved,H,,,,,,,,,,,,,1.0,,,,,,,not_reached_due_to_pilot_failure,"[1.3707165954449463, 1.3705073756515558, 1.3689518214626586]",0.0017647739822876,False,True,8.309292983391551e-05,True,False,False,1.3689518214626586,1
dgp4_N100_T200_r00000_truth2-1-1,4,100,200,0,"(2,1,1)",False,0.1009745299012281,rank_selection_numerically_unresolved,A,,,,,,,,,,,,,,,,,,,,not_reached_due_to_pilot_failure,"[0.23942144450657807, 0.2400590397645698, 0.23935005815160193]",0.0007089816129678,False,True,7.292334482931095e-06,False,False,False,0.2393500581516019,2
dgp4_N100_T200_r00000_truth2-1-1,4,100,200,0,"(2,1,1)",False,0.1009745299012281,rank_selection_numerically_unresolved,B,,,,,,,,,,,,,,,,,,,,not_reached_due_to_pilot_failure,"[0.23942144450657807, 0.2400590397645698, 0.23935005815160193]",0.0007089816129678,False,True,7.292334482931095e-06,False,False,False,0.2393500581516019,1
dgp4_N100_T200_r00000_truth2-1-1,4,100,200,0,"(2,1,1)",False,0.1009745299012281,rank_selection_numerically_unresolved,H,,,,,,,,,,,,,1.0,,,,,,,not_reached_due_to_pilot_failure,"[0.23942144450657807, 0.2400590397645698, 0.23935005815160193]",0.0007089816129678,False,True,7.292334482931095e-06,False,False,False,0.2393500581516019,1
dgp4_N100_T200_r00001_truth2-1-1,4,100,200,1,"(2,1,1)",False,0.1009745299012281,rank_selection_numerically_unresolved,A,,,,,,,,,,,,,,,,,,,,not_reached_due_to_pilot_failure,"[0.22928703621895297, 0.22881366324811497, 0.22813069932209745]",0.0011563368968555,False,True,3.6829924092923424e-06,False,False,False,0.2281306993220974,2
dgp4_N100_T200_r00001_truth2-1-1,4,100,200,1,"(2,1,1)",False,0.1009745299012281,rank_selection_numerically_unresolved,B,,,,,,,,,,,,,,,,,,,,not_reached_due_to_pilot_failure,"[0.22928703621895297, 0.22881366324811497, 0.22813069932209745]",0.0011563368968555,False,True,3.6829924092923424e-06,False,False,False,0.2281306993220974,1
dgp4_N100_T200_r00001_truth2-1-1,4,100,200,1,"(2,1,1)",False,0.1009745299012281,rank_selection_numerically_unresolved,H,,,,,,,,,,,,,1.0,,,,,,,not_reached_due_to_pilot_failure,"[0.22928703621895297, 0.22881366324811497, 0.22813069932209745]",0.0011563368968555,False,True,3.6829924092923424e-06,False,False,False,0.2281306993220974,1
dgp4_N100_T200_r00002_truth2-1-1,4,100,200,2,"(2,1,1)",False,0.1009745299012281,rank_selection_numerically_unresolved,A,,,,,,,,,,,,,,,,,,,,not_reached_due_to_pilot_failure,"[0.22782577155249442, 0.2272305977078585, 0.22638057007084467]",0.0014452014816497,False,True,4.853174158321887e-06,False,False,False,0.2263805700708446,2
dgp4_N100_T200_r00002_truth2-1-1,4,100,200,2,"(2,1,1)",False,0.1009745299012281,rank_selection_numerically_unresolved,B,,,,,,,,,,,,,,,,,,,,not_reached_due_to_pilot_failure,"[0.22782577155249442, 0.2272305977078585, 0.22638057007084467]",0.0014452014816497,False,True,4.853174158321887e-06,False,False,False,0.2263805700708446,1
dgp4_N100_T200_r00002_truth2-1-1,4,100,200,2,"(2,1,1)",False,0.1009745299012281,rank_selection_numerically_unresolved,H,,,,,,,,,,,,,1.0,,,,,,,not_reached_due_to_pilot_failure,"[0.22782577155249442, 0.2272305977078585, 0.22638057007084467]",0.0014452014816497,False,True,4.853174158321887e-06,False,False,False,0.2263805700708446,1
dgp4_N200_T100_r00000_truth1-0-2,4,200,100,0,"(1,0,2)",False,0.1009745299012281,rank_selection_numerically_unresolved,A,,,,,,,,,,,,,,,,,,,,not_reached_due_to_pilot_failure,"[0.352116881093732, 0.3519887099889816, 0.35233489809833735]",0.0003461881093557,False,True,1.4012303595458167e-06,False,False,False,0.3519887099889816,1
dgp4_N200_T100_r00000_truth1-0-2,4,200,100,0,"(1,0,2)",False,0.1009745299012281,rank_selection_numerically_unresolved,B,,,,,,,,,,,,,,,,,,,,not_reached_due_to_pilot_failure,"[0.352116881093732, 0.3519887099889816, 0.35233489809833735]",0.0003461881093557,False,True,1.4012303595458167e-06,False,False,False,0.3519887099889816,0
dgp4_N200_T100_r00000_truth1-0-2,4,200,100,0,"(1,0,2)",False,0.1009745299012281,rank_selection_numerically_unresolved,H,,,,,,,,,,,,,1.0,,,,,,,not_reached_due_to_pilot_failure,"[0.352116881093732, 0.3519887099889816, 0.35233489809833735]",0.0003461881093557,False,True,1.4012303595458167e-06,False,False,False,0.3519887099889816,2
dgp4_N200_T100_r00001_truth1-0-2,4,200,100,1,"(1,0,2)",False,0.1009745299012281,rank_selection_numerically_unresolved,A,,,,,,,,,,,,,,,,,,,,not_reached_due_to_pilot_failure,"[0.34300553448486243, 0.3418602547838331, 0.3426869756708488]",0.0011452797010293,False,True,4.260882338313485e-06,False,False,False,0.3418602547838331,1
dgp4_N200_T100_r00001_truth1-0-2,4,200,100,1,"(1,0,2)",False,0.1009745299012281,rank_selection_numerically_unresolved,B,,,,,,,,,,,,,,,,,,,,not_reached_due_to_pilot_failure,"[0.34300553448486243, 0.3418602547838331, 0.3426869756708488]",0.0011452797010293,False,True,4.260882338313485e-06,False,False,False,0.3418602547838331,0
dgp4_N200_T100_r00001_truth1-0-2,4,200,100,1,"(1,0,2)",False,0.1009745299012281,rank_selection_numerically_unresolved,H,,,,,,,,,,,,,1.0,,,,,,,not_reached_due_to_pilot_failure,"[0.34300553448486243, 0.3418602547838331, 0.3426869756708488]",0.0011452797010293,False,True,4.260882338313485e-06,False,False,False,0.3418602547838331,2
dgp4_N200_T100_r00002_truth1-0-2,4,200,100,2,"(1,0,2)",False,0.1009745299012281,rank_selection_numerically_unresolved,A,,,,,,,,,,,,,,,,,,,,not_reached_due_to_pilot_failure,"[0.32893623043215137, 0.33031490153023546, 0.32936027409317914]",0.001378671098084,False,True,0.0008632075201147,True,False,False,0.3289362304321513,1
dgp4_N200_T100_r00002_truth1-0-2,4,200,100,2,"(1,0,2)",False,0.1009745299012281,rank_selection_numerically_unresolved,B,,,,,,,,,,,,,,,,,,,,not_reached_due_to_pilot_failure,"[0.32893623043215137, 0.33031490153023546, 0.32936027409317914]",0.001378671098084,False,True,0.0008632075201147,True,False,False,0.3289362304321513,0
dgp4_N200_T100_r00002_truth1-0-2,4,200,100,2,"(1,0,2)",False,0.1009745299012281,rank_selection_numerically_unresolved,H,,,,,,,,,,,,,1.0,,,,,,,not_reached_due_to_pilot_failure,"[0.32893623043215137, 0.33031490153023546, 0.32936027409317914]",0.001378671098084,False,True,0.0008632075201147,True,False,False,0.3289362304321513,2
dgp4_N200_T100_r00000_truth1-1-1,4,200,100,0,"(1,1,1)",False,0.1009745299012281,rank_selection_numerically_unresolved,A,,,,,,,,,,,,,,,,,,,,not_reached_due_to_pilot_failure,"[1.4068263763195974, 1.4056307863297446, 1.404687707882844]",0.0021386684367534,False,True,5.132511361760744e-05,True,False,False,1.404687707882844,1
dgp4_N200_T100_r00000_truth1-1-1,4,200,100,0,"(1,1,1)",False,0.1009745299012281,rank_selection_numerically_unresolved,B,,,,,,,,,,,,,,,,,,,,not_reached_due_to_pilot_failure,"[1.4068263763195974, 1.4056307863297446, 1.404687707882844]",0.0021386684367534,False,True,5.132511361760744e-05,True,False,False,1.404687707882844,1
dgp4_N200_T100_r00000_truth1-1-1,4,200,100,0,"(1,1,1)",False,0.1009745299012281,rank_selection_numerically_unresolved,H,,,,,,,,,,,,,1.0,,,,,,,not_reached_due_to_pilot_failure,"[1.4068263763195974, 1.4056307863297446, 1.404687707882844]",0.0021386684367534,False,True,5.132511361760744e-05,True,False,False,1.404687707882844,1
dgp4_N200_T100_r00001_truth1-1-1,4,200,100,1,"(1,1,1)",False,0.1009745299012281,rank_selection_numerically_unresolved,A,,,,,,,,,,,,,,,,,,,,not_reached_due_to_pilot_failure,"[1.4554385708243172, 1.4568856058924513, 1.4571538184434925]",0.0017152476191752,False,True,4.5073730862688085e-05,True,False,False,1.4554385708243172,1
dgp4_N200_T100_r00001_truth1-1-1,4,200,100,1,"(1,1,1)",False,0.1009745299012281,rank_selection_numerically_unresolved,B,,,,,,,,,,,,,,,,,,,,not_reached_due_to_pilot_failure,"[1.4554385708243172, 1.4568856058924513, 1.4571538184434925]",0.0017152476191752,False,True,4.5073730862688085e-05,True,False,False,1.4554385708243172,1
dgp4_N200_T100_r00001_truth1-1-1,4,200,100,1,"(1,1,1)",False,0.1009745299012281,rank_selection_numerically_unresolved,H,,,,,,,,,,,,,1.0,,,,,,,not_reached_due_to_pilot_failure,"[1.4554385708243172, 1.4568856058924513, 1.4571538184434925]",0.0017152476191752,False,True,4.5073730862688085e-05,True,False,False,1.4554385708243172,1
dgp4_N200_T100_r00002_truth1-1-1,4,200,100,2,"(1,1,1)",False,0.1009745299012281,rank_selection_numerically_unresolved,A,,,,,,,,,,,,,,,,,,,,not_reached_due_to_pilot_failure,"[1.4114117150063081, 1.412259109748384, 1.4119693183135997]",0.0008473947420759,False,True,5.775040805953652e-05,True,False,False,1.411411715006308,1
dgp4_N200_T100_r00002_truth1-1-1,4,200,100,2,"(1,1,1)",False,0.1009745299012281,rank_selection_numerically_unresolved,B,,,,,,,,,,,,,,,,,,,,not_reached_due_to_pilot_failure,"[1.4114117150063081, 1.412259109748384, 1.4119693183135997]",0.0008473947420759,False,True,5.775040805953652e-05,True,False,False,1.411411715006308,1
dgp4_N200_T100_r00002_truth1-1-1,4,200,100,2,"(1,1,1)",False,0.1009745299012281,rank_selection_numerically_unresolved,H,,,,,,,,,,,,,1.0,,,,,,,not_reached_due_to_pilot_failure,"[1.4114117150063081, 1.412259109748384, 1.4119693183135997]",0.0008473947420759,False,True,5.775040805953652e-05,True,False,False,1.411411715006308,1
dgp4_N200_T100_r00000_truth2-1-1,4,200,100,0,"(2,1,1)",False,0.1009745299012281,rank_selection_numerically_unresolved,A,,,,,,,,,,,,,,,,,,,,not_reached_due_to_pilot_failure,"[0.2585811548483676, 0.2570402909887778, 0.25782306012210476]",0.0015408638595897,False,True,2.275041948478236e-06,False,False,False,0.2570402909887778,2
dgp4_N200_T100_r00000_truth2-1-1,4,200,100,0,"(2,1,1)",False,0.1009745299012281,rank_selection_numerically_unresolved,B,,,,,,,,,,,,,,,,,,,,not_reached_due_to_pilot_failure,"[0.2585811548483676, 0.2570402909887778, 0.25782306012210476]",0.0015408638595897,False,True,2.275041948478236e-06,False,False,False,0.2570402909887778,1
dgp4_N200_T100_r00000_truth2-1-1,4,200,100,0,"(2,1,1)",False,0.1009745299012281,rank_selection_numerically_unresolved,H,,,,,,,,,,,,,1.0,,,,,,,not_reached_due_to_pilot_failure,"[0.2585811548483676, 0.2570402909887778, 0.25782306012210476]",0.0015408638595897,False,True,2.275041948478236e-06,False,False,False,0.2570402909887778,1
dgp4_N200_T100_r00001_truth2-1-1,4,200,100,1,"(2,1,1)",False,0.1009745299012281,rank_selection_numerically_unresolved,A,,,,,,,,,,,,,,,,,,,,not_reached_due_to_pilot_failure,"[0.24369860029203483, 0.24452551491862254, 0.24334863010274244]",0.0011768848158801,False,True,1.2834200816539475e-06,False,False,False,0.2433486301027424,2
dgp4_N200_T100_r00001_truth2-1-1,4,200,100,1,"(2,1,1)",False,0.1009745299012281,rank_selection_numerically_unresolved,B,,,,,,,,,,,,,,,,,,,,not_reached_due_to_pilot_failure,"[0.24369860029203483, 0.24452551491862254, 0.24334863010274244]",0.0011768848158801,False,True,1.2834200816539475e-06,False,False,False,0.2433486301027424,1
dgp4_N200_T100_r00001_truth2-1-1,4,200,100,1,"(2,1,1)",False,0.1009745299012281,rank_selection_numerically_unresolved,H,,,,,,,,,,,,,1.0,,,,,,,not_reached_due_to_pilot_failure,"[0.24369860029203483, 0.24452551491862254, 0.24334863010274244]",0.0011768848158801,False,True,1.2834200816539475e-06,False,False,False,0.2433486301027424,1
dgp4_N200_T100_r00002_truth2-1-1,4,200,100,2,"(2,1,1)",False,0.1009745299012281,rank_selection_numerically_unresolved,A,,,,,,,,,,,,,,,,,,,,not_reached_due_to_pilot_failure,"[0.2519077439852426, 0.2515051984258627, 0.25236086813412123]",0.0008556697082585,False,True,2.665997527466242e-06,False,False,False,0.2515051984258627,2
dgp4_N200_T100_r00002_truth2-1-1,4,200,100,2,"(2,1,1)",False,0.1009745299012281,rank_selection_numerically_unresolved,B,,,,,,,,,,,,,,,,,,,,not_reached_due_to_pilot_failure,"[0.2519077439852426, 0.2515051984258627, 0.25236086813412123]",0.0008556697082585,False,True,2.665997527466242e-06,False,False,False,0.2515051984258627,1
dgp4_N200_T100_r00002_truth2-1-1,4,200,100,2,"(2,1,1)",False,0.1009745299012281,rank_selection_numerically_unresolved,H,,,,,,,,,,,,,1.0,,,,,,,not_reached_due_to_pilot_failure,"[0.2519077439852426, 0.2515051984258627, 0.25236086813412123]",0.0008556697082585,False,True,2.665997527466242e-06,False,False,False,0.2515051984258627,1
dgp4_N200_T200_r00000_truth1-0-2,4,200,200,0,"(1,0,2)",False,0.0943695829088774,rank_selection_numerically_unresolved,A,,,,,,,,,,,,,,,,,,,,not_reached_due_to_pilot_failure,"[0.3843353995989551, 0.3839651555947719, 0.38451050764378614]",0.0005453520490142,False,True,5.363851721991328e-06,False,False,False,0.3839651555947719,1
dgp4_N200_T200_r00000_truth1-0-2,4,200,200,0,"(1,0,2)",False,0.0943695829088774,rank_selection_numerically_unresolved,B,,,,,,,,,,,,,,,,,,,,not_reached_due_to_pilot_failure,"[0.3843353995989551, 0.3839651555947719, 0.38451050764378614]",0.0005453520490142,False,True,5.363851721991328e-06,False,False,False,0.3839651555947719,0
dgp4_N200_T200_r00000_truth1-0-2,4,200,200,0,"(1,0,2)",False,0.0943695829088774,rank_selection_numerically_unresolved,H,,,,,,,,,,,,,1.0,,,,,,,not_reached_due_to_pilot_failure,"[0.3843353995989551, 0.3839651555947719, 0.38451050764378614]",0.0005453520490142,False,True,5.363851721991328e-06,False,False,False,0.3839651555947719,2
dgp4_N200_T200_r00001_truth1-0-2,4,200,200,1,"(1,0,2)",False,0.0943695829088774,rank_selection_numerically_unresolved,A,,,,,,,,,,,,,,,,,,,,not_reached_due_to_pilot_failure,"[0.3890854723649286, 0.38915857404018983, 0.38914021605716587]",7.310167526125566e-05,False,True,6.547752221539511e-06,False,False,False,0.3890854723649286,1
dgp4_N200_T200_r00001_truth1-0-2,4,200,200,1,"(1,0,2)",False,0.0943695829088774,rank_selection_numerically_unresolved,B,,,,,,,,,,,,,,,,,,,,not_reached_due_to_pilot_failure,"[0.3890854723649286, 0.38915857404018983, 0.38914021605716587]",7.310167526125566e-05,False,True,6.547752221539511e-06,False,False,False,0.3890854723649286,0
dgp4_N200_T200_r00001_truth1-0-2,4,200,200,1,"(1,0,2)",False,0.0943695829088774,rank_selection_numerically_unresolved,H,,,,,,,,,,,,,1.0,,,,,,,not_reached_due_to_pilot_failure,"[0.3890854723649286, 0.38915857404018983, 0.38914021605716587]",7.310167526125566e-05,False,True,6.547752221539511e-06,False,False,False,0.3890854723649286,2
dgp4_N200_T200_r00002_truth1-0-2,4,200,200,2,"(1,0,2)",False,0.0943695829088774,rank_selection_numerically_unresolved,A,,,,,,,,,,,,,,,,,,,,not_reached_due_to_pilot_failure,"[0.38985648318976773, 0.38894991078222946, 0.3886707665171809]",0.0011857166725868,False,True,5.739659303859716e-06,False,False,False,0.3886707665171809,1
dgp4_N200_T200_r00002_truth1-0-2,4,200,200,2,"(1,0,2)",False,0.0943695829088774,rank_selection_numerically_unresolved,B,,,,,,,,,,,,,,,,,,,,not_reached_due_to_pilot_failure,"[0.38985648318976773, 0.38894991078222946, 0.3886707665171809]",0.0011857166725868,False,True,5.739659303859716e-06,False,False,False,0.3886707665171809,0
dgp4_N200_T200_r00002_truth1-0-2,4,200,200,2,"(1,0,2)",False,0.0943695829088774,rank_selection_numerically_unresolved,H,,,,,,,,,,,,,1.0,,,,,,,not_reached_due_to_pilot_failure,"[0.38985648318976773, 0.38894991078222946, 0.3886707665171809]",0.0011857166725868,False,True,5.739659303859716e-06,False,False,False,0.3886707665171809,2
dgp4_N200_T200_r00000_truth1-1-1,4,200,200,0,"(1,1,1)",False,0.0943695829088774,rank_selection_numerically_unresolved,A,,,,,,,,,,,,,,,,,,,,not_reached_due_to_pilot_failure,"[1.5550299992549397, 1.5569658716361126, 1.559773719822702]",0.0047437205677622,False,True,0.0007999212289899,False,False,False,1.5550299992549397,1
dgp4_N200_T200_r00000_truth1-1-1,4,200,200,0,"(1,1,1)",False,0.0943695829088774,rank_selection_numerically_unresolved,B,,,,,,,,,,,,,,,,,,,,not_reached_due_to_pilot_failure,"[1.5550299992549397, 1.5569658716361126, 1.559773719822702]",0.0047437205677622,False,True,0.0007999212289899,False,False,False,1.5550299992549397,1
dgp4_N200_T200_r00000_truth1-1-1,4,200,200,0,"(1,1,1)",False,0.0943695829088774,rank_selection_numerically_unresolved,H,,,,,,,,,,,,,1.0,,,,,,,not_reached_due_to_pilot_failure,"[1.5550299992549397, 1.5569658716361126, 1.559773719822702]",0.0047437205677622,False,True,0.0007999212289899,False,False,False,1.5550299992549397,1
dgp4_N200_T200_r00001_truth1-1-1,4,200,200,1,"(1,1,1)",False,0.0943695829088774,rank_selection_numerically_unresolved,A,,,,,,,,,,,,,,,,,,,,not_reached_due_to_pilot_failure,"[1.5664934636817611, 1.5664077590624852, 1.568467731952804]",0.0020599728903187,False,True,0.0001066555379291,True,False,False,1.5664077590624852,1
dgp4_N200_T200_r00001_truth1-1-1,4,200,200,1,"(1,1,1)",False,0.0943695829088774,rank_selection_numerically_unresolved,B,,,,,,,,,,,,,,,,,,,,not_reached_due_to_pilot_failure,"[1.5664934636817611, 1.5664077590624852, 1.568467731952804]",0.0020599728903187,False,True,0.0001066555379291,True,False,False,1.5664077590624852,1
dgp4_N200_T200_r00001_truth1-1-1,4,200,200,1,"(1,1,1)",False,0.0943695829088774,rank_selection_numerically_unresolved,H,,,,,,,,,,,,,1.0,,,,,,,not_reached_due_to_pilot_failure,"[1.5664934636817611, 1.5664077590624852, 1.568467731952804]",0.0020599728903187,False,True,0.0001066555379291,True,False,False,1.5664077590624852,1
dgp4_N200_T200_r00002_truth1-1-1,4,200,200,2,"(1,1,1)",False,0.0943695829088774,rank_selection_numerically_unresolved,A,,,,,,,,,,,,,,,,,,,,not_reached_due_to_pilot_failure,"[1.5465406555744237, 1.5470549783718286, 1.5461636956567808]",0.0008912827150477,False,True,4.3159768306908717e-07,False,False,False,1.5461636956567808,1
dgp4_N200_T200_r00002_truth1-1-1,4,200,200,2,"(1,1,1)",False,0.0943695829088774,rank_selection_numerically_unresolved,B,,,,,,,,,,,,,,,,,,,,not_reached_due_to_pilot_failure,"[1.5465406555744237, 1.5470549783718286, 1.5461636956567808]",0.0008912827150477,False,True,4.3159768306908717e-07,False,False,False,1.5461636956567808,1
dgp4_N200_T200_r00002_truth1-1-1,4,200,200,2,"(1,1,1)",False,0.0943695829088774,rank_selection_numerically_unresolved,H,,,,,,,,,,,,,1.0,,,,,,,not_reached_due_to_pilot_failure,"[1.5465406555744237, 1.5470549783718286, 1.5461636956567808]",0.0008912827150477,False,True,4.3159768306908717e-07,False,False,False,1.5461636956567808,1
dgp4_N200_T200_r00000_truth2-1-1,4,200,200,0,"(2,1,1)",False,0.0943695829088774,rank_selection_numerically_unresolved,A,,,,,,,,,,,,,,,,,,,,not_reached_due_to_pilot_failure,"[0.2740694856985076, 0.2741444372459135, 0.27438127837225684]",0.0003117926737492,False,True,5.045175520424837e-07,False,False,False,0.2740694856985076,2
dgp4_N200_T200_r00000_truth2-1-1,4,200,200,0,"(2,1,1)",False,0.0943695829088774,rank_selection_numerically_unresolved,B,,,,,,,,,,,,,,,,,,,,not_reached_due_to_pilot_failure,"[0.2740694856985076, 0.2741444372459135, 0.27438127837225684]",0.0003117926737492,False,True,5.045175520424837e-07,False,False,False,0.2740694856985076,1
dgp4_N200_T200_r00000_truth2-1-1,4,200,200,0,"(2,1,1)",False,0.0943695829088774,rank_selection_numerically_unresolved,H,,,,,,,,,,,,,1.0,,,,,,,not_reached_due_to_pilot_failure,"[0.2740694856985076, 0.2741444372459135, 0.27438127837225684]",0.0003117926737492,False,True,5.045175520424837e-07,False,False,False,0.2740694856985076,1
dgp4_N200_T200_r00001_truth2-1-1,4,200,200,1,"(2,1,1)",False,0.0943695829088774,rank_selection_numerically_unresolved,A,,,,,,,,,,,,,,,,,,,,not_reached_due_to_pilot_failure,"[0.28103054646428577, 0.28123189083007333, 0.28109366609591097]",0.0002013443657875,False,True,3.07597183692775e-06,False,False,False,0.2810305464642857,2
dgp4_N200_T200_r00001_truth2-1-1,4,200,200,1,"(2,1,1)",False,0.0943695829088774,rank_selection_numerically_unresolved,B,,,,,,,,,,,,,,,,,,,,not_reached_due_to_pilot_failure,"[0.28103054646428577, 0.28123189083007333, 0.28109366609591097]",0.0002013443657875,False,True,3.07597183692775e-06,False,False,False,0.2810305464642857,1
dgp4_N200_T200_r00001_truth2-1-1,4,200,200,1,"(2,1,1)",False,0.0943695829088774,rank_selection_numerically_unresolved,H,,,,,,,,,,,,,1.0,,,,,,,not_reached_due_to_pilot_failure,"[0.28103054646428577, 0.28123189083007333, 0.28109366609591097]",0.0002013443657875,False,True,3.07597183692775e-06,False,False,False,0.2810305464642857,1
dgp4_N200_T200_r00002_truth2-1-1,4,200,200,2,"(2,1,1)",False,0.0943695829088774,rank_selection_numerically_unresolved,A,,,,,,,,,,,,,,,,,,,,not_reached_due_to_pilot_failure,"[0.2827493769917177, 0.282293011666121, 0.28299856470038587]",0.0007055530342648,False,True,1.1860268631774056e-06,False,False,False,0.282293011666121,2
dgp4_N200_T200_r00002_truth2-1-1,4,200,200,2,"(2,1,1)",False,0.0943695829088774,rank_selection_numerically_unresolved,B,,,,,,,,,,,,,,,,,,,,not_reached_due_to_pilot_failure,"[0.2827493769917177, 0.282293011666121, 0.28299856470038587]",0.0007055530342648,False,True,1.1860268631774056e-06,False,False,False,0.282293011666121,1
dgp4_N200_T200_r00002_truth2-1-1,4,200,200,2,"(2,1,1)",False,0.0943695829088774,rank_selection_numerically_unresolved,H,,,,,,,,,,,,,1.0,,,,,,,not_reached_due_to_pilot_failure,"[0.2827493769917177, 0.282293011666121, 0.28299856470038587]",0.0007055530342648,False,True,1.1860268631774056e-06,False,False,False,0.282293011666121,1
