record_type,run_id,semantic_replication_id,dgp,N,T,replication,method,target,primary_status,target_tangent_norm,target_supported,riesz_iterations,riesz_residual,riesz_converged,riesz_target_rayleigh_quotient,tangent_gram_min_eigenvalue,tangent_gram_max_eigenvalue,tangent_gram_condition_number,variance_estimate,standard_error,interval_length,estimate_finite,standard_error_finite,phi_full,phi_time_sum,phi_unit_sum,phi_corrected,true_target_projection_ratio,true_entry_unit_leverage_scaled,true_entry_time_leverage_scaled,target_applicability,headline_theorem_target,dgp_realization_hash,time_split_0_status,time_split_1_status,unit_split_0_status,unit_split_1_status
inference_diagnostic,b867e9855af0a3ac,dgp1_N50_T50_r00003_truth1-1-1,1,50,50,3,fixed_rank,A_entry,success,0.1844368277650638,True,67,9.200875308234961e-09,True,5.122132209402681,0.18458294667786787,22.26777243543471,120.63829750370267,0.010517210837550875,0.10255345356228075,0.4020021509445424,True,True,0.4307292241344678,,,0.4307292241344678,0.15201475867070594,0.7608467256056991,0.40067465709766864,theorem_covered,True,67b3f9028ad66f677b71fe9f03e6982e2af1a6f7f48540b487ed98fb1958abcd,,,,
inference_diagnostic,b867e9855af0a3ac,dgp1_N50_T50_r00003_truth1-1-1,1,50,50,3,fixed_rank,B_entry,success,0.21120704244304317,True,72,7.828087978756889e-09,True,0.3837057013205809,0.18458294667786787,22.26777243543471,120.63829750370267,0.23043073774803485,0.480032017419708,1.8816909311374632,True,True,0.5241238036717546,,,0.5241238036717546,0.1738792963798538,0.892466950278498,0.6304873170600718,entry_leverage_requires_author_choice,False,67b3f9028ad66f677b71fe9f03e6982e2af1a6f7f48540b487ed98fb1958abcd,,,,
inference_diagnostic,b867e9855af0a3ac,dgp1_N50_T50_r00003_truth1-1-1,1,50,50,3,fixed_rank,A_fixed_time_mean,success,0.1361974356531002,True,63,9.117485996813407e-09,True,6.961376624651583,0.18458294667786787,22.26777243543471,120.63829750370267,0.005889091225804587,0.0767404145532495,0.30081689736608486,True,True,0.3824408934571301,,,0.3824408934571301,0.994475064258902,,,theorem_covered,True,67b3f9028ad66f677b71fe9f03e6982e2af1a6f7f48540b487ed98fb1958abcd,,,,
inference_diagnostic,b867e9855af0a3ac,dgp1_N50_T50_r00003_truth1-1-1,1,50,50,3,fixed_rank,B_fixed_time_mean,success,0.1262532362778761,True,70,9.051096951419708e-09,True,0.8975197100714959,0.18458294667786787,22.26777243543471,120.63829750370267,0.05451762070160118,0.23349008694503753,0.9152643223187988,True,True,1.019374523108566,,,1.019374523108566,0.9444209272563087,,,theorem_covered,True,67b3f9028ad66f677b71fe9f03e6982e2af1a6f7f48540b487ed98fb1958abcd,,,,
inference_diagnostic,b867e9855af0a3ac,dgp1_N50_T50_r00003_truth1-1-1,1,50,50,3,fixed_rank,A_full_mean,split_fit_failure,0.019918138922815194,True,72,7.4455351704304e-09,True,1.176020275770401,0.18458294667786787,22.26777243543471,120.63829750370267,0.0006027273373568434,0.0245505058472701,0.09623621452577881,True,True,0.491486593063015,0.4797779987447931,0.497789406004094,0.49689237444015794,0.9998042153496232,,,theorem_covered,True,67b3f9028ad66f677b71fe9f03e6982e2af1a6f7f48540b487ed98fb1958abcd,success,success,success,success
inference_diagnostic,b867e9855af0a3ac,dgp1_N50_T50_r00003_truth1-1-1,1,50,50,3,fixed_rank,B_full_mean,split_fit_failure,0.019535890010194717,True,74,8.530296384204132e-09,True,0.6054716903607843,0.18458294667786787,22.26777243543471,120.63829750370267,0.003801200338727156,0.06165387529366792,0.24167875016582593,True,True,0.633104798846307,0.6187283346428707,0.5902259352284844,0.6903601266675659,0.9932376819422609,,,theorem_covered,True,67b3f9028ad66f677b71fe9f03e6982e2af1a6f7f48540b487ed98fb1958abcd,success,success,success,success
inference_diagnostic,b867e9855af0a3ac,dgp1_N50_T50_r00003_truth1-1-1,1,50,50,3,fixed_rank,A_G1_fixed_time,success,0.14084683861580294,True,65,9.768198658551181e-09,True,6.968449524364175,0.18458294667786787,22.26777243543471,120.63829750370267,0.006332894675513031,0.07957948652456254,0.31194585499266625,True,True,0.39347152079253395,,,0.39347152079253395,0.7172709221124497,,,theorem_covered,True,67b3f9028ad66f677b71fe9f03e6982e2af1a6f7f48540b487ed98fb1958abcd,,,,
inference_diagnostic,b867e9855af0a3ac,dgp1_N50_T50_r00003_truth1-1-1,1,50,50,3,fixed_rank,A_G2_fixed_time,success,0.13312611191343127,True,65,8.644958572075685e-09,True,6.512550920947602,0.18458294667786787,22.26777243543471,120.63829750370267,0.005664260045001415,0.0752612785235636,0.295018790673245,True,True,0.37141026612172634,,,0.37141026612172634,0.6948184983594908,,,theorem_covered,True,67b3f9028ad66f677b71fe9f03e6982e2af1a6f7f48540b487ed98fb1958abcd,,,,
inference_diagnostic,b867e9855af0a3ac,dgp1_N50_T50_r00003_truth1-1-1,1,50,50,3,fixed_rank,A_G2_minus_G1_fixed_time,success,0.03036151064399623,True,69,7.919288811707334e-09,True,2.878444901954503,0.18458294667786787,22.26777243543471,120.63829750370267,0.00043794448675138313,0.02092712323161937,0.08203281566801086,True,True,-0.02206125467080759,,,-0.02206125467080759,0.09093771460639707,,,weak_target_stress_outside_assumption9,False,67b3f9028ad66f677b71fe9f03e6982e2af1a6f7f48540b487ed98fb1958abcd,,,,
inference_diagnostic,b867e9855af0a3ac,dgp1_N50_T50_r00003_truth1-1-1,1,50,50,3,fixed_rank,A_G1_time_average,split_fit_failure,0.027469443640567543,True,71,7.727099806243615e-09,True,1.9111847733757314,0.18458294667786787,22.26777243543471,120.63829750370267,0.000978190300431521,0.03127603396262897,0.12259980029200866,True,True,0.5056623926210011,0.49066223458925207,0.500566799306525,0.5257581439672263,0.9913368699243088,,,theorem_covered,True,67b3f9028ad66f677b71fe9f03e6982e2af1a6f7f48540b487ed98fb1958abcd,success,success,success,success
inference_diagnostic,b867e9855af0a3ac,dgp1_N50_T50_r00003_truth1-1-1,1,50,50,3,fixed_rank,A_G2_time_average,split_fit_failure,0.02738255245069362,True,72,6.7862305677639686e-09,True,1.3383016896483326,0.18458294667786787,22.26777243543471,120.63829750370267,0.0011044077130230557,0.03323263024533351,0.13026951678478035,True,True,0.47731079350502914,0.46889376290033424,0.4950120127016629,0.4680266049130903,0.9907685289568811,,,theorem_covered,True,67b3f9028ad66f677b71fe9f03e6982e2af1a6f7f48540b487ed98fb1958abcd,success,success,success,success
inference_diagnostic,b867e9855af0a3ac,dgp1_N50_T50_r00003_truth1-1-1,1,50,50,3,fixed_rank,A_G2_minus_G1_time_average,split_fit_failure,0.037707028425485144,True,70,6.9674488693764995e-09,True,2.863133940168695,0.18458294667786787,22.26777243543471,120.63829750370267,0.0017542866668660206,0.04188420545821564,0.1641830684383572,True,True,-0.028351599115972043,-0.02176847168891783,-0.005554786604862158,-0.057731539054136145,0.9822232936618026,,,theorem_covered,True,67b3f9028ad66f677b71fe9f03e6982e2af1a6f7f48540b487ed98fb1958abcd,success,success,success,success
inference_diagnostic,b867e9855af0a3ac,dgp1_N50_T50_r00003_truth1-1-1,1,50,50,3,fixed_rank,B_G1_fixed_time,success,0.133510117592359,True,69,9.200067061027962e-09,True,0.8837337307601602,0.18458294667786787,22.26777243543471,120.63829750370267,0.05933837893776338,0.24359470219560067,0.9548736862562747,True,True,1.0549034438418838,,,1.0549034438418838,0.6704050603653307,,,theorem_covered,True,67b3f9028ad66f677b71fe9f03e6982e2af1a6f7f48540b487ed98fb1958abcd,,,,
inference_diagnostic,b867e9855af0a3ac,dgp1_N50_T50_r00003_truth1-1-1,1,50,50,3,fixed_rank,B_G2_fixed_time,success,0.12536319248036645,True,70,9.12867020001712e-09,True,0.8899073889880988,0.18458294667786787,22.26777243543471,120.63829750370267,0.05446005447477566,0.2333667810010149,0.9147809719000707,True,True,0.9838456023752481,,,0.9838456023752481,0.6746160461394966,,,theorem_covered,True,67b3f9028ad66f677b71fe9f03e6982e2af1a6f7f48540b487ed98fb1958abcd,,,,
inference_diagnostic,b867e9855af0a3ac,dgp1_N50_T50_r00003_truth1-1-1,1,50,50,3,fixed_rank,B_G2_minus_G1_fixed_time,success,0.05763891371496369,True,73,9.61508700223344e-09,True,0.725766130002184,0.18458294667786787,22.26777243543471,120.63829750370267,0.009526384021664586,0.09760319677994458,0.3825975009293343,True,True,-0.07105784146663564,,,-0.07105784146663564,0.11233372971936678,,,weak_target_stress_outside_assumption9,False,67b3f9028ad66f677b71fe9f03e6982e2af1a6f7f48540b487ed98fb1958abcd,,,,
inference_diagnostic,b867e9855af0a3ac,dgp1_N50_T50_r00003_truth1-1-1,1,50,50,3,fixed_rank,B_G1_time_average,split_fit_failure,0.026453426219589453,True,73,9.032352828312206e-09,True,0.6373891631326644,0.18458294667786787,22.26777243543471,120.63829750370267,0.006731392348100186,0.08204506291118428,0.3216107368304883,True,True,0.6551708106056551,0.6255937409178493,0.5998557144545369,0.7400629764445792,0.9650553542390056,,,theorem_covered,True,67b3f9028ad66f677b71fe9f03e6982e2af1a6f7f48540b487ed98fb1958abcd,success,success,success,success
inference_diagnostic,b867e9855af0a3ac,dgp1_N50_T50_r00003_truth1-1-1,1,50,50,3,fixed_rank,B_G2_time_average,split_fit_failure,0.026272655104334568,True,73,9.90218453507065e-09,True,0.6675716638297681,0.18458294667786787,22.26777243543471,120.63829750370267,0.00677184131579594,0.08229119828873523,0.32257556978113033,True,True,0.6110387870869587,0.6118629283678925,0.5805961560024318,0.6406572768905519,0.9654212871086832,,,theorem_covered,True,67b3f9028ad66f677b71fe9f03e6982e2af1a6f7f48540b487ed98fb1958abcd,success,success,success,success
inference_diagnostic,b867e9855af0a3ac,dgp1_N50_T50_r00003_truth1-1-1,1,50,50,3,fixed_rank,B_G2_minus_G1_time_average,split_fit_failure,0.03540435476055815,True,73,9.944459510715043e-09,True,0.7240961465749446,0.18458294667786787,22.26777243543471,120.63829750370267,0.011801665992581173,0.1086354729937748,0.42584322902254457,True,True,-0.04413202351869632,-0.013730812549956763,-0.01925955845210512,-0.09940569955402709,0.9364021601416406,,,theorem_covered,True,67b3f9028ad66f677b71fe9f03e6982e2af1a6f7f48540b487ed98fb1958abcd,success,success,success,success
inference_diagnostic,b867e9855af0a3ac,dgp1_N50_T50_r00004_truth1-1-1,1,50,50,4,fixed_rank,A_entry,success,0.2021538589818258,True,90,9.327288034399043e-09,True,1.501890350380231,0.10906335524816657,33.67408516167888,308.75709889041735,0.012875492259600255,0.11347022631333849,0.44479511378350517,True,True,0.553374880839073,,,0.553374880839073,0.2176679385099783,1.0198722526837916,1.377185383259147,theorem_covered,True,33dd02dca6cb6561052f2690ad45ef239ce14390894585434045c8d5364227d9,,,,
inference_diagnostic,b867e9855af0a3ac,dgp1_N50_T50_r00004_truth1-1-1,1,50,50,4,fixed_rank,B_entry,success,0.24312147201404116,True,91,8.337281483063342e-09,True,0.8095292956565538,0.10906335524816657,33.67408516167888,308.75709889041735,0.09928993284828004,0.31510305115672876,1.2351812633717412,True,True,1.2676656535040243,,,1.2676656535040243,0.24699821296690463,0.9229309405090546,2.1674836748647843,entry_leverage_requires_author_choice,False,33dd02dca6cb6561052f2690ad45ef239ce14390894585434045c8d5364227d9,,,,
inference_diagnostic,b867e9855af0a3ac,dgp1_N50_T50_r00004_truth1-1-1,1,50,50,4,fixed_rank,A_fixed_time_mean,success,0.13896810021105113,True,90,8.68532023194176e-09,True,0.9680886214892975,0.10906335524816657,33.67408516167888,308.75709889041735,0.005475328194786773,0.07399546063635777,0.290056875733425,True,True,0.5520059455504186,,,0.5520059455504186,0.9954116973727525,,,theorem_covered,True,33dd02dca6cb6561052f2690ad45ef239ce14390894585434045c8d5364227d9,,,,
inference_diagnostic,b867e9855af0a3ac,dgp1_N50_T50_r00004_truth1-1-1,1,50,50,4,fixed_rank,B_fixed_time_mean,success,0.12617499805051313,True,95,8.671432879324888e-09,True,0.6444482363152969,0.10906335524816657,33.67408516167888,308.75709889041735,0.03723389476116538,0.19296086328881662,0.7563926849436753,True,True,1.0216129243260152,,,1.0216129243260152,0.9425681107327527,,,theorem_covered,True,33dd02dca6cb6561052f2690ad45ef239ce14390894585434045c8d5364227d9,,,,
inference_diagnostic,b867e9855af0a3ac,dgp1_N50_T50_r00004_truth1-1-1,1,50,50,4,fixed_rank,A_full_mean,success,0.019966333124540027,True,94,8.961064888859486e-09,True,0.7491978264701382,0.10906335524816657,33.67408516167888,308.75709889041735,0.000556712692404194,0.023594759850530243,0.09248975906182189,True,True,0.5016706590563957,0.49516546767920544,0.5116836388935515,0.4981628705964303,0.9998386832893814,,,theorem_covered,True,33dd02dca6cb6561052f2690ad45ef239ce14390894585434045c8d5364227d9,success,success,success,success
inference_diagnostic,b867e9855af0a3ac,dgp1_N50_T50_r00004_truth1-1-1,1,50,50,4,fixed_rank,B_full_mean,success,0.019586395261039034,True,97,7.52294051854653e-09,True,0.6102712540696748,0.10906335524816657,33.67408516167888,308.75709889041735,0.0030654048147667925,0.05536609806340693,0.21703111633758082,True,True,0.6867541950417025,0.6415576992205158,0.659045638564205,0.7596592473403869,0.9943217776246794,,,theorem_covered,True,33dd02dca6cb6561052f2690ad45ef239ce14390894585434045c8d5364227d9,success,success,success,success
inference_diagnostic,b867e9855af0a3ac,dgp1_N50_T50_r00004_truth1-1-1,1,50,50,4,fixed_rank,A_G1_fixed_time,success,0.1396956992649939,True,91,7.967145331266919e-09,True,0.9774837225225087,0.10906335524816657,33.67408516167888,308.75709889041735,0.005569364829994354,0.07462817718525862,0.2925370790299613,True,True,0.5485556083168506,,,0.5485556083168506,0.7148088173548424,,,theorem_covered,True,33dd02dca6cb6561052f2690ad45ef239ce14390894585434045c8d5364227d9,,,,
inference_diagnostic,b867e9855af0a3ac,dgp1_N50_T50_r00004_truth1-1-1,1,50,50,4,fixed_rank,A_G2_fixed_time,success,0.14137462152858657,True,91,8.353830554264248e-09,True,0.9884280026674803,0.10906335524816657,33.67408516167888,308.75709889041735,0.00574523113826059,0.07579730297484595,0.2971199679119375,True,True,0.5554562827839866,,,0.5554562827839866,0.7123480262171988,,,theorem_covered,True,33dd02dca6cb6561052f2690ad45ef239ce14390894585434045c8d5364227d9,,,,
inference_diagnostic,b867e9855af0a3ac,dgp1_N50_T50_r00004_truth1-1-1,1,50,50,4,fixed_rank,A_G2_minus_G1_fixed_time,success,0.041890482282953695,True,91,7.766856223534403e-09,True,2.159735236946201,0.10906335524816657,33.67408516167888,308.75709889041735,0.000727879156795491,0.02697923565995692,0.10575666044786856,True,True,0.006900674467136195,,,0.006900674467136195,0.16597261387729792,,,weak_target_stress_outside_assumption9,False,33dd02dca6cb6561052f2690ad45ef239ce14390894585434045c8d5364227d9,,,,
inference_diagnostic,b867e9855af0a3ac,dgp1_N50_T50_r00004_truth1-1-1,1,50,50,4,fixed_rank,A_G1_time_average,success,0.027566808553718392,True,94,6.677020310767242e-09,True,0.8416853632957908,0.10906335524816657,33.67408516167888,308.75709889041735,0.0009315036280920785,0.030520544361005073,0.11963833547225396,True,True,0.4985349447259913,0.4778022186779226,0.5142710502950097,0.5035315652050417,0.991346441500074,,,theorem_covered,True,33dd02dca6cb6561052f2690ad45ef239ce14390894585434045c8d5364227d9,success,success,success,success
inference_diagnostic,b867e9855af0a3ac,dgp1_N50_T50_r00004_truth1-1-1,1,50,50,4,fixed_rank,A_G2_time_average,success,0.02758354602449984,True,94,9.411011043268963e-09,True,1.286680712424566,0.10906335524816657,33.67408516167888,308.75709889041735,0.000948541595980637,0.030798402490724044,0.12072751932637564,True,True,0.5048063733868003,0.5125287166804884,0.5090962274920935,0.49279417598781905,0.9912840257150838,,,theorem_covered,True,33dd02dca6cb6561052f2690ad45ef239ce14390894585434045c8d5364227d9,success,success,success,success
inference_diagnostic,b867e9855af0a3ac,dgp1_N50_T50_r00004_truth1-1-1,1,50,50,4,fixed_rank,A_G2_minus_G1_time_average,success,0.03803871786069698,True,91,7.743852315087929e-09,True,2.173964611838956,0.10906335524816657,33.67408516167888,308.75709889041735,0.0015332396801226301,0.039156604553033325,0.15349106936164483,True,True,0.006271428660808938,0.03472649800256579,-0.005174822802916338,-0.010737389217222637,0.9827178608893428,,,theorem_covered,True,33dd02dca6cb6561052f2690ad45ef239ce14390894585434045c8d5364227d9,success,success,success,success
inference_diagnostic,b867e9855af0a3ac,dgp1_N50_T50_r00004_truth1-1-1,1,50,50,4,fixed_rank,B_G1_fixed_time,success,0.13260936610181334,True,94,7.86344782748194e-09,True,0.6617725501235873,0.10906335524816657,33.67408516167888,308.75709889041735,0.03948574607556639,0.19871020626924624,0.7789296952964958,True,True,1.053081375484164,,,1.053081375484164,0.701441636821887,,,theorem_covered,True,33dd02dca6cb6561052f2690ad45ef239ce14390894585434045c8d5364227d9,,,,
inference_diagnostic,b867e9855af0a3ac,dgp1_N50_T50_r00004_truth1-1-1,1,50,50,4,fixed_rank,B_G2_fixed_time,success,0.12534620571144015,True,95,9.796927147072339e-09,True,0.6260425666107808,0.10906335524816657,33.67408516167888,308.75709889041735,0.03973176851639658,0.19932829331631918,0.7813525519996432,True,True,0.9901444731678666,,,0.9901444731678666,0.6637376922994842,,,theorem_covered,True,33dd02dca6cb6561052f2690ad45ef239ce14390894585434045c8d5364227d9,,,,
inference_diagnostic,b867e9855af0a3ac,dgp1_N50_T50_r00004_truth1-1-1,1,50,50,4,fixed_rank,B_G2_minus_G1_fixed_time,success,0.0539750868102207,True,94,7.763666968762957e-09,True,0.6349980212495486,0.10906335524816657,33.67408516167888,308.75709889041735,0.009499450119536058,0.09746512258000838,0.382056260011196,True,True,-0.06293690231629746,,,-0.06293690231629746,0.21007962936968028,,,weak_target_stress_outside_assumption9,False,33dd02dca6cb6561052f2690ad45ef239ce14390894585434045c8d5364227d9,,,,
inference_diagnostic,b867e9855af0a3ac,dgp1_N50_T50_r00004_truth1-1-1,1,50,50,4,fixed_rank,B_G1_time_average,success,0.0266466934486366,True,95,6.140991332068548e-09,True,0.7108429776472487,0.10906335524816657,33.67408516167888,308.75709889041735,0.004992667201137838,0.0706588083761525,0.276977439215552,True,True,0.7079080883898912,0.6781950006732538,0.6703946228120642,0.7751346416843555,0.9738781318949087,,,theorem_covered,True,33dd02dca6cb6561052f2690ad45ef239ce14390894585434045c8d5364227d9,success,success,success,success
inference_diagnostic,b867e9855af0a3ac,dgp1_N50_T50_r00004_truth1-1-1,1,50,50,4,fixed_rank,B_G2_time_average,success,0.026505232458270717,True,97,6.5419379517876416e-09,True,0.5569024631586003,0.10906335524816657,33.67408516167888,308.75709889041735,0.007232609555057858,0.08504475030863373,0.3333692953582475,True,True,0.6656003016935141,0.6049203977677777,0.6476966543163456,0.7441838529964191,0.9711920485371212,,,theorem_covered,True,33dd02dca6cb6561052f2690ad45ef239ce14390894585434045c8d5364227d9,success,success,success,success
inference_diagnostic,b867e9855af0a3ac,dgp1_N50_T50_r00004_truth1-1-1,1,50,50,4,fixed_rank,B_G2_minus_G1_time_average,success,0.0359254745485505,True,94,8.6328129391314e-09,True,0.6271259266079777,0.10906335524816657,33.67408516167888,308.75709889041735,0.012188934275171717,0.11040350662534101,0.43277379350519524,True,True,-0.04230778669637716,-0.07327460290547619,-0.022697968495718535,-0.030950788687936742,0.9502509213182334,,,theorem_covered,True,33dd02dca6cb6561052f2690ad45ef239ce14390894585434045c8d5364227d9,success,success,success,success
inference_diagnostic,b867e9855af0a3ac,dgp1_N50_T50_r00005_truth1-1-1,1,50,50,5,fixed_rank,A_entry,success,0.18357569667177004,True,89,8.440849665493793e-09,True,1.009045054499909,0.2494888820083518,40.72477795970802,163.23283679769239,0.01571242780805784,0.12534922340428695,0.4913599267249353,True,True,0.43252427035580204,,,0.43252427035580204,0.20619121203258373,0.7875812239944849,1.3595750882206739,theorem_covered,True,be9cc050acbe752601ada9c4338c9c0208ae9befc72ddcac866f4f1f5703c3a5,,,,
inference_diagnostic,b867e9855af0a3ac,dgp1_N50_T50_r00005_truth1-1-1,1,50,50,5,fixed_rank,B_entry,success,0.2648209163003534,True,95,7.803194541173097e-09,True,0.5843513343638912,0.2494888820083518,40.72477795970802,163.23283679769239,0.21134334166259233,0.45972093889945054,1.8020729663637236,True,True,1.8138576782550648,,,1.8138576782550648,0.22627919653783693,0.4720099627263762,2.108003752012365,entry_leverage_requires_author_choice,False,be9cc050acbe752601ada9c4338c9c0208ae9befc72ddcac866f4f1f5703c3a5,,,,
inference_diagnostic,b867e9855af0a3ac,dgp1_N50_T50_r00005_truth1-1-1,1,50,50,5,fixed_rank,A_fixed_time_mean,success,0.13793913415423215,True,90,9.008173466832247e-09,True,0.4143252973068543,0.2494888820083518,40.72477795970802,163.23283679769239,0.008561394236924329,0.0925278025078102,0.3627023209678858,True,True,0.5315855990025119,,,0.5315855990025119,0.9954122404010747,,,theorem_covered,True,be9cc050acbe752601ada9c4338c9c0208ae9befc72ddcac866f4f1f5703c3a5,,,,
inference_diagnostic,b867e9855af0a3ac,dgp1_N50_T50_r00005_truth1-1-1,1,50,50,5,fixed_rank,B_fixed_time_mean,success,0.12101032587914651,True,93,9.098747178356035e-09,True,0.4522637467731333,0.2494888820083518,40.72477795970802,163.23283679769239,0.04989054283308266,0.22336190998709396,0.8755625981855631,True,True,1.1295307234926262,,,1.1295307234926262,0.9468870087733902,,,theorem_covered,True,be9cc050acbe752601ada9c4338c9c0208ae9befc72ddcac866f4f1f5703c3a5,,,,
inference_diagnostic,b867e9855af0a3ac,dgp1_N50_T50_r00005_truth1-1-1,1,50,50,5,fixed_rank,A_full_mean,split_fit_failure,0.019967882341197004,True,89,8.599745073437569e-09,True,0.8743574281657401,0.2494888820083518,40.72477795970802,163.23283679769239,0.0005436508242719049,0.023316320984921805,0.09139829876484444,True,True,0.4971899501669255,0.5101205909826445,0.48499915189259823,0.4964501076255339,0.9998857784023523,,,theorem_covered,True,be9cc050acbe752601ada9c4338c9c0208ae9befc72ddcac866f4f1f5703c3a5,success,success,success,success
inference_diagnostic,b867e9855af0a3ac,dgp1_N50_T50_r00005_truth1-1-1,1,50,50,5,fixed_rank,B_full_mean,split_fit_failure,0.019493665772959773,True,95,9.505905186777027e-09,True,0.6514408662305216,0.2494888820083518,40.72477795970802,163.23283679769239,0.0031482581790552673,0.05610934128160183,0.21994457621641214,True,True,0.7828631846478942,0.7432746063449887,0.7731293987773258,0.8321855488213681,0.9952295051712595,,,theorem_covered,True,be9cc050acbe752601ada9c4338c9c0208ae9befc72ddcac866f4f1f5703c3a5,success,success,success,success
inference_diagnostic,b867e9855af0a3ac,dgp1_N50_T50_r00005_truth1-1-1,1,50,50,5,fixed_rank,A_G1_fixed_time,success,0.13180815407093135,True,90,9.167930327393994e-09,True,0.4232567443988121,0.2494888820083518,40.72477795970802,163.23283679769239,0.007500315782364654,0.08660436352958582,0.33948286684400475,True,True,0.5009571823995448,,,0.5009571823995448,0.7073542416145463,,,theorem_covered,True,be9cc050acbe752601ada9c4338c9c0208ae9befc72ddcac866f4f1f5703c3a5,,,,
inference_diagnostic,b867e9855af0a3ac,dgp1_N50_T50_r00005_truth1-1-1,1,50,50,5,fixed_rank,A_G2_fixed_time,success,0.1471732961428875,True,90,7.79817457194497e-09,True,0.4177050089111329,0.2494888820083518,40.72477795970802,163.23283679769239,0.01007105384173106,0.10035464035973155,0.3933829615730871,True,True,0.562214015605479,,,0.562214015605479,0.7195593744073198,,,theorem_covered,True,be9cc050acbe752601ada9c4338c9c0208ae9befc72ddcac866f4f1f5703c3a5,,,,
inference_diagnostic,b867e9855af0a3ac,dgp1_N50_T50_r00005_truth1-1-1,1,50,50,5,fixed_rank,A_G2_minus_G1_fixed_time,success,0.044248369793924346,True,90,9.795098972057403e-09,True,1.2251082122500747,0.2494888820083518,40.72477795970802,163.23283679769239,0.0008971622903447477,0.02995266749965264,0.11741229908044513,True,True,0.061256833205934336,,,0.061256833205934336,0.16513687682421813,,,weak_target_stress_outside_assumption9,False,be9cc050acbe752601ada9c4338c9c0208ae9befc72ddcac866f4f1f5703c3a5,,,,
inference_diagnostic,b867e9855af0a3ac,dgp1_N50_T50_r00005_truth1-1-1,1,50,50,5,fixed_rank,A_G1_time_average,split_fit_failure,0.027751441863688518,True,88,7.91201165265826e-09,True,1.3264664558744736,0.2494888820083518,40.72477795970802,163.23283679769239,0.0008916261409381589,0.029860109526559993,0.1170494784929579,True,True,0.46854331084280587,0.4811770163921226,0.45753389627057917,0.4669190198657158,0.9937466023032702,,,theorem_covered,True,be9cc050acbe752601ada9c4338c9c0208ae9befc72ddcac866f4f1f5703c3a5,success,success,success,success
inference_diagnostic,b867e9855af0a3ac,dgp1_N50_T50_r00005_truth1-1-1,1,50,50,5,fixed_rank,A_G2_time_average,split_fit_failure,0.027853168497692277,True,89,8.298632594717015e-09,True,1.0694139966563843,0.2494888820083518,40.72477795970802,163.23283679769239,0.0010101177873431337,0.03178235024889024,0.124584523663725,True,True,0.5258365894910451,0.5390641655731665,0.5124644075146174,0.5259811953853513,0.9939652308691143,,,theorem_covered,True,be9cc050acbe752601ada9c4338c9c0208ae9befc72ddcac866f4f1f5703c3a5,success,success,success,success
inference_diagnostic,b867e9855af0a3ac,dgp1_N50_T50_r00005_truth1-1-1,1,50,50,5,fixed_rank,A_G2_minus_G1_time_average,split_fit_failure,0.038691313508092406,True,87,9.568961233000882e-09,True,2.5517009228530254,0.2494888820083518,40.72477795970802,163.23283679769239,0.0016288845637180928,0.04035944206400892,0.15820610576317676,True,True,0.05729327864823939,0.057887149181043845,0.05493051124403828,0.05906217551963605,0.9877892588577357,,,theorem_covered,True,be9cc050acbe752601ada9c4338c9c0208ae9befc72ddcac866f4f1f5703c3a5,success,success,success,success
inference_diagnostic,b867e9855af0a3ac,dgp1_N50_T50_r00005_truth1-1-1,1,50,50,5,fixed_rank,B_G1_fixed_time,success,0.13736225600404503,True,93,9.654488875108956e-09,True,0.4586000589530816,0.2494888820083518,40.72477795970802,163.23283679769239,0.06415551510751827,0.2532893900413483,0.9928761642943219,True,True,1.2647371400900869,,,1.2647371400900869,0.7091542470002049,,,theorem_covered,True,be9cc050acbe752601ada9c4338c9c0208ae9befc72ddcac866f4f1f5703c3a5,,,,
inference_diagnostic,b867e9855af0a3ac,dgp1_N50_T50_r00005_truth1-1-1,1,50,50,5,fixed_rank,B_G2_fixed_time,success,0.11038032356884883,True,92,7.357466468088248e-09,True,0.463461486394367,0.2494888820083518,40.72477795970802,163.23283679769239,0.0409661312096256,0.2024009170177487,0.7933970155853352,True,True,0.9943243068951655,,,0.9943243068951655,0.6611515103758012,,,theorem_covered,True,be9cc050acbe752601ada9c4338c9c0208ae9befc72ddcac866f4f1f5703c3a5,,,,
inference_diagnostic,b867e9855af0a3ac,dgp1_N50_T50_r00005_truth1-1-1,1,50,50,5,fixed_rank,B_G2_minus_G1_fixed_time,success,0.059417291539249774,True,95,9.316019105439692e-09,True,0.6544626311255505,0.2494888820083518,40.72477795970802,163.23283679769239,0.010681121339259147,0.10334951059032232,0.4051226371537453,True,True,-0.2704128331949214,,,-0.2704128331949214,0.20838919916063836,,,weak_target_stress_outside_assumption9,False,be9cc050acbe752601ada9c4338c9c0208ae9befc72ddcac866f4f1f5703c3a5,,,,
inference_diagnostic,b867e9855af0a3ac,dgp1_N50_T50_r00005_truth1-1-1,1,50,50,5,fixed_rank,B_G1_time_average,split_fit_failure,0.026853511067455437,True,92,9.732607534171107e-09,True,0.7590742821991618,0.2494888820083518,40.72477795970802,163.23283679769239,0.005269447714225175,0.07259096165656696,0.28455134089999856,True,True,0.876573009162472,0.837510055033981,0.8748068898382614,0.9174020826151738,0.9768535566959627,,,theorem_covered,True,be9cc050acbe752601ada9c4338c9c0208ae9befc72ddcac866f4f1f5703c3a5,success,success,success,success
inference_diagnostic,b867e9855af0a3ac,dgp1_N50_T50_r00005_truth1-1-1,1,50,50,5,fixed_rank,B_G2_time_average,split_fit_failure,0.0263847697651307,True,93,8.464908570582174e-09,True,0.6433912837598559,0.2494888820083518,40.72477795970802,163.23283679769239,0.006277626425025207,0.07923147370221766,0.31058166979675805,True,True,0.6891533601333166,0.6490391576559964,0.6714519077163903,0.7469690150275632,0.9737495020479104,,,theorem_covered,True,be9cc050acbe752601ada9c4338c9c0208ae9befc72ddcac866f4f1f5703c3a5,success,success,success,success
inference_diagnostic,b867e9855af0a3ac,dgp1_N50_T50_r00005_truth1-1-1,1,50,50,5,fixed_rank,B_G2_minus_G1_time_average,split_fit_failure,0.03625634073298573,True,93,9.123052133752858e-09,True,0.759299811463639,0.2494888820083518,40.72477795970802,163.23283679769239,0.010501115538494043,0.10247495078551656,0.40169442571425396,True,True,-0.18741964902915545,-0.18847089737798456,-0.2033549821218712,-0.17043306758761062,0.954960311219625,,,theorem_covered,True,be9cc050acbe752601ada9c4338c9c0208ae9befc72ddcac866f4f1f5703c3a5,success,success,success,success
inference_diagnostic,b867e9855af0a3ac,dgp2_N50_T50_r00003_truth1-1-1,2,50,50,3,fixed_rank,A_entry,success,0.12550387113649095,True,71,9.901127105467475e-09,True,2.399143042360115,0.28047411273804523,29.654977491685838,105.73160282846757,0.010183425329505984,0.10091295917525155,0.39557153111370763,True,True,0.15758231132249634,,,0.15758231132249634,0.17907253031718995,0.7067751841405667,0.9094286029355284,theorem_covered,True,4798e093f0b798bdf4b500d5634878b5a46a8c1d7def3f8d1eedd27805947fbe,,,,
inference_diagnostic,b867e9855af0a3ac,dgp2_N50_T50_r00003_truth1-1-1,2,50,50,3,fixed_rank,B_entry,success,0.19520569874097393,True,76,7.273522906978488e-09,True,0.7735683362147224,0.28047411273804523,29.654977491685838,105.73160282846757,0.1264802661461566,0.35564064186501043,1.3940856989882564,True,True,0.7413589450259165,,,0.7413589450259165,0.20629411288066116,0.4348700647474538,1.7078468148122181,entry_leverage_requires_author_choice,False,4798e093f0b798bdf4b500d5634878b5a46a8c1d7def3f8d1eedd27805947fbe,,,,
inference_diagnostic,b867e9855af0a3ac,dgp2_N50_T50_r00003_truth1-1-1,2,50,50,3,fixed_rank,A_fixed_time_mean,success,0.13652407090819677,True,73,7.03304750891032e-09,True,1.1619072884749502,0.28047411273804523,29.654977491685838,105.73160282846757,0.008820131048144473,0.0939155527489695,0.36814220195230374,True,True,0.342927192260505,,,0.342927192260505,0.9951025190635985,,,theorem_covered,True,4798e093f0b798bdf4b500d5634878b5a46a8c1d7def3f8d1eedd27805947fbe,,,,
inference_diagnostic,b867e9855af0a3ac,dgp2_N50_T50_r00003_truth1-1-1,2,50,50,3,fixed_rank,B_fixed_time_mean,success,0.12630447372654238,True,76,9.619889957617958e-09,True,0.6274902541766895,0.28047411273804523,29.654977491685838,105.73160282846757,0.07553971256321605,0.27484488818825803,1.0773721643678478,True,True,0.7227878452487185,,,0.7227878452487185,0.9296720975688718,,,theorem_covered,True,4798e093f0b798bdf4b500d5634878b5a46a8c1d7def3f8d1eedd27805947fbe,,,,
inference_diagnostic,b867e9855af0a3ac,dgp2_N50_T50_r00003_truth1-1-1,2,50,50,3,fixed_rank,A_full_mean,success,0.0199093601493128,True,76,7.136905754073271e-09,True,0.9665435664486173,0.28047411273804523,29.654977491685838,105.73160282846757,0.0006135178024201402,0.024769291520351167,0.0970938386049233,True,True,0.41496132284792003,0.4138180061326371,0.42264770680864405,0.4084182556024789,0.9997850316779229,,,theorem_covered,True,4798e093f0b798bdf4b500d5634878b5a46a8c1d7def3f8d1eedd27805947fbe,success,success,success,success
inference_diagnostic,b867e9855af0a3ac,dgp2_N50_T50_r00003_truth1-1-1,2,50,50,3,fixed_rank,B_full_mean,success,0.01964282497148855,True,78,8.308440908154941e-09,True,0.7084123669716946,0.28047411273804523,29.654977491685838,105.73160282846757,0.004850601126046413,0.06964625708569279,0.27300831109195084,True,True,0.6305777961707608,0.5628908344840919,0.5741909195111173,0.7546516345170732,0.9942688035504545,,,theorem_covered,True,4798e093f0b798bdf4b500d5634878b5a46a8c1d7def3f8d1eedd27805947fbe,success,success,success,success
inference_diagnostic,b867e9855af0a3ac,dgp2_N50_T50_r00003_truth1-1-1,2,50,50,3,fixed_rank,A_G1_fixed_time,success,0.13720085837488896,True,72,8.592575144733547e-09,True,1.1699490903498657,0.28047411273804523,29.654977491685838,105.73160282846757,0.008987384923573495,0.09480181919970468,0.37161630260059797,True,True,0.3424417800595836,,,0.3424417800595836,0.7086789560302806,,,theorem_covered,True,4798e093f0b798bdf4b500d5634878b5a46a8c1d7def3f8d1eedd27805947fbe,,,,
inference_diagnostic,b867e9855af0a3ac,dgp2_N50_T50_r00003_truth1-1-1,2,50,50,3,fixed_rank,A_G2_fixed_time,success,0.13758002989562185,True,72,9.112613929783165e-09,True,1.1747960623405993,0.28047411273804523,29.654977491685838,105.73160282846757,0.008905456458082656,0.09436872605944543,0.36991860868687904,True,True,0.3434126044614264,,,0.3434126044614264,0.7114743749353944,,,theorem_covered,True,4798e093f0b798bdf4b500d5634878b5a46a8c1d7def3f8d1eedd27805947fbe,,,,
inference_diagnostic,b867e9855af0a3ac,dgp2_N50_T50_r00003_truth1-1-1,2,50,50,3,fixed_rank,A_G2_minus_G1_fixed_time,success,0.030812214791990807,True,74,7.736090664856105e-09,True,2.08224089921984,0.28047411273804523,29.654977491685838,105.73160282846757,0.000505158505826755,0.02247573148591064,0.08810324847715553,True,True,0.0009708244018428683,,,0.0009708244018428683,0.13488004101110646,,,weak_target_stress_outside_assumption9,False,4798e093f0b798bdf4b500d5634878b5a46a8c1d7def3f8d1eedd27805947fbe,,,,
inference_diagnostic,b867e9855af0a3ac,dgp2_N50_T50_r00003_truth1-1-1,2,50,50,3,fixed_rank,A_G1_time_average,success,0.027271307962706187,True,75,8.57833864642363e-09,True,1.1857201777319069,0.28047411273804523,29.654977491685838,105.73160282846757,0.001342449632087135,0.036639454582282405,0.14362402278892913,True,True,0.41437394659556426,0.3975843229980849,0.4338278007954285,0.4117097159931794,0.9889891786347317,,,theorem_covered,True,4798e093f0b798bdf4b500d5634878b5a46a8c1d7def3f8d1eedd27805947fbe,success,success,success,success
inference_diagnostic,b867e9855af0a3ac,dgp2_N50_T50_r00003_truth1-1-1,2,50,50,3,fixed_rank,A_G2_time_average,success,0.027276384000644856,True,74,9.162619104238462e-09,True,1.2926581662271037,0.28047411273804523,29.654977491685838,105.73160282846757,0.0008635465525642528,0.02938616260358356,0.11519164069372312,True,True,0.41554869910027586,0.4300516892671893,0.4114676128218595,0.40512679521177875,0.9890774786992884,,,theorem_covered,True,4798e093f0b798bdf4b500d5634878b5a46a8c1d7def3f8d1eedd27805947fbe,success,success,success,success
inference_diagnostic,b867e9855af0a3ac,dgp2_N50_T50_r00003_truth1-1-1,2,50,50,3,fixed_rank,A_G2_minus_G1_time_average,success,0.037281634058536316,True,73,8.429257777575881e-09,True,2.0820771708470382,0.28047411273804523,29.654977491685838,105.73160282846757,0.0019579211618826185,0.044248402930304936,0.17345055223362854,True,True,0.0011747525047116015,0.03246736626910442,-0.022360187973569003,-0.00658292078140061,0.978163455031686,,,theorem_covered,True,4798e093f0b798bdf4b500d5634878b5a46a8c1d7def3f8d1eedd27805947fbe,success,success,success,success
inference_diagnostic,b867e9855af0a3ac,dgp2_N50_T50_r00003_truth1-1-1,2,50,50,3,fixed_rank,B_G1_fixed_time,success,0.12400215531046556,True,76,8.249775274913123e-09,True,0.6335681477513291,0.28047411273804523,29.654977491685838,105.73160282846757,0.07392685380721786,0.2718949315585303,1.0658085468674046,True,True,0.6988236936123942,,,0.6988236936123942,0.6479004505595899,,,theorem_covered,True,4798e093f0b798bdf4b500d5634878b5a46a8c1d7def3f8d1eedd27805947fbe,,,,
inference_diagnostic,b867e9855af0a3ac,dgp2_N50_T50_r00003_truth1-1-1,2,50,50,3,fixed_rank,B_G2_fixed_time,success,0.13203953004472493,True,74,8.549645892434054e-09,True,0.6257432732757324,0.28047411273804523,29.654977491685838,105.73160282846757,0.07913381907874575,0.2813073391839355,1.1027045067746135,True,True,0.7467519968850429,,,0.7467519968850429,0.6926439305243531,,,theorem_covered,True,4798e093f0b798bdf4b500d5634878b5a46a8c1d7def3f8d1eedd27805947fbe,,,,
inference_diagnostic,b867e9855af0a3ac,dgp2_N50_T50_r00003_truth1-1-1,2,50,50,3,fixed_rank,B_G2_minus_G1_fixed_time,success,0.04255189418568745,True,78,7.420602829823324e-09,True,0.7721383212143023,0.28047411273804523,29.654977491685838,105.73160282846757,0.0039624955079543,0.06294835587967568,0.24675302082034895,True,True,0.04792830327264859,,,0.04792830327264859,0.1877242640934794,,,weak_target_stress_outside_assumption9,False,4798e093f0b798bdf4b500d5634878b5a46a8c1d7def3f8d1eedd27805947fbe,,,,
inference_diagnostic,b867e9855af0a3ac,dgp2_N50_T50_r00003_truth1-1-1,2,50,50,3,fixed_rank,B_G1_time_average,success,0.026718019497156655,True,77,9.57659149267843e-09,True,0.6644199299530964,0.28047411273804523,29.654977491685838,105.73160282846757,0.012178544818688061,0.11035644439129082,0.4325893129376545,True,True,0.6096708841006839,0.5260660447861345,0.5044624917909125,0.7984841157250048,0.9752605603535565,,,theorem_covered,True,4798e093f0b798bdf4b500d5634878b5a46a8c1d7def3f8d1eedd27805947fbe,success,success,success,success
inference_diagnostic,b867e9855af0a3ac,dgp2_N50_T50_r00003_truth1-1-1,2,50,50,3,fixed_rank,B_G2_time_average,success,0.026852417519153973,True,77,8.77061069248028e-09,True,0.8889682232378693,0.28047411273804523,29.654977491685838,105.73160282846757,0.003961060284839165,0.06293695484243868,0.24670832957560712,True,True,0.6514847082408378,0.5997156241820492,0.6439193472313222,0.710819153309142,0.9778470015137742,,,theorem_covered,True,4798e093f0b798bdf4b500d5634878b5a46a8c1d7def3f8d1eedd27805947fbe,success,success,success,success
inference_diagnostic,b867e9855af0a3ac,dgp2_N50_T50_r00003_truth1-1-1,2,50,50,3,fixed_rank,B_G2_minus_G1_time_average,success,0.03642042687153301,True,77,9.758900819103428e-09,True,0.8088910518220033,0.28047411273804523,29.654977491685838,105.73160282846757,0.012876805662909963,0.11347601360159759,0.44481779953661715,True,True,0.041813824140153825,0.07364957939591459,0.13945685544040964,-0.08766496241586276,0.9585131533979943,,,theorem_covered,True,4798e093f0b798bdf4b500d5634878b5a46a8c1d7def3f8d1eedd27805947fbe,success,success,success,success
inference_diagnostic,b867e9855af0a3ac,dgp2_N50_T50_r00004_truth1-1-1,2,50,50,4,fixed_rank,A_entry,success,0.14950376620046746,True,92,6.8269020058273095e-09,True,3.1398092705663316,0.1502094359955449,38.39925253951818,255.6380848181673,0.006661567712426243,0.08161842752973279,0.3199383568661375,True,True,0.2096512584645123,,,0.2096512584645123,0.19179172892373206,1.0845060861202074,0.7714296817550501,theorem_covered,True,d5a8ffb771ffb430fb61637f84bcbe534f544c1cbf94ca967be81324d9842131,,,,
inference_diagnostic,b867e9855af0a3ac,dgp2_N50_T50_r00004_truth1-1-1,2,50,50,4,fixed_rank,B_entry,success,0.32821131588077507,True,93,9.096593837166348e-09,True,1.1637102573994542,0.1502094359955449,38.39925253951818,255.6380848181673,0.14517571553874256,0.3810193112412317,1.493568254894143,True,True,1.992208132145245,,,1.992208132145245,0.26956503937163884,1.6777921275853167,2.0233692551356377,entry_leverage_requires_author_choice,False,d5a8ffb771ffb430fb61637f84bcbe534f544c1cbf94ca967be81324d9842131,,,,
inference_diagnostic,b867e9855af0a3ac,dgp2_N50_T50_r00004_truth1-1-1,2,50,50,4,fixed_rank,A_fixed_time_mean,success,0.13748194974620087,True,91,7.951535656580732e-09,True,2.63542527283548,0.1502094359955449,38.39925253951818,255.6380848181673,0.006362356096949595,0.07976437862197382,0.3126706186965706,True,True,0.21224994726597413,,,0.21224994726597413,0.9947458414436842,,,theorem_covered,True,d5a8ffb771ffb430fb61637f84bcbe534f544c1cbf94ca967be81324d9842131,,,,
inference_diagnostic,b867e9855af0a3ac,dgp2_N50_T50_r00004_truth1-1-1,2,50,50,4,fixed_rank,B_fixed_time_mean,success,0.1262425255791255,True,95,6.343463599586399e-09,True,0.9877514994596595,0.1502094359955449,38.39925253951818,255.6380848181673,0.02903709537034754,0.17040274460919794,0.6679664846016096,True,True,0.8782416803498337,,,0.8782416803498337,0.9414681520843339,,,theorem_covered,True,d5a8ffb771ffb430fb61637f84bcbe534f544c1cbf94ca967be81324d9842131,,,,
inference_diagnostic,b867e9855af0a3ac,dgp2_N50_T50_r00004_truth1-1-1,2,50,50,4,fixed_rank,A_full_mean,split_fit_failure,0.019943924719307622,True,97,9.016368952552902e-09,True,0.5518348170248903,0.1502094359955449,38.39925253951818,255.6380848181673,0.0005422744013442159,0.02328678598141478,0.09128252367853038,True,True,0.4505499366932484,0.4388955008596831,0.45574812139128185,0.4570061878287802,0.9998751943684874,,,theorem_covered,True,d5a8ffb771ffb430fb61637f84bcbe534f544c1cbf94ca967be81324d9842131,success,success,success,success
inference_diagnostic,b867e9855af0a3ac,dgp2_N50_T50_r00004_truth1-1-1,2,50,50,4,fixed_rank,B_full_mean,split_fit_failure,0.019700731926632905,True,99,8.26800421968144e-09,True,0.718042360745841,0.1502094359955449,38.39925253951818,255.6380848181673,0.0019317360207050409,0.04395151898063412,0.17228678853574292,True,True,0.6794962494377963,0.7049009175864049,0.666554845484937,0.6670329852420471,0.9950178371354026,,,theorem_covered,True,d5a8ffb771ffb430fb61637f84bcbe534f544c1cbf94ca967be81324d9842131,success,success,success,success
inference_diagnostic,b867e9855af0a3ac,dgp2_N50_T50_r00004_truth1-1-1,2,50,50,4,fixed_rank,A_G1_fixed_time,success,0.13552799433999152,True,91,8.794942676309078e-09,True,2.6449033664511816,0.1502094359955449,38.39925253951818,255.6380848181673,0.006177982099677394,0.0786001405830638,0.3081068894451803,True,True,0.20876375368278274,,,0.20876375368278274,0.7160792782671072,,,theorem_covered,True,d5a8ffb771ffb430fb61637f84bcbe534f544c1cbf94ca967be81324d9842131,,,,
inference_diagnostic,b867e9855af0a3ac,dgp2_N50_T50_r00004_truth1-1-1,2,50,50,4,fixed_rank,A_G2_fixed_time,success,0.14001574009147402,True,85,8.699999554401384e-09,True,2.6271350837504848,0.1502094359955449,38.39925253951818,255.6380848181673,0.00660291899395196,0.08125834722631245,0.3185268680136452,True,True,0.2157361408491655,,,0.2157361408491655,0.7016309809157815,,,theorem_covered,True,d5a8ffb771ffb430fb61637f84bcbe534f544c1cbf94ca967be81324d9842131,,,,
inference_diagnostic,b867e9855af0a3ac,dgp2_N50_T50_r00004_truth1-1-1,2,50,50,4,fixed_rank,A_G2_minus_G1_fixed_time,success,0.018421276348297568,True,91,9.25908288217461e-09,True,2.694601909007581,0.1502094359955449,38.39925253951818,255.6380848181673,0.00011237780268703094,0.010600839716127724,0.0415545280989843,True,True,0.006972387166382754,,,0.006972387166382754,0.12464460307160974,,,weak_target_stress_outside_assumption9,False,d5a8ffb771ffb430fb61637f84bcbe534f544c1cbf94ca967be81324d9842131,,,,
inference_diagnostic,b867e9855af0a3ac,dgp2_N50_T50_r00004_truth1-1-1,2,50,50,4,fixed_rank,A_G1_time_average,split_fit_failure,0.02749363731767546,True,95,8.974930215180096e-09,True,0.8973107387771371,0.1502094359955449,38.39925253951818,255.6380848181673,0.0008133681329928832,0.028519609622028194,0.11179481542463449,True,True,0.4431496790326941,0.4314715008200264,0.4492730900071714,0.44870444627088446,0.9941814321595135,,,theorem_covered,True,d5a8ffb771ffb430fb61637f84bcbe534f544c1cbf94ca967be81324d9842131,success,success,success,success
inference_diagnostic,b867e9855af0a3ac,dgp2_N50_T50_r00004_truth1-1-1,2,50,50,4,fixed_rank,A_G2_time_average,split_fit_failure,0.027539444405651044,True,95,9.527302208299433e-09,True,0.6794590544345386,0.1502094359955449,38.39925253951818,255.6380848181673,0.0008068957862313973,0.028405911114262772,0.11134912546400214,True,True,0.4579501943538029,0.44631950089934,0.4622231527753923,0.4653079293866764,0.9939360695185278,,,theorem_covered,True,d5a8ffb771ffb430fb61637f84bcbe534f544c1cbf94ca967be81324d9842131,success,success,success,success
inference_diagnostic,b867e9855af0a3ac,dgp2_N50_T50_r00004_truth1-1-1,2,50,50,4,fixed_rank,A_G2_minus_G1_time_average,split_fit_failure,0.03791571770938807,True,91,8.908089118492228e-09,True,2.683962794509278,0.1502094359955449,38.39925253951818,255.6380848181673,0.0010714302518795586,0.03273270920470163,0.12830986231527583,True,True,0.014800515321108782,0.01484800007931356,0.012950062768220876,0.016603483115791913,0.9882080884243297,,,theorem_covered,True,d5a8ffb771ffb430fb61637f84bcbe534f544c1cbf94ca967be81324d9842131,success,success,success,success
inference_diagnostic,b867e9855af0a3ac,dgp2_N50_T50_r00004_truth1-1-1,2,50,50,4,fixed_rank,B_G1_fixed_time,success,0.13226213519284025,True,94,7.945637407750693e-09,True,0.9993172245013225,0.1502094359955449,38.39925253951818,255.6380848181673,0.03110108745778509,0.17635500406221846,0.6912989129107262,True,True,0.9058957912352612,,,0.9058957912352612,0.6477529385070544,,,theorem_covered,True,d5a8ffb771ffb430fb61637f84bcbe534f544c1cbf94ca967be81324d9842131,,,,
inference_diagnostic,b867e9855af0a3ac,dgp2_N50_T50_r00004_truth1-1-1,2,50,50,4,fixed_rank,B_G2_fixed_time,success,0.12473235337998223,True,95,7.594129333314947e-09,True,0.9703963406969428,0.1502094359955449,38.39925253951818,255.6380848181673,0.028959724942586584,0.17017557093362898,0.6670759801569082,True,True,0.8505875694644064,,,0.8505875694644064,0.7138927442416405,,,theorem_covered,True,d5a8ffb771ffb430fb61637f84bcbe534f544c1cbf94ca967be81324d9842131,,,,
inference_diagnostic,b867e9855af0a3ac,dgp2_N50_T50_r00004_truth1-1-1,2,50,50,4,fixed_rank,B_G2_minus_G1_fixed_time,success,0.0485197249844971,True,96,8.554866925173722e-09,True,0.9208730268248286,0.1502094359955449,38.39925253951818,255.6380848181673,0.003973243319013023,0.06303366813864653,0.24708743873039418,True,True,-0.05530822177085478,,,-0.05530822177085478,0.20703728706755464,,,weak_target_stress_outside_assumption9,False,d5a8ffb771ffb430fb61637f84bcbe534f544c1cbf94ca967be81324d9842131,,,,
inference_diagnostic,b867e9855af0a3ac,dgp2_N50_T50_r00004_truth1-1-1,2,50,50,4,fixed_rank,B_G1_time_average,split_fit_failure,0.027095797263623905,True,97,9.839446536321292e-09,True,0.7607998807688999,0.1502094359955449,38.39925253951818,255.6380848181673,0.0036475428495550345,0.0603948909226189,0.23674362211711616,True,True,0.7008922558545037,0.7182241212323399,0.6919321986255291,0.6925204477056421,0.9742858821032399,,,theorem_covered,True,d5a8ffb771ffb430fb61637f84bcbe534f544c1cbf94ca967be81324d9842131,success,success,success,success
inference_diagnostic,b867e9855af0a3ac,dgp2_N50_T50_r00004_truth1-1-1,2,50,50,4,fixed_rank,B_G2_time_average,split_fit_failure,0.026991170116490503,True,99,6.771006490287113e-09,True,0.817160628958762,0.1502094359955449,38.39925253951818,255.6380848181673,0.0035905302123275208,0.05992103313801858,0.23488613373389503,True,True,0.6581002430210889,0.6915777139404702,0.641177492344345,0.6415455227784517,0.9783200560444698,,,theorem_covered,True,d5a8ffb771ffb430fb61637f84bcbe534f544c1cbf94ca967be81324d9842131,success,success,success,success
inference_diagnostic,b867e9855af0a3ac,dgp2_N50_T50_r00004_truth1-1-1,2,50,50,4,fixed_rank,B_G2_minus_G1_time_average,split_fit_failure,0.03705314606666031,True,96,8.528480775753318e-09,True,0.9056135389035154,0.1502094359955449,38.39925253951818,255.6380848181673,0.006749202043222678,0.08215352727194784,0.3220359093118938,True,True,-0.042792012833414696,-0.026646407291869623,-0.05075470628118409,-0.050974924927190385,0.9572265227765767,,,theorem_covered,True,d5a8ffb771ffb430fb61637f84bcbe534f544c1cbf94ca967be81324d9842131,success,success,success,success
inference_diagnostic,b867e9855af0a3ac,dgp2_N50_T50_r00005_truth1-1-1,2,50,50,5,fixed_rank,A_entry,success,0.18317310762493552,True,68,9.497449599703065e-09,True,2.155414195771468,0.23802247649771607,21.33996095128038,89.65523451935492,0.019925663548136546,0.14115829252345236,0.5533303389302724,True,True,0.34425568786986205,,,0.34425568786986205,0.21157339626211133,0.9197388140701699,1.3431329157250003,theorem_covered,True,074d506be7d0aae5cc43f2ff174fbac2d11a69bcdb1e114c4696b90866183689,,,,
inference_diagnostic,b867e9855af0a3ac,dgp2_N50_T50_r00005_truth1-1-1,2,50,50,5,fixed_rank,B_entry,success,0.18138142058885992,True,69,9.559917653745514e-09,True,0.9792968697891707,0.23802247649771607,21.33996095128038,89.65523451935492,0.04189102037289954,0.20467295955474807,0.8023032586730587,True,True,0.5731327708766902,,,0.5731327708766902,0.16580726956089203,0.620244567081687,0.7638332331404653,entry_leverage_requires_author_choice,False,074d506be7d0aae5cc43f2ff174fbac2d11a69bcdb1e114c4696b90866183689,,,,
inference_diagnostic,b867e9855af0a3ac,dgp2_N50_T50_r00005_truth1-1-1,2,50,50,5,fixed_rank,A_fixed_time_mean,success,0.13532847118513222,True,69,9.263932603555642e-09,True,1.2474677316394949,0.23802247649771607,21.33996095128038,89.65523451935492,0.009124394674795469,0.09552169740323645,0.37443817330495327,True,True,0.5035567900067073,,,0.5035567900067073,0.9955768129739367,,,theorem_covered,True,074d506be7d0aae5cc43f2ff174fbac2d11a69bcdb1e114c4696b90866183689,,,,
inference_diagnostic,b867e9855af0a3ac,dgp2_N50_T50_r00005_truth1-1-1,2,50,50,5,fixed_rank,B_fixed_time_mean,success,0.11540734089074006,True,69,9.480474731386854e-09,True,0.9681437034421791,0.23802247649771607,21.33996095128038,89.65523451935492,0.011330063066158419,0.10644276897074041,0.4172479871947376,True,True,0.42040413445536595,,,0.42040413445536595,0.9291157344864032,,,theorem_covered,True,074d506be7d0aae5cc43f2ff174fbac2d11a69bcdb1e114c4696b90866183689,,,,
inference_diagnostic,b867e9855af0a3ac,dgp2_N50_T50_r00005_truth1-1-1,2,50,50,5,fixed_rank,A_full_mean,success,0.019849020339311723,True,74,9.901554390293486e-09,True,1.0251166208321525,0.23802247649771607,21.33996095128038,89.65523451935492,0.0009073504370883411,0.030122258167148443,0.11807708228125689,True,True,0.40750367878140503,0.43162916814916186,0.4140586538299227,0.37682321436513055,0.999860810573174,,,theorem_covered,True,074d506be7d0aae5cc43f2ff174fbac2d11a69bcdb1e114c4696b90866183689,success,success,success,success
inference_diagnostic,b867e9855af0a3ac,dgp2_N50_T50_r00005_truth1-1-1,2,50,50,5,fixed_rank,B_full_mean,success,0.019015514967818385,True,75,7.0261679461733245e-09,True,0.5789812663477716,0.23802247649771607,21.33996095128038,89.65523451935492,0.0034040017018966296,0.05834382316832374,0.22870358426057624,True,True,0.5465739492839857,0.5123765534274205,0.449989180799494,0.6773561136250428,0.994940274399535,,,theorem_covered,True,074d506be7d0aae5cc43f2ff174fbac2d11a69bcdb1e114c4696b90866183689,success,success,success,success
inference_diagnostic,b867e9855af0a3ac,dgp2_N50_T50_r00005_truth1-1-1,2,50,50,5,fixed_rank,A_G1_fixed_time,success,0.13695223099158807,True,69,9.432189517955281e-09,True,1.276791386002514,0.23802247649771607,21.33996095128038,89.65523451935492,0.009520926234262778,0.09757523371359547,0.3824878877234512,True,True,0.5026730172350342,,,0.5026730172350342,0.725299236422785,,,theorem_covered,True,074d506be7d0aae5cc43f2ff174fbac2d11a69bcdb1e114c4696b90866183689,,,,
inference_diagnostic,b867e9855af0a3ac,dgp2_N50_T50_r00005_truth1-1-1,2,50,50,5,fixed_rank,A_G2_fixed_time,success,0.137407927793474,True,69,9.349466026913613e-09,True,1.2476547536753635,0.23802247649771607,21.33996095128038,89.65523451935492,0.009277816694670097,0.09632142386130978,0.3775730434155683,True,True,0.5044405627783802,,,0.5044405627783802,0.7016215538450635,,,theorem_covered,True,074d506be7d0aae5cc43f2ff174fbac2d11a69bcdb1e114c4696b90866183689,,,,
inference_diagnostic,b867e9855af0a3ac,dgp2_N50_T50_r00005_truth1-1-1,2,50,50,5,fixed_rank,A_G2_minus_G1_fixed_time,success,0.04492798609907934,True,69,8.211468144748013e-09,True,2.666674153594854,0.23802247649771607,21.33996095128038,89.65523451935492,0.0010999071456159134,0.03316484804150192,0.13000381542817502,True,True,0.0017675455433460389,,,0.0017675455433460389,0.164798654861304,,,weak_target_stress_outside_assumption9,False,074d506be7d0aae5cc43f2ff174fbac2d11a69bcdb1e114c4696b90866183689,,,,
inference_diagnostic,b867e9855af0a3ac,dgp2_N50_T50_r00005_truth1-1-1,2,50,50,5,fixed_rank,A_G1_time_average,success,0.026910981805192743,True,73,9.19754858294825e-09,True,1.439061252227177,0.23802247649771607,21.33996095128038,89.65523451935492,0.0014999460502220098,0.03872913696717253,0.15181542721595395,True,True,0.4067884850578553,0.43172415351594073,0.4205243432117012,0.36811695844592396,0.9924988390522566,,,theorem_covered,True,074d506be7d0aae5cc43f2ff174fbac2d11a69bcdb1e114c4696b90866183689,success,success,success,success
inference_diagnostic,b867e9855af0a3ac,dgp2_N50_T50_r00005_truth1-1-1,2,50,50,5,fixed_rank,A_G2_time_average,success,0.02691926878680345,True,74,8.73760731999427e-09,True,1.2441554586495627,0.23802247649771607,21.33996095128038,89.65523451935492,0.0012934245654351965,0.03596421228715008,0.14097712163033407,True,True,0.4082188725049546,0.431534182782383,0.4075929644481443,0.3855294702843364,0.9919619323741444,,,theorem_covered,True,074d506be7d0aae5cc43f2ff174fbac2d11a69bcdb1e114c4696b90866183689,success,success,success,success
inference_diagnostic,b867e9855af0a3ac,dgp2_N50_T50_r00005_truth1-1-1,2,50,50,5,fixed_rank,A_G2_minus_G1_time_average,success,0.036356038202058384,True,69,8.736561324479869e-09,True,2.668866873389802,0.23802247649771607,21.33996095128038,89.65523451935492,0.001957339464560867,0.0442418293536882,0.1734247842867917,True,True,0.0014303874470992786,-0.000189970733557792,-0.012931378763556838,0.017412511838412466,0.9845408982259124,,,theorem_covered,True,074d506be7d0aae5cc43f2ff174fbac2d11a69bcdb1e114c4696b90866183689,success,success,success,success
inference_diagnostic,b867e9855af0a3ac,dgp2_N50_T50_r00005_truth1-1-1,2,50,50,5,fixed_rank,B_G1_fixed_time,success,0.12661651416682188,True,70,8.77275880811228e-09,True,0.9472231150448777,0.23802247649771607,21.33996095128038,89.65523451935492,0.01444466639007529,0.12018596586155678,0.47112032907162343,True,True,0.45926946419060716,,,0.45926946419060716,0.6952182564566253,,,theorem_covered,True,074d506be7d0aae5cc43f2ff174fbac2d11a69bcdb1e114c4696b90866183689,,,,
inference_diagnostic,b867e9855af0a3ac,dgp2_N50_T50_r00005_truth1-1-1,2,50,50,5,fixed_rank,B_G2_fixed_time,success,0.10568409125156866,True,71,7.4441600601842445e-09,True,0.9734961964231141,0.23802247649771607,21.33996095128038,89.65523451935492,0.009488914081033433,0.09741105728321314,0.38184432794213174,True,True,0.38153880472012486,,,0.38153880472012486,0.630382461540242,,,theorem_covered,True,074d506be7d0aae5cc43f2ff174fbac2d11a69bcdb1e114c4696b90866183689,,,,
inference_diagnostic,b867e9855af0a3ac,dgp2_N50_T50_r00005_truth1-1-1,2,50,50,5,fixed_rank,B_G2_minus_G1_fixed_time,success,0.033560695478012305,True,74,8.624855182913744e-09,True,0.6524668464153646,0.23802247649771607,21.33996095128038,89.65523451935492,0.002546908673681097,0.050466906717978044,0.19782663915675894,True,True,-0.07773065947048224,,,-0.07773065947048224,0.1321151916242662,,,weak_target_stress_outside_assumption9,False,074d506be7d0aae5cc43f2ff174fbac2d11a69bcdb1e114c4696b90866183689,,,,
inference_diagnostic,b867e9855af0a3ac,dgp2_N50_T50_r00005_truth1-1-1,2,50,50,5,fixed_rank,B_G1_time_average,success,0.02573335313849626,True,75,6.342467177730832e-09,True,0.6742791670165328,0.23802247649771607,21.33996095128038,89.65523451935492,0.005137035504789259,0.07167311563472917,0.28095345060768767,True,True,0.5971033685322885,0.577391730250333,0.5619583774539529,0.6519599978925796,0.9807453933310484,,,theorem_covered,True,074d506be7d0aae5cc43f2ff174fbac2d11a69bcdb1e114c4696b90866183689,success,success,success,success
inference_diagnostic,b867e9855af0a3ac,dgp2_N50_T50_r00005_truth1-1-1,2,50,50,5,fixed_rank,B_G2_time_average,success,0.025184322229419232,True,76,8.225052038412905e-09,True,0.5271524870346623,0.23802247649771607,21.33996095128038,89.65523451935492,0.007914452210562898,0.0889632070609131,0.3487293635771382,True,True,0.49604453003568294,0.4473613766045084,0.338019984145035,0.7027522293575056,0.9775056699113103,,,theorem_covered,True,074d506be7d0aae5cc43f2ff174fbac2d11a69bcdb1e114c4696b90866183689,success,success,success,success
inference_diagnostic,b867e9855af0a3ac,dgp2_N50_T50_r00005_truth1-1-1,2,50,50,5,fixed_rank,B_G2_minus_G1_time_average,success,0.03386077172549749,True,75,9.646985120383829e-09,True,0.5941268752866683,0.23802247649771607,21.33996095128038,89.65523451935492,0.012486968616948568,0.11174510556149012,0.4380327646982942,True,True,-0.10105883849660563,-0.13003035364582463,-0.22393839330891802,0.05079223146492576,0.9630538466911478,,,theorem_covered,True,074d506be7d0aae5cc43f2ff174fbac2d11a69bcdb1e114c4696b90866183689,success,success,success,success
inference_diagnostic,b867e9855af0a3ac,dgp3_N50_T50_r00003_truth1-1-1,3,50,50,3,fixed_rank,A_entry,success,0.18014311611262196,True,102,9.964357453826306e-09,True,1.472706708887964,0.16412437741238567,47.29742086623369,288.1803520716014,0.017261210081713968,0.13138192448626246,0.5150076804252709,True,True,0.4321582205986954,,,0.4321582205986954,0.21318389967635867,1.3142978783502584,0.9839345372043957,theorem_covered,True,971c4074dcc2cb1b4f8b7c513d64f7682d921def42fa236c709d0fb0cf18a2aa,,,,
inference_diagnostic,b867e9855af0a3ac,dgp3_N50_T50_r00003_truth1-1-1,3,50,50,3,fixed_rank,B_entry,success,0.21990148165974827,True,108,5.3520605320123595e-09,True,1.0140360640798924,0.16412437741238567,47.29742086623369,288.1803520716014,0.21334504001362575,0.4618928880310085,1.810586850511937,True,True,0.919488405341987,,,0.919488405341987,0.17602672355073218,1.1185247541202223,0.44060210326444654,entry_leverage_requires_author_choice,False,971c4074dcc2cb1b4f8b7c513d64f7682d921def42fa236c709d0fb0cf18a2aa,,,,
inference_diagnostic,b867e9855af0a3ac,dgp3_N50_T50_r00003_truth1-1-1,3,50,50,3,fixed_rank,A_fixed_time_mean,success,0.1379839660194999,True,101,8.542344074506208e-09,True,1.0111324853239152,0.16412437741238567,47.29742086623369,288.1803520716014,0.011756465371051588,0.10842723537493515,0.4250269525562404,True,True,0.46124710843681094,,,0.46124710843681094,0.9947249312808392,,,theorem_covered,True,971c4074dcc2cb1b4f8b7c513d64f7682d921def42fa236c709d0fb0cf18a2aa,,,,
inference_diagnostic,b867e9855af0a3ac,dgp3_N50_T50_r00003_truth1-1-1,3,50,50,3,fixed_rank,B_fixed_time_mean,success,0.12313709413326693,True,105,8.231415372442469e-09,True,1.1219474436487389,0.16412437741238567,47.29742086623369,288.1803520716014,0.024380752668508802,0.15614337215683796,0.6120707717040733,True,True,0.5870850732274202,,,0.5870850732274202,0.9299652695679133,,,theorem_covered,True,971c4074dcc2cb1b4f8b7c513d64f7682d921def42fa236c709d0fb0cf18a2aa,,,,
inference_diagnostic,b867e9855af0a3ac,dgp3_N50_T50_r00003_truth1-1-1,3,50,50,3,fixed_rank,A_full_mean,split_fit_failure,0.019946528227944006,True,108,7.840757805135089e-09,True,0.5504649444580515,0.16412437741238567,47.29742086623369,288.1803520716014,0.0008575942152569932,0.029284709581230153,0.1147939521538523,True,True,0.48637109288997393,0.46713284518593445,0.4834650487677048,0.5085153847162824,0.9998091277761231,,,theorem_covered,True,971c4074dcc2cb1b4f8b7c513d64f7682d921def42fa236c709d0fb0cf18a2aa,success,success,success,success
inference_diagnostic,b867e9855af0a3ac,dgp3_N50_T50_r00003_truth1-1-1,3,50,50,3,fixed_rank,B_full_mean,split_fit_failure,0.01940777328333956,True,111,6.978325248125347e-09,True,0.5847673698730393,0.16412437741238567,47.29742086623369,288.1803520716014,0.004777890061164665,0.06912228339084774,0.27095437195046546,True,True,0.6687497685164456,0.6520706675390004,0.6642580125938919,0.6899206254164445,0.9962746140361122,,,theorem_covered,True,971c4074dcc2cb1b4f8b7c513d64f7682d921def42fa236c709d0fb0cf18a2aa,success,success,success,success
inference_diagnostic,b867e9855af0a3ac,dgp3_N50_T50_r00003_truth1-1-1,3,50,50,3,fixed_rank,A_G1_fixed_time,success,0.13797240921172854,True,101,7.67254156830561e-09,True,1.0344345940768473,0.16412437741238567,47.29742086623369,288.1803520716014,0.011786558792753697,0.10856591911255437,0.42557058281819055,True,True,0.45724331214768077,,,0.45724331214768077,0.7140530525051639,,,theorem_covered,True,971c4074dcc2cb1b4f8b7c513d64f7682d921def42fa236c709d0fb0cf18a2aa,,,,
inference_diagnostic,b867e9855af0a3ac,dgp3_N50_T50_r00003_truth1-1-1,3,50,50,3,fixed_rank,A_G2_fixed_time,success,0.1403080325199806,True,102,8.930554549215077e-09,True,1.013257936138527,0.16412437741238567,47.29742086623369,288.1803520716014,0.01197335084070422,0.10942280768059381,0.42892952428243336,True,True,0.465250904725941,,,0.465250904725941,0.7066210835812888,,,theorem_covered,True,971c4074dcc2cb1b4f8b7c513d64f7682d921def42fa236c709d0fb0cf18a2aa,,,,
inference_diagnostic,b867e9855af0a3ac,dgp3_N50_T50_r00003_truth1-1-1,3,50,50,3,fixed_rank,A_G2_minus_G1_fixed_time,success,0.03587701036529097,True,105,8.007208239564898e-09,True,2.20449841482992,0.16412437741238567,47.29742086623369,288.1803520716014,0.0004939577961788,0.022225161330771032,0.08712103151780705,True,True,0.008007592578260218,,,0.008007592578260218,0.14038314942280933,,,weak_target_stress_outside_assumption9,False,971c4074dcc2cb1b4f8b7c513d64f7682d921def42fa236c709d0fb0cf18a2aa,,,,
inference_diagnostic,b867e9855af0a3ac,dgp3_N50_T50_r00003_truth1-1-1,3,50,50,3,fixed_rank,A_G1_time_average,split_fit_failure,0.027447702095602725,True,108,6.128795216765926e-09,True,0.8115100729392173,0.16412437741238567,47.29742086623369,288.1803520716014,0.0013614561627175842,0.036897915425096635,0.14463717067558865,True,True,0.4821492110803456,0.45341830286585694,0.474481122293234,0.5185482080819458,0.991070167726467,,,theorem_covered,True,971c4074dcc2cb1b4f8b7c513d64f7682d921def42fa236c709d0fb0cf18a2aa,success,success,success,success
inference_diagnostic,b867e9855af0a3ac,dgp3_N50_T50_r00003_truth1-1-1,3,50,50,3,fixed_rank,A_G2_time_average,split_fit_failure,0.027474021825626322,True,108,5.298873745307853e-09,True,0.7155060575429565,0.16412437741238567,47.29742086623369,288.1803520716014,0.001193683434223794,0.034549724083178926,0.13543242975765366,True,True,0.4905929746996023,0.480847387506012,0.4924489752421755,0.49848256135061936,0.990876914636445,,,theorem_covered,True,971c4074dcc2cb1b4f8b7c513d64f7682d921def42fa236c709d0fb0cf18a2aa,success,success,success,success
inference_diagnostic,b867e9855af0a3ac,dgp3_N50_T50_r00003_truth1-1-1,3,50,50,3,fixed_rank,A_G2_minus_G1_time_average,split_fit_failure,0.037748384042435836,True,105,8.342981778863874e-09,True,2.217603902127796,0.16412437741238567,47.29742086623369,288.1803520716014,0.0016799023329530727,0.040986611630544345,0.16066456528839484,True,True,0.008443763619256637,0.027429084640155064,0.017967852948941467,-0.02006564673132662,0.9820584734792344,,,theorem_covered,True,971c4074dcc2cb1b4f8b7c513d64f7682d921def42fa236c709d0fb0cf18a2aa,success,success,success,success
inference_diagnostic,b867e9855af0a3ac,dgp3_N50_T50_r00003_truth1-1-1,3,50,50,3,fixed_rank,B_G1_fixed_time,success,0.13629048939542324,True,105,6.527445062151198e-09,True,1.1160660666325168,0.16412437741238567,47.29742086623369,288.1803520716014,0.03064910277104547,0.175068851515755,0.6862572875713405,True,True,0.6465564783632514,,,0.6465564783632514,0.6654915245489537,,,theorem_covered,True,971c4074dcc2cb1b4f8b7c513d64f7682d921def42fa236c709d0fb0cf18a2aa,,,,
inference_diagnostic,b867e9855af0a3ac,dgp3_N50_T50_r00003_truth1-1-1,3,50,50,3,fixed_rank,B_G2_fixed_time,success,0.11192103477987925,True,106,9.337276612446468e-09,True,1.1029441605799566,0.16412437741238567,47.29742086623369,288.1803520716014,0.020266686900393183,0.14236111442522914,0.5580453141448694,True,True,0.527613668091589,,,0.527613668091589,0.6563619489640029,,,theorem_covered,True,971c4074dcc2cb1b4f8b7c513d64f7682d921def42fa236c709d0fb0cf18a2aa,,,,
inference_diagnostic,b867e9855af0a3ac,dgp3_N50_T50_r00003_truth1-1-1,3,50,50,3,fixed_rank,B_G2_minus_G1_fixed_time,success,0.0393935939633044,True,108,5.929148543070233e-09,True,0.8255607642951646,0.16412437741238567,47.29742086623369,288.1803520716014,0.004308568664195253,0.06563968817868693,0.2573028495733318,True,True,-0.11894281027166236,,,-0.11894281027166236,0.09409874968241473,,,weak_target_stress_outside_assumption9,False,971c4074dcc2cb1b4f8b7c513d64f7682d921def42fa236c709d0fb0cf18a2aa,,,,
inference_diagnostic,b867e9855af0a3ac,dgp3_N50_T50_r00003_truth1-1-1,3,50,50,3,fixed_rank,B_G1_time_average,split_fit_failure,0.026393771114577778,True,112,7.183643364103826e-09,True,0.58169489836651,0.16412437741238567,47.29742086623369,288.1803520716014,0.010944749381064184,0.10461715624630687,0.41009171681552203,True,True,0.736493763776445,0.7326408384369605,0.7711106076814273,0.7057298452109474,0.9845540285095021,,,theorem_covered,True,971c4074dcc2cb1b4f8b7c513d64f7682d921def42fa236c709d0fb0cf18a2aa,success,success,success,success
inference_diagnostic,b867e9855af0a3ac,dgp3_N50_T50_r00003_truth1-1-1,3,50,50,3,fixed_rank,B_G2_time_average,split_fit_failure,0.02583500674770112,True,110,8.344156219823195e-09,True,0.6890435750861265,0.16412437741238567,47.29742086623369,288.1803520716014,0.007217667448920617,0.08495685639735392,0.33302475755711,True,True,0.6010057732564459,0.5715004966410406,0.5574054175063566,0.6741114056219405,0.9842167665572717,,,theorem_covered,True,971c4074dcc2cb1b4f8b7c513d64f7682d921def42fa236c709d0fb0cf18a2aa,success,success,success,success
inference_diagnostic,b867e9855af0a3ac,dgp3_N50_T50_r00003_truth1-1-1,3,50,50,3,fixed_rank,B_G2_minus_G1_time_average,split_fit_failure,0.034950118731342385,True,108,8.044301005034884e-09,True,0.6977313735891618,0.16412437741238567,47.29742086623369,288.1803520716014,0.01721327344762737,0.1311993652714348,0.5142920614530547,True,True,-0.13548799051999905,-0.1611403417959198,-0.21370519017507067,-0.031618439589006675,0.9723508482301765,,,theorem_covered,True,971c4074dcc2cb1b4f8b7c513d64f7682d921def42fa236c709d0fb0cf18a2aa,success,success,success,success
inference_diagnostic,b867e9855af0a3ac,dgp3_N50_T50_r00004_truth1-1-1,3,50,50,4,fixed_rank,A_entry,success,0.10797841560598201,True,85,9.212506327035784e-09,True,1.2115625251814521,0.2202104861195567,49.179545964261905,223.32971890158464,0.0023569291416568206,0.04854821460833365,0.19030550429211054,True,True,0.08154575334931685,,,0.08154575334931685,0.18560859728308074,1.0864229916238535,0.6502331423613317,theorem_covered,True,69682b5dfae1696fb60826250945d3f68505024653d582076b4bc5c576ae2253,,,,
inference_diagnostic,b867e9855af0a3ac,dgp3_N50_T50_r00004_truth1-1-1,3,50,50,4,fixed_rank,B_entry,success,0.20772213288825953,True,85,8.788083010809824e-09,True,1.0645240938759732,0.2202104861195567,49.179545964261905,223.32971890158464,0.10201216571396067,0.3193934340495444,1.251999255271352,True,True,0.2145050224047911,,,0.2145050224047911,0.2100303476517613,0.37827338234448715,1.841294216212659,entry_leverage_requires_author_choice,False,69682b5dfae1696fb60826250945d3f68505024653d582076b4bc5c576ae2253,,,,
inference_diagnostic,b867e9855af0a3ac,dgp3_N50_T50_r00004_truth1-1-1,3,50,50,4,fixed_rank,A_fixed_time_mean,success,0.13542488021660434,True,88,8.392189314637546e-09,True,1.124771085824055,0.2202104861195567,49.179545964261905,223.32971890158464,0.0027623909470664413,0.05255845267001723,0.2060253486327736,True,True,0.10722958025593995,,,0.10722958025593995,0.9948781785233194,,,theorem_covered,True,69682b5dfae1696fb60826250945d3f68505024653d582076b4bc5c576ae2253,,,,
inference_diagnostic,b867e9855af0a3ac,dgp3_N50_T50_r00004_truth1-1-1,3,50,50,4,fixed_rank,B_fixed_time_mean,success,0.11754847866161733,True,94,9.577626821998018e-09,True,0.849814226182653,0.2202104861195567,49.179545964261905,223.32971890158464,0.014230977367226658,0.11929366021388839,0.46762255520636,True,True,1.058821630786837,,,1.058821630786837,0.9451376382761216,,,theorem_covered,True,69682b5dfae1696fb60826250945d3f68505024653d582076b4bc5c576ae2253,,,,
inference_diagnostic,b867e9855af0a3ac,dgp3_N50_T50_r00004_truth1-1-1,3,50,50,4,fixed_rank,A_full_mean,split_fit_failure,0.01989846546256923,True,93,9.720106465827757e-09,True,0.808012185795071,0.2202104861195567,49.179545964261905,223.32971890158464,0.001021682488615561,0.0319637683731997,0.1252956696433037,True,True,0.4354018112301428,0.4575283793558223,0.41446359590104925,0.434213458433557,0.9997861977488082,,,theorem_covered,True,69682b5dfae1696fb60826250945d3f68505024653d582076b4bc5c576ae2253,success,success,success,success
inference_diagnostic,b867e9855af0a3ac,dgp3_N50_T50_r00004_truth1-1-1,3,50,50,4,fixed_rank,B_full_mean,split_fit_failure,0.019159319823011018,True,96,9.143325217949347e-09,True,0.6215565628301198,0.2202104861195567,49.179545964261905,223.32971890158464,0.004507571084651061,0.06713844714208887,0.2631778767528806,True,True,0.6261194818111427,0.6292465719585894,0.6082002349884412,0.6409116384863978,0.9961664475412142,,,theorem_covered,True,69682b5dfae1696fb60826250945d3f68505024653d582076b4bc5c576ae2253,success,success,success,success
inference_diagnostic,b867e9855af0a3ac,dgp3_N50_T50_r00004_truth1-1-1,3,50,50,4,fixed_rank,A_G1_fixed_time,success,0.13754288915548807,True,88,9.941724633477962e-09,True,1.1251574561341968,0.2202104861195567,49.179545964261905,223.32971890158464,0.0028486273526597697,0.05337253369158869,0.2092164875983289,True,True,0.10884714901881629,,,0.10884714901881629,0.712500792372866,,,theorem_covered,True,69682b5dfae1696fb60826250945d3f68505024653d582076b4bc5c576ae2253,,,,
inference_diagnostic,b867e9855af0a3ac,dgp3_N50_T50_r00004_truth1-1-1,3,50,50,4,fixed_rank,A_G2_fixed_time,success,0.13346420935552342,True,89,7.646061329952239e-09,True,1.1253479585539057,0.2202104861195567,49.179545964261905,223.32971890158464,0.002701187790911613,0.05197295249369246,0.20373023011569683,True,True,0.1056120114930636,,,0.1056120114930636,0.7036830150361582,,,theorem_covered,True,69682b5dfae1696fb60826250945d3f68505024653d582076b4bc5c576ae2253,,,,
inference_diagnostic,b867e9855af0a3ac,dgp3_N50_T50_r00004_truth1-1-1,3,50,50,4,fixed_rank,A_G2_minus_G1_fixed_time,success,0.010094074773902059,True,89,9.482766328333209e-09,True,1.8076820262826176,0.2202104861195567,49.179545964261905,223.32971890158464,5.0066500279832146e-05,0.007075768529271725,0.027736502960629055,True,True,-0.0032351375257526896,,,-0.0032351375257526896,0.11421284814092388,,,weak_target_stress_outside_assumption9,False,69682b5dfae1696fb60826250945d3f68505024653d582076b4bc5c576ae2253,,,,
inference_diagnostic,b867e9855af0a3ac,dgp3_N50_T50_r00004_truth1-1-1,3,50,50,4,fixed_rank,A_G1_time_average,split_fit_failure,0.027359726811792526,True,91,9.261596193105163e-09,True,1.2453449321406034,0.2202104861195567,49.179545964261905,223.32971890158464,0.0015757388693286116,0.039695577453018764,0.15560380430687398,True,True,0.4419698903689834,0.45335321299379505,0.4346983384577888,0.43785811965536636,0.9896450776836216,,,theorem_covered,True,69682b5dfae1696fb60826250945d3f68505024653d582076b4bc5c576ae2253,success,success,success,success
inference_diagnostic,b867e9855af0a3ac,dgp3_N50_T50_r00004_truth1-1-1,3,50,50,4,fixed_rank,A_G2_time_average,split_fit_failure,0.027310388356113692,True,90,9.870700748469747e-09,True,0.9196016630441642,0.2202104861195567,49.179545964261905,223.32971890158464,0.001758256660131219,0.041931571162206874,0.16436873858620762,True,True,0.4288337320913023,0.46170354571784955,0.39422885334430957,0.4305687972117479,0.9893810300665198,,,theorem_covered,True,69682b5dfae1696fb60826250945d3f68505024653d582076b4bc5c576ae2253,success,success,success,success
inference_diagnostic,b867e9855af0a3ac,dgp3_N50_T50_r00004_truth1-1-1,3,50,50,4,fixed_rank,A_G2_minus_G1_time_average,split_fit_failure,0.037483706002676635,True,88,6.679301326449712e-09,True,2.1678602287515796,0.2202104861195567,49.179545964261905,223.32971890158464,0.0025812611313166312,0.050806113129392524,0.19915630385615385,True,True,-0.013136158277681003,0.008350332724054478,-0.040469485113479226,-0.007289322443618261,0.979132146969906,,,theorem_covered,True,69682b5dfae1696fb60826250945d3f68505024653d582076b4bc5c576ae2253,success,success,success,success
inference_diagnostic,b867e9855af0a3ac,dgp3_N50_T50_r00004_truth1-1-1,3,50,50,4,fixed_rank,B_G1_fixed_time,success,0.11836943868965018,True,93,9.845476740753034e-09,True,0.8481098124829788,0.2202104861195567,49.179545964261905,223.32971890158464,0.015884566591843133,0.12603398982751887,0.49404416177964905,True,True,1.0315766304817253,,,1.0315766304817253,0.6758384932249945,,,theorem_covered,True,69682b5dfae1696fb60826250945d3f68505024653d582076b4bc5c576ae2253,,,,
inference_diagnostic,b867e9855af0a3ac,dgp3_N50_T50_r00004_truth1-1-1,3,50,50,4,fixed_rank,B_G2_fixed_time,success,0.12387812132174948,True,92,8.507064511088548e-09,True,0.836645880460844,0.2202104861195567,49.179545964261905,223.32971890158464,0.0190149096550179,0.13789455991814145,0.5405367422071155,True,True,1.0860666310919485,,,1.0860666310919485,0.6880658059505042,,,theorem_covered,True,69682b5dfae1696fb60826250945d3f68505024653d582076b4bc5c576ae2253,,,,
inference_diagnostic,b867e9855af0a3ac,dgp3_N50_T50_r00004_truth1-1-1,3,50,50,4,fixed_rank,B_G2_minus_G1_fixed_time,success,0.05868259173873495,True,94,8.702635148843372e-09,True,0.7457317132248419,0.2202104861195567,49.179545964261905,223.32971890158464,0.01287504305902542,0.11346824691967977,0.44478735470294056,True,True,0.05449000061022313,,,0.05449000061022313,0.1921121207961165,,,weak_target_stress_outside_assumption9,False,69682b5dfae1696fb60826250945d3f68505024653d582076b4bc5c576ae2253,,,,
inference_diagnostic,b867e9855af0a3ac,dgp3_N50_T50_r00004_truth1-1-1,3,50,50,4,fixed_rank,B_G1_time_average,split_fit_failure,0.025721833669074243,True,96,8.534583529324484e-09,True,0.6662378622786443,0.2202104861195567,49.179545964261905,223.32971890158464,0.008592592999400756,0.09269624048148208,0.36336258569193736,True,True,0.6100085288640404,0.6354190119639157,0.5552045669200449,0.6394020077081608,0.9803288561790898,,,theorem_covered,True,69682b5dfae1696fb60826250945d3f68505024653d582076b4bc5c576ae2253,success,success,success,success
inference_diagnostic,b867e9855af0a3ac,dgp3_N50_T50_r00004_truth1-1-1,3,50,50,4,fixed_rank,B_G2_time_average,split_fit_failure,0.025859594513758785,True,96,8.444742445721496e-09,True,0.6708598237129009,0.2202104861195567,49.179545964261905,223.32971890158464,0.007889165380960073,0.08882097376723626,0.34817181931111996,True,True,0.6422304347582452,0.6230741319532629,0.6611959030568378,0.6424212692646348,0.980938605633262,,,theorem_covered,True,69682b5dfae1696fb60826250945d3f68505024653d582076b4bc5c576ae2253,success,success,success,success
inference_diagnostic,b867e9855af0a3ac,dgp3_N50_T50_r00004_truth1-1-1,3,50,50,4,fixed_rank,B_G2_minus_G1_time_average,split_fit_failure,0.03453034270188174,True,95,8.514958714955127e-09,True,0.7469393982781753,0.2202104861195567,49.179545964261905,223.32971890158464,0.014933232429419898,0.12220160567447508,0.4790214919498733,True,True,0.03222190589420468,-0.012344880010652745,0.10599133613679296,0.0030192615564738207,0.9648510885479977,,,theorem_covered,True,69682b5dfae1696fb60826250945d3f68505024653d582076b4bc5c576ae2253,success,success,success,success
inference_diagnostic,b867e9855af0a3ac,dgp3_N50_T50_r00005_truth1-1-1,3,50,50,5,fixed_rank,A_entry,success,0.17768193939969298,True,124,7.3046897972216065e-09,True,1.4533678743747207,0.10519658702480039,62.36455150277676,592.8381639232663,0.00920285803263429,0.09593152783435846,0.37604467907448863,True,True,0.37198851347016965,,,0.37198851347016965,0.17780996834039547,0.7831543829771516,0.8103575605905732,theorem_covered,True,12802173bc53e65c341c53140db3ab05ee23464fe1fdddcfead9a330cedf0012,,,,
inference_diagnostic,b867e9855af0a3ac,dgp3_N50_T50_r00005_truth1-1-1,3,50,50,5,fixed_rank,B_entry,success,0.16817068596001086,True,131,7.251394645741057e-09,True,0.8347938415145448,0.10519658702480039,62.36455150277676,592.8381639232663,0.09486435760776832,0.30800058053154433,1.207340090118511,True,True,0.544154256006459,,,0.544154256006459,0.18967538603938405,0.7839199312205059,1.0310834089393295,entry_leverage_requires_author_choice,False,12802173bc53e65c341c53140db3ab05ee23464fe1fdddcfead9a330cedf0012,,,,
inference_diagnostic,b867e9855af0a3ac,dgp3_N50_T50_r00005_truth1-1-1,3,50,50,5,fixed_rank,A_fixed_time_mean,success,0.1375251453191367,True,129,7.832795918010661e-09,True,0.9143044087756194,0.10519658702480039,62.36455150277676,592.8381639232663,0.005498408121425513,0.07415125165110507,0.2906675652894643,True,True,0.3801716405136126,,,0.3801716405136126,0.9960473354307965,,,theorem_covered,True,12802173bc53e65c341c53140db3ab05ee23464fe1fdddcfead9a330cedf0012,,,,
inference_diagnostic,b867e9855af0a3ac,dgp3_N50_T50_r00005_truth1-1-1,3,50,50,5,fixed_rank,B_fixed_time_mean,success,0.12569700636922254,True,132,9.071788270117886e-09,True,1.1353721078354588,0.10519658702480039,62.36455150277676,592.8381639232663,0.03647261592066784,0.190978050887184,0.7486202031530768,True,True,0.8611929759161094,,,0.8611929759161094,0.9271614075510827,,,theorem_covered,True,12802173bc53e65c341c53140db3ab05ee23464fe1fdddcfead9a330cedf0012,,,,
inference_diagnostic,b867e9855af0a3ac,dgp3_N50_T50_r00005_truth1-1-1,3,50,50,5,fixed_rank,A_full_mean,split_fit_failure,0.01991982387015703,True,131,6.069363386080281e-09,True,0.41478500821819,0.10519658702480039,62.36455150277676,592.8381639232663,0.0009664155454269208,0.03108722479455059,0.12185968195323947,True,True,0.4242767963200776,0.3894589852800393,0.39431690094602,0.4890545027341735,0.9998680579507344,,,theorem_covered,True,12802173bc53e65c341c53140db3ab05ee23464fe1fdddcfead9a330cedf0012,success,success,success,success
inference_diagnostic,b867e9855af0a3ac,dgp3_N50_T50_r00005_truth1-1-1,3,50,50,5,fixed_rank,B_full_mean,split_fit_failure,0.01940294399067993,True,140,5.681622391974984e-09,True,0.5344239126830057,0.10519658702480039,62.36455150277676,592.8381639232663,0.004429614989506253,0.0665553528238432,0.2608921890261777,True,True,0.6973328944198153,0.7138368126102531,0.6968061061709093,0.6813557644782834,0.9924185208029528,,,theorem_covered,True,12802173bc53e65c341c53140db3ab05ee23464fe1fdddcfead9a330cedf0012,success,success,success,success
inference_diagnostic,b867e9855af0a3ac,dgp3_N50_T50_r00005_truth1-1-1,3,50,50,5,fixed_rank,A_G1_fixed_time,success,0.15287371923447696,True,129,8.37901083280358e-09,True,0.947622464183485,0.10519658702480039,62.36455150277676,592.8381639232663,0.006617969507532269,0.08135090354465813,0.31888968211464347,True,True,0.42067146978370906,,,0.42067146978370906,0.7170968569185363,,,theorem_covered,True,12802173bc53e65c341c53140db3ab05ee23464fe1fdddcfead9a330cedf0012,,,,
inference_diagnostic,b867e9855af0a3ac,dgp3_N50_T50_r00005_truth1-1-1,3,50,50,5,fixed_rank,A_G2_fixed_time,success,0.1242096850350009,True,126,9.78928057086252e-09,True,0.8854693565792949,0.10519658702480039,62.36455150277676,592.8381639232663,0.004740782620592554,0.06885334139017912,0.2699001386799842,True,True,0.3396718112435161,,,0.3396718112435161,0.7029881769709908,,,theorem_covered,True,12802173bc53e65c341c53140db3ab05ee23464fe1fdddcfead9a330cedf0012,,,,
inference_diagnostic,b867e9855af0a3ac,dgp3_N50_T50_r00005_truth1-1-1,3,50,50,5,fixed_rank,A_G2_minus_G1_fixed_time,success,0.04409282705784449,True,131,7.81696636033157e-09,True,1.1898049650718896,0.10519658702480039,62.36455150277676,592.8381639232663,0.0007238717938788363,0.02690486561718598,0.10546513523714907,True,True,-0.08099965854019298,,,-0.08099965854019298,0.12771055063952622,,,weak_target_stress_outside_assumption9,False,12802173bc53e65c341c53140db3ab05ee23464fe1fdddcfead9a330cedf0012,,,,
inference_diagnostic,b867e9855af0a3ac,dgp3_N50_T50_r00005_truth1-1-1,3,50,50,5,fixed_rank,A_G1_time_average,split_fit_failure,0.027404879854609345,True,131,9.969222032030881e-09,True,0.6636382281180029,0.10519658702480039,62.36455150277676,592.8381639232663,0.0013092920151074787,0.0361841403809387,0.14183922391636258,True,True,0.46947516459134625,0.44241861573067676,0.44116620825168806,0.524840669791674,0.9918435512099443,,,theorem_covered,True,12802173bc53e65c341c53140db3ab05ee23464fe1fdddcfead9a330cedf0012,success,success,success,success
inference_diagnostic,b867e9855af0a3ac,dgp3_N50_T50_r00005_truth1-1-1,3,50,50,5,fixed_rank,A_G2_time_average,split_fit_failure,0.026974767648866898,True,131,8.05527000860723e-09,True,0.4582709755889332,0.10519658702480039,62.36455150277676,592.8381639232663,0.001830822455427934,0.04278811114583038,0.16772631362464882,True,True,0.3790784280488088,0.33649935482940174,0.34746759364035196,0.4532683356766727,0.991505700133108,,,theorem_covered,True,12802173bc53e65c341c53140db3ab05ee23464fe1fdddcfead9a330cedf0012,success,success,success,success
inference_diagnostic,b867e9855af0a3ac,dgp3_N50_T50_r00005_truth1-1-1,3,50,50,5,fixed_rank,A_G2_minus_G1_time_average,split_fit_failure,0.03701531476348064,True,131,9.146113396551874e-09,True,1.340434641734821,0.10519658702480039,62.36455150277676,592.8381639232663,0.002414566765671585,0.04913824137748099,0.1926183667269972,True,True,-0.09039673654253749,-0.10591926090127506,-0.09369861461133615,-0.07157233411500126,0.9834129601357878,,,theorem_covered,True,12802173bc53e65c341c53140db3ab05ee23464fe1fdddcfead9a330cedf0012,success,success,success,success
inference_diagnostic,b867e9855af0a3ac,dgp3_N50_T50_r00005_truth1-1-1,3,50,50,5,fixed_rank,B_G1_fixed_time,success,0.12335885975968701,True,134,8.439085382158822e-09,True,1.059332446859538,0.10519658702480039,62.36455150277676,592.8381639232663,0.036593654587992505,0.19129467997827987,0.7498613663830879,True,True,0.8319464250756132,,,0.8319464250756132,0.6713493725086119,,,theorem_covered,True,12802173bc53e65c341c53140db3ab05ee23464fe1fdddcfead9a330cedf0012,,,,
inference_diagnostic,b867e9855af0a3ac,dgp3_N50_T50_r00005_truth1-1-1,3,50,50,5,fixed_rank,B_G2_fixed_time,success,0.1315427613515399,True,132,7.0988995886806775e-09,True,1.130487395118202,0.10519658702480039,62.36455150277676,592.8381639232663,0.039380492286097864,0.1984451871074173,0.7778908392717003,True,True,0.8904395267566059,,,0.8904395267566059,0.6554935903006531,,,theorem_covered,True,12802173bc53e65c341c53140db3ab05ee23464fe1fdddcfead9a330cedf0012,,,,
inference_diagnostic,b867e9855af0a3ac,dgp3_N50_T50_r00005_truth1-1-1,3,50,50,5,fixed_rank,B_G2_minus_G1_fixed_time,success,0.04292858080182844,True,136,9.727099743007461e-09,True,0.662891444513253,0.10519658702480039,62.36455150277676,592.8381639232663,0.00605783018700922,0.07783206400327065,0.30509608457765375,True,True,0.058493101680992705,,,0.058493101680992705,0.14406092891843292,,,weak_target_stress_outside_assumption9,False,12802173bc53e65c341c53140db3ab05ee23464fe1fdddcfead9a330cedf0012,,,,
inference_diagnostic,b867e9855af0a3ac,dgp3_N50_T50_r00005_truth1-1-1,3,50,50,5,fixed_rank,B_G1_time_average,split_fit_failure,0.025713656891986632,True,136,7.500167197334412e-09,True,0.5354473133054555,0.10519658702480039,62.36455150277676,592.8381639232663,0.0071203996307108,0.08438246044475593,0.3307731667971947,True,True,0.6736511151673724,0.6484599510060809,0.6741247611633063,0.6983686333327299,0.9699951517960618,,,theorem_covered,True,12802173bc53e65c341c53140db3ab05ee23464fe1fdddcfead9a330cedf0012,success,success,success,success
inference_diagnostic,b867e9855af0a3ac,dgp3_N50_T50_r00005_truth1-1-1,3,50,50,5,fixed_rank,B_G2_time_average,split_fit_failure,0.025939860951502892,True,136,7.687475662201458e-09,True,0.6372322166504281,0.10519658702480039,62.36455150277676,592.8381639232663,0.008760011605803251,0.09359493365456942,0.36688539819674376,True,True,0.7210146736722579,0.7792136742144253,0.7194874511785123,0.6643428956238362,0.9688274713665316,,,theorem_covered,True,12802173bc53e65c341c53140db3ab05ee23464fe1fdddcfead9a330cedf0012,success,success,success,success
inference_diagnostic,b867e9855af0a3ac,dgp3_N50_T50_r00005_truth1-1-1,3,50,50,5,fixed_rank,B_G2_minus_G1_time_average,split_fit_failure,0.03409164313820007,True,136,9.613042078679317e-09,True,0.6565948282562978,0.10519658702480039,62.36455150277676,592.8381639232663,0.014042362494703925,0.11850047466024735,0.4645133249699722,True,True,0.04736355850488561,0.13075372320834444,0.045362690015205986,-0.03402573770889358,0.9458449890704175,,,theorem_covered,True,12802173bc53e65c341c53140db3ab05ee23464fe1fdddcfead9a330cedf0012,success,success,success,success
inference_diagnostic,b867e9855af0a3ac,dgp4_N50_T50_r00003_truth1-1-1,4,50,50,3,fixed_rank,A_entry,success,0.25404064615053196,True,89,8.805962466501936e-09,True,1.4626273250398543,0.17450733120135495,31.556824440200856,180.83380350243897,0.04121430199635434,0.20301305868429828,0.7957965668250822,True,True,0.8098288221369789,,,0.8098288221369789,0.18433329841357837,0.7290386432223126,0.9842507384379809,theorem_covered,True,7e7c359168029c70c974fc18a2ba61cb7b7c0ddec4ad56d28d885a6e417117d3,,,,
inference_diagnostic,b867e9855af0a3ac,dgp4_N50_T50_r00003_truth1-1-1,4,50,50,3,fixed_rank,B_entry,success,0.1356299625180734,True,94,9.465234883630234e-09,True,0.5814369471666699,0.17450733120135495,31.556824440200856,180.83380350243897,0.10564919908860144,0.325037227234976,1.2741225180306293,True,True,-0.20840510560392805,,,-0.20840510560392805,0.15749992997296852,0.45142541003756154,0.7960733417311575,entry_leverage_requires_author_choice,False,7e7c359168029c70c974fc18a2ba61cb7b7c0ddec4ad56d28d885a6e417117d3,,,,
inference_diagnostic,b867e9855af0a3ac,dgp4_N50_T50_r00003_truth1-1-1,4,50,50,3,fixed_rank,A_fixed_time_mean,success,0.13645418280522226,True,90,7.602778406893006e-09,True,0.9179932559175411,0.17450733120135495,31.556824440200856,180.83380350243897,0.013688827267354526,0.11699926182397274,0.45862867878551733,True,True,0.6674462679528843,,,0.6674462679528843,0.9907169390452789,,,theorem_covered,True,7e7c359168029c70c974fc18a2ba61cb7b7c0ddec4ad56d28d885a6e417117d3,,,,
inference_diagnostic,b867e9855af0a3ac,dgp4_N50_T50_r00003_truth1-1-1,4,50,50,3,fixed_rank,B_fixed_time_mean,success,0.12503365228729735,True,93,7.904028765379524e-09,True,0.8724090137343942,0.17450733120135495,31.556824440200856,180.83380350243897,0.029790627242397012,0.1725996154178711,0.6765780599289832,True,True,0.6879078529886282,,,0.6879078529886282,0.9530293525546514,,,theorem_covered,True,7e7c359168029c70c974fc18a2ba61cb7b7c0ddec4ad56d28d885a6e417117d3,,,,
inference_diagnostic,b867e9855af0a3ac,dgp4_N50_T50_r00003_truth1-1-1,4,50,50,3,fixed_rank,A_full_mean,split_fit_failure,0.019887343931032635,True,96,6.313883333436913e-09,True,0.5742286335236436,0.17450733120135495,31.556824440200856,180.83380350243897,0.0007823735084963862,0.027970940429245247,0.10964407171007201,True,True,0.4432356107870462,0.4276254002569868,0.44547262923232456,0.45660880287182715,0.9996954238477972,,,theorem_covered,True,7e7c359168029c70c974fc18a2ba61cb7b7c0ddec4ad56d28d885a6e417117d3,success,success,success,success
inference_diagnostic,b867e9855af0a3ac,dgp4_N50_T50_r00003_truth1-1-1,4,50,50,3,fixed_rank,B_full_mean,split_fit_failure,0.019299891828632457,True,97,8.135742149902861e-09,True,0.5863111357515881,0.17450733120135495,31.556824440200856,180.83380350243897,0.003442594745558071,0.05867362904711171,0.22999639954920423,True,True,0.6200749783680537,0.6183000229962242,0.6113862650983646,0.6305386470095722,0.99531531049003,,,theorem_covered,True,7e7c359168029c70c974fc18a2ba61cb7b7c0ddec4ad56d28d885a6e417117d3,success,success,success,success
inference_diagnostic,b867e9855af0a3ac,dgp4_N50_T50_r00003_truth1-1-1,4,50,50,3,fixed_rank,A_G1_fixed_time,success,0.13234875285256129,True,90,8.979780253178066e-09,True,0.9414208502561424,0.17450733120135495,31.556824440200856,180.83380350243897,0.012994685871144314,0.11399423613123741,0.44684919452475974,True,True,0.6315554582569016,,,0.6315554582569016,0.6291422738330171,,,theorem_covered,True,7e7c359168029c70c974fc18a2ba61cb7b7c0ddec4ad56d28d885a6e417117d3,,,,
inference_diagnostic,b867e9855af0a3ac,dgp4_N50_T50_r00003_truth1-1-1,4,50,50,3,fixed_rank,A_G2_fixed_time,success,0.1461390475986356,True,90,7.09654480695371e-09,True,0.9381320795963378,0.17450733120135495,31.556824440200856,180.83380350243897,0.015188904787903006,0.12324327481815389,0.4831047599607076,True,True,0.703337077648867,,,0.703337077648867,0.7862848884504429,,,theorem_covered,True,7e7c359168029c70c974fc18a2ba61cb7b7c0ddec4ad56d28d885a6e417117d3,,,,
inference_diagnostic,b867e9855af0a3ac,dgp4_N50_T50_r00003_truth1-1-1,4,50,50,3,fixed_rank,A_G2_minus_G1_fixed_time,success,0.05715462543981194,True,90,7.345492619608967e-09,True,2.49806506856375,0.17450733120135495,31.556824440200856,180.83380350243897,0.0016118722453380995,0.04014812878999592,0.15737777295013533,True,True,0.07178161939196531,,,0.07178161939196531,0.18039920514807503,,,theorem_covered,True,7e7c359168029c70c974fc18a2ba61cb7b7c0ddec4ad56d28d885a6e417117d3,,,,
inference_diagnostic,b867e9855af0a3ac,dgp4_N50_T50_r00003_truth1-1-1,4,50,50,3,fixed_rank,A_G1_time_average,split_fit_failure,0.026959263335660046,True,94,9.104912337271653e-09,True,0.8225906119001284,0.17450733120135495,31.556824440200856,180.83380350243897,0.0014925166815297965,0.038633103441605574,0.15143898271311468,True,True,0.41940135517568145,0.39211472706952877,0.4080852268470159,0.45800411161049964,0.9899936963414947,,,theorem_covered,True,7e7c359168029c70c974fc18a2ba61cb7b7c0ddec4ad56d28d885a6e417117d3,success,success,success,success
inference_diagnostic,b867e9855af0a3ac,dgp4_N50_T50_r00003_truth1-1-1,4,50,50,3,fixed_rank,A_G2_time_average,split_fit_failure,0.027190159098679303,True,96,5.73067005310076e-09,True,0.7551902935117584,0.17450733120135495,31.556824440200856,180.83380350243897,0.001040415599979243,0.03225547395372207,0.1264391345071301,True,True,0.4670698663984109,0.46313607344444485,0.48286003161763325,0.4552134941331546,0.9936891545573532,,,theorem_covered,True,7e7c359168029c70c974fc18a2ba61cb7b7c0ddec4ad56d28d885a6e417117d3,success,success,success,success
inference_diagnostic,b867e9855af0a3ac,dgp4_N50_T50_r00003_truth1-1-1,4,50,50,3,fixed_rank,A_G2_minus_G1_time_average,split_fit_failure,0.036744897173637485,True,89,9.56278348270923e-09,True,2.7857201080622294,0.17450733120135495,31.556824440200856,180.83380350243897,0.0019363705257446702,0.044004210318385105,0.17249333478432127,True,True,0.047668511222729526,0.07102134637491606,0.07477480477061729,-0.00279061747734477,0.9839282058252947,,,theorem_covered,True,7e7c359168029c70c974fc18a2ba61cb7b7c0ddec4ad56d28d885a6e417117d3,success,success,success,success
inference_diagnostic,b867e9855af0a3ac,dgp4_N50_T50_r00003_truth1-1-1,4,50,50,3,fixed_rank,B_G1_fixed_time,success,0.10421810984465651,True,93,9.852215112069245e-09,True,0.8499589674667373,0.17450733120135495,31.556824440200856,180.83380350243897,0.0220653823294864,0.14854421001670312,0.5822826034893841,True,True,0.5612892920627897,,,0.5612892920627897,0.5463387610250062,,,theorem_covered,True,7e7c359168029c70c974fc18a2ba61cb7b7c0ddec4ad56d28d885a6e417117d3,,,,
inference_diagnostic,b867e9855af0a3ac,dgp4_N50_T50_r00003_truth1-1-1,4,50,50,3,fixed_rank,B_G2_fixed_time,success,0.14873250329083668,True,91,9.87847611624399e-09,True,0.8782696457024802,0.17450733120135495,31.556824440200856,180.83380350243897,0.04136466129040487,0.20338304081315353,0.7972468701200417,True,True,0.8145264139144667,,,0.8145264139144667,0.8141906347940531,,,theorem_covered,True,7e7c359168029c70c974fc18a2ba61cb7b7c0ddec4ad56d28d885a6e417117d3,,,,
inference_diagnostic,b867e9855af0a3ac,dgp4_N50_T50_r00003_truth1-1-1,4,50,50,3,fixed_rank,B_G2_minus_G1_fixed_time,success,0.05858231040425248,True,95,8.290039074012577e-09,True,0.8048523388442554,0.17450733120135495,31.556824440200856,180.83380350243897,0.007697578251076259,0.08773584359357502,0.34391818719329253,True,True,0.253237121851677,,,0.253237121851677,0.2304940015574027,,,theorem_covered,True,7e7c359168029c70c974fc18a2ba61cb7b7c0ddec4ad56d28d885a6e417117d3,,,,
inference_diagnostic,b867e9855af0a3ac,dgp4_N50_T50_r00003_truth1-1-1,4,50,50,3,fixed_rank,B_G1_time_average,split_fit_failure,0.02482731657240777,True,96,8.986203089309892e-09,True,0.6133041774909342,0.17450733120135495,31.556824440200856,180.83380350243897,0.006439317380351568,0.08024535737568603,0.3145560207657804,True,True,0.5059419573740612,0.5192389793704676,0.5275065908853578,0.4710803018663582,0.963596674496998,,,theorem_covered,True,7e7c359168029c70c974fc18a2ba61cb7b7c0ddec4ad56d28d885a6e417117d3,success,success,success,success
inference_diagnostic,b867e9855af0a3ac,dgp4_N50_T50_r00003_truth1-1-1,4,50,50,3,fixed_rank,B_G2_time_average,split_fit_failure,0.026217272370647905,True,97,7.76952174648265e-09,True,0.6258881775345271,0.17450733120135495,31.556824440200856,180.83380350243897,0.005408995150623915,0.07354587106441744,0.28829451699576936,True,True,0.7342079993620462,0.717361066621981,0.6952659393113716,0.7899969921527861,0.9826756931197219,,,theorem_covered,True,7e7c359168029c70c974fc18a2ba61cb7b7c0ddec4ad56d28d885a6e417117d3,success,success,success,success
inference_diagnostic,b867e9855af0a3ac,dgp4_N50_T50_r00003_truth1-1-1,4,50,50,3,fixed_rank,B_G2_minus_G1_time_average,split_fit_failure,0.03342960871890259,True,95,9.004364241967415e-09,True,0.675416509851089,0.17450733120135495,31.556824440200856,180.83380350243897,0.009926246029367602,0.09963054767172366,0.39054457039315865,True,True,0.228266041987985,0.19812208725151337,0.16775934842601387,0.31891669028642783,0.9505353763296461,,,theorem_covered,True,7e7c359168029c70c974fc18a2ba61cb7b7c0ddec4ad56d28d885a6e417117d3,success,success,success,success
inference_diagnostic,b867e9855af0a3ac,dgp4_N50_T50_r00005_truth1-1-1,4,50,50,5,fixed_rank,A_entry,success,0.15233512645601405,True,86,8.921572248696154e-09,True,2.5810708922603434,0.18196335111856604,38.74190259055749,212.91046989628992,0.016010192199128085,0.1265313881972694,0.49599392756100896,True,True,0.29946562602486554,,,0.29946562602486554,0.1757705125601159,1.0817033229022734,0.47329972917557916,theorem_covered,True,c7ef82abbde094d01705ad02a9a499ca5bd3ff3eb3265cce8c4b21ad1fbb5ca3,,,,
inference_diagnostic,b867e9855af0a3ac,dgp4_N50_T50_r00005_truth1-1-1,4,50,50,5,fixed_rank,B_entry,success,0.264345681138256,True,93,8.227069527279894e-09,True,0.7083381107937968,0.18196335111856604,38.74190259055749,212.91046989628992,0.36174911326912673,0.6014558281944957,2.357663523105844,True,True,1.4161041049116772,,,1.4161041049116772,0.17233085205812526,0.398144387530809,1.095474884562554,entry_leverage_requires_author_choice,False,c7ef82abbde094d01705ad02a9a499ca5bd3ff3eb3265cce8c4b21ad1fbb5ca3,,,,
inference_diagnostic,b867e9855af0a3ac,dgp4_N50_T50_r00005_truth1-1-1,4,50,50,5,fixed_rank,A_fixed_time_mean,success,0.1380089437487559,True,85,7.018626230101795e-09,True,2.7173010854930846,0.18196335111856604,38.74190259055749,212.91046989628992,0.013005821973890762,0.11404307069651695,0.4470406225030569,True,True,0.3659294196754517,,,0.3659294196754517,0.989020656358845,,,theorem_covered,True,c7ef82abbde094d01705ad02a9a499ca5bd3ff3eb3265cce8c4b21ad1fbb5ca3,,,,
inference_diagnostic,b867e9855af0a3ac,dgp4_N50_T50_r00005_truth1-1-1,4,50,50,5,fixed_rank,B_fixed_time_mean,success,0.12566673847729432,True,92,7.98822599703634e-09,True,0.6580426197840686,0.18196335111856604,38.74190259055749,212.91046989628992,0.028545193479438548,0.168953228674206,0.6622844865464075,True,True,1.174691418952939,,,1.174691418952939,0.9528406940003846,,,theorem_covered,True,c7ef82abbde094d01705ad02a9a499ca5bd3ff3eb3265cce8c4b21ad1fbb5ca3,,,,
inference_diagnostic,b867e9855af0a3ac,dgp4_N50_T50_r00005_truth1-1-1,4,50,50,5,fixed_rank,A_full_mean,split_fit_failure,0.019948447070918446,True,95,7.304471139394646e-09,True,0.8203703055330697,0.18196335111856604,38.74190259055749,212.91046989628992,0.0006990684966473984,0.02643990349164305,0.1036425171966704,True,True,0.47521322138442057,0.47901247452939316,0.4989157793280618,0.4477114102958067,0.9995307562074396,,,theorem_covered,True,c7ef82abbde094d01705ad02a9a499ca5bd3ff3eb3265cce8c4b21ad1fbb5ca3,success,success,success,success
inference_diagnostic,b867e9855af0a3ac,dgp4_N50_T50_r00005_truth1-1-1,4,50,50,5,fixed_rank,B_full_mean,split_fit_failure,0.019359157394681272,True,96,7.564660686446733e-09,True,0.6685623208636832,0.18196335111856604,38.74190259055749,212.91046989628992,0.003435663492246943,0.05861453311463756,0.22976474775063996,True,True,0.6388506202803858,0.5846962844238501,0.6086614247837536,0.7231941516335534,0.9953394003438143,,,theorem_covered,True,c7ef82abbde094d01705ad02a9a499ca5bd3ff3eb3265cce8c4b21ad1fbb5ca3,success,success,success,success
inference_diagnostic,b867e9855af0a3ac,dgp4_N50_T50_r00005_truth1-1-1,4,50,50,5,fixed_rank,A_G1_fixed_time,success,0.122668466793279,True,86,7.005988430672897e-09,True,2.7038146136742975,0.18196335111856604,38.74190259055749,212.91046989628992,0.010452550391049007,0.1022377151106626,0.4007644789571303,True,True,0.3224408355880183,,,0.3224408355880183,0.6121290249374841,,,theorem_covered,True,c7ef82abbde094d01705ad02a9a499ca5bd3ff3eb3265cce8c4b21ad1fbb5ca3,,,,
inference_diagnostic,b867e9855af0a3ac,dgp4_N50_T50_r00005_truth1-1-1,4,50,50,5,fixed_rank,A_G2_fixed_time,success,0.15492287835081245,True,87,7.1014944055118905e-09,True,2.7289670549059206,0.18196335111856604,38.74190259055749,212.91046989628992,0.01607951399771814,0.12680502355079684,0.49706655843663033,True,True,0.409418003762885,,,0.409418003762885,0.7935416399156928,,,theorem_covered,True,c7ef82abbde094d01705ad02a9a499ca5bd3ff3eb3265cce8c4b21ad1fbb5ca3,,,,
inference_diagnostic,b867e9855af0a3ac,dgp4_N50_T50_r00005_truth1-1-1,4,50,50,5,fixed_rank,A_G2_minus_G1_fixed_time,success,0.043719878147585815,True,88,7.98240331179765e-09,True,2.8031450089420726,0.18196335111856604,38.74190259055749,212.91046989628992,0.0010408408760946065,0.032262065589397815,0.1264649732441774,True,True,0.08697716817486668,,,0.08697716817486668,0.1620136375325266,,,theorem_covered,True,c7ef82abbde094d01705ad02a9a499ca5bd3ff3eb3265cce8c4b21ad1fbb5ca3,,,,
inference_diagnostic,b867e9855af0a3ac,dgp4_N50_T50_r00005_truth1-1-1,4,50,50,5,fixed_rank,A_G1_time_average,split_fit_failure,0.02731496151108617,True,94,9.667186904094079e-09,True,1.182854077131571,0.18196335111856604,38.74190259055749,212.91046989628992,0.001208216005956255,0.03475940169157483,0.13625435087929458,True,True,0.41873689281820214,0.4322278338534703,0.44306884317011686,0.3809140014310194,0.9864757006353287,,,theorem_covered,True,c7ef82abbde094d01705ad02a9a499ca5bd3ff3eb3265cce8c4b21ad1fbb5ca3,success,success,success,success
inference_diagnostic,b867e9855af0a3ac,dgp4_N50_T50_r00005_truth1-1-1,4,50,50,5,fixed_rank,A_G2_time_average,split_fit_failure,0.027666680298939546,True,95,4.943011341174435e-09,True,1.0360445230625075,0.18196335111856604,38.74190259055749,212.91046989628992,0.0010115685844737626,0.0318051660029273,0.12467395977611051,True,True,0.5316895499506391,0.525797115205316,0.5547627154860068,0.5145088191605945,0.9920133870508515,,,theorem_covered,True,c7ef82abbde094d01705ad02a9a499ca5bd3ff3eb3265cce8c4b21ad1fbb5ca3,success,success,success,success
inference_diagnostic,b867e9855af0a3ac,dgp4_N50_T50_r00005_truth1-1-1,4,50,50,5,fixed_rank,A_G2_minus_G1_time_average,split_fit_failure,0.03783308710727633,True,88,9.927827494818019e-09,True,2.827871543285352,0.18196335111856604,38.74190259055749,212.91046989628992,0.0016432951983949868,0.040537577608867885,0.15890438426775674,True,True,0.11295265713243689,0.09356928135184575,0.11169387231588984,0.13359481772957507,0.9788580772652677,,,theorem_covered,True,c7ef82abbde094d01705ad02a9a499ca5bd3ff3eb3265cce8c4b21ad1fbb5ca3,success,success,success,success
inference_diagnostic,b867e9855af0a3ac,dgp4_N50_T50_r00005_truth1-1-1,4,50,50,5,fixed_rank,B_G1_fixed_time,success,0.11780795607827521,True,94,6.786464219195153e-09,True,0.6597985145885538,0.18196335111856604,38.74190259055749,212.91046989628992,0.02597904798970067,0.1611801724459329,0.6318146660319675,True,True,1.054434582320136,,,1.054434582320136,0.5492495496360142,,,theorem_covered,True,c7ef82abbde094d01705ad02a9a499ca5bd3ff3eb3265cce8c4b21ad1fbb5ca3,,,,
inference_diagnostic,b867e9855af0a3ac,dgp4_N50_T50_r00005_truth1-1-1,4,50,50,5,fixed_rank,B_G2_fixed_time,success,0.1412431583796087,True,94,5.957604816435954e-09,True,0.6627269453702187,0.18196335111856604,38.74190259055749,212.91046989628992,0.03736784884942554,0.1933076533648514,0.7577520770621234,True,True,1.2949482555857417,,,1.2949482555857417,0.8157741536778441,,,theorem_covered,True,c7ef82abbde094d01705ad02a9a499ca5bd3ff3eb3265cce8c4b21ad1fbb5ca3,,,,
inference_diagnostic,b867e9855af0a3ac,dgp4_N50_T50_r00005_truth1-1-1,4,50,50,5,fixed_rank,B_G2_minus_G1_fixed_time,success,0.0669938203918345,True,96,7.410431653192293e-09,True,0.73791551831803,0.18196335111856604,38.74190259055749,212.91046989628992,0.012513019782496464,0.11186160995845028,0.4384894535424592,True,True,0.2405136732656058,,,0.2405136732656058,0.24342791426012203,,,theorem_covered,True,c7ef82abbde094d01705ad02a9a499ca5bd3ff3eb3265cce8c4b21ad1fbb5ca3,,,,
inference_diagnostic,b867e9855af0a3ac,dgp4_N50_T50_r00005_truth1-1-1,4,50,50,5,fixed_rank,B_G1_time_average,split_fit_failure,0.025365774468559112,True,95,8.29786362555806e-09,True,0.7429607195007083,0.18196335111856604,38.74190259055749,212.91046989628992,0.005259706643690092,0.07252383500401845,0.2842882092572029,True,True,0.5734494830657271,0.5182618721073178,0.5599202896654927,0.6421662874243708,0.9640979909773335,,,theorem_covered,True,c7ef82abbde094d01705ad02a9a499ca5bd3ff3eb3265cce8c4b21ad1fbb5ca3,success,success,success,success
inference_diagnostic,b867e9855af0a3ac,dgp4_N50_T50_r00005_truth1-1-1,4,50,50,5,fixed_rank,B_G2_time_average,split_fit_failure,0.02607322556414218,True,96,7.304176176218098e-09,True,0.6602792294429973,0.18196335111856604,38.74190259055749,212.91046989628992,0.006595489175930108,0.0812126170981462,0.3183476092052167,True,True,0.7042517574950444,0.6511306967403824,0.6574025599020148,0.8042220158427358,0.9829658087266216,,,theorem_covered,True,c7ef82abbde094d01705ad02a9a499ca5bd3ff3eb3265cce8c4b21ad1fbb5ca3,success,success,success,success
inference_diagnostic,b867e9855af0a3ac,dgp4_N50_T50_r00005_truth1-1-1,4,50,50,5,fixed_rank,B_G2_minus_G1_time_average,split_fit_failure,0.03387275175253283,True,96,7.366332881931909e-09,True,0.7395638161121442,0.18196335111856604,38.74190259055749,212.91046989628992,0.009967737669751344,0.09983855803121029,0.3913599560191687,True,True,0.13080227442931724,0.1328688246330647,0.09748227023652219,0.16205572841836485,0.9513181357754805,,,theorem_covered,True,c7ef82abbde094d01705ad02a9a499ca5bd3ff3eb3265cce8c4b21ad1fbb5ca3,success,success,success,success
