record_type_attempt,run_id,dgp,N,T,replication,method,primary_status_attempt,status_attempt,completed_dgp_replication,point_estimate_valid,inference_valid,retained_for_bias_rmse,retained_for_coverage,retained_for_rejection,supplied_rank_vector_attempt,selected_rank_vector_attempt,cap_pilot_rank_attempt,candidate_coverage_attempt,rank_selection_diagnostics_attempt,expected_fit_count,semantic_replication_id_attempt,dgp_realization_hash_attempt,replication_runtime_seconds_attempt,exception_type,exception_message,target,record_type,primary_status,warning_flags,semantic_replication_id,status,true_rank_vector,truth,estimate,standard_error,variance,plugin_estimate,plugin_standard_error,plugin_variance,plugin_error,corrected_estimate,corrected_standard_error,corrected_variance,corrected_error,phi_full,phi_time_sum,phi_unit_sum,split_fit_count,split_coefficient_fit_count,split_fit_runtime_seconds,split_diagnostics_json,time_split_assignments_json,unit_split_assignments_json,centered_reject_5pct,reject_zero_5pct,covered_95pct,corrected,supplied_rank_vector,selected_rank_vector,selected_rank,selected_ic,rank_at_cap,candidate_count,candidate_coverage,cap_pilot_rank,rank_selection_diagnostics,ic_gap,best_neighbor_rank,best_neighbor_target_change,full_objective,full_iterations,stationarity_residual,max_envelope_ratio,riesz_iterations,riesz_equation_residual,riesz_target_rayleigh_quotient,riesz_target_tangent_norm,tangent_gram_coordinate_dimension,tangent_gram_smallest_eigenvalue,tangent_gram_largest_eigenvalue,tangent_gram_condition_number,tangent_gram_eigensolver_converged,tangent_gram_eigensolver_status,weighted_residual_identity,coefficient_bound_active,spatial_cutoff,spatial_c,rank_runtime_seconds,inference_runtime_seconds,replication_runtime_seconds,seed_dgp,config_hash,git_commit,c_a,c_H,c_xi,pre_scaling_max_abs_a,final_max_abs_a,mean_a,mean_b,min_a,max_a,min_b,max_b,mu_lambda_a_1,mu_lambda_a_2,mu_lambda_b_1,mu_lambda_b_2,theoretical_max_abs_A,theoretical_max_abs_B,theoretical_max_abs_H,theoretical_coefficient_envelope,realized_max_abs_A,realized_max_abs_B,realized_max_abs_H,realized_coefficient_envelope,coefficient_bound_B,required_simulation_interior_margin,deterministic_interior_margin,coefficient_envelope_condition_pass,dgp_realization_hash,target_applicability,headline_theorem_target,true_target_direction_norm,true_target_tangent_norm,true_target_projection_ratio,true_entry_unit_leverage_scaled,true_entry_time_leverage_scaled,A_G1_fixed_time_true,A_G2_fixed_time_true,A_G2_minus_G1_fixed_time_true,A_G1_time_average_true,A_G2_time_average_true,A_G2_minus_G1_time_average_true,B_G1_fixed_time_true,B_G2_fixed_time_true,B_G2_minus_G1_fixed_time_true,B_G1_time_average_true,B_G2_time_average_true,B_G2_minus_G1_time_average_true,A_G2_minus_G1_fixed_time_raw_true,A_G2_minus_G1_time_average_raw_true,failure_detail,extreme_estimate_flag
replication,b867e9855af0a3ac,1,50,50,3,fixed_rank,success,success,True,True,True,True,True,True,"[1, 1, 1]",,,,,7,dgp1_N50_T50_r00003_truth1-1-1,67b3f9028ad66f677b71fe9f03e6982e2af1a6f7f48540b487ed98fb1958abcd,1.6109239000070374,,,A_entry,target,success,[],dgp1_N50_T50_r00003_truth1-1-1,success,"[1, 1, 1]",0.29642190861759166,0.4307292241344678,0.10255345356228075,0.010517210837550875,0.4307292241344678,0.10255345356228075,0.010517210837550875,0.13430731551687614,0.4307292241344678,0.10255345356228075,0.010517210837550875,0.13430731551687614,0.4307292241344678,,,0.0,4.0,0.20866469998145476,[],null,null,False,True,True,False,"[1, 1, 1]",,"[1, 1, 1]",,,,,,,,null,,1.6961243014830791,13.0,2.3425190929307788e-05,0.9736933560909805,67.0,9.200875308234961e-09,5.122132209402681,0.1844368277650638,297.0,0.18458294667786787,22.26777243543471,120.63829750370267,True,converged,7.78021023929583e-05,False,0.0,1.0,0.09561829999438487,0.014466799999354407,0.3847163000027649,"[20260810, 4011364011, 1941079659, 1499620634, 1499620634, 2235565902, 1387497986, 1337576661]",b867e9855af0a3ac,610c7358dde2c1b141abb0f783ec54c402df554b,1.0,0.6646034231136213,1.9351874937382814,0.8474454041357267,0.8474454041357267,0.5243826415401053,0.5432393102554574,0.280217019911,0.8474454041357267,0.05641591029582582,1.6734762742235874,0.8999999999999999,1.1,0.8,1.2,0.85,2.031384387633061,6.682939116891857,6.682939116891857,0.8474454041357267,1.6734762742235874,3.7936616704631945,3.7936616704631945,9.0,1.0,2.3170608831081427,True,67b3f9028ad66f677b71fe9f03e6982e2af1a6f7f48540b487ed98fb1958abcd,theorem_covered,True,1.0,0.15201475867070594,0.15201475867070594,0.7608467256056991,0.40067465709766864,,,,,,,,,,,,,,,,False
replication,b867e9855af0a3ac,1,50,50,3,fixed_rank,success,success,True,True,True,True,True,True,"[1, 1, 1]",,,,,7,dgp1_N50_T50_r00003_truth1-1-1,67b3f9028ad66f677b71fe9f03e6982e2af1a6f7f48540b487ed98fb1958abcd,1.6109239000070374,,,B_entry,target,success,[],dgp1_N50_T50_r00003_truth1-1-1,success,"[1, 1, 1]",0.4611412505701008,0.5241238036717546,0.480032017419708,0.23043073774803485,0.5241238036717546,0.480032017419708,0.23043073774803485,0.0629825531016538,0.5241238036717546,0.480032017419708,0.23043073774803485,0.0629825531016538,0.5241238036717546,,,0.0,4.0,0.20866469998145476,[],null,null,False,False,True,False,"[1, 1, 1]",,"[1, 1, 1]",,,,,,,,null,,1.6961243014830791,13.0,2.3425190929307788e-05,0.9736933560909805,72.0,7.828087978756889e-09,0.3837057013205809,0.21120704244304317,297.0,0.18458294667786787,22.26777243543471,120.63829750370267,True,converged,4.0584115692357105e-05,False,0.0,1.0,0.09561829999438487,0.015081699995789677,0.4365029000036884,"[20260810, 4011364011, 1941079659, 1499620634, 1499620634, 2235565902, 1387497986, 1337576661]",b867e9855af0a3ac,610c7358dde2c1b141abb0f783ec54c402df554b,1.0,0.6646034231136213,1.9351874937382814,0.8474454041357267,0.8474454041357267,0.5243826415401053,0.5432393102554574,0.280217019911,0.8474454041357267,0.05641591029582582,1.6734762742235874,0.8999999999999999,1.1,0.8,1.2,0.85,2.031384387633061,6.682939116891857,6.682939116891857,0.8474454041357267,1.6734762742235874,3.7936616704631945,3.7936616704631945,9.0,1.0,2.3170608831081427,True,67b3f9028ad66f677b71fe9f03e6982e2af1a6f7f48540b487ed98fb1958abcd,entry_leverage_requires_author_choice,False,1.0,0.1738792963798538,0.1738792963798538,0.892466950278498,0.6304873170600718,,,,,,,,,,,,,,,,False
replication,b867e9855af0a3ac,1,50,50,3,fixed_rank,success,success,True,True,True,True,True,True,"[1, 1, 1]",,,,,7,dgp1_N50_T50_r00003_truth1-1-1,67b3f9028ad66f677b71fe9f03e6982e2af1a6f7f48540b487ed98fb1958abcd,1.6109239000070374,,,A_fixed_time_mean,target,success,[],dgp1_N50_T50_r00003_truth1-1-1,success,"[1, 1, 1]",0.3379372481980214,0.3824408934571301,0.0767404145532495,0.005889091225804587,0.3824408934571301,0.0767404145532495,0.005889091225804587,0.044503645259108715,0.3824408934571301,0.0767404145532495,0.005889091225804587,0.044503645259108715,0.3824408934571301,,,0.0,4.0,0.20866469998145476,[],null,null,False,True,True,False,"[1, 1, 1]",,"[1, 1, 1]",,,,,,,,null,,1.6961243014830791,13.0,2.3425190929307788e-05,0.9736933560909805,63.0,9.117485996813407e-09,6.961376624651583,0.1361974356531002,297.0,0.18458294667786787,22.26777243543471,120.63829750370267,True,converged,1.770048267815444e-05,False,0.0,1.0,0.09561829999438487,0.019099099998129532,0.4944967000046745,"[20260810, 4011364011, 1941079659, 1499620634, 1499620634, 2235565902, 1387497986, 1337576661]",b867e9855af0a3ac,610c7358dde2c1b141abb0f783ec54c402df554b,1.0,0.6646034231136213,1.9351874937382814,0.8474454041357267,0.8474454041357267,0.5243826415401053,0.5432393102554574,0.280217019911,0.8474454041357267,0.05641591029582582,1.6734762742235874,0.8999999999999999,1.1,0.8,1.2,0.85,2.031384387633061,6.682939116891857,6.682939116891857,0.8474454041357267,1.6734762742235874,3.7936616704631945,3.7936616704631945,9.0,1.0,2.3170608831081427,True,67b3f9028ad66f677b71fe9f03e6982e2af1a6f7f48540b487ed98fb1958abcd,theorem_covered,True,0.14142135623730953,0.14064001233167947,0.994475064258902,,,,,,,,,,,,,,,,,,False
replication,b867e9855af0a3ac,1,50,50,3,fixed_rank,success,success,True,True,True,True,True,True,"[1, 1, 1]",,,,,7,dgp1_N50_T50_r00003_truth1-1-1,67b3f9028ad66f677b71fe9f03e6982e2af1a6f7f48540b487ed98fb1958abcd,1.6109239000070374,,,B_fixed_time_mean,target,success,[],dgp1_N50_T50_r00003_truth1-1-1,success,"[1, 1, 1]",0.46064593313748337,1.019374523108566,0.23349008694503753,0.05451762070160118,1.019374523108566,0.23349008694503753,0.05451762070160118,0.5587285899710827,1.019374523108566,0.23349008694503753,0.05451762070160118,0.5587285899710827,1.019374523108566,,,0.0,4.0,0.20866469998145476,[],null,null,True,True,False,False,"[1, 1, 1]",,"[1, 1, 1]",,,,,,,,null,,1.6961243014830791,13.0,2.3425190929307788e-05,0.9736933560909805,70.0,9.051096951419708e-09,0.8975197100714959,0.1262532362778761,297.0,0.18458294667786787,22.26777243543471,120.63829750370267,True,converged,1.3297815228977103e-05,False,0.0,1.0,0.09561829999438487,0.012863700016168877,0.5458365000085905,"[20260810, 4011364011, 1941079659, 1499620634, 1499620634, 2235565902, 1387497986, 1337576661]",b867e9855af0a3ac,610c7358dde2c1b141abb0f783ec54c402df554b,1.0,0.6646034231136213,1.9351874937382814,0.8474454041357267,0.8474454041357267,0.5243826415401053,0.5432393102554574,0.280217019911,0.8474454041357267,0.05641591029582582,1.6734762742235874,0.8999999999999999,1.1,0.8,1.2,0.85,2.031384387633061,6.682939116891857,6.682939116891857,0.8474454041357267,1.6734762742235874,3.7936616704631945,3.7936616704631945,9.0,1.0,2.3170608831081427,True,67b3f9028ad66f677b71fe9f03e6982e2af1a6f7f48540b487ed98fb1958abcd,theorem_covered,True,0.14142135623730953,0.13356128839148462,0.9444209272563087,,,,,,,,,,,,,,,,,,False
replication,b867e9855af0a3ac,1,50,50,3,fixed_rank,success,success,True,True,False,True,False,False,"[1, 1, 1]",,,,,7,dgp1_N50_T50_r00003_truth1-1-1,67b3f9028ad66f677b71fe9f03e6982e2af1a6f7f48540b487ed98fb1958abcd,1.6109239000070374,,,A_full_mean,target,split_fit_failure,[],dgp1_N50_T50_r00003_truth1-1-1,split_fit_not_converged,"[1, 1, 1]",0.5243826415401055,0.49689237444015794,0.0245505058472701,0.0006027273373568434,0.491486593063015,0.01563164910092661,0.0002443484536144996,-0.03289604847709049,0.49689237444015794,0.0245505058472701,0.0006027273373568434,-0.027490267099947563,0.491486593063015,0.4797779987447931,0.497789406004094,4.0,4.0,0.20866469998145476,"[{""converged"": true, ""kind"": ""time"", ""max_envelope_ratio"": 1.196535866344936, ""n"": 50, ""numerical_rank_vector"": [1, 1, 1], ""part"": 0, ""rank_supported"": true, ""riesz_converged"": true, ""riesz_equation_residual"": 7.775095310263653e-09, ""riesz_solver"": ""cg"", ""riesz_target_rayleigh_quotient"": 0.8316256863713508, ""riesz_target_stable"": true, ""split_rank_singular_values"": [{""block"": ""A"", ""computational_rank_supported"": true, ""relative_rank_floor"": 1e-10, ""sigma_1"": 20.42198084202433, ""sigma_r"": 20.42198084202433, ""sigma_r_over_sigma_1"": 1.0, ""supplied_rank"": 1}, {""block"": ""B"", ""computational_rank_supported"": true, ""relative_rank_floor"": 1e-10, ""sigma_1"": 29.308813238905845, ""sigma_r"": 29.308813238905845, ""sigma_r_over_sigma_1"": 1.0, ""supplied_rank"": 1}, {""block"": ""H"", ""computational_rank_supported"": true, ""relative_rank_floor"": 1e-10, ""sigma_1"": 50.16066231519942, ""sigma_r"": 50.16066231519942, ""sigma_r_over_sigma_1"": 1.0, ""supplied_rank"": 1}], ""stationarity_residual"": 3.647038684202163e-05, ""t"": 25, ""tangent_gram_condition_number"": 152.9651030902458, ""tangent_gram_coordinate_dimension"": 222, ""tangent_gram_eigensolver_converged"": true, ""tangent_gram_eigensolver_status"": ""converged"", ""tangent_gram_largest_eigenvalue"": 28.538504705244023, ""tangent_gram_smallest_eigenvalue"": 0.18656872795625143, ""target_support_norm"": 0.014014187646527348, ""target_supported"": true}, {""converged"": true, ""kind"": ""time"", ""max_envelope_ratio"": 0.6455421023510645, ""n"": 50, ""numerical_rank_vector"": [1, 1, 1], ""part"": 1, ""rank_supported"": true, ""riesz_converged"": true, ""riesz_equation_residual"": 8.471141032966496e-09, ""riesz_solver"": ""cg"", ""riesz_target_rayleigh_quotient"": 1.1726170564386664, ""riesz_target_stable"": true, ""split_rank_singular_values"": [{""block"": ""A"", ""computational_rank_supported"": true, ""relative_rank_floor"": 1e-10, ""sigma_1"": 18.887036850101204, ""sigma_r"": 18.887036850101204, ""sigma_r_over_sigma_1"": 1.0, ""supplied_rank"": 1}, {""block"": ""B"", ""computational_rank_supported"": true, ""relative_rank_floor"": 1e-10, ""sigma_1"": 32.97655340843385, ""sigma_r"": 32.97655340843385, ""sigma_r_over_sigma_1"": 1.0, ""supplied_rank"": 1}, {""block"": ""H"", ""computational_rank_supported"": true, ""relative_rank_floor"": 1e-10, ""sigma_1"": 41.06749503672601, ""sigma_r"": 41.06749503672601, ""sigma_r_over_sigma_1"": 1.0, ""supplied_rank"": 1}], ""stationarity_residual"": 4.998361691678955e-05, ""t"": 25, ""tangent_gram_condition_number"": 89.59098543508311, ""tangent_gram_coordinate_dimension"": 222, ""tangent_gram_eigensolver_converged"": true, ""tangent_gram_eigensolver_status"": ""converged"", ""tangent_gram_largest_eigenvalue"": 21.15294286055923, ""tangent_gram_smallest_eigenvalue"": 0.23610570592380054, ""target_support_norm"": 0.014011223749782864, ""target_supported"": true}, {""converged"": true, ""kind"": ""unit"", ""max_envelope_ratio"": 1.0371906031294298, ""n"": 26, ""numerical_rank_vector"": [1, 1, 1], ""part"": 0, ""rank_supported"": true, ""riesz_converged"": true, ""riesz_equation_residual"": 8.355076056235188e-09, ""riesz_solver"": ""cg"", ""riesz_target_rayleigh_quotient"": 0.9526443267242516, ""riesz_target_stable"": true, ""split_rank_singular_values"": [{""block"": ""A"", ""computational_rank_supported"": true, ""relative_rank_floor"": 1e-10, ""sigma_1"": 20.115727735789566, ""sigma_r"": 20.115727735789566, ""sigma_r_over_sigma_1"": 1.0, ""supplied_rank"": 1}, {""block"": ""B"", ""computational_rank_supported"": true, ""relative_rank_floor"": 1e-10, ""sigma_1"": 33.224461058426904, ""sigma_r"": 33.224461058426904, ""sigma_r_over_sigma_1"": 1.0, ""supplied_rank"": 1}, {""block"": ""H"", ""computational_rank_supported"": true, ""relative_rank_floor"": 1e-10, ""sigma_1"": 44.43399082544207, ""sigma_r"": 44.43399082544207, ""sigma_r_over_sigma_1"": 1.0, ""supplied_rank"": 1}], ""stationarity_residual"": 2.7031776676747224e-05, ""t"": 50, ""tangent_gram_condition_number"": 123.78784285369443, ""tangent_gram_coordinate_dimension"": 225, ""tangent_gram_eigensolver_converged"": true, ""tangent_gram_eigensolver_status"": ""converged"", ""tangent_gram_largest_eigenvalue"": 24.224250815919497, ""tangent_gram_smallest_eigenvalue"": 0.19569167906536897, ""target_support_norm"": 0.014300802668459603, ""target_supported"": true}, {""converged"": true, ""kind"": ""unit"", ""max_envelope_ratio"": 0.656373420588887, ""n"": 24, ""numerical_rank_vector"": [1, 1, 1], ""part"": 1, ""rank_supported"": true, ""riesz_converged"": true, ""riesz_equation_residual"": 8.721392699782533e-09, ""riesz_solver"": ""cg"", ""riesz_target_rayleigh_quotient"": 1.0834752868314736, ""riesz_target_stable"": true, ""split_rank_singular_values"": [{""block"": ""A"", ""computational_rank_supported"": true, ""relative_rank_floor"": 1e-10, ""sigma_1"": 20.147269091439213, ""sigma_r"": 20.147269091439213, ""sigma_r_over_sigma_1"": 1.0, ""supplied_rank"": 1}, {""block"": ""B"", ""computational_rank_supported"": true, ""relative_rank_floor"": 1e-10, ""sigma_1"": 30.85101949530254, ""sigma_r"": 30.85101949530254, ""sigma_r_over_sigma_1"": 1.0, ""supplied_rank"": 1}, {""block"": ""H"", ""computational_rank_supported"": true, ""relative_rank_floor"": 1e-10, ""sigma_1"": 41.23264343132689, ""sigma_r"": 41.23264343132689, ""sigma_r_over_sigma_1"": 1.0, ""supplied_rank"": 1}], ""stationarity_residual"": 5.196459616614552e-05, ""t"": 50, ""tangent_gram_condition_number"": 103.25416943892075, ""tangent_gram_coordinate_dimension"": 219, ""tangent_gram_eigensolver_converged"": true, ""tangent_gram_eigensolver_status"": ""converged"", ""tangent_gram_largest_eigenvalue"": 27.54885213531103, ""tangent_gram_smallest_eigenvalue"": 0.2668061956723922, ""target_support_norm"": 0.01377522057737645, ""target_supported"": true}]","[[0, 2, 4, 5, 7, 11, 12, 15, 16, 18, 22, 23, 24, 27, 29, 31, 33, 35, 38, 40, 44, 45, 46, 48, 49], [1, 3, 6, 8, 9, 10, 13, 14, 17, 19, 20, 21, 25, 26, 28, 30, 32, 34, 36, 37, 39, 41, 42, 43, 47]]","[[1, 2, 4, 8, 9, 10, 11, 13, 14, 18, 20, 21, 23, 26, 28, 30, 33, 34, 36, 40, 41, 42, 43, 45, 46, 47], [0, 3, 5, 6, 7, 12, 15, 16, 17, 19, 22, 24, 25, 27, 29, 31, 32, 35, 37, 38, 39, 44, 48, 49]]",False,False,False,True,"[1, 1, 1]",,"[1, 1, 1]",,,,,,,,null,,1.6961243014830791,13.0,2.3425190929307788e-05,0.9736933560909805,72.0,7.4455351704304e-09,1.176020275770401,0.019918138922815194,297.0,0.18458294667786787,22.26777243543471,120.63829750370267,True,converged,6.963086630972443e-05,False,0.0,1.0,0.09561829999438487,0.060685900010867044,0.6356762000068557,"[20260810, 4011364011, 1941079659, 1499620634, 1499620634, 2235565902, 1387497986, 1337576661]",b867e9855af0a3ac,610c7358dde2c1b141abb0f783ec54c402df554b,1.0,0.6646034231136213,1.9351874937382814,0.8474454041357267,0.8474454041357267,0.5243826415401053,0.5432393102554574,0.280217019911,0.8474454041357267,0.05641591029582582,1.6734762742235874,0.8999999999999999,1.1,0.8,1.2,0.85,2.031384387633061,6.682939116891857,6.682939116891857,0.8474454041357267,1.6734762742235874,3.7936616704631945,3.7936616704631945,9.0,1.0,2.3170608831081427,True,67b3f9028ad66f677b71fe9f03e6982e2af1a6f7f48540b487ed98fb1958abcd,theorem_covered,True,0.01999999999999997,0.019996084306992432,0.9998042153496232,,,,,,,,,,,,,,,,,,False
replication,b867e9855af0a3ac,1,50,50,3,fixed_rank,success,success,True,True,False,True,False,False,"[1, 1, 1]",,,,,7,dgp1_N50_T50_r00003_truth1-1-1,67b3f9028ad66f677b71fe9f03e6982e2af1a6f7f48540b487ed98fb1958abcd,1.6109239000070374,,,B_full_mean,target,split_fit_failure,[],dgp1_N50_T50_r00003_truth1-1-1,split_fit_not_converged,"[1, 1, 1]",0.5432393102554572,0.6903601266675659,0.06165387529366792,0.003801200338727156,0.633104798846307,0.036298640587058076,0.00131759130846842,0.08986548859084975,0.6903601266675659,0.06165387529366792,0.003801200338727156,0.1471208164121086,0.633104798846307,0.6187283346428707,0.5902259352284844,4.0,4.0,0.20866469998145476,"[{""converged"": true, ""kind"": ""time"", ""max_envelope_ratio"": 1.196535866344936, ""n"": 50, ""numerical_rank_vector"": [1, 1, 1], ""part"": 0, ""rank_supported"": true, ""riesz_converged"": true, ""riesz_equation_residual"": 8.924383591764884e-09, ""riesz_solver"": ""cg"", ""riesz_target_rayleigh_quotient"": 0.5073110352489708, ""riesz_target_stable"": true, ""split_rank_singular_values"": [{""block"": ""A"", ""computational_rank_supported"": true, ""relative_rank_floor"": 1e-10, ""sigma_1"": 20.42198084202433, ""sigma_r"": 20.42198084202433, ""sigma_r_over_sigma_1"": 1.0, ""supplied_rank"": 1}, {""block"": ""B"", ""computational_rank_supported"": true, ""relative_rank_floor"": 1e-10, ""sigma_1"": 29.308813238905845, ""sigma_r"": 29.308813238905845, ""sigma_r_over_sigma_1"": 1.0, ""supplied_rank"": 1}, {""block"": ""H"", ""computational_rank_supported"": true, ""relative_rank_floor"": 1e-10, ""sigma_1"": 50.16066231519942, ""sigma_r"": 50.16066231519942, ""sigma_r_over_sigma_1"": 1.0, ""supplied_rank"": 1}], ""stationarity_residual"": 3.647038684202163e-05, ""t"": 25, ""tangent_gram_condition_number"": 152.9651030902458, ""tangent_gram_coordinate_dimension"": 222, ""tangent_gram_eigensolver_converged"": true, ""tangent_gram_eigensolver_status"": ""converged"", ""tangent_gram_largest_eigenvalue"": 28.538504705244023, ""tangent_gram_smallest_eigenvalue"": 0.18656872795625143, ""target_support_norm"": 0.013627386784052448, ""target_supported"": true}, {""converged"": true, ""kind"": ""time"", ""max_envelope_ratio"": 0.6455421023510645, ""n"": 50, ""numerical_rank_vector"": [1, 1, 1], ""part"": 1, ""rank_supported"": true, ""riesz_converged"": true, ""riesz_equation_residual"": 9.295814787142736e-09, ""riesz_solver"": ""cg"", ""riesz_target_rayleigh_quotient"": 0.4929165606664907, ""riesz_target_stable"": true, ""split_rank_singular_values"": [{""block"": ""A"", ""computational_rank_supported"": true, ""relative_rank_floor"": 1e-10, ""sigma_1"": 18.887036850101204, ""sigma_r"": 18.887036850101204, ""sigma_r_over_sigma_1"": 1.0, ""supplied_rank"": 1}, {""block"": ""B"", ""computational_rank_supported"": true, ""relative_rank_floor"": 1e-10, ""sigma_1"": 32.97655340843385, ""sigma_r"": 32.97655340843385, ""sigma_r_over_sigma_1"": 1.0, ""supplied_rank"": 1}, {""block"": ""H"", ""computational_rank_supported"": true, ""relative_rank_floor"": 1e-10, ""sigma_1"": 41.06749503672601, ""sigma_r"": 41.06749503672601, ""sigma_r_over_sigma_1"": 1.0, ""supplied_rank"": 1}], ""stationarity_residual"": 4.998361691678955e-05, ""t"": 25, ""tangent_gram_condition_number"": 89.59098543508311, ""tangent_gram_coordinate_dimension"": 222, ""tangent_gram_eigensolver_converged"": true, ""tangent_gram_eigensolver_status"": ""converged"", ""tangent_gram_largest_eigenvalue"": 21.15294286055923, ""tangent_gram_smallest_eigenvalue"": 0.23610570592380054, ""target_support_norm"": 0.013451558866883975, ""target_supported"": true}, {""converged"": true, ""kind"": ""unit"", ""max_envelope_ratio"": 1.0371906031294298, ""n"": 26, ""numerical_rank_vector"": [1, 1, 1], ""part"": 0, ""rank_supported"": true, ""riesz_converged"": true, ""riesz_equation_residual"": 9.550273472071644e-09, ""riesz_solver"": ""cg"", ""riesz_target_rayleigh_quotient"": 0.45318852611798704, ""riesz_target_stable"": true, ""split_rank_singular_values"": [{""block"": ""A"", ""computational_rank_supported"": true, ""relative_rank_floor"": 1e-10, ""sigma_1"": 20.115727735789566, ""sigma_r"": 20.115727735789566, ""sigma_r_over_sigma_1"": 1.0, ""supplied_rank"": 1}, {""block"": ""B"", ""computational_rank_supported"": true, ""relative_rank_floor"": 1e-10, ""sigma_1"": 33.224461058426904, ""sigma_r"": 33.224461058426904, ""sigma_r_over_sigma_1"": 1.0, ""supplied_rank"": 1}, {""block"": ""H"", ""computational_rank_supported"": true, ""relative_rank_floor"": 1e-10, ""sigma_1"": 44.43399082544207, ""sigma_r"": 44.43399082544207, ""sigma_r_over_sigma_1"": 1.0, ""supplied_rank"": 1}], ""stationarity_residual"": 2.7031776676747224e-05, ""t"": 50, ""tangent_gram_condition_number"": 123.78784285369443, ""tangent_gram_coordinate_dimension"": 225, ""tangent_gram_eigensolver_converged"": true, ""tangent_gram_eigensolver_status"": ""converged"", ""tangent_gram_largest_eigenvalue"": 24.224250815919497, ""tangent_gram_smallest_eigenvalue"": 0.19569167906536897, ""target_support_norm"": 0.013405629486957324, ""target_supported"": true}, {""converged"": true, ""kind"": ""unit"", ""max_envelope_ratio"": 0.656373420588887, ""n"": 24, ""numerical_rank_vector"": [1, 1, 1], ""part"": 1, ""rank_supported"": true, ""riesz_converged"": true, ""riesz_equation_residual"": 9.751276587610991e-09, ""riesz_solver"": ""cg"", ""riesz_target_rayleigh_quotient"": 0.6411973406311525, ""riesz_target_stable"": true, ""split_rank_singular_values"": [{""block"": ""A"", ""computational_rank_supported"": true, ""relative_rank_floor"": 1e-10, ""sigma_1"": 20.147269091439213, ""sigma_r"": 20.147269091439213, ""sigma_r_over_sigma_1"": 1.0, ""supplied_rank"": 1}, {""block"": ""B"", ""computational_rank_supported"": true, ""relative_rank_floor"": 1e-10, ""sigma_1"": 30.85101949530254, ""sigma_r"": 30.85101949530254, ""sigma_r_over_sigma_1"": 1.0, ""supplied_rank"": 1}, {""block"": ""H"", ""computational_rank_supported"": true, ""relative_rank_floor"": 1e-10, ""sigma_1"": 41.23264343132689, ""sigma_r"": 41.23264343132689, ""sigma_r_over_sigma_1"": 1.0, ""supplied_rank"": 1}], ""stationarity_residual"": 5.196459616614552e-05, ""t"": 50, ""tangent_gram_condition_number"": 103.25416943892075, ""tangent_gram_coordinate_dimension"": 219, ""tangent_gram_eigensolver_converged"": true, ""tangent_gram_eigensolver_status"": ""converged"", ""tangent_gram_largest_eigenvalue"": 27.54885213531103, ""tangent_gram_smallest_eigenvalue"": 0.2668061956723922, ""target_support_norm"": 0.013145022788027129, ""target_supported"": true}]","[[0, 2, 4, 5, 7, 11, 12, 15, 16, 18, 22, 23, 24, 27, 29, 31, 33, 35, 38, 40, 44, 45, 46, 48, 49], [1, 3, 6, 8, 9, 10, 13, 14, 17, 19, 20, 21, 25, 26, 28, 30, 32, 34, 36, 37, 39, 41, 42, 43, 47]]","[[1, 2, 4, 8, 9, 10, 11, 13, 14, 18, 20, 21, 23, 26, 28, 30, 33, 34, 36, 40, 41, 42, 43, 45, 46, 47], [0, 3, 5, 6, 7, 12, 15, 16, 17, 19, 22, 24, 25, 27, 29, 31, 32, 35, 37, 38, 39, 44, 48, 49]]",False,False,False,True,"[1, 1, 1]",,"[1, 1, 1]",,,,,,,,null,,1.6961243014830791,13.0,2.3425190929307788e-05,0.9736933560909805,74.0,8.530296384204132e-09,0.6054716903607843,0.019535890010194717,297.0,0.18458294667786787,22.26777243543471,120.63829750370267,True,converged,0.00014714789402029346,False,0.0,1.0,0.09561829999438487,0.06275510002160445,0.7309371999872383,"[20260810, 4011364011, 1941079659, 1499620634, 1499620634, 2235565902, 1387497986, 1337576661]",b867e9855af0a3ac,610c7358dde2c1b141abb0f783ec54c402df554b,1.0,0.6646034231136213,1.9351874937382814,0.8474454041357267,0.8474454041357267,0.5243826415401053,0.5432393102554574,0.280217019911,0.8474454041357267,0.05641591029582582,1.6734762742235874,0.8999999999999999,1.1,0.8,1.2,0.85,2.031384387633061,6.682939116891857,6.682939116891857,0.8474454041357267,1.6734762742235874,3.7936616704631945,3.7936616704631945,9.0,1.0,2.3170608831081427,True,67b3f9028ad66f677b71fe9f03e6982e2af1a6f7f48540b487ed98fb1958abcd,theorem_covered,True,0.01999999999999997,0.019864753638845187,0.9932376819422609,,,,,,,,,,,,,,,,,,False
replication,b867e9855af0a3ac,1,50,50,3,fixed_rank,success,success,True,True,True,True,True,True,"[1, 1, 1]",,,,,7,dgp1_N50_T50_r00003_truth1-1-1,67b3f9028ad66f677b71fe9f03e6982e2af1a6f7f48540b487ed98fb1958abcd,1.6109239000070374,,,A_G1_fixed_time,target,success,[],dgp1_N50_T50_r00003_truth1-1-1,success,"[1, 1, 1]",0.34339830920692815,0.39347152079253395,0.07957948652456254,0.006332894675513031,0.39347152079253395,0.07957948652456254,0.006332894675513031,0.05007321158560579,0.39347152079253395,0.07957948652456254,0.006332894675513031,0.05007321158560579,0.39347152079253395,,,0.0,4.0,0.20866469998145476,[],null,null,False,True,True,False,"[1, 1, 1]",,"[1, 1, 1]",,,,,,,,null,,1.6961243014830791,13.0,2.3425190929307788e-05,0.9736933560909805,65.0,9.768198658551181e-09,6.968449524364175,0.14084683861580294,297.0,0.18458294667786787,22.26777243543471,120.63829750370267,True,converged,9.64837706230957e-06,False,0.0,1.0,0.09561829999438487,0.011163800023496151,0.7731217000109609,"[20260810, 4011364011, 1941079659, 1499620634, 1499620634, 2235565902, 1387497986, 1337576661]",b867e9855af0a3ac,610c7358dde2c1b141abb0f783ec54c402df554b,1.0,0.6646034231136213,1.9351874937382814,0.8474454041357267,0.8474454041357267,0.5243826415401053,0.5432393102554574,0.280217019911,0.8474454041357267,0.05641591029582582,1.6734762742235874,0.8999999999999999,1.1,0.8,1.2,0.85,2.031384387633061,6.682939116891857,6.682939116891857,0.8474454041357267,1.6734762742235874,3.7936616704631945,3.7936616704631945,9.0,1.0,2.3170608831081427,True,67b3f9028ad66f677b71fe9f03e6982e2af1a6f7f48540b487ed98fb1958abcd,theorem_covered,True,0.2,0.14345418442248994,0.7172709221124497,,,,,,,,,,,,,,,,,,False
replication,b867e9855af0a3ac,1,50,50,3,fixed_rank,success,success,True,True,True,True,True,True,"[1, 1, 1]",,,,,7,dgp1_N50_T50_r00003_truth1-1-1,67b3f9028ad66f677b71fe9f03e6982e2af1a6f7f48540b487ed98fb1958abcd,1.6109239000070374,,,A_G2_fixed_time,target,success,[],dgp1_N50_T50_r00003_truth1-1-1,success,"[1, 1, 1]",0.33247618718911454,0.37141026612172634,0.0752612785235636,0.005664260045001415,0.37141026612172634,0.0752612785235636,0.005664260045001415,0.038934078932611804,0.37141026612172634,0.0752612785235636,0.005664260045001415,0.038934078932611804,0.37141026612172634,,,0.0,4.0,0.20866469998145476,[],null,null,False,True,True,False,"[1, 1, 1]",,"[1, 1, 1]",,,,,,,,null,,1.6961243014830791,13.0,2.3425190929307788e-05,0.9736933560909805,65.0,8.644958572075685e-09,6.512550920947602,0.13312611191343127,297.0,0.18458294667786787,22.26777243543471,120.63829750370267,True,converged,2.5726789407211054e-05,False,0.0,1.0,0.09561829999438487,0.012605700001586229,0.8150736000097822,"[20260810, 4011364011, 1941079659, 1499620634, 1499620634, 2235565902, 1387497986, 1337576661]",b867e9855af0a3ac,610c7358dde2c1b141abb0f783ec54c402df554b,1.0,0.6646034231136213,1.9351874937382814,0.8474454041357267,0.8474454041357267,0.5243826415401053,0.5432393102554574,0.280217019911,0.8474454041357267,0.05641591029582582,1.6734762742235874,0.8999999999999999,1.1,0.8,1.2,0.85,2.031384387633061,6.682939116891857,6.682939116891857,0.8474454041357267,1.6734762742235874,3.7936616704631945,3.7936616704631945,9.0,1.0,2.3170608831081427,True,67b3f9028ad66f677b71fe9f03e6982e2af1a6f7f48540b487ed98fb1958abcd,theorem_covered,True,0.2,0.13896369967189817,0.6948184983594908,,,,,,,,,,,,,,,,,,True
replication,b867e9855af0a3ac,1,50,50,3,fixed_rank,success,success,True,True,True,True,True,True,"[1, 1, 1]",,,,,7,dgp1_N50_T50_r00003_truth1-1-1,67b3f9028ad66f677b71fe9f03e6982e2af1a6f7f48540b487ed98fb1958abcd,1.6109239000070374,,,A_G2_minus_G1_fixed_time,target,success,[],dgp1_N50_T50_r00003_truth1-1-1,success,"[1, 1, 1]",-0.01092212201781367,-0.02206125467080759,0.02092712323161937,0.00043794448675138313,-0.02206125467080759,0.02092712323161937,0.00043794448675138313,-0.011139132652993919,-0.02206125467080759,0.02092712323161937,0.00043794448675138313,-0.011139132652993919,-0.02206125467080759,,,0.0,4.0,0.20866469998145476,[],null,null,False,False,True,False,"[1, 1, 1]",,"[1, 1, 1]",,,,,,,,null,,1.6961243014830791,13.0,2.3425190929307788e-05,0.9736933560909805,69.0,7.919288811707334e-09,2.878444901954503,0.03036151064399623,297.0,0.18458294667786787,22.26777243543471,120.63829750370267,True,converged,5.052744833520788e-05,False,0.0,1.0,0.09561829999438487,0.013016000011703,0.8565664000052493,"[20260810, 4011364011, 1941079659, 1499620634, 1499620634, 2235565902, 1387497986, 1337576661]",b867e9855af0a3ac,610c7358dde2c1b141abb0f783ec54c402df554b,1.0,0.6646034231136213,1.9351874937382814,0.8474454041357267,0.8474454041357267,0.5243826415401053,0.5432393102554574,0.280217019911,0.8474454041357267,0.05641591029582582,1.6734762742235874,0.8999999999999999,1.1,0.8,1.2,0.85,2.031384387633061,6.682939116891857,6.682939116891857,0.8474454041357267,1.6734762742235874,3.7936616704631945,3.7936616704631945,9.0,1.0,2.3170608831081427,True,67b3f9028ad66f677b71fe9f03e6982e2af1a6f7f48540b487ed98fb1958abcd,weak_target_stress_outside_assumption9,False,0.28284271247461906,0.025721069865516134,0.09093771460639707,,,,,,,,,,,,,,,,,,False
replication,b867e9855af0a3ac,1,50,50,3,fixed_rank,success,success,True,True,False,True,False,False,"[1, 1, 1]",,,,,7,dgp1_N50_T50_r00003_truth1-1-1,67b3f9028ad66f677b71fe9f03e6982e2af1a6f7f48540b487ed98fb1958abcd,1.6109239000070374,,,A_G1_time_average,target,split_fit_failure,[],dgp1_N50_T50_r00003_truth1-1-1,split_fit_not_converged,"[1, 1, 1]",0.5328566573898889,0.5257581439672263,0.03127603396262897,0.000978190300431521,0.5056623926210011,0.02019689673374226,0.00040791463767344876,-0.027194264768887755,0.5257581439672263,0.03127603396262897,0.000978190300431521,-0.007098513422662545,0.5056623926210011,0.49066223458925207,0.500566799306525,4.0,4.0,0.20866469998145476,"[{""converged"": true, ""kind"": ""time"", ""max_envelope_ratio"": 1.196535866344936, ""n"": 50, ""numerical_rank_vector"": [1, 1, 1], ""part"": 0, ""rank_supported"": true, ""riesz_converged"": true, ""riesz_equation_residual"": 6.435477390520996e-09, ""riesz_solver"": ""cg"", ""riesz_target_rayleigh_quotient"": 1.3278446451454593, ""riesz_target_stable"": true, ""split_rank_singular_values"": [{""block"": ""A"", ""computational_rank_supported"": true, ""relative_rank_floor"": 1e-10, ""sigma_1"": 20.42198084202433, ""sigma_r"": 20.42198084202433, ""sigma_r_over_sigma_1"": 1.0, ""supplied_rank"": 1}, {""block"": ""B"", ""computational_rank_supported"": true, ""relative_rank_floor"": 1e-10, ""sigma_1"": 29.308813238905845, ""sigma_r"": 29.308813238905845, ""sigma_r_over_sigma_1"": 1.0, ""supplied_rank"": 1}, {""block"": ""H"", ""computational_rank_supported"": true, ""relative_rank_floor"": 1e-10, ""sigma_1"": 50.16066231519942, ""sigma_r"": 50.16066231519942, ""sigma_r_over_sigma_1"": 1.0, ""supplied_rank"": 1}], ""stationarity_residual"": 3.647038684202163e-05, ""t"": 25, ""tangent_gram_condition_number"": 152.9651030902458, ""tangent_gram_coordinate_dimension"": 222, ""tangent_gram_eigensolver_converged"": true, ""tangent_gram_eigensolver_status"": ""converged"", ""tangent_gram_largest_eigenvalue"": 28.538504705244023, ""tangent_gram_smallest_eigenvalue"": 0.18656872795625143, ""target_support_norm"": 0.01912704700985356, ""target_supported"": true}, {""converged"": true, ""kind"": ""time"", ""max_envelope_ratio"": 0.6455421023510645, ""n"": 50, ""numerical_rank_vector"": [1, 1, 1], ""part"": 1, ""rank_supported"": true, ""riesz_converged"": true, ""riesz_equation_residual"": 9.201783310467955e-09, ""riesz_solver"": ""cg"", ""riesz_target_rayleigh_quotient"": 1.6979226416442001, ""riesz_target_stable"": true, ""split_rank_singular_values"": [{""block"": ""A"", ""computational_rank_supported"": true, ""relative_rank_floor"": 1e-10, ""sigma_1"": 18.887036850101204, ""sigma_r"": 18.887036850101204, ""sigma_r_over_sigma_1"": 1.0, ""supplied_rank"": 1}, {""block"": ""B"", ""computational_rank_supported"": true, ""relative_rank_floor"": 1e-10, ""sigma_1"": 32.97655340843385, ""sigma_r"": 32.97655340843385, ""sigma_r_over_sigma_1"": 1.0, ""supplied_rank"": 1}, {""block"": ""H"", ""computational_rank_supported"": true, ""relative_rank_floor"": 1e-10, ""sigma_1"": 41.06749503672601, ""sigma_r"": 41.06749503672601, ""sigma_r_over_sigma_1"": 1.0, ""supplied_rank"": 1}], ""stationarity_residual"": 4.998361691678955e-05, ""t"": 25, ""tangent_gram_condition_number"": 89.59098543508311, ""tangent_gram_coordinate_dimension"": 222, ""tangent_gram_eigensolver_converged"": true, ""tangent_gram_eigensolver_status"": ""converged"", ""tangent_gram_largest_eigenvalue"": 21.15294286055923, ""tangent_gram_smallest_eigenvalue"": 0.23610570592380054, ""target_support_norm"": 0.019280716606451507, ""target_supported"": true}, {""converged"": true, ""kind"": ""unit"", ""max_envelope_ratio"": 1.0371906031294298, ""n"": 26, ""numerical_rank_vector"": [1, 1, 1], ""part"": 0, ""rank_supported"": true, ""riesz_converged"": true, ""riesz_equation_residual"": 7.717448697857463e-09, ""riesz_solver"": ""cg"", ""riesz_target_rayleigh_quotient"": 1.5517599367739812, ""riesz_target_stable"": true, ""split_rank_singular_values"": [{""block"": ""A"", ""computational_rank_supported"": true, ""relative_rank_floor"": 1e-10, ""sigma_1"": 20.115727735789566, ""sigma_r"": 20.115727735789566, ""sigma_r_over_sigma_1"": 1.0, ""supplied_rank"": 1}, {""block"": ""B"", ""computational_rank_supported"": true, ""relative_rank_floor"": 1e-10, ""sigma_1"": 33.224461058426904, ""sigma_r"": 33.224461058426904, ""sigma_r_over_sigma_1"": 1.0, ""supplied_rank"": 1}, {""block"": ""H"", ""computational_rank_supported"": true, ""relative_rank_floor"": 1e-10, ""sigma_1"": 44.43399082544207, ""sigma_r"": 44.43399082544207, ""sigma_r_over_sigma_1"": 1.0, ""supplied_rank"": 1}], ""stationarity_residual"": 2.7031776676747224e-05, ""t"": 50, ""tangent_gram_condition_number"": 123.78784285369443, ""tangent_gram_coordinate_dimension"": 225, ""tangent_gram_eigensolver_converged"": true, ""tangent_gram_eigensolver_status"": ""converged"", ""tangent_gram_largest_eigenvalue"": 24.224250815919497, ""tangent_gram_smallest_eigenvalue"": 0.19569167906536897, ""target_support_norm"": 0.019611687210056093, ""target_supported"": true}, {""converged"": true, ""kind"": ""unit"", ""max_envelope_ratio"": 0.656373420588887, ""n"": 24, ""numerical_rank_vector"": [1, 1, 1], ""part"": 1, ""rank_supported"": true, ""riesz_converged"": true, ""riesz_equation_residual"": 9.783045356631918e-09, ""riesz_solver"": ""cg"", ""riesz_target_rayleigh_quotient"": 1.8173629416863193, ""riesz_target_stable"": true, ""split_rank_singular_values"": [{""block"": ""A"", ""computational_rank_supported"": true, ""relative_rank_floor"": 1e-10, ""sigma_1"": 20.147269091439213, ""sigma_r"": 20.147269091439213, ""sigma_r_over_sigma_1"": 1.0, ""supplied_rank"": 1}, {""block"": ""B"", ""computational_rank_supported"": true, ""relative_rank_floor"": 1e-10, ""sigma_1"": 30.85101949530254, ""sigma_r"": 30.85101949530254, ""sigma_r_over_sigma_1"": 1.0, ""supplied_rank"": 1}, {""block"": ""H"", ""computational_rank_supported"": true, ""relative_rank_floor"": 1e-10, ""sigma_1"": 41.23264343132689, ""sigma_r"": 41.23264343132689, ""sigma_r_over_sigma_1"": 1.0, ""supplied_rank"": 1}], ""stationarity_residual"": 5.196459616614552e-05, ""t"": 50, ""tangent_gram_condition_number"": 103.25416943892075, ""tangent_gram_coordinate_dimension"": 219, ""tangent_gram_eigensolver_converged"": true, ""tangent_gram_eigensolver_status"": ""converged"", ""tangent_gram_largest_eigenvalue"": 27.54885213531103, ""tangent_gram_smallest_eigenvalue"": 0.2668061956723922, ""target_support_norm"": 0.018653261342134655, ""target_supported"": true}]","[[0, 2, 4, 5, 7, 11, 12, 15, 16, 18, 22, 23, 24, 27, 29, 31, 33, 35, 38, 40, 44, 45, 46, 48, 49], [1, 3, 6, 8, 9, 10, 13, 14, 17, 19, 20, 21, 25, 26, 28, 30, 32, 34, 36, 37, 39, 41, 42, 43, 47]]","[[1, 2, 4, 8, 9, 10, 11, 13, 14, 18, 20, 21, 23, 26, 28, 30, 33, 34, 36, 40, 41, 42, 43, 45, 46, 47], [0, 3, 5, 6, 7, 12, 15, 16, 17, 19, 22, 24, 25, 27, 29, 31, 32, 35, 37, 38, 39, 44, 48, 49]]",False,False,False,True,"[1, 1, 1]",,"[1, 1, 1]",,,,,,,,null,,1.6961243014830791,13.0,2.3425190929307788e-05,0.9736933560909805,71.0,7.727099806243615e-09,1.9111847733757314,0.027469443640567543,297.0,0.18458294667786787,22.26777243543471,120.63829750370267,True,converged,1.9622516653822653e-05,False,0.0,1.0,0.09561829999438487,0.050683700013905764,0.9370914000028279,"[20260810, 4011364011, 1941079659, 1499620634, 1499620634, 2235565902, 1387497986, 1337576661]",b867e9855af0a3ac,610c7358dde2c1b141abb0f783ec54c402df554b,1.0,0.6646034231136213,1.9351874937382814,0.8474454041357267,0.8474454041357267,0.5243826415401053,0.5432393102554574,0.280217019911,0.8474454041357267,0.05641591029582582,1.6734762742235874,0.8999999999999999,1.1,0.8,1.2,0.85,2.031384387633061,6.682939116891857,6.682939116891857,0.8474454041357267,1.6734762742235874,3.7936616704631945,3.7936616704631945,9.0,1.0,2.3170608831081427,True,67b3f9028ad66f677b71fe9f03e6982e2af1a6f7f48540b487ed98fb1958abcd,theorem_covered,True,0.028284271247461912,0.028039240926549018,0.9913368699243088,,,,,,,,,,,,,,,,,,False
replication,b867e9855af0a3ac,1,50,50,3,fixed_rank,success,success,True,True,False,True,False,False,"[1, 1, 1]",,,,,7,dgp1_N50_T50_r00003_truth1-1-1,67b3f9028ad66f677b71fe9f03e6982e2af1a6f7f48540b487ed98fb1958abcd,1.6109239000070374,,,A_G2_time_average,target,split_fit_failure,[],dgp1_N50_T50_r00003_truth1-1-1,split_fit_not_converged,"[1, 1, 1]",0.5159086256903218,0.4680266049130903,0.03323263024533351,0.0011044077130230557,0.47731079350502914,0.020635809287292483,0.0004258366249415067,-0.03859783218529267,0.4680266049130903,0.03323263024533351,0.0011044077130230557,-0.047882020777231526,0.47731079350502914,0.46889376290033424,0.4950120127016629,4.0,4.0,0.20866469998145476,"[{""converged"": true, ""kind"": ""time"", ""max_envelope_ratio"": 1.196535866344936, ""n"": 50, ""numerical_rank_vector"": [1, 1, 1], ""part"": 0, ""rank_supported"": true, ""riesz_converged"": true, ""riesz_equation_residual"": 8.534261110787909e-09, ""riesz_solver"": ""cg"", ""riesz_target_rayleigh_quotient"": 0.9745958945686038, ""riesz_target_stable"": true, ""split_rank_singular_values"": [{""block"": ""A"", ""computational_rank_supported"": true, ""relative_rank_floor"": 1e-10, ""sigma_1"": 20.42198084202433, ""sigma_r"": 20.42198084202433, ""sigma_r_over_sigma_1"": 1.0, ""supplied_rank"": 1}, {""block"": ""B"", ""computational_rank_supported"": true, ""relative_rank_floor"": 1e-10, ""sigma_1"": 29.308813238905845, ""sigma_r"": 29.308813238905845, ""sigma_r_over_sigma_1"": 1.0, ""supplied_rank"": 1}, {""block"": ""H"", ""computational_rank_supported"": true, ""relative_rank_floor"": 1e-10, ""sigma_1"": 50.16066231519942, ""sigma_r"": 50.16066231519942, ""sigma_r_over_sigma_1"": 1.0, ""supplied_rank"": 1}], ""stationarity_residual"": 3.647038684202163e-05, ""t"": 25, ""tangent_gram_condition_number"": 152.9651030902458, ""tangent_gram_coordinate_dimension"": 222, ""tangent_gram_eigensolver_converged"": true, ""tangent_gram_eigensolver_status"": ""converged"", ""tangent_gram_largest_eigenvalue"": 28.538504705244023, ""tangent_gram_smallest_eigenvalue"": 0.18656872795625143, ""target_support_norm"": 0.019005580286140827, ""target_supported"": true}, {""converged"": true, ""kind"": ""time"", ""max_envelope_ratio"": 0.6455421023510645, ""n"": 50, ""numerical_rank_vector"": [1, 1, 1], ""part"": 1, ""rank_supported"": true, ""riesz_converged"": true, ""riesz_equation_residual"": 8.019033739356357e-09, ""riesz_solver"": ""cg"", ""riesz_target_rayleigh_quotient"": 1.3316534471812838, ""riesz_target_stable"": true, ""split_rank_singular_values"": [{""block"": ""A"", ""computational_rank_supported"": true, ""relative_rank_floor"": 1e-10, ""sigma_1"": 18.887036850101204, ""sigma_r"": 18.887036850101204, ""sigma_r_over_sigma_1"": 1.0, ""supplied_rank"": 1}, {""block"": ""B"", ""computational_rank_supported"": true, ""relative_rank_floor"": 1e-10, ""sigma_1"": 32.97655340843385, ""sigma_r"": 32.97655340843385, ""sigma_r_over_sigma_1"": 1.0, ""supplied_rank"": 1}, {""block"": ""H"", ""computational_rank_supported"": true, ""relative_rank_floor"": 1e-10, ""sigma_1"": 41.06749503672601, ""sigma_r"": 41.06749503672601, ""sigma_r_over_sigma_1"": 1.0, ""supplied_rank"": 1}], ""stationarity_residual"": 4.998361691678955e-05, ""t"": 25, ""tangent_gram_condition_number"": 89.59098543508311, ""tangent_gram_coordinate_dimension"": 222, ""tangent_gram_eigensolver_converged"": true, ""tangent_gram_eigensolver_status"": ""converged"", ""tangent_gram_largest_eigenvalue"": 21.15294286055923, ""tangent_gram_smallest_eigenvalue"": 0.23610570592380054, ""target_support_norm"": 0.019270826412103006, ""target_supported"": true}, {""converged"": true, ""kind"": ""unit"", ""max_envelope_ratio"": 1.0371906031294298, ""n"": 26, ""numerical_rank_vector"": [1, 1, 1], ""part"": 0, ""rank_supported"": true, ""riesz_converged"": true, ""riesz_equation_residual"": 9.147145799469515e-09, ""riesz_solver"": ""cg"", ""riesz_target_rayleigh_quotient"": 1.098357604677939, ""riesz_target_stable"": true, ""split_rank_singular_values"": [{""block"": ""A"", ""computational_rank_supported"": true, ""relative_rank_floor"": 1e-10, ""sigma_1"": 20.115727735789566, ""sigma_r"": 20.115727735789566, ""sigma_r_over_sigma_1"": 1.0, ""supplied_rank"": 1}, {""block"": ""B"", ""computational_rank_supported"": true, ""relative_rank_floor"": 1e-10, ""sigma_1"": 33.224461058426904, ""sigma_r"": 33.224461058426904, ""sigma_r_over_sigma_1"": 1.0, ""supplied_rank"": 1}, {""block"": ""H"", ""computational_rank_supported"": true, ""relative_rank_floor"": 1e-10, ""sigma_1"": 44.43399082544207, ""sigma_r"": 44.43399082544207, ""sigma_r_over_sigma_1"": 1.0, ""supplied_rank"": 1}], ""stationarity_residual"": 2.7031776676747224e-05, ""t"": 50, ""tangent_gram_condition_number"": 123.78784285369443, ""tangent_gram_coordinate_dimension"": 225, ""tangent_gram_eigensolver_converged"": true, ""tangent_gram_eigensolver_status"": ""converged"", ""tangent_gram_largest_eigenvalue"": 24.224250815919497, ""tangent_gram_smallest_eigenvalue"": 0.19569167906536897, ""target_support_norm"": 0.0195352688058733, ""target_supported"": true}, {""converged"": true, ""kind"": ""unit"", ""max_envelope_ratio"": 0.656373420588887, ""n"": 24, ""numerical_rank_vector"": [1, 1, 1], ""part"": 1, ""rank_supported"": true, ""riesz_converged"": true, ""riesz_equation_residual"": 8.89522855549031e-09, ""riesz_solver"": ""cg"", ""riesz_target_rayleigh_quotient"": 1.1649760526893451, ""riesz_target_stable"": true, ""split_rank_singular_values"": [{""block"": ""A"", ""computational_rank_supported"": true, ""relative_rank_floor"": 1e-10, ""sigma_1"": 20.147269091439213, ""sigma_r"": 20.147269091439213, ""sigma_r_over_sigma_1"": 1.0, ""supplied_rank"": 1}, {""block"": ""B"", ""computational_rank_supported"": true, ""relative_rank_floor"": 1e-10, ""sigma_1"": 30.85101949530254, ""sigma_r"": 30.85101949530254, ""sigma_r_over_sigma_1"": 1.0, ""supplied_rank"": 1}, {""block"": ""H"", ""computational_rank_supported"": true, ""relative_rank_floor"": 1e-10, ""sigma_1"": 41.23264343132689, ""sigma_r"": 41.23264343132689, ""sigma_r_over_sigma_1"": 1.0, ""supplied_rank"": 1}], ""stationarity_residual"": 5.196459616614552e-05, ""t"": 50, ""tangent_gram_condition_number"": 103.25416943892075, ""tangent_gram_coordinate_dimension"": 219, ""tangent_gram_eigensolver_converged"": true, ""tangent_gram_eigensolver_status"": ""converged"", ""tangent_gram_largest_eigenvalue"": 27.54885213531103, ""tangent_gram_smallest_eigenvalue"": 0.2668061956723922, ""target_support_norm"": 0.018713099707413826, ""target_supported"": true}]","[[0, 2, 4, 5, 7, 11, 12, 15, 16, 18, 22, 23, 24, 27, 29, 31, 33, 35, 38, 40, 44, 45, 46, 48, 49], [1, 3, 6, 8, 9, 10, 13, 14, 17, 19, 20, 21, 25, 26, 28, 30, 32, 34, 36, 37, 39, 41, 42, 43, 47]]","[[1, 2, 4, 8, 9, 10, 11, 13, 14, 18, 20, 21, 23, 26, 28, 30, 33, 34, 36, 40, 41, 42, 43, 45, 46, 47], [0, 3, 5, 6, 7, 12, 15, 16, 17, 19, 22, 24, 25, 27, 29, 31, 32, 35, 37, 38, 39, 44, 48, 49]]",False,False,False,True,"[1, 1, 1]",,"[1, 1, 1]",,,,,,,,null,,1.6961243014830791,13.0,2.3425190929307788e-05,0.9736933560909805,72.0,6.7862305677639686e-09,1.3383016896483326,0.02738255245069362,297.0,0.18458294667786787,22.26777243543471,120.63829750370267,True,converged,8.508363127649997e-05,False,0.0,1.0,0.09561829999438487,0.06120019999798387,1.0294052000099327,"[20260810, 4011364011, 1941079659, 1499620634, 1499620634, 2235565902, 1387497986, 1337576661]",b867e9855af0a3ac,610c7358dde2c1b141abb0f783ec54c402df554b,1.0,0.6646034231136213,1.9351874937382814,0.8474454041357267,0.8474454041357267,0.5243826415401053,0.5432393102554574,0.280217019911,0.8474454041357267,0.05641591029582582,1.6734762742235874,0.8999999999999999,1.1,0.8,1.2,0.85,2.031384387633061,6.682939116891857,6.682939116891857,0.8474454041357267,1.6734762742235874,3.7936616704631945,3.7936616704631945,9.0,1.0,2.3170608831081427,True,67b3f9028ad66f677b71fe9f03e6982e2af1a6f7f48540b487ed98fb1958abcd,theorem_covered,True,0.028284271247461912,0.028023165816465245,0.9907685289568811,,,,,,,,,,,,,,,,,,False
replication,b867e9855af0a3ac,1,50,50,3,fixed_rank,success,success,True,True,False,True,False,False,"[1, 1, 1]",,,,,7,dgp1_N50_T50_r00003_truth1-1-1,67b3f9028ad66f677b71fe9f03e6982e2af1a6f7f48540b487ed98fb1958abcd,1.6109239000070374,,,A_G2_minus_G1_time_average,target,split_fit_failure,[],dgp1_N50_T50_r00003_truth1-1-1,split_fit_not_converged,"[1, 1, 1]",-0.016948031699566938,-0.057731539054136145,0.04188420545821564,0.0017542866668660206,-0.028351599115972043,0.02626992022356294,0.0006901087085523611,-0.011403567416405105,-0.057731539054136145,0.04188420545821564,0.0017542866668660206,-0.040783507354569204,-0.028351599115972043,-0.02176847168891783,-0.005554786604862158,4.0,4.0,0.20866469998145476,"[{""converged"": true, ""kind"": ""time"", ""max_envelope_ratio"": 1.196535866344936, ""n"": 50, ""numerical_rank_vector"": [1, 1, 1], ""part"": 0, ""rank_supported"": true, ""riesz_converged"": true, ""riesz_equation_residual"": 7.959321725764996e-09, ""riesz_solver"": ""cg"", ""riesz_target_rayleigh_quotient"": 2.2562281697832653, ""riesz_target_stable"": true, ""split_rank_singular_values"": [{""block"": ""A"", ""computational_rank_supported"": true, ""relative_rank_floor"": 1e-10, ""sigma_1"": 20.42198084202433, ""sigma_r"": 20.42198084202433, ""sigma_r_over_sigma_1"": 1.0, ""supplied_rank"": 1}, {""block"": ""B"", ""computational_rank_supported"": true, ""relative_rank_floor"": 1e-10, ""sigma_1"": 29.308813238905845, ""sigma_r"": 29.308813238905845, ""sigma_r_over_sigma_1"": 1.0, ""supplied_rank"": 1}, {""block"": ""H"", ""computational_rank_supported"": true, ""relative_rank_floor"": 1e-10, ""sigma_1"": 50.16066231519942, ""sigma_r"": 50.16066231519942, ""sigma_r_over_sigma_1"": 1.0, ""supplied_rank"": 1}], ""stationarity_residual"": 3.647038684202163e-05, ""t"": 25, ""tangent_gram_condition_number"": 152.9651030902458, ""tangent_gram_coordinate_dimension"": 222, ""tangent_gram_eigensolver_converged"": true, ""tangent_gram_eigensolver_status"": ""converged"", ""tangent_gram_largest_eigenvalue"": 28.538504705244023, ""tangent_gram_smallest_eigenvalue"": 0.18656872795625143, ""target_support_norm"": 0.02585579619914783, ""target_supported"": true}, {""converged"": true, ""kind"": ""time"", ""max_envelope_ratio"": 0.6455421023510645, ""n"": 50, ""numerical_rank_vector"": [1, 1, 1], ""part"": 1, ""rank_supported"": true, ""riesz_converged"": true, ""riesz_equation_residual"": 8.727555370017443e-09, ""riesz_solver"": ""cg"", ""riesz_target_rayleigh_quotient"": 2.3460295512822493, ""riesz_target_stable"": true, ""split_rank_singular_values"": [{""block"": ""A"", ""computational_rank_supported"": true, ""relative_rank_floor"": 1e-10, ""sigma_1"": 18.887036850101204, ""sigma_r"": 18.887036850101204, ""sigma_r_over_sigma_1"": 1.0, ""supplied_rank"": 1}, {""block"": ""B"", ""computational_rank_supported"": true, ""relative_rank_floor"": 1e-10, ""sigma_1"": 32.97655340843385, ""sigma_r"": 32.97655340843385, ""sigma_r_over_sigma_1"": 1.0, ""supplied_rank"": 1}, {""block"": ""H"", ""computational_rank_supported"": true, ""relative_rank_floor"": 1e-10, ""sigma_1"": 41.06749503672601, ""sigma_r"": 41.06749503672601, ""sigma_r_over_sigma_1"": 1.0, ""supplied_rank"": 1}], ""stationarity_residual"": 4.998361691678955e-05, ""t"": 25, ""tangent_gram_condition_number"": 89.59098543508311, ""tangent_gram_coordinate_dimension"": 222, ""tangent_gram_eigensolver_converged"": true, ""tangent_gram_eigensolver_status"": ""converged"", ""tangent_gram_largest_eigenvalue"": 21.15294286055923, ""tangent_gram_smallest_eigenvalue"": 0.23610570592380054, ""target_support_norm"": 0.02647572478821847, ""target_supported"": true}, {""converged"": true, ""kind"": ""unit"", ""max_envelope_ratio"": 1.0371906031294298, ""n"": 26, ""numerical_rank_vector"": [1, 1, 1], ""part"": 0, ""rank_supported"": true, ""riesz_converged"": true, ""riesz_equation_residual"": 5.210245480843775e-09, ""riesz_solver"": ""cg"", ""riesz_target_rayleigh_quotient"": 2.730630861518008, ""riesz_target_stable"": true, ""split_rank_singular_values"": [{""block"": ""A"", ""computational_rank_supported"": true, ""relative_rank_floor"": 1e-10, ""sigma_1"": 20.115727735789566, ""sigma_r"": 20.115727735789566, ""sigma_r_over_sigma_1"": 1.0, ""supplied_rank"": 1}, {""block"": ""B"", ""computational_rank_supported"": true, ""relative_rank_floor"": 1e-10, ""sigma_1"": 33.224461058426904, ""sigma_r"": 33.224461058426904, ""sigma_r_over_sigma_1"": 1.0, ""supplied_rank"": 1}, {""block"": ""H"", ""computational_rank_supported"": true, ""relative_rank_floor"": 1e-10, ""sigma_1"": 44.43399082544207, ""sigma_r"": 44.43399082544207, ""sigma_r_over_sigma_1"": 1.0, ""supplied_rank"": 1}], ""stationarity_residual"": 2.7031776676747224e-05, ""t"": 50, ""tangent_gram_condition_number"": 123.78784285369443, ""tangent_gram_coordinate_dimension"": 225, ""tangent_gram_eigensolver_converged"": true, ""tangent_gram_eigensolver_status"": ""converged"", ""tangent_gram_largest_eigenvalue"": 24.224250815919497, ""tangent_gram_smallest_eigenvalue"": 0.19569167906536897, ""target_support_norm"": 0.02672897635968732, ""target_supported"": true}, {""converged"": true, ""kind"": ""unit"", ""max_envelope_ratio"": 0.656373420588887, ""n"": 24, ""numerical_rank_vector"": [1, 1, 1], ""part"": 1, ""rank_supported"": true, ""riesz_converged"": true, ""riesz_equation_residual"": 7.698662722603931e-09, ""riesz_solver"": ""cg"", ""riesz_target_rayleigh_quotient"": 2.3870623899873986, ""riesz_target_stable"": true, ""split_rank_singular_values"": [{""block"": ""A"", ""computational_rank_supported"": true, ""relative_rank_floor"": 1e-10, ""sigma_1"": 20.147269091439213, ""sigma_r"": 20.147269091439213, ""sigma_r_over_sigma_1"": 1.0, ""supplied_rank"": 1}, {""block"": ""B"", ""computational_rank_supported"": true, ""relative_rank_floor"": 1e-10, ""sigma_1"": 30.85101949530254, ""sigma_r"": 30.85101949530254, ""sigma_r_over_sigma_1"": 1.0, ""supplied_rank"": 1}, {""block"": ""H"", ""computational_rank_supported"": true, ""relative_rank_floor"": 1e-10, ""sigma_1"": 41.23264343132689, ""sigma_r"": 41.23264343132689, ""sigma_r_over_sigma_1"": 1.0, ""supplied_rank"": 1}], ""stationarity_residual"": 5.196459616614552e-05, ""t"": 50, ""tangent_gram_condition_number"": 103.25416943892075, ""tangent_gram_coordinate_dimension"": 219, ""tangent_gram_eigensolver_converged"": true, ""tangent_gram_eigensolver_status"": ""converged"", ""tangent_gram_largest_eigenvalue"": 27.54885213531103, ""tangent_gram_smallest_eigenvalue"": 0.2668061956723922, ""target_support_norm"": 0.025243250798850578, ""target_supported"": true}]","[[0, 2, 4, 5, 7, 11, 12, 15, 16, 18, 22, 23, 24, 27, 29, 31, 33, 35, 38, 40, 44, 45, 46, 48, 49], [1, 3, 6, 8, 9, 10, 13, 14, 17, 19, 20, 21, 25, 26, 28, 30, 32, 34, 36, 37, 39, 41, 42, 43, 47]]","[[1, 2, 4, 8, 9, 10, 11, 13, 14, 18, 20, 21, 23, 26, 28, 30, 33, 34, 36, 40, 41, 42, 43, 45, 46, 47], [0, 3, 5, 6, 7, 12, 15, 16, 17, 19, 22, 24, 25, 27, 29, 31, 32, 35, 37, 38, 39, 44, 48, 49]]",False,False,False,True,"[1, 1, 1]",,"[1, 1, 1]",,,,,,,,null,,1.6961243014830791,13.0,2.3425190929307788e-05,0.9736933560909805,70.0,6.9674488693764995e-09,2.863133940168695,0.037707028425485144,297.0,0.18458294667786787,22.26777243543471,120.63829750370267,True,converged,5.224064864680999e-05,False,0.0,1.0,0.09561829999438487,0.06836079998174682,1.1312371999956667,"[20260810, 4011364011, 1941079659, 1499620634, 1499620634, 2235565902, 1387497986, 1337576661]",b867e9855af0a3ac,610c7358dde2c1b141abb0f783ec54c402df554b,1.0,0.6646034231136213,1.9351874937382814,0.8474454041357267,0.8474454041357267,0.5243826415401053,0.5432393102554574,0.280217019911,0.8474454041357267,0.05641591029582582,1.6734762742235874,0.8999999999999999,1.1,0.8,1.2,0.85,2.031384387633061,6.682939116891857,6.682939116891857,0.8474454041357267,1.6734762742235874,3.7936616704631945,3.7936616704631945,9.0,1.0,2.3170608831081427,True,67b3f9028ad66f677b71fe9f03e6982e2af1a6f7f48540b487ed98fb1958abcd,theorem_covered,True,0.03999999999999994,0.03928893174647204,0.9822232936618026,,,,,,,,,,,,,,,,,,False
replication,b867e9855af0a3ac,1,50,50,3,fixed_rank,success,success,True,True,True,True,True,True,"[1, 1, 1]",,,,,7,dgp1_N50_T50_r00003_truth1-1-1,67b3f9028ad66f677b71fe9f03e6982e2af1a6f7f48540b487ed98fb1958abcd,1.6109239000070374,,,B_G1_fixed_time,target,success,[],dgp1_N50_T50_r00003_truth1-1-1,success,"[1, 1, 1]",0.4591623817148577,1.0549034438418838,0.24359470219560067,0.05933837893776338,1.0549034438418838,0.24359470219560067,0.05933837893776338,0.5957410621270262,1.0549034438418838,0.24359470219560067,0.05933837893776338,0.5957410621270262,1.0549034438418838,,,0.0,4.0,0.20866469998145476,[],null,null,True,True,False,False,"[1, 1, 1]",,"[1, 1, 1]",,,,,,,,null,,1.6961243014830791,13.0,2.3425190929307788e-05,0.9736933560909805,69.0,9.200067061027962e-09,0.8837337307601602,0.133510117592359,297.0,0.18458294667786787,22.26777243543471,120.63829750370267,True,converged,1.3120228645520751e-05,False,0.0,1.0,0.09561829999438487,0.022405099996831268,1.1885089999996126,"[20260810, 4011364011, 1941079659, 1499620634, 1499620634, 2235565902, 1387497986, 1337576661]",b867e9855af0a3ac,610c7358dde2c1b141abb0f783ec54c402df554b,1.0,0.6646034231136213,1.9351874937382814,0.8474454041357267,0.8474454041357267,0.5243826415401053,0.5432393102554574,0.280217019911,0.8474454041357267,0.05641591029582582,1.6734762742235874,0.8999999999999999,1.1,0.8,1.2,0.85,2.031384387633061,6.682939116891857,6.682939116891857,0.8474454041357267,1.6734762742235874,3.7936616704631945,3.7936616704631945,9.0,1.0,2.3170608831081427,True,67b3f9028ad66f677b71fe9f03e6982e2af1a6f7f48540b487ed98fb1958abcd,theorem_covered,True,0.2,0.13408101207306614,0.6704050603653307,,,,,,,,,,,,,,,,,,False
replication,b867e9855af0a3ac,1,50,50,3,fixed_rank,success,success,True,True,True,True,True,True,"[1, 1, 1]",,,,,7,dgp1_N50_T50_r00003_truth1-1-1,67b3f9028ad66f677b71fe9f03e6982e2af1a6f7f48540b487ed98fb1958abcd,1.6109239000070374,,,B_G2_fixed_time,target,success,[],dgp1_N50_T50_r00003_truth1-1-1,success,"[1, 1, 1]",0.4621294845601091,0.9838456023752481,0.2333667810010149,0.05446005447477566,0.9838456023752481,0.2333667810010149,0.05446005447477566,0.521716117815139,0.9838456023752481,0.2333667810010149,0.05446005447477566,0.521716117815139,0.9838456023752481,,,0.0,4.0,0.20866469998145476,[],null,null,True,True,False,False,"[1, 1, 1]",,"[1, 1, 1]",,,,,,,,null,,1.6961243014830791,13.0,2.3425190929307788e-05,0.9736933560909805,70.0,9.12867020001712e-09,0.8899073889880988,0.12536319248036645,297.0,0.18458294667786787,22.26777243543471,120.63829750370267,True,converged,1.2777151905944239e-05,False,0.0,1.0,0.09561829999438487,0.012903999973786995,1.2399919999879785,"[20260810, 4011364011, 1941079659, 1499620634, 1499620634, 2235565902, 1387497986, 1337576661]",b867e9855af0a3ac,610c7358dde2c1b141abb0f783ec54c402df554b,1.0,0.6646034231136213,1.9351874937382814,0.8474454041357267,0.8474454041357267,0.5243826415401053,0.5432393102554574,0.280217019911,0.8474454041357267,0.05641591029582582,1.6734762742235874,0.8999999999999999,1.1,0.8,1.2,0.85,2.031384387633061,6.682939116891857,6.682939116891857,0.8474454041357267,1.6734762742235874,3.7936616704631945,3.7936616704631945,9.0,1.0,2.3170608831081427,True,67b3f9028ad66f677b71fe9f03e6982e2af1a6f7f48540b487ed98fb1958abcd,theorem_covered,True,0.2,0.13492320922789933,0.6746160461394966,,,,,,,,,,,,,,,,,,False
replication,b867e9855af0a3ac,1,50,50,3,fixed_rank,success,success,True,True,True,True,True,True,"[1, 1, 1]",,,,,7,dgp1_N50_T50_r00003_truth1-1-1,67b3f9028ad66f677b71fe9f03e6982e2af1a6f7f48540b487ed98fb1958abcd,1.6109239000070374,,,B_G2_minus_G1_fixed_time,target,success,[],dgp1_N50_T50_r00003_truth1-1-1,success,"[1, 1, 1]",0.0029671028452514323,-0.07105784146663564,0.09760319677994458,0.009526384021664586,-0.07105784146663564,0.09760319677994458,0.009526384021664586,-0.07402494431188708,-0.07105784146663564,0.09760319677994458,0.009526384021664586,-0.07402494431188708,-0.07105784146663564,,,0.0,4.0,0.20866469998145476,[],null,null,False,False,True,False,"[1, 1, 1]",,"[1, 1, 1]",,,,,,,,null,,1.6961243014830791,13.0,2.3425190929307788e-05,0.9736933560909805,73.0,9.61508700223344e-09,0.725766130002184,0.05763891371496369,297.0,0.18458294667786787,22.26777243543471,120.63829750370267,True,converged,2.2445098056556426e-06,False,0.0,1.0,0.09561829999438487,0.01566330000059679,1.2891991999931633,"[20260810, 4011364011, 1941079659, 1499620634, 1499620634, 2235565902, 1387497986, 1337576661]",b867e9855af0a3ac,610c7358dde2c1b141abb0f783ec54c402df554b,1.0,0.6646034231136213,1.9351874937382814,0.8474454041357267,0.8474454041357267,0.5243826415401053,0.5432393102554574,0.280217019911,0.8474454041357267,0.05641591029582582,1.6734762742235874,0.8999999999999999,1.1,0.8,1.2,0.85,2.031384387633061,6.682939116891857,6.682939116891857,0.8474454041357267,1.6734762742235874,3.7936616704631945,3.7936616704631945,9.0,1.0,2.3170608831081427,True,67b3f9028ad66f677b71fe9f03e6982e2af1a6f7f48540b487ed98fb1958abcd,weak_target_stress_outside_assumption9,False,0.28284271247461906,0.03177277681621643,0.11233372971936678,,,,,,,,,,,,,,,,,,False
replication,b867e9855af0a3ac,1,50,50,3,fixed_rank,success,success,True,True,False,True,False,False,"[1, 1, 1]",,,,,7,dgp1_N50_T50_r00003_truth1-1-1,67b3f9028ad66f677b71fe9f03e6982e2af1a6f7f48540b487ed98fb1958abcd,1.6109239000070374,,,B_G1_time_average,target,split_fit_failure,[],dgp1_N50_T50_r00003_truth1-1-1,split_fit_not_converged,"[1, 1, 1]",0.5414897594756067,0.7400629764445792,0.08204506291118428,0.006731392348100186,0.6551708106056551,0.048546385378028745,0.0023567515332720834,0.11368105113004834,0.7400629764445792,0.08204506291118428,0.006731392348100186,0.19857321696897245,0.6551708106056551,0.6255937409178493,0.5998557144545369,4.0,4.0,0.20866469998145476,"[{""converged"": true, ""kind"": ""time"", ""max_envelope_ratio"": 1.196535866344936, ""n"": 50, ""numerical_rank_vector"": [1, 1, 1], ""part"": 0, ""rank_supported"": true, ""riesz_converged"": true, ""riesz_equation_residual"": 9.917709376545644e-09, ""riesz_solver"": ""cg"", ""riesz_target_rayleigh_quotient"": 0.49809874634051865, ""riesz_target_stable"": true, ""split_rank_singular_values"": [{""block"": ""A"", ""computational_rank_supported"": true, ""relative_rank_floor"": 1e-10, ""sigma_1"": 20.42198084202433, ""sigma_r"": 20.42198084202433, ""sigma_r_over_sigma_1"": 1.0, ""supplied_rank"": 1}, {""block"": ""B"", ""computational_rank_supported"": true, ""relative_rank_floor"": 1e-10, ""sigma_1"": 29.308813238905845, ""sigma_r"": 29.308813238905845, ""sigma_r_over_sigma_1"": 1.0, ""supplied_rank"": 1}, {""block"": ""H"", ""computational_rank_supported"": true, ""relative_rank_floor"": 1e-10, ""sigma_1"": 50.16066231519942, ""sigma_r"": 50.16066231519942, ""sigma_r_over_sigma_1"": 1.0, ""supplied_rank"": 1}], ""stationarity_residual"": 3.647038684202163e-05, ""t"": 25, ""tangent_gram_condition_number"": 152.9651030902458, ""tangent_gram_coordinate_dimension"": 222, ""tangent_gram_eigensolver_converged"": true, ""tangent_gram_eigensolver_status"": ""converged"", ""tangent_gram_largest_eigenvalue"": 28.538504705244023, ""tangent_gram_smallest_eigenvalue"": 0.18656872795625143, ""target_support_norm"": 0.01851625800653153, ""target_supported"": true}, {""converged"": true, ""kind"": ""time"", ""max_envelope_ratio"": 0.6455421023510645, ""n"": 50, ""numerical_rank_vector"": [1, 1, 1], ""part"": 1, ""rank_supported"": true, ""riesz_converged"": true, ""riesz_equation_residual"": 7.98135721264609e-09, ""riesz_solver"": ""cg"", ""riesz_target_rayleigh_quotient"": 0.5163084994083198, ""riesz_target_stable"": true, ""split_rank_singular_values"": [{""block"": ""A"", ""computational_rank_supported"": true, ""relative_rank_floor"": 1e-10, ""sigma_1"": 18.887036850101204, ""sigma_r"": 18.887036850101204, ""sigma_r_over_sigma_1"": 1.0, ""supplied_rank"": 1}, {""block"": ""B"", ""computational_rank_supported"": true, ""relative_rank_floor"": 1e-10, ""sigma_1"": 32.97655340843385, ""sigma_r"": 32.97655340843385, ""sigma_r_over_sigma_1"": 1.0, ""supplied_rank"": 1}, {""block"": ""H"", ""computational_rank_supported"": true, ""relative_rank_floor"": 1e-10, ""sigma_1"": 41.06749503672601, ""sigma_r"": 41.06749503672601, ""sigma_r_over_sigma_1"": 1.0, ""supplied_rank"": 1}], ""stationarity_residual"": 4.998361691678955e-05, ""t"": 25, ""tangent_gram_condition_number"": 89.59098543508311, ""tangent_gram_coordinate_dimension"": 222, ""tangent_gram_eigensolver_converged"": true, ""tangent_gram_eigensolver_status"": ""converged"", ""tangent_gram_largest_eigenvalue"": 21.15294286055923, ""tangent_gram_smallest_eigenvalue"": 0.23610570592380054, ""target_support_norm"": 0.0181902780484955, ""target_supported"": true}, {""converged"": true, ""kind"": ""unit"", ""max_envelope_ratio"": 1.0371906031294298, ""n"": 26, ""numerical_rank_vector"": [1, 1, 1], ""part"": 0, ""rank_supported"": true, ""riesz_converged"": true, ""riesz_equation_residual"": 8.304625682851489e-09, ""riesz_solver"": ""cg"", ""riesz_target_rayleigh_quotient"": 0.5231727278990225, ""riesz_target_stable"": true, ""split_rank_singular_values"": [{""block"": ""A"", ""computational_rank_supported"": true, ""relative_rank_floor"": 1e-10, ""sigma_1"": 20.115727735789566, ""sigma_r"": 20.115727735789566, ""sigma_r_over_sigma_1"": 1.0, ""supplied_rank"": 1}, {""block"": ""B"", ""computational_rank_supported"": true, ""relative_rank_floor"": 1e-10, ""sigma_1"": 33.224461058426904, ""sigma_r"": 33.224461058426904, ""sigma_r_over_sigma_1"": 1.0, ""supplied_rank"": 1}, {""block"": ""H"", ""computational_rank_supported"": true, ""relative_rank_floor"": 1e-10, ""sigma_1"": 44.43399082544207, ""sigma_r"": 44.43399082544207, ""sigma_r_over_sigma_1"": 1.0, ""supplied_rank"": 1}], ""stationarity_residual"": 2.7031776676747224e-05, ""t"": 50, ""tangent_gram_condition_number"": 123.78784285369443, ""tangent_gram_coordinate_dimension"": 225, ""tangent_gram_eigensolver_converged"": true, ""tangent_gram_eigensolver_status"": ""converged"", ""tangent_gram_largest_eigenvalue"": 24.224250815919497, ""tangent_gram_smallest_eigenvalue"": 0.19569167906536897, ""target_support_norm"": 0.01704259383126596, ""target_supported"": true}, {""converged"": true, ""kind"": ""unit"", ""max_envelope_ratio"": 0.656373420588887, ""n"": 24, ""numerical_rank_vector"": [1, 1, 1], ""part"": 1, ""rank_supported"": true, ""riesz_converged"": true, ""riesz_equation_residual"": 9.396979058164597e-09, ""riesz_solver"": ""cg"", ""riesz_target_rayleigh_quotient"": 0.7293315342728866, ""riesz_target_stable"": true, ""split_rank_singular_values"": [{""block"": ""A"", ""computational_rank_supported"": true, ""relative_rank_floor"": 1e-10, ""sigma_1"": 20.147269091439213, ""sigma_r"": 20.147269091439213, ""sigma_r_over_sigma_1"": 1.0, ""supplied_rank"": 1}, {""block"": ""B"", ""computational_rank_supported"": true, ""relative_rank_floor"": 1e-10, ""sigma_1"": 30.85101949530254, ""sigma_r"": 30.85101949530254, ""sigma_r_over_sigma_1"": 1.0, ""supplied_rank"": 1}, {""block"": ""H"", ""computational_rank_supported"": true, ""relative_rank_floor"": 1e-10, ""sigma_1"": 41.23264343132689, ""sigma_r"": 41.23264343132689, ""sigma_r_over_sigma_1"": 1.0, ""supplied_rank"": 1}], ""stationarity_residual"": 5.196459616614552e-05, ""t"": 50, ""tangent_gram_condition_number"": 103.25416943892075, ""tangent_gram_coordinate_dimension"": 219, ""tangent_gram_eigensolver_converged"": true, ""tangent_gram_eigensolver_status"": ""converged"", ""tangent_gram_largest_eigenvalue"": 27.54885213531103, ""tangent_gram_smallest_eigenvalue"": 0.2668061956723922, ""target_support_norm"": 0.017574245388763888, ""target_supported"": true}]","[[0, 2, 4, 5, 7, 11, 12, 15, 16, 18, 22, 23, 24, 27, 29, 31, 33, 35, 38, 40, 44, 45, 46, 48, 49], [1, 3, 6, 8, 9, 10, 13, 14, 17, 19, 20, 21, 25, 26, 28, 30, 32, 34, 36, 37, 39, 41, 42, 43, 47]]","[[1, 2, 4, 8, 9, 10, 11, 13, 14, 18, 20, 21, 23, 26, 28, 30, 33, 34, 36, 40, 41, 42, 43, 45, 46, 47], [0, 3, 5, 6, 7, 12, 15, 16, 17, 19, 22, 24, 25, 27, 29, 31, 32, 35, 37, 38, 39, 44, 48, 49]]",False,False,False,True,"[1, 1, 1]",,"[1, 1, 1]",,,,,,,,null,,1.6961243014830791,13.0,2.3425190929307788e-05,0.9736933560909805,73.0,9.032352828312206e-09,0.6373891631326644,0.026453426219589453,297.0,0.18458294667786787,22.26777243543471,120.63829750370267,True,converged,0.00011264589661687892,False,0.0,1.0,0.09561829999438487,0.05664010002510622,1.3909748000151012,"[20260810, 4011364011, 1941079659, 1499620634, 1499620634, 2235565902, 1387497986, 1337576661]",b867e9855af0a3ac,610c7358dde2c1b141abb0f783ec54c402df554b,1.0,0.6646034231136213,1.9351874937382814,0.8474454041357267,0.8474454041357267,0.5243826415401053,0.5432393102554574,0.280217019911,0.8474454041357267,0.05641591029582582,1.6734762742235874,0.8999999999999999,1.1,0.8,1.2,0.85,2.031384387633061,6.682939116891857,6.682939116891857,0.8474454041357267,1.6734762742235874,3.7936616704631945,3.7936616704631945,9.0,1.0,2.3170608831081427,True,67b3f9028ad66f677b71fe9f03e6982e2af1a6f7f48540b487ed98fb1958abcd,theorem_covered,True,0.028284271247461912,0.027295887408111476,0.9650553542390056,,,,,,,,,,,,,,,,,,False
replication,b867e9855af0a3ac,1,50,50,3,fixed_rank,success,success,True,True,False,True,False,False,"[1, 1, 1]",,,,,7,dgp1_N50_T50_r00003_truth1-1-1,67b3f9028ad66f677b71fe9f03e6982e2af1a6f7f48540b487ed98fb1958abcd,1.6109239000070374,,,B_G2_time_average,target,split_fit_failure,[],dgp1_N50_T50_r00003_truth1-1-1,split_fit_not_converged,"[1, 1, 1]",0.5449888610353082,0.6406572768905519,0.08229119828873523,0.00677184131579594,0.6110387870869587,0.0458994208688744,0.0021067568360980627,0.0660499260516505,0.6406572768905519,0.08229119828873523,0.00677184131579594,0.09566841585524366,0.6110387870869587,0.6118629283678925,0.5805961560024318,4.0,4.0,0.20866469998145476,"[{""converged"": true, ""kind"": ""time"", ""max_envelope_ratio"": 1.196535866344936, ""n"": 50, ""numerical_rank_vector"": [1, 1, 1], ""part"": 0, ""rank_supported"": true, ""riesz_converged"": true, ""riesz_equation_residual"": 6.5348658703745526e-09, ""riesz_solver"": ""cg"", ""riesz_target_rayleigh_quotient"": 0.5530209721407404, ""riesz_target_stable"": true, ""split_rank_singular_values"": [{""block"": ""A"", ""computational_rank_supported"": true, ""relative_rank_floor"": 1e-10, ""sigma_1"": 20.42198084202433, ""sigma_r"": 20.42198084202433, ""sigma_r_over_sigma_1"": 1.0, ""supplied_rank"": 1}, {""block"": ""B"", ""computational_rank_supported"": true, ""relative_rank_floor"": 1e-10, ""sigma_1"": 29.308813238905845, ""sigma_r"": 29.308813238905845, ""sigma_r_over_sigma_1"": 1.0, ""supplied_rank"": 1}, {""block"": ""H"", ""computational_rank_supported"": true, ""relative_rank_floor"": 1e-10, ""sigma_1"": 50.16066231519942, ""sigma_r"": 50.16066231519942, ""sigma_r_over_sigma_1"": 1.0, ""supplied_rank"": 1}], ""stationarity_residual"": 3.647038684202163e-05, ""t"": 25, ""tangent_gram_condition_number"": 152.9651030902458, ""tangent_gram_coordinate_dimension"": 222, ""tangent_gram_eigensolver_converged"": true, ""tangent_gram_eigensolver_status"": ""converged"", ""tangent_gram_largest_eigenvalue"": 28.538504705244023, ""tangent_gram_smallest_eigenvalue"": 0.18656872795625143, ""target_support_norm"": 0.0184443321277088, ""target_supported"": true}, {""converged"": true, ""kind"": ""time"", ""max_envelope_ratio"": 0.6455421023510645, ""n"": 50, ""numerical_rank_vector"": [1, 1, 1], ""part"": 1, ""rank_supported"": true, ""riesz_converged"": true, ""riesz_equation_residual"": 9.518393854368594e-09, ""riesz_solver"": ""cg"", ""riesz_target_rayleigh_quotient"": 0.5584030696562977, ""riesz_target_stable"": true, ""split_rank_singular_values"": [{""block"": ""A"", ""computational_rank_supported"": true, ""relative_rank_floor"": 1e-10, ""sigma_1"": 18.887036850101204, ""sigma_r"": 18.887036850101204, ""sigma_r_over_sigma_1"": 1.0, ""supplied_rank"": 1}, {""block"": ""B"", ""computational_rank_supported"": true, ""relative_rank_floor"": 1e-10, ""sigma_1"": 32.97655340843385, ""sigma_r"": 32.97655340843385, ""sigma_r_over_sigma_1"": 1.0, ""supplied_rank"": 1}, {""block"": ""H"", ""computational_rank_supported"": true, ""relative_rank_floor"": 1e-10, ""sigma_1"": 41.06749503672601, ""sigma_r"": 41.06749503672601, ""sigma_r_over_sigma_1"": 1.0, ""supplied_rank"": 1}], ""stationarity_residual"": 4.998361691678955e-05, ""t"": 25, ""tangent_gram_condition_number"": 89.59098543508311, ""tangent_gram_coordinate_dimension"": 222, ""tangent_gram_eigensolver_converged"": true, ""tangent_gram_eigensolver_status"": ""converged"", ""tangent_gram_largest_eigenvalue"": 21.15294286055923, ""tangent_gram_smallest_eigenvalue"": 0.23610570592380054, ""target_support_norm"": 0.018188371578092336, ""target_supported"": true}, {""converged"": true, ""kind"": ""unit"", ""max_envelope_ratio"": 1.0371906031294298, ""n"": 26, ""numerical_rank_vector"": [1, 1, 1], ""part"": 0, ""rank_supported"": true, ""riesz_converged"": true, ""riesz_equation_residual"": 9.468748804106892e-09, ""riesz_solver"": ""cg"", ""riesz_target_rayleigh_quotient"": 0.44638433854023674, ""riesz_target_stable"": true, ""split_rank_singular_values"": [{""block"": ""A"", ""computational_rank_supported"": true, ""relative_rank_floor"": 1e-10, ""sigma_1"": 20.115727735789566, ""sigma_r"": 20.115727735789566, ""sigma_r_over_sigma_1"": 1.0, ""supplied_rank"": 1}, {""block"": ""B"", ""computational_rank_supported"": true, ""relative_rank_floor"": 1e-10, ""sigma_1"": 33.224461058426904, ""sigma_r"": 33.224461058426904, ""sigma_r_over_sigma_1"": 1.0, ""supplied_rank"": 1}, {""block"": ""H"", ""computational_rank_supported"": true, ""relative_rank_floor"": 1e-10, ""sigma_1"": 44.43399082544207, ""sigma_r"": 44.43399082544207, ""sigma_r_over_sigma_1"": 1.0, ""supplied_rank"": 1}], ""stationarity_residual"": 2.7031776676747224e-05, ""t"": 50, ""tangent_gram_condition_number"": 123.78784285369443, ""tangent_gram_coordinate_dimension"": 225, ""tangent_gram_eigensolver_converged"": true, ""tangent_gram_eigensolver_status"": ""converged"", ""tangent_gram_largest_eigenvalue"": 24.224250815919497, ""tangent_gram_smallest_eigenvalue"": 0.19569167906536897, ""target_support_norm"": 0.01771920846610361, ""target_supported"": true}, {""converged"": true, ""kind"": ""unit"", ""max_envelope_ratio"": 0.656373420588887, ""n"": 24, ""numerical_rank_vector"": [1, 1, 1], ""part"": 1, ""rank_supported"": true, ""riesz_converged"": true, ""riesz_equation_residual"": 9.450772360889671e-09, ""riesz_solver"": ""cg"", ""riesz_target_rayleigh_quotient"": 0.6699407037290319, ""riesz_target_stable"": true, ""split_rank_singular_values"": [{""block"": ""A"", ""computational_rank_supported"": true, ""relative_rank_floor"": 1e-10, ""sigma_1"": 20.147269091439213, ""sigma_r"": 20.147269091439213, ""sigma_r_over_sigma_1"": 1.0, ""supplied_rank"": 1}, {""block"": ""B"", ""computational_rank_supported"": true, ""relative_rank_floor"": 1e-10, ""sigma_1"": 30.85101949530254, ""sigma_r"": 30.85101949530254, ""sigma_r_over_sigma_1"": 1.0, ""supplied_rank"": 1}, {""block"": ""H"", ""computational_rank_supported"": true, ""relative_rank_floor"": 1e-10, ""sigma_1"": 41.23264343132689, ""sigma_r"": 41.23264343132689, ""sigma_r_over_sigma_1"": 1.0, ""supplied_rank"": 1}], ""stationarity_residual"": 5.196459616614552e-05, ""t"": 50, ""tangent_gram_condition_number"": 103.25416943892075, ""tangent_gram_coordinate_dimension"": 219, ""tangent_gram_eigensolver_converged"": true, ""tangent_gram_eigensolver_status"": ""converged"", ""tangent_gram_largest_eigenvalue"": 27.54885213531103, ""tangent_gram_smallest_eigenvalue"": 0.2668061956723922, ""target_support_norm"": 0.016728765419608077, ""target_supported"": true}]","[[0, 2, 4, 5, 7, 11, 12, 15, 16, 18, 22, 23, 24, 27, 29, 31, 33, 35, 38, 40, 44, 45, 46, 48, 49], [1, 3, 6, 8, 9, 10, 13, 14, 17, 19, 20, 21, 25, 26, 28, 30, 32, 34, 36, 37, 39, 41, 42, 43, 47]]","[[1, 2, 4, 8, 9, 10, 11, 13, 14, 18, 20, 21, 23, 26, 28, 30, 33, 34, 36, 40, 41, 42, 43, 45, 46, 47], [0, 3, 5, 6, 7, 12, 15, 16, 17, 19, 22, 24, 25, 27, 29, 31, 32, 35, 37, 38, 39, 44, 48, 49]]",False,False,False,True,"[1, 1, 1]",,"[1, 1, 1]",,,,,,,,null,,1.6961243014830791,13.0,2.3425190929307788e-05,0.9736933560909805,73.0,9.90218453507065e-09,0.6675716638297681,0.026272655104334568,297.0,0.18458294667786787,22.26777243543471,120.63829750370267,True,converged,0.00010907784290827688,False,0.0,1.0,0.09561829999438487,0.08330500000738539,1.5194197999953758,"[20260810, 4011364011, 1941079659, 1499620634, 1499620634, 2235565902, 1387497986, 1337576661]",b867e9855af0a3ac,610c7358dde2c1b141abb0f783ec54c402df554b,1.0,0.6646034231136213,1.9351874937382814,0.8474454041357267,0.8474454041357267,0.5243826415401053,0.5432393102554574,0.280217019911,0.8474454041357267,0.05641591029582582,1.6734762742235874,0.8999999999999999,1.1,0.8,1.2,0.85,2.031384387633061,6.682939116891857,6.682939116891857,0.8474454041357267,1.6734762742235874,3.7936616704631945,3.7936616704631945,9.0,1.0,2.3170608831081427,True,67b3f9028ad66f677b71fe9f03e6982e2af1a6f7f48540b487ed98fb1958abcd,theorem_covered,True,0.028284271247461912,0.0273062375526558,0.9654212871086832,,,,,,,,,,,,,,,,,,True
replication,b867e9855af0a3ac,1,50,50,3,fixed_rank,success,success,True,True,False,True,False,False,"[1, 1, 1]",,,,,7,dgp1_N50_T50_r00003_truth1-1-1,67b3f9028ad66f677b71fe9f03e6982e2af1a6f7f48540b487ed98fb1958abcd,1.6109239000070374,,,B_G2_minus_G1_time_average,target,split_fit_failure,[],dgp1_N50_T50_r00003_truth1-1-1,split_fit_not_converged,"[1, 1, 1]",0.0034991015597012533,-0.09940569955402709,0.1086354729937748,0.011801665992581173,-0.04413202351869632,0.06047025307373544,0.0036566515068016106,-0.047631125078397576,-0.09940569955402709,0.1086354729937748,0.011801665992581173,-0.10290480111372834,-0.04413202351869632,-0.013730812549956763,-0.01925955845210512,4.0,4.0,0.20866469998145476,"[{""converged"": true, ""kind"": ""time"", ""max_envelope_ratio"": 1.196535866344936, ""n"": 50, ""numerical_rank_vector"": [1, 1, 1], ""part"": 0, ""rank_supported"": true, ""riesz_converged"": true, ""riesz_equation_residual"": 7.54087901244557e-09, ""riesz_solver"": ""cg"", ""riesz_target_rayleigh_quotient"": 0.5432807859397036, ""riesz_target_stable"": true, ""split_rank_singular_values"": [{""block"": ""A"", ""computational_rank_supported"": true, ""relative_rank_floor"": 1e-10, ""sigma_1"": 20.42198084202433, ""sigma_r"": 20.42198084202433, ""sigma_r_over_sigma_1"": 1.0, ""supplied_rank"": 1}, {""block"": ""B"", ""computational_rank_supported"": true, ""relative_rank_floor"": 1e-10, ""sigma_1"": 29.308813238905845, ""sigma_r"": 29.308813238905845, ""sigma_r_over_sigma_1"": 1.0, ""supplied_rank"": 1}, {""block"": ""H"", ""computational_rank_supported"": true, ""relative_rank_floor"": 1e-10, ""sigma_1"": 50.16066231519942, ""sigma_r"": 50.16066231519942, ""sigma_r_over_sigma_1"": 1.0, ""supplied_rank"": 1}], ""stationarity_residual"": 3.647038684202163e-05, ""t"": 25, ""tangent_gram_condition_number"": 152.9651030902458, ""tangent_gram_coordinate_dimension"": 222, ""tangent_gram_eigensolver_converged"": true, ""tangent_gram_eigensolver_status"": ""converged"", ""tangent_gram_largest_eigenvalue"": 28.538504705244023, ""tangent_gram_smallest_eigenvalue"": 0.18656872795625143, ""target_support_norm"": 0.024965330243252915, ""target_supported"": true}, {""converged"": true, ""kind"": ""time"", ""max_envelope_ratio"": 0.6455421023510645, ""n"": 50, ""numerical_rank_vector"": [1, 1, 1], ""part"": 1, ""rank_supported"": true, ""riesz_converged"": true, ""riesz_equation_residual"": 8.998476195543606e-09, ""riesz_solver"": ""cg"", ""riesz_target_rayleigh_quotient"": 0.6083391060005096, ""riesz_target_stable"": true, ""split_rank_singular_values"": [{""block"": ""A"", ""computational_rank_supported"": true, ""relative_rank_floor"": 1e-10, ""sigma_1"": 18.887036850101204, ""sigma_r"": 18.887036850101204, ""sigma_r_over_sigma_1"": 1.0, ""supplied_rank"": 1}, {""block"": ""B"", ""computational_rank_supported"": true, ""relative_rank_floor"": 1e-10, ""sigma_1"": 32.97655340843385, ""sigma_r"": 32.97655340843385, ""sigma_r_over_sigma_1"": 1.0, ""supplied_rank"": 1}, {""block"": ""H"", ""computational_rank_supported"": true, ""relative_rank_floor"": 1e-10, ""sigma_1"": 41.06749503672601, ""sigma_r"": 41.06749503672601, ""sigma_r_over_sigma_1"": 1.0, ""supplied_rank"": 1}], ""stationarity_residual"": 4.998361691678955e-05, ""t"": 25, ""tangent_gram_condition_number"": 89.59098543508311, ""tangent_gram_coordinate_dimension"": 222, ""tangent_gram_eigensolver_converged"": true, ""tangent_gram_eigensolver_status"": ""converged"", ""tangent_gram_largest_eigenvalue"": 21.15294286055923, ""tangent_gram_smallest_eigenvalue"": 0.23610570592380054, ""target_support_norm"": 0.024487311173170666, ""target_supported"": true}, {""converged"": true, ""kind"": ""unit"", ""max_envelope_ratio"": 1.0371906031294298, ""n"": 26, ""numerical_rank_vector"": [1, 1, 1], ""part"": 0, ""rank_supported"": true, ""riesz_converged"": true, ""riesz_equation_residual"": 7.873574247536074e-09, ""riesz_solver"": ""cg"", ""riesz_target_rayleigh_quotient"": 0.5237729001878496, ""riesz_target_stable"": true, ""split_rank_singular_values"": [{""block"": ""A"", ""computational_rank_supported"": true, ""relative_rank_floor"": 1e-10, ""sigma_1"": 20.115727735789566, ""sigma_r"": 20.115727735789566, ""sigma_r_over_sigma_1"": 1.0, ""supplied_rank"": 1}, {""block"": ""B"", ""computational_rank_supported"": true, ""relative_rank_floor"": 1e-10, ""sigma_1"": 33.224461058426904, ""sigma_r"": 33.224461058426904, ""sigma_r_over_sigma_1"": 1.0, ""supplied_rank"": 1}, {""block"": ""H"", ""computational_rank_supported"": true, ""relative_rank_floor"": 1e-10, ""sigma_1"": 44.43399082544207, ""sigma_r"": 44.43399082544207, ""sigma_r_over_sigma_1"": 1.0, ""supplied_rank"": 1}], ""stationarity_residual"": 2.7031776676747224e-05, ""t"": 50, ""tangent_gram_condition_number"": 123.78784285369443, ""tangent_gram_coordinate_dimension"": 225, ""tangent_gram_eigensolver_converged"": true, ""tangent_gram_eigensolver_status"": ""converged"", ""tangent_gram_largest_eigenvalue"": 24.224250815919497, ""tangent_gram_smallest_eigenvalue"": 0.19569167906536897, ""target_support_norm"": 0.02213587808421356, ""target_supported"": true}, {""converged"": true, ""kind"": ""unit"", ""max_envelope_ratio"": 0.656373420588887, ""n"": 24, ""numerical_rank_vector"": [1, 1, 1], ""part"": 1, ""rank_supported"": true, ""riesz_converged"": true, ""riesz_equation_residual"": 7.786291078576731e-09, ""riesz_solver"": ""cg"", ""riesz_target_rayleigh_quotient"": 0.813469384262843, ""riesz_target_stable"": true, ""split_rank_singular_values"": [{""block"": ""A"", ""computational_rank_supported"": true, ""relative_rank_floor"": 1e-10, ""sigma_1"": 20.147269091439213, ""sigma_r"": 20.147269091439213, ""sigma_r_over_sigma_1"": 1.0, ""supplied_rank"": 1}, {""block"": ""B"", ""computational_rank_supported"": true, ""relative_rank_floor"": 1e-10, ""sigma_1"": 30.85101949530254, ""sigma_r"": 30.85101949530254, ""sigma_r_over_sigma_1"": 1.0, ""supplied_rank"": 1}, {""block"": ""H"", ""computational_rank_supported"": true, ""relative_rank_floor"": 1e-10, ""sigma_1"": 41.23264343132689, ""sigma_r"": 41.23264343132689, ""sigma_r_over_sigma_1"": 1.0, ""supplied_rank"": 1}], ""stationarity_residual"": 5.196459616614552e-05, ""t"": 50, ""tangent_gram_condition_number"": 103.25416943892075, ""tangent_gram_coordinate_dimension"": 219, ""tangent_gram_eigensolver_converged"": true, ""tangent_gram_eigensolver_status"": ""converged"", ""tangent_gram_largest_eigenvalue"": 27.54885213531103, ""tangent_gram_smallest_eigenvalue"": 0.2668061956723922, ""target_support_norm"": 0.02205096121502457, ""target_supported"": true}]","[[0, 2, 4, 5, 7, 11, 12, 15, 16, 18, 22, 23, 24, 27, 29, 31, 33, 35, 38, 40, 44, 45, 46, 48, 49], [1, 3, 6, 8, 9, 10, 13, 14, 17, 19, 20, 21, 25, 26, 28, 30, 32, 34, 36, 37, 39, 41, 42, 43, 47]]","[[1, 2, 4, 8, 9, 10, 11, 13, 14, 18, 20, 21, 23, 26, 28, 30, 33, 34, 36, 40, 41, 42, 43, 45, 46, 47], [0, 3, 5, 6, 7, 12, 15, 16, 17, 19, 22, 24, 25, 27, 29, 31, 32, 35, 37, 38, 39, 44, 48, 49]]",False,False,False,True,"[1, 1, 1]",,"[1, 1, 1]",,,,,,,,null,,1.6961243014830791,13.0,2.3425190929307788e-05,0.9736933560909805,73.0,9.944459510715043e-09,0.7240961465749446,0.03540435476055815,297.0,0.18458294667786787,22.26777243543471,120.63829750370267,True,converged,5.61458370257055e-06,False,0.0,1.0,0.09561829999438487,0.056703100010054186,1.6109239000070374,"[20260810, 4011364011, 1941079659, 1499620634, 1499620634, 2235565902, 1387497986, 1337576661]",b867e9855af0a3ac,610c7358dde2c1b141abb0f783ec54c402df554b,1.0,0.6646034231136213,1.9351874937382814,0.8474454041357267,0.8474454041357267,0.5243826415401053,0.5432393102554574,0.280217019911,0.8474454041357267,0.05641591029582582,1.6734762742235874,0.8999999999999999,1.1,0.8,1.2,0.85,2.031384387633061,6.682939116891857,6.682939116891857,0.8474454041357267,1.6734762742235874,3.7936616704631945,3.7936616704631945,9.0,1.0,2.3170608831081427,True,67b3f9028ad66f677b71fe9f03e6982e2af1a6f7f48540b487ed98fb1958abcd,theorem_covered,True,0.03999999999999994,0.03745608640566556,0.9364021601416406,,,,,,,,,,,,,,,,,,False
replication,b867e9855af0a3ac,1,50,50,4,fixed_rank,success,success,True,True,True,True,True,True,"[1, 1, 1]",,,,,7,dgp1_N50_T50_r00004_truth1-1-1,33dd02dca6cb6561052f2690ad45ef239ce14390894585434045c8d5364227d9,1.7629023999907076,,,A_entry,target,success,[],dgp1_N50_T50_r00004_truth1-1-1,success,"[1, 1, 1]",0.6209625876709839,0.553374880839073,0.11347022631333849,0.012875492259600255,0.553374880839073,0.11347022631333849,0.012875492259600255,-0.06758770683191084,0.553374880839073,0.11347022631333849,0.012875492259600255,-0.06758770683191084,0.553374880839073,,,0.0,4.0,0.24656959998537786,[],null,null,False,True,True,False,"[1, 1, 1]",,"[1, 1, 1]",,,,,,,,null,,1.494986994219576,11.0,2.5153098586171393e-05,0.7987211430622395,90.0,9.327288034399043e-09,1.501890350380231,0.2021538589818258,297.0,0.10906335524816657,33.67408516167888,308.75709889041735,True,converged,0.00011446736508910196,False,0.0,1.0,0.09038200002396479,0.019030700001167133,0.4381969999813009,"[20260810, 4011364011, 1941079659, 1499620634, 1499620634, 2004296267, 1387497986, 1337576661]",b867e9855af0a3ac,610c7358dde2c1b141abb0f783ec54c402df554b,0.9648348433837333,0.6646034231136213,1.9351874937382814,0.8809797923746197,0.7926370011802594,0.5124730956234698,0.5946933311201169,0.2614366876534869,0.7926370011802594,0.09016016804228733,1.6511223621911348,0.8999999999999999,1.1,0.8,1.2,0.85,2.031384387633061,6.682939116891857,6.682939116891857,0.7926370011802594,1.6511223621911348,5.15311294147118,5.15311294147118,9.0,1.0,2.3170608831081427,True,33dd02dca6cb6561052f2690ad45ef239ce14390894585434045c8d5364227d9,theorem_covered,True,1.0,0.2176679385099783,0.2176679385099783,1.0198722526837916,1.377185383259147,,,,,,,,,,,,,,,,True
replication,b867e9855af0a3ac,1,50,50,4,fixed_rank,success,success,True,True,True,True,True,True,"[1, 1, 1]",,,,,7,dgp1_N50_T50_r00004_truth1-1-1,33dd02dca6cb6561052f2690ad45ef239ce14390894585434045c8d5364227d9,1.7629023999907076,,,B_entry,target,success,[],dgp1_N50_T50_r00004_truth1-1-1,success,"[1, 1, 1]",0.9418090186558696,1.2676656535040243,0.31510305115672876,0.09928993284828004,1.2676656535040243,0.31510305115672876,0.09928993284828004,0.32585663484815464,1.2676656535040243,0.31510305115672876,0.09928993284828004,0.32585663484815464,1.2676656535040243,,,0.0,4.0,0.24656959998537786,[],null,null,False,True,True,False,"[1, 1, 1]",,"[1, 1, 1]",,,,,,,,null,,1.494986994219576,11.0,2.5153098586171393e-05,0.7987211430622395,91.0,8.337281483063342e-09,0.8095292956565538,0.24312147201404116,297.0,0.10906335524816657,33.67408516167888,308.75709889041735,True,converged,3.3108564220269907e-05,False,0.0,1.0,0.09038200002396479,0.01649149999138899,0.5031241999822669,"[20260810, 4011364011, 1941079659, 1499620634, 1499620634, 2004296267, 1387497986, 1337576661]",b867e9855af0a3ac,610c7358dde2c1b141abb0f783ec54c402df554b,0.9648348433837333,0.6646034231136213,1.9351874937382814,0.8809797923746197,0.7926370011802594,0.5124730956234698,0.5946933311201169,0.2614366876534869,0.7926370011802594,0.09016016804228733,1.6511223621911348,0.8999999999999999,1.1,0.8,1.2,0.85,2.031384387633061,6.682939116891857,6.682939116891857,0.7926370011802594,1.6511223621911348,5.15311294147118,5.15311294147118,9.0,1.0,2.3170608831081427,True,33dd02dca6cb6561052f2690ad45ef239ce14390894585434045c8d5364227d9,entry_leverage_requires_author_choice,False,1.0,0.24699821296690463,0.24699821296690463,0.9229309405090546,2.1674836748647843,,,,,,,,,,,,,,,,False
replication,b867e9855af0a3ac,1,50,50,4,fixed_rank,success,success,True,True,True,True,True,True,"[1, 1, 1]",,,,,7,dgp1_N50_T50_r00004_truth1-1-1,33dd02dca6cb6561052f2690ad45ef239ce14390894585434045c8d5364227d9,1.7629023999907076,,,A_fixed_time_mean,target,success,[],dgp1_N50_T50_r00004_truth1-1-1,success,"[1, 1, 1]",0.6119817180913976,0.5520059455504186,0.07399546063635777,0.005475328194786773,0.5520059455504186,0.07399546063635777,0.005475328194786773,-0.05997577254097897,0.5520059455504186,0.07399546063635777,0.005475328194786773,-0.05997577254097897,0.5520059455504186,,,0.0,4.0,0.24656959998537786,[],null,null,False,True,True,False,"[1, 1, 1]",,"[1, 1, 1]",,,,,,,,null,,1.494986994219576,11.0,2.5153098586171393e-05,0.7987211430622395,90.0,8.68532023194176e-09,0.9680886214892975,0.13896810021105113,297.0,0.10906335524816657,33.67408516167888,308.75709889041735,True,converged,1.7299015068966177e-05,False,0.0,1.0,0.09038200002396479,0.01696440001251176,0.5623466999968514,"[20260810, 4011364011, 1941079659, 1499620634, 1499620634, 2004296267, 1387497986, 1337576661]",b867e9855af0a3ac,610c7358dde2c1b141abb0f783ec54c402df554b,0.9648348433837333,0.6646034231136213,1.9351874937382814,0.8809797923746197,0.7926370011802594,0.5124730956234698,0.5946933311201169,0.2614366876534869,0.7926370011802594,0.09016016804228733,1.6511223621911348,0.8999999999999999,1.1,0.8,1.2,0.85,2.031384387633061,6.682939116891857,6.682939116891857,0.7926370011802594,1.6511223621911348,5.15311294147118,5.15311294147118,9.0,1.0,2.3170608831081427,True,33dd02dca6cb6561052f2690ad45ef239ce14390894585434045c8d5364227d9,theorem_covered,True,0.14142135623730953,0.14077247225693698,0.9954116973727525,,,,,,,,,,,,,,,,,,False
replication,b867e9855af0a3ac,1,50,50,4,fixed_rank,success,success,True,True,True,True,True,True,"[1, 1, 1]",,,,,7,dgp1_N50_T50_r00004_truth1-1-1,33dd02dca6cb6561052f2690ad45ef239ce14390894585434045c8d5364227d9,1.7629023999907076,,,B_fixed_time_mean,target,success,[],dgp1_N50_T50_r00004_truth1-1-1,success,"[1, 1, 1]",0.9214076610935867,1.0216129243260152,0.19296086328881662,0.03723389476116538,1.0216129243260152,0.19296086328881662,0.03723389476116538,0.10020526323242851,1.0216129243260152,0.19296086328881662,0.03723389476116538,0.10020526323242851,1.0216129243260152,,,0.0,4.0,0.24656959998537786,[],null,null,False,True,True,False,"[1, 1, 1]",,"[1, 1, 1]",,,,,,,,null,,1.494986994219576,11.0,2.5153098586171393e-05,0.7987211430622395,95.0,8.671432879324888e-09,0.6444482363152969,0.12617499805051313,297.0,0.10906335524816657,33.67408516167888,308.75709889041735,True,converged,2.0902982974591752e-05,False,0.0,1.0,0.09038200002396479,0.019335399992996827,0.613421499991091,"[20260810, 4011364011, 1941079659, 1499620634, 1499620634, 2004296267, 1387497986, 1337576661]",b867e9855af0a3ac,610c7358dde2c1b141abb0f783ec54c402df554b,0.9648348433837333,0.6646034231136213,1.9351874937382814,0.8809797923746197,0.7926370011802594,0.5124730956234698,0.5946933311201169,0.2614366876534869,0.7926370011802594,0.09016016804228733,1.6511223621911348,0.8999999999999999,1.1,0.8,1.2,0.85,2.031384387633061,6.682939116891857,6.682939116891857,0.7926370011802594,1.6511223621911348,5.15311294147118,5.15311294147118,9.0,1.0,2.3170608831081427,True,33dd02dca6cb6561052f2690ad45ef239ce14390894585434045c8d5364227d9,theorem_covered,True,0.14142135623730953,0.13329926056586444,0.9425681107327527,,,,,,,,,,,,,,,,,,False
replication,b867e9855af0a3ac,1,50,50,4,fixed_rank,success,success,True,True,True,True,True,True,"[1, 1, 1]",,,,,7,dgp1_N50_T50_r00004_truth1-1-1,33dd02dca6cb6561052f2690ad45ef239ce14390894585434045c8d5364227d9,1.7629023999907076,,,A_full_mean,target,success,[],dgp1_N50_T50_r00004_truth1-1-1,success,"[1, 1, 1]",0.5124730956234698,0.4981628705964303,0.023594759850530243,0.000556712692404194,0.5016706590563957,0.01568685766273567,0.00024607750333092884,-0.010802436567074025,0.4981628705964303,0.023594759850530243,0.000556712692404194,-0.014310225027039492,0.5016706590563957,0.49516546767920544,0.5116836388935515,4.0,4.0,0.24656959998537786,"[{""converged"": true, ""kind"": ""time"", ""max_envelope_ratio"": 0.6609418824545357, ""n"": 50, ""numerical_rank_vector"": [1, 1, 1], ""part"": 0, ""rank_supported"": true, ""riesz_converged"": true, ""riesz_equation_residual"": 9.624344735599638e-09, ""riesz_solver"": ""cg"", ""riesz_target_rayleigh_quotient"": 0.8526386756973331, ""riesz_target_stable"": true, ""split_rank_singular_values"": [{""block"": ""A"", ""computational_rank_supported"": true, ""relative_rank_floor"": 1e-10, ""sigma_1"": 20.733238099415317, ""sigma_r"": 20.733238099415317, ""sigma_r_over_sigma_1"": 1.0, ""supplied_rank"": 1}, {""block"": ""B"", ""computational_rank_supported"": true, ""relative_rank_floor"": 1e-10, ""sigma_1"": 34.19740319128433, ""sigma_r"": 34.19740319128433, ""sigma_r_over_sigma_1"": 1.0, ""supplied_rank"": 1}, {""block"": ""H"", ""computational_rank_supported"": true, ""relative_rank_floor"": 1e-10, ""sigma_1"": 43.54362848775506, ""sigma_r"": 43.54362848775506, ""sigma_r_over_sigma_1"": 1.0, ""supplied_rank"": 1}], ""stationarity_residual"": 3.461630895475126e-05, ""t"": 25, ""tangent_gram_condition_number"": 175.2336512594813, ""tangent_gram_coordinate_dimension"": 222, ""tangent_gram_eigensolver_converged"": true, ""tangent_gram_eigensolver_status"": ""converged"", ""tangent_gram_largest_eigenvalue"": 38.890830961263575, ""tangent_gram_smallest_eigenvalue"": 0.22193700058029994, ""target_support_norm"": 0.014099967933475914, ""target_supported"": true}, {""converged"": true, ""kind"": ""time"", ""max_envelope_ratio"": 0.9759545461724145, ""n"": 50, ""numerical_rank_vector"": [1, 1, 1], ""part"": 1, ""rank_supported"": true, ""riesz_converged"": true, ""riesz_equation_residual"": 9.901011494806915e-09, ""riesz_solver"": ""cg"", ""riesz_target_rayleigh_quotient"": 0.8994867949903157, ""riesz_target_stable"": true, ""split_rank_singular_values"": [{""block"": ""A"", ""computational_rank_supported"": true, ""relative_rank_floor"": 1e-10, ""sigma_1"": 18.352238661586625, ""sigma_r"": 18.352238661586625, ""sigma_r_over_sigma_1"": 1.0, ""supplied_rank"": 1}, {""block"": ""B"", ""computational_rank_supported"": true, ""relative_rank_floor"": 1e-10, ""sigma_1"": 30.72606274956827, ""sigma_r"": 30.72606274956827, ""sigma_r_over_sigma_1"": 1.0, ""supplied_rank"": 1}, {""block"": ""H"", ""computational_rank_supported"": true, ""relative_rank_floor"": 1e-10, ""sigma_1"": 62.95327536716139, ""sigma_r"": 62.95327536716139, ""sigma_r_over_sigma_1"": 1.0, ""supplied_rank"": 1}], ""stationarity_residual"": 3.3200708010123566e-05, ""t"": 25, ""tangent_gram_condition_number"": 124.44342642480655, ""tangent_gram_coordinate_dimension"": 222, ""tangent_gram_eigensolver_converged"": true, ""tangent_gram_eigensolver_status"": ""converged"", ""tangent_gram_largest_eigenvalue"": 22.072347636073378, ""tangent_gram_smallest_eigenvalue"": 0.17736853018435916, ""target_support_norm"": 0.014041654327982288, ""target_supported"": true}, {""converged"": true, ""kind"": ""unit"", ""max_envelope_ratio"": 0.8023567738457466, ""n"": 26, ""numerical_rank_vector"": [1, 1, 1], ""part"": 0, ""rank_supported"": true, ""riesz_converged"": true, ""riesz_equation_residual"": 9.517701208423695e-09, ""riesz_solver"": ""cg"", ""riesz_target_rayleigh_quotient"": 0.3072496646973974, ""riesz_target_stable"": true, ""split_rank_singular_values"": [{""block"": ""A"", ""computational_rank_supported"": true, ""relative_rank_floor"": 1e-10, ""sigma_1"": 20.807052784417348, ""sigma_r"": 20.807052784417348, ""sigma_r_over_sigma_1"": 1.0, ""supplied_rank"": 1}, {""block"": ""B"", ""computational_rank_supported"": true, ""relative_rank_floor"": 1e-10, ""sigma_1"": 36.591083074230546, ""sigma_r"": 36.591083074230546, ""sigma_r_over_sigma_1"": 1.0, ""supplied_rank"": 1}, {""block"": ""H"", ""computational_rank_supported"": true, ""relative_rank_floor"": 1e-10, ""sigma_1"": 54.477330781188, ""sigma_r"": 54.477330781188, ""sigma_r_over_sigma_1"": 1.0, ""supplied_rank"": 1}], ""stationarity_residual"": 8.206512494087139e-05, ""t"": 50, ""tangent_gram_condition_number"": 1058.7872021767857, ""tangent_gram_coordinate_dimension"": 225, ""tangent_gram_eigensolver_converged"": true, ""tangent_gram_eigensolver_status"": ""converged"", ""tangent_gram_largest_eigenvalue"": 38.68858504648637, ""tangent_gram_smallest_eigenvalue"": 0.03654047287967364, ""target_support_norm"": 0.014390343512522177, ""target_supported"": true}, {""converged"": true, ""kind"": ""unit"", ""max_envelope_ratio"": 0.8590833793091868, ""n"": 24, ""numerical_rank_vector"": [1, 1, 1], ""part"": 1, ""rank_supported"": true, ""riesz_converged"": true, ""riesz_equation_residual"": 9.869371926398463e-09, ""riesz_solver"": ""cg"", ""riesz_target_rayleigh_quotient"": 0.6728202738121003, ""riesz_target_stable"": true, ""split_rank_singular_values"": [{""block"": ""A"", ""computational_rank_supported"": true, ""relative_rank_floor"": 1e-10, ""sigma_1"": 19.141302103247586, ""sigma_r"": 19.141302103247586, ""sigma_r_over_sigma_1"": 1.0, ""supplied_rank"": 1}, {""block"": ""B"", ""computational_rank_supported"": true, ""relative_rank_floor"": 1e-10, ""sigma_1"": 28.248742571915777, ""sigma_r"": 28.248742571915777, ""sigma_r_over_sigma_1"": 1.0, ""supplied_rank"": 1}, {""block"": ""H"", ""computational_rank_supported"": true, ""relative_rank_floor"": 1e-10, ""sigma_1"": 52.523843342350496, ""sigma_r"": 52.523843342350496, ""sigma_r_over_sigma_1"": 1.0, ""supplied_rank"": 1}], ""stationarity_residual"": 3.959930336361275e-05, ""t"": 50, ""tangent_gram_condition_number"": 218.75915626984906, ""tangent_gram_coordinate_dimension"": 219, ""tangent_gram_eigensolver_converged"": true, ""tangent_gram_eigensolver_status"": ""converged"", ""tangent_gram_largest_eigenvalue"": 33.68128459670326, ""tangent_gram_smallest_eigenvalue"": 0.1539651421728648, ""target_support_norm"": 0.01381132259009502, ""target_supported"": true}]","[[0, 2, 4, 7, 8, 9, 13, 14, 15, 17, 21, 23, 25, 26, 27, 28, 29, 32, 33, 36, 42, 43, 44, 48, 49], [1, 3, 5, 6, 10, 11, 12, 16, 18, 19, 20, 22, 24, 30, 31, 34, 35, 37, 38, 39, 40, 41, 45, 46, 47]]","[[0, 2, 3, 4, 7, 10, 12, 13, 16, 19, 22, 23, 24, 26, 27, 28, 31, 32, 33, 35, 39, 40, 44, 45, 47, 48], [1, 5, 6, 8, 9, 11, 14, 15, 17, 18, 20, 21, 25, 29, 30, 34, 36, 37, 38, 41, 42, 43, 46, 49]]",False,True,True,True,"[1, 1, 1]",,"[1, 1, 1]",,,,,,,,null,,1.494986994219576,11.0,2.5153098586171393e-05,0.7987211430622395,94.0,8.961064888859486e-09,0.7491978264701382,0.019966333124540027,297.0,0.10906335524816657,33.67408516167888,308.75709889041735,True,converged,1.0804447771872368e-05,False,0.0,1.0,0.09038200002396479,0.07438619999447837,0.7284597999823745,"[20260810, 4011364011, 1941079659, 1499620634, 1499620634, 2004296267, 1387497986, 1337576661]",b867e9855af0a3ac,610c7358dde2c1b141abb0f783ec54c402df554b,0.9648348433837333,0.6646034231136213,1.9351874937382814,0.8809797923746197,0.7926370011802594,0.5124730956234698,0.5946933311201169,0.2614366876534869,0.7926370011802594,0.09016016804228733,1.6511223621911348,0.8999999999999999,1.1,0.8,1.2,0.85,2.031384387633061,6.682939116891857,6.682939116891857,0.7926370011802594,1.6511223621911348,5.15311294147118,5.15311294147118,9.0,1.0,2.3170608831081427,True,33dd02dca6cb6561052f2690ad45ef239ce14390894585434045c8d5364227d9,theorem_covered,True,0.01999999999999997,0.019996773665787598,0.9998386832893814,,,,,,,,,,,,,,,,,,False
replication,b867e9855af0a3ac,1,50,50,4,fixed_rank,success,success,True,True,True,True,True,True,"[1, 1, 1]",,,,,7,dgp1_N50_T50_r00004_truth1-1-1,33dd02dca6cb6561052f2690ad45ef239ce14390894585434045c8d5364227d9,1.7629023999907076,,,B_full_mean,target,success,[],dgp1_N50_T50_r00004_truth1-1-1,success,"[1, 1, 1]",0.5946933311201169,0.7596592473403869,0.05536609806340693,0.0030654048147667925,0.6867541950417025,0.03549210474714279,0.0012596894993821559,0.09206086392158563,0.7596592473403869,0.05536609806340693,0.0030654048147667925,0.16496591622027001,0.6867541950417025,0.6415576992205158,0.659045638564205,4.0,4.0,0.24656959998537786,"[{""converged"": true, ""kind"": ""time"", ""max_envelope_ratio"": 0.6609418824545357, ""n"": 50, ""numerical_rank_vector"": [1, 1, 1], ""part"": 0, ""rank_supported"": true, ""riesz_converged"": true, ""riesz_equation_residual"": 8.7694391536782e-09, ""riesz_solver"": ""cg"", ""riesz_target_rayleigh_quotient"": 0.525154328968065, ""riesz_target_stable"": true, ""split_rank_singular_values"": [{""block"": ""A"", ""computational_rank_supported"": true, ""relative_rank_floor"": 1e-10, ""sigma_1"": 20.733238099415317, ""sigma_r"": 20.733238099415317, ""sigma_r_over_sigma_1"": 1.0, ""supplied_rank"": 1}, {""block"": ""B"", ""computational_rank_supported"": true, ""relative_rank_floor"": 1e-10, ""sigma_1"": 34.19740319128433, ""sigma_r"": 34.19740319128433, ""sigma_r_over_sigma_1"": 1.0, ""supplied_rank"": 1}, {""block"": ""H"", ""computational_rank_supported"": true, ""relative_rank_floor"": 1e-10, ""sigma_1"": 43.54362848775506, ""sigma_r"": 43.54362848775506, ""sigma_r_over_sigma_1"": 1.0, ""supplied_rank"": 1}], ""stationarity_residual"": 3.461630895475126e-05, ""t"": 25, ""tangent_gram_condition_number"": 175.2336512594813, ""tangent_gram_coordinate_dimension"": 222, ""tangent_gram_eigensolver_converged"": true, ""tangent_gram_eigensolver_status"": ""converged"", ""tangent_gram_largest_eigenvalue"": 38.890830961263575, ""tangent_gram_smallest_eigenvalue"": 0.22193700058029994, ""target_support_norm"": 0.013466093306200836, ""target_supported"": true}, {""converged"": true, ""kind"": ""time"", ""max_envelope_ratio"": 0.9759545461724145, ""n"": 50, ""numerical_rank_vector"": [1, 1, 1], ""part"": 1, ""rank_supported"": true, ""riesz_converged"": true, ""riesz_equation_residual"": 6.604887946836589e-09, ""riesz_solver"": ""cg"", ""riesz_target_rayleigh_quotient"": 0.4985087765242871, ""riesz_target_stable"": true, ""split_rank_singular_values"": [{""block"": ""A"", ""computational_rank_supported"": true, ""relative_rank_floor"": 1e-10, ""sigma_1"": 18.352238661586625, ""sigma_r"": 18.352238661586625, ""sigma_r_over_sigma_1"": 1.0, ""supplied_rank"": 1}, {""block"": ""B"", ""computational_rank_supported"": true, ""relative_rank_floor"": 1e-10, ""sigma_1"": 30.72606274956827, ""sigma_r"": 30.72606274956827, ""sigma_r_over_sigma_1"": 1.0, ""supplied_rank"": 1}, {""block"": ""H"", ""computational_rank_supported"": true, ""relative_rank_floor"": 1e-10, ""sigma_1"": 62.95327536716139, ""sigma_r"": 62.95327536716139, ""sigma_r_over_sigma_1"": 1.0, ""supplied_rank"": 1}], ""stationarity_residual"": 3.3200708010123566e-05, ""t"": 25, ""tangent_gram_condition_number"": 124.44342642480655, ""tangent_gram_coordinate_dimension"": 222, ""tangent_gram_eigensolver_converged"": true, ""tangent_gram_eigensolver_status"": ""converged"", ""tangent_gram_largest_eigenvalue"": 22.072347636073378, ""tangent_gram_smallest_eigenvalue"": 0.17736853018435916, ""target_support_norm"": 0.01356242019662332, ""target_supported"": true}, {""converged"": true, ""kind"": ""unit"", ""max_envelope_ratio"": 0.8023567738457466, ""n"": 26, ""numerical_rank_vector"": [1, 1, 1], ""part"": 0, ""rank_supported"": true, ""riesz_converged"": true, ""riesz_equation_residual"": 9.536784637585724e-09, ""riesz_solver"": ""cg"", ""riesz_target_rayleigh_quotient"": 0.5327161915947871, ""riesz_target_stable"": true, ""split_rank_singular_values"": [{""block"": ""A"", ""computational_rank_supported"": true, ""relative_rank_floor"": 1e-10, ""sigma_1"": 20.807052784417348, ""sigma_r"": 20.807052784417348, ""sigma_r_over_sigma_1"": 1.0, ""supplied_rank"": 1}, {""block"": ""B"", ""computational_rank_supported"": true, ""relative_rank_floor"": 1e-10, ""sigma_1"": 36.591083074230546, ""sigma_r"": 36.591083074230546, ""sigma_r_over_sigma_1"": 1.0, ""supplied_rank"": 1}, {""block"": ""H"", ""computational_rank_supported"": true, ""relative_rank_floor"": 1e-10, ""sigma_1"": 54.477330781188, ""sigma_r"": 54.477330781188, ""sigma_r_over_sigma_1"": 1.0, ""supplied_rank"": 1}], ""stationarity_residual"": 8.206512494087139e-05, ""t"": 50, ""tangent_gram_condition_number"": 1058.7872021767857, ""tangent_gram_coordinate_dimension"": 225, ""tangent_gram_eigensolver_converged"": true, ""tangent_gram_eigensolver_status"": ""converged"", ""tangent_gram_largest_eigenvalue"": 38.68858504648637, ""tangent_gram_smallest_eigenvalue"": 0.03654047287967364, ""target_support_norm"": 0.014017686381041984, ""target_supported"": true}, {""converged"": true, ""kind"": ""unit"", ""max_envelope_ratio"": 0.8590833793091868, ""n"": 24, ""numerical_rank_vector"": [1, 1, 1], ""part"": 1, ""rank_supported"": true, ""riesz_converged"": true, ""riesz_equation_residual"": 6.9754183091015805e-09, ""riesz_solver"": ""cg"", ""riesz_target_rayleigh_quotient"": 0.5519231501789781, ""riesz_target_stable"": true, ""split_rank_singular_values"": [{""block"": ""A"", ""computational_rank_supported"": true, ""relative_rank_floor"": 1e-10, ""sigma_1"": 19.141302103247586, ""sigma_r"": 19.141302103247586, ""sigma_r_over_sigma_1"": 1.0, ""supplied_rank"": 1}, {""block"": ""B"", ""computational_rank_supported"": true, ""relative_rank_floor"": 1e-10, ""sigma_1"": 28.248742571915777, ""sigma_r"": 28.248742571915777, ""sigma_r_over_sigma_1"": 1.0, ""supplied_rank"": 1}, {""block"": ""H"", ""computational_rank_supported"": true, ""relative_rank_floor"": 1e-10, ""sigma_1"": 52.523843342350496, ""sigma_r"": 52.523843342350496, ""sigma_r_over_sigma_1"": 1.0, ""supplied_rank"": 1}], ""stationarity_residual"": 3.959930336361275e-05, ""t"": 50, ""tangent_gram_condition_number"": 218.75915626984906, ""tangent_gram_coordinate_dimension"": 219, ""tangent_gram_eigensolver_converged"": true, ""tangent_gram_eigensolver_status"": ""converged"", ""tangent_gram_largest_eigenvalue"": 33.68128459670326, ""tangent_gram_smallest_eigenvalue"": 0.1539651421728648, ""target_support_norm"": 0.01315019499265491, ""target_supported"": true}]","[[0, 2, 4, 7, 8, 9, 13, 14, 15, 17, 21, 23, 25, 26, 27, 28, 29, 32, 33, 36, 42, 43, 44, 48, 49], [1, 3, 5, 6, 10, 11, 12, 16, 18, 19, 20, 22, 24, 30, 31, 34, 35, 37, 38, 39, 40, 41, 45, 46, 47]]","[[0, 2, 3, 4, 7, 10, 12, 13, 16, 19, 22, 23, 24, 26, 27, 28, 31, 32, 33, 35, 39, 40, 44, 45, 47, 48], [1, 5, 6, 8, 9, 11, 14, 15, 17, 18, 20, 21, 25, 29, 30, 34, 36, 37, 38, 41, 42, 43, 46, 49]]",True,True,False,True,"[1, 1, 1]",,"[1, 1, 1]",,,,,,,,null,,1.494986994219576,11.0,2.5153098586171393e-05,0.7987211430622395,97.0,7.52294051854653e-09,0.6102712540696748,0.019586395261039034,297.0,0.10906335524816657,33.67408516167888,308.75709889041735,True,converged,2.76183738441378e-05,False,0.0,1.0,0.09038200002396479,0.06537990001379512,0.8246541999978945,"[20260810, 4011364011, 1941079659, 1499620634, 1499620634, 2004296267, 1387497986, 1337576661]",b867e9855af0a3ac,610c7358dde2c1b141abb0f783ec54c402df554b,0.9648348433837333,0.6646034231136213,1.9351874937382814,0.8809797923746197,0.7926370011802594,0.5124730956234698,0.5946933311201169,0.2614366876534869,0.7926370011802594,0.09016016804228733,1.6511223621911348,0.8999999999999999,1.1,0.8,1.2,0.85,2.031384387633061,6.682939116891857,6.682939116891857,0.7926370011802594,1.6511223621911348,5.15311294147118,5.15311294147118,9.0,1.0,2.3170608831081427,True,33dd02dca6cb6561052f2690ad45ef239ce14390894585434045c8d5364227d9,theorem_covered,True,0.01999999999999997,0.01988643555249356,0.9943217776246794,,,,,,,,,,,,,,,,,,False
replication,b867e9855af0a3ac,1,50,50,4,fixed_rank,success,success,True,True,True,True,True,True,"[1, 1, 1]",,,,,7,dgp1_N50_T50_r00004_truth1-1-1,33dd02dca6cb6561052f2690ad45ef239ce14390894585434045c8d5364227d9,1.7629023999907076,,,A_G1_fixed_time,target,success,[],dgp1_N50_T50_r00004_truth1-1-1,success,"[1, 1, 1]",0.61309727830709,0.5485556083168506,0.07462817718525862,0.005569364829994354,0.5485556083168506,0.07462817718525862,0.005569364829994354,-0.06454166999023947,0.5485556083168506,0.07462817718525862,0.005569364829994354,-0.06454166999023947,0.5485556083168506,,,0.0,4.0,0.24656959998537786,[],null,null,False,True,True,False,"[1, 1, 1]",,"[1, 1, 1]",,,,,,,,null,,1.494986994219576,11.0,2.5153098586171393e-05,0.7987211430622395,91.0,7.967145331266919e-09,0.9774837225225087,0.1396956992649939,297.0,0.10906335524816657,33.67408516167888,308.75709889041735,True,converged,3.668000019952182e-05,False,0.0,1.0,0.09038200002396479,0.01610479998635128,0.8697123999882024,"[20260810, 4011364011, 1941079659, 1499620634, 1499620634, 2004296267, 1387497986, 1337576661]",b867e9855af0a3ac,610c7358dde2c1b141abb0f783ec54c402df554b,0.9648348433837333,0.6646034231136213,1.9351874937382814,0.8809797923746197,0.7926370011802594,0.5124730956234698,0.5946933311201169,0.2614366876534869,0.7926370011802594,0.09016016804228733,1.6511223621911348,0.8999999999999999,1.1,0.8,1.2,0.85,2.031384387633061,6.682939116891857,6.682939116891857,0.7926370011802594,1.6511223621911348,5.15311294147118,5.15311294147118,9.0,1.0,2.3170608831081427,True,33dd02dca6cb6561052f2690ad45ef239ce14390894585434045c8d5364227d9,theorem_covered,True,0.2,0.14296176347096848,0.7148088173548424,,,,,,,,,,,,,,,,,,False
replication,b867e9855af0a3ac,1,50,50,4,fixed_rank,success,success,True,True,True,True,True,True,"[1, 1, 1]",,,,,7,dgp1_N50_T50_r00004_truth1-1-1,33dd02dca6cb6561052f2690ad45ef239ce14390894585434045c8d5364227d9,1.7629023999907076,,,A_G2_fixed_time,target,success,[],dgp1_N50_T50_r00004_truth1-1-1,success,"[1, 1, 1]",0.6108661578757051,0.5554562827839866,0.07579730297484595,0.00574523113826059,0.5554562827839866,0.07579730297484595,0.00574523113826059,-0.055409875091718463,0.5554562827839866,0.07579730297484595,0.00574523113826059,-0.055409875091718463,0.5554562827839866,,,0.0,4.0,0.24656959998537786,[],null,null,False,True,True,False,"[1, 1, 1]",,"[1, 1, 1]",,,,,,,,null,,1.494986994219576,11.0,2.5153098586171393e-05,0.7987211430622395,91.0,8.353830554264248e-09,0.9884280026674803,0.14137462152858657,297.0,0.10906335524816657,33.67408516167888,308.75709889041735,True,converged,2.3305017694631275e-06,False,0.0,1.0,0.09038200002396479,0.019223499984946102,0.919621199980611,"[20260810, 4011364011, 1941079659, 1499620634, 1499620634, 2004296267, 1387497986, 1337576661]",b867e9855af0a3ac,610c7358dde2c1b141abb0f783ec54c402df554b,0.9648348433837333,0.6646034231136213,1.9351874937382814,0.8809797923746197,0.7926370011802594,0.5124730956234698,0.5946933311201169,0.2614366876534869,0.7926370011802594,0.09016016804228733,1.6511223621911348,0.8999999999999999,1.1,0.8,1.2,0.85,2.031384387633061,6.682939116891857,6.682939116891857,0.7926370011802594,1.6511223621911348,5.15311294147118,5.15311294147118,9.0,1.0,2.3170608831081427,True,33dd02dca6cb6561052f2690ad45ef239ce14390894585434045c8d5364227d9,theorem_covered,True,0.2,0.14246960524343977,0.7123480262171988,,,,,,,,,,,,,,,,,,False
replication,b867e9855af0a3ac,1,50,50,4,fixed_rank,success,success,True,True,True,True,True,True,"[1, 1, 1]",,,,,7,dgp1_N50_T50_r00004_truth1-1-1,33dd02dca6cb6561052f2690ad45ef239ce14390894585434045c8d5364227d9,1.7629023999907076,,,A_G2_minus_G1_fixed_time,target,success,[],dgp1_N50_T50_r00004_truth1-1-1,success,"[1, 1, 1]",-0.00223112043138504,0.006900674467136195,0.02697923565995692,0.000727879156795491,0.006900674467136195,0.02697923565995692,0.000727879156795491,0.009131794898521235,0.006900674467136195,0.02697923565995692,0.000727879156795491,0.009131794898521235,0.006900674467136195,,,0.0,4.0,0.24656959998537786,[],null,null,False,False,True,False,"[1, 1, 1]",,"[1, 1, 1]",,,,,,,,null,,1.494986994219576,11.0,2.5153098586171393e-05,0.7987211430622395,91.0,7.766856223534403e-09,2.159735236946201,0.041890482282953695,297.0,0.10906335524816657,33.67408516167888,308.75709889041735,True,converged,0.00011706495504472722,False,0.0,1.0,0.09038200002396479,0.015898300014669076,0.9653206999937538,"[20260810, 4011364011, 1941079659, 1499620634, 1499620634, 2004296267, 1387497986, 1337576661]",b867e9855af0a3ac,610c7358dde2c1b141abb0f783ec54c402df554b,0.9648348433837333,0.6646034231136213,1.9351874937382814,0.8809797923746197,0.7926370011802594,0.5124730956234698,0.5946933311201169,0.2614366876534869,0.7926370011802594,0.09016016804228733,1.6511223621911348,0.8999999999999999,1.1,0.8,1.2,0.85,2.031384387633061,6.682939116891857,6.682939116891857,0.7926370011802594,1.6511223621911348,5.15311294147118,5.15311294147118,9.0,1.0,2.3170608831081427,True,33dd02dca6cb6561052f2690ad45ef239ce14390894585434045c8d5364227d9,weak_target_stress_outside_assumption9,False,0.28284271247461906,0.046944144305557545,0.16597261387729792,,,,,,,,,,,,,,,,,,False
replication,b867e9855af0a3ac,1,50,50,4,fixed_rank,success,success,True,True,True,True,True,True,"[1, 1, 1]",,,,,7,dgp1_N50_T50_r00004_truth1-1-1,33dd02dca6cb6561052f2690ad45ef239ce14390894585434045c8d5364227d9,1.7629023999907076,,,A_G1_time_average,target,success,[],dgp1_N50_T50_r00004_truth1-1-1,success,"[1, 1, 1]",0.5134072650278652,0.5035315652050417,0.030520544361005073,0.0009315036280920785,0.4985349447259913,0.020103528578205618,0.00040415186129472993,-0.014872320301873854,0.5035315652050417,0.030520544361005073,0.0009315036280920785,-0.009875699822823436,0.4985349447259913,0.4778022186779226,0.5142710502950097,4.0,4.0,0.24656959998537786,"[{""converged"": true, ""kind"": ""time"", ""max_envelope_ratio"": 0.6609418824545357, ""n"": 50, ""numerical_rank_vector"": [1, 1, 1], ""part"": 0, ""rank_supported"": true, ""riesz_converged"": true, ""riesz_equation_residual"": 8.884218306763865e-09, ""riesz_solver"": ""cg"", ""riesz_target_rayleigh_quotient"": 0.9351855809188756, ""riesz_target_stable"": true, ""split_rank_singular_values"": [{""block"": ""A"", ""computational_rank_supported"": true, ""relative_rank_floor"": 1e-10, ""sigma_1"": 20.733238099415317, ""sigma_r"": 20.733238099415317, ""sigma_r_over_sigma_1"": 1.0, ""supplied_rank"": 1}, {""block"": ""B"", ""computational_rank_supported"": true, ""relative_rank_floor"": 1e-10, ""sigma_1"": 34.19740319128433, ""sigma_r"": 34.19740319128433, ""sigma_r_over_sigma_1"": 1.0, ""supplied_rank"": 1}, {""block"": ""H"", ""computational_rank_supported"": true, ""relative_rank_floor"": 1e-10, ""sigma_1"": 43.54362848775506, ""sigma_r"": 43.54362848775506, ""sigma_r_over_sigma_1"": 1.0, ""supplied_rank"": 1}], ""stationarity_residual"": 3.461630895475126e-05, ""t"": 25, ""tangent_gram_condition_number"": 175.2336512594813, ""tangent_gram_coordinate_dimension"": 222, ""tangent_gram_eigensolver_converged"": true, ""tangent_gram_eigensolver_status"": ""converged"", ""tangent_gram_largest_eigenvalue"": 38.890830961263575, ""tangent_gram_smallest_eigenvalue"": 0.22193700058029994, ""target_support_norm"": 0.019434186251687347, ""target_supported"": true}, {""converged"": true, ""kind"": ""time"", ""max_envelope_ratio"": 0.9759545461724145, ""n"": 50, ""numerical_rank_vector"": [1, 1, 1], ""part"": 1, ""rank_supported"": true, ""riesz_converged"": true, ""riesz_equation_residual"": 8.277128741509222e-09, ""riesz_solver"": ""cg"", ""riesz_target_rayleigh_quotient"": 1.124053122657635, ""riesz_target_stable"": true, ""split_rank_singular_values"": [{""block"": ""A"", ""computational_rank_supported"": true, ""relative_rank_floor"": 1e-10, ""sigma_1"": 18.352238661586625, ""sigma_r"": 18.352238661586625, ""sigma_r_over_sigma_1"": 1.0, ""supplied_rank"": 1}, {""block"": ""B"", ""computational_rank_supported"": true, ""relative_rank_floor"": 1e-10, ""sigma_1"": 30.72606274956827, ""sigma_r"": 30.72606274956827, ""sigma_r_over_sigma_1"": 1.0, ""supplied_rank"": 1}, {""block"": ""H"", ""computational_rank_supported"": true, ""relative_rank_floor"": 1e-10, ""sigma_1"": 62.95327536716139, ""sigma_r"": 62.95327536716139, ""sigma_r_over_sigma_1"": 1.0, ""supplied_rank"": 1}], ""stationarity_residual"": 3.3200708010123566e-05, ""t"": 25, ""tangent_gram_condition_number"": 124.44342642480655, ""tangent_gram_coordinate_dimension"": 222, ""tangent_gram_eigensolver_converged"": true, ""tangent_gram_eigensolver_status"": ""converged"", ""tangent_gram_largest_eigenvalue"": 22.072347636073378, ""tangent_gram_smallest_eigenvalue"": 0.17736853018435916, ""target_support_norm"": 0.018960435240870974, ""target_supported"": true}, {""converged"": true, ""kind"": ""unit"", ""max_envelope_ratio"": 0.8023567738457466, ""n"": 26, ""numerical_rank_vector"": [1, 1, 1], ""part"": 0, ""rank_supported"": true, ""riesz_converged"": true, ""riesz_equation_residual"": 9.074753767235614e-09, ""riesz_solver"": ""cg"", ""riesz_target_rayleigh_quotient"": 0.29489036882257597, ""riesz_target_stable"": true, ""split_rank_singular_values"": [{""block"": ""A"", ""computational_rank_supported"": true, ""relative_rank_floor"": 1e-10, ""sigma_1"": 20.807052784417348, ""sigma_r"": 20.807052784417348, ""sigma_r_over_sigma_1"": 1.0, ""supplied_rank"": 1}, {""block"": ""B"", ""computational_rank_supported"": true, ""relative_rank_floor"": 1e-10, ""sigma_1"": 36.591083074230546, ""sigma_r"": 36.591083074230546, ""sigma_r_over_sigma_1"": 1.0, ""supplied_rank"": 1}, {""block"": ""H"", ""computational_rank_supported"": true, ""relative_rank_floor"": 1e-10, ""sigma_1"": 54.477330781188, ""sigma_r"": 54.477330781188, ""sigma_r_over_sigma_1"": 1.0, ""supplied_rank"": 1}], ""stationarity_residual"": 8.206512494087139e-05, ""t"": 50, ""tangent_gram_condition_number"": 1058.7872021767857, ""tangent_gram_coordinate_dimension"": 225, ""tangent_gram_eigensolver_converged"": true, ""tangent_gram_eigensolver_status"": ""converged"", ""tangent_gram_largest_eigenvalue"": 38.68858504648637, ""tangent_gram_smallest_eigenvalue"": 0.03654047287967364, ""target_support_norm"": 0.019659417892008393, ""target_supported"": true}, {""converged"": true, ""kind"": ""unit"", ""max_envelope_ratio"": 0.8590833793091868, ""n"": 24, ""numerical_rank_vector"": [1, 1, 1], ""part"": 1, ""rank_supported"": true, ""riesz_converged"": true, ""riesz_equation_residual"": 9.747066848413373e-09, ""riesz_solver"": ""cg"", ""riesz_target_rayleigh_quotient"": 0.8942680619359756, ""riesz_target_stable"": true, ""split_rank_singular_values"": [{""block"": ""A"", ""computational_rank_supported"": true, ""relative_rank_floor"": 1e-10, ""sigma_1"": 19.141302103247586, ""sigma_r"": 19.141302103247586, ""sigma_r_over_sigma_1"": 1.0, ""supplied_rank"": 1}, {""block"": ""B"", ""computational_rank_supported"": true, ""relative_rank_floor"": 1e-10, ""sigma_1"": 28.248742571915777, ""sigma_r"": 28.248742571915777, ""sigma_r_over_sigma_1"": 1.0, ""supplied_rank"": 1}, {""block"": ""H"", ""computational_rank_supported"": true, ""relative_rank_floor"": 1e-10, ""sigma_1"": 52.523843342350496, ""sigma_r"": 52.523843342350496, ""sigma_r_over_sigma_1"": 1.0, ""supplied_rank"": 1}], ""stationarity_residual"": 3.959930336361275e-05, ""t"": 50, ""tangent_gram_condition_number"": 218.75915626984906, ""tangent_gram_coordinate_dimension"": 219, ""tangent_gram_eigensolver_converged"": true, ""tangent_gram_eigensolver_status"": ""converged"", ""tangent_gram_largest_eigenvalue"": 33.68128459670326, ""tangent_gram_smallest_eigenvalue"": 0.1539651421728648, ""target_support_norm"": 0.018750143728878562, ""target_supported"": true}]","[[0, 2, 4, 7, 8, 9, 13, 14, 15, 17, 21, 23, 25, 26, 27, 28, 29, 32, 33, 36, 42, 43, 44, 48, 49], [1, 3, 5, 6, 10, 11, 12, 16, 18, 19, 20, 22, 24, 30, 31, 34, 35, 37, 38, 39, 40, 41, 45, 46, 47]]","[[0, 2, 3, 4, 7, 10, 12, 13, 16, 19, 22, 23, 24, 26, 27, 28, 31, 32, 33, 35, 39, 40, 44, 45, 47, 48], [1, 5, 6, 8, 9, 11, 14, 15, 17, 18, 20, 21, 25, 29, 30, 34, 36, 37, 38, 41, 42, 43, 46, 49]]",False,True,True,True,"[1, 1, 1]",,"[1, 1, 1]",,,,,,,,null,,1.494986994219576,11.0,2.5153098586171393e-05,0.7987211430622395,94.0,6.677020310767242e-09,0.8416853632957908,0.027566808553718392,297.0,0.10906335524816657,33.67408516167888,308.75709889041735,True,converged,6.436676969830485e-05,False,0.0,1.0,0.09038200002396479,0.0631052999815438,1.0641025999793783,"[20260810, 4011364011, 1941079659, 1499620634, 1499620634, 2004296267, 1387497986, 1337576661]",b867e9855af0a3ac,610c7358dde2c1b141abb0f783ec54c402df554b,0.9648348433837333,0.6646034231136213,1.9351874937382814,0.8809797923746197,0.7926370011802594,0.5124730956234698,0.5946933311201169,0.2614366876534869,0.7926370011802594,0.09016016804228733,1.6511223621911348,0.8999999999999999,1.1,0.8,1.2,0.85,2.031384387633061,6.682939116891857,6.682939116891857,0.7926370011802594,1.6511223621911348,5.15311294147118,5.15311294147118,9.0,1.0,2.3170608831081427,True,33dd02dca6cb6561052f2690ad45ef239ce14390894585434045c8d5364227d9,theorem_covered,True,0.028284271247461912,0.028039511651594226,0.991346441500074,,,,,,,,,,,,,,,,,,False
replication,b867e9855af0a3ac,1,50,50,4,fixed_rank,success,success,True,True,True,True,True,True,"[1, 1, 1]",,,,,7,dgp1_N50_T50_r00004_truth1-1-1,33dd02dca6cb6561052f2690ad45ef239ce14390894585434045c8d5364227d9,1.7629023999907076,,,A_G2_time_average,target,success,[],dgp1_N50_T50_r00004_truth1-1-1,success,"[1, 1, 1]",0.5115389262190744,0.49279417598781905,0.030798402490724044,0.000948541595980637,0.5048063733868003,0.019695713391360798,0.00038792112599462907,-0.00673255283227403,0.49279417598781905,0.030798402490724044,0.000948541595980637,-0.018744750231255325,0.5048063733868003,0.5125287166804884,0.5090962274920935,4.0,4.0,0.24656959998537786,"[{""converged"": true, ""kind"": ""time"", ""max_envelope_ratio"": 0.6609418824545357, ""n"": 50, ""numerical_rank_vector"": [1, 1, 1], ""part"": 0, ""rank_supported"": true, ""riesz_converged"": true, ""riesz_equation_residual"": 9.4504113716748e-09, ""riesz_solver"": ""cg"", ""riesz_target_rayleigh_quotient"": 1.3479508198402619, ""riesz_target_stable"": true, ""split_rank_singular_values"": [{""block"": ""A"", ""computational_rank_supported"": true, ""relative_rank_floor"": 1e-10, ""sigma_1"": 20.733238099415317, ""sigma_r"": 20.733238099415317, ""sigma_r_over_sigma_1"": 1.0, ""supplied_rank"": 1}, {""block"": ""B"", ""computational_rank_supported"": true, ""relative_rank_floor"": 1e-10, ""sigma_1"": 34.19740319128433, ""sigma_r"": 34.19740319128433, ""sigma_r_over_sigma_1"": 1.0, ""supplied_rank"": 1}, {""block"": ""H"", ""computational_rank_supported"": true, ""relative_rank_floor"": 1e-10, ""sigma_1"": 43.54362848775506, ""sigma_r"": 43.54362848775506, ""sigma_r_over_sigma_1"": 1.0, ""supplied_rank"": 1}], ""stationarity_residual"": 3.461630895475126e-05, ""t"": 25, ""tangent_gram_condition_number"": 175.2336512594813, ""tangent_gram_coordinate_dimension"": 222, ""tangent_gram_eigensolver_converged"": true, ""tangent_gram_eigensolver_status"": ""converged"", ""tangent_gram_largest_eigenvalue"": 38.890830961263575, ""tangent_gram_smallest_eigenvalue"": 0.22193700058029994, ""target_support_norm"": 0.01953792084146167, ""target_supported"": true}, {""converged"": true, ""kind"": ""time"", ""max_envelope_ratio"": 0.9759545461724145, ""n"": 50, ""numerical_rank_vector"": [1, 1, 1], ""part"": 1, ""rank_supported"": true, ""riesz_converged"": true, ""riesz_equation_residual"": 9.774675448619002e-09, ""riesz_solver"": ""cg"", ""riesz_target_rayleigh_quotient"": 1.287889862855005, ""riesz_target_stable"": true, ""split_rank_singular_values"": [{""block"": ""A"", ""computational_rank_supported"": true, ""relative_rank_floor"": 1e-10, ""sigma_1"": 18.352238661586625, ""sigma_r"": 18.352238661586625, ""sigma_r_over_sigma_1"": 1.0, ""supplied_rank"": 1}, {""block"": ""B"", ""computational_rank_supported"": true, ""relative_rank_floor"": 1e-10, ""sigma_1"": 30.72606274956827, ""sigma_r"": 30.72606274956827, ""sigma_r_over_sigma_1"": 1.0, ""supplied_rank"": 1}, {""block"": ""H"", ""computational_rank_supported"": true, ""relative_rank_floor"": 1e-10, ""sigma_1"": 62.95327536716139, ""sigma_r"": 62.95327536716139, ""sigma_r_over_sigma_1"": 1.0, ""supplied_rank"": 1}], ""stationarity_residual"": 3.3200708010123566e-05, ""t"": 25, ""tangent_gram_condition_number"": 124.44342642480655, ""tangent_gram_coordinate_dimension"": 222, ""tangent_gram_eigensolver_converged"": true, ""tangent_gram_eigensolver_status"": ""converged"", ""tangent_gram_largest_eigenvalue"": 22.072347636073378, ""tangent_gram_smallest_eigenvalue"": 0.17736853018435916, ""target_support_norm"": 0.018995211763502627, ""target_supported"": true}, {""converged"": true, ""kind"": ""unit"", ""max_envelope_ratio"": 0.8023567738457466, ""n"": 26, ""numerical_rank_vector"": [1, 1, 1], ""part"": 0, ""rank_supported"": true, ""riesz_converged"": true, ""riesz_equation_residual"": 9.90892611455597e-09, ""riesz_solver"": ""cg"", ""riesz_target_rayleigh_quotient"": 0.7225072887805606, ""riesz_target_stable"": true, ""split_rank_singular_values"": [{""block"": ""A"", ""computational_rank_supported"": true, ""relative_rank_floor"": 1e-10, ""sigma_1"": 20.807052784417348, ""sigma_r"": 20.807052784417348, ""sigma_r_over_sigma_1"": 1.0, ""supplied_rank"": 1}, {""block"": ""B"", ""computational_rank_supported"": true, ""relative_rank_floor"": 1e-10, ""sigma_1"": 36.591083074230546, ""sigma_r"": 36.591083074230546, ""sigma_r_over_sigma_1"": 1.0, ""supplied_rank"": 1}, {""block"": ""H"", ""computational_rank_supported"": true, ""relative_rank_floor"": 1e-10, ""sigma_1"": 54.477330781188, ""sigma_r"": 54.477330781188, ""sigma_r_over_sigma_1"": 1.0, ""supplied_rank"": 1}], ""stationarity_residual"": 8.206512494087139e-05, ""t"": 50, ""tangent_gram_condition_number"": 1058.7872021767857, ""tangent_gram_coordinate_dimension"": 225, ""tangent_gram_eigensolver_converged"": true, ""tangent_gram_eigensolver_status"": ""converged"", ""tangent_gram_largest_eigenvalue"": 38.68858504648637, ""tangent_gram_smallest_eigenvalue"": 0.03654047287967364, ""target_support_norm"": 0.019575918248888737, ""target_supported"": true}, {""converged"": true, ""kind"": ""unit"", ""max_envelope_ratio"": 0.8590833793091868, ""n"": 24, ""numerical_rank_vector"": [1, 1, 1], ""part"": 1, ""rank_supported"": true, ""riesz_converged"": true, ""riesz_equation_residual"": 8.822628331687087e-09, ""riesz_solver"": ""cg"", ""riesz_target_rayleigh_quotient"": 0.9060087401133367, ""riesz_target_stable"": true, ""split_rank_singular_values"": [{""block"": ""A"", ""computational_rank_supported"": true, ""relative_rank_floor"": 1e-10, ""sigma_1"": 19.141302103247586, ""sigma_r"": 19.141302103247586, ""sigma_r_over_sigma_1"": 1.0, ""supplied_rank"": 1}, {""block"": ""B"", ""computational_rank_supported"": true, ""relative_rank_floor"": 1e-10, ""sigma_1"": 28.248742571915777, ""sigma_r"": 28.248742571915777, ""sigma_r_over_sigma_1"": 1.0, ""supplied_rank"": 1}, {""block"": ""H"", ""computational_rank_supported"": true, ""relative_rank_floor"": 1e-10, ""sigma_1"": 52.523843342350496, ""sigma_r"": 52.523843342350496, ""sigma_r_over_sigma_1"": 1.0, ""supplied_rank"": 1}], ""stationarity_residual"": 3.959930336361275e-05, ""t"": 50, ""tangent_gram_condition_number"": 218.75915626984906, ""tangent_gram_coordinate_dimension"": 219, ""tangent_gram_eigensolver_converged"": true, ""tangent_gram_eigensolver_status"": ""converged"", ""tangent_gram_largest_eigenvalue"": 33.68128459670326, ""tangent_gram_smallest_eigenvalue"": 0.1539651421728648, ""target_support_norm"": 0.018814800165649622, ""target_supported"": true}]","[[0, 2, 4, 7, 8, 9, 13, 14, 15, 17, 21, 23, 25, 26, 27, 28, 29, 32, 33, 36, 42, 43, 44, 48, 49], [1, 3, 5, 6, 10, 11, 12, 16, 18, 19, 20, 22, 24, 30, 31, 34, 35, 37, 38, 39, 40, 41, 45, 46, 47]]","[[0, 2, 3, 4, 7, 10, 12, 13, 16, 19, 22, 23, 24, 26, 27, 28, 31, 32, 33, 35, 39, 40, 44, 45, 47, 48], [1, 5, 6, 8, 9, 11, 14, 15, 17, 18, 20, 21, 25, 29, 30, 34, 36, 37, 38, 41, 42, 43, 46, 49]]",False,True,True,True,"[1, 1, 1]",,"[1, 1, 1]",,,,,,,,null,,1.494986994219576,11.0,2.5153098586171393e-05,0.7987211430622395,94.0,9.411011043268963e-09,1.286680712424566,0.02758354602449984,297.0,0.10906335524816657,33.67408516167888,308.75709889041735,True,converged,8.398883423786467e-05,False,0.0,1.0,0.09038200002396479,0.07783750002272427,1.1796220999967773,"[20260810, 4011364011, 1941079659, 1499620634, 1499620634, 2004296267, 1387497986, 1337576661]",b867e9855af0a3ac,610c7358dde2c1b141abb0f783ec54c402df554b,0.9648348433837333,0.6646034231136213,1.9351874937382814,0.8809797923746197,0.7926370011802594,0.5124730956234698,0.5946933311201169,0.2614366876534869,0.7926370011802594,0.09016016804228733,1.6511223621911348,0.8999999999999999,1.1,0.8,1.2,0.85,2.031384387633061,6.682939116891857,6.682939116891857,0.7926370011802594,1.6511223621911348,5.15311294147118,5.15311294147118,9.0,1.0,2.3170608831081427,True,33dd02dca6cb6561052f2690ad45ef239ce14390894585434045c8d5364227d9,theorem_covered,True,0.028284271247461912,0.028037746266601438,0.9912840257150838,,,,,,,,,,,,,,,,,,False
replication,b867e9855af0a3ac,1,50,50,4,fixed_rank,success,success,True,True,True,True,True,True,"[1, 1, 1]",,,,,7,dgp1_N50_T50_r00004_truth1-1-1,33dd02dca6cb6561052f2690ad45ef239ce14390894585434045c8d5364227d9,1.7629023999907076,,,A_G2_minus_G1_time_average,target,success,[],dgp1_N50_T50_r00004_truth1-1-1,success,"[1, 1, 1]",-0.0018683388087908973,-0.010737389217222637,0.039156604553033325,0.0015332396801226301,0.006271428660808938,0.02449154879101395,0.000599835962182617,0.008139767469599836,-0.010737389217222637,0.039156604553033325,0.0015332396801226301,-0.00886905040843174,0.006271428660808938,0.03472649800256579,-0.005174822802916338,4.0,4.0,0.24656959998537786,"[{""converged"": true, ""kind"": ""time"", ""max_envelope_ratio"": 0.6609418824545357, ""n"": 50, ""numerical_rank_vector"": [1, 1, 1], ""part"": 0, ""rank_supported"": true, ""riesz_converged"": true, ""riesz_equation_residual"": 5.593488986807549e-09, ""riesz_solver"": ""cg"", ""riesz_target_rayleigh_quotient"": 1.8963358973840927, ""riesz_target_stable"": true, ""split_rank_singular_values"": [{""block"": ""A"", ""computational_rank_supported"": true, ""relative_rank_floor"": 1e-10, ""sigma_1"": 20.733238099415317, ""sigma_r"": 20.733238099415317, ""sigma_r_over_sigma_1"": 1.0, ""supplied_rank"": 1}, {""block"": ""B"", ""computational_rank_supported"": true, ""relative_rank_floor"": 1e-10, ""sigma_1"": 34.19740319128433, ""sigma_r"": 34.19740319128433, ""sigma_r_over_sigma_1"": 1.0, ""supplied_rank"": 1}, {""block"": ""H"", ""computational_rank_supported"": true, ""relative_rank_floor"": 1e-10, ""sigma_1"": 43.54362848775506, ""sigma_r"": 43.54362848775506, ""sigma_r_over_sigma_1"": 1.0, ""supplied_rank"": 1}], ""stationarity_residual"": 3.461630895475126e-05, ""t"": 25, ""tangent_gram_condition_number"": 175.2336512594813, ""tangent_gram_coordinate_dimension"": 222, ""tangent_gram_eigensolver_converged"": true, ""tangent_gram_eigensolver_status"": ""converged"", ""tangent_gram_largest_eigenvalue"": 38.890830961263575, ""tangent_gram_smallest_eigenvalue"": 0.22193700058029994, ""target_support_norm"": 0.02689980500384335, ""target_supported"": true}, {""converged"": true, ""kind"": ""time"", ""max_envelope_ratio"": 0.9759545461724145, ""n"": 50, ""numerical_rank_vector"": [1, 1, 1], ""part"": 1, ""rank_supported"": true, ""riesz_converged"": true, ""riesz_equation_residual"": 9.347743461686395e-09, ""riesz_solver"": ""cg"", ""riesz_target_rayleigh_quotient"": 2.4567569999033387, ""riesz_target_stable"": true, ""split_rank_singular_values"": [{""block"": ""A"", ""computational_rank_supported"": true, ""relative_rank_floor"": 1e-10, ""sigma_1"": 18.352238661586625, ""sigma_r"": 18.352238661586625, ""sigma_r_over_sigma_1"": 1.0, ""supplied_rank"": 1}, {""block"": ""B"", ""computational_rank_supported"": true, ""relative_rank_floor"": 1e-10, ""sigma_1"": 30.72606274956827, ""sigma_r"": 30.72606274956827, ""sigma_r_over_sigma_1"": 1.0, ""supplied_rank"": 1}, {""block"": ""H"", ""computational_rank_supported"": true, ""relative_rank_floor"": 1e-10, ""sigma_1"": 62.95327536716139, ""sigma_r"": 62.95327536716139, ""sigma_r_over_sigma_1"": 1.0, ""supplied_rank"": 1}], ""stationarity_residual"": 3.3200708010123566e-05, ""t"": 25, ""tangent_gram_condition_number"": 124.44342642480655, ""tangent_gram_coordinate_dimension"": 222, ""tangent_gram_eigensolver_converged"": true, ""tangent_gram_eigensolver_status"": ""converged"", ""tangent_gram_largest_eigenvalue"": 22.072347636073378, ""tangent_gram_smallest_eigenvalue"": 0.17736853018435916, ""target_support_norm"": 0.02553350982260304, ""target_supported"": true}, {""converged"": true, ""kind"": ""unit"", ""max_envelope_ratio"": 0.8023567738457466, ""n"": 26, ""numerical_rank_vector"": [1, 1, 1], ""part"": 0, ""rank_supported"": true, ""riesz_converged"": true, ""riesz_equation_residual"": 6.192855489284035e-09, ""riesz_solver"": ""cg"", ""riesz_target_rayleigh_quotient"": 1.0264377209661408, ""riesz_target_stable"": true, ""split_rank_singular_values"": [{""block"": ""A"", ""computational_rank_supported"": true, ""relative_rank_floor"": 1e-10, ""sigma_1"": 20.807052784417348, ""sigma_r"": 20.807052784417348, ""sigma_r_over_sigma_1"": 1.0, ""supplied_rank"": 1}, {""block"": ""B"", ""computational_rank_supported"": true, ""relative_rank_floor"": 1e-10, ""sigma_1"": 36.591083074230546, ""sigma_r"": 36.591083074230546, ""sigma_r_over_sigma_1"": 1.0, ""supplied_rank"": 1}, {""block"": ""H"", ""computational_rank_supported"": true, ""relative_rank_floor"": 1e-10, ""sigma_1"": 54.477330781188, ""sigma_r"": 54.477330781188, ""sigma_r_over_sigma_1"": 1.0, ""supplied_rank"": 1}], ""stationarity_residual"": 8.206512494087139e-05, ""t"": 50, ""tangent_gram_condition_number"": 1058.7872021767857, ""tangent_gram_coordinate_dimension"": 225, ""tangent_gram_eigensolver_converged"": true, ""tangent_gram_eigensolver_status"": ""converged"", ""tangent_gram_largest_eigenvalue"": 38.68858504648637, ""tangent_gram_smallest_eigenvalue"": 0.03654047287967364, ""target_support_norm"": 0.026666282617680948, ""target_supported"": true}, {""converged"": true, ""kind"": ""unit"", ""max_envelope_ratio"": 0.8590833793091868, ""n"": 24, ""numerical_rank_vector"": [1, 1, 1], ""part"": 1, ""rank_supported"": true, ""riesz_converged"": true, ""riesz_equation_residual"": 7.637087161218925e-09, ""riesz_solver"": ""cg"", ""riesz_target_rayleigh_quotient"": 2.0304993237942224, ""riesz_target_stable"": true, ""split_rank_singular_values"": [{""block"": ""A"", ""computational_rank_supported"": true, ""relative_rank_floor"": 1e-10, ""sigma_1"": 19.141302103247586, ""sigma_r"": 19.141302103247586, ""sigma_r_over_sigma_1"": 1.0, ""supplied_rank"": 1}, {""block"": ""B"", ""computational_rank_supported"": true, ""relative_rank_floor"": 1e-10, ""sigma_1"": 28.248742571915777, ""sigma_r"": 28.248742571915777, ""sigma_r_over_sigma_1"": 1.0, ""supplied_rank"": 1}, {""block"": ""H"", ""computational_rank_supported"": true, ""relative_rank_floor"": 1e-10, ""sigma_1"": 52.523843342350496, ""sigma_r"": 52.523843342350496, ""sigma_r_over_sigma_1"": 1.0, ""supplied_rank"": 1}], ""stationarity_residual"": 3.959930336361275e-05, ""t"": 50, ""tangent_gram_condition_number"": 218.75915626984906, ""tangent_gram_coordinate_dimension"": 219, ""tangent_gram_eigensolver_converged"": true, ""tangent_gram_eigensolver_status"": ""converged"", ""tangent_gram_largest_eigenvalue"": 33.68128459670326, ""tangent_gram_smallest_eigenvalue"": 0.1539651421728648, ""target_support_norm"": 0.025458174787348565, ""target_supported"": true}]","[[0, 2, 4, 7, 8, 9, 13, 14, 15, 17, 21, 23, 25, 26, 27, 28, 29, 32, 33, 36, 42, 43, 44, 48, 49], [1, 3, 5, 6, 10, 11, 12, 16, 18, 19, 20, 22, 24, 30, 31, 34, 35, 37, 38, 39, 40, 41, 45, 46, 47]]","[[0, 2, 3, 4, 7, 10, 12, 13, 16, 19, 22, 23, 24, 26, 27, 28, 31, 32, 33, 35, 39, 40, 44, 45, 47, 48], [1, 5, 6, 8, 9, 11, 14, 15, 17, 18, 20, 21, 25, 29, 30, 34, 36, 37, 38, 41, 42, 43, 46, 49]]",False,False,True,True,"[1, 1, 1]",,"[1, 1, 1]",,,,,,,,null,,1.494986994219576,11.0,2.5153098586171393e-05,0.7987211430622395,91.0,7.743852315087929e-09,2.173964611838956,0.03803871786069698,297.0,0.10906335524816657,33.67408516167888,308.75709889041735,True,converged,0.00011790701131895559,False,0.0,1.0,0.09038200002396479,0.06724089998169802,1.2832188999745995,"[20260810, 4011364011, 1941079659, 1499620634, 1499620634, 2004296267, 1387497986, 1337576661]",b867e9855af0a3ac,610c7358dde2c1b141abb0f783ec54c402df554b,0.9648348433837333,0.6646034231136213,1.9351874937382814,0.8809797923746197,0.7926370011802594,0.5124730956234698,0.5946933311201169,0.2614366876534869,0.7926370011802594,0.09016016804228733,1.6511223621911348,0.8999999999999999,1.1,0.8,1.2,0.85,2.031384387633061,6.682939116891857,6.682939116891857,0.7926370011802594,1.6511223621911348,5.15311294147118,5.15311294147118,9.0,1.0,2.3170608831081427,True,33dd02dca6cb6561052f2690ad45ef239ce14390894585434045c8d5364227d9,theorem_covered,True,0.03999999999999994,0.03930871443557365,0.9827178608893428,,,,,,,,,,,,,,,,,,False
replication,b867e9855af0a3ac,1,50,50,4,fixed_rank,success,success,True,True,True,True,True,True,"[1, 1, 1]",,,,,7,dgp1_N50_T50_r00004_truth1-1-1,33dd02dca6cb6561052f2690ad45ef239ce14390894585434045c8d5364227d9,1.7629023999907076,,,B_G1_fixed_time,target,success,[],dgp1_N50_T50_r00004_truth1-1-1,success,"[1, 1, 1]",0.949468324674613,1.053081375484164,0.19871020626924624,0.03948574607556639,1.053081375484164,0.19871020626924624,0.03948574607556639,0.10361305080955097,1.053081375484164,0.19871020626924624,0.03948574607556639,0.10361305080955097,1.053081375484164,,,0.0,4.0,0.24656959998537786,[],null,null,False,True,True,False,"[1, 1, 1]",,"[1, 1, 1]",,,,,,,,null,,1.494986994219576,11.0,2.5153098586171393e-05,0.7987211430622395,94.0,7.86344782748194e-09,0.6617725501235873,0.13260936610181334,297.0,0.10906335524816657,33.67408516167888,308.75709889041735,True,converged,3.2208095817267485e-05,False,0.0,1.0,0.09038200002396479,0.01904739998281002,1.3333467999764252,"[20260810, 4011364011, 1941079659, 1499620634, 1499620634, 2004296267, 1387497986, 1337576661]",b867e9855af0a3ac,610c7358dde2c1b141abb0f783ec54c402df554b,0.9648348433837333,0.6646034231136213,1.9351874937382814,0.8809797923746197,0.7926370011802594,0.5124730956234698,0.5946933311201169,0.2614366876534869,0.7926370011802594,0.09016016804228733,1.6511223621911348,0.8999999999999999,1.1,0.8,1.2,0.85,2.031384387633061,6.682939116891857,6.682939116891857,0.7926370011802594,1.6511223621911348,5.15311294147118,5.15311294147118,9.0,1.0,2.3170608831081427,True,33dd02dca6cb6561052f2690ad45ef239ce14390894585434045c8d5364227d9,theorem_covered,True,0.2,0.1402883273643774,0.701441636821887,,,,,,,,,,,,,,,,,,False
replication,b867e9855af0a3ac,1,50,50,4,fixed_rank,success,success,True,True,True,True,True,True,"[1, 1, 1]",,,,,7,dgp1_N50_T50_r00004_truth1-1-1,33dd02dca6cb6561052f2690ad45ef239ce14390894585434045c8d5364227d9,1.7629023999907076,,,B_G2_fixed_time,target,success,[],dgp1_N50_T50_r00004_truth1-1-1,success,"[1, 1, 1]",0.8933469975125605,0.9901444731678666,0.19932829331631918,0.03973176851639658,0.9901444731678666,0.19932829331631918,0.03973176851639658,0.09679747565530605,0.9901444731678666,0.19932829331631918,0.03973176851639658,0.09679747565530605,0.9901444731678666,,,0.0,4.0,0.24656959998537786,[],null,null,False,True,True,False,"[1, 1, 1]",,"[1, 1, 1]",,,,,,,,null,,1.494986994219576,11.0,2.5153098586171393e-05,0.7987211430622395,95.0,9.796927147072339e-09,0.6260425666107808,0.12534620571144015,297.0,0.10906335524816657,33.67408516167888,308.75709889041735,True,converged,8.317396039403153e-06,False,0.0,1.0,0.09038200002396479,0.017963599995709956,1.381061599997338,"[20260810, 4011364011, 1941079659, 1499620634, 1499620634, 2004296267, 1387497986, 1337576661]",b867e9855af0a3ac,610c7358dde2c1b141abb0f783ec54c402df554b,0.9648348433837333,0.6646034231136213,1.9351874937382814,0.8809797923746197,0.7926370011802594,0.5124730956234698,0.5946933311201169,0.2614366876534869,0.7926370011802594,0.09016016804228733,1.6511223621911348,0.8999999999999999,1.1,0.8,1.2,0.85,2.031384387633061,6.682939116891857,6.682939116891857,0.7926370011802594,1.6511223621911348,5.15311294147118,5.15311294147118,9.0,1.0,2.3170608831081427,True,33dd02dca6cb6561052f2690ad45ef239ce14390894585434045c8d5364227d9,theorem_covered,True,0.2,0.13274753845989684,0.6637376922994842,,,,,,,,,,,,,,,,,,False
replication,b867e9855af0a3ac,1,50,50,4,fixed_rank,success,success,True,True,True,True,True,True,"[1, 1, 1]",,,,,7,dgp1_N50_T50_r00004_truth1-1-1,33dd02dca6cb6561052f2690ad45ef239ce14390894585434045c8d5364227d9,1.7629023999907076,,,B_G2_minus_G1_fixed_time,target,success,[],dgp1_N50_T50_r00004_truth1-1-1,success,"[1, 1, 1]",-0.056121327162052384,-0.06293690231629746,0.09746512258000838,0.009499450119536058,-0.06293690231629746,0.09746512258000838,0.009499450119536058,-0.006815575154245079,-0.06293690231629746,0.09746512258000838,0.009499450119536058,-0.006815575154245079,-0.06293690231629746,,,0.0,4.0,0.24656959998537786,[],null,null,False,False,True,False,"[1, 1, 1]",,"[1, 1, 1]",,,,,,,,null,,1.494986994219576,11.0,2.5153098586171393e-05,0.7987211430622395,94.0,7.763666968762957e-09,0.6349980212495486,0.0539750868102207,297.0,0.10906335524816657,33.67408516167888,308.75709889041735,True,converged,6.12523289255923e-05,False,0.0,1.0,0.09038200002396479,0.02878170000622049,1.4568570999836084,"[20260810, 4011364011, 1941079659, 1499620634, 1499620634, 2004296267, 1387497986, 1337576661]",b867e9855af0a3ac,610c7358dde2c1b141abb0f783ec54c402df554b,0.9648348433837333,0.6646034231136213,1.9351874937382814,0.8809797923746197,0.7926370011802594,0.5124730956234698,0.5946933311201169,0.2614366876534869,0.7926370011802594,0.09016016804228733,1.6511223621911348,0.8999999999999999,1.1,0.8,1.2,0.85,2.031384387633061,6.682939116891857,6.682939116891857,0.7926370011802594,1.6511223621911348,5.15311294147118,5.15311294147118,9.0,1.0,2.3170608831081427,True,33dd02dca6cb6561052f2690ad45ef239ce14390894585434045c8d5364227d9,weak_target_stress_outside_assumption9,False,0.28284271247461906,0.05941949220658302,0.21007962936968028,,,,,,,,,,,,,,,,,,False
replication,b867e9855af0a3ac,1,50,50,4,fixed_rank,success,success,True,True,True,True,True,True,"[1, 1, 1]",,,,,7,dgp1_N50_T50_r00004_truth1-1-1,33dd02dca6cb6561052f2690ad45ef239ce14390894585434045c8d5364227d9,1.7629023999907076,,,B_G1_time_average,target,success,[],dgp1_N50_T50_r00004_truth1-1-1,success,"[1, 1, 1]",0.612804195836214,0.7751346416843555,0.0706588083761525,0.004992667201137838,0.7079080883898912,0.0451461919341513,0.002038178646155228,0.09510389255367713,0.7751346416843555,0.0706588083761525,0.004992667201137838,0.1623304458481415,0.7079080883898912,0.6781950006732538,0.6703946228120642,4.0,4.0,0.24656959998537786,"[{""converged"": true, ""kind"": ""time"", ""max_envelope_ratio"": 0.6609418824545357, ""n"": 50, ""numerical_rank_vector"": [1, 1, 1], ""part"": 0, ""rank_supported"": true, ""riesz_converged"": true, ""riesz_equation_residual"": 8.145922680151274e-09, ""riesz_solver"": ""cg"", ""riesz_target_rayleigh_quotient"": 0.527064022142734, ""riesz_target_stable"": true, ""split_rank_singular_values"": [{""block"": ""A"", ""computational_rank_supported"": true, ""relative_rank_floor"": 1e-10, ""sigma_1"": 20.733238099415317, ""sigma_r"": 20.733238099415317, ""sigma_r_over_sigma_1"": 1.0, ""supplied_rank"": 1}, {""block"": ""B"", ""computational_rank_supported"": true, ""relative_rank_floor"": 1e-10, ""sigma_1"": 34.19740319128433, ""sigma_r"": 34.19740319128433, ""sigma_r_over_sigma_1"": 1.0, ""supplied_rank"": 1}, {""block"": ""H"", ""computational_rank_supported"": true, ""relative_rank_floor"": 1e-10, ""sigma_1"": 43.54362848775506, ""sigma_r"": 43.54362848775506, ""sigma_r_over_sigma_1"": 1.0, ""supplied_rank"": 1}], ""stationarity_residual"": 3.461630895475126e-05, ""t"": 25, ""tangent_gram_condition_number"": 175.2336512594813, ""tangent_gram_coordinate_dimension"": 222, ""tangent_gram_eigensolver_converged"": true, ""tangent_gram_eigensolver_status"": ""converged"", ""tangent_gram_largest_eigenvalue"": 38.890830961263575, ""tangent_gram_smallest_eigenvalue"": 0.22193700058029994, ""target_support_norm"": 0.018108228490312003, ""target_supported"": true}, {""converged"": true, ""kind"": ""time"", ""max_envelope_ratio"": 0.9759545461724145, ""n"": 50, ""numerical_rank_vector"": [1, 1, 1], ""part"": 1, ""rank_supported"": true, ""riesz_converged"": true, ""riesz_equation_residual"": 7.008475385213348e-09, ""riesz_solver"": ""cg"", ""riesz_target_rayleigh_quotient"": 0.6147968828982969, ""riesz_target_stable"": true, ""split_rank_singular_values"": [{""block"": ""A"", ""computational_rank_supported"": true, ""relative_rank_floor"": 1e-10, ""sigma_1"": 18.352238661586625, ""sigma_r"": 18.352238661586625, ""sigma_r_over_sigma_1"": 1.0, ""supplied_rank"": 1}, {""block"": ""B"", ""computational_rank_supported"": true, ""relative_rank_floor"": 1e-10, ""sigma_1"": 30.72606274956827, ""sigma_r"": 30.72606274956827, ""sigma_r_over_sigma_1"": 1.0, ""supplied_rank"": 1}, {""block"": ""H"", ""computational_rank_supported"": true, ""relative_rank_floor"": 1e-10, ""sigma_1"": 62.95327536716139, ""sigma_r"": 62.95327536716139, ""sigma_r_over_sigma_1"": 1.0, ""supplied_rank"": 1}], ""stationarity_residual"": 3.3200708010123566e-05, ""t"": 25, ""tangent_gram_condition_number"": 124.44342642480655, ""tangent_gram_coordinate_dimension"": 222, ""tangent_gram_eigensolver_converged"": true, ""tangent_gram_eigensolver_status"": ""converged"", ""tangent_gram_largest_eigenvalue"": 22.072347636073378, ""tangent_gram_smallest_eigenvalue"": 0.17736853018435916, ""target_support_norm"": 0.018590256333256734, ""target_supported"": true}, {""converged"": true, ""kind"": ""unit"", ""max_envelope_ratio"": 0.8023567738457466, ""n"": 26, ""numerical_rank_vector"": [1, 1, 1], ""part"": 0, ""rank_supported"": true, ""riesz_converged"": true, ""riesz_equation_residual"": 8.00946945963177e-09, ""riesz_solver"": ""cg"", ""riesz_target_rayleigh_quotient"": 0.6603183192216179, ""riesz_target_stable"": true, ""split_rank_singular_values"": [{""block"": ""A"", ""computational_rank_supported"": true, ""relative_rank_floor"": 1e-10, ""sigma_1"": 20.807052784417348, ""sigma_r"": 20.807052784417348, ""sigma_r_over_sigma_1"": 1.0, ""supplied_rank"": 1}, {""block"": ""B"", ""computational_rank_supported"": true, ""relative_rank_floor"": 1e-10, ""sigma_1"": 36.591083074230546, ""sigma_r"": 36.591083074230546, ""sigma_r_over_sigma_1"": 1.0, ""supplied_rank"": 1}, {""block"": ""H"", ""computational_rank_supported"": true, ""relative_rank_floor"": 1e-10, ""sigma_1"": 54.477330781188, ""sigma_r"": 54.477330781188, ""sigma_r_over_sigma_1"": 1.0, ""supplied_rank"": 1}], ""stationarity_residual"": 8.206512494087139e-05, ""t"": 50, ""tangent_gram_condition_number"": 1058.7872021767857, ""tangent_gram_coordinate_dimension"": 225, ""tangent_gram_eigensolver_converged"": true, ""tangent_gram_eigensolver_status"": ""converged"", ""tangent_gram_largest_eigenvalue"": 38.68858504648637, ""tangent_gram_smallest_eigenvalue"": 0.03654047287967364, ""target_support_norm"": 0.01836709625616107, ""target_supported"": true}, {""converged"": true, ""kind"": ""unit"", ""max_envelope_ratio"": 0.8590833793091868, ""n"": 24, ""numerical_rank_vector"": [1, 1, 1], ""part"": 1, ""rank_supported"": true, ""riesz_converged"": true, ""riesz_equation_residual"": 7.844680068434047e-09, ""riesz_solver"": ""cg"", ""riesz_target_rayleigh_quotient"": 0.5408850467500244, ""riesz_target_stable"": true, ""split_rank_singular_values"": [{""block"": ""A"", ""computational_rank_supported"": true, ""relative_rank_floor"": 1e-10, ""sigma_1"": 19.141302103247586, ""sigma_r"": 19.141302103247586, ""sigma_r_over_sigma_1"": 1.0, ""supplied_rank"": 1}, {""block"": ""B"", ""computational_rank_supported"": true, ""relative_rank_floor"": 1e-10, ""sigma_1"": 28.248742571915777, ""sigma_r"": 28.248742571915777, ""sigma_r_over_sigma_1"": 1.0, ""supplied_rank"": 1}, {""block"": ""H"", ""computational_rank_supported"": true, ""relative_rank_floor"": 1e-10, ""sigma_1"": 52.523843342350496, ""sigma_r"": 52.523843342350496, ""sigma_r_over_sigma_1"": 1.0, ""supplied_rank"": 1}], ""stationarity_residual"": 3.959930336361275e-05, ""t"": 50, ""tangent_gram_condition_number"": 218.75915626984906, ""tangent_gram_coordinate_dimension"": 219, ""tangent_gram_eigensolver_converged"": true, ""tangent_gram_eigensolver_status"": ""converged"", ""tangent_gram_largest_eigenvalue"": 33.68128459670326, ""tangent_gram_smallest_eigenvalue"": 0.1539651421728648, ""target_support_norm"": 0.017463789384834113, ""target_supported"": true}]","[[0, 2, 4, 7, 8, 9, 13, 14, 15, 17, 21, 23, 25, 26, 27, 28, 29, 32, 33, 36, 42, 43, 44, 48, 49], [1, 3, 5, 6, 10, 11, 12, 16, 18, 19, 20, 22, 24, 30, 31, 34, 35, 37, 38, 39, 40, 41, 45, 46, 47]]","[[0, 2, 3, 4, 7, 10, 12, 13, 16, 19, 22, 23, 24, 26, 27, 28, 31, 32, 33, 35, 39, 40, 44, 45, 47, 48], [1, 5, 6, 8, 9, 11, 14, 15, 17, 18, 20, 21, 25, 29, 30, 34, 36, 37, 38, 41, 42, 43, 46, 49]]",True,True,False,True,"[1, 1, 1]",,"[1, 1, 1]",,,,,,,,null,,1.494986994219576,11.0,2.5153098586171393e-05,0.7987211430622395,95.0,6.140991332068548e-09,0.7108429776472487,0.0266466934486366,297.0,0.10906335524816657,33.67408516167888,308.75709889041735,True,converged,1.8936410202721935e-05,False,0.0,1.0,0.09038200002396479,0.07951889999094419,1.5782326999760699,"[20260810, 4011364011, 1941079659, 1499620634, 1499620634, 2004296267, 1387497986, 1337576661]",b867e9855af0a3ac,610c7358dde2c1b141abb0f783ec54c402df554b,0.9648348433837333,0.6646034231136213,1.9351874937382814,0.8809797923746197,0.7926370011802594,0.5124730956234698,0.5946933311201169,0.2614366876534869,0.7926370011802594,0.09016016804228733,1.6511223621911348,0.8999999999999999,1.1,0.8,1.2,0.85,2.031384387633061,6.682939116891857,6.682939116891857,0.7926370011802594,1.6511223621911348,5.15311294147118,5.15311294147118,9.0,1.0,2.3170608831081427,True,33dd02dca6cb6561052f2690ad45ef239ce14390894585434045c8d5364227d9,theorem_covered,True,0.028284271247461912,0.027545433244487084,0.9738781318949087,,,,,,,,,,,,,,,,,,False
replication,b867e9855af0a3ac,1,50,50,4,fixed_rank,success,success,True,True,True,True,True,True,"[1, 1, 1]",,,,,7,dgp1_N50_T50_r00004_truth1-1-1,33dd02dca6cb6561052f2690ad45ef239ce14390894585434045c8d5364227d9,1.7629023999907076,,,B_G2_time_average,target,success,[],dgp1_N50_T50_r00004_truth1-1-1,success,"[1, 1, 1]",0.5765824664040198,0.7441838529964191,0.08504475030863373,0.007232609555057858,0.6656003016935141,0.05139947006412416,0.002641905522872796,0.08901783528949436,0.7441838529964191,0.08504475030863373,0.007232609555057858,0.16760138659239932,0.6656003016935141,0.6049203977677777,0.6476966543163456,4.0,4.0,0.24656959998537786,"[{""converged"": true, ""kind"": ""time"", ""max_envelope_ratio"": 0.6609418824545357, ""n"": 50, ""numerical_rank_vector"": [1, 1, 1], ""part"": 0, ""rank_supported"": true, ""riesz_converged"": true, ""riesz_equation_residual"": 8.013111674620636e-09, ""riesz_solver"": ""cg"", ""riesz_target_rayleigh_quotient"": 0.5426486004185737, ""riesz_target_stable"": true, ""split_rank_singular_values"": [{""block"": ""A"", ""computational_rank_supported"": true, ""relative_rank_floor"": 1e-10, ""sigma_1"": 20.733238099415317, ""sigma_r"": 20.733238099415317, ""sigma_r_over_sigma_1"": 1.0, ""supplied_rank"": 1}, {""block"": ""B"", ""computational_rank_supported"": true, ""relative_rank_floor"": 1e-10, ""sigma_1"": 34.19740319128433, ""sigma_r"": 34.19740319128433, ""sigma_r_over_sigma_1"": 1.0, ""supplied_rank"": 1}, {""block"": ""H"", ""computational_rank_supported"": true, ""relative_rank_floor"": 1e-10, ""sigma_1"": 43.54362848775506, ""sigma_r"": 43.54362848775506, ""sigma_r_over_sigma_1"": 1.0, ""supplied_rank"": 1}], ""stationarity_residual"": 3.461630895475126e-05, ""t"": 25, ""tangent_gram_condition_number"": 175.2336512594813, ""tangent_gram_coordinate_dimension"": 222, ""tangent_gram_eigensolver_converged"": true, ""tangent_gram_eigensolver_status"": ""converged"", ""tangent_gram_largest_eigenvalue"": 38.890830961263575, ""tangent_gram_smallest_eigenvalue"": 0.22193700058029994, ""target_support_norm"": 0.018116923499355127, ""target_supported"": true}, {""converged"": true, ""kind"": ""time"", ""max_envelope_ratio"": 0.9759545461724145, ""n"": 50, ""numerical_rank_vector"": [1, 1, 1], ""part"": 1, ""rank_supported"": true, ""riesz_converged"": true, ""riesz_equation_residual"": 6.951654750137239e-09, ""riesz_solver"": ""cg"", ""riesz_target_rayleigh_quotient"": 0.438753061623792, ""riesz_target_stable"": true, ""split_rank_singular_values"": [{""block"": ""A"", ""computational_rank_supported"": true, ""relative_rank_floor"": 1e-10, ""sigma_1"": 18.352238661586625, ""sigma_r"": 18.352238661586625, ""sigma_r_over_sigma_1"": 1.0, ""supplied_rank"": 1}, {""block"": ""B"", ""computational_rank_supported"": true, ""relative_rank_floor"": 1e-10, ""sigma_1"": 30.72606274956827, ""sigma_r"": 30.72606274956827, ""sigma_r_over_sigma_1"": 1.0, ""supplied_rank"": 1}, {""block"": ""H"", ""computational_rank_supported"": true, ""relative_rank_floor"": 1e-10, ""sigma_1"": 62.95327536716139, ""sigma_r"": 62.95327536716139, ""sigma_r_over_sigma_1"": 1.0, ""supplied_rank"": 1}], ""stationarity_residual"": 3.3200708010123566e-05, ""t"": 25, ""tangent_gram_condition_number"": 124.44342642480655, ""tangent_gram_coordinate_dimension"": 222, ""tangent_gram_eigensolver_converged"": true, ""tangent_gram_eigensolver_status"": ""converged"", ""tangent_gram_largest_eigenvalue"": 22.072347636073378, ""tangent_gram_smallest_eigenvalue"": 0.17736853018435916, ""target_support_norm"": 0.018193442265238145, ""target_supported"": true}, {""converged"": true, ""kind"": ""unit"", ""max_envelope_ratio"": 0.8023567738457466, ""n"": 26, ""numerical_rank_vector"": [1, 1, 1], ""part"": 0, ""rank_supported"": true, ""riesz_converged"": true, ""riesz_equation_residual"": 9.205835749926414e-09, ""riesz_solver"": ""cg"", ""riesz_target_rayleigh_quotient"": 0.4754303212441747, ""riesz_target_stable"": true, ""split_rank_singular_values"": [{""block"": ""A"", ""computational_rank_supported"": true, ""relative_rank_floor"": 1e-10, ""sigma_1"": 20.807052784417348, ""sigma_r"": 20.807052784417348, ""sigma_r_over_sigma_1"": 1.0, ""supplied_rank"": 1}, {""block"": ""B"", ""computational_rank_supported"": true, ""relative_rank_floor"": 1e-10, ""sigma_1"": 36.591083074230546, ""sigma_r"": 36.591083074230546, ""sigma_r_over_sigma_1"": 1.0, ""supplied_rank"": 1}, {""block"": ""H"", ""computational_rank_supported"": true, ""relative_rank_floor"": 1e-10, ""sigma_1"": 54.477330781188, ""sigma_r"": 54.477330781188, ""sigma_r_over_sigma_1"": 1.0, ""supplied_rank"": 1}], ""stationarity_residual"": 8.206512494087139e-05, ""t"": 50, ""tangent_gram_condition_number"": 1058.7872021767857, ""tangent_gram_coordinate_dimension"": 225, ""tangent_gram_eigensolver_converged"": true, ""tangent_gram_eigensolver_status"": ""converged"", ""tangent_gram_largest_eigenvalue"": 38.68858504648637, ""tangent_gram_smallest_eigenvalue"": 0.03654047287967364, ""target_support_norm"": 0.01878123224782259, ""target_supported"": true}, {""converged"": true, ""kind"": ""unit"", ""max_envelope_ratio"": 0.8590833793091868, ""n"": 24, ""numerical_rank_vector"": [1, 1, 1], ""part"": 1, ""rank_supported"": true, ""riesz_converged"": true, ""riesz_equation_residual"": 6.741638573445943e-09, ""riesz_solver"": ""cg"", ""riesz_target_rayleigh_quotient"": 0.5706533736495991, ""riesz_target_stable"": true, ""split_rank_singular_values"": [{""block"": ""A"", ""computational_rank_supported"": true, ""relative_rank_floor"": 1e-10, ""sigma_1"": 19.141302103247586, ""sigma_r"": 19.141302103247586, ""sigma_r_over_sigma_1"": 1.0, ""supplied_rank"": 1}, {""block"": ""B"", ""computational_rank_supported"": true, ""relative_rank_floor"": 1e-10, ""sigma_1"": 28.248742571915777, ""sigma_r"": 28.248742571915777, ""sigma_r_over_sigma_1"": 1.0, ""supplied_rank"": 1}, {""block"": ""H"", ""computational_rank_supported"": true, ""relative_rank_floor"": 1e-10, ""sigma_1"": 52.523843342350496, ""sigma_r"": 52.523843342350496, ""sigma_r_over_sigma_1"": 1.0, ""supplied_rank"": 1}], ""stationarity_residual"": 3.959930336361275e-05, ""t"": 50, ""tangent_gram_condition_number"": 218.75915626984906, ""tangent_gram_coordinate_dimension"": 219, ""tangent_gram_eigensolver_converged"": true, ""tangent_gram_eigensolver_status"": ""converged"", ""tangent_gram_largest_eigenvalue"": 33.68128459670326, ""tangent_gram_smallest_eigenvalue"": 0.1539651421728648, ""target_support_norm"": 0.01618991563066581, ""target_supported"": true}]","[[0, 2, 4, 7, 8, 9, 13, 14, 15, 17, 21, 23, 25, 26, 27, 28, 29, 32, 33, 36, 42, 43, 44, 48, 49], [1, 3, 5, 6, 10, 11, 12, 16, 18, 19, 20, 22, 24, 30, 31, 34, 35, 37, 38, 39, 40, 41, 45, 46, 47]]","[[0, 2, 3, 4, 7, 10, 12, 13, 16, 19, 22, 23, 24, 26, 27, 28, 31, 32, 33, 35, 39, 40, 44, 45, 47, 48], [1, 5, 6, 8, 9, 11, 14, 15, 17, 18, 20, 21, 25, 29, 30, 34, 36, 37, 38, 41, 42, 43, 46, 49]]",True,True,False,True,"[1, 1, 1]",,"[1, 1, 1]",,,,,,,,null,,1.494986994219576,11.0,2.5153098586171393e-05,0.7987211430622395,97.0,6.5419379517876416e-09,0.5569024631586003,0.026505232458270717,297.0,0.10906335524816657,33.67408516167888,308.75709889041735,True,converged,5.654944835416545e-05,False,0.0,1.0,0.09038200002396479,0.06497869998565875,1.6745816999755334,"[20260810, 4011364011, 1941079659, 1499620634, 1499620634, 2004296267, 1387497986, 1337576661]",b867e9855af0a3ac,610c7358dde2c1b141abb0f783ec54c402df554b,0.9648348433837333,0.6646034231136213,1.9351874937382814,0.8809797923746197,0.7926370011802594,0.5124730956234698,0.5946933311201169,0.2614366876534869,0.7926370011802594,0.09016016804228733,1.6511223621911348,0.8999999999999999,1.1,0.8,1.2,0.85,2.031384387633061,6.682939116891857,6.682939116891857,0.7926370011802594,1.6511223621911348,5.15311294147118,5.15311294147118,9.0,1.0,2.3170608831081427,True,33dd02dca6cb6561052f2690ad45ef239ce14390894585434045c8d5364227d9,theorem_covered,True,0.028284271247461912,0.02746945933420213,0.9711920485371212,,,,,,,,,,,,,,,,,,False
replication,b867e9855af0a3ac,1,50,50,4,fixed_rank,success,success,True,True,True,True,True,True,"[1, 1, 1]",,,,,7,dgp1_N50_T50_r00004_truth1-1-1,33dd02dca6cb6561052f2690ad45ef239ce14390894585434045c8d5364227d9,1.7629023999907076,,,B_G2_minus_G1_time_average,target,success,[],dgp1_N50_T50_r00004_truth1-1-1,success,"[1, 1, 1]",-0.03622172943219422,-0.030950788687936742,0.11040350662534101,0.012188934275171717,-0.04230778669637716,0.06573743487848613,0.004321410344403204,-0.006086057264182938,-0.030950788687936742,0.11040350662534101,0.012188934275171717,0.005270940744257477,-0.04230778669637716,-0.07327460290547619,-0.022697968495718535,4.0,4.0,0.24656959998537786,"[{""converged"": true, ""kind"": ""time"", ""max_envelope_ratio"": 0.6609418824545357, ""n"": 50, ""numerical_rank_vector"": [1, 1, 1], ""part"": 0, ""rank_supported"": true, ""riesz_converged"": true, ""riesz_equation_residual"": 7.811862399205723e-09, ""riesz_solver"": ""cg"", ""riesz_target_rayleigh_quotient"": 0.5478545000470011, ""riesz_target_stable"": true, ""split_rank_singular_values"": [{""block"": ""A"", ""computational_rank_supported"": true, ""relative_rank_floor"": 1e-10, ""sigma_1"": 20.733238099415317, ""sigma_r"": 20.733238099415317, ""sigma_r_over_sigma_1"": 1.0, ""supplied_rank"": 1}, {""block"": ""B"", ""computational_rank_supported"": true, ""relative_rank_floor"": 1e-10, ""sigma_1"": 34.19740319128433, ""sigma_r"": 34.19740319128433, ""sigma_r_over_sigma_1"": 1.0, ""supplied_rank"": 1}, {""block"": ""H"", ""computational_rank_supported"": true, ""relative_rank_floor"": 1e-10, ""sigma_1"": 43.54362848775506, ""sigma_r"": 43.54362848775506, ""sigma_r_over_sigma_1"": 1.0, ""supplied_rank"": 1}], ""stationarity_residual"": 3.461630895475126e-05, ""t"": 25, ""tangent_gram_condition_number"": 175.2336512594813, ""tangent_gram_coordinate_dimension"": 222, ""tangent_gram_eigensolver_converged"": true, ""tangent_gram_eigensolver_status"": ""converged"", ""tangent_gram_largest_eigenvalue"": 38.890830961263575, ""tangent_gram_smallest_eigenvalue"": 0.22193700058029994, ""target_support_norm"": 0.02422641196199798, ""target_supported"": true}, {""converged"": true, ""kind"": ""time"", ""max_envelope_ratio"": 0.9759545461724145, ""n"": 50, ""numerical_rank_vector"": [1, 1, 1], ""part"": 1, ""rank_supported"": true, ""riesz_converged"": true, ""riesz_equation_residual"": 5.714572659569411e-09, ""riesz_solver"": ""cg"", ""riesz_target_rayleigh_quotient"": 0.5110182801195825, ""riesz_target_stable"": true, ""split_rank_singular_values"": [{""block"": ""A"", ""computational_rank_supported"": true, ""relative_rank_floor"": 1e-10, ""sigma_1"": 18.352238661586625, ""sigma_r"": 18.352238661586625, ""sigma_r_over_sigma_1"": 1.0, ""supplied_rank"": 1}, {""block"": ""B"", ""computational_rank_supported"": true, ""relative_rank_floor"": 1e-10, ""sigma_1"": 30.72606274956827, ""sigma_r"": 30.72606274956827, ""sigma_r_over_sigma_1"": 1.0, ""supplied_rank"": 1}, {""block"": ""H"", ""computational_rank_supported"": true, ""relative_rank_floor"": 1e-10, ""sigma_1"": 62.95327536716139, ""sigma_r"": 62.95327536716139, ""sigma_r_over_sigma_1"": 1.0, ""supplied_rank"": 1}], ""stationarity_residual"": 3.3200708010123566e-05, ""t"": 25, ""tangent_gram_condition_number"": 124.44342642480655, ""tangent_gram_coordinate_dimension"": 222, ""tangent_gram_eigensolver_converged"": true, ""tangent_gram_eigensolver_status"": ""converged"", ""tangent_gram_largest_eigenvalue"": 22.072347636073378, ""tangent_gram_smallest_eigenvalue"": 0.17736853018435916, ""target_support_norm"": 0.024848359656733623, ""target_supported"": true}, {""converged"": true, ""kind"": ""unit"", ""max_envelope_ratio"": 0.8023567738457466, ""n"": 26, ""numerical_rank_vector"": [1, 1, 1], ""part"": 0, ""rank_supported"": true, ""riesz_converged"": true, ""riesz_equation_residual"": 8.110603621811265e-09, ""riesz_solver"": ""cg"", ""riesz_target_rayleigh_quotient"": 0.5319290356162361, ""riesz_target_stable"": true, ""split_rank_singular_values"": [{""block"": ""A"", ""computational_rank_supported"": true, ""relative_rank_floor"": 1e-10, ""sigma_1"": 20.807052784417348, ""sigma_r"": 20.807052784417348, ""sigma_r_over_sigma_1"": 1.0, ""supplied_rank"": 1}, {""block"": ""B"", ""computational_rank_supported"": true, ""relative_rank_floor"": 1e-10, ""sigma_1"": 36.591083074230546, ""sigma_r"": 36.591083074230546, ""sigma_r_over_sigma_1"": 1.0, ""supplied_rank"": 1}, {""block"": ""H"", ""computational_rank_supported"": true, ""relative_rank_floor"": 1e-10, ""sigma_1"": 54.477330781188, ""sigma_r"": 54.477330781188, ""sigma_r_over_sigma_1"": 1.0, ""supplied_rank"": 1}], ""stationarity_residual"": 8.206512494087139e-05, ""t"": 50, ""tangent_gram_condition_number"": 1058.7872021767857, ""tangent_gram_coordinate_dimension"": 225, ""tangent_gram_eigensolver_converged"": true, ""tangent_gram_eigensolver_status"": ""converged"", ""tangent_gram_largest_eigenvalue"": 38.68858504648637, ""tangent_gram_smallest_eigenvalue"": 0.03654047287967364, ""target_support_norm"": 0.024375965485503838, ""target_supported"": true}, {""converged"": true, ""kind"": ""unit"", ""max_envelope_ratio"": 0.8590833793091868, ""n"": 24, ""numerical_rank_vector"": [1, 1, 1], ""part"": 1, ""rank_supported"": true, ""riesz_converged"": true, ""riesz_equation_residual"": 9.536369799124369e-09, ""riesz_solver"": ""cg"", ""riesz_target_rayleigh_quotient"": 0.5556505264154459, ""riesz_target_stable"": true, ""split_rank_singular_values"": [{""block"": ""A"", ""computational_rank_supported"": true, ""relative_rank_floor"": 1e-10, ""sigma_1"": 19.141302103247586, ""sigma_r"": 19.141302103247586, ""sigma_r_over_sigma_1"": 1.0, ""supplied_rank"": 1}, {""block"": ""B"", ""computational_rank_supported"": true, ""relative_rank_floor"": 1e-10, ""sigma_1"": 28.248742571915777, ""sigma_r"": 28.248742571915777, ""sigma_r_over_sigma_1"": 1.0, ""supplied_rank"": 1}, {""block"": ""H"", ""computational_rank_supported"": true, ""relative_rank_floor"": 1e-10, ""sigma_1"": 52.523843342350496, ""sigma_r"": 52.523843342350496, ""sigma_r_over_sigma_1"": 1.0, ""supplied_rank"": 1}], ""stationarity_residual"": 3.959930336361275e-05, ""t"": 50, ""tangent_gram_condition_number"": 218.75915626984906, ""tangent_gram_coordinate_dimension"": 219, ""tangent_gram_eigensolver_converged"": true, ""tangent_gram_eigensolver_status"": ""converged"", ""tangent_gram_largest_eigenvalue"": 33.68128459670326, ""tangent_gram_smallest_eigenvalue"": 0.1539651421728648, ""target_support_norm"": 0.021035306088394778, ""target_supported"": true}]","[[0, 2, 4, 7, 8, 9, 13, 14, 15, 17, 21, 23, 25, 26, 27, 28, 29, 32, 33, 36, 42, 43, 44, 48, 49], [1, 3, 5, 6, 10, 11, 12, 16, 18, 19, 20, 22, 24, 30, 31, 34, 35, 37, 38, 39, 40, 41, 45, 46, 47]]","[[0, 2, 3, 4, 7, 10, 12, 13, 16, 19, 22, 23, 24, 26, 27, 28, 31, 32, 33, 35, 39, 40, 44, 45, 47, 48], [1, 5, 6, 8, 9, 11, 14, 15, 17, 18, 20, 21, 25, 29, 30, 34, 36, 37, 38, 41, 42, 43, 46, 49]]",False,False,True,True,"[1, 1, 1]",,"[1, 1, 1]",,,,,,,,null,,1.494986994219576,11.0,2.5153098586171393e-05,0.7987211430622395,94.0,8.6328129391314e-09,0.6271259266079777,0.0359254745485505,297.0,0.10906335524816657,33.67408516167888,308.75709889041735,True,converged,5.753719697670039e-05,False,0.0,1.0,0.09038200002396479,0.05817679999745451,1.7629023999907076,"[20260810, 4011364011, 1941079659, 1499620634, 1499620634, 2004296267, 1387497986, 1337576661]",b867e9855af0a3ac,610c7358dde2c1b141abb0f783ec54c402df554b,0.9648348433837333,0.6646034231136213,1.9351874937382814,0.8809797923746197,0.7926370011802594,0.5124730956234698,0.5946933311201169,0.2614366876534869,0.7926370011802594,0.09016016804228733,1.6511223621911348,0.8999999999999999,1.1,0.8,1.2,0.85,2.031384387633061,6.682939116891857,6.682939116891857,0.7926370011802594,1.6511223621911348,5.15311294147118,5.15311294147118,9.0,1.0,2.3170608831081427,True,33dd02dca6cb6561052f2690ad45ef239ce14390894585434045c8d5364227d9,theorem_covered,True,0.03999999999999994,0.03801003685272928,0.9502509213182334,,,,,,,,,,,,,,,,,,False
replication,b867e9855af0a3ac,1,50,50,5,fixed_rank,success,success,True,True,True,True,True,True,"[1, 1, 1]",,,,,7,dgp1_N50_T50_r00005_truth1-1-1,be9cc050acbe752601ada9c4338c9c0208ae9befc72ddcac866f4f1f5703c3a5,1.7272669000085443,,,A_entry,target,success,[],dgp1_N50_T50_r00005_truth1-1-1,success,"[1, 1, 1]",0.5475426414369717,0.43252427035580204,0.12534922340428695,0.01571242780805784,0.43252427035580204,0.12534922340428695,0.01571242780805784,-0.11501837108116969,0.43252427035580204,0.12534922340428695,0.01571242780805784,-0.11501837108116969,0.43252427035580204,,,0.0,4.0,0.22365129998070188,[],null,null,False,True,True,False,"[1, 1, 1]",,"[1, 1, 1]",,,,,,,,null,,1.712165090583522,9.0,1.9667757039698558e-05,0.6877286678991328,89.0,8.440849665493793e-09,1.009045054499909,0.18357569667177004,297.0,0.2494888820083518,40.72477795970802,163.23283679769239,True,converged,0.00013565404744416112,False,0.0,1.0,0.06716549998964183,0.018499700003303587,0.4215447000169661,"[20260810, 4011364011, 1941079659, 1499620634, 1499620634, 2098343407, 1387497986, 1337576661]",b867e9855af0a3ac,610c7358dde2c1b141abb0f783ec54c402df554b,1.0,0.6646034231136213,1.9351874937382814,0.8234169175818558,0.7694321432718946,0.5202108731058314,0.6513811326729518,0.2691733492765987,0.7694321432718946,0.09539044991014137,1.657532464966103,0.8999999999999999,1.1,0.8,1.2,0.85,2.031384387633061,6.682939116891857,6.682939116891857,0.7694321432718946,1.657532464966103,4.360264707156253,4.360264707156253,9.0,1.0,2.3170608831081427,True,be9cc050acbe752601ada9c4338c9c0208ae9befc72ddcac866f4f1f5703c3a5,theorem_covered,True,1.0,0.20619121203258373,0.20619121203258373,0.7875812239944849,1.3595750882206739,,,,,,,,,,,,,,,,False
replication,b867e9855af0a3ac,1,50,50,5,fixed_rank,success,success,True,True,True,True,True,True,"[1, 1, 1]",,,,,7,dgp1_N50_T50_r00005_truth1-1-1,be9cc050acbe752601ada9c4338c9c0208ae9befc72ddcac866f4f1f5703c3a5,1.7272669000085443,,,B_entry,target,success,[],dgp1_N50_T50_r00005_truth1-1-1,success,"[1, 1, 1]",0.720436726947357,1.8138576782550648,0.45972093889945054,0.21134334166259233,1.8138576782550648,0.45972093889945054,0.21134334166259233,1.0934209513077078,1.8138576782550648,0.45972093889945054,0.21134334166259233,1.0934209513077078,1.8138576782550648,,,0.0,4.0,0.22365129998070188,[],null,null,True,True,False,False,"[1, 1, 1]",,"[1, 1, 1]",,,,,,,,null,,1.712165090583522,9.0,1.9667757039698558e-05,0.6877286678991328,95.0,7.803194541173097e-09,0.5843513343638912,0.2648209163003534,297.0,0.2494888820083518,40.72477795970802,163.23283679769239,True,converged,0.00013539587420416513,False,0.0,1.0,0.06716549998964183,0.026283299986971542,0.48566470001242124,"[20260810, 4011364011, 1941079659, 1499620634, 1499620634, 2098343407, 1387497986, 1337576661]",b867e9855af0a3ac,610c7358dde2c1b141abb0f783ec54c402df554b,1.0,0.6646034231136213,1.9351874937382814,0.8234169175818558,0.7694321432718946,0.5202108731058314,0.6513811326729518,0.2691733492765987,0.7694321432718946,0.09539044991014137,1.657532464966103,0.8999999999999999,1.1,0.8,1.2,0.85,2.031384387633061,6.682939116891857,6.682939116891857,0.7694321432718946,1.657532464966103,4.360264707156253,4.360264707156253,9.0,1.0,2.3170608831081427,True,be9cc050acbe752601ada9c4338c9c0208ae9befc72ddcac866f4f1f5703c3a5,entry_leverage_requires_author_choice,False,1.0,0.22627919653783693,0.22627919653783693,0.4720099627263762,2.108003752012365,,,,,,,,,,,,,,,,False
replication,b867e9855af0a3ac,1,50,50,5,fixed_rank,success,success,True,True,True,True,True,True,"[1, 1, 1]",,,,,7,dgp1_N50_T50_r00005_truth1-1-1,be9cc050acbe752601ada9c4338c9c0208ae9befc72ddcac866f4f1f5703c3a5,1.7272669000085443,,,A_fixed_time_mean,target,success,[],dgp1_N50_T50_r00005_truth1-1-1,success,"[1, 1, 1]",0.6140689838349034,0.5315855990025119,0.0925278025078102,0.008561394236924329,0.5315855990025119,0.0925278025078102,0.008561394236924329,-0.08248338483239148,0.5315855990025119,0.0925278025078102,0.008561394236924329,-0.08248338483239148,0.5315855990025119,,,0.0,4.0,0.22365129998070188,[],null,null,False,True,True,False,"[1, 1, 1]",,"[1, 1, 1]",,,,,,,,null,,1.712165090583522,9.0,1.9667757039698558e-05,0.6877286678991328,90.0,9.008173466832247e-09,0.4143252973068543,0.13793913415423215,297.0,0.2494888820083518,40.72477795970802,163.23283679769239,True,converged,4.378667292272396e-05,False,0.0,1.0,0.06716549998964183,0.016875699977390468,0.5376095999963582,"[20260810, 4011364011, 1941079659, 1499620634, 1499620634, 2098343407, 1387497986, 1337576661]",b867e9855af0a3ac,610c7358dde2c1b141abb0f783ec54c402df554b,1.0,0.6646034231136213,1.9351874937382814,0.8234169175818558,0.7694321432718946,0.5202108731058314,0.6513811326729518,0.2691733492765987,0.7694321432718946,0.09539044991014137,1.657532464966103,0.8999999999999999,1.1,0.8,1.2,0.85,2.031384387633061,6.682939116891857,6.682939116891857,0.7694321432718946,1.657532464966103,4.360264707156253,4.360264707156253,9.0,1.0,2.3170608831081427,True,be9cc050acbe752601ada9c4338c9c0208ae9befc72ddcac866f4f1f5703c3a5,theorem_covered,True,0.14142135623730953,0.14077254905273878,0.9954122404010747,,,,,,,,,,,,,,,,,,False
replication,b867e9855af0a3ac,1,50,50,5,fixed_rank,success,success,True,True,True,True,True,True,"[1, 1, 1]",,,,,7,dgp1_N50_T50_r00005_truth1-1-1,be9cc050acbe752601ada9c4338c9c0208ae9befc72ddcac866f4f1f5703c3a5,1.7272669000085443,,,B_fixed_time_mean,target,success,[],dgp1_N50_T50_r00005_truth1-1-1,success,"[1, 1, 1]",0.9904060664576503,1.1295307234926262,0.22336190998709396,0.04989054283308266,1.1295307234926262,0.22336190998709396,0.04989054283308266,0.1391246570349759,1.1295307234926262,0.22336190998709396,0.04989054283308266,0.1391246570349759,1.1295307234926262,,,0.0,4.0,0.22365129998070188,[],null,null,False,True,True,False,"[1, 1, 1]",,"[1, 1, 1]",,,,,,,,null,,1.712165090583522,9.0,1.9667757039698558e-05,0.6877286678991328,93.0,9.098747178356035e-09,0.4522637467731333,0.12101032587914651,297.0,0.2494888820083518,40.72477795970802,163.23283679769239,True,converged,1.9756250896134592e-05,False,0.0,1.0,0.06716549998964183,0.017639300000155345,0.5885242000222206,"[20260810, 4011364011, 1941079659, 1499620634, 1499620634, 2098343407, 1387497986, 1337576661]",b867e9855af0a3ac,610c7358dde2c1b141abb0f783ec54c402df554b,1.0,0.6646034231136213,1.9351874937382814,0.8234169175818558,0.7694321432718946,0.5202108731058314,0.6513811326729518,0.2691733492765987,0.7694321432718946,0.09539044991014137,1.657532464966103,0.8999999999999999,1.1,0.8,1.2,0.85,2.031384387633061,6.682939116891857,6.682939116891857,0.7694321432718946,1.657532464966103,4.360264707156253,4.360264707156253,9.0,1.0,2.3170608831081427,True,be9cc050acbe752601ada9c4338c9c0208ae9befc72ddcac866f4f1f5703c3a5,theorem_covered,True,0.14142135623730953,0.13391004498422204,0.9468870087733902,,,,,,,,,,,,,,,,,,True
replication,b867e9855af0a3ac,1,50,50,5,fixed_rank,success,success,True,True,False,True,False,False,"[1, 1, 1]",,,,,7,dgp1_N50_T50_r00005_truth1-1-1,be9cc050acbe752601ada9c4338c9c0208ae9befc72ddcac866f4f1f5703c3a5,1.7272669000085443,,,A_full_mean,target,split_fit_failure,[],dgp1_N50_T50_r00005_truth1-1-1,split_fit_not_converged,"[1, 1, 1]",0.5202108731058313,0.4964501076255339,0.023316320984921805,0.0005436508242719049,0.4971899501669255,0.015269079587888732,0.00023314479146128032,-0.02302092293890573,0.4964501076255339,0.023316320984921805,0.0005436508242719049,-0.023760765480297374,0.4971899501669255,0.5101205909826445,0.48499915189259823,4.0,4.0,0.22365129998070188,"[{""converged"": true, ""kind"": ""time"", ""max_envelope_ratio"": 0.6014963890153664, ""n"": 50, ""numerical_rank_vector"": [1, 1, 1], ""part"": 0, ""rank_supported"": true, ""riesz_converged"": true, ""riesz_equation_residual"": 9.776180280174647e-09, ""riesz_solver"": ""cg"", ""riesz_target_rayleigh_quotient"": 0.7282513181278207, ""riesz_target_stable"": true, ""split_rank_singular_values"": [{""block"": ""A"", ""computational_rank_supported"": true, ""relative_rank_floor"": 1e-10, ""sigma_1"": 20.188842875016245, ""sigma_r"": 20.188842875016245, ""sigma_r_over_sigma_1"": 1.0, ""supplied_rank"": 1}, {""block"": ""B"", ""computational_rank_supported"": true, ""relative_rank_floor"": 1e-10, ""sigma_1"": 34.21126989405554, ""sigma_r"": 34.21126989405554, ""sigma_r_over_sigma_1"": 1.0, ""supplied_rank"": 1}, {""block"": ""H"", ""computational_rank_supported"": true, ""relative_rank_floor"": 1e-10, ""sigma_1"": 53.87122523186011, ""sigma_r"": 53.87122523186011, ""sigma_r_over_sigma_1"": 1.0, ""supplied_rank"": 1}], ""stationarity_residual"": 4.206723309769403e-05, ""t"": 25, ""tangent_gram_condition_number"": 168.87897115419395, ""tangent_gram_coordinate_dimension"": 222, ""tangent_gram_eigensolver_converged"": true, ""tangent_gram_eigensolver_status"": ""converged"", ""tangent_gram_largest_eigenvalue"": 37.761501760744586, ""tangent_gram_smallest_eigenvalue"": 0.2236009699885409, ""target_support_norm"": 0.014108768591911881, ""target_supported"": true}, {""converged"": true, ""kind"": ""time"", ""max_envelope_ratio"": 0.7804631877574542, ""n"": 50, ""numerical_rank_vector"": [1, 1, 1], ""part"": 1, ""rank_supported"": true, ""riesz_converged"": true, ""riesz_equation_residual"": 8.941911637083992e-09, ""riesz_solver"": ""cg"", ""riesz_target_rayleigh_quotient"": 1.0860374685669167, ""riesz_target_stable"": true, ""split_rank_singular_values"": [{""block"": ""A"", ""computational_rank_supported"": true, ""relative_rank_floor"": 1e-10, ""sigma_1"": 18.94632533565447, ""sigma_r"": 18.94632533565447, ""sigma_r_over_sigma_1"": 1.0, ""supplied_rank"": 1}, {""block"": ""B"", ""computational_rank_supported"": true, ""relative_rank_floor"": 1e-10, ""sigma_1"": 39.804856294980624, ""sigma_r"": 39.804856294980624, ""sigma_r_over_sigma_1"": 1.0, ""supplied_rank"": 1}, {""block"": ""H"", ""computational_rank_supported"": true, ""relative_rank_floor"": 1e-10, ""sigma_1"": 47.198737334429225, ""sigma_r"": 47.198737334429225, ""sigma_r_over_sigma_1"": 1.0, ""supplied_rank"": 1}], ""stationarity_residual"": 4.706761379753897e-05, ""t"": 25, ""tangent_gram_condition_number"": 330.6796168682147, ""tangent_gram_coordinate_dimension"": 222, ""tangent_gram_eigensolver_converged"": true, ""tangent_gram_eigensolver_status"": ""converged"", ""tangent_gram_largest_eigenvalue"": 44.776671024061514, ""tangent_gram_smallest_eigenvalue"": 0.13540801652103734, ""target_support_norm"": 0.014089908011322176, ""target_supported"": true}, {""converged"": true, ""kind"": ""unit"", ""max_envelope_ratio"": 1.1243311816969925, ""n"": 26, ""numerical_rank_vector"": [1, 1, 1], ""part"": 0, ""rank_supported"": true, ""riesz_converged"": true, ""riesz_equation_residual"": 6.356767972732396e-09, ""riesz_solver"": ""cg"", ""riesz_target_rayleigh_quotient"": 0.952493575688881, ""riesz_target_stable"": true, ""split_rank_singular_values"": [{""block"": ""A"", ""computational_rank_supported"": true, ""relative_rank_floor"": 1e-10, ""sigma_1"": 19.51244135887232, ""sigma_r"": 19.51244135887232, ""sigma_r_over_sigma_1"": 1.0, ""supplied_rank"": 1}, {""block"": ""B"", ""computational_rank_supported"": true, ""relative_rank_floor"": 1e-10, ""sigma_1"": 47.44726654763589, ""sigma_r"": 47.44726654763589, ""sigma_r_over_sigma_1"": 1.0, ""supplied_rank"": 1}, {""block"": ""H"", ""computational_rank_supported"": true, ""relative_rank_floor"": 1e-10, ""sigma_1"": 49.00789836242248, ""sigma_r"": 49.00789836242248, ""sigma_r_over_sigma_1"": 1.0, ""supplied_rank"": 1}], ""stationarity_residual"": 3.523220477827778e-05, ""t"": 50, ""tangent_gram_condition_number"": 272.06924577008823, ""tangent_gram_coordinate_dimension"": 225, ""tangent_gram_eigensolver_converged"": true, ""tangent_gram_eigensolver_status"": ""converged"", ""tangent_gram_largest_eigenvalue"": 45.17512965793159, ""tangent_gram_smallest_eigenvalue"": 0.16604276433399892, ""target_support_norm"": 0.014355361361784424, ""target_supported"": true}, {""converged"": true, ""kind"": ""unit"", ""max_envelope_ratio"": 0.644854646296775, ""n"": 24, ""numerical_rank_vector"": [1, 1, 1], ""part"": 1, ""rank_supported"": true, ""riesz_converged"": true, ""riesz_equation_residual"": 6.732573730480561e-09, ""riesz_solver"": ""cg"", ""riesz_target_rayleigh_quotient"": 0.5047413038753907, ""riesz_target_stable"": true, ""split_rank_singular_values"": [{""block"": ""A"", ""computational_rank_supported"": true, ""relative_rank_floor"": 1e-10, ""sigma_1"": 19.258007431298935, ""sigma_r"": 19.258007431298935, ""sigma_r_over_sigma_1"": 1.0, ""supplied_rank"": 1}, {""block"": ""B"", ""computational_rank_supported"": true, ""relative_rank_floor"": 1e-10, ""sigma_1"": 30.144231928976247, ""sigma_r"": 30.144231928976247, ""sigma_r_over_sigma_1"": 1.0, ""supplied_rank"": 1}, {""block"": ""H"", ""computational_rank_supported"": true, ""relative_rank_floor"": 1e-10, ""sigma_1"": 56.62534851909251, ""sigma_r"": 56.62534851909251, ""sigma_r_over_sigma_1"": 1.0, ""supplied_rank"": 1}], ""stationarity_residual"": 4.048530775442152e-05, ""t"": 50, ""tangent_gram_condition_number"": 244.98735023518333, ""tangent_gram_coordinate_dimension"": 219, ""tangent_gram_eigensolver_converged"": true, ""tangent_gram_eigensolver_status"": ""converged"", ""tangent_gram_largest_eigenvalue"": 41.95604901787081, ""tangent_gram_smallest_eigenvalue"": 0.171258022006417, ""target_support_norm"": 0.013776553996032741, ""target_supported"": true}]","[[1, 2, 3, 4, 11, 13, 14, 16, 18, 19, 20, 23, 24, 25, 27, 30, 31, 33, 35, 36, 41, 42, 43, 47, 48], [0, 5, 6, 7, 8, 9, 10, 12, 15, 17, 21, 22, 26, 28, 29, 32, 34, 37, 38, 39, 40, 44, 45, 46, 49]]","[[0, 1, 3, 4, 8, 10, 11, 16, 17, 19, 21, 23, 24, 27, 28, 29, 30, 32, 33, 36, 37, 39, 40, 42, 46, 49], [2, 5, 6, 7, 9, 12, 13, 14, 15, 18, 20, 22, 25, 26, 31, 34, 35, 38, 41, 43, 44, 45, 47, 48]]",False,False,False,True,"[1, 1, 1]",,"[1, 1, 1]",,,,,,,,null,,1.712165090583522,9.0,1.9667757039698558e-05,0.6877286678991328,89.0,8.599745073437569e-09,0.8743574281657401,0.019967882341197004,297.0,0.2494888820083518,40.72477795970802,163.23283679769239,True,converged,0.00017974781795512042,False,0.0,1.0,0.06716549998964183,0.06739480001851916,0.6938862999959383,"[20260810, 4011364011, 1941079659, 1499620634, 1499620634, 2098343407, 1387497986, 1337576661]",b867e9855af0a3ac,610c7358dde2c1b141abb0f783ec54c402df554b,1.0,0.6646034231136213,1.9351874937382814,0.8234169175818558,0.7694321432718946,0.5202108731058314,0.6513811326729518,0.2691733492765987,0.7694321432718946,0.09539044991014137,1.657532464966103,0.8999999999999999,1.1,0.8,1.2,0.85,2.031384387633061,6.682939116891857,6.682939116891857,0.7694321432718946,1.657532464966103,4.360264707156253,4.360264707156253,9.0,1.0,2.3170608831081427,True,be9cc050acbe752601ada9c4338c9c0208ae9befc72ddcac866f4f1f5703c3a5,theorem_covered,True,0.01999999999999997,0.019997715568047015,0.9998857784023523,,,,,,,,,,,,,,,,,,False
replication,b867e9855af0a3ac,1,50,50,5,fixed_rank,success,success,True,True,False,True,False,False,"[1, 1, 1]",,,,,7,dgp1_N50_T50_r00005_truth1-1-1,be9cc050acbe752601ada9c4338c9c0208ae9befc72ddcac866f4f1f5703c3a5,1.7272669000085443,,,B_full_mean,target,split_fit_failure,[],dgp1_N50_T50_r00005_truth1-1-1,split_fit_not_converged,"[1, 1, 1]",0.651381132672952,0.8321855488213681,0.05610934128160183,0.0031482581790552673,0.7828631846478942,0.03621675187699715,0.0013116531165199765,0.13148205197494223,0.8321855488213681,0.05610934128160183,0.0031482581790552673,0.18080441614841614,0.7828631846478942,0.7432746063449887,0.7731293987773258,4.0,4.0,0.22365129998070188,"[{""converged"": true, ""kind"": ""time"", ""max_envelope_ratio"": 0.6014963890153664, ""n"": 50, ""numerical_rank_vector"": [1, 1, 1], ""part"": 0, ""rank_supported"": true, ""riesz_converged"": true, ""riesz_equation_residual"": 8.495644115321269e-09, ""riesz_solver"": ""cg"", ""riesz_target_rayleigh_quotient"": 0.5905933558224549, ""riesz_target_stable"": true, ""split_rank_singular_values"": [{""block"": ""A"", ""computational_rank_supported"": true, ""relative_rank_floor"": 1e-10, ""sigma_1"": 20.188842875016245, ""sigma_r"": 20.188842875016245, ""sigma_r_over_sigma_1"": 1.0, ""supplied_rank"": 1}, {""block"": ""B"", ""computational_rank_supported"": true, ""relative_rank_floor"": 1e-10, ""sigma_1"": 34.21126989405554, ""sigma_r"": 34.21126989405554, ""sigma_r_over_sigma_1"": 1.0, ""supplied_rank"": 1}, {""block"": ""H"", ""computational_rank_supported"": true, ""relative_rank_floor"": 1e-10, ""sigma_1"": 53.87122523186011, ""sigma_r"": 53.87122523186011, ""sigma_r_over_sigma_1"": 1.0, ""supplied_rank"": 1}], ""stationarity_residual"": 4.206723309769403e-05, ""t"": 25, ""tangent_gram_condition_number"": 168.87897115419395, ""tangent_gram_coordinate_dimension"": 222, ""tangent_gram_eigensolver_converged"": true, ""tangent_gram_eigensolver_status"": ""converged"", ""tangent_gram_largest_eigenvalue"": 37.761501760744586, ""tangent_gram_smallest_eigenvalue"": 0.2236009699885409, ""target_support_norm"": 0.013634067819269827, ""target_supported"": true}, {""converged"": true, ""kind"": ""time"", ""max_envelope_ratio"": 0.7804631877574542, ""n"": 50, ""numerical_rank_vector"": [1, 1, 1], ""part"": 1, ""rank_supported"": true, ""riesz_converged"": true, ""riesz_equation_residual"": 6.636810132546746e-09, ""riesz_solver"": ""cg"", ""riesz_target_rayleigh_quotient"": 0.5364021802990864, ""riesz_target_stable"": true, ""split_rank_singular_values"": [{""block"": ""A"", ""computational_rank_supported"": true, ""relative_rank_floor"": 1e-10, ""sigma_1"": 18.94632533565447, ""sigma_r"": 18.94632533565447, ""sigma_r_over_sigma_1"": 1.0, ""supplied_rank"": 1}, {""block"": ""B"", ""computational_rank_supported"": true, ""relative_rank_floor"": 1e-10, ""sigma_1"": 39.804856294980624, ""sigma_r"": 39.804856294980624, ""sigma_r_over_sigma_1"": 1.0, ""supplied_rank"": 1}, {""block"": ""H"", ""computational_rank_supported"": true, ""relative_rank_floor"": 1e-10, ""sigma_1"": 47.198737334429225, ""sigma_r"": 47.198737334429225, ""sigma_r_over_sigma_1"": 1.0, ""supplied_rank"": 1}], ""stationarity_residual"": 4.706761379753897e-05, ""t"": 25, ""tangent_gram_condition_number"": 330.6796168682147, ""tangent_gram_coordinate_dimension"": 222, ""tangent_gram_eigensolver_converged"": true, ""tangent_gram_eigensolver_status"": ""converged"", ""tangent_gram_largest_eigenvalue"": 44.776671024061514, ""tangent_gram_smallest_eigenvalue"": 0.13540801652103734, ""target_support_norm"": 0.013651267255865901, ""target_supported"": true}, {""converged"": true, ""kind"": ""unit"", ""max_envelope_ratio"": 1.1243311816969925, ""n"": 26, ""numerical_rank_vector"": [1, 1, 1], ""part"": 0, ""rank_supported"": true, ""riesz_converged"": true, ""riesz_equation_residual"": 5.9081064888438505e-09, ""riesz_solver"": ""cg"", ""riesz_target_rayleigh_quotient"": 0.5052704684467338, ""riesz_target_stable"": true, ""split_rank_singular_values"": [{""block"": ""A"", ""computational_rank_supported"": true, ""relative_rank_floor"": 1e-10, ""sigma_1"": 19.51244135887232, ""sigma_r"": 19.51244135887232, ""sigma_r_over_sigma_1"": 1.0, ""supplied_rank"": 1}, {""block"": ""B"", ""computational_rank_supported"": true, ""relative_rank_floor"": 1e-10, ""sigma_1"": 47.44726654763589, ""sigma_r"": 47.44726654763589, ""sigma_r_over_sigma_1"": 1.0, ""supplied_rank"": 1}, {""block"": ""H"", ""computational_rank_supported"": true, ""relative_rank_floor"": 1e-10, ""sigma_1"": 49.00789836242248, ""sigma_r"": 49.00789836242248, ""sigma_r_over_sigma_1"": 1.0, ""supplied_rank"": 1}], ""stationarity_residual"": 3.523220477827778e-05, ""t"": 50, ""tangent_gram_condition_number"": 272.06924577008823, ""tangent_gram_coordinate_dimension"": 225, ""tangent_gram_eigensolver_converged"": true, ""tangent_gram_eigensolver_status"": ""converged"", ""tangent_gram_largest_eigenvalue"": 45.17512965793159, ""tangent_gram_smallest_eigenvalue"": 0.16604276433399892, ""target_support_norm"": 0.013778593997706765, ""target_supported"": true}, {""converged"": true, ""kind"": ""unit"", ""max_envelope_ratio"": 0.644854646296775, ""n"": 24, ""numerical_rank_vector"": [1, 1, 1], ""part"": 1, ""rank_supported"": true, ""riesz_converged"": true, ""riesz_equation_residual"": 8.699843513836644e-09, ""riesz_solver"": ""cg"", ""riesz_target_rayleigh_quotient"": 0.5177694097295715, ""riesz_target_stable"": true, ""split_rank_singular_values"": [{""block"": ""A"", ""computational_rank_supported"": true, ""relative_rank_floor"": 1e-10, ""sigma_1"": 19.258007431298935, ""sigma_r"": 19.258007431298935, ""sigma_r_over_sigma_1"": 1.0, ""supplied_rank"": 1}, {""block"": ""B"", ""computational_rank_supported"": true, ""relative_rank_floor"": 1e-10, ""sigma_1"": 30.144231928976247, ""sigma_r"": 30.144231928976247, ""sigma_r_over_sigma_1"": 1.0, ""supplied_rank"": 1}, {""block"": ""H"", ""computational_rank_supported"": true, ""relative_rank_floor"": 1e-10, ""sigma_1"": 56.62534851909251, ""sigma_r"": 56.62534851909251, ""sigma_r_over_sigma_1"": 1.0, ""supplied_rank"": 1}], ""stationarity_residual"": 4.048530775442152e-05, ""t"": 50, ""tangent_gram_condition_number"": 244.98735023518333, ""tangent_gram_coordinate_dimension"": 219, ""tangent_gram_eigensolver_converged"": true, ""tangent_gram_eigensolver_status"": ""converged"", ""tangent_gram_largest_eigenvalue"": 41.95604901787081, ""tangent_gram_smallest_eigenvalue"": 0.171258022006417, ""target_support_norm"": 0.01331962865102007, ""target_supported"": true}]","[[1, 2, 3, 4, 11, 13, 14, 16, 18, 19, 20, 23, 24, 25, 27, 30, 31, 33, 35, 36, 41, 42, 43, 47, 48], [0, 5, 6, 7, 8, 9, 10, 12, 15, 17, 21, 22, 26, 28, 29, 32, 34, 37, 38, 39, 40, 44, 45, 46, 49]]","[[0, 1, 3, 4, 8, 10, 11, 16, 17, 19, 21, 23, 24, 27, 28, 29, 30, 32, 33, 36, 37, 39, 40, 42, 46, 49], [2, 5, 6, 7, 9, 12, 13, 14, 15, 18, 20, 22, 25, 26, 31, 34, 35, 38, 41, 43, 44, 45, 47, 48]]",False,False,False,True,"[1, 1, 1]",,"[1, 1, 1]",,,,,,,,null,,1.712165090583522,9.0,1.9667757039698558e-05,0.6877286678991328,95.0,9.505905186777027e-09,0.6514408662305216,0.019493665772959773,297.0,0.2494888820083518,40.72477795970802,163.23283679769239,True,converged,7.951536467194419e-05,False,0.0,1.0,0.06716549998964183,0.06393639999441803,0.7907413000066299,"[20260810, 4011364011, 1941079659, 1499620634, 1499620634, 2098343407, 1387497986, 1337576661]",b867e9855af0a3ac,610c7358dde2c1b141abb0f783ec54c402df554b,1.0,0.6646034231136213,1.9351874937382814,0.8234169175818558,0.7694321432718946,0.5202108731058314,0.6513811326729518,0.2691733492765987,0.7694321432718946,0.09539044991014137,1.657532464966103,0.8999999999999999,1.1,0.8,1.2,0.85,2.031384387633061,6.682939116891857,6.682939116891857,0.7694321432718946,1.657532464966103,4.360264707156253,4.360264707156253,9.0,1.0,2.3170608831081427,True,be9cc050acbe752601ada9c4338c9c0208ae9befc72ddcac866f4f1f5703c3a5,theorem_covered,True,0.01999999999999997,0.01990459010342516,0.9952295051712595,,,,,,,,,,,,,,,,,,False
replication,b867e9855af0a3ac,1,50,50,5,fixed_rank,success,success,True,True,True,True,True,True,"[1, 1, 1]",,,,,7,dgp1_N50_T50_r00005_truth1-1-1,be9cc050acbe752601ada9c4338c9c0208ae9befc72ddcac866f4f1f5703c3a5,1.7272669000085443,,,A_G1_fixed_time,target,success,[],dgp1_N50_T50_r00005_truth1-1-1,success,"[1, 1, 1]",0.6085200925380565,0.5009571823995448,0.08660436352958582,0.007500315782364654,0.5009571823995448,0.08660436352958582,0.007500315782364654,-0.10756291013851171,0.5009571823995448,0.08660436352958582,0.007500315782364654,-0.10756291013851171,0.5009571823995448,,,0.0,4.0,0.22365129998070188,[],null,null,False,True,True,False,"[1, 1, 1]",,"[1, 1, 1]",,,,,,,,null,,1.712165090583522,9.0,1.9667757039698558e-05,0.6877286678991328,90.0,9.167930327393994e-09,0.4232567443988121,0.13180815407093135,297.0,0.2494888820083518,40.72477795970802,163.23283679769239,True,converged,5.576753704467669e-05,False,0.0,1.0,0.06716549998964183,0.01573749998351559,0.8346083000069484,"[20260810, 4011364011, 1941079659, 1499620634, 1499620634, 2098343407, 1387497986, 1337576661]",b867e9855af0a3ac,610c7358dde2c1b141abb0f783ec54c402df554b,1.0,0.6646034231136213,1.9351874937382814,0.8234169175818558,0.7694321432718946,0.5202108731058314,0.6513811326729518,0.2691733492765987,0.7694321432718946,0.09539044991014137,1.657532464966103,0.8999999999999999,1.1,0.8,1.2,0.85,2.031384387633061,6.682939116891857,6.682939116891857,0.7694321432718946,1.657532464966103,4.360264707156253,4.360264707156253,9.0,1.0,2.3170608831081427,True,be9cc050acbe752601ada9c4338c9c0208ae9befc72ddcac866f4f1f5703c3a5,theorem_covered,True,0.2,0.14147084832290927,0.7073542416145463,,,,,,,,,,,,,,,,,,False
replication,b867e9855af0a3ac,1,50,50,5,fixed_rank,success,success,True,True,True,True,True,True,"[1, 1, 1]",,,,,7,dgp1_N50_T50_r00005_truth1-1-1,be9cc050acbe752601ada9c4338c9c0208ae9befc72ddcac866f4f1f5703c3a5,1.7272669000085443,,,A_G2_fixed_time,target,success,[],dgp1_N50_T50_r00005_truth1-1-1,success,"[1, 1, 1]",0.6196178751317504,0.562214015605479,0.10035464035973155,0.01007105384173106,0.562214015605479,0.10035464035973155,0.01007105384173106,-0.05740385952627136,0.562214015605479,0.10035464035973155,0.01007105384173106,-0.05740385952627136,0.562214015605479,,,0.0,4.0,0.22365129998070188,[],null,null,False,True,True,False,"[1, 1, 1]",,"[1, 1, 1]",,,,,,,,null,,1.712165090583522,9.0,1.9667757039698558e-05,0.6877286678991328,90.0,7.79817457194497e-09,0.4177050089111329,0.1471732961428875,297.0,0.2494888820083518,40.72477795970802,163.23283679769239,True,converged,3.256400497643538e-05,False,0.0,1.0,0.06716549998964183,0.018581899988930672,0.8814061000011861,"[20260810, 4011364011, 1941079659, 1499620634, 1499620634, 2098343407, 1387497986, 1337576661]",b867e9855af0a3ac,610c7358dde2c1b141abb0f783ec54c402df554b,1.0,0.6646034231136213,1.9351874937382814,0.8234169175818558,0.7694321432718946,0.5202108731058314,0.6513811326729518,0.2691733492765987,0.7694321432718946,0.09539044991014137,1.657532464966103,0.8999999999999999,1.1,0.8,1.2,0.85,2.031384387633061,6.682939116891857,6.682939116891857,0.7694321432718946,1.657532464966103,4.360264707156253,4.360264707156253,9.0,1.0,2.3170608831081427,True,be9cc050acbe752601ada9c4338c9c0208ae9befc72ddcac866f4f1f5703c3a5,theorem_covered,True,0.2,0.14391187488146395,0.7195593744073198,,,,,,,,,,,,,,,,,,False
replication,b867e9855af0a3ac,1,50,50,5,fixed_rank,success,success,True,True,True,True,True,True,"[1, 1, 1]",,,,,7,dgp1_N50_T50_r00005_truth1-1-1,be9cc050acbe752601ada9c4338c9c0208ae9befc72ddcac866f4f1f5703c3a5,1.7272669000085443,,,A_G2_minus_G1_fixed_time,target,success,[],dgp1_N50_T50_r00005_truth1-1-1,success,"[1, 1, 1]",0.011097782593693942,0.061256833205934336,0.02995266749965264,0.0008971622903447477,0.061256833205934336,0.02995266749965264,0.0008971622903447477,0.050159050612240394,0.061256833205934336,0.02995266749965264,0.0008971622903447477,0.050159050612240394,0.061256833205934336,,,0.0,4.0,0.22365129998070188,[],null,null,False,True,True,False,"[1, 1, 1]",,"[1, 1, 1]",,,,,,,,null,,1.712165090583522,9.0,1.9667757039698558e-05,0.6877286678991328,90.0,9.795098972057403e-09,1.2251082122500747,0.044248369793924346,297.0,0.2494888820083518,40.72477795970802,163.23283679769239,True,converged,6.060750009380197e-05,False,0.0,1.0,0.06716549998964183,0.016029100021114573,0.9300461999955587,"[20260810, 4011364011, 1941079659, 1499620634, 1499620634, 2098343407, 1387497986, 1337576661]",b867e9855af0a3ac,610c7358dde2c1b141abb0f783ec54c402df554b,1.0,0.6646034231136213,1.9351874937382814,0.8234169175818558,0.7694321432718946,0.5202108731058314,0.6513811326729518,0.2691733492765987,0.7694321432718946,0.09539044991014137,1.657532464966103,0.8999999999999999,1.1,0.8,1.2,0.85,2.031384387633061,6.682939116891857,6.682939116891857,0.7694321432718946,1.657532464966103,4.360264707156253,4.360264707156253,9.0,1.0,2.3170608831081427,True,be9cc050acbe752601ada9c4338c9c0208ae9befc72ddcac866f4f1f5703c3a5,weak_target_stress_outside_assumption9,False,0.28284271247461906,0.046707762170548915,0.16513687682421813,,,,,,,,,,,,,,,,,,False
replication,b867e9855af0a3ac,1,50,50,5,fixed_rank,success,success,True,True,False,True,False,False,"[1, 1, 1]",,,,,7,dgp1_N50_T50_r00005_truth1-1-1,be9cc050acbe752601ada9c4338c9c0208ae9befc72ddcac866f4f1f5703c3a5,1.7272669000085443,,,A_G1_time_average,target,split_fit_failure,[],dgp1_N50_T50_r00005_truth1-1-1,split_fit_not_converged,"[1, 1, 1]",0.5155101087580294,0.4669190198657158,0.029860109526559993,0.0008916261409381589,0.46854331084280587,0.019687336003118592,0.00038759119889968953,-0.04696679791522351,0.4669190198657158,0.029860109526559993,0.0008916261409381589,-0.04859108889231356,0.46854331084280587,0.4811770163921226,0.45753389627057917,4.0,4.0,0.22365129998070188,"[{""converged"": true, ""kind"": ""time"", ""max_envelope_ratio"": 0.6014963890153664, ""n"": 50, ""numerical_rank_vector"": [1, 1, 1], ""part"": 0, ""rank_supported"": true, ""riesz_converged"": true, ""riesz_equation_residual"": 8.740377851638764e-09, ""riesz_solver"": ""cg"", ""riesz_target_rayleigh_quotient"": 1.237200100307058, ""riesz_target_stable"": true, ""split_rank_singular_values"": [{""block"": ""A"", ""computational_rank_supported"": true, ""relative_rank_floor"": 1e-10, ""sigma_1"": 20.188842875016245, ""sigma_r"": 20.188842875016245, ""sigma_r_over_sigma_1"": 1.0, ""supplied_rank"": 1}, {""block"": ""B"", ""computational_rank_supported"": true, ""relative_rank_floor"": 1e-10, ""sigma_1"": 34.21126989405554, ""sigma_r"": 34.21126989405554, ""sigma_r_over_sigma_1"": 1.0, ""supplied_rank"": 1}, {""block"": ""H"", ""computational_rank_supported"": true, ""relative_rank_floor"": 1e-10, ""sigma_1"": 53.87122523186011, ""sigma_r"": 53.87122523186011, ""sigma_r_over_sigma_1"": 1.0, ""supplied_rank"": 1}], ""stationarity_residual"": 4.206723309769403e-05, ""t"": 25, ""tangent_gram_condition_number"": 168.87897115419395, ""tangent_gram_coordinate_dimension"": 222, ""tangent_gram_eigensolver_converged"": true, ""tangent_gram_eigensolver_status"": ""converged"", ""tangent_gram_largest_eigenvalue"": 37.761501760744586, ""tangent_gram_smallest_eigenvalue"": 0.2236009699885409, ""target_support_norm"": 0.01968411842985399, ""target_supported"": true}, {""converged"": true, ""kind"": ""time"", ""max_envelope_ratio"": 0.7804631877574542, ""n"": 50, ""numerical_rank_vector"": [1, 1, 1], ""part"": 1, ""rank_supported"": true, ""riesz_converged"": true, ""riesz_equation_residual"": 9.566963366373631e-09, ""riesz_solver"": ""cg"", ""riesz_target_rayleigh_quotient"": 1.32760201931302, ""riesz_target_stable"": true, ""split_rank_singular_values"": [{""block"": ""A"", ""computational_rank_supported"": true, ""relative_rank_floor"": 1e-10, ""sigma_1"": 18.94632533565447, ""sigma_r"": 18.94632533565447, ""sigma_r_over_sigma_1"": 1.0, ""supplied_rank"": 1}, {""block"": ""B"", ""computational_rank_supported"": true, ""relative_rank_floor"": 1e-10, ""sigma_1"": 39.804856294980624, ""sigma_r"": 39.804856294980624, ""sigma_r_over_sigma_1"": 1.0, ""supplied_rank"": 1}, {""block"": ""H"", ""computational_rank_supported"": true, ""relative_rank_floor"": 1e-10, ""sigma_1"": 47.198737334429225, ""sigma_r"": 47.198737334429225, ""sigma_r_over_sigma_1"": 1.0, ""supplied_rank"": 1}], ""stationarity_residual"": 4.706761379753897e-05, ""t"": 25, ""tangent_gram_condition_number"": 330.6796168682147, ""tangent_gram_coordinate_dimension"": 222, ""tangent_gram_eigensolver_converged"": true, ""tangent_gram_eigensolver_status"": ""converged"", ""tangent_gram_largest_eigenvalue"": 44.776671024061514, ""tangent_gram_smallest_eigenvalue"": 0.13540801652103734, ""target_support_norm"": 0.019415839279656476, ""target_supported"": true}, {""converged"": true, ""kind"": ""unit"", ""max_envelope_ratio"": 1.1243311816969925, ""n"": 26, ""numerical_rank_vector"": [1, 1, 1], ""part"": 0, ""rank_supported"": true, ""riesz_converged"": true, ""riesz_equation_residual"": 4.869503496572906e-09, ""riesz_solver"": ""cg"", ""riesz_target_rayleigh_quotient"": 1.4700293740548804, ""riesz_target_stable"": true, ""split_rank_singular_values"": [{""block"": ""A"", ""computational_rank_supported"": true, ""relative_rank_floor"": 1e-10, ""sigma_1"": 19.51244135887232, ""sigma_r"": 19.51244135887232, ""sigma_r_over_sigma_1"": 1.0, ""supplied_rank"": 1}, {""block"": ""B"", ""computational_rank_supported"": true, ""relative_rank_floor"": 1e-10, ""sigma_1"": 47.44726654763589, ""sigma_r"": 47.44726654763589, ""sigma_r_over_sigma_1"": 1.0, ""supplied_rank"": 1}, {""block"": ""H"", ""computational_rank_supported"": true, ""relative_rank_floor"": 1e-10, ""sigma_1"": 49.00789836242248, ""sigma_r"": 49.00789836242248, ""sigma_r_over_sigma_1"": 1.0, ""supplied_rank"": 1}], ""stationarity_residual"": 3.523220477827778e-05, ""t"": 50, ""tangent_gram_condition_number"": 272.06924577008823, ""tangent_gram_coordinate_dimension"": 225, ""tangent_gram_eigensolver_converged"": true, ""tangent_gram_eigensolver_status"": ""converged"", ""tangent_gram_largest_eigenvalue"": 45.17512965793159, ""tangent_gram_smallest_eigenvalue"": 0.16604276433399892, ""target_support_norm"": 0.019646134823647736, ""target_supported"": true}, {""converged"": true, ""kind"": ""unit"", ""max_envelope_ratio"": 0.644854646296775, ""n"": 24, ""numerical_rank_vector"": [1, 1, 1], ""part"": 1, ""rank_supported"": true, ""riesz_converged"": true, ""riesz_equation_residual"": 9.655939245078911e-09, ""riesz_solver"": ""cg"", ""riesz_target_rayleigh_quotient"": 0.6452934328065784, ""riesz_target_stable"": true, ""split_rank_singular_values"": [{""block"": ""A"", ""computational_rank_supported"": true, ""relative_rank_floor"": 1e-10, ""sigma_1"": 19.258007431298935, ""sigma_r"": 19.258007431298935, ""sigma_r_over_sigma_1"": 1.0, ""supplied_rank"": 1}, {""block"": ""B"", ""computational_rank_supported"": true, ""relative_rank_floor"": 1e-10, ""sigma_1"": 30.144231928976247, ""sigma_r"": 30.144231928976247, ""sigma_r_over_sigma_1"": 1.0, ""supplied_rank"": 1}, {""block"": ""H"", ""computational_rank_supported"": true, ""relative_rank_floor"": 1e-10, ""sigma_1"": 56.62534851909251, ""sigma_r"": 56.62534851909251, ""sigma_r_over_sigma_1"": 1.0, ""supplied_rank"": 1}], ""stationarity_residual"": 4.048530775442152e-05, ""t"": 50, ""tangent_gram_condition_number"": 244.98735023518333, ""tangent_gram_coordinate_dimension"": 219, ""tangent_gram_eigensolver_converged"": true, ""tangent_gram_eigensolver_status"": ""converged"", ""tangent_gram_largest_eigenvalue"": 41.95604901787081, ""tangent_gram_smallest_eigenvalue"": 0.171258022006417, ""target_support_norm"": 0.01844876637836018, ""target_supported"": true}]","[[1, 2, 3, 4, 11, 13, 14, 16, 18, 19, 20, 23, 24, 25, 27, 30, 31, 33, 35, 36, 41, 42, 43, 47, 48], [0, 5, 6, 7, 8, 9, 10, 12, 15, 17, 21, 22, 26, 28, 29, 32, 34, 37, 38, 39, 40, 44, 45, 46, 49]]","[[0, 1, 3, 4, 8, 10, 11, 16, 17, 19, 21, 23, 24, 27, 28, 29, 30, 32, 33, 36, 37, 39, 40, 42, 46, 49], [2, 5, 6, 7, 9, 12, 13, 14, 15, 18, 20, 22, 25, 26, 31, 34, 35, 38, 41, 43, 44, 45, 47, 48]]",False,False,False,True,"[1, 1, 1]",,"[1, 1, 1]",,,,,,,,null,,1.712165090583522,9.0,1.9667757039698558e-05,0.6877286678991328,88.0,7.91201165265826e-09,1.3264664558744736,0.027751441863688518,297.0,0.2494888820083518,40.72477795970802,163.23283679769239,True,converged,7.814413909739379e-05,False,0.0,1.0,0.06716549998964183,0.07181769999442622,1.0335977000067942,"[20260810, 4011364011, 1941079659, 1499620634, 1499620634, 2098343407, 1387497986, 1337576661]",b867e9855af0a3ac,610c7358dde2c1b141abb0f783ec54c402df554b,1.0,0.6646034231136213,1.9351874937382814,0.8234169175818558,0.7694321432718946,0.5202108731058314,0.6513811326729518,0.2691733492765987,0.7694321432718946,0.09539044991014137,1.657532464966103,0.8999999999999999,1.1,0.8,1.2,0.85,2.031384387633061,6.682939116891857,6.682939116891857,0.7694321432718946,1.657532464966103,4.360264707156253,4.360264707156253,9.0,1.0,2.3170608831081427,True,be9cc050acbe752601ada9c4338c9c0208ae9befc72ddcac866f4f1f5703c3a5,theorem_covered,True,0.028284271247461912,0.028107398450789352,0.9937466023032702,,,,,,,,,,,,,,,,,,False
replication,b867e9855af0a3ac,1,50,50,5,fixed_rank,success,success,True,True,False,True,False,False,"[1, 1, 1]",,,,,7,dgp1_N50_T50_r00005_truth1-1-1,be9cc050acbe752601ada9c4338c9c0208ae9befc72ddcac866f4f1f5703c3a5,1.7272669000085443,,,A_G2_time_average,target,split_fit_failure,[],dgp1_N50_T50_r00005_truth1-1-1,split_fit_not_converged,"[1, 1, 1]",0.5249116374536335,0.5259811953853513,0.03178235024889024,0.0010101177873431337,0.5258365894910451,0.01974445975248518,0.0003898436909175072,0.0009249520374116083,0.5259811953853513,0.03178235024889024,0.0010101177873431337,0.0010695579317178128,0.5258365894910451,0.5390641655731665,0.5124644075146174,4.0,4.0,0.22365129998070188,"[{""converged"": true, ""kind"": ""time"", ""max_envelope_ratio"": 0.6014963890153664, ""n"": 50, ""numerical_rank_vector"": [1, 1, 1], ""part"": 0, ""rank_supported"": true, ""riesz_converged"": true, ""riesz_equation_residual"": 8.933909634853383e-09, ""riesz_solver"": ""cg"", ""riesz_target_rayleigh_quotient"": 0.8389719767173975, ""riesz_target_stable"": true, ""split_rank_singular_values"": [{""block"": ""A"", ""computational_rank_supported"": true, ""relative_rank_floor"": 1e-10, ""sigma_1"": 20.188842875016245, ""sigma_r"": 20.188842875016245, ""sigma_r_over_sigma_1"": 1.0, ""supplied_rank"": 1}, {""block"": ""B"", ""computational_rank_supported"": true, ""relative_rank_floor"": 1e-10, ""sigma_1"": 34.21126989405554, ""sigma_r"": 34.21126989405554, ""sigma_r_over_sigma_1"": 1.0, ""supplied_rank"": 1}, {""block"": ""H"", ""computational_rank_supported"": true, ""relative_rank_floor"": 1e-10, ""sigma_1"": 53.87122523186011, ""sigma_r"": 53.87122523186011, ""sigma_r_over_sigma_1"": 1.0, ""supplied_rank"": 1}], ""stationarity_residual"": 4.206723309769403e-05, ""t"": 25, ""tangent_gram_condition_number"": 168.87897115419395, ""tangent_gram_coordinate_dimension"": 222, ""tangent_gram_eigensolver_converged"": true, ""tangent_gram_eigensolver_status"": ""converged"", ""tangent_gram_largest_eigenvalue"": 37.761501760744586, ""tangent_gram_smallest_eigenvalue"": 0.2236009699885409, ""target_support_norm"": 0.01972372794293151, ""target_supported"": true}, {""converged"": true, ""kind"": ""time"", ""max_envelope_ratio"": 0.7804631877574542, ""n"": 50, ""numerical_rank_vector"": [1, 1, 1], ""part"": 1, ""rank_supported"": true, ""riesz_converged"": true, ""riesz_equation_residual"": 9.487513981958571e-09, ""riesz_solver"": ""cg"", ""riesz_target_rayleigh_quotient"": 1.4198746189502414, ""riesz_target_stable"": true, ""split_rank_singular_values"": [{""block"": ""A"", ""computational_rank_supported"": true, ""relative_rank_floor"": 1e-10, ""sigma_1"": 18.94632533565447, ""sigma_r"": 18.94632533565447, ""sigma_r_over_sigma_1"": 1.0, ""supplied_rank"": 1}, {""block"": ""B"", ""computational_rank_supported"": true, ""relative_rank_floor"": 1e-10, ""sigma_1"": 39.804856294980624, ""sigma_r"": 39.804856294980624, ""sigma_r_over_sigma_1"": 1.0, ""supplied_rank"": 1}, {""block"": ""H"", ""computational_rank_supported"": true, ""relative_rank_floor"": 1e-10, ""sigma_1"": 47.198737334429225, ""sigma_r"": 47.198737334429225, ""sigma_r_over_sigma_1"": 1.0, ""supplied_rank"": 1}], ""stationarity_residual"": 4.706761379753897e-05, ""t"": 25, ""tangent_gram_condition_number"": 330.6796168682147, ""tangent_gram_coordinate_dimension"": 222, ""tangent_gram_eigensolver_converged"": true, ""tangent_gram_eigensolver_status"": ""converged"", ""tangent_gram_largest_eigenvalue"": 44.776671024061514, ""tangent_gram_smallest_eigenvalue"": 0.13540801652103734, ""target_support_norm"": 0.01955160782913898, ""target_supported"": true}, {""converged"": true, ""kind"": ""unit"", ""max_envelope_ratio"": 1.1243311816969925, ""n"": 26, ""numerical_rank_vector"": [1, 1, 1], ""part"": 0, ""rank_supported"": true, ""riesz_converged"": true, ""riesz_equation_residual"": 8.612733704098674e-09, ""riesz_solver"": ""cg"", ""riesz_target_rayleigh_quotient"": 1.1010147312006946, ""riesz_target_stable"": true, ""split_rank_singular_values"": [{""block"": ""A"", ""computational_rank_supported"": true, ""relative_rank_floor"": 1e-10, ""sigma_1"": 19.51244135887232, ""sigma_r"": 19.51244135887232, ""sigma_r_over_sigma_1"": 1.0, ""supplied_rank"": 1}, {""block"": ""B"", ""computational_rank_supported"": true, ""relative_rank_floor"": 1e-10, ""sigma_1"": 47.44726654763589, ""sigma_r"": 47.44726654763589, ""sigma_r_over_sigma_1"": 1.0, ""supplied_rank"": 1}, {""block"": ""H"", ""computational_rank_supported"": true, ""relative_rank_floor"": 1e-10, ""sigma_1"": 49.00789836242248, ""sigma_r"": 49.00789836242248, ""sigma_r_over_sigma_1"": 1.0, ""supplied_rank"": 1}], ""stationarity_residual"": 3.523220477827778e-05, ""t"": 50, ""tangent_gram_condition_number"": 272.06924577008823, ""tangent_gram_coordinate_dimension"": 225, ""tangent_gram_eigensolver_converged"": true, ""tangent_gram_eigensolver_status"": ""converged"", ""tangent_gram_largest_eigenvalue"": 45.17512965793159, ""tangent_gram_smallest_eigenvalue"": 0.16604276433399892, ""target_support_norm"": 0.01982827941793497, ""target_supported"": true}, {""converged"": true, ""kind"": ""unit"", ""max_envelope_ratio"": 0.644854646296775, ""n"": 24, ""numerical_rank_vector"": [1, 1, 1], ""part"": 1, ""rank_supported"": true, ""riesz_converged"": true, ""riesz_equation_residual"": 7.017368716109782e-09, ""riesz_solver"": ""cg"", ""riesz_target_rayleigh_quotient"": 0.6984994688851133, ""riesz_target_stable"": true, ""split_rank_singular_values"": [{""block"": ""A"", ""computational_rank_supported"": true, ""relative_rank_floor"": 1e-10, ""sigma_1"": 19.258007431298935, ""sigma_r"": 19.258007431298935, ""sigma_r_over_sigma_1"": 1.0, ""supplied_rank"": 1}, {""block"": ""B"", ""computational_rank_supported"": true, ""relative_rank_floor"": 1e-10, ""sigma_1"": 30.144231928976247, ""sigma_r"": 30.144231928976247, ""sigma_r_over_sigma_1"": 1.0, ""supplied_rank"": 1}, {""block"": ""H"", ""computational_rank_supported"": true, ""relative_rank_floor"": 1e-10, ""sigma_1"": 56.62534851909251, ""sigma_r"": 56.62534851909251, ""sigma_r_over_sigma_1"": 1.0, ""supplied_rank"": 1}], ""stationarity_residual"": 4.048530775442152e-05, ""t"": 50, ""tangent_gram_condition_number"": 244.98735023518333, ""tangent_gram_coordinate_dimension"": 219, ""tangent_gram_eigensolver_converged"": true, ""tangent_gram_eigensolver_status"": ""converged"", ""tangent_gram_largest_eigenvalue"": 41.95604901787081, ""tangent_gram_smallest_eigenvalue"": 0.171258022006417, ""target_support_norm"": 0.018576362699226794, ""target_supported"": true}]","[[1, 2, 3, 4, 11, 13, 14, 16, 18, 19, 20, 23, 24, 25, 27, 30, 31, 33, 35, 36, 41, 42, 43, 47, 48], [0, 5, 6, 7, 8, 9, 10, 12, 15, 17, 21, 22, 26, 28, 29, 32, 34, 37, 38, 39, 40, 44, 45, 46, 49]]","[[0, 1, 3, 4, 8, 10, 11, 16, 17, 19, 21, 23, 24, 27, 28, 29, 30, 32, 33, 36, 37, 39, 40, 42, 46, 49], [2, 5, 6, 7, 9, 12, 13, 14, 15, 18, 20, 22, 25, 26, 31, 34, 35, 38, 41, 43, 44, 45, 47, 48]]",False,False,False,True,"[1, 1, 1]",,"[1, 1, 1]",,,,,,,,null,,1.712165090583522,9.0,1.9667757039698558e-05,0.6877286678991328,89.0,8.298632594717015e-09,1.0694139966563843,0.027853168497692277,297.0,0.2494888820083518,40.72477795970802,163.23283679769239,True,converged,0.00019990598359008108,False,0.0,1.0,0.06716549998964183,0.07358810000005178,1.136459700006526,"[20260810, 4011364011, 1941079659, 1499620634, 1499620634, 2098343407, 1387497986, 1337576661]",b867e9855af0a3ac,610c7358dde2c1b141abb0f783ec54c402df554b,1.0,0.6646034231136213,1.9351874937382814,0.8234169175818558,0.7694321432718946,0.5202108731058314,0.6513811326729518,0.2691733492765987,0.7694321432718946,0.09539044991014137,1.657532464966103,0.8999999999999999,1.1,0.8,1.2,0.85,2.031384387633061,6.682939116891857,6.682939116891857,0.7694321432718946,1.657532464966103,4.360264707156253,4.360264707156253,9.0,1.0,2.3170608831081427,True,be9cc050acbe752601ada9c4338c9c0208ae9befc72ddcac866f4f1f5703c3a5,theorem_covered,True,0.028284271247461912,0.02811358220044813,0.9939652308691143,,,,,,,,,,,,,,,,,,False
replication,b867e9855af0a3ac,1,50,50,5,fixed_rank,success,success,True,True,False,True,False,False,"[1, 1, 1]",,,,,7,dgp1_N50_T50_r00005_truth1-1-1,be9cc050acbe752601ada9c4338c9c0208ae9befc72ddcac866f4f1f5703c3a5,1.7272669000085443,,,A_G2_minus_G1_time_average,target,split_fit_failure,[],dgp1_N50_T50_r00005_truth1-1-1,split_fit_not_converged,"[1, 1, 1]",0.009401528695604046,0.05906217551963605,0.04035944206400892,0.0016288845637180928,0.05729327864823939,0.02494575344405595,0.0006222906148916292,0.04789174995263534,0.05906217551963605,0.04035944206400892,0.0016288845637180928,0.049660646824032005,0.05729327864823939,0.057887149181043845,0.05493051124403828,4.0,4.0,0.22365129998070188,"[{""converged"": true, ""kind"": ""time"", ""max_envelope_ratio"": 0.6014963890153664, ""n"": 50, ""numerical_rank_vector"": [1, 1, 1], ""part"": 0, ""rank_supported"": true, ""riesz_converged"": true, ""riesz_equation_residual"": 7.749768429076256e-09, ""riesz_solver"": ""cg"", ""riesz_target_rayleigh_quotient"": 2.2371316015125076, ""riesz_target_stable"": true, ""split_rank_singular_values"": [{""block"": ""A"", ""computational_rank_supported"": true, ""relative_rank_floor"": 1e-10, ""sigma_1"": 20.188842875016245, ""sigma_r"": 20.188842875016245, ""sigma_r_over_sigma_1"": 1.0, ""supplied_rank"": 1}, {""block"": ""B"", ""computational_rank_supported"": true, ""relative_rank_floor"": 1e-10, ""sigma_1"": 34.21126989405554, ""sigma_r"": 34.21126989405554, ""sigma_r_over_sigma_1"": 1.0, ""supplied_rank"": 1}, {""block"": ""H"", ""computational_rank_supported"": true, ""relative_rank_floor"": 1e-10, ""sigma_1"": 53.87122523186011, ""sigma_r"": 53.87122523186011, ""sigma_r_over_sigma_1"": 1.0, ""supplied_rank"": 1}], ""stationarity_residual"": 4.206723309769403e-05, ""t"": 25, ""tangent_gram_condition_number"": 168.87897115419395, ""tangent_gram_coordinate_dimension"": 222, ""tangent_gram_eigensolver_converged"": true, ""tangent_gram_eigensolver_status"": ""converged"", ""tangent_gram_largest_eigenvalue"": 37.761501760744586, ""tangent_gram_smallest_eigenvalue"": 0.2236009699885409, ""target_support_norm"": 0.027509098857180204, ""target_supported"": true}, {""converged"": true, ""kind"": ""time"", ""max_envelope_ratio"": 0.7804631877574542, ""n"": 50, ""numerical_rank_vector"": [1, 1, 1], ""part"": 1, ""rank_supported"": true, ""riesz_converged"": true, ""riesz_equation_residual"": 9.541906383166547e-09, ""riesz_solver"": ""cg"", ""riesz_target_rayleigh_quotient"": 2.27920260688947, ""riesz_target_stable"": true, ""split_rank_singular_values"": [{""block"": ""A"", ""computational_rank_supported"": true, ""relative_rank_floor"": 1e-10, ""sigma_1"": 18.94632533565447, ""sigma_r"": 18.94632533565447, ""sigma_r_over_sigma_1"": 1.0, ""supplied_rank"": 1}, {""block"": ""B"", ""computational_rank_supported"": true, ""relative_rank_floor"": 1e-10, ""sigma_1"": 39.804856294980624, ""sigma_r"": 39.804856294980624, ""sigma_r_over_sigma_1"": 1.0, ""supplied_rank"": 1}, {""block"": ""H"", ""computational_rank_supported"": true, ""relative_rank_floor"": 1e-10, ""sigma_1"": 47.198737334429225, ""sigma_r"": 47.198737334429225, ""sigma_r_over_sigma_1"": 1.0, ""supplied_rank"": 1}], ""stationarity_residual"": 4.706761379753897e-05, ""t"": 25, ""tangent_gram_condition_number"": 330.6796168682147, ""tangent_gram_coordinate_dimension"": 222, ""tangent_gram_eigensolver_converged"": true, ""tangent_gram_eigensolver_status"": ""converged"", ""tangent_gram_largest_eigenvalue"": 44.776671024061514, ""tangent_gram_smallest_eigenvalue"": 0.13540801652103734, ""target_support_norm"": 0.026914277553107695, ""target_supported"": true}, {""converged"": true, ""kind"": ""unit"", ""max_envelope_ratio"": 1.1243311816969925, ""n"": 26, ""numerical_rank_vector"": [1, 1, 1], ""part"": 0, ""rank_supported"": true, ""riesz_converged"": true, ""riesz_equation_residual"": 7.988935754795371e-09, ""riesz_solver"": ""cg"", ""riesz_target_rayleigh_quotient"": 2.4355048211282257, ""riesz_target_stable"": true, ""split_rank_singular_values"": [{""block"": ""A"", ""computational_rank_supported"": true, ""relative_rank_floor"": 1e-10, ""sigma_1"": 19.51244135887232, ""sigma_r"": 19.51244135887232, ""sigma_r_over_sigma_1"": 1.0, ""supplied_rank"": 1}, {""block"": ""B"", ""computational_rank_supported"": true, ""relative_rank_floor"": 1e-10, ""sigma_1"": 47.44726654763589, ""sigma_r"": 47.44726654763589, ""sigma_r_over_sigma_1"": 1.0, ""supplied_rank"": 1}, {""block"": ""H"", ""computational_rank_supported"": true, ""relative_rank_floor"": 1e-10, ""sigma_1"": 49.00789836242248, ""sigma_r"": 49.00789836242248, ""sigma_r_over_sigma_1"": 1.0, ""supplied_rank"": 1}], ""stationarity_residual"": 3.523220477827778e-05, ""t"": 50, ""tangent_gram_condition_number"": 272.06924577008823, ""tangent_gram_coordinate_dimension"": 225, ""tangent_gram_eigensolver_converged"": true, ""tangent_gram_eigensolver_status"": ""converged"", ""tangent_gram_largest_eigenvalue"": 45.17512965793159, ""tangent_gram_smallest_eigenvalue"": 0.16604276433399892, ""target_support_norm"": 0.027091639984682423, ""target_supported"": true}, {""converged"": true, ""kind"": ""unit"", ""max_envelope_ratio"": 0.644854646296775, ""n"": 24, ""numerical_rank_vector"": [1, 1, 1], ""part"": 1, ""rank_supported"": true, ""riesz_converged"": true, ""riesz_equation_residual"": 8.144751642436205e-09, ""riesz_solver"": ""cg"", ""riesz_target_rayleigh_quotient"": 2.2457048227743766, ""riesz_target_stable"": true, ""split_rank_singular_values"": [{""block"": ""A"", ""computational_rank_supported"": true, ""relative_rank_floor"": 1e-10, ""sigma_1"": 19.258007431298935, ""sigma_r"": 19.258007431298935, ""sigma_r_over_sigma_1"": 1.0, ""supplied_rank"": 1}, {""block"": ""B"", ""computational_rank_supported"": true, ""relative_rank_floor"": 1e-10, ""sigma_1"": 30.144231928976247, ""sigma_r"": 30.144231928976247, ""sigma_r_over_sigma_1"": 1.0, ""supplied_rank"": 1}, {""block"": ""H"", ""computational_rank_supported"": true, ""relative_rank_floor"": 1e-10, ""sigma_1"": 56.62534851909251, ""sigma_r"": 56.62534851909251, ""sigma_r_over_sigma_1"": 1.0, ""supplied_rank"": 1}], ""stationarity_residual"": 4.048530775442152e-05, ""t"": 50, ""tangent_gram_condition_number"": 244.98735023518333, ""tangent_gram_coordinate_dimension"": 219, ""tangent_gram_eigensolver_converged"": true, ""tangent_gram_eigensolver_status"": ""converged"", ""tangent_gram_largest_eigenvalue"": 41.95604901787081, ""tangent_gram_smallest_eigenvalue"": 0.171258022006417, ""target_support_norm"": 0.02473262428475095, ""target_supported"": true}]","[[1, 2, 3, 4, 11, 13, 14, 16, 18, 19, 20, 23, 24, 25, 27, 30, 31, 33, 35, 36, 41, 42, 43, 47, 48], [0, 5, 6, 7, 8, 9, 10, 12, 15, 17, 21, 22, 26, 28, 29, 32, 34, 37, 38, 39, 40, 44, 45, 46, 49]]","[[0, 1, 3, 4, 8, 10, 11, 16, 17, 19, 21, 23, 24, 27, 28, 29, 30, 32, 33, 36, 37, 39, 40, 42, 46, 49], [2, 5, 6, 7, 9, 12, 13, 14, 15, 18, 20, 22, 25, 26, 31, 34, 35, 38, 41, 43, 44, 45, 47, 48]]",False,False,False,True,"[1, 1, 1]",,"[1, 1, 1]",,,,,,,,null,,1.712165090583522,9.0,1.9667757039698558e-05,0.6877286678991328,87.0,9.568961233000882e-09,2.5517009228530254,0.038691313508092406,297.0,0.2494888820083518,40.72477795970802,163.23283679769239,True,converged,9.993630456953214e-05,False,0.0,1.0,0.06716549998964183,0.0640480000001844,1.23208070002147,"[20260810, 4011364011, 1941079659, 1499620634, 1499620634, 2098343407, 1387497986, 1337576661]",b867e9855af0a3ac,610c7358dde2c1b141abb0f783ec54c402df554b,1.0,0.6646034231136213,1.9351874937382814,0.8234169175818558,0.7694321432718946,0.5202108731058314,0.6513811326729518,0.2691733492765987,0.7694321432718946,0.09539044991014137,1.657532464966103,0.8999999999999999,1.1,0.8,1.2,0.85,2.031384387633061,6.682939116891857,6.682939116891857,0.7694321432718946,1.657532464966103,4.360264707156253,4.360264707156253,9.0,1.0,2.3170608831081427,True,be9cc050acbe752601ada9c4338c9c0208ae9befc72ddcac866f4f1f5703c3a5,theorem_covered,True,0.03999999999999994,0.03951157035430937,0.9877892588577357,,,,,,,,,,,,,,,,,,False
replication,b867e9855af0a3ac,1,50,50,5,fixed_rank,success,success,True,True,True,True,True,True,"[1, 1, 1]",,,,,7,dgp1_N50_T50_r00005_truth1-1-1,be9cc050acbe752601ada9c4338c9c0208ae9befc72ddcac866f4f1f5703c3a5,1.7272669000085443,,,B_G1_fixed_time,target,success,[],dgp1_N50_T50_r00005_truth1-1-1,success,"[1, 1, 1]",1.0285291288753222,1.2647371400900869,0.2532893900413483,0.06415551510751827,1.2647371400900869,0.2532893900413483,0.06415551510751827,0.23620801121476465,1.2647371400900869,0.2532893900413483,0.06415551510751827,0.23620801121476465,1.2647371400900869,,,0.0,4.0,0.22365129998070188,[],null,null,False,True,True,False,"[1, 1, 1]",,"[1, 1, 1]",,,,,,,,null,,1.712165090583522,9.0,1.9667757039698558e-05,0.6877286678991328,93.0,9.654488875108956e-09,0.4586000589530816,0.13736225600404503,297.0,0.2494888820083518,40.72477795970802,163.23283679769239,True,converged,1.1945056124759738e-06,False,0.0,1.0,0.06716549998964183,0.01844160002656281,1.2821667000243906,"[20260810, 4011364011, 1941079659, 1499620634, 1499620634, 2098343407, 1387497986, 1337576661]",b867e9855af0a3ac,610c7358dde2c1b141abb0f783ec54c402df554b,1.0,0.6646034231136213,1.9351874937382814,0.8234169175818558,0.7694321432718946,0.5202108731058314,0.6513811326729518,0.2691733492765987,0.7694321432718946,0.09539044991014137,1.657532464966103,0.8999999999999999,1.1,0.8,1.2,0.85,2.031384387633061,6.682939116891857,6.682939116891857,0.7694321432718946,1.657532464966103,4.360264707156253,4.360264707156253,9.0,1.0,2.3170608831081427,True,be9cc050acbe752601ada9c4338c9c0208ae9befc72ddcac866f4f1f5703c3a5,theorem_covered,True,0.2,0.14183084940004098,0.7091542470002049,,,,,,,,,,,,,,,,,,True
replication,b867e9855af0a3ac,1,50,50,5,fixed_rank,success,success,True,True,True,True,True,True,"[1, 1, 1]",,,,,7,dgp1_N50_T50_r00005_truth1-1-1,be9cc050acbe752601ada9c4338c9c0208ae9befc72ddcac866f4f1f5703c3a5,1.7272669000085443,,,B_G2_fixed_time,target,success,[],dgp1_N50_T50_r00005_truth1-1-1,success,"[1, 1, 1]",0.9522830040399786,0.9943243068951655,0.2024009170177487,0.0409661312096256,0.9943243068951655,0.2024009170177487,0.0409661312096256,0.042041302855186924,0.9943243068951655,0.2024009170177487,0.0409661312096256,0.042041302855186924,0.9943243068951655,,,0.0,4.0,0.22365129998070188,[],null,null,False,True,True,False,"[1, 1, 1]",,"[1, 1, 1]",,,,,,,,null,,1.712165090583522,9.0,1.9667757039698558e-05,0.6877286678991328,92.0,7.357466468088248e-09,0.463461486394367,0.11038032356884883,297.0,0.2494888820083518,40.72477795970802,163.23283679769239,True,converged,4.161033578512739e-05,False,0.0,1.0,0.06716549998964183,0.017759499984094873,1.338892300002044,"[20260810, 4011364011, 1941079659, 1499620634, 1499620634, 2098343407, 1387497986, 1337576661]",b867e9855af0a3ac,610c7358dde2c1b141abb0f783ec54c402df554b,1.0,0.6646034231136213,1.9351874937382814,0.8234169175818558,0.7694321432718946,0.5202108731058314,0.6513811326729518,0.2691733492765987,0.7694321432718946,0.09539044991014137,1.657532464966103,0.8999999999999999,1.1,0.8,1.2,0.85,2.031384387633061,6.682939116891857,6.682939116891857,0.7694321432718946,1.657532464966103,4.360264707156253,4.360264707156253,9.0,1.0,2.3170608831081427,True,be9cc050acbe752601ada9c4338c9c0208ae9befc72ddcac866f4f1f5703c3a5,theorem_covered,True,0.2,0.13223030207516026,0.6611515103758012,,,,,,,,,,,,,,,,,,False
replication,b867e9855af0a3ac,1,50,50,5,fixed_rank,success,success,True,True,True,True,True,True,"[1, 1, 1]",,,,,7,dgp1_N50_T50_r00005_truth1-1-1,be9cc050acbe752601ada9c4338c9c0208ae9befc72ddcac866f4f1f5703c3a5,1.7272669000085443,,,B_G2_minus_G1_fixed_time,target,success,[],dgp1_N50_T50_r00005_truth1-1-1,success,"[1, 1, 1]",-0.07624612483534365,-0.2704128331949214,0.10334951059032232,0.010681121339259147,-0.2704128331949214,0.10334951059032232,0.010681121339259147,-0.19416670835957772,-0.2704128331949214,0.10334951059032232,0.010681121339259147,-0.19416670835957772,-0.2704128331949214,,,0.0,4.0,0.22365129998070188,[],null,null,False,True,True,False,"[1, 1, 1]",,"[1, 1, 1]",,,,,,,,null,,1.712165090583522,9.0,1.9667757039698558e-05,0.6877286678991328,95.0,9.316019105439692e-09,0.6544626311255505,0.059417291539249774,297.0,0.2494888820083518,40.72477795970802,163.23283679769239,True,converged,7.417889472033124e-05,False,0.0,1.0,0.06716549998964183,0.023549599980469793,1.3961324999982025,"[20260810, 4011364011, 1941079659, 1499620634, 1499620634, 2098343407, 1387497986, 1337576661]",b867e9855af0a3ac,610c7358dde2c1b141abb0f783ec54c402df554b,1.0,0.6646034231136213,1.9351874937382814,0.8234169175818558,0.7694321432718946,0.5202108731058314,0.6513811326729518,0.2691733492765987,0.7694321432718946,0.09539044991014137,1.657532464966103,0.8999999999999999,1.1,0.8,1.2,0.85,2.031384387633061,6.682939116891857,6.682939116891857,0.7694321432718946,1.657532464966103,4.360264707156253,4.360264707156253,9.0,1.0,2.3170608831081427,True,be9cc050acbe752601ada9c4338c9c0208ae9befc72ddcac866f4f1f5703c3a5,weak_target_stress_outside_assumption9,False,0.28284271247461906,0.058941366341008564,0.20838919916063836,,,,,,,,,,,,,,,,,,True
replication,b867e9855af0a3ac,1,50,50,5,fixed_rank,success,success,True,True,False,True,False,False,"[1, 1, 1]",,,,,7,dgp1_N50_T50_r00005_truth1-1-1,be9cc050acbe752601ada9c4338c9c0208ae9befc72ddcac866f4f1f5703c3a5,1.7272669000085443,,,B_G1_time_average,target,split_fit_failure,[],dgp1_N50_T50_r00005_truth1-1-1,split_fit_not_converged,"[1, 1, 1]",0.6764543268097797,0.9174020826151738,0.07259096165656696,0.005269447714225175,0.876573009162472,0.046630075696519016,0.0021743639594630935,0.20011868235269237,0.9174020826151738,0.07259096165656696,0.005269447714225175,0.24094775580539407,0.876573009162472,0.837510055033981,0.8748068898382614,4.0,4.0,0.22365129998070188,"[{""converged"": true, ""kind"": ""time"", ""max_envelope_ratio"": 0.6014963890153664, ""n"": 50, ""numerical_rank_vector"": [1, 1, 1], ""part"": 0, ""rank_supported"": true, ""riesz_converged"": true, ""riesz_equation_residual"": 7.878049841511662e-09, ""riesz_solver"": ""cg"", ""riesz_target_rayleigh_quotient"": 0.7257670628690116, ""riesz_target_stable"": true, ""split_rank_singular_values"": [{""block"": ""A"", ""computational_rank_supported"": true, ""relative_rank_floor"": 1e-10, ""sigma_1"": 20.188842875016245, ""sigma_r"": 20.188842875016245, ""sigma_r_over_sigma_1"": 1.0, ""supplied_rank"": 1}, {""block"": ""B"", ""computational_rank_supported"": true, ""relative_rank_floor"": 1e-10, ""sigma_1"": 34.21126989405554, ""sigma_r"": 34.21126989405554, ""sigma_r_over_sigma_1"": 1.0, ""supplied_rank"": 1}, {""block"": ""H"", ""computational_rank_supported"": true, ""relative_rank_floor"": 1e-10, ""sigma_1"": 53.87122523186011, ""sigma_r"": 53.87122523186011, ""sigma_r_over_sigma_1"": 1.0, ""supplied_rank"": 1}], ""stationarity_residual"": 4.206723309769403e-05, ""t"": 25, ""tangent_gram_condition_number"": 168.87897115419395, ""tangent_gram_coordinate_dimension"": 222, ""tangent_gram_eigensolver_converged"": true, ""tangent_gram_eigensolver_status"": ""converged"", ""tangent_gram_largest_eigenvalue"": 37.761501760744586, ""tangent_gram_smallest_eigenvalue"": 0.2236009699885409, ""target_support_norm"": 0.018774663298800637, ""target_supported"": true}, {""converged"": true, ""kind"": ""time"", ""max_envelope_ratio"": 0.7804631877574542, ""n"": 50, ""numerical_rank_vector"": [1, 1, 1], ""part"": 1, ""rank_supported"": true, ""riesz_converged"": true, ""riesz_equation_residual"": 8.992970396201876e-09, ""riesz_solver"": ""cg"", ""riesz_target_rayleigh_quotient"": 0.6390350464440528, ""riesz_target_stable"": true, ""split_rank_singular_values"": [{""block"": ""A"", ""computational_rank_supported"": true, ""relative_rank_floor"": 1e-10, ""sigma_1"": 18.94632533565447, ""sigma_r"": 18.94632533565447, ""sigma_r_over_sigma_1"": 1.0, ""supplied_rank"": 1}, {""block"": ""B"", ""computational_rank_supported"": true, ""relative_rank_floor"": 1e-10, ""sigma_1"": 39.804856294980624, ""sigma_r"": 39.804856294980624, ""sigma_r_over_sigma_1"": 1.0, ""supplied_rank"": 1}, {""block"": ""H"", ""computational_rank_supported"": true, ""relative_rank_floor"": 1e-10, ""sigma_1"": 47.198737334429225, ""sigma_r"": 47.198737334429225, ""sigma_r_over_sigma_1"": 1.0, ""supplied_rank"": 1}], ""stationarity_residual"": 4.706761379753897e-05, ""t"": 25, ""tangent_gram_condition_number"": 330.6796168682147, ""tangent_gram_coordinate_dimension"": 222, ""tangent_gram_eigensolver_converged"": true, ""tangent_gram_eigensolver_status"": ""converged"", ""tangent_gram_largest_eigenvalue"": 44.776671024061514, ""tangent_gram_smallest_eigenvalue"": 0.13540801652103734, ""target_support_norm"": 0.01891702305480764, ""target_supported"": true}, {""converged"": true, ""kind"": ""unit"", ""max_envelope_ratio"": 1.1243311816969925, ""n"": 26, ""numerical_rank_vector"": [1, 1, 1], ""part"": 0, ""rank_supported"": true, ""riesz_converged"": true, ""riesz_equation_residual"": 7.11019293660875e-09, ""riesz_solver"": ""cg"", ""riesz_target_rayleigh_quotient"": 0.6051382148830039, ""riesz_target_stable"": true, ""split_rank_singular_values"": [{""block"": ""A"", ""computational_rank_supported"": true, ""relative_rank_floor"": 1e-10, ""sigma_1"": 19.51244135887232, ""sigma_r"": 19.51244135887232, ""sigma_r_over_sigma_1"": 1.0, ""supplied_rank"": 1}, {""block"": ""B"", ""computational_rank_supported"": true, ""relative_rank_floor"": 1e-10, ""sigma_1"": 47.44726654763589, ""sigma_r"": 47.44726654763589, ""sigma_r_over_sigma_1"": 1.0, ""supplied_rank"": 1}, {""block"": ""H"", ""computational_rank_supported"": true, ""relative_rank_floor"": 1e-10, ""sigma_1"": 49.00789836242248, ""sigma_r"": 49.00789836242248, ""sigma_r_over_sigma_1"": 1.0, ""supplied_rank"": 1}], ""stationarity_residual"": 3.523220477827778e-05, ""t"": 50, ""tangent_gram_condition_number"": 272.06924577008823, ""tangent_gram_coordinate_dimension"": 225, ""tangent_gram_eigensolver_converged"": true, ""tangent_gram_eigensolver_status"": ""converged"", ""tangent_gram_largest_eigenvalue"": 45.17512965793159, ""tangent_gram_smallest_eigenvalue"": 0.16604276433399892, ""target_support_norm"": 0.01882249179353289, ""target_supported"": true}, {""converged"": true, ""kind"": ""unit"", ""max_envelope_ratio"": 0.644854646296775, ""n"": 24, ""numerical_rank_vector"": [1, 1, 1], ""part"": 1, ""rank_supported"": true, ""riesz_converged"": true, ""riesz_equation_residual"": 8.420937143548336e-09, ""riesz_solver"": ""cg"", ""riesz_target_rayleigh_quotient"": 0.6286551031209808, ""riesz_target_stable"": true, ""split_rank_singular_values"": [{""block"": ""A"", ""computational_rank_supported"": true, ""relative_rank_floor"": 1e-10, ""sigma_1"": 19.258007431298935, ""sigma_r"": 19.258007431298935, ""sigma_r_over_sigma_1"": 1.0, ""supplied_rank"": 1}, {""block"": ""B"", ""computational_rank_supported"": true, ""relative_rank_floor"": 1e-10, ""sigma_1"": 30.144231928976247, ""sigma_r"": 30.144231928976247, ""sigma_r_over_sigma_1"": 1.0, ""supplied_rank"": 1}, {""block"": ""H"", ""computational_rank_supported"": true, ""relative_rank_floor"": 1e-10, ""sigma_1"": 56.62534851909251, ""sigma_r"": 56.62534851909251, ""sigma_r_over_sigma_1"": 1.0, ""supplied_rank"": 1}], ""stationarity_residual"": 4.048530775442152e-05, ""t"": 50, ""tangent_gram_condition_number"": 244.98735023518333, ""tangent_gram_coordinate_dimension"": 219, ""tangent_gram_eigensolver_converged"": true, ""tangent_gram_eigensolver_status"": ""converged"", ""tangent_gram_largest_eigenvalue"": 41.95604901787081, ""tangent_gram_smallest_eigenvalue"": 0.171258022006417, ""target_support_norm"": 0.017921606738474535, ""target_supported"": true}]","[[1, 2, 3, 4, 11, 13, 14, 16, 18, 19, 20, 23, 24, 25, 27, 30, 31, 33, 35, 36, 41, 42, 43, 47, 48], [0, 5, 6, 7, 8, 9, 10, 12, 15, 17, 21, 22, 26, 28, 29, 32, 34, 37, 38, 39, 40, 44, 45, 46, 49]]","[[0, 1, 3, 4, 8, 10, 11, 16, 17, 19, 21, 23, 24, 27, 28, 29, 30, 32, 33, 36, 37, 39, 40, 42, 46, 49], [2, 5, 6, 7, 9, 12, 13, 14, 15, 18, 20, 22, 25, 26, 31, 34, 35, 38, 41, 43, 44, 45, 47, 48]]",False,False,False,True,"[1, 1, 1]",,"[1, 1, 1]",,,,,,,,null,,1.712165090583522,9.0,1.9667757039698558e-05,0.6877286678991328,92.0,9.732607534171107e-09,0.7590742821991618,0.026853511067455437,297.0,0.2494888820083518,40.72477795970802,163.23283679769239,True,converged,5.1124142768846896e-06,False,0.0,1.0,0.06716549998964183,0.08433929999591783,1.5287728999974206,"[20260810, 4011364011, 1941079659, 1499620634, 1499620634, 2098343407, 1387497986, 1337576661]",b867e9855af0a3ac,610c7358dde2c1b141abb0f783ec54c402df554b,1.0,0.6646034231136213,1.9351874937382814,0.8234169175818558,0.7694321432718946,0.5202108731058314,0.6513811326729518,0.2691733492765987,0.7694321432718946,0.09539044991014137,1.657532464966103,0.8999999999999999,1.1,0.8,1.2,0.85,2.031384387633061,6.682939116891857,6.682939116891857,0.7694321432718946,1.657532464966103,4.360264707156253,4.360264707156253,9.0,1.0,2.3170608831081427,True,be9cc050acbe752601ada9c4338c9c0208ae9befc72ddcac866f4f1f5703c3a5,theorem_covered,True,0.028284271247461912,0.027629590966636523,0.9768535566959627,,,,,,,,,,,,,,,,,,False
replication,b867e9855af0a3ac,1,50,50,5,fixed_rank,success,success,True,True,False,True,False,False,"[1, 1, 1]",,,,,7,dgp1_N50_T50_r00005_truth1-1-1,be9cc050acbe752601ada9c4338c9c0208ae9befc72ddcac866f4f1f5703c3a5,1.7272669000085443,,,B_G2_time_average,target,split_fit_failure,[],dgp1_N50_T50_r00005_truth1-1-1,split_fit_not_converged,"[1, 1, 1]",0.6263079385361242,0.7469690150275632,0.07923147370221766,0.006277626425025207,0.6891533601333166,0.04809903900749468,0.0023135175534444953,0.06284542159719242,0.7469690150275632,0.07923147370221766,0.006277626425025207,0.12066107649143898,0.6891533601333166,0.6490391576559964,0.6714519077163903,4.0,4.0,0.22365129998070188,"[{""converged"": true, ""kind"": ""time"", ""max_envelope_ratio"": 0.6014963890153664, ""n"": 50, ""numerical_rank_vector"": [1, 1, 1], ""part"": 0, ""rank_supported"": true, ""riesz_converged"": true, ""riesz_equation_residual"": 9.941571243637506e-09, ""riesz_solver"": ""cg"", ""riesz_target_rayleigh_quotient"": 0.5893915594248832, ""riesz_target_stable"": true, ""split_rank_singular_values"": [{""block"": ""A"", ""computational_rank_supported"": true, ""relative_rank_floor"": 1e-10, ""sigma_1"": 20.188842875016245, ""sigma_r"": 20.188842875016245, ""sigma_r_over_sigma_1"": 1.0, ""supplied_rank"": 1}, {""block"": ""B"", ""computational_rank_supported"": true, ""relative_rank_floor"": 1e-10, ""sigma_1"": 34.21126989405554, ""sigma_r"": 34.21126989405554, ""sigma_r_over_sigma_1"": 1.0, ""supplied_rank"": 1}, {""block"": ""H"", ""computational_rank_supported"": true, ""relative_rank_floor"": 1e-10, ""sigma_1"": 53.87122523186011, ""sigma_r"": 53.87122523186011, ""sigma_r_over_sigma_1"": 1.0, ""supplied_rank"": 1}], ""stationarity_residual"": 4.206723309769403e-05, ""t"": 25, ""tangent_gram_condition_number"": 168.87897115419395, ""tangent_gram_coordinate_dimension"": 222, ""tangent_gram_eigensolver_converged"": true, ""tangent_gram_eigensolver_status"": ""converged"", ""tangent_gram_largest_eigenvalue"": 37.761501760744586, ""tangent_gram_smallest_eigenvalue"": 0.2236009699885409, ""target_support_norm"": 0.01824230808155961, ""target_supported"": true}, {""converged"": true, ""kind"": ""time"", ""max_envelope_ratio"": 0.7804631877574542, ""n"": 50, ""numerical_rank_vector"": [1, 1, 1], ""part"": 1, ""rank_supported"": true, ""riesz_converged"": true, ""riesz_equation_residual"": 6.746963269897789e-09, ""riesz_solver"": ""cg"", ""riesz_target_rayleigh_quotient"": 0.4298873418366169, ""riesz_target_stable"": true, ""split_rank_singular_values"": [{""block"": ""A"", ""computational_rank_supported"": true, ""relative_rank_floor"": 1e-10, ""sigma_1"": 18.94632533565447, ""sigma_r"": 18.94632533565447, ""sigma_r_over_sigma_1"": 1.0, ""supplied_rank"": 1}, {""block"": ""B"", ""computational_rank_supported"": true, ""relative_rank_floor"": 1e-10, ""sigma_1"": 39.804856294980624, ""sigma_r"": 39.804856294980624, ""sigma_r_over_sigma_1"": 1.0, ""supplied_rank"": 1}, {""block"": ""H"", ""computational_rank_supported"": true, ""relative_rank_floor"": 1e-10, ""sigma_1"": 47.198737334429225, ""sigma_r"": 47.198737334429225, ""sigma_r_over_sigma_1"": 1.0, ""supplied_rank"": 1}], ""stationarity_residual"": 4.706761379753897e-05, ""t"": 25, ""tangent_gram_condition_number"": 330.6796168682147, ""tangent_gram_coordinate_dimension"": 222, ""tangent_gram_eigensolver_converged"": true, ""tangent_gram_eigensolver_status"": ""converged"", ""tangent_gram_largest_eigenvalue"": 44.776671024061514, ""tangent_gram_smallest_eigenvalue"": 0.13540801652103734, ""target_support_norm"": 0.01873514374424825, ""target_supported"": true}, {""converged"": true, ""kind"": ""unit"", ""max_envelope_ratio"": 1.1243311816969925, ""n"": 26, ""numerical_rank_vector"": [1, 1, 1], ""part"": 0, ""rank_supported"": true, ""riesz_converged"": true, ""riesz_equation_residual"": 8.021091082415795e-09, ""riesz_solver"": ""cg"", ""riesz_target_rayleigh_quotient"": 0.4374653357652125, ""riesz_target_stable"": true, ""split_rank_singular_values"": [{""block"": ""A"", ""computational_rank_supported"": true, ""relative_rank_floor"": 1e-10, ""sigma_1"": 19.51244135887232, ""sigma_r"": 19.51244135887232, ""sigma_r_over_sigma_1"": 1.0, ""supplied_rank"": 1}, {""block"": ""B"", ""computational_rank_supported"": true, ""relative_rank_floor"": 1e-10, ""sigma_1"": 47.44726654763589, ""sigma_r"": 47.44726654763589, ""sigma_r_over_sigma_1"": 1.0, ""supplied_rank"": 1}, {""block"": ""H"", ""computational_rank_supported"": true, ""relative_rank_floor"": 1e-10, ""sigma_1"": 49.00789836242248, ""sigma_r"": 49.00789836242248, ""sigma_r_over_sigma_1"": 1.0, ""supplied_rank"": 1}], ""stationarity_residual"": 3.523220477827778e-05, ""t"": 50, ""tangent_gram_condition_number"": 272.06924577008823, ""tangent_gram_coordinate_dimension"": 225, ""tangent_gram_eigensolver_converged"": true, ""tangent_gram_eigensolver_status"": ""converged"", ""tangent_gram_largest_eigenvalue"": 45.17512965793159, ""tangent_gram_smallest_eigenvalue"": 0.16604276433399892, ""target_support_norm"": 0.018466716944060855, ""target_supported"": true}, {""converged"": true, ""kind"": ""unit"", ""max_envelope_ratio"": 0.644854646296775, ""n"": 24, ""numerical_rank_vector"": [1, 1, 1], ""part"": 1, ""rank_supported"": true, ""riesz_converged"": true, ""riesz_equation_residual"": 7.415265785133526e-09, ""riesz_solver"": ""cg"", ""riesz_target_rayleigh_quotient"": 0.5138202422597545, ""riesz_target_stable"": true, ""split_rank_singular_values"": [{""block"": ""A"", ""computational_rank_supported"": true, ""relative_rank_floor"": 1e-10, ""sigma_1"": 19.258007431298935, ""sigma_r"": 19.258007431298935, ""sigma_r_over_sigma_1"": 1.0, ""supplied_rank"": 1}, {""block"": ""B"", ""computational_rank_supported"": true, ""relative_rank_floor"": 1e-10, ""sigma_1"": 30.144231928976247, ""sigma_r"": 30.144231928976247, ""sigma_r_over_sigma_1"": 1.0, ""supplied_rank"": 1}, {""block"": ""H"", ""computational_rank_supported"": true, ""relative_rank_floor"": 1e-10, ""sigma_1"": 56.62534851909251, ""sigma_r"": 56.62534851909251, ""sigma_r_over_sigma_1"": 1.0, ""supplied_rank"": 1}], ""stationarity_residual"": 4.048530775442152e-05, ""t"": 50, ""tangent_gram_condition_number"": 244.98735023518333, ""tangent_gram_coordinate_dimension"": 219, ""tangent_gram_eigensolver_converged"": true, ""tangent_gram_eigensolver_status"": ""converged"", ""tangent_gram_largest_eigenvalue"": 41.95604901787081, ""tangent_gram_smallest_eigenvalue"": 0.171258022006417, ""target_support_norm"": 0.016791520381292963, ""target_supported"": true}]","[[1, 2, 3, 4, 11, 13, 14, 16, 18, 19, 20, 23, 24, 25, 27, 30, 31, 33, 35, 36, 41, 42, 43, 47, 48], [0, 5, 6, 7, 8, 9, 10, 12, 15, 17, 21, 22, 26, 28, 29, 32, 34, 37, 38, 39, 40, 44, 45, 46, 49]]","[[0, 1, 3, 4, 8, 10, 11, 16, 17, 19, 21, 23, 24, 27, 28, 29, 30, 32, 33, 36, 37, 39, 40, 42, 46, 49], [2, 5, 6, 7, 9, 12, 13, 14, 15, 18, 20, 22, 25, 26, 31, 34, 35, 38, 41, 43, 44, 45, 47, 48]]",False,False,False,True,"[1, 1, 1]",,"[1, 1, 1]",,,,,,,,null,,1.712165090583522,9.0,1.9667757039698558e-05,0.6877286678991328,93.0,8.464908570582174e-09,0.6433912837598559,0.0263847697651307,297.0,0.2494888820083518,40.72477795970802,163.23283679769239,True,converged,0.00011250305073672597,False,0.0,1.0,0.06716549998964183,0.06943510001292452,1.6336901000177022,"[20260810, 4011364011, 1941079659, 1499620634, 1499620634, 2098343407, 1387497986, 1337576661]",b867e9855af0a3ac,610c7358dde2c1b141abb0f783ec54c402df554b,1.0,0.6646034231136213,1.9351874937382814,0.8234169175818558,0.7694321432718946,0.5202108731058314,0.6513811326729518,0.2691733492765987,0.7694321432718946,0.09539044991014137,1.657532464966103,0.8999999999999999,1.1,0.8,1.2,0.85,2.031384387633061,6.682939116891857,6.682939116891857,0.7694321432718946,1.657532464966103,4.360264707156253,4.360264707156253,9.0,1.0,2.3170608831081427,True,be9cc050acbe752601ada9c4338c9c0208ae9befc72ddcac866f4f1f5703c3a5,theorem_covered,True,0.028284271247461912,0.027541795043004066,0.9737495020479104,,,,,,,,,,,,,,,,,,False
replication,b867e9855af0a3ac,1,50,50,5,fixed_rank,success,success,True,True,False,True,False,False,"[1, 1, 1]",,,,,7,dgp1_N50_T50_r00005_truth1-1-1,be9cc050acbe752601ada9c4338c9c0208ae9befc72ddcac866f4f1f5703c3a5,1.7272669000085443,,,B_G2_minus_G1_time_average,target,split_fit_failure,[],dgp1_N50_T50_r00005_truth1-1-1,split_fit_not_converged,"[1, 1, 1]",-0.05014638827365555,-0.17043306758761062,0.10247495078551656,0.010501115538494043,-0.18741964902915545,0.06106677129968725,0.003729150556968307,-0.1372732607554999,-0.17043306758761062,0.10247495078551656,0.010501115538494043,-0.12028667931395506,-0.18741964902915545,-0.18847089737798456,-0.2033549821218712,4.0,4.0,0.22365129998070188,"[{""converged"": true, ""kind"": ""time"", ""max_envelope_ratio"": 0.6014963890153664, ""n"": 50, ""numerical_rank_vector"": [1, 1, 1], ""part"": 0, ""rank_supported"": true, ""riesz_converged"": true, ""riesz_equation_residual"": 7.154835712529948e-09, ""riesz_solver"": ""cg"", ""riesz_target_rayleigh_quotient"": 0.7416778741087602, ""riesz_target_stable"": true, ""split_rank_singular_values"": [{""block"": ""A"", ""computational_rank_supported"": true, ""relative_rank_floor"": 1e-10, ""sigma_1"": 20.188842875016245, ""sigma_r"": 20.188842875016245, ""sigma_r_over_sigma_1"": 1.0, ""supplied_rank"": 1}, {""block"": ""B"", ""computational_rank_supported"": true, ""relative_rank_floor"": 1e-10, ""sigma_1"": 34.21126989405554, ""sigma_r"": 34.21126989405554, ""sigma_r_over_sigma_1"": 1.0, ""supplied_rank"": 1}, {""block"": ""H"", ""computational_rank_supported"": true, ""relative_rank_floor"": 1e-10, ""sigma_1"": 53.87122523186011, ""sigma_r"": 53.87122523186011, ""sigma_r_over_sigma_1"": 1.0, ""supplied_rank"": 1}], ""stationarity_residual"": 4.206723309769403e-05, ""t"": 25, ""tangent_gram_condition_number"": 168.87897115419395, ""tangent_gram_coordinate_dimension"": 222, ""tangent_gram_eigensolver_converged"": true, ""tangent_gram_eigensolver_status"": ""converged"", ""tangent_gram_largest_eigenvalue"": 37.761501760744586, ""tangent_gram_smallest_eigenvalue"": 0.2236009699885409, ""target_support_norm"": 0.025039735442890308, ""target_supported"": true}, {""converged"": true, ""kind"": ""time"", ""max_envelope_ratio"": 0.7804631877574542, ""n"": 50, ""numerical_rank_vector"": [1, 1, 1], ""part"": 1, ""rank_supported"": true, ""riesz_converged"": true, ""riesz_equation_residual"": 7.0747132385947966e-09, ""riesz_solver"": ""cg"", ""riesz_target_rayleigh_quotient"": 0.48712451010576613, ""riesz_target_stable"": true, ""split_rank_singular_values"": [{""block"": ""A"", ""computational_rank_supported"": true, ""relative_rank_floor"": 1e-10, ""sigma_1"": 18.94632533565447, ""sigma_r"": 18.94632533565447, ""sigma_r_over_sigma_1"": 1.0, ""supplied_rank"": 1}, {""block"": ""B"", ""computational_rank_supported"": true, ""relative_rank_floor"": 1e-10, ""sigma_1"": 39.804856294980624, ""sigma_r"": 39.804856294980624, ""sigma_r_over_sigma_1"": 1.0, ""supplied_rank"": 1}, {""block"": ""H"", ""computational_rank_supported"": true, ""relative_rank_floor"": 1e-10, ""sigma_1"": 47.198737334429225, ""sigma_r"": 47.198737334429225, ""sigma_r_over_sigma_1"": 1.0, ""supplied_rank"": 1}], ""stationarity_residual"": 4.706761379753897e-05, ""t"": 25, ""tangent_gram_condition_number"": 330.6796168682147, ""tangent_gram_coordinate_dimension"": 222, ""tangent_gram_eigensolver_converged"": true, ""tangent_gram_eigensolver_status"": ""converged"", ""tangent_gram_largest_eigenvalue"": 44.776671024061514, ""tangent_gram_smallest_eigenvalue"": 0.13540801652103734, ""target_support_norm"": 0.025928562512858865, ""target_supported"": true}, {""converged"": true, ""kind"": ""unit"", ""max_envelope_ratio"": 1.1243311816969925, ""n"": 26, ""numerical_rank_vector"": [1, 1, 1], ""part"": 0, ""rank_supported"": true, ""riesz_converged"": true, ""riesz_equation_residual"": 7.274717228805209e-09, ""riesz_solver"": ""cg"", ""riesz_target_rayleigh_quotient"": 0.5071771471052282, ""riesz_target_stable"": true, ""split_rank_singular_values"": [{""block"": ""A"", ""computational_rank_supported"": true, ""relative_rank_floor"": 1e-10, ""sigma_1"": 19.51244135887232, ""sigma_r"": 19.51244135887232, ""sigma_r_over_sigma_1"": 1.0, ""supplied_rank"": 1}, {""block"": ""B"", ""computational_rank_supported"": true, ""relative_rank_floor"": 1e-10, ""sigma_1"": 47.44726654763589, ""sigma_r"": 47.44726654763589, ""sigma_r_over_sigma_1"": 1.0, ""supplied_rank"": 1}, {""block"": ""H"", ""computational_rank_supported"": true, ""relative_rank_floor"": 1e-10, ""sigma_1"": 49.00789836242248, ""sigma_r"": 49.00789836242248, ""sigma_r_over_sigma_1"": 1.0, ""supplied_rank"": 1}], ""stationarity_residual"": 3.523220477827778e-05, ""t"": 50, ""tangent_gram_condition_number"": 272.06924577008823, ""tangent_gram_coordinate_dimension"": 225, ""tangent_gram_eigensolver_converged"": true, ""tangent_gram_eigensolver_status"": ""converged"", ""tangent_gram_largest_eigenvalue"": 45.17512965793159, ""tangent_gram_smallest_eigenvalue"": 0.16604276433399892, ""target_support_norm"": 0.025123953785278118, ""target_supported"": true}, {""converged"": true, ""kind"": ""unit"", ""max_envelope_ratio"": 0.644854646296775, ""n"": 24, ""numerical_rank_vector"": [1, 1, 1], ""part"": 1, ""rank_supported"": true, ""riesz_converged"": true, ""riesz_equation_residual"": 8.43841402307314e-09, ""riesz_solver"": ""cg"", ""riesz_target_rayleigh_quotient"": 0.6949158996419129, ""riesz_target_stable"": true, ""split_rank_singular_values"": [{""block"": ""A"", ""computational_rank_supported"": true, ""relative_rank_floor"": 1e-10, ""sigma_1"": 19.258007431298935, ""sigma_r"": 19.258007431298935, ""sigma_r_over_sigma_1"": 1.0, ""supplied_rank"": 1}, {""block"": ""B"", ""computational_rank_supported"": true, ""relative_rank_floor"": 1e-10, ""sigma_1"": 30.144231928976247, ""sigma_r"": 30.144231928976247, ""sigma_r_over_sigma_1"": 1.0, ""supplied_rank"": 1}, {""block"": ""H"", ""computational_rank_supported"": true, ""relative_rank_floor"": 1e-10, ""sigma_1"": 56.62534851909251, ""sigma_r"": 56.62534851909251, ""sigma_r_over_sigma_1"": 1.0, ""supplied_rank"": 1}], ""stationarity_residual"": 4.048530775442152e-05, ""t"": 50, ""tangent_gram_condition_number"": 244.98735023518333, ""tangent_gram_coordinate_dimension"": 219, ""tangent_gram_eigensolver_converged"": true, ""tangent_gram_eigensolver_status"": ""converged"", ""tangent_gram_largest_eigenvalue"": 41.95604901787081, ""tangent_gram_smallest_eigenvalue"": 0.171258022006417, ""target_support_norm"": 0.02228515784111764, ""target_supported"": true}]","[[1, 2, 3, 4, 11, 13, 14, 16, 18, 19, 20, 23, 24, 25, 27, 30, 31, 33, 35, 36, 41, 42, 43, 47, 48], [0, 5, 6, 7, 8, 9, 10, 12, 15, 17, 21, 22, 26, 28, 29, 32, 34, 37, 38, 39, 40, 44, 45, 46, 49]]","[[0, 1, 3, 4, 8, 10, 11, 16, 17, 19, 21, 23, 24, 27, 28, 29, 30, 32, 33, 36, 37, 39, 40, 42, 46, 49], [2, 5, 6, 7, 9, 12, 13, 14, 15, 18, 20, 22, 25, 26, 31, 34, 35, 38, 41, 43, 44, 45, 47, 48]]",False,False,False,True,"[1, 1, 1]",,"[1, 1, 1]",,,,,,,,null,,1.712165090583522,9.0,1.9667757039698558e-05,0.6877286678991328,93.0,9.123052133752858e-09,0.759299811463639,0.03625634073298573,297.0,0.2494888820083518,40.72477795970802,163.23283679769239,True,converged,8.387588124236206e-05,False,0.0,1.0,0.06716549998964183,0.05698289998690598,1.7272669000085443,"[20260810, 4011364011, 1941079659, 1499620634, 1499620634, 2098343407, 1387497986, 1337576661]",b867e9855af0a3ac,610c7358dde2c1b141abb0f783ec54c402df554b,1.0,0.6646034231136213,1.9351874937382814,0.8234169175818558,0.7694321432718946,0.5202108731058314,0.6513811326729518,0.2691733492765987,0.7694321432718946,0.09539044991014137,1.657532464966103,0.8999999999999999,1.1,0.8,1.2,0.85,2.031384387633061,6.682939116891857,6.682939116891857,0.7694321432718946,1.657532464966103,4.360264707156253,4.360264707156253,9.0,1.0,2.3170608831081427,True,be9cc050acbe752601ada9c4338c9c0208ae9befc72ddcac866f4f1f5703c3a5,theorem_covered,True,0.03999999999999994,0.03819841244878494,0.954960311219625,,,,,,,,,,,,,,,,,,False
replication,b867e9855af0a3ac,2,50,50,3,fixed_rank,success,success,True,True,True,True,True,True,"[1, 1, 1]",,,,,7,dgp2_N50_T50_r00003_truth1-1-1,4798e093f0b798bdf4b500d5634878b5a46a8c1d7def3f8d1eedd27805947fbe,1.8649264999839943,,,A_entry,target,success,[],dgp2_N50_T50_r00003_truth1-1-1,success,"[1, 1, 1]",0.410686196419071,0.15758231132249634,0.10091295917525155,0.010183425329505984,0.15758231132249634,0.10091295917525155,0.010183425329505984,-0.25310388509657467,0.15758231132249634,0.10091295917525155,0.010183425329505984,-0.25310388509657467,0.15758231132249634,,,0.0,4.0,0.266756400000304,[],null,null,True,False,False,False,"[1, 1, 1]",,"[1, 1, 1]",,,,,,,,null,,1.3674892053882186,12.0,2.8193588547180927e-05,0.6745274113529459,71.0,9.901127105467475e-09,2.399143042360115,0.12550387113649095,297.0,0.28047411273804523,29.654977491685838,105.73160282846757,True,converged,7.608748811805724e-05,False,8.0,1.0,0.07438929998897947,0.014555100002326071,0.44398300000466406,"[20260810, 4011364011, 979268564, 1499620634, 1499620634, 2235565902, 1387497986, 1337576661]",b867e9855af0a3ac,610c7358dde2c1b141abb0f783ec54c402df554b,0.9622787915676991,0.6499570856178685,1.8182956745712169,0.8833198938274636,0.85,0.49856831604014995,0.5767420985637711,0.2531117325851726,0.85,0.08573381973092804,1.577223417692715,0.8999999999999999,1.1,0.8,1.2,0.85,2.031384387633061,6.140886497349466,6.140886497349466,0.85,1.577223417692715,4.01109331840572,4.01109331840572,9.0,1.0,2.8591135026505343,True,4798e093f0b798bdf4b500d5634878b5a46a8c1d7def3f8d1eedd27805947fbe,theorem_covered,True,1.0,0.17907253031718995,0.17907253031718995,0.7067751841405667,0.9094286029355284,,,,,,,,,,,,,,,,False
replication,b867e9855af0a3ac,2,50,50,3,fixed_rank,success,success,True,True,True,True,True,True,"[1, 1, 1]",,,,,7,dgp2_N50_T50_r00003_truth1-1-1,4798e093f0b798bdf4b500d5634878b5a46a8c1d7def3f8d1eedd27805947fbe,1.8649264999839943,,,B_entry,target,success,[],dgp2_N50_T50_r00003_truth1-1-1,success,"[1, 1, 1]",0.5593565526694495,0.7413589450259165,0.35564064186501043,0.1264802661461566,0.7413589450259165,0.35564064186501043,0.1264802661461566,0.18200239235646698,0.7413589450259165,0.35564064186501043,0.1264802661461566,0.18200239235646698,0.7413589450259165,,,0.0,4.0,0.266756400000304,[],null,null,False,True,True,False,"[1, 1, 1]",,"[1, 1, 1]",,,,,,,,null,,1.3674892053882186,12.0,2.8193588547180927e-05,0.6745274113529459,76.0,7.273522906978488e-09,0.7735683362147224,0.19520569874097393,297.0,0.28047411273804523,29.654977491685838,105.73160282846757,True,converged,6.332065524960818e-05,False,8.0,1.0,0.07438929998897947,0.014143600012175739,0.4905177000036929,"[20260810, 4011364011, 979268564, 1499620634, 1499620634, 2235565902, 1387497986, 1337576661]",b867e9855af0a3ac,610c7358dde2c1b141abb0f783ec54c402df554b,0.9622787915676991,0.6499570856178685,1.8182956745712169,0.8833198938274636,0.85,0.49856831604014995,0.5767420985637711,0.2531117325851726,0.85,0.08573381973092804,1.577223417692715,0.8999999999999999,1.1,0.8,1.2,0.85,2.031384387633061,6.140886497349466,6.140886497349466,0.85,1.577223417692715,4.01109331840572,4.01109331840572,9.0,1.0,2.8591135026505343,True,4798e093f0b798bdf4b500d5634878b5a46a8c1d7def3f8d1eedd27805947fbe,entry_leverage_requires_author_choice,False,1.0,0.20629411288066116,0.20629411288066116,0.4348700647474538,1.7078468148122181,,,,,,,,,,,,,,,,False
replication,b867e9855af0a3ac,2,50,50,3,fixed_rank,success,success,True,True,True,True,True,True,"[1, 1, 1]",,,,,7,dgp2_N50_T50_r00003_truth1-1-1,4798e093f0b798bdf4b500d5634878b5a46a8c1d7def3f8d1eedd27805947fbe,1.8649264999839943,,,A_fixed_time_mean,target,success,[],dgp2_N50_T50_r00003_truth1-1-1,success,"[1, 1, 1]",0.4860686235334829,0.342927192260505,0.0939155527489695,0.008820131048144473,0.342927192260505,0.0939155527489695,0.008820131048144473,-0.1431414312729779,0.342927192260505,0.0939155527489695,0.008820131048144473,-0.1431414312729779,0.342927192260505,,,0.0,4.0,0.266756400000304,[],null,null,False,True,True,False,"[1, 1, 1]",,"[1, 1, 1]",,,,,,,,null,,1.3674892053882186,12.0,2.8193588547180927e-05,0.6745274113529459,73.0,7.03304750891032e-09,1.1619072884749502,0.13652407090819677,297.0,0.28047411273804523,29.654977491685838,105.73160282846757,True,converged,1.53980503550406e-05,False,8.0,1.0,0.07438929998897947,0.014007499994477257,0.5478141999919899,"[20260810, 4011364011, 979268564, 1499620634, 1499620634, 2235565902, 1387497986, 1337576661]",b867e9855af0a3ac,610c7358dde2c1b141abb0f783ec54c402df554b,0.9622787915676991,0.6499570856178685,1.8182956745712169,0.8833198938274636,0.85,0.49856831604014995,0.5767420985637711,0.2531117325851726,0.85,0.08573381973092804,1.577223417692715,0.8999999999999999,1.1,0.8,1.2,0.85,2.031384387633061,6.140886497349466,6.140886497349466,0.85,1.577223417692715,4.01109331840572,4.01109331840572,9.0,1.0,2.8591135026505343,True,4798e093f0b798bdf4b500d5634878b5a46a8c1d7def3f8d1eedd27805947fbe,theorem_covered,True,0.14142135623730953,0.14072874784113726,0.9951025190635985,,,,,,,,,,,,,,,,,,False
replication,b867e9855af0a3ac,2,50,50,3,fixed_rank,success,success,True,True,True,True,True,True,"[1, 1, 1]",,,,,7,dgp2_N50_T50_r00003_truth1-1-1,4798e093f0b798bdf4b500d5634878b5a46a8c1d7def3f8d1eedd27805947fbe,1.8649264999839943,,,B_fixed_time_mean,target,success,[],dgp2_N50_T50_r00003_truth1-1-1,success,"[1, 1, 1]",0.7863748249680722,0.7227878452487185,0.27484488818825803,0.07553971256321605,0.7227878452487185,0.27484488818825803,0.07553971256321605,-0.06358697971935368,0.7227878452487185,0.27484488818825803,0.07553971256321605,-0.06358697971935368,0.7227878452487185,,,0.0,4.0,0.266756400000304,[],null,null,False,True,True,False,"[1, 1, 1]",,"[1, 1, 1]",,,,,,,,null,,1.3674892053882186,12.0,2.8193588547180927e-05,0.6745274113529459,76.0,9.619889957617958e-09,0.6274902541766895,0.12630447372654238,297.0,0.28047411273804523,29.654977491685838,105.73160282846757,True,converged,4.814451568778303e-05,False,8.0,1.0,0.07438929998897947,0.014539199997670949,0.5948492999887094,"[20260810, 4011364011, 979268564, 1499620634, 1499620634, 2235565902, 1387497986, 1337576661]",b867e9855af0a3ac,610c7358dde2c1b141abb0f783ec54c402df554b,0.9622787915676991,0.6499570856178685,1.8182956745712169,0.8833198938274636,0.85,0.49856831604014995,0.5767420985637711,0.2531117325851726,0.85,0.08573381973092804,1.577223417692715,0.8999999999999999,1.1,0.8,1.2,0.85,2.031384387633061,6.140886497349466,6.140886497349466,0.85,1.577223417692715,4.01109331840572,4.01109331840572,9.0,1.0,2.8591135026505343,True,4798e093f0b798bdf4b500d5634878b5a46a8c1d7def3f8d1eedd27805947fbe,theorem_covered,True,0.14142135623730953,0.1314754888941742,0.9296720975688718,,,,,,,,,,,,,,,,,,False
replication,b867e9855af0a3ac,2,50,50,3,fixed_rank,success,success,True,True,True,True,True,True,"[1, 1, 1]",,,,,7,dgp2_N50_T50_r00003_truth1-1-1,4798e093f0b798bdf4b500d5634878b5a46a8c1d7def3f8d1eedd27805947fbe,1.8649264999839943,,,A_full_mean,target,success,[],dgp2_N50_T50_r00003_truth1-1-1,success,"[1, 1, 1]",0.49856831604015006,0.4084182556024789,0.024769291520351167,0.0006135178024201402,0.41496132284792003,0.016605423091342452,0.00027574007604248916,-0.08360699319223003,0.4084182556024789,0.024769291520351167,0.0006135178024201402,-0.09015006043767115,0.41496132284792003,0.4138180061326371,0.42264770680864405,4.0,4.0,0.266756400000304,"[{""converged"": true, ""kind"": ""time"", ""max_envelope_ratio"": 0.6612731521346688, ""n"": 50, ""numerical_rank_vector"": [1, 1, 1], ""part"": 0, ""rank_supported"": true, ""riesz_converged"": true, ""riesz_equation_residual"": 8.0829488897022e-09, ""riesz_solver"": ""cg"", ""riesz_target_rayleigh_quotient"": 1.0432168629980902, ""riesz_target_stable"": true, ""split_rank_singular_values"": [{""block"": ""A"", ""computational_rank_supported"": true, ""relative_rank_floor"": 1e-10, ""sigma_1"": 16.259030981571172, ""sigma_r"": 16.259030981571172, ""sigma_r_over_sigma_1"": 1.0, ""supplied_rank"": 1}, {""block"": ""B"", ""computational_rank_supported"": true, ""relative_rank_floor"": 1e-10, ""sigma_1"": 30.150978849500834, ""sigma_r"": 30.150978849500834, ""sigma_r_over_sigma_1"": 1.0, ""supplied_rank"": 1}, {""block"": ""H"", ""computational_rank_supported"": true, ""relative_rank_floor"": 1e-10, ""sigma_1"": 42.239944925879165, ""sigma_r"": 42.239944925879165, ""sigma_r_over_sigma_1"": 1.0, ""supplied_rank"": 1}], ""stationarity_residual"": 4.44974984327068e-05, ""t"": 25, ""tangent_gram_condition_number"": 91.20251218487986, ""tangent_gram_coordinate_dimension"": 222, ""tangent_gram_eigensolver_converged"": true, ""tangent_gram_eigensolver_status"": ""converged"", ""tangent_gram_largest_eigenvalue"": 22.637614005027167, ""tangent_gram_smallest_eigenvalue"": 0.24821261457291496, ""target_support_norm"": 0.013784772627127231, ""target_supported"": true}, {""converged"": true, ""kind"": ""time"", ""max_envelope_ratio"": 0.7052579948309475, ""n"": 50, ""numerical_rank_vector"": [1, 1, 1], ""part"": 1, ""rank_supported"": true, ""riesz_converged"": true, ""riesz_equation_residual"": 9.114720455834575e-09, ""riesz_solver"": ""cg"", ""riesz_target_rayleigh_quotient"": 0.8102738659862762, ""riesz_target_stable"": true, ""split_rank_singular_values"": [{""block"": ""A"", ""computational_rank_supported"": true, ""relative_rank_floor"": 1e-10, ""sigma_1"": 19.180551508426195, ""sigma_r"": 19.180551508426195, ""sigma_r_over_sigma_1"": 1.0, ""supplied_rank"": 1}, {""block"": ""B"", ""computational_rank_supported"": true, ""relative_rank_floor"": 1e-10, ""sigma_1"": 30.576854648652905, ""sigma_r"": 30.576854648652905, ""sigma_r_over_sigma_1"": 1.0, ""supplied_rank"": 1}, {""block"": ""H"", ""computational_rank_supported"": true, ""relative_rank_floor"": 1e-10, ""sigma_1"": 40.506212958446596, ""sigma_r"": 40.506212958446596, ""sigma_r_over_sigma_1"": 1.0, ""supplied_rank"": 1}], ""stationarity_residual"": 4.241120238204882e-05, ""t"": 25, ""tangent_gram_condition_number"": 161.77154872069062, ""tangent_gram_coordinate_dimension"": 222, ""tangent_gram_eigensolver_converged"": true, ""tangent_gram_eigensolver_status"": ""converged"", ""tangent_gram_largest_eigenvalue"": 33.05526192850383, ""tangent_gram_smallest_eigenvalue"": 0.20433297566790282, ""target_support_norm"": 0.014021498027686133, ""target_supported"": true}, {""converged"": true, ""kind"": ""unit"", ""max_envelope_ratio"": 0.8503678896939542, ""n"": 26, ""numerical_rank_vector"": [1, 1, 1], ""part"": 0, ""rank_supported"": true, ""riesz_converged"": true, ""riesz_equation_residual"": 9.472877778424784e-09, ""riesz_solver"": ""cg"", ""riesz_target_rayleigh_quotient"": 0.8226252452868407, ""riesz_target_stable"": true, ""split_rank_singular_values"": [{""block"": ""A"", ""computational_rank_supported"": true, ""relative_rank_floor"": 1e-10, ""sigma_1"": 17.218741645046165, ""sigma_r"": 17.218741645046165, ""sigma_r_over_sigma_1"": 1.0, ""supplied_rank"": 1}, {""block"": ""B"", ""computational_rank_supported"": true, ""relative_rank_floor"": 1e-10, ""sigma_1"": 30.9919070297338, ""sigma_r"": 30.9919070297338, ""sigma_r_over_sigma_1"": 1.0, ""supplied_rank"": 1}, {""block"": ""H"", ""computational_rank_supported"": true, ""relative_rank_floor"": 1e-10, ""sigma_1"": 49.35685071708297, ""sigma_r"": 49.35685071708297, ""sigma_r_over_sigma_1"": 1.0, ""supplied_rank"": 1}], ""stationarity_residual"": 3.3487799427261124e-05, ""t"": 50, ""tangent_gram_condition_number"": 166.3651184072019, ""tangent_gram_coordinate_dimension"": 225, ""tangent_gram_eigensolver_converged"": true, ""tangent_gram_eigensolver_status"": ""converged"", ""tangent_gram_largest_eigenvalue"": 30.551305029582217, ""tangent_gram_smallest_eigenvalue"": 0.1836400882714105, ""target_support_norm"": 0.01426853807942108, ""target_supported"": true}, {""converged"": true, ""kind"": ""unit"", ""max_envelope_ratio"": 0.6504343793347784, ""n"": 24, ""numerical_rank_vector"": [1, 1, 1], ""part"": 1, ""rank_supported"": true, ""riesz_converged"": true, ""riesz_equation_residual"": 8.532382297666048e-09, ""riesz_solver"": ""cg"", ""riesz_target_rayleigh_quotient"": 0.7614828552176618, ""riesz_target_stable"": true, ""split_rank_singular_values"": [{""block"": ""A"", ""computational_rank_supported"": true, ""relative_rank_floor"": 1e-10, ""sigma_1"": 17.59214597397939, ""sigma_r"": 17.59214597397939, ""sigma_r_over_sigma_1"": 1.0, ""supplied_rank"": 1}, {""block"": ""B"", ""computational_rank_supported"": true, ""relative_rank_floor"": 1e-10, ""sigma_1"": 28.596159114417198, ""sigma_r"": 28.596159114417198, ""sigma_r_over_sigma_1"": 1.0, ""supplied_rank"": 1}, {""block"": ""H"", ""computational_rank_supported"": true, ""relative_rank_floor"": 1e-10, ""sigma_1"": 38.446077924726204, ""sigma_r"": 38.446077924726204, ""sigma_r_over_sigma_1"": 1.0, ""supplied_rank"": 1}], ""stationarity_residual"": 4.139377449315525e-05, ""t"": 50, ""tangent_gram_condition_number"": 178.83182296786939, ""tangent_gram_coordinate_dimension"": 219, ""tangent_gram_eigensolver_converged"": true, ""tangent_gram_eigensolver_status"": ""converged"", ""tangent_gram_largest_eigenvalue"": 29.870277895064273, ""tangent_gram_smallest_eigenvalue"": 0.16702999163874233, ""target_support_norm"": 0.013776129413674855, ""target_supported"": true}]","[[9, 10, 11, 13, 15, 16, 19, 21, 22, 26, 27, 28, 29, 31, 32, 34, 36, 39, 40, 41, 42, 43, 44, 47, 48], [0, 1, 2, 3, 4, 5, 6, 7, 8, 12, 14, 17, 18, 20, 23, 24, 25, 30, 33, 35, 37, 38, 45, 46, 49]]","[[0, 2, 6, 7, 8, 14, 15, 17, 18, 20, 21, 22, 24, 25, 32, 33, 35, 36, 37, 39, 40, 41, 43, 44, 46, 49], [1, 3, 4, 5, 9, 10, 11, 12, 13, 16, 19, 23, 26, 27, 28, 29, 30, 31, 34, 38, 42, 45, 47, 48]]",True,True,False,True,"[1, 1, 1]",,"[1, 1, 1]",,,,,,,,null,,1.3674892053882186,12.0,2.8193588547180927e-05,0.6745274113529459,76.0,7.136905754073271e-09,0.9665435664486173,0.0199093601493128,297.0,0.28047411273804523,29.654977491685838,105.73160282846757,True,converged,7.340111472277023e-05,False,8.0,1.0,0.07438929998897947,0.05720929999370128,0.6894392999820411,"[20260810, 4011364011, 979268564, 1499620634, 1499620634, 2235565902, 1387497986, 1337576661]",b867e9855af0a3ac,610c7358dde2c1b141abb0f783ec54c402df554b,0.9622787915676991,0.6499570856178685,1.8182956745712169,0.8833198938274636,0.85,0.49856831604014995,0.5767420985637711,0.2531117325851726,0.85,0.08573381973092804,1.577223417692715,0.8999999999999999,1.1,0.8,1.2,0.85,2.031384387633061,6.140886497349466,6.140886497349466,0.85,1.577223417692715,4.01109331840572,4.01109331840572,9.0,1.0,2.8591135026505343,True,4798e093f0b798bdf4b500d5634878b5a46a8c1d7def3f8d1eedd27805947fbe,theorem_covered,True,0.01999999999999997,0.019995700633558426,0.9997850316779229,,,,,,,,,,,,,,,,,,False
replication,b867e9855af0a3ac,2,50,50,3,fixed_rank,success,success,True,True,True,True,True,True,"[1, 1, 1]",,,,,7,dgp2_N50_T50_r00003_truth1-1-1,4798e093f0b798bdf4b500d5634878b5a46a8c1d7def3f8d1eedd27805947fbe,1.8649264999839943,,,B_full_mean,target,success,[],dgp2_N50_T50_r00003_truth1-1-1,success,"[1, 1, 1]",0.5767420985637711,0.7546516345170732,0.06964625708569279,0.004850601126046413,0.6305777961707608,0.032936189694860944,0.0010847925916158644,0.053835697606989696,0.7546516345170732,0.06964625708569279,0.004850601126046413,0.17790953595330206,0.6305777961707608,0.5628908344840919,0.5741909195111173,4.0,4.0,0.266756400000304,"[{""converged"": true, ""kind"": ""time"", ""max_envelope_ratio"": 0.6612731521346688, ""n"": 50, ""numerical_rank_vector"": [1, 1, 1], ""part"": 0, ""rank_supported"": true, ""riesz_converged"": true, ""riesz_equation_residual"": 7.767119154096423e-09, ""riesz_solver"": ""cg"", ""riesz_target_rayleigh_quotient"": 0.6660902606837438, ""riesz_target_stable"": true, ""split_rank_singular_values"": [{""block"": ""A"", ""computational_rank_supported"": true, ""relative_rank_floor"": 1e-10, ""sigma_1"": 16.259030981571172, ""sigma_r"": 16.259030981571172, ""sigma_r_over_sigma_1"": 1.0, ""supplied_rank"": 1}, {""block"": ""B"", ""computational_rank_supported"": true, ""relative_rank_floor"": 1e-10, ""sigma_1"": 30.150978849500834, ""sigma_r"": 30.150978849500834, ""sigma_r_over_sigma_1"": 1.0, ""supplied_rank"": 1}, {""block"": ""H"", ""computational_rank_supported"": true, ""relative_rank_floor"": 1e-10, ""sigma_1"": 42.239944925879165, ""sigma_r"": 42.239944925879165, ""sigma_r_over_sigma_1"": 1.0, ""supplied_rank"": 1}], ""stationarity_residual"": 4.44974984327068e-05, ""t"": 25, ""tangent_gram_condition_number"": 91.20251218487986, ""tangent_gram_coordinate_dimension"": 222, ""tangent_gram_eigensolver_converged"": true, ""tangent_gram_eigensolver_status"": ""converged"", ""tangent_gram_largest_eigenvalue"": 22.637614005027167, ""tangent_gram_smallest_eigenvalue"": 0.24821261457291496, ""target_support_norm"": 0.013637197377326968, ""target_supported"": true}, {""converged"": true, ""kind"": ""time"", ""max_envelope_ratio"": 0.7052579948309475, ""n"": 50, ""numerical_rank_vector"": [1, 1, 1], ""part"": 1, ""rank_supported"": true, ""riesz_converged"": true, ""riesz_equation_residual"": 6.006500044644141e-09, ""riesz_solver"": ""cg"", ""riesz_target_rayleigh_quotient"": 0.45229762298434584, ""riesz_target_stable"": true, ""split_rank_singular_values"": [{""block"": ""A"", ""computational_rank_supported"": true, ""relative_rank_floor"": 1e-10, ""sigma_1"": 19.180551508426195, ""sigma_r"": 19.180551508426195, ""sigma_r_over_sigma_1"": 1.0, ""supplied_rank"": 1}, {""block"": ""B"", ""computational_rank_supported"": true, ""relative_rank_floor"": 1e-10, ""sigma_1"": 30.576854648652905, ""sigma_r"": 30.576854648652905, ""sigma_r_over_sigma_1"": 1.0, ""supplied_rank"": 1}, {""block"": ""H"", ""computational_rank_supported"": true, ""relative_rank_floor"": 1e-10, ""sigma_1"": 40.506212958446596, ""sigma_r"": 40.506212958446596, ""sigma_r_over_sigma_1"": 1.0, ""supplied_rank"": 1}], ""stationarity_residual"": 4.241120238204882e-05, ""t"": 25, ""tangent_gram_condition_number"": 161.77154872069062, ""tangent_gram_coordinate_dimension"": 222, ""tangent_gram_eigensolver_converged"": true, ""tangent_gram_eigensolver_status"": ""converged"", ""tangent_gram_largest_eigenvalue"": 33.05526192850383, ""tangent_gram_smallest_eigenvalue"": 0.20433297566790282, ""target_support_norm"": 0.012945082034339805, ""target_supported"": true}, {""converged"": true, ""kind"": ""unit"", ""max_envelope_ratio"": 0.8503678896939542, ""n"": 26, ""numerical_rank_vector"": [1, 1, 1], ""part"": 0, ""rank_supported"": true, ""riesz_converged"": true, ""riesz_equation_residual"": 6.837022260956827e-09, ""riesz_solver"": ""cg"", ""riesz_target_rayleigh_quotient"": 0.47356208554550444, ""riesz_target_stable"": true, ""split_rank_singular_values"": [{""block"": ""A"", ""computational_rank_supported"": true, ""relative_rank_floor"": 1e-10, ""sigma_1"": 17.218741645046165, ""sigma_r"": 17.218741645046165, ""sigma_r_over_sigma_1"": 1.0, ""supplied_rank"": 1}, {""block"": ""B"", ""computational_rank_supported"": true, ""relative_rank_floor"": 1e-10, ""sigma_1"": 30.9919070297338, ""sigma_r"": 30.9919070297338, ""sigma_r_over_sigma_1"": 1.0, ""supplied_rank"": 1}, {""block"": ""H"", ""computational_rank_supported"": true, ""relative_rank_floor"": 1e-10, ""sigma_1"": 49.35685071708297, ""sigma_r"": 49.35685071708297, ""sigma_r_over_sigma_1"": 1.0, ""supplied_rank"": 1}], ""stationarity_residual"": 3.3487799427261124e-05, ""t"": 50, ""tangent_gram_condition_number"": 166.3651184072019, ""tangent_gram_coordinate_dimension"": 225, ""tangent_gram_eigensolver_converged"": true, ""tangent_gram_eigensolver_status"": ""converged"", ""tangent_gram_largest_eigenvalue"": 30.551305029582217, ""tangent_gram_smallest_eigenvalue"": 0.1836400882714105, ""target_support_norm"": 0.012984808517299802, ""target_supported"": true}, {""converged"": true, ""kind"": ""unit"", ""max_envelope_ratio"": 0.6504343793347784, ""n"": 24, ""numerical_rank_vector"": [1, 1, 1], ""part"": 1, ""rank_supported"": true, ""riesz_converged"": true, ""riesz_equation_residual"": 9.197918238557937e-09, ""riesz_solver"": ""cg"", ""riesz_target_rayleigh_quotient"": 0.6123814407204997, ""riesz_target_stable"": true, ""split_rank_singular_values"": [{""block"": ""A"", ""computational_rank_supported"": true, ""relative_rank_floor"": 1e-10, ""sigma_1"": 17.59214597397939, ""sigma_r"": 17.59214597397939, ""sigma_r_over_sigma_1"": 1.0, ""supplied_rank"": 1}, {""block"": ""B"", ""computational_rank_supported"": true, ""relative_rank_floor"": 1e-10, ""sigma_1"": 28.596159114417198, ""sigma_r"": 28.596159114417198, ""sigma_r_over_sigma_1"": 1.0, ""supplied_rank"": 1}, {""block"": ""H"", ""computational_rank_supported"": true, ""relative_rank_floor"": 1e-10, ""sigma_1"": 38.446077924726204, ""sigma_r"": 38.446077924726204, ""sigma_r_over_sigma_1"": 1.0, ""supplied_rank"": 1}], ""stationarity_residual"": 4.139377449315525e-05, ""t"": 50, ""tangent_gram_condition_number"": 178.83182296786939, ""tangent_gram_coordinate_dimension"": 219, ""tangent_gram_eigensolver_converged"": true, ""tangent_gram_eigensolver_status"": ""converged"", ""tangent_gram_largest_eigenvalue"": 29.870277895064273, ""tangent_gram_smallest_eigenvalue"": 0.16702999163874233, ""target_support_norm"": 0.013648362562502379, ""target_supported"": true}]","[[9, 10, 11, 13, 15, 16, 19, 21, 22, 26, 27, 28, 29, 31, 32, 34, 36, 39, 40, 41, 42, 43, 44, 47, 48], [0, 1, 2, 3, 4, 5, 6, 7, 8, 12, 14, 17, 18, 20, 23, 24, 25, 30, 33, 35, 37, 38, 45, 46, 49]]","[[0, 2, 6, 7, 8, 14, 15, 17, 18, 20, 21, 22, 24, 25, 32, 33, 35, 36, 37, 39, 40, 41, 43, 44, 46, 49], [1, 3, 4, 5, 9, 10, 11, 12, 13, 16, 19, 23, 26, 27, 28, 29, 30, 31, 34, 38, 42, 45, 47, 48]]",True,True,False,True,"[1, 1, 1]",,"[1, 1, 1]",,,,,,,,null,,1.3674892053882186,12.0,2.8193588547180927e-05,0.6745274113529459,78.0,8.308440908154941e-09,0.7084123669716946,0.01964282497148855,297.0,0.28047411273804523,29.654977491685838,105.73160282846757,True,converged,2.616470032780897e-05,False,8.0,1.0,0.07438929998897947,0.05947279999963939,0.783165500004543,"[20260810, 4011364011, 979268564, 1499620634, 1499620634, 2235565902, 1387497986, 1337576661]",b867e9855af0a3ac,610c7358dde2c1b141abb0f783ec54c402df554b,0.9622787915676991,0.6499570856178685,1.8182956745712169,0.8833198938274636,0.85,0.49856831604014995,0.5767420985637711,0.2531117325851726,0.85,0.08573381973092804,1.577223417692715,0.8999999999999999,1.1,0.8,1.2,0.85,2.031384387633061,6.140886497349466,6.140886497349466,0.85,1.577223417692715,4.01109331840572,4.01109331840572,9.0,1.0,2.8591135026505343,True,4798e093f0b798bdf4b500d5634878b5a46a8c1d7def3f8d1eedd27805947fbe,theorem_covered,True,0.01999999999999997,0.01988537607100906,0.9942688035504545,,,,,,,,,,,,,,,,,,False
replication,b867e9855af0a3ac,2,50,50,3,fixed_rank,success,success,True,True,True,True,True,True,"[1, 1, 1]",,,,,7,dgp2_N50_T50_r00003_truth1-1-1,4798e093f0b798bdf4b500d5634878b5a46a8c1d7def3f8d1eedd27805947fbe,1.8649264999839943,,,A_G1_fixed_time,target,success,[],dgp2_N50_T50_r00003_truth1-1-1,success,"[1, 1, 1]",0.48507604383496417,0.3424417800595836,0.09480181919970468,0.008987384923573495,0.3424417800595836,0.09480181919970468,0.008987384923573495,-0.14263426377538058,0.3424417800595836,0.09480181919970468,0.008987384923573495,-0.14263426377538058,0.3424417800595836,,,0.0,4.0,0.266756400000304,[],null,null,False,True,True,False,"[1, 1, 1]",,"[1, 1, 1]",,,,,,,,null,,1.3674892053882186,12.0,2.8193588547180927e-05,0.6745274113529459,72.0,8.592575144733547e-09,1.1699490903498657,0.13720085837488896,297.0,0.28047411273804523,29.654977491685838,105.73160282846757,True,converged,3.264413005168269e-06,False,8.0,1.0,0.07438929998897947,0.014227399980882183,0.8293576999858487,"[20260810, 4011364011, 979268564, 1499620634, 1499620634, 2235565902, 1387497986, 1337576661]",b867e9855af0a3ac,610c7358dde2c1b141abb0f783ec54c402df554b,0.9622787915676991,0.6499570856178685,1.8182956745712169,0.8833198938274636,0.85,0.49856831604014995,0.5767420985637711,0.2531117325851726,0.85,0.08573381973092804,1.577223417692715,0.8999999999999999,1.1,0.8,1.2,0.85,2.031384387633061,6.140886497349466,6.140886497349466,0.85,1.577223417692715,4.01109331840572,4.01109331840572,9.0,1.0,2.8591135026505343,True,4798e093f0b798bdf4b500d5634878b5a46a8c1d7def3f8d1eedd27805947fbe,theorem_covered,True,0.2,0.14173579120605614,0.7086789560302806,,,,,,,,,,,,,,,,,,False
replication,b867e9855af0a3ac,2,50,50,3,fixed_rank,success,success,True,True,True,True,True,True,"[1, 1, 1]",,,,,7,dgp2_N50_T50_r00003_truth1-1-1,4798e093f0b798bdf4b500d5634878b5a46a8c1d7def3f8d1eedd27805947fbe,1.8649264999839943,,,A_G2_fixed_time,target,success,[],dgp2_N50_T50_r00003_truth1-1-1,success,"[1, 1, 1]",0.4870612032320016,0.3434126044614264,0.09436872605944543,0.008905456458082656,0.3434126044614264,0.09436872605944543,0.008905456458082656,-0.14364859877057518,0.3434126044614264,0.09436872605944543,0.008905456458082656,-0.14364859877057518,0.3434126044614264,,,0.0,4.0,0.266756400000304,[],null,null,False,True,True,False,"[1, 1, 1]",,"[1, 1, 1]",,,,,,,,null,,1.3674892053882186,12.0,2.8193588547180927e-05,0.6745274113529459,72.0,9.112613929783165e-09,1.1747960623405993,0.13758002989562185,297.0,0.28047411273804523,29.654977491685838,105.73160282846757,True,converged,2.724831035624145e-05,False,8.0,1.0,0.07438929998897947,0.014827199978753924,0.882901499979198,"[20260810, 4011364011, 979268564, 1499620634, 1499620634, 2235565902, 1387497986, 1337576661]",b867e9855af0a3ac,610c7358dde2c1b141abb0f783ec54c402df554b,0.9622787915676991,0.6499570856178685,1.8182956745712169,0.8833198938274636,0.85,0.49856831604014995,0.5767420985637711,0.2531117325851726,0.85,0.08573381973092804,1.577223417692715,0.8999999999999999,1.1,0.8,1.2,0.85,2.031384387633061,6.140886497349466,6.140886497349466,0.85,1.577223417692715,4.01109331840572,4.01109331840572,9.0,1.0,2.8591135026505343,True,4798e093f0b798bdf4b500d5634878b5a46a8c1d7def3f8d1eedd27805947fbe,theorem_covered,True,0.2,0.1422948749870789,0.7114743749353944,,,,,,,,,,,,,,,,,,False
replication,b867e9855af0a3ac,2,50,50,3,fixed_rank,success,success,True,True,True,True,True,True,"[1, 1, 1]",,,,,7,dgp2_N50_T50_r00003_truth1-1-1,4798e093f0b798bdf4b500d5634878b5a46a8c1d7def3f8d1eedd27805947fbe,1.8649264999839943,,,A_G2_minus_G1_fixed_time,target,success,[],dgp2_N50_T50_r00003_truth1-1-1,success,"[1, 1, 1]",0.0019851593970373867,0.0009708244018428683,0.02247573148591064,0.000505158505826755,0.0009708244018428683,0.02247573148591064,0.000505158505826755,-0.0010143349951945184,0.0009708244018428683,0.02247573148591064,0.000505158505826755,-0.0010143349951945184,0.0009708244018428683,,,0.0,4.0,0.266756400000304,[],null,null,False,False,True,False,"[1, 1, 1]",,"[1, 1, 1]",,,,,,,,null,,1.3674892053882186,12.0,2.8193588547180927e-05,0.6745274113529459,74.0,7.736090664856105e-09,2.08224089921984,0.030812214791990807,297.0,0.28047411273804523,29.654977491685838,105.73160282846757,True,converged,8.42969380957359e-05,False,8.0,1.0,0.07438929998897947,0.016889400023501366,0.9357768000045326,"[20260810, 4011364011, 979268564, 1499620634, 1499620634, 2235565902, 1387497986, 1337576661]",b867e9855af0a3ac,610c7358dde2c1b141abb0f783ec54c402df554b,0.9622787915676991,0.6499570856178685,1.8182956745712169,0.8833198938274636,0.85,0.49856831604014995,0.5767420985637711,0.2531117325851726,0.85,0.08573381973092804,1.577223417692715,0.8999999999999999,1.1,0.8,1.2,0.85,2.031384387633061,6.140886497349466,6.140886497349466,0.85,1.577223417692715,4.01109331840572,4.01109331840572,9.0,1.0,2.8591135026505343,True,4798e093f0b798bdf4b500d5634878b5a46a8c1d7def3f8d1eedd27805947fbe,weak_target_stress_outside_assumption9,False,0.28284271247461906,0.03814983665826921,0.13488004101110646,,,,,,,,,,,,,,,,,,False
replication,b867e9855af0a3ac,2,50,50,3,fixed_rank,success,success,True,True,True,True,True,True,"[1, 1, 1]",,,,,7,dgp2_N50_T50_r00003_truth1-1-1,4798e093f0b798bdf4b500d5634878b5a46a8c1d7def3f8d1eedd27805947fbe,1.8649264999839943,,,A_G1_time_average,target,success,[],dgp2_N50_T50_r00003_truth1-1-1,success,"[1, 1, 1]",0.49755021126056426,0.4117097159931794,0.036639454582282405,0.001342449632087135,0.41437394659556426,0.023173513608595677,0.000537011732967769,-0.083176264665,0.4117097159931794,0.036639454582282405,0.001342449632087135,-0.08584049526738485,0.41437394659556426,0.3975843229980849,0.4338278007954285,4.0,4.0,0.266756400000304,"[{""converged"": true, ""kind"": ""time"", ""max_envelope_ratio"": 0.6612731521346688, ""n"": 50, ""numerical_rank_vector"": [1, 1, 1], ""part"": 0, ""rank_supported"": true, ""riesz_converged"": true, ""riesz_equation_residual"": 8.284570458116252e-09, ""riesz_solver"": ""cg"", ""riesz_target_rayleigh_quotient"": 1.1948898451573944, ""riesz_target_stable"": true, ""split_rank_singular_values"": [{""block"": ""A"", ""computational_rank_supported"": true, ""relative_rank_floor"": 1e-10, ""sigma_1"": 16.259030981571172, ""sigma_r"": 16.259030981571172, ""sigma_r_over_sigma_1"": 1.0, ""supplied_rank"": 1}, {""block"": ""B"", ""computational_rank_supported"": true, ""relative_rank_floor"": 1e-10, ""sigma_1"": 30.150978849500834, ""sigma_r"": 30.150978849500834, ""sigma_r_over_sigma_1"": 1.0, ""supplied_rank"": 1}, {""block"": ""H"", ""computational_rank_supported"": true, ""relative_rank_floor"": 1e-10, ""sigma_1"": 42.239944925879165, ""sigma_r"": 42.239944925879165, ""sigma_r_over_sigma_1"": 1.0, ""supplied_rank"": 1}], ""stationarity_residual"": 4.44974984327068e-05, ""t"": 25, ""tangent_gram_condition_number"": 91.20251218487986, ""tangent_gram_coordinate_dimension"": 222, ""tangent_gram_eigensolver_converged"": true, ""tangent_gram_eigensolver_status"": ""converged"", ""tangent_gram_largest_eigenvalue"": 22.637614005027167, ""tangent_gram_smallest_eigenvalue"": 0.24821261457291496, ""target_support_norm"": 0.018605938498692423, ""target_supported"": true}, {""converged"": true, ""kind"": ""time"", ""max_envelope_ratio"": 0.7052579948309475, ""n"": 50, ""numerical_rank_vector"": [1, 1, 1], ""part"": 1, ""rank_supported"": true, ""riesz_converged"": true, ""riesz_equation_residual"": 9.222364823905143e-09, ""riesz_solver"": ""cg"", ""riesz_target_rayleigh_quotient"": 0.9323189744494251, ""riesz_target_stable"": true, ""split_rank_singular_values"": [{""block"": ""A"", ""computational_rank_supported"": true, ""relative_rank_floor"": 1e-10, ""sigma_1"": 19.180551508426195, ""sigma_r"": 19.180551508426195, ""sigma_r_over_sigma_1"": 1.0, ""supplied_rank"": 1}, {""block"": ""B"", ""computational_rank_supported"": true, ""relative_rank_floor"": 1e-10, ""sigma_1"": 30.576854648652905, ""sigma_r"": 30.576854648652905, ""sigma_r_over_sigma_1"": 1.0, ""supplied_rank"": 1}, {""block"": ""H"", ""computational_rank_supported"": true, ""relative_rank_floor"": 1e-10, ""sigma_1"": 40.506212958446596, ""sigma_r"": 40.506212958446596, ""sigma_r_over_sigma_1"": 1.0, ""supplied_rank"": 1}], ""stationarity_residual"": 4.241120238204882e-05, ""t"": 25, ""tangent_gram_condition_number"": 161.77154872069062, ""tangent_gram_coordinate_dimension"": 222, ""tangent_gram_eigensolver_converged"": true, ""tangent_gram_eigensolver_status"": ""converged"", ""tangent_gram_largest_eigenvalue"": 33.05526192850383, ""tangent_gram_smallest_eigenvalue"": 0.20433297566790282, ""target_support_norm"": 0.01914632446102637, ""target_supported"": true}, {""converged"": true, ""kind"": ""unit"", ""max_envelope_ratio"": 0.8503678896939542, ""n"": 26, ""numerical_rank_vector"": [1, 1, 1], ""part"": 0, ""rank_supported"": true, ""riesz_converged"": true, ""riesz_equation_residual"": 9.75415736542791e-09, ""riesz_solver"": ""cg"", ""riesz_target_rayleigh_quotient"": 1.3270058413690167, ""riesz_target_stable"": true, ""split_rank_singular_values"": [{""block"": ""A"", ""computational_rank_supported"": true, ""relative_rank_floor"": 1e-10, ""sigma_1"": 17.218741645046165, ""sigma_r"": 17.218741645046165, ""sigma_r_over_sigma_1"": 1.0, ""supplied_rank"": 1}, {""block"": ""B"", ""computational_rank_supported"": true, ""relative_rank_floor"": 1e-10, ""sigma_1"": 30.9919070297338, ""sigma_r"": 30.9919070297338, ""sigma_r_over_sigma_1"": 1.0, ""supplied_rank"": 1}, {""block"": ""H"", ""computational_rank_supported"": true, ""relative_rank_floor"": 1e-10, ""sigma_1"": 49.35685071708297, ""sigma_r"": 49.35685071708297, ""sigma_r_over_sigma_1"": 1.0, ""supplied_rank"": 1}], ""stationarity_residual"": 3.3487799427261124e-05, ""t"": 50, ""tangent_gram_condition_number"": 166.3651184072019, ""tangent_gram_coordinate_dimension"": 225, ""tangent_gram_eigensolver_converged"": true, ""tangent_gram_eigensolver_status"": ""converged"", ""tangent_gram_largest_eigenvalue"": 30.551305029582217, ""tangent_gram_smallest_eigenvalue"": 0.1836400882714105, ""target_support_norm"": 0.019320526219747485, ""target_supported"": true}, {""converged"": true, ""kind"": ""unit"", ""max_envelope_ratio"": 0.6504343793347784, ""n"": 24, ""numerical_rank_vector"": [1, 1, 1], ""part"": 1, ""rank_supported"": true, ""riesz_converged"": true, ""riesz_equation_residual"": 8.843485767179291e-09, ""riesz_solver"": ""cg"", ""riesz_target_rayleigh_quotient"": 0.707433011025043, ""riesz_target_stable"": true, ""split_rank_singular_values"": [{""block"": ""A"", ""computational_rank_supported"": true, ""relative_rank_floor"": 1e-10, ""sigma_1"": 17.59214597397939, ""sigma_r"": 17.59214597397939, ""sigma_r_over_sigma_1"": 1.0, ""supplied_rank"": 1}, {""block"": ""B"", ""computational_rank_supported"": true, ""relative_rank_floor"": 1e-10, ""sigma_1"": 28.596159114417198, ""sigma_r"": 28.596159114417198, ""sigma_r_over_sigma_1"": 1.0, ""supplied_rank"": 1}, {""block"": ""H"", ""computational_rank_supported"": true, ""relative_rank_floor"": 1e-10, ""sigma_1"": 38.446077924726204, ""sigma_r"": 38.446077924726204, ""sigma_r_over_sigma_1"": 1.0, ""supplied_rank"": 1}], ""stationarity_residual"": 4.139377449315525e-05, ""t"": 50, ""tangent_gram_condition_number"": 178.83182296786939, ""tangent_gram_coordinate_dimension"": 219, ""tangent_gram_eigensolver_converged"": true, ""tangent_gram_eigensolver_status"": ""converged"", ""tangent_gram_largest_eigenvalue"": 29.870277895064273, ""tangent_gram_smallest_eigenvalue"": 0.16702999163874233, ""target_support_norm"": 0.01862800049115462, ""target_supported"": true}]","[[9, 10, 11, 13, 15, 16, 19, 21, 22, 26, 27, 28, 29, 31, 32, 34, 36, 39, 40, 41, 42, 43, 44, 47, 48], [0, 1, 2, 3, 4, 5, 6, 7, 8, 12, 14, 17, 18, 20, 23, 24, 25, 30, 33, 35, 37, 38, 45, 46, 49]]","[[0, 2, 6, 7, 8, 14, 15, 17, 18, 20, 21, 22, 24, 25, 32, 33, 35, 36, 37, 39, 40, 41, 43, 44, 46, 49], [1, 3, 4, 5, 9, 10, 11, 12, 13, 16, 19, 23, 26, 27, 28, 29, 30, 31, 34, 38, 42, 45, 47, 48]]",True,True,False,True,"[1, 1, 1]",,"[1, 1, 1]",,,,,,,,null,,1.3674892053882186,12.0,2.8193588547180927e-05,0.6745274113529459,75.0,8.57833864642363e-09,1.1857201777319069,0.027271307962706187,297.0,0.28047411273804523,29.654977491685838,105.73160282846757,True,converged,2.9650911690924874e-06,False,8.0,1.0,0.07438929998897947,0.09387800001422875,1.079692300001625,"[20260810, 4011364011, 979268564, 1499620634, 1499620634, 2235565902, 1387497986, 1337576661]",b867e9855af0a3ac,610c7358dde2c1b141abb0f783ec54c402df554b,0.9622787915676991,0.6499570856178685,1.8182956745712169,0.8833198938274636,0.85,0.49856831604014995,0.5767420985637711,0.2531117325851726,0.85,0.08573381973092804,1.577223417692715,0.8999999999999999,1.1,0.8,1.2,0.85,2.031384387633061,6.140886497349466,6.140886497349466,0.85,1.577223417692715,4.01109331840572,4.01109331840572,9.0,1.0,2.8591135026505343,True,4798e093f0b798bdf4b500d5634878b5a46a8c1d7def3f8d1eedd27805947fbe,theorem_covered,True,0.028284271247461912,0.027972838189309315,0.9889891786347317,,,,,,,,,,,,,,,,,,False
replication,b867e9855af0a3ac,2,50,50,3,fixed_rank,success,success,True,True,True,True,True,True,"[1, 1, 1]",,,,,7,dgp2_N50_T50_r00003_truth1-1-1,4798e093f0b798bdf4b500d5634878b5a46a8c1d7def3f8d1eedd27805947fbe,1.8649264999839943,,,A_G2_time_average,target,success,[],dgp2_N50_T50_r00003_truth1-1-1,success,"[1, 1, 1]",0.4995864208197358,0.40512679521177875,0.02938616260358356,0.0008635465525642528,0.41554869910027586,0.01960379103200231,0.00038430862282641423,-0.08403772171945995,0.40512679521177875,0.02938616260358356,0.0008635465525642528,-0.09445962560795707,0.41554869910027586,0.4300516892671893,0.4114676128218595,4.0,4.0,0.266756400000304,"[{""converged"": true, ""kind"": ""time"", ""max_envelope_ratio"": 0.6612731521346688, ""n"": 50, ""numerical_rank_vector"": [1, 1, 1], ""part"": 0, ""rank_supported"": true, ""riesz_converged"": true, ""riesz_equation_residual"": 6.498043539359698e-09, ""riesz_solver"": ""cg"", ""riesz_target_rayleigh_quotient"": 1.2392549418276941, ""riesz_target_stable"": true, ""split_rank_singular_values"": [{""block"": ""A"", ""computational_rank_supported"": true, ""relative_rank_floor"": 1e-10, ""sigma_1"": 16.259030981571172, ""sigma_r"": 16.259030981571172, ""sigma_r_over_sigma_1"": 1.0, ""supplied_rank"": 1}, {""block"": ""B"", ""computational_rank_supported"": true, ""relative_rank_floor"": 1e-10, ""sigma_1"": 30.150978849500834, ""sigma_r"": 30.150978849500834, ""sigma_r_over_sigma_1"": 1.0, ""supplied_rank"": 1}, {""block"": ""H"", ""computational_rank_supported"": true, ""relative_rank_floor"": 1e-10, ""sigma_1"": 42.239944925879165, ""sigma_r"": 42.239944925879165, ""sigma_r_over_sigma_1"": 1.0, ""supplied_rank"": 1}], ""stationarity_residual"": 4.44974984327068e-05, ""t"": 25, ""tangent_gram_condition_number"": 91.20251218487986, ""tangent_gram_coordinate_dimension"": 222, ""tangent_gram_eigensolver_converged"": true, ""tangent_gram_eigensolver_status"": ""converged"", ""tangent_gram_largest_eigenvalue"": 22.637614005027167, ""tangent_gram_smallest_eigenvalue"": 0.24821261457291496, ""target_support_norm"": 0.018819818159318505, ""target_supported"": true}, {""converged"": true, ""kind"": ""time"", ""max_envelope_ratio"": 0.7052579948309475, ""n"": 50, ""numerical_rank_vector"": [1, 1, 1], ""part"": 1, ""rank_supported"": true, ""riesz_converged"": true, ""riesz_equation_residual"": 8.739825273575533e-09, ""riesz_solver"": ""cg"", ""riesz_target_rayleigh_quotient"": 1.1176024202235493, ""riesz_target_stable"": true, ""split_rank_singular_values"": [{""block"": ""A"", ""computational_rank_supported"": true, ""relative_rank_floor"": 1e-10, ""sigma_1"": 19.180551508426195, ""sigma_r"": 19.180551508426195, ""sigma_r_over_sigma_1"": 1.0, ""supplied_rank"": 1}, {""block"": ""B"", ""computational_rank_supported"": true, ""relative_rank_floor"": 1e-10, ""sigma_1"": 30.576854648652905, ""sigma_r"": 30.576854648652905, ""sigma_r_over_sigma_1"": 1.0, ""supplied_rank"": 1}, {""block"": ""H"", ""computational_rank_supported"": true, ""relative_rank_floor"": 1e-10, ""sigma_1"": 40.506212958446596, ""sigma_r"": 40.506212958446596, ""sigma_r_over_sigma_1"": 1.0, ""supplied_rank"": 1}], ""stationarity_residual"": 4.241120238204882e-05, ""t"": 25, ""tangent_gram_condition_number"": 161.77154872069062, ""tangent_gram_coordinate_dimension"": 222, ""tangent_gram_eigensolver_converged"": true, ""tangent_gram_eigensolver_status"": ""converged"", ""tangent_gram_largest_eigenvalue"": 33.05526192850383, ""tangent_gram_smallest_eigenvalue"": 0.20433297566790282, ""target_support_norm"": 0.019195734413685144, ""target_supported"": true}, {""converged"": true, ""kind"": ""unit"", ""max_envelope_ratio"": 0.8503678896939542, ""n"": 26, ""numerical_rank_vector"": [1, 1, 1], ""part"": 0, ""rank_supported"": true, ""riesz_converged"": true, ""riesz_equation_residual"": 8.127524320771406e-09, ""riesz_solver"": ""cg"", ""riesz_target_rayleigh_quotient"": 0.8140251081184231, ""riesz_target_stable"": true, ""split_rank_singular_values"": [{""block"": ""A"", ""computational_rank_supported"": true, ""relative_rank_floor"": 1e-10, ""sigma_1"": 17.218741645046165, ""sigma_r"": 17.218741645046165, ""sigma_r_over_sigma_1"": 1.0, ""supplied_rank"": 1}, {""block"": ""B"", ""computational_rank_supported"": true, ""relative_rank_floor"": 1e-10, ""sigma_1"": 30.9919070297338, ""sigma_r"": 30.9919070297338, ""sigma_r_over_sigma_1"": 1.0, ""supplied_rank"": 1}, {""block"": ""H"", ""computational_rank_supported"": true, ""relative_rank_floor"": 1e-10, ""sigma_1"": 49.35685071708297, ""sigma_r"": 49.35685071708297, ""sigma_r_over_sigma_1"": 1.0, ""supplied_rank"": 1}], ""stationarity_residual"": 3.3487799427261124e-05, ""t"": 50, ""tangent_gram_condition_number"": 166.3651184072019, ""tangent_gram_coordinate_dimension"": 225, ""tangent_gram_eigensolver_converged"": true, ""tangent_gram_eigensolver_status"": ""converged"", ""tangent_gram_largest_eigenvalue"": 30.551305029582217, ""tangent_gram_smallest_eigenvalue"": 0.1836400882714105, ""target_support_norm"": 0.01929417937857749, ""target_supported"": true}, {""converged"": true, ""kind"": ""unit"", ""max_envelope_ratio"": 0.6504343793347784, ""n"": 24, ""numerical_rank_vector"": [1, 1, 1], ""part"": 1, ""rank_supported"": true, ""riesz_converged"": true, ""riesz_equation_residual"": 7.437667870857285e-09, ""riesz_solver"": ""cg"", ""riesz_target_rayleigh_quotient"": 1.3913175594422433, ""riesz_target_stable"": true, ""split_rank_singular_values"": [{""block"": ""A"", ""computational_rank_supported"": true, ""relative_rank_floor"": 1e-10, ""sigma_1"": 17.59214597397939, ""sigma_r"": 17.59214597397939, ""sigma_r_over_sigma_1"": 1.0, ""supplied_rank"": 1}, {""block"": ""B"", ""computational_rank_supported"": true, ""relative_rank_floor"": 1e-10, ""sigma_1"": 28.596159114417198, ""sigma_r"": 28.596159114417198, ""sigma_r_over_sigma_1"": 1.0, ""supplied_rank"": 1}, {""block"": ""H"", ""computational_rank_supported"": true, ""relative_rank_floor"": 1e-10, ""sigma_1"": 38.446077924726204, ""sigma_r"": 38.446077924726204, ""sigma_r_over_sigma_1"": 1.0, ""supplied_rank"": 1}], ""stationarity_residual"": 4.139377449315525e-05, ""t"": 50, ""tangent_gram_condition_number"": 178.83182296786939, ""tangent_gram_coordinate_dimension"": 219, ""tangent_gram_eigensolver_converged"": true, ""tangent_gram_eigensolver_status"": ""converged"", ""tangent_gram_largest_eigenvalue"": 29.870277895064273, ""tangent_gram_smallest_eigenvalue"": 0.16702999163874233, ""target_support_norm"": 0.018452078082215707, ""target_supported"": true}]","[[9, 10, 11, 13, 15, 16, 19, 21, 22, 26, 27, 28, 29, 31, 32, 34, 36, 39, 40, 41, 42, 43, 44, 47, 48], [0, 1, 2, 3, 4, 5, 6, 7, 8, 12, 14, 17, 18, 20, 23, 24, 25, 30, 33, 35, 37, 38, 45, 46, 49]]","[[0, 2, 6, 7, 8, 14, 15, 17, 18, 20, 21, 22, 24, 25, 32, 33, 35, 36, 37, 39, 40, 41, 43, 44, 46, 49], [1, 3, 4, 5, 9, 10, 11, 12, 13, 16, 19, 23, 26, 27, 28, 29, 30, 31, 34, 38, 42, 45, 47, 48]]",True,True,False,True,"[1, 1, 1]",,"[1, 1, 1]",,,,,,,,null,,1.3674892053882186,12.0,2.8193588547180927e-05,0.6745274113529459,74.0,9.162619104238462e-09,1.2926581662271037,0.027276384000644856,297.0,0.28047411273804523,29.654977491685838,105.73160282846757,True,converged,0.00011334724678777149,False,8.0,1.0,0.07438929998897947,0.07853880000766367,1.2009473999787588,"[20260810, 4011364011, 979268564, 1499620634, 1499620634, 2235565902, 1387497986, 1337576661]",b867e9855af0a3ac,610c7358dde2c1b141abb0f783ec54c402df554b,0.9622787915676991,0.6499570856178685,1.8182956745712169,0.8833198938274636,0.85,0.49856831604014995,0.5767420985637711,0.2531117325851726,0.85,0.08573381973092804,1.577223417692715,0.8999999999999999,1.1,0.8,1.2,0.85,2.031384387633061,6.140886497349466,6.140886497349466,0.85,1.577223417692715,4.01109331840572,4.01109331840572,9.0,1.0,2.8591135026505343,True,4798e093f0b798bdf4b500d5634878b5a46a8c1d7def3f8d1eedd27805947fbe,theorem_covered,True,0.028284271247461912,0.027975335692286406,0.9890774786992884,,,,,,,,,,,,,,,,,,False
replication,b867e9855af0a3ac,2,50,50,3,fixed_rank,success,success,True,True,True,True,True,True,"[1, 1, 1]",,,,,7,dgp2_N50_T50_r00003_truth1-1-1,4798e093f0b798bdf4b500d5634878b5a46a8c1d7def3f8d1eedd27805947fbe,1.8649264999839943,,,A_G2_minus_G1_time_average,target,success,[],dgp2_N50_T50_r00003_truth1-1-1,success,"[1, 1, 1]",0.0020362095591715547,-0.00658292078140061,0.044248402930304936,0.0019579211618826185,0.0011747525047116015,0.02719706615926122,0.0007396804076712319,-0.0008614570544599532,-0.00658292078140061,0.044248402930304936,0.0019579211618826185,-0.008619130340572165,0.0011747525047116015,0.03246736626910442,-0.022360187973569003,4.0,4.0,0.266756400000304,"[{""converged"": true, ""kind"": ""time"", ""max_envelope_ratio"": 0.6612731521346688, ""n"": 50, ""numerical_rank_vector"": [1, 1, 1], ""part"": 0, ""rank_supported"": true, ""riesz_converged"": true, ""riesz_equation_residual"": 7.255795626306312e-09, ""riesz_solver"": ""cg"", ""riesz_target_rayleigh_quotient"": 1.565730389505533, ""riesz_target_stable"": true, ""split_rank_singular_values"": [{""block"": ""A"", ""computational_rank_supported"": true, ""relative_rank_floor"": 1e-10, ""sigma_1"": 16.259030981571172, ""sigma_r"": 16.259030981571172, ""sigma_r_over_sigma_1"": 1.0, ""supplied_rank"": 1}, {""block"": ""B"", ""computational_rank_supported"": true, ""relative_rank_floor"": 1e-10, ""sigma_1"": 30.150978849500834, ""sigma_r"": 30.150978849500834, ""sigma_r_over_sigma_1"": 1.0, ""supplied_rank"": 1}, {""block"": ""H"", ""computational_rank_supported"": true, ""relative_rank_floor"": 1e-10, ""sigma_1"": 42.239944925879165, ""sigma_r"": 42.239944925879165, ""sigma_r_over_sigma_1"": 1.0, ""supplied_rank"": 1}], ""stationarity_residual"": 4.44974984327068e-05, ""t"": 25, ""tangent_gram_condition_number"": 91.20251218487986, ""tangent_gram_coordinate_dimension"": 222, ""tangent_gram_eigensolver_converged"": true, ""tangent_gram_eigensolver_status"": ""converged"", ""tangent_gram_largest_eigenvalue"": 22.637614005027167, ""tangent_gram_smallest_eigenvalue"": 0.24821261457291496, ""target_support_norm"": 0.025311127600474336, ""target_supported"": true}, {""converged"": true, ""kind"": ""time"", ""max_envelope_ratio"": 0.7052579948309475, ""n"": 50, ""numerical_rank_vector"": [1, 1, 1], ""part"": 1, ""rank_supported"": true, ""riesz_converged"": true, ""riesz_equation_residual"": 7.0478243173930026e-09, ""riesz_solver"": ""cg"", ""riesz_target_rayleigh_quotient"": 1.6809028011076605, ""riesz_target_stable"": true, ""split_rank_singular_values"": [{""block"": ""A"", ""computational_rank_supported"": true, ""relative_rank_floor"": 1e-10, ""sigma_1"": 19.180551508426195, ""sigma_r"": 19.180551508426195, ""sigma_r_over_sigma_1"": 1.0, ""supplied_rank"": 1}, {""block"": ""B"", ""computational_rank_supported"": true, ""relative_rank_floor"": 1e-10, ""sigma_1"": 30.576854648652905, ""sigma_r"": 30.576854648652905, ""sigma_r_over_sigma_1"": 1.0, ""supplied_rank"": 1}, {""block"": ""H"", ""computational_rank_supported"": true, ""relative_rank_floor"": 1e-10, ""sigma_1"": 40.506212958446596, ""sigma_r"": 40.506212958446596, ""sigma_r_over_sigma_1"": 1.0, ""supplied_rank"": 1}], ""stationarity_residual"": 4.241120238204882e-05, ""t"": 25, ""tangent_gram_condition_number"": 161.77154872069062, ""tangent_gram_coordinate_dimension"": 222, ""tangent_gram_eigensolver_converged"": true, ""tangent_gram_eigensolver_status"": ""converged"", ""tangent_gram_largest_eigenvalue"": 33.05526192850383, ""tangent_gram_smallest_eigenvalue"": 0.20433297566790282, ""target_support_norm"": 0.026147777961686165, ""target_supported"": true}, {""converged"": true, ""kind"": ""unit"", ""max_envelope_ratio"": 0.8503678896939542, ""n"": 26, ""numerical_rank_vector"": [1, 1, 1], ""part"": 0, ""rank_supported"": true, ""riesz_converged"": true, ""riesz_equation_residual"": 8.83236255360234e-09, ""riesz_solver"": ""cg"", ""riesz_target_rayleigh_quotient"": 1.6980152205525265, ""riesz_target_stable"": true, ""split_rank_singular_values"": [{""block"": ""A"", ""computational_rank_supported"": true, ""relative_rank_floor"": 1e-10, ""sigma_1"": 17.218741645046165, ""sigma_r"": 17.218741645046165, ""sigma_r_over_sigma_1"": 1.0, ""supplied_rank"": 1}, {""block"": ""B"", ""computational_rank_supported"": true, ""relative_rank_floor"": 1e-10, ""sigma_1"": 30.9919070297338, ""sigma_r"": 30.9919070297338, ""sigma_r_over_sigma_1"": 1.0, ""supplied_rank"": 1}, {""block"": ""H"", ""computational_rank_supported"": true, ""relative_rank_floor"": 1e-10, ""sigma_1"": 49.35685071708297, ""sigma_r"": 49.35685071708297, ""sigma_r_over_sigma_1"": 1.0, ""supplied_rank"": 1}], ""stationarity_residual"": 3.3487799427261124e-05, ""t"": 50, ""tangent_gram_condition_number"": 166.3651184072019, ""tangent_gram_coordinate_dimension"": 225, ""tangent_gram_eigensolver_converged"": true, ""tangent_gram_eigensolver_status"": ""converged"", ""tangent_gram_largest_eigenvalue"": 30.551305029582217, ""tangent_gram_smallest_eigenvalue"": 0.1836400882714105, ""target_support_norm"": 0.026014062868106397, ""target_supported"": true}, {""converged"": true, ""kind"": ""unit"", ""max_envelope_ratio"": 0.6504343793347784, ""n"": 24, ""numerical_rank_vector"": [1, 1, 1], ""part"": 1, ""rank_supported"": true, ""riesz_converged"": true, ""riesz_equation_residual"": 6.366524290812079e-09, ""riesz_solver"": ""cg"", ""riesz_target_rayleigh_quotient"": 1.5476973179111664, ""riesz_target_stable"": true, ""split_rank_singular_values"": [{""block"": ""A"", ""computational_rank_supported"": true, ""relative_rank_floor"": 1e-10, ""sigma_1"": 17.59214597397939, ""sigma_r"": 17.59214597397939, ""sigma_r_over_sigma_1"": 1.0, ""supplied_rank"": 1}, {""block"": ""B"", ""computational_rank_supported"": true, ""relative_rank_floor"": 1e-10, ""sigma_1"": 28.596159114417198, ""sigma_r"": 28.596159114417198, ""sigma_r_over_sigma_1"": 1.0, ""supplied_rank"": 1}, {""block"": ""H"", ""computational_rank_supported"": true, ""relative_rank_floor"": 1e-10, ""sigma_1"": 38.446077924726204, ""sigma_r"": 38.446077924726204, ""sigma_r_over_sigma_1"": 1.0, ""supplied_rank"": 1}], ""stationarity_residual"": 4.139377449315525e-05, ""t"": 50, ""tangent_gram_condition_number"": 178.83182296786939, ""tangent_gram_coordinate_dimension"": 219, ""tangent_gram_eigensolver_converged"": true, ""tangent_gram_eigensolver_status"": ""converged"", ""tangent_gram_largest_eigenvalue"": 29.870277895064273, ""tangent_gram_smallest_eigenvalue"": 0.16702999163874233, ""target_support_norm"": 0.024816047413156152, ""target_supported"": true}]","[[9, 10, 11, 13, 15, 16, 19, 21, 22, 26, 27, 28, 29, 31, 32, 34, 36, 39, 40, 41, 42, 43, 44, 47, 48], [0, 1, 2, 3, 4, 5, 6, 7, 8, 12, 14, 17, 18, 20, 23, 24, 25, 30, 33, 35, 37, 38, 45, 46, 49]]","[[0, 2, 6, 7, 8, 14, 15, 17, 18, 20, 21, 22, 24, 25, 32, 33, 35, 36, 37, 39, 40, 41, 43, 44, 46, 49], [1, 3, 4, 5, 9, 10, 11, 12, 13, 16, 19, 23, 26, 27, 28, 29, 30, 31, 34, 38, 42, 45, 47, 48]]",False,False,True,True,"[1, 1, 1]",,"[1, 1, 1]",,,,,,,,null,,1.3674892053882186,12.0,2.8193588547180927e-05,0.6745274113529459,73.0,8.429257777575881e-09,2.0820771708470382,0.037281634058536316,297.0,0.28047411273804523,29.654977491685838,105.73160282846757,True,converged,8.426799915432293e-05,False,8.0,1.0,0.07438929998897947,0.06539070000872016,1.3088606999954209,"[20260810, 4011364011, 979268564, 1499620634, 1499620634, 2235565902, 1387497986, 1337576661]",b867e9855af0a3ac,610c7358dde2c1b141abb0f783ec54c402df554b,0.9622787915676991,0.6499570856178685,1.8182956745712169,0.8833198938274636,0.85,0.49856831604014995,0.5767420985637711,0.2531117325851726,0.85,0.08573381973092804,1.577223417692715,0.8999999999999999,1.1,0.8,1.2,0.85,2.031384387633061,6.140886497349466,6.140886497349466,0.85,1.577223417692715,4.01109331840572,4.01109331840572,9.0,1.0,2.8591135026505343,True,4798e093f0b798bdf4b500d5634878b5a46a8c1d7def3f8d1eedd27805947fbe,theorem_covered,True,0.03999999999999994,0.03912653820126738,0.978163455031686,,,,,,,,,,,,,,,,,,True
replication,b867e9855af0a3ac,2,50,50,3,fixed_rank,success,success,True,True,True,True,True,True,"[1, 1, 1]",,,,,7,dgp2_N50_T50_r00003_truth1-1-1,4798e093f0b798bdf4b500d5634878b5a46a8c1d7def3f8d1eedd27805947fbe,1.8649264999839943,,,B_G1_fixed_time,target,success,[],dgp2_N50_T50_r00003_truth1-1-1,success,"[1, 1, 1]",0.7579653805923317,0.6988236936123942,0.2718949315585303,0.07392685380721786,0.6988236936123942,0.2718949315585303,0.07392685380721786,-0.05914168697993749,0.6988236936123942,0.2718949315585303,0.07392685380721786,-0.05914168697993749,0.6988236936123942,,,0.0,4.0,0.266756400000304,[],null,null,False,True,True,False,"[1, 1, 1]",,"[1, 1, 1]",,,,,,,,null,,1.3674892053882186,12.0,2.8193588547180927e-05,0.6745274113529459,76.0,8.249775274913123e-09,0.6335681477513291,0.12400215531046556,297.0,0.28047411273804523,29.654977491685838,105.73160282846757,True,converged,5.783926913354216e-05,False,8.0,1.0,0.07438929998897947,0.015143000026000664,1.4167578000051435,"[20260810, 4011364011, 979268564, 1499620634, 1499620634, 2235565902, 1387497986, 1337576661]",b867e9855af0a3ac,610c7358dde2c1b141abb0f783ec54c402df554b,0.9622787915676991,0.6499570856178685,1.8182956745712169,0.8833198938274636,0.85,0.49856831604014995,0.5767420985637711,0.2531117325851726,0.85,0.08573381973092804,1.577223417692715,0.8999999999999999,1.1,0.8,1.2,0.85,2.031384387633061,6.140886497349466,6.140886497349466,0.85,1.577223417692715,4.01109331840572,4.01109331840572,9.0,1.0,2.8591135026505343,True,4798e093f0b798bdf4b500d5634878b5a46a8c1d7def3f8d1eedd27805947fbe,theorem_covered,True,0.2,0.12958009011191798,0.6479004505595899,,,,,,,,,,,,,,,,,,False
replication,b867e9855af0a3ac,2,50,50,3,fixed_rank,success,success,True,True,True,True,True,True,"[1, 1, 1]",,,,,7,dgp2_N50_T50_r00003_truth1-1-1,4798e093f0b798bdf4b500d5634878b5a46a8c1d7def3f8d1eedd27805947fbe,1.8649264999839943,,,B_G2_fixed_time,target,success,[],dgp2_N50_T50_r00003_truth1-1-1,success,"[1, 1, 1]",0.8147842693438128,0.7467519968850429,0.2813073391839355,0.07913381907874575,0.7467519968850429,0.2813073391839355,0.07913381907874575,-0.06803227245876986,0.7467519968850429,0.2813073391839355,0.07913381907874575,-0.06803227245876986,0.7467519968850429,,,0.0,4.0,0.266756400000304,[],null,null,False,True,True,False,"[1, 1, 1]",,"[1, 1, 1]",,,,,,,,null,,1.3674892053882186,12.0,2.8193588547180927e-05,0.6745274113529459,74.0,8.549645892434054e-09,0.6257432732757324,0.13203953004472493,297.0,0.28047411273804523,29.654977491685838,105.73160282846757,True,converged,3.8363888877769355e-05,False,8.0,1.0,0.07438929998897947,0.014480500016361475,1.491618700005347,"[20260810, 4011364011, 979268564, 1499620634, 1499620634, 2235565902, 1387497986, 1337576661]",b867e9855af0a3ac,610c7358dde2c1b141abb0f783ec54c402df554b,0.9622787915676991,0.6499570856178685,1.8182956745712169,0.8833198938274636,0.85,0.49856831604014995,0.5767420985637711,0.2531117325851726,0.85,0.08573381973092804,1.577223417692715,0.8999999999999999,1.1,0.8,1.2,0.85,2.031384387633061,6.140886497349466,6.140886497349466,0.85,1.577223417692715,4.01109331840572,4.01109331840572,9.0,1.0,2.8591135026505343,True,4798e093f0b798bdf4b500d5634878b5a46a8c1d7def3f8d1eedd27805947fbe,theorem_covered,True,0.2,0.13852878610487063,0.6926439305243531,,,,,,,,,,,,,,,,,,False
replication,b867e9855af0a3ac,2,50,50,3,fixed_rank,success,success,True,True,True,True,True,True,"[1, 1, 1]",,,,,7,dgp2_N50_T50_r00003_truth1-1-1,4798e093f0b798bdf4b500d5634878b5a46a8c1d7def3f8d1eedd27805947fbe,1.8649264999839943,,,B_G2_minus_G1_fixed_time,target,success,[],dgp2_N50_T50_r00003_truth1-1-1,success,"[1, 1, 1]",0.05681888875148104,0.04792830327264859,0.06294835587967568,0.0039624955079543,0.04792830327264859,0.06294835587967568,0.0039624955079543,-0.008890585478832452,0.04792830327264859,0.06294835587967568,0.0039624955079543,-0.008890585478832452,0.04792830327264859,,,0.0,4.0,0.266756400000304,[],null,null,False,False,True,False,"[1, 1, 1]",,"[1, 1, 1]",,,,,,,,null,,1.3674892053882186,12.0,2.8193588547180927e-05,0.6745274113529459,78.0,7.420602829823324e-09,0.7721383212143023,0.04255189418568745,297.0,0.28047411273804523,29.654977491685838,105.73160282846757,True,converged,6.453397394917114e-05,False,8.0,1.0,0.07438929998897947,0.026167500007431954,1.5615760999789927,"[20260810, 4011364011, 979268564, 1499620634, 1499620634, 2235565902, 1387497986, 1337576661]",b867e9855af0a3ac,610c7358dde2c1b141abb0f783ec54c402df554b,0.9622787915676991,0.6499570856178685,1.8182956745712169,0.8833198938274636,0.85,0.49856831604014995,0.5767420985637711,0.2531117325851726,0.85,0.08573381973092804,1.577223417692715,0.8999999999999999,1.1,0.8,1.2,0.85,2.031384387633061,6.140886497349466,6.140886497349466,0.85,1.577223417692715,4.01109331840572,4.01109331840572,9.0,1.0,2.8591135026505343,True,4798e093f0b798bdf4b500d5634878b5a46a8c1d7def3f8d1eedd27805947fbe,weak_target_stress_outside_assumption9,False,0.28284271247461906,0.05309644005350145,0.1877242640934794,,,,,,,,,,,,,,,,,,False
replication,b867e9855af0a3ac,2,50,50,3,fixed_rank,success,success,True,True,True,True,True,True,"[1, 1, 1]",,,,,7,dgp2_N50_T50_r00003_truth1-1-1,4798e093f0b798bdf4b500d5634878b5a46a8c1d7def3f8d1eedd27805947fbe,1.8649264999839943,,,B_G1_time_average,target,success,[],dgp2_N50_T50_r00003_truth1-1-1,success,"[1, 1, 1]",0.5559060773076729,0.7984841157250048,0.11035644439129082,0.012178544818688061,0.6096708841006839,0.046716957874816854,0.0021824741530774125,0.05376480679301099,0.7984841157250048,0.11035644439129082,0.012178544818688061,0.24257803841733183,0.6096708841006839,0.5260660447861345,0.5044624917909125,4.0,4.0,0.266756400000304,"[{""converged"": true, ""kind"": ""time"", ""max_envelope_ratio"": 0.6612731521346688, ""n"": 50, ""numerical_rank_vector"": [1, 1, 1], ""part"": 0, ""rank_supported"": true, ""riesz_converged"": true, ""riesz_equation_residual"": 9.242472459794734e-09, ""riesz_solver"": ""cg"", ""riesz_target_rayleigh_quotient"": 0.6518332667774572, ""riesz_target_stable"": true, ""split_rank_singular_values"": [{""block"": ""A"", ""computational_rank_supported"": true, ""relative_rank_floor"": 1e-10, ""sigma_1"": 16.259030981571172, ""sigma_r"": 16.259030981571172, ""sigma_r_over_sigma_1"": 1.0, ""supplied_rank"": 1}, {""block"": ""B"", ""computational_rank_supported"": true, ""relative_rank_floor"": 1e-10, ""sigma_1"": 30.150978849500834, ""sigma_r"": 30.150978849500834, ""sigma_r_over_sigma_1"": 1.0, ""supplied_rank"": 1}, {""block"": ""H"", ""computational_rank_supported"": true, ""relative_rank_floor"": 1e-10, ""sigma_1"": 42.239944925879165, ""sigma_r"": 42.239944925879165, ""sigma_r_over_sigma_1"": 1.0, ""supplied_rank"": 1}], ""stationarity_residual"": 4.44974984327068e-05, ""t"": 25, ""tangent_gram_condition_number"": 91.20251218487986, ""tangent_gram_coordinate_dimension"": 222, ""tangent_gram_eigensolver_converged"": true, ""tangent_gram_eigensolver_status"": ""converged"", ""tangent_gram_largest_eigenvalue"": 22.637614005027167, ""tangent_gram_smallest_eigenvalue"": 0.24821261457291496, ""target_support_norm"": 0.01858020600443718, ""target_supported"": true}, {""converged"": true, ""kind"": ""time"", ""max_envelope_ratio"": 0.7052579948309475, ""n"": 50, ""numerical_rank_vector"": [1, 1, 1], ""part"": 1, ""rank_supported"": true, ""riesz_converged"": true, ""riesz_equation_residual"": 9.482484039672197e-09, ""riesz_solver"": ""cg"", ""riesz_target_rayleigh_quotient"": 0.40995077964547266, ""riesz_target_stable"": true, ""split_rank_singular_values"": [{""block"": ""A"", ""computational_rank_supported"": true, ""relative_rank_floor"": 1e-10, ""sigma_1"": 19.180551508426195, ""sigma_r"": 19.180551508426195, ""sigma_r_over_sigma_1"": 1.0, ""supplied_rank"": 1}, {""block"": ""B"", ""computational_rank_supported"": true, ""relative_rank_floor"": 1e-10, ""sigma_1"": 30.576854648652905, ""sigma_r"": 30.576854648652905, ""sigma_r_over_sigma_1"": 1.0, ""supplied_rank"": 1}, {""block"": ""H"", ""computational_rank_supported"": true, ""relative_rank_floor"": 1e-10, ""sigma_1"": 40.506212958446596, ""sigma_r"": 40.506212958446596, ""sigma_r_over_sigma_1"": 1.0, ""supplied_rank"": 1}], ""stationarity_residual"": 4.241120238204882e-05, ""t"": 25, ""tangent_gram_condition_number"": 161.77154872069062, ""tangent_gram_coordinate_dimension"": 222, ""tangent_gram_eigensolver_converged"": true, ""tangent_gram_eigensolver_status"": ""converged"", ""tangent_gram_largest_eigenvalue"": 33.05526192850383, ""tangent_gram_smallest_eigenvalue"": 0.20433297566790282, ""target_support_norm"": 0.017012109815902197, ""target_supported"": true}, {""converged"": true, ""kind"": ""unit"", ""max_envelope_ratio"": 0.8503678896939542, ""n"": 26, ""numerical_rank_vector"": [1, 1, 1], ""part"": 0, ""rank_supported"": true, ""riesz_converged"": true, ""riesz_equation_residual"": 8.145066572081719e-09, ""riesz_solver"": ""cg"", ""riesz_target_rayleigh_quotient"": 0.46897606370244616, ""riesz_target_stable"": true, ""split_rank_singular_values"": [{""block"": ""A"", ""computational_rank_supported"": true, ""relative_rank_floor"": 1e-10, ""sigma_1"": 17.218741645046165, ""sigma_r"": 17.218741645046165, ""sigma_r_over_sigma_1"": 1.0, ""supplied_rank"": 1}, {""block"": ""B"", ""computational_rank_supported"": true, ""relative_rank_floor"": 1e-10, ""sigma_1"": 30.9919070297338, ""sigma_r"": 30.9919070297338, ""sigma_r_over_sigma_1"": 1.0, ""supplied_rank"": 1}, {""block"": ""H"", ""computational_rank_supported"": true, ""relative_rank_floor"": 1e-10, ""sigma_1"": 49.35685071708297, ""sigma_r"": 49.35685071708297, ""sigma_r_over_sigma_1"": 1.0, ""supplied_rank"": 1}], ""stationarity_residual"": 3.3487799427261124e-05, ""t"": 50, ""tangent_gram_condition_number"": 166.3651184072019, ""tangent_gram_coordinate_dimension"": 225, ""tangent_gram_eigensolver_converged"": true, ""tangent_gram_eigensolver_status"": ""converged"", ""tangent_gram_largest_eigenvalue"": 30.551305029582217, ""tangent_gram_smallest_eigenvalue"": 0.1836400882714105, ""target_support_norm"": 0.016590866828111502, ""target_supported"": true}, {""converged"": true, ""kind"": ""unit"", ""max_envelope_ratio"": 0.6504343793347784, ""n"": 24, ""numerical_rank_vector"": [1, 1, 1], ""part"": 1, ""rank_supported"": true, ""riesz_converged"": true, ""riesz_equation_residual"": 9.158803313298385e-09, ""riesz_solver"": ""cg"", ""riesz_target_rayleigh_quotient"": 0.5553012089237293, ""riesz_target_stable"": true, ""split_rank_singular_values"": [{""block"": ""A"", ""computational_rank_supported"": true, ""relative_rank_floor"": 1e-10, ""sigma_1"": 17.59214597397939, ""sigma_r"": 17.59214597397939, ""sigma_r_over_sigma_1"": 1.0, ""supplied_rank"": 1}, {""block"": ""B"", ""computational_rank_supported"": true, ""relative_rank_floor"": 1e-10, ""sigma_1"": 28.596159114417198, ""sigma_r"": 28.596159114417198, ""sigma_r_over_sigma_1"": 1.0, ""supplied_rank"": 1}, {""block"": ""H"", ""computational_rank_supported"": true, ""relative_rank_floor"": 1e-10, ""sigma_1"": 38.446077924726204, ""sigma_r"": 38.446077924726204, ""sigma_r_over_sigma_1"": 1.0, ""supplied_rank"": 1}], ""stationarity_residual"": 4.139377449315525e-05, ""t"": 50, ""tangent_gram_condition_number"": 178.83182296786939, ""tangent_gram_coordinate_dimension"": 219, ""tangent_gram_eigensolver_converged"": true, ""tangent_gram_eigensolver_status"": ""converged"", ""tangent_gram_largest_eigenvalue"": 29.870277895064273, ""tangent_gram_smallest_eigenvalue"": 0.16702999163874233, ""target_support_norm"": 0.018168881310858642, ""target_supported"": true}]","[[9, 10, 11, 13, 15, 16, 19, 21, 22, 26, 27, 28, 29, 31, 32, 34, 36, 39, 40, 41, 42, 43, 44, 47, 48], [0, 1, 2, 3, 4, 5, 6, 7, 8, 12, 14, 17, 18, 20, 23, 24, 25, 30, 33, 35, 37, 38, 45, 46, 49]]","[[0, 2, 6, 7, 8, 14, 15, 17, 18, 20, 21, 22, 24, 25, 32, 33, 35, 36, 37, 39, 40, 41, 43, 44, 46, 49], [1, 3, 4, 5, 9, 10, 11, 12, 13, 16, 19, 23, 26, 27, 28, 29, 30, 31, 34, 38, 42, 45, 47, 48]]",True,True,False,True,"[1, 1, 1]",,"[1, 1, 1]",,,,,,,,null,,1.3674892053882186,12.0,2.8193588547180927e-05,0.6745274113529459,77.0,9.57659149267843e-09,0.6644199299530964,0.026718019497156655,297.0,0.28047411273804523,29.654977491685838,105.73160282846757,True,converged,3.058881777623455e-05,False,8.0,1.0,0.07438929998897947,0.0697531999903731,1.667895699996734,"[20260810, 4011364011, 979268564, 1499620634, 1499620634, 2235565902, 1387497986, 1337576661]",b867e9855af0a3ac,610c7358dde2c1b141abb0f783ec54c402df554b,0.9622787915676991,0.6499570856178685,1.8182956745712169,0.8833198938274636,0.85,0.49856831604014995,0.5767420985637711,0.2531117325851726,0.85,0.08573381973092804,1.577223417692715,0.8999999999999999,1.1,0.8,1.2,0.85,2.031384387633061,6.140886497349466,6.140886497349466,0.85,1.577223417692715,4.01109331840572,4.01109331840572,9.0,1.0,2.8591135026505343,True,4798e093f0b798bdf4b500d5634878b5a46a8c1d7def3f8d1eedd27805947fbe,theorem_covered,True,0.028284271247461912,0.027584534225991688,0.9752605603535565,,,,,,,,,,,,,,,,,,False
replication,b867e9855af0a3ac,2,50,50,3,fixed_rank,success,success,True,True,True,True,True,True,"[1, 1, 1]",,,,,7,dgp2_N50_T50_r00003_truth1-1-1,4798e093f0b798bdf4b500d5634878b5a46a8c1d7def3f8d1eedd27805947fbe,1.8649264999839943,,,B_G2_time_average,target,success,[],dgp2_N50_T50_r00003_truth1-1-1,success,"[1, 1, 1]",0.5975781198198694,0.710819153309142,0.06293695484243868,0.003961060284839165,0.6514847082408378,0.03826072493200975,0.0014638830723229127,0.053906588420968404,0.710819153309142,0.06293695484243868,0.003961060284839165,0.11324103348927261,0.6514847082408378,0.5997156241820492,0.6439193472313222,4.0,4.0,0.266756400000304,"[{""converged"": true, ""kind"": ""time"", ""max_envelope_ratio"": 0.6612731521346688, ""n"": 50, ""numerical_rank_vector"": [1, 1, 1], ""part"": 0, ""rank_supported"": true, ""riesz_converged"": true, ""riesz_equation_residual"": 7.098847558150182e-09, ""riesz_solver"": ""cg"", ""riesz_target_rayleigh_quotient"": 0.6810475830052792, ""riesz_target_stable"": true, ""split_rank_singular_values"": [{""block"": ""A"", ""computational_rank_supported"": true, ""relative_rank_floor"": 1e-10, ""sigma_1"": 16.259030981571172, ""sigma_r"": 16.259030981571172, ""sigma_r_over_sigma_1"": 1.0, ""supplied_rank"": 1}, {""block"": ""B"", ""computational_rank_supported"": true, ""relative_rank_floor"": 1e-10, ""sigma_1"": 30.150978849500834, ""sigma_r"": 30.150978849500834, ""sigma_r_over_sigma_1"": 1.0, ""supplied_rank"": 1}, {""block"": ""H"", ""computational_rank_supported"": true, ""relative_rank_floor"": 1e-10, ""sigma_1"": 42.239944925879165, ""sigma_r"": 42.239944925879165, ""sigma_r_over_sigma_1"": 1.0, ""supplied_rank"": 1}], ""stationarity_residual"": 4.44974984327068e-05, ""t"": 25, ""tangent_gram_condition_number"": 91.20251218487986, ""tangent_gram_coordinate_dimension"": 222, ""tangent_gram_eigensolver_converged"": true, ""tangent_gram_eigensolver_status"": ""converged"", ""tangent_gram_largest_eigenvalue"": 22.637614005027167, ""tangent_gram_smallest_eigenvalue"": 0.24821261457291496, ""target_support_norm"": 0.018454173304688404, ""target_supported"": true}, {""converged"": true, ""kind"": ""time"", ""max_envelope_ratio"": 0.7052579948309475, ""n"": 50, ""numerical_rank_vector"": [1, 1, 1], ""part"": 1, ""rank_supported"": true, ""riesz_converged"": true, ""riesz_equation_residual"": 8.277707634487437e-09, ""riesz_solver"": ""cg"", ""riesz_target_rayleigh_quotient"": 0.6390434330670193, ""riesz_target_stable"": true, ""split_rank_singular_values"": [{""block"": ""A"", ""computational_rank_supported"": true, ""relative_rank_floor"": 1e-10, ""sigma_1"": 19.180551508426195, ""sigma_r"": 19.180551508426195, ""sigma_r_over_sigma_1"": 1.0, ""supplied_rank"": 1}, {""block"": ""B"", ""computational_rank_supported"": true, ""relative_rank_floor"": 1e-10, ""sigma_1"": 30.576854648652905, ""sigma_r"": 30.576854648652905, ""sigma_r_over_sigma_1"": 1.0, ""supplied_rank"": 1}, {""block"": ""H"", ""computational_rank_supported"": true, ""relative_rank_floor"": 1e-10, ""sigma_1"": 40.506212958446596, ""sigma_r"": 40.506212958446596, ""sigma_r_over_sigma_1"": 1.0, ""supplied_rank"": 1}], ""stationarity_residual"": 4.241120238204882e-05, ""t"": 25, ""tangent_gram_condition_number"": 161.77154872069062, ""tangent_gram_coordinate_dimension"": 222, ""tangent_gram_eigensolver_converged"": true, ""tangent_gram_eigensolver_status"": ""converged"", ""tangent_gram_largest_eigenvalue"": 33.05526192850383, ""tangent_gram_smallest_eigenvalue"": 0.20433297566790282, ""target_support_norm"": 0.017770635594505785, ""target_supported"": true}, {""converged"": true, ""kind"": ""unit"", ""max_envelope_ratio"": 0.8503678896939542, ""n"": 26, ""numerical_rank_vector"": [1, 1, 1], ""part"": 0, ""rank_supported"": true, ""riesz_converged"": true, ""riesz_equation_residual"": 8.560010389480395e-09, ""riesz_solver"": ""cg"", ""riesz_target_rayleigh_quotient"": 0.5581531998598903, ""riesz_target_stable"": true, ""split_rank_singular_values"": [{""block"": ""A"", ""computational_rank_supported"": true, ""relative_rank_floor"": 1e-10, ""sigma_1"": 17.218741645046165, ""sigma_r"": 17.218741645046165, ""sigma_r_over_sigma_1"": 1.0, ""supplied_rank"": 1}, {""block"": ""B"", ""computational_rank_supported"": true, ""relative_rank_floor"": 1e-10, ""sigma_1"": 30.9919070297338, ""sigma_r"": 30.9919070297338, ""sigma_r_over_sigma_1"": 1.0, ""supplied_rank"": 1}, {""block"": ""H"", ""computational_rank_supported"": true, ""relative_rank_floor"": 1e-10, ""sigma_1"": 49.35685071708297, ""sigma_r"": 49.35685071708297, ""sigma_r_over_sigma_1"": 1.0, ""supplied_rank"": 1}], ""stationarity_residual"": 3.3487799427261124e-05, ""t"": 50, ""tangent_gram_condition_number"": 166.3651184072019, ""tangent_gram_coordinate_dimension"": 225, ""tangent_gram_eigensolver_converged"": true, ""tangent_gram_eigensolver_status"": ""converged"", ""tangent_gram_largest_eigenvalue"": 30.551305029582217, ""tangent_gram_smallest_eigenvalue"": 0.1836400882714105, ""target_support_norm"": 0.01783105840054691, ""target_supported"": true}, {""converged"": true, ""kind"": ""unit"", ""max_envelope_ratio"": 0.6504343793347784, ""n"": 24, ""numerical_rank_vector"": [1, 1, 1], ""part"": 1, ""rank_supported"": true, ""riesz_converged"": true, ""riesz_equation_residual"": 8.518276572118593e-09, ""riesz_solver"": ""cg"", ""riesz_target_rayleigh_quotient"": 0.7405078190341546, ""riesz_target_stable"": true, ""split_rank_singular_values"": [{""block"": ""A"", ""computational_rank_supported"": true, ""relative_rank_floor"": 1e-10, ""sigma_1"": 17.59214597397939, ""sigma_r"": 17.59214597397939, ""sigma_r_over_sigma_1"": 1.0, ""supplied_rank"": 1}, {""block"": ""B"", ""computational_rank_supported"": true, ""relative_rank_floor"": 1e-10, ""sigma_1"": 28.596159114417198, ""sigma_r"": 28.596159114417198, ""sigma_r_over_sigma_1"": 1.0, ""supplied_rank"": 1}, {""block"": ""H"", ""computational_rank_supported"": true, ""relative_rank_floor"": 1e-10, ""sigma_1"": 38.446077924726204, ""sigma_r"": 38.446077924726204, ""sigma_r_over_sigma_1"": 1.0, ""supplied_rank"": 1}], ""stationarity_residual"": 4.139377449315525e-05, ""t"": 50, ""tangent_gram_condition_number"": 178.83182296786939, ""tangent_gram_coordinate_dimension"": 219, ""tangent_gram_eigensolver_converged"": true, ""tangent_gram_eigensolver_status"": ""converged"", ""tangent_gram_largest_eigenvalue"": 29.870277895064273, ""tangent_gram_smallest_eigenvalue"": 0.16702999163874233, ""target_support_norm"": 0.018275904389818912, ""target_supported"": true}]","[[9, 10, 11, 13, 15, 16, 19, 21, 22, 26, 27, 28, 29, 31, 32, 34, 36, 39, 40, 41, 42, 43, 44, 47, 48], [0, 1, 2, 3, 4, 5, 6, 7, 8, 12, 14, 17, 18, 20, 23, 24, 25, 30, 33, 35, 37, 38, 45, 46, 49]]","[[0, 2, 6, 7, 8, 14, 15, 17, 18, 20, 21, 22, 24, 25, 32, 33, 35, 36, 37, 39, 40, 41, 43, 44, 46, 49], [1, 3, 4, 5, 9, 10, 11, 12, 13, 16, 19, 23, 26, 27, 28, 29, 30, 31, 34, 38, 42, 45, 47, 48]]",False,True,True,True,"[1, 1, 1]",,"[1, 1, 1]",,,,,,,,null,,1.3674892053882186,12.0,2.8193588547180927e-05,0.6745274113529459,77.0,8.77061069248028e-09,0.8889682232378693,0.026852417519153973,297.0,0.28047411273804523,29.654977491685838,105.73160282846757,True,converged,7.740423119333826e-05,False,8.0,1.0,0.07438929998897947,0.06667010000091977,1.7693498999869917,"[20260810, 4011364011, 979268564, 1499620634, 1499620634, 2235565902, 1387497986, 1337576661]",b867e9855af0a3ac,610c7358dde2c1b141abb0f783ec54c402df554b,0.9622787915676991,0.6499570856178685,1.8182956745712169,0.8833198938274636,0.85,0.49856831604014995,0.5767420985637711,0.2531117325851726,0.85,0.08573381973092804,1.577223417692715,0.8999999999999999,1.1,0.8,1.2,0.85,2.031384387633061,6.140886497349466,6.140886497349466,0.85,1.577223417692715,4.01109331840572,4.01109331840572,9.0,1.0,2.8591135026505343,True,4798e093f0b798bdf4b500d5634878b5a46a8c1d7def3f8d1eedd27805947fbe,theorem_covered,True,0.028284271247461912,0.02765768982933289,0.9778470015137742,,,,,,,,,,,,,,,,,,False
replication,b867e9855af0a3ac,2,50,50,3,fixed_rank,success,success,True,True,True,True,True,True,"[1, 1, 1]",,,,,7,dgp2_N50_T50_r00003_truth1-1-1,4798e093f0b798bdf4b500d5634878b5a46a8c1d7def3f8d1eedd27805947fbe,1.8649264999839943,,,B_G2_minus_G1_time_average,target,success,[],dgp2_N50_T50_r00003_truth1-1-1,success,"[1, 1, 1]",0.04167204251219659,-0.08766496241586276,0.11347601360159759,0.012876805662909963,0.041813824140153825,0.05434651855819677,0.002953544079396426,0.00014178162795723537,-0.08766496241586276,0.11347601360159759,0.012876805662909963,-0.12933700492805936,0.041813824140153825,0.07364957939591459,0.13945685544040964,4.0,4.0,0.266756400000304,"[{""converged"": true, ""kind"": ""time"", ""max_envelope_ratio"": 0.6612731521346688, ""n"": 50, ""numerical_rank_vector"": [1, 1, 1], ""part"": 0, ""rank_supported"": true, ""riesz_converged"": true, ""riesz_equation_residual"": 7.672116503579066e-09, ""riesz_solver"": ""cg"", ""riesz_target_rayleigh_quotient"": 0.6634734895241098, ""riesz_target_stable"": true, ""split_rank_singular_values"": [{""block"": ""A"", ""computational_rank_supported"": true, ""relative_rank_floor"": 1e-10, ""sigma_1"": 16.259030981571172, ""sigma_r"": 16.259030981571172, ""sigma_r_over_sigma_1"": 1.0, ""supplied_rank"": 1}, {""block"": ""B"", ""computational_rank_supported"": true, ""relative_rank_floor"": 1e-10, ""sigma_1"": 30.150978849500834, ""sigma_r"": 30.150978849500834, ""sigma_r_over_sigma_1"": 1.0, ""supplied_rank"": 1}, {""block"": ""H"", ""computational_rank_supported"": true, ""relative_rank_floor"": 1e-10, ""sigma_1"": 42.239944925879165, ""sigma_r"": 42.239944925879165, ""sigma_r_over_sigma_1"": 1.0, ""supplied_rank"": 1}], ""stationarity_residual"": 4.44974984327068e-05, ""t"": 25, ""tangent_gram_condition_number"": 91.20251218487986, ""tangent_gram_coordinate_dimension"": 222, ""tangent_gram_eigensolver_converged"": true, ""tangent_gram_eigensolver_status"": ""converged"", ""tangent_gram_largest_eigenvalue"": 22.637614005027167, ""tangent_gram_smallest_eigenvalue"": 0.24821261457291496, ""target_support_norm"": 0.02505331366947096, ""target_supported"": true}, {""converged"": true, ""kind"": ""time"", ""max_envelope_ratio"": 0.7052579948309475, ""n"": 50, ""numerical_rank_vector"": [1, 1, 1], ""part"": 1, ""rank_supported"": true, ""riesz_converged"": true, ""riesz_equation_residual"": 7.759880043645495e-09, ""riesz_solver"": ""cg"", ""riesz_target_rayleigh_quotient"": 0.5513770861781128, ""riesz_target_stable"": true, ""split_rank_singular_values"": [{""block"": ""A"", ""computational_rank_supported"": true, ""relative_rank_floor"": 1e-10, ""sigma_1"": 19.180551508426195, ""sigma_r"": 19.180551508426195, ""sigma_r_over_sigma_1"": 1.0, ""supplied_rank"": 1}, {""block"": ""B"", ""computational_rank_supported"": true, ""relative_rank_floor"": 1e-10, ""sigma_1"": 30.576854648652905, ""sigma_r"": 30.576854648652905, ""sigma_r_over_sigma_1"": 1.0, ""supplied_rank"": 1}, {""block"": ""H"", ""computational_rank_supported"": true, ""relative_rank_floor"": 1e-10, ""sigma_1"": 40.506212958446596, ""sigma_r"": 40.506212958446596, ""sigma_r_over_sigma_1"": 1.0, ""supplied_rank"": 1}], ""stationarity_residual"": 4.241120238204882e-05, ""t"": 25, ""tangent_gram_condition_number"": 161.77154872069062, ""tangent_gram_coordinate_dimension"": 222, ""tangent_gram_eigensolver_converged"": true, ""tangent_gram_eigensolver_status"": ""converged"", ""tangent_gram_largest_eigenvalue"": 33.05526192850383, ""tangent_gram_smallest_eigenvalue"": 0.20433297566790282, ""target_support_norm"": 0.023240355938300834, ""target_supported"": true}, {""converged"": true, ""kind"": ""unit"", ""max_envelope_ratio"": 0.8503678896939542, ""n"": 26, ""numerical_rank_vector"": [1, 1, 1], ""part"": 0, ""rank_supported"": true, ""riesz_converged"": true, ""riesz_equation_residual"": 7.150120544543011e-09, ""riesz_solver"": ""cg"", ""riesz_target_rayleigh_quotient"": 0.5675287112305025, ""riesz_target_stable"": true, ""split_rank_singular_values"": [{""block"": ""A"", ""computational_rank_supported"": true, ""relative_rank_floor"": 1e-10, ""sigma_1"": 17.218741645046165, ""sigma_r"": 17.218741645046165, ""sigma_r_over_sigma_1"": 1.0, ""supplied_rank"": 1}, {""block"": ""B"", ""computational_rank_supported"": true, ""relative_rank_floor"": 1e-10, ""sigma_1"": 30.9919070297338, ""sigma_r"": 30.9919070297338, ""sigma_r_over_sigma_1"": 1.0, ""supplied_rank"": 1}, {""block"": ""H"", ""computational_rank_supported"": true, ""relative_rank_floor"": 1e-10, ""sigma_1"": 49.35685071708297, ""sigma_r"": 49.35685071708297, ""sigma_r_over_sigma_1"": 1.0, ""supplied_rank"": 1}], ""stationarity_residual"": 3.3487799427261124e-05, ""t"": 50, ""tangent_gram_condition_number"": 166.3651184072019, ""tangent_gram_coordinate_dimension"": 225, ""tangent_gram_eigensolver_converged"": true, ""tangent_gram_eigensolver_status"": ""converged"", ""tangent_gram_largest_eigenvalue"": 30.551305029582217, ""tangent_gram_smallest_eigenvalue"": 0.1836400882714105, ""target_support_norm"": 0.02262710769541534, ""target_supported"": true}, {""converged"": true, ""kind"": ""unit"", ""max_envelope_ratio"": 0.6504343793347784, ""n"": 24, ""numerical_rank_vector"": [1, 1, 1], ""part"": 1, ""rank_supported"": true, ""riesz_converged"": true, ""riesz_equation_residual"": 7.863405195669838e-09, ""riesz_solver"": ""cg"", ""riesz_target_rayleigh_quotient"": 0.6448133830034563, ""riesz_target_stable"": true, ""split_rank_singular_values"": [{""block"": ""A"", ""computational_rank_supported"": true, ""relative_rank_floor"": 1e-10, ""sigma_1"": 17.59214597397939, ""sigma_r"": 17.59214597397939, ""sigma_r_over_sigma_1"": 1.0, ""supplied_rank"": 1}, {""block"": ""B"", ""computational_rank_supported"": true, ""relative_rank_floor"": 1e-10, ""sigma_1"": 28.596159114417198, ""sigma_r"": 28.596159114417198, ""sigma_r_over_sigma_1"": 1.0, ""supplied_rank"": 1}, {""block"": ""H"", ""computational_rank_supported"": true, ""relative_rank_floor"": 1e-10, ""sigma_1"": 38.446077924726204, ""sigma_r"": 38.446077924726204, ""sigma_r_over_sigma_1"": 1.0, ""supplied_rank"": 1}], ""stationarity_residual"": 4.139377449315525e-05, ""t"": 50, ""tangent_gram_condition_number"": 178.83182296786939, ""tangent_gram_coordinate_dimension"": 219, ""tangent_gram_eigensolver_converged"": true, ""tangent_gram_eigensolver_status"": ""converged"", ""tangent_gram_largest_eigenvalue"": 29.870277895064273, ""tangent_gram_smallest_eigenvalue"": 0.16702999163874233, ""target_support_norm"": 0.0241479327512248, ""target_supported"": true}]","[[9, 10, 11, 13, 15, 16, 19, 21, 22, 26, 27, 28, 29, 31, 32, 34, 36, 39, 40, 41, 42, 43, 44, 47, 48], [0, 1, 2, 3, 4, 5, 6, 7, 8, 12, 14, 17, 18, 20, 23, 24, 25, 30, 33, 35, 37, 38, 45, 46, 49]]","[[0, 2, 6, 7, 8, 14, 15, 17, 18, 20, 21, 22, 24, 25, 32, 33, 35, 36, 37, 39, 40, 41, 43, 44, 46, 49], [1, 3, 4, 5, 9, 10, 11, 12, 13, 16, 19, 23, 26, 27, 28, 29, 30, 31, 34, 38, 42, 45, 47, 48]]",False,False,True,True,"[1, 1, 1]",,"[1, 1, 1]",,,,,,,,null,,1.3674892053882186,12.0,2.8193588547180927e-05,0.6745274113529459,77.0,9.758900819103428e-09,0.8088910518220033,0.03642042687153301,297.0,0.28047411273804523,29.654977491685838,105.73160282846757,True,converged,8.128584012774152e-05,False,8.0,1.0,0.07438929998897947,0.059170799999265,1.8649264999839943,"[20260810, 4011364011, 979268564, 1499620634, 1499620634, 2235565902, 1387497986, 1337576661]",b867e9855af0a3ac,610c7358dde2c1b141abb0f783ec54c402df554b,0.9622787915676991,0.6499570856178685,1.8182956745712169,0.8833198938274636,0.85,0.49856831604014995,0.5767420985637711,0.2531117325851726,0.85,0.08573381973092804,1.577223417692715,0.8999999999999999,1.1,0.8,1.2,0.85,2.031384387633061,6.140886497349466,6.140886497349466,0.85,1.577223417692715,4.01109331840572,4.01109331840572,9.0,1.0,2.8591135026505343,True,4798e093f0b798bdf4b500d5634878b5a46a8c1d7def3f8d1eedd27805947fbe,theorem_covered,True,0.03999999999999994,0.03834052613591971,0.9585131533979943,,,,,,,,,,,,,,,,,,False
replication,b867e9855af0a3ac,2,50,50,4,fixed_rank,success,success,True,True,True,True,True,True,"[1, 1, 1]",,,,,7,dgp2_N50_T50_r00004_truth1-1-1,d5a8ffb771ffb430fb61637f84bcbe534f544c1cbf94ca967be81324d9842131,1.895178400009172,,,A_entry,target,success,[],dgp2_N50_T50_r00004_truth1-1-1,success,"[1, 1, 1]",0.4289077282509751,0.2096512584645123,0.08161842752973279,0.006661567712426243,0.2096512584645123,0.08161842752973279,0.006661567712426243,-0.21925646978646282,0.2096512584645123,0.08161842752973279,0.006661567712426243,-0.21925646978646282,0.2096512584645123,,,0.0,4.0,0.17721270001493394,[],null,null,True,True,False,False,"[1, 1, 1]",,"[1, 1, 1]",,,,,,,,null,,1.4108721026542639,14.0,2.2301192415310002e-05,0.8487596483737108,92.0,6.8269020058273095e-09,3.1398092705663316,0.14950376620046746,297.0,0.1502094359955449,38.39925253951818,255.6380848181673,True,converged,3.1132294017331856e-05,False,8.0,1.0,0.09020649999729358,0.015437099995324388,0.3651188999938313,"[20260810, 4011364011, 979268564, 1499620634, 1499620634, 2004296267, 1387497986, 1337576661]",b867e9855af0a3ac,610c7358dde2c1b141abb0f783ec54c402df554b,1.0,0.6499570856178685,1.8182956745712169,0.8142037660823404,0.7155449324864017,0.4609179529380801,0.6929581838643355,0.24566893864535858,0.7155449324864017,0.07860528372390675,1.740809314871086,0.8999999999999999,1.1,0.8,1.2,0.85,2.031384387633061,6.140886497349466,6.140886497349466,0.7155449324864017,1.740809314871086,4.633629546136808,4.633629546136808,9.0,1.0,2.8591135026505343,True,d5a8ffb771ffb430fb61637f84bcbe534f544c1cbf94ca967be81324d9842131,theorem_covered,True,1.0,0.19179172892373206,0.19179172892373206,1.0845060861202074,0.7714296817550501,,,,,,,,,,,,,,,,False
replication,b867e9855af0a3ac,2,50,50,4,fixed_rank,success,success,True,True,True,True,True,True,"[1, 1, 1]",,,,,7,dgp2_N50_T50_r00004_truth1-1-1,d5a8ffb771ffb430fb61637f84bcbe534f544c1cbf94ca967be81324d9842131,1.895178400009172,,,B_entry,target,success,[],dgp2_N50_T50_r00004_truth1-1-1,success,"[1, 1, 1]",1.4207586711341893,1.992208132145245,0.3810193112412317,0.14517571553874256,1.992208132145245,0.3810193112412317,0.14517571553874256,0.5714494610110556,1.992208132145245,0.3810193112412317,0.14517571553874256,0.5714494610110556,1.992208132145245,,,0.0,4.0,0.17721270001493394,[],null,null,False,True,True,False,"[1, 1, 1]",,"[1, 1, 1]",,,,,,,,null,,1.4108721026542639,14.0,2.2301192415310002e-05,0.8487596483737108,93.0,9.096593837166348e-09,1.1637102573994542,0.32821131588077507,297.0,0.1502094359955449,38.39925253951818,255.6380848181673,True,converged,5.259518194818403e-05,False,8.0,1.0,0.09020649999729358,0.016289099992718548,0.41412090000812896,"[20260810, 4011364011, 979268564, 1499620634, 1499620634, 2004296267, 1387497986, 1337576661]",b867e9855af0a3ac,610c7358dde2c1b141abb0f783ec54c402df554b,1.0,0.6499570856178685,1.8182956745712169,0.8142037660823404,0.7155449324864017,0.4609179529380801,0.6929581838643355,0.24566893864535858,0.7155449324864017,0.07860528372390675,1.740809314871086,0.8999999999999999,1.1,0.8,1.2,0.85,2.031384387633061,6.140886497349466,6.140886497349466,0.7155449324864017,1.740809314871086,4.633629546136808,4.633629546136808,9.0,1.0,2.8591135026505343,True,d5a8ffb771ffb430fb61637f84bcbe534f544c1cbf94ca967be81324d9842131,entry_leverage_requires_author_choice,False,1.0,0.26956503937163884,0.26956503937163884,1.6777921275853167,2.0233692551356377,,,,,,,,,,,,,,,,False
replication,b867e9855af0a3ac,2,50,50,4,fixed_rank,success,success,True,True,True,True,True,True,"[1, 1, 1]",,,,,7,dgp2_N50_T50_r00004_truth1-1-1,d5a8ffb771ffb430fb61637f84bcbe534f544c1cbf94ca967be81324d9842131,1.895178400009172,,,A_fixed_time_mean,target,success,[],dgp2_N50_T50_r00004_truth1-1-1,success,"[1, 1, 1]",0.4096603793592131,0.21224994726597413,0.07976437862197382,0.006362356096949595,0.21224994726597413,0.07976437862197382,0.006362356096949595,-0.197410432093239,0.21224994726597413,0.07976437862197382,0.006362356096949595,-0.197410432093239,0.21224994726597413,,,0.0,4.0,0.17721270001493394,[],null,null,True,True,False,False,"[1, 1, 1]",,"[1, 1, 1]",,,,,,,,null,,1.4108721026542639,14.0,2.2301192415310002e-05,0.8487596483737108,91.0,7.951535656580732e-09,2.63542527283548,0.13748194974620087,297.0,0.1502094359955449,38.39925253951818,255.6380848181673,True,converged,9.130449963701186e-05,False,8.0,1.0,0.09020649999729358,0.016958099993644282,0.4633637999941129,"[20260810, 4011364011, 979268564, 1499620634, 1499620634, 2004296267, 1387497986, 1337576661]",b867e9855af0a3ac,610c7358dde2c1b141abb0f783ec54c402df554b,1.0,0.6499570856178685,1.8182956745712169,0.8142037660823404,0.7155449324864017,0.4609179529380801,0.6929581838643355,0.24566893864535858,0.7155449324864017,0.07860528372390675,1.740809314871086,0.8999999999999999,1.1,0.8,1.2,0.85,2.031384387633061,6.140886497349466,6.140886497349466,0.7155449324864017,1.740809314871086,4.633629546136808,4.633629546136808,9.0,1.0,2.8591135026505343,True,d5a8ffb771ffb430fb61637f84bcbe534f544c1cbf94ca967be81324d9842131,theorem_covered,True,0.14142135623730953,0.1406783060083895,0.9947458414436842,,,,,,,,,,,,,,,,,,False
replication,b867e9855af0a3ac,2,50,50,4,fixed_rank,success,success,True,True,True,True,True,True,"[1, 1, 1]",,,,,7,dgp2_N50_T50_r00004_truth1-1-1,d5a8ffb771ffb430fb61637f84bcbe534f544c1cbf94ca967be81324d9842131,1.895178400009172,,,B_fixed_time_mean,target,success,[],dgp2_N50_T50_r00004_truth1-1-1,success,"[1, 1, 1]",1.0298632736757367,0.8782416803498337,0.17040274460919794,0.02903709537034754,0.8782416803498337,0.17040274460919794,0.02903709537034754,-0.15162159332590297,0.8782416803498337,0.17040274460919794,0.02903709537034754,-0.15162159332590297,0.8782416803498337,,,0.0,4.0,0.17721270001493394,[],null,null,False,True,True,False,"[1, 1, 1]",,"[1, 1, 1]",,,,,,,,null,,1.4108721026542639,14.0,2.2301192415310002e-05,0.8487596483737108,95.0,6.343463599586399e-09,0.9877514994596595,0.1262425255791255,297.0,0.1502094359955449,38.39925253951818,255.6380848181673,True,converged,1.4233009382818692e-05,False,8.0,1.0,0.09020649999729358,0.018405300012091175,0.5154779000149574,"[20260810, 4011364011, 979268564, 1499620634, 1499620634, 2004296267, 1387497986, 1337576661]",b867e9855af0a3ac,610c7358dde2c1b141abb0f783ec54c402df554b,1.0,0.6499570856178685,1.8182956745712169,0.8142037660823404,0.7155449324864017,0.4609179529380801,0.6929581838643355,0.24566893864535858,0.7155449324864017,0.07860528372390675,1.740809314871086,0.8999999999999999,1.1,0.8,1.2,0.85,2.031384387633061,6.140886497349466,6.140886497349466,0.7155449324864017,1.740809314871086,4.633629546136808,4.633629546136808,9.0,1.0,2.8591135026505343,True,d5a8ffb771ffb430fb61637f84bcbe534f544c1cbf94ca967be81324d9842131,theorem_covered,True,0.14142135623730953,0.1331437029220001,0.9414681520843339,,,,,,,,,,,,,,,,,,False
replication,b867e9855af0a3ac,2,50,50,4,fixed_rank,success,success,True,True,False,True,False,False,"[1, 1, 1]",,,,,7,dgp2_N50_T50_r00004_truth1-1-1,d5a8ffb771ffb430fb61637f84bcbe534f544c1cbf94ca967be81324d9842131,1.895178400009172,,,A_full_mean,target,split_fit_failure,[],dgp2_N50_T50_r00004_truth1-1-1,split_fit_not_converged,"[1, 1, 1]",0.46091795293808,0.4570061878287802,0.02328678598141478,0.0005422744013442159,0.4505499366932484,0.015696248990981144,0.0002463722323868765,-0.010368016244831635,0.4570061878287802,0.02328678598141478,0.0005422744013442159,-0.003911765109299803,0.4505499366932484,0.4388955008596831,0.45574812139128185,4.0,4.0,0.17721270001493394,"[{""converged"": true, ""kind"": ""time"", ""max_envelope_ratio"": 1.272944813712025, ""n"": 50, ""numerical_rank_vector"": [1, 1, 1], ""part"": 0, ""rank_supported"": true, ""riesz_converged"": true, ""riesz_equation_residual"": 8.363996943319186e-09, ""riesz_solver"": ""cg"", ""riesz_target_rayleigh_quotient"": 0.42926182414929354, ""riesz_target_stable"": true, ""split_rank_singular_values"": [{""block"": ""A"", ""computational_rank_supported"": true, ""relative_rank_floor"": 1e-10, ""sigma_1"": 16.947356285231173, ""sigma_r"": 16.947356285231173, ""sigma_r_over_sigma_1"": 1.0, ""supplied_rank"": 1}, {""block"": ""B"", ""computational_rank_supported"": true, ""relative_rank_floor"": 1e-10, ""sigma_1"": 33.69273423661739, ""sigma_r"": 33.69273423661739, ""sigma_r_over_sigma_1"": 1.0, ""supplied_rank"": 1}, {""block"": ""H"", ""computational_rank_supported"": true, ""relative_rank_floor"": 1e-10, ""sigma_1"": 65.9337068305406, ""sigma_r"": 65.9337068305406, ""sigma_r_over_sigma_1"": 1.0, ""supplied_rank"": 1}], ""stationarity_residual"": 4.617038611743153e-05, ""t"": 25, ""tangent_gram_condition_number"": 679.2762404714513, ""tangent_gram_coordinate_dimension"": 222, ""tangent_gram_eigensolver_converged"": true, ""tangent_gram_eigensolver_status"": ""converged"", ""tangent_gram_largest_eigenvalue"": 51.6861865879595, ""tangent_gram_smallest_eigenvalue"": 0.07609008457602864, ""target_support_norm"": 0.014024459045746816, ""target_supported"": true}, {""converged"": true, ""kind"": ""time"", ""max_envelope_ratio"": 0.8496005389409674, ""n"": 50, ""numerical_rank_vector"": [1, 1, 1], ""part"": 1, ""rank_supported"": true, ""riesz_converged"": true, ""riesz_equation_residual"": 9.951796961455824e-09, ""riesz_solver"": ""cg"", ""riesz_target_rayleigh_quotient"": 0.7522287784724286, ""riesz_target_stable"": true, ""split_rank_singular_values"": [{""block"": ""A"", ""computational_rank_supported"": true, ""relative_rank_floor"": 1e-10, ""sigma_1"": 18.24624244421789, ""sigma_r"": 18.24624244421789, ""sigma_r_over_sigma_1"": 1.0, ""supplied_rank"": 1}, {""block"": ""B"", ""computational_rank_supported"": true, ""relative_rank_floor"": 1e-10, ""sigma_1"": 34.05402007166128, ""sigma_r"": 34.05402007166128, ""sigma_r_over_sigma_1"": 1.0, ""supplied_rank"": 1}, {""block"": ""H"", ""computational_rank_supported"": true, ""relative_rank_floor"": 1e-10, ""sigma_1"": 46.53156263776706, ""sigma_r"": 46.53156263776706, ""sigma_r_over_sigma_1"": 1.0, ""supplied_rank"": 1}], ""stationarity_residual"": 3.2475482687991475e-05, ""t"": 25, ""tangent_gram_condition_number"": 155.9677592365888, ""tangent_gram_coordinate_dimension"": 222, ""tangent_gram_eigensolver_converged"": true, ""tangent_gram_eigensolver_status"": ""converged"", ""tangent_gram_largest_eigenvalue"": 23.913246624586353, ""tangent_gram_smallest_eigenvalue"": 0.15332172970640778, ""target_support_norm"": 0.01407557191405145, ""target_supported"": true}, {""converged"": true, ""kind"": ""unit"", ""max_envelope_ratio"": 1.3405477125999914, ""n"": 26, ""numerical_rank_vector"": [1, 1, 1], ""part"": 0, ""rank_supported"": true, ""riesz_converged"": true, ""riesz_equation_residual"": 6.463430336104837e-09, ""riesz_solver"": ""cg"", ""riesz_target_rayleigh_quotient"": 0.27775491976306455, ""riesz_target_stable"": true, ""split_rank_singular_values"": [{""block"": ""A"", ""computational_rank_supported"": true, ""relative_rank_floor"": 1e-10, ""sigma_1"": 18.48980597099196, ""sigma_r"": 18.48980597099196, ""sigma_r_over_sigma_1"": 1.0, ""supplied_rank"": 1}, {""block"": ""B"", ""computational_rank_supported"": true, ""relative_rank_floor"": 1e-10, ""sigma_1"": 34.127498373070374, ""sigma_r"": 34.127498373070374, ""sigma_r_over_sigma_1"": 1.0, ""supplied_rank"": 1}, {""block"": ""H"", ""computational_rank_supported"": true, ""relative_rank_floor"": 1e-10, ""sigma_1"": 60.2358554441934, ""sigma_r"": 60.2358554441934, ""sigma_r_over_sigma_1"": 1.0, ""supplied_rank"": 1}], ""stationarity_residual"": 5.488142783042348e-05, ""t"": 50, ""tangent_gram_condition_number"": 826.9757782168879, ""tangent_gram_coordinate_dimension"": 225, ""tangent_gram_eigensolver_converged"": true, ""tangent_gram_eigensolver_status"": ""converged"", ""tangent_gram_largest_eigenvalue"": 41.58606958161958, ""tangent_gram_smallest_eigenvalue"": 0.050286925780688295, ""target_support_norm"": 0.014340733855586821, ""target_supported"": true}, {""converged"": true, ""kind"": ""unit"", ""max_envelope_ratio"": 0.742116681830314, ""n"": 24, ""numerical_rank_vector"": [1, 1, 1], ""part"": 1, ""rank_supported"": true, ""riesz_converged"": true, ""riesz_equation_residual"": 7.195894956685408e-09, ""riesz_solver"": ""cg"", ""riesz_target_rayleigh_quotient"": 0.5388112245061297, ""riesz_target_stable"": true, ""split_rank_singular_values"": [{""block"": ""A"", ""computational_rank_supported"": true, ""relative_rank_floor"": 1e-10, ""sigma_1"": 18.29408383700109, ""sigma_r"": 18.29408383700109, ""sigma_r_over_sigma_1"": 1.0, ""supplied_rank"": 1}, {""block"": ""B"", ""computational_rank_supported"": true, ""relative_rank_floor"": 1e-10, ""sigma_1"": 28.533482541110647, ""sigma_r"": 28.533482541110647, ""sigma_r_over_sigma_1"": 1.0, ""supplied_rank"": 1}, {""block"": ""H"", ""computational_rank_supported"": true, ""relative_rank_floor"": 1e-10, ""sigma_1"": 49.68730963618252, ""sigma_r"": 49.68730963618252, ""sigma_r_over_sigma_1"": 1.0, ""supplied_rank"": 1}], ""stationarity_residual"": 3.851146190224635e-05, ""t"": 50, ""tangent_gram_condition_number"": 127.23996201414293, ""tangent_gram_coordinate_dimension"": 219, ""tangent_gram_eigensolver_converged"": true, ""tangent_gram_eigensolver_status"": ""converged"", ""tangent_gram_largest_eigenvalue"": 21.821332083538227, ""tangent_gram_smallest_eigenvalue"": 0.17149747404917293, ""target_support_norm"": 0.013808862034615534, ""target_supported"": true}]","[[0, 2, 3, 4, 6, 7, 8, 9, 13, 16, 18, 19, 24, 25, 27, 28, 29, 32, 34, 38, 40, 41, 43, 45, 48], [1, 5, 10, 11, 12, 14, 15, 17, 20, 21, 22, 23, 26, 30, 31, 33, 35, 36, 37, 39, 42, 44, 46, 47, 49]]","[[4, 5, 6, 7, 8, 11, 12, 14, 15, 18, 20, 21, 23, 25, 26, 27, 28, 31, 32, 33, 36, 39, 41, 43, 45, 49], [0, 1, 2, 3, 9, 10, 13, 16, 17, 19, 22, 24, 29, 30, 34, 35, 37, 38, 40, 42, 44, 46, 47, 48]]",False,False,False,True,"[1, 1, 1]",,"[1, 1, 1]",,,,,,,,null,,1.4108721026542639,14.0,2.2301192415310002e-05,0.8487596483737108,97.0,9.016368952552902e-09,0.5518348170248903,0.019943924719307622,297.0,0.1502094359955449,38.39925253951818,255.6380848181673,True,converged,0.00018643644239859573,False,8.0,1.0,0.09020649999729358,0.07447989998036064,0.6218115999945439,"[20260810, 4011364011, 979268564, 1499620634, 1499620634, 2004296267, 1387497986, 1337576661]",b867e9855af0a3ac,610c7358dde2c1b141abb0f783ec54c402df554b,1.0,0.6499570856178685,1.8182956745712169,0.8142037660823404,0.7155449324864017,0.4609179529380801,0.6929581838643355,0.24566893864535858,0.7155449324864017,0.07860528372390675,1.740809314871086,0.8999999999999999,1.1,0.8,1.2,0.85,2.031384387633061,6.140886497349466,6.140886497349466,0.7155449324864017,1.740809314871086,4.633629546136808,4.633629546136808,9.0,1.0,2.8591135026505343,True,d5a8ffb771ffb430fb61637f84bcbe534f544c1cbf94ca967be81324d9842131,theorem_covered,True,0.01999999999999997,0.019997503887369716,0.9998751943684874,,,,,,,,,,,,,,,,,,False
replication,b867e9855af0a3ac,2,50,50,4,fixed_rank,success,success,True,True,False,True,False,False,"[1, 1, 1]",,,,,7,dgp2_N50_T50_r00004_truth1-1-1,d5a8ffb771ffb430fb61637f84bcbe534f544c1cbf94ca967be81324d9842131,1.895178400009172,,,B_full_mean,target,split_fit_failure,[],dgp2_N50_T50_r00004_truth1-1-1,split_fit_not_converged,"[1, 1, 1]",0.6929581838643354,0.6670329852420471,0.04395151898063412,0.0019317360207050409,0.6794962494377963,0.028046512226597705,0.0007866068480766946,-0.01346193442653909,0.6670329852420471,0.04395151898063412,0.0019317360207050409,-0.02592519862228826,0.6794962494377963,0.7049009175864049,0.666554845484937,4.0,4.0,0.17721270001493394,"[{""converged"": true, ""kind"": ""time"", ""max_envelope_ratio"": 1.272944813712025, ""n"": 50, ""numerical_rank_vector"": [1, 1, 1], ""part"": 0, ""rank_supported"": true, ""riesz_converged"": true, ""riesz_equation_residual"": 7.334637993528414e-09, ""riesz_solver"": ""cg"", ""riesz_target_rayleigh_quotient"": 0.455421910816167, ""riesz_target_stable"": true, ""split_rank_singular_values"": [{""block"": ""A"", ""computational_rank_supported"": true, ""relative_rank_floor"": 1e-10, ""sigma_1"": 16.947356285231173, ""sigma_r"": 16.947356285231173, ""sigma_r_over_sigma_1"": 1.0, ""supplied_rank"": 1}, {""block"": ""B"", ""computational_rank_supported"": true, ""relative_rank_floor"": 1e-10, ""sigma_1"": 33.69273423661739, ""sigma_r"": 33.69273423661739, ""sigma_r_over_sigma_1"": 1.0, ""supplied_rank"": 1}, {""block"": ""H"", ""computational_rank_supported"": true, ""relative_rank_floor"": 1e-10, ""sigma_1"": 65.9337068305406, ""sigma_r"": 65.9337068305406, ""sigma_r_over_sigma_1"": 1.0, ""supplied_rank"": 1}], ""stationarity_residual"": 4.617038611743153e-05, ""t"": 25, ""tangent_gram_condition_number"": 679.2762404714513, ""tangent_gram_coordinate_dimension"": 222, ""tangent_gram_eigensolver_converged"": true, ""tangent_gram_eigensolver_status"": ""converged"", ""tangent_gram_largest_eigenvalue"": 51.6861865879595, ""tangent_gram_smallest_eigenvalue"": 0.07609008457602864, ""target_support_norm"": 0.013527635498244317, ""target_supported"": true}, {""converged"": true, ""kind"": ""time"", ""max_envelope_ratio"": 0.8496005389409674, ""n"": 50, ""numerical_rank_vector"": [1, 1, 1], ""part"": 1, ""rank_supported"": true, ""riesz_converged"": true, ""riesz_equation_residual"": 9.005581265572351e-09, ""riesz_solver"": ""cg"", ""riesz_target_rayleigh_quotient"": 0.5882194716062904, ""riesz_target_stable"": true, ""split_rank_singular_values"": [{""block"": ""A"", ""computational_rank_supported"": true, ""relative_rank_floor"": 1e-10, ""sigma_1"": 18.24624244421789, ""sigma_r"": 18.24624244421789, ""sigma_r_over_sigma_1"": 1.0, ""supplied_rank"": 1}, {""block"": ""B"", ""computational_rank_supported"": true, ""relative_rank_floor"": 1e-10, ""sigma_1"": 34.05402007166128, ""sigma_r"": 34.05402007166128, ""sigma_r_over_sigma_1"": 1.0, ""supplied_rank"": 1}, {""block"": ""H"", ""computational_rank_supported"": true, ""relative_rank_floor"": 1e-10, ""sigma_1"": 46.53156263776706, ""sigma_r"": 46.53156263776706, ""sigma_r_over_sigma_1"": 1.0, ""supplied_rank"": 1}], ""stationarity_residual"": 3.2475482687991475e-05, ""t"": 25, ""tangent_gram_condition_number"": 155.9677592365888, ""tangent_gram_coordinate_dimension"": 222, ""tangent_gram_eigensolver_converged"": true, ""tangent_gram_eigensolver_status"": ""converged"", ""tangent_gram_largest_eigenvalue"": 23.913246624586353, ""tangent_gram_smallest_eigenvalue"": 0.15332172970640778, ""target_support_norm"": 0.013764223367791931, ""target_supported"": true}, {""converged"": true, ""kind"": ""unit"", ""max_envelope_ratio"": 1.3405477125999914, ""n"": 26, ""numerical_rank_vector"": [1, 1, 1], ""part"": 0, ""rank_supported"": true, ""riesz_converged"": true, ""riesz_equation_residual"": 8.9822396232572e-09, ""riesz_solver"": ""cg"", ""riesz_target_rayleigh_quotient"": 0.3030665972790402, ""riesz_target_stable"": true, ""split_rank_singular_values"": [{""block"": ""A"", ""computational_rank_supported"": true, ""relative_rank_floor"": 1e-10, ""sigma_1"": 18.48980597099196, ""sigma_r"": 18.48980597099196, ""sigma_r_over_sigma_1"": 1.0, ""supplied_rank"": 1}, {""block"": ""B"", ""computational_rank_supported"": true, ""relative_rank_floor"": 1e-10, ""sigma_1"": 34.127498373070374, ""sigma_r"": 34.127498373070374, ""sigma_r_over_sigma_1"": 1.0, ""supplied_rank"": 1}, {""block"": ""H"", ""computational_rank_supported"": true, ""relative_rank_floor"": 1e-10, ""sigma_1"": 60.2358554441934, ""sigma_r"": 60.2358554441934, ""sigma_r_over_sigma_1"": 1.0, ""supplied_rank"": 1}], ""stationarity_residual"": 5.488142783042348e-05, ""t"": 50, ""tangent_gram_condition_number"": 826.9757782168879, ""tangent_gram_coordinate_dimension"": 225, ""tangent_gram_eigensolver_converged"": true, ""tangent_gram_eigensolver_status"": ""converged"", ""tangent_gram_largest_eigenvalue"": 41.58606958161958, ""tangent_gram_smallest_eigenvalue"": 0.050286925780688295, ""target_support_norm"": 0.014172215560609651, ""target_supported"": true}, {""converged"": true, ""kind"": ""unit"", ""max_envelope_ratio"": 0.742116681830314, ""n"": 24, ""numerical_rank_vector"": [1, 1, 1], ""part"": 1, ""rank_supported"": true, ""riesz_converged"": true, ""riesz_equation_residual"": 8.117809224603563e-09, ""riesz_solver"": ""cg"", ""riesz_target_rayleigh_quotient"": 0.4879111591673426, ""riesz_target_stable"": true, ""split_rank_singular_values"": [{""block"": ""A"", ""computational_rank_supported"": true, ""relative_rank_floor"": 1e-10, ""sigma_1"": 18.29408383700109, ""sigma_r"": 18.29408383700109, ""sigma_r_over_sigma_1"": 1.0, ""supplied_rank"": 1}, {""block"": ""B"", ""computational_rank_supported"": true, ""relative_rank_floor"": 1e-10, ""sigma_1"": 28.533482541110647, ""sigma_r"": 28.533482541110647, ""sigma_r_over_sigma_1"": 1.0, ""supplied_rank"": 1}, {""block"": ""H"", ""computational_rank_supported"": true, ""relative_rank_floor"": 1e-10, ""sigma_1"": 49.68730963618252, ""sigma_r"": 49.68730963618252, ""sigma_r_over_sigma_1"": 1.0, ""supplied_rank"": 1}], ""stationarity_residual"": 3.851146190224635e-05, ""t"": 50, ""tangent_gram_condition_number"": 127.23996201414293, ""tangent_gram_coordinate_dimension"": 219, ""tangent_gram_eigensolver_converged"": true, ""tangent_gram_eigensolver_status"": ""converged"", ""tangent_gram_largest_eigenvalue"": 21.821332083538227, ""tangent_gram_smallest_eigenvalue"": 0.17149747404917293, ""target_support_norm"": 0.013156945834055281, ""target_supported"": true}]","[[0, 2, 3, 4, 6, 7, 8, 9, 13, 16, 18, 19, 24, 25, 27, 28, 29, 32, 34, 38, 40, 41, 43, 45, 48], [1, 5, 10, 11, 12, 14, 15, 17, 20, 21, 22, 23, 26, 30, 31, 33, 35, 36, 37, 39, 42, 44, 46, 47, 49]]","[[4, 5, 6, 7, 8, 11, 12, 14, 15, 18, 20, 21, 23, 25, 26, 27, 28, 31, 32, 33, 36, 39, 41, 43, 45, 49], [0, 1, 2, 3, 9, 10, 13, 16, 17, 19, 22, 24, 29, 30, 34, 35, 37, 38, 40, 42, 44, 46, 47, 48]]",False,False,False,True,"[1, 1, 1]",,"[1, 1, 1]",,,,,,,,null,,1.4108721026542639,14.0,2.2301192415310002e-05,0.8487596483737108,99.0,8.26800421968144e-09,0.718042360745841,0.019700731926632905,297.0,0.1502094359955449,38.39925253951818,255.6380848181673,True,converged,2.5799978774515573e-05,False,8.0,1.0,0.09020649999729358,0.07495639999979176,0.7362676000047941,"[20260810, 4011364011, 979268564, 1499620634, 1499620634, 2004296267, 1387497986, 1337576661]",b867e9855af0a3ac,610c7358dde2c1b141abb0f783ec54c402df554b,1.0,0.6499570856178685,1.8182956745712169,0.8142037660823404,0.7155449324864017,0.4609179529380801,0.6929581838643355,0.24566893864535858,0.7155449324864017,0.07860528372390675,1.740809314871086,0.8999999999999999,1.1,0.8,1.2,0.85,2.031384387633061,6.140886497349466,6.140886497349466,0.7155449324864017,1.740809314871086,4.633629546136808,4.633629546136808,9.0,1.0,2.8591135026505343,True,d5a8ffb771ffb430fb61637f84bcbe534f544c1cbf94ca967be81324d9842131,theorem_covered,True,0.01999999999999997,0.01990035674270802,0.9950178371354026,,,,,,,,,,,,,,,,,,False
replication,b867e9855af0a3ac,2,50,50,4,fixed_rank,success,success,True,True,True,True,True,True,"[1, 1, 1]",,,,,7,dgp2_N50_T50_r00004_truth1-1-1,d5a8ffb771ffb430fb61637f84bcbe534f544c1cbf94ca967be81324d9842131,1.895178400009172,,,A_G1_fixed_time,target,success,[],dgp2_N50_T50_r00004_truth1-1-1,success,"[1, 1, 1]",0.4139676159271482,0.20876375368278274,0.0786001405830638,0.006177982099677394,0.20876375368278274,0.0786001405830638,0.006177982099677394,-0.20520386224436546,0.20876375368278274,0.0786001405830638,0.006177982099677394,-0.20520386224436546,0.20876375368278274,,,0.0,4.0,0.17721270001493394,[],null,null,True,True,False,False,"[1, 1, 1]",,"[1, 1, 1]",,,,,,,,null,,1.4108721026542639,14.0,2.2301192415310002e-05,0.8487596483737108,91.0,8.794942676309078e-09,2.6449033664511816,0.13552799433999152,297.0,0.1502094359955449,38.39925253951818,255.6380848181673,True,converged,7.616049197251493e-05,False,8.0,1.0,0.09020649999729358,0.01680160002433695,0.7883462000172585,"[20260810, 4011364011, 979268564, 1499620634, 1499620634, 2004296267, 1387497986, 1337576661]",b867e9855af0a3ac,610c7358dde2c1b141abb0f783ec54c402df554b,1.0,0.6499570856178685,1.8182956745712169,0.8142037660823404,0.7155449324864017,0.4609179529380801,0.6929581838643355,0.24566893864535858,0.7155449324864017,0.07860528372390675,1.740809314871086,0.8999999999999999,1.1,0.8,1.2,0.85,2.031384387633061,6.140886497349466,6.140886497349466,0.7155449324864017,1.740809314871086,4.633629546136808,4.633629546136808,9.0,1.0,2.8591135026505343,True,d5a8ffb771ffb430fb61637f84bcbe534f544c1cbf94ca967be81324d9842131,theorem_covered,True,0.2,0.14321585565342143,0.7160792782671072,,,,,,,,,,,,,,,,,,False
replication,b867e9855af0a3ac,2,50,50,4,fixed_rank,success,success,True,True,True,True,True,True,"[1, 1, 1]",,,,,7,dgp2_N50_T50_r00004_truth1-1-1,d5a8ffb771ffb430fb61637f84bcbe534f544c1cbf94ca967be81324d9842131,1.895178400009172,,,A_G2_fixed_time,target,success,[],dgp2_N50_T50_r00004_truth1-1-1,success,"[1, 1, 1]",0.40535314279127804,0.2157361408491655,0.08125834722631245,0.00660291899395196,0.2157361408491655,0.08125834722631245,0.00660291899395196,-0.18961700194211253,0.2157361408491655,0.08125834722631245,0.00660291899395196,-0.18961700194211253,0.2157361408491655,,,0.0,4.0,0.17721270001493394,[],null,null,True,True,False,False,"[1, 1, 1]",,"[1, 1, 1]",,,,,,,,null,,1.4108721026542639,14.0,2.2301192415310002e-05,0.8487596483737108,85.0,8.699999554401384e-09,2.6271350837504848,0.14001574009147402,297.0,0.1502094359955449,38.39925253951818,255.6380848181673,True,converged,0.00010556053414510609,False,8.0,1.0,0.09020649999729358,0.021460699994349852,0.8426556999911554,"[20260810, 4011364011, 979268564, 1499620634, 1499620634, 2004296267, 1387497986, 1337576661]",b867e9855af0a3ac,610c7358dde2c1b141abb0f783ec54c402df554b,1.0,0.6499570856178685,1.8182956745712169,0.8142037660823404,0.7155449324864017,0.4609179529380801,0.6929581838643355,0.24566893864535858,0.7155449324864017,0.07860528372390675,1.740809314871086,0.8999999999999999,1.1,0.8,1.2,0.85,2.031384387633061,6.140886497349466,6.140886497349466,0.7155449324864017,1.740809314871086,4.633629546136808,4.633629546136808,9.0,1.0,2.8591135026505343,True,d5a8ffb771ffb430fb61637f84bcbe534f544c1cbf94ca967be81324d9842131,theorem_covered,True,0.2,0.1403261961831563,0.7016309809157815,,,,,,,,,,,,,,,,,,False
replication,b867e9855af0a3ac,2,50,50,4,fixed_rank,success,success,True,True,True,True,True,True,"[1, 1, 1]",,,,,7,dgp2_N50_T50_r00004_truth1-1-1,d5a8ffb771ffb430fb61637f84bcbe534f544c1cbf94ca967be81324d9842131,1.895178400009172,,,A_G2_minus_G1_fixed_time,target,success,[],dgp2_N50_T50_r00004_truth1-1-1,success,"[1, 1, 1]",-0.00861447313587018,0.006972387166382754,0.010600839716127724,0.00011237780268703094,0.006972387166382754,0.010600839716127724,0.00011237780268703094,0.015586860302252935,0.006972387166382754,0.010600839716127724,0.00011237780268703094,0.015586860302252935,0.006972387166382754,,,0.0,4.0,0.17721270001493394,[],null,null,False,False,True,False,"[1, 1, 1]",,"[1, 1, 1]",,,,,,,,null,,1.4108721026542639,14.0,2.2301192415310002e-05,0.8487596483737108,91.0,9.25908288217461e-09,2.694601909007581,0.018421276348297568,297.0,0.1502094359955449,38.39925253951818,255.6380848181673,True,converged,0.00023797060135624177,False,8.0,1.0,0.09020649999729358,0.017874400014989078,0.8940091000113171,"[20260810, 4011364011, 979268564, 1499620634, 1499620634, 2004296267, 1387497986, 1337576661]",b867e9855af0a3ac,610c7358dde2c1b141abb0f783ec54c402df554b,1.0,0.6499570856178685,1.8182956745712169,0.8142037660823404,0.7155449324864017,0.4609179529380801,0.6929581838643355,0.24566893864535858,0.7155449324864017,0.07860528372390675,1.740809314871086,0.8999999999999999,1.1,0.8,1.2,0.85,2.031384387633061,6.140886497349466,6.140886497349466,0.7155449324864017,1.740809314871086,4.633629546136808,4.633629546136808,9.0,1.0,2.8591135026505343,True,d5a8ffb771ffb430fb61637f84bcbe534f544c1cbf94ca967be81324d9842131,weak_target_stress_outside_assumption9,False,0.28284271247461906,0.03525481762809633,0.12464460307160974,,,,,,,,,,,,,,,,,,False
replication,b867e9855af0a3ac,2,50,50,4,fixed_rank,success,success,True,True,False,True,False,False,"[1, 1, 1]",,,,,7,dgp2_N50_T50_r00004_truth1-1-1,d5a8ffb771ffb430fb61637f84bcbe534f544c1cbf94ca967be81324d9842131,1.895178400009172,,,A_G1_time_average,target,split_fit_failure,[],dgp2_N50_T50_r00004_truth1-1-1,split_fit_not_converged,"[1, 1, 1]",0.4657641200602657,0.44870444627088446,0.028519609622028194,0.0008133681329928832,0.4431496790326941,0.01921022991063062,0.0003690329332192872,-0.022614441027571597,0.44870444627088446,0.028519609622028194,0.0008133681329928832,-0.017059673789381224,0.4431496790326941,0.4314715008200264,0.4492730900071714,4.0,4.0,0.17721270001493394,"[{""converged"": true, ""kind"": ""time"", ""max_envelope_ratio"": 1.272944813712025, ""n"": 50, ""numerical_rank_vector"": [1, 1, 1], ""part"": 0, ""rank_supported"": true, ""riesz_converged"": true, ""riesz_equation_residual"": 8.802120675604801e-09, ""riesz_solver"": ""cg"", ""riesz_target_rayleigh_quotient"": 0.6248481869605063, ""riesz_target_stable"": true, ""split_rank_singular_values"": [{""block"": ""A"", ""computational_rank_supported"": true, ""relative_rank_floor"": 1e-10, ""sigma_1"": 16.947356285231173, ""sigma_r"": 16.947356285231173, ""sigma_r_over_sigma_1"": 1.0, ""supplied_rank"": 1}, {""block"": ""B"", ""computational_rank_supported"": true, ""relative_rank_floor"": 1e-10, ""sigma_1"": 33.69273423661739, ""sigma_r"": 33.69273423661739, ""sigma_r_over_sigma_1"": 1.0, ""supplied_rank"": 1}, {""block"": ""H"", ""computational_rank_supported"": true, ""relative_rank_floor"": 1e-10, ""sigma_1"": 65.9337068305406, ""sigma_r"": 65.9337068305406, ""sigma_r_over_sigma_1"": 1.0, ""supplied_rank"": 1}], ""stationarity_residual"": 4.617038611743153e-05, ""t"": 25, ""tangent_gram_condition_number"": 679.2762404714513, ""tangent_gram_coordinate_dimension"": 222, ""tangent_gram_eigensolver_converged"": true, ""tangent_gram_eigensolver_status"": ""converged"", ""tangent_gram_largest_eigenvalue"": 51.6861865879595, ""tangent_gram_smallest_eigenvalue"": 0.07609008457602864, ""target_support_norm"": 0.01884595208401445, ""target_supported"": true}, {""converged"": true, ""kind"": ""time"", ""max_envelope_ratio"": 0.8496005389409674, ""n"": 50, ""numerical_rank_vector"": [1, 1, 1], ""part"": 1, ""rank_supported"": true, ""riesz_converged"": true, ""riesz_equation_residual"": 9.250694219977278e-09, ""riesz_solver"": ""cg"", ""riesz_target_rayleigh_quotient"": 1.2449840311510258, ""riesz_target_stable"": true, ""split_rank_singular_values"": [{""block"": ""A"", ""computational_rank_supported"": true, ""relative_rank_floor"": 1e-10, ""sigma_1"": 18.24624244421789, ""sigma_r"": 18.24624244421789, ""sigma_r_over_sigma_1"": 1.0, ""supplied_rank"": 1}, {""block"": ""B"", ""computational_rank_supported"": true, ""relative_rank_floor"": 1e-10, ""sigma_1"": 34.05402007166128, ""sigma_r"": 34.05402007166128, ""sigma_r_over_sigma_1"": 1.0, ""supplied_rank"": 1}, {""block"": ""H"", ""computational_rank_supported"": true, ""relative_rank_floor"": 1e-10, ""sigma_1"": 46.53156263776706, ""sigma_r"": 46.53156263776706, ""sigma_r_over_sigma_1"": 1.0, ""supplied_rank"": 1}], ""stationarity_residual"": 3.2475482687991475e-05, ""t"": 25, ""tangent_gram_condition_number"": 155.9677592365888, ""tangent_gram_coordinate_dimension"": 222, ""tangent_gram_eigensolver_converged"": true, ""tangent_gram_eigensolver_status"": ""converged"", ""tangent_gram_largest_eigenvalue"": 23.913246624586353, ""tangent_gram_smallest_eigenvalue"": 0.15332172970640778, ""target_support_norm"": 0.01944283418778916, ""target_supported"": true}, {""converged"": true, ""kind"": ""unit"", ""max_envelope_ratio"": 1.3405477125999914, ""n"": 26, ""numerical_rank_vector"": [1, 1, 1], ""part"": 0, ""rank_supported"": true, ""riesz_converged"": true, ""riesz_equation_residual"": 9.285272050297141e-09, ""riesz_solver"": ""cg"", ""riesz_target_rayleigh_quotient"": 0.3851746761038568, ""riesz_target_stable"": true, ""split_rank_singular_values"": [{""block"": ""A"", ""computational_rank_supported"": true, ""relative_rank_floor"": 1e-10, ""sigma_1"": 18.48980597099196, ""sigma_r"": 18.48980597099196, ""sigma_r_over_sigma_1"": 1.0, ""supplied_rank"": 1}, {""block"": ""B"", ""computational_rank_supported"": true, ""relative_rank_floor"": 1e-10, ""sigma_1"": 34.127498373070374, ""sigma_r"": 34.127498373070374, ""sigma_r_over_sigma_1"": 1.0, ""supplied_rank"": 1}, {""block"": ""H"", ""computational_rank_supported"": true, ""relative_rank_floor"": 1e-10, ""sigma_1"": 60.2358554441934, ""sigma_r"": 60.2358554441934, ""sigma_r_over_sigma_1"": 1.0, ""supplied_rank"": 1}], ""stationarity_residual"": 5.488142783042348e-05, ""t"": 50, ""tangent_gram_condition_number"": 826.9757782168879, ""tangent_gram_coordinate_dimension"": 225, ""tangent_gram_eigensolver_converged"": true, ""tangent_gram_eigensolver_status"": ""converged"", ""tangent_gram_largest_eigenvalue"": 41.58606958161958, ""tangent_gram_smallest_eigenvalue"": 0.050286925780688295, ""target_support_norm"": 0.019257062899528467, ""target_supported"": true}, {""converged"": true, ""kind"": ""unit"", ""max_envelope_ratio"": 0.742116681830314, ""n"": 24, ""numerical_rank_vector"": [1, 1, 1], ""part"": 1, ""rank_supported"": true, ""riesz_converged"": true, ""riesz_equation_residual"": 9.463846006966322e-09, ""riesz_solver"": ""cg"", ""riesz_target_rayleigh_quotient"": 0.8655956584430592, ""riesz_target_stable"": true, ""split_rank_singular_values"": [{""block"": ""A"", ""computational_rank_supported"": true, ""relative_rank_floor"": 1e-10, ""sigma_1"": 18.29408383700109, ""sigma_r"": 18.29408383700109, ""sigma_r_over_sigma_1"": 1.0, ""supplied_rank"": 1}, {""block"": ""B"", ""computational_rank_supported"": true, ""relative_rank_floor"": 1e-10, ""sigma_1"": 28.533482541110647, ""sigma_r"": 28.533482541110647, ""sigma_r_over_sigma_1"": 1.0, ""supplied_rank"": 1}, {""block"": ""H"", ""computational_rank_supported"": true, ""relative_rank_floor"": 1e-10, ""sigma_1"": 49.68730963618252, ""sigma_r"": 49.68730963618252, ""sigma_r_over_sigma_1"": 1.0, ""supplied_rank"": 1}], ""stationarity_residual"": 3.851146190224635e-05, ""t"": 50, ""tangent_gram_condition_number"": 127.23996201414293, ""tangent_gram_coordinate_dimension"": 219, ""tangent_gram_eigensolver_converged"": true, ""tangent_gram_eigensolver_status"": ""converged"", ""tangent_gram_largest_eigenvalue"": 21.821332083538227, ""tangent_gram_smallest_eigenvalue"": 0.17149747404917293, ""target_support_norm"": 0.01858612577708002, ""target_supported"": true}]","[[0, 2, 3, 4, 6, 7, 8, 9, 13, 16, 18, 19, 24, 25, 27, 28, 29, 32, 34, 38, 40, 41, 43, 45, 48], [1, 5, 10, 11, 12, 14, 15, 17, 20, 21, 22, 23, 26, 30, 31, 33, 35, 36, 37, 39, 42, 44, 46, 47, 49]]","[[4, 5, 6, 7, 8, 11, 12, 14, 15, 18, 20, 21, 23, 25, 26, 27, 28, 31, 32, 33, 36, 39, 41, 43, 45, 49], [0, 1, 2, 3, 9, 10, 13, 16, 17, 19, 22, 24, 29, 30, 34, 35, 37, 38, 40, 42, 44, 46, 47, 48]]",False,False,False,True,"[1, 1, 1]",,"[1, 1, 1]",,,,,,,,null,,1.4108721026542639,14.0,2.2301192415310002e-05,0.8487596483737108,95.0,8.974930215180096e-09,0.8973107387771371,0.02749363731767546,297.0,0.1502094359955449,38.39925253951818,255.6380848181673,True,converged,1.2167579928189218e-05,False,8.0,1.0,0.09020649999729358,0.09452730001066811,1.0263430000049993,"[20260810, 4011364011, 979268564, 1499620634, 1499620634, 2004296267, 1387497986, 1337576661]",b867e9855af0a3ac,610c7358dde2c1b141abb0f783ec54c402df554b,1.0,0.6499570856178685,1.8182956745712169,0.8142037660823404,0.7155449324864017,0.4609179529380801,0.6929581838643355,0.24566893864535858,0.7155449324864017,0.07860528372390675,1.740809314871086,0.8999999999999999,1.1,0.8,1.2,0.85,2.031384387633061,6.140886497349466,6.140886497349466,0.7155449324864017,1.740809314871086,4.633629546136808,4.633629546136808,9.0,1.0,2.8591135026505343,True,d5a8ffb771ffb430fb61637f84bcbe534f544c1cbf94ca967be81324d9842131,theorem_covered,True,0.028284271247461912,0.028119697296389832,0.9941814321595135,,,,,,,,,,,,,,,,,,False
replication,b867e9855af0a3ac,2,50,50,4,fixed_rank,success,success,True,True,False,True,False,False,"[1, 1, 1]",,,,,7,dgp2_N50_T50_r00004_truth1-1-1,d5a8ffb771ffb430fb61637f84bcbe534f544c1cbf94ca967be81324d9842131,1.895178400009172,,,A_G2_time_average,target,split_fit_failure,[],dgp2_N50_T50_r00004_truth1-1-1,split_fit_not_converged,"[1, 1, 1]",0.4560717858158946,0.4653079293866764,0.028405911114262772,0.0008068957862313973,0.4579501943538029,0.018990689778408898,0.00036064629825976417,0.001878408537908327,0.4653079293866764,0.028405911114262772,0.0008068957862313973,0.00923614357078184,0.4579501943538029,0.44631950089934,0.4622231527753923,4.0,4.0,0.17721270001493394,"[{""converged"": true, ""kind"": ""time"", ""max_envelope_ratio"": 1.272944813712025, ""n"": 50, ""numerical_rank_vector"": [1, 1, 1], ""part"": 0, ""rank_supported"": true, ""riesz_converged"": true, ""riesz_equation_residual"": 9.191800203733281e-09, ""riesz_solver"": ""cg"", ""riesz_target_rayleigh_quotient"": 0.556629744174313, ""riesz_target_stable"": true, ""split_rank_singular_values"": [{""block"": ""A"", ""computational_rank_supported"": true, ""relative_rank_floor"": 1e-10, ""sigma_1"": 16.947356285231173, ""sigma_r"": 16.947356285231173, ""sigma_r_over_sigma_1"": 1.0, ""supplied_rank"": 1}, {""block"": ""B"", ""computational_rank_supported"": true, ""relative_rank_floor"": 1e-10, ""sigma_1"": 33.69273423661739, ""sigma_r"": 33.69273423661739, ""sigma_r_over_sigma_1"": 1.0, ""supplied_rank"": 1}, {""block"": ""H"", ""computational_rank_supported"": true, ""relative_rank_floor"": 1e-10, ""sigma_1"": 65.9337068305406, ""sigma_r"": 65.9337068305406, ""sigma_r_over_sigma_1"": 1.0, ""supplied_rank"": 1}], ""stationarity_residual"": 4.617038611743153e-05, ""t"": 25, ""tangent_gram_condition_number"": 679.2762404714513, ""tangent_gram_coordinate_dimension"": 222, ""tangent_gram_eigensolver_converged"": true, ""tangent_gram_eigensolver_status"": ""converged"", ""tangent_gram_largest_eigenvalue"": 51.6861865879595, ""tangent_gram_smallest_eigenvalue"": 0.07609008457602864, ""target_support_norm"": 0.019009194147810122, ""target_supported"": true}, {""converged"": true, ""kind"": ""time"", ""max_envelope_ratio"": 0.8496005389409674, ""n"": 50, ""numerical_rank_vector"": [1, 1, 1], ""part"": 1, ""rank_supported"": true, ""riesz_converged"": true, ""riesz_equation_residual"": 5.635984656391824e-09, ""riesz_solver"": ""cg"", ""riesz_target_rayleigh_quotient"": 0.8679984672665793, ""riesz_target_stable"": true, ""split_rank_singular_values"": [{""block"": ""A"", ""computational_rank_supported"": true, ""relative_rank_floor"": 1e-10, ""sigma_1"": 18.24624244421789, ""sigma_r"": 18.24624244421789, ""sigma_r_over_sigma_1"": 1.0, ""supplied_rank"": 1}, {""block"": ""B"", ""computational_rank_supported"": true, ""relative_rank_floor"": 1e-10, ""sigma_1"": 34.05402007166128, ""sigma_r"": 34.05402007166128, ""sigma_r_over_sigma_1"": 1.0, ""supplied_rank"": 1}, {""block"": ""H"", ""computational_rank_supported"": true, ""relative_rank_floor"": 1e-10, ""sigma_1"": 46.53156263776706, ""sigma_r"": 46.53156263776706, ""sigma_r_over_sigma_1"": 1.0, ""supplied_rank"": 1}], ""stationarity_residual"": 3.2475482687991475e-05, ""t"": 25, ""tangent_gram_condition_number"": 155.9677592365888, ""tangent_gram_coordinate_dimension"": 222, ""tangent_gram_eigensolver_converged"": true, ""tangent_gram_eigensolver_status"": ""converged"", ""tangent_gram_largest_eigenvalue"": 23.913246624586353, ""tangent_gram_smallest_eigenvalue"": 0.15332172970640778, ""target_support_norm"": 0.019429632382082722, ""target_supported"": true}, {""converged"": true, ""kind"": ""unit"", ""max_envelope_ratio"": 1.3405477125999914, ""n"": 26, ""numerical_rank_vector"": [1, 1, 1], ""part"": 0, ""rank_supported"": true, ""riesz_converged"": true, ""riesz_equation_residual"": 7.001624172101387e-09, ""riesz_solver"": ""cg"", ""riesz_target_rayleigh_quotient"": 0.38046247697694163, ""riesz_target_stable"": true, ""split_rank_singular_values"": [{""block"": ""A"", ""computational_rank_supported"": true, ""relative_rank_floor"": 1e-10, ""sigma_1"": 18.48980597099196, ""sigma_r"": 18.48980597099196, ""sigma_r_over_sigma_1"": 1.0, ""supplied_rank"": 1}, {""block"": ""B"", ""computational_rank_supported"": true, ""relative_rank_floor"": 1e-10, ""sigma_1"": 34.127498373070374, ""sigma_r"": 34.127498373070374, ""sigma_r_over_sigma_1"": 1.0, ""supplied_rank"": 1}, {""block"": ""H"", ""computational_rank_supported"": true, ""relative_rank_floor"": 1e-10, ""sigma_1"": 60.2358554441934, ""sigma_r"": 60.2358554441934, ""sigma_r_over_sigma_1"": 1.0, ""supplied_rank"": 1}], ""stationarity_residual"": 5.488142783042348e-05, ""t"": 50, ""tangent_gram_condition_number"": 826.9757782168879, ""tangent_gram_coordinate_dimension"": 225, ""tangent_gram_eigensolver_converged"": true, ""tangent_gram_eigensolver_status"": ""converged"", ""tangent_gram_largest_eigenvalue"": 41.58606958161958, ""tangent_gram_smallest_eigenvalue"": 0.050286925780688295, ""target_support_norm"": 0.019269432298601653, ""target_supported"": true}, {""converged"": true, ""kind"": ""unit"", ""max_envelope_ratio"": 0.742116681830314, ""n"": 24, ""numerical_rank_vector"": [1, 1, 1], ""part"": 1, ""rank_supported"": true, ""riesz_converged"": true, ""riesz_equation_residual"": 9.60145915816327e-09, ""riesz_solver"": ""cg"", ""riesz_target_rayleigh_quotient"": 0.6300759426295596, ""riesz_target_stable"": true, ""split_rank_singular_values"": [{""block"": ""A"", ""computational_rank_supported"": true, ""relative_rank_floor"": 1e-10, ""sigma_1"": 18.29408383700109, ""sigma_r"": 18.29408383700109, ""sigma_r_over_sigma_1"": 1.0, ""supplied_rank"": 1}, {""block"": ""B"", ""computational_rank_supported"": true, ""relative_rank_floor"": 1e-10, ""sigma_1"": 28.533482541110647, ""sigma_r"": 28.533482541110647, ""sigma_r_over_sigma_1"": 1.0, ""supplied_rank"": 1}, {""block"": ""H"", ""computational_rank_supported"": true, ""relative_rank_floor"": 1e-10, ""sigma_1"": 49.68730963618252, ""sigma_r"": 49.68730963618252, ""sigma_r_over_sigma_1"": 1.0, ""supplied_rank"": 1}], ""stationarity_residual"": 3.851146190224635e-05, ""t"": 50, ""tangent_gram_condition_number"": 127.23996201414293, ""tangent_gram_coordinate_dimension"": 219, ""tangent_gram_eigensolver_converged"": true, ""tangent_gram_eigensolver_status"": ""converged"", ""tangent_gram_largest_eigenvalue"": 21.821332083538227, ""tangent_gram_smallest_eigenvalue"": 0.17149747404917293, ""target_support_norm"": 0.01868073450541193, ""target_supported"": true}]","[[0, 2, 3, 4, 6, 7, 8, 9, 13, 16, 18, 19, 24, 25, 27, 28, 29, 32, 34, 38, 40, 41, 43, 45, 48], [1, 5, 10, 11, 12, 14, 15, 17, 20, 21, 22, 23, 26, 30, 31, 33, 35, 36, 37, 39, 42, 44, 46, 47, 49]]","[[4, 5, 6, 7, 8, 11, 12, 14, 15, 18, 20, 21, 23, 25, 26, 27, 28, 31, 32, 33, 36, 39, 41, 43, 45, 49], [0, 1, 2, 3, 9, 10, 13, 16, 17, 19, 22, 24, 29, 30, 34, 35, 37, 38, 40, 42, 44, 46, 47, 48]]",False,False,False,True,"[1, 1, 1]",,"[1, 1, 1]",,,,,,,,null,,1.4108721026542639,14.0,2.2301192415310002e-05,0.8487596483737108,95.0,9.527302208299433e-09,0.6794590544345386,0.027539444405651044,297.0,0.1502094359955449,38.39925253951818,255.6380848181673,True,converged,0.00028757650059836024,False,8.0,1.0,0.09020649999729358,0.1002376000105869,1.1693754000007175,"[20260810, 4011364011, 979268564, 1499620634, 1499620634, 2004296267, 1387497986, 1337576661]",b867e9855af0a3ac,610c7358dde2c1b141abb0f783ec54c402df554b,1.0,0.6499570856178685,1.8182956745712169,0.8142037660823404,0.7155449324864017,0.4609179529380801,0.6929581838643355,0.24566893864535858,0.7155449324864017,0.07860528372390675,1.740809314871086,0.8999999999999999,1.1,0.8,1.2,0.85,2.031384387633061,6.140886497349466,6.140886497349466,0.7155449324864017,1.740809314871086,4.633629546136808,4.633629546136808,9.0,1.0,2.8591135026505343,True,d5a8ffb771ffb430fb61637f84bcbe534f544c1cbf94ca967be81324d9842131,theorem_covered,True,0.028284271247461912,0.0281127573928982,0.9939360695185278,,,,,,,,,,,,,,,,,,False
replication,b867e9855af0a3ac,2,50,50,4,fixed_rank,success,success,True,True,False,True,False,False,"[1, 1, 1]",,,,,7,dgp2_N50_T50_r00004_truth1-1-1,d5a8ffb771ffb430fb61637f84bcbe534f544c1cbf94ca967be81324d9842131,1.895178400009172,,,A_G2_minus_G1_time_average,target,split_fit_failure,[],dgp2_N50_T50_r00004_truth1-1-1,split_fit_not_converged,"[1, 1, 1]",-0.009692334244371143,0.016603483115791913,0.03273270920470163,0.0010714302518795586,0.014800515321108782,0.021768544658616003,0.0004738695365541593,0.024492849565479924,0.016603483115791913,0.03273270920470163,0.0010714302518795586,0.026295817360163058,0.014800515321108782,0.01484800007931356,0.012950062768220876,4.0,4.0,0.17721270001493394,"[{""converged"": true, ""kind"": ""time"", ""max_envelope_ratio"": 1.272944813712025, ""n"": 50, ""numerical_rank_vector"": [1, 1, 1], ""part"": 0, ""rank_supported"": true, ""riesz_converged"": true, ""riesz_equation_residual"": 8.324925126383205e-09, ""riesz_solver"": ""cg"", ""riesz_target_rayleigh_quotient"": 2.616475629134375, ""riesz_target_stable"": true, ""split_rank_singular_values"": [{""block"": ""A"", ""computational_rank_supported"": true, ""relative_rank_floor"": 1e-10, ""sigma_1"": 16.947356285231173, ""sigma_r"": 16.947356285231173, ""sigma_r_over_sigma_1"": 1.0, ""supplied_rank"": 1}, {""block"": ""B"", ""computational_rank_supported"": true, ""relative_rank_floor"": 1e-10, ""sigma_1"": 33.69273423661739, ""sigma_r"": 33.69273423661739, ""sigma_r_over_sigma_1"": 1.0, ""supplied_rank"": 1}, {""block"": ""H"", ""computational_rank_supported"": true, ""relative_rank_floor"": 1e-10, ""sigma_1"": 65.9337068305406, ""sigma_r"": 65.9337068305406, ""sigma_r_over_sigma_1"": 1.0, ""supplied_rank"": 1}], ""stationarity_residual"": 4.617038611743153e-05, ""t"": 25, ""tangent_gram_condition_number"": 679.2762404714513, ""tangent_gram_coordinate_dimension"": 222, ""tangent_gram_eigensolver_converged"": true, ""tangent_gram_eigensolver_status"": ""converged"", ""tangent_gram_largest_eigenvalue"": 51.6861865879595, ""tangent_gram_smallest_eigenvalue"": 0.07609008457602864, ""target_support_norm"": 0.025422370819829048, ""target_supported"": true}, {""converged"": true, ""kind"": ""time"", ""max_envelope_ratio"": 0.8496005389409674, ""n"": 50, ""numerical_rank_vector"": [1, 1, 1], ""part"": 1, ""rank_supported"": true, ""riesz_converged"": true, ""riesz_equation_residual"": 7.869574313472337e-09, ""riesz_solver"": ""cg"", ""riesz_target_rayleigh_quotient"": 2.2941858121099172, ""riesz_target_stable"": true, ""split_rank_singular_values"": [{""block"": ""A"", ""computational_rank_supported"": true, ""relative_rank_floor"": 1e-10, ""sigma_1"": 18.24624244421789, ""sigma_r"": 18.24624244421789, ""sigma_r_over_sigma_1"": 1.0, ""supplied_rank"": 1}, {""block"": ""B"", ""computational_rank_supported"": true, ""relative_rank_floor"": 1e-10, ""sigma_1"": 34.05402007166128, ""sigma_r"": 34.05402007166128, ""sigma_r_over_sigma_1"": 1.0, ""supplied_rank"": 1}, {""block"": ""H"", ""computational_rank_supported"": true, ""relative_rank_floor"": 1e-10, ""sigma_1"": 46.53156263776706, ""sigma_r"": 46.53156263776706, ""sigma_r_over_sigma_1"": 1.0, ""supplied_rank"": 1}], ""stationarity_residual"": 3.2475482687991475e-05, ""t"": 25, ""tangent_gram_condition_number"": 155.9677592365888, ""tangent_gram_coordinate_dimension"": 222, ""tangent_gram_eigensolver_converged"": true, ""tangent_gram_eigensolver_status"": ""converged"", ""tangent_gram_largest_eigenvalue"": 23.913246624586353, ""tangent_gram_smallest_eigenvalue"": 0.15332172970640778, ""target_support_norm"": 0.026806378582026804, ""target_supported"": true}, {""converged"": true, ""kind"": ""unit"", ""max_envelope_ratio"": 1.3405477125999914, ""n"": 26, ""numerical_rank_vector"": [1, 1, 1], ""part"": 0, ""rank_supported"": true, ""riesz_converged"": true, ""riesz_equation_residual"": 8.017797602971512e-09, ""riesz_solver"": ""cg"", ""riesz_target_rayleigh_quotient"": 2.5903538786174067, ""riesz_target_stable"": true, ""split_rank_singular_values"": [{""block"": ""A"", ""computational_rank_supported"": true, ""relative_rank_floor"": 1e-10, ""sigma_1"": 18.48980597099196, ""sigma_r"": 18.48980597099196, ""sigma_r_over_sigma_1"": 1.0, ""supplied_rank"": 1}, {""block"": ""B"", ""computational_rank_supported"": true, ""relative_rank_floor"": 1e-10, ""sigma_1"": 34.127498373070374, ""sigma_r"": 34.127498373070374, ""sigma_r_over_sigma_1"": 1.0, ""supplied_rank"": 1}, {""block"": ""H"", ""computational_rank_supported"": true, ""relative_rank_floor"": 1e-10, ""sigma_1"": 60.2358554441934, ""sigma_r"": 60.2358554441934, ""sigma_r_over_sigma_1"": 1.0, ""supplied_rank"": 1}], ""stationarity_residual"": 5.488142783042348e-05, ""t"": 50, ""tangent_gram_condition_number"": 826.9757782168879, ""tangent_gram_coordinate_dimension"": 225, ""tangent_gram_eigensolver_converged"": true, ""tangent_gram_eigensolver_status"": ""converged"", ""tangent_gram_largest_eigenvalue"": 41.58606958161958, ""tangent_gram_smallest_eigenvalue"": 0.050286925780688295, ""target_support_norm"": 0.02572283800801304, ""target_supported"": true}, {""converged"": true, ""kind"": ""unit"", ""max_envelope_ratio"": 0.742116681830314, ""n"": 24, ""numerical_rank_vector"": [1, 1, 1], ""part"": 1, ""rank_supported"": true, ""riesz_converged"": true, ""riesz_equation_residual"": 6.067094373341543e-09, ""riesz_solver"": ""cg"", ""riesz_target_rayleigh_quotient"": 2.5195613426968984, ""riesz_target_stable"": true, ""split_rank_singular_values"": [{""block"": ""A"", ""computational_rank_supported"": true, ""relative_rank_floor"": 1e-10, ""sigma_1"": 18.29408383700109, ""sigma_r"": 18.29408383700109, ""sigma_r_over_sigma_1"": 1.0, ""supplied_rank"": 1}, {""block"": ""B"", ""computational_rank_supported"": true, ""relative_rank_floor"": 1e-10, ""sigma_1"": 28.533482541110647, ""sigma_r"": 28.533482541110647, ""sigma_r_over_sigma_1"": 1.0, ""supplied_rank"": 1}, {""block"": ""H"", ""computational_rank_supported"": true, ""relative_rank_floor"": 1e-10, ""sigma_1"": 49.68730963618252, ""sigma_r"": 49.68730963618252, ""sigma_r_over_sigma_1"": 1.0, ""supplied_rank"": 1}], ""stationarity_residual"": 3.851146190224635e-05, ""t"": 50, ""tangent_gram_condition_number"": 127.23996201414293, ""tangent_gram_coordinate_dimension"": 219, ""tangent_gram_eigensolver_converged"": true, ""tangent_gram_eigensolver_status"": ""converged"", ""tangent_gram_largest_eigenvalue"": 21.821332083538227, ""tangent_gram_smallest_eigenvalue"": 0.17149747404917293, ""target_support_norm"": 0.02502177338563491, ""target_supported"": true}]","[[0, 2, 3, 4, 6, 7, 8, 9, 13, 16, 18, 19, 24, 25, 27, 28, 29, 32, 34, 38, 40, 41, 43, 45, 48], [1, 5, 10, 11, 12, 14, 15, 17, 20, 21, 22, 23, 26, 30, 31, 33, 35, 36, 37, 39, 42, 44, 46, 47, 49]]","[[4, 5, 6, 7, 8, 11, 12, 14, 15, 18, 20, 21, 23, 25, 26, 27, 28, 31, 32, 33, 36, 39, 41, 43, 45, 49], [0, 1, 2, 3, 9, 10, 13, 16, 17, 19, 22, 24, 29, 30, 34, 35, 37, 38, 40, 42, 44, 46, 47, 48]]",False,False,False,True,"[1, 1, 1]",,"[1, 1, 1]",,,,,,,,null,,1.4108721026542639,14.0,2.2301192415310002e-05,0.8487596483737108,91.0,8.908089118492228e-09,2.683962794509278,0.03791571770938807,297.0,0.1502094359955449,38.39925253951818,255.6380848181673,True,converged,0.00022696463284353505,False,8.0,1.0,0.09020649999729358,0.07821999999578111,1.2961120000109076,"[20260810, 4011364011, 979268564, 1499620634, 1499620634, 2004296267, 1387497986, 1337576661]",b867e9855af0a3ac,610c7358dde2c1b141abb0f783ec54c402df554b,1.0,0.6499570856178685,1.8182956745712169,0.8142037660823404,0.7155449324864017,0.4609179529380801,0.6929581838643355,0.24566893864535858,0.7155449324864017,0.07860528372390675,1.740809314871086,0.8999999999999999,1.1,0.8,1.2,0.85,2.031384387633061,6.140886497349466,6.140886497349466,0.7155449324864017,1.740809314871086,4.633629546136808,4.633629546136808,9.0,1.0,2.8591135026505343,True,d5a8ffb771ffb430fb61637f84bcbe534f544c1cbf94ca967be81324d9842131,theorem_covered,True,0.03999999999999994,0.03952832353697313,0.9882080884243297,,,,,,,,,,,,,,,,,,False
replication,b867e9855af0a3ac,2,50,50,4,fixed_rank,success,success,True,True,True,True,True,True,"[1, 1, 1]",,,,,7,dgp2_N50_T50_r00004_truth1-1-1,d5a8ffb771ffb430fb61637f84bcbe534f544c1cbf94ca967be81324d9842131,1.895178400009172,,,B_G1_fixed_time,target,success,[],dgp2_N50_T50_r00004_truth1-1-1,success,"[1, 1, 1]",0.9750406016521924,0.9058957912352612,0.17635500406221846,0.03110108745778509,0.9058957912352612,0.17635500406221846,0.03110108745778509,-0.06914481041693121,0.9058957912352612,0.17635500406221846,0.03110108745778509,-0.06914481041693121,0.9058957912352612,,,0.0,4.0,0.17721270001493394,[],null,null,False,True,True,False,"[1, 1, 1]",,"[1, 1, 1]",,,,,,,,null,,1.4108721026542639,14.0,2.2301192415310002e-05,0.8487596483737108,94.0,7.945637407750693e-09,0.9993172245013225,0.13226213519284025,297.0,0.1502094359955449,38.39925253951818,255.6380848181673,True,converged,5.954733818300665e-06,False,8.0,1.0,0.09020649999729358,0.017603999993298203,1.4207811999949627,"[20260810, 4011364011, 979268564, 1499620634, 1499620634, 2004296267, 1387497986, 1337576661]",b867e9855af0a3ac,610c7358dde2c1b141abb0f783ec54c402df554b,1.0,0.6499570856178685,1.8182956745712169,0.8142037660823404,0.7155449324864017,0.4609179529380801,0.6929581838643355,0.24566893864535858,0.7155449324864017,0.07860528372390675,1.740809314871086,0.8999999999999999,1.1,0.8,1.2,0.85,2.031384387633061,6.140886497349466,6.140886497349466,0.7155449324864017,1.740809314871086,4.633629546136808,4.633629546136808,9.0,1.0,2.8591135026505343,True,d5a8ffb771ffb430fb61637f84bcbe534f544c1cbf94ca967be81324d9842131,theorem_covered,True,0.2,0.1295505877014109,0.6477529385070544,,,,,,,,,,,,,,,,,,False
replication,b867e9855af0a3ac,2,50,50,4,fixed_rank,success,success,True,True,True,True,True,True,"[1, 1, 1]",,,,,7,dgp2_N50_T50_r00004_truth1-1-1,d5a8ffb771ffb430fb61637f84bcbe534f544c1cbf94ca967be81324d9842131,1.895178400009172,,,B_G2_fixed_time,target,success,[],dgp2_N50_T50_r00004_truth1-1-1,success,"[1, 1, 1]",1.084685945699281,0.8505875694644064,0.17017557093362898,0.028959724942586584,0.8505875694644064,0.17017557093362898,0.028959724942586584,-0.23409837623487462,0.8505875694644064,0.17017557093362898,0.028959724942586584,-0.23409837623487462,0.8505875694644064,,,0.0,4.0,0.17721270001493394,[],null,null,False,True,True,False,"[1, 1, 1]",,"[1, 1, 1]",,,,,,,,null,,1.4108721026542639,14.0,2.2301192415310002e-05,0.8487596483737108,95.0,7.594129333314947e-09,0.9703963406969428,0.12473235337998223,297.0,0.1502094359955449,38.39925253951818,255.6380848181673,True,converged,2.241165563366125e-05,False,8.0,1.0,0.09020649999729358,0.019466000027023256,1.496421099989675,"[20260810, 4011364011, 979268564, 1499620634, 1499620634, 2004296267, 1387497986, 1337576661]",b867e9855af0a3ac,610c7358dde2c1b141abb0f783ec54c402df554b,1.0,0.6499570856178685,1.8182956745712169,0.8142037660823404,0.7155449324864017,0.4609179529380801,0.6929581838643355,0.24566893864535858,0.7155449324864017,0.07860528372390675,1.740809314871086,0.8999999999999999,1.1,0.8,1.2,0.85,2.031384387633061,6.140886497349466,6.140886497349466,0.7155449324864017,1.740809314871086,4.633629546136808,4.633629546136808,9.0,1.0,2.8591135026505343,True,d5a8ffb771ffb430fb61637f84bcbe534f544c1cbf94ca967be81324d9842131,theorem_covered,True,0.2,0.1427785488483281,0.7138927442416405,,,,,,,,,,,,,,,,,,False
replication,b867e9855af0a3ac,2,50,50,4,fixed_rank,success,success,True,True,True,True,True,True,"[1, 1, 1]",,,,,7,dgp2_N50_T50_r00004_truth1-1-1,d5a8ffb771ffb430fb61637f84bcbe534f544c1cbf94ca967be81324d9842131,1.895178400009172,,,B_G2_minus_G1_fixed_time,target,success,[],dgp2_N50_T50_r00004_truth1-1-1,success,"[1, 1, 1]",0.10964534404708862,-0.05530822177085478,0.06303366813864653,0.003973243319013023,-0.05530822177085478,0.06303366813864653,0.003973243319013023,-0.1649535658179434,-0.05530822177085478,0.06303366813864653,0.003973243319013023,-0.1649535658179434,-0.05530822177085478,,,0.0,4.0,0.17721270001493394,[],null,null,True,False,False,False,"[1, 1, 1]",,"[1, 1, 1]",,,,,,,,null,,1.4108721026542639,14.0,2.2301192415310002e-05,0.8487596483737108,96.0,8.554866925173722e-09,0.9208730268248286,0.0485197249844971,297.0,0.1502094359955449,38.39925253951818,255.6380848181673,True,converged,4.2799866906287175e-05,False,8.0,1.0,0.09020649999729358,0.02956389999599196,1.568736799992621,"[20260810, 4011364011, 979268564, 1499620634, 1499620634, 2004296267, 1387497986, 1337576661]",b867e9855af0a3ac,610c7358dde2c1b141abb0f783ec54c402df554b,1.0,0.6499570856178685,1.8182956745712169,0.8142037660823404,0.7155449324864017,0.4609179529380801,0.6929581838643355,0.24566893864535858,0.7155449324864017,0.07860528372390675,1.740809314871086,0.8999999999999999,1.1,0.8,1.2,0.85,2.031384387633061,6.140886497349466,6.140886497349466,0.7155449324864017,1.740809314871086,4.633629546136808,4.633629546136808,9.0,1.0,2.8591135026505343,True,d5a8ffb771ffb430fb61637f84bcbe534f544c1cbf94ca967be81324d9842131,weak_target_stress_outside_assumption9,False,0.28284271247461906,0.058558987857573526,0.20703728706755464,,,,,,,,,,,,,,,,,,False
replication,b867e9855af0a3ac,2,50,50,4,fixed_rank,success,success,True,True,False,True,False,False,"[1, 1, 1]",,,,,7,dgp2_N50_T50_r00004_truth1-1-1,d5a8ffb771ffb430fb61637f84bcbe534f544c1cbf94ca967be81324d9842131,1.895178400009172,,,B_G1_time_average,target,split_fit_failure,[],dgp2_N50_T50_r00004_truth1-1-1,split_fit_not_converged,"[1, 1, 1]",0.6560699675242829,0.6925204477056421,0.0603948909226189,0.0036475428495550345,0.7008922558545037,0.03725327397044048,0.0013878064215166984,0.04482228833022073,0.6925204477056421,0.0603948909226189,0.0036475428495550345,0.03645048018135921,0.7008922558545037,0.7182241212323399,0.6919321986255291,4.0,4.0,0.17721270001493394,"[{""converged"": true, ""kind"": ""time"", ""max_envelope_ratio"": 1.272944813712025, ""n"": 50, ""numerical_rank_vector"": [1, 1, 1], ""part"": 0, ""rank_supported"": true, ""riesz_converged"": true, ""riesz_equation_residual"": 6.289951438266921e-09, ""riesz_solver"": ""cg"", ""riesz_target_rayleigh_quotient"": 0.4763347977643141, ""riesz_target_stable"": true, ""split_rank_singular_values"": [{""block"": ""A"", ""computational_rank_supported"": true, ""relative_rank_floor"": 1e-10, ""sigma_1"": 16.947356285231173, ""sigma_r"": 16.947356285231173, ""sigma_r_over_sigma_1"": 1.0, ""supplied_rank"": 1}, {""block"": ""B"", ""computational_rank_supported"": true, ""relative_rank_floor"": 1e-10, ""sigma_1"": 33.69273423661739, ""sigma_r"": 33.69273423661739, ""sigma_r_over_sigma_1"": 1.0, ""supplied_rank"": 1}, {""block"": ""H"", ""computational_rank_supported"": true, ""relative_rank_floor"": 1e-10, ""sigma_1"": 65.9337068305406, ""sigma_r"": 65.9337068305406, ""sigma_r_over_sigma_1"": 1.0, ""supplied_rank"": 1}], ""stationarity_residual"": 4.617038611743153e-05, ""t"": 25, ""tangent_gram_condition_number"": 679.2762404714513, ""tangent_gram_coordinate_dimension"": 222, ""tangent_gram_eigensolver_converged"": true, ""tangent_gram_eigensolver_status"": ""converged"", ""tangent_gram_largest_eigenvalue"": 51.6861865879595, ""tangent_gram_smallest_eigenvalue"": 0.07609008457602864, ""target_support_norm"": 0.018355973031369335, ""target_supported"": true}, {""converged"": true, ""kind"": ""time"", ""max_envelope_ratio"": 0.8496005389409674, ""n"": 50, ""numerical_rank_vector"": [1, 1, 1], ""part"": 1, ""rank_supported"": true, ""riesz_converged"": true, ""riesz_equation_residual"": 7.955291099486553e-09, ""riesz_solver"": ""cg"", ""riesz_target_rayleigh_quotient"": 0.5750545828915375, ""riesz_target_stable"": true, ""split_rank_singular_values"": [{""block"": ""A"", ""computational_rank_supported"": true, ""relative_rank_floor"": 1e-10, ""sigma_1"": 18.24624244421789, ""sigma_r"": 18.24624244421789, ""sigma_r_over_sigma_1"": 1.0, ""supplied_rank"": 1}, {""block"": ""B"", ""computational_rank_supported"": true, ""relative_rank_floor"": 1e-10, ""sigma_1"": 34.05402007166128, ""sigma_r"": 34.05402007166128, ""sigma_r_over_sigma_1"": 1.0, ""supplied_rank"": 1}, {""block"": ""H"", ""computational_rank_supported"": true, ""relative_rank_floor"": 1e-10, ""sigma_1"": 46.53156263776706, ""sigma_r"": 46.53156263776706, ""sigma_r_over_sigma_1"": 1.0, ""supplied_rank"": 1}], ""stationarity_residual"": 3.2475482687991475e-05, ""t"": 25, ""tangent_gram_condition_number"": 155.9677592365888, ""tangent_gram_coordinate_dimension"": 222, ""tangent_gram_eigensolver_converged"": true, ""tangent_gram_eigensolver_status"": ""converged"", ""tangent_gram_largest_eigenvalue"": 23.913246624586353, ""tangent_gram_smallest_eigenvalue"": 0.15332172970640778, ""target_support_norm"": 0.018670716251105137, ""target_supported"": true}, {""converged"": true, ""kind"": ""unit"", ""max_envelope_ratio"": 1.3405477125999914, ""n"": 26, ""numerical_rank_vector"": [1, 1, 1], ""part"": 0, ""rank_supported"": true, ""riesz_converged"": true, ""riesz_equation_residual"": 6.556230663941913e-09, ""riesz_solver"": ""cg"", ""riesz_target_rayleigh_quotient"": 0.36549189732716786, ""riesz_target_stable"": true, ""split_rank_singular_values"": [{""block"": ""A"", ""computational_rank_supported"": true, ""relative_rank_floor"": 1e-10, ""sigma_1"": 18.48980597099196, ""sigma_r"": 18.48980597099196, ""sigma_r_over_sigma_1"": 1.0, ""supplied_rank"": 1}, {""block"": ""B"", ""computational_rank_supported"": true, ""relative_rank_floor"": 1e-10, ""sigma_1"": 34.127498373070374, ""sigma_r"": 34.127498373070374, ""sigma_r_over_sigma_1"": 1.0, ""supplied_rank"": 1}, {""block"": ""H"", ""computational_rank_supported"": true, ""relative_rank_floor"": 1e-10, ""sigma_1"": 60.2358554441934, ""sigma_r"": 60.2358554441934, ""sigma_r_over_sigma_1"": 1.0, ""supplied_rank"": 1}], ""stationarity_residual"": 5.488142783042348e-05, ""t"": 50, ""tangent_gram_condition_number"": 826.9757782168879, ""tangent_gram_coordinate_dimension"": 225, ""tangent_gram_eigensolver_converged"": true, ""tangent_gram_eigensolver_status"": ""converged"", ""tangent_gram_largest_eigenvalue"": 41.58606958161958, ""tangent_gram_smallest_eigenvalue"": 0.050286925780688295, ""target_support_norm"": 0.019073847823696817, ""target_supported"": true}, {""converged"": true, ""kind"": ""unit"", ""max_envelope_ratio"": 0.742116681830314, ""n"": 24, ""numerical_rank_vector"": [1, 1, 1], ""part"": 1, ""rank_supported"": true, ""riesz_converged"": true, ""riesz_equation_residual"": 9.604483422856074e-09, ""riesz_solver"": ""cg"", ""riesz_target_rayleigh_quotient"": 0.5541230230667669, ""riesz_target_stable"": true, ""split_rank_singular_values"": [{""block"": ""A"", ""computational_rank_supported"": true, ""relative_rank_floor"": 1e-10, ""sigma_1"": 18.29408383700109, ""sigma_r"": 18.29408383700109, ""sigma_r_over_sigma_1"": 1.0, ""supplied_rank"": 1}, {""block"": ""B"", ""computational_rank_supported"": true, ""relative_rank_floor"": 1e-10, ""sigma_1"": 28.533482541110647, ""sigma_r"": 28.533482541110647, ""sigma_r_over_sigma_1"": 1.0, ""supplied_rank"": 1}, {""block"": ""H"", ""computational_rank_supported"": true, ""relative_rank_floor"": 1e-10, ""sigma_1"": 49.68730963618252, ""sigma_r"": 49.68730963618252, ""sigma_r_over_sigma_1"": 1.0, ""supplied_rank"": 1}], ""stationarity_residual"": 3.851146190224635e-05, ""t"": 50, ""tangent_gram_condition_number"": 127.23996201414293, ""tangent_gram_coordinate_dimension"": 219, ""tangent_gram_eigensolver_converged"": true, ""tangent_gram_eigensolver_status"": ""converged"", ""tangent_gram_largest_eigenvalue"": 21.821332083538227, ""tangent_gram_smallest_eigenvalue"": 0.17149747404917293, ""target_support_norm"": 0.017222431515760007, ""target_supported"": true}]","[[0, 2, 3, 4, 6, 7, 8, 9, 13, 16, 18, 19, 24, 25, 27, 28, 29, 32, 34, 38, 40, 41, 43, 45, 48], [1, 5, 10, 11, 12, 14, 15, 17, 20, 21, 22, 23, 26, 30, 31, 33, 35, 36, 37, 39, 42, 44, 46, 47, 49]]","[[4, 5, 6, 7, 8, 11, 12, 14, 15, 18, 20, 21, 23, 25, 26, 27, 28, 31, 32, 33, 36, 39, 41, 43, 45, 49], [0, 1, 2, 3, 9, 10, 13, 16, 17, 19, 22, 24, 29, 30, 34, 35, 37, 38, 40, 42, 44, 46, 47, 48]]",False,False,False,True,"[1, 1, 1]",,"[1, 1, 1]",,,,,,,,null,,1.4108721026542639,14.0,2.2301192415310002e-05,0.8487596483737108,97.0,9.839446536321292e-09,0.7607998807688999,0.027095797263623905,297.0,0.1502094359955449,38.39925253951818,255.6380848181673,True,converged,9.292558010361502e-06,False,8.0,1.0,0.09020649999729358,0.08359150000615045,1.6831934000074398,"[20260810, 4011364011, 979268564, 1499620634, 1499620634, 2004296267, 1387497986, 1337576661]",b867e9855af0a3ac,610c7358dde2c1b141abb0f783ec54c402df554b,1.0,0.6499570856178685,1.8182956745712169,0.8142037660823404,0.7155449324864017,0.4609179529380801,0.6929581838643355,0.24566893864535858,0.7155449324864017,0.07860528372390675,1.740809314871086,0.8999999999999999,1.1,0.8,1.2,0.85,2.031384387633061,6.140886497349466,6.140886497349466,0.7155449324864017,1.740809314871086,4.633629546136808,4.633629546136808,9.0,1.0,2.8591135026505343,True,d5a8ffb771ffb430fb61637f84bcbe534f544c1cbf94ca967be81324d9842131,theorem_covered,True,0.028284271247461912,0.027556966161980733,0.9742858821032399,,,,,,,,,,,,,,,,,,False
replication,b867e9855af0a3ac,2,50,50,4,fixed_rank,success,success,True,True,False,True,False,False,"[1, 1, 1]",,,,,7,dgp2_N50_T50_r00004_truth1-1-1,d5a8ffb771ffb430fb61637f84bcbe534f544c1cbf94ca967be81324d9842131,1.895178400009172,,,B_G2_time_average,target,split_fit_failure,[],dgp2_N50_T50_r00004_truth1-1-1,split_fit_not_converged,"[1, 1, 1]",0.729846400204388,0.6415455227784517,0.05992103313801858,0.0035905302123275208,0.6581002430210889,0.03698378232676163,0.001367800155193286,-0.07174615718329902,0.6415455227784517,0.05992103313801858,0.0035905302123275208,-0.08830087742593629,0.6581002430210889,0.6915777139404702,0.641177492344345,4.0,4.0,0.17721270001493394,"[{""converged"": true, ""kind"": ""time"", ""max_envelope_ratio"": 1.272944813712025, ""n"": 50, ""numerical_rank_vector"": [1, 1, 1], ""part"": 0, ""rank_supported"": true, ""riesz_converged"": true, ""riesz_equation_residual"": 5.853277091302453e-09, ""riesz_solver"": ""cg"", ""riesz_target_rayleigh_quotient"": 0.5947782328872276, ""riesz_target_stable"": true, ""split_rank_singular_values"": [{""block"": ""A"", ""computational_rank_supported"": true, ""relative_rank_floor"": 1e-10, ""sigma_1"": 16.947356285231173, ""sigma_r"": 16.947356285231173, ""sigma_r_over_sigma_1"": 1.0, ""supplied_rank"": 1}, {""block"": ""B"", ""computational_rank_supported"": true, ""relative_rank_floor"": 1e-10, ""sigma_1"": 33.69273423661739, ""sigma_r"": 33.69273423661739, ""sigma_r_over_sigma_1"": 1.0, ""supplied_rank"": 1}, {""block"": ""H"", ""computational_rank_supported"": true, ""relative_rank_floor"": 1e-10, ""sigma_1"": 65.9337068305406, ""sigma_r"": 65.9337068305406, ""sigma_r_over_sigma_1"": 1.0, ""supplied_rank"": 1}], ""stationarity_residual"": 4.617038611743153e-05, ""t"": 25, ""tangent_gram_condition_number"": 679.2762404714513, ""tangent_gram_coordinate_dimension"": 222, ""tangent_gram_eigensolver_converged"": true, ""tangent_gram_eigensolver_status"": ""converged"", ""tangent_gram_largest_eigenvalue"": 51.6861865879595, ""tangent_gram_smallest_eigenvalue"": 0.07609008457602864, ""target_support_norm"": 0.0181256431202968, ""target_supported"": true}, {""converged"": true, ""kind"": ""time"", ""max_envelope_ratio"": 0.8496005389409674, ""n"": 50, ""numerical_rank_vector"": [1, 1, 1], ""part"": 1, ""rank_supported"": true, ""riesz_converged"": true, ""riesz_equation_residual"": 9.977181178667552e-09, ""riesz_solver"": ""cg"", ""riesz_target_rayleigh_quotient"": 0.7124612169431856, ""riesz_target_stable"": true, ""split_rank_singular_values"": [{""block"": ""A"", ""computational_rank_supported"": true, ""relative_rank_floor"": 1e-10, ""sigma_1"": 18.24624244421789, ""sigma_r"": 18.24624244421789, ""sigma_r_over_sigma_1"": 1.0, ""supplied_rank"": 1}, {""block"": ""B"", ""computational_rank_supported"": true, ""relative_rank_floor"": 1e-10, ""sigma_1"": 34.05402007166128, ""sigma_r"": 34.05402007166128, ""sigma_r_over_sigma_1"": 1.0, ""supplied_rank"": 1}, {""block"": ""H"", ""computational_rank_supported"": true, ""relative_rank_floor"": 1e-10, ""sigma_1"": 46.53156263776706, ""sigma_r"": 46.53156263776706, ""sigma_r_over_sigma_1"": 1.0, ""supplied_rank"": 1}], ""stationarity_residual"": 3.2475482687991475e-05, ""t"": 25, ""tangent_gram_condition_number"": 155.9677592365888, ""tangent_gram_coordinate_dimension"": 222, ""tangent_gram_eigensolver_converged"": true, ""tangent_gram_eigensolver_status"": ""converged"", ""tangent_gram_largest_eigenvalue"": 23.913246624586353, ""tangent_gram_smallest_eigenvalue"": 0.15332172970640778, ""target_support_norm"": 0.018736277148709325, ""target_supported"": true}, {""converged"": true, ""kind"": ""unit"", ""max_envelope_ratio"": 1.3405477125999914, ""n"": 26, ""numerical_rank_vector"": [1, 1, 1], ""part"": 0, ""rank_supported"": true, ""riesz_converged"": true, ""riesz_equation_residual"": 7.413252021412594e-09, ""riesz_solver"": ""cg"", ""riesz_target_rayleigh_quotient"": 0.41949750979168604, ""riesz_target_stable"": true, ""split_rank_singular_values"": [{""block"": ""A"", ""computational_rank_supported"": true, ""relative_rank_floor"": 1e-10, ""sigma_1"": 18.48980597099196, ""sigma_r"": 18.48980597099196, ""sigma_r_over_sigma_1"": 1.0, ""supplied_rank"": 1}, {""block"": ""B"", ""computational_rank_supported"": true, ""relative_rank_floor"": 1e-10, ""sigma_1"": 34.127498373070374, ""sigma_r"": 34.127498373070374, ""sigma_r_over_sigma_1"": 1.0, ""supplied_rank"": 1}, {""block"": ""H"", ""computational_rank_supported"": true, ""relative_rank_floor"": 1e-10, ""sigma_1"": 60.2358554441934, ""sigma_r"": 60.2358554441934, ""sigma_r_over_sigma_1"": 1.0, ""supplied_rank"": 1}], ""stationarity_residual"": 5.488142783042348e-05, ""t"": 50, ""tangent_gram_condition_number"": 826.9757782168879, ""tangent_gram_coordinate_dimension"": 225, ""tangent_gram_eigensolver_converged"": true, ""tangent_gram_eigensolver_status"": ""converged"", ""tangent_gram_largest_eigenvalue"": 41.58606958161958, ""tangent_gram_smallest_eigenvalue"": 0.050286925780688295, ""target_support_norm"": 0.018836116693443827, ""target_supported"": true}, {""converged"": true, ""kind"": ""unit"", ""max_envelope_ratio"": 0.742116681830314, ""n"": 24, ""numerical_rank_vector"": [1, 1, 1], ""part"": 1, ""rank_supported"": true, ""riesz_converged"": true, ""riesz_equation_residual"": 8.552468753906444e-09, ""riesz_solver"": ""cg"", ""riesz_target_rayleigh_quotient"": 0.6020578289395289, ""riesz_target_stable"": true, ""split_rank_singular_values"": [{""block"": ""A"", ""computational_rank_supported"": true, ""relative_rank_floor"": 1e-10, ""sigma_1"": 18.29408383700109, ""sigma_r"": 18.29408383700109, ""sigma_r_over_sigma_1"": 1.0, ""supplied_rank"": 1}, {""block"": ""B"", ""computational_rank_supported"": true, ""relative_rank_floor"": 1e-10, ""sigma_1"": 28.533482541110647, ""sigma_r"": 28.533482541110647, ""sigma_r_over_sigma_1"": 1.0, ""supplied_rank"": 1}, {""block"": ""H"", ""computational_rank_supported"": true, ""relative_rank_floor"": 1e-10, ""sigma_1"": 49.68730963618252, ""sigma_r"": 49.68730963618252, ""sigma_r_over_sigma_1"": 1.0, ""supplied_rank"": 1}], ""stationarity_residual"": 3.851146190224635e-05, ""t"": 50, ""tangent_gram_condition_number"": 127.23996201414293, ""tangent_gram_coordinate_dimension"": 219, ""tangent_gram_eigensolver_converged"": true, ""tangent_gram_eigensolver_status"": ""converged"", ""tangent_gram_largest_eigenvalue"": 21.821332083538227, ""tangent_gram_smallest_eigenvalue"": 0.17149747404917293, ""target_support_norm"": 0.01712660794792342, ""target_supported"": true}]","[[0, 2, 3, 4, 6, 7, 8, 9, 13, 16, 18, 19, 24, 25, 27, 28, 29, 32, 34, 38, 40, 41, 43, 45, 48], [1, 5, 10, 11, 12, 14, 15, 17, 20, 21, 22, 23, 26, 30, 31, 33, 35, 36, 37, 39, 42, 44, 46, 47, 49]]","[[4, 5, 6, 7, 8, 11, 12, 14, 15, 18, 20, 21, 23, 25, 26, 27, 28, 31, 32, 33, 36, 39, 41, 43, 45, 49], [0, 1, 2, 3, 9, 10, 13, 16, 17, 19, 22, 24, 29, 30, 34, 35, 37, 38, 40, 42, 44, 46, 47, 48]]",False,False,False,True,"[1, 1, 1]",,"[1, 1, 1]",,,,,,,,null,,1.4108721026542639,14.0,2.2301192415310002e-05,0.8487596483737108,99.0,6.771006490287113e-09,0.817160628958762,0.026991170116490503,297.0,0.1502094359955449,38.39925253951818,255.6380848181673,True,converged,4.9319729672371624e-05,False,8.0,1.0,0.09020649999729358,0.07563760000630282,1.7930270000069868,"[20260810, 4011364011, 979268564, 1499620634, 1499620634, 2004296267, 1387497986, 1337576661]",b867e9855af0a3ac,610c7358dde2c1b141abb0f783ec54c402df554b,1.0,0.6499570856178685,1.8182956745712169,0.8142037660823404,0.7155449324864017,0.4609179529380801,0.6929581838643355,0.24566893864535858,0.7155449324864017,0.07860528372390675,1.740809314871086,0.8999999999999999,1.1,0.8,1.2,0.85,2.031384387633061,6.140886497349466,6.140886497349466,0.7155449324864017,1.740809314871086,4.633629546136808,4.633629546136808,9.0,1.0,2.8591135026505343,True,d5a8ffb771ffb430fb61637f84bcbe534f544c1cbf94ca967be81324d9842131,theorem_covered,True,0.028284271247461912,0.027671069831993925,0.9783200560444698,,,,,,,,,,,,,,,,,,False
replication,b867e9855af0a3ac,2,50,50,4,fixed_rank,success,success,True,True,False,True,False,False,"[1, 1, 1]",,,,,7,dgp2_N50_T50_r00004_truth1-1-1,d5a8ffb771ffb430fb61637f84bcbe534f544c1cbf94ca967be81324d9842131,1.895178400009172,,,B_G2_minus_G1_time_average,target,split_fit_failure,[],dgp2_N50_T50_r00004_truth1-1-1,split_fit_not_converged,"[1, 1, 1]",0.0737764326801051,-0.050974924927190385,0.08215352727194784,0.006749202043222678,-0.042792012833414696,0.04862906294278271,0.002364785762693122,-0.1165684455135198,-0.050974924927190385,0.08215352727194784,0.006749202043222678,-0.12475135760729548,-0.042792012833414696,-0.026646407291869623,-0.05075470628118409,4.0,4.0,0.17721270001493394,"[{""converged"": true, ""kind"": ""time"", ""max_envelope_ratio"": 1.272944813712025, ""n"": 50, ""numerical_rank_vector"": [1, 1, 1], ""part"": 0, ""rank_supported"": true, ""riesz_converged"": true, ""riesz_equation_residual"": 6.9692463665265535e-09, ""riesz_solver"": ""cg"", ""riesz_target_rayleigh_quotient"": 0.668821802480216, ""riesz_target_stable"": true, ""split_rank_singular_values"": [{""block"": ""A"", ""computational_rank_supported"": true, ""relative_rank_floor"": 1e-10, ""sigma_1"": 16.947356285231173, ""sigma_r"": 16.947356285231173, ""sigma_r_over_sigma_1"": 1.0, ""supplied_rank"": 1}, {""block"": ""B"", ""computational_rank_supported"": true, ""relative_rank_floor"": 1e-10, ""sigma_1"": 33.69273423661739, ""sigma_r"": 33.69273423661739, ""sigma_r_over_sigma_1"": 1.0, ""supplied_rank"": 1}, {""block"": ""H"", ""computational_rank_supported"": true, ""relative_rank_floor"": 1e-10, ""sigma_1"": 65.9337068305406, ""sigma_r"": 65.9337068305406, ""sigma_r_over_sigma_1"": 1.0, ""supplied_rank"": 1}], ""stationarity_residual"": 4.617038611743153e-05, ""t"": 25, ""tangent_gram_condition_number"": 679.2762404714513, ""tangent_gram_coordinate_dimension"": 222, ""tangent_gram_eigensolver_converged"": true, ""tangent_gram_eigensolver_status"": ""converged"", ""tangent_gram_largest_eigenvalue"": 51.6861865879595, ""tangent_gram_smallest_eigenvalue"": 0.07609008457602864, ""target_support_norm"": 0.024473938796442284, ""target_supported"": true}, {""converged"": true, ""kind"": ""time"", ""max_envelope_ratio"": 0.8496005389409674, ""n"": 50, ""numerical_rank_vector"": [1, 1, 1], ""part"": 1, ""rank_supported"": true, ""riesz_converged"": true, ""riesz_equation_residual"": 8.426017148713327e-09, ""riesz_solver"": ""cg"", ""riesz_target_rayleigh_quotient"": 0.7079888385924243, ""riesz_target_stable"": true, ""split_rank_singular_values"": [{""block"": ""A"", ""computational_rank_supported"": true, ""relative_rank_floor"": 1e-10, ""sigma_1"": 18.24624244421789, ""sigma_r"": 18.24624244421789, ""sigma_r_over_sigma_1"": 1.0, ""supplied_rank"": 1}, {""block"": ""B"", ""computational_rank_supported"": true, ""relative_rank_floor"": 1e-10, ""sigma_1"": 34.05402007166128, ""sigma_r"": 34.05402007166128, ""sigma_r_over_sigma_1"": 1.0, ""supplied_rank"": 1}, {""block"": ""H"", ""computational_rank_supported"": true, ""relative_rank_floor"": 1e-10, ""sigma_1"": 46.53156263776706, ""sigma_r"": 46.53156263776706, ""sigma_r_over_sigma_1"": 1.0, ""supplied_rank"": 1}], ""stationarity_residual"": 3.2475482687991475e-05, ""t"": 25, ""tangent_gram_condition_number"": 155.9677592365888, ""tangent_gram_coordinate_dimension"": 222, ""tangent_gram_eigensolver_converged"": true, ""tangent_gram_eigensolver_status"": ""converged"", ""tangent_gram_largest_eigenvalue"": 23.913246624586353, ""tangent_gram_smallest_eigenvalue"": 0.15332172970640778, ""target_support_norm"": 0.02532729898293894, ""target_supported"": true}, {""converged"": true, ""kind"": ""unit"", ""max_envelope_ratio"": 1.3405477125999914, ""n"": 26, ""numerical_rank_vector"": [1, 1, 1], ""part"": 0, ""rank_supported"": true, ""riesz_converged"": true, ""riesz_equation_residual"": 8.031878131703683e-09, ""riesz_solver"": ""cg"", ""riesz_target_rayleigh_quotient"": 0.7483348329354563, ""riesz_target_stable"": true, ""split_rank_singular_values"": [{""block"": ""A"", ""computational_rank_supported"": true, ""relative_rank_floor"": 1e-10, ""sigma_1"": 18.48980597099196, ""sigma_r"": 18.48980597099196, ""sigma_r_over_sigma_1"": 1.0, ""supplied_rank"": 1}, {""block"": ""B"", ""computational_rank_supported"": true, ""relative_rank_floor"": 1e-10, ""sigma_1"": 34.127498373070374, ""sigma_r"": 34.127498373070374, ""sigma_r_over_sigma_1"": 1.0, ""supplied_rank"": 1}, {""block"": ""H"", ""computational_rank_supported"": true, ""relative_rank_floor"": 1e-10, ""sigma_1"": 60.2358554441934, ""sigma_r"": 60.2358554441934, ""sigma_r_over_sigma_1"": 1.0, ""supplied_rank"": 1}], ""stationarity_residual"": 5.488142783042348e-05, ""t"": 50, ""tangent_gram_condition_number"": 826.9757782168879, ""tangent_gram_coordinate_dimension"": 225, ""tangent_gram_eigensolver_converged"": true, ""tangent_gram_eigensolver_status"": ""converged"", ""tangent_gram_largest_eigenvalue"": 41.58606958161958, ""tangent_gram_smallest_eigenvalue"": 0.050286925780688295, ""target_support_norm"": 0.02517568569464611, ""target_supported"": true}, {""converged"": true, ""kind"": ""unit"", ""max_envelope_ratio"": 0.742116681830314, ""n"": 24, ""numerical_rank_vector"": [1, 1, 1], ""part"": 1, ""rank_supported"": true, ""riesz_converged"": true, ""riesz_equation_residual"": 9.13696237433888e-09, ""riesz_solver"": ""cg"", ""riesz_target_rayleigh_quotient"": 0.8991294388560571, ""riesz_target_stable"": true, ""split_rank_singular_values"": [{""block"": ""A"", ""computational_rank_supported"": true, ""relative_rank_floor"": 1e-10, ""sigma_1"": 18.29408383700109, ""sigma_r"": 18.29408383700109, ""sigma_r_over_sigma_1"": 1.0, ""supplied_rank"": 1}, {""block"": ""B"", ""computational_rank_supported"": true, ""relative_rank_floor"": 1e-10, ""sigma_1"": 28.533482541110647, ""sigma_r"": 28.533482541110647, ""sigma_r_over_sigma_1"": 1.0, ""supplied_rank"": 1}, {""block"": ""H"", ""computational_rank_supported"": true, ""relative_rank_floor"": 1e-10, ""sigma_1"": 49.68730963618252, ""sigma_r"": 49.68730963618252, ""sigma_r_over_sigma_1"": 1.0, ""supplied_rank"": 1}], ""stationarity_residual"": 3.851146190224635e-05, ""t"": 50, ""tangent_gram_condition_number"": 127.23996201414293, ""tangent_gram_coordinate_dimension"": 219, ""tangent_gram_eigensolver_converged"": true, ""tangent_gram_eigensolver_status"": ""converged"", ""tangent_gram_largest_eigenvalue"": 21.821332083538227, ""tangent_gram_smallest_eigenvalue"": 0.17149747404917293, ""target_support_norm"": 0.022078152085552263, ""target_supported"": true}]","[[0, 2, 3, 4, 6, 7, 8, 9, 13, 16, 18, 19, 24, 25, 27, 28, 29, 32, 34, 38, 40, 41, 43, 45, 48], [1, 5, 10, 11, 12, 14, 15, 17, 20, 21, 22, 23, 26, 30, 31, 33, 35, 36, 37, 39, 42, 44, 46, 47, 49]]","[[4, 5, 6, 7, 8, 11, 12, 14, 15, 18, 20, 21, 23, 25, 26, 27, 28, 31, 32, 33, 36, 39, 41, 43, 45, 49], [0, 1, 2, 3, 9, 10, 13, 16, 17, 19, 22, 24, 29, 30, 34, 35, 37, 38, 40, 42, 44, 46, 47, 48]]",False,False,False,True,"[1, 1, 1]",,"[1, 1, 1]",,,,,,,,null,,1.4108721026542639,14.0,2.2301192415310002e-05,0.8487596483737108,96.0,8.528480775753318e-09,0.9056135389035154,0.03705314606666031,297.0,0.1502094359955449,38.39925253951818,255.6380848181673,True,converged,4.455791317679012e-05,False,8.0,1.0,0.09020649999729358,0.06906770000932738,1.895178400009172,"[20260810, 4011364011, 979268564, 1499620634, 1499620634, 2004296267, 1387497986, 1337576661]",b867e9855af0a3ac,610c7358dde2c1b141abb0f783ec54c402df554b,1.0,0.6499570856178685,1.8182956745712169,0.8142037660823404,0.7155449324864017,0.4609179529380801,0.6929581838643355,0.24566893864535858,0.7155449324864017,0.07860528372390675,1.740809314871086,0.8999999999999999,1.1,0.8,1.2,0.85,2.031384387633061,6.140886497349466,6.140886497349466,0.7155449324864017,1.740809314871086,4.633629546136808,4.633629546136808,9.0,1.0,2.8591135026505343,True,d5a8ffb771ffb430fb61637f84bcbe534f544c1cbf94ca967be81324d9842131,theorem_covered,True,0.03999999999999994,0.03828906091106301,0.9572265227765767,,,,,,,,,,,,,,,,,,False
replication,b867e9855af0a3ac,2,50,50,5,fixed_rank,success,success,True,True,True,True,True,True,"[1, 1, 1]",,,,,7,dgp2_N50_T50_r00005_truth1-1-1,074d506be7d0aae5cc43f2ff174fbac2d11a69bcdb1e114c4696b90866183689,1.7642563999979757,,,A_entry,target,success,[],dgp2_N50_T50_r00005_truth1-1-1,success,"[1, 1, 1]",0.5353105657943436,0.34425568786986205,0.14115829252345236,0.019925663548136546,0.34425568786986205,0.14115829252345236,0.019925663548136546,-0.1910548779244815,0.34425568786986205,0.14115829252345236,0.019925663548136546,-0.1910548779244815,0.34425568786986205,,,0.0,4.0,0.21749219999765046,[],null,null,False,True,True,False,"[1, 1, 1]",,"[1, 1, 1]",,,,,,,,null,,1.5295965325984868,14.0,2.7411141460153652e-05,0.5181164791755511,68.0,9.497449599703065e-09,2.155414195771468,0.18317310762493552,297.0,0.23802247649771607,21.33996095128038,89.65523451935492,True,converged,1.2191778588269712e-05,False,8.0,1.0,0.08039600000483915,0.014075899991439655,0.3988662999763619,"[20260810, 4011364011, 979268564, 1499620634, 1499620634, 2098343407, 1387497986, 1337576661]",b867e9855af0a3ac,610c7358dde2c1b141abb0f783ec54c402df554b,1.0,0.6499570856178685,1.8182956745712169,0.8184449415225281,0.7203041066495977,0.4720273021483314,0.529757718966219,0.23545406222089613,0.7203041066495977,0.07084802536299169,1.339094978942577,0.8999999999999999,1.1,0.8,1.2,0.85,2.031384387633061,6.140886497349466,6.140886497349466,0.7203041066495977,1.339094978942577,3.9203962937570944,3.9203962937570944,9.0,1.0,2.8591135026505343,True,074d506be7d0aae5cc43f2ff174fbac2d11a69bcdb1e114c4696b90866183689,theorem_covered,True,1.0,0.21157339626211133,0.21157339626211133,0.9197388140701699,1.3431329157250003,,,,,,,,,,,,,,,,False
replication,b867e9855af0a3ac,2,50,50,5,fixed_rank,success,success,True,True,True,True,True,True,"[1, 1, 1]",,,,,7,dgp2_N50_T50_r00005_truth1-1-1,074d506be7d0aae5cc43f2ff174fbac2d11a69bcdb1e114c4696b90866183689,1.7642563999979757,,,B_entry,target,success,[],dgp2_N50_T50_r00005_truth1-1-1,success,"[1, 1, 1]",0.40804643751639524,0.5731327708766902,0.20467295955474807,0.04189102037289954,0.5731327708766902,0.20467295955474807,0.04189102037289954,0.165086333360295,0.5731327708766902,0.20467295955474807,0.04189102037289954,0.165086333360295,0.5731327708766902,,,0.0,4.0,0.21749219999765046,[],null,null,False,True,True,False,"[1, 1, 1]",,"[1, 1, 1]",,,,,,,,null,,1.5295965325984868,14.0,2.7411141460153652e-05,0.5181164791755511,69.0,9.559917653745514e-09,0.9792968697891707,0.18138142058885992,297.0,0.23802247649771607,21.33996095128038,89.65523451935492,True,converged,9.824612820652039e-05,False,8.0,1.0,0.08039600000483915,0.01372859999537468,0.4448969999793917,"[20260810, 4011364011, 979268564, 1499620634, 1499620634, 2098343407, 1387497986, 1337576661]",b867e9855af0a3ac,610c7358dde2c1b141abb0f783ec54c402df554b,1.0,0.6499570856178685,1.8182956745712169,0.8184449415225281,0.7203041066495977,0.4720273021483314,0.529757718966219,0.23545406222089613,0.7203041066495977,0.07084802536299169,1.339094978942577,0.8999999999999999,1.1,0.8,1.2,0.85,2.031384387633061,6.140886497349466,6.140886497349466,0.7203041066495977,1.339094978942577,3.9203962937570944,3.9203962937570944,9.0,1.0,2.8591135026505343,True,074d506be7d0aae5cc43f2ff174fbac2d11a69bcdb1e114c4696b90866183689,entry_leverage_requires_author_choice,False,1.0,0.16580726956089203,0.16580726956089203,0.620244567081687,0.7638332331404653,,,,,,,,,,,,,,,,False
replication,b867e9855af0a3ac,2,50,50,5,fixed_rank,success,success,True,True,True,True,True,True,"[1, 1, 1]",,,,,7,dgp2_N50_T50_r00005_truth1-1-1,074d506be7d0aae5cc43f2ff174fbac2d11a69bcdb1e114c4696b90866183689,1.7642563999979757,,,A_fixed_time_mean,target,success,[],dgp2_N50_T50_r00005_truth1-1-1,success,"[1, 1, 1]",0.5556418444678644,0.5035567900067073,0.09552169740323645,0.009124394674795469,0.5035567900067073,0.09552169740323645,0.009124394674795469,-0.052085054461157076,0.5035567900067073,0.09552169740323645,0.009124394674795469,-0.052085054461157076,0.5035567900067073,,,0.0,4.0,0.21749219999765046,[],null,null,False,True,True,False,"[1, 1, 1]",,"[1, 1, 1]",,,,,,,,null,,1.5295965325984868,14.0,2.7411141460153652e-05,0.5181164791755511,69.0,9.263932603555642e-09,1.2474677316394949,0.13532847118513222,297.0,0.23802247649771607,21.33996095128038,89.65523451935492,True,converged,4.399994119747101e-05,False,8.0,1.0,0.08039600000483915,0.013977299997350201,0.4917399999976624,"[20260810, 4011364011, 979268564, 1499620634, 1499620634, 2098343407, 1387497986, 1337576661]",b867e9855af0a3ac,610c7358dde2c1b141abb0f783ec54c402df554b,1.0,0.6499570856178685,1.8182956745712169,0.8184449415225281,0.7203041066495977,0.4720273021483314,0.529757718966219,0.23545406222089613,0.7203041066495977,0.07084802536299169,1.339094978942577,0.8999999999999999,1.1,0.8,1.2,0.85,2.031384387633061,6.140886497349466,6.140886497349466,0.7203041066495977,1.339094978942577,3.9203962937570944,3.9203962937570944,9.0,1.0,2.8591135026505343,True,074d506be7d0aae5cc43f2ff174fbac2d11a69bcdb1e114c4696b90866183689,theorem_covered,True,0.14142135623730953,0.1407958231291924,0.9955768129739367,,,,,,,,,,,,,,,,,,False
replication,b867e9855af0a3ac,2,50,50,5,fixed_rank,success,success,True,True,True,True,True,True,"[1, 1, 1]",,,,,7,dgp2_N50_T50_r00005_truth1-1-1,074d506be7d0aae5cc43f2ff174fbac2d11a69bcdb1e114c4696b90866183689,1.7642563999979757,,,B_fixed_time_mean,target,success,[],dgp2_N50_T50_r00005_truth1-1-1,success,"[1, 1, 1]",0.48079909118640657,0.42040413445536595,0.10644276897074041,0.011330063066158419,0.42040413445536595,0.10644276897074041,0.011330063066158419,-0.06039495673104062,0.42040413445536595,0.10644276897074041,0.011330063066158419,-0.06039495673104062,0.42040413445536595,,,0.0,4.0,0.21749219999765046,[],null,null,False,True,True,False,"[1, 1, 1]",,"[1, 1, 1]",,,,,,,,null,,1.5295965325984868,14.0,2.7411141460153652e-05,0.5181164791755511,69.0,9.480474731386854e-09,0.9681437034421791,0.11540734089074006,297.0,0.23802247649771607,21.33996095128038,89.65523451935492,True,converged,2.6988843629755212e-05,False,8.0,1.0,0.08039600000483915,0.012632500001927838,0.5378480999788735,"[20260810, 4011364011, 979268564, 1499620634, 1499620634, 2098343407, 1387497986, 1337576661]",b867e9855af0a3ac,610c7358dde2c1b141abb0f783ec54c402df554b,1.0,0.6499570856178685,1.8182956745712169,0.8184449415225281,0.7203041066495977,0.4720273021483314,0.529757718966219,0.23545406222089613,0.7203041066495977,0.07084802536299169,1.339094978942577,0.8999999999999999,1.1,0.8,1.2,0.85,2.031384387633061,6.140886497349466,6.140886497349466,0.7203041066495977,1.339094978942577,3.9203962937570944,3.9203962937570944,9.0,1.0,2.8591135026505343,True,074d506be7d0aae5cc43f2ff174fbac2d11a69bcdb1e114c4696b90866183689,theorem_covered,True,0.14142135623730953,0.13139680727249112,0.9291157344864032,,,,,,,,,,,,,,,,,,False
replication,b867e9855af0a3ac,2,50,50,5,fixed_rank,success,success,True,True,True,True,True,True,"[1, 1, 1]",,,,,7,dgp2_N50_T50_r00005_truth1-1-1,074d506be7d0aae5cc43f2ff174fbac2d11a69bcdb1e114c4696b90866183689,1.7642563999979757,,,A_full_mean,target,success,[],dgp2_N50_T50_r00005_truth1-1-1,success,"[1, 1, 1]",0.47202730214833144,0.37682321436513055,0.030122258167148443,0.0009073504370883411,0.40750367878140503,0.018081355922406908,0.0003269354319927594,-0.06452362336692641,0.37682321436513055,0.030122258167148443,0.0009073504370883411,-0.09520408778320089,0.40750367878140503,0.43162916814916186,0.4140586538299227,4.0,4.0,0.21749219999765046,"[{""converged"": true, ""kind"": ""time"", ""max_envelope_ratio"": 0.6164475376911592, ""n"": 50, ""numerical_rank_vector"": [1, 1, 1], ""part"": 0, ""rank_supported"": true, ""riesz_converged"": true, ""riesz_equation_residual"": 6.917182755935117e-09, ""riesz_solver"": ""cg"", ""riesz_target_rayleigh_quotient"": 1.238800692243665, ""riesz_target_stable"": true, ""split_rank_singular_values"": [{""block"": ""A"", ""computational_rank_supported"": true, ""relative_rank_floor"": 1e-10, ""sigma_1"": 18.91691979196771, ""sigma_r"": 18.91691979196771, ""sigma_r_over_sigma_1"": 1.0, ""supplied_rank"": 1}, {""block"": ""B"", ""computational_rank_supported"": true, ""relative_rank_floor"": 1e-10, ""sigma_1"": 31.167156179225007, ""sigma_r"": 31.167156179225007, ""sigma_r_over_sigma_1"": 1.0, ""supplied_rank"": 1}, {""block"": ""H"", ""computational_rank_supported"": true, ""relative_rank_floor"": 1e-10, ""sigma_1"": 44.71798661010486, ""sigma_r"": 44.71798661010486, ""sigma_r_over_sigma_1"": 1.0, ""supplied_rank"": 1}], ""stationarity_residual"": 4.942387311534274e-05, ""t"": 25, ""tangent_gram_condition_number"": 132.5578809708822, ""tangent_gram_coordinate_dimension"": 222, ""tangent_gram_eigensolver_converged"": true, ""tangent_gram_eigensolver_status"": ""converged"", ""tangent_gram_largest_eigenvalue"": 19.209476312009624, ""tangent_gram_smallest_eigenvalue"": 0.14491387589568663, ""target_support_norm"": 0.013988798248634192, ""target_supported"": true}, {""converged"": true, ""kind"": ""time"", ""max_envelope_ratio"": 0.5110847436811725, ""n"": 50, ""numerical_rank_vector"": [1, 1, 1], ""part"": 1, ""rank_supported"": true, ""riesz_converged"": true, ""riesz_equation_residual"": 8.078500131166314e-09, ""riesz_solver"": ""cg"", ""riesz_target_rayleigh_quotient"": 1.1191918499674993, ""riesz_target_stable"": true, ""split_rank_singular_values"": [{""block"": ""A"", ""computational_rank_supported"": true, ""relative_rank_floor"": 1e-10, ""sigma_1"": 17.4259281990686, ""sigma_r"": 17.4259281990686, ""sigma_r_over_sigma_1"": 1.0, ""supplied_rank"": 1}, {""block"": ""B"", ""computational_rank_supported"": true, ""relative_rank_floor"": 1e-10, ""sigma_1"": 28.425267708619742, ""sigma_r"": 28.425267708619742, ""sigma_r_over_sigma_1"": 1.0, ""supplied_rank"": 1}, {""block"": ""H"", ""computational_rank_supported"": true, ""relative_rank_floor"": 1e-10, ""sigma_1"": 35.10270775899584, ""sigma_r"": 35.10270775899584, ""sigma_r_over_sigma_1"": 1.0, ""supplied_rank"": 1}], ""stationarity_residual"": 6.098312994252307e-05, ""t"": 25, ""tangent_gram_condition_number"": 112.25920461780878, ""tangent_gram_coordinate_dimension"": 222, ""tangent_gram_eigensolver_converged"": true, ""tangent_gram_eigensolver_status"": ""converged"", ""tangent_gram_largest_eigenvalue"": 25.25464369522087, ""tangent_gram_smallest_eigenvalue"": 0.22496724238516902, ""target_support_norm"": 0.013935193520145793, ""target_supported"": true}, {""converged"": true, ""kind"": ""unit"", ""max_envelope_ratio"": 0.49504696662002373, ""n"": 26, ""numerical_rank_vector"": [1, 1, 1], ""part"": 0, ""rank_supported"": true, ""riesz_converged"": true, ""riesz_equation_residual"": 9.228190573195233e-09, ""riesz_solver"": ""cg"", ""riesz_target_rayleigh_quotient"": 0.9207921454968649, ""riesz_target_stable"": true, ""split_rank_singular_values"": [{""block"": ""A"", ""computational_rank_supported"": true, ""relative_rank_floor"": 1e-10, ""sigma_1"": 18.78314159102541, ""sigma_r"": 18.78314159102541, ""sigma_r_over_sigma_1"": 1.0, ""supplied_rank"": 1}, {""block"": ""B"", ""computational_rank_supported"": true, ""relative_rank_floor"": 1e-10, ""sigma_1"": 31.395038439311687, ""sigma_r"": 31.395038439311687, ""sigma_r_over_sigma_1"": 1.0, ""supplied_rank"": 1}, {""block"": ""H"", ""computational_rank_supported"": true, ""relative_rank_floor"": 1e-10, ""sigma_1"": 37.43597436918856, ""sigma_r"": 37.43597436918856, ""sigma_r_over_sigma_1"": 1.0, ""supplied_rank"": 1}], ""stationarity_residual"": 4.783398825929245e-05, ""t"": 50, ""tangent_gram_condition_number"": 120.02203792455158, ""tangent_gram_coordinate_dimension"": 225, ""tangent_gram_eigensolver_converged"": true, ""tangent_gram_eigensolver_status"": ""converged"", ""tangent_gram_largest_eigenvalue"": 23.14279571370057, ""tangent_gram_smallest_eigenvalue"": 0.1928212194517862, ""target_support_norm"": 0.014218869488693551, ""target_supported"": true}, {""converged"": true, ""kind"": ""unit"", ""max_envelope_ratio"": 0.9880735748334737, ""n"": 24, ""numerical_rank_vector"": [1, 1, 1], ""part"": 1, ""rank_supported"": true, ""riesz_converged"": true, ""riesz_equation_residual"": 8.526708250025897e-09, ""riesz_solver"": ""cg"", ""riesz_target_rayleigh_quotient"": 0.7476804087061929, ""riesz_target_stable"": true, ""split_rank_singular_values"": [{""block"": ""A"", ""computational_rank_supported"": true, ""relative_rank_floor"": 1e-10, ""sigma_1"": 18.271674693239166, ""sigma_r"": 18.271674693239166, ""sigma_r_over_sigma_1"": 1.0, ""supplied_rank"": 1}, {""block"": ""B"", ""computational_rank_supported"": true, ""relative_rank_floor"": 1e-10, ""sigma_1"": 32.52321428650343, ""sigma_r"": 32.52321428650343, ""sigma_r_over_sigma_1"": 1.0, ""supplied_rank"": 1}, {""block"": ""H"", ""computational_rank_supported"": true, ""relative_rank_floor"": 1e-10, ""sigma_1"": 46.229539986711465, ""sigma_r"": 46.229539986711465, ""sigma_r_over_sigma_1"": 1.0, ""supplied_rank"": 1}], ""stationarity_residual"": 5.020550149640896e-05, ""t"": 50, ""tangent_gram_condition_number"": 360.0989624520045, ""tangent_gram_coordinate_dimension"": 219, ""tangent_gram_eigensolver_converged"": true, ""tangent_gram_eigensolver_status"": ""converged"", ""tangent_gram_largest_eigenvalue"": 27.458066935941837, ""tangent_gram_smallest_eigenvalue"": 0.07625144696050482, ""target_support_norm"": 0.013619601592020678, ""target_supported"": true}]","[[0, 2, 3, 8, 9, 10, 11, 13, 14, 16, 18, 21, 22, 23, 29, 31, 33, 34, 35, 36, 37, 42, 44, 46, 49], [1, 4, 5, 6, 7, 12, 15, 17, 19, 20, 24, 25, 26, 27, 28, 30, 32, 38, 39, 40, 41, 43, 45, 47, 48]]","[[0, 6, 10, 11, 14, 17, 18, 19, 20, 21, 22, 23, 24, 26, 29, 30, 32, 34, 35, 36, 38, 39, 41, 43, 48, 49], [1, 2, 3, 4, 5, 7, 8, 9, 12, 13, 15, 16, 25, 27, 28, 31, 33, 37, 40, 42, 44, 45, 46, 47]]",True,True,False,True,"[1, 1, 1]",,"[1, 1, 1]",,,,,,,,null,,1.5295965325984868,14.0,2.7411141460153652e-05,0.5181164791755511,74.0,9.901554390293486e-09,1.0251166208321525,0.019849020339311723,297.0,0.23802247649771607,21.33996095128038,89.65523451935492,True,converged,5.337391477430947e-05,False,8.0,1.0,0.08039600000483915,0.06190030000288971,0.6301189999794587,"[20260810, 4011364011, 979268564, 1499620634, 1499620634, 2098343407, 1387497986, 1337576661]",b867e9855af0a3ac,610c7358dde2c1b141abb0f783ec54c402df554b,1.0,0.6499570856178685,1.8182956745712169,0.8184449415225281,0.7203041066495977,0.4720273021483314,0.529757718966219,0.23545406222089613,0.7203041066495977,0.07084802536299169,1.339094978942577,0.8999999999999999,1.1,0.8,1.2,0.85,2.031384387633061,6.140886497349466,6.140886497349466,0.7203041066495977,1.339094978942577,3.9203962937570944,3.9203962937570944,9.0,1.0,2.8591135026505343,True,074d506be7d0aae5cc43f2ff174fbac2d11a69bcdb1e114c4696b90866183689,theorem_covered,True,0.01999999999999997,0.01999721621146345,0.999860810573174,,,,,,,,,,,,,,,,,,False
replication,b867e9855af0a3ac,2,50,50,5,fixed_rank,success,success,True,True,True,True,True,True,"[1, 1, 1]",,,,,7,dgp2_N50_T50_r00005_truth1-1-1,074d506be7d0aae5cc43f2ff174fbac2d11a69bcdb1e114c4696b90866183689,1.7642563999979757,,,B_full_mean,target,success,[],dgp2_N50_T50_r00005_truth1-1-1,success,"[1, 1, 1]",0.5297577189662193,0.6773561136250428,0.05834382316832374,0.0034040017018966296,0.5465739492839857,0.030951445310295245,0.0009579919667961975,0.016816230317766467,0.6773561136250428,0.05834382316832374,0.0034040017018966296,0.14759839465882352,0.5465739492839857,0.5123765534274205,0.449989180799494,4.0,4.0,0.21749219999765046,"[{""converged"": true, ""kind"": ""time"", ""max_envelope_ratio"": 0.6164475376911592, ""n"": 50, ""numerical_rank_vector"": [1, 1, 1], ""part"": 0, ""rank_supported"": true, ""riesz_converged"": true, ""riesz_equation_residual"": 9.832606172409184e-09, ""riesz_solver"": ""cg"", ""riesz_target_rayleigh_quotient"": 0.47913975314037144, ""riesz_target_stable"": true, ""split_rank_singular_values"": [{""block"": ""A"", ""computational_rank_supported"": true, ""relative_rank_floor"": 1e-10, ""sigma_1"": 18.91691979196771, ""sigma_r"": 18.91691979196771, ""sigma_r_over_sigma_1"": 1.0, ""supplied_rank"": 1}, {""block"": ""B"", ""computational_rank_supported"": true, ""relative_rank_floor"": 1e-10, ""sigma_1"": 31.167156179225007, ""sigma_r"": 31.167156179225007, ""sigma_r_over_sigma_1"": 1.0, ""supplied_rank"": 1}, {""block"": ""H"", ""computational_rank_supported"": true, ""relative_rank_floor"": 1e-10, ""sigma_1"": 44.71798661010486, ""sigma_r"": 44.71798661010486, ""sigma_r_over_sigma_1"": 1.0, ""supplied_rank"": 1}], ""stationarity_residual"": 4.942387311534274e-05, ""t"": 25, ""tangent_gram_condition_number"": 132.5578809708822, ""tangent_gram_coordinate_dimension"": 222, ""tangent_gram_eigensolver_converged"": true, ""tangent_gram_eigensolver_status"": ""converged"", ""tangent_gram_largest_eigenvalue"": 19.209476312009624, ""tangent_gram_smallest_eigenvalue"": 0.14491387589568663, ""target_support_norm"": 0.013344804772804926, ""target_supported"": true}, {""converged"": true, ""kind"": ""time"", ""max_envelope_ratio"": 0.5110847436811725, ""n"": 50, ""numerical_rank_vector"": [1, 1, 1], ""part"": 1, ""rank_supported"": true, ""riesz_converged"": true, ""riesz_equation_residual"": 9.73784199282218e-09, ""riesz_solver"": ""cg"", ""riesz_target_rayleigh_quotient"": 0.5282908266861439, ""riesz_target_stable"": true, ""split_rank_singular_values"": [{""block"": ""A"", ""computational_rank_supported"": true, ""relative_rank_floor"": 1e-10, ""sigma_1"": 17.4259281990686, ""sigma_r"": 17.4259281990686, ""sigma_r_over_sigma_1"": 1.0, ""supplied_rank"": 1}, {""block"": ""B"", ""computational_rank_supported"": true, ""relative_rank_floor"": 1e-10, ""sigma_1"": 28.425267708619742, ""sigma_r"": 28.425267708619742, ""sigma_r_over_sigma_1"": 1.0, ""supplied_rank"": 1}, {""block"": ""H"", ""computational_rank_supported"": true, ""relative_rank_floor"": 1e-10, ""sigma_1"": 35.10270775899584, ""sigma_r"": 35.10270775899584, ""sigma_r_over_sigma_1"": 1.0, ""supplied_rank"": 1}], ""stationarity_residual"": 6.098312994252307e-05, ""t"": 25, ""tangent_gram_condition_number"": 112.25920461780878, ""tangent_gram_coordinate_dimension"": 222, ""tangent_gram_eigensolver_converged"": true, ""tangent_gram_eigensolver_status"": ""converged"", ""tangent_gram_largest_eigenvalue"": 25.25464369522087, ""tangent_gram_smallest_eigenvalue"": 0.22496724238516902, ""target_support_norm"": 0.012685856741647787, ""target_supported"": true}, {""converged"": true, ""kind"": ""unit"", ""max_envelope_ratio"": 0.49504696662002373, ""n"": 26, ""numerical_rank_vector"": [1, 1, 1], ""part"": 0, ""rank_supported"": true, ""riesz_converged"": true, ""riesz_equation_residual"": 7.304269823773599e-09, ""riesz_solver"": ""cg"", ""riesz_target_rayleigh_quotient"": 0.5241936834558077, ""riesz_target_stable"": true, ""split_rank_singular_values"": [{""block"": ""A"", ""computational_rank_supported"": true, ""relative_rank_floor"": 1e-10, ""sigma_1"": 18.78314159102541, ""sigma_r"": 18.78314159102541, ""sigma_r_over_sigma_1"": 1.0, ""supplied_rank"": 1}, {""block"": ""B"", ""computational_rank_supported"": true, ""relative_rank_floor"": 1e-10, ""sigma_1"": 31.395038439311687, ""sigma_r"": 31.395038439311687, ""sigma_r_over_sigma_1"": 1.0, ""supplied_rank"": 1}, {""block"": ""H"", ""computational_rank_supported"": true, ""relative_rank_floor"": 1e-10, ""sigma_1"": 37.43597436918856, ""sigma_r"": 37.43597436918856, ""sigma_r_over_sigma_1"": 1.0, ""supplied_rank"": 1}], ""stationarity_residual"": 4.783398825929245e-05, ""t"": 50, ""tangent_gram_condition_number"": 120.02203792455158, ""tangent_gram_coordinate_dimension"": 225, ""tangent_gram_eigensolver_converged"": true, ""tangent_gram_eigensolver_status"": ""converged"", ""tangent_gram_largest_eigenvalue"": 23.14279571370057, ""tangent_gram_smallest_eigenvalue"": 0.1928212194517862, ""target_support_norm"": 0.01270852165903738, ""target_supported"": true}, {""converged"": true, ""kind"": ""unit"", ""max_envelope_ratio"": 0.9880735748334737, ""n"": 24, ""numerical_rank_vector"": [1, 1, 1], ""part"": 1, ""rank_supported"": true, ""riesz_converged"": true, ""riesz_equation_residual"": 7.0346010981897665e-09, ""riesz_solver"": ""cg"", ""riesz_target_rayleigh_quotient"": 0.34238032778652483, ""riesz_target_stable"": true, ""split_rank_singular_values"": [{""block"": ""A"", ""computational_rank_supported"": true, ""relative_rank_floor"": 1e-10, ""sigma_1"": 18.271674693239166, ""sigma_r"": 18.271674693239166, ""sigma_r_over_sigma_1"": 1.0, ""supplied_rank"": 1}, {""block"": ""B"", ""computational_rank_supported"": true, ""relative_rank_floor"": 1e-10, ""sigma_1"": 32.52321428650343, ""sigma_r"": 32.52321428650343, ""sigma_r_over_sigma_1"": 1.0, ""supplied_rank"": 1}, {""block"": ""H"", ""computational_rank_supported"": true, ""relative_rank_floor"": 1e-10, ""sigma_1"": 46.229539986711465, ""sigma_r"": 46.229539986711465, ""sigma_r_over_sigma_1"": 1.0, ""supplied_rank"": 1}], ""stationarity_residual"": 5.020550149640896e-05, ""t"": 50, ""tangent_gram_condition_number"": 360.0989624520045, ""tangent_gram_coordinate_dimension"": 219, ""tangent_gram_eigensolver_converged"": true, ""tangent_gram_eigensolver_status"": ""converged"", ""tangent_gram_largest_eigenvalue"": 27.458066935941837, ""tangent_gram_smallest_eigenvalue"": 0.07625144696050482, ""target_support_norm"": 0.012256245600993414, ""target_supported"": true}]","[[0, 2, 3, 8, 9, 10, 11, 13, 14, 16, 18, 21, 22, 23, 29, 31, 33, 34, 35, 36, 37, 42, 44, 46, 49], [1, 4, 5, 6, 7, 12, 15, 17, 19, 20, 24, 25, 26, 27, 28, 30, 32, 38, 39, 40, 41, 43, 45, 47, 48]]","[[0, 6, 10, 11, 14, 17, 18, 19, 20, 21, 22, 23, 24, 26, 29, 30, 32, 34, 35, 36, 38, 39, 41, 43, 48, 49], [1, 2, 3, 4, 5, 7, 8, 9, 12, 13, 15, 16, 25, 27, 28, 31, 33, 37, 40, 42, 44, 45, 46, 47]]",True,True,False,True,"[1, 1, 1]",,"[1, 1, 1]",,,,,,,,null,,1.5295965325984868,14.0,2.7411141460153652e-05,0.5181164791755511,75.0,7.0261679461733245e-09,0.5789812663477716,0.019015514967818385,297.0,0.23802247649771607,21.33996095128038,89.65523451935492,True,converged,4.87582865044374e-06,False,8.0,1.0,0.08039600000483915,0.05892979999771342,0.7185784999746829,"[20260810, 4011364011, 979268564, 1499620634, 1499620634, 2098343407, 1387497986, 1337576661]",b867e9855af0a3ac,610c7358dde2c1b141abb0f783ec54c402df554b,1.0,0.6499570856178685,1.8182956745712169,0.8184449415225281,0.7203041066495977,0.4720273021483314,0.529757718966219,0.23545406222089613,0.7203041066495977,0.07084802536299169,1.339094978942577,0.8999999999999999,1.1,0.8,1.2,0.85,2.031384387633061,6.140886497349466,6.140886497349466,0.7203041066495977,1.339094978942577,3.9203962937570944,3.9203962937570944,9.0,1.0,2.8591135026505343,True,074d506be7d0aae5cc43f2ff174fbac2d11a69bcdb1e114c4696b90866183689,theorem_covered,True,0.01999999999999997,0.01989880548799067,0.994940274399535,,,,,,,,,,,,,,,,,,False
replication,b867e9855af0a3ac,2,50,50,5,fixed_rank,success,success,True,True,True,True,True,True,"[1, 1, 1]",,,,,7,dgp2_N50_T50_r00005_truth1-1-1,074d506be7d0aae5cc43f2ff174fbac2d11a69bcdb1e114c4696b90866183689,1.7642563999979757,,,A_G1_fixed_time,target,success,[],dgp2_N50_T50_r00005_truth1-1-1,success,"[1, 1, 1]",0.5653757493543923,0.5026730172350342,0.09757523371359547,0.009520926234262778,0.5026730172350342,0.09757523371359547,0.009520926234262778,-0.06270273211935806,0.5026730172350342,0.09757523371359547,0.009520926234262778,-0.06270273211935806,0.5026730172350342,,,0.0,4.0,0.21749219999765046,[],null,null,False,True,True,False,"[1, 1, 1]",,"[1, 1, 1]",,,,,,,,null,,1.5295965325984868,14.0,2.7411141460153652e-05,0.5181164791755511,69.0,9.432189517955281e-09,1.276791386002514,0.13695223099158807,297.0,0.23802247649771607,21.33996095128038,89.65523451935492,True,converged,6.96065749786167e-05,False,8.0,1.0,0.08039600000483915,0.0129789000202436,0.7652424999978393,"[20260810, 4011364011, 979268564, 1499620634, 1499620634, 2098343407, 1387497986, 1337576661]",b867e9855af0a3ac,610c7358dde2c1b141abb0f783ec54c402df554b,1.0,0.6499570856178685,1.8182956745712169,0.8184449415225281,0.7203041066495977,0.4720273021483314,0.529757718966219,0.23545406222089613,0.7203041066495977,0.07084802536299169,1.339094978942577,0.8999999999999999,1.1,0.8,1.2,0.85,2.031384387633061,6.140886497349466,6.140886497349466,0.7203041066495977,1.339094978942577,3.9203962937570944,3.9203962937570944,9.0,1.0,2.8591135026505343,True,074d506be7d0aae5cc43f2ff174fbac2d11a69bcdb1e114c4696b90866183689,theorem_covered,True,0.2,0.145059847284557,0.725299236422785,,,,,,,,,,,,,,,,,,False
replication,b867e9855af0a3ac,2,50,50,5,fixed_rank,success,success,True,True,True,True,True,True,"[1, 1, 1]",,,,,7,dgp2_N50_T50_r00005_truth1-1-1,074d506be7d0aae5cc43f2ff174fbac2d11a69bcdb1e114c4696b90866183689,1.7642563999979757,,,A_G2_fixed_time,target,success,[],dgp2_N50_T50_r00005_truth1-1-1,success,"[1, 1, 1]",0.5459079395813364,0.5044405627783802,0.09632142386130978,0.009277816694670097,0.5044405627783802,0.09632142386130978,0.009277816694670097,-0.0414673768029562,0.5044405627783802,0.09632142386130978,0.009277816694670097,-0.0414673768029562,0.5044405627783802,,,0.0,4.0,0.21749219999765046,[],null,null,False,True,True,False,"[1, 1, 1]",,"[1, 1, 1]",,,,,,,,null,,1.5295965325984868,14.0,2.7411141460153652e-05,0.5181164791755511,69.0,9.349466026913613e-09,1.2476547536753635,0.137407927793474,297.0,0.23802247649771607,21.33996095128038,89.65523451935492,True,converged,1.7391887899524636e-05,False,8.0,1.0,0.08039600000483915,0.01843100000405684,0.8142812000005506,"[20260810, 4011364011, 979268564, 1499620634, 1499620634, 2098343407, 1387497986, 1337576661]",b867e9855af0a3ac,610c7358dde2c1b141abb0f783ec54c402df554b,1.0,0.6499570856178685,1.8182956745712169,0.8184449415225281,0.7203041066495977,0.4720273021483314,0.529757718966219,0.23545406222089613,0.7203041066495977,0.07084802536299169,1.339094978942577,0.8999999999999999,1.1,0.8,1.2,0.85,2.031384387633061,6.140886497349466,6.140886497349466,0.7203041066495977,1.339094978942577,3.9203962937570944,3.9203962937570944,9.0,1.0,2.8591135026505343,True,074d506be7d0aae5cc43f2ff174fbac2d11a69bcdb1e114c4696b90866183689,theorem_covered,True,0.2,0.14032431076901272,0.7016215538450635,,,,,,,,,,,,,,,,,,False
replication,b867e9855af0a3ac,2,50,50,5,fixed_rank,success,success,True,True,True,True,True,True,"[1, 1, 1]",,,,,7,dgp2_N50_T50_r00005_truth1-1-1,074d506be7d0aae5cc43f2ff174fbac2d11a69bcdb1e114c4696b90866183689,1.7642563999979757,,,A_G2_minus_G1_fixed_time,target,success,[],dgp2_N50_T50_r00005_truth1-1-1,success,"[1, 1, 1]",-0.019467809773055733,0.0017675455433460389,0.03316484804150192,0.0010999071456159134,0.0017675455433460389,0.03316484804150192,0.0010999071456159134,0.02123535531640177,0.0017675455433460389,0.03316484804150192,0.0010999071456159134,0.02123535531640177,0.0017675455433460389,,,0.0,4.0,0.21749219999765046,[],null,null,False,False,True,False,"[1, 1, 1]",,"[1, 1, 1]",,,,,,,,null,,1.5295965325984868,14.0,2.7411141460153652e-05,0.5181164791755511,69.0,8.211468144748013e-09,2.666674153594854,0.04492798609907934,297.0,0.23802247649771607,21.33996095128038,89.65523451935492,True,converged,0.00017724534396923797,False,8.0,1.0,0.08039600000483915,0.014050800004042685,0.8628109999990556,"[20260810, 4011364011, 979268564, 1499620634, 1499620634, 2098343407, 1387497986, 1337576661]",b867e9855af0a3ac,610c7358dde2c1b141abb0f783ec54c402df554b,1.0,0.6499570856178685,1.8182956745712169,0.8184449415225281,0.7203041066495977,0.4720273021483314,0.529757718966219,0.23545406222089613,0.7203041066495977,0.07084802536299169,1.339094978942577,0.8999999999999999,1.1,0.8,1.2,0.85,2.031384387633061,6.140886497349466,6.140886497349466,0.7203041066495977,1.339094978942577,3.9203962937570944,3.9203962937570944,9.0,1.0,2.8591135026505343,True,074d506be7d0aae5cc43f2ff174fbac2d11a69bcdb1e114c4696b90866183689,weak_target_stress_outside_assumption9,False,0.28284271247461906,0.04661209855313979,0.164798654861304,,,,,,,,,,,,,,,,,,False
replication,b867e9855af0a3ac,2,50,50,5,fixed_rank,success,success,True,True,True,True,True,True,"[1, 1, 1]",,,,,7,dgp2_N50_T50_r00005_truth1-1-1,074d506be7d0aae5cc43f2ff174fbac2d11a69bcdb1e114c4696b90866183689,1.7642563999979757,,,A_G1_time_average,target,success,[],dgp2_N50_T50_r00005_truth1-1-1,success,"[1, 1, 1]",0.4802964217416487,0.36811695844592396,0.03872913696717253,0.0014999460502220098,0.4067884850578553,0.023818634672233868,0.0005673273576493413,-0.0735079366837934,0.36811695844592396,0.03872913696717253,0.0014999460502220098,-0.11217946329572476,0.4067884850578553,0.43172415351594073,0.4205243432117012,4.0,4.0,0.21749219999765046,"[{""converged"": true, ""kind"": ""time"", ""max_envelope_ratio"": 0.6164475376911592, ""n"": 50, ""numerical_rank_vector"": [1, 1, 1], ""part"": 0, ""rank_supported"": true, ""riesz_converged"": true, ""riesz_equation_residual"": 8.49644811459823e-09, ""riesz_solver"": ""cg"", ""riesz_target_rayleigh_quotient"": 1.5041118812514542, ""riesz_target_stable"": true, ""split_rank_singular_values"": [{""block"": ""A"", ""computational_rank_supported"": true, ""relative_rank_floor"": 1e-10, ""sigma_1"": 18.91691979196771, ""sigma_r"": 18.91691979196771, ""sigma_r_over_sigma_1"": 1.0, ""supplied_rank"": 1}, {""block"": ""B"", ""computational_rank_supported"": true, ""relative_rank_floor"": 1e-10, ""sigma_1"": 31.167156179225007, ""sigma_r"": 31.167156179225007, ""sigma_r_over_sigma_1"": 1.0, ""supplied_rank"": 1}, {""block"": ""H"", ""computational_rank_supported"": true, ""relative_rank_floor"": 1e-10, ""sigma_1"": 44.71798661010486, ""sigma_r"": 44.71798661010486, ""sigma_r_over_sigma_1"": 1.0, ""supplied_rank"": 1}], ""stationarity_residual"": 4.942387311534274e-05, ""t"": 25, ""tangent_gram_condition_number"": 132.5578809708822, ""tangent_gram_coordinate_dimension"": 222, ""tangent_gram_eigensolver_converged"": true, ""tangent_gram_eigensolver_status"": ""converged"", ""tangent_gram_largest_eigenvalue"": 19.209476312009624, ""tangent_gram_smallest_eigenvalue"": 0.14491387589568663, ""target_support_norm"": 0.019101445423296518, ""target_supported"": true}, {""converged"": true, ""kind"": ""time"", ""max_envelope_ratio"": 0.5110847436811725, ""n"": 50, ""numerical_rank_vector"": [1, 1, 1], ""part"": 1, ""rank_supported"": true, ""riesz_converged"": true, ""riesz_equation_residual"": 9.979932711123236e-09, ""riesz_solver"": ""cg"", ""riesz_target_rayleigh_quotient"": 1.7416480971189403, ""riesz_target_stable"": true, ""split_rank_singular_values"": [{""block"": ""A"", ""computational_rank_supported"": true, ""relative_rank_floor"": 1e-10, ""sigma_1"": 17.4259281990686, ""sigma_r"": 17.4259281990686, ""sigma_r_over_sigma_1"": 1.0, ""supplied_rank"": 1}, {""block"": ""B"", ""computational_rank_supported"": true, ""relative_rank_floor"": 1e-10, ""sigma_1"": 28.425267708619742, ""sigma_r"": 28.425267708619742, ""sigma_r_over_sigma_1"": 1.0, ""supplied_rank"": 1}, {""block"": ""H"", ""computational_rank_supported"": true, ""relative_rank_floor"": 1e-10, ""sigma_1"": 35.10270775899584, ""sigma_r"": 35.10270775899584, ""sigma_r_over_sigma_1"": 1.0, ""supplied_rank"": 1}], ""stationarity_residual"": 6.098312994252307e-05, ""t"": 25, ""tangent_gram_condition_number"": 112.25920461780878, ""tangent_gram_coordinate_dimension"": 222, ""tangent_gram_eigensolver_converged"": true, ""tangent_gram_eigensolver_status"": ""converged"", ""tangent_gram_largest_eigenvalue"": 25.25464369522087, ""tangent_gram_smallest_eigenvalue"": 0.22496724238516902, ""target_support_norm"": 0.018733140926627832, ""target_supported"": true}, {""converged"": true, ""kind"": ""unit"", ""max_envelope_ratio"": 0.49504696662002373, ""n"": 26, ""numerical_rank_vector"": [1, 1, 1], ""part"": 0, ""rank_supported"": true, ""riesz_converged"": true, ""riesz_equation_residual"": 7.672500220391238e-09, ""riesz_solver"": ""cg"", ""riesz_target_rayleigh_quotient"": 1.1917873490355184, ""riesz_target_stable"": true, ""split_rank_singular_values"": [{""block"": ""A"", ""computational_rank_supported"": true, ""relative_rank_floor"": 1e-10, ""sigma_1"": 18.78314159102541, ""sigma_r"": 18.78314159102541, ""sigma_r_over_sigma_1"": 1.0, ""supplied_rank"": 1}, {""block"": ""B"", ""computational_rank_supported"": true, ""relative_rank_floor"": 1e-10, ""sigma_1"": 31.395038439311687, ""sigma_r"": 31.395038439311687, ""sigma_r_over_sigma_1"": 1.0, ""supplied_rank"": 1}, {""block"": ""H"", ""computational_rank_supported"": true, ""relative_rank_floor"": 1e-10, ""sigma_1"": 37.43597436918856, ""sigma_r"": 37.43597436918856, ""sigma_r_over_sigma_1"": 1.0, ""supplied_rank"": 1}], ""stationarity_residual"": 4.783398825929245e-05, ""t"": 50, ""tangent_gram_condition_number"": 120.02203792455158, ""tangent_gram_coordinate_dimension"": 225, ""tangent_gram_eigensolver_converged"": true, ""tangent_gram_eigensolver_status"": ""converged"", ""tangent_gram_largest_eigenvalue"": 23.14279571370057, ""tangent_gram_smallest_eigenvalue"": 0.1928212194517862, ""target_support_norm"": 0.01858203536057598, ""target_supported"": true}, {""converged"": true, ""kind"": ""unit"", ""max_envelope_ratio"": 0.9880735748334737, ""n"": 24, ""numerical_rank_vector"": [1, 1, 1], ""part"": 1, ""rank_supported"": true, ""riesz_converged"": true, ""riesz_equation_residual"": 9.26021681294382e-09, ""riesz_solver"": ""cg"", ""riesz_target_rayleigh_quotient"": 0.7955396329690286, ""riesz_target_stable"": true, ""split_rank_singular_values"": [{""block"": ""A"", ""computational_rank_supported"": true, ""relative_rank_floor"": 1e-10, ""sigma_1"": 18.271674693239166, ""sigma_r"": 18.271674693239166, ""sigma_r_over_sigma_1"": 1.0, ""supplied_rank"": 1}, {""block"": ""B"", ""computational_rank_supported"": true, ""relative_rank_floor"": 1e-10, ""sigma_1"": 32.52321428650343, ""sigma_r"": 32.52321428650343, ""sigma_r_over_sigma_1"": 1.0, ""supplied_rank"": 1}, {""block"": ""H"", ""computational_rank_supported"": true, ""relative_rank_floor"": 1e-10, ""sigma_1"": 46.229539986711465, ""sigma_r"": 46.229539986711465, ""sigma_r_over_sigma_1"": 1.0, ""supplied_rank"": 1}], ""stationarity_residual"": 5.020550149640896e-05, ""t"": 50, ""tangent_gram_condition_number"": 360.0989624520045, ""tangent_gram_coordinate_dimension"": 219, ""tangent_gram_eigensolver_converged"": true, ""tangent_gram_eigensolver_status"": ""converged"", ""tangent_gram_largest_eigenvalue"": 27.458066935941837, ""tangent_gram_smallest_eigenvalue"": 0.07625144696050482, ""target_support_norm"": 0.01800935140641265, ""target_supported"": true}]","[[0, 2, 3, 8, 9, 10, 11, 13, 14, 16, 18, 21, 22, 23, 29, 31, 33, 34, 35, 36, 37, 42, 44, 46, 49], [1, 4, 5, 6, 7, 12, 15, 17, 19, 20, 24, 25, 26, 27, 28, 30, 32, 38, 39, 40, 41, 43, 45, 47, 48]]","[[0, 6, 10, 11, 14, 17, 18, 19, 20, 21, 22, 23, 24, 26, 29, 30, 32, 34, 35, 36, 38, 39, 41, 43, 48, 49], [1, 2, 3, 4, 5, 7, 8, 9, 12, 13, 15, 16, 25, 27, 28, 31, 33, 37, 40, 42, 44, 45, 46, 47]]",True,True,False,True,"[1, 1, 1]",,"[1, 1, 1]",,,,,,,,null,,1.5295965325984868,14.0,2.7411141460153652e-05,0.5181164791755511,73.0,9.19754858294825e-09,1.439061252227177,0.026910981805192743,297.0,0.23802247649771607,21.33996095128038,89.65523451935492,True,converged,0.0001536808729588459,False,8.0,1.0,0.08039600000483915,0.0697193999949377,0.9693284999812022,"[20260810, 4011364011, 979268564, 1499620634, 1499620634, 2098343407, 1387497986, 1337576661]",b867e9855af0a3ac,610c7358dde2c1b141abb0f783ec54c402df554b,1.0,0.6499570856178685,1.8182956745712169,0.8184449415225281,0.7203041066495977,0.4720273021483314,0.529757718966219,0.23545406222089613,0.7203041066495977,0.07084802536299169,1.339094978942577,0.8999999999999999,1.1,0.8,1.2,0.85,2.031384387633061,6.140886497349466,6.140886497349466,0.7203041066495977,1.339094978942577,3.9203962937570944,3.9203962937570944,9.0,1.0,2.8591135026505343,True,074d506be7d0aae5cc43f2ff174fbac2d11a69bcdb1e114c4696b90866183689,theorem_covered,True,0.028284271247461912,0.02807210637654507,0.9924988390522566,,,,,,,,,,,,,,,,,,False
replication,b867e9855af0a3ac,2,50,50,5,fixed_rank,success,success,True,True,True,True,True,True,"[1, 1, 1]",,,,,7,dgp2_N50_T50_r00005_truth1-1-1,074d506be7d0aae5cc43f2ff174fbac2d11a69bcdb1e114c4696b90866183689,1.7642563999979757,,,A_G2_time_average,target,success,[],dgp2_N50_T50_r00005_truth1-1-1,success,"[1, 1, 1]",0.46375818255501405,0.3855294702843364,0.03596421228715008,0.0012934245654351965,0.4082188725049546,0.02113772617476052,0.00044680346783915604,-0.055539310050059465,0.3855294702843364,0.03596421228715008,0.0012934245654351965,-0.07822871227067768,0.4082188725049546,0.431534182782383,0.4075929644481443,4.0,4.0,0.21749219999765046,"[{""converged"": true, ""kind"": ""time"", ""max_envelope_ratio"": 0.6164475376911592, ""n"": 50, ""numerical_rank_vector"": [1, 1, 1], ""part"": 0, ""rank_supported"": true, ""riesz_converged"": true, ""riesz_equation_residual"": 9.682656811400089e-09, ""riesz_solver"": ""cg"", ""riesz_target_rayleigh_quotient"": 1.5245628454061975, ""riesz_target_stable"": true, ""split_rank_singular_values"": [{""block"": ""A"", ""computational_rank_supported"": true, ""relative_rank_floor"": 1e-10, ""sigma_1"": 18.91691979196771, ""sigma_r"": 18.91691979196771, ""sigma_r_over_sigma_1"": 1.0, ""supplied_rank"": 1}, {""block"": ""B"", ""computational_rank_supported"": true, ""relative_rank_floor"": 1e-10, ""sigma_1"": 31.167156179225007, ""sigma_r"": 31.167156179225007, ""sigma_r_over_sigma_1"": 1.0, ""supplied_rank"": 1}, {""block"": ""H"", ""computational_rank_supported"": true, ""relative_rank_floor"": 1e-10, ""sigma_1"": 44.71798661010486, ""sigma_r"": 44.71798661010486, ""sigma_r_over_sigma_1"": 1.0, ""supplied_rank"": 1}], ""stationarity_residual"": 4.942387311534274e-05, ""t"": 25, ""tangent_gram_condition_number"": 132.5578809708822, ""tangent_gram_coordinate_dimension"": 222, ""tangent_gram_eigensolver_converged"": true, ""tangent_gram_eigensolver_status"": ""converged"", ""tangent_gram_largest_eigenvalue"": 19.209476312009624, ""tangent_gram_smallest_eigenvalue"": 0.14491387589568663, ""target_support_norm"": 0.018972717676885943, ""target_supported"": true}, {""converged"": true, ""kind"": ""time"", ""max_envelope_ratio"": 0.5110847436811725, ""n"": 50, ""numerical_rank_vector"": [1, 1, 1], ""part"": 1, ""rank_supported"": true, ""riesz_converged"": true, ""riesz_equation_residual"": 6.5483248724838124e-09, ""riesz_solver"": ""cg"", ""riesz_target_rayleigh_quotient"": 1.1970560884455825, ""riesz_target_stable"": true, ""split_rank_singular_values"": [{""block"": ""A"", ""computational_rank_supported"": true, ""relative_rank_floor"": 1e-10, ""sigma_1"": 17.4259281990686, ""sigma_r"": 17.4259281990686, ""sigma_r_over_sigma_1"": 1.0, ""supplied_rank"": 1}, {""block"": ""B"", ""computational_rank_supported"": true, ""relative_rank_floor"": 1e-10, ""sigma_1"": 28.425267708619742, ""sigma_r"": 28.425267708619742, ""sigma_r_over_sigma_1"": 1.0, ""supplied_rank"": 1}, {""block"": ""H"", ""computational_rank_supported"": true, ""relative_rank_floor"": 1e-10, ""sigma_1"": 35.10270775899584, ""sigma_r"": 35.10270775899584, ""sigma_r_over_sigma_1"": 1.0, ""supplied_rank"": 1}], ""stationarity_residual"": 6.098312994252307e-05, ""t"": 25, ""tangent_gram_condition_number"": 112.25920461780878, ""tangent_gram_coordinate_dimension"": 222, ""tangent_gram_eigensolver_converged"": true, ""tangent_gram_eigensolver_status"": ""converged"", ""tangent_gram_largest_eigenvalue"": 25.25464369522087, ""tangent_gram_smallest_eigenvalue"": 0.22496724238516902, ""target_support_norm"": 0.018903699208937523, ""target_supported"": true}, {""converged"": true, ""kind"": ""unit"", ""max_envelope_ratio"": 0.49504696662002373, ""n"": 26, ""numerical_rank_vector"": [1, 1, 1], ""part"": 0, ""rank_supported"": true, ""riesz_converged"": true, ""riesz_equation_residual"": 8.742013429721143e-09, ""riesz_solver"": ""cg"", ""riesz_target_rayleigh_quotient"": 1.1422067641546136, ""riesz_target_stable"": true, ""split_rank_singular_values"": [{""block"": ""A"", ""computational_rank_supported"": true, ""relative_rank_floor"": 1e-10, ""sigma_1"": 18.78314159102541, ""sigma_r"": 18.78314159102541, ""sigma_r_over_sigma_1"": 1.0, ""supplied_rank"": 1}, {""block"": ""B"", ""computational_rank_supported"": true, ""relative_rank_floor"": 1e-10, ""sigma_1"": 31.395038439311687, ""sigma_r"": 31.395038439311687, ""sigma_r_over_sigma_1"": 1.0, ""supplied_rank"": 1}, {""block"": ""H"", ""computational_rank_supported"": true, ""relative_rank_floor"": 1e-10, ""sigma_1"": 37.43597436918856, ""sigma_r"": 37.43597436918856, ""sigma_r_over_sigma_1"": 1.0, ""supplied_rank"": 1}], ""stationarity_residual"": 4.783398825929245e-05, ""t"": 50, ""tangent_gram_condition_number"": 120.02203792455158, ""tangent_gram_coordinate_dimension"": 225, ""tangent_gram_eigensolver_converged"": true, ""tangent_gram_eigensolver_status"": ""converged"", ""tangent_gram_largest_eigenvalue"": 23.14279571370057, ""tangent_gram_smallest_eigenvalue"": 0.1928212194517862, ""target_support_norm"": 0.01879348335889806, ""target_supported"": true}, {""converged"": true, ""kind"": ""unit"", ""max_envelope_ratio"": 0.9880735748334737, ""n"": 24, ""numerical_rank_vector"": [1, 1, 1], ""part"": 1, ""rank_supported"": true, ""riesz_converged"": true, ""riesz_equation_residual"": 7.894803165218353e-09, ""riesz_solver"": ""cg"", ""riesz_target_rayleigh_quotient"": 1.1008314289546157, ""riesz_target_stable"": true, ""split_rank_singular_values"": [{""block"": ""A"", ""computational_rank_supported"": true, ""relative_rank_floor"": 1e-10, ""sigma_1"": 18.271674693239166, ""sigma_r"": 18.271674693239166, ""sigma_r_over_sigma_1"": 1.0, ""supplied_rank"": 1}, {""block"": ""B"", ""computational_rank_supported"": true, ""relative_rank_floor"": 1e-10, ""sigma_1"": 32.52321428650343, ""sigma_r"": 32.52321428650343, ""sigma_r_over_sigma_1"": 1.0, ""supplied_rank"": 1}, {""block"": ""H"", ""computational_rank_supported"": true, ""relative_rank_floor"": 1e-10, ""sigma_1"": 46.229539986711465, ""sigma_r"": 46.229539986711465, ""sigma_r_over_sigma_1"": 1.0, ""supplied_rank"": 1}], ""stationarity_residual"": 5.020550149640896e-05, ""t"": 50, ""tangent_gram_condition_number"": 360.0989624520045, ""tangent_gram_coordinate_dimension"": 219, ""tangent_gram_eigensolver_converged"": true, ""tangent_gram_eigensolver_status"": ""converged"", ""tangent_gram_largest_eigenvalue"": 27.458066935941837, ""tangent_gram_smallest_eigenvalue"": 0.07625144696050482, ""target_support_norm"": 0.01756536076097972, ""target_supported"": true}]","[[0, 2, 3, 8, 9, 10, 11, 13, 14, 16, 18, 21, 22, 23, 29, 31, 33, 34, 35, 36, 37, 42, 44, 46, 49], [1, 4, 5, 6, 7, 12, 15, 17, 19, 20, 24, 25, 26, 27, 28, 30, 32, 38, 39, 40, 41, 43, 45, 47, 48]]","[[0, 6, 10, 11, 14, 17, 18, 19, 20, 21, 22, 23, 24, 26, 29, 30, 32, 34, 35, 36, 38, 39, 41, 43, 48, 49], [1, 2, 3, 4, 5, 7, 8, 9, 12, 13, 15, 16, 25, 27, 28, 31, 33, 37, 40, 42, 44, 45, 46, 47]]",True,True,False,True,"[1, 1, 1]",,"[1, 1, 1]",,,,,,,,null,,1.5295965325984868,14.0,2.7411141460153652e-05,0.5181164791755511,74.0,8.73760731999427e-09,1.2441554586495627,0.02691926878680345,297.0,0.23802247649771607,21.33996095128038,89.65523451935492,True,converged,6.498275932728979e-05,False,8.0,1.0,0.08039600000483915,0.08076430001528934,1.0959808999905363,"[20260810, 4011364011, 979268564, 1499620634, 1499620634, 2098343407, 1387497986, 1337576661]",b867e9855af0a3ac,610c7358dde2c1b141abb0f783ec54c402df554b,1.0,0.6499570856178685,1.8182956745712169,0.8184449415225281,0.7203041066495977,0.4720273021483314,0.529757718966219,0.23545406222089613,0.7203041066495977,0.07084802536299169,1.339094978942577,0.8999999999999999,1.1,0.8,1.2,0.85,2.031384387633061,6.140886497349466,6.140886497349466,0.7203041066495977,1.339094978942577,3.9203962937570944,3.9203962937570944,9.0,1.0,2.8591135026505343,True,074d506be7d0aae5cc43f2ff174fbac2d11a69bcdb1e114c4696b90866183689,theorem_covered,True,0.028284271247461912,0.02805692036242677,0.9919619323741444,,,,,,,,,,,,,,,,,,False
replication,b867e9855af0a3ac,2,50,50,5,fixed_rank,success,success,True,True,True,True,True,True,"[1, 1, 1]",,,,,7,dgp2_N50_T50_r00005_truth1-1-1,074d506be7d0aae5cc43f2ff174fbac2d11a69bcdb1e114c4696b90866183689,1.7642563999979757,,,A_G2_minus_G1_time_average,target,success,[],dgp2_N50_T50_r00005_truth1-1-1,success,"[1, 1, 1]",-0.016538239186634704,0.017412511838412466,0.0442418293536882,0.001957339464560867,0.0014303874470992786,0.026842502116585065,0.0007205199198788737,0.017968626633733983,0.017412511838412466,0.0442418293536882,0.001957339464560867,0.033950751025047174,0.0014303874470992786,-0.000189970733557792,-0.012931378763556838,4.0,4.0,0.21749219999765046,"[{""converged"": true, ""kind"": ""time"", ""max_envelope_ratio"": 0.6164475376911592, ""n"": 50, ""numerical_rank_vector"": [1, 1, 1], ""part"": 0, ""rank_supported"": true, ""riesz_converged"": true, ""riesz_equation_residual"": 8.256464765976269e-09, ""riesz_solver"": ""cg"", ""riesz_target_rayleigh_quotient"": 2.2081086714447453, ""riesz_target_stable"": true, ""split_rank_singular_values"": [{""block"": ""A"", ""computational_rank_supported"": true, ""relative_rank_floor"": 1e-10, ""sigma_1"": 18.91691979196771, ""sigma_r"": 18.91691979196771, ""sigma_r_over_sigma_1"": 1.0, ""supplied_rank"": 1}, {""block"": ""B"", ""computational_rank_supported"": true, ""relative_rank_floor"": 1e-10, ""sigma_1"": 31.167156179225007, ""sigma_r"": 31.167156179225007, ""sigma_r_over_sigma_1"": 1.0, ""supplied_rank"": 1}, {""block"": ""H"", ""computational_rank_supported"": true, ""relative_rank_floor"": 1e-10, ""sigma_1"": 44.71798661010486, ""sigma_r"": 44.71798661010486, ""sigma_r_over_sigma_1"": 1.0, ""supplied_rank"": 1}], ""stationarity_residual"": 4.942387311534274e-05, ""t"": 25, ""tangent_gram_condition_number"": 132.5578809708822, ""tangent_gram_coordinate_dimension"": 222, ""tangent_gram_eigensolver_converged"": true, ""tangent_gram_eigensolver_status"": ""converged"", ""tangent_gram_largest_eigenvalue"": 19.209476312009624, ""tangent_gram_smallest_eigenvalue"": 0.14491387589568663, ""target_support_norm"": 0.02582465025606402, ""target_supported"": true}, {""converged"": true, ""kind"": ""time"", ""max_envelope_ratio"": 0.5110847436811725, ""n"": 50, ""numerical_rank_vector"": [1, 1, 1], ""part"": 1, ""rank_supported"": true, ""riesz_converged"": true, ""riesz_equation_residual"": 7.441689182988584e-09, ""riesz_solver"": ""cg"", ""riesz_target_rayleigh_quotient"": 2.3271028245123357, ""riesz_target_stable"": true, ""split_rank_singular_values"": [{""block"": ""A"", ""computational_rank_supported"": true, ""relative_rank_floor"": 1e-10, ""sigma_1"": 17.4259281990686, ""sigma_r"": 17.4259281990686, ""sigma_r_over_sigma_1"": 1.0, ""supplied_rank"": 1}, {""block"": ""B"", ""computational_rank_supported"": true, ""relative_rank_floor"": 1e-10, ""sigma_1"": 28.425267708619742, ""sigma_r"": 28.425267708619742, ""sigma_r_over_sigma_1"": 1.0, ""supplied_rank"": 1}, {""block"": ""H"", ""computational_rank_supported"": true, ""relative_rank_floor"": 1e-10, ""sigma_1"": 35.10270775899584, ""sigma_r"": 35.10270775899584, ""sigma_r_over_sigma_1"": 1.0, ""supplied_rank"": 1}], ""stationarity_residual"": 6.098312994252307e-05, ""t"": 25, ""tangent_gram_condition_number"": 112.25920461780878, ""tangent_gram_coordinate_dimension"": 222, ""tangent_gram_eigensolver_converged"": true, ""tangent_gram_eigensolver_status"": ""converged"", ""tangent_gram_largest_eigenvalue"": 25.25464369522087, ""tangent_gram_smallest_eigenvalue"": 0.22496724238516902, ""target_support_norm"": 0.02529431461301362, ""target_supported"": true}, {""converged"": true, ""kind"": ""unit"", ""max_envelope_ratio"": 0.49504696662002373, ""n"": 26, ""numerical_rank_vector"": [1, 1, 1], ""part"": 0, ""rank_supported"": true, ""riesz_converged"": true, ""riesz_equation_residual"": 8.986434164330625e-09, ""riesz_solver"": ""cg"", ""riesz_target_rayleigh_quotient"": 2.6171032724226544, ""riesz_target_stable"": true, ""split_rank_singular_values"": [{""block"": ""A"", ""computational_rank_supported"": true, ""relative_rank_floor"": 1e-10, ""sigma_1"": 18.78314159102541, ""sigma_r"": 18.78314159102541, ""sigma_r_over_sigma_1"": 1.0, ""supplied_rank"": 1}, {""block"": ""B"", ""computational_rank_supported"": true, ""relative_rank_floor"": 1e-10, ""sigma_1"": 31.395038439311687, ""sigma_r"": 31.395038439311687, ""sigma_r_over_sigma_1"": 1.0, ""supplied_rank"": 1}, {""block"": ""H"", ""computational_rank_supported"": true, ""relative_rank_floor"": 1e-10, ""sigma_1"": 37.43597436918856, ""sigma_r"": 37.43597436918856, ""sigma_r_over_sigma_1"": 1.0, ""supplied_rank"": 1}], ""stationarity_residual"": 4.783398825929245e-05, ""t"": 50, ""tangent_gram_condition_number"": 120.02203792455158, ""tangent_gram_coordinate_dimension"": 225, ""tangent_gram_eigensolver_converged"": true, ""tangent_gram_eigensolver_status"": ""converged"", ""tangent_gram_largest_eigenvalue"": 23.14279571370057, ""tangent_gram_smallest_eigenvalue"": 0.1928212194517862, ""target_support_norm"": 0.024254259660103975, ""target_supported"": true}, {""converged"": true, ""kind"": ""unit"", ""max_envelope_ratio"": 0.9880735748334737, ""n"": 24, ""numerical_rank_vector"": [1, 1, 1], ""part"": 1, ""rank_supported"": true, ""riesz_converged"": true, ""riesz_equation_residual"": 9.877179763009324e-09, ""riesz_solver"": ""cg"", ""riesz_target_rayleigh_quotient"": 1.4891795256382259, ""riesz_target_stable"": true, ""split_rank_singular_values"": [{""block"": ""A"", ""computational_rank_supported"": true, ""relative_rank_floor"": 1e-10, ""sigma_1"": 18.271674693239166, ""sigma_r"": 18.271674693239166, ""sigma_r_over_sigma_1"": 1.0, ""supplied_rank"": 1}, {""block"": ""B"", ""computational_rank_supported"": true, ""relative_rank_floor"": 1e-10, ""sigma_1"": 32.52321428650343, ""sigma_r"": 32.52321428650343, ""sigma_r_over_sigma_1"": 1.0, ""supplied_rank"": 1}, {""block"": ""H"", ""computational_rank_supported"": true, ""relative_rank_floor"": 1e-10, ""sigma_1"": 46.229539986711465, ""sigma_r"": 46.229539986711465, ""sigma_r_over_sigma_1"": 1.0, ""supplied_rank"": 1}], ""stationarity_residual"": 5.020550149640896e-05, ""t"": 50, ""tangent_gram_condition_number"": 360.0989624520045, ""tangent_gram_coordinate_dimension"": 219, ""tangent_gram_eigensolver_converged"": true, ""tangent_gram_eigensolver_status"": ""converged"", ""tangent_gram_largest_eigenvalue"": 27.458066935941837, ""tangent_gram_smallest_eigenvalue"": 0.07625144696050482, ""target_support_norm"": 0.022886307770904377, ""target_supported"": true}]","[[0, 2, 3, 8, 9, 10, 11, 13, 14, 16, 18, 21, 22, 23, 29, 31, 33, 34, 35, 36, 37, 42, 44, 46, 49], [1, 4, 5, 6, 7, 12, 15, 17, 19, 20, 24, 25, 26, 27, 28, 30, 32, 38, 39, 40, 41, 43, 45, 47, 48]]","[[0, 6, 10, 11, 14, 17, 18, 19, 20, 21, 22, 23, 24, 26, 29, 30, 32, 34, 35, 36, 38, 39, 41, 43, 48, 49], [1, 2, 3, 4, 5, 7, 8, 9, 12, 13, 15, 16, 25, 27, 28, 31, 33, 37, 40, 42, 44, 45, 46, 47]]",False,False,True,True,"[1, 1, 1]",,"[1, 1, 1]",,,,,,,,null,,1.5295965325984868,14.0,2.7411141460153652e-05,0.5181164791755511,69.0,8.736561324479869e-09,2.668866873389802,0.036356038202058384,297.0,0.23802247649771607,21.33996095128038,89.65523451935492,True,converged,0.0001776032806633354,False,8.0,1.0,0.08039600000483915,0.07387940000626259,1.2112654999946244,"[20260810, 4011364011, 979268564, 1499620634, 1499620634, 2098343407, 1387497986, 1337576661]",b867e9855af0a3ac,610c7358dde2c1b141abb0f783ec54c402df554b,1.0,0.6499570856178685,1.8182956745712169,0.8184449415225281,0.7203041066495977,0.4720273021483314,0.529757718966219,0.23545406222089613,0.7203041066495977,0.07084802536299169,1.339094978942577,0.8999999999999999,1.1,0.8,1.2,0.85,2.031384387633061,6.140886497349466,6.140886497349466,0.7203041066495977,1.339094978942577,3.9203962937570944,3.9203962937570944,9.0,1.0,2.8591135026505343,True,074d506be7d0aae5cc43f2ff174fbac2d11a69bcdb1e114c4696b90866183689,theorem_covered,True,0.03999999999999994,0.039381635929036436,0.9845408982259124,,,,,,,,,,,,,,,,,,False
replication,b867e9855af0a3ac,2,50,50,5,fixed_rank,success,success,True,True,True,True,True,True,"[1, 1, 1]",,,,,7,dgp2_N50_T50_r00005_truth1-1-1,074d506be7d0aae5cc43f2ff174fbac2d11a69bcdb1e114c4696b90866183689,1.7642563999979757,,,B_G1_fixed_time,target,success,[],dgp2_N50_T50_r00005_truth1-1-1,success,"[1, 1, 1]",0.5051646243709633,0.45926946419060716,0.12018596586155678,0.01444466639007529,0.45926946419060716,0.12018596586155678,0.01444466639007529,-0.045895160180356165,0.45926946419060716,0.12018596586155678,0.01444466639007529,-0.045895160180356165,0.45926946419060716,,,0.0,4.0,0.21749219999765046,[],null,null,False,True,True,False,"[1, 1, 1]",,"[1, 1, 1]",,,,,,,,null,,1.5295965325984868,14.0,2.7411141460153652e-05,0.5181164791755511,70.0,8.77275880811228e-09,0.9472231150448777,0.12661651416682188,297.0,0.23802247649771607,21.33996095128038,89.65523451935492,True,converged,3.972127879512788e-05,False,8.0,1.0,0.08039600000483915,0.013728199992328882,1.3039135999861173,"[20260810, 4011364011, 979268564, 1499620634, 1499620634, 2098343407, 1387497986, 1337576661]",b867e9855af0a3ac,610c7358dde2c1b141abb0f783ec54c402df554b,1.0,0.6499570856178685,1.8182956745712169,0.8184449415225281,0.7203041066495977,0.4720273021483314,0.529757718966219,0.23545406222089613,0.7203041066495977,0.07084802536299169,1.339094978942577,0.8999999999999999,1.1,0.8,1.2,0.85,2.031384387633061,6.140886497349466,6.140886497349466,0.7203041066495977,1.339094978942577,3.9203962937570944,3.9203962937570944,9.0,1.0,2.8591135026505343,True,074d506be7d0aae5cc43f2ff174fbac2d11a69bcdb1e114c4696b90866183689,theorem_covered,True,0.2,0.13904365129132507,0.6952182564566253,,,,,,,,,,,,,,,,,,False
replication,b867e9855af0a3ac,2,50,50,5,fixed_rank,success,success,True,True,True,True,True,True,"[1, 1, 1]",,,,,7,dgp2_N50_T50_r00005_truth1-1-1,074d506be7d0aae5cc43f2ff174fbac2d11a69bcdb1e114c4696b90866183689,1.7642563999979757,,,B_G2_fixed_time,target,success,[],dgp2_N50_T50_r00005_truth1-1-1,success,"[1, 1, 1]",0.4564335580018498,0.38153880472012486,0.09741105728321314,0.009488914081033433,0.38153880472012486,0.09741105728321314,0.009488914081033433,-0.07489475328172496,0.38153880472012486,0.09741105728321314,0.009488914081033433,-0.07489475328172496,0.38153880472012486,,,0.0,4.0,0.21749219999765046,[],null,null,False,True,True,False,"[1, 1, 1]",,"[1, 1, 1]",,,,,,,,null,,1.5295965325984868,14.0,2.7411141460153652e-05,0.5181164791755511,71.0,7.4441600601842445e-09,0.9734961964231141,0.10568409125156866,297.0,0.23802247649771607,21.33996095128038,89.65523451935492,True,converged,1.1277399366270106e-05,False,8.0,1.0,0.08039600000483915,0.018345999997109175,1.402146599983098,"[20260810, 4011364011, 979268564, 1499620634, 1499620634, 2098343407, 1387497986, 1337576661]",b867e9855af0a3ac,610c7358dde2c1b141abb0f783ec54c402df554b,1.0,0.6499570856178685,1.8182956745712169,0.8184449415225281,0.7203041066495977,0.4720273021483314,0.529757718966219,0.23545406222089613,0.7203041066495977,0.07084802536299169,1.339094978942577,0.8999999999999999,1.1,0.8,1.2,0.85,2.031384387633061,6.140886497349466,6.140886497349466,0.7203041066495977,1.339094978942577,3.9203962937570944,3.9203962937570944,9.0,1.0,2.8591135026505343,True,074d506be7d0aae5cc43f2ff174fbac2d11a69bcdb1e114c4696b90866183689,theorem_covered,True,0.2,0.1260764923080484,0.630382461540242,,,,,,,,,,,,,,,,,,False
replication,b867e9855af0a3ac,2,50,50,5,fixed_rank,success,success,True,True,True,True,True,True,"[1, 1, 1]",,,,,7,dgp2_N50_T50_r00005_truth1-1-1,074d506be7d0aae5cc43f2ff174fbac2d11a69bcdb1e114c4696b90866183689,1.7642563999979757,,,B_G2_minus_G1_fixed_time,target,success,[],dgp2_N50_T50_r00005_truth1-1-1,success,"[1, 1, 1]",-0.04873106636911352,-0.07773065947048224,0.050466906717978044,0.002546908673681097,-0.07773065947048224,0.050466906717978044,0.002546908673681097,-0.028999593101368723,-0.07773065947048224,0.050466906717978044,0.002546908673681097,-0.028999593101368723,-0.07773065947048224,,,0.0,4.0,0.21749219999765046,[],null,null,False,False,True,False,"[1, 1, 1]",,"[1, 1, 1]",,,,,,,,null,,1.5295965325984868,14.0,2.7411141460153652e-05,0.5181164791755511,74.0,8.624855182913744e-09,0.6524668464153646,0.033560695478012305,297.0,0.23802247649771607,21.33996095128038,89.65523451935492,True,converged,0.00011035445126763884,False,8.0,1.0,0.08039600000483915,0.015940999990561977,1.4757055999943987,"[20260810, 4011364011, 979268564, 1499620634, 1499620634, 2098343407, 1387497986, 1337576661]",b867e9855af0a3ac,610c7358dde2c1b141abb0f783ec54c402df554b,1.0,0.6499570856178685,1.8182956745712169,0.8184449415225281,0.7203041066495977,0.4720273021483314,0.529757718966219,0.23545406222089613,0.7203041066495977,0.07084802536299169,1.339094978942577,0.8999999999999999,1.1,0.8,1.2,0.85,2.031384387633061,6.140886497349466,6.140886497349466,0.7203041066495977,1.339094978942577,3.9203962937570944,3.9203962937570944,9.0,1.0,2.8591135026505343,True,074d506be7d0aae5cc43f2ff174fbac2d11a69bcdb1e114c4696b90866183689,weak_target_stress_outside_assumption9,False,0.28284271247461906,0.03736781915811152,0.1321151916242662,,,,,,,,,,,,,,,,,,False
replication,b867e9855af0a3ac,2,50,50,5,fixed_rank,success,success,True,True,True,True,True,True,"[1, 1, 1]",,,,,7,dgp2_N50_T50_r00005_truth1-1-1,074d506be7d0aae5cc43f2ff174fbac2d11a69bcdb1e114c4696b90866183689,1.7642563999979757,,,B_G1_time_average,target,success,[],dgp2_N50_T50_r00005_truth1-1-1,success,"[1, 1, 1]",0.5566043364367211,0.6519599978925796,0.07167311563472917,0.005137035504789259,0.5971033685322885,0.0410722418289051,0.001686929048852062,0.04049903209556738,0.6519599978925796,0.07167311563472917,0.005137035504789259,0.0953556614558585,0.5971033685322885,0.577391730250333,0.5619583774539529,4.0,4.0,0.21749219999765046,"[{""converged"": true, ""kind"": ""time"", ""max_envelope_ratio"": 0.6164475376911592, ""n"": 50, ""numerical_rank_vector"": [1, 1, 1], ""part"": 0, ""rank_supported"": true, ""riesz_converged"": true, ""riesz_equation_residual"": 7.889742873498207e-09, ""riesz_solver"": ""cg"", ""riesz_target_rayleigh_quotient"": 0.6315417768167287, ""riesz_target_stable"": true, ""split_rank_singular_values"": [{""block"": ""A"", ""computational_rank_supported"": true, ""relative_rank_floor"": 1e-10, ""sigma_1"": 18.91691979196771, ""sigma_r"": 18.91691979196771, ""sigma_r_over_sigma_1"": 1.0, ""supplied_rank"": 1}, {""block"": ""B"", ""computational_rank_supported"": true, ""relative_rank_floor"": 1e-10, ""sigma_1"": 31.167156179225007, ""sigma_r"": 31.167156179225007, ""sigma_r_over_sigma_1"": 1.0, ""supplied_rank"": 1}, {""block"": ""H"", ""computational_rank_supported"": true, ""relative_rank_floor"": 1e-10, ""sigma_1"": 44.71798661010486, ""sigma_r"": 44.71798661010486, ""sigma_r_over_sigma_1"": 1.0, ""supplied_rank"": 1}], ""stationarity_residual"": 4.942387311534274e-05, ""t"": 25, ""tangent_gram_condition_number"": 132.5578809708822, ""tangent_gram_coordinate_dimension"": 222, ""tangent_gram_eigensolver_converged"": true, ""tangent_gram_eigensolver_status"": ""converged"", ""tangent_gram_largest_eigenvalue"": 19.209476312009624, ""tangent_gram_smallest_eigenvalue"": 0.14491387589568663, ""target_support_norm"": 0.017859492697435933, ""target_supported"": true}, {""converged"": true, ""kind"": ""time"", ""max_envelope_ratio"": 0.5110847436811725, ""n"": 50, ""numerical_rank_vector"": [1, 1, 1], ""part"": 1, ""rank_supported"": true, ""riesz_converged"": true, ""riesz_equation_residual"": 8.48585443746446e-09, ""riesz_solver"": ""cg"", ""riesz_target_rayleigh_quotient"": 0.6223269166031588, ""riesz_target_stable"": true, ""split_rank_singular_values"": [{""block"": ""A"", ""computational_rank_supported"": true, ""relative_rank_floor"": 1e-10, ""sigma_1"": 17.4259281990686, ""sigma_r"": 17.4259281990686, ""sigma_r_over_sigma_1"": 1.0, ""supplied_rank"": 1}, {""block"": ""B"", ""computational_rank_supported"": true, ""relative_rank_floor"": 1e-10, ""sigma_1"": 28.425267708619742, ""sigma_r"": 28.425267708619742, ""sigma_r_over_sigma_1"": 1.0, ""supplied_rank"": 1}, {""block"": ""H"", ""computational_rank_supported"": true, ""relative_rank_floor"": 1e-10, ""sigma_1"": 35.10270775899584, ""sigma_r"": 35.10270775899584, ""sigma_r_over_sigma_1"": 1.0, ""supplied_rank"": 1}], ""stationarity_residual"": 6.098312994252307e-05, ""t"": 25, ""tangent_gram_condition_number"": 112.25920461780878, ""tangent_gram_coordinate_dimension"": 222, ""tangent_gram_eigensolver_converged"": true, ""tangent_gram_eigensolver_status"": ""converged"", ""tangent_gram_largest_eigenvalue"": 25.25464369522087, ""tangent_gram_smallest_eigenvalue"": 0.22496724238516902, ""target_support_norm"": 0.017650164280792992, ""target_supported"": true}, {""converged"": true, ""kind"": ""unit"", ""max_envelope_ratio"": 0.49504696662002373, ""n"": 26, ""numerical_rank_vector"": [1, 1, 1], ""part"": 0, ""rank_supported"": true, ""riesz_converged"": true, ""riesz_equation_residual"": 7.059761376183818e-09, ""riesz_solver"": ""cg"", ""riesz_target_rayleigh_quotient"": 0.47025927010920787, ""riesz_target_stable"": true, ""split_rank_singular_values"": [{""block"": ""A"", ""computational_rank_supported"": true, ""relative_rank_floor"": 1e-10, ""sigma_1"": 18.78314159102541, ""sigma_r"": 18.78314159102541, ""sigma_r_over_sigma_1"": 1.0, ""supplied_rank"": 1}, {""block"": ""B"", ""computational_rank_supported"": true, ""relative_rank_floor"": 1e-10, ""sigma_1"": 31.395038439311687, ""sigma_r"": 31.395038439311687, ""sigma_r_over_sigma_1"": 1.0, ""supplied_rank"": 1}, {""block"": ""H"", ""computational_rank_supported"": true, ""relative_rank_floor"": 1e-10, ""sigma_1"": 37.43597436918856, ""sigma_r"": 37.43597436918856, ""sigma_r_over_sigma_1"": 1.0, ""supplied_rank"": 1}], ""stationarity_residual"": 4.783398825929245e-05, ""t"": 50, ""tangent_gram_condition_number"": 120.02203792455158, ""tangent_gram_coordinate_dimension"": 225, ""tangent_gram_eigensolver_converged"": true, ""tangent_gram_eigensolver_status"": ""converged"", ""tangent_gram_largest_eigenvalue"": 23.14279571370057, ""tangent_gram_smallest_eigenvalue"": 0.1928212194517862, ""target_support_norm"": 0.017366196664616862, ""target_supported"": true}, {""converged"": true, ""kind"": ""unit"", ""max_envelope_ratio"": 0.9880735748334737, ""n"": 24, ""numerical_rank_vector"": [1, 1, 1], ""part"": 1, ""rank_supported"": true, ""riesz_converged"": true, ""riesz_equation_residual"": 8.807067208212812e-09, ""riesz_solver"": ""cg"", ""riesz_target_rayleigh_quotient"": 0.3936006489954733, ""riesz_target_stable"": true, ""split_rank_singular_values"": [{""block"": ""A"", ""computational_rank_supported"": true, ""relative_rank_floor"": 1e-10, ""sigma_1"": 18.271674693239166, ""sigma_r"": 18.271674693239166, ""sigma_r_over_sigma_1"": 1.0, ""supplied_rank"": 1}, {""block"": ""B"", ""computational_rank_supported"": true, ""relative_rank_floor"": 1e-10, ""sigma_1"": 32.52321428650343, ""sigma_r"": 32.52321428650343, ""sigma_r_over_sigma_1"": 1.0, ""supplied_rank"": 1}, {""block"": ""H"", ""computational_rank_supported"": true, ""relative_rank_floor"": 1e-10, ""sigma_1"": 46.229539986711465, ""sigma_r"": 46.229539986711465, ""sigma_r_over_sigma_1"": 1.0, ""supplied_rank"": 1}], ""stationarity_residual"": 5.020550149640896e-05, ""t"": 50, ""tangent_gram_condition_number"": 360.0989624520045, ""tangent_gram_coordinate_dimension"": 219, ""tangent_gram_eigensolver_converged"": true, ""tangent_gram_eigensolver_status"": ""converged"", ""tangent_gram_largest_eigenvalue"": 27.458066935941837, ""tangent_gram_smallest_eigenvalue"": 0.07625144696050482, ""target_support_norm"": 0.01681596625366939, ""target_supported"": true}]","[[0, 2, 3, 8, 9, 10, 11, 13, 14, 16, 18, 21, 22, 23, 29, 31, 33, 34, 35, 36, 37, 42, 44, 46, 49], [1, 4, 5, 6, 7, 12, 15, 17, 19, 20, 24, 25, 26, 27, 28, 30, 32, 38, 39, 40, 41, 43, 45, 47, 48]]","[[0, 6, 10, 11, 14, 17, 18, 19, 20, 21, 22, 23, 24, 26, 29, 30, 32, 34, 35, 36, 38, 39, 41, 43, 48, 49], [1, 2, 3, 4, 5, 7, 8, 9, 12, 13, 15, 16, 25, 27, 28, 31, 33, 37, 40, 42, 44, 45, 46, 47]]",False,True,True,True,"[1, 1, 1]",,"[1, 1, 1]",,,,,,,,null,,1.5295965325984868,14.0,2.7411141460153652e-05,0.5181164791755511,75.0,6.342467177730832e-09,0.6742791670165328,0.02573335313849626,297.0,0.23802247649771607,21.33996095128038,89.65523451935492,True,converged,7.733895299302764e-05,False,8.0,1.0,0.08039600000483915,0.06285259997821413,1.5774912999768276,"[20260810, 4011364011, 979268564, 1499620634, 1499620634, 2098343407, 1387497986, 1337576661]",b867e9855af0a3ac,610c7358dde2c1b141abb0f783ec54c402df554b,1.0,0.6499570856178685,1.8182956745712169,0.8184449415225281,0.7203041066495977,0.4720273021483314,0.529757718966219,0.23545406222089613,0.7203041066495977,0.07084802536299169,1.339094978942577,0.8999999999999999,1.1,0.8,1.2,0.85,2.031384387633061,6.140886497349466,6.140886497349466,0.7203041066495977,1.339094978942577,3.9203962937570944,3.9203962937570944,9.0,1.0,2.8591135026505343,True,074d506be7d0aae5cc43f2ff174fbac2d11a69bcdb1e114c4696b90866183689,theorem_covered,True,0.028284271247461912,0.027739668729674094,0.9807453933310484,,,,,,,,,,,,,,,,,,False
replication,b867e9855af0a3ac,2,50,50,5,fixed_rank,success,success,True,True,True,True,True,True,"[1, 1, 1]",,,,,7,dgp2_N50_T50_r00005_truth1-1-1,074d506be7d0aae5cc43f2ff174fbac2d11a69bcdb1e114c4696b90866183689,1.7642563999979757,,,B_G2_time_average,target,success,[],dgp2_N50_T50_r00005_truth1-1-1,success,"[1, 1, 1]",0.502911101495717,0.7027522293575056,0.0889632070609131,0.007914452210562898,0.49604453003568294,0.04357270667762047,0.0018985807672139512,-0.00686657146003411,0.7027522293575056,0.0889632070609131,0.007914452210562898,0.19984112786178854,0.49604453003568294,0.4473613766045084,0.338019984145035,4.0,4.0,0.21749219999765046,"[{""converged"": true, ""kind"": ""time"", ""max_envelope_ratio"": 0.6164475376911592, ""n"": 50, ""numerical_rank_vector"": [1, 1, 1], ""part"": 0, ""rank_supported"": true, ""riesz_converged"": true, ""riesz_equation_residual"": 9.249628732069623e-09, ""riesz_solver"": ""cg"", ""riesz_target_rayleigh_quotient"": 0.3893262176995967, ""riesz_target_stable"": true, ""split_rank_singular_values"": [{""block"": ""A"", ""computational_rank_supported"": true, ""relative_rank_floor"": 1e-10, ""sigma_1"": 18.91691979196771, ""sigma_r"": 18.91691979196771, ""sigma_r_over_sigma_1"": 1.0, ""supplied_rank"": 1}, {""block"": ""B"", ""computational_rank_supported"": true, ""relative_rank_floor"": 1e-10, ""sigma_1"": 31.167156179225007, ""sigma_r"": 31.167156179225007, ""sigma_r_over_sigma_1"": 1.0, ""supplied_rank"": 1}, {""block"": ""H"", ""computational_rank_supported"": true, ""relative_rank_floor"": 1e-10, ""sigma_1"": 44.71798661010486, ""sigma_r"": 44.71798661010486, ""sigma_r_over_sigma_1"": 1.0, ""supplied_rank"": 1}], ""stationarity_residual"": 4.942387311534274e-05, ""t"": 25, ""tangent_gram_condition_number"": 132.5578809708822, ""tangent_gram_coordinate_dimension"": 222, ""tangent_gram_eigensolver_converged"": true, ""tangent_gram_eigensolver_status"": ""converged"", ""tangent_gram_largest_eigenvalue"": 19.209476312009624, ""tangent_gram_smallest_eigenvalue"": 0.14491387589568663, ""target_support_norm"": 0.017884954816561185, ""target_supported"": true}, {""converged"": true, ""kind"": ""time"", ""max_envelope_ratio"": 0.5110847436811725, ""n"": 50, ""numerical_rank_vector"": [1, 1, 1], ""part"": 1, ""rank_supported"": true, ""riesz_converged"": true, ""riesz_equation_residual"": 7.623756687744756e-09, ""riesz_solver"": ""cg"", ""riesz_target_rayleigh_quotient"": 0.4519597277366016, ""riesz_target_stable"": true, ""split_rank_singular_values"": [{""block"": ""A"", ""computational_rank_supported"": true, ""relative_rank_floor"": 1e-10, ""sigma_1"": 17.4259281990686, ""sigma_r"": 17.4259281990686, ""sigma_r_over_sigma_1"": 1.0, ""supplied_rank"": 1}, {""block"": ""B"", ""computational_rank_supported"": true, ""relative_rank_floor"": 1e-10, ""sigma_1"": 28.425267708619742, ""sigma_r"": 28.425267708619742, ""sigma_r_over_sigma_1"": 1.0, ""supplied_rank"": 1}, {""block"": ""H"", ""computational_rank_supported"": true, ""relative_rank_floor"": 1e-10, ""sigma_1"": 35.10270775899584, ""sigma_r"": 35.10270775899584, ""sigma_r_over_sigma_1"": 1.0, ""supplied_rank"": 1}], ""stationarity_residual"": 6.098312994252307e-05, ""t"": 25, ""tangent_gram_condition_number"": 112.25920461780878, ""tangent_gram_coordinate_dimension"": 222, ""tangent_gram_eigensolver_converged"": true, ""tangent_gram_eigensolver_status"": ""converged"", ""tangent_gram_largest_eigenvalue"": 25.25464369522087, ""tangent_gram_smallest_eigenvalue"": 0.22496724238516902, ""target_support_norm"": 0.016403492004196114, ""target_supported"": true}, {""converged"": true, ""kind"": ""unit"", ""max_envelope_ratio"": 0.49504696662002373, ""n"": 26, ""numerical_rank_vector"": [1, 1, 1], ""part"": 0, ""rank_supported"": true, ""riesz_converged"": true, ""riesz_equation_residual"": 7.82409777921493e-09, ""riesz_solver"": ""cg"", ""riesz_target_rayleigh_quotient"": 0.5779752191127774, ""riesz_target_stable"": true, ""split_rank_singular_values"": [{""block"": ""A"", ""computational_rank_supported"": true, ""relative_rank_floor"": 1e-10, ""sigma_1"": 18.78314159102541, ""sigma_r"": 18.78314159102541, ""sigma_r_over_sigma_1"": 1.0, ""supplied_rank"": 1}, {""block"": ""B"", ""computational_rank_supported"": true, ""relative_rank_floor"": 1e-10, ""sigma_1"": 31.395038439311687, ""sigma_r"": 31.395038439311687, ""sigma_r_over_sigma_1"": 1.0, ""supplied_rank"": 1}, {""block"": ""H"", ""computational_rank_supported"": true, ""relative_rank_floor"": 1e-10, ""sigma_1"": 37.43597436918856, ""sigma_r"": 37.43597436918856, ""sigma_r_over_sigma_1"": 1.0, ""supplied_rank"": 1}], ""stationarity_residual"": 4.783398825929245e-05, ""t"": 50, ""tangent_gram_condition_number"": 120.02203792455158, ""tangent_gram_coordinate_dimension"": 225, ""tangent_gram_eigensolver_converged"": true, ""tangent_gram_eigensolver_status"": ""converged"", ""tangent_gram_largest_eigenvalue"": 23.14279571370057, ""tangent_gram_smallest_eigenvalue"": 0.1928212194517862, ""target_support_norm"": 0.016710000335441063, ""target_supported"": true}, {""converged"": true, ""kind"": ""unit"", ""max_envelope_ratio"": 0.9880735748334737, ""n"": 24, ""numerical_rank_vector"": [1, 1, 1], ""part"": 1, ""rank_supported"": true, ""riesz_converged"": true, ""riesz_equation_residual"": 6.340410345963389e-09, ""riesz_solver"": ""cg"", ""riesz_target_rayleigh_quotient"": 0.31561429783440226, ""riesz_target_stable"": true, ""split_rank_singular_values"": [{""block"": ""A"", ""computational_rank_supported"": true, ""relative_rank_floor"": 1e-10, ""sigma_1"": 18.271674693239166, ""sigma_r"": 18.271674693239166, ""sigma_r_over_sigma_1"": 1.0, ""supplied_rank"": 1}, {""block"": ""B"", ""computational_rank_supported"": true, ""relative_rank_floor"": 1e-10, ""sigma_1"": 32.52321428650343, ""sigma_r"": 32.52321428650343, ""sigma_r_over_sigma_1"": 1.0, ""supplied_rank"": 1}, {""block"": ""H"", ""computational_rank_supported"": true, ""relative_rank_floor"": 1e-10, ""sigma_1"": 46.229539986711465, ""sigma_r"": 46.229539986711465, ""sigma_r_over_sigma_1"": 1.0, ""supplied_rank"": 1}], ""stationarity_residual"": 5.020550149640896e-05, ""t"": 50, ""tangent_gram_condition_number"": 360.0989624520045, ""tangent_gram_coordinate_dimension"": 219, ""tangent_gram_eigensolver_converged"": true, ""tangent_gram_eigensolver_status"": ""converged"", ""tangent_gram_largest_eigenvalue"": 27.458066935941837, ""tangent_gram_smallest_eigenvalue"": 0.07625144696050482, ""target_support_norm"": 0.013218215819221092, ""target_supported"": true}]","[[0, 2, 3, 8, 9, 10, 11, 13, 14, 16, 18, 21, 22, 23, 29, 31, 33, 34, 35, 36, 37, 42, 44, 46, 49], [1, 4, 5, 6, 7, 12, 15, 17, 19, 20, 24, 25, 26, 27, 28, 30, 32, 38, 39, 40, 41, 43, 45, 47, 48]]","[[0, 6, 10, 11, 14, 17, 18, 19, 20, 21, 22, 23, 24, 26, 29, 30, 32, 34, 35, 36, 38, 39, 41, 43, 48, 49], [1, 2, 3, 4, 5, 7, 8, 9, 12, 13, 15, 16, 25, 27, 28, 31, 33, 37, 40, 42, 44, 45, 46, 47]]",True,True,False,True,"[1, 1, 1]",,"[1, 1, 1]",,,,,,,,null,,1.5295965325984868,14.0,2.7411141460153652e-05,0.5181164791755511,76.0,8.225052038412905e-09,0.5271524870346623,0.025184322229419232,297.0,0.23802247649771607,21.33996095128038,89.65523451935492,True,converged,7.772895699765802e-05,False,8.0,1.0,0.08039600000483915,0.06445189999067225,1.6700261999794748,"[20260810, 4011364011, 979268564, 1499620634, 1499620634, 2098343407, 1387497986, 1337576661]",b867e9855af0a3ac,610c7358dde2c1b141abb0f783ec54c402df554b,1.0,0.6499570856178685,1.8182956745712169,0.8184449415225281,0.7203041066495977,0.4720273021483314,0.529757718966219,0.23545406222089613,0.7203041066495977,0.07084802536299169,1.339094978942577,0.8999999999999999,1.1,0.8,1.2,0.85,2.031384387633061,6.140886497349466,6.140886497349466,0.7203041066495977,1.339094978942577,3.9203962937570944,3.9203962937570944,9.0,1.0,2.8591135026505343,True,074d506be7d0aae5cc43f2ff174fbac2d11a69bcdb1e114c4696b90866183689,theorem_covered,True,0.028284271247461912,0.027648035513703467,0.9775056699113103,,,,,,,,,,,,,,,,,,False
replication,b867e9855af0a3ac,2,50,50,5,fixed_rank,success,success,True,True,True,True,True,True,"[1, 1, 1]",,,,,7,dgp2_N50_T50_r00005_truth1-1-1,074d506be7d0aae5cc43f2ff174fbac2d11a69bcdb1e114c4696b90866183689,1.7642563999979757,,,B_G2_minus_G1_time_average,target,success,[],dgp2_N50_T50_r00005_truth1-1-1,success,"[1, 1, 1]",-0.053693234941004205,0.05079223146492576,0.11174510556149012,0.012486968616948568,-0.10105883849660563,0.057784528761583236,0.0033390517641982403,-0.047365603555601425,0.05079223146492576,0.11174510556149012,0.012486968616948568,0.10448546640592996,-0.10105883849660563,-0.13003035364582463,-0.22393839330891802,4.0,4.0,0.21749219999765046,"[{""converged"": true, ""kind"": ""time"", ""max_envelope_ratio"": 0.6164475376911592, ""n"": 50, ""numerical_rank_vector"": [1, 1, 1], ""part"": 0, ""rank_supported"": true, ""riesz_converged"": true, ""riesz_equation_residual"": 7.477699726868503e-09, ""riesz_solver"": ""cg"", ""riesz_target_rayleigh_quotient"": 0.44954528679516514, ""riesz_target_stable"": true, ""split_rank_singular_values"": [{""block"": ""A"", ""computational_rank_supported"": true, ""relative_rank_floor"": 1e-10, ""sigma_1"": 18.91691979196771, ""sigma_r"": 18.91691979196771, ""sigma_r_over_sigma_1"": 1.0, ""supplied_rank"": 1}, {""block"": ""B"", ""computational_rank_supported"": true, ""relative_rank_floor"": 1e-10, ""sigma_1"": 31.167156179225007, ""sigma_r"": 31.167156179225007, ""sigma_r_over_sigma_1"": 1.0, ""supplied_rank"": 1}, {""block"": ""H"", ""computational_rank_supported"": true, ""relative_rank_floor"": 1e-10, ""sigma_1"": 44.71798661010486, ""sigma_r"": 44.71798661010486, ""sigma_r_over_sigma_1"": 1.0, ""supplied_rank"": 1}], ""stationarity_residual"": 4.942387311534274e-05, ""t"": 25, ""tangent_gram_condition_number"": 132.5578809708822, ""tangent_gram_coordinate_dimension"": 222, ""tangent_gram_eigensolver_converged"": true, ""tangent_gram_eigensolver_status"": ""converged"", ""tangent_gram_largest_eigenvalue"": 19.209476312009624, ""tangent_gram_smallest_eigenvalue"": 0.14491387589568663, ""target_support_norm"": 0.0237766885563002, ""target_supported"": true}, {""converged"": true, ""kind"": ""time"", ""max_envelope_ratio"": 0.5110847436811725, ""n"": 50, ""numerical_rank_vector"": [1, 1, 1], ""part"": 1, ""rank_supported"": true, ""riesz_converged"": true, ""riesz_equation_residual"": 9.530682723089782e-09, ""riesz_solver"": ""cg"", ""riesz_target_rayleigh_quotient"": 0.5044379654311172, ""riesz_target_stable"": true, ""split_rank_singular_values"": [{""block"": ""A"", ""computational_rank_supported"": true, ""relative_rank_floor"": 1e-10, ""sigma_1"": 17.4259281990686, ""sigma_r"": 17.4259281990686, ""sigma_r_over_sigma_1"": 1.0, ""supplied_rank"": 1}, {""block"": ""B"", ""computational_rank_supported"": true, ""relative_rank_floor"": 1e-10, ""sigma_1"": 28.425267708619742, ""sigma_r"": 28.425267708619742, ""sigma_r_over_sigma_1"": 1.0, ""supplied_rank"": 1}, {""block"": ""H"", ""computational_rank_supported"": true, ""relative_rank_floor"": 1e-10, ""sigma_1"": 35.10270775899584, ""sigma_r"": 35.10270775899584, ""sigma_r_over_sigma_1"": 1.0, ""supplied_rank"": 1}], ""stationarity_residual"": 6.098312994252307e-05, ""t"": 25, ""tangent_gram_condition_number"": 112.25920461780878, ""tangent_gram_coordinate_dimension"": 222, ""tangent_gram_eigensolver_converged"": true, ""tangent_gram_eigensolver_status"": ""converged"", ""tangent_gram_largest_eigenvalue"": 25.25464369522087, ""tangent_gram_smallest_eigenvalue"": 0.22496724238516902, ""target_support_norm"": 0.02274822747079365, ""target_supported"": true}, {""converged"": true, ""kind"": ""unit"", ""max_envelope_ratio"": 0.49504696662002373, ""n"": 26, ""numerical_rank_vector"": [1, 1, 1], ""part"": 0, ""rank_supported"": true, ""riesz_converged"": true, ""riesz_equation_residual"": 9.726336435519425e-09, ""riesz_solver"": ""cg"", ""riesz_target_rayleigh_quotient"": 0.5077871375095109, ""riesz_target_stable"": true, ""split_rank_singular_values"": [{""block"": ""A"", ""computational_rank_supported"": true, ""relative_rank_floor"": 1e-10, ""sigma_1"": 18.78314159102541, ""sigma_r"": 18.78314159102541, ""sigma_r_over_sigma_1"": 1.0, ""supplied_rank"": 1}, {""block"": ""B"", ""computational_rank_supported"": true, ""relative_rank_floor"": 1e-10, ""sigma_1"": 31.395038439311687, ""sigma_r"": 31.395038439311687, ""sigma_r_over_sigma_1"": 1.0, ""supplied_rank"": 1}, {""block"": ""H"", ""computational_rank_supported"": true, ""relative_rank_floor"": 1e-10, ""sigma_1"": 37.43597436918856, ""sigma_r"": 37.43597436918856, ""sigma_r_over_sigma_1"": 1.0, ""supplied_rank"": 1}], ""stationarity_residual"": 4.783398825929245e-05, ""t"": 50, ""tangent_gram_condition_number"": 120.02203792455158, ""tangent_gram_coordinate_dimension"": 225, ""tangent_gram_eigensolver_converged"": true, ""tangent_gram_eigensolver_status"": ""converged"", ""tangent_gram_largest_eigenvalue"": 23.14279571370057, ""tangent_gram_smallest_eigenvalue"": 0.1928212194517862, ""target_support_norm"": 0.022706644502794582, ""target_supported"": true}, {""converged"": true, ""kind"": ""unit"", ""max_envelope_ratio"": 0.9880735748334737, ""n"": 24, ""numerical_rank_vector"": [1, 1, 1], ""part"": 1, ""rank_supported"": true, ""riesz_converged"": true, ""riesz_equation_residual"": 8.704340968107955e-09, ""riesz_solver"": ""cg"", ""riesz_target_rayleigh_quotient"": 0.3778271422514994, ""riesz_target_stable"": true, ""split_rank_singular_values"": [{""block"": ""A"", ""computational_rank_supported"": true, ""relative_rank_floor"": 1e-10, ""sigma_1"": 18.271674693239166, ""sigma_r"": 18.271674693239166, ""sigma_r_over_sigma_1"": 1.0, ""supplied_rank"": 1}, {""block"": ""B"", ""computational_rank_supported"": true, ""relative_rank_floor"": 1e-10, ""sigma_1"": 32.52321428650343, ""sigma_r"": 32.52321428650343, ""sigma_r_over_sigma_1"": 1.0, ""supplied_rank"": 1}, {""block"": ""H"", ""computational_rank_supported"": true, ""relative_rank_floor"": 1e-10, ""sigma_1"": 46.229539986711465, ""sigma_r"": 46.229539986711465, ""sigma_r_over_sigma_1"": 1.0, ""supplied_rank"": 1}], ""stationarity_residual"": 5.020550149640896e-05, ""t"": 50, ""tangent_gram_condition_number"": 360.0989624520045, ""tangent_gram_coordinate_dimension"": 219, ""tangent_gram_eigensolver_converged"": true, ""tangent_gram_eigensolver_status"": ""converged"", ""tangent_gram_largest_eigenvalue"": 27.458066935941837, ""tangent_gram_smallest_eigenvalue"": 0.07625144696050482, ""target_support_norm"": 0.017723816633237528, ""target_supported"": true}]","[[0, 2, 3, 8, 9, 10, 11, 13, 14, 16, 18, 21, 22, 23, 29, 31, 33, 34, 35, 36, 37, 42, 44, 46, 49], [1, 4, 5, 6, 7, 12, 15, 17, 19, 20, 24, 25, 26, 27, 28, 30, 32, 38, 39, 40, 41, 43, 45, 47, 48]]","[[0, 6, 10, 11, 14, 17, 18, 19, 20, 21, 22, 23, 24, 26, 29, 30, 32, 34, 35, 36, 38, 39, 41, 43, 48, 49], [1, 2, 3, 4, 5, 7, 8, 9, 12, 13, 15, 16, 25, 27, 28, 31, 33, 37, 40, 42, 44, 45, 46, 47]]",False,False,True,True,"[1, 1, 1]",,"[1, 1, 1]",,,,,,,,null,,1.5295965325984868,14.0,2.7411141460153652e-05,0.5181164791755511,75.0,9.646985120383829e-09,0.5941268752866683,0.03386077172549749,297.0,0.23802247649771607,21.33996095128038,89.65523451935492,True,converged,0.00012011048571552001,False,8.0,1.0,0.08039600000483915,0.05736950002028607,1.7642563999979757,"[20260810, 4011364011, 979268564, 1499620634, 1499620634, 2098343407, 1387497986, 1337576661]",b867e9855af0a3ac,610c7358dde2c1b141abb0f783ec54c402df554b,1.0,0.6499570856178685,1.8182956745712169,0.8184449415225281,0.7203041066495977,0.4720273021483314,0.529757718966219,0.23545406222089613,0.7203041066495977,0.07084802536299169,1.339094978942577,0.8999999999999999,1.1,0.8,1.2,0.85,2.031384387633061,6.140886497349466,6.140886497349466,0.7203041066495977,1.339094978942577,3.9203962937570944,3.9203962937570944,9.0,1.0,2.8591135026505343,True,074d506be7d0aae5cc43f2ff174fbac2d11a69bcdb1e114c4696b90866183689,theorem_covered,True,0.03999999999999994,0.038522153867645854,0.9630538466911478,,,,,,,,,,,,,,,,,,False
replication,b867e9855af0a3ac,3,50,50,3,fixed_rank,success,success,True,True,True,True,True,True,"[1, 1, 1]",,,,,7,dgp3_N50_T50_r00003_truth1-1-1,971c4074dcc2cb1b4f8b7c513d64f7682d921def42fa236c709d0fb0cf18a2aa,2.1469885999977123,,,A_entry,target,success,[],dgp3_N50_T50_r00003_truth1-1-1,success,"[1, 1, 1]",0.5870601368223929,0.4321582205986954,0.13138192448626246,0.017261210081713968,0.4321582205986954,0.13138192448626246,0.017261210081713968,-0.15490191622369748,0.4321582205986954,0.13138192448626246,0.017261210081713968,-0.15490191622369748,0.4321582205986954,,,0.0,4.0,0.27695969998603687,[],null,null,False,True,True,False,"[1, 1, 1]",,"[1, 1, 1]",,,,,,,,null,,2.0070062850600894,12.0,2.106761852292635e-05,0.9124429585212391,102.0,9.964357453826306e-09,1.472706708887964,0.18014311611262196,297.0,0.16412437741238567,47.29742086623369,288.1803520716014,True,converged,6.77180944436697e-06,False,8.0,1.0,0.08935679998830892,0.023224399978062138,0.48697030000039376,"[20260810, 4011364011, 2235565902, 1499620634, 1499620634, 2235565902, 1387497986, 1337576661]",b867e9855af0a3ac,610c7358dde2c1b141abb0f783ec54c402df554b,1.0,0.6527430465498641,2.199056079139955,0.843311660870007,0.843311660870007,0.5042505052828925,0.669224481879352,0.2505340232213059,0.843311660870007,0.09734551254598062,1.7419032262704592,0.8999999999999999,1.1,0.8,1.2,0.85,2.031384387633061,7.458653652209672,7.458653652209672,0.843311660870007,1.7419032262704592,5.169218052590561,5.169218052590561,9.0,1.0,1.541346347790328,True,971c4074dcc2cb1b4f8b7c513d64f7682d921def42fa236c709d0fb0cf18a2aa,theorem_covered,True,1.0,0.21318389967635867,0.21318389967635867,1.3142978783502584,0.9839345372043957,,,,,,,,,,,,,,,,False
replication,b867e9855af0a3ac,3,50,50,3,fixed_rank,success,success,True,True,True,True,True,True,"[1, 1, 1]",,,,,7,dgp3_N50_T50_r00003_truth1-1-1,971c4074dcc2cb1b4f8b7c513d64f7682d921def42fa236c709d0fb0cf18a2aa,2.1469885999977123,,,B_entry,target,success,[],dgp3_N50_T50_r00003_truth1-1-1,success,"[1, 1, 1]",0.5199129601349209,0.919488405341987,0.4618928880310085,0.21334504001362575,0.919488405341987,0.4618928880310085,0.21334504001362575,0.399575445207066,0.919488405341987,0.4618928880310085,0.21334504001362575,0.399575445207066,0.919488405341987,,,0.0,4.0,0.27695969998603687,[],null,null,False,True,True,False,"[1, 1, 1]",,"[1, 1, 1]",,,,,,,,null,,2.0070062850600894,12.0,2.106761852292635e-05,0.9124429585212391,108.0,5.3520605320123595e-09,1.0140360640798924,0.21990148165974827,297.0,0.16412437741238567,47.29742086623369,288.1803520716014,True,converged,7.872303497807024e-05,False,8.0,1.0,0.08935679998830892,0.021295900020049885,0.5443514999933541,"[20260810, 4011364011, 2235565902, 1499620634, 1499620634, 2235565902, 1387497986, 1337576661]",b867e9855af0a3ac,610c7358dde2c1b141abb0f783ec54c402df554b,1.0,0.6527430465498641,2.199056079139955,0.843311660870007,0.843311660870007,0.5042505052828925,0.669224481879352,0.2505340232213059,0.843311660870007,0.09734551254598062,1.7419032262704592,0.8999999999999999,1.1,0.8,1.2,0.85,2.031384387633061,7.458653652209672,7.458653652209672,0.843311660870007,1.7419032262704592,5.169218052590561,5.169218052590561,9.0,1.0,1.541346347790328,True,971c4074dcc2cb1b4f8b7c513d64f7682d921def42fa236c709d0fb0cf18a2aa,entry_leverage_requires_author_choice,False,1.0,0.17602672355073218,0.17602672355073218,1.1185247541202223,0.44060210326444654,,,,,,,,,,,,,,,,False
replication,b867e9855af0a3ac,3,50,50,3,fixed_rank,success,success,True,True,True,True,True,True,"[1, 1, 1]",,,,,7,dgp3_N50_T50_r00003_truth1-1-1,971c4074dcc2cb1b4f8b7c513d64f7682d921def42fa236c709d0fb0cf18a2aa,2.1469885999977123,,,A_fixed_time_mean,target,success,[],dgp3_N50_T50_r00003_truth1-1-1,success,"[1, 1, 1]",0.5093218784085269,0.46124710843681094,0.10842723537493515,0.011756465371051588,0.46124710843681094,0.10842723537493515,0.011756465371051588,-0.048074769971716,0.46124710843681094,0.10842723537493515,0.011756465371051588,-0.048074769971716,0.46124710843681094,,,0.0,4.0,0.27695969998603687,[],null,null,False,True,True,False,"[1, 1, 1]",,"[1, 1, 1]",,,,,,,,null,,2.0070062850600894,12.0,2.106761852292635e-05,0.9124429585212391,101.0,8.542344074506208e-09,1.0111324853239152,0.1379839660194999,297.0,0.16412437741238567,47.29742086623369,288.1803520716014,True,converged,3.1880405480562374e-06,False,8.0,1.0,0.08935679998830892,0.02371030001086183,0.6037400000204798,"[20260810, 4011364011, 2235565902, 1499620634, 1499620634, 2235565902, 1387497986, 1337576661]",b867e9855af0a3ac,610c7358dde2c1b141abb0f783ec54c402df554b,1.0,0.6527430465498641,2.199056079139955,0.843311660870007,0.843311660870007,0.5042505052828925,0.669224481879352,0.2505340232213059,0.843311660870007,0.09734551254598062,1.7419032262704592,0.8999999999999999,1.1,0.8,1.2,0.85,2.031384387633061,7.458653652209672,7.458653652209672,0.843311660870007,1.7419032262704592,5.169218052590561,5.169218052590561,9.0,1.0,1.541346347790328,True,971c4074dcc2cb1b4f8b7c513d64f7682d921def42fa236c709d0fb0cf18a2aa,theorem_covered,True,0.14142135623730953,0.1406753488648008,0.9947249312808392,,,,,,,,,,,,,,,,,,False
replication,b867e9855af0a3ac,3,50,50,3,fixed_rank,success,success,True,True,True,True,True,True,"[1, 1, 1]",,,,,7,dgp3_N50_T50_r00003_truth1-1-1,971c4074dcc2cb1b4f8b7c513d64f7682d921def42fa236c709d0fb0cf18a2aa,2.1469885999977123,,,B_fixed_time_mean,target,success,[],dgp3_N50_T50_r00003_truth1-1-1,success,"[1, 1, 1]",0.4568489627562126,0.5870850732274202,0.15614337215683796,0.024380752668508802,0.5870850732274202,0.15614337215683796,0.024380752668508802,0.1302361104712076,0.5870850732274202,0.15614337215683796,0.024380752668508802,0.1302361104712076,0.5870850732274202,,,0.0,4.0,0.27695969998603687,[],null,null,False,True,True,False,"[1, 1, 1]",,"[1, 1, 1]",,,,,,,,null,,2.0070062850600894,12.0,2.106761852292635e-05,0.9124429585212391,105.0,8.231415372442469e-09,1.1219474436487389,0.12313709413326693,297.0,0.16412437741238567,47.29742086623369,288.1803520716014,True,converged,5.6470509578397355e-05,False,8.0,1.0,0.08935679998830892,0.024915700021665543,0.6756805000186432,"[20260810, 4011364011, 2235565902, 1499620634, 1499620634, 2235565902, 1387497986, 1337576661]",b867e9855af0a3ac,610c7358dde2c1b141abb0f783ec54c402df554b,1.0,0.6527430465498641,2.199056079139955,0.843311660870007,0.843311660870007,0.5042505052828925,0.669224481879352,0.2505340232213059,0.843311660870007,0.09734551254598062,1.7419032262704592,0.8999999999999999,1.1,0.8,1.2,0.85,2.031384387633061,7.458653652209672,7.458653652209672,0.843311660870007,1.7419032262704592,5.169218052590561,5.169218052590561,9.0,1.0,1.541346347790328,True,971c4074dcc2cb1b4f8b7c513d64f7682d921def42fa236c709d0fb0cf18a2aa,theorem_covered,True,0.14142135623730953,0.13151694967588945,0.9299652695679133,,,,,,,,,,,,,,,,,,False
replication,b867e9855af0a3ac,3,50,50,3,fixed_rank,success,success,True,True,False,True,False,False,"[1, 1, 1]",,,,,7,dgp3_N50_T50_r00003_truth1-1-1,971c4074dcc2cb1b4f8b7c513d64f7682d921def42fa236c709d0fb0cf18a2aa,2.1469885999977123,,,A_full_mean,target,split_fit_failure,[],dgp3_N50_T50_r00003_truth1-1-1,split_fit_not_converged,"[1, 1, 1]",0.5042505052828926,0.5085153847162824,0.029284709581230153,0.0008575942152569932,0.48637109288997393,0.017142107710648665,0.0002938518567634804,-0.01787941239291868,0.5085153847162824,0.029284709581230153,0.0008575942152569932,0.004264879433389823,0.48637109288997393,0.46713284518593445,0.4834650487677048,4.0,4.0,0.27695969998603687,"[{""converged"": true, ""kind"": ""time"", ""max_envelope_ratio"": 0.9600571880850484, ""n"": 50, ""numerical_rank_vector"": [1, 1, 1], ""part"": 0, ""rank_supported"": true, ""riesz_converged"": true, ""riesz_equation_residual"": 8.888610702215535e-09, ""riesz_solver"": ""cg"", ""riesz_target_rayleigh_quotient"": 0.489585320603979, ""riesz_target_stable"": true, ""split_rank_singular_values"": [{""block"": ""A"", ""computational_rank_supported"": true, ""relative_rank_floor"": 1e-10, ""sigma_1"": 19.231476389273343, ""sigma_r"": 19.231476389273343, ""sigma_r_over_sigma_1"": 1.0, ""supplied_rank"": 1}, {""block"": ""B"", ""computational_rank_supported"": true, ""relative_rank_floor"": 1e-10, ""sigma_1"": 36.81588320165167, ""sigma_r"": 36.81588320165167, ""sigma_r_over_sigma_1"": 1.0, ""supplied_rank"": 1}, {""block"": ""H"", ""computational_rank_supported"": true, ""relative_rank_floor"": 1e-10, ""sigma_1"": 67.78172161603405, ""sigma_r"": 67.78172161603405, ""sigma_r_over_sigma_1"": 1.0, ""supplied_rank"": 1}], ""stationarity_residual"": 3.583606758273564e-05, ""t"": 25, ""tangent_gram_condition_number"": 236.29283595763204, ""tangent_gram_coordinate_dimension"": 222, ""tangent_gram_eigensolver_converged"": true, ""tangent_gram_eigensolver_status"": ""converged"", ""tangent_gram_largest_eigenvalue"": 50.818483471660464, ""tangent_gram_smallest_eigenvalue"": 0.2150656970436986, ""target_support_norm"": 0.014072769167226494, ""target_supported"": true}, {""converged"": true, ""kind"": ""time"", ""max_envelope_ratio"": 1.0131113803552785, ""n"": 50, ""numerical_rank_vector"": [1, 1, 1], ""part"": 1, ""rank_supported"": true, ""riesz_converged"": true, ""riesz_equation_residual"": 8.060102843554527e-09, ""riesz_solver"": ""cg"", ""riesz_target_rayleigh_quotient"": 0.6034210410475043, ""riesz_target_stable"": true, ""split_rank_singular_values"": [{""block"": ""A"", ""computational_rank_supported"": true, ""relative_rank_floor"": 1e-10, ""sigma_1"": 18.645476554030612, ""sigma_r"": 18.645476554030612, ""sigma_r_over_sigma_1"": 1.0, ""supplied_rank"": 1}, {""block"": ""B"", ""computational_rank_supported"": true, ""relative_rank_floor"": 1e-10, ""sigma_1"": 36.92057982763375, ""sigma_r"": 36.92057982763375, ""sigma_r_over_sigma_1"": 1.0, ""supplied_rank"": 1}, {""block"": ""H"", ""computational_rank_supported"": true, ""relative_rank_floor"": 1e-10, ""sigma_1"": 58.645485859073816, ""sigma_r"": 58.645485859073816, ""sigma_r_over_sigma_1"": 1.0, ""supplied_rank"": 1}], ""stationarity_residual"": 5.512087037953089e-05, ""t"": 25, ""tangent_gram_condition_number"": 171.04418836969361, ""tangent_gram_coordinate_dimension"": 222, ""tangent_gram_eigensolver_converged"": true, ""tangent_gram_eigensolver_status"": ""converged"", ""tangent_gram_largest_eigenvalue"": 44.56382949134682, ""tangent_gram_smallest_eigenvalue"": 0.2605398635060719, ""target_support_norm"": 0.01397299782348827, ""target_supported"": true}, {""converged"": true, ""kind"": ""unit"", ""max_envelope_ratio"": 1.1239960262391318, ""n"": 26, ""numerical_rank_vector"": [1, 1, 1], ""part"": 0, ""rank_supported"": true, ""riesz_converged"": true, ""riesz_equation_residual"": 9.381528190159363e-09, ""riesz_solver"": ""cg"", ""riesz_target_rayleigh_quotient"": 0.5406981811284054, ""riesz_target_stable"": true, ""split_rank_singular_values"": [{""block"": ""A"", ""computational_rank_supported"": true, ""relative_rank_floor"": 1e-10, ""sigma_1"": 19.596742647000216, ""sigma_r"": 19.596742647000216, ""sigma_r_over_sigma_1"": 1.0, ""supplied_rank"": 1}, {""block"": ""B"", ""computational_rank_supported"": true, ""relative_rank_floor"": 1e-10, ""sigma_1"": 37.131134512315775, ""sigma_r"": 37.131134512315775, ""sigma_r_over_sigma_1"": 1.0, ""supplied_rank"": 1}, {""block"": ""H"", ""computational_rank_supported"": true, ""relative_rank_floor"": 1e-10, ""sigma_1"": 66.57802578747433, ""sigma_r"": 66.57802578747433, ""sigma_r_over_sigma_1"": 1.0, ""supplied_rank"": 1}], ""stationarity_residual"": 4.5596469364419186e-05, ""t"": 50, ""tangent_gram_condition_number"": 287.7622511255022, ""tangent_gram_coordinate_dimension"": 225, ""tangent_gram_eigensolver_converged"": true, ""tangent_gram_eigensolver_status"": ""converged"", ""tangent_gram_largest_eigenvalue"": 48.5365457715843, ""tangent_gram_smallest_eigenvalue"": 0.16866891185951968, ""target_support_norm"": 0.014293862453942013, ""target_supported"": true}, {""converged"": true, ""kind"": ""unit"", ""max_envelope_ratio"": 1.0063920968953877, ""n"": 24, ""numerical_rank_vector"": [1, 1, 1], ""part"": 1, ""rank_supported"": true, ""riesz_converged"": true, ""riesz_equation_residual"": 6.425491950845727e-09, ""riesz_solver"": ""cg"", ""riesz_target_rayleigh_quotient"": 0.3710049445914018, ""riesz_target_stable"": true, ""split_rank_singular_values"": [{""block"": ""A"", ""computational_rank_supported"": true, ""relative_rank_floor"": 1e-10, ""sigma_1"": 20.129805496966288, ""sigma_r"": 20.129805496966288, ""sigma_r_over_sigma_1"": 1.0, ""supplied_rank"": 1}, {""block"": ""B"", ""computational_rank_supported"": true, ""relative_rank_floor"": 1e-10, ""sigma_1"": 36.78818944653408, ""sigma_r"": 36.78818944653408, ""sigma_r_over_sigma_1"": 1.0, ""supplied_rank"": 1}, {""block"": ""H"", ""computational_rank_supported"": true, ""relative_rank_floor"": 1e-10, ""sigma_1"": 66.35939706564162, ""sigma_r"": 66.35939706564162, ""sigma_r_over_sigma_1"": 1.0, ""supplied_rank"": 1}], ""stationarity_residual"": 4.583175933992142e-05, ""t"": 50, ""tangent_gram_condition_number"": 441.8613663045343, ""tangent_gram_coordinate_dimension"": 219, ""tangent_gram_eigensolver_converged"": true, ""tangent_gram_eigensolver_status"": ""converged"", ""tangent_gram_largest_eigenvalue"": 42.77608636103776, ""tangent_gram_smallest_eigenvalue"": 0.09680884010926666, ""target_support_norm"": 0.013794362558381278, ""target_supported"": true}]","[[0, 1, 3, 5, 9, 10, 13, 15, 16, 17, 18, 22, 23, 25, 27, 28, 30, 33, 34, 35, 39, 40, 41, 48, 49], [2, 4, 6, 7, 8, 11, 12, 14, 19, 20, 21, 24, 26, 29, 31, 32, 36, 37, 38, 42, 43, 44, 45, 46, 47]]","[[2, 3, 5, 7, 8, 9, 10, 14, 17, 18, 22, 23, 24, 25, 26, 27, 28, 29, 32, 35, 36, 38, 43, 44, 45, 48], [0, 1, 4, 6, 11, 12, 13, 15, 16, 19, 20, 21, 30, 31, 33, 34, 37, 39, 40, 41, 42, 46, 47, 49]]",False,False,False,True,"[1, 1, 1]",,"[1, 1, 1]",,,,,,,,null,,2.0070062850600894,12.0,2.106761852292635e-05,0.9124429585212391,108.0,7.840757805135089e-09,0.5504649444580515,0.019946528227944006,297.0,0.16412437741238567,47.29742086623369,288.1803520716014,True,converged,0.00019120945587916655,False,8.0,1.0,0.08935679998830892,0.0960324999759905,0.8115901999990456,"[20260810, 4011364011, 2235565902, 1499620634, 1499620634, 2235565902, 1387497986, 1337576661]",b867e9855af0a3ac,610c7358dde2c1b141abb0f783ec54c402df554b,1.0,0.6527430465498641,2.199056079139955,0.843311660870007,0.843311660870007,0.5042505052828925,0.669224481879352,0.2505340232213059,0.843311660870007,0.09734551254598062,1.7419032262704592,0.8999999999999999,1.1,0.8,1.2,0.85,2.031384387633061,7.458653652209672,7.458653652209672,0.843311660870007,1.7419032262704592,5.169218052590561,5.169218052590561,9.0,1.0,1.541346347790328,True,971c4074dcc2cb1b4f8b7c513d64f7682d921def42fa236c709d0fb0cf18a2aa,theorem_covered,True,0.01999999999999997,0.01999618255552243,0.9998091277761231,,,,,,,,,,,,,,,,,,False
replication,b867e9855af0a3ac,3,50,50,3,fixed_rank,success,success,True,True,False,True,False,False,"[1, 1, 1]",,,,,7,dgp3_N50_T50_r00003_truth1-1-1,971c4074dcc2cb1b4f8b7c513d64f7682d921def42fa236c709d0fb0cf18a2aa,2.1469885999977123,,,B_full_mean,target,split_fit_failure,[],dgp3_N50_T50_r00003_truth1-1-1,split_fit_not_converged,"[1, 1, 1]",0.6692244818793524,0.6899206254164445,0.06912228339084774,0.004777890061164665,0.6687497685164456,0.037634088933521076,0.0014163246498561735,-0.00047471336290672017,0.6899206254164445,0.06912228339084774,0.004777890061164665,0.02069614353709215,0.6687497685164456,0.6520706675390004,0.6642580125938919,4.0,4.0,0.27695969998603687,"[{""converged"": true, ""kind"": ""time"", ""max_envelope_ratio"": 0.9600571880850484, ""n"": 50, ""numerical_rank_vector"": [1, 1, 1], ""part"": 0, ""rank_supported"": true, ""riesz_converged"": true, ""riesz_equation_residual"": 8.027755767760502e-09, ""riesz_solver"": ""cg"", ""riesz_target_rayleigh_quotient"": 0.4425534012912467, ""riesz_target_stable"": true, ""split_rank_singular_values"": [{""block"": ""A"", ""computational_rank_supported"": true, ""relative_rank_floor"": 1e-10, ""sigma_1"": 19.231476389273343, ""sigma_r"": 19.231476389273343, ""sigma_r_over_sigma_1"": 1.0, ""supplied_rank"": 1}, {""block"": ""B"", ""computational_rank_supported"": true, ""relative_rank_floor"": 1e-10, ""sigma_1"": 36.81588320165167, ""sigma_r"": 36.81588320165167, ""sigma_r_over_sigma_1"": 1.0, ""supplied_rank"": 1}, {""block"": ""H"", ""computational_rank_supported"": true, ""relative_rank_floor"": 1e-10, ""sigma_1"": 67.78172161603405, ""sigma_r"": 67.78172161603405, ""sigma_r_over_sigma_1"": 1.0, ""supplied_rank"": 1}], ""stationarity_residual"": 3.583606758273564e-05, ""t"": 25, ""tangent_gram_condition_number"": 236.29283595763204, ""tangent_gram_coordinate_dimension"": 222, ""tangent_gram_eigensolver_converged"": true, ""tangent_gram_eigensolver_status"": ""converged"", ""tangent_gram_largest_eigenvalue"": 50.818483471660464, ""tangent_gram_smallest_eigenvalue"": 0.2150656970436986, ""target_support_norm"": 0.0126935542953486, ""target_supported"": true}, {""converged"": true, ""kind"": ""time"", ""max_envelope_ratio"": 1.0131113803552785, ""n"": 50, ""numerical_rank_vector"": [1, 1, 1], ""part"": 1, ""rank_supported"": true, ""riesz_converged"": true, ""riesz_equation_residual"": 8.06922855878958e-09, ""riesz_solver"": ""cg"", ""riesz_target_rayleigh_quotient"": 0.5363114471504735, ""riesz_target_stable"": true, ""split_rank_singular_values"": [{""block"": ""A"", ""computational_rank_supported"": true, ""relative_rank_floor"": 1e-10, ""sigma_1"": 18.645476554030612, ""sigma_r"": 18.645476554030612, ""sigma_r_over_sigma_1"": 1.0, ""supplied_rank"": 1}, {""block"": ""B"", ""computational_rank_supported"": true, ""relative_rank_floor"": 1e-10, ""sigma_1"": 36.92057982763375, ""sigma_r"": 36.92057982763375, ""sigma_r_over_sigma_1"": 1.0, ""supplied_rank"": 1}, {""block"": ""H"", ""computational_rank_supported"": true, ""relative_rank_floor"": 1e-10, ""sigma_1"": 58.645485859073816, ""sigma_r"": 58.645485859073816, ""sigma_r_over_sigma_1"": 1.0, ""supplied_rank"": 1}], ""stationarity_residual"": 5.512087037953089e-05, ""t"": 25, ""tangent_gram_condition_number"": 171.04418836969361, ""tangent_gram_coordinate_dimension"": 222, ""tangent_gram_eigensolver_converged"": true, ""tangent_gram_eigensolver_status"": ""converged"", ""tangent_gram_largest_eigenvalue"": 44.56382949134682, ""tangent_gram_smallest_eigenvalue"": 0.2605398635060719, ""target_support_norm"": 0.01367428314495142, ""target_supported"": true}, {""converged"": true, ""kind"": ""unit"", ""max_envelope_ratio"": 1.1239960262391318, ""n"": 26, ""numerical_rank_vector"": [1, 1, 1], ""part"": 0, ""rank_supported"": true, ""riesz_converged"": true, ""riesz_equation_residual"": 9.655753023594312e-09, ""riesz_solver"": ""cg"", ""riesz_target_rayleigh_quotient"": 0.5136424834632293, ""riesz_target_stable"": true, ""split_rank_singular_values"": [{""block"": ""A"", ""computational_rank_supported"": true, ""relative_rank_floor"": 1e-10, ""sigma_1"": 19.596742647000216, ""sigma_r"": 19.596742647000216, ""sigma_r_over_sigma_1"": 1.0, ""supplied_rank"": 1}, {""block"": ""B"", ""computational_rank_supported"": true, ""relative_rank_floor"": 1e-10, ""sigma_1"": 37.131134512315775, ""sigma_r"": 37.131134512315775, ""sigma_r_over_sigma_1"": 1.0, ""supplied_rank"": 1}, {""block"": ""H"", ""computational_rank_supported"": true, ""relative_rank_floor"": 1e-10, ""sigma_1"": 66.57802578747433, ""sigma_r"": 66.57802578747433, ""sigma_r_over_sigma_1"": 1.0, ""supplied_rank"": 1}], ""stationarity_residual"": 4.5596469364419186e-05, ""t"": 50, ""tangent_gram_condition_number"": 287.7622511255022, ""tangent_gram_coordinate_dimension"": 225, ""tangent_gram_eigensolver_converged"": true, ""tangent_gram_eigensolver_status"": ""converged"", ""tangent_gram_largest_eigenvalue"": 48.5365457715843, ""tangent_gram_smallest_eigenvalue"": 0.16866891185951968, ""target_support_norm"": 0.013631329232449614, ""target_supported"": true}, {""converged"": true, ""kind"": ""unit"", ""max_envelope_ratio"": 1.0063920968953877, ""n"": 24, ""numerical_rank_vector"": [1, 1, 1], ""part"": 1, ""rank_supported"": true, ""riesz_converged"": true, ""riesz_equation_residual"": 9.89957567770644e-09, ""riesz_solver"": ""cg"", ""riesz_target_rayleigh_quotient"": 0.4265819113776579, ""riesz_target_stable"": true, ""split_rank_singular_values"": [{""block"": ""A"", ""computational_rank_supported"": true, ""relative_rank_floor"": 1e-10, ""sigma_1"": 20.129805496966288, ""sigma_r"": 20.129805496966288, ""sigma_r_over_sigma_1"": 1.0, ""supplied_rank"": 1}, {""block"": ""B"", ""computational_rank_supported"": true, ""relative_rank_floor"": 1e-10, ""sigma_1"": 36.78818944653408, ""sigma_r"": 36.78818944653408, ""sigma_r_over_sigma_1"": 1.0, ""supplied_rank"": 1}, {""block"": ""H"", ""computational_rank_supported"": true, ""relative_rank_floor"": 1e-10, ""sigma_1"": 66.35939706564162, ""sigma_r"": 66.35939706564162, ""sigma_r_over_sigma_1"": 1.0, ""supplied_rank"": 1}], ""stationarity_residual"": 4.583175933992142e-05, ""t"": 50, ""tangent_gram_condition_number"": 441.8613663045343, ""tangent_gram_coordinate_dimension"": 219, ""tangent_gram_eigensolver_converged"": true, ""tangent_gram_eigensolver_status"": ""converged"", ""tangent_gram_largest_eigenvalue"": 42.77608636103776, ""tangent_gram_smallest_eigenvalue"": 0.09680884010926666, ""target_support_norm"": 0.012786575516339676, ""target_supported"": true}]","[[0, 1, 3, 5, 9, 10, 13, 15, 16, 17, 18, 22, 23, 25, 27, 28, 30, 33, 34, 35, 39, 40, 41, 48, 49], [2, 4, 6, 7, 8, 11, 12, 14, 19, 20, 21, 24, 26, 29, 31, 32, 36, 37, 38, 42, 43, 44, 45, 46, 47]]","[[2, 3, 5, 7, 8, 9, 10, 14, 17, 18, 22, 23, 24, 25, 26, 27, 28, 29, 32, 35, 36, 38, 43, 44, 45, 48], [0, 1, 4, 6, 11, 12, 13, 15, 16, 19, 20, 21, 30, 31, 33, 34, 37, 39, 40, 41, 42, 46, 47, 49]]",False,False,False,True,"[1, 1, 1]",,"[1, 1, 1]",,,,,,,,null,,2.0070062850600894,12.0,2.106761852292635e-05,0.9124429585212391,111.0,6.978325248125347e-09,0.5847673698730393,0.01940777328333956,297.0,0.16412437741238567,47.29742086623369,288.1803520716014,True,converged,0.00014991551954479722,False,8.0,1.0,0.08935679998830892,0.09047429999918677,0.9427232000161894,"[20260810, 4011364011, 2235565902, 1499620634, 1499620634, 2235565902, 1387497986, 1337576661]",b867e9855af0a3ac,610c7358dde2c1b141abb0f783ec54c402df554b,1.0,0.6527430465498641,2.199056079139955,0.843311660870007,0.843311660870007,0.5042505052828925,0.669224481879352,0.2505340232213059,0.843311660870007,0.09734551254598062,1.7419032262704592,0.8999999999999999,1.1,0.8,1.2,0.85,2.031384387633061,7.458653652209672,7.458653652209672,0.843311660870007,1.7419032262704592,5.169218052590561,5.169218052590561,9.0,1.0,1.541346347790328,True,971c4074dcc2cb1b4f8b7c513d64f7682d921def42fa236c709d0fb0cf18a2aa,theorem_covered,True,0.01999999999999997,0.019925492280722212,0.9962746140361122,,,,,,,,,,,,,,,,,,False
replication,b867e9855af0a3ac,3,50,50,3,fixed_rank,success,success,True,True,True,True,True,True,"[1, 1, 1]",,,,,7,dgp3_N50_T50_r00003_truth1-1-1,971c4074dcc2cb1b4f8b7c513d64f7682d921def42fa236c709d0fb0cf18a2aa,2.1469885999977123,,,A_G1_fixed_time,target,success,[],dgp3_N50_T50_r00003_truth1-1-1,success,"[1, 1, 1]",0.5120944257108739,0.45724331214768077,0.10856591911255437,0.011786558792753697,0.45724331214768077,0.10856591911255437,0.011786558792753697,-0.054851113563193166,0.45724331214768077,0.10856591911255437,0.011786558792753697,-0.054851113563193166,0.45724331214768077,,,0.0,4.0,0.27695969998603687,[],null,null,False,True,True,False,"[1, 1, 1]",,"[1, 1, 1]",,,,,,,,null,,2.0070062850600894,12.0,2.106761852292635e-05,0.9124429585212391,101.0,7.67254156830561e-09,1.0344345940768473,0.13797240921172854,297.0,0.16412437741238567,47.29742086623369,288.1803520716014,True,converged,7.446111523419215e-06,False,8.0,1.0,0.08935679998830892,0.021415600000182167,1.0788288000039756,"[20260810, 4011364011, 2235565902, 1499620634, 1499620634, 2235565902, 1387497986, 1337576661]",b867e9855af0a3ac,610c7358dde2c1b141abb0f783ec54c402df554b,1.0,0.6527430465498641,2.199056079139955,0.843311660870007,0.843311660870007,0.5042505052828925,0.669224481879352,0.2505340232213059,0.843311660870007,0.09734551254598062,1.7419032262704592,0.8999999999999999,1.1,0.8,1.2,0.85,2.031384387633061,7.458653652209672,7.458653652209672,0.843311660870007,1.7419032262704592,5.169218052590561,5.169218052590561,9.0,1.0,1.541346347790328,True,971c4074dcc2cb1b4f8b7c513d64f7682d921def42fa236c709d0fb0cf18a2aa,theorem_covered,True,0.2,0.1428106105010328,0.7140530525051639,,,,,,,,,,,,,,,,,,False
replication,b867e9855af0a3ac,3,50,50,3,fixed_rank,success,success,True,True,True,True,True,True,"[1, 1, 1]",,,,,7,dgp3_N50_T50_r00003_truth1-1-1,971c4074dcc2cb1b4f8b7c513d64f7682d921def42fa236c709d0fb0cf18a2aa,2.1469885999977123,,,A_G2_fixed_time,target,success,[],dgp3_N50_T50_r00003_truth1-1-1,success,"[1, 1, 1]",0.50654933110618,0.465250904725941,0.10942280768059381,0.01197335084070422,0.465250904725941,0.10942280768059381,0.01197335084070422,-0.04129842638023895,0.465250904725941,0.10942280768059381,0.01197335084070422,-0.04129842638023895,0.465250904725941,,,0.0,4.0,0.27695969998603687,[],null,null,False,True,True,False,"[1, 1, 1]",,"[1, 1, 1]",,,,,,,,null,,2.0070062850600894,12.0,2.106761852292635e-05,0.9124429585212391,102.0,8.930554549215077e-09,1.013257936138527,0.1403080325199806,297.0,0.16412437741238567,47.29742086623369,288.1803520716014,True,converged,1.0510752288920798e-06,False,8.0,1.0,0.08935679998830892,0.020313700020778924,1.1549603000166826,"[20260810, 4011364011, 2235565902, 1499620634, 1499620634, 2235565902, 1387497986, 1337576661]",b867e9855af0a3ac,610c7358dde2c1b141abb0f783ec54c402df554b,1.0,0.6527430465498641,2.199056079139955,0.843311660870007,0.843311660870007,0.5042505052828925,0.669224481879352,0.2505340232213059,0.843311660870007,0.09734551254598062,1.7419032262704592,0.8999999999999999,1.1,0.8,1.2,0.85,2.031384387633061,7.458653652209672,7.458653652209672,0.843311660870007,1.7419032262704592,5.169218052590561,5.169218052590561,9.0,1.0,1.541346347790328,True,971c4074dcc2cb1b4f8b7c513d64f7682d921def42fa236c709d0fb0cf18a2aa,theorem_covered,True,0.2,0.14132421671625778,0.7066210835812888,,,,,,,,,,,,,,,,,,False
replication,b867e9855af0a3ac,3,50,50,3,fixed_rank,success,success,True,True,True,True,True,True,"[1, 1, 1]",,,,,7,dgp3_N50_T50_r00003_truth1-1-1,971c4074dcc2cb1b4f8b7c513d64f7682d921def42fa236c709d0fb0cf18a2aa,2.1469885999977123,,,A_G2_minus_G1_fixed_time,target,success,[],dgp3_N50_T50_r00003_truth1-1-1,success,"[1, 1, 1]",-0.005545094604693882,0.008007592578260218,0.022225161330771032,0.0004939577961788,0.008007592578260218,0.022225161330771032,0.0004939577961788,0.0135526871829541,0.008007592578260218,0.022225161330771032,0.0004939577961788,0.0135526871829541,0.008007592578260218,,,0.0,4.0,0.27695969998603687,[],null,null,False,False,True,False,"[1, 1, 1]",,"[1, 1, 1]",,,,,,,,null,,2.0070062850600894,12.0,2.106761852292635e-05,0.9124429585212391,105.0,8.007208239564898e-09,2.20449841482992,0.03587701036529097,297.0,0.16412437741238567,47.29742086623369,288.1803520716014,True,converged,2.8194385296516458e-05,False,8.0,1.0,0.08935679998830892,0.020742099994095042,1.2118975000048522,"[20260810, 4011364011, 2235565902, 1499620634, 1499620634, 2235565902, 1387497986, 1337576661]",b867e9855af0a3ac,610c7358dde2c1b141abb0f783ec54c402df554b,1.0,0.6527430465498641,2.199056079139955,0.843311660870007,0.843311660870007,0.5042505052828925,0.669224481879352,0.2505340232213059,0.843311660870007,0.09734551254598062,1.7419032262704592,0.8999999999999999,1.1,0.8,1.2,0.85,2.031384387633061,7.458653652209672,7.458653652209672,0.843311660870007,1.7419032262704592,5.169218052590561,5.169218052590561,9.0,1.0,1.541346347790328,True,971c4074dcc2cb1b4f8b7c513d64f7682d921def42fa236c709d0fb0cf18a2aa,weak_target_stress_outside_assumption9,False,0.28284271247461906,0.039706350768477144,0.14038314942280933,,,,,,,,,,,,,,,,,,False
replication,b867e9855af0a3ac,3,50,50,3,fixed_rank,success,success,True,True,False,True,False,False,"[1, 1, 1]",,,,,7,dgp3_N50_T50_r00003_truth1-1-1,971c4074dcc2cb1b4f8b7c513d64f7682d921def42fa236c709d0fb0cf18a2aa,2.1469885999977123,,,A_G1_time_average,target,split_fit_failure,[],dgp3_N50_T50_r00003_truth1-1-1,split_fit_not_converged,"[1, 1, 1]",0.5069954460313593,0.5185482080819458,0.036897915425096635,0.0013614561627175842,0.4821492110803456,0.020693658559153064,0.0004282275045628089,-0.02484623495101368,0.5185482080819458,0.036897915425096635,0.0013614561627175842,0.01155276205058653,0.4821492110803456,0.45341830286585694,0.474481122293234,4.0,4.0,0.27695969998603687,"[{""converged"": true, ""kind"": ""time"", ""max_envelope_ratio"": 0.9600571880850484, ""n"": 50, ""numerical_rank_vector"": [1, 1, 1], ""part"": 0, ""rank_supported"": true, ""riesz_converged"": true, ""riesz_equation_residual"": 9.473516366616535e-09, ""riesz_solver"": ""cg"", ""riesz_target_rayleigh_quotient"": 0.6739339946585173, ""riesz_target_stable"": true, ""split_rank_singular_values"": [{""block"": ""A"", ""computational_rank_supported"": true, ""relative_rank_floor"": 1e-10, ""sigma_1"": 19.231476389273343, ""sigma_r"": 19.231476389273343, ""sigma_r_over_sigma_1"": 1.0, ""supplied_rank"": 1}, {""block"": ""B"", ""computational_rank_supported"": true, ""relative_rank_floor"": 1e-10, ""sigma_1"": 36.81588320165167, ""sigma_r"": 36.81588320165167, ""sigma_r_over_sigma_1"": 1.0, ""supplied_rank"": 1}, {""block"": ""H"", ""computational_rank_supported"": true, ""relative_rank_floor"": 1e-10, ""sigma_1"": 67.78172161603405, ""sigma_r"": 67.78172161603405, ""sigma_r_over_sigma_1"": 1.0, ""supplied_rank"": 1}], ""stationarity_residual"": 3.583606758273564e-05, ""t"": 25, ""tangent_gram_condition_number"": 236.29283595763204, ""tangent_gram_coordinate_dimension"": 222, ""tangent_gram_eigensolver_converged"": true, ""tangent_gram_eigensolver_status"": ""converged"", ""tangent_gram_largest_eigenvalue"": 50.818483471660464, ""tangent_gram_smallest_eigenvalue"": 0.2150656970436986, ""target_support_norm"": 0.019280034675108717, ""target_supported"": true}, {""converged"": true, ""kind"": ""time"", ""max_envelope_ratio"": 1.0131113803552785, ""n"": 50, ""numerical_rank_vector"": [1, 1, 1], ""part"": 1, ""rank_supported"": true, ""riesz_converged"": true, ""riesz_equation_residual"": 9.727267813627231e-09, ""riesz_solver"": ""cg"", ""riesz_target_rayleigh_quotient"": 0.8181661804936972, ""riesz_target_stable"": true, ""split_rank_singular_values"": [{""block"": ""A"", ""computational_rank_supported"": true, ""relative_rank_floor"": 1e-10, ""sigma_1"": 18.645476554030612, ""sigma_r"": 18.645476554030612, ""sigma_r_over_sigma_1"": 1.0, ""supplied_rank"": 1}, {""block"": ""B"", ""computational_rank_supported"": true, ""relative_rank_floor"": 1e-10, ""sigma_1"": 36.92057982763375, ""sigma_r"": 36.92057982763375, ""sigma_r_over_sigma_1"": 1.0, ""supplied_rank"": 1}, {""block"": ""H"", ""computational_rank_supported"": true, ""relative_rank_floor"": 1e-10, ""sigma_1"": 58.645485859073816, ""sigma_r"": 58.645485859073816, ""sigma_r_over_sigma_1"": 1.0, ""supplied_rank"": 1}], ""stationarity_residual"": 5.512087037953089e-05, ""t"": 25, ""tangent_gram_condition_number"": 171.04418836969361, ""tangent_gram_coordinate_dimension"": 222, ""tangent_gram_eigensolver_converged"": true, ""tangent_gram_eigensolver_status"": ""converged"", ""tangent_gram_largest_eigenvalue"": 44.56382949134682, ""tangent_gram_smallest_eigenvalue"": 0.2605398635060719, ""target_support_norm"": 0.019203720008473448, ""target_supported"": true}, {""converged"": true, ""kind"": ""unit"", ""max_envelope_ratio"": 1.1239960262391318, ""n"": 26, ""numerical_rank_vector"": [1, 1, 1], ""part"": 0, ""rank_supported"": true, ""riesz_converged"": true, ""riesz_equation_residual"": 7.965073289675232e-09, ""riesz_solver"": ""cg"", ""riesz_target_rayleigh_quotient"": 0.655100503466234, ""riesz_target_stable"": true, ""split_rank_singular_values"": [{""block"": ""A"", ""computational_rank_supported"": true, ""relative_rank_floor"": 1e-10, ""sigma_1"": 19.596742647000216, ""sigma_r"": 19.596742647000216, ""sigma_r_over_sigma_1"": 1.0, ""supplied_rank"": 1}, {""block"": ""B"", ""computational_rank_supported"": true, ""relative_rank_floor"": 1e-10, ""sigma_1"": 37.131134512315775, ""sigma_r"": 37.131134512315775, ""sigma_r_over_sigma_1"": 1.0, ""supplied_rank"": 1}, {""block"": ""H"", ""computational_rank_supported"": true, ""relative_rank_floor"": 1e-10, ""sigma_1"": 66.57802578747433, ""sigma_r"": 66.57802578747433, ""sigma_r_over_sigma_1"": 1.0, ""supplied_rank"": 1}], ""stationarity_residual"": 4.5596469364419186e-05, ""t"": 50, ""tangent_gram_condition_number"": 287.7622511255022, ""tangent_gram_coordinate_dimension"": 225, ""tangent_gram_eigensolver_converged"": true, ""tangent_gram_eigensolver_status"": ""converged"", ""tangent_gram_largest_eigenvalue"": 48.5365457715843, ""tangent_gram_smallest_eigenvalue"": 0.16866891185951968, ""target_support_norm"": 0.019295317231363615, ""target_supported"": true}, {""converged"": true, ""kind"": ""unit"", ""max_envelope_ratio"": 1.0063920968953877, ""n"": 24, ""numerical_rank_vector"": [1, 1, 1], ""part"": 1, ""rank_supported"": true, ""riesz_converged"": true, ""riesz_equation_residual"": 9.884757146735135e-09, ""riesz_solver"": ""cg"", ""riesz_target_rayleigh_quotient"": 0.5512253791931477, ""riesz_target_stable"": true, ""split_rank_singular_values"": [{""block"": ""A"", ""computational_rank_supported"": true, ""relative_rank_floor"": 1e-10, ""sigma_1"": 20.129805496966288, ""sigma_r"": 20.129805496966288, ""sigma_r_over_sigma_1"": 1.0, ""supplied_rank"": 1}, {""block"": ""B"", ""computational_rank_supported"": true, ""relative_rank_floor"": 1e-10, ""sigma_1"": 36.78818944653408, ""sigma_r"": 36.78818944653408, ""sigma_r_over_sigma_1"": 1.0, ""supplied_rank"": 1}, {""block"": ""H"", ""computational_rank_supported"": true, ""relative_rank_floor"": 1e-10, ""sigma_1"": 66.35939706564162, ""sigma_r"": 66.35939706564162, ""sigma_r_over_sigma_1"": 1.0, ""supplied_rank"": 1}], ""stationarity_residual"": 4.583175933992142e-05, ""t"": 50, ""tangent_gram_condition_number"": 441.8613663045343, ""tangent_gram_coordinate_dimension"": 219, ""tangent_gram_eigensolver_converged"": true, ""tangent_gram_eigensolver_status"": ""converged"", ""tangent_gram_largest_eigenvalue"": 42.77608636103776, ""tangent_gram_smallest_eigenvalue"": 0.09680884010926666, ""target_support_norm"": 0.018382801893666628, ""target_supported"": true}]","[[0, 1, 3, 5, 9, 10, 13, 15, 16, 17, 18, 22, 23, 25, 27, 28, 30, 33, 34, 35, 39, 40, 41, 48, 49], [2, 4, 6, 7, 8, 11, 12, 14, 19, 20, 21, 24, 26, 29, 31, 32, 36, 37, 38, 42, 43, 44, 45, 46, 47]]","[[2, 3, 5, 7, 8, 9, 10, 14, 17, 18, 22, 23, 24, 25, 26, 27, 28, 29, 32, 35, 36, 38, 43, 44, 45, 48], [0, 1, 4, 6, 11, 12, 13, 15, 16, 19, 20, 21, 30, 31, 33, 34, 37, 39, 40, 41, 42, 46, 47, 49]]",False,False,False,True,"[1, 1, 1]",,"[1, 1, 1]",,,,,,,,null,,2.0070062850600894,12.0,2.106761852292635e-05,0.9124429585212391,108.0,6.128795216765926e-09,0.8115100729392173,0.027447702095602725,297.0,0.16412437741238567,47.29742086623369,288.1803520716014,True,converged,0.0001773856987873581,False,8.0,1.0,0.08935679998830892,0.0768837999785319,1.317128099995898,"[20260810, 4011364011, 2235565902, 1499620634, 1499620634, 2235565902, 1387497986, 1337576661]",b867e9855af0a3ac,610c7358dde2c1b141abb0f783ec54c402df554b,1.0,0.6527430465498641,2.199056079139955,0.843311660870007,0.843311660870007,0.5042505052828925,0.669224481879352,0.2505340232213059,0.843311660870007,0.09734551254598062,1.7419032262704592,0.8999999999999999,1.1,0.8,1.2,0.85,2.031384387633061,7.458653652209672,7.458653652209672,0.843311660870007,1.7419032262704592,5.169218052590561,5.169218052590561,9.0,1.0,1.541346347790328,True,971c4074dcc2cb1b4f8b7c513d64f7682d921def42fa236c709d0fb0cf18a2aa,theorem_covered,True,0.028284271247461912,0.028031697449242967,0.991070167726467,,,,,,,,,,,,,,,,,,False
replication,b867e9855af0a3ac,3,50,50,3,fixed_rank,success,success,True,True,False,True,False,False,"[1, 1, 1]",,,,,7,dgp3_N50_T50_r00003_truth1-1-1,971c4074dcc2cb1b4f8b7c513d64f7682d921def42fa236c709d0fb0cf18a2aa,2.1469885999977123,,,A_G2_time_average,target,split_fit_failure,[],dgp3_N50_T50_r00003_truth1-1-1,split_fit_not_converged,"[1, 1, 1]",0.5015055645344259,0.49848256135061936,0.034549724083178926,0.001193683434223794,0.4905929746996023,0.02083911765165823,0.00043426882449965363,-0.010912589834823572,0.49848256135061936,0.034549724083178926,0.001193683434223794,-0.003023003183806494,0.4905929746996023,0.480847387506012,0.4924489752421755,4.0,4.0,0.27695969998603687,"[{""converged"": true, ""kind"": ""time"", ""max_envelope_ratio"": 0.9600571880850484, ""n"": 50, ""numerical_rank_vector"": [1, 1, 1], ""part"": 0, ""rank_supported"": true, ""riesz_converged"": true, ""riesz_equation_residual"": 8.209785955273917e-09, ""riesz_solver"": ""cg"", ""riesz_target_rayleigh_quotient"": 0.6432247159128729, ""riesz_target_stable"": true, ""split_rank_singular_values"": [{""block"": ""A"", ""computational_rank_supported"": true, ""relative_rank_floor"": 1e-10, ""sigma_1"": 19.231476389273343, ""sigma_r"": 19.231476389273343, ""sigma_r_over_sigma_1"": 1.0, ""supplied_rank"": 1}, {""block"": ""B"", ""computational_rank_supported"": true, ""relative_rank_floor"": 1e-10, ""sigma_1"": 36.81588320165167, ""sigma_r"": 36.81588320165167, ""sigma_r_over_sigma_1"": 1.0, ""supplied_rank"": 1}, {""block"": ""H"", ""computational_rank_supported"": true, ""relative_rank_floor"": 1e-10, ""sigma_1"": 67.78172161603405, ""sigma_r"": 67.78172161603405, ""sigma_r_over_sigma_1"": 1.0, ""supplied_rank"": 1}], ""stationarity_residual"": 3.583606758273564e-05, ""t"": 25, ""tangent_gram_condition_number"": 236.29283595763204, ""tangent_gram_coordinate_dimension"": 222, ""tangent_gram_eigensolver_converged"": true, ""tangent_gram_eigensolver_status"": ""converged"", ""tangent_gram_largest_eigenvalue"": 50.818483471660464, ""tangent_gram_smallest_eigenvalue"": 0.2150656970436986, ""target_support_norm"": 0.019420848076422605, ""target_supported"": true}, {""converged"": true, ""kind"": ""time"", ""max_envelope_ratio"": 1.0131113803552785, ""n"": 50, ""numerical_rank_vector"": [1, 1, 1], ""part"": 1, ""rank_supported"": true, ""riesz_converged"": true, ""riesz_equation_residual"": 9.5122429865556e-09, ""riesz_solver"": ""cg"", ""riesz_target_rayleigh_quotient"": 0.8046693624934531, ""riesz_target_stable"": true, ""split_rank_singular_values"": [{""block"": ""A"", ""computational_rank_supported"": true, ""relative_rank_floor"": 1e-10, ""sigma_1"": 18.645476554030612, ""sigma_r"": 18.645476554030612, ""sigma_r_over_sigma_1"": 1.0, ""supplied_rank"": 1}, {""block"": ""B"", ""computational_rank_supported"": true, ""relative_rank_floor"": 1e-10, ""sigma_1"": 36.92057982763375, ""sigma_r"": 36.92057982763375, ""sigma_r_over_sigma_1"": 1.0, ""supplied_rank"": 1}, {""block"": ""H"", ""computational_rank_supported"": true, ""relative_rank_floor"": 1e-10, ""sigma_1"": 58.645485859073816, ""sigma_r"": 58.645485859073816, ""sigma_r_over_sigma_1"": 1.0, ""supplied_rank"": 1}], ""stationarity_residual"": 5.512087037953089e-05, ""t"": 25, ""tangent_gram_condition_number"": 171.04418836969361, ""tangent_gram_coordinate_dimension"": 222, ""tangent_gram_eigensolver_converged"": true, ""tangent_gram_eigensolver_status"": ""converged"", ""tangent_gram_largest_eigenvalue"": 44.56382949134682, ""tangent_gram_smallest_eigenvalue"": 0.2605398635060719, ""target_support_norm"": 0.0191869859241444, ""target_supported"": true}, {""converged"": true, ""kind"": ""unit"", ""max_envelope_ratio"": 1.1239960262391318, ""n"": 26, ""numerical_rank_vector"": [1, 1, 1], ""part"": 0, ""rank_supported"": true, ""riesz_converged"": true, ""riesz_equation_residual"": 7.533725655570382e-09, ""riesz_solver"": ""cg"", ""riesz_target_rayleigh_quotient"": 0.7957408145166588, ""riesz_target_stable"": true, ""split_rank_singular_values"": [{""block"": ""A"", ""computational_rank_supported"": true, ""relative_rank_floor"": 1e-10, ""sigma_1"": 19.596742647000216, ""sigma_r"": 19.596742647000216, ""sigma_r_over_sigma_1"": 1.0, ""supplied_rank"": 1}, {""block"": ""B"", ""computational_rank_supported"": true, ""relative_rank_floor"": 1e-10, ""sigma_1"": 37.131134512315775, ""sigma_r"": 37.131134512315775, ""sigma_r_over_sigma_1"": 1.0, ""supplied_rank"": 1}, {""block"": ""H"", ""computational_rank_supported"": true, ""relative_rank_floor"": 1e-10, ""sigma_1"": 66.57802578747433, ""sigma_r"": 66.57802578747433, ""sigma_r_over_sigma_1"": 1.0, ""supplied_rank"": 1}], ""stationarity_residual"": 4.5596469364419186e-05, ""t"": 50, ""tangent_gram_condition_number"": 287.7622511255022, ""tangent_gram_coordinate_dimension"": 225, ""tangent_gram_eigensolver_converged"": true, ""tangent_gram_eigensolver_status"": ""converged"", ""tangent_gram_largest_eigenvalue"": 48.5365457715843, ""tangent_gram_smallest_eigenvalue"": 0.16866891185951968, ""target_support_norm"": 0.01935515331529359, ""target_supported"": true}, {""converged"": true, ""kind"": ""unit"", ""max_envelope_ratio"": 1.0063920968953877, ""n"": 24, ""numerical_rank_vector"": [1, 1, 1], ""part"": 1, ""rank_supported"": true, ""riesz_converged"": true, ""riesz_equation_residual"": 9.233514725241e-09, ""riesz_solver"": ""cg"", ""riesz_target_rayleigh_quotient"": 0.45476115439364356, ""riesz_target_stable"": true, ""split_rank_singular_values"": [{""block"": ""A"", ""computational_rank_supported"": true, ""relative_rank_floor"": 1e-10, ""sigma_1"": 20.129805496966288, ""sigma_r"": 20.129805496966288, ""sigma_r_over_sigma_1"": 1.0, ""supplied_rank"": 1}, {""block"": ""B"", ""computational_rank_supported"": true, ""relative_rank_floor"": 1e-10, ""sigma_1"": 36.78818944653408, ""sigma_r"": 36.78818944653408, ""sigma_r_over_sigma_1"": 1.0, ""supplied_rank"": 1}, {""block"": ""H"", ""computational_rank_supported"": true, ""relative_rank_floor"": 1e-10, ""sigma_1"": 66.35939706564162, ""sigma_r"": 66.35939706564162, ""sigma_r_over_sigma_1"": 1.0, ""supplied_rank"": 1}], ""stationarity_residual"": 4.583175933992142e-05, ""t"": 50, ""tangent_gram_condition_number"": 441.8613663045343, ""tangent_gram_coordinate_dimension"": 219, ""tangent_gram_eigensolver_converged"": true, ""tangent_gram_eigensolver_status"": ""converged"", ""tangent_gram_largest_eigenvalue"": 42.77608636103776, ""tangent_gram_smallest_eigenvalue"": 0.09680884010926666, ""target_support_norm"": 0.018474995163586777, ""target_supported"": true}]","[[0, 1, 3, 5, 9, 10, 13, 15, 16, 17, 18, 22, 23, 25, 27, 28, 30, 33, 34, 35, 39, 40, 41, 48, 49], [2, 4, 6, 7, 8, 11, 12, 14, 19, 20, 21, 24, 26, 29, 31, 32, 36, 37, 38, 42, 43, 44, 45, 46, 47]]","[[2, 3, 5, 7, 8, 9, 10, 14, 17, 18, 22, 23, 24, 25, 26, 27, 28, 29, 32, 35, 36, 38, 43, 44, 45, 48], [0, 1, 4, 6, 11, 12, 13, 15, 16, 19, 20, 21, 30, 31, 33, 34, 37, 39, 40, 41, 42, 46, 47, 49]]",False,False,False,True,"[1, 1, 1]",,"[1, 1, 1]",,,,,,,,null,,2.0070062850600894,12.0,2.106761852292635e-05,0.9124429585212391,108.0,5.298873745307853e-09,0.7155060575429565,0.027474021825626322,297.0,0.16412437741238567,47.29742086623369,288.1803520716014,True,converged,0.00013082490433616667,False,8.0,1.0,0.08935679998830892,0.08419129997491837,1.430821999994805,"[20260810, 4011364011, 2235565902, 1499620634, 1499620634, 2235565902, 1387497986, 1337576661]",b867e9855af0a3ac,610c7358dde2c1b141abb0f783ec54c402df554b,1.0,0.6527430465498641,2.199056079139955,0.843311660870007,0.843311660870007,0.5042505052828925,0.669224481879352,0.2505340232213059,0.843311660870007,0.09734551254598062,1.7419032262704592,0.8999999999999999,1.1,0.8,1.2,0.85,2.031384387633061,7.458653652209672,7.458653652209672,0.843311660870007,1.7419032262704592,5.169218052590561,5.169218052590561,9.0,1.0,1.541346347790328,True,971c4074dcc2cb1b4f8b7c513d64f7682d921def42fa236c709d0fb0cf18a2aa,theorem_covered,True,0.028284271247461912,0.028026231426425373,0.990876914636445,,,,,,,,,,,,,,,,,,False
replication,b867e9855af0a3ac,3,50,50,3,fixed_rank,success,success,True,True,False,True,False,False,"[1, 1, 1]",,,,,7,dgp3_N50_T50_r00003_truth1-1-1,971c4074dcc2cb1b4f8b7c513d64f7682d921def42fa236c709d0fb0cf18a2aa,2.1469885999977123,,,A_G2_minus_G1_time_average,target,split_fit_failure,[],dgp3_N50_T50_r00003_truth1-1-1,split_fit_not_converged,"[1, 1, 1]",-0.005489881496933411,-0.02006564673132662,0.040986611630544345,0.0016799023329530727,0.008443763619256637,0.023443234252820185,0.0005495852322326016,0.013933645116190049,-0.02006564673132662,0.040986611630544345,0.0016799023329530727,-0.014575765234393209,0.008443763619256637,0.027429084640155064,0.017967852948941467,4.0,4.0,0.27695969998603687,"[{""converged"": true, ""kind"": ""time"", ""max_envelope_ratio"": 0.9600571880850484, ""n"": 50, ""numerical_rank_vector"": [1, 1, 1], ""part"": 0, ""rank_supported"": true, ""riesz_converged"": true, ""riesz_equation_residual"": 9.13025824213162e-09, ""riesz_solver"": ""cg"", ""riesz_target_rayleigh_quotient"": 1.7317648880944931, ""riesz_target_stable"": true, ""split_rank_singular_values"": [{""block"": ""A"", ""computational_rank_supported"": true, ""relative_rank_floor"": 1e-10, ""sigma_1"": 19.231476389273343, ""sigma_r"": 19.231476389273343, ""sigma_r_over_sigma_1"": 1.0, ""supplied_rank"": 1}, {""block"": ""B"", ""computational_rank_supported"": true, ""relative_rank_floor"": 1e-10, ""sigma_1"": 36.81588320165167, ""sigma_r"": 36.81588320165167, ""sigma_r_over_sigma_1"": 1.0, ""supplied_rank"": 1}, {""block"": ""H"", ""computational_rank_supported"": true, ""relative_rank_floor"": 1e-10, ""sigma_1"": 67.78172161603405, ""sigma_r"": 67.78172161603405, ""sigma_r_over_sigma_1"": 1.0, ""supplied_rank"": 1}], ""stationarity_residual"": 3.583606758273564e-05, ""t"": 25, ""tangent_gram_condition_number"": 236.29283595763204, ""tangent_gram_coordinate_dimension"": 222, ""tangent_gram_eigensolver_converged"": true, ""tangent_gram_eigensolver_status"": ""converged"", ""tangent_gram_largest_eigenvalue"": 50.818483471660464, ""tangent_gram_smallest_eigenvalue"": 0.2150656970436986, ""target_support_norm"": 0.02656326083193856, ""target_supported"": true}, {""converged"": true, ""kind"": ""time"", ""max_envelope_ratio"": 1.0131113803552785, ""n"": 50, ""numerical_rank_vector"": [1, 1, 1], ""part"": 1, ""rank_supported"": true, ""riesz_converged"": true, ""riesz_equation_residual"": 7.474423682146114e-09, ""riesz_solver"": ""cg"", ""riesz_target_rayleigh_quotient"": 1.9288335969064085, ""riesz_target_stable"": true, ""split_rank_singular_values"": [{""block"": ""A"", ""computational_rank_supported"": true, ""relative_rank_floor"": 1e-10, ""sigma_1"": 18.645476554030612, ""sigma_r"": 18.645476554030612, ""sigma_r_over_sigma_1"": 1.0, ""supplied_rank"": 1}, {""block"": ""B"", ""computational_rank_supported"": true, ""relative_rank_floor"": 1e-10, ""sigma_1"": 36.92057982763375, ""sigma_r"": 36.92057982763375, ""sigma_r_over_sigma_1"": 1.0, ""supplied_rank"": 1}, {""block"": ""H"", ""computational_rank_supported"": true, ""relative_rank_floor"": 1e-10, ""sigma_1"": 58.645485859073816, ""sigma_r"": 58.645485859073816, ""sigma_r_over_sigma_1"": 1.0, ""supplied_rank"": 1}], ""stationarity_residual"": 5.512087037953089e-05, ""t"": 25, ""tangent_gram_condition_number"": 171.04418836969361, ""tangent_gram_coordinate_dimension"": 222, ""tangent_gram_eigensolver_converged"": true, ""tangent_gram_eigensolver_status"": ""converged"", ""tangent_gram_largest_eigenvalue"": 44.56382949134682, ""tangent_gram_smallest_eigenvalue"": 0.2605398635060719, ""target_support_norm"": 0.026322384187863486, ""target_supported"": true}, {""converged"": true, ""kind"": ""unit"", ""max_envelope_ratio"": 1.1239960262391318, ""n"": 26, ""numerical_rank_vector"": [1, 1, 1], ""part"": 0, ""rank_supported"": true, ""riesz_converged"": true, ""riesz_equation_residual"": 6.636648761083328e-09, ""riesz_solver"": ""cg"", ""riesz_target_rayleigh_quotient"": 1.992574337305595, ""riesz_target_stable"": true, ""split_rank_singular_values"": [{""block"": ""A"", ""computational_rank_supported"": true, ""relative_rank_floor"": 1e-10, ""sigma_1"": 19.596742647000216, ""sigma_r"": 19.596742647000216, ""sigma_r_over_sigma_1"": 1.0, ""supplied_rank"": 1}, {""block"": ""B"", ""computational_rank_supported"": true, ""relative_rank_floor"": 1e-10, ""sigma_1"": 37.131134512315775, ""sigma_r"": 37.131134512315775, ""sigma_r_over_sigma_1"": 1.0, ""supplied_rank"": 1}, {""block"": ""H"", ""computational_rank_supported"": true, ""relative_rank_floor"": 1e-10, ""sigma_1"": 66.57802578747433, ""sigma_r"": 66.57802578747433, ""sigma_r_over_sigma_1"": 1.0, ""supplied_rank"": 1}], ""stationarity_residual"": 4.5596469364419186e-05, ""t"": 50, ""tangent_gram_condition_number"": 287.7622511255022, ""tangent_gram_coordinate_dimension"": 225, ""tangent_gram_eigensolver_converged"": true, ""tangent_gram_eigensolver_status"": ""converged"", ""tangent_gram_largest_eigenvalue"": 48.5365457715843, ""tangent_gram_smallest_eigenvalue"": 0.16866891185951968, ""target_support_norm"": 0.026011621218718823, ""target_supported"": true}, {""converged"": true, ""kind"": ""unit"", ""max_envelope_ratio"": 1.0063920968953877, ""n"": 24, ""numerical_rank_vector"": [1, 1, 1], ""part"": 1, ""rank_supported"": true, ""riesz_converged"": true, ""riesz_equation_residual"": 9.977892627891029e-09, ""riesz_solver"": ""cg"", ""riesz_target_rayleigh_quotient"": 2.3102808795325047, ""riesz_target_stable"": true, ""split_rank_singular_values"": [{""block"": ""A"", ""computational_rank_supported"": true, ""relative_rank_floor"": 1e-10, ""sigma_1"": 20.129805496966288, ""sigma_r"": 20.129805496966288, ""sigma_r_over_sigma_1"": 1.0, ""supplied_rank"": 1}, {""block"": ""B"", ""computational_rank_supported"": true, ""relative_rank_floor"": 1e-10, ""sigma_1"": 36.78818944653408, ""sigma_r"": 36.78818944653408, ""sigma_r_over_sigma_1"": 1.0, ""supplied_rank"": 1}, {""block"": ""H"", ""computational_rank_supported"": true, ""relative_rank_floor"": 1e-10, ""sigma_1"": 66.35939706564162, ""sigma_r"": 66.35939706564162, ""sigma_r_over_sigma_1"": 1.0, ""supplied_rank"": 1}], ""stationarity_residual"": 4.583175933992142e-05, ""t"": 50, ""tangent_gram_condition_number"": 441.8613663045343, ""tangent_gram_coordinate_dimension"": 219, ""tangent_gram_eigensolver_converged"": true, ""tangent_gram_eigensolver_status"": ""converged"", ""tangent_gram_largest_eigenvalue"": 42.77608636103776, ""tangent_gram_smallest_eigenvalue"": 0.09680884010926666, ""target_support_norm"": 0.024441111880280964, ""target_supported"": true}]","[[0, 1, 3, 5, 9, 10, 13, 15, 16, 17, 18, 22, 23, 25, 27, 28, 30, 33, 34, 35, 39, 40, 41, 48, 49], [2, 4, 6, 7, 8, 11, 12, 14, 19, 20, 21, 24, 26, 29, 31, 32, 36, 37, 38, 42, 43, 44, 45, 46, 47]]","[[2, 3, 5, 7, 8, 9, 10, 14, 17, 18, 22, 23, 24, 25, 26, 27, 28, 29, 32, 35, 36, 38, 43, 44, 45, 48], [0, 1, 4, 6, 11, 12, 13, 15, 16, 19, 20, 21, 30, 31, 33, 34, 37, 39, 40, 41, 42, 46, 47, 49]]",False,False,False,True,"[1, 1, 1]",,"[1, 1, 1]",,,,,,,,null,,2.0070062850600894,12.0,2.106761852292635e-05,0.9124429585212391,105.0,8.342981778863874e-09,2.217603902127796,0.037748384042435836,297.0,0.16412437741238567,47.29742086623369,288.1803520716014,True,converged,2.6210731324752975e-05,False,8.0,1.0,0.08935679998830892,0.06881949998205528,1.525259999994887,"[20260810, 4011364011, 2235565902, 1499620634, 1499620634, 2235565902, 1387497986, 1337576661]",b867e9855af0a3ac,610c7358dde2c1b141abb0f783ec54c402df554b,1.0,0.6527430465498641,2.199056079139955,0.843311660870007,0.843311660870007,0.5042505052828925,0.669224481879352,0.2505340232213059,0.843311660870007,0.09734551254598062,1.7419032262704592,0.8999999999999999,1.1,0.8,1.2,0.85,2.031384387633061,7.458653652209672,7.458653652209672,0.843311660870007,1.7419032262704592,5.169218052590561,5.169218052590561,9.0,1.0,1.541346347790328,True,971c4074dcc2cb1b4f8b7c513d64f7682d921def42fa236c709d0fb0cf18a2aa,theorem_covered,True,0.03999999999999994,0.03928233893916931,0.9820584734792344,,,,,,,,,,,,,,,,,,False
replication,b867e9855af0a3ac,3,50,50,3,fixed_rank,success,success,True,True,True,True,True,True,"[1, 1, 1]",,,,,7,dgp3_N50_T50_r00003_truth1-1-1,971c4074dcc2cb1b4f8b7c513d64f7682d921def42fa236c709d0fb0cf18a2aa,2.1469885999977123,,,B_G1_fixed_time,target,success,[],dgp3_N50_T50_r00003_truth1-1-1,success,"[1, 1, 1]",0.46006922274580736,0.6465564783632514,0.175068851515755,0.03064910277104547,0.6465564783632514,0.175068851515755,0.03064910277104547,0.186487255617444,0.6465564783632514,0.175068851515755,0.03064910277104547,0.186487255617444,0.6465564783632514,,,0.0,4.0,0.27695969998603687,[],null,null,False,True,True,False,"[1, 1, 1]",,"[1, 1, 1]",,,,,,,,null,,2.0070062850600894,12.0,2.106761852292635e-05,0.9124429585212391,105.0,6.527445062151198e-09,1.1160660666325168,0.13629048939542324,297.0,0.16412437741238567,47.29742086623369,288.1803520716014,True,converged,4.534345723046543e-05,False,8.0,1.0,0.08935679998830892,0.01779280000482686,1.572775400010869,"[20260810, 4011364011, 2235565902, 1499620634, 1499620634, 2235565902, 1387497986, 1337576661]",b867e9855af0a3ac,610c7358dde2c1b141abb0f783ec54c402df554b,1.0,0.6527430465498641,2.199056079139955,0.843311660870007,0.843311660870007,0.5042505052828925,0.669224481879352,0.2505340232213059,0.843311660870007,0.09734551254598062,1.7419032262704592,0.8999999999999999,1.1,0.8,1.2,0.85,2.031384387633061,7.458653652209672,7.458653652209672,0.843311660870007,1.7419032262704592,5.169218052590561,5.169218052590561,9.0,1.0,1.541346347790328,True,971c4074dcc2cb1b4f8b7c513d64f7682d921def42fa236c709d0fb0cf18a2aa,theorem_covered,True,0.2,0.13309830490979074,0.6654915245489537,,,,,,,,,,,,,,,,,,False
replication,b867e9855af0a3ac,3,50,50,3,fixed_rank,success,success,True,True,True,True,True,True,"[1, 1, 1]",,,,,7,dgp3_N50_T50_r00003_truth1-1-1,971c4074dcc2cb1b4f8b7c513d64f7682d921def42fa236c709d0fb0cf18a2aa,2.1469885999977123,,,B_G2_fixed_time,target,success,[],dgp3_N50_T50_r00003_truth1-1-1,success,"[1, 1, 1]",0.4536287027666179,0.527613668091589,0.14236111442522914,0.020266686900393183,0.527613668091589,0.14236111442522914,0.020266686900393183,0.07398496532497117,0.527613668091589,0.14236111442522914,0.020266686900393183,0.07398496532497117,0.527613668091589,,,0.0,4.0,0.27695969998603687,[],null,null,False,True,True,False,"[1, 1, 1]",,"[1, 1, 1]",,,,,,,,null,,2.0070062850600894,12.0,2.106761852292635e-05,0.9124429585212391,106.0,9.337276612446468e-09,1.1029441605799566,0.11192103477987925,297.0,0.16412437741238567,47.29742086623369,288.1803520716014,True,converged,6.886054809837172e-05,False,8.0,1.0,0.08935679998830892,0.01717019997886382,1.6163347999972757,"[20260810, 4011364011, 2235565902, 1499620634, 1499620634, 2235565902, 1387497986, 1337576661]",b867e9855af0a3ac,610c7358dde2c1b141abb0f783ec54c402df554b,1.0,0.6527430465498641,2.199056079139955,0.843311660870007,0.843311660870007,0.5042505052828925,0.669224481879352,0.2505340232213059,0.843311660870007,0.09734551254598062,1.7419032262704592,0.8999999999999999,1.1,0.8,1.2,0.85,2.031384387633061,7.458653652209672,7.458653652209672,0.843311660870007,1.7419032262704592,5.169218052590561,5.169218052590561,9.0,1.0,1.541346347790328,True,971c4074dcc2cb1b4f8b7c513d64f7682d921def42fa236c709d0fb0cf18a2aa,theorem_covered,True,0.2,0.1312723897928006,0.6563619489640029,,,,,,,,,,,,,,,,,,False
replication,b867e9855af0a3ac,3,50,50,3,fixed_rank,success,success,True,True,True,True,True,True,"[1, 1, 1]",,,,,7,dgp3_N50_T50_r00003_truth1-1-1,971c4074dcc2cb1b4f8b7c513d64f7682d921def42fa236c709d0fb0cf18a2aa,2.1469885999977123,,,B_G2_minus_G1_fixed_time,target,success,[],dgp3_N50_T50_r00003_truth1-1-1,success,"[1, 1, 1]",-0.006440519979189464,-0.11894281027166236,0.06563968817868693,0.004308568664195253,-0.11894281027166236,0.06563968817868693,0.004308568664195253,-0.11250229029247288,-0.11894281027166236,0.06563968817868693,0.004308568664195253,-0.11250229029247288,-0.11894281027166236,,,0.0,4.0,0.27695969998603687,[],null,null,False,False,True,False,"[1, 1, 1]",,"[1, 1, 1]",,,,,,,,null,,2.0070062850600894,12.0,2.106761852292635e-05,0.9124429585212391,108.0,5.929148543070233e-09,0.8255607642951646,0.0393935939633044,297.0,0.16412437741238567,47.29742086623369,288.1803520716014,True,converged,3.6381465421667605e-05,False,8.0,1.0,0.08935679998830892,0.01892770000267774,1.664667200006079,"[20260810, 4011364011, 2235565902, 1499620634, 1499620634, 2235565902, 1387497986, 1337576661]",b867e9855af0a3ac,610c7358dde2c1b141abb0f783ec54c402df554b,1.0,0.6527430465498641,2.199056079139955,0.843311660870007,0.843311660870007,0.5042505052828925,0.669224481879352,0.2505340232213059,0.843311660870007,0.09734551254598062,1.7419032262704592,0.8999999999999999,1.1,0.8,1.2,0.85,2.031384387633061,7.458653652209672,7.458653652209672,0.843311660870007,1.7419032262704592,5.169218052590561,5.169218052590561,9.0,1.0,1.541346347790328,True,971c4074dcc2cb1b4f8b7c513d64f7682d921def42fa236c709d0fb0cf18a2aa,weak_target_stress_outside_assumption9,False,0.28284271247461906,0.02661514560064438,0.09409874968241473,,,,,,,,,,,,,,,,,,True
replication,b867e9855af0a3ac,3,50,50,3,fixed_rank,success,success,True,True,False,True,False,False,"[1, 1, 1]",,,,,7,dgp3_N50_T50_r00003_truth1-1-1,971c4074dcc2cb1b4f8b7c513d64f7682d921def42fa236c709d0fb0cf18a2aa,2.1469885999977123,,,B_G1_time_average,target,split_fit_failure,[],dgp3_N50_T50_r00003_truth1-1-1,split_fit_not_converged,"[1, 1, 1]",0.6739417451298837,0.7057298452109474,0.10461715624630687,0.010944749381064184,0.736493763776445,0.053932288942115506,0.0029086917905358344,0.06255201864656135,0.7057298452109474,0.10461715624630687,0.010944749381064184,0.0317881000810637,0.736493763776445,0.7326408384369605,0.7711106076814273,4.0,4.0,0.27695969998603687,"[{""converged"": true, ""kind"": ""time"", ""max_envelope_ratio"": 0.9600571880850484, ""n"": 50, ""numerical_rank_vector"": [1, 1, 1], ""part"": 0, ""rank_supported"": true, ""riesz_converged"": true, ""riesz_equation_residual"": 8.429202690067136e-09, ""riesz_solver"": ""cg"", ""riesz_target_rayleigh_quotient"": 0.3810874744433335, ""riesz_target_stable"": true, ""split_rank_singular_values"": [{""block"": ""A"", ""computational_rank_supported"": true, ""relative_rank_floor"": 1e-10, ""sigma_1"": 19.231476389273343, ""sigma_r"": 19.231476389273343, ""sigma_r_over_sigma_1"": 1.0, ""supplied_rank"": 1}, {""block"": ""B"", ""computational_rank_supported"": true, ""relative_rank_floor"": 1e-10, ""sigma_1"": 36.81588320165167, ""sigma_r"": 36.81588320165167, ""sigma_r_over_sigma_1"": 1.0, ""supplied_rank"": 1}, {""block"": ""H"", ""computational_rank_supported"": true, ""relative_rank_floor"": 1e-10, ""sigma_1"": 67.78172161603405, ""sigma_r"": 67.78172161603405, ""sigma_r_over_sigma_1"": 1.0, ""supplied_rank"": 1}], ""stationarity_residual"": 3.583606758273564e-05, ""t"": 25, ""tangent_gram_condition_number"": 236.29283595763204, ""tangent_gram_coordinate_dimension"": 222, ""tangent_gram_eigensolver_converged"": true, ""tangent_gram_eigensolver_status"": ""converged"", ""tangent_gram_largest_eigenvalue"": 50.818483471660464, ""tangent_gram_smallest_eigenvalue"": 0.2150656970436986, ""target_support_norm"": 0.017500492070307502, ""target_supported"": true}, {""converged"": true, ""kind"": ""time"", ""max_envelope_ratio"": 1.0131113803552785, ""n"": 50, ""numerical_rank_vector"": [1, 1, 1], ""part"": 1, ""rank_supported"": true, ""riesz_converged"": true, ""riesz_equation_residual"": 9.76611345940624e-09, ""riesz_solver"": ""cg"", ""riesz_target_rayleigh_quotient"": 0.5578461769829456, ""riesz_target_stable"": true, ""split_rank_singular_values"": [{""block"": ""A"", ""computational_rank_supported"": true, ""relative_rank_floor"": 1e-10, ""sigma_1"": 18.645476554030612, ""sigma_r"": 18.645476554030612, ""sigma_r_over_sigma_1"": 1.0, ""supplied_rank"": 1}, {""block"": ""B"", ""computational_rank_supported"": true, ""relative_rank_floor"": 1e-10, ""sigma_1"": 36.92057982763375, ""sigma_r"": 36.92057982763375, ""sigma_r_over_sigma_1"": 1.0, ""supplied_rank"": 1}, {""block"": ""H"", ""computational_rank_supported"": true, ""relative_rank_floor"": 1e-10, ""sigma_1"": 58.645485859073816, ""sigma_r"": 58.645485859073816, ""sigma_r_over_sigma_1"": 1.0, ""supplied_rank"": 1}], ""stationarity_residual"": 5.512087037953089e-05, ""t"": 25, ""tangent_gram_condition_number"": 171.04418836969361, ""tangent_gram_coordinate_dimension"": 222, ""tangent_gram_eigensolver_converged"": true, ""tangent_gram_eigensolver_status"": ""converged"", ""tangent_gram_largest_eigenvalue"": 44.56382949134682, ""tangent_gram_smallest_eigenvalue"": 0.2605398635060719, ""target_support_norm"": 0.01888527014098265, ""target_supported"": true}, {""converged"": true, ""kind"": ""unit"", ""max_envelope_ratio"": 1.1239960262391318, ""n"": 26, ""numerical_rank_vector"": [1, 1, 1], ""part"": 0, ""rank_supported"": true, ""riesz_converged"": true, ""riesz_equation_residual"": 8.367050596101742e-09, ""riesz_solver"": ""cg"", ""riesz_target_rayleigh_quotient"": 0.47914008226837, ""riesz_target_stable"": true, ""split_rank_singular_values"": [{""block"": ""A"", ""computational_rank_supported"": true, ""relative_rank_floor"": 1e-10, ""sigma_1"": 19.596742647000216, ""sigma_r"": 19.596742647000216, ""sigma_r_over_sigma_1"": 1.0, ""supplied_rank"": 1}, {""block"": ""B"", ""computational_rank_supported"": true, ""relative_rank_floor"": 1e-10, ""sigma_1"": 37.131134512315775, ""sigma_r"": 37.131134512315775, ""sigma_r_over_sigma_1"": 1.0, ""supplied_rank"": 1}, {""block"": ""H"", ""computational_rank_supported"": true, ""relative_rank_floor"": 1e-10, ""sigma_1"": 66.57802578747433, ""sigma_r"": 66.57802578747433, ""sigma_r_over_sigma_1"": 1.0, ""supplied_rank"": 1}], ""stationarity_residual"": 4.5596469364419186e-05, ""t"": 50, ""tangent_gram_condition_number"": 287.7622511255022, ""tangent_gram_coordinate_dimension"": 225, ""tangent_gram_eigensolver_converged"": true, ""tangent_gram_eigensolver_status"": ""converged"", ""tangent_gram_largest_eigenvalue"": 48.5365457715843, ""tangent_gram_smallest_eigenvalue"": 0.16866891185951968, ""target_support_norm"": 0.018063475597463123, ""target_supported"": true}, {""converged"": true, ""kind"": ""unit"", ""max_envelope_ratio"": 1.0063920968953877, ""n"": 24, ""numerical_rank_vector"": [1, 1, 1], ""part"": 1, ""rank_supported"": true, ""riesz_converged"": true, ""riesz_equation_residual"": 9.20851919527192e-09, ""riesz_solver"": ""cg"", ""riesz_target_rayleigh_quotient"": 0.48642199612100584, ""riesz_target_stable"": true, ""split_rank_singular_values"": [{""block"": ""A"", ""computational_rank_supported"": true, ""relative_rank_floor"": 1e-10, ""sigma_1"": 20.129805496966288, ""sigma_r"": 20.129805496966288, ""sigma_r_over_sigma_1"": 1.0, ""supplied_rank"": 1}, {""block"": ""B"", ""computational_rank_supported"": true, ""relative_rank_floor"": 1e-10, ""sigma_1"": 36.78818944653408, ""sigma_r"": 36.78818944653408, ""sigma_r_over_sigma_1"": 1.0, ""supplied_rank"": 1}, {""block"": ""H"", ""computational_rank_supported"": true, ""relative_rank_floor"": 1e-10, ""sigma_1"": 66.35939706564162, ""sigma_r"": 66.35939706564162, ""sigma_r_over_sigma_1"": 1.0, ""supplied_rank"": 1}], ""stationarity_residual"": 4.583175933992142e-05, ""t"": 50, ""tangent_gram_condition_number"": 441.8613663045343, ""tangent_gram_coordinate_dimension"": 219, ""tangent_gram_eigensolver_converged"": true, ""tangent_gram_eigensolver_status"": ""converged"", ""tangent_gram_largest_eigenvalue"": 42.77608636103776, ""tangent_gram_smallest_eigenvalue"": 0.09680884010926666, ""target_support_norm"": 0.01755585417504597, ""target_supported"": true}]","[[0, 1, 3, 5, 9, 10, 13, 15, 16, 17, 18, 22, 23, 25, 27, 28, 30, 33, 34, 35, 39, 40, 41, 48, 49], [2, 4, 6, 7, 8, 11, 12, 14, 19, 20, 21, 24, 26, 29, 31, 32, 36, 37, 38, 42, 43, 44, 45, 46, 47]]","[[2, 3, 5, 7, 8, 9, 10, 14, 17, 18, 22, 23, 24, 25, 26, 27, 28, 29, 32, 35, 36, 38, 43, 44, 45, 48], [0, 1, 4, 6, 11, 12, 13, 15, 16, 19, 20, 21, 30, 31, 33, 34, 37, 39, 40, 41, 42, 46, 47, 49]]",False,False,False,True,"[1, 1, 1]",,"[1, 1, 1]",,,,,,,,null,,2.0070062850600894,12.0,2.106761852292635e-05,0.9124429585212391,112.0,7.183643364103826e-09,0.58169489836651,0.026393771114577778,297.0,0.16412437741238567,47.29742086623369,288.1803520716014,True,converged,6.768270974412523e-05,False,8.0,1.0,0.08935679998830892,0.08245709998300299,1.7749120999942534,"[20260810, 4011364011, 2235565902, 1499620634, 1499620634, 2235565902, 1387497986, 1337576661]",b867e9855af0a3ac,610c7358dde2c1b141abb0f783ec54c402df554b,1.0,0.6527430465498641,2.199056079139955,0.843311660870007,0.843311660870007,0.5042505052828925,0.669224481879352,0.2505340232213059,0.843311660870007,0.09734551254598062,1.7419032262704592,0.8999999999999999,1.1,0.8,1.2,0.85,2.031384387633061,7.458653652209672,7.458653652209672,0.843311660870007,1.7419032262704592,5.169218052590561,5.169218052590561,9.0,1.0,1.541346347790328,True,971c4074dcc2cb1b4f8b7c513d64f7682d921def42fa236c709d0fb0cf18a2aa,theorem_covered,True,0.028284271247461912,0.027847393200144108,0.9845540285095021,,,,,,,,,,,,,,,,,,False
replication,b867e9855af0a3ac,3,50,50,3,fixed_rank,success,success,True,True,False,True,False,False,"[1, 1, 1]",,,,,7,dgp3_N50_T50_r00003_truth1-1-1,971c4074dcc2cb1b4f8b7c513d64f7682d921def42fa236c709d0fb0cf18a2aa,2.1469885999977123,,,B_G2_time_average,target,split_fit_failure,[],dgp3_N50_T50_r00003_truth1-1-1,split_fit_not_converged,"[1, 1, 1]",0.6645072186288206,0.6741114056219405,0.08495685639735392,0.007217667448920617,0.6010057732564459,0.04539460398162317,0.0020606700706483983,-0.06350144537237468,0.6741114056219405,0.08495685639735392,0.007217667448920617,0.009604186993119934,0.6010057732564459,0.5715004966410406,0.5574054175063566,4.0,4.0,0.27695969998603687,"[{""converged"": true, ""kind"": ""time"", ""max_envelope_ratio"": 0.9600571880850484, ""n"": 50, ""numerical_rank_vector"": [1, 1, 1], ""part"": 0, ""rank_supported"": true, ""riesz_converged"": true, ""riesz_equation_residual"": 8.349204187238064e-09, ""riesz_solver"": ""cg"", ""riesz_target_rayleigh_quotient"": 0.6817444318057153, ""riesz_target_stable"": true, ""split_rank_singular_values"": [{""block"": ""A"", ""computational_rank_supported"": true, ""relative_rank_floor"": 1e-10, ""sigma_1"": 19.231476389273343, ""sigma_r"": 19.231476389273343, ""sigma_r_over_sigma_1"": 1.0, ""supplied_rank"": 1}, {""block"": ""B"", ""computational_rank_supported"": true, ""relative_rank_floor"": 1e-10, ""sigma_1"": 36.81588320165167, ""sigma_r"": 36.81588320165167, ""sigma_r_over_sigma_1"": 1.0, ""supplied_rank"": 1}, {""block"": ""H"", ""computational_rank_supported"": true, ""relative_rank_floor"": 1e-10, ""sigma_1"": 67.78172161603405, ""sigma_r"": 67.78172161603405, ""sigma_r_over_sigma_1"": 1.0, ""supplied_rank"": 1}], ""stationarity_residual"": 3.583606758273564e-05, ""t"": 25, ""tangent_gram_condition_number"": 236.29283595763204, ""tangent_gram_coordinate_dimension"": 222, ""tangent_gram_eigensolver_converged"": true, ""tangent_gram_eigensolver_status"": ""converged"", ""tangent_gram_largest_eigenvalue"": 50.818483471660464, ""tangent_gram_smallest_eigenvalue"": 0.2150656970436986, ""target_support_norm"": 0.01646994657412228, ""target_supported"": true}, {""converged"": true, ""kind"": ""time"", ""max_envelope_ratio"": 1.0131113803552785, ""n"": 50, ""numerical_rank_vector"": [1, 1, 1], ""part"": 1, ""rank_supported"": true, ""riesz_converged"": true, ""riesz_equation_residual"": 5.717835150169026e-09, ""riesz_solver"": ""cg"", ""riesz_target_rayleigh_quotient"": 0.6003397932514897, ""riesz_target_stable"": true, ""split_rank_singular_values"": [{""block"": ""A"", ""computational_rank_supported"": true, ""relative_rank_floor"": 1e-10, ""sigma_1"": 18.645476554030612, ""sigma_r"": 18.645476554030612, ""sigma_r_over_sigma_1"": 1.0, ""supplied_rank"": 1}, {""block"": ""B"", ""computational_rank_supported"": true, ""relative_rank_floor"": 1e-10, ""sigma_1"": 36.92057982763375, ""sigma_r"": 36.92057982763375, ""sigma_r_over_sigma_1"": 1.0, ""supplied_rank"": 1}, {""block"": ""H"", ""computational_rank_supported"": true, ""relative_rank_floor"": 1e-10, ""sigma_1"": 58.645485859073816, ""sigma_r"": 58.645485859073816, ""sigma_r_over_sigma_1"": 1.0, ""supplied_rank"": 1}], ""stationarity_residual"": 5.512087037953089e-05, ""t"": 25, ""tangent_gram_condition_number"": 171.04418836969361, ""tangent_gram_coordinate_dimension"": 222, ""tangent_gram_eigensolver_converged"": true, ""tangent_gram_eigensolver_status"": ""converged"", ""tangent_gram_largest_eigenvalue"": 44.56382949134682, ""tangent_gram_smallest_eigenvalue"": 0.2605398635060719, ""target_support_norm"": 0.01882930583742595, ""target_supported"": true}, {""converged"": true, ""kind"": ""unit"", ""max_envelope_ratio"": 1.1239960262391318, ""n"": 26, ""numerical_rank_vector"": [1, 1, 1], ""part"": 0, ""rank_supported"": true, ""riesz_converged"": true, ""riesz_equation_residual"": 9.70379141137272e-09, ""riesz_solver"": ""cg"", ""riesz_target_rayleigh_quotient"": 0.6661118699303622, ""riesz_target_stable"": true, ""split_rank_singular_values"": [{""block"": ""A"", ""computational_rank_supported"": true, ""relative_rank_floor"": 1e-10, ""sigma_1"": 19.596742647000216, ""sigma_r"": 19.596742647000216, ""sigma_r_over_sigma_1"": 1.0, ""supplied_rank"": 1}, {""block"": ""B"", ""computational_rank_supported"": true, ""relative_rank_floor"": 1e-10, ""sigma_1"": 37.131134512315775, ""sigma_r"": 37.131134512315775, ""sigma_r_over_sigma_1"": 1.0, ""supplied_rank"": 1}, {""block"": ""H"", ""computational_rank_supported"": true, ""relative_rank_floor"": 1e-10, ""sigma_1"": 66.57802578747433, ""sigma_r"": 66.57802578747433, ""sigma_r_over_sigma_1"": 1.0, ""supplied_rank"": 1}], ""stationarity_residual"": 4.5596469364419186e-05, ""t"": 50, ""tangent_gram_condition_number"": 287.7622511255022, ""tangent_gram_coordinate_dimension"": 225, ""tangent_gram_eigensolver_converged"": true, ""tangent_gram_eigensolver_status"": ""converged"", ""tangent_gram_largest_eigenvalue"": 48.5365457715843, ""tangent_gram_smallest_eigenvalue"": 0.16866891185951968, ""target_support_norm"": 0.017868135715253725, ""target_supported"": true}, {""converged"": true, ""kind"": ""unit"", ""max_envelope_ratio"": 1.0063920968953877, ""n"": 24, ""numerical_rank_vector"": [1, 1, 1], ""part"": 1, ""rank_supported"": true, ""riesz_converged"": true, ""riesz_equation_residual"": 8.256187645075078e-09, ""riesz_solver"": ""cg"", ""riesz_target_rayleigh_quotient"": 0.48171009477294396, ""riesz_target_stable"": true, ""split_rank_singular_values"": [{""block"": ""A"", ""computational_rank_supported"": true, ""relative_rank_floor"": 1e-10, ""sigma_1"": 20.129805496966288, ""sigma_r"": 20.129805496966288, ""sigma_r_over_sigma_1"": 1.0, ""supplied_rank"": 1}, {""block"": ""B"", ""computational_rank_supported"": true, ""relative_rank_floor"": 1e-10, ""sigma_1"": 36.78818944653408, ""sigma_r"": 36.78818944653408, ""sigma_r_over_sigma_1"": 1.0, ""supplied_rank"": 1}, {""block"": ""H"", ""computational_rank_supported"": true, ""relative_rank_floor"": 1e-10, ""sigma_1"": 66.35939706564162, ""sigma_r"": 66.35939706564162, ""sigma_r_over_sigma_1"": 1.0, ""supplied_rank"": 1}], ""stationarity_residual"": 4.583175933992142e-05, ""t"": 50, ""tangent_gram_condition_number"": 441.8613663045343, ""tangent_gram_coordinate_dimension"": 219, ""tangent_gram_eigensolver_converged"": true, ""tangent_gram_eigensolver_status"": ""converged"", ""tangent_gram_largest_eigenvalue"": 42.77608636103776, ""tangent_gram_smallest_eigenvalue"": 0.09680884010926666, ""target_support_norm"": 0.015070542874538293, ""target_supported"": true}]","[[0, 1, 3, 5, 9, 10, 13, 15, 16, 17, 18, 22, 23, 25, 27, 28, 30, 33, 34, 35, 39, 40, 41, 48, 49], [2, 4, 6, 7, 8, 11, 12, 14, 19, 20, 21, 24, 26, 29, 31, 32, 36, 37, 38, 42, 43, 44, 45, 46, 47]]","[[2, 3, 5, 7, 8, 9, 10, 14, 17, 18, 22, 23, 24, 25, 26, 27, 28, 29, 32, 35, 36, 38, 43, 44, 45, 48], [0, 1, 4, 6, 11, 12, 13, 15, 16, 19, 20, 21, 30, 31, 33, 34, 37, 39, 40, 41, 42, 46, 47, 49]]",False,False,False,True,"[1, 1, 1]",,"[1, 1, 1]",,,,,,,,null,,2.0070062850600894,12.0,2.106761852292635e-05,0.9124429585212391,110.0,8.344156219823195e-09,0.6890435750861265,0.02583500674770112,297.0,0.16412437741238567,47.29742086623369,288.1803520716014,True,converged,0.0001647252782678802,False,8.0,1.0,0.08935679998830892,0.06972160001168959,1.8723069000116084,"[20260810, 4011364011, 2235565902, 1499620634, 1499620634, 2235565902, 1387497986, 1337576661]",b867e9855af0a3ac,610c7358dde2c1b141abb0f783ec54c402df554b,1.0,0.6527430465498641,2.199056079139955,0.843311660870007,0.843311660870007,0.5042505052828925,0.669224481879352,0.2505340232213059,0.843311660870007,0.09734551254598062,1.7419032262704592,0.8999999999999999,1.1,0.8,1.2,0.85,2.031384387633061,7.458653652209672,7.458653652209672,0.843311660870007,1.7419032262704592,5.169218052590561,5.169218052590561,9.0,1.0,1.541346347790328,True,971c4074dcc2cb1b4f8b7c513d64f7682d921def42fa236c709d0fb0cf18a2aa,theorem_covered,True,0.028284271247461912,0.027837853991605772,0.9842167665572717,,,,,,,,,,,,,,,,,,False
replication,b867e9855af0a3ac,3,50,50,3,fixed_rank,success,success,True,True,False,True,False,False,"[1, 1, 1]",,,,,7,dgp3_N50_T50_r00003_truth1-1-1,971c4074dcc2cb1b4f8b7c513d64f7682d921def42fa236c709d0fb0cf18a2aa,2.1469885999977123,,,B_G2_minus_G1_time_average,target,split_fit_failure,[],dgp3_N50_T50_r00003_truth1-1-1,split_fit_not_converged,"[1, 1, 1]",-0.009434526501063087,-0.031618439589006675,0.1311993652714348,0.01721327344762737,-0.13548799051999905,0.06537143967299348,0.004273425124919826,-0.12605346401893597,-0.031618439589006675,0.1311993652714348,0.01721327344762737,-0.02218391308794359,-0.13548799051999905,-0.1611403417959198,-0.21370519017507067,4.0,4.0,0.27695969998603687,"[{""converged"": true, ""kind"": ""time"", ""max_envelope_ratio"": 0.9600571880850484, ""n"": 50, ""numerical_rank_vector"": [1, 1, 1], ""part"": 0, ""rank_supported"": true, ""riesz_converged"": true, ""riesz_equation_residual"": 8.883571994325608e-09, ""riesz_solver"": ""cg"", ""riesz_target_rayleigh_quotient"": 0.48166880309738114, ""riesz_target_stable"": true, ""split_rank_singular_values"": [{""block"": ""A"", ""computational_rank_supported"": true, ""relative_rank_floor"": 1e-10, ""sigma_1"": 19.231476389273343, ""sigma_r"": 19.231476389273343, ""sigma_r_over_sigma_1"": 1.0, ""supplied_rank"": 1}, {""block"": ""B"", ""computational_rank_supported"": true, ""relative_rank_floor"": 1e-10, ""sigma_1"": 36.81588320165167, ""sigma_r"": 36.81588320165167, ""sigma_r_over_sigma_1"": 1.0, ""supplied_rank"": 1}, {""block"": ""H"", ""computational_rank_supported"": true, ""relative_rank_floor"": 1e-10, ""sigma_1"": 67.78172161603405, ""sigma_r"": 67.78172161603405, ""sigma_r_over_sigma_1"": 1.0, ""supplied_rank"": 1}], ""stationarity_residual"": 3.583606758273564e-05, ""t"": 25, ""tangent_gram_condition_number"": 236.29283595763204, ""tangent_gram_coordinate_dimension"": 222, ""tangent_gram_eigensolver_converged"": true, ""tangent_gram_eigensolver_status"": ""converged"", ""tangent_gram_largest_eigenvalue"": 50.818483471660464, ""tangent_gram_smallest_eigenvalue"": 0.2150656970436986, ""target_support_norm"": 0.022595296924776718, ""target_supported"": true}, {""converged"": true, ""kind"": ""time"", ""max_envelope_ratio"": 1.0131113803552785, ""n"": 50, ""numerical_rank_vector"": [1, 1, 1], ""part"": 1, ""rank_supported"": true, ""riesz_converged"": true, ""riesz_equation_residual"": 6.856306681816505e-09, ""riesz_solver"": ""cg"", ""riesz_target_rayleigh_quotient"": 0.6354652136163002, ""riesz_target_stable"": true, ""split_rank_singular_values"": [{""block"": ""A"", ""computational_rank_supported"": true, ""relative_rank_floor"": 1e-10, ""sigma_1"": 18.645476554030612, ""sigma_r"": 18.645476554030612, ""sigma_r_over_sigma_1"": 1.0, ""supplied_rank"": 1}, {""block"": ""B"", ""computational_rank_supported"": true, ""relative_rank_floor"": 1e-10, ""sigma_1"": 36.92057982763375, ""sigma_r"": 36.92057982763375, ""sigma_r_over_sigma_1"": 1.0, ""supplied_rank"": 1}, {""block"": ""H"", ""computational_rank_supported"": true, ""relative_rank_floor"": 1e-10, ""sigma_1"": 58.645485859073816, ""sigma_r"": 58.645485859073816, ""sigma_r_over_sigma_1"": 1.0, ""supplied_rank"": 1}], ""stationarity_residual"": 5.512087037953089e-05, ""t"": 25, ""tangent_gram_condition_number"": 171.04418836969361, ""tangent_gram_coordinate_dimension"": 222, ""tangent_gram_eigensolver_converged"": true, ""tangent_gram_eigensolver_status"": ""converged"", ""tangent_gram_largest_eigenvalue"": 44.56382949134682, ""tangent_gram_smallest_eigenvalue"": 0.2605398635060719, ""target_support_norm"": 0.025970142377761768, ""target_supported"": true}, {""converged"": true, ""kind"": ""unit"", ""max_envelope_ratio"": 1.1239960262391318, ""n"": 26, ""numerical_rank_vector"": [1, 1, 1], ""part"": 0, ""rank_supported"": true, ""riesz_converged"": true, ""riesz_equation_residual"": 9.725104018127026e-09, ""riesz_solver"": ""cg"", ""riesz_target_rayleigh_quotient"": 0.6081351408520091, ""riesz_target_stable"": true, ""split_rank_singular_values"": [{""block"": ""A"", ""computational_rank_supported"": true, ""relative_rank_floor"": 1e-10, ""sigma_1"": 19.596742647000216, ""sigma_r"": 19.596742647000216, ""sigma_r_over_sigma_1"": 1.0, ""supplied_rank"": 1}, {""block"": ""B"", ""computational_rank_supported"": true, ""relative_rank_floor"": 1e-10, ""sigma_1"": 37.131134512315775, ""sigma_r"": 37.131134512315775, ""sigma_r_over_sigma_1"": 1.0, ""supplied_rank"": 1}, {""block"": ""H"", ""computational_rank_supported"": true, ""relative_rank_floor"": 1e-10, ""sigma_1"": 66.57802578747433, ""sigma_r"": 66.57802578747433, ""sigma_r_over_sigma_1"": 1.0, ""supplied_rank"": 1}], ""stationarity_residual"": 4.5596469364419186e-05, ""t"": 50, ""tangent_gram_condition_number"": 287.7622511255022, ""tangent_gram_coordinate_dimension"": 225, ""tangent_gram_eigensolver_converged"": true, ""tangent_gram_eigensolver_status"": ""converged"", ""tangent_gram_largest_eigenvalue"": 48.5365457715843, ""tangent_gram_smallest_eigenvalue"": 0.16866891185951968, ""target_support_norm"": 0.023406544012818324, ""target_supported"": true}, {""converged"": true, ""kind"": ""unit"", ""max_envelope_ratio"": 1.0063920968953877, ""n"": 24, ""numerical_rank_vector"": [1, 1, 1], ""part"": 1, ""rank_supported"": true, ""riesz_converged"": true, ""riesz_equation_residual"": 6.114615483993178e-09, ""riesz_solver"": ""cg"", ""riesz_target_rayleigh_quotient"": 0.6447960860191754, ""riesz_target_stable"": true, ""split_rank_singular_values"": [{""block"": ""A"", ""computational_rank_supported"": true, ""relative_rank_floor"": 1e-10, ""sigma_1"": 20.129805496966288, ""sigma_r"": 20.129805496966288, ""sigma_r_over_sigma_1"": 1.0, ""supplied_rank"": 1}, {""block"": ""B"", ""computational_rank_supported"": true, ""relative_rank_floor"": 1e-10, ""sigma_1"": 36.78818944653408, ""sigma_r"": 36.78818944653408, ""sigma_r_over_sigma_1"": 1.0, ""supplied_rank"": 1}, {""block"": ""H"", ""computational_rank_supported"": true, ""relative_rank_floor"": 1e-10, ""sigma_1"": 66.35939706564162, ""sigma_r"": 66.35939706564162, ""sigma_r_over_sigma_1"": 1.0, ""supplied_rank"": 1}], ""stationarity_residual"": 4.583175933992142e-05, ""t"": 50, ""tangent_gram_condition_number"": 441.8613663045343, ""tangent_gram_coordinate_dimension"": 219, ""tangent_gram_eigensolver_converged"": true, ""tangent_gram_eigensolver_status"": ""converged"", ""tangent_gram_largest_eigenvalue"": 42.77608636103776, ""tangent_gram_smallest_eigenvalue"": 0.09680884010926666, ""target_support_norm"": 0.020412557482033526, ""target_supported"": true}]","[[0, 1, 3, 5, 9, 10, 13, 15, 16, 17, 18, 22, 23, 25, 27, 28, 30, 33, 34, 35, 39, 40, 41, 48, 49], [2, 4, 6, 7, 8, 11, 12, 14, 19, 20, 21, 24, 26, 29, 31, 32, 36, 37, 38, 42, 43, 44, 45, 46, 47]]","[[2, 3, 5, 7, 8, 9, 10, 14, 17, 18, 22, 23, 24, 25, 26, 27, 28, 29, 32, 35, 36, 38, 43, 44, 45, 48], [0, 1, 4, 6, 11, 12, 13, 15, 16, 19, 20, 21, 30, 31, 33, 34, 37, 39, 40, 41, 42, 46, 47, 49]]",False,False,False,True,"[1, 1, 1]",,"[1, 1, 1]",,,,,,,,null,,2.0070062850600894,12.0,2.106761852292635e-05,0.9124429585212391,108.0,8.044301005034884e-09,0.6977313735891618,0.034950118731342385,297.0,0.16412437741238567,47.29742086623369,288.1803520716014,True,converged,6.87845316044945e-05,False,8.0,1.0,0.08935679998830892,0.2473552000010386,2.1469885999977123,"[20260810, 4011364011, 2235565902, 1499620634, 1499620634, 2235565902, 1387497986, 1337576661]",b867e9855af0a3ac,610c7358dde2c1b141abb0f783ec54c402df554b,1.0,0.6527430465498641,2.199056079139955,0.843311660870007,0.843311660870007,0.5042505052828925,0.669224481879352,0.2505340232213059,0.843311660870007,0.09734551254598062,1.7419032262704592,0.8999999999999999,1.1,0.8,1.2,0.85,2.031384387633061,7.458653652209672,7.458653652209672,0.843311660870007,1.7419032262704592,5.169218052590561,5.169218052590561,9.0,1.0,1.541346347790328,True,971c4074dcc2cb1b4f8b7c513d64f7682d921def42fa236c709d0fb0cf18a2aa,theorem_covered,True,0.03999999999999994,0.038894033929207,0.9723508482301765,,,,,,,,,,,,,,,,,,False
replication,b867e9855af0a3ac,3,50,50,4,fixed_rank,success,success,True,True,True,True,True,True,"[1, 1, 1]",,,,,7,dgp3_N50_T50_r00004_truth1-1-1,69682b5dfae1696fb60826250945d3f68505024653d582076b4bc5c576ae2253,1.912419400003273,,,A_entry,target,success,[],dgp3_N50_T50_r00004_truth1-1-1,success,"[1, 1, 1]",0.4146256386919107,0.08154575334931685,0.04854821460833365,0.0023569291416568206,0.08154575334931685,0.04854821460833365,0.0023569291416568206,-0.33307988534259386,0.08154575334931685,0.04854821460833365,0.0023569291416568206,-0.33307988534259386,0.08154575334931685,,,0.0,4.0,0.2463094999839086,[],null,null,True,False,False,False,"[1, 1, 1]",,"[1, 1, 1]",,,,,,,,null,,2.0111814798693612,19.0,3.374718784191826e-05,0.6382481427018836,85.0,9.212506327035784e-09,1.2115625251814521,0.10797841560598201,297.0,0.2202104861195567,49.179545964261905,223.32971890158464,True,converged,2.71590340429768e-05,False,8.0,1.0,0.11502130000735633,0.018625400000019,0.46323389999452047,"[20260810, 4011364011, 2235565902, 1499620634, 1499620634, 2004296267, 1387497986, 1337576661]",b867e9855af0a3ac,610c7358dde2c1b141abb0f783ec54c402df554b,1.0,0.6527430465498641,2.199056079139955,0.7762011476232084,0.7762011476232084,0.48051110399625324,0.6268456122279569,0.2339060595961071,0.7762011476232084,0.10167614110168251,1.7083732360389108,0.8999999999999999,1.1,0.8,1.2,0.85,2.031384387633061,7.458653652209672,7.458653652209672,0.7762011476232084,1.7083732360389108,4.181849955258188,4.181849955258188,9.0,1.0,1.541346347790328,True,69682b5dfae1696fb60826250945d3f68505024653d582076b4bc5c576ae2253,theorem_covered,True,1.0,0.18560859728308074,0.18560859728308074,1.0864229916238535,0.6502331423613317,,,,,,,,,,,,,,,,False
replication,b867e9855af0a3ac,3,50,50,4,fixed_rank,success,success,True,True,True,True,True,True,"[1, 1, 1]",,,,,7,dgp3_N50_T50_r00004_truth1-1-1,69682b5dfae1696fb60826250945d3f68505024653d582076b4bc5c576ae2253,1.912419400003273,,,B_entry,target,success,[],dgp3_N50_T50_r00004_truth1-1-1,success,"[1, 1, 1]",0.5749964810678863,0.2145050224047911,0.3193934340495444,0.10201216571396067,0.2145050224047911,0.3193934340495444,0.10201216571396067,-0.3604914586630952,0.2145050224047911,0.3193934340495444,0.10201216571396067,-0.3604914586630952,0.2145050224047911,,,0.0,4.0,0.2463094999839086,[],null,null,False,False,True,False,"[1, 1, 1]",,"[1, 1, 1]",,,,,,,,null,,2.0111814798693612,19.0,3.374718784191826e-05,0.6382481427018836,85.0,8.788083010809824e-09,1.0645240938759732,0.20772213288825953,297.0,0.2202104861195567,49.179545964261905,223.32971890158464,True,converged,7.1580151862098005e-06,False,8.0,1.0,0.11502130000735633,0.01645759999519214,0.5187478000007104,"[20260810, 4011364011, 2235565902, 1499620634, 1499620634, 2004296267, 1387497986, 1337576661]",b867e9855af0a3ac,610c7358dde2c1b141abb0f783ec54c402df554b,1.0,0.6527430465498641,2.199056079139955,0.7762011476232084,0.7762011476232084,0.48051110399625324,0.6268456122279569,0.2339060595961071,0.7762011476232084,0.10167614110168251,1.7083732360389108,0.8999999999999999,1.1,0.8,1.2,0.85,2.031384387633061,7.458653652209672,7.458653652209672,0.7762011476232084,1.7083732360389108,4.181849955258188,4.181849955258188,9.0,1.0,1.541346347790328,True,69682b5dfae1696fb60826250945d3f68505024653d582076b4bc5c576ae2253,entry_leverage_requires_author_choice,False,1.0,0.2100303476517613,0.2100303476517613,0.37827338234448715,1.841294216212659,,,,,,,,,,,,,,,,False
replication,b867e9855af0a3ac,3,50,50,4,fixed_rank,success,success,True,True,True,True,True,True,"[1, 1, 1]",,,,,7,dgp3_N50_T50_r00004_truth1-1-1,69682b5dfae1696fb60826250945d3f68505024653d582076b4bc5c576ae2253,1.912419400003273,,,A_fixed_time_mean,target,success,[],dgp3_N50_T50_r00004_truth1-1-1,success,"[1, 1, 1]",0.39572824374414195,0.10722958025593995,0.05255845267001723,0.0027623909470664413,0.10722958025593995,0.05255845267001723,0.0027623909470664413,-0.28849866348820197,0.10722958025593995,0.05255845267001723,0.0027623909470664413,-0.28849866348820197,0.10722958025593995,,,0.0,4.0,0.2463094999839086,[],null,null,True,True,False,False,"[1, 1, 1]",,"[1, 1, 1]",,,,,,,,null,,2.0111814798693612,19.0,3.374718784191826e-05,0.6382481427018836,88.0,8.392189314637546e-09,1.124771085824055,0.13542488021660434,297.0,0.2202104861195567,49.179545964261905,223.32971890158464,True,converged,3.6069931771212617e-06,False,8.0,1.0,0.11502130000735633,0.01766690000658855,0.5673114999954123,"[20260810, 4011364011, 2235565902, 1499620634, 1499620634, 2004296267, 1387497986, 1337576661]",b867e9855af0a3ac,610c7358dde2c1b141abb0f783ec54c402df554b,1.0,0.6527430465498641,2.199056079139955,0.7762011476232084,0.7762011476232084,0.48051110399625324,0.6268456122279569,0.2339060595961071,0.7762011476232084,0.10167614110168251,1.7083732360389108,0.8999999999999999,1.1,0.8,1.2,0.85,2.031384387633061,7.458653652209672,7.458653652209672,0.7762011476232084,1.7083732360389108,4.181849955258188,4.181849955258188,9.0,1.0,1.541346347790328,True,69682b5dfae1696fb60826250945d3f68505024653d582076b4bc5c576ae2253,theorem_covered,True,0.14142135623730953,0.14069702129767198,0.9948781785233194,,,,,,,,,,,,,,,,,,False
replication,b867e9855af0a3ac,3,50,50,4,fixed_rank,success,success,True,True,True,True,True,True,"[1, 1, 1]",,,,,7,dgp3_N50_T50_r00004_truth1-1-1,69682b5dfae1696fb60826250945d3f68505024653d582076b4bc5c576ae2253,1.912419400003273,,,B_fixed_time_mean,target,success,[],dgp3_N50_T50_r00004_truth1-1-1,success,"[1, 1, 1]",0.8815830905782791,1.058821630786837,0.11929366021388839,0.014230977367226658,1.058821630786837,0.11929366021388839,0.014230977367226658,0.1772385402085579,1.058821630786837,0.11929366021388839,0.014230977367226658,0.1772385402085579,1.058821630786837,,,0.0,4.0,0.2463094999839086,[],null,null,False,True,True,False,"[1, 1, 1]",,"[1, 1, 1]",,,,,,,,null,,2.0111814798693612,19.0,3.374718784191826e-05,0.6382481427018836,94.0,9.577626821998018e-09,0.849814226182653,0.11754847866161733,297.0,0.2202104861195567,49.179545964261905,223.32971890158464,True,converged,9.060750710380508e-05,False,8.0,1.0,0.11502130000735633,0.024181599990697578,0.6294445999956224,"[20260810, 4011364011, 2235565902, 1499620634, 1499620634, 2004296267, 1387497986, 1337576661]",b867e9855af0a3ac,610c7358dde2c1b141abb0f783ec54c402df554b,1.0,0.6527430465498641,2.199056079139955,0.7762011476232084,0.7762011476232084,0.48051110399625324,0.6268456122279569,0.2339060595961071,0.7762011476232084,0.10167614110168251,1.7083732360389108,0.8999999999999999,1.1,0.8,1.2,0.85,2.031384387633061,7.458653652209672,7.458653652209672,0.7762011476232084,1.7083732360389108,4.181849955258188,4.181849955258188,9.0,1.0,1.541346347790328,True,69682b5dfae1696fb60826250945d3f68505024653d582076b4bc5c576ae2253,theorem_covered,True,0.14142135623730953,0.1336626466359368,0.9451376382761216,,,,,,,,,,,,,,,,,,False
replication,b867e9855af0a3ac,3,50,50,4,fixed_rank,success,success,True,True,False,True,False,False,"[1, 1, 1]",,,,,7,dgp3_N50_T50_r00004_truth1-1-1,69682b5dfae1696fb60826250945d3f68505024653d582076b4bc5c576ae2253,1.912419400003273,,,A_full_mean,target,split_fit_failure,[],dgp3_N50_T50_r00004_truth1-1-1,split_fit_not_converged,"[1, 1, 1]",0.4805111039962532,0.434213458433557,0.0319637683731997,0.001021682488615561,0.4354018112301428,0.0184497114350089,0.00034039185203509824,-0.045109292766110365,0.434213458433557,0.0319637683731997,0.001021682488615561,-0.046297645562696166,0.4354018112301428,0.4575283793558223,0.41446359590104925,4.0,4.0,0.2463094999839086,"[{""converged"": true, ""kind"": ""time"", ""max_envelope_ratio"": 0.736828171163939, ""n"": 50, ""numerical_rank_vector"": [1, 1, 1], ""part"": 0, ""rank_supported"": true, ""riesz_converged"": true, ""riesz_equation_residual"": 9.036025476453338e-09, ""riesz_solver"": ""cg"", ""riesz_target_rayleigh_quotient"": 1.0437532438136723, ""riesz_target_stable"": true, ""split_rank_singular_values"": [{""block"": ""A"", ""computational_rank_supported"": true, ""relative_rank_floor"": 1e-10, ""sigma_1"": 19.85037914564226, ""sigma_r"": 19.85037914564226, ""sigma_r_over_sigma_1"": 1.0, ""supplied_rank"": 1}, {""block"": ""B"", ""computational_rank_supported"": true, ""relative_rank_floor"": 1e-10, ""sigma_1"": 34.750379988340406, ""sigma_r"": 34.750379988340406, ""sigma_r_over_sigma_1"": 1.0, ""supplied_rank"": 1}, {""block"": ""H"", ""computational_rank_supported"": true, ""relative_rank_floor"": 1e-10, ""sigma_1"": 50.395368098617176, ""sigma_r"": 50.395368098617176, ""sigma_r_over_sigma_1"": 1.0, ""supplied_rank"": 1}], ""stationarity_residual"": 4.072785690108627e-05, ""t"": 25, ""tangent_gram_condition_number"": 125.51504085184149, ""tangent_gram_coordinate_dimension"": 222, ""tangent_gram_eigensolver_converged"": true, ""tangent_gram_eigensolver_status"": ""converged"", ""tangent_gram_largest_eigenvalue"": 33.12754105865311, ""tangent_gram_smallest_eigenvalue"": 0.263932838915752, ""target_support_norm"": 0.01405130844043361, ""target_supported"": true}, {""converged"": true, ""kind"": ""time"", ""max_envelope_ratio"": 0.9213847055371713, ""n"": 50, ""numerical_rank_vector"": [1, 1, 1], ""part"": 1, ""rank_supported"": true, ""riesz_converged"": true, ""riesz_equation_residual"": 8.66117154694295e-09, ""riesz_solver"": ""cg"", ""riesz_target_rayleigh_quotient"": 0.7547457610353231, ""riesz_target_stable"": true, ""split_rank_singular_values"": [{""block"": ""A"", ""computational_rank_supported"": true, ""relative_rank_floor"": 1e-10, ""sigma_1"": 17.44387623215156, ""sigma_r"": 17.44387623215156, ""sigma_r_over_sigma_1"": 1.0, ""supplied_rank"": 1}, {""block"": ""B"", ""computational_rank_supported"": true, ""relative_rank_floor"": 1e-10, ""sigma_1"": 35.5723936171018, ""sigma_r"": 35.5723936171018, ""sigma_r_over_sigma_1"": 1.0, ""supplied_rank"": 1}, {""block"": ""H"", ""computational_rank_supported"": true, ""relative_rank_floor"": 1e-10, ""sigma_1"": 50.039960435380316, ""sigma_r"": 50.039960435380316, ""sigma_r_over_sigma_1"": 1.0, ""supplied_rank"": 1}], ""stationarity_residual"": 6.393469024218387e-05, ""t"": 25, ""tangent_gram_condition_number"": 219.53271663614996, ""tangent_gram_coordinate_dimension"": 222, ""tangent_gram_eigensolver_converged"": true, ""tangent_gram_eigensolver_status"": ""converged"", ""tangent_gram_largest_eigenvalue"": 48.21322853685792, ""tangent_gram_smallest_eigenvalue"": 0.21961750975261587, ""target_support_norm"": 0.013984158901921874, ""target_supported"": true}, {""converged"": true, ""kind"": ""unit"", ""max_envelope_ratio"": 0.827119942046504, ""n"": 26, ""numerical_rank_vector"": [1, 1, 1], ""part"": 0, ""rank_supported"": true, ""riesz_converged"": true, ""riesz_equation_residual"": 9.30491453549523e-09, ""riesz_solver"": ""cg"", ""riesz_target_rayleigh_quotient"": 0.6666083456903463, ""riesz_target_stable"": true, ""split_rank_singular_values"": [{""block"": ""A"", ""computational_rank_supported"": true, ""relative_rank_floor"": 1e-10, ""sigma_1"": 19.786464656108002, ""sigma_r"": 19.786464656108002, ""sigma_r_over_sigma_1"": 1.0, ""supplied_rank"": 1}, {""block"": ""B"", ""computational_rank_supported"": true, ""relative_rank_floor"": 1e-10, ""sigma_1"": 35.110071400744694, ""sigma_r"": 35.110071400744694, ""sigma_r_over_sigma_1"": 1.0, ""supplied_rank"": 1}, {""block"": ""H"", ""computational_rank_supported"": true, ""relative_rank_floor"": 1e-10, ""sigma_1"": 58.788255652751424, ""sigma_r"": 58.788255652751424, ""sigma_r_over_sigma_1"": 1.0, ""supplied_rank"": 1}], ""stationarity_residual"": 5.044461103054868e-05, ""t"": 50, ""tangent_gram_condition_number"": 277.39054897764413, ""tangent_gram_coordinate_dimension"": 225, ""tangent_gram_eigensolver_converged"": true, ""tangent_gram_eigensolver_status"": ""converged"", ""tangent_gram_largest_eigenvalue"": 49.866940171845606, ""tangent_gram_smallest_eigenvalue"": 0.17977159047284108, ""target_support_norm"": 0.01430263428897575, ""target_supported"": true}, {""converged"": true, ""kind"": ""unit"", ""max_envelope_ratio"": 1.0025756176408454, ""n"": 24, ""numerical_rank_vector"": [1, 1, 1], ""part"": 1, ""rank_supported"": true, ""riesz_converged"": true, ""riesz_equation_residual"": 9.29065857324548e-09, ""riesz_solver"": ""cg"", ""riesz_target_rayleigh_quotient"": 0.6075079263034501, ""riesz_target_stable"": true, ""split_rank_singular_values"": [{""block"": ""A"", ""computational_rank_supported"": true, ""relative_rank_floor"": 1e-10, ""sigma_1"": 16.35848753794597, ""sigma_r"": 16.35848753794597, ""sigma_r_over_sigma_1"": 1.0, ""supplied_rank"": 1}, {""block"": ""B"", ""computational_rank_supported"": true, ""relative_rank_floor"": 1e-10, ""sigma_1"": 40.30176415020299, ""sigma_r"": 40.30176415020299, ""sigma_r_over_sigma_1"": 1.0, ""supplied_rank"": 1}, {""block"": ""H"", ""computational_rank_supported"": true, ""relative_rank_floor"": 1e-10, ""sigma_1"": 54.12878574488719, ""sigma_r"": 54.12878574488719, ""sigma_r_over_sigma_1"": 1.0, ""supplied_rank"": 1}], ""stationarity_residual"": 7.4622001166698e-05, ""t"": 50, ""tangent_gram_condition_number"": 369.40738414889876, ""tangent_gram_coordinate_dimension"": 219, ""tangent_gram_eigensolver_converged"": true, ""tangent_gram_eigensolver_status"": ""converged"", ""tangent_gram_largest_eigenvalue"": 47.45776767277947, ""tangent_gram_smallest_eigenvalue"": 0.12847000279141807, ""target_support_norm"": 0.013549325754899338, ""target_supported"": true}]","[[4, 6, 9, 11, 13, 15, 16, 18, 19, 21, 22, 24, 25, 26, 27, 28, 30, 36, 37, 39, 41, 42, 43, 47, 49], [0, 1, 2, 3, 5, 7, 8, 10, 12, 14, 17, 20, 23, 29, 31, 32, 33, 34, 35, 38, 40, 44, 45, 46, 48]]","[[3, 4, 7, 8, 11, 12, 13, 15, 17, 19, 20, 21, 24, 26, 27, 30, 31, 32, 35, 37, 39, 40, 43, 45, 46, 47], [0, 1, 2, 5, 6, 9, 10, 14, 16, 18, 22, 23, 25, 28, 29, 33, 34, 36, 38, 41, 42, 44, 48, 49]]",False,False,False,True,"[1, 1, 1]",,"[1, 1, 1]",,,,,,,,null,,2.0111814798693612,19.0,3.374718784191826e-05,0.6382481427018836,93.0,9.720106465827757e-09,0.808012185795071,0.01989846546256923,297.0,0.2202104861195567,49.179545964261905,223.32971890158464,True,converged,0.0003155531139890613,False,8.0,1.0,0.11502130000735633,0.08269300000392832,0.75640429998748,"[20260810, 4011364011, 2235565902, 1499620634, 1499620634, 2004296267, 1387497986, 1337576661]",b867e9855af0a3ac,610c7358dde2c1b141abb0f783ec54c402df554b,1.0,0.6527430465498641,2.199056079139955,0.7762011476232084,0.7762011476232084,0.48051110399625324,0.6268456122279569,0.2339060595961071,0.7762011476232084,0.10167614110168251,1.7083732360389108,0.8999999999999999,1.1,0.8,1.2,0.85,2.031384387633061,7.458653652209672,7.458653652209672,0.7762011476232084,1.7083732360389108,4.181849955258188,4.181849955258188,9.0,1.0,1.541346347790328,True,69682b5dfae1696fb60826250945d3f68505024653d582076b4bc5c576ae2253,theorem_covered,True,0.01999999999999997,0.019995723954976133,0.9997861977488082,,,,,,,,,,,,,,,,,,False
replication,b867e9855af0a3ac,3,50,50,4,fixed_rank,success,success,True,True,False,True,False,False,"[1, 1, 1]",,,,,7,dgp3_N50_T50_r00004_truth1-1-1,69682b5dfae1696fb60826250945d3f68505024653d582076b4bc5c576ae2253,1.912419400003273,,,B_full_mean,target,split_fit_failure,[],dgp3_N50_T50_r00004_truth1-1-1,split_fit_not_converged,"[1, 1, 1]",0.626845612227957,0.6409116384863978,0.06713844714208887,0.004507571084651061,0.6261194818111427,0.038744690640631144,0.0015011510528382104,-0.0007261304168142413,0.6409116384863978,0.06713844714208887,0.004507571084651061,0.014066026258440778,0.6261194818111427,0.6292465719585894,0.6082002349884412,4.0,4.0,0.2463094999839086,"[{""converged"": true, ""kind"": ""time"", ""max_envelope_ratio"": 0.736828171163939, ""n"": 50, ""numerical_rank_vector"": [1, 1, 1], ""part"": 0, ""rank_supported"": true, ""riesz_converged"": true, ""riesz_equation_residual"": 8.025966729533107e-09, ""riesz_solver"": ""cg"", ""riesz_target_rayleigh_quotient"": 0.5800028432341169, ""riesz_target_stable"": true, ""split_rank_singular_values"": [{""block"": ""A"", ""computational_rank_supported"": true, ""relative_rank_floor"": 1e-10, ""sigma_1"": 19.85037914564226, ""sigma_r"": 19.85037914564226, ""sigma_r_over_sigma_1"": 1.0, ""supplied_rank"": 1}, {""block"": ""B"", ""computational_rank_supported"": true, ""relative_rank_floor"": 1e-10, ""sigma_1"": 34.750379988340406, ""sigma_r"": 34.750379988340406, ""sigma_r_over_sigma_1"": 1.0, ""supplied_rank"": 1}, {""block"": ""H"", ""computational_rank_supported"": true, ""relative_rank_floor"": 1e-10, ""sigma_1"": 50.395368098617176, ""sigma_r"": 50.395368098617176, ""sigma_r_over_sigma_1"": 1.0, ""supplied_rank"": 1}], ""stationarity_residual"": 4.072785690108627e-05, ""t"": 25, ""tangent_gram_condition_number"": 125.51504085184149, ""tangent_gram_coordinate_dimension"": 222, ""tangent_gram_eigensolver_converged"": true, ""tangent_gram_eigensolver_status"": ""converged"", ""tangent_gram_largest_eigenvalue"": 33.12754105865311, ""tangent_gram_smallest_eigenvalue"": 0.263932838915752, ""target_support_norm"": 0.013180637657365397, ""target_supported"": true}, {""converged"": true, ""kind"": ""time"", ""max_envelope_ratio"": 0.9213847055371713, ""n"": 50, ""numerical_rank_vector"": [1, 1, 1], ""part"": 1, ""rank_supported"": true, ""riesz_converged"": true, ""riesz_equation_residual"": 7.628534202399117e-09, ""riesz_solver"": ""cg"", ""riesz_target_rayleigh_quotient"": 0.48933967805698586, ""riesz_target_stable"": true, ""split_rank_singular_values"": [{""block"": ""A"", ""computational_rank_supported"": true, ""relative_rank_floor"": 1e-10, ""sigma_1"": 17.44387623215156, ""sigma_r"": 17.44387623215156, ""sigma_r_over_sigma_1"": 1.0, ""supplied_rank"": 1}, {""block"": ""B"", ""computational_rank_supported"": true, ""relative_rank_floor"": 1e-10, ""sigma_1"": 35.5723936171018, ""sigma_r"": 35.5723936171018, ""sigma_r_over_sigma_1"": 1.0, ""supplied_rank"": 1}, {""block"": ""H"", ""computational_rank_supported"": true, ""relative_rank_floor"": 1e-10, ""sigma_1"": 50.039960435380316, ""sigma_r"": 50.039960435380316, ""sigma_r_over_sigma_1"": 1.0, ""supplied_rank"": 1}], ""stationarity_residual"": 6.393469024218387e-05, ""t"": 25, ""tangent_gram_condition_number"": 219.53271663614996, ""tangent_gram_coordinate_dimension"": 222, ""tangent_gram_eigensolver_converged"": true, ""tangent_gram_eigensolver_status"": ""converged"", ""tangent_gram_largest_eigenvalue"": 48.21322853685792, ""tangent_gram_smallest_eigenvalue"": 0.21961750975261587, ""target_support_norm"": 0.013205258651389449, ""target_supported"": true}, {""converged"": true, ""kind"": ""unit"", ""max_envelope_ratio"": 0.827119942046504, ""n"": 26, ""numerical_rank_vector"": [1, 1, 1], ""part"": 0, ""rank_supported"": true, ""riesz_converged"": true, ""riesz_equation_residual"": 8.247246227131723e-09, ""riesz_solver"": ""cg"", ""riesz_target_rayleigh_quotient"": 0.5741311737709219, ""riesz_target_stable"": true, ""split_rank_singular_values"": [{""block"": ""A"", ""computational_rank_supported"": true, ""relative_rank_floor"": 1e-10, ""sigma_1"": 19.786464656108002, ""sigma_r"": 19.786464656108002, ""sigma_r_over_sigma_1"": 1.0, ""supplied_rank"": 1}, {""block"": ""B"", ""computational_rank_supported"": true, ""relative_rank_floor"": 1e-10, ""sigma_1"": 35.110071400744694, ""sigma_r"": 35.110071400744694, ""sigma_r_over_sigma_1"": 1.0, ""supplied_rank"": 1}, {""block"": ""H"", ""computational_rank_supported"": true, ""relative_rank_floor"": 1e-10, ""sigma_1"": 58.788255652751424, ""sigma_r"": 58.788255652751424, ""sigma_r_over_sigma_1"": 1.0, ""supplied_rank"": 1}], ""stationarity_residual"": 5.044461103054868e-05, ""t"": 50, ""tangent_gram_condition_number"": 277.39054897764413, ""tangent_gram_coordinate_dimension"": 225, ""tangent_gram_eigensolver_converged"": true, ""tangent_gram_eigensolver_status"": ""converged"", ""tangent_gram_largest_eigenvalue"": 49.866940171845606, ""tangent_gram_smallest_eigenvalue"": 0.17977159047284108, ""target_support_norm"": 0.012857501027570757, ""target_supported"": true}, {""converged"": true, ""kind"": ""unit"", ""max_envelope_ratio"": 1.0025756176408454, ""n"": 24, ""numerical_rank_vector"": [1, 1, 1], ""part"": 1, ""rank_supported"": true, ""riesz_converged"": true, ""riesz_equation_residual"": 6.897248830626336e-09, ""riesz_solver"": ""cg"", ""riesz_target_rayleigh_quotient"": 0.429969759594715, ""riesz_target_stable"": true, ""split_rank_singular_values"": [{""block"": ""A"", ""computational_rank_supported"": true, ""relative_rank_floor"": 1e-10, ""sigma_1"": 16.35848753794597, ""sigma_r"": 16.35848753794597, ""sigma_r_over_sigma_1"": 1.0, ""supplied_rank"": 1}, {""block"": ""B"", ""computational_rank_supported"": true, ""relative_rank_floor"": 1e-10, ""sigma_1"": 40.30176415020299, ""sigma_r"": 40.30176415020299, ""sigma_r_over_sigma_1"": 1.0, ""supplied_rank"": 1}, {""block"": ""H"", ""computational_rank_supported"": true, ""relative_rank_floor"": 1e-10, ""sigma_1"": 54.12878574488719, ""sigma_r"": 54.12878574488719, ""sigma_r_over_sigma_1"": 1.0, ""supplied_rank"": 1}], ""stationarity_residual"": 7.4622001166698e-05, ""t"": 50, ""tangent_gram_condition_number"": 369.40738414889876, ""tangent_gram_coordinate_dimension"": 219, ""tangent_gram_eigensolver_converged"": true, ""tangent_gram_eigensolver_status"": ""converged"", ""tangent_gram_largest_eigenvalue"": 47.45776767277947, ""tangent_gram_smallest_eigenvalue"": 0.12847000279141807, ""target_support_norm"": 0.012682453009443711, ""target_supported"": true}]","[[4, 6, 9, 11, 13, 15, 16, 18, 19, 21, 22, 24, 25, 26, 27, 28, 30, 36, 37, 39, 41, 42, 43, 47, 49], [0, 1, 2, 3, 5, 7, 8, 10, 12, 14, 17, 20, 23, 29, 31, 32, 33, 34, 35, 38, 40, 44, 45, 46, 48]]","[[3, 4, 7, 8, 11, 12, 13, 15, 17, 19, 20, 21, 24, 26, 27, 30, 31, 32, 35, 37, 39, 40, 43, 45, 46, 47], [0, 1, 2, 5, 6, 9, 10, 14, 16, 18, 22, 23, 25, 28, 29, 33, 34, 36, 38, 41, 42, 44, 48, 49]]",False,False,False,True,"[1, 1, 1]",,"[1, 1, 1]",,,,,,,,null,,2.0111814798693612,19.0,3.374718784191826e-05,0.6382481427018836,96.0,9.143325217949347e-09,0.6215565628301198,0.019159319823011018,297.0,0.2202104861195567,49.179545964261905,223.32971890158464,True,converged,0.0002081071383994862,False,8.0,1.0,0.11502130000735633,0.10223059999407269,0.898217999987537,"[20260810, 4011364011, 2235565902, 1499620634, 1499620634, 2004296267, 1387497986, 1337576661]",b867e9855af0a3ac,610c7358dde2c1b141abb0f783ec54c402df554b,1.0,0.6527430465498641,2.199056079139955,0.7762011476232084,0.7762011476232084,0.48051110399625324,0.6268456122279569,0.2339060595961071,0.7762011476232084,0.10167614110168251,1.7083732360389108,0.8999999999999999,1.1,0.8,1.2,0.85,2.031384387633061,7.458653652209672,7.458653652209672,0.7762011476232084,1.7083732360389108,4.181849955258188,4.181849955258188,9.0,1.0,1.541346347790328,True,69682b5dfae1696fb60826250945d3f68505024653d582076b4bc5c576ae2253,theorem_covered,True,0.01999999999999997,0.019923328950824253,0.9961664475412142,,,,,,,,,,,,,,,,,,False
replication,b867e9855af0a3ac,3,50,50,4,fixed_rank,success,success,True,True,True,True,True,True,"[1, 1, 1]",,,,,7,dgp3_N50_T50_r00004_truth1-1-1,69682b5dfae1696fb60826250945d3f68505024653d582076b4bc5c576ae2253,1.912419400003273,,,A_G1_fixed_time,target,success,[],dgp3_N50_T50_r00004_truth1-1-1,success,"[1, 1, 1]",0.39825783276287985,0.10884714901881629,0.05337253369158869,0.0028486273526597697,0.10884714901881629,0.05337253369158869,0.0028486273526597697,-0.28941068374406353,0.10884714901881629,0.05337253369158869,0.0028486273526597697,-0.28941068374406353,0.10884714901881629,,,0.0,4.0,0.2463094999839086,[],null,null,True,True,False,False,"[1, 1, 1]",,"[1, 1, 1]",,,,,,,,null,,2.0111814798693612,19.0,3.374718784191826e-05,0.6382481427018836,88.0,9.941724633477962e-09,1.1251574561341968,0.13754288915548807,297.0,0.2202104861195567,49.179545964261905,223.32971890158464,True,converged,2.9848351020344233e-06,False,8.0,1.0,0.11502130000735633,0.017606500012334436,1.0498706999933347,"[20260810, 4011364011, 2235565902, 1499620634, 1499620634, 2004296267, 1387497986, 1337576661]",b867e9855af0a3ac,610c7358dde2c1b141abb0f783ec54c402df554b,1.0,0.6527430465498641,2.199056079139955,0.7762011476232084,0.7762011476232084,0.48051110399625324,0.6268456122279569,0.2339060595961071,0.7762011476232084,0.10167614110168251,1.7083732360389108,0.8999999999999999,1.1,0.8,1.2,0.85,2.031384387633061,7.458653652209672,7.458653652209672,0.7762011476232084,1.7083732360389108,4.181849955258188,4.181849955258188,9.0,1.0,1.541346347790328,True,69682b5dfae1696fb60826250945d3f68505024653d582076b4bc5c576ae2253,theorem_covered,True,0.2,0.1425001584745732,0.712500792372866,,,,,,,,,,,,,,,,,,False
replication,b867e9855af0a3ac,3,50,50,4,fixed_rank,success,success,True,True,True,True,True,True,"[1, 1, 1]",,,,,7,dgp3_N50_T50_r00004_truth1-1-1,69682b5dfae1696fb60826250945d3f68505024653d582076b4bc5c576ae2253,1.912419400003273,,,A_G2_fixed_time,target,success,[],dgp3_N50_T50_r00004_truth1-1-1,success,"[1, 1, 1]",0.393198654725404,0.1056120114930636,0.05197295249369246,0.002701187790911613,0.1056120114930636,0.05197295249369246,0.002701187790911613,-0.2875866432323404,0.1056120114930636,0.05197295249369246,0.002701187790911613,-0.2875866432323404,0.1056120114930636,,,0.0,4.0,0.2463094999839086,[],null,null,True,True,False,False,"[1, 1, 1]",,"[1, 1, 1]",,,,,,,,null,,2.0111814798693612,19.0,3.374718784191826e-05,0.6382481427018836,89.0,7.646061329952239e-09,1.1253479585539057,0.13346420935552342,297.0,0.2202104861195567,49.179545964261905,223.32971890158464,True,converged,4.244942269393446e-06,False,8.0,1.0,0.11502130000735633,0.019326500012539327,1.1457857999776024,"[20260810, 4011364011, 2235565902, 1499620634, 1499620634, 2004296267, 1387497986, 1337576661]",b867e9855af0a3ac,610c7358dde2c1b141abb0f783ec54c402df554b,1.0,0.6527430465498641,2.199056079139955,0.7762011476232084,0.7762011476232084,0.48051110399625324,0.6268456122279569,0.2339060595961071,0.7762011476232084,0.10167614110168251,1.7083732360389108,0.8999999999999999,1.1,0.8,1.2,0.85,2.031384387633061,7.458653652209672,7.458653652209672,0.7762011476232084,1.7083732360389108,4.181849955258188,4.181849955258188,9.0,1.0,1.541346347790328,True,69682b5dfae1696fb60826250945d3f68505024653d582076b4bc5c576ae2253,theorem_covered,True,0.2,0.14073660300723165,0.7036830150361582,,,,,,,,,,,,,,,,,,False
replication,b867e9855af0a3ac,3,50,50,4,fixed_rank,success,success,True,True,True,True,True,True,"[1, 1, 1]",,,,,7,dgp3_N50_T50_r00004_truth1-1-1,69682b5dfae1696fb60826250945d3f68505024653d582076b4bc5c576ae2253,1.912419400003273,,,A_G2_minus_G1_fixed_time,target,success,[],dgp3_N50_T50_r00004_truth1-1-1,success,"[1, 1, 1]",-0.00505917803747586,-0.0032351375257526896,0.007075768529271725,5.0066500279832146e-05,-0.0032351375257526896,0.007075768529271725,5.0066500279832146e-05,0.0018240405117231706,-0.0032351375257526896,0.007075768529271725,5.0066500279832146e-05,0.0018240405117231706,-0.0032351375257526896,,,0.0,4.0,0.2463094999839086,[],null,null,False,False,True,False,"[1, 1, 1]",,"[1, 1, 1]",,,,,,,,null,,2.0111814798693612,19.0,3.374718784191826e-05,0.6382481427018836,89.0,9.482766328333209e-09,1.8076820262826176,0.010094074773902059,297.0,0.2202104861195567,49.179545964261905,223.32971890158464,True,converged,1.714581435533601e-05,False,8.0,1.0,0.11502130000735633,0.023878700012573972,1.2032781000016257,"[20260810, 4011364011, 2235565902, 1499620634, 1499620634, 2004296267, 1387497986, 1337576661]",b867e9855af0a3ac,610c7358dde2c1b141abb0f783ec54c402df554b,1.0,0.6527430465498641,2.199056079139955,0.7762011476232084,0.7762011476232084,0.48051110399625324,0.6268456122279569,0.2339060595961071,0.7762011476232084,0.10167614110168251,1.7083732360389108,0.8999999999999999,1.1,0.8,1.2,0.85,2.031384387633061,7.458653652209672,7.458653652209672,0.7762011476232084,1.7083732360389108,4.181849955258188,4.181849955258188,9.0,1.0,1.541346347790328,True,69682b5dfae1696fb60826250945d3f68505024653d582076b4bc5c576ae2253,weak_target_stress_outside_assumption9,False,0.28284271247461906,0.03230427176763066,0.11421284814092388,,,,,,,,,,,,,,,,,,False
replication,b867e9855af0a3ac,3,50,50,4,fixed_rank,success,success,True,True,False,True,False,False,"[1, 1, 1]",,,,,7,dgp3_N50_T50_r00004_truth1-1-1,69682b5dfae1696fb60826250945d3f68505024653d582076b4bc5c576ae2253,1.912419400003273,,,A_G1_time_average,target,split_fit_failure,[],dgp3_N50_T50_r00004_truth1-1-1,split_fit_not_converged,"[1, 1, 1]",0.48358264521491956,0.43785811965536636,0.039695577453018764,0.0015757388693286116,0.4419698903689834,0.023590350036206766,0.0005565046148307605,-0.041612754845936184,0.43785811965536636,0.039695577453018764,0.0015757388693286116,-0.0457245255595532,0.4419698903689834,0.45335321299379505,0.4346983384577888,4.0,4.0,0.2463094999839086,"[{""converged"": true, ""kind"": ""time"", ""max_envelope_ratio"": 0.736828171163939, ""n"": 50, ""numerical_rank_vector"": [1, 1, 1], ""part"": 0, ""rank_supported"": true, ""riesz_converged"": true, ""riesz_equation_residual"": 8.790658379273566e-09, ""riesz_solver"": ""cg"", ""riesz_target_rayleigh_quotient"": 1.394034027135474, ""riesz_target_stable"": true, ""split_rank_singular_values"": [{""block"": ""A"", ""computational_rank_supported"": true, ""relative_rank_floor"": 1e-10, ""sigma_1"": 19.85037914564226, ""sigma_r"": 19.85037914564226, ""sigma_r_over_sigma_1"": 1.0, ""supplied_rank"": 1}, {""block"": ""B"", ""computational_rank_supported"": true, ""relative_rank_floor"": 1e-10, ""sigma_1"": 34.750379988340406, ""sigma_r"": 34.750379988340406, ""sigma_r_over_sigma_1"": 1.0, ""supplied_rank"": 1}, {""block"": ""H"", ""computational_rank_supported"": true, ""relative_rank_floor"": 1e-10, ""sigma_1"": 50.395368098617176, ""sigma_r"": 50.395368098617176, ""sigma_r_over_sigma_1"": 1.0, ""supplied_rank"": 1}], ""stationarity_residual"": 4.072785690108627e-05, ""t"": 25, ""tangent_gram_condition_number"": 125.51504085184149, ""tangent_gram_coordinate_dimension"": 222, ""tangent_gram_eigensolver_converged"": true, ""tangent_gram_eigensolver_status"": ""converged"", ""tangent_gram_largest_eigenvalue"": 33.12754105865311, ""tangent_gram_smallest_eigenvalue"": 0.263932838915752, ""target_support_norm"": 0.019303219019666973, ""target_supported"": true}, {""converged"": true, ""kind"": ""time"", ""max_envelope_ratio"": 0.9213847055371713, ""n"": 50, ""numerical_rank_vector"": [1, 1, 1], ""part"": 1, ""rank_supported"": true, ""riesz_converged"": true, ""riesz_equation_residual"": 9.425438739087716e-09, ""riesz_solver"": ""cg"", ""riesz_target_rayleigh_quotient"": 1.1942815764519898, ""riesz_target_stable"": true, ""split_rank_singular_values"": [{""block"": ""A"", ""computational_rank_supported"": true, ""relative_rank_floor"": 1e-10, ""sigma_1"": 17.44387623215156, ""sigma_r"": 17.44387623215156, ""sigma_r_over_sigma_1"": 1.0, ""supplied_rank"": 1}, {""block"": ""B"", ""computational_rank_supported"": true, ""relative_rank_floor"": 1e-10, ""sigma_1"": 35.5723936171018, ""sigma_r"": 35.5723936171018, ""sigma_r_over_sigma_1"": 1.0, ""supplied_rank"": 1}, {""block"": ""H"", ""computational_rank_supported"": true, ""relative_rank_floor"": 1e-10, ""sigma_1"": 50.039960435380316, ""sigma_r"": 50.039960435380316, ""sigma_r_over_sigma_1"": 1.0, ""supplied_rank"": 1}], ""stationarity_residual"": 6.393469024218387e-05, ""t"": 25, ""tangent_gram_condition_number"": 219.53271663614996, ""tangent_gram_coordinate_dimension"": 222, ""tangent_gram_eigensolver_converged"": true, ""tangent_gram_eigensolver_status"": ""converged"", ""tangent_gram_largest_eigenvalue"": 48.21322853685792, ""tangent_gram_smallest_eigenvalue"": 0.21961750975261587, ""target_support_norm"": 0.0189635454128561, ""target_supported"": true}, {""converged"": true, ""kind"": ""unit"", ""max_envelope_ratio"": 0.827119942046504, ""n"": 26, ""numerical_rank_vector"": [1, 1, 1], ""part"": 0, ""rank_supported"": true, ""riesz_converged"": true, ""riesz_equation_residual"": 7.467154713264542e-09, ""riesz_solver"": ""cg"", ""riesz_target_rayleigh_quotient"": 0.8861249675233966, ""riesz_target_stable"": true, ""split_rank_singular_values"": [{""block"": ""A"", ""computational_rank_supported"": true, ""relative_rank_floor"": 1e-10, ""sigma_1"": 19.786464656108002, ""sigma_r"": 19.786464656108002, ""sigma_r_over_sigma_1"": 1.0, ""supplied_rank"": 1}, {""block"": ""B"", ""computational_rank_supported"": true, ""relative_rank_floor"": 1e-10, ""sigma_1"": 35.110071400744694, ""sigma_r"": 35.110071400744694, ""sigma_r_over_sigma_1"": 1.0, ""supplied_rank"": 1}, {""block"": ""H"", ""computational_rank_supported"": true, ""relative_rank_floor"": 1e-10, ""sigma_1"": 58.788255652751424, ""sigma_r"": 58.788255652751424, ""sigma_r_over_sigma_1"": 1.0, ""supplied_rank"": 1}], ""stationarity_residual"": 5.044461103054868e-05, ""t"": 50, ""tangent_gram_condition_number"": 277.39054897764413, ""tangent_gram_coordinate_dimension"": 225, ""tangent_gram_eigensolver_converged"": true, ""tangent_gram_eigensolver_status"": ""converged"", ""tangent_gram_largest_eigenvalue"": 49.866940171845606, ""tangent_gram_smallest_eigenvalue"": 0.17977159047284108, ""target_support_norm"": 0.019500295578697938, ""target_supported"": true}, {""converged"": true, ""kind"": ""unit"", ""max_envelope_ratio"": 1.0025756176408454, ""n"": 24, ""numerical_rank_vector"": [1, 1, 1], ""part"": 1, ""rank_supported"": true, ""riesz_converged"": true, ""riesz_equation_residual"": 7.790179486158428e-09, ""riesz_solver"": ""cg"", ""riesz_target_rayleigh_quotient"": 0.8609718879824628, ""riesz_target_stable"": true, ""split_rank_singular_values"": [{""block"": ""A"", ""computational_rank_supported"": true, ""relative_rank_floor"": 1e-10, ""sigma_1"": 16.35848753794597, ""sigma_r"": 16.35848753794597, ""sigma_r_over_sigma_1"": 1.0, ""supplied_rank"": 1}, {""block"": ""B"", ""computational_rank_supported"": true, ""relative_rank_floor"": 1e-10, ""sigma_1"": 40.30176415020299, ""sigma_r"": 40.30176415020299, ""sigma_r_over_sigma_1"": 1.0, ""supplied_rank"": 1}, {""block"": ""H"", ""computational_rank_supported"": true, ""relative_rank_floor"": 1e-10, ""sigma_1"": 54.12878574488719, ""sigma_r"": 54.12878574488719, ""sigma_r_over_sigma_1"": 1.0, ""supplied_rank"": 1}], ""stationarity_residual"": 7.4622001166698e-05, ""t"": 50, ""tangent_gram_condition_number"": 369.40738414889876, ""tangent_gram_coordinate_dimension"": 219, ""tangent_gram_eigensolver_converged"": true, ""tangent_gram_eigensolver_status"": ""converged"", ""tangent_gram_largest_eigenvalue"": 47.45776767277947, ""tangent_gram_smallest_eigenvalue"": 0.12847000279141807, ""target_support_norm"": 0.01749791412742284, ""target_supported"": true}]","[[4, 6, 9, 11, 13, 15, 16, 18, 19, 21, 22, 24, 25, 26, 27, 28, 30, 36, 37, 39, 41, 42, 43, 47, 49], [0, 1, 2, 3, 5, 7, 8, 10, 12, 14, 17, 20, 23, 29, 31, 32, 33, 34, 35, 38, 40, 44, 45, 46, 48]]","[[3, 4, 7, 8, 11, 12, 13, 15, 17, 19, 20, 21, 24, 26, 27, 30, 31, 32, 35, 37, 39, 40, 43, 45, 46, 47], [0, 1, 2, 5, 6, 9, 10, 14, 16, 18, 22, 23, 25, 28, 29, 33, 34, 36, 38, 41, 42, 44, 48, 49]]",False,False,False,True,"[1, 1, 1]",,"[1, 1, 1]",,,,,,,,null,,2.0111814798693612,19.0,3.374718784191826e-05,0.6382481427018836,91.0,9.261596193105163e-09,1.2453449321406034,0.027359726811792526,297.0,0.2202104861195567,49.179545964261905,223.32971890158464,True,converged,0.0002361044589635735,False,8.0,1.0,0.11502130000735633,0.0701106000051368,1.30412729998352,"[20260810, 4011364011, 2235565902, 1499620634, 1499620634, 2004296267, 1387497986, 1337576661]",b867e9855af0a3ac,610c7358dde2c1b141abb0f783ec54c402df554b,1.0,0.6527430465498641,2.199056079139955,0.7762011476232084,0.7762011476232084,0.48051110399625324,0.6268456122279569,0.2339060595961071,0.7762011476232084,0.10167614110168251,1.7083732360389108,0.8999999999999999,1.1,0.8,1.2,0.85,2.031384387633061,7.458653652209672,7.458653652209672,0.7762011476232084,1.7083732360389108,4.181849955258188,4.181849955258188,9.0,1.0,1.541346347790328,True,69682b5dfae1696fb60826250945d3f68505024653d582076b4bc5c576ae2253,theorem_covered,True,0.028284271247461912,0.02799138981591907,0.9896450776836216,,,,,,,,,,,,,,,,,,False
replication,b867e9855af0a3ac,3,50,50,4,fixed_rank,success,success,True,True,False,True,False,False,"[1, 1, 1]",,,,,7,dgp3_N50_T50_r00004_truth1-1-1,69682b5dfae1696fb60826250945d3f68505024653d582076b4bc5c576ae2253,1.912419400003273,,,A_G2_time_average,target,split_fit_failure,[],dgp3_N50_T50_r00004_truth1-1-1,split_fit_not_converged,"[1, 1, 1]",0.47743956277758687,0.4305687972117479,0.041931571162206874,0.001758256660131219,0.4288337320913023,0.022835136104134887,0.0005214434408943647,-0.048605830686284546,0.4305687972117479,0.041931571162206874,0.001758256660131219,-0.04687076556583897,0.4288337320913023,0.46170354571784955,0.39422885334430957,4.0,4.0,0.2463094999839086,"[{""converged"": true, ""kind"": ""time"", ""max_envelope_ratio"": 0.736828171163939, ""n"": 50, ""numerical_rank_vector"": [1, 1, 1], ""part"": 0, ""rank_supported"": true, ""riesz_converged"": true, ""riesz_equation_residual"": 9.723241724758915e-09, ""riesz_solver"": ""cg"", ""riesz_target_rayleigh_quotient"": 1.2235429253213557, ""riesz_target_stable"": true, ""split_rank_singular_values"": [{""block"": ""A"", ""computational_rank_supported"": true, ""relative_rank_floor"": 1e-10, ""sigma_1"": 19.85037914564226, ""sigma_r"": 19.85037914564226, ""sigma_r_over_sigma_1"": 1.0, ""supplied_rank"": 1}, {""block"": ""B"", ""computational_rank_supported"": true, ""relative_rank_floor"": 1e-10, ""sigma_1"": 34.750379988340406, ""sigma_r"": 34.750379988340406, ""sigma_r_over_sigma_1"": 1.0, ""supplied_rank"": 1}, {""block"": ""H"", ""computational_rank_supported"": true, ""relative_rank_floor"": 1e-10, ""sigma_1"": 50.395368098617176, ""sigma_r"": 50.395368098617176, ""sigma_r_over_sigma_1"": 1.0, ""supplied_rank"": 1}], ""stationarity_residual"": 4.072785690108627e-05, ""t"": 25, ""tangent_gram_condition_number"": 125.51504085184149, ""tangent_gram_coordinate_dimension"": 222, ""tangent_gram_eigensolver_converged"": true, ""tangent_gram_eigensolver_status"": ""converged"", ""tangent_gram_largest_eigenvalue"": 33.12754105865311, ""tangent_gram_smallest_eigenvalue"": 0.263932838915752, ""target_support_norm"": 0.019398015388007596, ""target_supported"": true}, {""converged"": true, ""kind"": ""time"", ""max_envelope_ratio"": 0.9213847055371713, ""n"": 50, ""numerical_rank_vector"": [1, 1, 1], ""part"": 1, ""rank_supported"": true, ""riesz_converged"": true, ""riesz_equation_residual"": 5.480257353408787e-09, ""riesz_solver"": ""cg"", ""riesz_target_rayleigh_quotient"": 0.7882980375729101, ""riesz_target_stable"": true, ""split_rank_singular_values"": [{""block"": ""A"", ""computational_rank_supported"": true, ""relative_rank_floor"": 1e-10, ""sigma_1"": 17.44387623215156, ""sigma_r"": 17.44387623215156, ""sigma_r_over_sigma_1"": 1.0, ""supplied_rank"": 1}, {""block"": ""B"", ""computational_rank_supported"": true, ""relative_rank_floor"": 1e-10, ""sigma_1"": 35.5723936171018, ""sigma_r"": 35.5723936171018, ""sigma_r_over_sigma_1"": 1.0, ""supplied_rank"": 1}, {""block"": ""H"", ""computational_rank_supported"": true, ""relative_rank_floor"": 1e-10, ""sigma_1"": 50.039960435380316, ""sigma_r"": 50.039960435380316, ""sigma_r_over_sigma_1"": 1.0, ""supplied_rank"": 1}], ""stationarity_residual"": 6.393469024218387e-05, ""t"": 25, ""tangent_gram_condition_number"": 219.53271663614996, ""tangent_gram_coordinate_dimension"": 222, ""tangent_gram_eigensolver_converged"": true, ""tangent_gram_eigensolver_status"": ""converged"", ""tangent_gram_largest_eigenvalue"": 48.21322853685792, ""tangent_gram_smallest_eigenvalue"": 0.21961750975261587, ""target_support_norm"": 0.0188438983897275, ""target_supported"": true}, {""converged"": true, ""kind"": ""unit"", ""max_envelope_ratio"": 0.827119942046504, ""n"": 26, ""numerical_rank_vector"": [1, 1, 1], ""part"": 0, ""rank_supported"": true, ""riesz_converged"": true, ""riesz_equation_residual"": 5.92334471040639e-09, ""riesz_solver"": ""cg"", ""riesz_target_rayleigh_quotient"": 0.8932348216830059, ""riesz_target_stable"": true, ""split_rank_singular_values"": [{""block"": ""A"", ""computational_rank_supported"": true, ""relative_rank_floor"": 1e-10, ""sigma_1"": 19.786464656108002, ""sigma_r"": 19.786464656108002, ""sigma_r_over_sigma_1"": 1.0, ""supplied_rank"": 1}, {""block"": ""B"", ""computational_rank_supported"": true, ""relative_rank_floor"": 1e-10, ""sigma_1"": 35.110071400744694, ""sigma_r"": 35.110071400744694, ""sigma_r_over_sigma_1"": 1.0, ""supplied_rank"": 1}, {""block"": ""H"", ""computational_rank_supported"": true, ""relative_rank_floor"": 1e-10, ""sigma_1"": 58.788255652751424, ""sigma_r"": 58.788255652751424, ""sigma_r_over_sigma_1"": 1.0, ""supplied_rank"": 1}], ""stationarity_residual"": 5.044461103054868e-05, ""t"": 50, ""tangent_gram_condition_number"": 277.39054897764413, ""tangent_gram_coordinate_dimension"": 225, ""tangent_gram_eigensolver_converged"": true, ""tangent_gram_eigensolver_status"": ""converged"", ""tangent_gram_largest_eigenvalue"": 49.866940171845606, ""tangent_gram_smallest_eigenvalue"": 0.17977159047284108, ""target_support_norm"": 0.019281164412498504, ""target_supported"": true}, {""converged"": true, ""kind"": ""unit"", ""max_envelope_ratio"": 1.0025756176408454, ""n"": 24, ""numerical_rank_vector"": [1, 1, 1], ""part"": 1, ""rank_supported"": true, ""riesz_converged"": true, ""riesz_equation_residual"": 8.934949356049412e-09, ""riesz_solver"": ""cg"", ""riesz_target_rayleigh_quotient"": 0.6884601051426715, ""riesz_target_stable"": true, ""split_rank_singular_values"": [{""block"": ""A"", ""computational_rank_supported"": true, ""relative_rank_floor"": 1e-10, ""sigma_1"": 16.35848753794597, ""sigma_r"": 16.35848753794597, ""sigma_r_over_sigma_1"": 1.0, ""supplied_rank"": 1}, {""block"": ""B"", ""computational_rank_supported"": true, ""relative_rank_floor"": 1e-10, ""sigma_1"": 40.30176415020299, ""sigma_r"": 40.30176415020299, ""sigma_r_over_sigma_1"": 1.0, ""supplied_rank"": 1}, {""block"": ""H"", ""computational_rank_supported"": true, ""relative_rank_floor"": 1e-10, ""sigma_1"": 54.12878574488719, ""sigma_r"": 54.12878574488719, ""sigma_r_over_sigma_1"": 1.0, ""supplied_rank"": 1}], ""stationarity_residual"": 7.4622001166698e-05, ""t"": 50, ""tangent_gram_condition_number"": 369.40738414889876, ""tangent_gram_coordinate_dimension"": 219, ""tangent_gram_eigensolver_converged"": true, ""tangent_gram_eigensolver_status"": ""converged"", ""tangent_gram_largest_eigenvalue"": 47.45776767277947, ""tangent_gram_smallest_eigenvalue"": 0.12847000279141807, ""target_support_norm"": 0.017300040334597252, ""target_supported"": true}]","[[4, 6, 9, 11, 13, 15, 16, 18, 19, 21, 22, 24, 25, 26, 27, 28, 30, 36, 37, 39, 41, 42, 43, 47, 49], [0, 1, 2, 3, 5, 7, 8, 10, 12, 14, 17, 20, 23, 29, 31, 32, 33, 34, 35, 38, 40, 44, 45, 46, 48]]","[[3, 4, 7, 8, 11, 12, 13, 15, 17, 19, 20, 21, 24, 26, 27, 30, 31, 32, 35, 37, 39, 40, 43, 45, 46, 47], [0, 1, 2, 5, 6, 9, 10, 14, 16, 18, 22, 23, 25, 28, 29, 33, 34, 36, 38, 41, 42, 44, 48, 49]]",False,False,False,True,"[1, 1, 1]",,"[1, 1, 1]",,,,,,,,null,,2.0111814798693612,19.0,3.374718784191826e-05,0.6382481427018836,90.0,9.870700748469747e-09,0.9196016630441642,0.027310388356113692,297.0,0.2202104861195567,49.179545964261905,223.32971890158464,True,converged,0.00026070119352339334,False,8.0,1.0,0.11502130000735633,0.0659956999879796,1.4010424999869429,"[20260810, 4011364011, 2235565902, 1499620634, 1499620634, 2004296267, 1387497986, 1337576661]",b867e9855af0a3ac,610c7358dde2c1b141abb0f783ec54c402df554b,1.0,0.6527430465498641,2.199056079139955,0.7762011476232084,0.7762011476232084,0.48051110399625324,0.6268456122279569,0.2339060595961071,0.7762011476232084,0.10167614110168251,1.7083732360389108,0.8999999999999999,1.1,0.8,1.2,0.85,2.031384387633061,7.458653652209672,7.458653652209672,0.7762011476232084,1.7083732360389108,4.181849955258188,4.181849955258188,9.0,1.0,1.541346347790328,True,69682b5dfae1696fb60826250945d3f68505024653d582076b4bc5c576ae2253,theorem_covered,True,0.028284271247461912,0.027983921421494716,0.9893810300665198,,,,,,,,,,,,,,,,,,False
replication,b867e9855af0a3ac,3,50,50,4,fixed_rank,success,success,True,True,False,True,False,False,"[1, 1, 1]",,,,,7,dgp3_N50_T50_r00004_truth1-1-1,69682b5dfae1696fb60826250945d3f68505024653d582076b4bc5c576ae2253,1.912419400003273,,,A_G2_minus_G1_time_average,target,split_fit_failure,[],dgp3_N50_T50_r00004_truth1-1-1,split_fit_not_converged,"[1, 1, 1]",-0.006143082437332616,-0.007289322443618261,0.050806113129392524,0.0025812611313166312,-0.013136158277681003,0.028183837673070714,0.000794328705982,-0.006993075840348388,-0.007289322443618261,0.050806113129392524,0.0025812611313166312,-0.0011462400062856454,-0.013136158277681003,0.008350332724054478,-0.040469485113479226,4.0,4.0,0.2463094999839086,"[{""converged"": true, ""kind"": ""time"", ""max_envelope_ratio"": 0.736828171163939, ""n"": 50, ""numerical_rank_vector"": [1, 1, 1], ""part"": 0, ""rank_supported"": true, ""riesz_converged"": true, ""riesz_equation_residual"": 8.916731577109246e-09, ""riesz_solver"": ""cg"", ""riesz_target_rayleigh_quotient"": 2.0823152687050364, ""riesz_target_stable"": true, ""split_rank_singular_values"": [{""block"": ""A"", ""computational_rank_supported"": true, ""relative_rank_floor"": 1e-10, ""sigma_1"": 19.85037914564226, ""sigma_r"": 19.85037914564226, ""sigma_r_over_sigma_1"": 1.0, ""supplied_rank"": 1}, {""block"": ""B"", ""computational_rank_supported"": true, ""relative_rank_floor"": 1e-10, ""sigma_1"": 34.750379988340406, ""sigma_r"": 34.750379988340406, ""sigma_r_over_sigma_1"": 1.0, ""supplied_rank"": 1}, {""block"": ""H"", ""computational_rank_supported"": true, ""relative_rank_floor"": 1e-10, ""sigma_1"": 50.395368098617176, ""sigma_r"": 50.395368098617176, ""sigma_r_over_sigma_1"": 1.0, ""supplied_rank"": 1}], ""stationarity_residual"": 4.072785690108627e-05, ""t"": 25, ""tangent_gram_condition_number"": 125.51504085184149, ""tangent_gram_coordinate_dimension"": 222, ""tangent_gram_eigensolver_converged"": true, ""tangent_gram_eigensolver_status"": ""converged"", ""tangent_gram_largest_eigenvalue"": 33.12754105865311, ""tangent_gram_smallest_eigenvalue"": 0.263932838915752, ""target_support_norm"": 0.026608973213493623, ""target_supported"": true}, {""converged"": true, ""kind"": ""time"", ""max_envelope_ratio"": 0.9213847055371713, ""n"": 50, ""numerical_rank_vector"": [1, 1, 1], ""part"": 1, ""rank_supported"": true, ""riesz_converged"": true, ""riesz_equation_residual"": 7.982435288130497e-09, ""riesz_solver"": ""cg"", ""riesz_target_rayleigh_quotient"": 1.8672762537086174, ""riesz_target_stable"": true, ""split_rank_singular_values"": [{""block"": ""A"", ""computational_rank_supported"": true, ""relative_rank_floor"": 1e-10, ""sigma_1"": 17.44387623215156, ""sigma_r"": 17.44387623215156, ""sigma_r_over_sigma_1"": 1.0, ""supplied_rank"": 1}, {""block"": ""B"", ""computational_rank_supported"": true, ""relative_rank_floor"": 1e-10, ""sigma_1"": 35.5723936171018, ""sigma_r"": 35.5723936171018, ""sigma_r_over_sigma_1"": 1.0, ""supplied_rank"": 1}, {""block"": ""H"", ""computational_rank_supported"": true, ""relative_rank_floor"": 1e-10, ""sigma_1"": 50.039960435380316, ""sigma_r"": 50.039960435380316, ""sigma_r_over_sigma_1"": 1.0, ""supplied_rank"": 1}], ""stationarity_residual"": 6.393469024218387e-05, ""t"": 25, ""tangent_gram_condition_number"": 219.53271663614996, ""tangent_gram_coordinate_dimension"": 222, ""tangent_gram_eigensolver_converged"": true, ""tangent_gram_eigensolver_status"": ""converged"", ""tangent_gram_largest_eigenvalue"": 48.21322853685792, ""tangent_gram_smallest_eigenvalue"": 0.21961750975261587, ""target_support_norm"": 0.025439935564361346, ""target_supported"": true}, {""converged"": true, ""kind"": ""unit"", ""max_envelope_ratio"": 0.827119942046504, ""n"": 26, ""numerical_rank_vector"": [1, 1, 1], ""part"": 0, ""rank_supported"": true, ""riesz_converged"": true, ""riesz_equation_residual"": 6.929724094177643e-09, ""riesz_solver"": ""cg"", ""riesz_target_rayleigh_quotient"": 2.2981550809930797, ""riesz_target_stable"": true, ""split_rank_singular_values"": [{""block"": ""A"", ""computational_rank_supported"": true, ""relative_rank_floor"": 1e-10, ""sigma_1"": 19.786464656108002, ""sigma_r"": 19.786464656108002, ""sigma_r_over_sigma_1"": 1.0, ""supplied_rank"": 1}, {""block"": ""B"", ""computational_rank_supported"": true, ""relative_rank_floor"": 1e-10, ""sigma_1"": 35.110071400744694, ""sigma_r"": 35.110071400744694, ""sigma_r_over_sigma_1"": 1.0, ""supplied_rank"": 1}, {""block"": ""H"", ""computational_rank_supported"": true, ""relative_rank_floor"": 1e-10, ""sigma_1"": 58.788255652751424, ""sigma_r"": 58.788255652751424, ""sigma_r_over_sigma_1"": 1.0, ""supplied_rank"": 1}], ""stationarity_residual"": 5.044461103054868e-05, ""t"": 50, ""tangent_gram_condition_number"": 277.39054897764413, ""tangent_gram_coordinate_dimension"": 225, ""tangent_gram_eigensolver_converged"": true, ""tangent_gram_eigensolver_status"": ""converged"", ""tangent_gram_largest_eigenvalue"": 49.866940171845606, ""tangent_gram_smallest_eigenvalue"": 0.17977159047284108, ""target_support_norm"": 0.026187559395637293, ""target_supported"": true}, {""converged"": true, ""kind"": ""unit"", ""max_envelope_ratio"": 1.0025756176408454, ""n"": 24, ""numerical_rank_vector"": [1, 1, 1], ""part"": 1, ""rank_supported"": true, ""riesz_converged"": true, ""riesz_equation_residual"": 8.67501079682832e-09, ""riesz_solver"": ""cg"", ""riesz_target_rayleigh_quotient"": 1.8351844193818605, ""riesz_target_stable"": true, ""split_rank_singular_values"": [{""block"": ""A"", ""computational_rank_supported"": true, ""relative_rank_floor"": 1e-10, ""sigma_1"": 16.35848753794597, ""sigma_r"": 16.35848753794597, ""sigma_r_over_sigma_1"": 1.0, ""supplied_rank"": 1}, {""block"": ""B"", ""computational_rank_supported"": true, ""relative_rank_floor"": 1e-10, ""sigma_1"": 40.30176415020299, ""sigma_r"": 40.30176415020299, ""sigma_r_over_sigma_1"": 1.0, ""supplied_rank"": 1}, {""block"": ""H"", ""computational_rank_supported"": true, ""relative_rank_floor"": 1e-10, ""sigma_1"": 54.12878574488719, ""sigma_r"": 54.12878574488719, ""sigma_r_over_sigma_1"": 1.0, ""supplied_rank"": 1}], ""stationarity_residual"": 7.4622001166698e-05, ""t"": 50, ""tangent_gram_condition_number"": 369.40738414889876, ""tangent_gram_coordinate_dimension"": 219, ""tangent_gram_eigensolver_converged"": true, ""tangent_gram_eigensolver_status"": ""converged"", ""tangent_gram_largest_eigenvalue"": 47.45776767277947, ""tangent_gram_smallest_eigenvalue"": 0.12847000279141807, ""target_support_norm"": 0.02183116751640181, ""target_supported"": true}]","[[4, 6, 9, 11, 13, 15, 16, 18, 19, 21, 22, 24, 25, 26, 27, 28, 30, 36, 37, 39, 41, 42, 43, 47, 49], [0, 1, 2, 3, 5, 7, 8, 10, 12, 14, 17, 20, 23, 29, 31, 32, 33, 34, 35, 38, 40, 44, 45, 46, 48]]","[[3, 4, 7, 8, 11, 12, 13, 15, 17, 19, 20, 21, 24, 26, 27, 30, 31, 32, 35, 37, 39, 40, 43, 45, 46, 47], [0, 1, 2, 5, 6, 9, 10, 14, 16, 18, 22, 23, 25, 28, 29, 33, 34, 36, 38, 41, 42, 44, 48, 49]]",False,False,False,True,"[1, 1, 1]",,"[1, 1, 1]",,,,,,,,null,,2.0111814798693612,19.0,3.374718784191826e-05,0.6382481427018836,88.0,6.679301326449712e-09,2.1678602287515796,0.037483706002676635,297.0,0.2202104861195567,49.179545964261905,223.32971890158464,True,converged,1.494535357265323e-05,False,8.0,1.0,0.11502130000735633,0.05826740001793951,1.4903192999772727,"[20260810, 4011364011, 2235565902, 1499620634, 1499620634, 2004296267, 1387497986, 1337576661]",b867e9855af0a3ac,610c7358dde2c1b141abb0f783ec54c402df554b,1.0,0.6527430465498641,2.199056079139955,0.7762011476232084,0.7762011476232084,0.48051110399625324,0.6268456122279569,0.2339060595961071,0.7762011476232084,0.10167614110168251,1.7083732360389108,0.8999999999999999,1.1,0.8,1.2,0.85,2.031384387633061,7.458653652209672,7.458653652209672,0.7762011476232084,1.7083732360389108,4.181849955258188,4.181849955258188,9.0,1.0,1.541346347790328,True,69682b5dfae1696fb60826250945d3f68505024653d582076b4bc5c576ae2253,theorem_covered,True,0.03999999999999994,0.03916528587879618,0.979132146969906,,,,,,,,,,,,,,,,,,False
replication,b867e9855af0a3ac,3,50,50,4,fixed_rank,success,success,True,True,True,True,True,True,"[1, 1, 1]",,,,,7,dgp3_N50_T50_r00004_truth1-1-1,69682b5dfae1696fb60826250945d3f68505024653d582076b4bc5c576ae2253,1.912419400003273,,,B_G1_fixed_time,target,success,[],dgp3_N50_T50_r00004_truth1-1-1,success,"[1, 1, 1]",0.8730000442014851,1.0315766304817253,0.12603398982751887,0.015884566591843133,1.0315766304817253,0.12603398982751887,0.015884566591843133,0.15857658628024018,1.0315766304817253,0.12603398982751887,0.015884566591843133,0.15857658628024018,1.0315766304817253,,,0.0,4.0,0.2463094999839086,[],null,null,False,True,True,False,"[1, 1, 1]",,"[1, 1, 1]",,,,,,,,null,,2.0111814798693612,19.0,3.374718784191826e-05,0.6382481427018836,93.0,9.845476740753034e-09,0.8481098124829788,0.11836943868965018,297.0,0.2202104861195567,49.179545964261905,223.32971890158464,True,converged,9.785338441971306e-05,False,8.0,1.0,0.11502130000735633,0.01746940001612529,1.5384207000024617,"[20260810, 4011364011, 2235565902, 1499620634, 1499620634, 2004296267, 1387497986, 1337576661]",b867e9855af0a3ac,610c7358dde2c1b141abb0f783ec54c402df554b,1.0,0.6527430465498641,2.199056079139955,0.7762011476232084,0.7762011476232084,0.48051110399625324,0.6268456122279569,0.2339060595961071,0.7762011476232084,0.10167614110168251,1.7083732360389108,0.8999999999999999,1.1,0.8,1.2,0.85,2.031384387633061,7.458653652209672,7.458653652209672,0.7762011476232084,1.7083732360389108,4.181849955258188,4.181849955258188,9.0,1.0,1.541346347790328,True,69682b5dfae1696fb60826250945d3f68505024653d582076b4bc5c576ae2253,theorem_covered,True,0.2,0.1351676986449989,0.6758384932249945,,,,,,,,,,,,,,,,,,False
replication,b867e9855af0a3ac,3,50,50,4,fixed_rank,success,success,True,True,True,True,True,True,"[1, 1, 1]",,,,,7,dgp3_N50_T50_r00004_truth1-1-1,69682b5dfae1696fb60826250945d3f68505024653d582076b4bc5c576ae2253,1.912419400003273,,,B_G2_fixed_time,target,success,[],dgp3_N50_T50_r00004_truth1-1-1,success,"[1, 1, 1]",0.8901661369550731,1.0860666310919485,0.13789455991814145,0.0190149096550179,1.0860666310919485,0.13789455991814145,0.0190149096550179,0.19590049413687538,1.0860666310919485,0.13789455991814145,0.0190149096550179,0.19590049413687538,1.0860666310919485,,,0.0,4.0,0.2463094999839086,[],null,null,False,True,True,False,"[1, 1, 1]",,"[1, 1, 1]",,,,,,,,null,,2.0111814798693612,19.0,3.374718784191826e-05,0.6382481427018836,92.0,8.507064511088548e-09,0.836645880460844,0.12387812132174948,297.0,0.2202104861195567,49.179545964261905,223.32971890158464,True,converged,7.78347519446519e-05,False,8.0,1.0,0.11502130000735633,0.015792799997143447,1.5819545999984257,"[20260810, 4011364011, 2235565902, 1499620634, 1499620634, 2004296267, 1387497986, 1337576661]",b867e9855af0a3ac,610c7358dde2c1b141abb0f783ec54c402df554b,1.0,0.6527430465498641,2.199056079139955,0.7762011476232084,0.7762011476232084,0.48051110399625324,0.6268456122279569,0.2339060595961071,0.7762011476232084,0.10167614110168251,1.7083732360389108,0.8999999999999999,1.1,0.8,1.2,0.85,2.031384387633061,7.458653652209672,7.458653652209672,0.7762011476232084,1.7083732360389108,4.181849955258188,4.181849955258188,9.0,1.0,1.541346347790328,True,69682b5dfae1696fb60826250945d3f68505024653d582076b4bc5c576ae2253,theorem_covered,True,0.2,0.13761316119010084,0.6880658059505042,,,,,,,,,,,,,,,,,,False
replication,b867e9855af0a3ac,3,50,50,4,fixed_rank,success,success,True,True,True,True,True,True,"[1, 1, 1]",,,,,7,dgp3_N50_T50_r00004_truth1-1-1,69682b5dfae1696fb60826250945d3f68505024653d582076b4bc5c576ae2253,1.912419400003273,,,B_G2_minus_G1_fixed_time,target,success,[],dgp3_N50_T50_r00004_truth1-1-1,success,"[1, 1, 1]",0.017166092753587957,0.05449000061022313,0.11346824691967977,0.01287504305902542,0.05449000061022313,0.11346824691967977,0.01287504305902542,0.037323907856635176,0.05449000061022313,0.11346824691967977,0.01287504305902542,0.037323907856635176,0.05449000061022313,,,0.0,4.0,0.2463094999839086,[],null,null,False,False,True,False,"[1, 1, 1]",,"[1, 1, 1]",,,,,,,,null,,2.0111814798693612,19.0,3.374718784191826e-05,0.6382481427018836,94.0,8.702635148843372e-09,0.7457317132248419,0.05868259173873495,297.0,0.2202104861195567,49.179545964261905,223.32971890158464,True,converged,3.029613017866837e-05,False,8.0,1.0,0.11502130000735633,0.016243999998550862,1.6260888999968302,"[20260810, 4011364011, 2235565902, 1499620634, 1499620634, 2004296267, 1387497986, 1337576661]",b867e9855af0a3ac,610c7358dde2c1b141abb0f783ec54c402df554b,1.0,0.6527430465498641,2.199056079139955,0.7762011476232084,0.7762011476232084,0.48051110399625324,0.6268456122279569,0.2339060595961071,0.7762011476232084,0.10167614110168251,1.7083732360389108,0.8999999999999999,1.1,0.8,1.2,0.85,2.031384387633061,7.458653652209672,7.458653652209672,0.7762011476232084,1.7083732360389108,4.181849955258188,4.181849955258188,9.0,1.0,1.541346347790328,True,69682b5dfae1696fb60826250945d3f68505024653d582076b4bc5c576ae2253,weak_target_stress_outside_assumption9,False,0.28284271247461906,0.05433751334522526,0.1921121207961165,,,,,,,,,,,,,,,,,,False
replication,b867e9855af0a3ac,3,50,50,4,fixed_rank,success,success,True,True,False,True,False,False,"[1, 1, 1]",,,,,7,dgp3_N50_T50_r00004_truth1-1-1,69682b5dfae1696fb60826250945d3f68505024653d582076b4bc5c576ae2253,1.912419400003273,,,B_G1_time_average,target,split_fit_failure,[],dgp3_N50_T50_r00004_truth1-1-1,split_fit_not_converged,"[1, 1, 1]",0.6207426764770986,0.6394020077081608,0.09269624048148208,0.008592592999400756,0.6100085288640404,0.05227793423136985,0.0027329824074994315,-0.010734147613058131,0.6394020077081608,0.09269624048148208,0.008592592999400756,0.018659331231062226,0.6100085288640404,0.6354190119639157,0.5552045669200449,4.0,4.0,0.2463094999839086,"[{""converged"": true, ""kind"": ""time"", ""max_envelope_ratio"": 0.736828171163939, ""n"": 50, ""numerical_rank_vector"": [1, 1, 1], ""part"": 0, ""rank_supported"": true, ""riesz_converged"": true, ""riesz_equation_residual"": 8.621432855902383e-09, ""riesz_solver"": ""cg"", ""riesz_target_rayleigh_quotient"": 0.6658069060853529, ""riesz_target_stable"": true, ""split_rank_singular_values"": [{""block"": ""A"", ""computational_rank_supported"": true, ""relative_rank_floor"": 1e-10, ""sigma_1"": 19.85037914564226, ""sigma_r"": 19.85037914564226, ""sigma_r_over_sigma_1"": 1.0, ""supplied_rank"": 1}, {""block"": ""B"", ""computational_rank_supported"": true, ""relative_rank_floor"": 1e-10, ""sigma_1"": 34.750379988340406, ""sigma_r"": 34.750379988340406, ""sigma_r_over_sigma_1"": 1.0, ""supplied_rank"": 1}, {""block"": ""H"", ""computational_rank_supported"": true, ""relative_rank_floor"": 1e-10, ""sigma_1"": 50.395368098617176, ""sigma_r"": 50.395368098617176, ""sigma_r_over_sigma_1"": 1.0, ""supplied_rank"": 1}], ""stationarity_residual"": 4.072785690108627e-05, ""t"": 25, ""tangent_gram_condition_number"": 125.51504085184149, ""tangent_gram_coordinate_dimension"": 222, ""tangent_gram_eigensolver_converged"": true, ""tangent_gram_eigensolver_status"": ""converged"", ""tangent_gram_largest_eigenvalue"": 33.12754105865311, ""tangent_gram_smallest_eigenvalue"": 0.263932838915752, ""target_support_norm"": 0.017643584282848707, ""target_supported"": true}, {""converged"": true, ""kind"": ""time"", ""max_envelope_ratio"": 0.9213847055371713, ""n"": 50, ""numerical_rank_vector"": [1, 1, 1], ""part"": 1, ""rank_supported"": true, ""riesz_converged"": true, ""riesz_equation_residual"": 8.198924107913654e-09, ""riesz_solver"": ""cg"", ""riesz_target_rayleigh_quotient"": 0.5123068638549256, ""riesz_target_stable"": true, ""split_rank_singular_values"": [{""block"": ""A"", ""computational_rank_supported"": true, ""relative_rank_floor"": 1e-10, ""sigma_1"": 17.44387623215156, ""sigma_r"": 17.44387623215156, ""sigma_r_over_sigma_1"": 1.0, ""supplied_rank"": 1}, {""block"": ""B"", ""computational_rank_supported"": true, ""relative_rank_floor"": 1e-10, ""sigma_1"": 35.5723936171018, ""sigma_r"": 35.5723936171018, ""sigma_r_over_sigma_1"": 1.0, ""supplied_rank"": 1}, {""block"": ""H"", ""computational_rank_supported"": true, ""relative_rank_floor"": 1e-10, ""sigma_1"": 50.039960435380316, ""sigma_r"": 50.039960435380316, ""sigma_r_over_sigma_1"": 1.0, ""supplied_rank"": 1}], ""stationarity_residual"": 6.393469024218387e-05, ""t"": 25, ""tangent_gram_condition_number"": 219.53271663614996, ""tangent_gram_coordinate_dimension"": 222, ""tangent_gram_eigensolver_converged"": true, ""tangent_gram_eigensolver_status"": ""converged"", ""tangent_gram_largest_eigenvalue"": 48.21322853685792, ""tangent_gram_smallest_eigenvalue"": 0.21961750975261587, ""target_support_norm"": 0.01771025335711569, ""target_supported"": true}, {""converged"": true, ""kind"": ""unit"", ""max_envelope_ratio"": 0.827119942046504, ""n"": 26, ""numerical_rank_vector"": [1, 1, 1], ""part"": 0, ""rank_supported"": true, ""riesz_converged"": true, ""riesz_equation_residual"": 9.579201781728084e-09, ""riesz_solver"": ""cg"", ""riesz_target_rayleigh_quotient"": 0.6105381834304525, ""riesz_target_stable"": true, ""split_rank_singular_values"": [{""block"": ""A"", ""computational_rank_supported"": true, ""relative_rank_floor"": 1e-10, ""sigma_1"": 19.786464656108002, ""sigma_r"": 19.786464656108002, ""sigma_r_over_sigma_1"": 1.0, ""supplied_rank"": 1}, {""block"": ""B"", ""computational_rank_supported"": true, ""relative_rank_floor"": 1e-10, ""sigma_1"": 35.110071400744694, ""sigma_r"": 35.110071400744694, ""sigma_r_over_sigma_1"": 1.0, ""supplied_rank"": 1}, {""block"": ""H"", ""computational_rank_supported"": true, ""relative_rank_floor"": 1e-10, ""sigma_1"": 58.788255652751424, ""sigma_r"": 58.788255652751424, ""sigma_r_over_sigma_1"": 1.0, ""supplied_rank"": 1}], ""stationarity_residual"": 5.044461103054868e-05, ""t"": 50, ""tangent_gram_condition_number"": 277.39054897764413, ""tangent_gram_coordinate_dimension"": 225, ""tangent_gram_eigensolver_converged"": true, ""tangent_gram_eigensolver_status"": ""converged"", ""tangent_gram_largest_eigenvalue"": 49.866940171845606, ""tangent_gram_smallest_eigenvalue"": 0.17977159047284108, ""target_support_norm"": 0.016425279485620566, ""target_supported"": true}, {""converged"": true, ""kind"": ""unit"", ""max_envelope_ratio"": 1.0025756176408454, ""n"": 24, ""numerical_rank_vector"": [1, 1, 1], ""part"": 1, ""rank_supported"": true, ""riesz_converged"": true, ""riesz_equation_residual"": 7.450140418537432e-09, ""riesz_solver"": ""cg"", ""riesz_target_rayleigh_quotient"": 0.4860375791500685, ""riesz_target_stable"": true, ""split_rank_singular_values"": [{""block"": ""A"", ""computational_rank_supported"": true, ""relative_rank_floor"": 1e-10, ""sigma_1"": 16.35848753794597, ""sigma_r"": 16.35848753794597, ""sigma_r_over_sigma_1"": 1.0, ""supplied_rank"": 1}, {""block"": ""B"", ""computational_rank_supported"": true, ""relative_rank_floor"": 1e-10, ""sigma_1"": 40.30176415020299, ""sigma_r"": 40.30176415020299, ""sigma_r_over_sigma_1"": 1.0, ""supplied_rank"": 1}, {""block"": ""H"", ""computational_rank_supported"": true, ""relative_rank_floor"": 1e-10, ""sigma_1"": 54.12878574488719, ""sigma_r"": 54.12878574488719, ""sigma_r_over_sigma_1"": 1.0, ""supplied_rank"": 1}], ""stationarity_residual"": 7.4622001166698e-05, ""t"": 50, ""tangent_gram_condition_number"": 369.40738414889876, ""tangent_gram_coordinate_dimension"": 219, ""tangent_gram_eigensolver_converged"": true, ""tangent_gram_eigensolver_status"": ""converged"", ""tangent_gram_largest_eigenvalue"": 47.45776767277947, ""tangent_gram_smallest_eigenvalue"": 0.12847000279141807, ""target_support_norm"": 0.01627865701192747, ""target_supported"": true}]","[[4, 6, 9, 11, 13, 15, 16, 18, 19, 21, 22, 24, 25, 26, 27, 28, 30, 36, 37, 39, 41, 42, 43, 47, 49], [0, 1, 2, 3, 5, 7, 8, 10, 12, 14, 17, 20, 23, 29, 31, 32, 33, 34, 35, 38, 40, 44, 45, 46, 48]]","[[3, 4, 7, 8, 11, 12, 13, 15, 17, 19, 20, 21, 24, 26, 27, 30, 31, 32, 35, 37, 39, 40, 43, 45, 46, 47], [0, 1, 2, 5, 6, 9, 10, 14, 16, 18, 22, 23, 25, 28, 29, 33, 34, 36, 38, 41, 42, 44, 48, 49]]",False,False,False,True,"[1, 1, 1]",,"[1, 1, 1]",,,,,,,,null,,2.0111814798693612,19.0,3.374718784191826e-05,0.6382481427018836,96.0,8.534583529324484e-09,0.6662378622786443,0.025721833669074243,297.0,0.2202104861195567,49.179545964261905,223.32971890158464,True,converged,0.00018067119932156197,False,8.0,1.0,0.11502130000735633,0.06900469999527559,1.7223456999927294,"[20260810, 4011364011, 2235565902, 1499620634, 1499620634, 2004296267, 1387497986, 1337576661]",b867e9855af0a3ac,610c7358dde2c1b141abb0f783ec54c402df554b,1.0,0.6527430465498641,2.199056079139955,0.7762011476232084,0.7762011476232084,0.48051110399625324,0.6268456122279569,0.2339060595961071,0.7762011476232084,0.10167614110168251,1.7083732360389108,0.8999999999999999,1.1,0.8,1.2,0.85,2.031384387633061,7.458653652209672,7.458653652209672,0.7762011476232084,1.7083732360389108,4.181849955258188,4.181849955258188,9.0,1.0,1.541346347790328,True,69682b5dfae1696fb60826250945d3f68505024653d582076b4bc5c576ae2253,theorem_covered,True,0.028284271247461912,0.027727887279883453,0.9803288561790898,,,,,,,,,,,,,,,,,,False
replication,b867e9855af0a3ac,3,50,50,4,fixed_rank,success,success,True,True,False,True,False,False,"[1, 1, 1]",,,,,7,dgp3_N50_T50_r00004_truth1-1-1,69682b5dfae1696fb60826250945d3f68505024653d582076b4bc5c576ae2253,1.912419400003273,,,B_G2_time_average,target,split_fit_failure,[],dgp3_N50_T50_r00004_truth1-1-1,split_fit_not_converged,"[1, 1, 1]",0.6329485479788153,0.6424212692646348,0.08882097376723626,0.007889165380960073,0.6422304347582452,0.04990571601669171,0.00249058049113868,0.009281886779429871,0.6424212692646348,0.08882097376723626,0.007889165380960073,0.009472721285819552,0.6422304347582452,0.6230741319532629,0.6611959030568378,4.0,4.0,0.2463094999839086,"[{""converged"": true, ""kind"": ""time"", ""max_envelope_ratio"": 0.736828171163939, ""n"": 50, ""numerical_rank_vector"": [1, 1, 1], ""part"": 0, ""rank_supported"": true, ""riesz_converged"": true, ""riesz_equation_residual"": 8.039467692166181e-09, ""riesz_solver"": ""cg"", ""riesz_target_rayleigh_quotient"": 0.5500355326425229, ""riesz_target_stable"": true, ""split_rank_singular_values"": [{""block"": ""A"", ""computational_rank_supported"": true, ""relative_rank_floor"": 1e-10, ""sigma_1"": 19.85037914564226, ""sigma_r"": 19.85037914564226, ""sigma_r_over_sigma_1"": 1.0, ""supplied_rank"": 1}, {""block"": ""B"", ""computational_rank_supported"": true, ""relative_rank_floor"": 1e-10, ""sigma_1"": 34.750379988340406, ""sigma_r"": 34.750379988340406, ""sigma_r_over_sigma_1"": 1.0, ""supplied_rank"": 1}, {""block"": ""H"", ""computational_rank_supported"": true, ""relative_rank_floor"": 1e-10, ""sigma_1"": 50.395368098617176, ""sigma_r"": 50.395368098617176, ""sigma_r_over_sigma_1"": 1.0, ""supplied_rank"": 1}], ""stationarity_residual"": 4.072785690108627e-05, ""t"": 25, ""tangent_gram_condition_number"": 125.51504085184149, ""tangent_gram_coordinate_dimension"": 222, ""tangent_gram_eigensolver_converged"": true, ""tangent_gram_eigensolver_status"": ""converged"", ""tangent_gram_largest_eigenvalue"": 33.12754105865311, ""tangent_gram_smallest_eigenvalue"": 0.263932838915752, ""target_support_norm"": 0.017884830228720883, ""target_supported"": true}, {""converged"": true, ""kind"": ""time"", ""max_envelope_ratio"": 0.9213847055371713, ""n"": 50, ""numerical_rank_vector"": [1, 1, 1], ""part"": 1, ""rank_supported"": true, ""riesz_converged"": true, ""riesz_equation_residual"": 7.77706867336225e-09, ""riesz_solver"": ""cg"", ""riesz_target_rayleigh_quotient"": 0.5420641768485254, ""riesz_target_stable"": true, ""split_rank_singular_values"": [{""block"": ""A"", ""computational_rank_supported"": true, ""relative_rank_floor"": 1e-10, ""sigma_1"": 17.44387623215156, ""sigma_r"": 17.44387623215156, ""sigma_r_over_sigma_1"": 1.0, ""supplied_rank"": 1}, {""block"": ""B"", ""computational_rank_supported"": true, ""relative_rank_floor"": 1e-10, ""sigma_1"": 35.5723936171018, ""sigma_r"": 35.5723936171018, ""sigma_r_over_sigma_1"": 1.0, ""supplied_rank"": 1}, {""block"": ""H"", ""computational_rank_supported"": true, ""relative_rank_floor"": 1e-10, ""sigma_1"": 50.039960435380316, ""sigma_r"": 50.039960435380316, ""sigma_r_over_sigma_1"": 1.0, ""supplied_rank"": 1}], ""stationarity_residual"": 6.393469024218387e-05, ""t"": 25, ""tangent_gram_condition_number"": 219.53271663614996, ""tangent_gram_coordinate_dimension"": 222, ""tangent_gram_eigensolver_converged"": true, ""tangent_gram_eigensolver_status"": ""converged"", ""tangent_gram_largest_eigenvalue"": 48.21322853685792, ""tangent_gram_smallest_eigenvalue"": 0.21961750975261587, ""target_support_norm"": 0.017309528888287795, ""target_supported"": true}, {""converged"": true, ""kind"": ""unit"", ""max_envelope_ratio"": 0.827119942046504, ""n"": 26, ""numerical_rank_vector"": [1, 1, 1], ""part"": 0, ""rank_supported"": true, ""riesz_converged"": true, ""riesz_equation_residual"": 9.118417185184345e-09, ""riesz_solver"": ""cg"", ""riesz_target_rayleigh_quotient"": 0.6174003896244229, ""riesz_target_stable"": true, ""split_rank_singular_values"": [{""block"": ""A"", ""computational_rank_supported"": true, ""relative_rank_floor"": 1e-10, ""sigma_1"": 19.786464656108002, ""sigma_r"": 19.786464656108002, ""sigma_r_over_sigma_1"": 1.0, ""supplied_rank"": 1}, {""block"": ""B"", ""computational_rank_supported"": true, ""relative_rank_floor"": 1e-10, ""sigma_1"": 35.110071400744694, ""sigma_r"": 35.110071400744694, ""sigma_r_over_sigma_1"": 1.0, ""supplied_rank"": 1}, {""block"": ""H"", ""computational_rank_supported"": true, ""relative_rank_floor"": 1e-10, ""sigma_1"": 58.788255652751424, ""sigma_r"": 58.788255652751424, ""sigma_r_over_sigma_1"": 1.0, ""supplied_rank"": 1}], ""stationarity_residual"": 5.044461103054868e-05, ""t"": 50, ""tangent_gram_condition_number"": 277.39054897764413, ""tangent_gram_coordinate_dimension"": 225, ""tangent_gram_eigensolver_converged"": true, ""tangent_gram_eigensolver_status"": ""converged"", ""tangent_gram_largest_eigenvalue"": 49.866940171845606, ""tangent_gram_smallest_eigenvalue"": 0.17977159047284108, ""target_support_norm"": 0.017321177712068352, ""target_supported"": true}, {""converged"": true, ""kind"": ""unit"", ""max_envelope_ratio"": 1.0025756176408454, ""n"": 24, ""numerical_rank_vector"": [1, 1, 1], ""part"": 1, ""rank_supported"": true, ""riesz_converged"": true, ""riesz_equation_residual"": 8.08264922257132e-09, ""riesz_solver"": ""cg"", ""riesz_target_rayleigh_quotient"": 0.4302150658655742, ""riesz_target_stable"": true, ""split_rank_singular_values"": [{""block"": ""A"", ""computational_rank_supported"": true, ""relative_rank_floor"": 1e-10, ""sigma_1"": 16.35848753794597, ""sigma_r"": 16.35848753794597, ""sigma_r_over_sigma_1"": 1.0, ""supplied_rank"": 1}, {""block"": ""B"", ""computational_rank_supported"": true, ""relative_rank_floor"": 1e-10, ""sigma_1"": 40.30176415020299, ""sigma_r"": 40.30176415020299, ""sigma_r_over_sigma_1"": 1.0, ""supplied_rank"": 1}, {""block"": ""H"", ""computational_rank_supported"": true, ""relative_rank_floor"": 1e-10, ""sigma_1"": 54.12878574488719, ""sigma_r"": 54.12878574488719, ""sigma_r_over_sigma_1"": 1.0, ""supplied_rank"": 1}], ""stationarity_residual"": 7.4622001166698e-05, ""t"": 50, ""tangent_gram_condition_number"": 369.40738414889876, ""tangent_gram_coordinate_dimension"": 219, ""tangent_gram_eigensolver_converged"": true, ""tangent_gram_eigensolver_status"": ""converged"", ""tangent_gram_largest_eigenvalue"": 47.45776767277947, ""tangent_gram_smallest_eigenvalue"": 0.12847000279141807, ""target_support_norm"": 0.01644731659434417, ""target_supported"": true}]","[[4, 6, 9, 11, 13, 15, 16, 18, 19, 21, 22, 24, 25, 26, 27, 28, 30, 36, 37, 39, 41, 42, 43, 47, 49], [0, 1, 2, 3, 5, 7, 8, 10, 12, 14, 17, 20, 23, 29, 31, 32, 33, 34, 35, 38, 40, 44, 45, 46, 48]]","[[3, 4, 7, 8, 11, 12, 13, 15, 17, 19, 20, 21, 24, 26, 27, 30, 31, 32, 35, 37, 39, 40, 43, 45, 46, 47], [0, 1, 2, 5, 6, 9, 10, 14, 16, 18, 22, 23, 25, 28, 29, 33, 34, 36, 38, 41, 42, 44, 48, 49]]",False,False,False,True,"[1, 1, 1]",,"[1, 1, 1]",,,,,,,,null,,2.0111814798693612,19.0,3.374718784191826e-05,0.6382481427018836,96.0,8.444742445721496e-09,0.6708598237129009,0.025859594513758785,297.0,0.2202104861195567,49.179545964261905,223.32971890158464,True,converged,0.00013680020939148618,False,8.0,1.0,0.11502130000735633,0.06537050000042655,1.821856199996546,"[20260810, 4011364011, 2235565902, 1499620634, 1499620634, 2004296267, 1387497986, 1337576661]",b867e9855af0a3ac,610c7358dde2c1b141abb0f783ec54c402df554b,1.0,0.6527430465498641,2.199056079139955,0.7762011476232084,0.7762011476232084,0.48051110399625324,0.6268456122279569,0.2339060595961071,0.7762011476232084,0.10167614110168251,1.7083732360389108,0.8999999999999999,1.1,0.8,1.2,0.85,2.031384387633061,7.458653652209672,7.458653652209672,0.7762011476232084,1.7083732360389108,4.181849955258188,4.181849955258188,9.0,1.0,1.541346347790328,True,69682b5dfae1696fb60826250945d3f68505024653d582076b4bc5c576ae2253,theorem_covered,True,0.028284271247461912,0.02774513359883825,0.980938605633262,,,,,,,,,,,,,,,,,,False
replication,b867e9855af0a3ac,3,50,50,4,fixed_rank,success,success,True,True,False,True,False,False,"[1, 1, 1]",,,,,7,dgp3_N50_T50_r00004_truth1-1-1,69682b5dfae1696fb60826250945d3f68505024653d582076b4bc5c576ae2253,1.912419400003273,,,B_G2_minus_G1_time_average,target,split_fit_failure,[],dgp3_N50_T50_r00004_truth1-1-1,split_fit_not_converged,"[1, 1, 1]",0.01220587150171679,0.0030192615564738207,0.12220160567447508,0.014933232429419898,0.03222190589420468,0.06665224366143385,0.00444252158510315,0.020016034392487888,0.0030192615564738207,0.12220160567447508,0.014933232429419898,-0.009186609945242969,0.03222190589420468,-0.012344880010652745,0.10599133613679296,4.0,4.0,0.2463094999839086,"[{""converged"": true, ""kind"": ""time"", ""max_envelope_ratio"": 0.736828171163939, ""n"": 50, ""numerical_rank_vector"": [1, 1, 1], ""part"": 0, ""rank_supported"": true, ""riesz_converged"": true, ""riesz_equation_residual"": 9.703502297042636e-09, ""riesz_solver"": ""cg"", ""riesz_target_rayleigh_quotient"": 0.6244912947006349, ""riesz_target_stable"": true, ""split_rank_singular_values"": [{""block"": ""A"", ""computational_rank_supported"": true, ""relative_rank_floor"": 1e-10, ""sigma_1"": 19.85037914564226, ""sigma_r"": 19.85037914564226, ""sigma_r_over_sigma_1"": 1.0, ""supplied_rank"": 1}, {""block"": ""B"", ""computational_rank_supported"": true, ""relative_rank_floor"": 1e-10, ""sigma_1"": 34.750379988340406, ""sigma_r"": 34.750379988340406, ""sigma_r_over_sigma_1"": 1.0, ""supplied_rank"": 1}, {""block"": ""H"", ""computational_rank_supported"": true, ""relative_rank_floor"": 1e-10, ""sigma_1"": 50.395368098617176, ""sigma_r"": 50.395368098617176, ""sigma_r_over_sigma_1"": 1.0, ""supplied_rank"": 1}], ""stationarity_residual"": 4.072785690108627e-05, ""t"": 25, ""tangent_gram_condition_number"": 125.51504085184149, ""tangent_gram_coordinate_dimension"": 222, ""tangent_gram_eigensolver_converged"": true, ""tangent_gram_eigensolver_status"": ""converged"", ""tangent_gram_largest_eigenvalue"": 33.12754105865311, ""tangent_gram_smallest_eigenvalue"": 0.263932838915752, ""target_support_norm"": 0.023820361061354073, ""target_supported"": true}, {""converged"": true, ""kind"": ""time"", ""max_envelope_ratio"": 0.9213847055371713, ""n"": 50, ""numerical_rank_vector"": [1, 1, 1], ""part"": 1, ""rank_supported"": true, ""riesz_converged"": true, ""riesz_equation_residual"": 7.716802909659397e-09, ""riesz_solver"": ""cg"", ""riesz_target_rayleigh_quotient"": 0.5891388025664972, ""riesz_target_stable"": true, ""split_rank_singular_values"": [{""block"": ""A"", ""computational_rank_supported"": true, ""relative_rank_floor"": 1e-10, ""sigma_1"": 17.44387623215156, ""sigma_r"": 17.44387623215156, ""sigma_r_over_sigma_1"": 1.0, ""supplied_rank"": 1}, {""block"": ""B"", ""computational_rank_supported"": true, ""relative_rank_floor"": 1e-10, ""sigma_1"": 35.5723936171018, ""sigma_r"": 35.5723936171018, ""sigma_r_over_sigma_1"": 1.0, ""supplied_rank"": 1}, {""block"": ""H"", ""computational_rank_supported"": true, ""relative_rank_floor"": 1e-10, ""sigma_1"": 50.039960435380316, ""sigma_r"": 50.039960435380316, ""sigma_r_over_sigma_1"": 1.0, ""supplied_rank"": 1}], ""stationarity_residual"": 6.393469024218387e-05, ""t"": 25, ""tangent_gram_condition_number"": 219.53271663614996, ""tangent_gram_coordinate_dimension"": 222, ""tangent_gram_eigensolver_converged"": true, ""tangent_gram_eigensolver_status"": ""converged"", ""tangent_gram_largest_eigenvalue"": 48.21322853685792, ""tangent_gram_smallest_eigenvalue"": 0.21961750975261587, ""target_support_norm"": 0.023000658782196023, ""target_supported"": true}, {""converged"": true, ""kind"": ""unit"", ""max_envelope_ratio"": 0.827119942046504, ""n"": 26, ""numerical_rank_vector"": [1, 1, 1], ""part"": 0, ""rank_supported"": true, ""riesz_converged"": true, ""riesz_equation_residual"": 6.735212601326874e-09, ""riesz_solver"": ""cg"", ""riesz_target_rayleigh_quotient"": 0.6869429166975788, ""riesz_target_stable"": true, ""split_rank_singular_values"": [{""block"": ""A"", ""computational_rank_supported"": true, ""relative_rank_floor"": 1e-10, ""sigma_1"": 19.786464656108002, ""sigma_r"": 19.786464656108002, ""sigma_r_over_sigma_1"": 1.0, ""supplied_rank"": 1}, {""block"": ""B"", ""computational_rank_supported"": true, ""relative_rank_floor"": 1e-10, ""sigma_1"": 35.110071400744694, ""sigma_r"": 35.110071400744694, ""sigma_r_over_sigma_1"": 1.0, ""supplied_rank"": 1}, {""block"": ""H"", ""computational_rank_supported"": true, ""relative_rank_floor"": 1e-10, ""sigma_1"": 58.788255652751424, ""sigma_r"": 58.788255652751424, ""sigma_r_over_sigma_1"": 1.0, ""supplied_rank"": 1}], ""stationarity_residual"": 5.044461103054868e-05, ""t"": 50, ""tangent_gram_condition_number"": 277.39054897764413, ""tangent_gram_coordinate_dimension"": 225, ""tangent_gram_eigensolver_converged"": true, ""tangent_gram_eigensolver_status"": ""converged"", ""tangent_gram_largest_eigenvalue"": 49.866940171845606, ""tangent_gram_smallest_eigenvalue"": 0.17977159047284108, ""target_support_norm"": 0.021871549472583556, ""target_supported"": true}, {""converged"": true, ""kind"": ""unit"", ""max_envelope_ratio"": 1.0025756176408454, ""n"": 24, ""numerical_rank_vector"": [1, 1, 1], ""part"": 1, ""rank_supported"": true, ""riesz_converged"": true, ""riesz_equation_residual"": 8.892979429140298e-09, ""riesz_solver"": ""cg"", ""riesz_target_rayleigh_quotient"": 0.5043928738183434, ""riesz_target_stable"": true, ""split_rank_singular_values"": [{""block"": ""A"", ""computational_rank_supported"": true, ""relative_rank_floor"": 1e-10, ""sigma_1"": 16.35848753794597, ""sigma_r"": 16.35848753794597, ""sigma_r_over_sigma_1"": 1.0, ""supplied_rank"": 1}, {""block"": ""B"", ""computational_rank_supported"": true, ""relative_rank_floor"": 1e-10, ""sigma_1"": 40.30176415020299, ""sigma_r"": 40.30176415020299, ""sigma_r_over_sigma_1"": 1.0, ""supplied_rank"": 1}, {""block"": ""H"", ""computational_rank_supported"": true, ""relative_rank_floor"": 1e-10, ""sigma_1"": 54.12878574488719, ""sigma_r"": 54.12878574488719, ""sigma_r_over_sigma_1"": 1.0, ""supplied_rank"": 1}], ""stationarity_residual"": 7.4622001166698e-05, ""t"": 50, ""tangent_gram_condition_number"": 369.40738414889876, ""tangent_gram_coordinate_dimension"": 219, ""tangent_gram_eigensolver_converged"": true, ""tangent_gram_eigensolver_status"": ""converged"", ""tangent_gram_largest_eigenvalue"": 47.45776767277947, ""tangent_gram_smallest_eigenvalue"": 0.12847000279141807, ""target_support_norm"": 0.020679442380928396, ""target_supported"": true}]","[[4, 6, 9, 11, 13, 15, 16, 18, 19, 21, 22, 24, 25, 26, 27, 28, 30, 36, 37, 39, 41, 42, 43, 47, 49], [0, 1, 2, 3, 5, 7, 8, 10, 12, 14, 17, 20, 23, 29, 31, 32, 33, 34, 35, 38, 40, 44, 45, 46, 48]]","[[3, 4, 7, 8, 11, 12, 13, 15, 17, 19, 20, 21, 24, 26, 27, 30, 31, 32, 35, 37, 39, 40, 43, 45, 46, 47], [0, 1, 2, 5, 6, 9, 10, 14, 16, 18, 22, 23, 25, 28, 29, 33, 34, 36, 38, 41, 42, 44, 48, 49]]",False,False,False,True,"[1, 1, 1]",,"[1, 1, 1]",,,,,,,,null,,2.0111814798693612,19.0,3.374718784191826e-05,0.6382481427018836,95.0,8.514958714955127e-09,0.7469393982781753,0.03453034270188174,297.0,0.2202104861195567,49.179545964261905,223.32971890158464,True,converged,3.2965614198695356e-05,False,8.0,1.0,0.11502130000735633,0.06207310000900179,1.912419400003273,"[20260810, 4011364011, 2235565902, 1499620634, 1499620634, 2004296267, 1387497986, 1337576661]",b867e9855af0a3ac,610c7358dde2c1b141abb0f783ec54c402df554b,1.0,0.6527430465498641,2.199056079139955,0.7762011476232084,0.7762011476232084,0.48051110399625324,0.6268456122279569,0.2339060595961071,0.7762011476232084,0.10167614110168251,1.7083732360389108,0.8999999999999999,1.1,0.8,1.2,0.85,2.031384387633061,7.458653652209672,7.458653652209672,0.7762011476232084,1.7083732360389108,4.181849955258188,4.181849955258188,9.0,1.0,1.541346347790328,True,69682b5dfae1696fb60826250945d3f68505024653d582076b4bc5c576ae2253,theorem_covered,True,0.03999999999999994,0.03859404354191985,0.9648510885479977,,,,,,,,,,,,,,,,,,False
replication,b867e9855af0a3ac,3,50,50,5,fixed_rank,success,success,True,True,True,True,True,True,"[1, 1, 1]",,,,,7,dgp3_N50_T50_r00005_truth1-1-1,12802173bc53e65c341c53140db3ab05ee23464fe1fdddcfead9a330cedf0012,2.636613500013482,,,A_entry,target,success,[],dgp3_N50_T50_r00005_truth1-1-1,success,"[1, 1, 1]",0.3772252579729039,0.37198851347016965,0.09593152783435846,0.00920285803263429,0.37198851347016965,0.09593152783435846,0.00920285803263429,-0.0052367445027342585,0.37198851347016965,0.09593152783435846,0.00920285803263429,-0.0052367445027342585,0.37198851347016965,,,0.0,4.0,0.2988597999792546,[],null,null,False,True,True,False,"[1, 1, 1]",,"[1, 1, 1]",,,,,,,,null,,1.8650228553785118,14.0,3.6065093110073946e-05,0.9689962446509587,124.0,7.3046897972216065e-09,1.4533678743747207,0.17768193939969298,297.0,0.10519658702480039,62.36455150277676,592.8381639232663,True,converged,4.798599505313886e-05,False,8.0,1.0,0.09923419999540783,0.026101900002686307,0.5250797000189777,"[20260810, 4011364011, 2235565902, 1499620634, 1499620634, 2098343407, 1387497986, 1337576661]",b867e9855af0a3ac,610c7358dde2c1b141abb0f783ec54c402df554b,1.0,0.6527430465498641,2.199056079139955,0.7868980912052117,0.7310968391635712,0.4637943049615491,0.6374688691865515,0.23591167854502929,0.7310968391635712,0.06860175818282858,1.73432886191693,0.8999999999999999,1.1,0.8,1.2,0.85,2.031384387633061,7.458653652209672,7.458653652209672,0.7310968391635712,1.73432886191693,5.357434291259654,5.357434291259654,9.0,1.0,1.541346347790328,True,12802173bc53e65c341c53140db3ab05ee23464fe1fdddcfead9a330cedf0012,theorem_covered,True,1.0,0.17780996834039547,0.17780996834039547,0.7831543829771516,0.8103575605905732,,,,,,,,,,,,,,,,False
replication,b867e9855af0a3ac,3,50,50,5,fixed_rank,success,success,True,True,True,True,True,True,"[1, 1, 1]",,,,,7,dgp3_N50_T50_r00005_truth1-1-1,12802173bc53e65c341c53140db3ab05ee23464fe1fdddcfead9a330cedf0012,2.636613500013482,,,B_entry,target,success,[],dgp3_N50_T50_r00005_truth1-1-1,success,"[1, 1, 1]",0.6546629542905629,0.544154256006459,0.30800058053154433,0.09486435760776832,0.544154256006459,0.30800058053154433,0.09486435760776832,-0.11050869828410392,0.544154256006459,0.30800058053154433,0.09486435760776832,-0.11050869828410392,0.544154256006459,,,0.0,4.0,0.2988597999792546,[],null,null,False,False,True,False,"[1, 1, 1]",,"[1, 1, 1]",,,,,,,,null,,1.8650228553785118,14.0,3.6065093110073946e-05,0.9689962446509587,131.0,7.251394645741057e-09,0.8347938415145448,0.16817068596001086,297.0,0.10519658702480039,62.36455150277676,592.8381639232663,True,converged,1.9155107363334574e-05,False,8.0,1.0,0.09923419999540783,0.02586860000155866,0.580243700009305,"[20260810, 4011364011, 2235565902, 1499620634, 1499620634, 2098343407, 1387497986, 1337576661]",b867e9855af0a3ac,610c7358dde2c1b141abb0f783ec54c402df554b,1.0,0.6527430465498641,2.199056079139955,0.7868980912052117,0.7310968391635712,0.4637943049615491,0.6374688691865515,0.23591167854502929,0.7310968391635712,0.06860175818282858,1.73432886191693,0.8999999999999999,1.1,0.8,1.2,0.85,2.031384387633061,7.458653652209672,7.458653652209672,0.7310968391635712,1.73432886191693,5.357434291259654,5.357434291259654,9.0,1.0,1.541346347790328,True,12802173bc53e65c341c53140db3ab05ee23464fe1fdddcfead9a330cedf0012,entry_leverage_requires_author_choice,False,1.0,0.18967538603938405,0.18967538603938405,0.7839199312205059,1.0310834089393295,,,,,,,,,,,,,,,,False
replication,b867e9855af0a3ac,3,50,50,5,fixed_rank,success,success,True,True,True,True,True,True,"[1, 1, 1]",,,,,7,dgp3_N50_T50_r00005_truth1-1-1,12802173bc53e65c341c53140db3ab05ee23464fe1fdddcfead9a330cedf0012,2.636613500013482,,,A_fixed_time_mean,target,success,[],dgp3_N50_T50_r00005_truth1-1-1,success,"[1, 1, 1]",0.42454976079314904,0.3801716405136126,0.07415125165110507,0.005498408121425513,0.3801716405136126,0.07415125165110507,0.005498408121425513,-0.04437812027953647,0.3801716405136126,0.07415125165110507,0.005498408121425513,-0.04437812027953647,0.3801716405136126,,,0.0,4.0,0.2988597999792546,[],null,null,False,True,True,False,"[1, 1, 1]",,"[1, 1, 1]",,,,,,,,null,,1.8650228553785118,14.0,3.6065093110073946e-05,0.9689962446509587,129.0,7.832795918010661e-09,0.9143044087756194,0.1375251453191367,297.0,0.10519658702480039,62.36455150277676,592.8381639232663,True,converged,1.360191588588805e-05,False,8.0,1.0,0.09923419999540783,0.03095639997627586,0.6577938999980688,"[20260810, 4011364011, 2235565902, 1499620634, 1499620634, 2098343407, 1387497986, 1337576661]",b867e9855af0a3ac,610c7358dde2c1b141abb0f783ec54c402df554b,1.0,0.6527430465498641,2.199056079139955,0.7868980912052117,0.7310968391635712,0.4637943049615491,0.6374688691865515,0.23591167854502929,0.7310968391635712,0.06860175818282858,1.73432886191693,0.8999999999999999,1.1,0.8,1.2,0.85,2.031384387633061,7.458653652209672,7.458653652209672,0.7310968391635712,1.73432886191693,5.357434291259654,5.357434291259654,9.0,1.0,1.541346347790328,True,12802173bc53e65c341c53140db3ab05ee23464fe1fdddcfead9a330cedf0012,theorem_covered,True,0.14142135623730953,0.14086236505318162,0.9960473354307965,,,,,,,,,,,,,,,,,,False
replication,b867e9855af0a3ac,3,50,50,5,fixed_rank,success,success,True,True,True,True,True,True,"[1, 1, 1]",,,,,7,dgp3_N50_T50_r00005_truth1-1-1,12802173bc53e65c341c53140db3ab05ee23464fe1fdddcfead9a330cedf0012,2.636613500013482,,,B_fixed_time_mean,target,success,[],dgp3_N50_T50_r00005_truth1-1-1,success,"[1, 1, 1]",0.6843674692924222,0.8611929759161094,0.190978050887184,0.03647261592066784,0.8611929759161094,0.190978050887184,0.03647261592066784,0.17682550662368723,0.8611929759161094,0.190978050887184,0.03647261592066784,0.17682550662368723,0.8611929759161094,,,0.0,4.0,0.2988597999792546,[],null,null,False,True,True,False,"[1, 1, 1]",,"[1, 1, 1]",,,,,,,,null,,1.8650228553785118,14.0,3.6065093110073946e-05,0.9689962446509587,132.0,9.071788270117886e-09,1.1353721078354588,0.12569700636922254,297.0,0.10519658702480039,62.36455150277676,592.8381639232663,True,converged,8.987963435327401e-06,False,8.0,1.0,0.09923419999540783,0.030256500001996756,0.7381244999996852,"[20260810, 4011364011, 2235565902, 1499620634, 1499620634, 2098343407, 1387497986, 1337576661]",b867e9855af0a3ac,610c7358dde2c1b141abb0f783ec54c402df554b,1.0,0.6527430465498641,2.199056079139955,0.7868980912052117,0.7310968391635712,0.4637943049615491,0.6374688691865515,0.23591167854502929,0.7310968391635712,0.06860175818282858,1.73432886191693,0.8999999999999999,1.1,0.8,1.2,0.85,2.031384387633061,7.458653652209672,7.458653652209672,0.7310968391635712,1.73432886191693,5.357434291259654,5.357434291259654,9.0,1.0,1.541346347790328,True,12802173bc53e65c341c53140db3ab05ee23464fe1fdddcfead9a330cedf0012,theorem_covered,True,0.14142135623730953,0.131120423706767,0.9271614075510827,,,,,,,,,,,,,,,,,,False
replication,b867e9855af0a3ac,3,50,50,5,fixed_rank,success,success,True,True,False,True,False,False,"[1, 1, 1]",,,,,7,dgp3_N50_T50_r00005_truth1-1-1,12802173bc53e65c341c53140db3ab05ee23464fe1fdddcfead9a330cedf0012,2.636613500013482,,,A_full_mean,target,split_fit_failure,[],dgp3_N50_T50_r00005_truth1-1-1,split_fit_not_converged,"[1, 1, 1]",0.46379430496154916,0.4890545027341735,0.03108722479455059,0.0009664155454269208,0.4242767963200776,0.01863450237157159,0.0003472446786361072,-0.03951750864147158,0.4890545027341735,0.03108722479455059,0.0009664155454269208,0.025260197772624338,0.4242767963200776,0.3894589852800393,0.39431690094602,4.0,4.0,0.2988597999792546,"[{""converged"": true, ""kind"": ""time"", ""max_envelope_ratio"": 1.2984344768946836, ""n"": 50, ""numerical_rank_vector"": [1, 1, 1], ""part"": 0, ""rank_supported"": true, ""riesz_converged"": true, ""riesz_equation_residual"": 7.220908046677008e-09, ""riesz_solver"": ""cg"", ""riesz_target_rayleigh_quotient"": 0.26033899818824097, ""riesz_target_stable"": true, ""split_rank_singular_values"": [{""block"": ""A"", ""computational_rank_supported"": true, ""relative_rank_floor"": 1e-10, ""sigma_1"": 18.91900615811967, ""sigma_r"": 18.91900615811967, ""sigma_r_over_sigma_1"": 1.0, ""supplied_rank"": 1}, {""block"": ""B"", ""computational_rank_supported"": true, ""relative_rank_floor"": 1e-10, ""sigma_1"": 41.092796598826915, ""sigma_r"": 41.092796598826915, ""sigma_r_over_sigma_1"": 1.0, ""supplied_rank"": 1}, {""block"": ""H"", ""computational_rank_supported"": true, ""relative_rank_floor"": 1e-10, ""sigma_1"": 72.90565109702126, ""sigma_r"": 72.90565109702126, ""sigma_r_over_sigma_1"": 1.0, ""supplied_rank"": 1}], ""stationarity_residual"": 5.8782234220048915e-05, ""t"": 25, ""tangent_gram_condition_number"": 937.1948600673688, ""tangent_gram_coordinate_dimension"": 222, ""tangent_gram_eigensolver_converged"": true, ""tangent_gram_eigensolver_status"": ""converged"", ""tangent_gram_largest_eigenvalue"": 59.95068373654248, ""tangent_gram_smallest_eigenvalue"": 0.06396821652674559, ""target_support_norm"": 0.013702922750394494, ""target_supported"": true}, {""converged"": true, ""kind"": ""time"", ""max_envelope_ratio"": 1.0391083527371576, ""n"": 50, ""numerical_rank_vector"": [1, 1, 1], ""part"": 1, ""rank_supported"": true, ""riesz_converged"": true, ""riesz_equation_residual"": 6.804724380558421e-09, ""riesz_solver"": ""cg"", ""riesz_target_rayleigh_quotient"": 0.4522633077756822, ""riesz_target_stable"": true, ""split_rank_singular_values"": [{""block"": ""A"", ""computational_rank_supported"": true, ""relative_rank_floor"": 1e-10, ""sigma_1"": 16.883991297459723, ""sigma_r"": 16.883991297459723, ""sigma_r_over_sigma_1"": 1.0, ""supplied_rank"": 1}, {""block"": ""B"", ""computational_rank_supported"": true, ""relative_rank_floor"": 1e-10, ""sigma_1"": 35.325407427764844, ""sigma_r"": 35.325407427764844, ""sigma_r_over_sigma_1"": 1.0, ""supplied_rank"": 1}, {""block"": ""H"", ""computational_rank_supported"": true, ""relative_rank_floor"": 1e-10, ""sigma_1"": 76.88001208607251, ""sigma_r"": 76.88001208607251, ""sigma_r_over_sigma_1"": 1.0, ""supplied_rank"": 1}], ""stationarity_residual"": 7.654096576717756e-05, ""t"": 25, ""tangent_gram_condition_number"": 291.03557342287047, ""tangent_gram_coordinate_dimension"": 222, ""tangent_gram_eigensolver_converged"": true, ""tangent_gram_eigensolver_status"": ""converged"", ""tangent_gram_largest_eigenvalue"": 55.508886398110675, ""tangent_gram_smallest_eigenvalue"": 0.19072887120041873, ""target_support_norm"": 0.013978468324388354, ""target_supported"": true}, {""converged"": true, ""kind"": ""unit"", ""max_envelope_ratio"": 1.3240006268906706, ""n"": 26, ""numerical_rank_vector"": [1, 1, 1], ""part"": 0, ""rank_supported"": true, ""riesz_converged"": true, ""riesz_equation_residual"": 8.375056146798225e-09, ""riesz_solver"": ""cg"", ""riesz_target_rayleigh_quotient"": 0.4871606024936252, ""riesz_target_stable"": true, ""split_rank_singular_values"": [{""block"": ""A"", ""computational_rank_supported"": true, ""relative_rank_floor"": 1e-10, ""sigma_1"": 17.52723980558443, ""sigma_r"": 17.52723980558443, ""sigma_r_over_sigma_1"": 1.0, ""supplied_rank"": 1}, {""block"": ""B"", ""computational_rank_supported"": true, ""relative_rank_floor"": 1e-10, ""sigma_1"": 38.631965524383546, ""sigma_r"": 38.631965524383546, ""sigma_r_over_sigma_1"": 1.0, ""supplied_rank"": 1}, {""block"": ""H"", ""computational_rank_supported"": true, ""relative_rank_floor"": 1e-10, ""sigma_1"": 81.2929665877648, ""sigma_r"": 81.2929665877648, ""sigma_r_over_sigma_1"": 1.0, ""supplied_rank"": 1}], ""stationarity_residual"": 5.2563336057771845e-05, ""t"": 50, ""tangent_gram_condition_number"": 266.1915697007448, ""tangent_gram_coordinate_dimension"": 225, ""tangent_gram_eigensolver_converged"": true, ""tangent_gram_eigensolver_status"": ""converged"", ""tangent_gram_largest_eigenvalue"": 49.192685433819854, ""tangent_gram_smallest_eigenvalue"": 0.18480181580927885, ""target_support_norm"": 0.014092433943459137, ""target_supported"": true}, {""converged"": true, ""kind"": ""unit"", ""max_envelope_ratio"": 0.916443408261482, ""n"": 24, ""numerical_rank_vector"": [1, 1, 1], ""part"": 1, ""rank_supported"": true, ""riesz_converged"": true, ""riesz_equation_residual"": 8.166145485983799e-09, ""riesz_solver"": ""cg"", ""riesz_target_rayleigh_quotient"": 0.4832570888227165, ""riesz_target_stable"": true, ""split_rank_singular_values"": [{""block"": ""A"", ""computational_rank_supported"": true, ""relative_rank_floor"": 1e-10, ""sigma_1"": 17.296292778650646, ""sigma_r"": 17.296292778650646, ""sigma_r_over_sigma_1"": 1.0, ""supplied_rank"": 1}, {""block"": ""B"", ""computational_rank_supported"": true, ""relative_rank_floor"": 1e-10, ""sigma_1"": 36.41286231745699, ""sigma_r"": 36.41286231745699, ""sigma_r_over_sigma_1"": 1.0, ""supplied_rank"": 1}, {""block"": ""H"", ""computational_rank_supported"": true, ""relative_rank_floor"": 1e-10, ""sigma_1"": 69.81617817959946, ""sigma_r"": 69.81617817959946, ""sigma_r_over_sigma_1"": 1.0, ""supplied_rank"": 1}], ""stationarity_residual"": 4.547251994926956e-05, ""t"": 50, ""tangent_gram_condition_number"": 414.43351269771443, ""tangent_gram_coordinate_dimension"": 219, ""tangent_gram_eigensolver_converged"": true, ""tangent_gram_eigensolver_status"": ""converged"", ""tangent_gram_largest_eigenvalue"": 76.19624991681232, ""tangent_gram_smallest_eigenvalue"": 0.18385639091013725, ""target_support_norm"": 0.013695308912357157, ""target_supported"": true}]","[[0, 1, 4, 5, 9, 10, 11, 14, 17, 18, 20, 21, 23, 24, 27, 29, 30, 31, 33, 35, 36, 39, 42, 46, 47], [2, 3, 6, 7, 8, 12, 13, 15, 16, 19, 22, 25, 26, 28, 32, 34, 37, 38, 40, 41, 43, 44, 45, 48, 49]]","[[0, 2, 3, 5, 7, 10, 11, 14, 15, 16, 18, 22, 24, 25, 28, 29, 30, 31, 32, 34, 39, 42, 45, 46, 47, 49], [1, 4, 6, 8, 9, 12, 13, 17, 19, 20, 21, 23, 26, 27, 33, 35, 36, 37, 38, 40, 41, 43, 44, 48]]",False,False,False,True,"[1, 1, 1]",,"[1, 1, 1]",,,,,,,,null,,1.8650228553785118,14.0,3.6065093110073946e-05,0.9689962446509587,131.0,6.069363386080281e-09,0.41478500821819,0.01991982387015703,297.0,0.10519658702480039,62.36455150277676,592.8381639232663,True,converged,0.0002366330501243793,False,8.0,1.0,0.09923419999540783,0.1143197999917902,0.8960345000086818,"[20260810, 4011364011, 2235565902, 1499620634, 1499620634, 2098343407, 1387497986, 1337576661]",b867e9855af0a3ac,610c7358dde2c1b141abb0f783ec54c402df554b,1.0,0.6527430465498641,2.199056079139955,0.7868980912052117,0.7310968391635712,0.4637943049615491,0.6374688691865515,0.23591167854502929,0.7310968391635712,0.06860175818282858,1.73432886191693,0.8999999999999999,1.1,0.8,1.2,0.85,2.031384387633061,7.458653652209672,7.458653652209672,0.7310968391635712,1.73432886191693,5.357434291259654,5.357434291259654,9.0,1.0,1.541346347790328,True,12802173bc53e65c341c53140db3ab05ee23464fe1fdddcfead9a330cedf0012,theorem_covered,True,0.01999999999999997,0.019997361159014657,0.9998680579507344,,,,,,,,,,,,,,,,,,False
replication,b867e9855af0a3ac,3,50,50,5,fixed_rank,success,success,True,True,False,True,False,False,"[1, 1, 1]",,,,,7,dgp3_N50_T50_r00005_truth1-1-1,12802173bc53e65c341c53140db3ab05ee23464fe1fdddcfead9a330cedf0012,2.636613500013482,,,B_full_mean,target,split_fit_failure,[],dgp3_N50_T50_r00005_truth1-1-1,split_fit_not_converged,"[1, 1, 1]",0.6374688691865517,0.6813557644782834,0.0665553528238432,0.004429614989506253,0.6973328944198153,0.03879773191642822,0.0015052640018590332,0.05986402523326362,0.6813557644782834,0.0665553528238432,0.004429614989506253,0.04388689529173173,0.6973328944198153,0.7138368126102531,0.6968061061709093,4.0,4.0,0.2988597999792546,"[{""converged"": true, ""kind"": ""time"", ""max_envelope_ratio"": 1.2984344768946836, ""n"": 50, ""numerical_rank_vector"": [1, 1, 1], ""part"": 0, ""rank_supported"": true, ""riesz_converged"": true, ""riesz_equation_residual"": 8.789555410071326e-09, ""riesz_solver"": ""cg"", ""riesz_target_rayleigh_quotient"": 0.301854729154388, ""riesz_target_stable"": true, ""split_rank_singular_values"": [{""block"": ""A"", ""computational_rank_supported"": true, ""relative_rank_floor"": 1e-10, ""sigma_1"": 18.91900615811967, ""sigma_r"": 18.91900615811967, ""sigma_r_over_sigma_1"": 1.0, ""supplied_rank"": 1}, {""block"": ""B"", ""computational_rank_supported"": true, ""relative_rank_floor"": 1e-10, ""sigma_1"": 41.092796598826915, ""sigma_r"": 41.092796598826915, ""sigma_r_over_sigma_1"": 1.0, ""supplied_rank"": 1}, {""block"": ""H"", ""computational_rank_supported"": true, ""relative_rank_floor"": 1e-10, ""sigma_1"": 72.90565109702126, ""sigma_r"": 72.90565109702126, ""sigma_r_over_sigma_1"": 1.0, ""supplied_rank"": 1}], ""stationarity_residual"": 5.8782234220048915e-05, ""t"": 25, ""tangent_gram_condition_number"": 937.1948600673688, ""tangent_gram_coordinate_dimension"": 222, ""tangent_gram_eigensolver_converged"": true, ""tangent_gram_eigensolver_status"": ""converged"", ""tangent_gram_largest_eigenvalue"": 59.95068373654248, ""tangent_gram_smallest_eigenvalue"": 0.06396821652674559, ""target_support_norm"": 0.0132676742910352, ""target_supported"": true}, {""converged"": true, ""kind"": ""time"", ""max_envelope_ratio"": 1.0391083527371576, ""n"": 50, ""numerical_rank_vector"": [1, 1, 1], ""part"": 1, ""rank_supported"": true, ""riesz_converged"": true, ""riesz_equation_residual"": 5.764862055901229e-09, ""riesz_solver"": ""cg"", ""riesz_target_rayleigh_quotient"": 0.5052710053507029, ""riesz_target_stable"": true, ""split_rank_singular_values"": [{""block"": ""A"", ""computational_rank_supported"": true, ""relative_rank_floor"": 1e-10, ""sigma_1"": 16.883991297459723, ""sigma_r"": 16.883991297459723, ""sigma_r_over_sigma_1"": 1.0, ""supplied_rank"": 1}, {""block"": ""B"", ""computational_rank_supported"": true, ""relative_rank_floor"": 1e-10, ""sigma_1"": 35.325407427764844, ""sigma_r"": 35.325407427764844, ""sigma_r_over_sigma_1"": 1.0, ""supplied_rank"": 1}, {""block"": ""H"", ""computational_rank_supported"": true, ""relative_rank_floor"": 1e-10, ""sigma_1"": 76.88001208607251, ""sigma_r"": 76.88001208607251, ""sigma_r_over_sigma_1"": 1.0, ""supplied_rank"": 1}], ""stationarity_residual"": 7.654096576717756e-05, ""t"": 25, ""tangent_gram_condition_number"": 291.03557342287047, ""tangent_gram_coordinate_dimension"": 222, ""tangent_gram_eigensolver_converged"": true, ""tangent_gram_eigensolver_status"": ""converged"", ""tangent_gram_largest_eigenvalue"": 55.508886398110675, ""tangent_gram_smallest_eigenvalue"": 0.19072887120041873, ""target_support_norm"": 0.013422542980790183, ""target_supported"": true}, {""converged"": true, ""kind"": ""unit"", ""max_envelope_ratio"": 1.3240006268906706, ""n"": 26, ""numerical_rank_vector"": [1, 1, 1], ""part"": 0, ""rank_supported"": true, ""riesz_converged"": true, ""riesz_equation_residual"": 8.085424188761653e-09, ""riesz_solver"": ""cg"", ""riesz_target_rayleigh_quotient"": 0.5249876078623311, ""riesz_target_stable"": true, ""split_rank_singular_values"": [{""block"": ""A"", ""computational_rank_supported"": true, ""relative_rank_floor"": 1e-10, ""sigma_1"": 17.52723980558443, ""sigma_r"": 17.52723980558443, ""sigma_r_over_sigma_1"": 1.0, ""supplied_rank"": 1}, {""block"": ""B"", ""computational_rank_supported"": true, ""relative_rank_floor"": 1e-10, ""sigma_1"": 38.631965524383546, ""sigma_r"": 38.631965524383546, ""sigma_r_over_sigma_1"": 1.0, ""supplied_rank"": 1}, {""block"": ""H"", ""computational_rank_supported"": true, ""relative_rank_floor"": 1e-10, ""sigma_1"": 81.2929665877648, ""sigma_r"": 81.2929665877648, ""sigma_r_over_sigma_1"": 1.0, ""supplied_rank"": 1}], ""stationarity_residual"": 5.2563336057771845e-05, ""t"": 50, ""tangent_gram_condition_number"": 266.1915697007448, ""tangent_gram_coordinate_dimension"": 225, ""tangent_gram_eigensolver_converged"": true, ""tangent_gram_eigensolver_status"": ""converged"", ""tangent_gram_largest_eigenvalue"": 49.192685433819854, ""tangent_gram_smallest_eigenvalue"": 0.18480181580927885, ""target_support_norm"": 0.013315573017869783, ""target_supported"": true}, {""converged"": true, ""kind"": ""unit"", ""max_envelope_ratio"": 0.916443408261482, ""n"": 24, ""numerical_rank_vector"": [1, 1, 1], ""part"": 1, ""rank_supported"": true, ""riesz_converged"": true, ""riesz_equation_residual"": 9.632003120053517e-09, ""riesz_solver"": ""cg"", ""riesz_target_rayleigh_quotient"": 0.5061274898848434, ""riesz_target_stable"": true, ""split_rank_singular_values"": [{""block"": ""A"", ""computational_rank_supported"": true, ""relative_rank_floor"": 1e-10, ""sigma_1"": 17.296292778650646, ""sigma_r"": 17.296292778650646, ""sigma_r_over_sigma_1"": 1.0, ""supplied_rank"": 1}, {""block"": ""B"", ""computational_rank_supported"": true, ""relative_rank_floor"": 1e-10, ""sigma_1"": 36.41286231745699, ""sigma_r"": 36.41286231745699, ""sigma_r_over_sigma_1"": 1.0, ""supplied_rank"": 1}, {""block"": ""H"", ""computational_rank_supported"": true, ""relative_rank_floor"": 1e-10, ""sigma_1"": 69.81617817959946, ""sigma_r"": 69.81617817959946, ""sigma_r_over_sigma_1"": 1.0, ""supplied_rank"": 1}], ""stationarity_residual"": 4.547251994926956e-05, ""t"": 50, ""tangent_gram_condition_number"": 414.43351269771443, ""tangent_gram_coordinate_dimension"": 219, ""tangent_gram_eigensolver_converged"": true, ""tangent_gram_eigensolver_status"": ""converged"", ""tangent_gram_largest_eigenvalue"": 76.19624991681232, ""tangent_gram_smallest_eigenvalue"": 0.18385639091013725, ""target_support_norm"": 0.013266079141577767, ""target_supported"": true}]","[[0, 1, 4, 5, 9, 10, 11, 14, 17, 18, 20, 21, 23, 24, 27, 29, 30, 31, 33, 35, 36, 39, 42, 46, 47], [2, 3, 6, 7, 8, 12, 13, 15, 16, 19, 22, 25, 26, 28, 32, 34, 37, 38, 40, 41, 43, 44, 45, 48, 49]]","[[0, 2, 3, 5, 7, 10, 11, 14, 15, 16, 18, 22, 24, 25, 28, 29, 30, 31, 32, 34, 39, 42, 45, 46, 47, 49], [1, 4, 6, 8, 9, 12, 13, 17, 19, 20, 21, 23, 26, 27, 33, 35, 36, 37, 38, 40, 41, 43, 44, 48]]",False,False,False,True,"[1, 1, 1]",,"[1, 1, 1]",,,,,,,,null,,1.8650228553785118,14.0,3.6065093110073946e-05,0.9689962446509587,140.0,5.681622391974984e-09,0.5344239126830057,0.01940294399067993,297.0,0.10519658702480039,62.36455150277676,592.8381639232663,True,converged,0.00011792855950949262,False,8.0,1.0,0.09923419999540783,0.0956368999904953,1.1234795000054874,"[20260810, 4011364011, 2235565902, 1499620634, 1499620634, 2098343407, 1387497986, 1337576661]",b867e9855af0a3ac,610c7358dde2c1b141abb0f783ec54c402df554b,1.0,0.6527430465498641,2.199056079139955,0.7868980912052117,0.7310968391635712,0.4637943049615491,0.6374688691865515,0.23591167854502929,0.7310968391635712,0.06860175818282858,1.73432886191693,0.8999999999999999,1.1,0.8,1.2,0.85,2.031384387633061,7.458653652209672,7.458653652209672,0.7310968391635712,1.73432886191693,5.357434291259654,5.357434291259654,9.0,1.0,1.541346347790328,True,12802173bc53e65c341c53140db3ab05ee23464fe1fdddcfead9a330cedf0012,theorem_covered,True,0.01999999999999997,0.019848370416059025,0.9924185208029528,,,,,,,,,,,,,,,,,,False
replication,b867e9855af0a3ac,3,50,50,5,fixed_rank,success,success,True,True,True,True,True,True,"[1, 1, 1]",,,,,7,dgp3_N50_T50_r00005_truth1-1-1,12802173bc53e65c341c53140db3ab05ee23464fe1fdddcfead9a330cedf0012,2.636613500013482,,,A_G1_fixed_time,target,success,[],dgp3_N50_T50_r00005_truth1-1-1,success,"[1, 1, 1]",0.42890781492374086,0.42067146978370906,0.08135090354465813,0.006617969507532269,0.42067146978370906,0.08135090354465813,0.006617969507532269,-0.008236345140031798,0.42067146978370906,0.08135090354465813,0.006617969507532269,-0.008236345140031798,0.42067146978370906,,,0.0,4.0,0.2988597999792546,[],null,null,False,True,True,False,"[1, 1, 1]",,"[1, 1, 1]",,,,,,,,null,,1.8650228553785118,14.0,3.6065093110073946e-05,0.9689962446509587,129.0,8.37901083280358e-09,0.947622464183485,0.15287371923447696,297.0,0.10519658702480039,62.36455150277676,592.8381639232663,True,converged,7.2170699716382e-06,False,8.0,1.0,0.09923419999540783,0.034504500014008954,1.1914388000150211,"[20260810, 4011364011, 2235565902, 1499620634, 1499620634, 2098343407, 1387497986, 1337576661]",b867e9855af0a3ac,610c7358dde2c1b141abb0f783ec54c402df554b,1.0,0.6527430465498641,2.199056079139955,0.7868980912052117,0.7310968391635712,0.4637943049615491,0.6374688691865515,0.23591167854502929,0.7310968391635712,0.06860175818282858,1.73432886191693,0.8999999999999999,1.1,0.8,1.2,0.85,2.031384387633061,7.458653652209672,7.458653652209672,0.7310968391635712,1.73432886191693,5.357434291259654,5.357434291259654,9.0,1.0,1.541346347790328,True,12802173bc53e65c341c53140db3ab05ee23464fe1fdddcfead9a330cedf0012,theorem_covered,True,0.2,0.14341937138370728,0.7170968569185363,,,,,,,,,,,,,,,,,,False
replication,b867e9855af0a3ac,3,50,50,5,fixed_rank,success,success,True,True,True,True,True,True,"[1, 1, 1]",,,,,7,dgp3_N50_T50_r00005_truth1-1-1,12802173bc53e65c341c53140db3ab05ee23464fe1fdddcfead9a330cedf0012,2.636613500013482,,,A_G2_fixed_time,target,success,[],dgp3_N50_T50_r00005_truth1-1-1,success,"[1, 1, 1]",0.42019170666255734,0.3396718112435161,0.06885334139017912,0.004740782620592554,0.3396718112435161,0.06885334139017912,0.004740782620592554,-0.08051989541904125,0.3396718112435161,0.06885334139017912,0.004740782620592554,-0.08051989541904125,0.3396718112435161,,,0.0,4.0,0.2988597999792546,[],null,null,False,True,True,False,"[1, 1, 1]",,"[1, 1, 1]",,,,,,,,null,,1.8650228553785118,14.0,3.6065093110073946e-05,0.9689962446509587,126.0,9.78928057086252e-09,0.8854693565792949,0.1242096850350009,297.0,0.10519658702480039,62.36455150277676,592.8381639232663,True,converged,2.095131333753655e-05,False,8.0,1.0,0.09923419999540783,0.022492599993711337,1.2453421000100207,"[20260810, 4011364011, 2235565902, 1499620634, 1499620634, 2098343407, 1387497986, 1337576661]",b867e9855af0a3ac,610c7358dde2c1b141abb0f783ec54c402df554b,1.0,0.6527430465498641,2.199056079139955,0.7868980912052117,0.7310968391635712,0.4637943049615491,0.6374688691865515,0.23591167854502929,0.7310968391635712,0.06860175818282858,1.73432886191693,0.8999999999999999,1.1,0.8,1.2,0.85,2.031384387633061,7.458653652209672,7.458653652209672,0.7310968391635712,1.73432886191693,5.357434291259654,5.357434291259654,9.0,1.0,1.541346347790328,True,12802173bc53e65c341c53140db3ab05ee23464fe1fdddcfead9a330cedf0012,theorem_covered,True,0.2,0.14059763539419817,0.7029881769709908,,,,,,,,,,,,,,,,,,False
replication,b867e9855af0a3ac,3,50,50,5,fixed_rank,success,success,True,True,True,True,True,True,"[1, 1, 1]",,,,,7,dgp3_N50_T50_r00005_truth1-1-1,12802173bc53e65c341c53140db3ab05ee23464fe1fdddcfead9a330cedf0012,2.636613500013482,,,A_G2_minus_G1_fixed_time,target,success,[],dgp3_N50_T50_r00005_truth1-1-1,success,"[1, 1, 1]",-0.008716108261183513,-0.08099965854019298,0.02690486561718598,0.0007238717938788363,-0.08099965854019298,0.02690486561718598,0.0007238717938788363,-0.07228355027900946,-0.08099965854019298,0.02690486561718598,0.0007238717938788363,-0.07228355027900946,-0.08099965854019298,,,0.0,4.0,0.2988597999792546,[],null,null,True,True,False,False,"[1, 1, 1]",,"[1, 1, 1]",,,,,,,,null,,1.8650228553785118,14.0,3.6065093110073946e-05,0.9689962446509587,131.0,7.81696636033157e-09,1.1898049650718896,0.04409282705784449,297.0,0.10519658702480039,62.36455150277676,592.8381639232663,True,converged,3.0339709290238673e-05,False,8.0,1.0,0.09923419999540783,0.024776600010227412,1.3020485000160988,"[20260810, 4011364011, 2235565902, 1499620634, 1499620634, 2098343407, 1387497986, 1337576661]",b867e9855af0a3ac,610c7358dde2c1b141abb0f783ec54c402df554b,1.0,0.6527430465498641,2.199056079139955,0.7868980912052117,0.7310968391635712,0.4637943049615491,0.6374688691865515,0.23591167854502929,0.7310968391635712,0.06860175818282858,1.73432886191693,0.8999999999999999,1.1,0.8,1.2,0.85,2.031384387633061,7.458653652209672,7.458653652209672,0.7310968391635712,1.73432886191693,5.357434291259654,5.357434291259654,9.0,1.0,1.541346347790328,True,12802173bc53e65c341c53140db3ab05ee23464fe1fdddcfead9a330cedf0012,weak_target_stress_outside_assumption9,False,0.28284271247461906,0.036121998554510794,0.12771055063952622,,,,,,,,,,,,,,,,,,False
replication,b867e9855af0a3ac,3,50,50,5,fixed_rank,success,success,True,True,False,True,False,False,"[1, 1, 1]",,,,,7,dgp3_N50_T50_r00005_truth1-1-1,12802173bc53e65c341c53140db3ab05ee23464fe1fdddcfead9a330cedf0012,2.636613500013482,,,A_G1_time_average,target,split_fit_failure,[],dgp3_N50_T50_r00005_truth1-1-1,split_fit_not_converged,"[1, 1, 1]",0.46855520903721387,0.524840669791674,0.0361841403809387,0.0013092920151074787,0.46947516459134625,0.020967149394677573,0.0004396213537387281,0.000919955554132379,0.524840669791674,0.0361841403809387,0.0013092920151074787,0.056285460754460115,0.46947516459134625,0.44241861573067676,0.44116620825168806,4.0,4.0,0.2988597999792546,"[{""converged"": true, ""kind"": ""time"", ""max_envelope_ratio"": 1.2984344768946836, ""n"": 50, ""numerical_rank_vector"": [1, 1, 1], ""part"": 0, ""rank_supported"": true, ""riesz_converged"": true, ""riesz_equation_residual"": 7.636002523520722e-09, ""riesz_solver"": ""cg"", ""riesz_target_rayleigh_quotient"": 0.24606751871780017, ""riesz_target_stable"": true, ""split_rank_singular_values"": [{""block"": ""A"", ""computational_rank_supported"": true, ""relative_rank_floor"": 1e-10, ""sigma_1"": 18.91900615811967, ""sigma_r"": 18.91900615811967, ""sigma_r_over_sigma_1"": 1.0, ""supplied_rank"": 1}, {""block"": ""B"", ""computational_rank_supported"": true, ""relative_rank_floor"": 1e-10, ""sigma_1"": 41.092796598826915, ""sigma_r"": 41.092796598826915, ""sigma_r_over_sigma_1"": 1.0, ""supplied_rank"": 1}, {""block"": ""H"", ""computational_rank_supported"": true, ""relative_rank_floor"": 1e-10, ""sigma_1"": 72.90565109702126, ""sigma_r"": 72.90565109702126, ""sigma_r_over_sigma_1"": 1.0, ""supplied_rank"": 1}], ""stationarity_residual"": 5.8782234220048915e-05, ""t"": 25, ""tangent_gram_condition_number"": 937.1948600673688, ""tangent_gram_coordinate_dimension"": 222, ""tangent_gram_eigensolver_converged"": true, ""tangent_gram_eigensolver_status"": ""converged"", ""tangent_gram_largest_eigenvalue"": 59.95068373654248, ""tangent_gram_smallest_eigenvalue"": 0.06396821652674559, ""target_support_norm"": 0.018024882746508063, ""target_supported"": true}, {""converged"": true, ""kind"": ""time"", ""max_envelope_ratio"": 1.0391083527371576, ""n"": 50, ""numerical_rank_vector"": [1, 1, 1], ""part"": 1, ""rank_supported"": true, ""riesz_converged"": true, ""riesz_equation_residual"": 8.090560262575831e-09, ""riesz_solver"": ""cg"", ""riesz_target_rayleigh_quotient"": 0.7406003417804434, ""riesz_target_stable"": true, ""split_rank_singular_values"": [{""block"": ""A"", ""computational_rank_supported"": true, ""relative_rank_floor"": 1e-10, ""sigma_1"": 16.883991297459723, ""sigma_r"": 16.883991297459723, ""sigma_r_over_sigma_1"": 1.0, ""supplied_rank"": 1}, {""block"": ""B"", ""computational_rank_supported"": true, ""relative_rank_floor"": 1e-10, ""sigma_1"": 35.325407427764844, ""sigma_r"": 35.325407427764844, ""sigma_r_over_sigma_1"": 1.0, ""supplied_rank"": 1}, {""block"": ""H"", ""computational_rank_supported"": true, ""relative_rank_floor"": 1e-10, ""sigma_1"": 76.88001208607251, ""sigma_r"": 76.88001208607251, ""sigma_r_over_sigma_1"": 1.0, ""supplied_rank"": 1}], ""stationarity_residual"": 7.654096576717756e-05, ""t"": 25, ""tangent_gram_condition_number"": 291.03557342287047, ""tangent_gram_coordinate_dimension"": 222, ""tangent_gram_eigensolver_converged"": true, ""tangent_gram_eigensolver_status"": ""converged"", ""tangent_gram_largest_eigenvalue"": 55.508886398110675, ""tangent_gram_smallest_eigenvalue"": 0.19072887120041873, ""target_support_norm"": 0.01923700368887254, ""target_supported"": true}, {""converged"": true, ""kind"": ""unit"", ""max_envelope_ratio"": 1.3240006268906706, ""n"": 26, ""numerical_rank_vector"": [1, 1, 1], ""part"": 0, ""rank_supported"": true, ""riesz_converged"": true, ""riesz_equation_residual"": 7.520317761865431e-09, ""riesz_solver"": ""cg"", ""riesz_target_rayleigh_quotient"": 0.6591051283167332, ""riesz_target_stable"": true, ""split_rank_singular_values"": [{""block"": ""A"", ""computational_rank_supported"": true, ""relative_rank_floor"": 1e-10, ""sigma_1"": 17.52723980558443, ""sigma_r"": 17.52723980558443, ""sigma_r_over_sigma_1"": 1.0, ""supplied_rank"": 1}, {""block"": ""B"", ""computational_rank_supported"": true, ""relative_rank_floor"": 1e-10, ""sigma_1"": 38.631965524383546, ""sigma_r"": 38.631965524383546, ""sigma_r_over_sigma_1"": 1.0, ""supplied_rank"": 1}, {""block"": ""H"", ""computational_rank_supported"": true, ""relative_rank_floor"": 1e-10, ""sigma_1"": 81.2929665877648, ""sigma_r"": 81.2929665877648, ""sigma_r_over_sigma_1"": 1.0, ""supplied_rank"": 1}], ""stationarity_residual"": 5.2563336057771845e-05, ""t"": 50, ""tangent_gram_condition_number"": 266.1915697007448, ""tangent_gram_coordinate_dimension"": 225, ""tangent_gram_eigensolver_converged"": true, ""tangent_gram_eigensolver_status"": ""converged"", ""tangent_gram_largest_eigenvalue"": 49.192685433819854, ""tangent_gram_smallest_eigenvalue"": 0.18480181580927885, ""target_support_norm"": 0.01913429082116613, ""target_supported"": true}, {""converged"": true, ""kind"": ""unit"", ""max_envelope_ratio"": 0.916443408261482, ""n"": 24, ""numerical_rank_vector"": [1, 1, 1], ""part"": 1, ""rank_supported"": true, ""riesz_converged"": true, ""riesz_equation_residual"": 6.947862210187933e-09, ""riesz_solver"": ""cg"", ""riesz_target_rayleigh_quotient"": 0.8097127398088487, ""riesz_target_stable"": true, ""split_rank_singular_values"": [{""block"": ""A"", ""computational_rank_supported"": true, ""relative_rank_floor"": 1e-10, ""sigma_1"": 17.296292778650646, ""sigma_r"": 17.296292778650646, ""sigma_r_over_sigma_1"": 1.0, ""supplied_rank"": 1}, {""block"": ""B"", ""computational_rank_supported"": true, ""relative_rank_floor"": 1e-10, ""sigma_1"": 36.41286231745699, ""sigma_r"": 36.41286231745699, ""sigma_r_over_sigma_1"": 1.0, ""supplied_rank"": 1}, {""block"": ""H"", ""computational_rank_supported"": true, ""relative_rank_floor"": 1e-10, ""sigma_1"": 69.81617817959946, ""sigma_r"": 69.81617817959946, ""sigma_r_over_sigma_1"": 1.0, ""supplied_rank"": 1}], ""stationarity_residual"": 4.547251994926956e-05, ""t"": 50, ""tangent_gram_condition_number"": 414.43351269771443, ""tangent_gram_coordinate_dimension"": 219, ""tangent_gram_eigensolver_converged"": true, ""tangent_gram_eigensolver_status"": ""converged"", ""tangent_gram_largest_eigenvalue"": 76.19624991681232, ""tangent_gram_smallest_eigenvalue"": 0.18385639091013725, ""target_support_norm"": 0.018425854428971752, ""target_supported"": true}]","[[0, 1, 4, 5, 9, 10, 11, 14, 17, 18, 20, 21, 23, 24, 27, 29, 30, 31, 33, 35, 36, 39, 42, 46, 47], [2, 3, 6, 7, 8, 12, 13, 15, 16, 19, 22, 25, 26, 28, 32, 34, 37, 38, 40, 41, 43, 44, 45, 48, 49]]","[[0, 2, 3, 5, 7, 10, 11, 14, 15, 16, 18, 22, 24, 25, 28, 29, 30, 31, 32, 34, 39, 42, 45, 46, 47, 49], [1, 4, 6, 8, 9, 12, 13, 17, 19, 20, 21, 23, 26, 27, 33, 35, 36, 37, 38, 40, 41, 43, 44, 48]]",False,False,False,True,"[1, 1, 1]",,"[1, 1, 1]",,,,,,,,null,,1.8650228553785118,14.0,3.6065093110073946e-05,0.9689962446509587,131.0,9.969222032030881e-09,0.6636382281180029,0.027404879854609345,297.0,0.10519658702480039,62.36455150277676,592.8381639232663,True,converged,0.00019522704908651393,False,8.0,1.0,0.09923419999540783,0.09542850000434555,1.4292802000127267,"[20260810, 4011364011, 2235565902, 1499620634, 1499620634, 2098343407, 1387497986, 1337576661]",b867e9855af0a3ac,610c7358dde2c1b141abb0f783ec54c402df554b,1.0,0.6527430465498641,2.199056079139955,0.7868980912052117,0.7310968391635712,0.4637943049615491,0.6374688691865515,0.23591167854502929,0.7310968391635712,0.06860175818282858,1.73432886191693,0.8999999999999999,1.1,0.8,1.2,0.85,2.031384387633061,7.458653652209672,7.458653652209672,0.7310968391635712,1.73432886191693,5.357434291259654,5.357434291259654,9.0,1.0,1.541346347790328,True,12802173bc53e65c341c53140db3ab05ee23464fe1fdddcfead9a330cedf0012,theorem_covered,True,0.028284271247461912,0.028053572037467944,0.9918435512099443,,,,,,,,,,,,,,,,,,False
replication,b867e9855af0a3ac,3,50,50,5,fixed_rank,success,success,True,True,False,True,False,False,"[1, 1, 1]",,,,,7,dgp3_N50_T50_r00005_truth1-1-1,12802173bc53e65c341c53140db3ab05ee23464fe1fdddcfead9a330cedf0012,2.636613500013482,,,A_G2_time_average,target,split_fit_failure,[],dgp3_N50_T50_r00005_truth1-1-1,split_fit_not_converged,"[1, 1, 1]",0.4590334008858842,0.4532683356766727,0.04278811114583038,0.001830822455427934,0.3790784280488088,0.024254920388273767,0.0005883011630414984,-0.07995497283707537,0.4532683356766727,0.04278811114583038,0.001830822455427934,-0.005765065209211495,0.3790784280488088,0.33649935482940174,0.34746759364035196,4.0,4.0,0.2988597999792546,"[{""converged"": true, ""kind"": ""time"", ""max_envelope_ratio"": 1.2984344768946836, ""n"": 50, ""numerical_rank_vector"": [1, 1, 1], ""part"": 0, ""rank_supported"": true, ""riesz_converged"": true, ""riesz_equation_residual"": 8.523668368358139e-09, ""riesz_solver"": ""cg"", ""riesz_target_rayleigh_quotient"": 0.4213477958594797, ""riesz_target_stable"": true, ""split_rank_singular_values"": [{""block"": ""A"", ""computational_rank_supported"": true, ""relative_rank_floor"": 1e-10, ""sigma_1"": 18.91900615811967, ""sigma_r"": 18.91900615811967, ""sigma_r_over_sigma_1"": 1.0, ""supplied_rank"": 1}, {""block"": ""B"", ""computational_rank_supported"": true, ""relative_rank_floor"": 1e-10, ""sigma_1"": 41.092796598826915, ""sigma_r"": 41.092796598826915, ""sigma_r_over_sigma_1"": 1.0, ""supplied_rank"": 1}, {""block"": ""H"", ""computational_rank_supported"": true, ""relative_rank_floor"": 1e-10, ""sigma_1"": 72.90565109702126, ""sigma_r"": 72.90565109702126, ""sigma_r_over_sigma_1"": 1.0, ""supplied_rank"": 1}], ""stationarity_residual"": 5.8782234220048915e-05, ""t"": 25, ""tangent_gram_condition_number"": 937.1948600673688, ""tangent_gram_coordinate_dimension"": 222, ""tangent_gram_eigensolver_converged"": true, ""tangent_gram_eigensolver_status"": ""converged"", ""tangent_gram_largest_eigenvalue"": 59.95068373654248, ""tangent_gram_smallest_eigenvalue"": 0.06396821652674559, ""target_support_norm"": 0.016783805010571636, ""target_supported"": true}, {""converged"": true, ""kind"": ""time"", ""max_envelope_ratio"": 1.0391083527371576, ""n"": 50, ""numerical_rank_vector"": [1, 1, 1], ""part"": 1, ""rank_supported"": true, ""riesz_converged"": true, ""riesz_equation_residual"": 7.928632221150396e-09, ""riesz_solver"": ""cg"", ""riesz_target_rayleigh_quotient"": 0.48799677139635156, ""riesz_target_stable"": true, ""split_rank_singular_values"": [{""block"": ""A"", ""computational_rank_supported"": true, ""relative_rank_floor"": 1e-10, ""sigma_1"": 16.883991297459723, ""sigma_r"": 16.883991297459723, ""sigma_r_over_sigma_1"": 1.0, ""supplied_rank"": 1}, {""block"": ""B"", ""computational_rank_supported"": true, ""relative_rank_floor"": 1e-10, ""sigma_1"": 35.325407427764844, ""sigma_r"": 35.325407427764844, ""sigma_r_over_sigma_1"": 1.0, ""supplied_rank"": 1}, {""block"": ""H"", ""computational_rank_supported"": true, ""relative_rank_floor"": 1e-10, ""sigma_1"": 76.88001208607251, ""sigma_r"": 76.88001208607251, ""sigma_r_over_sigma_1"": 1.0, ""supplied_rank"": 1}], ""stationarity_residual"": 7.654096576717756e-05, ""t"": 25, ""tangent_gram_condition_number"": 291.03557342287047, ""tangent_gram_coordinate_dimension"": 222, ""tangent_gram_eigensolver_converged"": true, ""tangent_gram_eigensolver_status"": ""converged"", ""tangent_gram_largest_eigenvalue"": 55.508886398110675, ""tangent_gram_smallest_eigenvalue"": 0.19072887120041873, ""target_support_norm"": 0.018860499355650154, ""target_supported"": true}, {""converged"": true, ""kind"": ""unit"", ""max_envelope_ratio"": 1.3240006268906706, ""n"": 26, ""numerical_rank_vector"": [1, 1, 1], ""part"": 0, ""rank_supported"": true, ""riesz_converged"": true, ""riesz_equation_residual"": 9.354821086391765e-09, ""riesz_solver"": ""cg"", ""riesz_target_rayleigh_quotient"": 0.6118386891176576, ""riesz_target_stable"": true, ""split_rank_singular_values"": [{""block"": ""A"", ""computational_rank_supported"": true, ""relative_rank_floor"": 1e-10, ""sigma_1"": 17.52723980558443, ""sigma_r"": 17.52723980558443, ""sigma_r_over_sigma_1"": 1.0, ""supplied_rank"": 1}, {""block"": ""B"", ""computational_rank_supported"": true, ""relative_rank_floor"": 1e-10, ""sigma_1"": 38.631965524383546, ""sigma_r"": 38.631965524383546, ""sigma_r_over_sigma_1"": 1.0, ""supplied_rank"": 1}, {""block"": ""H"", ""computational_rank_supported"": true, ""relative_rank_floor"": 1e-10, ""sigma_1"": 81.2929665877648, ""sigma_r"": 81.2929665877648, ""sigma_r_over_sigma_1"": 1.0, ""supplied_rank"": 1}], ""stationarity_residual"": 5.2563336057771845e-05, ""t"": 50, ""tangent_gram_condition_number"": 266.1915697007448, ""tangent_gram_coordinate_dimension"": 225, ""tangent_gram_eigensolver_converged"": true, ""tangent_gram_eigensolver_status"": ""converged"", ""tangent_gram_largest_eigenvalue"": 49.192685433819854, ""tangent_gram_smallest_eigenvalue"": 0.18480181580927885, ""target_support_norm"": 0.018578762678424156, ""target_supported"": true}, {""converged"": true, ""kind"": ""unit"", ""max_envelope_ratio"": 0.916443408261482, ""n"": 24, ""numerical_rank_vector"": [1, 1, 1], ""part"": 1, ""rank_supported"": true, ""riesz_converged"": true, ""riesz_equation_residual"": 6.883009558201969e-09, ""riesz_solver"": ""cg"", ""riesz_target_rayleigh_quotient"": 0.47349589127412367, ""riesz_target_stable"": true, ""split_rank_singular_values"": [{""block"": ""A"", ""computational_rank_supported"": true, ""relative_rank_floor"": 1e-10, ""sigma_1"": 17.296292778650646, ""sigma_r"": 17.296292778650646, ""sigma_r_over_sigma_1"": 1.0, ""supplied_rank"": 1}, {""block"": ""B"", ""computational_rank_supported"": true, ""relative_rank_floor"": 1e-10, ""sigma_1"": 36.41286231745699, ""sigma_r"": 36.41286231745699, ""sigma_r_over_sigma_1"": 1.0, ""supplied_rank"": 1}, {""block"": ""H"", ""computational_rank_supported"": true, ""relative_rank_floor"": 1e-10, ""sigma_1"": 69.81617817959946, ""sigma_r"": 69.81617817959946, ""sigma_r_over_sigma_1"": 1.0, ""supplied_rank"": 1}], ""stationarity_residual"": 4.547251994926956e-05, ""t"": 50, ""tangent_gram_condition_number"": 414.43351269771443, ""tangent_gram_coordinate_dimension"": 219, ""tangent_gram_eigensolver_converged"": true, ""tangent_gram_eigensolver_status"": ""converged"", ""tangent_gram_largest_eigenvalue"": 76.19624991681232, ""tangent_gram_smallest_eigenvalue"": 0.18385639091013725, ""target_support_norm"": 0.017839752718110474, ""target_supported"": true}]","[[0, 1, 4, 5, 9, 10, 11, 14, 17, 18, 20, 21, 23, 24, 27, 29, 30, 31, 33, 35, 36, 39, 42, 46, 47], [2, 3, 6, 7, 8, 12, 13, 15, 16, 19, 22, 25, 26, 28, 32, 34, 37, 38, 40, 41, 43, 44, 45, 48, 49]]","[[0, 2, 3, 5, 7, 10, 11, 14, 15, 16, 18, 22, 24, 25, 28, 29, 30, 31, 32, 34, 39, 42, 45, 46, 47, 49], [1, 4, 6, 8, 9, 12, 13, 17, 19, 20, 21, 23, 26, 27, 33, 35, 36, 37, 38, 40, 41, 43, 44, 48]]",False,False,False,True,"[1, 1, 1]",,"[1, 1, 1]",,,,,,,,null,,1.8650228553785118,14.0,3.6065093110073946e-05,0.9689962446509587,131.0,8.05527000860723e-09,0.4582709755889332,0.026974767648866898,297.0,0.10519658702480039,62.36455150277676,592.8381639232663,True,converged,0.00019334642259634862,False,8.0,1.0,0.09923419999540783,0.07813859998714179,1.5371863000036683,"[20260810, 4011364011, 2235565902, 1499620634, 1499620634, 2098343407, 1387497986, 1337576661]",b867e9855af0a3ac,610c7358dde2c1b141abb0f783ec54c402df554b,1.0,0.6527430465498641,2.199056079139955,0.7868980912052117,0.7310968391635712,0.4637943049615491,0.6374688691865515,0.23591167854502929,0.7310968391635712,0.06860175818282858,1.73432886191693,0.8999999999999999,1.1,0.8,1.2,0.85,2.031384387633061,7.458653652209672,7.458653652209672,0.7310968391635712,1.73432886191693,5.357434291259654,5.357434291259654,9.0,1.0,1.541346347790328,True,12802173bc53e65c341c53140db3ab05ee23464fe1fdddcfead9a330cedf0012,theorem_covered,True,0.028284271247461912,0.02804401616596946,0.991505700133108,,,,,,,,,,,,,,,,,,False
replication,b867e9855af0a3ac,3,50,50,5,fixed_rank,success,success,True,True,False,True,False,False,"[1, 1, 1]",,,,,7,dgp3_N50_T50_r00005_truth1-1-1,12802173bc53e65c341c53140db3ab05ee23464fe1fdddcfead9a330cedf0012,2.636613500013482,,,A_G2_minus_G1_time_average,target,split_fit_failure,[],dgp3_N50_T50_r00005_truth1-1-1,split_fit_not_converged,"[1, 1, 1]",-0.009521808151329622,-0.07157233411500126,0.04913824137748099,0.002414566765671585,-0.09039673654253749,0.025823754966092217,0.0006668663205487724,-0.08087492839120787,-0.07157233411500126,0.04913824137748099,0.002414566765671585,-0.06205052596367164,-0.09039673654253749,-0.10591926090127506,-0.09369861461133615,4.0,4.0,0.2988597999792546,"[{""converged"": true, ""kind"": ""time"", ""max_envelope_ratio"": 1.2984344768946836, ""n"": 50, ""numerical_rank_vector"": [1, 1, 1], ""part"": 0, ""rank_supported"": true, ""riesz_converged"": true, ""riesz_equation_residual"": 9.295872619876886e-09, ""riesz_solver"": ""cg"", ""riesz_target_rayleigh_quotient"": 0.5869733880114241, ""riesz_target_stable"": true, ""split_rank_singular_values"": [{""block"": ""A"", ""computational_rank_supported"": true, ""relative_rank_floor"": 1e-10, ""sigma_1"": 18.91900615811967, ""sigma_r"": 18.91900615811967, ""sigma_r_over_sigma_1"": 1.0, ""supplied_rank"": 1}, {""block"": ""B"", ""computational_rank_supported"": true, ""relative_rank_floor"": 1e-10, ""sigma_1"": 41.092796598826915, ""sigma_r"": 41.092796598826915, ""sigma_r_over_sigma_1"": 1.0, ""supplied_rank"": 1}, {""block"": ""H"", ""computational_rank_supported"": true, ""relative_rank_floor"": 1e-10, ""sigma_1"": 72.90565109702126, ""sigma_r"": 72.90565109702126, ""sigma_r_over_sigma_1"": 1.0, ""supplied_rank"": 1}], ""stationarity_residual"": 5.8782234220048915e-05, ""t"": 25, ""tangent_gram_condition_number"": 937.1948600673688, ""tangent_gram_coordinate_dimension"": 222, ""tangent_gram_eigensolver_converged"": true, ""tangent_gram_eigensolver_status"": ""converged"", ""tangent_gram_largest_eigenvalue"": 59.95068373654248, ""tangent_gram_smallest_eigenvalue"": 0.06396821652674559, ""target_support_norm"": 0.02149661949478084, ""target_supported"": true}, {""converged"": true, ""kind"": ""time"", ""max_envelope_ratio"": 1.0391083527371576, ""n"": 50, ""numerical_rank_vector"": [1, 1, 1], ""part"": 1, ""rank_supported"": true, ""riesz_converged"": true, ""riesz_equation_residual"": 4.011238973001217e-09, ""riesz_solver"": ""cg"", ""riesz_target_rayleigh_quotient"": 1.3467228484326224, ""riesz_target_stable"": true, ""split_rank_singular_values"": [{""block"": ""A"", ""computational_rank_supported"": true, ""relative_rank_floor"": 1e-10, ""sigma_1"": 16.883991297459723, ""sigma_r"": 16.883991297459723, ""sigma_r_over_sigma_1"": 1.0, ""supplied_rank"": 1}, {""block"": ""B"", ""computational_rank_supported"": true, ""relative_rank_floor"": 1e-10, ""sigma_1"": 35.325407427764844, ""sigma_r"": 35.325407427764844, ""sigma_r_over_sigma_1"": 1.0, ""supplied_rank"": 1}, {""block"": ""H"", ""computational_rank_supported"": true, ""relative_rank_floor"": 1e-10, ""sigma_1"": 76.88001208607251, ""sigma_r"": 76.88001208607251, ""sigma_r_over_sigma_1"": 1.0, ""supplied_rank"": 1}], ""stationarity_residual"": 7.654096576717756e-05, ""t"": 25, ""tangent_gram_condition_number"": 291.03557342287047, ""tangent_gram_coordinate_dimension"": 222, ""tangent_gram_eigensolver_converged"": true, ""tangent_gram_eigensolver_status"": ""converged"", ""tangent_gram_largest_eigenvalue"": 55.508886398110675, ""tangent_gram_smallest_eigenvalue"": 0.19072887120041873, ""target_support_norm"": 0.02588380163261643, ""target_supported"": true}, {""converged"": true, ""kind"": ""unit"", ""max_envelope_ratio"": 1.3240006268906706, ""n"": 26, ""numerical_rank_vector"": [1, 1, 1], ""part"": 0, ""rank_supported"": true, ""riesz_converged"": true, ""riesz_equation_residual"": 9.778281535683892e-09, ""riesz_solver"": ""cg"", ""riesz_target_rayleigh_quotient"": 1.6445856590744934, ""riesz_target_stable"": true, ""split_rank_singular_values"": [{""block"": ""A"", ""computational_rank_supported"": true, ""relative_rank_floor"": 1e-10, ""sigma_1"": 17.52723980558443, ""sigma_r"": 17.52723980558443, ""sigma_r_over_sigma_1"": 1.0, ""supplied_rank"": 1}, {""block"": ""B"", ""computational_rank_supported"": true, ""relative_rank_floor"": 1e-10, ""sigma_1"": 38.631965524383546, ""sigma_r"": 38.631965524383546, ""sigma_r_over_sigma_1"": 1.0, ""supplied_rank"": 1}, {""block"": ""H"", ""computational_rank_supported"": true, ""relative_rank_floor"": 1e-10, ""sigma_1"": 81.2929665877648, ""sigma_r"": 81.2929665877648, ""sigma_r_over_sigma_1"": 1.0, ""supplied_rank"": 1}], ""stationarity_residual"": 5.2563336057771845e-05, ""t"": 50, ""tangent_gram_condition_number"": 266.1915697007448, ""tangent_gram_coordinate_dimension"": 225, ""tangent_gram_eigensolver_converged"": true, ""tangent_gram_eigensolver_status"": ""converged"", ""tangent_gram_largest_eigenvalue"": 49.192685433819854, ""tangent_gram_smallest_eigenvalue"": 0.18480181580927885, ""target_support_norm"": 0.025063843240359217, ""target_supported"": true}, {""converged"": true, ""kind"": ""unit"", ""max_envelope_ratio"": 0.916443408261482, ""n"": 24, ""numerical_rank_vector"": [1, 1, 1], ""part"": 1, ""rank_supported"": true, ""riesz_converged"": true, ""riesz_equation_residual"": 8.339483667207291e-09, ""riesz_solver"": ""cg"", ""riesz_target_rayleigh_quotient"": 1.0665365797961253, ""riesz_target_stable"": true, ""split_rank_singular_values"": [{""block"": ""A"", ""computational_rank_supported"": true, ""relative_rank_floor"": 1e-10, ""sigma_1"": 17.296292778650646, ""sigma_r"": 17.296292778650646, ""sigma_r_over_sigma_1"": 1.0, ""supplied_rank"": 1}, {""block"": ""B"", ""computational_rank_supported"": true, ""relative_rank_floor"": 1e-10, ""sigma_1"": 36.41286231745699, ""sigma_r"": 36.41286231745699, ""sigma_r_over_sigma_1"": 1.0, ""supplied_rank"": 1}, {""block"": ""H"", ""computational_rank_supported"": true, ""relative_rank_floor"": 1e-10, ""sigma_1"": 69.81617817959946, ""sigma_r"": 69.81617817959946, ""sigma_r_over_sigma_1"": 1.0, ""supplied_rank"": 1}], ""stationarity_residual"": 4.547251994926956e-05, ""t"": 50, ""tangent_gram_condition_number"": 414.43351269771443, ""tangent_gram_coordinate_dimension"": 219, ""tangent_gram_eigensolver_converged"": true, ""tangent_gram_eigensolver_status"": ""converged"", ""tangent_gram_largest_eigenvalue"": 76.19624991681232, ""tangent_gram_smallest_eigenvalue"": 0.18385639091013725, ""target_support_norm"": 0.023775866590776837, ""target_supported"": true}]","[[0, 1, 4, 5, 9, 10, 11, 14, 17, 18, 20, 21, 23, 24, 27, 29, 30, 31, 33, 35, 36, 39, 42, 46, 47], [2, 3, 6, 7, 8, 12, 13, 15, 16, 19, 22, 25, 26, 28, 32, 34, 37, 38, 40, 41, 43, 44, 45, 48, 49]]","[[0, 2, 3, 5, 7, 10, 11, 14, 15, 16, 18, 22, 24, 25, 28, 29, 30, 31, 32, 34, 39, 42, 45, 46, 47, 49], [1, 4, 6, 8, 9, 12, 13, 17, 19, 20, 21, 23, 26, 27, 33, 35, 36, 37, 38, 40, 41, 43, 44, 48]]",False,False,False,True,"[1, 1, 1]",,"[1, 1, 1]",,,,,,,,null,,1.8650228553785118,14.0,3.6065093110073946e-05,0.9689962446509587,131.0,9.146113396551874e-09,1.340434641734821,0.03701531476348064,297.0,0.10519658702480039,62.36455150277676,592.8381639232663,True,converged,9.573650263266953e-06,False,8.0,1.0,0.09923419999540783,0.07207339999149553,1.6346338000148535,"[20260810, 4011364011, 2235565902, 1499620634, 1499620634, 2098343407, 1387497986, 1337576661]",b867e9855af0a3ac,610c7358dde2c1b141abb0f783ec54c402df554b,1.0,0.6527430465498641,2.199056079139955,0.7868980912052117,0.7310968391635712,0.4637943049615491,0.6374688691865515,0.23591167854502929,0.7310968391635712,0.06860175818282858,1.73432886191693,0.8999999999999999,1.1,0.8,1.2,0.85,2.031384387633061,7.458653652209672,7.458653652209672,0.7310968391635712,1.73432886191693,5.357434291259654,5.357434291259654,9.0,1.0,1.541346347790328,True,12802173bc53e65c341c53140db3ab05ee23464fe1fdddcfead9a330cedf0012,theorem_covered,True,0.03999999999999994,0.03933651840543145,0.9834129601357878,,,,,,,,,,,,,,,,,,False
replication,b867e9855af0a3ac,3,50,50,5,fixed_rank,success,success,True,True,True,True,True,True,"[1, 1, 1]",,,,,7,dgp3_N50_T50_r00005_truth1-1-1,12802173bc53e65c341c53140db3ab05ee23464fe1fdddcfead9a330cedf0012,2.636613500013482,,,B_G1_fixed_time,target,success,[],dgp3_N50_T50_r00005_truth1-1-1,success,"[1, 1, 1]",0.6929477437149738,0.8319464250756132,0.19129467997827987,0.036593654587992505,0.8319464250756132,0.19129467997827987,0.036593654587992505,0.13899868136063942,0.8319464250756132,0.19129467997827987,0.036593654587992505,0.13899868136063942,0.8319464250756132,,,0.0,4.0,0.2988597999792546,[],null,null,False,True,True,False,"[1, 1, 1]",,"[1, 1, 1]",,,,,,,,null,,1.8650228553785118,14.0,3.6065093110073946e-05,0.9689962446509587,134.0,8.439085382158822e-09,1.059332446859538,0.12335885975968701,297.0,0.10519658702480039,62.36455150277676,592.8381639232663,True,converged,1.1201860904433737e-05,False,8.0,1.0,0.09923419999540783,0.023105100000975654,1.6855989000177942,"[20260810, 4011364011, 2235565902, 1499620634, 1499620634, 2098343407, 1387497986, 1337576661]",b867e9855af0a3ac,610c7358dde2c1b141abb0f783ec54c402df554b,1.0,0.6527430465498641,2.199056079139955,0.7868980912052117,0.7310968391635712,0.4637943049615491,0.6374688691865515,0.23591167854502929,0.7310968391635712,0.06860175818282858,1.73432886191693,0.8999999999999999,1.1,0.8,1.2,0.85,2.031384387633061,7.458653652209672,7.458653652209672,0.7310968391635712,1.73432886191693,5.357434291259654,5.357434291259654,9.0,1.0,1.541346347790328,True,12802173bc53e65c341c53140db3ab05ee23464fe1fdddcfead9a330cedf0012,theorem_covered,True,0.2,0.1342698745017224,0.6713493725086119,,,,,,,,,,,,,,,,,,False
replication,b867e9855af0a3ac,3,50,50,5,fixed_rank,success,success,True,True,True,True,True,True,"[1, 1, 1]",,,,,7,dgp3_N50_T50_r00005_truth1-1-1,12802173bc53e65c341c53140db3ab05ee23464fe1fdddcfead9a330cedf0012,2.636613500013482,,,B_G2_fixed_time,target,success,[],dgp3_N50_T50_r00005_truth1-1-1,success,"[1, 1, 1]",0.6757871948698707,0.8904395267566059,0.1984451871074173,0.039380492286097864,0.8904395267566059,0.1984451871074173,0.039380492286097864,0.21465233188673516,0.8904395267566059,0.1984451871074173,0.039380492286097864,0.21465233188673516,0.8904395267566059,,,0.0,4.0,0.2988597999792546,[],null,null,False,True,True,False,"[1, 1, 1]",,"[1, 1, 1]",,,,,,,,null,,1.8650228553785118,14.0,3.6065093110073946e-05,0.9689962446509587,132.0,7.0988995886806775e-09,1.130487395118202,0.1315427613515399,297.0,0.10519658702480039,62.36455150277676,592.8381639232663,True,converged,6.440694222575007e-06,False,8.0,1.0,0.09923419999540783,0.026822599989827722,1.7424823000037577,"[20260810, 4011364011, 2235565902, 1499620634, 1499620634, 2098343407, 1387497986, 1337576661]",b867e9855af0a3ac,610c7358dde2c1b141abb0f783ec54c402df554b,1.0,0.6527430465498641,2.199056079139955,0.7868980912052117,0.7310968391635712,0.4637943049615491,0.6374688691865515,0.23591167854502929,0.7310968391635712,0.06860175818282858,1.73432886191693,0.8999999999999999,1.1,0.8,1.2,0.85,2.031384387633061,7.458653652209672,7.458653652209672,0.7310968391635712,1.73432886191693,5.357434291259654,5.357434291259654,9.0,1.0,1.541346347790328,True,12802173bc53e65c341c53140db3ab05ee23464fe1fdddcfead9a330cedf0012,theorem_covered,True,0.2,0.13109871806013063,0.6554935903006531,,,,,,,,,,,,,,,,,,False
replication,b867e9855af0a3ac,3,50,50,5,fixed_rank,success,success,True,True,True,True,True,True,"[1, 1, 1]",,,,,7,dgp3_N50_T50_r00005_truth1-1-1,12802173bc53e65c341c53140db3ab05ee23464fe1fdddcfead9a330cedf0012,2.636613500013482,,,B_G2_minus_G1_fixed_time,target,success,[],dgp3_N50_T50_r00005_truth1-1-1,success,"[1, 1, 1]",-0.017160548845103072,0.058493101680992705,0.07783206400327065,0.00605783018700922,0.058493101680992705,0.07783206400327065,0.00605783018700922,0.07565365052609578,0.058493101680992705,0.07783206400327065,0.00605783018700922,0.07565365052609578,0.058493101680992705,,,0.0,4.0,0.2988597999792546,[],null,null,False,False,True,False,"[1, 1, 1]",,"[1, 1, 1]",,,,,,,,null,,1.8650228553785118,14.0,3.6065093110073946e-05,0.9689962446509587,136.0,9.727099743007461e-09,0.662891444513253,0.04292858080182844,297.0,0.10519658702480039,62.36455150277676,592.8381639232663,True,converged,9.526351770979902e-06,False,8.0,1.0,0.09923419999540783,0.02316360000986606,1.7968972999951802,"[20260810, 4011364011, 2235565902, 1499620634, 1499620634, 2098343407, 1387497986, 1337576661]",b867e9855af0a3ac,610c7358dde2c1b141abb0f783ec54c402df554b,1.0,0.6527430465498641,2.199056079139955,0.7868980912052117,0.7310968391635712,0.4637943049615491,0.6374688691865515,0.23591167854502929,0.7310968391635712,0.06860175818282858,1.73432886191693,0.8999999999999999,1.1,0.8,1.2,0.85,2.031384387633061,7.458653652209672,7.458653652209672,0.7310968391635712,1.73432886191693,5.357434291259654,5.357434291259654,9.0,1.0,1.541346347790328,True,12802173bc53e65c341c53140db3ab05ee23464fe1fdddcfead9a330cedf0012,weak_target_stress_outside_assumption9,False,0.28284271247461906,0.040746583896902853,0.14406092891843292,,,,,,,,,,,,,,,,,,False
replication,b867e9855af0a3ac,3,50,50,5,fixed_rank,success,success,True,True,False,True,False,False,"[1, 1, 1]",,,,,7,dgp3_N50_T50_r00005_truth1-1-1,12802173bc53e65c341c53140db3ab05ee23464fe1fdddcfead9a330cedf0012,2.636613500013482,,,B_G1_time_average,target,split_fit_failure,[],dgp3_N50_T50_r00005_truth1-1-1,split_fit_not_converged,"[1, 1, 1]",0.6454611512263589,0.6983686333327299,0.08438246044475593,0.0071203996307108,0.6736511151673724,0.050024357828824036,0.0025024363761862282,0.028189963941013474,0.6983686333327299,0.08438246044475593,0.0071203996307108,0.05290748210637097,0.6736511151673724,0.6484599510060809,0.6741247611633063,4.0,4.0,0.2988597999792546,"[{""converged"": true, ""kind"": ""time"", ""max_envelope_ratio"": 1.2984344768946836, ""n"": 50, ""numerical_rank_vector"": [1, 1, 1], ""part"": 0, ""rank_supported"": true, ""riesz_converged"": true, ""riesz_equation_residual"": 9.216695127756305e-09, ""riesz_solver"": ""cg"", ""riesz_target_rayleigh_quotient"": 0.3293925097597262, ""riesz_target_stable"": true, ""split_rank_singular_values"": [{""block"": ""A"", ""computational_rank_supported"": true, ""relative_rank_floor"": 1e-10, ""sigma_1"": 18.91900615811967, ""sigma_r"": 18.91900615811967, ""sigma_r_over_sigma_1"": 1.0, ""supplied_rank"": 1}, {""block"": ""B"", ""computational_rank_supported"": true, ""relative_rank_floor"": 1e-10, ""sigma_1"": 41.092796598826915, ""sigma_r"": 41.092796598826915, ""sigma_r_over_sigma_1"": 1.0, ""supplied_rank"": 1}, {""block"": ""H"", ""computational_rank_supported"": true, ""relative_rank_floor"": 1e-10, ""sigma_1"": 72.90565109702126, ""sigma_r"": 72.90565109702126, ""sigma_r_over_sigma_1"": 1.0, ""supplied_rank"": 1}], ""stationarity_residual"": 5.8782234220048915e-05, ""t"": 25, ""tangent_gram_condition_number"": 937.1948600673688, ""tangent_gram_coordinate_dimension"": 222, ""tangent_gram_eigensolver_converged"": true, ""tangent_gram_eigensolver_status"": ""converged"", ""tangent_gram_largest_eigenvalue"": 59.95068373654248, ""tangent_gram_smallest_eigenvalue"": 0.06396821652674559, ""target_support_norm"": 0.017601066852308642, ""target_supported"": true}, {""converged"": true, ""kind"": ""time"", ""max_envelope_ratio"": 1.0391083527371576, ""n"": 50, ""numerical_rank_vector"": [1, 1, 1], ""part"": 1, ""rank_supported"": true, ""riesz_converged"": true, ""riesz_equation_residual"": 9.272568868891373e-09, ""riesz_solver"": ""cg"", ""riesz_target_rayleigh_quotient"": 0.4919882508498973, ""riesz_target_stable"": true, ""split_rank_singular_values"": [{""block"": ""A"", ""computational_rank_supported"": true, ""relative_rank_floor"": 1e-10, ""sigma_1"": 16.883991297459723, ""sigma_r"": 16.883991297459723, ""sigma_r_over_sigma_1"": 1.0, ""supplied_rank"": 1}, {""block"": ""B"", ""computational_rank_supported"": true, ""relative_rank_floor"": 1e-10, ""sigma_1"": 35.325407427764844, ""sigma_r"": 35.325407427764844, ""sigma_r_over_sigma_1"": 1.0, ""supplied_rank"": 1}, {""block"": ""H"", ""computational_rank_supported"": true, ""relative_rank_floor"": 1e-10, ""sigma_1"": 76.88001208607251, ""sigma_r"": 76.88001208607251, ""sigma_r_over_sigma_1"": 1.0, ""supplied_rank"": 1}], ""stationarity_residual"": 7.654096576717756e-05, ""t"": 25, ""tangent_gram_condition_number"": 291.03557342287047, ""tangent_gram_coordinate_dimension"": 222, ""tangent_gram_eigensolver_converged"": true, ""tangent_gram_eigensolver_status"": ""converged"", ""tangent_gram_largest_eigenvalue"": 55.508886398110675, ""tangent_gram_smallest_eigenvalue"": 0.19072887120041873, ""target_support_norm"": 0.017958606376079166, ""target_supported"": true}, {""converged"": true, ""kind"": ""unit"", ""max_envelope_ratio"": 1.3240006268906706, ""n"": 26, ""numerical_rank_vector"": [1, 1, 1], ""part"": 0, ""rank_supported"": true, ""riesz_converged"": true, ""riesz_equation_residual"": 7.634731904210575e-09, ""riesz_solver"": ""cg"", ""riesz_target_rayleigh_quotient"": 0.5638933708963492, ""riesz_target_stable"": true, ""split_rank_singular_values"": [{""block"": ""A"", ""computational_rank_supported"": true, ""relative_rank_floor"": 1e-10, ""sigma_1"": 17.52723980558443, ""sigma_r"": 17.52723980558443, ""sigma_r_over_sigma_1"": 1.0, ""supplied_rank"": 1}, {""block"": ""B"", ""computational_rank_supported"": true, ""relative_rank_floor"": 1e-10, ""sigma_1"": 38.631965524383546, ""sigma_r"": 38.631965524383546, ""sigma_r_over_sigma_1"": 1.0, ""supplied_rank"": 1}, {""block"": ""H"", ""computational_rank_supported"": true, ""relative_rank_floor"": 1e-10, ""sigma_1"": 81.2929665877648, ""sigma_r"": 81.2929665877648, ""sigma_r_over_sigma_1"": 1.0, ""supplied_rank"": 1}], ""stationarity_residual"": 5.2563336057771845e-05, ""t"": 50, ""tangent_gram_condition_number"": 266.1915697007448, ""tangent_gram_coordinate_dimension"": 225, ""tangent_gram_eigensolver_converged"": true, ""tangent_gram_eigensolver_status"": ""converged"", ""tangent_gram_largest_eigenvalue"": 49.192685433819854, ""tangent_gram_smallest_eigenvalue"": 0.18480181580927885, ""target_support_norm"": 0.016182174109636415, ""target_supported"": true}, {""converged"": true, ""kind"": ""unit"", ""max_envelope_ratio"": 0.916443408261482, ""n"": 24, ""numerical_rank_vector"": [1, 1, 1], ""part"": 1, ""rank_supported"": true, ""riesz_converged"": true, ""riesz_equation_residual"": 7.386085278991705e-09, ""riesz_solver"": ""cg"", ""riesz_target_rayleigh_quotient"": 0.5061072285082131, ""riesz_target_stable"": true, ""split_rank_singular_values"": [{""block"": ""A"", ""computational_rank_supported"": true, ""relative_rank_floor"": 1e-10, ""sigma_1"": 17.296292778650646, ""sigma_r"": 17.296292778650646, ""sigma_r_over_sigma_1"": 1.0, ""supplied_rank"": 1}, {""block"": ""B"", ""computational_rank_supported"": true, ""relative_rank_floor"": 1e-10, ""sigma_1"": 36.41286231745699, ""sigma_r"": 36.41286231745699, ""sigma_r_over_sigma_1"": 1.0, ""supplied_rank"": 1}, {""block"": ""H"", ""computational_rank_supported"": true, ""relative_rank_floor"": 1e-10, ""sigma_1"": 69.81617817959946, ""sigma_r"": 69.81617817959946, ""sigma_r_over_sigma_1"": 1.0, ""supplied_rank"": 1}], ""stationarity_residual"": 4.547251994926956e-05, ""t"": 50, ""tangent_gram_condition_number"": 414.43351269771443, ""tangent_gram_coordinate_dimension"": 219, ""tangent_gram_eigensolver_converged"": true, ""tangent_gram_eigensolver_status"": ""converged"", ""tangent_gram_largest_eigenvalue"": 76.19624991681232, ""tangent_gram_smallest_eigenvalue"": 0.18385639091013725, ""target_support_norm"": 0.018079656390694657, ""target_supported"": true}]","[[0, 1, 4, 5, 9, 10, 11, 14, 17, 18, 20, 21, 23, 24, 27, 29, 30, 31, 33, 35, 36, 39, 42, 46, 47], [2, 3, 6, 7, 8, 12, 13, 15, 16, 19, 22, 25, 26, 28, 32, 34, 37, 38, 40, 41, 43, 44, 45, 48, 49]]","[[0, 2, 3, 5, 7, 10, 11, 14, 15, 16, 18, 22, 24, 25, 28, 29, 30, 31, 32, 34, 39, 42, 45, 46, 47, 49], [1, 4, 6, 8, 9, 12, 13, 17, 19, 20, 21, 23, 26, 27, 33, 35, 36, 37, 38, 40, 41, 43, 44, 48]]",False,False,False,True,"[1, 1, 1]",,"[1, 1, 1]",,,,,,,,null,,1.8650228553785118,14.0,3.6065093110073946e-05,0.9689962446509587,136.0,7.500167197334412e-09,0.5354473133054555,0.025713656891986632,297.0,0.10519658702480039,62.36455150277676,592.8381639232663,True,converged,9.20679669150043e-05,False,8.0,1.0,0.09923419999540783,0.15005130000645295,1.9759454000159167,"[20260810, 4011364011, 2235565902, 1499620634, 1499620634, 2098343407, 1387497986, 1337576661]",b867e9855af0a3ac,610c7358dde2c1b141abb0f783ec54c402df554b,1.0,0.6527430465498641,2.199056079139955,0.7868980912052117,0.7310968391635712,0.4637943049615491,0.6374688691865515,0.23591167854502929,0.7310968391635712,0.06860175818282858,1.73432886191693,0.8999999999999999,1.1,0.8,1.2,0.85,2.031384387633061,7.458653652209672,7.458653652209672,0.7310968391635712,1.73432886191693,5.357434291259654,5.357434291259654,9.0,1.0,1.541346347790328,True,12802173bc53e65c341c53140db3ab05ee23464fe1fdddcfead9a330cedf0012,theorem_covered,True,0.028284271247461912,0.0274356059821228,0.9699951517960618,,,,,,,,,,,,,,,,,,False
replication,b867e9855af0a3ac,3,50,50,5,fixed_rank,success,success,True,True,False,True,False,False,"[1, 1, 1]",,,,,7,dgp3_N50_T50_r00005_truth1-1-1,12802173bc53e65c341c53140db3ab05ee23464fe1fdddcfead9a330cedf0012,2.636613500013482,,,B_G2_time_average,target,split_fit_failure,[],dgp3_N50_T50_r00005_truth1-1-1,split_fit_not_converged,"[1, 1, 1]",0.6294765871467441,0.6643428956238362,0.09359493365456942,0.008760011605803251,0.7210146736722579,0.04982978938143196,0.0024830079097978696,0.09153808652551376,0.6643428956238362,0.09359493365456942,0.008760011605803251,0.034866308477092045,0.7210146736722579,0.7792136742144253,0.7194874511785123,4.0,4.0,0.2988597999792546,"[{""converged"": true, ""kind"": ""time"", ""max_envelope_ratio"": 1.2984344768946836, ""n"": 50, ""numerical_rank_vector"": [1, 1, 1], ""part"": 0, ""rank_supported"": true, ""riesz_converged"": true, ""riesz_equation_residual"": 9.520744144988612e-09, ""riesz_solver"": ""cg"", ""riesz_target_rayleigh_quotient"": 0.350615390135176, ""riesz_target_stable"": true, ""split_rank_singular_values"": [{""block"": ""A"", ""computational_rank_supported"": true, ""relative_rank_floor"": 1e-10, ""sigma_1"": 18.91900615811967, ""sigma_r"": 18.91900615811967, ""sigma_r_over_sigma_1"": 1.0, ""supplied_rank"": 1}, {""block"": ""B"", ""computational_rank_supported"": true, ""relative_rank_floor"": 1e-10, ""sigma_1"": 41.092796598826915, ""sigma_r"": 41.092796598826915, ""sigma_r_over_sigma_1"": 1.0, ""supplied_rank"": 1}, {""block"": ""H"", ""computational_rank_supported"": true, ""relative_rank_floor"": 1e-10, ""sigma_1"": 72.90565109702126, ""sigma_r"": 72.90565109702126, ""sigma_r_over_sigma_1"": 1.0, ""supplied_rank"": 1}], ""stationarity_residual"": 5.8782234220048915e-05, ""t"": 25, ""tangent_gram_condition_number"": 937.1948600673688, ""tangent_gram_coordinate_dimension"": 222, ""tangent_gram_eigensolver_converged"": true, ""tangent_gram_eigensolver_status"": ""converged"", ""tangent_gram_largest_eigenvalue"": 59.95068373654248, ""tangent_gram_smallest_eigenvalue"": 0.06396821652674559, ""target_support_norm"": 0.018278769148531333, ""target_supported"": true}, {""converged"": true, ""kind"": ""time"", ""max_envelope_ratio"": 1.0391083527371576, ""n"": 50, ""numerical_rank_vector"": [1, 1, 1], ""part"": 1, ""rank_supported"": true, ""riesz_converged"": true, ""riesz_equation_residual"": 7.0739539094273125e-09, ""riesz_solver"": ""cg"", ""riesz_target_rayleigh_quotient"": 0.6099352678288545, ""riesz_target_stable"": true, ""split_rank_singular_values"": [{""block"": ""A"", ""computational_rank_supported"": true, ""relative_rank_floor"": 1e-10, ""sigma_1"": 16.883991297459723, ""sigma_r"": 16.883991297459723, ""sigma_r_over_sigma_1"": 1.0, ""supplied_rank"": 1}, {""block"": ""B"", ""computational_rank_supported"": true, ""relative_rank_floor"": 1e-10, ""sigma_1"": 35.325407427764844, ""sigma_r"": 35.325407427764844, ""sigma_r_over_sigma_1"": 1.0, ""supplied_rank"": 1}, {""block"": ""H"", ""computational_rank_supported"": true, ""relative_rank_floor"": 1e-10, ""sigma_1"": 76.88001208607251, ""sigma_r"": 76.88001208607251, ""sigma_r_over_sigma_1"": 1.0, ""supplied_rank"": 1}], ""stationarity_residual"": 7.654096576717756e-05, ""t"": 25, ""tangent_gram_condition_number"": 291.03557342287047, ""tangent_gram_coordinate_dimension"": 222, ""tangent_gram_eigensolver_converged"": true, ""tangent_gram_eigensolver_status"": ""converged"", ""tangent_gram_largest_eigenvalue"": 55.508886398110675, ""tangent_gram_smallest_eigenvalue"": 0.19072887120041873, ""target_support_norm"": 0.01786972577550799, ""target_supported"": true}, {""converged"": true, ""kind"": ""unit"", ""max_envelope_ratio"": 1.3240006268906706, ""n"": 26, ""numerical_rank_vector"": [1, 1, 1], ""part"": 0, ""rank_supported"": true, ""riesz_converged"": true, ""riesz_equation_residual"": 8.233325131849608e-09, ""riesz_solver"": ""cg"", ""riesz_target_rayleigh_quotient"": 0.5550490293223845, ""riesz_target_stable"": true, ""split_rank_singular_values"": [{""block"": ""A"", ""computational_rank_supported"": true, ""relative_rank_floor"": 1e-10, ""sigma_1"": 17.52723980558443, ""sigma_r"": 17.52723980558443, ""sigma_r_over_sigma_1"": 1.0, ""supplied_rank"": 1}, {""block"": ""B"", ""computational_rank_supported"": true, ""relative_rank_floor"": 1e-10, ""sigma_1"": 38.631965524383546, ""sigma_r"": 38.631965524383546, ""sigma_r_over_sigma_1"": 1.0, ""supplied_rank"": 1}, {""block"": ""H"", ""computational_rank_supported"": true, ""relative_rank_floor"": 1e-10, ""sigma_1"": 81.2929665877648, ""sigma_r"": 81.2929665877648, ""sigma_r_over_sigma_1"": 1.0, ""supplied_rank"": 1}], ""stationarity_residual"": 5.2563336057771845e-05, ""t"": 50, ""tangent_gram_condition_number"": 266.1915697007448, ""tangent_gram_coordinate_dimension"": 225, ""tangent_gram_eigensolver_converged"": true, ""tangent_gram_eigensolver_status"": ""converged"", ""tangent_gram_largest_eigenvalue"": 49.192685433819854, ""tangent_gram_smallest_eigenvalue"": 0.18480181580927885, ""target_support_norm"": 0.018107994474223343, ""target_supported"": true}, {""converged"": true, ""kind"": ""unit"", ""max_envelope_ratio"": 0.916443408261482, ""n"": 24, ""numerical_rank_vector"": [1, 1, 1], ""part"": 1, ""rank_supported"": true, ""riesz_converged"": true, ""riesz_equation_residual"": 9.672334960032512e-09, ""riesz_solver"": ""cg"", ""riesz_target_rayleigh_quotient"": 0.5698741350223192, ""riesz_target_stable"": true, ""split_rank_singular_values"": [{""block"": ""A"", ""computational_rank_supported"": true, ""relative_rank_floor"": 1e-10, ""sigma_1"": 17.296292778650646, ""sigma_r"": 17.296292778650646, ""sigma_r_over_sigma_1"": 1.0, ""supplied_rank"": 1}, {""block"": ""B"", ""computational_rank_supported"": true, ""relative_rank_floor"": 1e-10, ""sigma_1"": 36.41286231745699, ""sigma_r"": 36.41286231745699, ""sigma_r_over_sigma_1"": 1.0, ""supplied_rank"": 1}, {""block"": ""H"", ""computational_rank_supported"": true, ""relative_rank_floor"": 1e-10, ""sigma_1"": 69.81617817959946, ""sigma_r"": 69.81617817959946, ""sigma_r_over_sigma_1"": 1.0, ""supplied_rank"": 1}], ""stationarity_residual"": 4.547251994926956e-05, ""t"": 50, ""tangent_gram_condition_number"": 414.43351269771443, ""tangent_gram_coordinate_dimension"": 219, ""tangent_gram_eigensolver_converged"": true, ""tangent_gram_eigensolver_status"": ""converged"", ""tangent_gram_largest_eigenvalue"": 76.19624991681232, ""tangent_gram_smallest_eigenvalue"": 0.18385639091013725, ""target_support_norm"": 0.017238025226395594, ""target_supported"": true}]","[[0, 1, 4, 5, 9, 10, 11, 14, 17, 18, 20, 21, 23, 24, 27, 29, 30, 31, 33, 35, 36, 39, 42, 46, 47], [2, 3, 6, 7, 8, 12, 13, 15, 16, 19, 22, 25, 26, 28, 32, 34, 37, 38, 40, 41, 43, 44, 45, 48, 49]]","[[0, 2, 3, 5, 7, 10, 11, 14, 15, 16, 18, 22, 24, 25, 28, 29, 30, 31, 32, 34, 39, 42, 45, 46, 47, 49], [1, 4, 6, 8, 9, 12, 13, 17, 19, 20, 21, 23, 26, 27, 33, 35, 36, 37, 38, 40, 41, 43, 44, 48]]",False,False,False,True,"[1, 1, 1]",,"[1, 1, 1]",,,,,,,,null,,1.8650228553785118,14.0,3.6065093110073946e-05,0.9689962446509587,136.0,7.687475662201458e-09,0.6372322166504281,0.025939860951502892,297.0,0.10519658702480039,62.36455150277676,592.8381639232663,True,converged,8.668636705121377e-05,False,8.0,1.0,0.09923419999540783,0.29538769999635406,2.3006019000022206,"[20260810, 4011364011, 2235565902, 1499620634, 1499620634, 2098343407, 1387497986, 1337576661]",b867e9855af0a3ac,610c7358dde2c1b141abb0f783ec54c402df554b,1.0,0.6527430465498641,2.199056079139955,0.7868980912052117,0.7310968391635712,0.4637943049615491,0.6374688691865515,0.23591167854502929,0.7310968391635712,0.06860175818282858,1.73432886191693,0.8999999999999999,1.1,0.8,1.2,0.85,2.031384387633061,7.458653652209672,7.458653652209672,0.7310968391635712,1.73432886191693,5.357434291259654,5.357434291259654,9.0,1.0,1.541346347790328,True,12802173bc53e65c341c53140db3ab05ee23464fe1fdddcfead9a330cedf0012,theorem_covered,True,0.028284271247461912,0.027402578992123616,0.9688274713665316,,,,,,,,,,,,,,,,,,False
replication,b867e9855af0a3ac,3,50,50,5,fixed_rank,success,success,True,True,False,True,False,False,"[1, 1, 1]",,,,,7,dgp3_N50_T50_r00005_truth1-1-1,12802173bc53e65c341c53140db3ab05ee23464fe1fdddcfead9a330cedf0012,2.636613500013482,,,B_G2_minus_G1_time_average,target,split_fit_failure,[],dgp3_N50_T50_r00005_truth1-1-1,split_fit_not_converged,"[1, 1, 1]",-0.01598456407961466,-0.03402573770889358,0.11850047466024735,0.014042362494703925,0.04736355850488561,0.06284769340077691,0.003949832565798057,0.06334812258450027,-0.03402573770889358,0.11850047466024735,0.014042362494703925,-0.018041173629278925,0.04736355850488561,0.13075372320834444,0.045362690015205986,4.0,4.0,0.2988597999792546,"[{""converged"": true, ""kind"": ""time"", ""max_envelope_ratio"": 1.2984344768946836, ""n"": 50, ""numerical_rank_vector"": [1, 1, 1], ""part"": 0, ""rank_supported"": true, ""riesz_converged"": true, ""riesz_equation_residual"": 8.618057852125829e-09, ""riesz_solver"": ""cg"", ""riesz_target_rayleigh_quotient"": 0.39769708537285103, ""riesz_target_stable"": true, ""split_rank_singular_values"": [{""block"": ""A"", ""computational_rank_supported"": true, ""relative_rank_floor"": 1e-10, ""sigma_1"": 18.91900615811967, ""sigma_r"": 18.91900615811967, ""sigma_r_over_sigma_1"": 1.0, ""supplied_rank"": 1}, {""block"": ""B"", ""computational_rank_supported"": true, ""relative_rank_floor"": 1e-10, ""sigma_1"": 41.092796598826915, ""sigma_r"": 41.092796598826915, ""sigma_r_over_sigma_1"": 1.0, ""supplied_rank"": 1}, {""block"": ""H"", ""computational_rank_supported"": true, ""relative_rank_floor"": 1e-10, ""sigma_1"": 72.90565109702126, ""sigma_r"": 72.90565109702126, ""sigma_r_over_sigma_1"": 1.0, ""supplied_rank"": 1}], ""stationarity_residual"": 5.8782234220048915e-05, ""t"": 25, ""tangent_gram_condition_number"": 937.1948600673688, ""tangent_gram_coordinate_dimension"": 222, ""tangent_gram_eigensolver_converged"": true, ""tangent_gram_eigensolver_status"": ""converged"", ""tangent_gram_largest_eigenvalue"": 59.95068373654248, ""tangent_gram_smallest_eigenvalue"": 0.06396821652674559, ""target_support_norm"": 0.02415982589915525, ""target_supported"": true}, {""converged"": true, ""kind"": ""time"", ""max_envelope_ratio"": 1.0391083527371576, ""n"": 50, ""numerical_rank_vector"": [1, 1, 1], ""part"": 1, ""rank_supported"": true, ""riesz_converged"": true, ""riesz_equation_residual"": 8.41303895131713e-09, ""riesz_solver"": ""cg"", ""riesz_target_rayleigh_quotient"": 0.6013131046093274, ""riesz_target_stable"": true, ""split_rank_singular_values"": [{""block"": ""A"", ""computational_rank_supported"": true, ""relative_rank_floor"": 1e-10, ""sigma_1"": 16.883991297459723, ""sigma_r"": 16.883991297459723, ""sigma_r_over_sigma_1"": 1.0, ""supplied_rank"": 1}, {""block"": ""B"", ""computational_rank_supported"": true, ""relative_rank_floor"": 1e-10, ""sigma_1"": 35.325407427764844, ""sigma_r"": 35.325407427764844, ""sigma_r_over_sigma_1"": 1.0, ""supplied_rank"": 1}, {""block"": ""H"", ""computational_rank_supported"": true, ""relative_rank_floor"": 1e-10, ""sigma_1"": 76.88001208607251, ""sigma_r"": 76.88001208607251, ""sigma_r_over_sigma_1"": 1.0, ""supplied_rank"": 1}], ""stationarity_residual"": 7.654096576717756e-05, ""t"": 25, ""tangent_gram_condition_number"": 291.03557342287047, ""tangent_gram_coordinate_dimension"": 222, ""tangent_gram_eigensolver_converged"": true, ""tangent_gram_eigensolver_status"": ""converged"", ""tangent_gram_largest_eigenvalue"": 55.508886398110675, ""tangent_gram_smallest_eigenvalue"": 0.19072887120041873, ""target_support_norm"": 0.02372801391269342, ""target_supported"": true}, {""converged"": true, ""kind"": ""unit"", ""max_envelope_ratio"": 1.3240006268906706, ""n"": 26, ""numerical_rank_vector"": [1, 1, 1], ""part"": 0, ""rank_supported"": true, ""riesz_converged"": true, ""riesz_equation_residual"": 9.388710869588436e-09, ""riesz_solver"": ""cg"", ""riesz_target_rayleigh_quotient"": 0.6204362907744969, ""riesz_target_stable"": true, ""split_rank_singular_values"": [{""block"": ""A"", ""computational_rank_supported"": true, ""relative_rank_floor"": 1e-10, ""sigma_1"": 17.52723980558443, ""sigma_r"": 17.52723980558443, ""sigma_r_over_sigma_1"": 1.0, ""supplied_rank"": 1}, {""block"": ""B"", ""computational_rank_supported"": true, ""relative_rank_floor"": 1e-10, ""sigma_1"": 38.631965524383546, ""sigma_r"": 38.631965524383546, ""sigma_r_over_sigma_1"": 1.0, ""supplied_rank"": 1}, {""block"": ""H"", ""computational_rank_supported"": true, ""relative_rank_floor"": 1e-10, ""sigma_1"": 81.2929665877648, ""sigma_r"": 81.2929665877648, ""sigma_r_over_sigma_1"": 1.0, ""supplied_rank"": 1}], ""stationarity_residual"": 5.2563336057771845e-05, ""t"": 50, ""tangent_gram_condition_number"": 266.1915697007448, ""tangent_gram_coordinate_dimension"": 225, ""tangent_gram_eigensolver_converged"": true, ""tangent_gram_eigensolver_status"": ""converged"", ""tangent_gram_largest_eigenvalue"": 49.192685433819854, ""tangent_gram_smallest_eigenvalue"": 0.18480181580927885, ""target_support_norm"": 0.02168655127975154, ""target_supported"": true}, {""converged"": true, ""kind"": ""unit"", ""max_envelope_ratio"": 0.916443408261482, ""n"": 24, ""numerical_rank_vector"": [1, 1, 1], ""part"": 1, ""rank_supported"": true, ""riesz_converged"": true, ""riesz_equation_residual"": 7.000009472407136e-09, ""riesz_solver"": ""cg"", ""riesz_target_rayleigh_quotient"": 0.5782508028691326, ""riesz_target_stable"": true, ""split_rank_singular_values"": [{""block"": ""A"", ""computational_rank_supported"": true, ""relative_rank_floor"": 1e-10, ""sigma_1"": 17.296292778650646, ""sigma_r"": 17.296292778650646, ""sigma_r_over_sigma_1"": 1.0, ""supplied_rank"": 1}, {""block"": ""B"", ""computational_rank_supported"": true, ""relative_rank_floor"": 1e-10, ""sigma_1"": 36.41286231745699, ""sigma_r"": 36.41286231745699, ""sigma_r_over_sigma_1"": 1.0, ""supplied_rank"": 1}, {""block"": ""H"", ""computational_rank_supported"": true, ""relative_rank_floor"": 1e-10, ""sigma_1"": 69.81617817959946, ""sigma_r"": 69.81617817959946, ""sigma_r_over_sigma_1"": 1.0, ""supplied_rank"": 1}], ""stationarity_residual"": 4.547251994926956e-05, ""t"": 50, ""tangent_gram_condition_number"": 414.43351269771443, ""tangent_gram_coordinate_dimension"": 219, ""tangent_gram_eigensolver_converged"": true, ""tangent_gram_eigensolver_status"": ""converged"", ""tangent_gram_largest_eigenvalue"": 76.19624991681232, ""tangent_gram_smallest_eigenvalue"": 0.18385639091013725, ""target_support_norm"": 0.02332577018364999, ""target_supported"": true}]","[[0, 1, 4, 5, 9, 10, 11, 14, 17, 18, 20, 21, 23, 24, 27, 29, 30, 31, 33, 35, 36, 39, 42, 46, 47], [2, 3, 6, 7, 8, 12, 13, 15, 16, 19, 22, 25, 26, 28, 32, 34, 37, 38, 40, 41, 43, 44, 45, 48, 49]]","[[0, 2, 3, 5, 7, 10, 11, 14, 15, 16, 18, 22, 24, 25, 28, 29, 30, 31, 32, 34, 39, 42, 45, 46, 47, 49], [1, 4, 6, 8, 9, 12, 13, 17, 19, 20, 21, 23, 26, 27, 33, 35, 36, 37, 38, 40, 41, 43, 44, 48]]",False,False,False,True,"[1, 1, 1]",,"[1, 1, 1]",,,,,,,,null,,1.8650228553785118,14.0,3.6065093110073946e-05,0.9689962446509587,136.0,9.613042078679317e-09,0.6565948282562978,0.03409164313820007,297.0,0.10519658702480039,62.36455150277676,592.8381639232663,True,converged,6.282739134176888e-06,False,8.0,1.0,0.09923419999540783,0.3005460000131279,2.636613500013482,"[20260810, 4011364011, 2235565902, 1499620634, 1499620634, 2098343407, 1387497986, 1337576661]",b867e9855af0a3ac,610c7358dde2c1b141abb0f783ec54c402df554b,1.0,0.6527430465498641,2.199056079139955,0.7868980912052117,0.7310968391635712,0.4637943049615491,0.6374688691865515,0.23591167854502929,0.7310968391635712,0.06860175818282858,1.73432886191693,0.8999999999999999,1.1,0.8,1.2,0.85,2.031384387633061,7.458653652209672,7.458653652209672,0.7310968391635712,1.73432886191693,5.357434291259654,5.357434291259654,9.0,1.0,1.541346347790328,True,12802173bc53e65c341c53140db3ab05ee23464fe1fdddcfead9a330cedf0012,theorem_covered,True,0.03999999999999994,0.03783379956281664,0.9458449890704175,,,,,,,,,,,,,,,,,,False
replication,b867e9855af0a3ac,4,50,50,3,fixed_rank,success,success,True,True,True,True,True,True,"[1, 1, 1]",,,,,7,dgp4_N50_T50_r00003_truth1-1-1,7e7c359168029c70c974fc18a2ba61cb7b7c0ddec4ad56d28d885a6e417117d3,1.9656743999803439,,,A_entry,target,success,[],dgp4_N50_T50_r00003_truth1-1-1,success,"[1, 1, 1]",0.4340626202785714,0.8098288221369789,0.20301305868429828,0.04121430199635434,0.8098288221369789,0.20301305868429828,0.04121430199635434,0.37576620185840753,0.8098288221369789,0.20301305868429828,0.04121430199635434,0.37576620185840753,0.8098288221369789,,,0.0,4.0,0.21392999999807216,[],null,null,False,True,True,False,"[1, 1, 1]",,"[1, 1, 1]",,,,,,,,null,,1.7023249187217433,11.0,3.516179926153263e-05,0.8449082306958577,89.0,8.805962466501936e-09,1.4626273250398543,0.25404064615053196,297.0,0.17450733120135495,31.556824440200856,180.83380350243897,True,converged,0.00019238927440981337,False,8.0,1.0,0.07668909998028539,0.015730799990706146,0.3859947999881115,"[20260810, 4011364011, 2004296267, 1499620634, 1499620634, 2235565902, 1387497986, 1337576661]",b867e9855af0a3ac,610c7358dde2c1b141abb0f783ec54c402df554b,0.9887668640152736,0.6539199811210448,1.979277799327586,0.8596566399365806,0.8355695245216872,0.49929825294563995,0.595202265090137,0.24115979600535511,0.8355695245216872,0.06088478957492023,1.5140779803325983,0.8999999999999999,1.1,0.8,1.2,0.85,1.9596152422706632,6.72532448795568,6.72532448795568,0.8355695245216872,1.5140779803325983,5.417397231347592,5.417397231347592,9.0,1.0,2.27467551204432,True,7e7c359168029c70c974fc18a2ba61cb7b7c0ddec4ad56d28d885a6e417117d3,theorem_covered,True,1.0,0.18433329841357837,0.18433329841357837,0.7290386432223126,0.9842507384379809,0.4453291829086578,0.5617754299133683,0.11644624700471046,0.4415670034296543,0.5570295024616254,0.11546249903197109,0.4455472024394742,0.6741894378982797,0.22864223545880547,0.4736662078264359,0.7167383223538379,0.24307211452740202,0.1177691640391701,0.1167742399488293,,False
replication,b867e9855af0a3ac,4,50,50,3,fixed_rank,success,success,True,True,True,True,True,True,"[1, 1, 1]",,,,,7,dgp4_N50_T50_r00003_truth1-1-1,7e7c359168029c70c974fc18a2ba61cb7b7c0ddec4ad56d28d885a6e417117d3,1.9656743999803439,,,B_entry,target,success,[],dgp4_N50_T50_r00003_truth1-1-1,success,"[1, 1, 1]",0.395027878297578,-0.20840510560392805,0.325037227234976,0.10564919908860144,-0.20840510560392805,0.325037227234976,0.10564919908860144,-0.603432983901506,-0.20840510560392805,0.325037227234976,0.10564919908860144,-0.603432983901506,-0.20840510560392805,,,0.0,4.0,0.21392999999807216,[],null,null,False,False,True,False,"[1, 1, 1]",,"[1, 1, 1]",,,,,,,,null,,1.7023249187217433,11.0,3.516179926153263e-05,0.8449082306958577,94.0,9.465234883630234e-09,0.5814369471666699,0.1356299625180734,297.0,0.17450733120135495,31.556824440200856,180.83380350243897,True,converged,8.791107720276915e-05,False,8.0,1.0,0.07668909998028539,0.01833170000463724,0.438134900003206,"[20260810, 4011364011, 2004296267, 1499620634, 1499620634, 2235565902, 1387497986, 1337576661]",b867e9855af0a3ac,610c7358dde2c1b141abb0f783ec54c402df554b,0.9887668640152736,0.6539199811210448,1.979277799327586,0.8596566399365806,0.8355695245216872,0.49929825294563995,0.595202265090137,0.24115979600535511,0.8355695245216872,0.06088478957492023,1.5140779803325983,0.8999999999999999,1.1,0.8,1.2,0.85,1.9596152422706632,6.72532448795568,6.72532448795568,0.8355695245216872,1.5140779803325983,5.417397231347592,5.417397231347592,9.0,1.0,2.27467551204432,True,7e7c359168029c70c974fc18a2ba61cb7b7c0ddec4ad56d28d885a6e417117d3,entry_leverage_requires_author_choice,False,1.0,0.15749992997296852,0.15749992997296852,0.45142541003756154,0.7960733417311575,0.4453291829086578,0.5617754299133683,0.11644624700471046,0.4415670034296543,0.5570295024616254,0.11546249903197109,0.4455472024394742,0.6741894378982797,0.22864223545880547,0.4736662078264359,0.7167383223538379,0.24307211452740202,0.1177691640391701,0.1167742399488293,,False
replication,b867e9855af0a3ac,4,50,50,3,fixed_rank,success,success,True,True,True,True,True,True,"[1, 1, 1]",,,,,7,dgp4_N50_T50_r00003_truth1-1-1,7e7c359168029c70c974fc18a2ba61cb7b7c0ddec4ad56d28d885a6e417117d3,1.9656743999803439,,,A_fixed_time_mean,target,success,[],dgp4_N50_T50_r00003_truth1-1-1,success,"[1, 1, 1]",0.503552306411013,0.6674462679528843,0.11699926182397274,0.013688827267354526,0.6674462679528843,0.11699926182397274,0.013688827267354526,0.1638939615418713,0.6674462679528843,0.11699926182397274,0.013688827267354526,0.1638939615418713,0.6674462679528843,,,0.0,4.0,0.21392999999807216,[],null,null,False,True,True,False,"[1, 1, 1]",,"[1, 1, 1]",,,,,,,,null,,1.7023249187217433,11.0,3.516179926153263e-05,0.8449082306958577,90.0,7.602778406893006e-09,0.9179932559175411,0.13645418280522226,297.0,0.17450733120135495,31.556824440200856,180.83380350243897,True,converged,0.00019406287316836509,False,8.0,1.0,0.07668909998028539,0.01805189999868162,0.48761179999564774,"[20260810, 4011364011, 2004296267, 1499620634, 1499620634, 2235565902, 1387497986, 1337576661]",b867e9855af0a3ac,610c7358dde2c1b141abb0f783ec54c402df554b,0.9887668640152736,0.6539199811210448,1.979277799327586,0.8596566399365806,0.8355695245216872,0.49929825294563995,0.595202265090137,0.24115979600535511,0.8355695245216872,0.06088478957492023,1.5140779803325983,0.8999999999999999,1.1,0.8,1.2,0.85,1.9596152422706632,6.72532448795568,6.72532448795568,0.8355695245216872,1.5140779803325983,5.417397231347592,5.417397231347592,9.0,1.0,2.27467551204432,True,7e7c359168029c70c974fc18a2ba61cb7b7c0ddec4ad56d28d885a6e417117d3,theorem_covered,True,0.14142135623730953,0.14010853316705926,0.9907169390452789,,,0.4453291829086578,0.5617754299133683,0.11644624700471046,0.4415670034296543,0.5570295024616254,0.11546249903197109,0.4455472024394742,0.6741894378982797,0.22864223545880547,0.4736662078264359,0.7167383223538379,0.24307211452740202,0.1177691640391701,0.1167742399488293,,False
replication,b867e9855af0a3ac,4,50,50,3,fixed_rank,success,success,True,True,True,True,True,True,"[1, 1, 1]",,,,,7,dgp4_N50_T50_r00003_truth1-1-1,7e7c359168029c70c974fc18a2ba61cb7b7c0ddec4ad56d28d885a6e417117d3,1.9656743999803439,,,B_fixed_time_mean,target,success,[],dgp4_N50_T50_r00003_truth1-1-1,success,"[1, 1, 1]",0.559868320168877,0.6879078529886282,0.1725996154178711,0.029790627242397012,0.6879078529886282,0.1725996154178711,0.029790627242397012,0.12803953281975122,0.6879078529886282,0.1725996154178711,0.029790627242397012,0.12803953281975122,0.6879078529886282,,,0.0,4.0,0.21392999999807216,[],null,null,False,True,True,False,"[1, 1, 1]",,"[1, 1, 1]",,,,,,,,null,,1.7023249187217433,11.0,3.516179926153263e-05,0.8449082306958577,93.0,7.904028765379524e-09,0.8724090137343942,0.12503365228729735,297.0,0.17450733120135495,31.556824440200856,180.83380350243897,True,converged,0.00011385572367651379,False,8.0,1.0,0.07668909998028539,0.01808440001332201,0.5376550999935716,"[20260810, 4011364011, 2004296267, 1499620634, 1499620634, 2235565902, 1387497986, 1337576661]",b867e9855af0a3ac,610c7358dde2c1b141abb0f783ec54c402df554b,0.9887668640152736,0.6539199811210448,1.979277799327586,0.8596566399365806,0.8355695245216872,0.49929825294563995,0.595202265090137,0.24115979600535511,0.8355695245216872,0.06088478957492023,1.5140779803325983,0.8999999999999999,1.1,0.8,1.2,0.85,1.9596152422706632,6.72532448795568,6.72532448795568,0.8355695245216872,1.5140779803325983,5.417397231347592,5.417397231347592,9.0,1.0,2.27467551204432,True,7e7c359168029c70c974fc18a2ba61cb7b7c0ddec4ad56d28d885a6e417117d3,theorem_covered,True,0.14142135623730953,0.1347787035722438,0.9530293525546514,,,0.4453291829086578,0.5617754299133683,0.11644624700471046,0.4415670034296543,0.5570295024616254,0.11546249903197109,0.4455472024394742,0.6741894378982797,0.22864223545880547,0.4736662078264359,0.7167383223538379,0.24307211452740202,0.1177691640391701,0.1167742399488293,,False
replication,b867e9855af0a3ac,4,50,50,3,fixed_rank,success,success,True,True,False,True,False,False,"[1, 1, 1]",,,,,7,dgp4_N50_T50_r00003_truth1-1-1,7e7c359168029c70c974fc18a2ba61cb7b7c0ddec4ad56d28d885a6e417117d3,1.9656743999803439,,,A_full_mean,target,split_fit_failure,[],dgp4_N50_T50_r00003_truth1-1-1,split_fit_not_converged,"[1, 1, 1]",0.49929825294563995,0.45660880287182715,0.027970940429245247,0.0007823735084963862,0.4432356107870462,0.01688558568741843,0.0002851230040071501,-0.056062642158593745,0.45660880287182715,0.027970940429245247,0.0007823735084963862,-0.04268945007381281,0.4432356107870462,0.4276254002569868,0.44547262923232456,4.0,4.0,0.21392999999807216,"[{""converged"": true, ""kind"": ""time"", ""max_envelope_ratio"": 0.8489878425433051, ""n"": 50, ""numerical_rank_vector"": [1, 1, 1], ""part"": 0, ""rank_supported"": true, ""riesz_converged"": true, ""riesz_equation_residual"": 7.447277092878083e-09, ""riesz_solver"": ""cg"", ""riesz_target_rayleigh_quotient"": 0.5036443621247184, ""riesz_target_stable"": true, ""split_rank_singular_values"": [{""block"": ""A"", ""computational_rank_supported"": true, ""relative_rank_floor"": 1e-10, ""sigma_1"": 19.38792775410258, ""sigma_r"": 19.38792775410258, ""sigma_r_over_sigma_1"": 1.0, ""supplied_rank"": 1}, {""block"": ""B"", ""computational_rank_supported"": true, ""relative_rank_floor"": 1e-10, ""sigma_1"": 27.85430502247958, ""sigma_r"": 27.85430502247958, ""sigma_r_over_sigma_1"": 1.0, ""supplied_rank"": 1}, {""block"": ""H"", ""computational_rank_supported"": true, ""relative_rank_floor"": 1e-10, ""sigma_1"": 61.54587747532096, ""sigma_r"": 61.54587747532096, ""sigma_r_over_sigma_1"": 1.0, ""supplied_rank"": 1}], ""stationarity_residual"": 5.6972898446929e-05, ""t"": 25, ""tangent_gram_condition_number"": 198.717095557209, ""tangent_gram_coordinate_dimension"": 222, ""tangent_gram_eigensolver_converged"": true, ""tangent_gram_eigensolver_status"": ""converged"", ""tangent_gram_largest_eigenvalue"": 31.202509179023153, ""tangent_gram_smallest_eigenvalue"": 0.15701975258610906, ""target_support_norm"": 0.013942670444331605, ""target_supported"": true}, {""converged"": true, ""kind"": ""time"", ""max_envelope_ratio"": 0.8249798592045624, ""n"": 50, ""numerical_rank_vector"": [1, 1, 1], ""part"": 1, ""rank_supported"": true, ""riesz_converged"": true, ""riesz_equation_residual"": 7.95671634536894e-09, ""riesz_solver"": ""cg"", ""riesz_target_rayleigh_quotient"": 0.5276091844087122, ""riesz_target_stable"": true, ""split_rank_singular_values"": [{""block"": ""A"", ""computational_rank_supported"": true, ""relative_rank_floor"": 1e-10, ""sigma_1"": 17.27698626841414, ""sigma_r"": 17.27698626841414, ""sigma_r_over_sigma_1"": 1.0, ""supplied_rank"": 1}, {""block"": ""B"", ""computational_rank_supported"": true, ""relative_rank_floor"": 1e-10, ""sigma_1"": 35.92575817965193, ""sigma_r"": 35.92575817965193, ""sigma_r_over_sigma_1"": 1.0, ""supplied_rank"": 1}, {""block"": ""H"", ""computational_rank_supported"": true, ""relative_rank_floor"": 1e-10, ""sigma_1"": 65.26691867137882, ""sigma_r"": 65.26691867137882, ""sigma_r_over_sigma_1"": 1.0, ""supplied_rank"": 1}], ""stationarity_residual"": 5.190826316390806e-05, ""t"": 25, ""tangent_gram_condition_number"": 153.30747644027068, ""tangent_gram_coordinate_dimension"": 222, ""tangent_gram_eigensolver_converged"": true, ""tangent_gram_eigensolver_status"": ""converged"", ""tangent_gram_largest_eigenvalue"": 34.29754602855294, ""tangent_gram_smallest_eigenvalue"": 0.22371737390064877, ""target_support_norm"": 0.013954922426010012, ""target_supported"": true}, {""converged"": true, ""kind"": ""unit"", ""max_envelope_ratio"": 1.0070494323700017, ""n"": 26, ""numerical_rank_vector"": [1, 1, 1], ""part"": 0, ""rank_supported"": true, ""riesz_converged"": true, ""riesz_equation_residual"": 7.2424804371505935e-09, ""riesz_solver"": ""cg"", ""riesz_target_rayleigh_quotient"": 0.4960966268644789, ""riesz_target_stable"": true, ""split_rank_singular_values"": [{""block"": ""A"", ""computational_rank_supported"": true, ""relative_rank_floor"": 1e-10, ""sigma_1"": 19.959514033612745, ""sigma_r"": 19.959514033612745, ""sigma_r_over_sigma_1"": 1.0, ""supplied_rank"": 1}, {""block"": ""B"", ""computational_rank_supported"": true, ""relative_rank_floor"": 1e-10, ""sigma_1"": 32.59433206601984, ""sigma_r"": 32.59433206601984, ""sigma_r_over_sigma_1"": 1.0, ""supplied_rank"": 1}, {""block"": ""H"", ""computational_rank_supported"": true, ""relative_rank_floor"": 1e-10, ""sigma_1"": 67.3806531203963, ""sigma_r"": 67.3806531203963, ""sigma_r_over_sigma_1"": 1.0, ""supplied_rank"": 1}], ""stationarity_residual"": 4.1815052120912104e-05, ""t"": 50, ""tangent_gram_condition_number"": 288.13723827812856, ""tangent_gram_coordinate_dimension"": 225, ""tangent_gram_eigensolver_converged"": true, ""tangent_gram_eigensolver_status"": ""converged"", ""tangent_gram_largest_eigenvalue"": 34.20209926357293, ""tangent_gram_smallest_eigenvalue"": 0.11870072562630336, ""target_support_norm"": 0.014260160769503684, ""target_supported"": true}, {""converged"": true, ""kind"": ""unit"", ""max_envelope_ratio"": 0.6471512809397484, ""n"": 24, ""numerical_rank_vector"": [1, 1, 1], ""part"": 1, ""rank_supported"": true, ""riesz_converged"": true, ""riesz_equation_residual"": 9.054121919900897e-09, ""riesz_solver"": ""cg"", ""riesz_target_rayleigh_quotient"": 0.5073606753266235, ""riesz_target_stable"": true, ""split_rank_singular_values"": [{""block"": ""A"", ""computational_rank_supported"": true, ""relative_rank_floor"": 1e-10, ""sigma_1"": 19.03564190665926, ""sigma_r"": 19.03564190665926, ""sigma_r_over_sigma_1"": 1.0, ""supplied_rank"": 1}, {""block"": ""B"", ""computational_rank_supported"": true, ""relative_rank_floor"": 1e-10, ""sigma_1"": 34.037152873311804, ""sigma_r"": 34.037152873311804, ""sigma_r_over_sigma_1"": 1.0, ""supplied_rank"": 1}, {""block"": ""H"", ""computational_rank_supported"": true, ""relative_rank_floor"": 1e-10, ""sigma_1"": 62.73484644332059, ""sigma_r"": 62.73484644332059, ""sigma_r_over_sigma_1"": 1.0, ""supplied_rank"": 1}], ""stationarity_residual"": 3.856346928582328e-05, ""t"": 50, ""tangent_gram_condition_number"": 230.42831961111506, ""tangent_gram_coordinate_dimension"": 219, ""tangent_gram_eigensolver_converged"": true, ""tangent_gram_eigensolver_status"": ""converged"", ""tangent_gram_largest_eigenvalue"": 33.66089319957552, ""tangent_gram_smallest_eigenvalue"": 0.14607967135456137, ""target_support_norm"": 0.013688432914004355, ""target_supported"": true}]","[[0, 1, 2, 3, 5, 7, 8, 12, 14, 16, 17, 18, 19, 20, 23, 24, 28, 31, 32, 33, 34, 39, 43, 45, 46], [4, 6, 9, 10, 11, 13, 15, 21, 22, 25, 26, 27, 29, 30, 35, 36, 37, 38, 40, 41, 42, 44, 47, 48, 49]]","[[0, 1, 5, 6, 7, 8, 9, 12, 15, 16, 17, 19, 23, 26, 28, 29, 30, 31, 33, 36, 39, 40, 41, 43, 44, 46], [2, 3, 4, 10, 11, 13, 14, 18, 20, 21, 22, 24, 25, 27, 32, 34, 35, 37, 38, 42, 45, 47, 48, 49]]",False,False,False,True,"[1, 1, 1]",,"[1, 1, 1]",,,,,,,,null,,1.7023249187217433,11.0,3.516179926153263e-05,0.8449082306958577,96.0,6.313883333436913e-09,0.5742286335236436,0.019887343931032635,297.0,0.17450733120135495,31.556824440200856,180.83380350243897,True,converged,8.54550814806279e-05,False,8.0,1.0,0.07668909998028539,0.07054129999596626,0.6409128999803215,"[20260810, 4011364011, 2004296267, 1499620634, 1499620634, 2235565902, 1387497986, 1337576661]",b867e9855af0a3ac,610c7358dde2c1b141abb0f783ec54c402df554b,0.9887668640152736,0.6539199811210448,1.979277799327586,0.8596566399365806,0.8355695245216872,0.49929825294563995,0.595202265090137,0.24115979600535511,0.8355695245216872,0.06088478957492023,1.5140779803325983,0.8999999999999999,1.1,0.8,1.2,0.85,1.9596152422706632,6.72532448795568,6.72532448795568,0.8355695245216872,1.5140779803325983,5.417397231347592,5.417397231347592,9.0,1.0,2.27467551204432,True,7e7c359168029c70c974fc18a2ba61cb7b7c0ddec4ad56d28d885a6e417117d3,theorem_covered,True,0.01999999999999997,0.019993908476955913,0.9996954238477972,,,0.4453291829086578,0.5617754299133683,0.11644624700471046,0.4415670034296543,0.5570295024616254,0.11546249903197109,0.4455472024394742,0.6741894378982797,0.22864223545880547,0.4736662078264359,0.7167383223538379,0.24307211452740202,0.1177691640391701,0.1167742399488293,,False
replication,b867e9855af0a3ac,4,50,50,3,fixed_rank,success,success,True,True,False,True,False,False,"[1, 1, 1]",,,,,7,dgp4_N50_T50_r00003_truth1-1-1,7e7c359168029c70c974fc18a2ba61cb7b7c0ddec4ad56d28d885a6e417117d3,1.9656743999803439,,,B_full_mean,target,split_fit_failure,[],dgp4_N50_T50_r00003_truth1-1-1,split_fit_not_converged,"[1, 1, 1]",0.5952022650901369,0.6305386470095722,0.05867362904711171,0.003442594745558071,0.6200749783680537,0.03450745915485714,0.0011907647373241338,0.024872713277916847,0.6305386470095722,0.05867362904711171,0.003442594745558071,0.03533638191943533,0.6200749783680537,0.6183000229962242,0.6113862650983646,4.0,4.0,0.21392999999807216,"[{""converged"": true, ""kind"": ""time"", ""max_envelope_ratio"": 0.8489878425433051, ""n"": 50, ""numerical_rank_vector"": [1, 1, 1], ""part"": 0, ""rank_supported"": true, ""riesz_converged"": true, ""riesz_equation_residual"": 7.950584408246944e-09, ""riesz_solver"": ""cg"", ""riesz_target_rayleigh_quotient"": 0.5573796564955228, ""riesz_target_stable"": true, ""split_rank_singular_values"": [{""block"": ""A"", ""computational_rank_supported"": true, ""relative_rank_floor"": 1e-10, ""sigma_1"": 19.38792775410258, ""sigma_r"": 19.38792775410258, ""sigma_r_over_sigma_1"": 1.0, ""supplied_rank"": 1}, {""block"": ""B"", ""computational_rank_supported"": true, ""relative_rank_floor"": 1e-10, ""sigma_1"": 27.85430502247958, ""sigma_r"": 27.85430502247958, ""sigma_r_over_sigma_1"": 1.0, ""supplied_rank"": 1}, {""block"": ""H"", ""computational_rank_supported"": true, ""relative_rank_floor"": 1e-10, ""sigma_1"": 61.54587747532096, ""sigma_r"": 61.54587747532096, ""sigma_r_over_sigma_1"": 1.0, ""supplied_rank"": 1}], ""stationarity_residual"": 5.6972898446929e-05, ""t"": 25, ""tangent_gram_condition_number"": 198.717095557209, ""tangent_gram_coordinate_dimension"": 222, ""tangent_gram_eigensolver_converged"": true, ""tangent_gram_eigensolver_status"": ""converged"", ""tangent_gram_largest_eigenvalue"": 31.202509179023153, ""tangent_gram_smallest_eigenvalue"": 0.15701975258610906, ""target_support_norm"": 0.013562439022478279, ""target_supported"": true}, {""converged"": true, ""kind"": ""time"", ""max_envelope_ratio"": 0.8249798592045624, ""n"": 50, ""numerical_rank_vector"": [1, 1, 1], ""part"": 1, ""rank_supported"": true, ""riesz_converged"": true, ""riesz_equation_residual"": 7.910376804596206e-09, ""riesz_solver"": ""cg"", ""riesz_target_rayleigh_quotient"": 0.49151104653015426, ""riesz_target_stable"": true, ""split_rank_singular_values"": [{""block"": ""A"", ""computational_rank_supported"": true, ""relative_rank_floor"": 1e-10, ""sigma_1"": 17.27698626841414, ""sigma_r"": 17.27698626841414, ""sigma_r_over_sigma_1"": 1.0, ""supplied_rank"": 1}, {""block"": ""B"", ""computational_rank_supported"": true, ""relative_rank_floor"": 1e-10, ""sigma_1"": 35.92575817965193, ""sigma_r"": 35.92575817965193, ""sigma_r_over_sigma_1"": 1.0, ""supplied_rank"": 1}, {""block"": ""H"", ""computational_rank_supported"": true, ""relative_rank_floor"": 1e-10, ""sigma_1"": 65.26691867137882, ""sigma_r"": 65.26691867137882, ""sigma_r_over_sigma_1"": 1.0, ""supplied_rank"": 1}], ""stationarity_residual"": 5.190826316390806e-05, ""t"": 25, ""tangent_gram_condition_number"": 153.30747644027068, ""tangent_gram_coordinate_dimension"": 222, ""tangent_gram_eigensolver_converged"": true, ""tangent_gram_eigensolver_status"": ""converged"", ""tangent_gram_largest_eigenvalue"": 34.29754602855294, ""tangent_gram_smallest_eigenvalue"": 0.22371737390064877, ""target_support_norm"": 0.01333271742149403, ""target_supported"": true}, {""converged"": true, ""kind"": ""unit"", ""max_envelope_ratio"": 1.0070494323700017, ""n"": 26, ""numerical_rank_vector"": [1, 1, 1], ""part"": 0, ""rank_supported"": true, ""riesz_converged"": true, ""riesz_equation_residual"": 9.653226079718415e-09, ""riesz_solver"": ""cg"", ""riesz_target_rayleigh_quotient"": 0.4880666810691275, ""riesz_target_stable"": true, ""split_rank_singular_values"": [{""block"": ""A"", ""computational_rank_supported"": true, ""relative_rank_floor"": 1e-10, ""sigma_1"": 19.959514033612745, ""sigma_r"": 19.959514033612745, ""sigma_r_over_sigma_1"": 1.0, ""supplied_rank"": 1}, {""block"": ""B"", ""computational_rank_supported"": true, ""relative_rank_floor"": 1e-10, ""sigma_1"": 32.59433206601984, ""sigma_r"": 32.59433206601984, ""sigma_r_over_sigma_1"": 1.0, ""supplied_rank"": 1}, {""block"": ""H"", ""computational_rank_supported"": true, ""relative_rank_floor"": 1e-10, ""sigma_1"": 67.3806531203963, ""sigma_r"": 67.3806531203963, ""sigma_r_over_sigma_1"": 1.0, ""supplied_rank"": 1}], ""stationarity_residual"": 4.1815052120912104e-05, ""t"": 50, ""tangent_gram_condition_number"": 288.13723827812856, ""tangent_gram_coordinate_dimension"": 225, ""tangent_gram_eigensolver_converged"": true, ""tangent_gram_eigensolver_status"": ""converged"", ""tangent_gram_largest_eigenvalue"": 34.20209926357293, ""tangent_gram_smallest_eigenvalue"": 0.11870072562630336, ""target_support_norm"": 0.013366809673187109, ""target_supported"": true}, {""converged"": true, ""kind"": ""unit"", ""max_envelope_ratio"": 0.6471512809397484, ""n"": 24, ""numerical_rank_vector"": [1, 1, 1], ""part"": 1, ""rank_supported"": true, ""riesz_converged"": true, ""riesz_equation_residual"": 6.332692607952804e-09, ""riesz_solver"": ""cg"", ""riesz_target_rayleigh_quotient"": 0.4907448977113715, ""riesz_target_stable"": true, ""split_rank_singular_values"": [{""block"": ""A"", ""computational_rank_supported"": true, ""relative_rank_floor"": 1e-10, ""sigma_1"": 19.03564190665926, ""sigma_r"": 19.03564190665926, ""sigma_r_over_sigma_1"": 1.0, ""supplied_rank"": 1}, {""block"": ""B"", ""computational_rank_supported"": true, ""relative_rank_floor"": 1e-10, ""sigma_1"": 34.037152873311804, ""sigma_r"": 34.037152873311804, ""sigma_r_over_sigma_1"": 1.0, ""supplied_rank"": 1}, {""block"": ""H"", ""computational_rank_supported"": true, ""relative_rank_floor"": 1e-10, ""sigma_1"": 62.73484644332059, ""sigma_r"": 62.73484644332059, ""sigma_r_over_sigma_1"": 1.0, ""supplied_rank"": 1}], ""stationarity_residual"": 3.856346928582328e-05, ""t"": 50, ""tangent_gram_condition_number"": 230.42831961111506, ""tangent_gram_coordinate_dimension"": 219, ""tangent_gram_eigensolver_converged"": true, ""tangent_gram_eigensolver_status"": ""converged"", ""tangent_gram_largest_eigenvalue"": 33.66089319957552, ""tangent_gram_smallest_eigenvalue"": 0.14607967135456137, ""target_support_norm"": 0.013292930142258646, ""target_supported"": true}]","[[0, 1, 2, 3, 5, 7, 8, 12, 14, 16, 17, 18, 19, 20, 23, 24, 28, 31, 32, 33, 34, 39, 43, 45, 46], [4, 6, 9, 10, 11, 13, 15, 21, 22, 25, 26, 27, 29, 30, 35, 36, 37, 38, 40, 41, 42, 44, 47, 48, 49]]","[[0, 1, 5, 6, 7, 8, 9, 12, 15, 16, 17, 19, 23, 26, 28, 29, 30, 31, 33, 36, 39, 40, 41, 43, 44, 46], [2, 3, 4, 10, 11, 13, 14, 18, 20, 21, 22, 24, 25, 27, 32, 34, 35, 37, 38, 42, 45, 47, 48, 49]]",False,False,False,True,"[1, 1, 1]",,"[1, 1, 1]",,,,,,,,null,,1.7023249187217433,11.0,3.516179926153263e-05,0.8449082306958577,97.0,8.135742149902861e-09,0.5863111357515881,0.019299891828632457,297.0,0.17450733120135495,31.556824440200856,180.83380350243897,True,converged,8.878243200830298e-05,False,8.0,1.0,0.07668909998028539,0.07280650001484901,0.751176799996756,"[20260810, 4011364011, 2004296267, 1499620634, 1499620634, 2235565902, 1387497986, 1337576661]",b867e9855af0a3ac,610c7358dde2c1b141abb0f783ec54c402df554b,0.9887668640152736,0.6539199811210448,1.979277799327586,0.8596566399365806,0.8355695245216872,0.49929825294563995,0.595202265090137,0.24115979600535511,0.8355695245216872,0.06088478957492023,1.5140779803325983,0.8999999999999999,1.1,0.8,1.2,0.85,1.9596152422706632,6.72532448795568,6.72532448795568,0.8355695245216872,1.5140779803325983,5.417397231347592,5.417397231347592,9.0,1.0,2.27467551204432,True,7e7c359168029c70c974fc18a2ba61cb7b7c0ddec4ad56d28d885a6e417117d3,theorem_covered,True,0.01999999999999997,0.019906306209800568,0.99531531049003,,,0.4453291829086578,0.5617754299133683,0.11644624700471046,0.4415670034296543,0.5570295024616254,0.11546249903197109,0.4455472024394742,0.6741894378982797,0.22864223545880547,0.4736662078264359,0.7167383223538379,0.24307211452740202,0.1177691640391701,0.1167742399488293,,False
replication,b867e9855af0a3ac,4,50,50,3,fixed_rank,success,success,True,True,True,True,True,True,"[1, 1, 1]",,,,,7,dgp4_N50_T50_r00003_truth1-1-1,7e7c359168029c70c974fc18a2ba61cb7b7c0ddec4ad56d28d885a6e417117d3,1.9656743999803439,,,A_G1_fixed_time,target,success,[],dgp4_N50_T50_r00003_truth1-1-1,success,"[1, 1, 1]",0.44532918290865786,0.6315554582569016,0.11399423613123741,0.012994685871144314,0.6315554582569016,0.11399423613123741,0.012994685871144314,0.18622627534824376,0.6315554582569016,0.11399423613123741,0.012994685871144314,0.18622627534824376,0.6315554582569016,,,0.0,4.0,0.21392999999807216,[],null,null,False,True,True,False,"[1, 1, 1]",,"[1, 1, 1]",,,,,,,,null,,1.7023249187217433,11.0,3.516179926153263e-05,0.8449082306958577,90.0,8.979780253178066e-09,0.9414208502561424,0.13234875285256129,297.0,0.17450733120135495,31.556824440200856,180.83380350243897,True,converged,0.00015521742421978742,False,8.0,1.0,0.07668909998028539,0.01611389999743551,0.8064212999888696,"[20260810, 4011364011, 2004296267, 1499620634, 1499620634, 2235565902, 1387497986, 1337576661]",b867e9855af0a3ac,610c7358dde2c1b141abb0f783ec54c402df554b,0.9887668640152736,0.6539199811210448,1.979277799327586,0.8596566399365806,0.8355695245216872,0.49929825294563995,0.595202265090137,0.24115979600535511,0.8355695245216872,0.06088478957492023,1.5140779803325983,0.8999999999999999,1.1,0.8,1.2,0.85,1.9596152422706632,6.72532448795568,6.72532448795568,0.8355695245216872,1.5140779803325983,5.417397231347592,5.417397231347592,9.0,1.0,2.27467551204432,True,7e7c359168029c70c974fc18a2ba61cb7b7c0ddec4ad56d28d885a6e417117d3,theorem_covered,True,0.2,0.12582845476660343,0.6291422738330171,,,0.4453291829086578,0.5617754299133683,0.11644624700471046,0.4415670034296543,0.5570295024616254,0.11546249903197109,0.4455472024394742,0.6741894378982797,0.22864223545880547,0.4736662078264359,0.7167383223538379,0.24307211452740202,0.1177691640391701,0.1167742399488293,,False
replication,b867e9855af0a3ac,4,50,50,3,fixed_rank,success,success,True,True,True,True,True,True,"[1, 1, 1]",,,,,7,dgp4_N50_T50_r00003_truth1-1-1,7e7c359168029c70c974fc18a2ba61cb7b7c0ddec4ad56d28d885a6e417117d3,1.9656743999803439,,,A_G2_fixed_time,target,success,[],dgp4_N50_T50_r00003_truth1-1-1,success,"[1, 1, 1]",0.5617754299133683,0.703337077648867,0.12324327481815389,0.015188904787903006,0.703337077648867,0.12324327481815389,0.015188904787903006,0.14156164773549873,0.703337077648867,0.12324327481815389,0.015188904787903006,0.14156164773549873,0.703337077648867,,,0.0,4.0,0.21392999999807216,[],null,null,False,True,True,False,"[1, 1, 1]",,"[1, 1, 1]",,,,,,,,null,,1.7023249187217433,11.0,3.516179926153263e-05,0.8449082306958577,90.0,7.09654480695371e-09,0.9381320795963378,0.1461390475986356,297.0,0.17450733120135495,31.556824440200856,180.83380350243897,True,converged,0.00022330809687320813,False,8.0,1.0,0.07668909998028539,0.019285099988337606,0.8616008999815676,"[20260810, 4011364011, 2004296267, 1499620634, 1499620634, 2235565902, 1387497986, 1337576661]",b867e9855af0a3ac,610c7358dde2c1b141abb0f783ec54c402df554b,0.9887668640152736,0.6539199811210448,1.979277799327586,0.8596566399365806,0.8355695245216872,0.49929825294563995,0.595202265090137,0.24115979600535511,0.8355695245216872,0.06088478957492023,1.5140779803325983,0.8999999999999999,1.1,0.8,1.2,0.85,1.9596152422706632,6.72532448795568,6.72532448795568,0.8355695245216872,1.5140779803325983,5.417397231347592,5.417397231347592,9.0,1.0,2.27467551204432,True,7e7c359168029c70c974fc18a2ba61cb7b7c0ddec4ad56d28d885a6e417117d3,theorem_covered,True,0.2,0.1572569776900886,0.7862848884504429,,,0.4453291829086578,0.5617754299133683,0.11644624700471046,0.4415670034296543,0.5570295024616254,0.11546249903197109,0.4455472024394742,0.6741894378982797,0.22864223545880547,0.4736662078264359,0.7167383223538379,0.24307211452740202,0.1177691640391701,0.1167742399488293,,False
replication,b867e9855af0a3ac,4,50,50,3,fixed_rank,success,success,True,True,True,True,True,True,"[1, 1, 1]",,,,,7,dgp4_N50_T50_r00003_truth1-1-1,7e7c359168029c70c974fc18a2ba61cb7b7c0ddec4ad56d28d885a6e417117d3,1.9656743999803439,,,A_G2_minus_G1_fixed_time,target,success,[],dgp4_N50_T50_r00003_truth1-1-1,success,"[1, 1, 1]",0.11644624700471046,0.07178161939196531,0.04014812878999592,0.0016118722453380995,0.07178161939196531,0.04014812878999592,0.0016118722453380995,-0.044664627612745145,0.07178161939196531,0.04014812878999592,0.0016118722453380995,-0.044664627612745145,0.07178161939196531,,,0.0,4.0,0.21392999999807216,[],null,null,False,False,True,False,"[1, 1, 1]",,"[1, 1, 1]",,,,,,,,null,,1.7023249187217433,11.0,3.516179926153263e-05,0.8449082306958577,90.0,7.345492619608967e-09,2.49806506856375,0.05715462543981194,297.0,0.17450733120135495,31.556824440200856,180.83380350243897,True,converged,0.00021878353132162424,False,8.0,1.0,0.07668909998028539,0.01622669998323545,0.9167693999770563,"[20260810, 4011364011, 2004296267, 1499620634, 1499620634, 2235565902, 1387497986, 1337576661]",b867e9855af0a3ac,610c7358dde2c1b141abb0f783ec54c402df554b,0.9887668640152736,0.6539199811210448,1.979277799327586,0.8596566399365806,0.8355695245216872,0.49929825294563995,0.595202265090137,0.24115979600535511,0.8355695245216872,0.06088478957492023,1.5140779803325983,0.8999999999999999,1.1,0.8,1.2,0.85,1.9596152422706632,6.72532448795568,6.72532448795568,0.8355695245216872,1.5140779803325983,5.417397231347592,5.417397231347592,9.0,1.0,2.27467551204432,True,7e7c359168029c70c974fc18a2ba61cb7b7c0ddec4ad56d28d885a6e417117d3,theorem_covered,True,0.28284271247461906,0.05102460051234681,0.18039920514807503,,,0.4453291829086578,0.5617754299133683,0.11644624700471046,0.4415670034296543,0.5570295024616254,0.11546249903197109,0.4455472024394742,0.6741894378982797,0.22864223545880547,0.4736662078264359,0.7167383223538379,0.24307211452740202,0.1177691640391701,0.1167742399488293,,False
replication,b867e9855af0a3ac,4,50,50,3,fixed_rank,success,success,True,True,False,True,False,False,"[1, 1, 1]",,,,,7,dgp4_N50_T50_r00003_truth1-1-1,7e7c359168029c70c974fc18a2ba61cb7b7c0ddec4ad56d28d885a6e417117d3,1.9656743999803439,,,A_G1_time_average,target,split_fit_failure,[],dgp4_N50_T50_r00003_truth1-1-1,split_fit_not_converged,"[1, 1, 1]",0.4415670034296544,0.45800411161049964,0.038633103441605574,0.0014925166815297965,0.41940135517568145,0.023465413822174177,0.0005506256458458829,-0.022165648253972936,0.45800411161049964,0.038633103441605574,0.0014925166815297965,0.01643710818084526,0.41940135517568145,0.39211472706952877,0.4080852268470159,4.0,4.0,0.21392999999807216,"[{""converged"": true, ""kind"": ""time"", ""max_envelope_ratio"": 0.8489878425433051, ""n"": 50, ""numerical_rank_vector"": [1, 1, 1], ""part"": 0, ""rank_supported"": true, ""riesz_converged"": true, ""riesz_equation_residual"": 9.0227609839238e-09, ""riesz_solver"": ""cg"", ""riesz_target_rayleigh_quotient"": 0.7723374983267516, ""riesz_target_stable"": true, ""split_rank_singular_values"": [{""block"": ""A"", ""computational_rank_supported"": true, ""relative_rank_floor"": 1e-10, ""sigma_1"": 19.38792775410258, ""sigma_r"": 19.38792775410258, ""sigma_r_over_sigma_1"": 1.0, ""supplied_rank"": 1}, {""block"": ""B"", ""computational_rank_supported"": true, ""relative_rank_floor"": 1e-10, ""sigma_1"": 27.85430502247958, ""sigma_r"": 27.85430502247958, ""sigma_r_over_sigma_1"": 1.0, ""supplied_rank"": 1}, {""block"": ""H"", ""computational_rank_supported"": true, ""relative_rank_floor"": 1e-10, ""sigma_1"": 61.54587747532096, ""sigma_r"": 61.54587747532096, ""sigma_r_over_sigma_1"": 1.0, ""supplied_rank"": 1}], ""stationarity_residual"": 5.6972898446929e-05, ""t"": 25, ""tangent_gram_condition_number"": 198.717095557209, ""tangent_gram_coordinate_dimension"": 222, ""tangent_gram_eigensolver_converged"": true, ""tangent_gram_eigensolver_status"": ""converged"", ""tangent_gram_largest_eigenvalue"": 31.202509179023153, ""tangent_gram_smallest_eigenvalue"": 0.15701975258610906, ""target_support_norm"": 0.018370935109990466, ""target_supported"": true}, {""converged"": true, ""kind"": ""time"", ""max_envelope_ratio"": 0.8249798592045624, ""n"": 50, ""numerical_rank_vector"": [1, 1, 1], ""part"": 1, ""rank_supported"": true, ""riesz_converged"": true, ""riesz_equation_residual"": 9.100981837948503e-09, ""riesz_solver"": ""cg"", ""riesz_target_rayleigh_quotient"": 0.7044102498273133, ""riesz_target_stable"": true, ""split_rank_singular_values"": [{""block"": ""A"", ""computational_rank_supported"": true, ""relative_rank_floor"": 1e-10, ""sigma_1"": 17.27698626841414, ""sigma_r"": 17.27698626841414, ""sigma_r_over_sigma_1"": 1.0, ""supplied_rank"": 1}, {""block"": ""B"", ""computational_rank_supported"": true, ""relative_rank_floor"": 1e-10, ""sigma_1"": 35.92575817965193, ""sigma_r"": 35.92575817965193, ""sigma_r_over_sigma_1"": 1.0, ""supplied_rank"": 1}, {""block"": ""H"", ""computational_rank_supported"": true, ""relative_rank_floor"": 1e-10, ""sigma_1"": 65.26691867137882, ""sigma_r"": 65.26691867137882, ""sigma_r_over_sigma_1"": 1.0, ""supplied_rank"": 1}], ""stationarity_residual"": 5.190826316390806e-05, ""t"": 25, ""tangent_gram_condition_number"": 153.30747644027068, ""tangent_gram_coordinate_dimension"": 222, ""tangent_gram_eigensolver_converged"": true, ""tangent_gram_eigensolver_status"": ""converged"", ""tangent_gram_largest_eigenvalue"": 34.29754602855294, ""tangent_gram_smallest_eigenvalue"": 0.22371737390064877, ""target_support_norm"": 0.01896919119083591, ""target_supported"": true}, {""converged"": true, ""kind"": ""unit"", ""max_envelope_ratio"": 1.0070494323700017, ""n"": 26, ""numerical_rank_vector"": [1, 1, 1], ""part"": 0, ""rank_supported"": true, ""riesz_converged"": true, ""riesz_equation_residual"": 6.150572167515793e-09, ""riesz_solver"": ""cg"", ""riesz_target_rayleigh_quotient"": 0.7361330325306638, ""riesz_target_stable"": true, ""split_rank_singular_values"": [{""block"": ""A"", ""computational_rank_supported"": true, ""relative_rank_floor"": 1e-10, ""sigma_1"": 19.959514033612745, ""sigma_r"": 19.959514033612745, ""sigma_r_over_sigma_1"": 1.0, ""supplied_rank"": 1}, {""block"": ""B"", ""computational_rank_supported"": true, ""relative_rank_floor"": 1e-10, ""sigma_1"": 32.59433206601984, ""sigma_r"": 32.59433206601984, ""sigma_r_over_sigma_1"": 1.0, ""supplied_rank"": 1}, {""block"": ""H"", ""computational_rank_supported"": true, ""relative_rank_floor"": 1e-10, ""sigma_1"": 67.3806531203963, ""sigma_r"": 67.3806531203963, ""sigma_r_over_sigma_1"": 1.0, ""supplied_rank"": 1}], ""stationarity_residual"": 4.1815052120912104e-05, ""t"": 50, ""tangent_gram_condition_number"": 288.13723827812856, ""tangent_gram_coordinate_dimension"": 225, ""tangent_gram_eigensolver_converged"": true, ""tangent_gram_eigensolver_status"": ""converged"", ""tangent_gram_largest_eigenvalue"": 34.20209926357293, ""tangent_gram_smallest_eigenvalue"": 0.11870072562630336, ""target_support_norm"": 0.01826893382432491, ""target_supported"": true}, {""converged"": true, ""kind"": ""unit"", ""max_envelope_ratio"": 0.6471512809397484, ""n"": 24, ""numerical_rank_vector"": [1, 1, 1], ""part"": 1, ""rank_supported"": true, ""riesz_converged"": true, ""riesz_equation_residual"": 7.0207924257336605e-09, ""riesz_solver"": ""cg"", ""riesz_target_rayleigh_quotient"": 0.618344678261536, ""riesz_target_stable"": true, ""split_rank_singular_values"": [{""block"": ""A"", ""computational_rank_supported"": true, ""relative_rank_floor"": 1e-10, ""sigma_1"": 19.03564190665926, ""sigma_r"": 19.03564190665926, ""sigma_r_over_sigma_1"": 1.0, ""supplied_rank"": 1}, {""block"": ""B"", ""computational_rank_supported"": true, ""relative_rank_floor"": 1e-10, ""sigma_1"": 34.037152873311804, ""sigma_r"": 34.037152873311804, ""sigma_r_over_sigma_1"": 1.0, ""supplied_rank"": 1}, {""block"": ""H"", ""computational_rank_supported"": true, ""relative_rank_floor"": 1e-10, ""sigma_1"": 62.73484644332059, ""sigma_r"": 62.73484644332059, ""sigma_r_over_sigma_1"": 1.0, ""supplied_rank"": 1}], ""stationarity_residual"": 3.856346928582328e-05, ""t"": 50, ""tangent_gram_condition_number"": 230.42831961111506, ""tangent_gram_coordinate_dimension"": 219, ""tangent_gram_eigensolver_converged"": true, ""tangent_gram_eigensolver_status"": ""converged"", ""tangent_gram_largest_eigenvalue"": 33.66089319957552, ""tangent_gram_smallest_eigenvalue"": 0.14607967135456137, ""target_support_norm"": 0.01800019888103185, ""target_supported"": true}]","[[0, 1, 2, 3, 5, 7, 8, 12, 14, 16, 17, 18, 19, 20, 23, 24, 28, 31, 32, 33, 34, 39, 43, 45, 46], [4, 6, 9, 10, 11, 13, 15, 21, 22, 25, 26, 27, 29, 30, 35, 36, 37, 38, 40, 41, 42, 44, 47, 48, 49]]","[[0, 1, 5, 6, 7, 8, 9, 12, 15, 16, 17, 19, 23, 26, 28, 29, 30, 31, 33, 36, 39, 40, 41, 43, 44, 46], [2, 3, 4, 10, 11, 13, 14, 18, 20, 21, 22, 24, 25, 27, 32, 34, 35, 37, 38, 42, 45, 47, 48, 49]]",False,False,False,True,"[1, 1, 1]",,"[1, 1, 1]",,,,,,,,null,,1.7023249187217433,11.0,3.516179926153263e-05,0.8449082306958577,94.0,9.104912337271653e-09,0.8225906119001284,0.026959263335660046,297.0,0.17450733120135495,31.556824440200856,180.83380350243897,True,converged,3.3186882343557976e-05,False,8.0,1.0,0.07668909998028539,0.09399550000671297,1.0625911999959499,"[20260810, 4011364011, 2004296267, 1499620634, 1499620634, 2235565902, 1387497986, 1337576661]",b867e9855af0a3ac,610c7358dde2c1b141abb0f783ec54c402df554b,0.9887668640152736,0.6539199811210448,1.979277799327586,0.8596566399365806,0.8355695245216872,0.49929825294563995,0.595202265090137,0.24115979600535511,0.8355695245216872,0.06088478957492023,1.5140779803325983,0.8999999999999999,1.1,0.8,1.2,0.85,1.9596152422706632,6.72532448795568,6.72532448795568,0.8355695245216872,1.5140779803325983,5.417397231347592,5.417397231347592,9.0,1.0,2.27467551204432,True,7e7c359168029c70c974fc18a2ba61cb7b7c0ddec4ad56d28d885a6e417117d3,theorem_covered,True,0.028284271247461912,0.028001250240600278,0.9899936963414947,,,0.4453291829086578,0.5617754299133683,0.11644624700471046,0.4415670034296543,0.5570295024616254,0.11546249903197109,0.4455472024394742,0.6741894378982797,0.22864223545880547,0.4736662078264359,0.7167383223538379,0.24307211452740202,0.1177691640391701,0.1167742399488293,,False
replication,b867e9855af0a3ac,4,50,50,3,fixed_rank,success,success,True,True,False,True,False,False,"[1, 1, 1]",,,,,7,dgp4_N50_T50_r00003_truth1-1-1,7e7c359168029c70c974fc18a2ba61cb7b7c0ddec4ad56d28d885a6e417117d3,1.9656743999803439,,,A_G2_time_average,target,split_fit_failure,[],dgp4_N50_T50_r00003_truth1-1-1,split_fit_not_converged,"[1, 1, 1]",0.5570295024616254,0.4552134941331546,0.03225547395372207,0.001040415599979243,0.4670698663984109,0.01858010169057117,0.0003452201788319657,-0.0899596360632145,0.4552134941331546,0.03225547395372207,0.001040415599979243,-0.10181600832847082,0.4670698663984109,0.46313607344444485,0.48286003161763325,4.0,4.0,0.21392999999807216,"[{""converged"": true, ""kind"": ""time"", ""max_envelope_ratio"": 0.8489878425433051, ""n"": 50, ""numerical_rank_vector"": [1, 1, 1], ""part"": 0, ""rank_supported"": true, ""riesz_converged"": true, ""riesz_equation_residual"": 8.921947710309308e-09, ""riesz_solver"": ""cg"", ""riesz_target_rayleigh_quotient"": 0.5912247415518442, ""riesz_target_stable"": true, ""split_rank_singular_values"": [{""block"": ""A"", ""computational_rank_supported"": true, ""relative_rank_floor"": 1e-10, ""sigma_1"": 19.38792775410258, ""sigma_r"": 19.38792775410258, ""sigma_r_over_sigma_1"": 1.0, ""supplied_rank"": 1}, {""block"": ""B"", ""computational_rank_supported"": true, ""relative_rank_floor"": 1e-10, ""sigma_1"": 27.85430502247958, ""sigma_r"": 27.85430502247958, ""sigma_r_over_sigma_1"": 1.0, ""supplied_rank"": 1}, {""block"": ""H"", ""computational_rank_supported"": true, ""relative_rank_floor"": 1e-10, ""sigma_1"": 61.54587747532096, ""sigma_r"": 61.54587747532096, ""sigma_r_over_sigma_1"": 1.0, ""supplied_rank"": 1}], ""stationarity_residual"": 5.6972898446929e-05, ""t"": 25, ""tangent_gram_condition_number"": 198.717095557209, ""tangent_gram_coordinate_dimension"": 222, ""tangent_gram_eigensolver_converged"": true, ""tangent_gram_eigensolver_status"": ""converged"", ""tangent_gram_largest_eigenvalue"": 31.202509179023153, ""tangent_gram_smallest_eigenvalue"": 0.15701975258610906, ""target_support_norm"": 0.018675140230995722, ""target_supported"": true}, {""converged"": true, ""kind"": ""time"", ""max_envelope_ratio"": 0.8249798592045624, ""n"": 50, ""numerical_rank_vector"": [1, 1, 1], ""part"": 1, ""rank_supported"": true, ""riesz_converged"": true, ""riesz_equation_residual"": 7.744338567743842e-09, ""riesz_solver"": ""cg"", ""riesz_target_rayleigh_quotient"": 0.7472215397269585, ""riesz_target_stable"": true, ""split_rank_singular_values"": [{""block"": ""A"", ""computational_rank_supported"": true, ""relative_rank_floor"": 1e-10, ""sigma_1"": 17.27698626841414, ""sigma_r"": 17.27698626841414, ""sigma_r_over_sigma_1"": 1.0, ""supplied_rank"": 1}, {""block"": ""B"", ""computational_rank_supported"": true, ""relative_rank_floor"": 1e-10, ""sigma_1"": 35.92575817965193, ""sigma_r"": 35.92575817965193, ""sigma_r_over_sigma_1"": 1.0, ""supplied_rank"": 1}, {""block"": ""H"", ""computational_rank_supported"": true, ""relative_rank_floor"": 1e-10, ""sigma_1"": 65.26691867137882, ""sigma_r"": 65.26691867137882, ""sigma_r_over_sigma_1"": 1.0, ""supplied_rank"": 1}], ""stationarity_residual"": 5.190826316390806e-05, ""t"": 25, ""tangent_gram_condition_number"": 153.30747644027068, ""tangent_gram_coordinate_dimension"": 222, ""tangent_gram_eigensolver_converged"": true, ""tangent_gram_eigensolver_status"": ""converged"", ""tangent_gram_largest_eigenvalue"": 34.29754602855294, ""tangent_gram_smallest_eigenvalue"": 0.22371737390064877, ""target_support_norm"": 0.019244423871033787, ""target_supported"": true}, {""converged"": true, ""kind"": ""unit"", ""max_envelope_ratio"": 1.0070494323700017, ""n"": 26, ""numerical_rank_vector"": [1, 1, 1], ""part"": 0, ""rank_supported"": true, ""riesz_converged"": true, ""riesz_equation_residual"": 7.2662321068129365e-09, ""riesz_solver"": ""cg"", ""riesz_target_rayleigh_quotient"": 0.5605335344856117, ""riesz_target_stable"": true, ""split_rank_singular_values"": [{""block"": ""A"", ""computational_rank_supported"": true, ""relative_rank_floor"": 1e-10, ""sigma_1"": 19.959514033612745, ""sigma_r"": 19.959514033612745, ""sigma_r_over_sigma_1"": 1.0, ""supplied_rank"": 1}, {""block"": ""B"", ""computational_rank_supported"": true, ""relative_rank_floor"": 1e-10, ""sigma_1"": 32.59433206601984, ""sigma_r"": 32.59433206601984, ""sigma_r_over_sigma_1"": 1.0, ""supplied_rank"": 1}, {""block"": ""H"", ""computational_rank_supported"": true, ""relative_rank_floor"": 1e-10, ""sigma_1"": 67.3806531203963, ""sigma_r"": 67.3806531203963, ""sigma_r_over_sigma_1"": 1.0, ""supplied_rank"": 1}], ""stationarity_residual"": 4.1815052120912104e-05, ""t"": 50, ""tangent_gram_condition_number"": 288.13723827812856, ""tangent_gram_coordinate_dimension"": 225, ""tangent_gram_eigensolver_converged"": true, ""tangent_gram_eigensolver_status"": ""converged"", ""tangent_gram_largest_eigenvalue"": 34.20209926357293, ""tangent_gram_smallest_eigenvalue"": 0.11870072562630336, ""target_support_norm"": 0.01887925913218597, ""target_supported"": true}, {""converged"": true, ""kind"": ""unit"", ""max_envelope_ratio"": 0.6471512809397484, ""n"": 24, ""numerical_rank_vector"": [1, 1, 1], ""part"": 1, ""rank_supported"": true, ""riesz_converged"": true, ""riesz_equation_residual"": 6.51111906563035e-09, ""riesz_solver"": ""cg"", ""riesz_target_rayleigh_quotient"": 0.7286837424840292, ""riesz_target_stable"": true, ""split_rank_singular_values"": [{""block"": ""A"", ""computational_rank_supported"": true, ""relative_rank_floor"": 1e-10, ""sigma_1"": 19.03564190665926, ""sigma_r"": 19.03564190665926, ""sigma_r_over_sigma_1"": 1.0, ""supplied_rank"": 1}, {""block"": ""B"", ""computational_rank_supported"": true, ""relative_rank_floor"": 1e-10, ""sigma_1"": 34.037152873311804, ""sigma_r"": 34.037152873311804, ""sigma_r_over_sigma_1"": 1.0, ""supplied_rank"": 1}, {""block"": ""H"", ""computational_rank_supported"": true, ""relative_rank_floor"": 1e-10, ""sigma_1"": 62.73484644332059, ""sigma_r"": 62.73484644332059, ""sigma_r_over_sigma_1"": 1.0, ""supplied_rank"": 1}], ""stationarity_residual"": 3.856346928582328e-05, ""t"": 50, ""tangent_gram_condition_number"": 230.42831961111506, ""tangent_gram_coordinate_dimension"": 219, ""tangent_gram_eigensolver_converged"": true, ""tangent_gram_eigensolver_status"": ""converged"", ""tangent_gram_largest_eigenvalue"": 33.66089319957552, ""tangent_gram_smallest_eigenvalue"": 0.14607967135456137, ""target_support_norm"": 0.018371123251708397, ""target_supported"": true}]","[[0, 1, 2, 3, 5, 7, 8, 12, 14, 16, 17, 18, 19, 20, 23, 24, 28, 31, 32, 33, 34, 39, 43, 45, 46], [4, 6, 9, 10, 11, 13, 15, 21, 22, 25, 26, 27, 29, 30, 35, 36, 37, 38, 40, 41, 42, 44, 47, 48, 49]]","[[0, 1, 5, 6, 7, 8, 9, 12, 15, 16, 17, 19, 23, 26, 28, 29, 30, 31, 33, 36, 39, 40, 41, 43, 44, 46], [2, 3, 4, 10, 11, 13, 14, 18, 20, 21, 22, 24, 25, 27, 32, 34, 35, 37, 38, 42, 45, 47, 48, 49]]",False,False,False,True,"[1, 1, 1]",,"[1, 1, 1]",,,,,,,,null,,1.7023249187217433,11.0,3.516179926153263e-05,0.8449082306958577,96.0,5.73067005310076e-09,0.7551902935117584,0.027190159098679303,297.0,0.17450733120135495,31.556824440200856,180.83380350243897,True,converged,0.00017986742584783747,False,8.0,1.0,0.07668909998028539,0.11311599999316968,1.2187439999834169,"[20260810, 4011364011, 2004296267, 1499620634, 1499620634, 2235565902, 1387497986, 1337576661]",b867e9855af0a3ac,610c7358dde2c1b141abb0f783ec54c402df554b,0.9887668640152736,0.6539199811210448,1.979277799327586,0.8596566399365806,0.8355695245216872,0.49929825294563995,0.595202265090137,0.24115979600535511,0.8355695245216872,0.06088478957492023,1.5140779803325983,0.8999999999999999,1.1,0.8,1.2,0.85,1.9596152422706632,6.72532448795568,6.72532448795568,0.8355695245216872,1.5140779803325983,5.417397231347592,5.417397231347592,9.0,1.0,2.27467551204432,True,7e7c359168029c70c974fc18a2ba61cb7b7c0ddec4ad56d28d885a6e417117d3,theorem_covered,True,0.028284271247461912,0.02810577358316128,0.9936891545573532,,,0.4453291829086578,0.5617754299133683,0.11644624700471046,0.4415670034296543,0.5570295024616254,0.11546249903197109,0.4455472024394742,0.6741894378982797,0.22864223545880547,0.4736662078264359,0.7167383223538379,0.24307211452740202,0.1177691640391701,0.1167742399488293,,False
replication,b867e9855af0a3ac,4,50,50,3,fixed_rank,success,success,True,True,False,True,False,False,"[1, 1, 1]",,,,,7,dgp4_N50_T50_r00003_truth1-1-1,7e7c359168029c70c974fc18a2ba61cb7b7c0ddec4ad56d28d885a6e417117d3,1.9656743999803439,,,A_G2_minus_G1_time_average,target,split_fit_failure,[],dgp4_N50_T50_r00003_truth1-1-1,split_fit_not_converged,"[1, 1, 1]",0.11546249903197105,-0.00279061747734477,0.044004210318385105,0.0019363705257446702,0.047668511222729526,0.02551861344769258,0.0006511996322927565,-0.06779398780924152,-0.00279061747734477,0.044004210318385105,0.0019363705257446702,-0.11825311650931582,0.047668511222729526,0.07102134637491606,0.07477480477061729,4.0,4.0,0.21392999999807216,"[{""converged"": true, ""kind"": ""time"", ""max_envelope_ratio"": 0.8489878425433051, ""n"": 50, ""numerical_rank_vector"": [1, 1, 1], ""part"": 0, ""rank_supported"": true, ""riesz_converged"": true, ""riesz_equation_residual"": 8.757009820280601e-09, ""riesz_solver"": ""cg"", ""riesz_target_rayleigh_quotient"": 2.384694482531653, ""riesz_target_stable"": true, ""split_rank_singular_values"": [{""block"": ""A"", ""computational_rank_supported"": true, ""relative_rank_floor"": 1e-10, ""sigma_1"": 19.38792775410258, ""sigma_r"": 19.38792775410258, ""sigma_r_over_sigma_1"": 1.0, ""supplied_rank"": 1}, {""block"": ""B"", ""computational_rank_supported"": true, ""relative_rank_floor"": 1e-10, ""sigma_1"": 27.85430502247958, ""sigma_r"": 27.85430502247958, ""sigma_r_over_sigma_1"": 1.0, ""supplied_rank"": 1}, {""block"": ""H"", ""computational_rank_supported"": true, ""relative_rank_floor"": 1e-10, ""sigma_1"": 61.54587747532096, ""sigma_r"": 61.54587747532096, ""sigma_r_over_sigma_1"": 1.0, ""supplied_rank"": 1}], ""stationarity_residual"": 5.6972898446929e-05, ""t"": 25, ""tangent_gram_condition_number"": 198.717095557209, ""tangent_gram_coordinate_dimension"": 222, ""tangent_gram_eigensolver_converged"": true, ""tangent_gram_eigensolver_status"": ""converged"", ""tangent_gram_largest_eigenvalue"": 31.202509179023153, ""tangent_gram_smallest_eigenvalue"": 0.15701975258610906, ""target_support_norm"": 0.02439081799466181, ""target_supported"": true}, {""converged"": true, ""kind"": ""time"", ""max_envelope_ratio"": 0.8249798592045624, ""n"": 50, ""numerical_rank_vector"": [1, 1, 1], ""part"": 1, ""rank_supported"": true, ""riesz_converged"": true, ""riesz_equation_residual"": 8.238552010678748e-09, ""riesz_solver"": ""cg"", ""riesz_target_rayleigh_quotient"": 2.0120009482993297, ""riesz_target_stable"": true, ""split_rank_singular_values"": [{""block"": ""A"", ""computational_rank_supported"": true, ""relative_rank_floor"": 1e-10, ""sigma_1"": 17.27698626841414, ""sigma_r"": 17.27698626841414, ""sigma_r_over_sigma_1"": 1.0, ""supplied_rank"": 1}, {""block"": ""B"", ""computational_rank_supported"": true, ""relative_rank_floor"": 1e-10, ""sigma_1"": 35.92575817965193, ""sigma_r"": 35.92575817965193, ""sigma_r_over_sigma_1"": 1.0, ""supplied_rank"": 1}, {""block"": ""H"", ""computational_rank_supported"": true, ""relative_rank_floor"": 1e-10, ""sigma_1"": 65.26691867137882, ""sigma_r"": 65.26691867137882, ""sigma_r_over_sigma_1"": 1.0, ""supplied_rank"": 1}], ""stationarity_residual"": 5.190826316390806e-05, ""t"": 25, ""tangent_gram_condition_number"": 153.30747644027068, ""tangent_gram_coordinate_dimension"": 222, ""tangent_gram_eigensolver_converged"": true, ""tangent_gram_eigensolver_status"": ""converged"", ""tangent_gram_largest_eigenvalue"": 34.29754602855294, ""tangent_gram_smallest_eigenvalue"": 0.22371737390064877, ""target_support_norm"": 0.026103576181457873, ""target_supported"": true}, {""converged"": true, ""kind"": ""unit"", ""max_envelope_ratio"": 1.0070494323700017, ""n"": 26, ""numerical_rank_vector"": [1, 1, 1], ""part"": 0, ""rank_supported"": true, ""riesz_converged"": true, ""riesz_equation_residual"": 9.351186697721887e-09, ""riesz_solver"": ""cg"", ""riesz_target_rayleigh_quotient"": 2.0608856100044575, ""riesz_target_stable"": true, ""split_rank_singular_values"": [{""block"": ""A"", ""computational_rank_supported"": true, ""relative_rank_floor"": 1e-10, ""sigma_1"": 19.959514033612745, ""sigma_r"": 19.959514033612745, ""sigma_r_over_sigma_1"": 1.0, ""supplied_rank"": 1}, {""block"": ""B"", ""computational_rank_supported"": true, ""relative_rank_floor"": 1e-10, ""sigma_1"": 32.59433206601984, ""sigma_r"": 32.59433206601984, ""sigma_r_over_sigma_1"": 1.0, ""supplied_rank"": 1}, {""block"": ""H"", ""computational_rank_supported"": true, ""relative_rank_floor"": 1e-10, ""sigma_1"": 67.3806531203963, ""sigma_r"": 67.3806531203963, ""sigma_r_over_sigma_1"": 1.0, ""supplied_rank"": 1}], ""stationarity_residual"": 4.1815052120912104e-05, ""t"": 50, ""tangent_gram_condition_number"": 288.13723827812856, ""tangent_gram_coordinate_dimension"": 225, ""tangent_gram_eigensolver_converged"": true, ""tangent_gram_eigensolver_status"": ""converged"", ""tangent_gram_largest_eigenvalue"": 34.20209926357293, ""tangent_gram_smallest_eigenvalue"": 0.11870072562630336, ""target_support_norm"": 0.02381075379376329, ""target_supported"": true}, {""converged"": true, ""kind"": ""unit"", ""max_envelope_ratio"": 0.6471512809397484, ""n"": 24, ""numerical_rank_vector"": [1, 1, 1], ""part"": 1, ""rank_supported"": true, ""riesz_converged"": true, ""riesz_equation_residual"": 6.184553293791517e-09, ""riesz_solver"": ""cg"", ""riesz_target_rayleigh_quotient"": 2.4647361195053565, ""riesz_target_stable"": true, ""split_rank_singular_values"": [{""block"": ""A"", ""computational_rank_supported"": true, ""relative_rank_floor"": 1e-10, ""sigma_1"": 19.03564190665926, ""sigma_r"": 19.03564190665926, ""sigma_r_over_sigma_1"": 1.0, ""supplied_rank"": 1}, {""block"": ""B"", ""computational_rank_supported"": true, ""relative_rank_floor"": 1e-10, ""sigma_1"": 34.037152873311804, ""sigma_r"": 34.037152873311804, ""sigma_r_over_sigma_1"": 1.0, ""supplied_rank"": 1}, {""block"": ""H"", ""computational_rank_supported"": true, ""relative_rank_floor"": 1e-10, ""sigma_1"": 62.73484644332059, ""sigma_r"": 62.73484644332059, ""sigma_r_over_sigma_1"": 1.0, ""supplied_rank"": 1}], ""stationarity_residual"": 3.856346928582328e-05, ""t"": 50, ""tangent_gram_condition_number"": 230.42831961111506, ""tangent_gram_coordinate_dimension"": 219, ""tangent_gram_eigensolver_converged"": true, ""tangent_gram_eigensolver_status"": ""converged"", ""tangent_gram_largest_eigenvalue"": 33.66089319957552, ""tangent_gram_smallest_eigenvalue"": 0.14607967135456137, ""target_support_norm"": 0.023948233254407956, ""target_supported"": true}]","[[0, 1, 2, 3, 5, 7, 8, 12, 14, 16, 17, 18, 19, 20, 23, 24, 28, 31, 32, 33, 34, 39, 43, 45, 46], [4, 6, 9, 10, 11, 13, 15, 21, 22, 25, 26, 27, 29, 30, 35, 36, 37, 38, 40, 41, 42, 44, 47, 48, 49]]","[[0, 1, 5, 6, 7, 8, 9, 12, 15, 16, 17, 19, 23, 26, 28, 29, 30, 31, 33, 36, 39, 40, 41, 43, 44, 46], [2, 3, 4, 10, 11, 13, 14, 18, 20, 21, 22, 24, 25, 27, 32, 34, 35, 37, 38, 42, 45, 47, 48, 49]]",False,False,False,True,"[1, 1, 1]",,"[1, 1, 1]",,,,,,,,null,,1.7023249187217433,11.0,3.516179926153263e-05,0.8449082306958577,89.0,9.56278348270923e-09,2.7857201080622294,0.036744897173637485,297.0,0.17450733120135495,31.556824440200856,180.83380350243897,True,converged,0.0001766856445187064,False,8.0,1.0,0.07668909998028539,0.1098976000212133,1.400039400003152,"[20260810, 4011364011, 2004296267, 1499620634, 1499620634, 2235565902, 1387497986, 1337576661]",b867e9855af0a3ac,610c7358dde2c1b141abb0f783ec54c402df554b,0.9887668640152736,0.6539199811210448,1.979277799327586,0.8596566399365806,0.8355695245216872,0.49929825294563995,0.595202265090137,0.24115979600535511,0.8355695245216872,0.06088478957492023,1.5140779803325983,0.8999999999999999,1.1,0.8,1.2,0.85,1.9596152422706632,6.72532448795568,6.72532448795568,0.8355695245216872,1.5140779803325983,5.417397231347592,5.417397231347592,9.0,1.0,2.27467551204432,True,7e7c359168029c70c974fc18a2ba61cb7b7c0ddec4ad56d28d885a6e417117d3,theorem_covered,True,0.03999999999999994,0.039357128233011726,0.9839282058252947,,,0.4453291829086578,0.5617754299133683,0.11644624700471046,0.4415670034296543,0.5570295024616254,0.11546249903197109,0.4455472024394742,0.6741894378982797,0.22864223545880547,0.4736662078264359,0.7167383223538379,0.24307211452740202,0.1177691640391701,0.1167742399488293,,False
replication,b867e9855af0a3ac,4,50,50,3,fixed_rank,success,success,True,True,True,True,True,True,"[1, 1, 1]",,,,,7,dgp4_N50_T50_r00003_truth1-1-1,7e7c359168029c70c974fc18a2ba61cb7b7c0ddec4ad56d28d885a6e417117d3,1.9656743999803439,,,B_G1_fixed_time,target,success,[],dgp4_N50_T50_r00003_truth1-1-1,success,"[1, 1, 1]",0.44554720243947415,0.5612892920627897,0.14854421001670312,0.0220653823294864,0.5612892920627897,0.14854421001670312,0.0220653823294864,0.1157420896233155,0.5612892920627897,0.14854421001670312,0.0220653823294864,0.1157420896233155,0.5612892920627897,,,0.0,4.0,0.21392999999807216,[],null,null,False,True,True,False,"[1, 1, 1]",,"[1, 1, 1]",,,,,,,,null,,1.7023249187217433,11.0,3.516179926153263e-05,0.8449082306958577,93.0,9.852215112069245e-09,0.8499589674667373,0.10421810984465651,297.0,0.17450733120135495,31.556824440200856,180.83380350243897,True,converged,0.00010957708989045147,False,8.0,1.0,0.07668909998028539,0.021377099998062477,1.4873940999968909,"[20260810, 4011364011, 2004296267, 1499620634, 1499620634, 2235565902, 1387497986, 1337576661]",b867e9855af0a3ac,610c7358dde2c1b141abb0f783ec54c402df554b,0.9887668640152736,0.6539199811210448,1.979277799327586,0.8596566399365806,0.8355695245216872,0.49929825294563995,0.595202265090137,0.24115979600535511,0.8355695245216872,0.06088478957492023,1.5140779803325983,0.8999999999999999,1.1,0.8,1.2,0.85,1.9596152422706632,6.72532448795568,6.72532448795568,0.8355695245216872,1.5140779803325983,5.417397231347592,5.417397231347592,9.0,1.0,2.27467551204432,True,7e7c359168029c70c974fc18a2ba61cb7b7c0ddec4ad56d28d885a6e417117d3,theorem_covered,True,0.2,0.10926775220500125,0.5463387610250062,,,0.4453291829086578,0.5617754299133683,0.11644624700471046,0.4415670034296543,0.5570295024616254,0.11546249903197109,0.4455472024394742,0.6741894378982797,0.22864223545880547,0.4736662078264359,0.7167383223538379,0.24307211452740202,0.1177691640391701,0.1167742399488293,,False
replication,b867e9855af0a3ac,4,50,50,3,fixed_rank,success,success,True,True,True,True,True,True,"[1, 1, 1]",,,,,7,dgp4_N50_T50_r00003_truth1-1-1,7e7c359168029c70c974fc18a2ba61cb7b7c0ddec4ad56d28d885a6e417117d3,1.9656743999803439,,,B_G2_fixed_time,target,success,[],dgp4_N50_T50_r00003_truth1-1-1,success,"[1, 1, 1]",0.6741894378982796,0.8145264139144667,0.20338304081315353,0.04136466129040487,0.8145264139144667,0.20338304081315353,0.04136466129040487,0.1403369760161871,0.8145264139144667,0.20338304081315353,0.04136466129040487,0.1403369760161871,0.8145264139144667,,,0.0,4.0,0.21392999999807216,[],null,null,False,True,True,False,"[1, 1, 1]",,"[1, 1, 1]",,,,,,,,null,,1.7023249187217433,11.0,3.516179926153263e-05,0.8449082306958577,91.0,9.87847611624399e-09,0.8782696457024802,0.14873250329083668,297.0,0.17450733120135495,31.556824440200856,180.83380350243897,True,converged,0.00011458496731831606,False,8.0,1.0,0.07668909998028539,0.019121000019367784,1.6500472000043374,"[20260810, 4011364011, 2004296267, 1499620634, 1499620634, 2235565902, 1387497986, 1337576661]",b867e9855af0a3ac,610c7358dde2c1b141abb0f783ec54c402df554b,0.9887668640152736,0.6539199811210448,1.979277799327586,0.8596566399365806,0.8355695245216872,0.49929825294563995,0.595202265090137,0.24115979600535511,0.8355695245216872,0.06088478957492023,1.5140779803325983,0.8999999999999999,1.1,0.8,1.2,0.85,1.9596152422706632,6.72532448795568,6.72532448795568,0.8355695245216872,1.5140779803325983,5.417397231347592,5.417397231347592,9.0,1.0,2.27467551204432,True,7e7c359168029c70c974fc18a2ba61cb7b7c0ddec4ad56d28d885a6e417117d3,theorem_covered,True,0.2,0.16283812695881061,0.8141906347940531,,,0.4453291829086578,0.5617754299133683,0.11644624700471046,0.4415670034296543,0.5570295024616254,0.11546249903197109,0.4455472024394742,0.6741894378982797,0.22864223545880547,0.4736662078264359,0.7167383223538379,0.24307211452740202,0.1177691640391701,0.1167742399488293,,False
replication,b867e9855af0a3ac,4,50,50,3,fixed_rank,success,success,True,True,True,True,True,True,"[1, 1, 1]",,,,,7,dgp4_N50_T50_r00003_truth1-1-1,7e7c359168029c70c974fc18a2ba61cb7b7c0ddec4ad56d28d885a6e417117d3,1.9656743999803439,,,B_G2_minus_G1_fixed_time,target,success,[],dgp4_N50_T50_r00003_truth1-1-1,success,"[1, 1, 1]",0.22864223545880544,0.253237121851677,0.08773584359357502,0.007697578251076259,0.253237121851677,0.08773584359357502,0.007697578251076259,0.02459488639287158,0.253237121851677,0.08773584359357502,0.007697578251076259,0.02459488639287158,0.253237121851677,,,0.0,4.0,0.21392999999807216,[],null,null,False,True,True,False,"[1, 1, 1]",,"[1, 1, 1]",,,,,,,,null,,1.7023249187217433,11.0,3.516179926153263e-05,0.8449082306958577,95.0,8.290039074012577e-09,0.8048523388442554,0.05858231040425248,297.0,0.17450733120135495,31.556824440200856,180.83380350243897,True,converged,9.463848799633186e-05,False,8.0,1.0,0.07668909998028539,0.016590399987762794,1.6984825999825262,"[20260810, 4011364011, 2004296267, 1499620634, 1499620634, 2235565902, 1387497986, 1337576661]",b867e9855af0a3ac,610c7358dde2c1b141abb0f783ec54c402df554b,0.9887668640152736,0.6539199811210448,1.979277799327586,0.8596566399365806,0.8355695245216872,0.49929825294563995,0.595202265090137,0.24115979600535511,0.8355695245216872,0.06088478957492023,1.5140779803325983,0.8999999999999999,1.1,0.8,1.2,0.85,1.9596152422706632,6.72532448795568,6.72532448795568,0.8355695245216872,1.5140779803325983,5.417397231347592,5.417397231347592,9.0,1.0,2.27467551204432,True,7e7c359168029c70c974fc18a2ba61cb7b7c0ddec4ad56d28d885a6e417117d3,theorem_covered,True,0.28284271247461906,0.06519354860962485,0.2304940015574027,,,0.4453291829086578,0.5617754299133683,0.11644624700471046,0.4415670034296543,0.5570295024616254,0.11546249903197109,0.4455472024394742,0.6741894378982797,0.22864223545880547,0.4736662078264359,0.7167383223538379,0.24307211452740202,0.1177691640391701,0.1167742399488293,,False
replication,b867e9855af0a3ac,4,50,50,3,fixed_rank,success,success,True,True,False,True,False,False,"[1, 1, 1]",,,,,7,dgp4_N50_T50_r00003_truth1-1-1,7e7c359168029c70c974fc18a2ba61cb7b7c0ddec4ad56d28d885a6e417117d3,1.9656743999803439,,,B_G1_time_average,target,split_fit_failure,[],dgp4_N50_T50_r00003_truth1-1-1,split_fit_not_converged,"[1, 1, 1]",0.473666207826436,0.4710803018663582,0.08024535737568603,0.006439317380351568,0.5059419573740612,0.04750022437610192,0.002256271315780027,0.03227574954762524,0.4710803018663582,0.08024535737568603,0.006439317380351568,-0.0025859059600777945,0.5059419573740612,0.5192389793704676,0.5275065908853578,4.0,4.0,0.21392999999807216,"[{""converged"": true, ""kind"": ""time"", ""max_envelope_ratio"": 0.8489878425433051, ""n"": 50, ""numerical_rank_vector"": [1, 1, 1], ""part"": 0, ""rank_supported"": true, ""riesz_converged"": true, ""riesz_equation_residual"": 7.358123321309048e-09, ""riesz_solver"": ""cg"", ""riesz_target_rayleigh_quotient"": 0.593811492314084, ""riesz_target_stable"": true, ""split_rank_singular_values"": [{""block"": ""A"", ""computational_rank_supported"": true, ""relative_rank_floor"": 1e-10, ""sigma_1"": 19.38792775410258, ""sigma_r"": 19.38792775410258, ""sigma_r_over_sigma_1"": 1.0, ""supplied_rank"": 1}, {""block"": ""B"", ""computational_rank_supported"": true, ""relative_rank_floor"": 1e-10, ""sigma_1"": 27.85430502247958, ""sigma_r"": 27.85430502247958, ""sigma_r_over_sigma_1"": 1.0, ""supplied_rank"": 1}, {""block"": ""H"", ""computational_rank_supported"": true, ""relative_rank_floor"": 1e-10, ""sigma_1"": 61.54587747532096, ""sigma_r"": 61.54587747532096, ""sigma_r_over_sigma_1"": 1.0, ""supplied_rank"": 1}], ""stationarity_residual"": 5.6972898446929e-05, ""t"": 25, ""tangent_gram_condition_number"": 198.717095557209, ""tangent_gram_coordinate_dimension"": 222, ""tangent_gram_eigensolver_converged"": true, ""tangent_gram_eigensolver_status"": ""converged"", ""tangent_gram_largest_eigenvalue"": 31.202509179023153, ""tangent_gram_smallest_eigenvalue"": 0.15701975258610906, ""target_support_norm"": 0.017962659793851407, ""target_supported"": true}, {""converged"": true, ""kind"": ""time"", ""max_envelope_ratio"": 0.8249798592045624, ""n"": 50, ""numerical_rank_vector"": [1, 1, 1], ""part"": 1, ""rank_supported"": true, ""riesz_converged"": true, ""riesz_equation_residual"": 9.970998848781187e-09, ""riesz_solver"": ""cg"", ""riesz_target_rayleigh_quotient"": 0.48701362604290216, ""riesz_target_stable"": true, ""split_rank_singular_values"": [{""block"": ""A"", ""computational_rank_supported"": true, ""relative_rank_floor"": 1e-10, ""sigma_1"": 17.27698626841414, ""sigma_r"": 17.27698626841414, ""sigma_r_over_sigma_1"": 1.0, ""supplied_rank"": 1}, {""block"": ""B"", ""computational_rank_supported"": true, ""relative_rank_floor"": 1e-10, ""sigma_1"": 35.92575817965193, ""sigma_r"": 35.92575817965193, ""sigma_r_over_sigma_1"": 1.0, ""supplied_rank"": 1}, {""block"": ""H"", ""computational_rank_supported"": true, ""relative_rank_floor"": 1e-10, ""sigma_1"": 65.26691867137882, ""sigma_r"": 65.26691867137882, ""sigma_r_over_sigma_1"": 1.0, ""supplied_rank"": 1}], ""stationarity_residual"": 5.190826316390806e-05, ""t"": 25, ""tangent_gram_condition_number"": 153.30747644027068, ""tangent_gram_coordinate_dimension"": 222, ""tangent_gram_eigensolver_converged"": true, ""tangent_gram_eigensolver_status"": ""converged"", ""tangent_gram_largest_eigenvalue"": 34.29754602855294, ""tangent_gram_smallest_eigenvalue"": 0.22371737390064877, ""target_support_norm"": 0.017187703508193566, ""target_supported"": true}, {""converged"": true, ""kind"": ""unit"", ""max_envelope_ratio"": 1.0070494323700017, ""n"": 26, ""numerical_rank_vector"": [1, 1, 1], ""part"": 0, ""rank_supported"": true, ""riesz_converged"": true, ""riesz_equation_residual"": 9.831115812518215e-09, ""riesz_solver"": ""cg"", ""riesz_target_rayleigh_quotient"": 0.5028727976813187, ""riesz_target_stable"": true, ""split_rank_singular_values"": [{""block"": ""A"", ""computational_rank_supported"": true, ""relative_rank_floor"": 1e-10, ""sigma_1"": 19.959514033612745, ""sigma_r"": 19.959514033612745, ""sigma_r_over_sigma_1"": 1.0, ""supplied_rank"": 1}, {""block"": ""B"", ""computational_rank_supported"": true, ""relative_rank_floor"": 1e-10, ""sigma_1"": 32.59433206601984, ""sigma_r"": 32.59433206601984, ""sigma_r_over_sigma_1"": 1.0, ""supplied_rank"": 1}, {""block"": ""H"", ""computational_rank_supported"": true, ""relative_rank_floor"": 1e-10, ""sigma_1"": 67.3806531203963, ""sigma_r"": 67.3806531203963, ""sigma_r_over_sigma_1"": 1.0, ""supplied_rank"": 1}], ""stationarity_residual"": 4.1815052120912104e-05, ""t"": 50, ""tangent_gram_condition_number"": 288.13723827812856, ""tangent_gram_coordinate_dimension"": 225, ""tangent_gram_eigensolver_converged"": true, ""tangent_gram_eigensolver_status"": ""converged"", ""tangent_gram_largest_eigenvalue"": 34.20209926357293, ""tangent_gram_smallest_eigenvalue"": 0.11870072562630336, ""target_support_norm"": 0.016872926484500665, ""target_supported"": true}, {""converged"": true, ""kind"": ""unit"", ""max_envelope_ratio"": 0.6471512809397484, ""n"": 24, ""numerical_rank_vector"": [1, 1, 1], ""part"": 1, ""rank_supported"": true, ""riesz_converged"": true, ""riesz_equation_residual"": 7.492870347041614e-09, ""riesz_solver"": ""cg"", ""riesz_target_rayleigh_quotient"": 0.6055240595497343, ""riesz_target_stable"": true, ""split_rank_singular_values"": [{""block"": ""A"", ""computational_rank_supported"": true, ""relative_rank_floor"": 1e-10, ""sigma_1"": 19.03564190665926, ""sigma_r"": 19.03564190665926, ""sigma_r_over_sigma_1"": 1.0, ""supplied_rank"": 1}, {""block"": ""B"", ""computational_rank_supported"": true, ""relative_rank_floor"": 1e-10, ""sigma_1"": 34.037152873311804, ""sigma_r"": 34.037152873311804, ""sigma_r_over_sigma_1"": 1.0, ""supplied_rank"": 1}, {""block"": ""H"", ""computational_rank_supported"": true, ""relative_rank_floor"": 1e-10, ""sigma_1"": 62.73484644332059, ""sigma_r"": 62.73484644332059, ""sigma_r_over_sigma_1"": 1.0, ""supplied_rank"": 1}], ""stationarity_residual"": 3.856346928582328e-05, ""t"": 50, ""tangent_gram_condition_number"": 230.42831961111506, ""tangent_gram_coordinate_dimension"": 219, ""tangent_gram_eigensolver_converged"": true, ""tangent_gram_eigensolver_status"": ""converged"", ""tangent_gram_largest_eigenvalue"": 33.66089319957552, ""tangent_gram_smallest_eigenvalue"": 0.14607967135456137, ""target_support_norm"": 0.01639788306450291, ""target_supported"": true}]","[[0, 1, 2, 3, 5, 7, 8, 12, 14, 16, 17, 18, 19, 20, 23, 24, 28, 31, 32, 33, 34, 39, 43, 45, 46], [4, 6, 9, 10, 11, 13, 15, 21, 22, 25, 26, 27, 29, 30, 35, 36, 37, 38, 40, 41, 42, 44, 47, 48, 49]]","[[0, 1, 5, 6, 7, 8, 9, 12, 15, 16, 17, 19, 23, 26, 28, 29, 30, 31, 33, 36, 39, 40, 41, 43, 44, 46], [2, 3, 4, 10, 11, 13, 14, 18, 20, 21, 22, 24, 25, 27, 32, 34, 35, 37, 38, 42, 45, 47, 48, 49]]",False,False,False,True,"[1, 1, 1]",,"[1, 1, 1]",,,,,,,,null,,1.7023249187217433,11.0,3.516179926153263e-05,0.8449082306958577,96.0,8.986203089309892e-09,0.6133041774909342,0.02482731657240777,297.0,0.17450733120135495,31.556824440200856,180.83380350243897,True,converged,5.165914901032222e-05,False,8.0,1.0,0.07668909998028539,0.06707229997846298,1.795133599982364,"[20260810, 4011364011, 2004296267, 1499620634, 1499620634, 2235565902, 1387497986, 1337576661]",b867e9855af0a3ac,610c7358dde2c1b141abb0f783ec54c402df554b,0.9887668640152736,0.6539199811210448,1.979277799327586,0.8596566399365806,0.8355695245216872,0.49929825294563995,0.595202265090137,0.24115979600535511,0.8355695245216872,0.06088478957492023,1.5140779803325983,0.8999999999999999,1.1,0.8,1.2,0.85,1.9596152422706632,6.72532448795568,6.72532448795568,0.8355695245216872,1.5140779803325983,5.417397231347592,5.417397231347592,9.0,1.0,2.27467551204432,True,7e7c359168029c70c974fc18a2ba61cb7b7c0ddec4ad56d28d885a6e417117d3,theorem_covered,True,0.028284271247461912,0.027254629714625358,0.963596674496998,,,0.4453291829086578,0.5617754299133683,0.11644624700471046,0.4415670034296543,0.5570295024616254,0.11546249903197109,0.4455472024394742,0.6741894378982797,0.22864223545880547,0.4736662078264359,0.7167383223538379,0.24307211452740202,0.1177691640391701,0.1167742399488293,,False
replication,b867e9855af0a3ac,4,50,50,3,fixed_rank,success,success,True,True,False,True,False,False,"[1, 1, 1]",,,,,7,dgp4_N50_T50_r00003_truth1-1-1,7e7c359168029c70c974fc18a2ba61cb7b7c0ddec4ad56d28d885a6e417117d3,1.9656743999803439,,,B_G2_time_average,target,split_fit_failure,[],dgp4_N50_T50_r00003_truth1-1-1,split_fit_not_converged,"[1, 1, 1]",0.716738322353838,0.7899969921527861,0.07354587106441744,0.005408995150623915,0.7342079993620462,0.04302314876931481,0.0018509913300265946,0.017469677008208118,0.7899969921527861,0.07354587106441744,0.005408995150623915,0.07325866979894802,0.7342079993620462,0.717361066621981,0.6952659393113716,4.0,4.0,0.21392999999807216,"[{""converged"": true, ""kind"": ""time"", ""max_envelope_ratio"": 0.8489878425433051, ""n"": 50, ""numerical_rank_vector"": [1, 1, 1], ""part"": 0, ""rank_supported"": true, ""riesz_converged"": true, ""riesz_equation_residual"": 8.844165519318803e-09, ""riesz_solver"": ""cg"", ""riesz_target_rayleigh_quotient"": 0.6246355649384226, ""riesz_target_stable"": true, ""split_rank_singular_values"": [{""block"": ""A"", ""computational_rank_supported"": true, ""relative_rank_floor"": 1e-10, ""sigma_1"": 19.38792775410258, ""sigma_r"": 19.38792775410258, ""sigma_r_over_sigma_1"": 1.0, ""supplied_rank"": 1}, {""block"": ""B"", ""computational_rank_supported"": true, ""relative_rank_floor"": 1e-10, ""sigma_1"": 27.85430502247958, ""sigma_r"": 27.85430502247958, ""sigma_r_over_sigma_1"": 1.0, ""supplied_rank"": 1}, {""block"": ""H"", ""computational_rank_supported"": true, ""relative_rank_floor"": 1e-10, ""sigma_1"": 61.54587747532096, ""sigma_r"": 61.54587747532096, ""sigma_r_over_sigma_1"": 1.0, ""supplied_rank"": 1}], ""stationarity_residual"": 5.6972898446929e-05, ""t"": 25, ""tangent_gram_condition_number"": 198.717095557209, ""tangent_gram_coordinate_dimension"": 222, ""tangent_gram_eigensolver_converged"": true, ""tangent_gram_eigensolver_status"": ""converged"", ""tangent_gram_largest_eigenvalue"": 31.202509179023153, ""tangent_gram_smallest_eigenvalue"": 0.15701975258610906, ""target_support_norm"": 0.018744439495070372, ""target_supported"": true}, {""converged"": true, ""kind"": ""time"", ""max_envelope_ratio"": 0.8249798592045624, ""n"": 50, ""numerical_rank_vector"": [1, 1, 1], ""part"": 1, ""rank_supported"": true, ""riesz_converged"": true, ""riesz_equation_residual"": 8.083083927452362e-09, ""riesz_solver"": ""cg"", ""riesz_target_rayleigh_quotient"": 0.5584708554945893, ""riesz_target_stable"": true, ""split_rank_singular_values"": [{""block"": ""A"", ""computational_rank_supported"": true, ""relative_rank_floor"": 1e-10, ""sigma_1"": 17.27698626841414, ""sigma_r"": 17.27698626841414, ""sigma_r_over_sigma_1"": 1.0, ""supplied_rank"": 1}, {""block"": ""B"", ""computational_rank_supported"": true, ""relative_rank_floor"": 1e-10, ""sigma_1"": 35.92575817965193, ""sigma_r"": 35.92575817965193, ""sigma_r_over_sigma_1"": 1.0, ""supplied_rank"": 1}, {""block"": ""H"", ""computational_rank_supported"": true, ""relative_rank_floor"": 1e-10, ""sigma_1"": 65.26691867137882, ""sigma_r"": 65.26691867137882, ""sigma_r_over_sigma_1"": 1.0, ""supplied_rank"": 1}], ""stationarity_residual"": 5.190826316390806e-05, ""t"": 25, ""tangent_gram_condition_number"": 153.30747644027068, ""tangent_gram_coordinate_dimension"": 222, ""tangent_gram_eigensolver_converged"": true, ""tangent_gram_eigensolver_status"": ""converged"", ""tangent_gram_largest_eigenvalue"": 34.29754602855294, ""tangent_gram_smallest_eigenvalue"": 0.22371737390064877, ""target_support_norm"": 0.0178121053076953, ""target_supported"": true}, {""converged"": true, ""kind"": ""unit"", ""max_envelope_ratio"": 1.0070494323700017, ""n"": 26, ""numerical_rank_vector"": [1, 1, 1], ""part"": 0, ""rank_supported"": true, ""riesz_converged"": true, ""riesz_equation_residual"": 7.520930320422647e-09, ""riesz_solver"": ""cg"", ""riesz_target_rayleigh_quotient"": 0.5723072227544403, ""riesz_target_stable"": true, ""split_rank_singular_values"": [{""block"": ""A"", ""computational_rank_supported"": true, ""relative_rank_floor"": 1e-10, ""sigma_1"": 19.959514033612745, ""sigma_r"": 19.959514033612745, ""sigma_r_over_sigma_1"": 1.0, ""supplied_rank"": 1}, {""block"": ""B"", ""computational_rank_supported"": true, ""relative_rank_floor"": 1e-10, ""sigma_1"": 32.59433206601984, ""sigma_r"": 32.59433206601984, ""sigma_r_over_sigma_1"": 1.0, ""supplied_rank"": 1}, {""block"": ""H"", ""computational_rank_supported"": true, ""relative_rank_floor"": 1e-10, ""sigma_1"": 67.3806531203963, ""sigma_r"": 67.3806531203963, ""sigma_r_over_sigma_1"": 1.0, ""supplied_rank"": 1}], ""stationarity_residual"": 4.1815052120912104e-05, ""t"": 50, ""tangent_gram_condition_number"": 288.13723827812856, ""tangent_gram_coordinate_dimension"": 225, ""tangent_gram_eigensolver_converged"": true, ""tangent_gram_eigensolver_status"": ""converged"", ""tangent_gram_largest_eigenvalue"": 34.20209926357293, ""tangent_gram_smallest_eigenvalue"": 0.11870072562630336, ""target_support_norm"": 0.01672727626246257, ""target_supported"": true}, {""converged"": true, ""kind"": ""unit"", ""max_envelope_ratio"": 0.6471512809397484, ""n"": 24, ""numerical_rank_vector"": [1, 1, 1], ""part"": 1, ""rank_supported"": true, ""riesz_converged"": true, ""riesz_equation_residual"": 8.531271520135711e-09, ""riesz_solver"": ""cg"", ""riesz_target_rayleigh_quotient"": 0.48494567323020255, ""riesz_target_stable"": true, ""split_rank_singular_values"": [{""block"": ""A"", ""computational_rank_supported"": true, ""relative_rank_floor"": 1e-10, ""sigma_1"": 19.03564190665926, ""sigma_r"": 19.03564190665926, ""sigma_r_over_sigma_1"": 1.0, ""supplied_rank"": 1}, {""block"": ""B"", ""computational_rank_supported"": true, ""relative_rank_floor"": 1e-10, ""sigma_1"": 34.037152873311804, ""sigma_r"": 34.037152873311804, ""sigma_r_over_sigma_1"": 1.0, ""supplied_rank"": 1}, {""block"": ""H"", ""computational_rank_supported"": true, ""relative_rank_floor"": 1e-10, ""sigma_1"": 62.73484644332059, ""sigma_r"": 62.73484644332059, ""sigma_r_over_sigma_1"": 1.0, ""supplied_rank"": 1}], ""stationarity_residual"": 3.856346928582328e-05, ""t"": 50, ""tangent_gram_condition_number"": 230.42831961111506, ""tangent_gram_coordinate_dimension"": 219, ""tangent_gram_eigensolver_converged"": true, ""tangent_gram_eigensolver_status"": ""converged"", ""tangent_gram_largest_eigenvalue"": 33.66089319957552, ""tangent_gram_smallest_eigenvalue"": 0.14607967135456137, ""target_support_norm"": 0.01818694629232706, ""target_supported"": true}]","[[0, 1, 2, 3, 5, 7, 8, 12, 14, 16, 17, 18, 19, 20, 23, 24, 28, 31, 32, 33, 34, 39, 43, 45, 46], [4, 6, 9, 10, 11, 13, 15, 21, 22, 25, 26, 27, 29, 30, 35, 36, 37, 38, 40, 41, 42, 44, 47, 48, 49]]","[[0, 1, 5, 6, 7, 8, 9, 12, 15, 16, 17, 19, 23, 26, 28, 29, 30, 31, 33, 36, 39, 40, 41, 43, 44, 46], [2, 3, 4, 10, 11, 13, 14, 18, 20, 21, 22, 24, 25, 27, 32, 34, 35, 37, 38, 42, 45, 47, 48, 49]]",False,False,False,True,"[1, 1, 1]",,"[1, 1, 1]",,,,,,,,null,,1.7023249187217433,11.0,3.516179926153263e-05,0.8449082306958577,97.0,7.76952174648265e-09,0.6258881775345271,0.026217272370647905,297.0,0.17450733120135495,31.556824440200856,180.83380350243897,True,converged,8.446019238603644e-05,False,8.0,1.0,0.07668909998028539,0.05897700000787154,1.8811443999875337,"[20260810, 4011364011, 2004296267, 1499620634, 1499620634, 2235565902, 1387497986, 1337576661]",b867e9855af0a3ac,610c7358dde2c1b141abb0f783ec54c402df554b,0.9887668640152736,0.6539199811210448,1.979277799327586,0.8596566399365806,0.8355695245216872,0.49929825294563995,0.595202265090137,0.24115979600535511,0.8355695245216872,0.06088478957492023,1.5140779803325983,0.8999999999999999,1.1,0.8,1.2,0.85,1.9596152422706632,6.72532448795568,6.72532448795568,0.8355695245216872,1.5140779803325983,5.417397231347592,5.417397231347592,9.0,1.0,2.27467551204432,True,7e7c359168029c70c974fc18a2ba61cb7b7c0ddec4ad56d28d885a6e417117d3,theorem_covered,True,0.028284271247461912,0.027794265852485855,0.9826756931197219,,,0.4453291829086578,0.5617754299133683,0.11644624700471046,0.4415670034296543,0.5570295024616254,0.11546249903197109,0.4455472024394742,0.6741894378982797,0.22864223545880547,0.4736662078264359,0.7167383223538379,0.24307211452740202,0.1177691640391701,0.1167742399488293,,False
replication,b867e9855af0a3ac,4,50,50,3,fixed_rank,success,success,True,True,False,True,False,False,"[1, 1, 1]",,,,,7,dgp4_N50_T50_r00003_truth1-1-1,7e7c359168029c70c974fc18a2ba61cb7b7c0ddec4ad56d28d885a6e417117d3,1.9656743999803439,,,B_G2_minus_G1_time_average,target,split_fit_failure,[],dgp4_N50_T50_r00003_truth1-1-1,split_fit_not_converged,"[1, 1, 1]",0.243072114527402,0.31891669028642783,0.09963054767172366,0.009926246029367602,0.228266041987985,0.058749181533701435,0.0034514663308798056,-0.014806072539416987,0.31891669028642783,0.09963054767172366,0.009926246029367602,0.07584457575902584,0.228266041987985,0.19812208725151337,0.16775934842601387,4.0,4.0,0.21392999999807216,"[{""converged"": true, ""kind"": ""time"", ""max_envelope_ratio"": 0.8489878425433051, ""n"": 50, ""numerical_rank_vector"": [1, 1, 1], ""part"": 0, ""rank_supported"": true, ""riesz_converged"": true, ""riesz_equation_residual"": 8.912627406895555e-09, ""riesz_solver"": ""cg"", ""riesz_target_rayleigh_quotient"": 0.7016383202863199, ""riesz_target_stable"": true, ""split_rank_singular_values"": [{""block"": ""A"", ""computational_rank_supported"": true, ""relative_rank_floor"": 1e-10, ""sigma_1"": 19.38792775410258, ""sigma_r"": 19.38792775410258, ""sigma_r_over_sigma_1"": 1.0, ""supplied_rank"": 1}, {""block"": ""B"", ""computational_rank_supported"": true, ""relative_rank_floor"": 1e-10, ""sigma_1"": 27.85430502247958, ""sigma_r"": 27.85430502247958, ""sigma_r_over_sigma_1"": 1.0, ""supplied_rank"": 1}, {""block"": ""H"", ""computational_rank_supported"": true, ""relative_rank_floor"": 1e-10, ""sigma_1"": 61.54587747532096, ""sigma_r"": 61.54587747532096, ""sigma_r_over_sigma_1"": 1.0, ""supplied_rank"": 1}], ""stationarity_residual"": 5.6972898446929e-05, ""t"": 25, ""tangent_gram_condition_number"": 198.717095557209, ""tangent_gram_coordinate_dimension"": 222, ""tangent_gram_eigensolver_converged"": true, ""tangent_gram_eigensolver_status"": ""converged"", ""tangent_gram_largest_eigenvalue"": 31.202509179023153, ""tangent_gram_smallest_eigenvalue"": 0.15701975258610906, ""target_support_norm"": 0.024743954994184605, ""target_supported"": true}, {""converged"": true, ""kind"": ""time"", ""max_envelope_ratio"": 0.8249798592045624, ""n"": 50, ""numerical_rank_vector"": [1, 1, 1], ""part"": 1, ""rank_supported"": true, ""riesz_converged"": true, ""riesz_equation_residual"": 7.337675262720465e-09, ""riesz_solver"": ""cg"", ""riesz_target_rayleigh_quotient"": 0.5642385334343536, ""riesz_target_stable"": true, ""split_rank_singular_values"": [{""block"": ""A"", ""computational_rank_supported"": true, ""relative_rank_floor"": 1e-10, ""sigma_1"": 17.27698626841414, ""sigma_r"": 17.27698626841414, ""sigma_r_over_sigma_1"": 1.0, ""supplied_rank"": 1}, {""block"": ""B"", ""computational_rank_supported"": true, ""relative_rank_floor"": 1e-10, ""sigma_1"": 35.92575817965193, ""sigma_r"": 35.92575817965193, ""sigma_r_over_sigma_1"": 1.0, ""supplied_rank"": 1}, {""block"": ""H"", ""computational_rank_supported"": true, ""relative_rank_floor"": 1e-10, ""sigma_1"": 65.26691867137882, ""sigma_r"": 65.26691867137882, ""sigma_r_over_sigma_1"": 1.0, ""supplied_rank"": 1}], ""stationarity_residual"": 5.190826316390806e-05, ""t"": 25, ""tangent_gram_condition_number"": 153.30747644027068, ""tangent_gram_coordinate_dimension"": 222, ""tangent_gram_eigensolver_converged"": true, ""tangent_gram_eigensolver_status"": ""converged"", ""tangent_gram_largest_eigenvalue"": 34.29754602855294, ""tangent_gram_smallest_eigenvalue"": 0.22371737390064877, ""target_support_norm"": 0.02267886856503984, ""target_supported"": true}, {""converged"": true, ""kind"": ""unit"", ""max_envelope_ratio"": 1.0070494323700017, ""n"": 26, ""numerical_rank_vector"": [1, 1, 1], ""part"": 0, ""rank_supported"": true, ""riesz_converged"": true, ""riesz_equation_residual"": 7.862845916378232e-09, ""riesz_solver"": ""cg"", ""riesz_target_rayleigh_quotient"": 0.6569275147652051, ""riesz_target_stable"": true, ""split_rank_singular_values"": [{""block"": ""A"", ""computational_rank_supported"": true, ""relative_rank_floor"": 1e-10, ""sigma_1"": 19.959514033612745, ""sigma_r"": 19.959514033612745, ""sigma_r_over_sigma_1"": 1.0, ""supplied_rank"": 1}, {""block"": ""B"", ""computational_rank_supported"": true, ""relative_rank_floor"": 1e-10, ""sigma_1"": 32.59433206601984, ""sigma_r"": 32.59433206601984, ""sigma_r_over_sigma_1"": 1.0, ""supplied_rank"": 1}, {""block"": ""H"", ""computational_rank_supported"": true, ""relative_rank_floor"": 1e-10, ""sigma_1"": 67.3806531203963, ""sigma_r"": 67.3806531203963, ""sigma_r_over_sigma_1"": 1.0, ""supplied_rank"": 1}], ""stationarity_residual"": 4.1815052120912104e-05, ""t"": 50, ""tangent_gram_condition_number"": 288.13723827812856, ""tangent_gram_coordinate_dimension"": 225, ""tangent_gram_eigensolver_converged"": true, ""tangent_gram_eigensolver_status"": ""converged"", ""tangent_gram_largest_eigenvalue"": 34.20209926357293, ""tangent_gram_smallest_eigenvalue"": 0.11870072562630336, ""target_support_norm"": 0.020354567921412176, ""target_supported"": true}, {""converged"": true, ""kind"": ""unit"", ""max_envelope_ratio"": 0.6471512809397484, ""n"": 24, ""numerical_rank_vector"": [1, 1, 1], ""part"": 1, ""rank_supported"": true, ""riesz_converged"": true, ""riesz_equation_residual"": 9.683955619494751e-09, ""riesz_solver"": ""cg"", ""riesz_target_rayleigh_quotient"": 0.6026430621032721, ""riesz_target_stable"": true, ""split_rank_singular_values"": [{""block"": ""A"", ""computational_rank_supported"": true, ""relative_rank_floor"": 1e-10, ""sigma_1"": 19.03564190665926, ""sigma_r"": 19.03564190665926, ""sigma_r_over_sigma_1"": 1.0, ""supplied_rank"": 1}, {""block"": ""B"", ""computational_rank_supported"": true, ""relative_rank_floor"": 1e-10, ""sigma_1"": 34.037152873311804, ""sigma_r"": 34.037152873311804, ""sigma_r_over_sigma_1"": 1.0, ""supplied_rank"": 1}, {""block"": ""H"", ""computational_rank_supported"": true, ""relative_rank_floor"": 1e-10, ""sigma_1"": 62.73484644332059, ""sigma_r"": 62.73484644332059, ""sigma_r_over_sigma_1"": 1.0, ""supplied_rank"": 1}], ""stationarity_residual"": 3.856346928582328e-05, ""t"": 50, ""tangent_gram_condition_number"": 230.42831961111506, ""tangent_gram_coordinate_dimension"": 219, ""tangent_gram_eigensolver_converged"": true, ""tangent_gram_eigensolver_status"": ""converged"", ""tangent_gram_largest_eigenvalue"": 33.66089319957552, ""tangent_gram_smallest_eigenvalue"": 0.14607967135456137, ""target_support_norm"": 0.02219241315869743, ""target_supported"": true}]","[[0, 1, 2, 3, 5, 7, 8, 12, 14, 16, 17, 18, 19, 20, 23, 24, 28, 31, 32, 33, 34, 39, 43, 45, 46], [4, 6, 9, 10, 11, 13, 15, 21, 22, 25, 26, 27, 29, 30, 35, 36, 37, 38, 40, 41, 42, 44, 47, 48, 49]]","[[0, 1, 5, 6, 7, 8, 9, 12, 15, 16, 17, 19, 23, 26, 28, 29, 30, 31, 33, 36, 39, 40, 41, 43, 44, 46], [2, 3, 4, 10, 11, 13, 14, 18, 20, 21, 22, 24, 25, 27, 32, 34, 35, 37, 38, 42, 45, 47, 48, 49]]",False,False,False,True,"[1, 1, 1]",,"[1, 1, 1]",,,,,,,,null,,1.7023249187217433,11.0,3.516179926153263e-05,0.8449082306958577,95.0,9.004364241967415e-09,0.675416509851089,0.03342960871890259,297.0,0.17450733120135495,31.556824440200856,180.83380350243897,True,converged,2.71447583852801e-05,False,8.0,1.0,0.07668909998028539,0.05893259998993017,1.9656743999803439,"[20260810, 4011364011, 2004296267, 1499620634, 1499620634, 2235565902, 1387497986, 1337576661]",b867e9855af0a3ac,610c7358dde2c1b141abb0f783ec54c402df554b,0.9887668640152736,0.6539199811210448,1.979277799327586,0.8596566399365806,0.8355695245216872,0.49929825294563995,0.595202265090137,0.24115979600535511,0.8355695245216872,0.06088478957492023,1.5140779803325983,0.8999999999999999,1.1,0.8,1.2,0.85,1.9596152422706632,6.72532448795568,6.72532448795568,0.8355695245216872,1.5140779803325983,5.417397231347592,5.417397231347592,9.0,1.0,2.27467551204432,True,7e7c359168029c70c974fc18a2ba61cb7b7c0ddec4ad56d28d885a6e417117d3,theorem_covered,True,0.03999999999999994,0.038021415053185785,0.9505353763296461,,,0.4453291829086578,0.5617754299133683,0.11644624700471046,0.4415670034296543,0.5570295024616254,0.11546249903197109,0.4455472024394742,0.6741894378982797,0.22864223545880547,0.4736662078264359,0.7167383223538379,0.24307211452740202,0.1177691640391701,0.1167742399488293,,False
replication,b867e9855af0a3ac,4,50,50,4,fixed_rank,coefficient_bound_hit,coefficient_bound_hit,True,False,False,False,False,False,"[1, 1, 1]",,,,,3,dgp4_N50_T50_r00004_truth1-1-1,ce68faf7c6077820d3f661aadf116598cdd9917fe3328f9e9d712ac79a715fa3,0.15579290001187474,,1.2698941760001334,A_entry,,coefficient_bound_hit,,,,,,,,,,,,,,,,,,,,,,,,,,,,,,,,,,,,,,,,,,,,,,,,,,,,,,,,,,,,,,,,,,,,,,,,,,,,,,,,,,,,,,,,,,,,,,,,,,,,,,,,,,,,,,,,,,,,False
replication,b867e9855af0a3ac,4,50,50,4,fixed_rank,coefficient_bound_hit,coefficient_bound_hit,True,False,False,False,False,False,"[1, 1, 1]",,,,,3,dgp4_N50_T50_r00004_truth1-1-1,ce68faf7c6077820d3f661aadf116598cdd9917fe3328f9e9d712ac79a715fa3,0.15579290001187474,,1.2698941760001334,B_entry,,coefficient_bound_hit,,,,,,,,,,,,,,,,,,,,,,,,,,,,,,,,,,,,,,,,,,,,,,,,,,,,,,,,,,,,,,,,,,,,,,,,,,,,,,,,,,,,,,,,,,,,,,,,,,,,,,,,,,,,,,,,,,,,False
replication,b867e9855af0a3ac,4,50,50,4,fixed_rank,coefficient_bound_hit,coefficient_bound_hit,True,False,False,False,False,False,"[1, 1, 1]",,,,,3,dgp4_N50_T50_r00004_truth1-1-1,ce68faf7c6077820d3f661aadf116598cdd9917fe3328f9e9d712ac79a715fa3,0.15579290001187474,,1.2698941760001334,A_fixed_time_mean,,coefficient_bound_hit,,,,,,,,,,,,,,,,,,,,,,,,,,,,,,,,,,,,,,,,,,,,,,,,,,,,,,,,,,,,,,,,,,,,,,,,,,,,,,,,,,,,,,,,,,,,,,,,,,,,,,,,,,,,,,,,,,,,False
replication,b867e9855af0a3ac,4,50,50,4,fixed_rank,coefficient_bound_hit,coefficient_bound_hit,True,False,False,False,False,False,"[1, 1, 1]",,,,,3,dgp4_N50_T50_r00004_truth1-1-1,ce68faf7c6077820d3f661aadf116598cdd9917fe3328f9e9d712ac79a715fa3,0.15579290001187474,,1.2698941760001334,B_fixed_time_mean,,coefficient_bound_hit,,,,,,,,,,,,,,,,,,,,,,,,,,,,,,,,,,,,,,,,,,,,,,,,,,,,,,,,,,,,,,,,,,,,,,,,,,,,,,,,,,,,,,,,,,,,,,,,,,,,,,,,,,,,,,,,,,,,False
replication,b867e9855af0a3ac,4,50,50,4,fixed_rank,coefficient_bound_hit,coefficient_bound_hit,True,False,False,False,False,False,"[1, 1, 1]",,,,,3,dgp4_N50_T50_r00004_truth1-1-1,ce68faf7c6077820d3f661aadf116598cdd9917fe3328f9e9d712ac79a715fa3,0.15579290001187474,,1.2698941760001334,A_full_mean,,coefficient_bound_hit,,,,,,,,,,,,,,,,,,,,,,,,,,,,,,,,,,,,,,,,,,,,,,,,,,,,,,,,,,,,,,,,,,,,,,,,,,,,,,,,,,,,,,,,,,,,,,,,,,,,,,,,,,,,,,,,,,,,False
replication,b867e9855af0a3ac,4,50,50,4,fixed_rank,coefficient_bound_hit,coefficient_bound_hit,True,False,False,False,False,False,"[1, 1, 1]",,,,,3,dgp4_N50_T50_r00004_truth1-1-1,ce68faf7c6077820d3f661aadf116598cdd9917fe3328f9e9d712ac79a715fa3,0.15579290001187474,,1.2698941760001334,B_full_mean,,coefficient_bound_hit,,,,,,,,,,,,,,,,,,,,,,,,,,,,,,,,,,,,,,,,,,,,,,,,,,,,,,,,,,,,,,,,,,,,,,,,,,,,,,,,,,,,,,,,,,,,,,,,,,,,,,,,,,,,,,,,,,,,False
replication,b867e9855af0a3ac,4,50,50,4,fixed_rank,coefficient_bound_hit,coefficient_bound_hit,True,False,False,False,False,False,"[1, 1, 1]",,,,,3,dgp4_N50_T50_r00004_truth1-1-1,ce68faf7c6077820d3f661aadf116598cdd9917fe3328f9e9d712ac79a715fa3,0.15579290001187474,,1.2698941760001334,A_G1_fixed_time,,coefficient_bound_hit,,,,,,,,,,,,,,,,,,,,,,,,,,,,,,,,,,,,,,,,,,,,,,,,,,,,,,,,,,,,,,,,,,,,,,,,,,,,,,,,,,,,,,,,,,,,,,,,,,,,,,,,,,,,,,,,,,,,False
replication,b867e9855af0a3ac,4,50,50,4,fixed_rank,coefficient_bound_hit,coefficient_bound_hit,True,False,False,False,False,False,"[1, 1, 1]",,,,,3,dgp4_N50_T50_r00004_truth1-1-1,ce68faf7c6077820d3f661aadf116598cdd9917fe3328f9e9d712ac79a715fa3,0.15579290001187474,,1.2698941760001334,A_G2_fixed_time,,coefficient_bound_hit,,,,,,,,,,,,,,,,,,,,,,,,,,,,,,,,,,,,,,,,,,,,,,,,,,,,,,,,,,,,,,,,,,,,,,,,,,,,,,,,,,,,,,,,,,,,,,,,,,,,,,,,,,,,,,,,,,,,False
replication,b867e9855af0a3ac,4,50,50,4,fixed_rank,coefficient_bound_hit,coefficient_bound_hit,True,False,False,False,False,False,"[1, 1, 1]",,,,,3,dgp4_N50_T50_r00004_truth1-1-1,ce68faf7c6077820d3f661aadf116598cdd9917fe3328f9e9d712ac79a715fa3,0.15579290001187474,,1.2698941760001334,A_G2_minus_G1_fixed_time,,coefficient_bound_hit,,,,,,,,,,,,,,,,,,,,,,,,,,,,,,,,,,,,,,,,,,,,,,,,,,,,,,,,,,,,,,,,,,,,,,,,,,,,,,,,,,,,,,,,,,,,,,,,,,,,,,,,,,,,,,,,,,,,False
replication,b867e9855af0a3ac,4,50,50,4,fixed_rank,coefficient_bound_hit,coefficient_bound_hit,True,False,False,False,False,False,"[1, 1, 1]",,,,,3,dgp4_N50_T50_r00004_truth1-1-1,ce68faf7c6077820d3f661aadf116598cdd9917fe3328f9e9d712ac79a715fa3,0.15579290001187474,,1.2698941760001334,A_G1_time_average,,coefficient_bound_hit,,,,,,,,,,,,,,,,,,,,,,,,,,,,,,,,,,,,,,,,,,,,,,,,,,,,,,,,,,,,,,,,,,,,,,,,,,,,,,,,,,,,,,,,,,,,,,,,,,,,,,,,,,,,,,,,,,,,False
replication,b867e9855af0a3ac,4,50,50,4,fixed_rank,coefficient_bound_hit,coefficient_bound_hit,True,False,False,False,False,False,"[1, 1, 1]",,,,,3,dgp4_N50_T50_r00004_truth1-1-1,ce68faf7c6077820d3f661aadf116598cdd9917fe3328f9e9d712ac79a715fa3,0.15579290001187474,,1.2698941760001334,A_G2_time_average,,coefficient_bound_hit,,,,,,,,,,,,,,,,,,,,,,,,,,,,,,,,,,,,,,,,,,,,,,,,,,,,,,,,,,,,,,,,,,,,,,,,,,,,,,,,,,,,,,,,,,,,,,,,,,,,,,,,,,,,,,,,,,,,False
replication,b867e9855af0a3ac,4,50,50,4,fixed_rank,coefficient_bound_hit,coefficient_bound_hit,True,False,False,False,False,False,"[1, 1, 1]",,,,,3,dgp4_N50_T50_r00004_truth1-1-1,ce68faf7c6077820d3f661aadf116598cdd9917fe3328f9e9d712ac79a715fa3,0.15579290001187474,,1.2698941760001334,A_G2_minus_G1_time_average,,coefficient_bound_hit,,,,,,,,,,,,,,,,,,,,,,,,,,,,,,,,,,,,,,,,,,,,,,,,,,,,,,,,,,,,,,,,,,,,,,,,,,,,,,,,,,,,,,,,,,,,,,,,,,,,,,,,,,,,,,,,,,,,False
replication,b867e9855af0a3ac,4,50,50,4,fixed_rank,coefficient_bound_hit,coefficient_bound_hit,True,False,False,False,False,False,"[1, 1, 1]",,,,,3,dgp4_N50_T50_r00004_truth1-1-1,ce68faf7c6077820d3f661aadf116598cdd9917fe3328f9e9d712ac79a715fa3,0.15579290001187474,,1.2698941760001334,B_G1_fixed_time,,coefficient_bound_hit,,,,,,,,,,,,,,,,,,,,,,,,,,,,,,,,,,,,,,,,,,,,,,,,,,,,,,,,,,,,,,,,,,,,,,,,,,,,,,,,,,,,,,,,,,,,,,,,,,,,,,,,,,,,,,,,,,,,False
replication,b867e9855af0a3ac,4,50,50,4,fixed_rank,coefficient_bound_hit,coefficient_bound_hit,True,False,False,False,False,False,"[1, 1, 1]",,,,,3,dgp4_N50_T50_r00004_truth1-1-1,ce68faf7c6077820d3f661aadf116598cdd9917fe3328f9e9d712ac79a715fa3,0.15579290001187474,,1.2698941760001334,B_G2_fixed_time,,coefficient_bound_hit,,,,,,,,,,,,,,,,,,,,,,,,,,,,,,,,,,,,,,,,,,,,,,,,,,,,,,,,,,,,,,,,,,,,,,,,,,,,,,,,,,,,,,,,,,,,,,,,,,,,,,,,,,,,,,,,,,,,False
replication,b867e9855af0a3ac,4,50,50,4,fixed_rank,coefficient_bound_hit,coefficient_bound_hit,True,False,False,False,False,False,"[1, 1, 1]",,,,,3,dgp4_N50_T50_r00004_truth1-1-1,ce68faf7c6077820d3f661aadf116598cdd9917fe3328f9e9d712ac79a715fa3,0.15579290001187474,,1.2698941760001334,B_G2_minus_G1_fixed_time,,coefficient_bound_hit,,,,,,,,,,,,,,,,,,,,,,,,,,,,,,,,,,,,,,,,,,,,,,,,,,,,,,,,,,,,,,,,,,,,,,,,,,,,,,,,,,,,,,,,,,,,,,,,,,,,,,,,,,,,,,,,,,,,False
replication,b867e9855af0a3ac,4,50,50,4,fixed_rank,coefficient_bound_hit,coefficient_bound_hit,True,False,False,False,False,False,"[1, 1, 1]",,,,,3,dgp4_N50_T50_r00004_truth1-1-1,ce68faf7c6077820d3f661aadf116598cdd9917fe3328f9e9d712ac79a715fa3,0.15579290001187474,,1.2698941760001334,B_G1_time_average,,coefficient_bound_hit,,,,,,,,,,,,,,,,,,,,,,,,,,,,,,,,,,,,,,,,,,,,,,,,,,,,,,,,,,,,,,,,,,,,,,,,,,,,,,,,,,,,,,,,,,,,,,,,,,,,,,,,,,,,,,,,,,,,False
replication,b867e9855af0a3ac,4,50,50,4,fixed_rank,coefficient_bound_hit,coefficient_bound_hit,True,False,False,False,False,False,"[1, 1, 1]",,,,,3,dgp4_N50_T50_r00004_truth1-1-1,ce68faf7c6077820d3f661aadf116598cdd9917fe3328f9e9d712ac79a715fa3,0.15579290001187474,,1.2698941760001334,B_G2_time_average,,coefficient_bound_hit,,,,,,,,,,,,,,,,,,,,,,,,,,,,,,,,,,,,,,,,,,,,,,,,,,,,,,,,,,,,,,,,,,,,,,,,,,,,,,,,,,,,,,,,,,,,,,,,,,,,,,,,,,,,,,,,,,,,False
replication,b867e9855af0a3ac,4,50,50,4,fixed_rank,coefficient_bound_hit,coefficient_bound_hit,True,False,False,False,False,False,"[1, 1, 1]",,,,,3,dgp4_N50_T50_r00004_truth1-1-1,ce68faf7c6077820d3f661aadf116598cdd9917fe3328f9e9d712ac79a715fa3,0.15579290001187474,,1.2698941760001334,B_G2_minus_G1_time_average,,coefficient_bound_hit,,,,,,,,,,,,,,,,,,,,,,,,,,,,,,,,,,,,,,,,,,,,,,,,,,,,,,,,,,,,,,,,,,,,,,,,,,,,,,,,,,,,,,,,,,,,,,,,,,,,,,,,,,,,,,,,,,,,False
replication,b867e9855af0a3ac,4,50,50,5,fixed_rank,success,success,True,True,True,True,True,True,"[1, 1, 1]",,,,,7,dgp4_N50_T50_r00005_truth1-1-1,c7ef82abbde094d01705ad02a9a499ca5bd3ff3eb3265cce8c4b21ad1fbb5ca3,1.9369278000085615,,,A_entry,target,success,[],dgp4_N50_T50_r00005_truth1-1-1,success,"[1, 1, 1]",0.3665963507417982,0.29946562602486554,0.1265313881972694,0.016010192199128085,0.29946562602486554,0.1265313881972694,0.016010192199128085,-0.06713072471693265,0.29946562602486554,0.1265313881972694,0.016010192199128085,-0.06713072471693265,0.29946562602486554,,,0.0,4.0,0.20415150001645088,[],null,null,False,True,True,False,"[1, 1, 1]",,"[1, 1, 1]",,,,,,,,null,,1.7395787117562438,14.0,2.3732551215197305e-05,0.9926170020415856,86.0,8.921572248696154e-09,2.5810708922603434,0.15233512645601405,297.0,0.18196335111856604,38.74190259055749,212.91046989628992,True,converged,4.1993989698167884e-05,False,8.0,1.0,0.0832269000238739,0.01511979999486357,0.38054450001800433,"[20260810, 4011364011, 2004296267, 1499620634, 1499620634, 2098343407, 1387497986, 1337576661]",b867e9855af0a3ac,610c7358dde2c1b141abb0f783ec54c402df554b,0.9770607270405577,0.6539199811210448,1.979277799327586,0.8699561618596472,0.85,0.49577110609571773,0.6264641707068569,0.2002713262561398,0.85,0.06115389772850033,1.7055382627358167,0.8999999999999999,1.1,0.8,1.2,0.85,1.9596152422706632,6.72532448795568,6.72532448795568,0.85,1.7055382627358167,4.58501333138134,4.58501333138134,9.0,1.0,2.27467551204432,True,c7ef82abbde094d01705ad02a9a499ca5bd3ff3eb3265cce8c4b21ad1fbb5ca3,theorem_covered,True,1.0,0.1757705125601159,0.1757705125601159,1.0817033229022734,0.47329972917557916,0.3026921212878464,0.3944528181545261,0.0917606968666797,0.4305159495165195,0.561026262674916,0.13051031315839645,0.5488766055517772,0.8324883659312633,0.2836117603794861,0.49784312562700644,0.7550852157867075,0.25724209015970106,0.09391503959494507,0.13357441308044604,,False
replication,b867e9855af0a3ac,4,50,50,5,fixed_rank,success,success,True,True,True,True,True,True,"[1, 1, 1]",,,,,7,dgp4_N50_T50_r00005_truth1-1-1,c7ef82abbde094d01705ad02a9a499ca5bd3ff3eb3265cce8c4b21ad1fbb5ca3,1.9369278000085615,,,B_entry,target,success,[],dgp4_N50_T50_r00005_truth1-1-1,success,"[1, 1, 1]",0.4579018619580229,1.4161041049116772,0.6014558281944957,0.36174911326912673,1.4161041049116772,0.6014558281944957,0.36174911326912673,0.9582022429536543,1.4161041049116772,0.6014558281944957,0.36174911326912673,0.9582022429536543,1.4161041049116772,,,0.0,4.0,0.20415150001645088,[],null,null,False,True,True,False,"[1, 1, 1]",,"[1, 1, 1]",,,,,,,,null,,1.7395787117562438,14.0,2.3732551215197305e-05,0.9926170020415856,93.0,8.227069527279894e-09,0.7083381107937968,0.264345681138256,297.0,0.18196335111856604,38.74190259055749,212.91046989628992,True,converged,9.972746581795414e-05,False,8.0,1.0,0.0832269000238739,0.017170599981909618,0.43586019999929704,"[20260810, 4011364011, 2004296267, 1499620634, 1499620634, 2098343407, 1387497986, 1337576661]",b867e9855af0a3ac,610c7358dde2c1b141abb0f783ec54c402df554b,0.9770607270405577,0.6539199811210448,1.979277799327586,0.8699561618596472,0.85,0.49577110609571773,0.6264641707068569,0.2002713262561398,0.85,0.06115389772850033,1.7055382627358167,0.8999999999999999,1.1,0.8,1.2,0.85,1.9596152422706632,6.72532448795568,6.72532448795568,0.85,1.7055382627358167,4.58501333138134,4.58501333138134,9.0,1.0,2.27467551204432,True,c7ef82abbde094d01705ad02a9a499ca5bd3ff3eb3265cce8c4b21ad1fbb5ca3,entry_leverage_requires_author_choice,False,1.0,0.17233085205812526,0.17233085205812526,0.398144387530809,1.095474884562554,0.3026921212878464,0.3944528181545261,0.0917606968666797,0.4305159495165195,0.561026262674916,0.13051031315839645,0.5488766055517772,0.8324883659312633,0.2836117603794861,0.49784312562700644,0.7550852157867075,0.25724209015970106,0.09391503959494507,0.13357441308044604,,False
replication,b867e9855af0a3ac,4,50,50,5,fixed_rank,success,success,True,True,True,True,True,True,"[1, 1, 1]",,,,,7,dgp4_N50_T50_r00005_truth1-1-1,c7ef82abbde094d01705ad02a9a499ca5bd3ff3eb3265cce8c4b21ad1fbb5ca3,1.9369278000085615,,,A_fixed_time_mean,target,success,[],dgp4_N50_T50_r00005_truth1-1-1,success,"[1, 1, 1]",0.3485724697211863,0.3659294196754517,0.11404307069651695,0.013005821973890762,0.3659294196754517,0.11404307069651695,0.013005821973890762,0.0173569499542654,0.3659294196754517,0.11404307069651695,0.013005821973890762,0.0173569499542654,0.3659294196754517,,,0.0,4.0,0.20415150001645088,[],null,null,False,True,True,False,"[1, 1, 1]",,"[1, 1, 1]",,,,,,,,null,,1.7395787117562438,14.0,2.3732551215197305e-05,0.9926170020415856,85.0,7.018626230101795e-09,2.7173010854930846,0.1380089437487559,297.0,0.18196335111856604,38.74190259055749,212.91046989628992,True,converged,2.7180556960279462e-06,False,8.0,1.0,0.0832269000238739,0.016230599983828142,0.4851201999990735,"[20260810, 4011364011, 2004296267, 1499620634, 1499620634, 2098343407, 1387497986, 1337576661]",b867e9855af0a3ac,610c7358dde2c1b141abb0f783ec54c402df554b,0.9770607270405577,0.6539199811210448,1.979277799327586,0.8699561618596472,0.85,0.49577110609571773,0.6264641707068569,0.2002713262561398,0.85,0.06115389772850033,1.7055382627358167,0.8999999999999999,1.1,0.8,1.2,0.85,1.9596152422706632,6.72532448795568,6.72532448795568,0.85,1.7055382627358167,4.58501333138134,4.58501333138134,9.0,1.0,2.27467551204432,True,c7ef82abbde094d01705ad02a9a499ca5bd3ff3eb3265cce8c4b21ad1fbb5ca3,theorem_covered,True,0.14142135623730953,0.1398686425689819,0.989020656358845,,,0.3026921212878464,0.3944528181545261,0.0917606968666797,0.4305159495165195,0.561026262674916,0.13051031315839645,0.5488766055517772,0.8324883659312633,0.2836117603794861,0.49784312562700644,0.7550852157867075,0.25724209015970106,0.09391503959494507,0.13357441308044604,,False
replication,b867e9855af0a3ac,4,50,50,5,fixed_rank,success,success,True,True,True,True,True,True,"[1, 1, 1]",,,,,7,dgp4_N50_T50_r00005_truth1-1-1,c7ef82abbde094d01705ad02a9a499ca5bd3ff3eb3265cce8c4b21ad1fbb5ca3,1.9369278000085615,,,B_fixed_time_mean,target,success,[],dgp4_N50_T50_r00005_truth1-1-1,success,"[1, 1, 1]",0.6906824857415204,1.174691418952939,0.168953228674206,0.028545193479438548,1.174691418952939,0.168953228674206,0.028545193479438548,0.4840089332114186,1.174691418952939,0.168953228674206,0.028545193479438548,0.4840089332114186,1.174691418952939,,,0.0,4.0,0.20415150001645088,[],null,null,True,True,False,False,"[1, 1, 1]",,"[1, 1, 1]",,,,,,,,null,,1.7395787117562438,14.0,2.3732551215197305e-05,0.9926170020415856,92.0,7.98822599703634e-09,0.6580426197840686,0.12566673847729432,297.0,0.18196335111856604,38.74190259055749,212.91046989628992,True,converged,9.726343556812883e-06,False,8.0,1.0,0.0832269000238739,0.017413000023225322,0.5374140000203624,"[20260810, 4011364011, 2004296267, 1499620634, 1499620634, 2098343407, 1387497986, 1337576661]",b867e9855af0a3ac,610c7358dde2c1b141abb0f783ec54c402df554b,0.9770607270405577,0.6539199811210448,1.979277799327586,0.8699561618596472,0.85,0.49577110609571773,0.6264641707068569,0.2002713262561398,0.85,0.06115389772850033,1.7055382627358167,0.8999999999999999,1.1,0.8,1.2,0.85,1.9596152422706632,6.72532448795568,6.72532448795568,0.85,1.7055382627358167,4.58501333138134,4.58501333138134,9.0,1.0,2.27467551204432,True,c7ef82abbde094d01705ad02a9a499ca5bd3ff3eb3265cce8c4b21ad1fbb5ca3,theorem_covered,True,0.14142135623730953,0.13475202322363364,0.9528406940003846,,,0.3026921212878464,0.3944528181545261,0.0917606968666797,0.4305159495165195,0.561026262674916,0.13051031315839645,0.5488766055517772,0.8324883659312633,0.2836117603794861,0.49784312562700644,0.7550852157867075,0.25724209015970106,0.09391503959494507,0.13357441308044604,,False
replication,b867e9855af0a3ac,4,50,50,5,fixed_rank,success,success,True,True,False,True,False,False,"[1, 1, 1]",,,,,7,dgp4_N50_T50_r00005_truth1-1-1,c7ef82abbde094d01705ad02a9a499ca5bd3ff3eb3265cce8c4b21ad1fbb5ca3,1.9369278000085615,,,A_full_mean,target,split_fit_failure,[],dgp4_N50_T50_r00005_truth1-1-1,split_fit_not_converged,"[1, 1, 1]",0.4957711060957179,0.4477114102958067,0.02643990349164305,0.0006990684966473984,0.47521322138442057,0.01733716878222829,0.00030057742138347115,-0.020557884711297325,0.4477114102958067,0.02643990349164305,0.0006990684966473984,-0.048059695799911206,0.47521322138442057,0.47901247452939316,0.4989157793280618,4.0,4.0,0.20415150001645088,"[{""converged"": true, ""kind"": ""time"", ""max_envelope_ratio"": 0.4953280870924391, ""n"": 50, ""numerical_rank_vector"": [1, 1, 1], ""part"": 0, ""rank_supported"": true, ""riesz_converged"": true, ""riesz_equation_residual"": 8.235819585355171e-09, ""riesz_solver"": ""cg"", ""riesz_target_rayleigh_quotient"": 1.0077362250404445, ""riesz_target_stable"": true, ""split_rank_singular_values"": [{""block"": ""A"", ""computational_rank_supported"": true, ""relative_rank_floor"": 1e-10, ""sigma_1"": 19.030762786590497, ""sigma_r"": 19.030762786590497, ""sigma_r_over_sigma_1"": 1.0, ""supplied_rank"": 1}, {""block"": ""B"", ""computational_rank_supported"": true, ""relative_rank_floor"": 1e-10, ""sigma_1"": 35.89515447871913, ""sigma_r"": 35.89515447871913, ""sigma_r_over_sigma_1"": 1.0, ""supplied_rank"": 1}, {""block"": ""H"", ""computational_rank_supported"": true, ""relative_rank_floor"": 1e-10, ""sigma_1"": 44.89420085256053, ""sigma_r"": 44.89420085256053, ""sigma_r_over_sigma_1"": 1.0, ""supplied_rank"": 1}], ""stationarity_residual"": 3.4643096240050116e-05, ""t"": 25, ""tangent_gram_condition_number"": 135.06268985984897, ""tangent_gram_coordinate_dimension"": 222, ""tangent_gram_eigensolver_converged"": true, ""tangent_gram_eigensolver_status"": ""converged"", ""tangent_gram_largest_eigenvalue"": 36.767302763673314, ""tangent_gram_smallest_eigenvalue"": 0.27222397837497375, ""target_support_norm"": 0.014079833236448094, ""target_supported"": true}, {""converged"": true, ""kind"": ""time"", ""max_envelope_ratio"": 1.2703879943055214, ""n"": 50, ""numerical_rank_vector"": [1, 1, 1], ""part"": 1, ""rank_supported"": true, ""riesz_converged"": true, ""riesz_equation_residual"": 9.887726175095232e-09, ""riesz_solver"": ""cg"", ""riesz_target_rayleigh_quotient"": 0.590255711196028, ""riesz_target_stable"": true, ""split_rank_singular_values"": [{""block"": ""A"", ""computational_rank_supported"": true, ""relative_rank_floor"": 1e-10, ""sigma_1"": 19.021554818865532, ""sigma_r"": 19.021554818865532, ""sigma_r_over_sigma_1"": 1.0, ""supplied_rank"": 1}, {""block"": ""B"", ""computational_rank_supported"": true, ""relative_rank_floor"": 1e-10, ""sigma_1"": 30.53906731998309, ""sigma_r"": 30.53906731998309, ""sigma_r_over_sigma_1"": 1.0, ""supplied_rank"": 1}, {""block"": ""H"", ""computational_rank_supported"": true, ""relative_rank_floor"": 1e-10, ""sigma_1"": 65.71822693957068, ""sigma_r"": 65.71822693957068, ""sigma_r_over_sigma_1"": 1.0, ""supplied_rank"": 1}], ""stationarity_residual"": 4.462840992158319e-05, ""t"": 25, ""tangent_gram_condition_number"": 234.56233733600166, ""tangent_gram_coordinate_dimension"": 222, ""tangent_gram_eigensolver_converged"": true, ""tangent_gram_eigensolver_status"": ""converged"", ""tangent_gram_largest_eigenvalue"": 43.132880046631556, ""tangent_gram_smallest_eigenvalue"": 0.18388663984382683, ""target_support_norm"": 0.014042203828185574, ""target_supported"": true}, {""converged"": true, ""kind"": ""unit"", ""max_envelope_ratio"": 0.6704722452849106, ""n"": 26, ""numerical_rank_vector"": [1, 1, 1], ""part"": 0, ""rank_supported"": true, ""riesz_converged"": true, ""riesz_equation_residual"": 8.159475175706501e-09, ""riesz_solver"": ""cg"", ""riesz_target_rayleigh_quotient"": 1.0706788710381332, ""riesz_target_stable"": true, ""split_rank_singular_values"": [{""block"": ""A"", ""computational_rank_supported"": true, ""relative_rank_floor"": 1e-10, ""sigma_1"": 20.121556478883807, ""sigma_r"": 20.121556478883807, ""sigma_r_over_sigma_1"": 1.0, ""supplied_rank"": 1}, {""block"": ""B"", ""computational_rank_supported"": true, ""relative_rank_floor"": 1e-10, ""sigma_1"": 30.112349387977364, ""sigma_r"": 30.112349387977364, ""sigma_r_over_sigma_1"": 1.0, ""supplied_rank"": 1}, {""block"": ""H"", ""computational_rank_supported"": true, ""relative_rank_floor"": 1e-10, ""sigma_1"": 45.6095525860114, ""sigma_r"": 45.6095525860114, ""sigma_r_over_sigma_1"": 1.0, ""supplied_rank"": 1}], ""stationarity_residual"": 4.51930172759804e-05, ""t"": 50, ""tangent_gram_condition_number"": 115.63169803002238, ""tangent_gram_coordinate_dimension"": 225, ""tangent_gram_eigensolver_converged"": true, ""tangent_gram_eigensolver_status"": ""converged"", ""tangent_gram_largest_eigenvalue"": 30.73948950164341, ""tangent_gram_smallest_eigenvalue"": 0.2658396445381462, ""target_support_norm"": 0.014357561961165645, ""target_supported"": true}, {""converged"": true, ""kind"": ""unit"", ""max_envelope_ratio"": 1.0157963479537306, ""n"": 24, ""numerical_rank_vector"": [1, 1, 1], ""part"": 1, ""rank_supported"": true, ""riesz_converged"": true, ""riesz_equation_residual"": 5.366048653601027e-09, ""riesz_solver"": ""cg"", ""riesz_target_rayleigh_quotient"": 0.4853732268221482, ""riesz_target_stable"": true, ""split_rank_singular_values"": [{""block"": ""A"", ""computational_rank_supported"": true, ""relative_rank_floor"": 1e-10, ""sigma_1"": 19.80318403953355, ""sigma_r"": 19.80318403953355, ""sigma_r_over_sigma_1"": 1.0, ""supplied_rank"": 1}, {""block"": ""B"", ""computational_rank_supported"": true, ""relative_rank_floor"": 1e-10, ""sigma_1"": 36.472029621661676, ""sigma_r"": 36.472029621661676, ""sigma_r_over_sigma_1"": 1.0, ""supplied_rank"": 1}, {""block"": ""H"", ""computational_rank_supported"": true, ""relative_rank_floor"": 1e-10, ""sigma_1"": 59.39133009862941, ""sigma_r"": 59.39133009862941, ""sigma_r_over_sigma_1"": 1.0, ""supplied_rank"": 1}], ""stationarity_residual"": 4.715674125239968e-05, ""t"": 50, ""tangent_gram_condition_number"": 338.4264959149412, ""tangent_gram_coordinate_dimension"": 219, ""tangent_gram_eigensolver_converged"": true, ""tangent_gram_eigensolver_status"": ""converged"", ""tangent_gram_largest_eigenvalue"": 45.014029883363555, ""tangent_gram_smallest_eigenvalue"": 0.13300976852201668, ""target_support_norm"": 0.013790291208830886, ""target_supported"": true}]","[[0, 4, 7, 8, 12, 14, 17, 19, 20, 21, 22, 23, 26, 27, 28, 29, 30, 31, 32, 37, 38, 39, 40, 43, 46], [1, 2, 3, 5, 6, 9, 10, 11, 13, 15, 16, 18, 24, 25, 33, 34, 35, 36, 41, 42, 44, 45, 47, 48, 49]]","[[1, 2, 3, 6, 7, 8, 9, 14, 15, 18, 21, 22, 23, 25, 28, 34, 37, 38, 39, 42, 43, 44, 46, 47, 48, 49], [0, 4, 5, 10, 11, 12, 13, 16, 17, 19, 20, 24, 26, 27, 29, 30, 31, 32, 33, 35, 36, 40, 41, 45]]",False,False,False,True,"[1, 1, 1]",,"[1, 1, 1]",,,,,,,,null,,1.7395787117562438,14.0,2.3732551215197305e-05,0.9926170020415856,95.0,7.304471139394646e-09,0.8203703055330697,0.019948447070918446,297.0,0.18196335111856604,38.74190259055749,212.91046989628992,True,converged,0.00016365831923523,False,8.0,1.0,0.0832269000238739,0.06571269998676144,0.638664099999005,"[20260810, 4011364011, 2004296267, 1499620634, 1499620634, 2098343407, 1387497986, 1337576661]",b867e9855af0a3ac,610c7358dde2c1b141abb0f783ec54c402df554b,0.9770607270405577,0.6539199811210448,1.979277799327586,0.8699561618596472,0.85,0.49577110609571773,0.6264641707068569,0.2002713262561398,0.85,0.06115389772850033,1.7055382627358167,0.8999999999999999,1.1,0.8,1.2,0.85,1.9596152422706632,6.72532448795568,6.72532448795568,0.85,1.7055382627358167,4.58501333138134,4.58501333138134,9.0,1.0,2.27467551204432,True,c7ef82abbde094d01705ad02a9a499ca5bd3ff3eb3265cce8c4b21ad1fbb5ca3,theorem_covered,True,0.01999999999999997,0.01999061512414876,0.9995307562074396,,,0.3026921212878464,0.3944528181545261,0.0917606968666797,0.4305159495165195,0.561026262674916,0.13051031315839645,0.5488766055517772,0.8324883659312633,0.2836117603794861,0.49784312562700644,0.7550852157867075,0.25724209015970106,0.09391503959494507,0.13357441308044604,,False
replication,b867e9855af0a3ac,4,50,50,5,fixed_rank,success,success,True,True,False,True,False,False,"[1, 1, 1]",,,,,7,dgp4_N50_T50_r00005_truth1-1-1,c7ef82abbde094d01705ad02a9a499ca5bd3ff3eb3265cce8c4b21ad1fbb5ca3,1.9369278000085615,,,B_full_mean,target,split_fit_failure,[],dgp4_N50_T50_r00005_truth1-1-1,split_fit_not_converged,"[1, 1, 1]",0.626464170706857,0.7231941516335534,0.05861453311463756,0.003435663492246943,0.6388506202803858,0.03421753037592281,0.0011708393850272004,0.012386449573528746,0.7231941516335534,0.05861453311463756,0.003435663492246943,0.09672998092669638,0.6388506202803858,0.5846962844238501,0.6086614247837536,4.0,4.0,0.20415150001645088,"[{""converged"": true, ""kind"": ""time"", ""max_envelope_ratio"": 0.4953280870924391, ""n"": 50, ""numerical_rank_vector"": [1, 1, 1], ""part"": 0, ""rank_supported"": true, ""riesz_converged"": true, ""riesz_equation_residual"": 7.298093281924048e-09, ""riesz_solver"": ""cg"", ""riesz_target_rayleigh_quotient"": 0.5838299202713472, ""riesz_target_stable"": true, ""split_rank_singular_values"": [{""block"": ""A"", ""computational_rank_supported"": true, ""relative_rank_floor"": 1e-10, ""sigma_1"": 19.030762786590497, ""sigma_r"": 19.030762786590497, ""sigma_r_over_sigma_1"": 1.0, ""supplied_rank"": 1}, {""block"": ""B"", ""computational_rank_supported"": true, ""relative_rank_floor"": 1e-10, ""sigma_1"": 35.89515447871913, ""sigma_r"": 35.89515447871913, ""sigma_r_over_sigma_1"": 1.0, ""supplied_rank"": 1}, {""block"": ""H"", ""computational_rank_supported"": true, ""relative_rank_floor"": 1e-10, ""sigma_1"": 44.89420085256053, ""sigma_r"": 44.89420085256053, ""sigma_r_over_sigma_1"": 1.0, ""supplied_rank"": 1}], ""stationarity_residual"": 3.4643096240050116e-05, ""t"": 25, ""tangent_gram_condition_number"": 135.06268985984897, ""tangent_gram_coordinate_dimension"": 222, ""tangent_gram_eigensolver_converged"": true, ""tangent_gram_eigensolver_status"": ""converged"", ""tangent_gram_largest_eigenvalue"": 36.767302763673314, ""tangent_gram_smallest_eigenvalue"": 0.27222397837497375, ""target_support_norm"": 0.013570636639220632, ""target_supported"": true}, {""converged"": true, ""kind"": ""time"", ""max_envelope_ratio"": 1.2703879943055214, ""n"": 50, ""numerical_rank_vector"": [1, 1, 1], ""part"": 1, ""rank_supported"": true, ""riesz_converged"": true, ""riesz_equation_residual"": 6.746270531102658e-09, ""riesz_solver"": ""cg"", ""riesz_target_rayleigh_quotient"": 0.5295653758191382, ""riesz_target_stable"": true, ""split_rank_singular_values"": [{""block"": ""A"", ""computational_rank_supported"": true, ""relative_rank_floor"": 1e-10, ""sigma_1"": 19.021554818865532, ""sigma_r"": 19.021554818865532, ""sigma_r_over_sigma_1"": 1.0, ""supplied_rank"": 1}, {""block"": ""B"", ""computational_rank_supported"": true, ""relative_rank_floor"": 1e-10, ""sigma_1"": 30.53906731998309, ""sigma_r"": 30.53906731998309, ""sigma_r_over_sigma_1"": 1.0, ""supplied_rank"": 1}, {""block"": ""H"", ""computational_rank_supported"": true, ""relative_rank_floor"": 1e-10, ""sigma_1"": 65.71822693957068, ""sigma_r"": 65.71822693957068, ""sigma_r_over_sigma_1"": 1.0, ""supplied_rank"": 1}], ""stationarity_residual"": 4.462840992158319e-05, ""t"": 25, ""tangent_gram_condition_number"": 234.56233733600166, ""tangent_gram_coordinate_dimension"": 222, ""tangent_gram_eigensolver_converged"": true, ""tangent_gram_eigensolver_status"": ""converged"", ""tangent_gram_largest_eigenvalue"": 43.132880046631556, ""tangent_gram_smallest_eigenvalue"": 0.18388663984382683, ""target_support_norm"": 0.01273650075528695, ""target_supported"": true}, {""converged"": true, ""kind"": ""unit"", ""max_envelope_ratio"": 0.6704722452849106, ""n"": 26, ""numerical_rank_vector"": [1, 1, 1], ""part"": 0, ""rank_supported"": true, ""riesz_converged"": true, ""riesz_equation_residual"": 6.255653035933053e-09, ""riesz_solver"": ""cg"", ""riesz_target_rayleigh_quotient"": 0.761222685417085, ""riesz_target_stable"": true, ""split_rank_singular_values"": [{""block"": ""A"", ""computational_rank_supported"": true, ""relative_rank_floor"": 1e-10, ""sigma_1"": 20.121556478883807, ""sigma_r"": 20.121556478883807, ""sigma_r_over_sigma_1"": 1.0, ""supplied_rank"": 1}, {""block"": ""B"", ""computational_rank_supported"": true, ""relative_rank_floor"": 1e-10, ""sigma_1"": 30.112349387977364, ""sigma_r"": 30.112349387977364, ""sigma_r_over_sigma_1"": 1.0, ""supplied_rank"": 1}, {""block"": ""H"", ""computational_rank_supported"": true, ""relative_rank_floor"": 1e-10, ""sigma_1"": 45.6095525860114, ""sigma_r"": 45.6095525860114, ""sigma_r_over_sigma_1"": 1.0, ""supplied_rank"": 1}], ""stationarity_residual"": 4.51930172759804e-05, ""t"": 50, ""tangent_gram_condition_number"": 115.63169803002238, ""tangent_gram_coordinate_dimension"": 225, ""tangent_gram_eigensolver_converged"": true, ""tangent_gram_eigensolver_status"": ""converged"", ""tangent_gram_largest_eigenvalue"": 30.73948950164341, ""tangent_gram_smallest_eigenvalue"": 0.2658396445381462, ""target_support_norm"": 0.013806551160624698, ""target_supported"": true}, {""converged"": true, ""kind"": ""unit"", ""max_envelope_ratio"": 1.0157963479537306, ""n"": 24, ""numerical_rank_vector"": [1, 1, 1], ""part"": 1, ""rank_supported"": true, ""riesz_converged"": true, ""riesz_equation_residual"": 8.865522609548536e-09, ""riesz_solver"": ""cg"", ""riesz_target_rayleigh_quotient"": 0.5116526771403174, ""riesz_target_stable"": true, ""split_rank_singular_values"": [{""block"": ""A"", ""computational_rank_supported"": true, ""relative_rank_floor"": 1e-10, ""sigma_1"": 19.80318403953355, ""sigma_r"": 19.80318403953355, ""sigma_r_over_sigma_1"": 1.0, ""supplied_rank"": 1}, {""block"": ""B"", ""computational_rank_supported"": true, ""relative_rank_floor"": 1e-10, ""sigma_1"": 36.472029621661676, ""sigma_r"": 36.472029621661676, ""sigma_r_over_sigma_1"": 1.0, ""supplied_rank"": 1}, {""block"": ""H"", ""computational_rank_supported"": true, ""relative_rank_floor"": 1e-10, ""sigma_1"": 59.39133009862941, ""sigma_r"": 59.39133009862941, ""sigma_r_over_sigma_1"": 1.0, ""supplied_rank"": 1}], ""stationarity_residual"": 4.715674125239968e-05, ""t"": 50, ""tangent_gram_condition_number"": 338.4264959149412, ""tangent_gram_coordinate_dimension"": 219, ""tangent_gram_eigensolver_converged"": true, ""tangent_gram_eigensolver_status"": ""converged"", ""tangent_gram_largest_eigenvalue"": 45.014029883363555, ""tangent_gram_smallest_eigenvalue"": 0.13300976852201668, ""target_support_norm"": 0.012937109710967136, ""target_supported"": true}]","[[0, 4, 7, 8, 12, 14, 17, 19, 20, 21, 22, 23, 26, 27, 28, 29, 30, 31, 32, 37, 38, 39, 40, 43, 46], [1, 2, 3, 5, 6, 9, 10, 11, 13, 15, 16, 18, 24, 25, 33, 34, 35, 36, 41, 42, 44, 45, 47, 48, 49]]","[[1, 2, 3, 6, 7, 8, 9, 14, 15, 18, 21, 22, 23, 25, 28, 34, 37, 38, 39, 42, 43, 44, 46, 47, 48, 49], [0, 4, 5, 10, 11, 12, 13, 16, 17, 19, 20, 24, 26, 27, 29, 30, 31, 32, 33, 35, 36, 40, 41, 45]]",False,False,False,True,"[1, 1, 1]",,"[1, 1, 1]",,,,,,,,null,,1.7395787117562438,14.0,2.3732551215197305e-05,0.9926170020415856,96.0,7.564660686446733e-09,0.6685623208636832,0.019359157394681272,297.0,0.18196335111856604,38.74190259055749,212.91046989628992,True,converged,0.00015992256971445305,False,8.0,1.0,0.0832269000238739,0.06930319999810308,0.7473704000003636,"[20260810, 4011364011, 2004296267, 1499620634, 1499620634, 2098343407, 1387497986, 1337576661]",b867e9855af0a3ac,610c7358dde2c1b141abb0f783ec54c402df554b,0.9770607270405577,0.6539199811210448,1.979277799327586,0.8699561618596472,0.85,0.49577110609571773,0.6264641707068569,0.2002713262561398,0.85,0.06115389772850033,1.7055382627358167,0.8999999999999999,1.1,0.8,1.2,0.85,1.9596152422706632,6.72532448795568,6.72532448795568,0.85,1.7055382627358167,4.58501333138134,4.58501333138134,9.0,1.0,2.27467551204432,True,c7ef82abbde094d01705ad02a9a499ca5bd3ff3eb3265cce8c4b21ad1fbb5ca3,theorem_covered,True,0.01999999999999997,0.019906788006876255,0.9953394003438143,,,0.3026921212878464,0.3944528181545261,0.0917606968666797,0.4305159495165195,0.561026262674916,0.13051031315839645,0.5488766055517772,0.8324883659312633,0.2836117603794861,0.49784312562700644,0.7550852157867075,0.25724209015970106,0.09391503959494507,0.13357441308044604,,False
replication,b867e9855af0a3ac,4,50,50,5,fixed_rank,success,success,True,True,True,True,True,True,"[1, 1, 1]",,,,,7,dgp4_N50_T50_r00005_truth1-1-1,c7ef82abbde094d01705ad02a9a499ca5bd3ff3eb3265cce8c4b21ad1fbb5ca3,1.9369278000085615,,,A_G1_fixed_time,target,success,[],dgp4_N50_T50_r00005_truth1-1-1,success,"[1, 1, 1]",0.3026921212878464,0.3224408355880183,0.1022377151106626,0.010452550391049007,0.3224408355880183,0.1022377151106626,0.010452550391049007,0.019748714300171888,0.3224408355880183,0.1022377151106626,0.010452550391049007,0.019748714300171888,0.3224408355880183,,,0.0,4.0,0.20415150001645088,[],null,null,False,True,True,False,"[1, 1, 1]",,"[1, 1, 1]",,,,,,,,null,,1.7395787117562438,14.0,2.3732551215197305e-05,0.9926170020415856,86.0,7.005988430672897e-09,2.7038146136742975,0.122668466793279,297.0,0.18196335111856604,38.74190259055749,212.91046989628992,True,converged,6.9690886237313e-06,False,8.0,1.0,0.0832269000238739,0.016105799993965775,0.8059456000046339,"[20260810, 4011364011, 2004296267, 1499620634, 1499620634, 2098343407, 1387497986, 1337576661]",b867e9855af0a3ac,610c7358dde2c1b141abb0f783ec54c402df554b,0.9770607270405577,0.6539199811210448,1.979277799327586,0.8699561618596472,0.85,0.49577110609571773,0.6264641707068569,0.2002713262561398,0.85,0.06115389772850033,1.7055382627358167,0.8999999999999999,1.1,0.8,1.2,0.85,1.9596152422706632,6.72532448795568,6.72532448795568,0.85,1.7055382627358167,4.58501333138134,4.58501333138134,9.0,1.0,2.27467551204432,True,c7ef82abbde094d01705ad02a9a499ca5bd3ff3eb3265cce8c4b21ad1fbb5ca3,theorem_covered,True,0.2,0.12242580498749683,0.6121290249374841,,,0.3026921212878464,0.3944528181545261,0.0917606968666797,0.4305159495165195,0.561026262674916,0.13051031315839645,0.5488766055517772,0.8324883659312633,0.2836117603794861,0.49784312562700644,0.7550852157867075,0.25724209015970106,0.09391503959494507,0.13357441308044604,,False
replication,b867e9855af0a3ac,4,50,50,5,fixed_rank,success,success,True,True,True,True,True,True,"[1, 1, 1]",,,,,7,dgp4_N50_T50_r00005_truth1-1-1,c7ef82abbde094d01705ad02a9a499ca5bd3ff3eb3265cce8c4b21ad1fbb5ca3,1.9369278000085615,,,A_G2_fixed_time,target,success,[],dgp4_N50_T50_r00005_truth1-1-1,success,"[1, 1, 1]",0.39445281815452615,0.409418003762885,0.12680502355079684,0.01607951399771814,0.409418003762885,0.12680502355079684,0.01607951399771814,0.014965185608358855,0.409418003762885,0.12680502355079684,0.01607951399771814,0.014965185608358855,0.409418003762885,,,0.0,4.0,0.20415150001645088,[],null,null,False,True,True,False,"[1, 1, 1]",,"[1, 1, 1]",,,,,,,,null,,1.7395787117562438,14.0,2.3732551215197305e-05,0.9926170020415856,87.0,7.1014944055118905e-09,2.7289670549059206,0.15492287835081245,297.0,0.18196335111856604,38.74190259055749,212.91046989628992,True,converged,1.0388125374629952e-05,False,8.0,1.0,0.0832269000238739,0.017096600000513718,0.8589693999965675,"[20260810, 4011364011, 2004296267, 1499620634, 1499620634, 2098343407, 1387497986, 1337576661]",b867e9855af0a3ac,610c7358dde2c1b141abb0f783ec54c402df554b,0.9770607270405577,0.6539199811210448,1.979277799327586,0.8699561618596472,0.85,0.49577110609571773,0.6264641707068569,0.2002713262561398,0.85,0.06115389772850033,1.7055382627358167,0.8999999999999999,1.1,0.8,1.2,0.85,1.9596152422706632,6.72532448795568,6.72532448795568,0.85,1.7055382627358167,4.58501333138134,4.58501333138134,9.0,1.0,2.27467551204432,True,c7ef82abbde094d01705ad02a9a499ca5bd3ff3eb3265cce8c4b21ad1fbb5ca3,theorem_covered,True,0.2,0.15870832798313858,0.7935416399156928,,,0.3026921212878464,0.3944528181545261,0.0917606968666797,0.4305159495165195,0.561026262674916,0.13051031315839645,0.5488766055517772,0.8324883659312633,0.2836117603794861,0.49784312562700644,0.7550852157867075,0.25724209015970106,0.09391503959494507,0.13357441308044604,,False
replication,b867e9855af0a3ac,4,50,50,5,fixed_rank,success,success,True,True,True,True,True,True,"[1, 1, 1]",,,,,7,dgp4_N50_T50_r00005_truth1-1-1,c7ef82abbde094d01705ad02a9a499ca5bd3ff3eb3265cce8c4b21ad1fbb5ca3,1.9369278000085615,,,A_G2_minus_G1_fixed_time,target,success,[],dgp4_N50_T50_r00005_truth1-1-1,success,"[1, 1, 1]",0.09176069686667976,0.08697716817486668,0.032262065589397815,0.0010408408760946065,0.08697716817486668,0.032262065589397815,0.0010408408760946065,-0.004783528691813074,0.08697716817486668,0.032262065589397815,0.0010408408760946065,-0.004783528691813074,0.08697716817486668,,,0.0,4.0,0.20415150001645088,[],null,null,False,True,True,False,"[1, 1, 1]",,"[1, 1, 1]",,,,,,,,null,,1.7395787117562438,14.0,2.3732551215197305e-05,0.9926170020415856,88.0,7.98240331179765e-09,2.8031450089420726,0.043719878147585815,297.0,0.18196335111856604,38.74190259055749,212.91046989628992,True,converged,5.865603794911282e-05,False,8.0,1.0,0.0832269000238739,0.016004699980840087,0.9155872999981511,"[20260810, 4011364011, 2004296267, 1499620634, 1499620634, 2098343407, 1387497986, 1337576661]",b867e9855af0a3ac,610c7358dde2c1b141abb0f783ec54c402df554b,0.9770607270405577,0.6539199811210448,1.979277799327586,0.8699561618596472,0.85,0.49577110609571773,0.6264641707068569,0.2002713262561398,0.85,0.06115389772850033,1.7055382627358167,0.8999999999999999,1.1,0.8,1.2,0.85,1.9596152422706632,6.72532448795568,6.72532448795568,0.85,1.7055382627358167,4.58501333138134,4.58501333138134,9.0,1.0,2.27467551204432,True,c7ef82abbde094d01705ad02a9a499ca5bd3ff3eb3265cce8c4b21ad1fbb5ca3,theorem_covered,True,0.28284271247461906,0.04582437669757957,0.1620136375325266,,,0.3026921212878464,0.3944528181545261,0.0917606968666797,0.4305159495165195,0.561026262674916,0.13051031315839645,0.5488766055517772,0.8324883659312633,0.2836117603794861,0.49784312562700644,0.7550852157867075,0.25724209015970106,0.09391503959494507,0.13357441308044604,,False
replication,b867e9855af0a3ac,4,50,50,5,fixed_rank,success,success,True,True,False,True,False,False,"[1, 1, 1]",,,,,7,dgp4_N50_T50_r00005_truth1-1-1,c7ef82abbde094d01705ad02a9a499ca5bd3ff3eb3265cce8c4b21ad1fbb5ca3,1.9369278000085615,,,A_G1_time_average,target,split_fit_failure,[],dgp4_N50_T50_r00005_truth1-1-1,split_fit_not_converged,"[1, 1, 1]",0.43051594951651956,0.3809140014310194,0.03475940169157483,0.001208216005956255,0.41873689281820214,0.023483772775396337,0.0005514875837664462,-0.011779056698317414,0.3809140014310194,0.03475940169157483,0.001208216005956255,-0.04960194808550017,0.41873689281820214,0.4322278338534703,0.44306884317011686,4.0,4.0,0.20415150001645088,"[{""converged"": true, ""kind"": ""time"", ""max_envelope_ratio"": 0.4953280870924391, ""n"": 50, ""numerical_rank_vector"": [1, 1, 1], ""part"": 0, ""rank_supported"": true, ""riesz_converged"": true, ""riesz_equation_residual"": 8.221350556284589e-09, ""riesz_solver"": ""cg"", ""riesz_target_rayleigh_quotient"": 1.3500713184802264, ""riesz_target_stable"": true, ""split_rank_singular_values"": [{""block"": ""A"", ""computational_rank_supported"": true, ""relative_rank_floor"": 1e-10, ""sigma_1"": 19.030762786590497, ""sigma_r"": 19.030762786590497, ""sigma_r_over_sigma_1"": 1.0, ""supplied_rank"": 1}, {""block"": ""B"", ""computational_rank_supported"": true, ""relative_rank_floor"": 1e-10, ""sigma_1"": 35.89515447871913, ""sigma_r"": 35.89515447871913, ""sigma_r_over_sigma_1"": 1.0, ""supplied_rank"": 1}, {""block"": ""H"", ""computational_rank_supported"": true, ""relative_rank_floor"": 1e-10, ""sigma_1"": 44.89420085256053, ""sigma_r"": 44.89420085256053, ""sigma_r_over_sigma_1"": 1.0, ""supplied_rank"": 1}], ""stationarity_residual"": 3.4643096240050116e-05, ""t"": 25, ""tangent_gram_condition_number"": 135.06268985984897, ""tangent_gram_coordinate_dimension"": 222, ""tangent_gram_eigensolver_converged"": true, ""tangent_gram_eigensolver_status"": ""converged"", ""tangent_gram_largest_eigenvalue"": 36.767302763673314, ""tangent_gram_smallest_eigenvalue"": 0.27222397837497375, ""target_support_norm"": 0.019420101146546097, ""target_supported"": true}, {""converged"": true, ""kind"": ""time"", ""max_envelope_ratio"": 1.2703879943055214, ""n"": 50, ""numerical_rank_vector"": [1, 1, 1], ""part"": 1, ""rank_supported"": true, ""riesz_converged"": true, ""riesz_equation_residual"": 6.288497535352879e-09, ""riesz_solver"": ""cg"", ""riesz_target_rayleigh_quotient"": 0.9059364996968888, ""riesz_target_stable"": true, ""split_rank_singular_values"": [{""block"": ""A"", ""computational_rank_supported"": true, ""relative_rank_floor"": 1e-10, ""sigma_1"": 19.021554818865532, ""sigma_r"": 19.021554818865532, ""sigma_r_over_sigma_1"": 1.0, ""supplied_rank"": 1}, {""block"": ""B"", ""computational_rank_supported"": true, ""relative_rank_floor"": 1e-10, ""sigma_1"": 30.53906731998309, ""sigma_r"": 30.53906731998309, ""sigma_r_over_sigma_1"": 1.0, ""supplied_rank"": 1}, {""block"": ""H"", ""computational_rank_supported"": true, ""relative_rank_floor"": 1e-10, ""sigma_1"": 65.71822693957068, ""sigma_r"": 65.71822693957068, ""sigma_r_over_sigma_1"": 1.0, ""supplied_rank"": 1}], ""stationarity_residual"": 4.462840992158319e-05, ""t"": 25, ""tangent_gram_condition_number"": 234.56233733600166, ""tangent_gram_coordinate_dimension"": 222, ""tangent_gram_eigensolver_converged"": true, ""tangent_gram_eigensolver_status"": ""converged"", ""tangent_gram_largest_eigenvalue"": 43.132880046631556, ""tangent_gram_smallest_eigenvalue"": 0.18388663984382683, ""target_support_norm"": 0.01891846574349759, ""target_supported"": true}, {""converged"": true, ""kind"": ""unit"", ""max_envelope_ratio"": 0.6704722452849106, ""n"": 26, ""numerical_rank_vector"": [1, 1, 1], ""part"": 0, ""rank_supported"": true, ""riesz_converged"": true, ""riesz_equation_residual"": 9.43092806410381e-09, ""riesz_solver"": ""cg"", ""riesz_target_rayleigh_quotient"": 1.3342779932045865, ""riesz_target_stable"": true, ""split_rank_singular_values"": [{""block"": ""A"", ""computational_rank_supported"": true, ""relative_rank_floor"": 1e-10, ""sigma_1"": 20.121556478883807, ""sigma_r"": 20.121556478883807, ""sigma_r_over_sigma_1"": 1.0, ""supplied_rank"": 1}, {""block"": ""B"", ""computational_rank_supported"": true, ""relative_rank_floor"": 1e-10, ""sigma_1"": 30.112349387977364, ""sigma_r"": 30.112349387977364, ""sigma_r_over_sigma_1"": 1.0, ""supplied_rank"": 1}, {""block"": ""H"", ""computational_rank_supported"": true, ""relative_rank_floor"": 1e-10, ""sigma_1"": 45.6095525860114, ""sigma_r"": 45.6095525860114, ""sigma_r_over_sigma_1"": 1.0, ""supplied_rank"": 1}], ""stationarity_residual"": 4.51930172759804e-05, ""t"": 50, ""tangent_gram_condition_number"": 115.63169803002238, ""tangent_gram_coordinate_dimension"": 225, ""tangent_gram_eigensolver_converged"": true, ""tangent_gram_eigensolver_status"": ""converged"", ""tangent_gram_largest_eigenvalue"": 30.73948950164341, ""tangent_gram_smallest_eigenvalue"": 0.2658396445381462, ""target_support_norm"": 0.019589751721213966, ""target_supported"": true}, {""converged"": true, ""kind"": ""unit"", ""max_envelope_ratio"": 1.0157963479537306, ""n"": 24, ""numerical_rank_vector"": [1, 1, 1], ""part"": 1, ""rank_supported"": true, ""riesz_converged"": true, ""riesz_equation_residual"": 9.306562687496343e-09, ""riesz_solver"": ""cg"", ""riesz_target_rayleigh_quotient"": 0.7743199100004576, ""riesz_target_stable"": true, ""split_rank_singular_values"": [{""block"": ""A"", ""computational_rank_supported"": true, ""relative_rank_floor"": 1e-10, ""sigma_1"": 19.80318403953355, ""sigma_r"": 19.80318403953355, ""sigma_r_over_sigma_1"": 1.0, ""supplied_rank"": 1}, {""block"": ""B"", ""computational_rank_supported"": true, ""relative_rank_floor"": 1e-10, ""sigma_1"": 36.472029621661676, ""sigma_r"": 36.472029621661676, ""sigma_r_over_sigma_1"": 1.0, ""supplied_rank"": 1}, {""block"": ""H"", ""computational_rank_supported"": true, ""relative_rank_floor"": 1e-10, ""sigma_1"": 59.39133009862941, ""sigma_r"": 59.39133009862941, ""sigma_r_over_sigma_1"": 1.0, ""supplied_rank"": 1}], ""stationarity_residual"": 4.715674125239968e-05, ""t"": 50, ""tangent_gram_condition_number"": 338.4264959149412, ""tangent_gram_coordinate_dimension"": 219, ""tangent_gram_eigensolver_converged"": true, ""tangent_gram_eigensolver_status"": ""converged"", ""tangent_gram_largest_eigenvalue"": 45.014029883363555, ""tangent_gram_smallest_eigenvalue"": 0.13300976852201668, ""target_support_norm"": 0.018211561162204053, ""target_supported"": true}]","[[0, 4, 7, 8, 12, 14, 17, 19, 20, 21, 22, 23, 26, 27, 28, 29, 30, 31, 32, 37, 38, 39, 40, 43, 46], [1, 2, 3, 5, 6, 9, 10, 11, 13, 15, 16, 18, 24, 25, 33, 34, 35, 36, 41, 42, 44, 45, 47, 48, 49]]","[[1, 2, 3, 6, 7, 8, 9, 14, 15, 18, 21, 22, 23, 25, 28, 34, 37, 38, 39, 42, 43, 44, 46, 47, 48, 49], [0, 4, 5, 10, 11, 12, 13, 16, 17, 19, 20, 24, 26, 27, 29, 30, 31, 32, 33, 35, 36, 40, 41, 45]]",False,False,False,True,"[1, 1, 1]",,"[1, 1, 1]",,,,,,,,null,,1.7395787117562438,14.0,2.3732551215197305e-05,0.9926170020415856,94.0,9.667186904094079e-09,1.182854077131571,0.02731496151108617,297.0,0.18196335111856604,38.74190259055749,212.91046989628992,True,converged,6.0044941218816546e-05,False,8.0,1.0,0.0832269000238739,0.08169089999864809,1.045979000016814,"[20260810, 4011364011, 2004296267, 1499620634, 1499620634, 2098343407, 1387497986, 1337576661]",b867e9855af0a3ac,610c7358dde2c1b141abb0f783ec54c402df554b,0.9770607270405577,0.6539199811210448,1.979277799327586,0.8699561618596472,0.85,0.49577110609571773,0.6264641707068569,0.2002713262561398,0.85,0.06115389772850033,1.7055382627358167,0.8999999999999999,1.1,0.8,1.2,0.85,1.9596152422706632,6.72532448795568,6.72532448795568,0.85,1.7055382627358167,4.58501333138134,4.58501333138134,9.0,1.0,2.27467551204432,True,c7ef82abbde094d01705ad02a9a499ca5bd3ff3eb3265cce8c4b21ad1fbb5ca3,theorem_covered,True,0.028284271247461912,0.027901746295799675,0.9864757006353287,,,0.3026921212878464,0.3944528181545261,0.0917606968666797,0.4305159495165195,0.561026262674916,0.13051031315839645,0.5488766055517772,0.8324883659312633,0.2836117603794861,0.49784312562700644,0.7550852157867075,0.25724209015970106,0.09391503959494507,0.13357441308044604,,False
replication,b867e9855af0a3ac,4,50,50,5,fixed_rank,success,success,True,True,False,True,False,False,"[1, 1, 1]",,,,,7,dgp4_N50_T50_r00005_truth1-1-1,c7ef82abbde094d01705ad02a9a499ca5bd3ff3eb3265cce8c4b21ad1fbb5ca3,1.9369278000085615,,,A_G2_time_average,target,split_fit_failure,[],dgp4_N50_T50_r00005_truth1-1-1,split_fit_not_converged,"[1, 1, 1]",0.5610262626749161,0.5145088191605945,0.0318051660029273,0.0010115685844737626,0.5316895499506391,0.019790096613861684,0.0003916479239859797,-0.02933671272427696,0.5145088191605945,0.0318051660029273,0.0010115685844737626,-0.04651744351432152,0.5316895499506391,0.525797115205316,0.5547627154860068,4.0,4.0,0.20415150001645088,"[{""converged"": true, ""kind"": ""time"", ""max_envelope_ratio"": 0.4953280870924391, ""n"": 50, ""numerical_rank_vector"": [1, 1, 1], ""part"": 0, ""rank_supported"": true, ""riesz_converged"": true, ""riesz_equation_residual"": 7.15333653819614e-09, ""riesz_solver"": ""cg"", ""riesz_target_rayleigh_quotient"": 1.2379882704837144, ""riesz_target_stable"": true, ""split_rank_singular_values"": [{""block"": ""A"", ""computational_rank_supported"": true, ""relative_rank_floor"": 1e-10, ""sigma_1"": 19.030762786590497, ""sigma_r"": 19.030762786590497, ""sigma_r_over_sigma_1"": 1.0, ""supplied_rank"": 1}, {""block"": ""B"", ""computational_rank_supported"": true, ""relative_rank_floor"": 1e-10, ""sigma_1"": 35.89515447871913, ""sigma_r"": 35.89515447871913, ""sigma_r_over_sigma_1"": 1.0, ""supplied_rank"": 1}, {""block"": ""H"", ""computational_rank_supported"": true, ""relative_rank_floor"": 1e-10, ""sigma_1"": 44.89420085256053, ""sigma_r"": 44.89420085256053, ""sigma_r_over_sigma_1"": 1.0, ""supplied_rank"": 1}], ""stationarity_residual"": 3.4643096240050116e-05, ""t"": 25, ""tangent_gram_condition_number"": 135.06268985984897, ""tangent_gram_coordinate_dimension"": 222, ""tangent_gram_eigensolver_converged"": true, ""tangent_gram_eigensolver_status"": ""converged"", ""tangent_gram_largest_eigenvalue"": 36.767302763673314, ""tangent_gram_smallest_eigenvalue"": 0.27222397837497375, ""target_support_norm"": 0.019563951261312697, ""target_supported"": true}, {""converged"": true, ""kind"": ""time"", ""max_envelope_ratio"": 1.2703879943055214, ""n"": 50, ""numerical_rank_vector"": [1, 1, 1], ""part"": 1, ""rank_supported"": true, ""riesz_converged"": true, ""riesz_equation_residual"": 7.58556133147929e-09, ""riesz_solver"": ""cg"", ""riesz_target_rayleigh_quotient"": 0.6787655748729237, ""riesz_target_stable"": true, ""split_rank_singular_values"": [{""block"": ""A"", ""computational_rank_supported"": true, ""relative_rank_floor"": 1e-10, ""sigma_1"": 19.021554818865532, ""sigma_r"": 19.021554818865532, ""sigma_r_over_sigma_1"": 1.0, ""supplied_rank"": 1}, {""block"": ""B"", ""computational_rank_supported"": true, ""relative_rank_floor"": 1e-10, ""sigma_1"": 30.53906731998309, ""sigma_r"": 30.53906731998309, ""sigma_r_over_sigma_1"": 1.0, ""supplied_rank"": 1}, {""block"": ""H"", ""computational_rank_supported"": true, ""relative_rank_floor"": 1e-10, ""sigma_1"": 65.71822693957068, ""sigma_r"": 65.71822693957068, ""sigma_r_over_sigma_1"": 1.0, ""supplied_rank"": 1}], ""stationarity_residual"": 4.462840992158319e-05, ""t"": 25, ""tangent_gram_condition_number"": 234.56233733600166, ""tangent_gram_coordinate_dimension"": 222, ""tangent_gram_eigensolver_converged"": true, ""tangent_gram_eigensolver_status"": ""converged"", ""tangent_gram_largest_eigenvalue"": 43.132880046631556, ""tangent_gram_smallest_eigenvalue"": 0.18388663984382683, ""target_support_norm"": 0.019270657873242468, ""target_supported"": true}, {""converged"": true, ""kind"": ""unit"", ""max_envelope_ratio"": 0.6704722452849106, ""n"": 26, ""numerical_rank_vector"": [1, 1, 1], ""part"": 0, ""rank_supported"": true, ""riesz_converged"": true, ""riesz_equation_residual"": 8.402570807955892e-09, ""riesz_solver"": ""cg"", ""riesz_target_rayleigh_quotient"": 1.4805184805708587, ""riesz_target_stable"": true, ""split_rank_singular_values"": [{""block"": ""A"", ""computational_rank_supported"": true, ""relative_rank_floor"": 1e-10, ""sigma_1"": 20.121556478883807, ""sigma_r"": 20.121556478883807, ""sigma_r_over_sigma_1"": 1.0, ""supplied_rank"": 1}, {""block"": ""B"", ""computational_rank_supported"": true, ""relative_rank_floor"": 1e-10, ""sigma_1"": 30.112349387977364, ""sigma_r"": 30.112349387977364, ""sigma_r_over_sigma_1"": 1.0, ""supplied_rank"": 1}, {""block"": ""H"", ""computational_rank_supported"": true, ""relative_rank_floor"": 1e-10, ""sigma_1"": 45.6095525860114, ""sigma_r"": 45.6095525860114, ""sigma_r_over_sigma_1"": 1.0, ""supplied_rank"": 1}], ""stationarity_residual"": 4.51930172759804e-05, ""t"": 50, ""tangent_gram_condition_number"": 115.63169803002238, ""tangent_gram_coordinate_dimension"": 225, ""tangent_gram_eigensolver_converged"": true, ""tangent_gram_eigensolver_status"": ""converged"", ""tangent_gram_largest_eigenvalue"": 30.73948950164341, ""tangent_gram_smallest_eigenvalue"": 0.2658396445381462, ""target_support_norm"": 0.019858696507646097, ""target_supported"": true}, {""converged"": true, ""kind"": ""unit"", ""max_envelope_ratio"": 1.0157963479537306, ""n"": 24, ""numerical_rank_vector"": [1, 1, 1], ""part"": 1, ""rank_supported"": true, ""riesz_converged"": true, ""riesz_equation_residual"": 7.3516370396542084e-09, ""riesz_solver"": ""cg"", ""riesz_target_rayleigh_quotient"": 0.5023379389542287, ""riesz_target_stable"": true, ""split_rank_singular_values"": [{""block"": ""A"", ""computational_rank_supported"": true, ""relative_rank_floor"": 1e-10, ""sigma_1"": 19.80318403953355, ""sigma_r"": 19.80318403953355, ""sigma_r_over_sigma_1"": 1.0, ""supplied_rank"": 1}, {""block"": ""B"", ""computational_rank_supported"": true, ""relative_rank_floor"": 1e-10, ""sigma_1"": 36.472029621661676, ""sigma_r"": 36.472029621661676, ""sigma_r_over_sigma_1"": 1.0, ""supplied_rank"": 1}, {""block"": ""H"", ""computational_rank_supported"": true, ""relative_rank_floor"": 1e-10, ""sigma_1"": 59.39133009862941, ""sigma_r"": 59.39133009862941, ""sigma_r_over_sigma_1"": 1.0, ""supplied_rank"": 1}], ""stationarity_residual"": 4.715674125239968e-05, ""t"": 50, ""tangent_gram_condition_number"": 338.4264959149412, ""tangent_gram_coordinate_dimension"": 219, ""tangent_gram_eigensolver_converged"": true, ""tangent_gram_eigensolver_status"": ""converged"", ""tangent_gram_largest_eigenvalue"": 45.014029883363555, ""tangent_gram_smallest_eigenvalue"": 0.13300976852201668, ""target_support_norm"": 0.01869567947879563, ""target_supported"": true}]","[[0, 4, 7, 8, 12, 14, 17, 19, 20, 21, 22, 23, 26, 27, 28, 29, 30, 31, 32, 37, 38, 39, 40, 43, 46], [1, 2, 3, 5, 6, 9, 10, 11, 13, 15, 16, 18, 24, 25, 33, 34, 35, 36, 41, 42, 44, 45, 47, 48, 49]]","[[1, 2, 3, 6, 7, 8, 9, 14, 15, 18, 21, 22, 23, 25, 28, 34, 37, 38, 39, 42, 43, 44, 46, 47, 48, 49], [0, 4, 5, 10, 11, 12, 13, 16, 17, 19, 20, 24, 26, 27, 29, 30, 31, 32, 33, 35, 36, 40, 41, 45]]",False,False,False,True,"[1, 1, 1]",,"[1, 1, 1]",,,,,,,,null,,1.7395787117562438,14.0,2.3732551215197305e-05,0.9926170020415856,95.0,4.943011341174435e-09,1.0360445230625075,0.027666680298939546,297.0,0.18196335111856604,38.74190259055749,212.91046989628992,True,converged,0.00020363408669032675,False,8.0,1.0,0.0832269000238739,0.10832990001654252,1.1935148000193294,"[20260810, 4011364011, 2004296267, 1499620634, 1499620634, 2098343407, 1387497986, 1337576661]",b867e9855af0a3ac,610c7358dde2c1b141abb0f783ec54c402df554b,0.9770607270405577,0.6539199811210448,1.979277799327586,0.8699561618596472,0.85,0.49577110609571773,0.6264641707068569,0.2002713262561398,0.85,0.06115389772850033,1.7055382627358167,0.8999999999999999,1.1,0.8,1.2,0.85,1.9596152422706632,6.72532448795568,6.72532448795568,0.85,1.7055382627358167,4.58501333138134,4.58501333138134,9.0,1.0,2.27467551204432,True,c7ef82abbde094d01705ad02a9a499ca5bd3ff3eb3265cce8c4b21ad1fbb5ca3,theorem_covered,True,0.028284271247461912,0.028058375720459706,0.9920133870508515,,,0.3026921212878464,0.3944528181545261,0.0917606968666797,0.4305159495165195,0.561026262674916,0.13051031315839645,0.5488766055517772,0.8324883659312633,0.2836117603794861,0.49784312562700644,0.7550852157867075,0.25724209015970106,0.09391503959494507,0.13357441308044604,,False
replication,b867e9855af0a3ac,4,50,50,5,fixed_rank,success,success,True,True,False,True,False,False,"[1, 1, 1]",,,,,7,dgp4_N50_T50_r00005_truth1-1-1,c7ef82abbde094d01705ad02a9a499ca5bd3ff3eb3265cce8c4b21ad1fbb5ca3,1.9369278000085615,,,A_G2_minus_G1_time_average,target,split_fit_failure,[],dgp4_N50_T50_r00005_truth1-1-1,split_fit_not_converged,"[1, 1, 1]",0.13051031315839648,0.13359481772957507,0.040537577608867885,0.0016432951983949868,0.11295265713243689,0.026152654361598703,0.0006839613301572478,-0.017557656025959587,0.13359481772957507,0.040537577608867885,0.0016432951983949868,0.0030845045711785923,0.11295265713243689,0.09356928135184575,0.11169387231588984,4.0,4.0,0.20415150001645088,"[{""converged"": true, ""kind"": ""time"", ""max_envelope_ratio"": 0.4953280870924391, ""n"": 50, ""numerical_rank_vector"": [1, 1, 1], ""part"": 0, ""rank_supported"": true, ""riesz_converged"": true, ""riesz_equation_residual"": 7.619440433000021e-09, ""riesz_solver"": ""cg"", ""riesz_target_rayleigh_quotient"": 2.363122095256193, ""riesz_target_stable"": true, ""split_rank_singular_values"": [{""block"": ""A"", ""computational_rank_supported"": true, ""relative_rank_floor"": 1e-10, ""sigma_1"": 19.030762786590497, ""sigma_r"": 19.030762786590497, ""sigma_r_over_sigma_1"": 1.0, ""supplied_rank"": 1}, {""block"": ""B"", ""computational_rank_supported"": true, ""relative_rank_floor"": 1e-10, ""sigma_1"": 35.89515447871913, ""sigma_r"": 35.89515447871913, ""sigma_r_over_sigma_1"": 1.0, ""supplied_rank"": 1}, {""block"": ""H"", ""computational_rank_supported"": true, ""relative_rank_floor"": 1e-10, ""sigma_1"": 44.89420085256053, ""sigma_r"": 44.89420085256053, ""sigma_r_over_sigma_1"": 1.0, ""supplied_rank"": 1}], ""stationarity_residual"": 3.4643096240050116e-05, ""t"": 25, ""tangent_gram_condition_number"": 135.06268985984897, ""tangent_gram_coordinate_dimension"": 222, ""tangent_gram_eigensolver_converged"": true, ""tangent_gram_eigensolver_status"": ""converged"", ""tangent_gram_largest_eigenvalue"": 36.767302763673314, ""tangent_gram_smallest_eigenvalue"": 0.27222397837497375, ""target_support_norm"": 0.026959418004279048, ""target_supported"": true}, {""converged"": true, ""kind"": ""time"", ""max_envelope_ratio"": 1.2703879943055214, ""n"": 50, ""numerical_rank_vector"": [1, 1, 1], ""part"": 1, ""rank_supported"": true, ""riesz_converged"": true, ""riesz_equation_residual"": 8.892915088986717e-09, ""riesz_solver"": ""cg"", ""riesz_target_rayleigh_quotient"": 2.1367779319259586, ""riesz_target_stable"": true, ""split_rank_singular_values"": [{""block"": ""A"", ""computational_rank_supported"": true, ""relative_rank_floor"": 1e-10, ""sigma_1"": 19.021554818865532, ""sigma_r"": 19.021554818865532, ""sigma_r_over_sigma_1"": 1.0, ""supplied_rank"": 1}, {""block"": ""B"", ""computational_rank_supported"": true, ""relative_rank_floor"": 1e-10, ""sigma_1"": 30.53906731998309, ""sigma_r"": 30.53906731998309, ""sigma_r_over_sigma_1"": 1.0, ""supplied_rank"": 1}, {""block"": ""H"", ""computational_rank_supported"": true, ""relative_rank_floor"": 1e-10, ""sigma_1"": 65.71822693957068, ""sigma_r"": 65.71822693957068, ""sigma_r_over_sigma_1"": 1.0, ""supplied_rank"": 1}], ""stationarity_residual"": 4.462840992158319e-05, ""t"": 25, ""tangent_gram_condition_number"": 234.56233733600166, ""tangent_gram_coordinate_dimension"": 222, ""tangent_gram_eigensolver_converged"": true, ""tangent_gram_eigensolver_status"": ""converged"", ""tangent_gram_largest_eigenvalue"": 43.132880046631556, ""tangent_gram_smallest_eigenvalue"": 0.18388663984382683, ""target_support_norm"": 0.025880480067063463, ""target_supported"": true}, {""converged"": true, ""kind"": ""unit"", ""max_envelope_ratio"": 0.6704722452849106, ""n"": 26, ""numerical_rank_vector"": [1, 1, 1], ""part"": 0, ""rank_supported"": true, ""riesz_converged"": true, ""riesz_equation_residual"": 6.414856092142148e-09, ""riesz_solver"": ""cg"", ""riesz_target_rayleigh_quotient"": 2.548858938606434, ""riesz_target_stable"": true, ""split_rank_singular_values"": [{""block"": ""A"", ""computational_rank_supported"": true, ""relative_rank_floor"": 1e-10, ""sigma_1"": 20.121556478883807, ""sigma_r"": 20.121556478883807, ""sigma_r_over_sigma_1"": 1.0, ""supplied_rank"": 1}, {""block"": ""B"", ""computational_rank_supported"": true, ""relative_rank_floor"": 1e-10, ""sigma_1"": 30.112349387977364, ""sigma_r"": 30.112349387977364, ""sigma_r_over_sigma_1"": 1.0, ""supplied_rank"": 1}, {""block"": ""H"", ""computational_rank_supported"": true, ""relative_rank_floor"": 1e-10, ""sigma_1"": 45.6095525860114, ""sigma_r"": 45.6095525860114, ""sigma_r_over_sigma_1"": 1.0, ""supplied_rank"": 1}], ""stationarity_residual"": 4.51930172759804e-05, ""t"": 50, ""tangent_gram_condition_number"": 115.63169803002238, ""tangent_gram_coordinate_dimension"": 225, ""tangent_gram_eigensolver_converged"": true, ""tangent_gram_eigensolver_status"": ""converged"", ""tangent_gram_largest_eigenvalue"": 30.73948950164341, ""tangent_gram_smallest_eigenvalue"": 0.2658396445381462, ""target_support_norm"": 0.027049843938336482, ""target_supported"": true}, {""converged"": true, ""kind"": ""unit"", ""max_envelope_ratio"": 1.0157963479537306, ""n"": 24, ""numerical_rank_vector"": [1, 1, 1], ""part"": 1, ""rank_supported"": true, ""riesz_converged"": true, ""riesz_equation_residual"": 9.141718962499906e-09, ""riesz_solver"": ""cg"", ""riesz_target_rayleigh_quotient"": 1.599340376828028, ""riesz_target_stable"": true, ""split_rank_singular_values"": [{""block"": ""A"", ""computational_rank_supported"": true, ""relative_rank_floor"": 1e-10, ""sigma_1"": 19.80318403953355, ""sigma_r"": 19.80318403953355, ""sigma_r_over_sigma_1"": 1.0, ""supplied_rank"": 1}, {""block"": ""B"", ""computational_rank_supported"": true, ""relative_rank_floor"": 1e-10, ""sigma_1"": 36.472029621661676, ""sigma_r"": 36.472029621661676, ""sigma_r_over_sigma_1"": 1.0, ""supplied_rank"": 1}, {""block"": ""H"", ""computational_rank_supported"": true, ""relative_rank_floor"": 1e-10, ""sigma_1"": 59.39133009862941, ""sigma_r"": 59.39133009862941, ""sigma_r_over_sigma_1"": 1.0, ""supplied_rank"": 1}], ""stationarity_residual"": 4.715674125239968e-05, ""t"": 50, ""tangent_gram_condition_number"": 338.4264959149412, ""tangent_gram_coordinate_dimension"": 219, ""tangent_gram_eigensolver_converged"": true, ""tangent_gram_eigensolver_status"": ""converged"", ""tangent_gram_largest_eigenvalue"": 45.014029883363555, ""tangent_gram_smallest_eigenvalue"": 0.13300976852201668, ""target_support_norm"": 0.024529375364645643, ""target_supported"": true}]","[[0, 4, 7, 8, 12, 14, 17, 19, 20, 21, 22, 23, 26, 27, 28, 29, 30, 31, 32, 37, 38, 39, 40, 43, 46], [1, 2, 3, 5, 6, 9, 10, 11, 13, 15, 16, 18, 24, 25, 33, 34, 35, 36, 41, 42, 44, 45, 47, 48, 49]]","[[1, 2, 3, 6, 7, 8, 9, 14, 15, 18, 21, 22, 23, 25, 28, 34, 37, 38, 39, 42, 43, 44, 46, 47, 48, 49], [0, 4, 5, 10, 11, 12, 13, 16, 17, 19, 20, 24, 26, 27, 29, 30, 31, 32, 33, 35, 36, 40, 41, 45]]",False,False,False,True,"[1, 1, 1]",,"[1, 1, 1]",,,,,,,,null,,1.7395787117562438,14.0,2.3732551215197305e-05,0.9926170020415856,88.0,9.927827494818019e-09,2.827871543285352,0.03783308710727633,297.0,0.18196335111856604,38.74190259055749,212.91046989628992,True,converged,0.00011446576925908496,False,8.0,1.0,0.0832269000238739,0.10848249998525716,1.3804883999982849,"[20260810, 4011364011, 2004296267, 1499620634, 1499620634, 2098343407, 1387497986, 1337576661]",b867e9855af0a3ac,610c7358dde2c1b141abb0f783ec54c402df554b,0.9770607270405577,0.6539199811210448,1.979277799327586,0.8699561618596472,0.85,0.49577110609571773,0.6264641707068569,0.2002713262561398,0.85,0.06115389772850033,1.7055382627358167,0.8999999999999999,1.1,0.8,1.2,0.85,1.9596152422706632,6.72532448795568,6.72532448795568,0.85,1.7055382627358167,4.58501333138134,4.58501333138134,9.0,1.0,2.27467551204432,True,c7ef82abbde094d01705ad02a9a499ca5bd3ff3eb3265cce8c4b21ad1fbb5ca3,theorem_covered,True,0.03999999999999994,0.03915432309061065,0.9788580772652677,,,0.3026921212878464,0.3944528181545261,0.0917606968666797,0.4305159495165195,0.561026262674916,0.13051031315839645,0.5488766055517772,0.8324883659312633,0.2836117603794861,0.49784312562700644,0.7550852157867075,0.25724209015970106,0.09391503959494507,0.13357441308044604,,False
replication,b867e9855af0a3ac,4,50,50,5,fixed_rank,success,success,True,True,True,True,True,True,"[1, 1, 1]",,,,,7,dgp4_N50_T50_r00005_truth1-1-1,c7ef82abbde094d01705ad02a9a499ca5bd3ff3eb3265cce8c4b21ad1fbb5ca3,1.9369278000085615,,,B_G1_fixed_time,target,success,[],dgp4_N50_T50_r00005_truth1-1-1,success,"[1, 1, 1]",0.5488766055517771,1.054434582320136,0.1611801724459329,0.02597904798970067,1.054434582320136,0.1611801724459329,0.02597904798970067,0.5055579767683589,1.054434582320136,0.1611801724459329,0.02597904798970067,0.5055579767683589,1.054434582320136,,,0.0,4.0,0.20415150001645088,[],null,null,True,True,False,False,"[1, 1, 1]",,"[1, 1, 1]",,,,,,,,null,,1.7395787117562438,14.0,2.3732551215197305e-05,0.9926170020415856,94.0,6.786464219195153e-09,0.6597985145885538,0.11780795607827521,297.0,0.18196335111856604,38.74190259055749,212.91046989628992,True,converged,1.5065051948130304e-05,False,8.0,1.0,0.0832269000238739,0.020950599981006235,1.4864994999952614,"[20260810, 4011364011, 2004296267, 1499620634, 1499620634, 2098343407, 1387497986, 1337576661]",b867e9855af0a3ac,610c7358dde2c1b141abb0f783ec54c402df554b,0.9770607270405577,0.6539199811210448,1.979277799327586,0.8699561618596472,0.85,0.49577110609571773,0.6264641707068569,0.2002713262561398,0.85,0.06115389772850033,1.7055382627358167,0.8999999999999999,1.1,0.8,1.2,0.85,1.9596152422706632,6.72532448795568,6.72532448795568,0.85,1.7055382627358167,4.58501333138134,4.58501333138134,9.0,1.0,2.27467551204432,True,c7ef82abbde094d01705ad02a9a499ca5bd3ff3eb3265cce8c4b21ad1fbb5ca3,theorem_covered,True,0.2,0.10984990992720285,0.5492495496360142,,,0.3026921212878464,0.3944528181545261,0.0917606968666797,0.4305159495165195,0.561026262674916,0.13051031315839645,0.5488766055517772,0.8324883659312633,0.2836117603794861,0.49784312562700644,0.7550852157867075,0.25724209015970106,0.09391503959494507,0.13357441308044604,,False
replication,b867e9855af0a3ac,4,50,50,5,fixed_rank,success,success,True,True,True,True,True,True,"[1, 1, 1]",,,,,7,dgp4_N50_T50_r00005_truth1-1-1,c7ef82abbde094d01705ad02a9a499ca5bd3ff3eb3265cce8c4b21ad1fbb5ca3,1.9369278000085615,,,B_G2_fixed_time,target,success,[],dgp4_N50_T50_r00005_truth1-1-1,success,"[1, 1, 1]",0.8324883659312634,1.2949482555857417,0.1933076533648514,0.03736784884942554,1.2949482555857417,0.1933076533648514,0.03736784884942554,0.46245988965447826,1.2949482555857417,0.1933076533648514,0.03736784884942554,0.46245988965447826,1.2949482555857417,,,0.0,4.0,0.20415150001645088,[],null,null,True,True,False,False,"[1, 1, 1]",,"[1, 1, 1]",,,,,,,,null,,1.7395787117562438,14.0,2.3732551215197305e-05,0.9926170020415856,94.0,5.957604816435954e-09,0.6627269453702187,0.1412431583796087,297.0,0.18196335111856604,38.74190259055749,212.91046989628992,True,converged,2.9972716334987116e-05,False,8.0,1.0,0.0832269000238739,0.019567900017136708,1.616234400018584,"[20260810, 4011364011, 2004296267, 1499620634, 1499620634, 2098343407, 1387497986, 1337576661]",b867e9855af0a3ac,610c7358dde2c1b141abb0f783ec54c402df554b,0.9770607270405577,0.6539199811210448,1.979277799327586,0.8699561618596472,0.85,0.49577110609571773,0.6264641707068569,0.2002713262561398,0.85,0.06115389772850033,1.7055382627358167,0.8999999999999999,1.1,0.8,1.2,0.85,1.9596152422706632,6.72532448795568,6.72532448795568,0.85,1.7055382627358167,4.58501333138134,4.58501333138134,9.0,1.0,2.27467551204432,True,c7ef82abbde094d01705ad02a9a499ca5bd3ff3eb3265cce8c4b21ad1fbb5ca3,theorem_covered,True,0.2,0.16315483073556883,0.8157741536778441,,,0.3026921212878464,0.3944528181545261,0.0917606968666797,0.4305159495165195,0.561026262674916,0.13051031315839645,0.5488766055517772,0.8324883659312633,0.2836117603794861,0.49784312562700644,0.7550852157867075,0.25724209015970106,0.09391503959494507,0.13357441308044604,,False
replication,b867e9855af0a3ac,4,50,50,5,fixed_rank,success,success,True,True,True,True,True,True,"[1, 1, 1]",,,,,7,dgp4_N50_T50_r00005_truth1-1-1,c7ef82abbde094d01705ad02a9a499ca5bd3ff3eb3265cce8c4b21ad1fbb5ca3,1.9369278000085615,,,B_G2_minus_G1_fixed_time,target,success,[],dgp4_N50_T50_r00005_truth1-1-1,success,"[1, 1, 1]",0.28361176037948616,0.2405136732656058,0.11186160995845028,0.012513019782496464,0.2405136732656058,0.11186160995845028,0.012513019782496464,-0.04309808711388036,0.2405136732656058,0.11186160995845028,0.012513019782496464,-0.04309808711388036,0.2405136732656058,,,0.0,4.0,0.20415150001645088,[],null,null,False,True,True,False,"[1, 1, 1]",,"[1, 1, 1]",,,,,,,,null,,1.7395787117562438,14.0,2.3732551215197305e-05,0.9926170020415856,96.0,7.410431653192293e-09,0.73791551831803,0.0669938203918345,297.0,0.18196335111856604,38.74190259055749,212.91046989628992,True,converged,0.00010475219340396879,False,8.0,1.0,0.0832269000238739,0.017655899981036782,1.6702694999985397,"[20260810, 4011364011, 2004296267, 1499620634, 1499620634, 2098343407, 1387497986, 1337576661]",b867e9855af0a3ac,610c7358dde2c1b141abb0f783ec54c402df554b,0.9770607270405577,0.6539199811210448,1.979277799327586,0.8699561618596472,0.85,0.49577110609571773,0.6264641707068569,0.2002713262561398,0.85,0.06115389772850033,1.7055382627358167,0.8999999999999999,1.1,0.8,1.2,0.85,1.9596152422706632,6.72532448795568,6.72532448795568,0.85,1.7055382627358167,4.58501333138134,4.58501333138134,9.0,1.0,2.27467551204432,True,c7ef82abbde094d01705ad02a9a499ca5bd3ff3eb3265cce8c4b21ad1fbb5ca3,theorem_covered,True,0.28284271247461906,0.06885181156137192,0.24342791426012203,,,0.3026921212878464,0.3944528181545261,0.0917606968666797,0.4305159495165195,0.561026262674916,0.13051031315839645,0.5488766055517772,0.8324883659312633,0.2836117603794861,0.49784312562700644,0.7550852157867075,0.25724209015970106,0.09391503959494507,0.13357441308044604,,False
replication,b867e9855af0a3ac,4,50,50,5,fixed_rank,success,success,True,True,False,True,False,False,"[1, 1, 1]",,,,,7,dgp4_N50_T50_r00005_truth1-1-1,c7ef82abbde094d01705ad02a9a499ca5bd3ff3eb3265cce8c4b21ad1fbb5ca3,1.9369278000085615,,,B_G1_time_average,target,split_fit_failure,[],dgp4_N50_T50_r00005_truth1-1-1,split_fit_not_converged,"[1, 1, 1]",0.4978431256270064,0.6421662874243708,0.07252383500401845,0.005259706643690092,0.5734494830657271,0.04488852083376559,0.0020149793026434074,0.07560635743872068,0.6421662874243708,0.07252383500401845,0.005259706643690092,0.14432316179736437,0.5734494830657271,0.5182618721073178,0.5599202896654927,4.0,4.0,0.20415150001645088,"[{""converged"": true, ""kind"": ""time"", ""max_envelope_ratio"": 0.4953280870924391, ""n"": 50, ""numerical_rank_vector"": [1, 1, 1], ""part"": 0, ""rank_supported"": true, ""riesz_converged"": true, ""riesz_equation_residual"": 9.108532568146193e-09, ""riesz_solver"": ""cg"", ""riesz_target_rayleigh_quotient"": 0.6210666861642414, ""riesz_target_stable"": true, ""split_rank_singular_values"": [{""block"": ""A"", ""computational_rank_supported"": true, ""relative_rank_floor"": 1e-10, ""sigma_1"": 19.030762786590497, ""sigma_r"": 19.030762786590497, ""sigma_r_over_sigma_1"": 1.0, ""supplied_rank"": 1}, {""block"": ""B"", ""computational_rank_supported"": true, ""relative_rank_floor"": 1e-10, ""sigma_1"": 35.89515447871913, ""sigma_r"": 35.89515447871913, ""sigma_r_over_sigma_1"": 1.0, ""supplied_rank"": 1}, {""block"": ""H"", ""computational_rank_supported"": true, ""relative_rank_floor"": 1e-10, ""sigma_1"": 44.89420085256053, ""sigma_r"": 44.89420085256053, ""sigma_r_over_sigma_1"": 1.0, ""supplied_rank"": 1}], ""stationarity_residual"": 3.4643096240050116e-05, ""t"": 25, ""tangent_gram_condition_number"": 135.06268985984897, ""tangent_gram_coordinate_dimension"": 222, ""tangent_gram_eigensolver_converged"": true, ""tangent_gram_eigensolver_status"": ""converged"", ""tangent_gram_largest_eigenvalue"": 36.767302763673314, ""tangent_gram_smallest_eigenvalue"": 0.27222397837497375, ""target_support_norm"": 0.018464367852354023, ""target_supported"": true}, {""converged"": true, ""kind"": ""time"", ""max_envelope_ratio"": 1.2703879943055214, ""n"": 50, ""numerical_rank_vector"": [1, 1, 1], ""part"": 1, ""rank_supported"": true, ""riesz_converged"": true, ""riesz_equation_residual"": 9.595727929190343e-09, ""riesz_solver"": ""cg"", ""riesz_target_rayleigh_quotient"": 0.556655980411737, ""riesz_target_stable"": true, ""split_rank_singular_values"": [{""block"": ""A"", ""computational_rank_supported"": true, ""relative_rank_floor"": 1e-10, ""sigma_1"": 19.021554818865532, ""sigma_r"": 19.021554818865532, ""sigma_r_over_sigma_1"": 1.0, ""supplied_rank"": 1}, {""block"": ""B"", ""computational_rank_supported"": true, ""relative_rank_floor"": 1e-10, ""sigma_1"": 30.53906731998309, ""sigma_r"": 30.53906731998309, ""sigma_r_over_sigma_1"": 1.0, ""supplied_rank"": 1}, {""block"": ""H"", ""computational_rank_supported"": true, ""relative_rank_floor"": 1e-10, ""sigma_1"": 65.71822693957068, ""sigma_r"": 65.71822693957068, ""sigma_r_over_sigma_1"": 1.0, ""supplied_rank"": 1}], ""stationarity_residual"": 4.462840992158319e-05, ""t"": 25, ""tangent_gram_condition_number"": 234.56233733600166, ""tangent_gram_coordinate_dimension"": 222, ""tangent_gram_eigensolver_converged"": true, ""tangent_gram_eigensolver_status"": ""converged"", ""tangent_gram_largest_eigenvalue"": 43.132880046631556, ""tangent_gram_smallest_eigenvalue"": 0.18388663984382683, ""target_support_norm"": 0.015988957631926808, ""target_supported"": true}, {""converged"": true, ""kind"": ""unit"", ""max_envelope_ratio"": 0.6704722452849106, ""n"": 26, ""numerical_rank_vector"": [1, 1, 1], ""part"": 0, ""rank_supported"": true, ""riesz_converged"": true, ""riesz_equation_residual"": 9.509771104711229e-09, ""riesz_solver"": ""cg"", ""riesz_target_rayleigh_quotient"": 0.7621932241587215, ""riesz_target_stable"": true, ""split_rank_singular_values"": [{""block"": ""A"", ""computational_rank_supported"": true, ""relative_rank_floor"": 1e-10, ""sigma_1"": 20.121556478883807, ""sigma_r"": 20.121556478883807, ""sigma_r_over_sigma_1"": 1.0, ""supplied_rank"": 1}, {""block"": ""B"", ""computational_rank_supported"": true, ""relative_rank_floor"": 1e-10, ""sigma_1"": 30.112349387977364, ""sigma_r"": 30.112349387977364, ""sigma_r_over_sigma_1"": 1.0, ""supplied_rank"": 1}, {""block"": ""H"", ""computational_rank_supported"": true, ""relative_rank_floor"": 1e-10, ""sigma_1"": 45.6095525860114, ""sigma_r"": 45.6095525860114, ""sigma_r_over_sigma_1"": 1.0, ""supplied_rank"": 1}], ""stationarity_residual"": 4.51930172759804e-05, ""t"": 50, ""tangent_gram_condition_number"": 115.63169803002238, ""tangent_gram_coordinate_dimension"": 225, ""tangent_gram_eigensolver_converged"": true, ""tangent_gram_eigensolver_status"": ""converged"", ""tangent_gram_largest_eigenvalue"": 30.73948950164341, ""tangent_gram_smallest_eigenvalue"": 0.2658396445381462, ""target_support_norm"": 0.01738452897371438, ""target_supported"": true}, {""converged"": true, ""kind"": ""unit"", ""max_envelope_ratio"": 1.0157963479537306, ""n"": 24, ""numerical_rank_vector"": [1, 1, 1], ""part"": 1, ""rank_supported"": true, ""riesz_converged"": true, ""riesz_equation_residual"": 9.940327162475713e-09, ""riesz_solver"": ""cg"", ""riesz_target_rayleigh_quotient"": 0.5334672751631765, ""riesz_target_stable"": true, ""split_rank_singular_values"": [{""block"": ""A"", ""computational_rank_supported"": true, ""relative_rank_floor"": 1e-10, ""sigma_1"": 19.80318403953355, ""sigma_r"": 19.80318403953355, ""sigma_r_over_sigma_1"": 1.0, ""supplied_rank"": 1}, {""block"": ""B"", ""computational_rank_supported"": true, ""relative_rank_floor"": 1e-10, ""sigma_1"": 36.472029621661676, ""sigma_r"": 36.472029621661676, ""sigma_r_over_sigma_1"": 1.0, ""supplied_rank"": 1}, {""block"": ""H"", ""computational_rank_supported"": true, ""relative_rank_floor"": 1e-10, ""sigma_1"": 59.39133009862941, ""sigma_r"": 59.39133009862941, ""sigma_r_over_sigma_1"": 1.0, ""supplied_rank"": 1}], ""stationarity_residual"": 4.715674125239968e-05, ""t"": 50, ""tangent_gram_condition_number"": 338.4264959149412, ""tangent_gram_coordinate_dimension"": 219, ""tangent_gram_eigensolver_converged"": true, ""tangent_gram_eigensolver_status"": ""converged"", ""tangent_gram_largest_eigenvalue"": 45.014029883363555, ""tangent_gram_smallest_eigenvalue"": 0.13300976852201668, ""target_support_norm"": 0.016157009631570858, ""target_supported"": true}]","[[0, 4, 7, 8, 12, 14, 17, 19, 20, 21, 22, 23, 26, 27, 28, 29, 30, 31, 32, 37, 38, 39, 40, 43, 46], [1, 2, 3, 5, 6, 9, 10, 11, 13, 15, 16, 18, 24, 25, 33, 34, 35, 36, 41, 42, 44, 45, 47, 48, 49]]","[[1, 2, 3, 6, 7, 8, 9, 14, 15, 18, 21, 22, 23, 25, 28, 34, 37, 38, 39, 42, 43, 44, 46, 47, 48, 49], [0, 4, 5, 10, 11, 12, 13, 16, 17, 19, 20, 24, 26, 27, 29, 30, 31, 32, 33, 35, 36, 40, 41, 45]]",False,False,False,True,"[1, 1, 1]",,"[1, 1, 1]",,,,,,,,null,,1.7395787117562438,14.0,2.3732551215197305e-05,0.9926170020415856,95.0,8.29786362555806e-09,0.7429607195007083,0.025365774468559112,297.0,0.18196335111856604,38.74190259055749,212.91046989628992,True,converged,4.208692212947813e-05,False,8.0,1.0,0.0832269000238739,0.0641475000011269,1.7645669000048656,"[20260810, 4011364011, 2004296267, 1499620634, 1499620634, 2098343407, 1387497986, 1337576661]",b867e9855af0a3ac,610c7358dde2c1b141abb0f783ec54c402df554b,0.9770607270405577,0.6539199811210448,1.979277799327586,0.8699561618596472,0.85,0.49577110609571773,0.6264641707068569,0.2002713262561398,0.85,0.06115389772850033,1.7055382627358167,0.8999999999999999,1.1,0.8,1.2,0.85,1.9596152422706632,6.72532448795568,6.72532448795568,0.85,1.7055382627358167,4.58501333138134,4.58501333138134,9.0,1.0,2.27467551204432,True,c7ef82abbde094d01705ad02a9a499ca5bd3ff3eb3265cce8c4b21ad1fbb5ca3,theorem_covered,True,0.028284271247461912,0.02726880908593599,0.9640979909773335,,,0.3026921212878464,0.3944528181545261,0.0917606968666797,0.4305159495165195,0.561026262674916,0.13051031315839645,0.5488766055517772,0.8324883659312633,0.2836117603794861,0.49784312562700644,0.7550852157867075,0.25724209015970106,0.09391503959494507,0.13357441308044604,,False
replication,b867e9855af0a3ac,4,50,50,5,fixed_rank,success,success,True,True,False,True,False,False,"[1, 1, 1]",,,,,7,dgp4_N50_T50_r00005_truth1-1-1,c7ef82abbde094d01705ad02a9a499ca5bd3ff3eb3265cce8c4b21ad1fbb5ca3,1.9369278000085615,,,B_G2_time_average,target,split_fit_failure,[],dgp4_N50_T50_r00005_truth1-1-1,split_fit_not_converged,"[1, 1, 1]",0.7550852157867077,0.8042220158427358,0.0812126170981462,0.006595489175930108,0.7042517574950444,0.04451194085878598,0.0019813128790160607,-0.0508334582916633,0.8042220158427358,0.0812126170981462,0.006595489175930108,0.04913680005602805,0.7042517574950444,0.6511306967403824,0.6574025599020148,4.0,4.0,0.20415150001645088,"[{""converged"": true, ""kind"": ""time"", ""max_envelope_ratio"": 0.4953280870924391, ""n"": 50, ""numerical_rank_vector"": [1, 1, 1], ""part"": 0, ""rank_supported"": true, ""riesz_converged"": true, ""riesz_equation_residual"": 9.444378934735513e-09, ""riesz_solver"": ""cg"", ""riesz_target_rayleigh_quotient"": 0.611480144487838, ""riesz_target_stable"": true, ""split_rank_singular_values"": [{""block"": ""A"", ""computational_rank_supported"": true, ""relative_rank_floor"": 1e-10, ""sigma_1"": 19.030762786590497, ""sigma_r"": 19.030762786590497, ""sigma_r_over_sigma_1"": 1.0, ""supplied_rank"": 1}, {""block"": ""B"", ""computational_rank_supported"": true, ""relative_rank_floor"": 1e-10, ""sigma_1"": 35.89515447871913, ""sigma_r"": 35.89515447871913, ""sigma_r_over_sigma_1"": 1.0, ""supplied_rank"": 1}, {""block"": ""H"", ""computational_rank_supported"": true, ""relative_rank_floor"": 1e-10, ""sigma_1"": 44.89420085256053, ""sigma_r"": 44.89420085256053, ""sigma_r_over_sigma_1"": 1.0, ""supplied_rank"": 1}], ""stationarity_residual"": 3.4643096240050116e-05, ""t"": 25, ""tangent_gram_condition_number"": 135.06268985984897, ""tangent_gram_coordinate_dimension"": 222, ""tangent_gram_eigensolver_converged"": true, ""tangent_gram_eigensolver_status"": ""converged"", ""tangent_gram_largest_eigenvalue"": 36.767302763673314, ""tangent_gram_smallest_eigenvalue"": 0.27222397837497375, ""target_support_norm"": 0.01885409473587353, ""target_supported"": true}, {""converged"": true, ""kind"": ""time"", ""max_envelope_ratio"": 1.2703879943055214, ""n"": 50, ""numerical_rank_vector"": [1, 1, 1], ""part"": 1, ""rank_supported"": true, ""riesz_converged"": true, ""riesz_equation_residual"": 7.843952984625386e-09, ""riesz_solver"": ""cg"", ""riesz_target_rayleigh_quotient"": 0.5053197000058404, ""riesz_target_stable"": true, ""split_rank_singular_values"": [{""block"": ""A"", ""computational_rank_supported"": true, ""relative_rank_floor"": 1e-10, ""sigma_1"": 19.021554818865532, ""sigma_r"": 19.021554818865532, ""sigma_r_over_sigma_1"": 1.0, ""supplied_rank"": 1}, {""block"": ""B"", ""computational_rank_supported"": true, ""relative_rank_floor"": 1e-10, ""sigma_1"": 30.53906731998309, ""sigma_r"": 30.53906731998309, ""sigma_r_over_sigma_1"": 1.0, ""supplied_rank"": 1}, {""block"": ""H"", ""computational_rank_supported"": true, ""relative_rank_floor"": 1e-10, ""sigma_1"": 65.71822693957068, ""sigma_r"": 65.71822693957068, ""sigma_r_over_sigma_1"": 1.0, ""supplied_rank"": 1}], ""stationarity_residual"": 4.462840992158319e-05, ""t"": 25, ""tangent_gram_condition_number"": 234.56233733600166, ""tangent_gram_coordinate_dimension"": 222, ""tangent_gram_eigensolver_converged"": true, ""tangent_gram_eigensolver_status"": ""converged"", ""tangent_gram_largest_eigenvalue"": 43.132880046631556, ""tangent_gram_smallest_eigenvalue"": 0.18388663984382683, ""target_support_norm"": 0.016190092997094032, ""target_supported"": true}, {""converged"": true, ""kind"": ""unit"", ""max_envelope_ratio"": 0.6704722452849106, ""n"": 26, ""numerical_rank_vector"": [1, 1, 1], ""part"": 0, ""rank_supported"": true, ""riesz_converged"": true, ""riesz_equation_residual"": 9.600179982046837e-09, ""riesz_solver"": ""cg"", ""riesz_target_rayleigh_quotient"": 0.7992880426382105, ""riesz_target_stable"": true, ""split_rank_singular_values"": [{""block"": ""A"", ""computational_rank_supported"": true, ""relative_rank_floor"": 1e-10, ""sigma_1"": 20.121556478883807, ""sigma_r"": 20.121556478883807, ""sigma_r_over_sigma_1"": 1.0, ""supplied_rank"": 1}, {""block"": ""B"", ""computational_rank_supported"": true, ""relative_rank_floor"": 1e-10, ""sigma_1"": 30.112349387977364, ""sigma_r"": 30.112349387977364, ""sigma_r_over_sigma_1"": 1.0, ""supplied_rank"": 1}, {""block"": ""H"", ""computational_rank_supported"": true, ""relative_rank_floor"": 1e-10, ""sigma_1"": 45.6095525860114, ""sigma_r"": 45.6095525860114, ""sigma_r_over_sigma_1"": 1.0, ""supplied_rank"": 1}], ""stationarity_residual"": 4.51930172759804e-05, ""t"": 50, ""tangent_gram_condition_number"": 115.63169803002238, ""tangent_gram_coordinate_dimension"": 225, ""tangent_gram_eigensolver_converged"": true, ""tangent_gram_eigensolver_status"": ""converged"", ""tangent_gram_largest_eigenvalue"": 30.73948950164341, ""tangent_gram_smallest_eigenvalue"": 0.2658396445381462, ""target_support_norm"": 0.018452917718770428, ""target_supported"": true}, {""converged"": true, ""kind"": ""unit"", ""max_envelope_ratio"": 1.0157963479537306, ""n"": 24, ""numerical_rank_vector"": [1, 1, 1], ""part"": 1, ""rank_supported"": true, ""riesz_converged"": true, ""riesz_equation_residual"": 8.747395586087855e-09, ""riesz_solver"": ""cg"", ""riesz_target_rayleigh_quotient"": 0.5103611832878708, ""riesz_target_stable"": true, ""split_rank_singular_values"": [{""block"": ""A"", ""computational_rank_supported"": true, ""relative_rank_floor"": 1e-10, ""sigma_1"": 19.80318403953355, ""sigma_r"": 19.80318403953355, ""sigma_r_over_sigma_1"": 1.0, ""supplied_rank"": 1}, {""block"": ""B"", ""computational_rank_supported"": true, ""relative_rank_floor"": 1e-10, ""sigma_1"": 36.472029621661676, ""sigma_r"": 36.472029621661676, ""sigma_r_over_sigma_1"": 1.0, ""supplied_rank"": 1}, {""block"": ""H"", ""computational_rank_supported"": true, ""relative_rank_floor"": 1e-10, ""sigma_1"": 59.39133009862941, ""sigma_r"": 59.39133009862941, ""sigma_r_over_sigma_1"": 1.0, ""supplied_rank"": 1}], ""stationarity_residual"": 4.715674125239968e-05, ""t"": 50, ""tangent_gram_condition_number"": 338.4264959149412, ""tangent_gram_coordinate_dimension"": 219, ""tangent_gram_eigensolver_converged"": true, ""tangent_gram_eigensolver_status"": ""converged"", ""tangent_gram_largest_eigenvalue"": 45.014029883363555, ""tangent_gram_smallest_eigenvalue"": 0.13300976852201668, ""target_support_norm"": 0.016204148207302208, ""target_supported"": true}]","[[0, 4, 7, 8, 12, 14, 17, 19, 20, 21, 22, 23, 26, 27, 28, 29, 30, 31, 32, 37, 38, 39, 40, 43, 46], [1, 2, 3, 5, 6, 9, 10, 11, 13, 15, 16, 18, 24, 25, 33, 34, 35, 36, 41, 42, 44, 45, 47, 48, 49]]","[[1, 2, 3, 6, 7, 8, 9, 14, 15, 18, 21, 22, 23, 25, 28, 34, 37, 38, 39, 42, 43, 44, 46, 47, 48, 49], [0, 4, 5, 10, 11, 12, 13, 16, 17, 19, 20, 24, 26, 27, 29, 30, 31, 32, 33, 35, 36, 40, 41, 45]]",False,False,False,True,"[1, 1, 1]",,"[1, 1, 1]",,,,,,,,null,,1.7395787117562438,14.0,2.3732551215197305e-05,0.9926170020415856,96.0,7.304176176218098e-09,0.6602792294429973,0.02607322556414218,297.0,0.18196335111856604,38.74190259055749,212.91046989628992,True,converged,0.0001979585335893476,False,8.0,1.0,0.0832269000238739,0.0590350000129547,1.8521724000165705,"[20260810, 4011364011, 2004296267, 1499620634, 1499620634, 2098343407, 1387497986, 1337576661]",b867e9855af0a3ac,610c7358dde2c1b141abb0f783ec54c402df554b,0.9770607270405577,0.6539199811210448,1.979277799327586,0.8699561618596472,0.85,0.49577110609571773,0.6264641707068569,0.2002713262561398,0.85,0.06115389772850033,1.7055382627358167,0.8999999999999999,1.1,0.8,1.2,0.85,1.9596152422706632,6.72532448795568,6.72532448795568,0.85,1.7055382627358167,4.58501333138134,4.58501333138134,9.0,1.0,2.27467551204432,True,c7ef82abbde094d01705ad02a9a499ca5bd3ff3eb3265cce8c4b21ad1fbb5ca3,theorem_covered,True,0.028284271247461912,0.02780247156100453,0.9829658087266216,,,0.3026921212878464,0.3944528181545261,0.0917606968666797,0.4305159495165195,0.561026262674916,0.13051031315839645,0.5488766055517772,0.8324883659312633,0.2836117603794861,0.49784312562700644,0.7550852157867075,0.25724209015970106,0.09391503959494507,0.13357441308044604,,False
replication,b867e9855af0a3ac,4,50,50,5,fixed_rank,success,success,True,True,False,True,False,False,"[1, 1, 1]",,,,,7,dgp4_N50_T50_r00005_truth1-1-1,c7ef82abbde094d01705ad02a9a499ca5bd3ff3eb3265cce8c4b21ad1fbb5ca3,1.9369278000085615,,,B_G2_minus_G1_time_average,target,split_fit_failure,[],dgp4_N50_T50_r00005_truth1-1-1,split_fit_not_converged,"[1, 1, 1]",0.2572420901597011,0.16205572841836485,0.09983855803121029,0.009967737669751344,0.13080227442931724,0.05752587958323396,0.0033092268218247343,-0.12643981573038388,0.16205572841836485,0.09983855803121029,0.009967737669751344,-0.09518636174133627,0.13080227442931724,0.1328688246330647,0.09748227023652219,4.0,4.0,0.20415150001645088,"[{""converged"": true, ""kind"": ""time"", ""max_envelope_ratio"": 0.4953280870924391, ""n"": 50, ""numerical_rank_vector"": [1, 1, 1], ""part"": 0, ""rank_supported"": true, ""riesz_converged"": true, ""riesz_equation_residual"": 6.9569871608167645e-09, ""riesz_solver"": ""cg"", ""riesz_target_rayleigh_quotient"": 0.6622182762427222, ""riesz_target_stable"": true, ""split_rank_singular_values"": [{""block"": ""A"", ""computational_rank_supported"": true, ""relative_rank_floor"": 1e-10, ""sigma_1"": 19.030762786590497, ""sigma_r"": 19.030762786590497, ""sigma_r_over_sigma_1"": 1.0, ""supplied_rank"": 1}, {""block"": ""B"", ""computational_rank_supported"": true, ""relative_rank_floor"": 1e-10, ""sigma_1"": 35.89515447871913, ""sigma_r"": 35.89515447871913, ""sigma_r_over_sigma_1"": 1.0, ""supplied_rank"": 1}, {""block"": ""H"", ""computational_rank_supported"": true, ""relative_rank_floor"": 1e-10, ""sigma_1"": 44.89420085256053, ""sigma_r"": 44.89420085256053, ""sigma_r_over_sigma_1"": 1.0, ""supplied_rank"": 1}], ""stationarity_residual"": 3.4643096240050116e-05, ""t"": 25, ""tangent_gram_condition_number"": 135.06268985984897, ""tangent_gram_coordinate_dimension"": 222, ""tangent_gram_eigensolver_converged"": true, ""tangent_gram_eigensolver_status"": ""converged"", ""tangent_gram_largest_eigenvalue"": 36.767302763673314, ""tangent_gram_smallest_eigenvalue"": 0.27222397837497375, ""target_support_norm"": 0.025615831468403422, ""target_supported"": true}, {""converged"": true, ""kind"": ""time"", ""max_envelope_ratio"": 1.2703879943055214, ""n"": 50, ""numerical_rank_vector"": [1, 1, 1], ""part"": 1, ""rank_supported"": true, ""riesz_converged"": true, ""riesz_equation_residual"": 8.23664478483217e-09, ""riesz_solver"": ""cg"", ""riesz_target_rayleigh_quotient"": 0.5251300881561143, ""riesz_target_stable"": true, ""split_rank_singular_values"": [{""block"": ""A"", ""computational_rank_supported"": true, ""relative_rank_floor"": 1e-10, ""sigma_1"": 19.021554818865532, ""sigma_r"": 19.021554818865532, ""sigma_r_over_sigma_1"": 1.0, ""supplied_rank"": 1}, {""block"": ""B"", ""computational_rank_supported"": true, ""relative_rank_floor"": 1e-10, ""sigma_1"": 30.53906731998309, ""sigma_r"": 30.53906731998309, ""sigma_r_over_sigma_1"": 1.0, ""supplied_rank"": 1}, {""block"": ""H"", ""computational_rank_supported"": true, ""relative_rank_floor"": 1e-10, ""sigma_1"": 65.71822693957068, ""sigma_r"": 65.71822693957068, ""sigma_r_over_sigma_1"": 1.0, ""supplied_rank"": 1}], ""stationarity_residual"": 4.462840992158319e-05, ""t"": 25, ""tangent_gram_condition_number"": 234.56233733600166, ""tangent_gram_coordinate_dimension"": 222, ""tangent_gram_eigensolver_converged"": true, ""tangent_gram_eigensolver_status"": ""converged"", ""tangent_gram_largest_eigenvalue"": 43.132880046631556, ""tangent_gram_smallest_eigenvalue"": 0.18388663984382683, ""target_support_norm"": 0.019663619932822823, ""target_supported"": true}, {""converged"": true, ""kind"": ""unit"", ""max_envelope_ratio"": 0.6704722452849106, ""n"": 26, ""numerical_rank_vector"": [1, 1, 1], ""part"": 0, ""rank_supported"": true, ""riesz_converged"": true, ""riesz_equation_residual"": 8.575619076945971e-09, ""riesz_solver"": ""cg"", ""riesz_target_rayleigh_quotient"": 0.8157087169984033, ""riesz_target_stable"": true, ""split_rank_singular_values"": [{""block"": ""A"", ""computational_rank_supported"": true, ""relative_rank_floor"": 1e-10, ""sigma_1"": 20.121556478883807, ""sigma_r"": 20.121556478883807, ""sigma_r_over_sigma_1"": 1.0, ""supplied_rank"": 1}, {""block"": ""B"", ""computational_rank_supported"": true, ""relative_rank_floor"": 1e-10, ""sigma_1"": 30.112349387977364, ""sigma_r"": 30.112349387977364, ""sigma_r_over_sigma_1"": 1.0, ""supplied_rank"": 1}, {""block"": ""H"", ""computational_rank_supported"": true, ""relative_rank_floor"": 1e-10, ""sigma_1"": 45.6095525860114, ""sigma_r"": 45.6095525860114, ""sigma_r_over_sigma_1"": 1.0, ""supplied_rank"": 1}], ""stationarity_residual"": 4.51930172759804e-05, ""t"": 50, ""tangent_gram_condition_number"": 115.63169803002238, ""tangent_gram_coordinate_dimension"": 225, ""tangent_gram_eigensolver_converged"": true, ""tangent_gram_eigensolver_status"": ""converged"", ""tangent_gram_largest_eigenvalue"": 30.73948950164341, ""tangent_gram_smallest_eigenvalue"": 0.2658396445381462, ""target_support_norm"": 0.022868769537154027, ""target_supported"": true}, {""converged"": true, ""kind"": ""unit"", ""max_envelope_ratio"": 1.0157963479537306, ""n"": 24, ""numerical_rank_vector"": [1, 1, 1], ""part"": 1, ""rank_supported"": true, ""riesz_converged"": true, ""riesz_equation_residual"": 7.818011361586753e-09, ""riesz_solver"": ""cg"", ""riesz_target_rayleigh_quotient"": 0.5389474488468674, ""riesz_target_stable"": true, ""split_rank_singular_values"": [{""block"": ""A"", ""computational_rank_supported"": true, ""relative_rank_floor"": 1e-10, ""sigma_1"": 19.80318403953355, ""sigma_r"": 19.80318403953355, ""sigma_r_over_sigma_1"": 1.0, ""supplied_rank"": 1}, {""block"": ""B"", ""computational_rank_supported"": true, ""relative_rank_floor"": 1e-10, ""sigma_1"": 36.472029621661676, ""sigma_r"": 36.472029621661676, ""sigma_r_over_sigma_1"": 1.0, ""supplied_rank"": 1}, {""block"": ""H"", ""computational_rank_supported"": true, ""relative_rank_floor"": 1e-10, ""sigma_1"": 59.39133009862941, ""sigma_r"": 59.39133009862941, ""sigma_r_over_sigma_1"": 1.0, ""supplied_rank"": 1}], ""stationarity_residual"": 4.715674125239968e-05, ""t"": 50, ""tangent_gram_condition_number"": 338.4264959149412, ""tangent_gram_coordinate_dimension"": 219, ""tangent_gram_eigensolver_converged"": true, ""tangent_gram_eigensolver_status"": ""converged"", ""tangent_gram_largest_eigenvalue"": 45.014029883363555, ""tangent_gram_smallest_eigenvalue"": 0.13300976852201668, ""target_support_norm"": 0.01943634554188048, ""target_supported"": true}]","[[0, 4, 7, 8, 12, 14, 17, 19, 20, 21, 22, 23, 26, 27, 28, 29, 30, 31, 32, 37, 38, 39, 40, 43, 46], [1, 2, 3, 5, 6, 9, 10, 11, 13, 15, 16, 18, 24, 25, 33, 34, 35, 36, 41, 42, 44, 45, 47, 48, 49]]","[[1, 2, 3, 6, 7, 8, 9, 14, 15, 18, 21, 22, 23, 25, 28, 34, 37, 38, 39, 42, 43, 44, 46, 47, 48, 49], [0, 4, 5, 10, 11, 12, 13, 16, 17, 19, 20, 24, 26, 27, 29, 30, 31, 32, 33, 35, 36, 40, 41, 45]]",False,False,False,True,"[1, 1, 1]",,"[1, 1, 1]",,,,,,,,null,,1.7395787117562438,14.0,2.3732551215197305e-05,0.9926170020415856,96.0,7.366332881931909e-09,0.7395638161121442,0.03387275175253283,297.0,0.18196335111856604,38.74190259055749,212.91046989628992,True,converged,0.00013021774388032067,False,8.0,1.0,0.0832269000238739,0.05571009998675436,1.9369278000085615,"[20260810, 4011364011, 2004296267, 1499620634, 1499620634, 2098343407, 1387497986, 1337576661]",b867e9855af0a3ac,610c7358dde2c1b141abb0f783ec54c402df554b,0.9770607270405577,0.6539199811210448,1.979277799327586,0.8699561618596472,0.85,0.49577110609571773,0.6264641707068569,0.2002713262561398,0.85,0.06115389772850033,1.7055382627358167,0.8999999999999999,1.1,0.8,1.2,0.85,1.9596152422706632,6.72532448795568,6.72532448795568,0.85,1.7055382627358167,4.58501333138134,4.58501333138134,9.0,1.0,2.27467551204432,True,c7ef82abbde094d01705ad02a9a499ca5bd3ff3eb3265cce8c4b21ad1fbb5ca3,theorem_covered,True,0.03999999999999994,0.03805272543101916,0.9513181357754805,,,0.3026921212878464,0.3944528181545261,0.0917606968666797,0.4305159495165195,0.561026262674916,0.13051031315839645,0.5488766055517772,0.8324883659312633,0.2836117603794861,0.49784312562700644,0.7550852157867075,0.25724209015970106,0.09391503959494507,0.13357441308044604,,False
