dgp,N,T,replication,target,record_type,true_rank_vector,status,failure_detail,config_hash,git_commit,replication_failure_status,any_near_singularity
1,50,50,0,A_entry,,,rank_pilot_failure,,,,rank_pilot_failure,False
1,50,50,0,B_entry,,,rank_pilot_failure,,,,rank_pilot_failure,False
1,50,50,0,A_fixed_time_mean,,,rank_pilot_failure,,,,rank_pilot_failure,False
1,50,50,0,B_fixed_time_mean,,,rank_pilot_failure,,,,rank_pilot_failure,False
1,50,50,0,A_full_mean,,,rank_pilot_failure,,,,rank_pilot_failure,False
1,50,50,0,B_full_mean,,,rank_pilot_failure,,,,rank_pilot_failure,False
1,50,50,0,A_G1_fixed_time,,,rank_pilot_failure,,,,rank_pilot_failure,False
1,50,50,0,A_G2_fixed_time,,,rank_pilot_failure,,,,rank_pilot_failure,False
1,50,50,0,A_G2_minus_G1_fixed_time,,,rank_pilot_failure,,,,rank_pilot_failure,False
1,50,50,0,A_G1_time_average,,,rank_pilot_failure,,,,rank_pilot_failure,False
1,50,50,0,A_G2_time_average,,,rank_pilot_failure,,,,rank_pilot_failure,False
1,50,50,0,A_G2_minus_G1_time_average,,,rank_pilot_failure,,,,rank_pilot_failure,False
1,50,50,0,B_G1_fixed_time,,,rank_pilot_failure,,,,rank_pilot_failure,False
1,50,50,0,B_G2_fixed_time,,,rank_pilot_failure,,,,rank_pilot_failure,False
1,50,50,0,B_G2_minus_G1_fixed_time,,,rank_pilot_failure,,,,rank_pilot_failure,False
1,50,50,0,B_G1_time_average,,,rank_pilot_failure,,,,rank_pilot_failure,False
1,50,50,0,B_G2_time_average,,,rank_pilot_failure,,,,rank_pilot_failure,False
1,50,50,0,B_G2_minus_G1_time_average,,,rank_pilot_failure,,,,rank_pilot_failure,False
1,50,50,1,A_entry,,,missing_target_record,,,,,False
1,50,50,1,B_entry,,,missing_target_record,,,,,False
1,50,50,1,A_fixed_time_mean,,,missing_target_record,,,,,False
1,50,50,1,B_fixed_time_mean,,,missing_target_record,,,,,False
1,50,50,1,A_full_mean,,,missing_target_record,,,,,False
1,50,50,1,B_full_mean,,,missing_target_record,,,,,False
1,50,50,1,A_G1_fixed_time,,,missing_target_record,,,,,False
1,50,50,1,A_G2_fixed_time,,,missing_target_record,,,,,False
1,50,50,1,A_G2_minus_G1_fixed_time,,,missing_target_record,,,,,False
1,50,50,1,A_G1_time_average,,,missing_target_record,,,,,False
1,50,50,1,A_G2_time_average,,,missing_target_record,,,,,False
1,50,50,1,A_G2_minus_G1_time_average,,,missing_target_record,,,,,False
1,50,50,1,B_G1_fixed_time,,,missing_target_record,,,,,False
1,50,50,1,B_G2_fixed_time,,,missing_target_record,,,,,False
1,50,50,1,B_G2_minus_G1_fixed_time,,,missing_target_record,,,,,False
1,50,50,1,B_G1_time_average,,,missing_target_record,,,,,False
1,50,50,1,B_G2_time_average,,,missing_target_record,,,,,False
1,50,50,1,B_G2_minus_G1_time_average,,,missing_target_record,,,,,False
1,50,50,2,A_entry,,,missing_target_record,,,,,False
1,50,50,2,B_entry,,,missing_target_record,,,,,False
1,50,50,2,A_fixed_time_mean,,,missing_target_record,,,,,False
1,50,50,2,B_fixed_time_mean,,,missing_target_record,,,,,False
1,50,50,2,A_full_mean,,,missing_target_record,,,,,False
1,50,50,2,B_full_mean,,,missing_target_record,,,,,False
1,50,50,2,A_G1_fixed_time,,,missing_target_record,,,,,False
1,50,50,2,A_G2_fixed_time,,,missing_target_record,,,,,False
1,50,50,2,A_G2_minus_G1_fixed_time,,,missing_target_record,,,,,False
1,50,50,2,A_G1_time_average,,,missing_target_record,,,,,False
1,50,50,2,A_G2_time_average,,,missing_target_record,,,,,False
1,50,50,2,A_G2_minus_G1_time_average,,,missing_target_record,,,,,False
1,50,50,2,B_G1_fixed_time,,,missing_target_record,,,,,False
1,50,50,2,B_G2_fixed_time,,,missing_target_record,,,,,False
1,50,50,2,B_G2_minus_G1_fixed_time,,,missing_target_record,,,,,False
1,50,50,2,B_G1_time_average,,,missing_target_record,,,,,False
1,50,50,2,B_G2_time_average,,,missing_target_record,,,,,False
1,50,50,2,B_G2_minus_G1_time_average,,,missing_target_record,,,,,False
1,50,50,3,A_entry,,,missing_target_record,,,,,False
1,50,50,3,B_entry,,,missing_target_record,,,,,False
1,50,50,3,A_fixed_time_mean,,,missing_target_record,,,,,False
1,50,50,3,B_fixed_time_mean,,,missing_target_record,,,,,False
1,50,50,3,A_full_mean,,,missing_target_record,,,,,False
1,50,50,3,B_full_mean,,,missing_target_record,,,,,False
1,50,50,3,A_G1_fixed_time,,,missing_target_record,,,,,False
1,50,50,3,A_G2_fixed_time,,,missing_target_record,,,,,False
1,50,50,3,A_G2_minus_G1_fixed_time,,,missing_target_record,,,,,False
1,50,50,3,A_G1_time_average,,,missing_target_record,,,,,False
1,50,50,3,A_G2_time_average,,,missing_target_record,,,,,False
1,50,50,3,A_G2_minus_G1_time_average,,,missing_target_record,,,,,False
1,50,50,3,B_G1_fixed_time,,,missing_target_record,,,,,False
1,50,50,3,B_G2_fixed_time,,,missing_target_record,,,,,False
1,50,50,3,B_G2_minus_G1_fixed_time,,,missing_target_record,,,,,False
1,50,50,3,B_G1_time_average,,,missing_target_record,,,,,False
1,50,50,3,B_G2_time_average,,,missing_target_record,,,,,False
1,50,50,3,B_G2_minus_G1_time_average,,,missing_target_record,,,,,False
1,50,50,4,A_entry,,,missing_target_record,,,,,False
1,50,50,4,B_entry,,,missing_target_record,,,,,False
1,50,50,4,A_fixed_time_mean,,,missing_target_record,,,,,False
1,50,50,4,B_fixed_time_mean,,,missing_target_record,,,,,False
1,50,50,4,A_full_mean,,,missing_target_record,,,,,False
1,50,50,4,B_full_mean,,,missing_target_record,,,,,False
1,50,50,4,A_G1_fixed_time,,,missing_target_record,,,,,False
1,50,50,4,A_G2_fixed_time,,,missing_target_record,,,,,False
1,50,50,4,A_G2_minus_G1_fixed_time,,,missing_target_record,,,,,False
1,50,50,4,A_G1_time_average,,,missing_target_record,,,,,False
1,50,50,4,A_G2_time_average,,,missing_target_record,,,,,False
1,50,50,4,A_G2_minus_G1_time_average,,,missing_target_record,,,,,False
1,50,50,4,B_G1_fixed_time,,,missing_target_record,,,,,False
1,50,50,4,B_G2_fixed_time,,,missing_target_record,,,,,False
1,50,50,4,B_G2_minus_G1_fixed_time,,,missing_target_record,,,,,False
1,50,50,4,B_G1_time_average,,,missing_target_record,,,,,False
1,50,50,4,B_G2_time_average,,,missing_target_record,,,,,False
1,50,50,4,B_G2_minus_G1_time_average,,,missing_target_record,,,,,False
1,50,50,5,A_entry,,,missing_target_record,,,,,False
1,50,50,5,B_entry,,,missing_target_record,,,,,False
1,50,50,5,A_fixed_time_mean,,,missing_target_record,,,,,False
1,50,50,5,B_fixed_time_mean,,,missing_target_record,,,,,False
1,50,50,5,A_full_mean,,,missing_target_record,,,,,False
1,50,50,5,B_full_mean,,,missing_target_record,,,,,False
1,50,50,5,A_G1_fixed_time,,,missing_target_record,,,,,False
1,50,50,5,A_G2_fixed_time,,,missing_target_record,,,,,False
1,50,50,5,A_G2_minus_G1_fixed_time,,,missing_target_record,,,,,False
1,50,50,5,A_G1_time_average,,,missing_target_record,,,,,False
1,50,50,5,A_G2_time_average,,,missing_target_record,,,,,False
1,50,50,5,A_G2_minus_G1_time_average,,,missing_target_record,,,,,False
1,50,50,5,B_G1_fixed_time,,,missing_target_record,,,,,False
1,50,50,5,B_G2_fixed_time,,,missing_target_record,,,,,False
1,50,50,5,B_G2_minus_G1_fixed_time,,,missing_target_record,,,,,False
1,50,50,5,B_G1_time_average,,,missing_target_record,,,,,False
1,50,50,5,B_G2_time_average,,,missing_target_record,,,,,False
1,50,50,5,B_G2_minus_G1_time_average,,,missing_target_record,,,,,False
1,50,50,6,A_entry,,,missing_target_record,,,,,False
1,50,50,6,B_entry,,,missing_target_record,,,,,False
1,50,50,6,A_fixed_time_mean,,,missing_target_record,,,,,False
1,50,50,6,B_fixed_time_mean,,,missing_target_record,,,,,False
1,50,50,6,A_full_mean,,,missing_target_record,,,,,False
1,50,50,6,B_full_mean,,,missing_target_record,,,,,False
1,50,50,6,A_G1_fixed_time,,,missing_target_record,,,,,False
1,50,50,6,A_G2_fixed_time,,,missing_target_record,,,,,False
1,50,50,6,A_G2_minus_G1_fixed_time,,,missing_target_record,,,,,False
1,50,50,6,A_G1_time_average,,,missing_target_record,,,,,False
1,50,50,6,A_G2_time_average,,,missing_target_record,,,,,False
1,50,50,6,A_G2_minus_G1_time_average,,,missing_target_record,,,,,False
1,50,50,6,B_G1_fixed_time,,,missing_target_record,,,,,False
1,50,50,6,B_G2_fixed_time,,,missing_target_record,,,,,False
1,50,50,6,B_G2_minus_G1_fixed_time,,,missing_target_record,,,,,False
1,50,50,6,B_G1_time_average,,,missing_target_record,,,,,False
1,50,50,6,B_G2_time_average,,,missing_target_record,,,,,False
1,50,50,6,B_G2_minus_G1_time_average,,,missing_target_record,,,,,False
1,50,50,7,A_entry,,,missing_target_record,,,,,False
1,50,50,7,B_entry,,,missing_target_record,,,,,False
1,50,50,7,A_fixed_time_mean,,,missing_target_record,,,,,False
1,50,50,7,B_fixed_time_mean,,,missing_target_record,,,,,False
1,50,50,7,A_full_mean,,,missing_target_record,,,,,False
1,50,50,7,B_full_mean,,,missing_target_record,,,,,False
1,50,50,7,A_G1_fixed_time,,,missing_target_record,,,,,False
1,50,50,7,A_G2_fixed_time,,,missing_target_record,,,,,False
1,50,50,7,A_G2_minus_G1_fixed_time,,,missing_target_record,,,,,False
1,50,50,7,A_G1_time_average,,,missing_target_record,,,,,False
1,50,50,7,A_G2_time_average,,,missing_target_record,,,,,False
1,50,50,7,A_G2_minus_G1_time_average,,,missing_target_record,,,,,False
1,50,50,7,B_G1_fixed_time,,,missing_target_record,,,,,False
1,50,50,7,B_G2_fixed_time,,,missing_target_record,,,,,False
1,50,50,7,B_G2_minus_G1_fixed_time,,,missing_target_record,,,,,False
1,50,50,7,B_G1_time_average,,,missing_target_record,,,,,False
1,50,50,7,B_G2_time_average,,,missing_target_record,,,,,False
1,50,50,7,B_G2_minus_G1_time_average,,,missing_target_record,,,,,False
1,50,50,8,A_entry,,,missing_target_record,,,,,False
1,50,50,8,B_entry,,,missing_target_record,,,,,False
1,50,50,8,A_fixed_time_mean,,,missing_target_record,,,,,False
1,50,50,8,B_fixed_time_mean,,,missing_target_record,,,,,False
1,50,50,8,A_full_mean,,,missing_target_record,,,,,False
1,50,50,8,B_full_mean,,,missing_target_record,,,,,False
1,50,50,8,A_G1_fixed_time,,,missing_target_record,,,,,False
1,50,50,8,A_G2_fixed_time,,,missing_target_record,,,,,False
1,50,50,8,A_G2_minus_G1_fixed_time,,,missing_target_record,,,,,False
1,50,50,8,A_G1_time_average,,,missing_target_record,,,,,False
1,50,50,8,A_G2_time_average,,,missing_target_record,,,,,False
1,50,50,8,A_G2_minus_G1_time_average,,,missing_target_record,,,,,False
1,50,50,8,B_G1_fixed_time,,,missing_target_record,,,,,False
1,50,50,8,B_G2_fixed_time,,,missing_target_record,,,,,False
1,50,50,8,B_G2_minus_G1_fixed_time,,,missing_target_record,,,,,False
1,50,50,8,B_G1_time_average,,,missing_target_record,,,,,False
1,50,50,8,B_G2_time_average,,,missing_target_record,,,,,False
1,50,50,8,B_G2_minus_G1_time_average,,,missing_target_record,,,,,False
1,50,50,9,A_entry,,,missing_target_record,,,,,False
1,50,50,9,B_entry,,,missing_target_record,,,,,False
1,50,50,9,A_fixed_time_mean,,,missing_target_record,,,,,False
1,50,50,9,B_fixed_time_mean,,,missing_target_record,,,,,False
1,50,50,9,A_full_mean,,,missing_target_record,,,,,False
1,50,50,9,B_full_mean,,,missing_target_record,,,,,False
1,50,50,9,A_G1_fixed_time,,,missing_target_record,,,,,False
1,50,50,9,A_G2_fixed_time,,,missing_target_record,,,,,False
1,50,50,9,A_G2_minus_G1_fixed_time,,,missing_target_record,,,,,False
1,50,50,9,A_G1_time_average,,,missing_target_record,,,,,False
1,50,50,9,A_G2_time_average,,,missing_target_record,,,,,False
1,50,50,9,A_G2_minus_G1_time_average,,,missing_target_record,,,,,False
1,50,50,9,B_G1_fixed_time,,,missing_target_record,,,,,False
1,50,50,9,B_G2_fixed_time,,,missing_target_record,,,,,False
1,50,50,9,B_G2_minus_G1_fixed_time,,,missing_target_record,,,,,False
1,50,50,9,B_G1_time_average,,,missing_target_record,,,,,False
1,50,50,9,B_G2_time_average,,,missing_target_record,,,,,False
1,50,50,9,B_G2_minus_G1_time_average,,,missing_target_record,,,,,False
1,50,50,10,A_entry,,,missing_target_record,,,,,False
1,50,50,10,B_entry,,,missing_target_record,,,,,False
1,50,50,10,A_fixed_time_mean,,,missing_target_record,,,,,False
1,50,50,10,B_fixed_time_mean,,,missing_target_record,,,,,False
1,50,50,10,A_full_mean,,,missing_target_record,,,,,False
1,50,50,10,B_full_mean,,,missing_target_record,,,,,False
1,50,50,10,A_G1_fixed_time,,,missing_target_record,,,,,False
1,50,50,10,A_G2_fixed_time,,,missing_target_record,,,,,False
1,50,50,10,A_G2_minus_G1_fixed_time,,,missing_target_record,,,,,False
1,50,50,10,A_G1_time_average,,,missing_target_record,,,,,False
1,50,50,10,A_G2_time_average,,,missing_target_record,,,,,False
1,50,50,10,A_G2_minus_G1_time_average,,,missing_target_record,,,,,False
1,50,50,10,B_G1_fixed_time,,,missing_target_record,,,,,False
1,50,50,10,B_G2_fixed_time,,,missing_target_record,,,,,False
1,50,50,10,B_G2_minus_G1_fixed_time,,,missing_target_record,,,,,False
1,50,50,10,B_G1_time_average,,,missing_target_record,,,,,False
1,50,50,10,B_G2_time_average,,,missing_target_record,,,,,False
1,50,50,10,B_G2_minus_G1_time_average,,,missing_target_record,,,,,False
1,50,50,11,A_entry,,,missing_target_record,,,,,False
1,50,50,11,B_entry,,,missing_target_record,,,,,False
1,50,50,11,A_fixed_time_mean,,,missing_target_record,,,,,False
1,50,50,11,B_fixed_time_mean,,,missing_target_record,,,,,False
1,50,50,11,A_full_mean,,,missing_target_record,,,,,False
1,50,50,11,B_full_mean,,,missing_target_record,,,,,False
1,50,50,11,A_G1_fixed_time,,,missing_target_record,,,,,False
1,50,50,11,A_G2_fixed_time,,,missing_target_record,,,,,False
1,50,50,11,A_G2_minus_G1_fixed_time,,,missing_target_record,,,,,False
1,50,50,11,A_G1_time_average,,,missing_target_record,,,,,False
1,50,50,11,A_G2_time_average,,,missing_target_record,,,,,False
1,50,50,11,A_G2_minus_G1_time_average,,,missing_target_record,,,,,False
1,50,50,11,B_G1_fixed_time,,,missing_target_record,,,,,False
1,50,50,11,B_G2_fixed_time,,,missing_target_record,,,,,False
1,50,50,11,B_G2_minus_G1_fixed_time,,,missing_target_record,,,,,False
1,50,50,11,B_G1_time_average,,,missing_target_record,,,,,False
1,50,50,11,B_G2_time_average,,,missing_target_record,,,,,False
1,50,50,11,B_G2_minus_G1_time_average,,,missing_target_record,,,,,False
1,50,50,12,A_entry,,,missing_target_record,,,,,False
1,50,50,12,B_entry,,,missing_target_record,,,,,False
1,50,50,12,A_fixed_time_mean,,,missing_target_record,,,,,False
1,50,50,12,B_fixed_time_mean,,,missing_target_record,,,,,False
1,50,50,12,A_full_mean,,,missing_target_record,,,,,False
1,50,50,12,B_full_mean,,,missing_target_record,,,,,False
1,50,50,12,A_G1_fixed_time,,,missing_target_record,,,,,False
1,50,50,12,A_G2_fixed_time,,,missing_target_record,,,,,False
1,50,50,12,A_G2_minus_G1_fixed_time,,,missing_target_record,,,,,False
1,50,50,12,A_G1_time_average,,,missing_target_record,,,,,False
1,50,50,12,A_G2_time_average,,,missing_target_record,,,,,False
1,50,50,12,A_G2_minus_G1_time_average,,,missing_target_record,,,,,False
1,50,50,12,B_G1_fixed_time,,,missing_target_record,,,,,False
1,50,50,12,B_G2_fixed_time,,,missing_target_record,,,,,False
1,50,50,12,B_G2_minus_G1_fixed_time,,,missing_target_record,,,,,False
1,50,50,12,B_G1_time_average,,,missing_target_record,,,,,False
1,50,50,12,B_G2_time_average,,,missing_target_record,,,,,False
1,50,50,12,B_G2_minus_G1_time_average,,,missing_target_record,,,,,False
1,50,50,13,A_entry,,,missing_target_record,,,,,False
1,50,50,13,B_entry,,,missing_target_record,,,,,False
1,50,50,13,A_fixed_time_mean,,,missing_target_record,,,,,False
1,50,50,13,B_fixed_time_mean,,,missing_target_record,,,,,False
1,50,50,13,A_full_mean,,,missing_target_record,,,,,False
1,50,50,13,B_full_mean,,,missing_target_record,,,,,False
1,50,50,13,A_G1_fixed_time,,,missing_target_record,,,,,False
1,50,50,13,A_G2_fixed_time,,,missing_target_record,,,,,False
1,50,50,13,A_G2_minus_G1_fixed_time,,,missing_target_record,,,,,False
1,50,50,13,A_G1_time_average,,,missing_target_record,,,,,False
1,50,50,13,A_G2_time_average,,,missing_target_record,,,,,False
1,50,50,13,A_G2_minus_G1_time_average,,,missing_target_record,,,,,False
1,50,50,13,B_G1_fixed_time,,,missing_target_record,,,,,False
1,50,50,13,B_G2_fixed_time,,,missing_target_record,,,,,False
1,50,50,13,B_G2_minus_G1_fixed_time,,,missing_target_record,,,,,False
1,50,50,13,B_G1_time_average,,,missing_target_record,,,,,False
1,50,50,13,B_G2_time_average,,,missing_target_record,,,,,False
1,50,50,13,B_G2_minus_G1_time_average,,,missing_target_record,,,,,False
1,50,50,14,A_entry,,,missing_target_record,,,,,False
1,50,50,14,B_entry,,,missing_target_record,,,,,False
1,50,50,14,A_fixed_time_mean,,,missing_target_record,,,,,False
1,50,50,14,B_fixed_time_mean,,,missing_target_record,,,,,False
1,50,50,14,A_full_mean,,,missing_target_record,,,,,False
1,50,50,14,B_full_mean,,,missing_target_record,,,,,False
1,50,50,14,A_G1_fixed_time,,,missing_target_record,,,,,False
1,50,50,14,A_G2_fixed_time,,,missing_target_record,,,,,False
1,50,50,14,A_G2_minus_G1_fixed_time,,,missing_target_record,,,,,False
1,50,50,14,A_G1_time_average,,,missing_target_record,,,,,False
1,50,50,14,A_G2_time_average,,,missing_target_record,,,,,False
1,50,50,14,A_G2_minus_G1_time_average,,,missing_target_record,,,,,False
1,50,50,14,B_G1_fixed_time,,,missing_target_record,,,,,False
1,50,50,14,B_G2_fixed_time,,,missing_target_record,,,,,False
1,50,50,14,B_G2_minus_G1_fixed_time,,,missing_target_record,,,,,False
1,50,50,14,B_G1_time_average,,,missing_target_record,,,,,False
1,50,50,14,B_G2_time_average,,,missing_target_record,,,,,False
1,50,50,14,B_G2_minus_G1_time_average,,,missing_target_record,,,,,False
1,50,50,15,A_entry,,,missing_target_record,,,,,False
1,50,50,15,B_entry,,,missing_target_record,,,,,False
1,50,50,15,A_fixed_time_mean,,,missing_target_record,,,,,False
1,50,50,15,B_fixed_time_mean,,,missing_target_record,,,,,False
1,50,50,15,A_full_mean,,,missing_target_record,,,,,False
1,50,50,15,B_full_mean,,,missing_target_record,,,,,False
1,50,50,15,A_G1_fixed_time,,,missing_target_record,,,,,False
1,50,50,15,A_G2_fixed_time,,,missing_target_record,,,,,False
1,50,50,15,A_G2_minus_G1_fixed_time,,,missing_target_record,,,,,False
1,50,50,15,A_G1_time_average,,,missing_target_record,,,,,False
1,50,50,15,A_G2_time_average,,,missing_target_record,,,,,False
1,50,50,15,A_G2_minus_G1_time_average,,,missing_target_record,,,,,False
1,50,50,15,B_G1_fixed_time,,,missing_target_record,,,,,False
1,50,50,15,B_G2_fixed_time,,,missing_target_record,,,,,False
1,50,50,15,B_G2_minus_G1_fixed_time,,,missing_target_record,,,,,False
1,50,50,15,B_G1_time_average,,,missing_target_record,,,,,False
1,50,50,15,B_G2_time_average,,,missing_target_record,,,,,False
1,50,50,15,B_G2_minus_G1_time_average,,,missing_target_record,,,,,False
1,50,50,16,A_entry,,,missing_target_record,,,,,False
1,50,50,16,B_entry,,,missing_target_record,,,,,False
1,50,50,16,A_fixed_time_mean,,,missing_target_record,,,,,False
1,50,50,16,B_fixed_time_mean,,,missing_target_record,,,,,False
1,50,50,16,A_full_mean,,,missing_target_record,,,,,False
1,50,50,16,B_full_mean,,,missing_target_record,,,,,False
1,50,50,16,A_G1_fixed_time,,,missing_target_record,,,,,False
1,50,50,16,A_G2_fixed_time,,,missing_target_record,,,,,False
1,50,50,16,A_G2_minus_G1_fixed_time,,,missing_target_record,,,,,False
1,50,50,16,A_G1_time_average,,,missing_target_record,,,,,False
1,50,50,16,A_G2_time_average,,,missing_target_record,,,,,False
1,50,50,16,A_G2_minus_G1_time_average,,,missing_target_record,,,,,False
1,50,50,16,B_G1_fixed_time,,,missing_target_record,,,,,False
1,50,50,16,B_G2_fixed_time,,,missing_target_record,,,,,False
1,50,50,16,B_G2_minus_G1_fixed_time,,,missing_target_record,,,,,False
1,50,50,16,B_G1_time_average,,,missing_target_record,,,,,False
1,50,50,16,B_G2_time_average,,,missing_target_record,,,,,False
1,50,50,16,B_G2_minus_G1_time_average,,,missing_target_record,,,,,False
1,50,50,17,A_entry,,,missing_target_record,,,,,False
1,50,50,17,B_entry,,,missing_target_record,,,,,False
1,50,50,17,A_fixed_time_mean,,,missing_target_record,,,,,False
1,50,50,17,B_fixed_time_mean,,,missing_target_record,,,,,False
1,50,50,17,A_full_mean,,,missing_target_record,,,,,False
1,50,50,17,B_full_mean,,,missing_target_record,,,,,False
1,50,50,17,A_G1_fixed_time,,,missing_target_record,,,,,False
1,50,50,17,A_G2_fixed_time,,,missing_target_record,,,,,False
1,50,50,17,A_G2_minus_G1_fixed_time,,,missing_target_record,,,,,False
1,50,50,17,A_G1_time_average,,,missing_target_record,,,,,False
1,50,50,17,A_G2_time_average,,,missing_target_record,,,,,False
1,50,50,17,A_G2_minus_G1_time_average,,,missing_target_record,,,,,False
1,50,50,17,B_G1_fixed_time,,,missing_target_record,,,,,False
1,50,50,17,B_G2_fixed_time,,,missing_target_record,,,,,False
1,50,50,17,B_G2_minus_G1_fixed_time,,,missing_target_record,,,,,False
1,50,50,17,B_G1_time_average,,,missing_target_record,,,,,False
1,50,50,17,B_G2_time_average,,,missing_target_record,,,,,False
1,50,50,17,B_G2_minus_G1_time_average,,,missing_target_record,,,,,False
1,50,50,18,A_entry,,,missing_target_record,,,,,False
1,50,50,18,B_entry,,,missing_target_record,,,,,False
1,50,50,18,A_fixed_time_mean,,,missing_target_record,,,,,False
1,50,50,18,B_fixed_time_mean,,,missing_target_record,,,,,False
1,50,50,18,A_full_mean,,,missing_target_record,,,,,False
1,50,50,18,B_full_mean,,,missing_target_record,,,,,False
1,50,50,18,A_G1_fixed_time,,,missing_target_record,,,,,False
1,50,50,18,A_G2_fixed_time,,,missing_target_record,,,,,False
1,50,50,18,A_G2_minus_G1_fixed_time,,,missing_target_record,,,,,False
1,50,50,18,A_G1_time_average,,,missing_target_record,,,,,False
1,50,50,18,A_G2_time_average,,,missing_target_record,,,,,False
1,50,50,18,A_G2_minus_G1_time_average,,,missing_target_record,,,,,False
1,50,50,18,B_G1_fixed_time,,,missing_target_record,,,,,False
1,50,50,18,B_G2_fixed_time,,,missing_target_record,,,,,False
1,50,50,18,B_G2_minus_G1_fixed_time,,,missing_target_record,,,,,False
1,50,50,18,B_G1_time_average,,,missing_target_record,,,,,False
1,50,50,18,B_G2_time_average,,,missing_target_record,,,,,False
1,50,50,18,B_G2_minus_G1_time_average,,,missing_target_record,,,,,False
1,50,50,19,A_entry,,,missing_target_record,,,,,False
1,50,50,19,B_entry,,,missing_target_record,,,,,False
1,50,50,19,A_fixed_time_mean,,,missing_target_record,,,,,False
1,50,50,19,B_fixed_time_mean,,,missing_target_record,,,,,False
1,50,50,19,A_full_mean,,,missing_target_record,,,,,False
1,50,50,19,B_full_mean,,,missing_target_record,,,,,False
1,50,50,19,A_G1_fixed_time,,,missing_target_record,,,,,False
1,50,50,19,A_G2_fixed_time,,,missing_target_record,,,,,False
1,50,50,19,A_G2_minus_G1_fixed_time,,,missing_target_record,,,,,False
1,50,50,19,A_G1_time_average,,,missing_target_record,,,,,False
1,50,50,19,A_G2_time_average,,,missing_target_record,,,,,False
1,50,50,19,A_G2_minus_G1_time_average,,,missing_target_record,,,,,False
1,50,50,19,B_G1_fixed_time,,,missing_target_record,,,,,False
1,50,50,19,B_G2_fixed_time,,,missing_target_record,,,,,False
1,50,50,19,B_G2_minus_G1_fixed_time,,,missing_target_record,,,,,False
1,50,50,19,B_G1_time_average,,,missing_target_record,,,,,False
1,50,50,19,B_G2_time_average,,,missing_target_record,,,,,False
1,50,50,19,B_G2_minus_G1_time_average,,,missing_target_record,,,,,False
1,50,50,20,A_entry,,,missing_target_record,,,,,False
1,50,50,20,B_entry,,,missing_target_record,,,,,False
1,50,50,20,A_fixed_time_mean,,,missing_target_record,,,,,False
1,50,50,20,B_fixed_time_mean,,,missing_target_record,,,,,False
1,50,50,20,A_full_mean,,,missing_target_record,,,,,False
1,50,50,20,B_full_mean,,,missing_target_record,,,,,False
1,50,50,20,A_G1_fixed_time,,,missing_target_record,,,,,False
1,50,50,20,A_G2_fixed_time,,,missing_target_record,,,,,False
1,50,50,20,A_G2_minus_G1_fixed_time,,,missing_target_record,,,,,False
1,50,50,20,A_G1_time_average,,,missing_target_record,,,,,False
1,50,50,20,A_G2_time_average,,,missing_target_record,,,,,False
1,50,50,20,A_G2_minus_G1_time_average,,,missing_target_record,,,,,False
1,50,50,20,B_G1_fixed_time,,,missing_target_record,,,,,False
1,50,50,20,B_G2_fixed_time,,,missing_target_record,,,,,False
1,50,50,20,B_G2_minus_G1_fixed_time,,,missing_target_record,,,,,False
1,50,50,20,B_G1_time_average,,,missing_target_record,,,,,False
1,50,50,20,B_G2_time_average,,,missing_target_record,,,,,False
1,50,50,20,B_G2_minus_G1_time_average,,,missing_target_record,,,,,False
1,50,50,21,A_entry,,,missing_target_record,,,,,False
1,50,50,21,B_entry,,,missing_target_record,,,,,False
1,50,50,21,A_fixed_time_mean,,,missing_target_record,,,,,False
1,50,50,21,B_fixed_time_mean,,,missing_target_record,,,,,False
1,50,50,21,A_full_mean,,,missing_target_record,,,,,False
1,50,50,21,B_full_mean,,,missing_target_record,,,,,False
1,50,50,21,A_G1_fixed_time,,,missing_target_record,,,,,False
1,50,50,21,A_G2_fixed_time,,,missing_target_record,,,,,False
1,50,50,21,A_G2_minus_G1_fixed_time,,,missing_target_record,,,,,False
1,50,50,21,A_G1_time_average,,,missing_target_record,,,,,False
1,50,50,21,A_G2_time_average,,,missing_target_record,,,,,False
1,50,50,21,A_G2_minus_G1_time_average,,,missing_target_record,,,,,False
1,50,50,21,B_G1_fixed_time,,,missing_target_record,,,,,False
1,50,50,21,B_G2_fixed_time,,,missing_target_record,,,,,False
1,50,50,21,B_G2_minus_G1_fixed_time,,,missing_target_record,,,,,False
1,50,50,21,B_G1_time_average,,,missing_target_record,,,,,False
1,50,50,21,B_G2_time_average,,,missing_target_record,,,,,False
1,50,50,21,B_G2_minus_G1_time_average,,,missing_target_record,,,,,False
1,50,50,22,A_entry,,,missing_target_record,,,,,False
1,50,50,22,B_entry,,,missing_target_record,,,,,False
1,50,50,22,A_fixed_time_mean,,,missing_target_record,,,,,False
1,50,50,22,B_fixed_time_mean,,,missing_target_record,,,,,False
1,50,50,22,A_full_mean,,,missing_target_record,,,,,False
1,50,50,22,B_full_mean,,,missing_target_record,,,,,False
1,50,50,22,A_G1_fixed_time,,,missing_target_record,,,,,False
1,50,50,22,A_G2_fixed_time,,,missing_target_record,,,,,False
1,50,50,22,A_G2_minus_G1_fixed_time,,,missing_target_record,,,,,False
1,50,50,22,A_G1_time_average,,,missing_target_record,,,,,False
1,50,50,22,A_G2_time_average,,,missing_target_record,,,,,False
1,50,50,22,A_G2_minus_G1_time_average,,,missing_target_record,,,,,False
1,50,50,22,B_G1_fixed_time,,,missing_target_record,,,,,False
1,50,50,22,B_G2_fixed_time,,,missing_target_record,,,,,False
1,50,50,22,B_G2_minus_G1_fixed_time,,,missing_target_record,,,,,False
1,50,50,22,B_G1_time_average,,,missing_target_record,,,,,False
1,50,50,22,B_G2_time_average,,,missing_target_record,,,,,False
1,50,50,22,B_G2_minus_G1_time_average,,,missing_target_record,,,,,False
1,50,50,23,A_entry,,,missing_target_record,,,,,False
1,50,50,23,B_entry,,,missing_target_record,,,,,False
1,50,50,23,A_fixed_time_mean,,,missing_target_record,,,,,False
1,50,50,23,B_fixed_time_mean,,,missing_target_record,,,,,False
1,50,50,23,A_full_mean,,,missing_target_record,,,,,False
1,50,50,23,B_full_mean,,,missing_target_record,,,,,False
1,50,50,23,A_G1_fixed_time,,,missing_target_record,,,,,False
1,50,50,23,A_G2_fixed_time,,,missing_target_record,,,,,False
1,50,50,23,A_G2_minus_G1_fixed_time,,,missing_target_record,,,,,False
1,50,50,23,A_G1_time_average,,,missing_target_record,,,,,False
1,50,50,23,A_G2_time_average,,,missing_target_record,,,,,False
1,50,50,23,A_G2_minus_G1_time_average,,,missing_target_record,,,,,False
1,50,50,23,B_G1_fixed_time,,,missing_target_record,,,,,False
1,50,50,23,B_G2_fixed_time,,,missing_target_record,,,,,False
1,50,50,23,B_G2_minus_G1_fixed_time,,,missing_target_record,,,,,False
1,50,50,23,B_G1_time_average,,,missing_target_record,,,,,False
1,50,50,23,B_G2_time_average,,,missing_target_record,,,,,False
1,50,50,23,B_G2_minus_G1_time_average,,,missing_target_record,,,,,False
1,50,50,24,A_entry,,,missing_target_record,,,,,False
1,50,50,24,B_entry,,,missing_target_record,,,,,False
1,50,50,24,A_fixed_time_mean,,,missing_target_record,,,,,False
1,50,50,24,B_fixed_time_mean,,,missing_target_record,,,,,False
1,50,50,24,A_full_mean,,,missing_target_record,,,,,False
1,50,50,24,B_full_mean,,,missing_target_record,,,,,False
1,50,50,24,A_G1_fixed_time,,,missing_target_record,,,,,False
1,50,50,24,A_G2_fixed_time,,,missing_target_record,,,,,False
1,50,50,24,A_G2_minus_G1_fixed_time,,,missing_target_record,,,,,False
1,50,50,24,A_G1_time_average,,,missing_target_record,,,,,False
1,50,50,24,A_G2_time_average,,,missing_target_record,,,,,False
1,50,50,24,A_G2_minus_G1_time_average,,,missing_target_record,,,,,False
1,50,50,24,B_G1_fixed_time,,,missing_target_record,,,,,False
1,50,50,24,B_G2_fixed_time,,,missing_target_record,,,,,False
1,50,50,24,B_G2_minus_G1_fixed_time,,,missing_target_record,,,,,False
1,50,50,24,B_G1_time_average,,,missing_target_record,,,,,False
1,50,50,24,B_G2_time_average,,,missing_target_record,,,,,False
1,50,50,24,B_G2_minus_G1_time_average,,,missing_target_record,,,,,False
1,50,50,25,A_entry,,,missing_target_record,,,,,False
1,50,50,25,B_entry,,,missing_target_record,,,,,False
1,50,50,25,A_fixed_time_mean,,,missing_target_record,,,,,False
1,50,50,25,B_fixed_time_mean,,,missing_target_record,,,,,False
1,50,50,25,A_full_mean,,,missing_target_record,,,,,False
1,50,50,25,B_full_mean,,,missing_target_record,,,,,False
1,50,50,25,A_G1_fixed_time,,,missing_target_record,,,,,False
1,50,50,25,A_G2_fixed_time,,,missing_target_record,,,,,False
1,50,50,25,A_G2_minus_G1_fixed_time,,,missing_target_record,,,,,False
1,50,50,25,A_G1_time_average,,,missing_target_record,,,,,False
1,50,50,25,A_G2_time_average,,,missing_target_record,,,,,False
1,50,50,25,A_G2_minus_G1_time_average,,,missing_target_record,,,,,False
1,50,50,25,B_G1_fixed_time,,,missing_target_record,,,,,False
1,50,50,25,B_G2_fixed_time,,,missing_target_record,,,,,False
1,50,50,25,B_G2_minus_G1_fixed_time,,,missing_target_record,,,,,False
1,50,50,25,B_G1_time_average,,,missing_target_record,,,,,False
1,50,50,25,B_G2_time_average,,,missing_target_record,,,,,False
1,50,50,25,B_G2_minus_G1_time_average,,,missing_target_record,,,,,False
1,50,50,26,A_entry,,,missing_target_record,,,,,False
1,50,50,26,B_entry,,,missing_target_record,,,,,False
1,50,50,26,A_fixed_time_mean,,,missing_target_record,,,,,False
1,50,50,26,B_fixed_time_mean,,,missing_target_record,,,,,False
1,50,50,26,A_full_mean,,,missing_target_record,,,,,False
1,50,50,26,B_full_mean,,,missing_target_record,,,,,False
1,50,50,26,A_G1_fixed_time,,,missing_target_record,,,,,False
1,50,50,26,A_G2_fixed_time,,,missing_target_record,,,,,False
1,50,50,26,A_G2_minus_G1_fixed_time,,,missing_target_record,,,,,False
1,50,50,26,A_G1_time_average,,,missing_target_record,,,,,False
1,50,50,26,A_G2_time_average,,,missing_target_record,,,,,False
1,50,50,26,A_G2_minus_G1_time_average,,,missing_target_record,,,,,False
1,50,50,26,B_G1_fixed_time,,,missing_target_record,,,,,False
1,50,50,26,B_G2_fixed_time,,,missing_target_record,,,,,False
1,50,50,26,B_G2_minus_G1_fixed_time,,,missing_target_record,,,,,False
1,50,50,26,B_G1_time_average,,,missing_target_record,,,,,False
1,50,50,26,B_G2_time_average,,,missing_target_record,,,,,False
1,50,50,26,B_G2_minus_G1_time_average,,,missing_target_record,,,,,False
1,50,50,27,A_entry,,,missing_target_record,,,,,False
1,50,50,27,B_entry,,,missing_target_record,,,,,False
1,50,50,27,A_fixed_time_mean,,,missing_target_record,,,,,False
1,50,50,27,B_fixed_time_mean,,,missing_target_record,,,,,False
1,50,50,27,A_full_mean,,,missing_target_record,,,,,False
1,50,50,27,B_full_mean,,,missing_target_record,,,,,False
1,50,50,27,A_G1_fixed_time,,,missing_target_record,,,,,False
1,50,50,27,A_G2_fixed_time,,,missing_target_record,,,,,False
1,50,50,27,A_G2_minus_G1_fixed_time,,,missing_target_record,,,,,False
1,50,50,27,A_G1_time_average,,,missing_target_record,,,,,False
1,50,50,27,A_G2_time_average,,,missing_target_record,,,,,False
1,50,50,27,A_G2_minus_G1_time_average,,,missing_target_record,,,,,False
1,50,50,27,B_G1_fixed_time,,,missing_target_record,,,,,False
1,50,50,27,B_G2_fixed_time,,,missing_target_record,,,,,False
1,50,50,27,B_G2_minus_G1_fixed_time,,,missing_target_record,,,,,False
1,50,50,27,B_G1_time_average,,,missing_target_record,,,,,False
1,50,50,27,B_G2_time_average,,,missing_target_record,,,,,False
1,50,50,27,B_G2_minus_G1_time_average,,,missing_target_record,,,,,False
1,50,50,28,A_entry,,,missing_target_record,,,,,False
1,50,50,28,B_entry,,,missing_target_record,,,,,False
1,50,50,28,A_fixed_time_mean,,,missing_target_record,,,,,False
1,50,50,28,B_fixed_time_mean,,,missing_target_record,,,,,False
1,50,50,28,A_full_mean,,,missing_target_record,,,,,False
1,50,50,28,B_full_mean,,,missing_target_record,,,,,False
1,50,50,28,A_G1_fixed_time,,,missing_target_record,,,,,False
1,50,50,28,A_G2_fixed_time,,,missing_target_record,,,,,False
1,50,50,28,A_G2_minus_G1_fixed_time,,,missing_target_record,,,,,False
1,50,50,28,A_G1_time_average,,,missing_target_record,,,,,False
1,50,50,28,A_G2_time_average,,,missing_target_record,,,,,False
1,50,50,28,A_G2_minus_G1_time_average,,,missing_target_record,,,,,False
1,50,50,28,B_G1_fixed_time,,,missing_target_record,,,,,False
1,50,50,28,B_G2_fixed_time,,,missing_target_record,,,,,False
1,50,50,28,B_G2_minus_G1_fixed_time,,,missing_target_record,,,,,False
1,50,50,28,B_G1_time_average,,,missing_target_record,,,,,False
1,50,50,28,B_G2_time_average,,,missing_target_record,,,,,False
1,50,50,28,B_G2_minus_G1_time_average,,,missing_target_record,,,,,False
1,50,50,29,A_entry,,,missing_target_record,,,,,False
1,50,50,29,B_entry,,,missing_target_record,,,,,False
1,50,50,29,A_fixed_time_mean,,,missing_target_record,,,,,False
1,50,50,29,B_fixed_time_mean,,,missing_target_record,,,,,False
1,50,50,29,A_full_mean,,,missing_target_record,,,,,False
1,50,50,29,B_full_mean,,,missing_target_record,,,,,False
1,50,50,29,A_G1_fixed_time,,,missing_target_record,,,,,False
1,50,50,29,A_G2_fixed_time,,,missing_target_record,,,,,False
1,50,50,29,A_G2_minus_G1_fixed_time,,,missing_target_record,,,,,False
1,50,50,29,A_G1_time_average,,,missing_target_record,,,,,False
1,50,50,29,A_G2_time_average,,,missing_target_record,,,,,False
1,50,50,29,A_G2_minus_G1_time_average,,,missing_target_record,,,,,False
1,50,50,29,B_G1_fixed_time,,,missing_target_record,,,,,False
1,50,50,29,B_G2_fixed_time,,,missing_target_record,,,,,False
1,50,50,29,B_G2_minus_G1_fixed_time,,,missing_target_record,,,,,False
1,50,50,29,B_G1_time_average,,,missing_target_record,,,,,False
1,50,50,29,B_G2_time_average,,,missing_target_record,,,,,False
1,50,50,29,B_G2_minus_G1_time_average,,,missing_target_record,,,,,False
1,50,50,30,A_entry,,,missing_target_record,,,,,False
1,50,50,30,B_entry,,,missing_target_record,,,,,False
1,50,50,30,A_fixed_time_mean,,,missing_target_record,,,,,False
1,50,50,30,B_fixed_time_mean,,,missing_target_record,,,,,False
1,50,50,30,A_full_mean,,,missing_target_record,,,,,False
1,50,50,30,B_full_mean,,,missing_target_record,,,,,False
1,50,50,30,A_G1_fixed_time,,,missing_target_record,,,,,False
1,50,50,30,A_G2_fixed_time,,,missing_target_record,,,,,False
1,50,50,30,A_G2_minus_G1_fixed_time,,,missing_target_record,,,,,False
1,50,50,30,A_G1_time_average,,,missing_target_record,,,,,False
1,50,50,30,A_G2_time_average,,,missing_target_record,,,,,False
1,50,50,30,A_G2_minus_G1_time_average,,,missing_target_record,,,,,False
1,50,50,30,B_G1_fixed_time,,,missing_target_record,,,,,False
1,50,50,30,B_G2_fixed_time,,,missing_target_record,,,,,False
1,50,50,30,B_G2_minus_G1_fixed_time,,,missing_target_record,,,,,False
1,50,50,30,B_G1_time_average,,,missing_target_record,,,,,False
1,50,50,30,B_G2_time_average,,,missing_target_record,,,,,False
1,50,50,30,B_G2_minus_G1_time_average,,,missing_target_record,,,,,False
1,50,50,31,A_entry,,,missing_target_record,,,,,False
1,50,50,31,B_entry,,,missing_target_record,,,,,False
1,50,50,31,A_fixed_time_mean,,,missing_target_record,,,,,False
1,50,50,31,B_fixed_time_mean,,,missing_target_record,,,,,False
1,50,50,31,A_full_mean,,,missing_target_record,,,,,False
1,50,50,31,B_full_mean,,,missing_target_record,,,,,False
1,50,50,31,A_G1_fixed_time,,,missing_target_record,,,,,False
1,50,50,31,A_G2_fixed_time,,,missing_target_record,,,,,False
1,50,50,31,A_G2_minus_G1_fixed_time,,,missing_target_record,,,,,False
1,50,50,31,A_G1_time_average,,,missing_target_record,,,,,False
1,50,50,31,A_G2_time_average,,,missing_target_record,,,,,False
1,50,50,31,A_G2_minus_G1_time_average,,,missing_target_record,,,,,False
1,50,50,31,B_G1_fixed_time,,,missing_target_record,,,,,False
1,50,50,31,B_G2_fixed_time,,,missing_target_record,,,,,False
1,50,50,31,B_G2_minus_G1_fixed_time,,,missing_target_record,,,,,False
1,50,50,31,B_G1_time_average,,,missing_target_record,,,,,False
1,50,50,31,B_G2_time_average,,,missing_target_record,,,,,False
1,50,50,31,B_G2_minus_G1_time_average,,,missing_target_record,,,,,False
1,50,50,32,A_entry,,,missing_target_record,,,,,False
1,50,50,32,B_entry,,,missing_target_record,,,,,False
1,50,50,32,A_fixed_time_mean,,,missing_target_record,,,,,False
1,50,50,32,B_fixed_time_mean,,,missing_target_record,,,,,False
1,50,50,32,A_full_mean,,,missing_target_record,,,,,False
1,50,50,32,B_full_mean,,,missing_target_record,,,,,False
1,50,50,32,A_G1_fixed_time,,,missing_target_record,,,,,False
1,50,50,32,A_G2_fixed_time,,,missing_target_record,,,,,False
1,50,50,32,A_G2_minus_G1_fixed_time,,,missing_target_record,,,,,False
1,50,50,32,A_G1_time_average,,,missing_target_record,,,,,False
1,50,50,32,A_G2_time_average,,,missing_target_record,,,,,False
1,50,50,32,A_G2_minus_G1_time_average,,,missing_target_record,,,,,False
1,50,50,32,B_G1_fixed_time,,,missing_target_record,,,,,False
1,50,50,32,B_G2_fixed_time,,,missing_target_record,,,,,False
1,50,50,32,B_G2_minus_G1_fixed_time,,,missing_target_record,,,,,False
1,50,50,32,B_G1_time_average,,,missing_target_record,,,,,False
1,50,50,32,B_G2_time_average,,,missing_target_record,,,,,False
1,50,50,32,B_G2_minus_G1_time_average,,,missing_target_record,,,,,False
1,50,50,33,A_entry,,,missing_target_record,,,,,False
1,50,50,33,B_entry,,,missing_target_record,,,,,False
1,50,50,33,A_fixed_time_mean,,,missing_target_record,,,,,False
1,50,50,33,B_fixed_time_mean,,,missing_target_record,,,,,False
1,50,50,33,A_full_mean,,,missing_target_record,,,,,False
1,50,50,33,B_full_mean,,,missing_target_record,,,,,False
1,50,50,33,A_G1_fixed_time,,,missing_target_record,,,,,False
1,50,50,33,A_G2_fixed_time,,,missing_target_record,,,,,False
1,50,50,33,A_G2_minus_G1_fixed_time,,,missing_target_record,,,,,False
1,50,50,33,A_G1_time_average,,,missing_target_record,,,,,False
1,50,50,33,A_G2_time_average,,,missing_target_record,,,,,False
1,50,50,33,A_G2_minus_G1_time_average,,,missing_target_record,,,,,False
1,50,50,33,B_G1_fixed_time,,,missing_target_record,,,,,False
1,50,50,33,B_G2_fixed_time,,,missing_target_record,,,,,False
1,50,50,33,B_G2_minus_G1_fixed_time,,,missing_target_record,,,,,False
1,50,50,33,B_G1_time_average,,,missing_target_record,,,,,False
1,50,50,33,B_G2_time_average,,,missing_target_record,,,,,False
1,50,50,33,B_G2_minus_G1_time_average,,,missing_target_record,,,,,False
1,50,50,34,A_entry,,,missing_target_record,,,,,False
1,50,50,34,B_entry,,,missing_target_record,,,,,False
1,50,50,34,A_fixed_time_mean,,,missing_target_record,,,,,False
1,50,50,34,B_fixed_time_mean,,,missing_target_record,,,,,False
1,50,50,34,A_full_mean,,,missing_target_record,,,,,False
1,50,50,34,B_full_mean,,,missing_target_record,,,,,False
1,50,50,34,A_G1_fixed_time,,,missing_target_record,,,,,False
1,50,50,34,A_G2_fixed_time,,,missing_target_record,,,,,False
1,50,50,34,A_G2_minus_G1_fixed_time,,,missing_target_record,,,,,False
1,50,50,34,A_G1_time_average,,,missing_target_record,,,,,False
1,50,50,34,A_G2_time_average,,,missing_target_record,,,,,False
1,50,50,34,A_G2_minus_G1_time_average,,,missing_target_record,,,,,False
1,50,50,34,B_G1_fixed_time,,,missing_target_record,,,,,False
1,50,50,34,B_G2_fixed_time,,,missing_target_record,,,,,False
1,50,50,34,B_G2_minus_G1_fixed_time,,,missing_target_record,,,,,False
1,50,50,34,B_G1_time_average,,,missing_target_record,,,,,False
1,50,50,34,B_G2_time_average,,,missing_target_record,,,,,False
1,50,50,34,B_G2_minus_G1_time_average,,,missing_target_record,,,,,False
1,50,50,35,A_entry,,,missing_target_record,,,,,False
1,50,50,35,B_entry,,,missing_target_record,,,,,False
1,50,50,35,A_fixed_time_mean,,,missing_target_record,,,,,False
1,50,50,35,B_fixed_time_mean,,,missing_target_record,,,,,False
1,50,50,35,A_full_mean,,,missing_target_record,,,,,False
1,50,50,35,B_full_mean,,,missing_target_record,,,,,False
1,50,50,35,A_G1_fixed_time,,,missing_target_record,,,,,False
1,50,50,35,A_G2_fixed_time,,,missing_target_record,,,,,False
1,50,50,35,A_G2_minus_G1_fixed_time,,,missing_target_record,,,,,False
1,50,50,35,A_G1_time_average,,,missing_target_record,,,,,False
1,50,50,35,A_G2_time_average,,,missing_target_record,,,,,False
1,50,50,35,A_G2_minus_G1_time_average,,,missing_target_record,,,,,False
1,50,50,35,B_G1_fixed_time,,,missing_target_record,,,,,False
1,50,50,35,B_G2_fixed_time,,,missing_target_record,,,,,False
1,50,50,35,B_G2_minus_G1_fixed_time,,,missing_target_record,,,,,False
1,50,50,35,B_G1_time_average,,,missing_target_record,,,,,False
1,50,50,35,B_G2_time_average,,,missing_target_record,,,,,False
1,50,50,35,B_G2_minus_G1_time_average,,,missing_target_record,,,,,False
1,50,50,36,A_entry,,,missing_target_record,,,,,False
1,50,50,36,B_entry,,,missing_target_record,,,,,False
1,50,50,36,A_fixed_time_mean,,,missing_target_record,,,,,False
1,50,50,36,B_fixed_time_mean,,,missing_target_record,,,,,False
1,50,50,36,A_full_mean,,,missing_target_record,,,,,False
1,50,50,36,B_full_mean,,,missing_target_record,,,,,False
1,50,50,36,A_G1_fixed_time,,,missing_target_record,,,,,False
1,50,50,36,A_G2_fixed_time,,,missing_target_record,,,,,False
1,50,50,36,A_G2_minus_G1_fixed_time,,,missing_target_record,,,,,False
1,50,50,36,A_G1_time_average,,,missing_target_record,,,,,False
1,50,50,36,A_G2_time_average,,,missing_target_record,,,,,False
1,50,50,36,A_G2_minus_G1_time_average,,,missing_target_record,,,,,False
1,50,50,36,B_G1_fixed_time,,,missing_target_record,,,,,False
1,50,50,36,B_G2_fixed_time,,,missing_target_record,,,,,False
1,50,50,36,B_G2_minus_G1_fixed_time,,,missing_target_record,,,,,False
1,50,50,36,B_G1_time_average,,,missing_target_record,,,,,False
1,50,50,36,B_G2_time_average,,,missing_target_record,,,,,False
1,50,50,36,B_G2_minus_G1_time_average,,,missing_target_record,,,,,False
1,50,50,37,A_entry,,,missing_target_record,,,,,False
1,50,50,37,B_entry,,,missing_target_record,,,,,False
1,50,50,37,A_fixed_time_mean,,,missing_target_record,,,,,False
1,50,50,37,B_fixed_time_mean,,,missing_target_record,,,,,False
1,50,50,37,A_full_mean,,,missing_target_record,,,,,False
1,50,50,37,B_full_mean,,,missing_target_record,,,,,False
1,50,50,37,A_G1_fixed_time,,,missing_target_record,,,,,False
1,50,50,37,A_G2_fixed_time,,,missing_target_record,,,,,False
1,50,50,37,A_G2_minus_G1_fixed_time,,,missing_target_record,,,,,False
1,50,50,37,A_G1_time_average,,,missing_target_record,,,,,False
1,50,50,37,A_G2_time_average,,,missing_target_record,,,,,False
1,50,50,37,A_G2_minus_G1_time_average,,,missing_target_record,,,,,False
1,50,50,37,B_G1_fixed_time,,,missing_target_record,,,,,False
1,50,50,37,B_G2_fixed_time,,,missing_target_record,,,,,False
1,50,50,37,B_G2_minus_G1_fixed_time,,,missing_target_record,,,,,False
1,50,50,37,B_G1_time_average,,,missing_target_record,,,,,False
1,50,50,37,B_G2_time_average,,,missing_target_record,,,,,False
1,50,50,37,B_G2_minus_G1_time_average,,,missing_target_record,,,,,False
1,50,50,38,A_entry,,,missing_target_record,,,,,False
1,50,50,38,B_entry,,,missing_target_record,,,,,False
1,50,50,38,A_fixed_time_mean,,,missing_target_record,,,,,False
1,50,50,38,B_fixed_time_mean,,,missing_target_record,,,,,False
1,50,50,38,A_full_mean,,,missing_target_record,,,,,False
1,50,50,38,B_full_mean,,,missing_target_record,,,,,False
1,50,50,38,A_G1_fixed_time,,,missing_target_record,,,,,False
1,50,50,38,A_G2_fixed_time,,,missing_target_record,,,,,False
1,50,50,38,A_G2_minus_G1_fixed_time,,,missing_target_record,,,,,False
1,50,50,38,A_G1_time_average,,,missing_target_record,,,,,False
1,50,50,38,A_G2_time_average,,,missing_target_record,,,,,False
1,50,50,38,A_G2_minus_G1_time_average,,,missing_target_record,,,,,False
1,50,50,38,B_G1_fixed_time,,,missing_target_record,,,,,False
1,50,50,38,B_G2_fixed_time,,,missing_target_record,,,,,False
1,50,50,38,B_G2_minus_G1_fixed_time,,,missing_target_record,,,,,False
1,50,50,38,B_G1_time_average,,,missing_target_record,,,,,False
1,50,50,38,B_G2_time_average,,,missing_target_record,,,,,False
1,50,50,38,B_G2_minus_G1_time_average,,,missing_target_record,,,,,False
1,50,50,39,A_entry,,,missing_target_record,,,,,False
1,50,50,39,B_entry,,,missing_target_record,,,,,False
1,50,50,39,A_fixed_time_mean,,,missing_target_record,,,,,False
1,50,50,39,B_fixed_time_mean,,,missing_target_record,,,,,False
1,50,50,39,A_full_mean,,,missing_target_record,,,,,False
1,50,50,39,B_full_mean,,,missing_target_record,,,,,False
1,50,50,39,A_G1_fixed_time,,,missing_target_record,,,,,False
1,50,50,39,A_G2_fixed_time,,,missing_target_record,,,,,False
1,50,50,39,A_G2_minus_G1_fixed_time,,,missing_target_record,,,,,False
1,50,50,39,A_G1_time_average,,,missing_target_record,,,,,False
1,50,50,39,A_G2_time_average,,,missing_target_record,,,,,False
1,50,50,39,A_G2_minus_G1_time_average,,,missing_target_record,,,,,False
1,50,50,39,B_G1_fixed_time,,,missing_target_record,,,,,False
1,50,50,39,B_G2_fixed_time,,,missing_target_record,,,,,False
1,50,50,39,B_G2_minus_G1_fixed_time,,,missing_target_record,,,,,False
1,50,50,39,B_G1_time_average,,,missing_target_record,,,,,False
1,50,50,39,B_G2_time_average,,,missing_target_record,,,,,False
1,50,50,39,B_G2_minus_G1_time_average,,,missing_target_record,,,,,False
1,50,50,40,A_entry,,,missing_target_record,,,,,False
1,50,50,40,B_entry,,,missing_target_record,,,,,False
1,50,50,40,A_fixed_time_mean,,,missing_target_record,,,,,False
1,50,50,40,B_fixed_time_mean,,,missing_target_record,,,,,False
1,50,50,40,A_full_mean,,,missing_target_record,,,,,False
1,50,50,40,B_full_mean,,,missing_target_record,,,,,False
1,50,50,40,A_G1_fixed_time,,,missing_target_record,,,,,False
1,50,50,40,A_G2_fixed_time,,,missing_target_record,,,,,False
1,50,50,40,A_G2_minus_G1_fixed_time,,,missing_target_record,,,,,False
1,50,50,40,A_G1_time_average,,,missing_target_record,,,,,False
1,50,50,40,A_G2_time_average,,,missing_target_record,,,,,False
1,50,50,40,A_G2_minus_G1_time_average,,,missing_target_record,,,,,False
1,50,50,40,B_G1_fixed_time,,,missing_target_record,,,,,False
1,50,50,40,B_G2_fixed_time,,,missing_target_record,,,,,False
1,50,50,40,B_G2_minus_G1_fixed_time,,,missing_target_record,,,,,False
1,50,50,40,B_G1_time_average,,,missing_target_record,,,,,False
1,50,50,40,B_G2_time_average,,,missing_target_record,,,,,False
1,50,50,40,B_G2_minus_G1_time_average,,,missing_target_record,,,,,False
1,50,50,41,A_entry,,,missing_target_record,,,,,False
1,50,50,41,B_entry,,,missing_target_record,,,,,False
1,50,50,41,A_fixed_time_mean,,,missing_target_record,,,,,False
1,50,50,41,B_fixed_time_mean,,,missing_target_record,,,,,False
1,50,50,41,A_full_mean,,,missing_target_record,,,,,False
1,50,50,41,B_full_mean,,,missing_target_record,,,,,False
1,50,50,41,A_G1_fixed_time,,,missing_target_record,,,,,False
1,50,50,41,A_G2_fixed_time,,,missing_target_record,,,,,False
1,50,50,41,A_G2_minus_G1_fixed_time,,,missing_target_record,,,,,False
1,50,50,41,A_G1_time_average,,,missing_target_record,,,,,False
1,50,50,41,A_G2_time_average,,,missing_target_record,,,,,False
1,50,50,41,A_G2_minus_G1_time_average,,,missing_target_record,,,,,False
1,50,50,41,B_G1_fixed_time,,,missing_target_record,,,,,False
1,50,50,41,B_G2_fixed_time,,,missing_target_record,,,,,False
1,50,50,41,B_G2_minus_G1_fixed_time,,,missing_target_record,,,,,False
1,50,50,41,B_G1_time_average,,,missing_target_record,,,,,False
1,50,50,41,B_G2_time_average,,,missing_target_record,,,,,False
1,50,50,41,B_G2_minus_G1_time_average,,,missing_target_record,,,,,False
1,50,50,42,A_entry,,,missing_target_record,,,,,False
1,50,50,42,B_entry,,,missing_target_record,,,,,False
1,50,50,42,A_fixed_time_mean,,,missing_target_record,,,,,False
1,50,50,42,B_fixed_time_mean,,,missing_target_record,,,,,False
1,50,50,42,A_full_mean,,,missing_target_record,,,,,False
1,50,50,42,B_full_mean,,,missing_target_record,,,,,False
1,50,50,42,A_G1_fixed_time,,,missing_target_record,,,,,False
1,50,50,42,A_G2_fixed_time,,,missing_target_record,,,,,False
1,50,50,42,A_G2_minus_G1_fixed_time,,,missing_target_record,,,,,False
1,50,50,42,A_G1_time_average,,,missing_target_record,,,,,False
1,50,50,42,A_G2_time_average,,,missing_target_record,,,,,False
1,50,50,42,A_G2_minus_G1_time_average,,,missing_target_record,,,,,False
1,50,50,42,B_G1_fixed_time,,,missing_target_record,,,,,False
1,50,50,42,B_G2_fixed_time,,,missing_target_record,,,,,False
1,50,50,42,B_G2_minus_G1_fixed_time,,,missing_target_record,,,,,False
1,50,50,42,B_G1_time_average,,,missing_target_record,,,,,False
1,50,50,42,B_G2_time_average,,,missing_target_record,,,,,False
1,50,50,42,B_G2_minus_G1_time_average,,,missing_target_record,,,,,False
1,50,50,43,A_entry,,,missing_target_record,,,,,False
1,50,50,43,B_entry,,,missing_target_record,,,,,False
1,50,50,43,A_fixed_time_mean,,,missing_target_record,,,,,False
1,50,50,43,B_fixed_time_mean,,,missing_target_record,,,,,False
1,50,50,43,A_full_mean,,,missing_target_record,,,,,False
1,50,50,43,B_full_mean,,,missing_target_record,,,,,False
1,50,50,43,A_G1_fixed_time,,,missing_target_record,,,,,False
1,50,50,43,A_G2_fixed_time,,,missing_target_record,,,,,False
1,50,50,43,A_G2_minus_G1_fixed_time,,,missing_target_record,,,,,False
1,50,50,43,A_G1_time_average,,,missing_target_record,,,,,False
1,50,50,43,A_G2_time_average,,,missing_target_record,,,,,False
1,50,50,43,A_G2_minus_G1_time_average,,,missing_target_record,,,,,False
1,50,50,43,B_G1_fixed_time,,,missing_target_record,,,,,False
1,50,50,43,B_G2_fixed_time,,,missing_target_record,,,,,False
1,50,50,43,B_G2_minus_G1_fixed_time,,,missing_target_record,,,,,False
1,50,50,43,B_G1_time_average,,,missing_target_record,,,,,False
1,50,50,43,B_G2_time_average,,,missing_target_record,,,,,False
1,50,50,43,B_G2_minus_G1_time_average,,,missing_target_record,,,,,False
1,50,50,44,A_entry,,,missing_target_record,,,,,False
1,50,50,44,B_entry,,,missing_target_record,,,,,False
1,50,50,44,A_fixed_time_mean,,,missing_target_record,,,,,False
1,50,50,44,B_fixed_time_mean,,,missing_target_record,,,,,False
1,50,50,44,A_full_mean,,,missing_target_record,,,,,False
1,50,50,44,B_full_mean,,,missing_target_record,,,,,False
1,50,50,44,A_G1_fixed_time,,,missing_target_record,,,,,False
1,50,50,44,A_G2_fixed_time,,,missing_target_record,,,,,False
1,50,50,44,A_G2_minus_G1_fixed_time,,,missing_target_record,,,,,False
1,50,50,44,A_G1_time_average,,,missing_target_record,,,,,False
1,50,50,44,A_G2_time_average,,,missing_target_record,,,,,False
1,50,50,44,A_G2_minus_G1_time_average,,,missing_target_record,,,,,False
1,50,50,44,B_G1_fixed_time,,,missing_target_record,,,,,False
1,50,50,44,B_G2_fixed_time,,,missing_target_record,,,,,False
1,50,50,44,B_G2_minus_G1_fixed_time,,,missing_target_record,,,,,False
1,50,50,44,B_G1_time_average,,,missing_target_record,,,,,False
1,50,50,44,B_G2_time_average,,,missing_target_record,,,,,False
1,50,50,44,B_G2_minus_G1_time_average,,,missing_target_record,,,,,False
1,50,50,45,A_entry,,,missing_target_record,,,,,False
1,50,50,45,B_entry,,,missing_target_record,,,,,False
1,50,50,45,A_fixed_time_mean,,,missing_target_record,,,,,False
1,50,50,45,B_fixed_time_mean,,,missing_target_record,,,,,False
1,50,50,45,A_full_mean,,,missing_target_record,,,,,False
1,50,50,45,B_full_mean,,,missing_target_record,,,,,False
1,50,50,45,A_G1_fixed_time,,,missing_target_record,,,,,False
1,50,50,45,A_G2_fixed_time,,,missing_target_record,,,,,False
1,50,50,45,A_G2_minus_G1_fixed_time,,,missing_target_record,,,,,False
1,50,50,45,A_G1_time_average,,,missing_target_record,,,,,False
1,50,50,45,A_G2_time_average,,,missing_target_record,,,,,False
1,50,50,45,A_G2_minus_G1_time_average,,,missing_target_record,,,,,False
1,50,50,45,B_G1_fixed_time,,,missing_target_record,,,,,False
1,50,50,45,B_G2_fixed_time,,,missing_target_record,,,,,False
1,50,50,45,B_G2_minus_G1_fixed_time,,,missing_target_record,,,,,False
1,50,50,45,B_G1_time_average,,,missing_target_record,,,,,False
1,50,50,45,B_G2_time_average,,,missing_target_record,,,,,False
1,50,50,45,B_G2_minus_G1_time_average,,,missing_target_record,,,,,False
1,50,50,46,A_entry,,,missing_target_record,,,,,False
1,50,50,46,B_entry,,,missing_target_record,,,,,False
1,50,50,46,A_fixed_time_mean,,,missing_target_record,,,,,False
1,50,50,46,B_fixed_time_mean,,,missing_target_record,,,,,False
1,50,50,46,A_full_mean,,,missing_target_record,,,,,False
1,50,50,46,B_full_mean,,,missing_target_record,,,,,False
1,50,50,46,A_G1_fixed_time,,,missing_target_record,,,,,False
1,50,50,46,A_G2_fixed_time,,,missing_target_record,,,,,False
1,50,50,46,A_G2_minus_G1_fixed_time,,,missing_target_record,,,,,False
1,50,50,46,A_G1_time_average,,,missing_target_record,,,,,False
1,50,50,46,A_G2_time_average,,,missing_target_record,,,,,False
1,50,50,46,A_G2_minus_G1_time_average,,,missing_target_record,,,,,False
1,50,50,46,B_G1_fixed_time,,,missing_target_record,,,,,False
1,50,50,46,B_G2_fixed_time,,,missing_target_record,,,,,False
1,50,50,46,B_G2_minus_G1_fixed_time,,,missing_target_record,,,,,False
1,50,50,46,B_G1_time_average,,,missing_target_record,,,,,False
1,50,50,46,B_G2_time_average,,,missing_target_record,,,,,False
1,50,50,46,B_G2_minus_G1_time_average,,,missing_target_record,,,,,False
1,50,50,47,A_entry,,,missing_target_record,,,,,False
1,50,50,47,B_entry,,,missing_target_record,,,,,False
1,50,50,47,A_fixed_time_mean,,,missing_target_record,,,,,False
1,50,50,47,B_fixed_time_mean,,,missing_target_record,,,,,False
1,50,50,47,A_full_mean,,,missing_target_record,,,,,False
1,50,50,47,B_full_mean,,,missing_target_record,,,,,False
1,50,50,47,A_G1_fixed_time,,,missing_target_record,,,,,False
1,50,50,47,A_G2_fixed_time,,,missing_target_record,,,,,False
1,50,50,47,A_G2_minus_G1_fixed_time,,,missing_target_record,,,,,False
1,50,50,47,A_G1_time_average,,,missing_target_record,,,,,False
1,50,50,47,A_G2_time_average,,,missing_target_record,,,,,False
1,50,50,47,A_G2_minus_G1_time_average,,,missing_target_record,,,,,False
1,50,50,47,B_G1_fixed_time,,,missing_target_record,,,,,False
1,50,50,47,B_G2_fixed_time,,,missing_target_record,,,,,False
1,50,50,47,B_G2_minus_G1_fixed_time,,,missing_target_record,,,,,False
1,50,50,47,B_G1_time_average,,,missing_target_record,,,,,False
1,50,50,47,B_G2_time_average,,,missing_target_record,,,,,False
1,50,50,47,B_G2_minus_G1_time_average,,,missing_target_record,,,,,False
1,50,50,48,A_entry,,,missing_target_record,,,,,False
1,50,50,48,B_entry,,,missing_target_record,,,,,False
1,50,50,48,A_fixed_time_mean,,,missing_target_record,,,,,False
1,50,50,48,B_fixed_time_mean,,,missing_target_record,,,,,False
1,50,50,48,A_full_mean,,,missing_target_record,,,,,False
1,50,50,48,B_full_mean,,,missing_target_record,,,,,False
1,50,50,48,A_G1_fixed_time,,,missing_target_record,,,,,False
1,50,50,48,A_G2_fixed_time,,,missing_target_record,,,,,False
1,50,50,48,A_G2_minus_G1_fixed_time,,,missing_target_record,,,,,False
1,50,50,48,A_G1_time_average,,,missing_target_record,,,,,False
1,50,50,48,A_G2_time_average,,,missing_target_record,,,,,False
1,50,50,48,A_G2_minus_G1_time_average,,,missing_target_record,,,,,False
1,50,50,48,B_G1_fixed_time,,,missing_target_record,,,,,False
1,50,50,48,B_G2_fixed_time,,,missing_target_record,,,,,False
1,50,50,48,B_G2_minus_G1_fixed_time,,,missing_target_record,,,,,False
1,50,50,48,B_G1_time_average,,,missing_target_record,,,,,False
1,50,50,48,B_G2_time_average,,,missing_target_record,,,,,False
1,50,50,48,B_G2_minus_G1_time_average,,,missing_target_record,,,,,False
1,50,50,49,A_entry,,,missing_target_record,,,,,False
1,50,50,49,B_entry,,,missing_target_record,,,,,False
1,50,50,49,A_fixed_time_mean,,,missing_target_record,,,,,False
1,50,50,49,B_fixed_time_mean,,,missing_target_record,,,,,False
1,50,50,49,A_full_mean,,,missing_target_record,,,,,False
1,50,50,49,B_full_mean,,,missing_target_record,,,,,False
1,50,50,49,A_G1_fixed_time,,,missing_target_record,,,,,False
1,50,50,49,A_G2_fixed_time,,,missing_target_record,,,,,False
1,50,50,49,A_G2_minus_G1_fixed_time,,,missing_target_record,,,,,False
1,50,50,49,A_G1_time_average,,,missing_target_record,,,,,False
1,50,50,49,A_G2_time_average,,,missing_target_record,,,,,False
1,50,50,49,A_G2_minus_G1_time_average,,,missing_target_record,,,,,False
1,50,50,49,B_G1_fixed_time,,,missing_target_record,,,,,False
1,50,50,49,B_G2_fixed_time,,,missing_target_record,,,,,False
1,50,50,49,B_G2_minus_G1_fixed_time,,,missing_target_record,,,,,False
1,50,50,49,B_G1_time_average,,,missing_target_record,,,,,False
1,50,50,49,B_G2_time_average,,,missing_target_record,,,,,False
1,50,50,49,B_G2_minus_G1_time_average,,,missing_target_record,,,,,False
1,50,50,50,A_entry,,,missing_target_record,,,,,False
1,50,50,50,B_entry,,,missing_target_record,,,,,False
1,50,50,50,A_fixed_time_mean,,,missing_target_record,,,,,False
1,50,50,50,B_fixed_time_mean,,,missing_target_record,,,,,False
1,50,50,50,A_full_mean,,,missing_target_record,,,,,False
1,50,50,50,B_full_mean,,,missing_target_record,,,,,False
1,50,50,50,A_G1_fixed_time,,,missing_target_record,,,,,False
1,50,50,50,A_G2_fixed_time,,,missing_target_record,,,,,False
1,50,50,50,A_G2_minus_G1_fixed_time,,,missing_target_record,,,,,False
1,50,50,50,A_G1_time_average,,,missing_target_record,,,,,False
1,50,50,50,A_G2_time_average,,,missing_target_record,,,,,False
1,50,50,50,A_G2_minus_G1_time_average,,,missing_target_record,,,,,False
1,50,50,50,B_G1_fixed_time,,,missing_target_record,,,,,False
1,50,50,50,B_G2_fixed_time,,,missing_target_record,,,,,False
1,50,50,50,B_G2_minus_G1_fixed_time,,,missing_target_record,,,,,False
1,50,50,50,B_G1_time_average,,,missing_target_record,,,,,False
1,50,50,50,B_G2_time_average,,,missing_target_record,,,,,False
1,50,50,50,B_G2_minus_G1_time_average,,,missing_target_record,,,,,False
1,50,50,51,A_entry,,,missing_target_record,,,,,False
1,50,50,51,B_entry,,,missing_target_record,,,,,False
1,50,50,51,A_fixed_time_mean,,,missing_target_record,,,,,False
1,50,50,51,B_fixed_time_mean,,,missing_target_record,,,,,False
1,50,50,51,A_full_mean,,,missing_target_record,,,,,False
1,50,50,51,B_full_mean,,,missing_target_record,,,,,False
1,50,50,51,A_G1_fixed_time,,,missing_target_record,,,,,False
1,50,50,51,A_G2_fixed_time,,,missing_target_record,,,,,False
1,50,50,51,A_G2_minus_G1_fixed_time,,,missing_target_record,,,,,False
1,50,50,51,A_G1_time_average,,,missing_target_record,,,,,False
1,50,50,51,A_G2_time_average,,,missing_target_record,,,,,False
1,50,50,51,A_G2_minus_G1_time_average,,,missing_target_record,,,,,False
1,50,50,51,B_G1_fixed_time,,,missing_target_record,,,,,False
1,50,50,51,B_G2_fixed_time,,,missing_target_record,,,,,False
1,50,50,51,B_G2_minus_G1_fixed_time,,,missing_target_record,,,,,False
1,50,50,51,B_G1_time_average,,,missing_target_record,,,,,False
1,50,50,51,B_G2_time_average,,,missing_target_record,,,,,False
1,50,50,51,B_G2_minus_G1_time_average,,,missing_target_record,,,,,False
1,50,50,52,A_entry,,,missing_target_record,,,,,False
1,50,50,52,B_entry,,,missing_target_record,,,,,False
1,50,50,52,A_fixed_time_mean,,,missing_target_record,,,,,False
1,50,50,52,B_fixed_time_mean,,,missing_target_record,,,,,False
1,50,50,52,A_full_mean,,,missing_target_record,,,,,False
1,50,50,52,B_full_mean,,,missing_target_record,,,,,False
1,50,50,52,A_G1_fixed_time,,,missing_target_record,,,,,False
1,50,50,52,A_G2_fixed_time,,,missing_target_record,,,,,False
1,50,50,52,A_G2_minus_G1_fixed_time,,,missing_target_record,,,,,False
1,50,50,52,A_G1_time_average,,,missing_target_record,,,,,False
1,50,50,52,A_G2_time_average,,,missing_target_record,,,,,False
1,50,50,52,A_G2_minus_G1_time_average,,,missing_target_record,,,,,False
1,50,50,52,B_G1_fixed_time,,,missing_target_record,,,,,False
1,50,50,52,B_G2_fixed_time,,,missing_target_record,,,,,False
1,50,50,52,B_G2_minus_G1_fixed_time,,,missing_target_record,,,,,False
1,50,50,52,B_G1_time_average,,,missing_target_record,,,,,False
1,50,50,52,B_G2_time_average,,,missing_target_record,,,,,False
1,50,50,52,B_G2_minus_G1_time_average,,,missing_target_record,,,,,False
1,50,50,53,A_entry,,,missing_target_record,,,,,False
1,50,50,53,B_entry,,,missing_target_record,,,,,False
1,50,50,53,A_fixed_time_mean,,,missing_target_record,,,,,False
1,50,50,53,B_fixed_time_mean,,,missing_target_record,,,,,False
1,50,50,53,A_full_mean,,,missing_target_record,,,,,False
1,50,50,53,B_full_mean,,,missing_target_record,,,,,False
1,50,50,53,A_G1_fixed_time,,,missing_target_record,,,,,False
1,50,50,53,A_G2_fixed_time,,,missing_target_record,,,,,False
1,50,50,53,A_G2_minus_G1_fixed_time,,,missing_target_record,,,,,False
1,50,50,53,A_G1_time_average,,,missing_target_record,,,,,False
1,50,50,53,A_G2_time_average,,,missing_target_record,,,,,False
1,50,50,53,A_G2_minus_G1_time_average,,,missing_target_record,,,,,False
1,50,50,53,B_G1_fixed_time,,,missing_target_record,,,,,False
1,50,50,53,B_G2_fixed_time,,,missing_target_record,,,,,False
1,50,50,53,B_G2_minus_G1_fixed_time,,,missing_target_record,,,,,False
1,50,50,53,B_G1_time_average,,,missing_target_record,,,,,False
1,50,50,53,B_G2_time_average,,,missing_target_record,,,,,False
1,50,50,53,B_G2_minus_G1_time_average,,,missing_target_record,,,,,False
1,50,50,54,A_entry,,,missing_target_record,,,,,False
1,50,50,54,B_entry,,,missing_target_record,,,,,False
1,50,50,54,A_fixed_time_mean,,,missing_target_record,,,,,False
1,50,50,54,B_fixed_time_mean,,,missing_target_record,,,,,False
1,50,50,54,A_full_mean,,,missing_target_record,,,,,False
1,50,50,54,B_full_mean,,,missing_target_record,,,,,False
1,50,50,54,A_G1_fixed_time,,,missing_target_record,,,,,False
1,50,50,54,A_G2_fixed_time,,,missing_target_record,,,,,False
1,50,50,54,A_G2_minus_G1_fixed_time,,,missing_target_record,,,,,False
1,50,50,54,A_G1_time_average,,,missing_target_record,,,,,False
1,50,50,54,A_G2_time_average,,,missing_target_record,,,,,False
1,50,50,54,A_G2_minus_G1_time_average,,,missing_target_record,,,,,False
1,50,50,54,B_G1_fixed_time,,,missing_target_record,,,,,False
1,50,50,54,B_G2_fixed_time,,,missing_target_record,,,,,False
1,50,50,54,B_G2_minus_G1_fixed_time,,,missing_target_record,,,,,False
1,50,50,54,B_G1_time_average,,,missing_target_record,,,,,False
1,50,50,54,B_G2_time_average,,,missing_target_record,,,,,False
1,50,50,54,B_G2_minus_G1_time_average,,,missing_target_record,,,,,False
1,50,50,55,A_entry,,,missing_target_record,,,,,False
1,50,50,55,B_entry,,,missing_target_record,,,,,False
1,50,50,55,A_fixed_time_mean,,,missing_target_record,,,,,False
1,50,50,55,B_fixed_time_mean,,,missing_target_record,,,,,False
1,50,50,55,A_full_mean,,,missing_target_record,,,,,False
1,50,50,55,B_full_mean,,,missing_target_record,,,,,False
1,50,50,55,A_G1_fixed_time,,,missing_target_record,,,,,False
1,50,50,55,A_G2_fixed_time,,,missing_target_record,,,,,False
1,50,50,55,A_G2_minus_G1_fixed_time,,,missing_target_record,,,,,False
1,50,50,55,A_G1_time_average,,,missing_target_record,,,,,False
1,50,50,55,A_G2_time_average,,,missing_target_record,,,,,False
1,50,50,55,A_G2_minus_G1_time_average,,,missing_target_record,,,,,False
1,50,50,55,B_G1_fixed_time,,,missing_target_record,,,,,False
1,50,50,55,B_G2_fixed_time,,,missing_target_record,,,,,False
1,50,50,55,B_G2_minus_G1_fixed_time,,,missing_target_record,,,,,False
1,50,50,55,B_G1_time_average,,,missing_target_record,,,,,False
1,50,50,55,B_G2_time_average,,,missing_target_record,,,,,False
1,50,50,55,B_G2_minus_G1_time_average,,,missing_target_record,,,,,False
1,50,50,56,A_entry,,,missing_target_record,,,,,False
1,50,50,56,B_entry,,,missing_target_record,,,,,False
1,50,50,56,A_fixed_time_mean,,,missing_target_record,,,,,False
1,50,50,56,B_fixed_time_mean,,,missing_target_record,,,,,False
1,50,50,56,A_full_mean,,,missing_target_record,,,,,False
1,50,50,56,B_full_mean,,,missing_target_record,,,,,False
1,50,50,56,A_G1_fixed_time,,,missing_target_record,,,,,False
1,50,50,56,A_G2_fixed_time,,,missing_target_record,,,,,False
1,50,50,56,A_G2_minus_G1_fixed_time,,,missing_target_record,,,,,False
1,50,50,56,A_G1_time_average,,,missing_target_record,,,,,False
1,50,50,56,A_G2_time_average,,,missing_target_record,,,,,False
1,50,50,56,A_G2_minus_G1_time_average,,,missing_target_record,,,,,False
1,50,50,56,B_G1_fixed_time,,,missing_target_record,,,,,False
1,50,50,56,B_G2_fixed_time,,,missing_target_record,,,,,False
1,50,50,56,B_G2_minus_G1_fixed_time,,,missing_target_record,,,,,False
1,50,50,56,B_G1_time_average,,,missing_target_record,,,,,False
1,50,50,56,B_G2_time_average,,,missing_target_record,,,,,False
1,50,50,56,B_G2_minus_G1_time_average,,,missing_target_record,,,,,False
1,50,50,57,A_entry,,,missing_target_record,,,,,False
1,50,50,57,B_entry,,,missing_target_record,,,,,False
1,50,50,57,A_fixed_time_mean,,,missing_target_record,,,,,False
1,50,50,57,B_fixed_time_mean,,,missing_target_record,,,,,False
1,50,50,57,A_full_mean,,,missing_target_record,,,,,False
1,50,50,57,B_full_mean,,,missing_target_record,,,,,False
1,50,50,57,A_G1_fixed_time,,,missing_target_record,,,,,False
1,50,50,57,A_G2_fixed_time,,,missing_target_record,,,,,False
1,50,50,57,A_G2_minus_G1_fixed_time,,,missing_target_record,,,,,False
1,50,50,57,A_G1_time_average,,,missing_target_record,,,,,False
1,50,50,57,A_G2_time_average,,,missing_target_record,,,,,False
1,50,50,57,A_G2_minus_G1_time_average,,,missing_target_record,,,,,False
1,50,50,57,B_G1_fixed_time,,,missing_target_record,,,,,False
1,50,50,57,B_G2_fixed_time,,,missing_target_record,,,,,False
1,50,50,57,B_G2_minus_G1_fixed_time,,,missing_target_record,,,,,False
1,50,50,57,B_G1_time_average,,,missing_target_record,,,,,False
1,50,50,57,B_G2_time_average,,,missing_target_record,,,,,False
1,50,50,57,B_G2_minus_G1_time_average,,,missing_target_record,,,,,False
1,50,50,58,A_entry,,,missing_target_record,,,,,False
1,50,50,58,B_entry,,,missing_target_record,,,,,False
1,50,50,58,A_fixed_time_mean,,,missing_target_record,,,,,False
1,50,50,58,B_fixed_time_mean,,,missing_target_record,,,,,False
1,50,50,58,A_full_mean,,,missing_target_record,,,,,False
1,50,50,58,B_full_mean,,,missing_target_record,,,,,False
1,50,50,58,A_G1_fixed_time,,,missing_target_record,,,,,False
1,50,50,58,A_G2_fixed_time,,,missing_target_record,,,,,False
1,50,50,58,A_G2_minus_G1_fixed_time,,,missing_target_record,,,,,False
1,50,50,58,A_G1_time_average,,,missing_target_record,,,,,False
1,50,50,58,A_G2_time_average,,,missing_target_record,,,,,False
1,50,50,58,A_G2_minus_G1_time_average,,,missing_target_record,,,,,False
1,50,50,58,B_G1_fixed_time,,,missing_target_record,,,,,False
1,50,50,58,B_G2_fixed_time,,,missing_target_record,,,,,False
1,50,50,58,B_G2_minus_G1_fixed_time,,,missing_target_record,,,,,False
1,50,50,58,B_G1_time_average,,,missing_target_record,,,,,False
1,50,50,58,B_G2_time_average,,,missing_target_record,,,,,False
1,50,50,58,B_G2_minus_G1_time_average,,,missing_target_record,,,,,False
1,50,50,59,A_entry,,,missing_target_record,,,,,False
1,50,50,59,B_entry,,,missing_target_record,,,,,False
1,50,50,59,A_fixed_time_mean,,,missing_target_record,,,,,False
1,50,50,59,B_fixed_time_mean,,,missing_target_record,,,,,False
1,50,50,59,A_full_mean,,,missing_target_record,,,,,False
1,50,50,59,B_full_mean,,,missing_target_record,,,,,False
1,50,50,59,A_G1_fixed_time,,,missing_target_record,,,,,False
1,50,50,59,A_G2_fixed_time,,,missing_target_record,,,,,False
1,50,50,59,A_G2_minus_G1_fixed_time,,,missing_target_record,,,,,False
1,50,50,59,A_G1_time_average,,,missing_target_record,,,,,False
1,50,50,59,A_G2_time_average,,,missing_target_record,,,,,False
1,50,50,59,A_G2_minus_G1_time_average,,,missing_target_record,,,,,False
1,50,50,59,B_G1_fixed_time,,,missing_target_record,,,,,False
1,50,50,59,B_G2_fixed_time,,,missing_target_record,,,,,False
1,50,50,59,B_G2_minus_G1_fixed_time,,,missing_target_record,,,,,False
1,50,50,59,B_G1_time_average,,,missing_target_record,,,,,False
1,50,50,59,B_G2_time_average,,,missing_target_record,,,,,False
1,50,50,59,B_G2_minus_G1_time_average,,,missing_target_record,,,,,False
1,50,50,60,A_entry,,,missing_target_record,,,,,False
1,50,50,60,B_entry,,,missing_target_record,,,,,False
1,50,50,60,A_fixed_time_mean,,,missing_target_record,,,,,False
1,50,50,60,B_fixed_time_mean,,,missing_target_record,,,,,False
1,50,50,60,A_full_mean,,,missing_target_record,,,,,False
1,50,50,60,B_full_mean,,,missing_target_record,,,,,False
1,50,50,60,A_G1_fixed_time,,,missing_target_record,,,,,False
1,50,50,60,A_G2_fixed_time,,,missing_target_record,,,,,False
1,50,50,60,A_G2_minus_G1_fixed_time,,,missing_target_record,,,,,False
1,50,50,60,A_G1_time_average,,,missing_target_record,,,,,False
1,50,50,60,A_G2_time_average,,,missing_target_record,,,,,False
1,50,50,60,A_G2_minus_G1_time_average,,,missing_target_record,,,,,False
1,50,50,60,B_G1_fixed_time,,,missing_target_record,,,,,False
1,50,50,60,B_G2_fixed_time,,,missing_target_record,,,,,False
1,50,50,60,B_G2_minus_G1_fixed_time,,,missing_target_record,,,,,False
1,50,50,60,B_G1_time_average,,,missing_target_record,,,,,False
1,50,50,60,B_G2_time_average,,,missing_target_record,,,,,False
1,50,50,60,B_G2_minus_G1_time_average,,,missing_target_record,,,,,False
1,50,50,61,A_entry,,,missing_target_record,,,,,False
1,50,50,61,B_entry,,,missing_target_record,,,,,False
1,50,50,61,A_fixed_time_mean,,,missing_target_record,,,,,False
1,50,50,61,B_fixed_time_mean,,,missing_target_record,,,,,False
1,50,50,61,A_full_mean,,,missing_target_record,,,,,False
1,50,50,61,B_full_mean,,,missing_target_record,,,,,False
1,50,50,61,A_G1_fixed_time,,,missing_target_record,,,,,False
1,50,50,61,A_G2_fixed_time,,,missing_target_record,,,,,False
1,50,50,61,A_G2_minus_G1_fixed_time,,,missing_target_record,,,,,False
1,50,50,61,A_G1_time_average,,,missing_target_record,,,,,False
1,50,50,61,A_G2_time_average,,,missing_target_record,,,,,False
1,50,50,61,A_G2_minus_G1_time_average,,,missing_target_record,,,,,False
1,50,50,61,B_G1_fixed_time,,,missing_target_record,,,,,False
1,50,50,61,B_G2_fixed_time,,,missing_target_record,,,,,False
1,50,50,61,B_G2_minus_G1_fixed_time,,,missing_target_record,,,,,False
1,50,50,61,B_G1_time_average,,,missing_target_record,,,,,False
1,50,50,61,B_G2_time_average,,,missing_target_record,,,,,False
1,50,50,61,B_G2_minus_G1_time_average,,,missing_target_record,,,,,False
1,50,50,62,A_entry,,,missing_target_record,,,,,False
1,50,50,62,B_entry,,,missing_target_record,,,,,False
1,50,50,62,A_fixed_time_mean,,,missing_target_record,,,,,False
1,50,50,62,B_fixed_time_mean,,,missing_target_record,,,,,False
1,50,50,62,A_full_mean,,,missing_target_record,,,,,False
1,50,50,62,B_full_mean,,,missing_target_record,,,,,False
1,50,50,62,A_G1_fixed_time,,,missing_target_record,,,,,False
1,50,50,62,A_G2_fixed_time,,,missing_target_record,,,,,False
1,50,50,62,A_G2_minus_G1_fixed_time,,,missing_target_record,,,,,False
1,50,50,62,A_G1_time_average,,,missing_target_record,,,,,False
1,50,50,62,A_G2_time_average,,,missing_target_record,,,,,False
1,50,50,62,A_G2_minus_G1_time_average,,,missing_target_record,,,,,False
1,50,50,62,B_G1_fixed_time,,,missing_target_record,,,,,False
1,50,50,62,B_G2_fixed_time,,,missing_target_record,,,,,False
1,50,50,62,B_G2_minus_G1_fixed_time,,,missing_target_record,,,,,False
1,50,50,62,B_G1_time_average,,,missing_target_record,,,,,False
1,50,50,62,B_G2_time_average,,,missing_target_record,,,,,False
1,50,50,62,B_G2_minus_G1_time_average,,,missing_target_record,,,,,False
1,50,50,63,A_entry,,,missing_target_record,,,,,False
1,50,50,63,B_entry,,,missing_target_record,,,,,False
1,50,50,63,A_fixed_time_mean,,,missing_target_record,,,,,False
1,50,50,63,B_fixed_time_mean,,,missing_target_record,,,,,False
1,50,50,63,A_full_mean,,,missing_target_record,,,,,False
1,50,50,63,B_full_mean,,,missing_target_record,,,,,False
1,50,50,63,A_G1_fixed_time,,,missing_target_record,,,,,False
1,50,50,63,A_G2_fixed_time,,,missing_target_record,,,,,False
1,50,50,63,A_G2_minus_G1_fixed_time,,,missing_target_record,,,,,False
1,50,50,63,A_G1_time_average,,,missing_target_record,,,,,False
1,50,50,63,A_G2_time_average,,,missing_target_record,,,,,False
1,50,50,63,A_G2_minus_G1_time_average,,,missing_target_record,,,,,False
1,50,50,63,B_G1_fixed_time,,,missing_target_record,,,,,False
1,50,50,63,B_G2_fixed_time,,,missing_target_record,,,,,False
1,50,50,63,B_G2_minus_G1_fixed_time,,,missing_target_record,,,,,False
1,50,50,63,B_G1_time_average,,,missing_target_record,,,,,False
1,50,50,63,B_G2_time_average,,,missing_target_record,,,,,False
1,50,50,63,B_G2_minus_G1_time_average,,,missing_target_record,,,,,False
1,50,50,64,A_entry,,,missing_target_record,,,,,False
1,50,50,64,B_entry,,,missing_target_record,,,,,False
1,50,50,64,A_fixed_time_mean,,,missing_target_record,,,,,False
1,50,50,64,B_fixed_time_mean,,,missing_target_record,,,,,False
1,50,50,64,A_full_mean,,,missing_target_record,,,,,False
1,50,50,64,B_full_mean,,,missing_target_record,,,,,False
1,50,50,64,A_G1_fixed_time,,,missing_target_record,,,,,False
1,50,50,64,A_G2_fixed_time,,,missing_target_record,,,,,False
1,50,50,64,A_G2_minus_G1_fixed_time,,,missing_target_record,,,,,False
1,50,50,64,A_G1_time_average,,,missing_target_record,,,,,False
1,50,50,64,A_G2_time_average,,,missing_target_record,,,,,False
1,50,50,64,A_G2_minus_G1_time_average,,,missing_target_record,,,,,False
1,50,50,64,B_G1_fixed_time,,,missing_target_record,,,,,False
1,50,50,64,B_G2_fixed_time,,,missing_target_record,,,,,False
1,50,50,64,B_G2_minus_G1_fixed_time,,,missing_target_record,,,,,False
1,50,50,64,B_G1_time_average,,,missing_target_record,,,,,False
1,50,50,64,B_G2_time_average,,,missing_target_record,,,,,False
1,50,50,64,B_G2_minus_G1_time_average,,,missing_target_record,,,,,False
1,50,50,65,A_entry,,,missing_target_record,,,,,False
1,50,50,65,B_entry,,,missing_target_record,,,,,False
1,50,50,65,A_fixed_time_mean,,,missing_target_record,,,,,False
1,50,50,65,B_fixed_time_mean,,,missing_target_record,,,,,False
1,50,50,65,A_full_mean,,,missing_target_record,,,,,False
1,50,50,65,B_full_mean,,,missing_target_record,,,,,False
1,50,50,65,A_G1_fixed_time,,,missing_target_record,,,,,False
1,50,50,65,A_G2_fixed_time,,,missing_target_record,,,,,False
1,50,50,65,A_G2_minus_G1_fixed_time,,,missing_target_record,,,,,False
1,50,50,65,A_G1_time_average,,,missing_target_record,,,,,False
1,50,50,65,A_G2_time_average,,,missing_target_record,,,,,False
1,50,50,65,A_G2_minus_G1_time_average,,,missing_target_record,,,,,False
1,50,50,65,B_G1_fixed_time,,,missing_target_record,,,,,False
1,50,50,65,B_G2_fixed_time,,,missing_target_record,,,,,False
1,50,50,65,B_G2_minus_G1_fixed_time,,,missing_target_record,,,,,False
1,50,50,65,B_G1_time_average,,,missing_target_record,,,,,False
1,50,50,65,B_G2_time_average,,,missing_target_record,,,,,False
1,50,50,65,B_G2_minus_G1_time_average,,,missing_target_record,,,,,False
1,50,50,66,A_entry,,,missing_target_record,,,,,False
1,50,50,66,B_entry,,,missing_target_record,,,,,False
1,50,50,66,A_fixed_time_mean,,,missing_target_record,,,,,False
1,50,50,66,B_fixed_time_mean,,,missing_target_record,,,,,False
1,50,50,66,A_full_mean,,,missing_target_record,,,,,False
1,50,50,66,B_full_mean,,,missing_target_record,,,,,False
1,50,50,66,A_G1_fixed_time,,,missing_target_record,,,,,False
1,50,50,66,A_G2_fixed_time,,,missing_target_record,,,,,False
1,50,50,66,A_G2_minus_G1_fixed_time,,,missing_target_record,,,,,False
1,50,50,66,A_G1_time_average,,,missing_target_record,,,,,False
1,50,50,66,A_G2_time_average,,,missing_target_record,,,,,False
1,50,50,66,A_G2_minus_G1_time_average,,,missing_target_record,,,,,False
1,50,50,66,B_G1_fixed_time,,,missing_target_record,,,,,False
1,50,50,66,B_G2_fixed_time,,,missing_target_record,,,,,False
1,50,50,66,B_G2_minus_G1_fixed_time,,,missing_target_record,,,,,False
1,50,50,66,B_G1_time_average,,,missing_target_record,,,,,False
1,50,50,66,B_G2_time_average,,,missing_target_record,,,,,False
1,50,50,66,B_G2_minus_G1_time_average,,,missing_target_record,,,,,False
1,50,50,67,A_entry,,,missing_target_record,,,,,False
1,50,50,67,B_entry,,,missing_target_record,,,,,False
1,50,50,67,A_fixed_time_mean,,,missing_target_record,,,,,False
1,50,50,67,B_fixed_time_mean,,,missing_target_record,,,,,False
1,50,50,67,A_full_mean,,,missing_target_record,,,,,False
1,50,50,67,B_full_mean,,,missing_target_record,,,,,False
1,50,50,67,A_G1_fixed_time,,,missing_target_record,,,,,False
1,50,50,67,A_G2_fixed_time,,,missing_target_record,,,,,False
1,50,50,67,A_G2_minus_G1_fixed_time,,,missing_target_record,,,,,False
1,50,50,67,A_G1_time_average,,,missing_target_record,,,,,False
1,50,50,67,A_G2_time_average,,,missing_target_record,,,,,False
1,50,50,67,A_G2_minus_G1_time_average,,,missing_target_record,,,,,False
1,50,50,67,B_G1_fixed_time,,,missing_target_record,,,,,False
1,50,50,67,B_G2_fixed_time,,,missing_target_record,,,,,False
1,50,50,67,B_G2_minus_G1_fixed_time,,,missing_target_record,,,,,False
1,50,50,67,B_G1_time_average,,,missing_target_record,,,,,False
1,50,50,67,B_G2_time_average,,,missing_target_record,,,,,False
1,50,50,67,B_G2_minus_G1_time_average,,,missing_target_record,,,,,False
1,50,50,68,A_entry,,,missing_target_record,,,,,False
1,50,50,68,B_entry,,,missing_target_record,,,,,False
1,50,50,68,A_fixed_time_mean,,,missing_target_record,,,,,False
1,50,50,68,B_fixed_time_mean,,,missing_target_record,,,,,False
1,50,50,68,A_full_mean,,,missing_target_record,,,,,False
1,50,50,68,B_full_mean,,,missing_target_record,,,,,False
1,50,50,68,A_G1_fixed_time,,,missing_target_record,,,,,False
1,50,50,68,A_G2_fixed_time,,,missing_target_record,,,,,False
1,50,50,68,A_G2_minus_G1_fixed_time,,,missing_target_record,,,,,False
1,50,50,68,A_G1_time_average,,,missing_target_record,,,,,False
1,50,50,68,A_G2_time_average,,,missing_target_record,,,,,False
1,50,50,68,A_G2_minus_G1_time_average,,,missing_target_record,,,,,False
1,50,50,68,B_G1_fixed_time,,,missing_target_record,,,,,False
1,50,50,68,B_G2_fixed_time,,,missing_target_record,,,,,False
1,50,50,68,B_G2_minus_G1_fixed_time,,,missing_target_record,,,,,False
1,50,50,68,B_G1_time_average,,,missing_target_record,,,,,False
1,50,50,68,B_G2_time_average,,,missing_target_record,,,,,False
1,50,50,68,B_G2_minus_G1_time_average,,,missing_target_record,,,,,False
1,50,50,69,A_entry,,,missing_target_record,,,,,False
1,50,50,69,B_entry,,,missing_target_record,,,,,False
1,50,50,69,A_fixed_time_mean,,,missing_target_record,,,,,False
1,50,50,69,B_fixed_time_mean,,,missing_target_record,,,,,False
1,50,50,69,A_full_mean,,,missing_target_record,,,,,False
1,50,50,69,B_full_mean,,,missing_target_record,,,,,False
1,50,50,69,A_G1_fixed_time,,,missing_target_record,,,,,False
1,50,50,69,A_G2_fixed_time,,,missing_target_record,,,,,False
1,50,50,69,A_G2_minus_G1_fixed_time,,,missing_target_record,,,,,False
1,50,50,69,A_G1_time_average,,,missing_target_record,,,,,False
1,50,50,69,A_G2_time_average,,,missing_target_record,,,,,False
1,50,50,69,A_G2_minus_G1_time_average,,,missing_target_record,,,,,False
1,50,50,69,B_G1_fixed_time,,,missing_target_record,,,,,False
1,50,50,69,B_G2_fixed_time,,,missing_target_record,,,,,False
1,50,50,69,B_G2_minus_G1_fixed_time,,,missing_target_record,,,,,False
1,50,50,69,B_G1_time_average,,,missing_target_record,,,,,False
1,50,50,69,B_G2_time_average,,,missing_target_record,,,,,False
1,50,50,69,B_G2_minus_G1_time_average,,,missing_target_record,,,,,False
1,50,50,70,A_entry,,,missing_target_record,,,,,False
1,50,50,70,B_entry,,,missing_target_record,,,,,False
1,50,50,70,A_fixed_time_mean,,,missing_target_record,,,,,False
1,50,50,70,B_fixed_time_mean,,,missing_target_record,,,,,False
1,50,50,70,A_full_mean,,,missing_target_record,,,,,False
1,50,50,70,B_full_mean,,,missing_target_record,,,,,False
1,50,50,70,A_G1_fixed_time,,,missing_target_record,,,,,False
1,50,50,70,A_G2_fixed_time,,,missing_target_record,,,,,False
1,50,50,70,A_G2_minus_G1_fixed_time,,,missing_target_record,,,,,False
1,50,50,70,A_G1_time_average,,,missing_target_record,,,,,False
1,50,50,70,A_G2_time_average,,,missing_target_record,,,,,False
1,50,50,70,A_G2_minus_G1_time_average,,,missing_target_record,,,,,False
1,50,50,70,B_G1_fixed_time,,,missing_target_record,,,,,False
1,50,50,70,B_G2_fixed_time,,,missing_target_record,,,,,False
1,50,50,70,B_G2_minus_G1_fixed_time,,,missing_target_record,,,,,False
1,50,50,70,B_G1_time_average,,,missing_target_record,,,,,False
1,50,50,70,B_G2_time_average,,,missing_target_record,,,,,False
1,50,50,70,B_G2_minus_G1_time_average,,,missing_target_record,,,,,False
1,50,50,71,A_entry,,,missing_target_record,,,,,False
1,50,50,71,B_entry,,,missing_target_record,,,,,False
1,50,50,71,A_fixed_time_mean,,,missing_target_record,,,,,False
1,50,50,71,B_fixed_time_mean,,,missing_target_record,,,,,False
1,50,50,71,A_full_mean,,,missing_target_record,,,,,False
1,50,50,71,B_full_mean,,,missing_target_record,,,,,False
1,50,50,71,A_G1_fixed_time,,,missing_target_record,,,,,False
1,50,50,71,A_G2_fixed_time,,,missing_target_record,,,,,False
1,50,50,71,A_G2_minus_G1_fixed_time,,,missing_target_record,,,,,False
1,50,50,71,A_G1_time_average,,,missing_target_record,,,,,False
1,50,50,71,A_G2_time_average,,,missing_target_record,,,,,False
1,50,50,71,A_G2_minus_G1_time_average,,,missing_target_record,,,,,False
1,50,50,71,B_G1_fixed_time,,,missing_target_record,,,,,False
1,50,50,71,B_G2_fixed_time,,,missing_target_record,,,,,False
1,50,50,71,B_G2_minus_G1_fixed_time,,,missing_target_record,,,,,False
1,50,50,71,B_G1_time_average,,,missing_target_record,,,,,False
1,50,50,71,B_G2_time_average,,,missing_target_record,,,,,False
1,50,50,71,B_G2_minus_G1_time_average,,,missing_target_record,,,,,False
1,50,50,72,A_entry,,,missing_target_record,,,,,False
1,50,50,72,B_entry,,,missing_target_record,,,,,False
1,50,50,72,A_fixed_time_mean,,,missing_target_record,,,,,False
1,50,50,72,B_fixed_time_mean,,,missing_target_record,,,,,False
1,50,50,72,A_full_mean,,,missing_target_record,,,,,False
1,50,50,72,B_full_mean,,,missing_target_record,,,,,False
1,50,50,72,A_G1_fixed_time,,,missing_target_record,,,,,False
1,50,50,72,A_G2_fixed_time,,,missing_target_record,,,,,False
1,50,50,72,A_G2_minus_G1_fixed_time,,,missing_target_record,,,,,False
1,50,50,72,A_G1_time_average,,,missing_target_record,,,,,False
1,50,50,72,A_G2_time_average,,,missing_target_record,,,,,False
1,50,50,72,A_G2_minus_G1_time_average,,,missing_target_record,,,,,False
1,50,50,72,B_G1_fixed_time,,,missing_target_record,,,,,False
1,50,50,72,B_G2_fixed_time,,,missing_target_record,,,,,False
1,50,50,72,B_G2_minus_G1_fixed_time,,,missing_target_record,,,,,False
1,50,50,72,B_G1_time_average,,,missing_target_record,,,,,False
1,50,50,72,B_G2_time_average,,,missing_target_record,,,,,False
1,50,50,72,B_G2_minus_G1_time_average,,,missing_target_record,,,,,False
1,50,50,73,A_entry,,,missing_target_record,,,,,False
1,50,50,73,B_entry,,,missing_target_record,,,,,False
1,50,50,73,A_fixed_time_mean,,,missing_target_record,,,,,False
1,50,50,73,B_fixed_time_mean,,,missing_target_record,,,,,False
1,50,50,73,A_full_mean,,,missing_target_record,,,,,False
1,50,50,73,B_full_mean,,,missing_target_record,,,,,False
1,50,50,73,A_G1_fixed_time,,,missing_target_record,,,,,False
1,50,50,73,A_G2_fixed_time,,,missing_target_record,,,,,False
1,50,50,73,A_G2_minus_G1_fixed_time,,,missing_target_record,,,,,False
1,50,50,73,A_G1_time_average,,,missing_target_record,,,,,False
1,50,50,73,A_G2_time_average,,,missing_target_record,,,,,False
1,50,50,73,A_G2_minus_G1_time_average,,,missing_target_record,,,,,False
1,50,50,73,B_G1_fixed_time,,,missing_target_record,,,,,False
1,50,50,73,B_G2_fixed_time,,,missing_target_record,,,,,False
1,50,50,73,B_G2_minus_G1_fixed_time,,,missing_target_record,,,,,False
1,50,50,73,B_G1_time_average,,,missing_target_record,,,,,False
1,50,50,73,B_G2_time_average,,,missing_target_record,,,,,False
1,50,50,73,B_G2_minus_G1_time_average,,,missing_target_record,,,,,False
1,50,50,74,A_entry,,,missing_target_record,,,,,False
1,50,50,74,B_entry,,,missing_target_record,,,,,False
1,50,50,74,A_fixed_time_mean,,,missing_target_record,,,,,False
1,50,50,74,B_fixed_time_mean,,,missing_target_record,,,,,False
1,50,50,74,A_full_mean,,,missing_target_record,,,,,False
1,50,50,74,B_full_mean,,,missing_target_record,,,,,False
1,50,50,74,A_G1_fixed_time,,,missing_target_record,,,,,False
1,50,50,74,A_G2_fixed_time,,,missing_target_record,,,,,False
1,50,50,74,A_G2_minus_G1_fixed_time,,,missing_target_record,,,,,False
1,50,50,74,A_G1_time_average,,,missing_target_record,,,,,False
1,50,50,74,A_G2_time_average,,,missing_target_record,,,,,False
1,50,50,74,A_G2_minus_G1_time_average,,,missing_target_record,,,,,False
1,50,50,74,B_G1_fixed_time,,,missing_target_record,,,,,False
1,50,50,74,B_G2_fixed_time,,,missing_target_record,,,,,False
1,50,50,74,B_G2_minus_G1_fixed_time,,,missing_target_record,,,,,False
1,50,50,74,B_G1_time_average,,,missing_target_record,,,,,False
1,50,50,74,B_G2_time_average,,,missing_target_record,,,,,False
1,50,50,74,B_G2_minus_G1_time_average,,,missing_target_record,,,,,False
1,50,50,75,A_entry,,,missing_target_record,,,,,False
1,50,50,75,B_entry,,,missing_target_record,,,,,False
1,50,50,75,A_fixed_time_mean,,,missing_target_record,,,,,False
1,50,50,75,B_fixed_time_mean,,,missing_target_record,,,,,False
1,50,50,75,A_full_mean,,,missing_target_record,,,,,False
1,50,50,75,B_full_mean,,,missing_target_record,,,,,False
1,50,50,75,A_G1_fixed_time,,,missing_target_record,,,,,False
1,50,50,75,A_G2_fixed_time,,,missing_target_record,,,,,False
1,50,50,75,A_G2_minus_G1_fixed_time,,,missing_target_record,,,,,False
1,50,50,75,A_G1_time_average,,,missing_target_record,,,,,False
1,50,50,75,A_G2_time_average,,,missing_target_record,,,,,False
1,50,50,75,A_G2_minus_G1_time_average,,,missing_target_record,,,,,False
1,50,50,75,B_G1_fixed_time,,,missing_target_record,,,,,False
1,50,50,75,B_G2_fixed_time,,,missing_target_record,,,,,False
1,50,50,75,B_G2_minus_G1_fixed_time,,,missing_target_record,,,,,False
1,50,50,75,B_G1_time_average,,,missing_target_record,,,,,False
1,50,50,75,B_G2_time_average,,,missing_target_record,,,,,False
1,50,50,75,B_G2_minus_G1_time_average,,,missing_target_record,,,,,False
1,50,50,76,A_entry,,,missing_target_record,,,,,False
1,50,50,76,B_entry,,,missing_target_record,,,,,False
1,50,50,76,A_fixed_time_mean,,,missing_target_record,,,,,False
1,50,50,76,B_fixed_time_mean,,,missing_target_record,,,,,False
1,50,50,76,A_full_mean,,,missing_target_record,,,,,False
1,50,50,76,B_full_mean,,,missing_target_record,,,,,False
1,50,50,76,A_G1_fixed_time,,,missing_target_record,,,,,False
1,50,50,76,A_G2_fixed_time,,,missing_target_record,,,,,False
1,50,50,76,A_G2_minus_G1_fixed_time,,,missing_target_record,,,,,False
1,50,50,76,A_G1_time_average,,,missing_target_record,,,,,False
1,50,50,76,A_G2_time_average,,,missing_target_record,,,,,False
1,50,50,76,A_G2_minus_G1_time_average,,,missing_target_record,,,,,False
1,50,50,76,B_G1_fixed_time,,,missing_target_record,,,,,False
1,50,50,76,B_G2_fixed_time,,,missing_target_record,,,,,False
1,50,50,76,B_G2_minus_G1_fixed_time,,,missing_target_record,,,,,False
1,50,50,76,B_G1_time_average,,,missing_target_record,,,,,False
1,50,50,76,B_G2_time_average,,,missing_target_record,,,,,False
1,50,50,76,B_G2_minus_G1_time_average,,,missing_target_record,,,,,False
1,50,50,77,A_entry,,,missing_target_record,,,,,False
1,50,50,77,B_entry,,,missing_target_record,,,,,False
1,50,50,77,A_fixed_time_mean,,,missing_target_record,,,,,False
1,50,50,77,B_fixed_time_mean,,,missing_target_record,,,,,False
1,50,50,77,A_full_mean,,,missing_target_record,,,,,False
1,50,50,77,B_full_mean,,,missing_target_record,,,,,False
1,50,50,77,A_G1_fixed_time,,,missing_target_record,,,,,False
1,50,50,77,A_G2_fixed_time,,,missing_target_record,,,,,False
1,50,50,77,A_G2_minus_G1_fixed_time,,,missing_target_record,,,,,False
1,50,50,77,A_G1_time_average,,,missing_target_record,,,,,False
1,50,50,77,A_G2_time_average,,,missing_target_record,,,,,False
1,50,50,77,A_G2_minus_G1_time_average,,,missing_target_record,,,,,False
1,50,50,77,B_G1_fixed_time,,,missing_target_record,,,,,False
1,50,50,77,B_G2_fixed_time,,,missing_target_record,,,,,False
1,50,50,77,B_G2_minus_G1_fixed_time,,,missing_target_record,,,,,False
1,50,50,77,B_G1_time_average,,,missing_target_record,,,,,False
1,50,50,77,B_G2_time_average,,,missing_target_record,,,,,False
1,50,50,77,B_G2_minus_G1_time_average,,,missing_target_record,,,,,False
1,50,50,78,A_entry,,,missing_target_record,,,,,False
1,50,50,78,B_entry,,,missing_target_record,,,,,False
1,50,50,78,A_fixed_time_mean,,,missing_target_record,,,,,False
1,50,50,78,B_fixed_time_mean,,,missing_target_record,,,,,False
1,50,50,78,A_full_mean,,,missing_target_record,,,,,False
1,50,50,78,B_full_mean,,,missing_target_record,,,,,False
1,50,50,78,A_G1_fixed_time,,,missing_target_record,,,,,False
1,50,50,78,A_G2_fixed_time,,,missing_target_record,,,,,False
1,50,50,78,A_G2_minus_G1_fixed_time,,,missing_target_record,,,,,False
1,50,50,78,A_G1_time_average,,,missing_target_record,,,,,False
1,50,50,78,A_G2_time_average,,,missing_target_record,,,,,False
1,50,50,78,A_G2_minus_G1_time_average,,,missing_target_record,,,,,False
1,50,50,78,B_G1_fixed_time,,,missing_target_record,,,,,False
1,50,50,78,B_G2_fixed_time,,,missing_target_record,,,,,False
1,50,50,78,B_G2_minus_G1_fixed_time,,,missing_target_record,,,,,False
1,50,50,78,B_G1_time_average,,,missing_target_record,,,,,False
1,50,50,78,B_G2_time_average,,,missing_target_record,,,,,False
1,50,50,78,B_G2_minus_G1_time_average,,,missing_target_record,,,,,False
1,50,50,79,A_entry,,,missing_target_record,,,,,False
1,50,50,79,B_entry,,,missing_target_record,,,,,False
1,50,50,79,A_fixed_time_mean,,,missing_target_record,,,,,False
1,50,50,79,B_fixed_time_mean,,,missing_target_record,,,,,False
1,50,50,79,A_full_mean,,,missing_target_record,,,,,False
1,50,50,79,B_full_mean,,,missing_target_record,,,,,False
1,50,50,79,A_G1_fixed_time,,,missing_target_record,,,,,False
1,50,50,79,A_G2_fixed_time,,,missing_target_record,,,,,False
1,50,50,79,A_G2_minus_G1_fixed_time,,,missing_target_record,,,,,False
1,50,50,79,A_G1_time_average,,,missing_target_record,,,,,False
1,50,50,79,A_G2_time_average,,,missing_target_record,,,,,False
1,50,50,79,A_G2_minus_G1_time_average,,,missing_target_record,,,,,False
1,50,50,79,B_G1_fixed_time,,,missing_target_record,,,,,False
1,50,50,79,B_G2_fixed_time,,,missing_target_record,,,,,False
1,50,50,79,B_G2_minus_G1_fixed_time,,,missing_target_record,,,,,False
1,50,50,79,B_G1_time_average,,,missing_target_record,,,,,False
1,50,50,79,B_G2_time_average,,,missing_target_record,,,,,False
1,50,50,79,B_G2_minus_G1_time_average,,,missing_target_record,,,,,False
1,50,50,80,A_entry,,,missing_target_record,,,,,False
1,50,50,80,B_entry,,,missing_target_record,,,,,False
1,50,50,80,A_fixed_time_mean,,,missing_target_record,,,,,False
1,50,50,80,B_fixed_time_mean,,,missing_target_record,,,,,False
1,50,50,80,A_full_mean,,,missing_target_record,,,,,False
1,50,50,80,B_full_mean,,,missing_target_record,,,,,False
1,50,50,80,A_G1_fixed_time,,,missing_target_record,,,,,False
1,50,50,80,A_G2_fixed_time,,,missing_target_record,,,,,False
1,50,50,80,A_G2_minus_G1_fixed_time,,,missing_target_record,,,,,False
1,50,50,80,A_G1_time_average,,,missing_target_record,,,,,False
1,50,50,80,A_G2_time_average,,,missing_target_record,,,,,False
1,50,50,80,A_G2_minus_G1_time_average,,,missing_target_record,,,,,False
1,50,50,80,B_G1_fixed_time,,,missing_target_record,,,,,False
1,50,50,80,B_G2_fixed_time,,,missing_target_record,,,,,False
1,50,50,80,B_G2_minus_G1_fixed_time,,,missing_target_record,,,,,False
1,50,50,80,B_G1_time_average,,,missing_target_record,,,,,False
1,50,50,80,B_G2_time_average,,,missing_target_record,,,,,False
1,50,50,80,B_G2_minus_G1_time_average,,,missing_target_record,,,,,False
1,50,50,81,A_entry,,,missing_target_record,,,,,False
1,50,50,81,B_entry,,,missing_target_record,,,,,False
1,50,50,81,A_fixed_time_mean,,,missing_target_record,,,,,False
1,50,50,81,B_fixed_time_mean,,,missing_target_record,,,,,False
1,50,50,81,A_full_mean,,,missing_target_record,,,,,False
1,50,50,81,B_full_mean,,,missing_target_record,,,,,False
1,50,50,81,A_G1_fixed_time,,,missing_target_record,,,,,False
1,50,50,81,A_G2_fixed_time,,,missing_target_record,,,,,False
1,50,50,81,A_G2_minus_G1_fixed_time,,,missing_target_record,,,,,False
1,50,50,81,A_G1_time_average,,,missing_target_record,,,,,False
1,50,50,81,A_G2_time_average,,,missing_target_record,,,,,False
1,50,50,81,A_G2_minus_G1_time_average,,,missing_target_record,,,,,False
1,50,50,81,B_G1_fixed_time,,,missing_target_record,,,,,False
1,50,50,81,B_G2_fixed_time,,,missing_target_record,,,,,False
1,50,50,81,B_G2_minus_G1_fixed_time,,,missing_target_record,,,,,False
1,50,50,81,B_G1_time_average,,,missing_target_record,,,,,False
1,50,50,81,B_G2_time_average,,,missing_target_record,,,,,False
1,50,50,81,B_G2_minus_G1_time_average,,,missing_target_record,,,,,False
1,50,50,82,A_entry,,,missing_target_record,,,,,False
1,50,50,82,B_entry,,,missing_target_record,,,,,False
1,50,50,82,A_fixed_time_mean,,,missing_target_record,,,,,False
1,50,50,82,B_fixed_time_mean,,,missing_target_record,,,,,False
1,50,50,82,A_full_mean,,,missing_target_record,,,,,False
1,50,50,82,B_full_mean,,,missing_target_record,,,,,False
1,50,50,82,A_G1_fixed_time,,,missing_target_record,,,,,False
1,50,50,82,A_G2_fixed_time,,,missing_target_record,,,,,False
1,50,50,82,A_G2_minus_G1_fixed_time,,,missing_target_record,,,,,False
1,50,50,82,A_G1_time_average,,,missing_target_record,,,,,False
1,50,50,82,A_G2_time_average,,,missing_target_record,,,,,False
1,50,50,82,A_G2_minus_G1_time_average,,,missing_target_record,,,,,False
1,50,50,82,B_G1_fixed_time,,,missing_target_record,,,,,False
1,50,50,82,B_G2_fixed_time,,,missing_target_record,,,,,False
1,50,50,82,B_G2_minus_G1_fixed_time,,,missing_target_record,,,,,False
1,50,50,82,B_G1_time_average,,,missing_target_record,,,,,False
1,50,50,82,B_G2_time_average,,,missing_target_record,,,,,False
1,50,50,82,B_G2_minus_G1_time_average,,,missing_target_record,,,,,False
1,50,50,83,A_entry,,,missing_target_record,,,,,False
1,50,50,83,B_entry,,,missing_target_record,,,,,False
1,50,50,83,A_fixed_time_mean,,,missing_target_record,,,,,False
1,50,50,83,B_fixed_time_mean,,,missing_target_record,,,,,False
1,50,50,83,A_full_mean,,,missing_target_record,,,,,False
1,50,50,83,B_full_mean,,,missing_target_record,,,,,False
1,50,50,83,A_G1_fixed_time,,,missing_target_record,,,,,False
1,50,50,83,A_G2_fixed_time,,,missing_target_record,,,,,False
1,50,50,83,A_G2_minus_G1_fixed_time,,,missing_target_record,,,,,False
1,50,50,83,A_G1_time_average,,,missing_target_record,,,,,False
1,50,50,83,A_G2_time_average,,,missing_target_record,,,,,False
1,50,50,83,A_G2_minus_G1_time_average,,,missing_target_record,,,,,False
1,50,50,83,B_G1_fixed_time,,,missing_target_record,,,,,False
1,50,50,83,B_G2_fixed_time,,,missing_target_record,,,,,False
1,50,50,83,B_G2_minus_G1_fixed_time,,,missing_target_record,,,,,False
1,50,50,83,B_G1_time_average,,,missing_target_record,,,,,False
1,50,50,83,B_G2_time_average,,,missing_target_record,,,,,False
1,50,50,83,B_G2_minus_G1_time_average,,,missing_target_record,,,,,False
1,50,50,84,A_entry,,,missing_target_record,,,,,False
1,50,50,84,B_entry,,,missing_target_record,,,,,False
1,50,50,84,A_fixed_time_mean,,,missing_target_record,,,,,False
1,50,50,84,B_fixed_time_mean,,,missing_target_record,,,,,False
1,50,50,84,A_full_mean,,,missing_target_record,,,,,False
1,50,50,84,B_full_mean,,,missing_target_record,,,,,False
1,50,50,84,A_G1_fixed_time,,,missing_target_record,,,,,False
1,50,50,84,A_G2_fixed_time,,,missing_target_record,,,,,False
1,50,50,84,A_G2_minus_G1_fixed_time,,,missing_target_record,,,,,False
1,50,50,84,A_G1_time_average,,,missing_target_record,,,,,False
1,50,50,84,A_G2_time_average,,,missing_target_record,,,,,False
1,50,50,84,A_G2_minus_G1_time_average,,,missing_target_record,,,,,False
1,50,50,84,B_G1_fixed_time,,,missing_target_record,,,,,False
1,50,50,84,B_G2_fixed_time,,,missing_target_record,,,,,False
1,50,50,84,B_G2_minus_G1_fixed_time,,,missing_target_record,,,,,False
1,50,50,84,B_G1_time_average,,,missing_target_record,,,,,False
1,50,50,84,B_G2_time_average,,,missing_target_record,,,,,False
1,50,50,84,B_G2_minus_G1_time_average,,,missing_target_record,,,,,False
1,50,50,85,A_entry,,,missing_target_record,,,,,False
1,50,50,85,B_entry,,,missing_target_record,,,,,False
1,50,50,85,A_fixed_time_mean,,,missing_target_record,,,,,False
1,50,50,85,B_fixed_time_mean,,,missing_target_record,,,,,False
1,50,50,85,A_full_mean,,,missing_target_record,,,,,False
1,50,50,85,B_full_mean,,,missing_target_record,,,,,False
1,50,50,85,A_G1_fixed_time,,,missing_target_record,,,,,False
1,50,50,85,A_G2_fixed_time,,,missing_target_record,,,,,False
1,50,50,85,A_G2_minus_G1_fixed_time,,,missing_target_record,,,,,False
1,50,50,85,A_G1_time_average,,,missing_target_record,,,,,False
1,50,50,85,A_G2_time_average,,,missing_target_record,,,,,False
1,50,50,85,A_G2_minus_G1_time_average,,,missing_target_record,,,,,False
1,50,50,85,B_G1_fixed_time,,,missing_target_record,,,,,False
1,50,50,85,B_G2_fixed_time,,,missing_target_record,,,,,False
1,50,50,85,B_G2_minus_G1_fixed_time,,,missing_target_record,,,,,False
1,50,50,85,B_G1_time_average,,,missing_target_record,,,,,False
1,50,50,85,B_G2_time_average,,,missing_target_record,,,,,False
1,50,50,85,B_G2_minus_G1_time_average,,,missing_target_record,,,,,False
1,50,50,86,A_entry,,,missing_target_record,,,,,False
1,50,50,86,B_entry,,,missing_target_record,,,,,False
1,50,50,86,A_fixed_time_mean,,,missing_target_record,,,,,False
1,50,50,86,B_fixed_time_mean,,,missing_target_record,,,,,False
1,50,50,86,A_full_mean,,,missing_target_record,,,,,False
1,50,50,86,B_full_mean,,,missing_target_record,,,,,False
1,50,50,86,A_G1_fixed_time,,,missing_target_record,,,,,False
1,50,50,86,A_G2_fixed_time,,,missing_target_record,,,,,False
1,50,50,86,A_G2_minus_G1_fixed_time,,,missing_target_record,,,,,False
1,50,50,86,A_G1_time_average,,,missing_target_record,,,,,False
1,50,50,86,A_G2_time_average,,,missing_target_record,,,,,False
1,50,50,86,A_G2_minus_G1_time_average,,,missing_target_record,,,,,False
1,50,50,86,B_G1_fixed_time,,,missing_target_record,,,,,False
1,50,50,86,B_G2_fixed_time,,,missing_target_record,,,,,False
1,50,50,86,B_G2_minus_G1_fixed_time,,,missing_target_record,,,,,False
1,50,50,86,B_G1_time_average,,,missing_target_record,,,,,False
1,50,50,86,B_G2_time_average,,,missing_target_record,,,,,False
1,50,50,86,B_G2_minus_G1_time_average,,,missing_target_record,,,,,False
1,50,50,87,A_entry,,,missing_target_record,,,,,False
1,50,50,87,B_entry,,,missing_target_record,,,,,False
1,50,50,87,A_fixed_time_mean,,,missing_target_record,,,,,False
1,50,50,87,B_fixed_time_mean,,,missing_target_record,,,,,False
1,50,50,87,A_full_mean,,,missing_target_record,,,,,False
1,50,50,87,B_full_mean,,,missing_target_record,,,,,False
1,50,50,87,A_G1_fixed_time,,,missing_target_record,,,,,False
1,50,50,87,A_G2_fixed_time,,,missing_target_record,,,,,False
1,50,50,87,A_G2_minus_G1_fixed_time,,,missing_target_record,,,,,False
1,50,50,87,A_G1_time_average,,,missing_target_record,,,,,False
1,50,50,87,A_G2_time_average,,,missing_target_record,,,,,False
1,50,50,87,A_G2_minus_G1_time_average,,,missing_target_record,,,,,False
1,50,50,87,B_G1_fixed_time,,,missing_target_record,,,,,False
1,50,50,87,B_G2_fixed_time,,,missing_target_record,,,,,False
1,50,50,87,B_G2_minus_G1_fixed_time,,,missing_target_record,,,,,False
1,50,50,87,B_G1_time_average,,,missing_target_record,,,,,False
1,50,50,87,B_G2_time_average,,,missing_target_record,,,,,False
1,50,50,87,B_G2_minus_G1_time_average,,,missing_target_record,,,,,False
1,50,50,88,A_entry,,,missing_target_record,,,,,False
1,50,50,88,B_entry,,,missing_target_record,,,,,False
1,50,50,88,A_fixed_time_mean,,,missing_target_record,,,,,False
1,50,50,88,B_fixed_time_mean,,,missing_target_record,,,,,False
1,50,50,88,A_full_mean,,,missing_target_record,,,,,False
1,50,50,88,B_full_mean,,,missing_target_record,,,,,False
1,50,50,88,A_G1_fixed_time,,,missing_target_record,,,,,False
1,50,50,88,A_G2_fixed_time,,,missing_target_record,,,,,False
1,50,50,88,A_G2_minus_G1_fixed_time,,,missing_target_record,,,,,False
1,50,50,88,A_G1_time_average,,,missing_target_record,,,,,False
1,50,50,88,A_G2_time_average,,,missing_target_record,,,,,False
1,50,50,88,A_G2_minus_G1_time_average,,,missing_target_record,,,,,False
1,50,50,88,B_G1_fixed_time,,,missing_target_record,,,,,False
1,50,50,88,B_G2_fixed_time,,,missing_target_record,,,,,False
1,50,50,88,B_G2_minus_G1_fixed_time,,,missing_target_record,,,,,False
1,50,50,88,B_G1_time_average,,,missing_target_record,,,,,False
1,50,50,88,B_G2_time_average,,,missing_target_record,,,,,False
1,50,50,88,B_G2_minus_G1_time_average,,,missing_target_record,,,,,False
1,50,50,89,A_entry,,,missing_target_record,,,,,False
1,50,50,89,B_entry,,,missing_target_record,,,,,False
1,50,50,89,A_fixed_time_mean,,,missing_target_record,,,,,False
1,50,50,89,B_fixed_time_mean,,,missing_target_record,,,,,False
1,50,50,89,A_full_mean,,,missing_target_record,,,,,False
1,50,50,89,B_full_mean,,,missing_target_record,,,,,False
1,50,50,89,A_G1_fixed_time,,,missing_target_record,,,,,False
1,50,50,89,A_G2_fixed_time,,,missing_target_record,,,,,False
1,50,50,89,A_G2_minus_G1_fixed_time,,,missing_target_record,,,,,False
1,50,50,89,A_G1_time_average,,,missing_target_record,,,,,False
1,50,50,89,A_G2_time_average,,,missing_target_record,,,,,False
1,50,50,89,A_G2_minus_G1_time_average,,,missing_target_record,,,,,False
1,50,50,89,B_G1_fixed_time,,,missing_target_record,,,,,False
1,50,50,89,B_G2_fixed_time,,,missing_target_record,,,,,False
1,50,50,89,B_G2_minus_G1_fixed_time,,,missing_target_record,,,,,False
1,50,50,89,B_G1_time_average,,,missing_target_record,,,,,False
1,50,50,89,B_G2_time_average,,,missing_target_record,,,,,False
1,50,50,89,B_G2_minus_G1_time_average,,,missing_target_record,,,,,False
1,50,50,90,A_entry,,,missing_target_record,,,,,False
1,50,50,90,B_entry,,,missing_target_record,,,,,False
1,50,50,90,A_fixed_time_mean,,,missing_target_record,,,,,False
1,50,50,90,B_fixed_time_mean,,,missing_target_record,,,,,False
1,50,50,90,A_full_mean,,,missing_target_record,,,,,False
1,50,50,90,B_full_mean,,,missing_target_record,,,,,False
1,50,50,90,A_G1_fixed_time,,,missing_target_record,,,,,False
1,50,50,90,A_G2_fixed_time,,,missing_target_record,,,,,False
1,50,50,90,A_G2_minus_G1_fixed_time,,,missing_target_record,,,,,False
1,50,50,90,A_G1_time_average,,,missing_target_record,,,,,False
1,50,50,90,A_G2_time_average,,,missing_target_record,,,,,False
1,50,50,90,A_G2_minus_G1_time_average,,,missing_target_record,,,,,False
1,50,50,90,B_G1_fixed_time,,,missing_target_record,,,,,False
1,50,50,90,B_G2_fixed_time,,,missing_target_record,,,,,False
1,50,50,90,B_G2_minus_G1_fixed_time,,,missing_target_record,,,,,False
1,50,50,90,B_G1_time_average,,,missing_target_record,,,,,False
1,50,50,90,B_G2_time_average,,,missing_target_record,,,,,False
1,50,50,90,B_G2_minus_G1_time_average,,,missing_target_record,,,,,False
1,50,50,91,A_entry,,,missing_target_record,,,,,False
1,50,50,91,B_entry,,,missing_target_record,,,,,False
1,50,50,91,A_fixed_time_mean,,,missing_target_record,,,,,False
1,50,50,91,B_fixed_time_mean,,,missing_target_record,,,,,False
1,50,50,91,A_full_mean,,,missing_target_record,,,,,False
1,50,50,91,B_full_mean,,,missing_target_record,,,,,False
1,50,50,91,A_G1_fixed_time,,,missing_target_record,,,,,False
1,50,50,91,A_G2_fixed_time,,,missing_target_record,,,,,False
1,50,50,91,A_G2_minus_G1_fixed_time,,,missing_target_record,,,,,False
1,50,50,91,A_G1_time_average,,,missing_target_record,,,,,False
1,50,50,91,A_G2_time_average,,,missing_target_record,,,,,False
1,50,50,91,A_G2_minus_G1_time_average,,,missing_target_record,,,,,False
1,50,50,91,B_G1_fixed_time,,,missing_target_record,,,,,False
1,50,50,91,B_G2_fixed_time,,,missing_target_record,,,,,False
1,50,50,91,B_G2_minus_G1_fixed_time,,,missing_target_record,,,,,False
1,50,50,91,B_G1_time_average,,,missing_target_record,,,,,False
1,50,50,91,B_G2_time_average,,,missing_target_record,,,,,False
1,50,50,91,B_G2_minus_G1_time_average,,,missing_target_record,,,,,False
1,50,50,92,A_entry,,,missing_target_record,,,,,False
1,50,50,92,B_entry,,,missing_target_record,,,,,False
1,50,50,92,A_fixed_time_mean,,,missing_target_record,,,,,False
1,50,50,92,B_fixed_time_mean,,,missing_target_record,,,,,False
1,50,50,92,A_full_mean,,,missing_target_record,,,,,False
1,50,50,92,B_full_mean,,,missing_target_record,,,,,False
1,50,50,92,A_G1_fixed_time,,,missing_target_record,,,,,False
1,50,50,92,A_G2_fixed_time,,,missing_target_record,,,,,False
1,50,50,92,A_G2_minus_G1_fixed_time,,,missing_target_record,,,,,False
1,50,50,92,A_G1_time_average,,,missing_target_record,,,,,False
1,50,50,92,A_G2_time_average,,,missing_target_record,,,,,False
1,50,50,92,A_G2_minus_G1_time_average,,,missing_target_record,,,,,False
1,50,50,92,B_G1_fixed_time,,,missing_target_record,,,,,False
1,50,50,92,B_G2_fixed_time,,,missing_target_record,,,,,False
1,50,50,92,B_G2_minus_G1_fixed_time,,,missing_target_record,,,,,False
1,50,50,92,B_G1_time_average,,,missing_target_record,,,,,False
1,50,50,92,B_G2_time_average,,,missing_target_record,,,,,False
1,50,50,92,B_G2_minus_G1_time_average,,,missing_target_record,,,,,False
1,50,50,93,A_entry,,,missing_target_record,,,,,False
1,50,50,93,B_entry,,,missing_target_record,,,,,False
1,50,50,93,A_fixed_time_mean,,,missing_target_record,,,,,False
1,50,50,93,B_fixed_time_mean,,,missing_target_record,,,,,False
1,50,50,93,A_full_mean,,,missing_target_record,,,,,False
1,50,50,93,B_full_mean,,,missing_target_record,,,,,False
1,50,50,93,A_G1_fixed_time,,,missing_target_record,,,,,False
1,50,50,93,A_G2_fixed_time,,,missing_target_record,,,,,False
1,50,50,93,A_G2_minus_G1_fixed_time,,,missing_target_record,,,,,False
1,50,50,93,A_G1_time_average,,,missing_target_record,,,,,False
1,50,50,93,A_G2_time_average,,,missing_target_record,,,,,False
1,50,50,93,A_G2_minus_G1_time_average,,,missing_target_record,,,,,False
1,50,50,93,B_G1_fixed_time,,,missing_target_record,,,,,False
1,50,50,93,B_G2_fixed_time,,,missing_target_record,,,,,False
1,50,50,93,B_G2_minus_G1_fixed_time,,,missing_target_record,,,,,False
1,50,50,93,B_G1_time_average,,,missing_target_record,,,,,False
1,50,50,93,B_G2_time_average,,,missing_target_record,,,,,False
1,50,50,93,B_G2_minus_G1_time_average,,,missing_target_record,,,,,False
1,50,50,94,A_entry,,,missing_target_record,,,,,False
1,50,50,94,B_entry,,,missing_target_record,,,,,False
1,50,50,94,A_fixed_time_mean,,,missing_target_record,,,,,False
1,50,50,94,B_fixed_time_mean,,,missing_target_record,,,,,False
1,50,50,94,A_full_mean,,,missing_target_record,,,,,False
1,50,50,94,B_full_mean,,,missing_target_record,,,,,False
1,50,50,94,A_G1_fixed_time,,,missing_target_record,,,,,False
1,50,50,94,A_G2_fixed_time,,,missing_target_record,,,,,False
1,50,50,94,A_G2_minus_G1_fixed_time,,,missing_target_record,,,,,False
1,50,50,94,A_G1_time_average,,,missing_target_record,,,,,False
1,50,50,94,A_G2_time_average,,,missing_target_record,,,,,False
1,50,50,94,A_G2_minus_G1_time_average,,,missing_target_record,,,,,False
1,50,50,94,B_G1_fixed_time,,,missing_target_record,,,,,False
1,50,50,94,B_G2_fixed_time,,,missing_target_record,,,,,False
1,50,50,94,B_G2_minus_G1_fixed_time,,,missing_target_record,,,,,False
1,50,50,94,B_G1_time_average,,,missing_target_record,,,,,False
1,50,50,94,B_G2_time_average,,,missing_target_record,,,,,False
1,50,50,94,B_G2_minus_G1_time_average,,,missing_target_record,,,,,False
1,50,50,95,A_entry,,,missing_target_record,,,,,False
1,50,50,95,B_entry,,,missing_target_record,,,,,False
1,50,50,95,A_fixed_time_mean,,,missing_target_record,,,,,False
1,50,50,95,B_fixed_time_mean,,,missing_target_record,,,,,False
1,50,50,95,A_full_mean,,,missing_target_record,,,,,False
1,50,50,95,B_full_mean,,,missing_target_record,,,,,False
1,50,50,95,A_G1_fixed_time,,,missing_target_record,,,,,False
1,50,50,95,A_G2_fixed_time,,,missing_target_record,,,,,False
1,50,50,95,A_G2_minus_G1_fixed_time,,,missing_target_record,,,,,False
1,50,50,95,A_G1_time_average,,,missing_target_record,,,,,False
1,50,50,95,A_G2_time_average,,,missing_target_record,,,,,False
1,50,50,95,A_G2_minus_G1_time_average,,,missing_target_record,,,,,False
1,50,50,95,B_G1_fixed_time,,,missing_target_record,,,,,False
1,50,50,95,B_G2_fixed_time,,,missing_target_record,,,,,False
1,50,50,95,B_G2_minus_G1_fixed_time,,,missing_target_record,,,,,False
1,50,50,95,B_G1_time_average,,,missing_target_record,,,,,False
1,50,50,95,B_G2_time_average,,,missing_target_record,,,,,False
1,50,50,95,B_G2_minus_G1_time_average,,,missing_target_record,,,,,False
1,50,50,96,A_entry,,,missing_target_record,,,,,False
1,50,50,96,B_entry,,,missing_target_record,,,,,False
1,50,50,96,A_fixed_time_mean,,,missing_target_record,,,,,False
1,50,50,96,B_fixed_time_mean,,,missing_target_record,,,,,False
1,50,50,96,A_full_mean,,,missing_target_record,,,,,False
1,50,50,96,B_full_mean,,,missing_target_record,,,,,False
1,50,50,96,A_G1_fixed_time,,,missing_target_record,,,,,False
1,50,50,96,A_G2_fixed_time,,,missing_target_record,,,,,False
1,50,50,96,A_G2_minus_G1_fixed_time,,,missing_target_record,,,,,False
1,50,50,96,A_G1_time_average,,,missing_target_record,,,,,False
1,50,50,96,A_G2_time_average,,,missing_target_record,,,,,False
1,50,50,96,A_G2_minus_G1_time_average,,,missing_target_record,,,,,False
1,50,50,96,B_G1_fixed_time,,,missing_target_record,,,,,False
1,50,50,96,B_G2_fixed_time,,,missing_target_record,,,,,False
1,50,50,96,B_G2_minus_G1_fixed_time,,,missing_target_record,,,,,False
1,50,50,96,B_G1_time_average,,,missing_target_record,,,,,False
1,50,50,96,B_G2_time_average,,,missing_target_record,,,,,False
1,50,50,96,B_G2_minus_G1_time_average,,,missing_target_record,,,,,False
1,50,50,97,A_entry,,,missing_target_record,,,,,False
1,50,50,97,B_entry,,,missing_target_record,,,,,False
1,50,50,97,A_fixed_time_mean,,,missing_target_record,,,,,False
1,50,50,97,B_fixed_time_mean,,,missing_target_record,,,,,False
1,50,50,97,A_full_mean,,,missing_target_record,,,,,False
1,50,50,97,B_full_mean,,,missing_target_record,,,,,False
1,50,50,97,A_G1_fixed_time,,,missing_target_record,,,,,False
1,50,50,97,A_G2_fixed_time,,,missing_target_record,,,,,False
1,50,50,97,A_G2_minus_G1_fixed_time,,,missing_target_record,,,,,False
1,50,50,97,A_G1_time_average,,,missing_target_record,,,,,False
1,50,50,97,A_G2_time_average,,,missing_target_record,,,,,False
1,50,50,97,A_G2_minus_G1_time_average,,,missing_target_record,,,,,False
1,50,50,97,B_G1_fixed_time,,,missing_target_record,,,,,False
1,50,50,97,B_G2_fixed_time,,,missing_target_record,,,,,False
1,50,50,97,B_G2_minus_G1_fixed_time,,,missing_target_record,,,,,False
1,50,50,97,B_G1_time_average,,,missing_target_record,,,,,False
1,50,50,97,B_G2_time_average,,,missing_target_record,,,,,False
1,50,50,97,B_G2_minus_G1_time_average,,,missing_target_record,,,,,False
1,50,50,98,A_entry,,,missing_target_record,,,,,False
1,50,50,98,B_entry,,,missing_target_record,,,,,False
1,50,50,98,A_fixed_time_mean,,,missing_target_record,,,,,False
1,50,50,98,B_fixed_time_mean,,,missing_target_record,,,,,False
1,50,50,98,A_full_mean,,,missing_target_record,,,,,False
1,50,50,98,B_full_mean,,,missing_target_record,,,,,False
1,50,50,98,A_G1_fixed_time,,,missing_target_record,,,,,False
1,50,50,98,A_G2_fixed_time,,,missing_target_record,,,,,False
1,50,50,98,A_G2_minus_G1_fixed_time,,,missing_target_record,,,,,False
1,50,50,98,A_G1_time_average,,,missing_target_record,,,,,False
1,50,50,98,A_G2_time_average,,,missing_target_record,,,,,False
1,50,50,98,A_G2_minus_G1_time_average,,,missing_target_record,,,,,False
1,50,50,98,B_G1_fixed_time,,,missing_target_record,,,,,False
1,50,50,98,B_G2_fixed_time,,,missing_target_record,,,,,False
1,50,50,98,B_G2_minus_G1_fixed_time,,,missing_target_record,,,,,False
1,50,50,98,B_G1_time_average,,,missing_target_record,,,,,False
1,50,50,98,B_G2_time_average,,,missing_target_record,,,,,False
1,50,50,98,B_G2_minus_G1_time_average,,,missing_target_record,,,,,False
1,50,50,99,A_entry,,,missing_target_record,,,,,False
1,50,50,99,B_entry,,,missing_target_record,,,,,False
1,50,50,99,A_fixed_time_mean,,,missing_target_record,,,,,False
1,50,50,99,B_fixed_time_mean,,,missing_target_record,,,,,False
1,50,50,99,A_full_mean,,,missing_target_record,,,,,False
1,50,50,99,B_full_mean,,,missing_target_record,,,,,False
1,50,50,99,A_G1_fixed_time,,,missing_target_record,,,,,False
1,50,50,99,A_G2_fixed_time,,,missing_target_record,,,,,False
1,50,50,99,A_G2_minus_G1_fixed_time,,,missing_target_record,,,,,False
1,50,50,99,A_G1_time_average,,,missing_target_record,,,,,False
1,50,50,99,A_G2_time_average,,,missing_target_record,,,,,False
1,50,50,99,A_G2_minus_G1_time_average,,,missing_target_record,,,,,False
1,50,50,99,B_G1_fixed_time,,,missing_target_record,,,,,False
1,50,50,99,B_G2_fixed_time,,,missing_target_record,,,,,False
1,50,50,99,B_G2_minus_G1_fixed_time,,,missing_target_record,,,,,False
1,50,50,99,B_G1_time_average,,,missing_target_record,,,,,False
1,50,50,99,B_G2_time_average,,,missing_target_record,,,,,False
1,50,50,99,B_G2_minus_G1_time_average,,,missing_target_record,,,,,False
1,100,100,0,A_entry,,,missing_target_record,,,,,False
1,100,100,0,B_entry,,,missing_target_record,,,,,False
1,100,100,0,A_fixed_time_mean,,,missing_target_record,,,,,False
1,100,100,0,B_fixed_time_mean,,,missing_target_record,,,,,False
1,100,100,0,A_full_mean,,,missing_target_record,,,,,False
1,100,100,0,B_full_mean,,,missing_target_record,,,,,False
1,100,100,0,A_G1_fixed_time,,,missing_target_record,,,,,False
1,100,100,0,A_G2_fixed_time,,,missing_target_record,,,,,False
1,100,100,0,A_G2_minus_G1_fixed_time,,,missing_target_record,,,,,False
1,100,100,0,A_G1_time_average,,,missing_target_record,,,,,False
1,100,100,0,A_G2_time_average,,,missing_target_record,,,,,False
1,100,100,0,A_G2_minus_G1_time_average,,,missing_target_record,,,,,False
1,100,100,0,B_G1_fixed_time,,,missing_target_record,,,,,False
1,100,100,0,B_G2_fixed_time,,,missing_target_record,,,,,False
1,100,100,0,B_G2_minus_G1_fixed_time,,,missing_target_record,,,,,False
1,100,100,0,B_G1_time_average,,,missing_target_record,,,,,False
1,100,100,0,B_G2_time_average,,,missing_target_record,,,,,False
1,100,100,0,B_G2_minus_G1_time_average,,,missing_target_record,,,,,False
1,100,100,1,A_entry,,,missing_target_record,,,,,False
1,100,100,1,B_entry,,,missing_target_record,,,,,False
1,100,100,1,A_fixed_time_mean,,,missing_target_record,,,,,False
1,100,100,1,B_fixed_time_mean,,,missing_target_record,,,,,False
1,100,100,1,A_full_mean,,,missing_target_record,,,,,False
1,100,100,1,B_full_mean,,,missing_target_record,,,,,False
1,100,100,1,A_G1_fixed_time,,,missing_target_record,,,,,False
1,100,100,1,A_G2_fixed_time,,,missing_target_record,,,,,False
1,100,100,1,A_G2_minus_G1_fixed_time,,,missing_target_record,,,,,False
1,100,100,1,A_G1_time_average,,,missing_target_record,,,,,False
1,100,100,1,A_G2_time_average,,,missing_target_record,,,,,False
1,100,100,1,A_G2_minus_G1_time_average,,,missing_target_record,,,,,False
1,100,100,1,B_G1_fixed_time,,,missing_target_record,,,,,False
1,100,100,1,B_G2_fixed_time,,,missing_target_record,,,,,False
1,100,100,1,B_G2_minus_G1_fixed_time,,,missing_target_record,,,,,False
1,100,100,1,B_G1_time_average,,,missing_target_record,,,,,False
1,100,100,1,B_G2_time_average,,,missing_target_record,,,,,False
1,100,100,1,B_G2_minus_G1_time_average,,,missing_target_record,,,,,False
1,100,100,2,A_entry,,,missing_target_record,,,,,False
1,100,100,2,B_entry,,,missing_target_record,,,,,False
1,100,100,2,A_fixed_time_mean,,,missing_target_record,,,,,False
1,100,100,2,B_fixed_time_mean,,,missing_target_record,,,,,False
1,100,100,2,A_full_mean,,,missing_target_record,,,,,False
1,100,100,2,B_full_mean,,,missing_target_record,,,,,False
1,100,100,2,A_G1_fixed_time,,,missing_target_record,,,,,False
1,100,100,2,A_G2_fixed_time,,,missing_target_record,,,,,False
1,100,100,2,A_G2_minus_G1_fixed_time,,,missing_target_record,,,,,False
1,100,100,2,A_G1_time_average,,,missing_target_record,,,,,False
1,100,100,2,A_G2_time_average,,,missing_target_record,,,,,False
1,100,100,2,A_G2_minus_G1_time_average,,,missing_target_record,,,,,False
1,100,100,2,B_G1_fixed_time,,,missing_target_record,,,,,False
1,100,100,2,B_G2_fixed_time,,,missing_target_record,,,,,False
1,100,100,2,B_G2_minus_G1_fixed_time,,,missing_target_record,,,,,False
1,100,100,2,B_G1_time_average,,,missing_target_record,,,,,False
1,100,100,2,B_G2_time_average,,,missing_target_record,,,,,False
1,100,100,2,B_G2_minus_G1_time_average,,,missing_target_record,,,,,False
1,100,100,3,A_entry,,,missing_target_record,,,,,False
1,100,100,3,B_entry,,,missing_target_record,,,,,False
1,100,100,3,A_fixed_time_mean,,,missing_target_record,,,,,False
1,100,100,3,B_fixed_time_mean,,,missing_target_record,,,,,False
1,100,100,3,A_full_mean,,,missing_target_record,,,,,False
1,100,100,3,B_full_mean,,,missing_target_record,,,,,False
1,100,100,3,A_G1_fixed_time,,,missing_target_record,,,,,False
1,100,100,3,A_G2_fixed_time,,,missing_target_record,,,,,False
1,100,100,3,A_G2_minus_G1_fixed_time,,,missing_target_record,,,,,False
1,100,100,3,A_G1_time_average,,,missing_target_record,,,,,False
1,100,100,3,A_G2_time_average,,,missing_target_record,,,,,False
1,100,100,3,A_G2_minus_G1_time_average,,,missing_target_record,,,,,False
1,100,100,3,B_G1_fixed_time,,,missing_target_record,,,,,False
1,100,100,3,B_G2_fixed_time,,,missing_target_record,,,,,False
1,100,100,3,B_G2_minus_G1_fixed_time,,,missing_target_record,,,,,False
1,100,100,3,B_G1_time_average,,,missing_target_record,,,,,False
1,100,100,3,B_G2_time_average,,,missing_target_record,,,,,False
1,100,100,3,B_G2_minus_G1_time_average,,,missing_target_record,,,,,False
1,100,100,4,A_entry,,,missing_target_record,,,,,False
1,100,100,4,B_entry,,,missing_target_record,,,,,False
1,100,100,4,A_fixed_time_mean,,,missing_target_record,,,,,False
1,100,100,4,B_fixed_time_mean,,,missing_target_record,,,,,False
1,100,100,4,A_full_mean,,,missing_target_record,,,,,False
1,100,100,4,B_full_mean,,,missing_target_record,,,,,False
1,100,100,4,A_G1_fixed_time,,,missing_target_record,,,,,False
1,100,100,4,A_G2_fixed_time,,,missing_target_record,,,,,False
1,100,100,4,A_G2_minus_G1_fixed_time,,,missing_target_record,,,,,False
1,100,100,4,A_G1_time_average,,,missing_target_record,,,,,False
1,100,100,4,A_G2_time_average,,,missing_target_record,,,,,False
1,100,100,4,A_G2_minus_G1_time_average,,,missing_target_record,,,,,False
1,100,100,4,B_G1_fixed_time,,,missing_target_record,,,,,False
1,100,100,4,B_G2_fixed_time,,,missing_target_record,,,,,False
1,100,100,4,B_G2_minus_G1_fixed_time,,,missing_target_record,,,,,False
1,100,100,4,B_G1_time_average,,,missing_target_record,,,,,False
1,100,100,4,B_G2_time_average,,,missing_target_record,,,,,False
1,100,100,4,B_G2_minus_G1_time_average,,,missing_target_record,,,,,False
1,100,100,5,A_entry,,,missing_target_record,,,,,False
1,100,100,5,B_entry,,,missing_target_record,,,,,False
1,100,100,5,A_fixed_time_mean,,,missing_target_record,,,,,False
1,100,100,5,B_fixed_time_mean,,,missing_target_record,,,,,False
1,100,100,5,A_full_mean,,,missing_target_record,,,,,False
1,100,100,5,B_full_mean,,,missing_target_record,,,,,False
1,100,100,5,A_G1_fixed_time,,,missing_target_record,,,,,False
1,100,100,5,A_G2_fixed_time,,,missing_target_record,,,,,False
1,100,100,5,A_G2_minus_G1_fixed_time,,,missing_target_record,,,,,False
1,100,100,5,A_G1_time_average,,,missing_target_record,,,,,False
1,100,100,5,A_G2_time_average,,,missing_target_record,,,,,False
1,100,100,5,A_G2_minus_G1_time_average,,,missing_target_record,,,,,False
1,100,100,5,B_G1_fixed_time,,,missing_target_record,,,,,False
1,100,100,5,B_G2_fixed_time,,,missing_target_record,,,,,False
1,100,100,5,B_G2_minus_G1_fixed_time,,,missing_target_record,,,,,False
1,100,100,5,B_G1_time_average,,,missing_target_record,,,,,False
1,100,100,5,B_G2_time_average,,,missing_target_record,,,,,False
1,100,100,5,B_G2_minus_G1_time_average,,,missing_target_record,,,,,False
1,100,100,6,A_entry,,,missing_target_record,,,,,False
1,100,100,6,B_entry,,,missing_target_record,,,,,False
1,100,100,6,A_fixed_time_mean,,,missing_target_record,,,,,False
1,100,100,6,B_fixed_time_mean,,,missing_target_record,,,,,False
1,100,100,6,A_full_mean,,,missing_target_record,,,,,False
1,100,100,6,B_full_mean,,,missing_target_record,,,,,False
1,100,100,6,A_G1_fixed_time,,,missing_target_record,,,,,False
1,100,100,6,A_G2_fixed_time,,,missing_target_record,,,,,False
1,100,100,6,A_G2_minus_G1_fixed_time,,,missing_target_record,,,,,False
1,100,100,6,A_G1_time_average,,,missing_target_record,,,,,False
1,100,100,6,A_G2_time_average,,,missing_target_record,,,,,False
1,100,100,6,A_G2_minus_G1_time_average,,,missing_target_record,,,,,False
1,100,100,6,B_G1_fixed_time,,,missing_target_record,,,,,False
1,100,100,6,B_G2_fixed_time,,,missing_target_record,,,,,False
1,100,100,6,B_G2_minus_G1_fixed_time,,,missing_target_record,,,,,False
1,100,100,6,B_G1_time_average,,,missing_target_record,,,,,False
1,100,100,6,B_G2_time_average,,,missing_target_record,,,,,False
1,100,100,6,B_G2_minus_G1_time_average,,,missing_target_record,,,,,False
1,100,100,7,A_entry,,,missing_target_record,,,,,False
1,100,100,7,B_entry,,,missing_target_record,,,,,False
1,100,100,7,A_fixed_time_mean,,,missing_target_record,,,,,False
1,100,100,7,B_fixed_time_mean,,,missing_target_record,,,,,False
1,100,100,7,A_full_mean,,,missing_target_record,,,,,False
1,100,100,7,B_full_mean,,,missing_target_record,,,,,False
1,100,100,7,A_G1_fixed_time,,,missing_target_record,,,,,False
1,100,100,7,A_G2_fixed_time,,,missing_target_record,,,,,False
1,100,100,7,A_G2_minus_G1_fixed_time,,,missing_target_record,,,,,False
1,100,100,7,A_G1_time_average,,,missing_target_record,,,,,False
1,100,100,7,A_G2_time_average,,,missing_target_record,,,,,False
1,100,100,7,A_G2_minus_G1_time_average,,,missing_target_record,,,,,False
1,100,100,7,B_G1_fixed_time,,,missing_target_record,,,,,False
1,100,100,7,B_G2_fixed_time,,,missing_target_record,,,,,False
1,100,100,7,B_G2_minus_G1_fixed_time,,,missing_target_record,,,,,False
1,100,100,7,B_G1_time_average,,,missing_target_record,,,,,False
1,100,100,7,B_G2_time_average,,,missing_target_record,,,,,False
1,100,100,7,B_G2_minus_G1_time_average,,,missing_target_record,,,,,False
1,100,100,8,A_entry,,,missing_target_record,,,,,False
1,100,100,8,B_entry,,,missing_target_record,,,,,False
1,100,100,8,A_fixed_time_mean,,,missing_target_record,,,,,False
1,100,100,8,B_fixed_time_mean,,,missing_target_record,,,,,False
1,100,100,8,A_full_mean,,,missing_target_record,,,,,False
1,100,100,8,B_full_mean,,,missing_target_record,,,,,False
1,100,100,8,A_G1_fixed_time,,,missing_target_record,,,,,False
1,100,100,8,A_G2_fixed_time,,,missing_target_record,,,,,False
1,100,100,8,A_G2_minus_G1_fixed_time,,,missing_target_record,,,,,False
1,100,100,8,A_G1_time_average,,,missing_target_record,,,,,False
1,100,100,8,A_G2_time_average,,,missing_target_record,,,,,False
1,100,100,8,A_G2_minus_G1_time_average,,,missing_target_record,,,,,False
1,100,100,8,B_G1_fixed_time,,,missing_target_record,,,,,False
1,100,100,8,B_G2_fixed_time,,,missing_target_record,,,,,False
1,100,100,8,B_G2_minus_G1_fixed_time,,,missing_target_record,,,,,False
1,100,100,8,B_G1_time_average,,,missing_target_record,,,,,False
1,100,100,8,B_G2_time_average,,,missing_target_record,,,,,False
1,100,100,8,B_G2_minus_G1_time_average,,,missing_target_record,,,,,False
1,100,100,9,A_entry,,,missing_target_record,,,,,False
1,100,100,9,B_entry,,,missing_target_record,,,,,False
1,100,100,9,A_fixed_time_mean,,,missing_target_record,,,,,False
1,100,100,9,B_fixed_time_mean,,,missing_target_record,,,,,False
1,100,100,9,A_full_mean,,,missing_target_record,,,,,False
1,100,100,9,B_full_mean,,,missing_target_record,,,,,False
1,100,100,9,A_G1_fixed_time,,,missing_target_record,,,,,False
1,100,100,9,A_G2_fixed_time,,,missing_target_record,,,,,False
1,100,100,9,A_G2_minus_G1_fixed_time,,,missing_target_record,,,,,False
1,100,100,9,A_G1_time_average,,,missing_target_record,,,,,False
1,100,100,9,A_G2_time_average,,,missing_target_record,,,,,False
1,100,100,9,A_G2_minus_G1_time_average,,,missing_target_record,,,,,False
1,100,100,9,B_G1_fixed_time,,,missing_target_record,,,,,False
1,100,100,9,B_G2_fixed_time,,,missing_target_record,,,,,False
1,100,100,9,B_G2_minus_G1_fixed_time,,,missing_target_record,,,,,False
1,100,100,9,B_G1_time_average,,,missing_target_record,,,,,False
1,100,100,9,B_G2_time_average,,,missing_target_record,,,,,False
1,100,100,9,B_G2_minus_G1_time_average,,,missing_target_record,,,,,False
1,100,100,10,A_entry,,,missing_target_record,,,,,False
1,100,100,10,B_entry,,,missing_target_record,,,,,False
1,100,100,10,A_fixed_time_mean,,,missing_target_record,,,,,False
1,100,100,10,B_fixed_time_mean,,,missing_target_record,,,,,False
1,100,100,10,A_full_mean,,,missing_target_record,,,,,False
1,100,100,10,B_full_mean,,,missing_target_record,,,,,False
1,100,100,10,A_G1_fixed_time,,,missing_target_record,,,,,False
1,100,100,10,A_G2_fixed_time,,,missing_target_record,,,,,False
1,100,100,10,A_G2_minus_G1_fixed_time,,,missing_target_record,,,,,False
1,100,100,10,A_G1_time_average,,,missing_target_record,,,,,False
1,100,100,10,A_G2_time_average,,,missing_target_record,,,,,False
1,100,100,10,A_G2_minus_G1_time_average,,,missing_target_record,,,,,False
1,100,100,10,B_G1_fixed_time,,,missing_target_record,,,,,False
1,100,100,10,B_G2_fixed_time,,,missing_target_record,,,,,False
1,100,100,10,B_G2_minus_G1_fixed_time,,,missing_target_record,,,,,False
1,100,100,10,B_G1_time_average,,,missing_target_record,,,,,False
1,100,100,10,B_G2_time_average,,,missing_target_record,,,,,False
1,100,100,10,B_G2_minus_G1_time_average,,,missing_target_record,,,,,False
1,100,100,11,A_entry,,,missing_target_record,,,,,False
1,100,100,11,B_entry,,,missing_target_record,,,,,False
1,100,100,11,A_fixed_time_mean,,,missing_target_record,,,,,False
1,100,100,11,B_fixed_time_mean,,,missing_target_record,,,,,False
1,100,100,11,A_full_mean,,,missing_target_record,,,,,False
1,100,100,11,B_full_mean,,,missing_target_record,,,,,False
1,100,100,11,A_G1_fixed_time,,,missing_target_record,,,,,False
1,100,100,11,A_G2_fixed_time,,,missing_target_record,,,,,False
1,100,100,11,A_G2_minus_G1_fixed_time,,,missing_target_record,,,,,False
1,100,100,11,A_G1_time_average,,,missing_target_record,,,,,False
1,100,100,11,A_G2_time_average,,,missing_target_record,,,,,False
1,100,100,11,A_G2_minus_G1_time_average,,,missing_target_record,,,,,False
1,100,100,11,B_G1_fixed_time,,,missing_target_record,,,,,False
1,100,100,11,B_G2_fixed_time,,,missing_target_record,,,,,False
1,100,100,11,B_G2_minus_G1_fixed_time,,,missing_target_record,,,,,False
1,100,100,11,B_G1_time_average,,,missing_target_record,,,,,False
1,100,100,11,B_G2_time_average,,,missing_target_record,,,,,False
1,100,100,11,B_G2_minus_G1_time_average,,,missing_target_record,,,,,False
1,100,100,12,A_entry,,,missing_target_record,,,,,False
1,100,100,12,B_entry,,,missing_target_record,,,,,False
1,100,100,12,A_fixed_time_mean,,,missing_target_record,,,,,False
1,100,100,12,B_fixed_time_mean,,,missing_target_record,,,,,False
1,100,100,12,A_full_mean,,,missing_target_record,,,,,False
1,100,100,12,B_full_mean,,,missing_target_record,,,,,False
1,100,100,12,A_G1_fixed_time,,,missing_target_record,,,,,False
1,100,100,12,A_G2_fixed_time,,,missing_target_record,,,,,False
1,100,100,12,A_G2_minus_G1_fixed_time,,,missing_target_record,,,,,False
1,100,100,12,A_G1_time_average,,,missing_target_record,,,,,False
1,100,100,12,A_G2_time_average,,,missing_target_record,,,,,False
1,100,100,12,A_G2_minus_G1_time_average,,,missing_target_record,,,,,False
1,100,100,12,B_G1_fixed_time,,,missing_target_record,,,,,False
1,100,100,12,B_G2_fixed_time,,,missing_target_record,,,,,False
1,100,100,12,B_G2_minus_G1_fixed_time,,,missing_target_record,,,,,False
1,100,100,12,B_G1_time_average,,,missing_target_record,,,,,False
1,100,100,12,B_G2_time_average,,,missing_target_record,,,,,False
1,100,100,12,B_G2_minus_G1_time_average,,,missing_target_record,,,,,False
1,100,100,13,A_entry,,,missing_target_record,,,,,False
1,100,100,13,B_entry,,,missing_target_record,,,,,False
1,100,100,13,A_fixed_time_mean,,,missing_target_record,,,,,False
1,100,100,13,B_fixed_time_mean,,,missing_target_record,,,,,False
1,100,100,13,A_full_mean,,,missing_target_record,,,,,False
1,100,100,13,B_full_mean,,,missing_target_record,,,,,False
1,100,100,13,A_G1_fixed_time,,,missing_target_record,,,,,False
1,100,100,13,A_G2_fixed_time,,,missing_target_record,,,,,False
1,100,100,13,A_G2_minus_G1_fixed_time,,,missing_target_record,,,,,False
1,100,100,13,A_G1_time_average,,,missing_target_record,,,,,False
1,100,100,13,A_G2_time_average,,,missing_target_record,,,,,False
1,100,100,13,A_G2_minus_G1_time_average,,,missing_target_record,,,,,False
1,100,100,13,B_G1_fixed_time,,,missing_target_record,,,,,False
1,100,100,13,B_G2_fixed_time,,,missing_target_record,,,,,False
1,100,100,13,B_G2_minus_G1_fixed_time,,,missing_target_record,,,,,False
1,100,100,13,B_G1_time_average,,,missing_target_record,,,,,False
1,100,100,13,B_G2_time_average,,,missing_target_record,,,,,False
1,100,100,13,B_G2_minus_G1_time_average,,,missing_target_record,,,,,False
1,100,100,14,A_entry,,,missing_target_record,,,,,False
1,100,100,14,B_entry,,,missing_target_record,,,,,False
1,100,100,14,A_fixed_time_mean,,,missing_target_record,,,,,False
1,100,100,14,B_fixed_time_mean,,,missing_target_record,,,,,False
1,100,100,14,A_full_mean,,,missing_target_record,,,,,False
1,100,100,14,B_full_mean,,,missing_target_record,,,,,False
1,100,100,14,A_G1_fixed_time,,,missing_target_record,,,,,False
1,100,100,14,A_G2_fixed_time,,,missing_target_record,,,,,False
1,100,100,14,A_G2_minus_G1_fixed_time,,,missing_target_record,,,,,False
1,100,100,14,A_G1_time_average,,,missing_target_record,,,,,False
1,100,100,14,A_G2_time_average,,,missing_target_record,,,,,False
1,100,100,14,A_G2_minus_G1_time_average,,,missing_target_record,,,,,False
1,100,100,14,B_G1_fixed_time,,,missing_target_record,,,,,False
1,100,100,14,B_G2_fixed_time,,,missing_target_record,,,,,False
1,100,100,14,B_G2_minus_G1_fixed_time,,,missing_target_record,,,,,False
1,100,100,14,B_G1_time_average,,,missing_target_record,,,,,False
1,100,100,14,B_G2_time_average,,,missing_target_record,,,,,False
1,100,100,14,B_G2_minus_G1_time_average,,,missing_target_record,,,,,False
1,100,100,15,A_entry,,,missing_target_record,,,,,False
1,100,100,15,B_entry,,,missing_target_record,,,,,False
1,100,100,15,A_fixed_time_mean,,,missing_target_record,,,,,False
1,100,100,15,B_fixed_time_mean,,,missing_target_record,,,,,False
1,100,100,15,A_full_mean,,,missing_target_record,,,,,False
1,100,100,15,B_full_mean,,,missing_target_record,,,,,False
1,100,100,15,A_G1_fixed_time,,,missing_target_record,,,,,False
1,100,100,15,A_G2_fixed_time,,,missing_target_record,,,,,False
1,100,100,15,A_G2_minus_G1_fixed_time,,,missing_target_record,,,,,False
1,100,100,15,A_G1_time_average,,,missing_target_record,,,,,False
1,100,100,15,A_G2_time_average,,,missing_target_record,,,,,False
1,100,100,15,A_G2_minus_G1_time_average,,,missing_target_record,,,,,False
1,100,100,15,B_G1_fixed_time,,,missing_target_record,,,,,False
1,100,100,15,B_G2_fixed_time,,,missing_target_record,,,,,False
1,100,100,15,B_G2_minus_G1_fixed_time,,,missing_target_record,,,,,False
1,100,100,15,B_G1_time_average,,,missing_target_record,,,,,False
1,100,100,15,B_G2_time_average,,,missing_target_record,,,,,False
1,100,100,15,B_G2_minus_G1_time_average,,,missing_target_record,,,,,False
1,100,100,16,A_entry,,,missing_target_record,,,,,False
1,100,100,16,B_entry,,,missing_target_record,,,,,False
1,100,100,16,A_fixed_time_mean,,,missing_target_record,,,,,False
1,100,100,16,B_fixed_time_mean,,,missing_target_record,,,,,False
1,100,100,16,A_full_mean,,,missing_target_record,,,,,False
1,100,100,16,B_full_mean,,,missing_target_record,,,,,False
1,100,100,16,A_G1_fixed_time,,,missing_target_record,,,,,False
1,100,100,16,A_G2_fixed_time,,,missing_target_record,,,,,False
1,100,100,16,A_G2_minus_G1_fixed_time,,,missing_target_record,,,,,False
1,100,100,16,A_G1_time_average,,,missing_target_record,,,,,False
1,100,100,16,A_G2_time_average,,,missing_target_record,,,,,False
1,100,100,16,A_G2_minus_G1_time_average,,,missing_target_record,,,,,False
1,100,100,16,B_G1_fixed_time,,,missing_target_record,,,,,False
1,100,100,16,B_G2_fixed_time,,,missing_target_record,,,,,False
1,100,100,16,B_G2_minus_G1_fixed_time,,,missing_target_record,,,,,False
1,100,100,16,B_G1_time_average,,,missing_target_record,,,,,False
1,100,100,16,B_G2_time_average,,,missing_target_record,,,,,False
1,100,100,16,B_G2_minus_G1_time_average,,,missing_target_record,,,,,False
1,100,100,17,A_entry,,,missing_target_record,,,,,False
1,100,100,17,B_entry,,,missing_target_record,,,,,False
1,100,100,17,A_fixed_time_mean,,,missing_target_record,,,,,False
1,100,100,17,B_fixed_time_mean,,,missing_target_record,,,,,False
1,100,100,17,A_full_mean,,,missing_target_record,,,,,False
1,100,100,17,B_full_mean,,,missing_target_record,,,,,False
1,100,100,17,A_G1_fixed_time,,,missing_target_record,,,,,False
1,100,100,17,A_G2_fixed_time,,,missing_target_record,,,,,False
1,100,100,17,A_G2_minus_G1_fixed_time,,,missing_target_record,,,,,False
1,100,100,17,A_G1_time_average,,,missing_target_record,,,,,False
1,100,100,17,A_G2_time_average,,,missing_target_record,,,,,False
1,100,100,17,A_G2_minus_G1_time_average,,,missing_target_record,,,,,False
1,100,100,17,B_G1_fixed_time,,,missing_target_record,,,,,False
1,100,100,17,B_G2_fixed_time,,,missing_target_record,,,,,False
1,100,100,17,B_G2_minus_G1_fixed_time,,,missing_target_record,,,,,False
1,100,100,17,B_G1_time_average,,,missing_target_record,,,,,False
1,100,100,17,B_G2_time_average,,,missing_target_record,,,,,False
1,100,100,17,B_G2_minus_G1_time_average,,,missing_target_record,,,,,False
1,100,100,18,A_entry,,,missing_target_record,,,,,False
1,100,100,18,B_entry,,,missing_target_record,,,,,False
1,100,100,18,A_fixed_time_mean,,,missing_target_record,,,,,False
1,100,100,18,B_fixed_time_mean,,,missing_target_record,,,,,False
1,100,100,18,A_full_mean,,,missing_target_record,,,,,False
1,100,100,18,B_full_mean,,,missing_target_record,,,,,False
1,100,100,18,A_G1_fixed_time,,,missing_target_record,,,,,False
1,100,100,18,A_G2_fixed_time,,,missing_target_record,,,,,False
1,100,100,18,A_G2_minus_G1_fixed_time,,,missing_target_record,,,,,False
1,100,100,18,A_G1_time_average,,,missing_target_record,,,,,False
1,100,100,18,A_G2_time_average,,,missing_target_record,,,,,False
1,100,100,18,A_G2_minus_G1_time_average,,,missing_target_record,,,,,False
1,100,100,18,B_G1_fixed_time,,,missing_target_record,,,,,False
1,100,100,18,B_G2_fixed_time,,,missing_target_record,,,,,False
1,100,100,18,B_G2_minus_G1_fixed_time,,,missing_target_record,,,,,False
1,100,100,18,B_G1_time_average,,,missing_target_record,,,,,False
1,100,100,18,B_G2_time_average,,,missing_target_record,,,,,False
1,100,100,18,B_G2_minus_G1_time_average,,,missing_target_record,,,,,False
1,100,100,19,A_entry,,,missing_target_record,,,,,False
1,100,100,19,B_entry,,,missing_target_record,,,,,False
1,100,100,19,A_fixed_time_mean,,,missing_target_record,,,,,False
1,100,100,19,B_fixed_time_mean,,,missing_target_record,,,,,False
1,100,100,19,A_full_mean,,,missing_target_record,,,,,False
1,100,100,19,B_full_mean,,,missing_target_record,,,,,False
1,100,100,19,A_G1_fixed_time,,,missing_target_record,,,,,False
1,100,100,19,A_G2_fixed_time,,,missing_target_record,,,,,False
1,100,100,19,A_G2_minus_G1_fixed_time,,,missing_target_record,,,,,False
1,100,100,19,A_G1_time_average,,,missing_target_record,,,,,False
1,100,100,19,A_G2_time_average,,,missing_target_record,,,,,False
1,100,100,19,A_G2_minus_G1_time_average,,,missing_target_record,,,,,False
1,100,100,19,B_G1_fixed_time,,,missing_target_record,,,,,False
1,100,100,19,B_G2_fixed_time,,,missing_target_record,,,,,False
1,100,100,19,B_G2_minus_G1_fixed_time,,,missing_target_record,,,,,False
1,100,100,19,B_G1_time_average,,,missing_target_record,,,,,False
1,100,100,19,B_G2_time_average,,,missing_target_record,,,,,False
1,100,100,19,B_G2_minus_G1_time_average,,,missing_target_record,,,,,False
1,100,100,20,A_entry,,,missing_target_record,,,,,False
1,100,100,20,B_entry,,,missing_target_record,,,,,False
1,100,100,20,A_fixed_time_mean,,,missing_target_record,,,,,False
1,100,100,20,B_fixed_time_mean,,,missing_target_record,,,,,False
1,100,100,20,A_full_mean,,,missing_target_record,,,,,False
1,100,100,20,B_full_mean,,,missing_target_record,,,,,False
1,100,100,20,A_G1_fixed_time,,,missing_target_record,,,,,False
1,100,100,20,A_G2_fixed_time,,,missing_target_record,,,,,False
1,100,100,20,A_G2_minus_G1_fixed_time,,,missing_target_record,,,,,False
1,100,100,20,A_G1_time_average,,,missing_target_record,,,,,False
1,100,100,20,A_G2_time_average,,,missing_target_record,,,,,False
1,100,100,20,A_G2_minus_G1_time_average,,,missing_target_record,,,,,False
1,100,100,20,B_G1_fixed_time,,,missing_target_record,,,,,False
1,100,100,20,B_G2_fixed_time,,,missing_target_record,,,,,False
1,100,100,20,B_G2_minus_G1_fixed_time,,,missing_target_record,,,,,False
1,100,100,20,B_G1_time_average,,,missing_target_record,,,,,False
1,100,100,20,B_G2_time_average,,,missing_target_record,,,,,False
1,100,100,20,B_G2_minus_G1_time_average,,,missing_target_record,,,,,False
1,100,100,21,A_entry,,,missing_target_record,,,,,False
1,100,100,21,B_entry,,,missing_target_record,,,,,False
1,100,100,21,A_fixed_time_mean,,,missing_target_record,,,,,False
1,100,100,21,B_fixed_time_mean,,,missing_target_record,,,,,False
1,100,100,21,A_full_mean,,,missing_target_record,,,,,False
1,100,100,21,B_full_mean,,,missing_target_record,,,,,False
1,100,100,21,A_G1_fixed_time,,,missing_target_record,,,,,False
1,100,100,21,A_G2_fixed_time,,,missing_target_record,,,,,False
1,100,100,21,A_G2_minus_G1_fixed_time,,,missing_target_record,,,,,False
1,100,100,21,A_G1_time_average,,,missing_target_record,,,,,False
1,100,100,21,A_G2_time_average,,,missing_target_record,,,,,False
1,100,100,21,A_G2_minus_G1_time_average,,,missing_target_record,,,,,False
1,100,100,21,B_G1_fixed_time,,,missing_target_record,,,,,False
1,100,100,21,B_G2_fixed_time,,,missing_target_record,,,,,False
1,100,100,21,B_G2_minus_G1_fixed_time,,,missing_target_record,,,,,False
1,100,100,21,B_G1_time_average,,,missing_target_record,,,,,False
1,100,100,21,B_G2_time_average,,,missing_target_record,,,,,False
1,100,100,21,B_G2_minus_G1_time_average,,,missing_target_record,,,,,False
1,100,100,22,A_entry,,,missing_target_record,,,,,False
1,100,100,22,B_entry,,,missing_target_record,,,,,False
1,100,100,22,A_fixed_time_mean,,,missing_target_record,,,,,False
1,100,100,22,B_fixed_time_mean,,,missing_target_record,,,,,False
1,100,100,22,A_full_mean,,,missing_target_record,,,,,False
1,100,100,22,B_full_mean,,,missing_target_record,,,,,False
1,100,100,22,A_G1_fixed_time,,,missing_target_record,,,,,False
1,100,100,22,A_G2_fixed_time,,,missing_target_record,,,,,False
1,100,100,22,A_G2_minus_G1_fixed_time,,,missing_target_record,,,,,False
1,100,100,22,A_G1_time_average,,,missing_target_record,,,,,False
1,100,100,22,A_G2_time_average,,,missing_target_record,,,,,False
1,100,100,22,A_G2_minus_G1_time_average,,,missing_target_record,,,,,False
1,100,100,22,B_G1_fixed_time,,,missing_target_record,,,,,False
1,100,100,22,B_G2_fixed_time,,,missing_target_record,,,,,False
1,100,100,22,B_G2_minus_G1_fixed_time,,,missing_target_record,,,,,False
1,100,100,22,B_G1_time_average,,,missing_target_record,,,,,False
1,100,100,22,B_G2_time_average,,,missing_target_record,,,,,False
1,100,100,22,B_G2_minus_G1_time_average,,,missing_target_record,,,,,False
1,100,100,23,A_entry,,,missing_target_record,,,,,False
1,100,100,23,B_entry,,,missing_target_record,,,,,False
1,100,100,23,A_fixed_time_mean,,,missing_target_record,,,,,False
1,100,100,23,B_fixed_time_mean,,,missing_target_record,,,,,False
1,100,100,23,A_full_mean,,,missing_target_record,,,,,False
1,100,100,23,B_full_mean,,,missing_target_record,,,,,False
1,100,100,23,A_G1_fixed_time,,,missing_target_record,,,,,False
1,100,100,23,A_G2_fixed_time,,,missing_target_record,,,,,False
1,100,100,23,A_G2_minus_G1_fixed_time,,,missing_target_record,,,,,False
1,100,100,23,A_G1_time_average,,,missing_target_record,,,,,False
1,100,100,23,A_G2_time_average,,,missing_target_record,,,,,False
1,100,100,23,A_G2_minus_G1_time_average,,,missing_target_record,,,,,False
1,100,100,23,B_G1_fixed_time,,,missing_target_record,,,,,False
1,100,100,23,B_G2_fixed_time,,,missing_target_record,,,,,False
1,100,100,23,B_G2_minus_G1_fixed_time,,,missing_target_record,,,,,False
1,100,100,23,B_G1_time_average,,,missing_target_record,,,,,False
1,100,100,23,B_G2_time_average,,,missing_target_record,,,,,False
1,100,100,23,B_G2_minus_G1_time_average,,,missing_target_record,,,,,False
1,100,100,24,A_entry,,,missing_target_record,,,,,False
1,100,100,24,B_entry,,,missing_target_record,,,,,False
1,100,100,24,A_fixed_time_mean,,,missing_target_record,,,,,False
1,100,100,24,B_fixed_time_mean,,,missing_target_record,,,,,False
1,100,100,24,A_full_mean,,,missing_target_record,,,,,False
1,100,100,24,B_full_mean,,,missing_target_record,,,,,False
1,100,100,24,A_G1_fixed_time,,,missing_target_record,,,,,False
1,100,100,24,A_G2_fixed_time,,,missing_target_record,,,,,False
1,100,100,24,A_G2_minus_G1_fixed_time,,,missing_target_record,,,,,False
1,100,100,24,A_G1_time_average,,,missing_target_record,,,,,False
1,100,100,24,A_G2_time_average,,,missing_target_record,,,,,False
1,100,100,24,A_G2_minus_G1_time_average,,,missing_target_record,,,,,False
1,100,100,24,B_G1_fixed_time,,,missing_target_record,,,,,False
1,100,100,24,B_G2_fixed_time,,,missing_target_record,,,,,False
1,100,100,24,B_G2_minus_G1_fixed_time,,,missing_target_record,,,,,False
1,100,100,24,B_G1_time_average,,,missing_target_record,,,,,False
1,100,100,24,B_G2_time_average,,,missing_target_record,,,,,False
1,100,100,24,B_G2_minus_G1_time_average,,,missing_target_record,,,,,False
1,100,100,25,A_entry,,,missing_target_record,,,,,False
1,100,100,25,B_entry,,,missing_target_record,,,,,False
1,100,100,25,A_fixed_time_mean,,,missing_target_record,,,,,False
1,100,100,25,B_fixed_time_mean,,,missing_target_record,,,,,False
1,100,100,25,A_full_mean,,,missing_target_record,,,,,False
1,100,100,25,B_full_mean,,,missing_target_record,,,,,False
1,100,100,25,A_G1_fixed_time,,,missing_target_record,,,,,False
1,100,100,25,A_G2_fixed_time,,,missing_target_record,,,,,False
1,100,100,25,A_G2_minus_G1_fixed_time,,,missing_target_record,,,,,False
1,100,100,25,A_G1_time_average,,,missing_target_record,,,,,False
1,100,100,25,A_G2_time_average,,,missing_target_record,,,,,False
1,100,100,25,A_G2_minus_G1_time_average,,,missing_target_record,,,,,False
1,100,100,25,B_G1_fixed_time,,,missing_target_record,,,,,False
1,100,100,25,B_G2_fixed_time,,,missing_target_record,,,,,False
1,100,100,25,B_G2_minus_G1_fixed_time,,,missing_target_record,,,,,False
1,100,100,25,B_G1_time_average,,,missing_target_record,,,,,False
1,100,100,25,B_G2_time_average,,,missing_target_record,,,,,False
1,100,100,25,B_G2_minus_G1_time_average,,,missing_target_record,,,,,False
1,100,100,26,A_entry,,,missing_target_record,,,,,False
1,100,100,26,B_entry,,,missing_target_record,,,,,False
1,100,100,26,A_fixed_time_mean,,,missing_target_record,,,,,False
1,100,100,26,B_fixed_time_mean,,,missing_target_record,,,,,False
1,100,100,26,A_full_mean,,,missing_target_record,,,,,False
1,100,100,26,B_full_mean,,,missing_target_record,,,,,False
1,100,100,26,A_G1_fixed_time,,,missing_target_record,,,,,False
1,100,100,26,A_G2_fixed_time,,,missing_target_record,,,,,False
1,100,100,26,A_G2_minus_G1_fixed_time,,,missing_target_record,,,,,False
1,100,100,26,A_G1_time_average,,,missing_target_record,,,,,False
1,100,100,26,A_G2_time_average,,,missing_target_record,,,,,False
1,100,100,26,A_G2_minus_G1_time_average,,,missing_target_record,,,,,False
1,100,100,26,B_G1_fixed_time,,,missing_target_record,,,,,False
1,100,100,26,B_G2_fixed_time,,,missing_target_record,,,,,False
1,100,100,26,B_G2_minus_G1_fixed_time,,,missing_target_record,,,,,False
1,100,100,26,B_G1_time_average,,,missing_target_record,,,,,False
1,100,100,26,B_G2_time_average,,,missing_target_record,,,,,False
1,100,100,26,B_G2_minus_G1_time_average,,,missing_target_record,,,,,False
1,100,100,27,A_entry,,,missing_target_record,,,,,False
1,100,100,27,B_entry,,,missing_target_record,,,,,False
1,100,100,27,A_fixed_time_mean,,,missing_target_record,,,,,False
1,100,100,27,B_fixed_time_mean,,,missing_target_record,,,,,False
1,100,100,27,A_full_mean,,,missing_target_record,,,,,False
1,100,100,27,B_full_mean,,,missing_target_record,,,,,False
1,100,100,27,A_G1_fixed_time,,,missing_target_record,,,,,False
1,100,100,27,A_G2_fixed_time,,,missing_target_record,,,,,False
1,100,100,27,A_G2_minus_G1_fixed_time,,,missing_target_record,,,,,False
1,100,100,27,A_G1_time_average,,,missing_target_record,,,,,False
1,100,100,27,A_G2_time_average,,,missing_target_record,,,,,False
1,100,100,27,A_G2_minus_G1_time_average,,,missing_target_record,,,,,False
1,100,100,27,B_G1_fixed_time,,,missing_target_record,,,,,False
1,100,100,27,B_G2_fixed_time,,,missing_target_record,,,,,False
1,100,100,27,B_G2_minus_G1_fixed_time,,,missing_target_record,,,,,False
1,100,100,27,B_G1_time_average,,,missing_target_record,,,,,False
1,100,100,27,B_G2_time_average,,,missing_target_record,,,,,False
1,100,100,27,B_G2_minus_G1_time_average,,,missing_target_record,,,,,False
1,100,100,28,A_entry,,,missing_target_record,,,,,False
1,100,100,28,B_entry,,,missing_target_record,,,,,False
1,100,100,28,A_fixed_time_mean,,,missing_target_record,,,,,False
1,100,100,28,B_fixed_time_mean,,,missing_target_record,,,,,False
1,100,100,28,A_full_mean,,,missing_target_record,,,,,False
1,100,100,28,B_full_mean,,,missing_target_record,,,,,False
1,100,100,28,A_G1_fixed_time,,,missing_target_record,,,,,False
1,100,100,28,A_G2_fixed_time,,,missing_target_record,,,,,False
1,100,100,28,A_G2_minus_G1_fixed_time,,,missing_target_record,,,,,False
1,100,100,28,A_G1_time_average,,,missing_target_record,,,,,False
1,100,100,28,A_G2_time_average,,,missing_target_record,,,,,False
1,100,100,28,A_G2_minus_G1_time_average,,,missing_target_record,,,,,False
1,100,100,28,B_G1_fixed_time,,,missing_target_record,,,,,False
1,100,100,28,B_G2_fixed_time,,,missing_target_record,,,,,False
1,100,100,28,B_G2_minus_G1_fixed_time,,,missing_target_record,,,,,False
1,100,100,28,B_G1_time_average,,,missing_target_record,,,,,False
1,100,100,28,B_G2_time_average,,,missing_target_record,,,,,False
1,100,100,28,B_G2_minus_G1_time_average,,,missing_target_record,,,,,False
1,100,100,29,A_entry,,,missing_target_record,,,,,False
1,100,100,29,B_entry,,,missing_target_record,,,,,False
1,100,100,29,A_fixed_time_mean,,,missing_target_record,,,,,False
1,100,100,29,B_fixed_time_mean,,,missing_target_record,,,,,False
1,100,100,29,A_full_mean,,,missing_target_record,,,,,False
1,100,100,29,B_full_mean,,,missing_target_record,,,,,False
1,100,100,29,A_G1_fixed_time,,,missing_target_record,,,,,False
1,100,100,29,A_G2_fixed_time,,,missing_target_record,,,,,False
1,100,100,29,A_G2_minus_G1_fixed_time,,,missing_target_record,,,,,False
1,100,100,29,A_G1_time_average,,,missing_target_record,,,,,False
1,100,100,29,A_G2_time_average,,,missing_target_record,,,,,False
1,100,100,29,A_G2_minus_G1_time_average,,,missing_target_record,,,,,False
1,100,100,29,B_G1_fixed_time,,,missing_target_record,,,,,False
1,100,100,29,B_G2_fixed_time,,,missing_target_record,,,,,False
1,100,100,29,B_G2_minus_G1_fixed_time,,,missing_target_record,,,,,False
1,100,100,29,B_G1_time_average,,,missing_target_record,,,,,False
1,100,100,29,B_G2_time_average,,,missing_target_record,,,,,False
1,100,100,29,B_G2_minus_G1_time_average,,,missing_target_record,,,,,False
1,100,100,30,A_entry,,,missing_target_record,,,,,False
1,100,100,30,B_entry,,,missing_target_record,,,,,False
1,100,100,30,A_fixed_time_mean,,,missing_target_record,,,,,False
1,100,100,30,B_fixed_time_mean,,,missing_target_record,,,,,False
1,100,100,30,A_full_mean,,,missing_target_record,,,,,False
1,100,100,30,B_full_mean,,,missing_target_record,,,,,False
1,100,100,30,A_G1_fixed_time,,,missing_target_record,,,,,False
1,100,100,30,A_G2_fixed_time,,,missing_target_record,,,,,False
1,100,100,30,A_G2_minus_G1_fixed_time,,,missing_target_record,,,,,False
1,100,100,30,A_G1_time_average,,,missing_target_record,,,,,False
1,100,100,30,A_G2_time_average,,,missing_target_record,,,,,False
1,100,100,30,A_G2_minus_G1_time_average,,,missing_target_record,,,,,False
1,100,100,30,B_G1_fixed_time,,,missing_target_record,,,,,False
1,100,100,30,B_G2_fixed_time,,,missing_target_record,,,,,False
1,100,100,30,B_G2_minus_G1_fixed_time,,,missing_target_record,,,,,False
1,100,100,30,B_G1_time_average,,,missing_target_record,,,,,False
1,100,100,30,B_G2_time_average,,,missing_target_record,,,,,False
1,100,100,30,B_G2_minus_G1_time_average,,,missing_target_record,,,,,False
1,100,100,31,A_entry,,,missing_target_record,,,,,False
1,100,100,31,B_entry,,,missing_target_record,,,,,False
1,100,100,31,A_fixed_time_mean,,,missing_target_record,,,,,False
1,100,100,31,B_fixed_time_mean,,,missing_target_record,,,,,False
1,100,100,31,A_full_mean,,,missing_target_record,,,,,False
1,100,100,31,B_full_mean,,,missing_target_record,,,,,False
1,100,100,31,A_G1_fixed_time,,,missing_target_record,,,,,False
1,100,100,31,A_G2_fixed_time,,,missing_target_record,,,,,False
1,100,100,31,A_G2_minus_G1_fixed_time,,,missing_target_record,,,,,False
1,100,100,31,A_G1_time_average,,,missing_target_record,,,,,False
1,100,100,31,A_G2_time_average,,,missing_target_record,,,,,False
1,100,100,31,A_G2_minus_G1_time_average,,,missing_target_record,,,,,False
1,100,100,31,B_G1_fixed_time,,,missing_target_record,,,,,False
1,100,100,31,B_G2_fixed_time,,,missing_target_record,,,,,False
1,100,100,31,B_G2_minus_G1_fixed_time,,,missing_target_record,,,,,False
1,100,100,31,B_G1_time_average,,,missing_target_record,,,,,False
1,100,100,31,B_G2_time_average,,,missing_target_record,,,,,False
1,100,100,31,B_G2_minus_G1_time_average,,,missing_target_record,,,,,False
1,100,100,32,A_entry,,,missing_target_record,,,,,False
1,100,100,32,B_entry,,,missing_target_record,,,,,False
1,100,100,32,A_fixed_time_mean,,,missing_target_record,,,,,False
1,100,100,32,B_fixed_time_mean,,,missing_target_record,,,,,False
1,100,100,32,A_full_mean,,,missing_target_record,,,,,False
1,100,100,32,B_full_mean,,,missing_target_record,,,,,False
1,100,100,32,A_G1_fixed_time,,,missing_target_record,,,,,False
1,100,100,32,A_G2_fixed_time,,,missing_target_record,,,,,False
1,100,100,32,A_G2_minus_G1_fixed_time,,,missing_target_record,,,,,False
1,100,100,32,A_G1_time_average,,,missing_target_record,,,,,False
1,100,100,32,A_G2_time_average,,,missing_target_record,,,,,False
1,100,100,32,A_G2_minus_G1_time_average,,,missing_target_record,,,,,False
1,100,100,32,B_G1_fixed_time,,,missing_target_record,,,,,False
1,100,100,32,B_G2_fixed_time,,,missing_target_record,,,,,False
1,100,100,32,B_G2_minus_G1_fixed_time,,,missing_target_record,,,,,False
1,100,100,32,B_G1_time_average,,,missing_target_record,,,,,False
1,100,100,32,B_G2_time_average,,,missing_target_record,,,,,False
1,100,100,32,B_G2_minus_G1_time_average,,,missing_target_record,,,,,False
1,100,100,33,A_entry,,,missing_target_record,,,,,False
1,100,100,33,B_entry,,,missing_target_record,,,,,False
1,100,100,33,A_fixed_time_mean,,,missing_target_record,,,,,False
1,100,100,33,B_fixed_time_mean,,,missing_target_record,,,,,False
1,100,100,33,A_full_mean,,,missing_target_record,,,,,False
1,100,100,33,B_full_mean,,,missing_target_record,,,,,False
1,100,100,33,A_G1_fixed_time,,,missing_target_record,,,,,False
1,100,100,33,A_G2_fixed_time,,,missing_target_record,,,,,False
1,100,100,33,A_G2_minus_G1_fixed_time,,,missing_target_record,,,,,False
1,100,100,33,A_G1_time_average,,,missing_target_record,,,,,False
1,100,100,33,A_G2_time_average,,,missing_target_record,,,,,False
1,100,100,33,A_G2_minus_G1_time_average,,,missing_target_record,,,,,False
1,100,100,33,B_G1_fixed_time,,,missing_target_record,,,,,False
1,100,100,33,B_G2_fixed_time,,,missing_target_record,,,,,False
1,100,100,33,B_G2_minus_G1_fixed_time,,,missing_target_record,,,,,False
1,100,100,33,B_G1_time_average,,,missing_target_record,,,,,False
1,100,100,33,B_G2_time_average,,,missing_target_record,,,,,False
1,100,100,33,B_G2_minus_G1_time_average,,,missing_target_record,,,,,False
1,100,100,34,A_entry,,,missing_target_record,,,,,False
1,100,100,34,B_entry,,,missing_target_record,,,,,False
1,100,100,34,A_fixed_time_mean,,,missing_target_record,,,,,False
1,100,100,34,B_fixed_time_mean,,,missing_target_record,,,,,False
1,100,100,34,A_full_mean,,,missing_target_record,,,,,False
1,100,100,34,B_full_mean,,,missing_target_record,,,,,False
1,100,100,34,A_G1_fixed_time,,,missing_target_record,,,,,False
1,100,100,34,A_G2_fixed_time,,,missing_target_record,,,,,False
1,100,100,34,A_G2_minus_G1_fixed_time,,,missing_target_record,,,,,False
1,100,100,34,A_G1_time_average,,,missing_target_record,,,,,False
1,100,100,34,A_G2_time_average,,,missing_target_record,,,,,False
1,100,100,34,A_G2_minus_G1_time_average,,,missing_target_record,,,,,False
1,100,100,34,B_G1_fixed_time,,,missing_target_record,,,,,False
1,100,100,34,B_G2_fixed_time,,,missing_target_record,,,,,False
1,100,100,34,B_G2_minus_G1_fixed_time,,,missing_target_record,,,,,False
1,100,100,34,B_G1_time_average,,,missing_target_record,,,,,False
1,100,100,34,B_G2_time_average,,,missing_target_record,,,,,False
1,100,100,34,B_G2_minus_G1_time_average,,,missing_target_record,,,,,False
1,100,100,35,A_entry,,,missing_target_record,,,,,False
1,100,100,35,B_entry,,,missing_target_record,,,,,False
1,100,100,35,A_fixed_time_mean,,,missing_target_record,,,,,False
1,100,100,35,B_fixed_time_mean,,,missing_target_record,,,,,False
1,100,100,35,A_full_mean,,,missing_target_record,,,,,False
1,100,100,35,B_full_mean,,,missing_target_record,,,,,False
1,100,100,35,A_G1_fixed_time,,,missing_target_record,,,,,False
1,100,100,35,A_G2_fixed_time,,,missing_target_record,,,,,False
1,100,100,35,A_G2_minus_G1_fixed_time,,,missing_target_record,,,,,False
1,100,100,35,A_G1_time_average,,,missing_target_record,,,,,False
1,100,100,35,A_G2_time_average,,,missing_target_record,,,,,False
1,100,100,35,A_G2_minus_G1_time_average,,,missing_target_record,,,,,False
1,100,100,35,B_G1_fixed_time,,,missing_target_record,,,,,False
1,100,100,35,B_G2_fixed_time,,,missing_target_record,,,,,False
1,100,100,35,B_G2_minus_G1_fixed_time,,,missing_target_record,,,,,False
1,100,100,35,B_G1_time_average,,,missing_target_record,,,,,False
1,100,100,35,B_G2_time_average,,,missing_target_record,,,,,False
1,100,100,35,B_G2_minus_G1_time_average,,,missing_target_record,,,,,False
1,100,100,36,A_entry,,,missing_target_record,,,,,False
1,100,100,36,B_entry,,,missing_target_record,,,,,False
1,100,100,36,A_fixed_time_mean,,,missing_target_record,,,,,False
1,100,100,36,B_fixed_time_mean,,,missing_target_record,,,,,False
1,100,100,36,A_full_mean,,,missing_target_record,,,,,False
1,100,100,36,B_full_mean,,,missing_target_record,,,,,False
1,100,100,36,A_G1_fixed_time,,,missing_target_record,,,,,False
1,100,100,36,A_G2_fixed_time,,,missing_target_record,,,,,False
1,100,100,36,A_G2_minus_G1_fixed_time,,,missing_target_record,,,,,False
1,100,100,36,A_G1_time_average,,,missing_target_record,,,,,False
1,100,100,36,A_G2_time_average,,,missing_target_record,,,,,False
1,100,100,36,A_G2_minus_G1_time_average,,,missing_target_record,,,,,False
1,100,100,36,B_G1_fixed_time,,,missing_target_record,,,,,False
1,100,100,36,B_G2_fixed_time,,,missing_target_record,,,,,False
1,100,100,36,B_G2_minus_G1_fixed_time,,,missing_target_record,,,,,False
1,100,100,36,B_G1_time_average,,,missing_target_record,,,,,False
1,100,100,36,B_G2_time_average,,,missing_target_record,,,,,False
1,100,100,36,B_G2_minus_G1_time_average,,,missing_target_record,,,,,False
1,100,100,37,A_entry,,,missing_target_record,,,,,False
1,100,100,37,B_entry,,,missing_target_record,,,,,False
1,100,100,37,A_fixed_time_mean,,,missing_target_record,,,,,False
1,100,100,37,B_fixed_time_mean,,,missing_target_record,,,,,False
1,100,100,37,A_full_mean,,,missing_target_record,,,,,False
1,100,100,37,B_full_mean,,,missing_target_record,,,,,False
1,100,100,37,A_G1_fixed_time,,,missing_target_record,,,,,False
1,100,100,37,A_G2_fixed_time,,,missing_target_record,,,,,False
1,100,100,37,A_G2_minus_G1_fixed_time,,,missing_target_record,,,,,False
1,100,100,37,A_G1_time_average,,,missing_target_record,,,,,False
1,100,100,37,A_G2_time_average,,,missing_target_record,,,,,False
1,100,100,37,A_G2_minus_G1_time_average,,,missing_target_record,,,,,False
1,100,100,37,B_G1_fixed_time,,,missing_target_record,,,,,False
1,100,100,37,B_G2_fixed_time,,,missing_target_record,,,,,False
1,100,100,37,B_G2_minus_G1_fixed_time,,,missing_target_record,,,,,False
1,100,100,37,B_G1_time_average,,,missing_target_record,,,,,False
1,100,100,37,B_G2_time_average,,,missing_target_record,,,,,False
1,100,100,37,B_G2_minus_G1_time_average,,,missing_target_record,,,,,False
1,100,100,38,A_entry,,,missing_target_record,,,,,False
1,100,100,38,B_entry,,,missing_target_record,,,,,False
1,100,100,38,A_fixed_time_mean,,,missing_target_record,,,,,False
1,100,100,38,B_fixed_time_mean,,,missing_target_record,,,,,False
1,100,100,38,A_full_mean,,,missing_target_record,,,,,False
1,100,100,38,B_full_mean,,,missing_target_record,,,,,False
1,100,100,38,A_G1_fixed_time,,,missing_target_record,,,,,False
1,100,100,38,A_G2_fixed_time,,,missing_target_record,,,,,False
1,100,100,38,A_G2_minus_G1_fixed_time,,,missing_target_record,,,,,False
1,100,100,38,A_G1_time_average,,,missing_target_record,,,,,False
1,100,100,38,A_G2_time_average,,,missing_target_record,,,,,False
1,100,100,38,A_G2_minus_G1_time_average,,,missing_target_record,,,,,False
1,100,100,38,B_G1_fixed_time,,,missing_target_record,,,,,False
1,100,100,38,B_G2_fixed_time,,,missing_target_record,,,,,False
1,100,100,38,B_G2_minus_G1_fixed_time,,,missing_target_record,,,,,False
1,100,100,38,B_G1_time_average,,,missing_target_record,,,,,False
1,100,100,38,B_G2_time_average,,,missing_target_record,,,,,False
1,100,100,38,B_G2_minus_G1_time_average,,,missing_target_record,,,,,False
1,100,100,39,A_entry,,,missing_target_record,,,,,False
1,100,100,39,B_entry,,,missing_target_record,,,,,False
1,100,100,39,A_fixed_time_mean,,,missing_target_record,,,,,False
1,100,100,39,B_fixed_time_mean,,,missing_target_record,,,,,False
1,100,100,39,A_full_mean,,,missing_target_record,,,,,False
1,100,100,39,B_full_mean,,,missing_target_record,,,,,False
1,100,100,39,A_G1_fixed_time,,,missing_target_record,,,,,False
1,100,100,39,A_G2_fixed_time,,,missing_target_record,,,,,False
1,100,100,39,A_G2_minus_G1_fixed_time,,,missing_target_record,,,,,False
1,100,100,39,A_G1_time_average,,,missing_target_record,,,,,False
1,100,100,39,A_G2_time_average,,,missing_target_record,,,,,False
1,100,100,39,A_G2_minus_G1_time_average,,,missing_target_record,,,,,False
1,100,100,39,B_G1_fixed_time,,,missing_target_record,,,,,False
1,100,100,39,B_G2_fixed_time,,,missing_target_record,,,,,False
1,100,100,39,B_G2_minus_G1_fixed_time,,,missing_target_record,,,,,False
1,100,100,39,B_G1_time_average,,,missing_target_record,,,,,False
1,100,100,39,B_G2_time_average,,,missing_target_record,,,,,False
1,100,100,39,B_G2_minus_G1_time_average,,,missing_target_record,,,,,False
1,100,100,40,A_entry,,,missing_target_record,,,,,False
1,100,100,40,B_entry,,,missing_target_record,,,,,False
1,100,100,40,A_fixed_time_mean,,,missing_target_record,,,,,False
1,100,100,40,B_fixed_time_mean,,,missing_target_record,,,,,False
1,100,100,40,A_full_mean,,,missing_target_record,,,,,False
1,100,100,40,B_full_mean,,,missing_target_record,,,,,False
1,100,100,40,A_G1_fixed_time,,,missing_target_record,,,,,False
1,100,100,40,A_G2_fixed_time,,,missing_target_record,,,,,False
1,100,100,40,A_G2_minus_G1_fixed_time,,,missing_target_record,,,,,False
1,100,100,40,A_G1_time_average,,,missing_target_record,,,,,False
1,100,100,40,A_G2_time_average,,,missing_target_record,,,,,False
1,100,100,40,A_G2_minus_G1_time_average,,,missing_target_record,,,,,False
1,100,100,40,B_G1_fixed_time,,,missing_target_record,,,,,False
1,100,100,40,B_G2_fixed_time,,,missing_target_record,,,,,False
1,100,100,40,B_G2_minus_G1_fixed_time,,,missing_target_record,,,,,False
1,100,100,40,B_G1_time_average,,,missing_target_record,,,,,False
1,100,100,40,B_G2_time_average,,,missing_target_record,,,,,False
1,100,100,40,B_G2_minus_G1_time_average,,,missing_target_record,,,,,False
1,100,100,41,A_entry,,,missing_target_record,,,,,False
1,100,100,41,B_entry,,,missing_target_record,,,,,False
1,100,100,41,A_fixed_time_mean,,,missing_target_record,,,,,False
1,100,100,41,B_fixed_time_mean,,,missing_target_record,,,,,False
1,100,100,41,A_full_mean,,,missing_target_record,,,,,False
1,100,100,41,B_full_mean,,,missing_target_record,,,,,False
1,100,100,41,A_G1_fixed_time,,,missing_target_record,,,,,False
1,100,100,41,A_G2_fixed_time,,,missing_target_record,,,,,False
1,100,100,41,A_G2_minus_G1_fixed_time,,,missing_target_record,,,,,False
1,100,100,41,A_G1_time_average,,,missing_target_record,,,,,False
1,100,100,41,A_G2_time_average,,,missing_target_record,,,,,False
1,100,100,41,A_G2_minus_G1_time_average,,,missing_target_record,,,,,False
1,100,100,41,B_G1_fixed_time,,,missing_target_record,,,,,False
1,100,100,41,B_G2_fixed_time,,,missing_target_record,,,,,False
1,100,100,41,B_G2_minus_G1_fixed_time,,,missing_target_record,,,,,False
1,100,100,41,B_G1_time_average,,,missing_target_record,,,,,False
1,100,100,41,B_G2_time_average,,,missing_target_record,,,,,False
1,100,100,41,B_G2_minus_G1_time_average,,,missing_target_record,,,,,False
1,100,100,42,A_entry,,,missing_target_record,,,,,False
1,100,100,42,B_entry,,,missing_target_record,,,,,False
1,100,100,42,A_fixed_time_mean,,,missing_target_record,,,,,False
1,100,100,42,B_fixed_time_mean,,,missing_target_record,,,,,False
1,100,100,42,A_full_mean,,,missing_target_record,,,,,False
1,100,100,42,B_full_mean,,,missing_target_record,,,,,False
1,100,100,42,A_G1_fixed_time,,,missing_target_record,,,,,False
1,100,100,42,A_G2_fixed_time,,,missing_target_record,,,,,False
1,100,100,42,A_G2_minus_G1_fixed_time,,,missing_target_record,,,,,False
1,100,100,42,A_G1_time_average,,,missing_target_record,,,,,False
1,100,100,42,A_G2_time_average,,,missing_target_record,,,,,False
1,100,100,42,A_G2_minus_G1_time_average,,,missing_target_record,,,,,False
1,100,100,42,B_G1_fixed_time,,,missing_target_record,,,,,False
1,100,100,42,B_G2_fixed_time,,,missing_target_record,,,,,False
1,100,100,42,B_G2_minus_G1_fixed_time,,,missing_target_record,,,,,False
1,100,100,42,B_G1_time_average,,,missing_target_record,,,,,False
1,100,100,42,B_G2_time_average,,,missing_target_record,,,,,False
1,100,100,42,B_G2_minus_G1_time_average,,,missing_target_record,,,,,False
1,100,100,43,A_entry,,,missing_target_record,,,,,False
1,100,100,43,B_entry,,,missing_target_record,,,,,False
1,100,100,43,A_fixed_time_mean,,,missing_target_record,,,,,False
1,100,100,43,B_fixed_time_mean,,,missing_target_record,,,,,False
1,100,100,43,A_full_mean,,,missing_target_record,,,,,False
1,100,100,43,B_full_mean,,,missing_target_record,,,,,False
1,100,100,43,A_G1_fixed_time,,,missing_target_record,,,,,False
1,100,100,43,A_G2_fixed_time,,,missing_target_record,,,,,False
1,100,100,43,A_G2_minus_G1_fixed_time,,,missing_target_record,,,,,False
1,100,100,43,A_G1_time_average,,,missing_target_record,,,,,False
1,100,100,43,A_G2_time_average,,,missing_target_record,,,,,False
1,100,100,43,A_G2_minus_G1_time_average,,,missing_target_record,,,,,False
1,100,100,43,B_G1_fixed_time,,,missing_target_record,,,,,False
1,100,100,43,B_G2_fixed_time,,,missing_target_record,,,,,False
1,100,100,43,B_G2_minus_G1_fixed_time,,,missing_target_record,,,,,False
1,100,100,43,B_G1_time_average,,,missing_target_record,,,,,False
1,100,100,43,B_G2_time_average,,,missing_target_record,,,,,False
1,100,100,43,B_G2_minus_G1_time_average,,,missing_target_record,,,,,False
1,100,100,44,A_entry,,,missing_target_record,,,,,False
1,100,100,44,B_entry,,,missing_target_record,,,,,False
1,100,100,44,A_fixed_time_mean,,,missing_target_record,,,,,False
1,100,100,44,B_fixed_time_mean,,,missing_target_record,,,,,False
1,100,100,44,A_full_mean,,,missing_target_record,,,,,False
1,100,100,44,B_full_mean,,,missing_target_record,,,,,False
1,100,100,44,A_G1_fixed_time,,,missing_target_record,,,,,False
1,100,100,44,A_G2_fixed_time,,,missing_target_record,,,,,False
1,100,100,44,A_G2_minus_G1_fixed_time,,,missing_target_record,,,,,False
1,100,100,44,A_G1_time_average,,,missing_target_record,,,,,False
1,100,100,44,A_G2_time_average,,,missing_target_record,,,,,False
1,100,100,44,A_G2_minus_G1_time_average,,,missing_target_record,,,,,False
1,100,100,44,B_G1_fixed_time,,,missing_target_record,,,,,False
1,100,100,44,B_G2_fixed_time,,,missing_target_record,,,,,False
1,100,100,44,B_G2_minus_G1_fixed_time,,,missing_target_record,,,,,False
1,100,100,44,B_G1_time_average,,,missing_target_record,,,,,False
1,100,100,44,B_G2_time_average,,,missing_target_record,,,,,False
1,100,100,44,B_G2_minus_G1_time_average,,,missing_target_record,,,,,False
1,100,100,45,A_entry,,,missing_target_record,,,,,False
1,100,100,45,B_entry,,,missing_target_record,,,,,False
1,100,100,45,A_fixed_time_mean,,,missing_target_record,,,,,False
1,100,100,45,B_fixed_time_mean,,,missing_target_record,,,,,False
1,100,100,45,A_full_mean,,,missing_target_record,,,,,False
1,100,100,45,B_full_mean,,,missing_target_record,,,,,False
1,100,100,45,A_G1_fixed_time,,,missing_target_record,,,,,False
1,100,100,45,A_G2_fixed_time,,,missing_target_record,,,,,False
1,100,100,45,A_G2_minus_G1_fixed_time,,,missing_target_record,,,,,False
1,100,100,45,A_G1_time_average,,,missing_target_record,,,,,False
1,100,100,45,A_G2_time_average,,,missing_target_record,,,,,False
1,100,100,45,A_G2_minus_G1_time_average,,,missing_target_record,,,,,False
1,100,100,45,B_G1_fixed_time,,,missing_target_record,,,,,False
1,100,100,45,B_G2_fixed_time,,,missing_target_record,,,,,False
1,100,100,45,B_G2_minus_G1_fixed_time,,,missing_target_record,,,,,False
1,100,100,45,B_G1_time_average,,,missing_target_record,,,,,False
1,100,100,45,B_G2_time_average,,,missing_target_record,,,,,False
1,100,100,45,B_G2_minus_G1_time_average,,,missing_target_record,,,,,False
1,100,100,46,A_entry,,,missing_target_record,,,,,False
1,100,100,46,B_entry,,,missing_target_record,,,,,False
1,100,100,46,A_fixed_time_mean,,,missing_target_record,,,,,False
1,100,100,46,B_fixed_time_mean,,,missing_target_record,,,,,False
1,100,100,46,A_full_mean,,,missing_target_record,,,,,False
1,100,100,46,B_full_mean,,,missing_target_record,,,,,False
1,100,100,46,A_G1_fixed_time,,,missing_target_record,,,,,False
1,100,100,46,A_G2_fixed_time,,,missing_target_record,,,,,False
1,100,100,46,A_G2_minus_G1_fixed_time,,,missing_target_record,,,,,False
1,100,100,46,A_G1_time_average,,,missing_target_record,,,,,False
1,100,100,46,A_G2_time_average,,,missing_target_record,,,,,False
1,100,100,46,A_G2_minus_G1_time_average,,,missing_target_record,,,,,False
1,100,100,46,B_G1_fixed_time,,,missing_target_record,,,,,False
1,100,100,46,B_G2_fixed_time,,,missing_target_record,,,,,False
1,100,100,46,B_G2_minus_G1_fixed_time,,,missing_target_record,,,,,False
1,100,100,46,B_G1_time_average,,,missing_target_record,,,,,False
1,100,100,46,B_G2_time_average,,,missing_target_record,,,,,False
1,100,100,46,B_G2_minus_G1_time_average,,,missing_target_record,,,,,False
1,100,100,47,A_entry,,,missing_target_record,,,,,False
1,100,100,47,B_entry,,,missing_target_record,,,,,False
1,100,100,47,A_fixed_time_mean,,,missing_target_record,,,,,False
1,100,100,47,B_fixed_time_mean,,,missing_target_record,,,,,False
1,100,100,47,A_full_mean,,,missing_target_record,,,,,False
1,100,100,47,B_full_mean,,,missing_target_record,,,,,False
1,100,100,47,A_G1_fixed_time,,,missing_target_record,,,,,False
1,100,100,47,A_G2_fixed_time,,,missing_target_record,,,,,False
1,100,100,47,A_G2_minus_G1_fixed_time,,,missing_target_record,,,,,False
1,100,100,47,A_G1_time_average,,,missing_target_record,,,,,False
1,100,100,47,A_G2_time_average,,,missing_target_record,,,,,False
1,100,100,47,A_G2_minus_G1_time_average,,,missing_target_record,,,,,False
1,100,100,47,B_G1_fixed_time,,,missing_target_record,,,,,False
1,100,100,47,B_G2_fixed_time,,,missing_target_record,,,,,False
1,100,100,47,B_G2_minus_G1_fixed_time,,,missing_target_record,,,,,False
1,100,100,47,B_G1_time_average,,,missing_target_record,,,,,False
1,100,100,47,B_G2_time_average,,,missing_target_record,,,,,False
1,100,100,47,B_G2_minus_G1_time_average,,,missing_target_record,,,,,False
1,100,100,48,A_entry,,,missing_target_record,,,,,False
1,100,100,48,B_entry,,,missing_target_record,,,,,False
1,100,100,48,A_fixed_time_mean,,,missing_target_record,,,,,False
1,100,100,48,B_fixed_time_mean,,,missing_target_record,,,,,False
1,100,100,48,A_full_mean,,,missing_target_record,,,,,False
1,100,100,48,B_full_mean,,,missing_target_record,,,,,False
1,100,100,48,A_G1_fixed_time,,,missing_target_record,,,,,False
1,100,100,48,A_G2_fixed_time,,,missing_target_record,,,,,False
1,100,100,48,A_G2_minus_G1_fixed_time,,,missing_target_record,,,,,False
1,100,100,48,A_G1_time_average,,,missing_target_record,,,,,False
1,100,100,48,A_G2_time_average,,,missing_target_record,,,,,False
1,100,100,48,A_G2_minus_G1_time_average,,,missing_target_record,,,,,False
1,100,100,48,B_G1_fixed_time,,,missing_target_record,,,,,False
1,100,100,48,B_G2_fixed_time,,,missing_target_record,,,,,False
1,100,100,48,B_G2_minus_G1_fixed_time,,,missing_target_record,,,,,False
1,100,100,48,B_G1_time_average,,,missing_target_record,,,,,False
1,100,100,48,B_G2_time_average,,,missing_target_record,,,,,False
1,100,100,48,B_G2_minus_G1_time_average,,,missing_target_record,,,,,False
1,100,100,49,A_entry,,,missing_target_record,,,,,False
1,100,100,49,B_entry,,,missing_target_record,,,,,False
1,100,100,49,A_fixed_time_mean,,,missing_target_record,,,,,False
1,100,100,49,B_fixed_time_mean,,,missing_target_record,,,,,False
1,100,100,49,A_full_mean,,,missing_target_record,,,,,False
1,100,100,49,B_full_mean,,,missing_target_record,,,,,False
1,100,100,49,A_G1_fixed_time,,,missing_target_record,,,,,False
1,100,100,49,A_G2_fixed_time,,,missing_target_record,,,,,False
1,100,100,49,A_G2_minus_G1_fixed_time,,,missing_target_record,,,,,False
1,100,100,49,A_G1_time_average,,,missing_target_record,,,,,False
1,100,100,49,A_G2_time_average,,,missing_target_record,,,,,False
1,100,100,49,A_G2_minus_G1_time_average,,,missing_target_record,,,,,False
1,100,100,49,B_G1_fixed_time,,,missing_target_record,,,,,False
1,100,100,49,B_G2_fixed_time,,,missing_target_record,,,,,False
1,100,100,49,B_G2_minus_G1_fixed_time,,,missing_target_record,,,,,False
1,100,100,49,B_G1_time_average,,,missing_target_record,,,,,False
1,100,100,49,B_G2_time_average,,,missing_target_record,,,,,False
1,100,100,49,B_G2_minus_G1_time_average,,,missing_target_record,,,,,False
1,100,100,50,A_entry,,,missing_target_record,,,,,False
1,100,100,50,B_entry,,,missing_target_record,,,,,False
1,100,100,50,A_fixed_time_mean,,,missing_target_record,,,,,False
1,100,100,50,B_fixed_time_mean,,,missing_target_record,,,,,False
1,100,100,50,A_full_mean,,,missing_target_record,,,,,False
1,100,100,50,B_full_mean,,,missing_target_record,,,,,False
1,100,100,50,A_G1_fixed_time,,,missing_target_record,,,,,False
1,100,100,50,A_G2_fixed_time,,,missing_target_record,,,,,False
1,100,100,50,A_G2_minus_G1_fixed_time,,,missing_target_record,,,,,False
1,100,100,50,A_G1_time_average,,,missing_target_record,,,,,False
1,100,100,50,A_G2_time_average,,,missing_target_record,,,,,False
1,100,100,50,A_G2_minus_G1_time_average,,,missing_target_record,,,,,False
1,100,100,50,B_G1_fixed_time,,,missing_target_record,,,,,False
1,100,100,50,B_G2_fixed_time,,,missing_target_record,,,,,False
1,100,100,50,B_G2_minus_G1_fixed_time,,,missing_target_record,,,,,False
1,100,100,50,B_G1_time_average,,,missing_target_record,,,,,False
1,100,100,50,B_G2_time_average,,,missing_target_record,,,,,False
1,100,100,50,B_G2_minus_G1_time_average,,,missing_target_record,,,,,False
1,100,100,51,A_entry,,,missing_target_record,,,,,False
1,100,100,51,B_entry,,,missing_target_record,,,,,False
1,100,100,51,A_fixed_time_mean,,,missing_target_record,,,,,False
1,100,100,51,B_fixed_time_mean,,,missing_target_record,,,,,False
1,100,100,51,A_full_mean,,,missing_target_record,,,,,False
1,100,100,51,B_full_mean,,,missing_target_record,,,,,False
1,100,100,51,A_G1_fixed_time,,,missing_target_record,,,,,False
1,100,100,51,A_G2_fixed_time,,,missing_target_record,,,,,False
1,100,100,51,A_G2_minus_G1_fixed_time,,,missing_target_record,,,,,False
1,100,100,51,A_G1_time_average,,,missing_target_record,,,,,False
1,100,100,51,A_G2_time_average,,,missing_target_record,,,,,False
1,100,100,51,A_G2_minus_G1_time_average,,,missing_target_record,,,,,False
1,100,100,51,B_G1_fixed_time,,,missing_target_record,,,,,False
1,100,100,51,B_G2_fixed_time,,,missing_target_record,,,,,False
1,100,100,51,B_G2_minus_G1_fixed_time,,,missing_target_record,,,,,False
1,100,100,51,B_G1_time_average,,,missing_target_record,,,,,False
1,100,100,51,B_G2_time_average,,,missing_target_record,,,,,False
1,100,100,51,B_G2_minus_G1_time_average,,,missing_target_record,,,,,False
1,100,100,52,A_entry,,,missing_target_record,,,,,False
1,100,100,52,B_entry,,,missing_target_record,,,,,False
1,100,100,52,A_fixed_time_mean,,,missing_target_record,,,,,False
1,100,100,52,B_fixed_time_mean,,,missing_target_record,,,,,False
1,100,100,52,A_full_mean,,,missing_target_record,,,,,False
1,100,100,52,B_full_mean,,,missing_target_record,,,,,False
1,100,100,52,A_G1_fixed_time,,,missing_target_record,,,,,False
1,100,100,52,A_G2_fixed_time,,,missing_target_record,,,,,False
1,100,100,52,A_G2_minus_G1_fixed_time,,,missing_target_record,,,,,False
1,100,100,52,A_G1_time_average,,,missing_target_record,,,,,False
1,100,100,52,A_G2_time_average,,,missing_target_record,,,,,False
1,100,100,52,A_G2_minus_G1_time_average,,,missing_target_record,,,,,False
1,100,100,52,B_G1_fixed_time,,,missing_target_record,,,,,False
1,100,100,52,B_G2_fixed_time,,,missing_target_record,,,,,False
1,100,100,52,B_G2_minus_G1_fixed_time,,,missing_target_record,,,,,False
1,100,100,52,B_G1_time_average,,,missing_target_record,,,,,False
1,100,100,52,B_G2_time_average,,,missing_target_record,,,,,False
1,100,100,52,B_G2_minus_G1_time_average,,,missing_target_record,,,,,False
1,100,100,53,A_entry,,,missing_target_record,,,,,False
1,100,100,53,B_entry,,,missing_target_record,,,,,False
1,100,100,53,A_fixed_time_mean,,,missing_target_record,,,,,False
1,100,100,53,B_fixed_time_mean,,,missing_target_record,,,,,False
1,100,100,53,A_full_mean,,,missing_target_record,,,,,False
1,100,100,53,B_full_mean,,,missing_target_record,,,,,False
1,100,100,53,A_G1_fixed_time,,,missing_target_record,,,,,False
1,100,100,53,A_G2_fixed_time,,,missing_target_record,,,,,False
1,100,100,53,A_G2_minus_G1_fixed_time,,,missing_target_record,,,,,False
1,100,100,53,A_G1_time_average,,,missing_target_record,,,,,False
1,100,100,53,A_G2_time_average,,,missing_target_record,,,,,False
1,100,100,53,A_G2_minus_G1_time_average,,,missing_target_record,,,,,False
1,100,100,53,B_G1_fixed_time,,,missing_target_record,,,,,False
1,100,100,53,B_G2_fixed_time,,,missing_target_record,,,,,False
1,100,100,53,B_G2_minus_G1_fixed_time,,,missing_target_record,,,,,False
1,100,100,53,B_G1_time_average,,,missing_target_record,,,,,False
1,100,100,53,B_G2_time_average,,,missing_target_record,,,,,False
1,100,100,53,B_G2_minus_G1_time_average,,,missing_target_record,,,,,False
1,100,100,54,A_entry,,,missing_target_record,,,,,False
1,100,100,54,B_entry,,,missing_target_record,,,,,False
1,100,100,54,A_fixed_time_mean,,,missing_target_record,,,,,False
1,100,100,54,B_fixed_time_mean,,,missing_target_record,,,,,False
1,100,100,54,A_full_mean,,,missing_target_record,,,,,False
1,100,100,54,B_full_mean,,,missing_target_record,,,,,False
1,100,100,54,A_G1_fixed_time,,,missing_target_record,,,,,False
1,100,100,54,A_G2_fixed_time,,,missing_target_record,,,,,False
1,100,100,54,A_G2_minus_G1_fixed_time,,,missing_target_record,,,,,False
1,100,100,54,A_G1_time_average,,,missing_target_record,,,,,False
1,100,100,54,A_G2_time_average,,,missing_target_record,,,,,False
1,100,100,54,A_G2_minus_G1_time_average,,,missing_target_record,,,,,False
1,100,100,54,B_G1_fixed_time,,,missing_target_record,,,,,False
1,100,100,54,B_G2_fixed_time,,,missing_target_record,,,,,False
1,100,100,54,B_G2_minus_G1_fixed_time,,,missing_target_record,,,,,False
1,100,100,54,B_G1_time_average,,,missing_target_record,,,,,False
1,100,100,54,B_G2_time_average,,,missing_target_record,,,,,False
1,100,100,54,B_G2_minus_G1_time_average,,,missing_target_record,,,,,False
1,100,100,55,A_entry,,,missing_target_record,,,,,False
1,100,100,55,B_entry,,,missing_target_record,,,,,False
1,100,100,55,A_fixed_time_mean,,,missing_target_record,,,,,False
1,100,100,55,B_fixed_time_mean,,,missing_target_record,,,,,False
1,100,100,55,A_full_mean,,,missing_target_record,,,,,False
1,100,100,55,B_full_mean,,,missing_target_record,,,,,False
1,100,100,55,A_G1_fixed_time,,,missing_target_record,,,,,False
1,100,100,55,A_G2_fixed_time,,,missing_target_record,,,,,False
1,100,100,55,A_G2_minus_G1_fixed_time,,,missing_target_record,,,,,False
1,100,100,55,A_G1_time_average,,,missing_target_record,,,,,False
1,100,100,55,A_G2_time_average,,,missing_target_record,,,,,False
1,100,100,55,A_G2_minus_G1_time_average,,,missing_target_record,,,,,False
1,100,100,55,B_G1_fixed_time,,,missing_target_record,,,,,False
1,100,100,55,B_G2_fixed_time,,,missing_target_record,,,,,False
1,100,100,55,B_G2_minus_G1_fixed_time,,,missing_target_record,,,,,False
1,100,100,55,B_G1_time_average,,,missing_target_record,,,,,False
1,100,100,55,B_G2_time_average,,,missing_target_record,,,,,False
1,100,100,55,B_G2_minus_G1_time_average,,,missing_target_record,,,,,False
1,100,100,56,A_entry,,,missing_target_record,,,,,False
1,100,100,56,B_entry,,,missing_target_record,,,,,False
1,100,100,56,A_fixed_time_mean,,,missing_target_record,,,,,False
1,100,100,56,B_fixed_time_mean,,,missing_target_record,,,,,False
1,100,100,56,A_full_mean,,,missing_target_record,,,,,False
1,100,100,56,B_full_mean,,,missing_target_record,,,,,False
1,100,100,56,A_G1_fixed_time,,,missing_target_record,,,,,False
1,100,100,56,A_G2_fixed_time,,,missing_target_record,,,,,False
1,100,100,56,A_G2_minus_G1_fixed_time,,,missing_target_record,,,,,False
1,100,100,56,A_G1_time_average,,,missing_target_record,,,,,False
1,100,100,56,A_G2_time_average,,,missing_target_record,,,,,False
1,100,100,56,A_G2_minus_G1_time_average,,,missing_target_record,,,,,False
1,100,100,56,B_G1_fixed_time,,,missing_target_record,,,,,False
1,100,100,56,B_G2_fixed_time,,,missing_target_record,,,,,False
1,100,100,56,B_G2_minus_G1_fixed_time,,,missing_target_record,,,,,False
1,100,100,56,B_G1_time_average,,,missing_target_record,,,,,False
1,100,100,56,B_G2_time_average,,,missing_target_record,,,,,False
1,100,100,56,B_G2_minus_G1_time_average,,,missing_target_record,,,,,False
1,100,100,57,A_entry,,,missing_target_record,,,,,False
1,100,100,57,B_entry,,,missing_target_record,,,,,False
1,100,100,57,A_fixed_time_mean,,,missing_target_record,,,,,False
1,100,100,57,B_fixed_time_mean,,,missing_target_record,,,,,False
1,100,100,57,A_full_mean,,,missing_target_record,,,,,False
1,100,100,57,B_full_mean,,,missing_target_record,,,,,False
1,100,100,57,A_G1_fixed_time,,,missing_target_record,,,,,False
1,100,100,57,A_G2_fixed_time,,,missing_target_record,,,,,False
1,100,100,57,A_G2_minus_G1_fixed_time,,,missing_target_record,,,,,False
1,100,100,57,A_G1_time_average,,,missing_target_record,,,,,False
1,100,100,57,A_G2_time_average,,,missing_target_record,,,,,False
1,100,100,57,A_G2_minus_G1_time_average,,,missing_target_record,,,,,False
1,100,100,57,B_G1_fixed_time,,,missing_target_record,,,,,False
1,100,100,57,B_G2_fixed_time,,,missing_target_record,,,,,False
1,100,100,57,B_G2_minus_G1_fixed_time,,,missing_target_record,,,,,False
1,100,100,57,B_G1_time_average,,,missing_target_record,,,,,False
1,100,100,57,B_G2_time_average,,,missing_target_record,,,,,False
1,100,100,57,B_G2_minus_G1_time_average,,,missing_target_record,,,,,False
1,100,100,58,A_entry,,,missing_target_record,,,,,False
1,100,100,58,B_entry,,,missing_target_record,,,,,False
1,100,100,58,A_fixed_time_mean,,,missing_target_record,,,,,False
1,100,100,58,B_fixed_time_mean,,,missing_target_record,,,,,False
1,100,100,58,A_full_mean,,,missing_target_record,,,,,False
1,100,100,58,B_full_mean,,,missing_target_record,,,,,False
1,100,100,58,A_G1_fixed_time,,,missing_target_record,,,,,False
1,100,100,58,A_G2_fixed_time,,,missing_target_record,,,,,False
1,100,100,58,A_G2_minus_G1_fixed_time,,,missing_target_record,,,,,False
1,100,100,58,A_G1_time_average,,,missing_target_record,,,,,False
1,100,100,58,A_G2_time_average,,,missing_target_record,,,,,False
1,100,100,58,A_G2_minus_G1_time_average,,,missing_target_record,,,,,False
1,100,100,58,B_G1_fixed_time,,,missing_target_record,,,,,False
1,100,100,58,B_G2_fixed_time,,,missing_target_record,,,,,False
1,100,100,58,B_G2_minus_G1_fixed_time,,,missing_target_record,,,,,False
1,100,100,58,B_G1_time_average,,,missing_target_record,,,,,False
1,100,100,58,B_G2_time_average,,,missing_target_record,,,,,False
1,100,100,58,B_G2_minus_G1_time_average,,,missing_target_record,,,,,False
1,100,100,59,A_entry,,,missing_target_record,,,,,False
1,100,100,59,B_entry,,,missing_target_record,,,,,False
1,100,100,59,A_fixed_time_mean,,,missing_target_record,,,,,False
1,100,100,59,B_fixed_time_mean,,,missing_target_record,,,,,False
1,100,100,59,A_full_mean,,,missing_target_record,,,,,False
1,100,100,59,B_full_mean,,,missing_target_record,,,,,False
1,100,100,59,A_G1_fixed_time,,,missing_target_record,,,,,False
1,100,100,59,A_G2_fixed_time,,,missing_target_record,,,,,False
1,100,100,59,A_G2_minus_G1_fixed_time,,,missing_target_record,,,,,False
1,100,100,59,A_G1_time_average,,,missing_target_record,,,,,False
1,100,100,59,A_G2_time_average,,,missing_target_record,,,,,False
1,100,100,59,A_G2_minus_G1_time_average,,,missing_target_record,,,,,False
1,100,100,59,B_G1_fixed_time,,,missing_target_record,,,,,False
1,100,100,59,B_G2_fixed_time,,,missing_target_record,,,,,False
1,100,100,59,B_G2_minus_G1_fixed_time,,,missing_target_record,,,,,False
1,100,100,59,B_G1_time_average,,,missing_target_record,,,,,False
1,100,100,59,B_G2_time_average,,,missing_target_record,,,,,False
1,100,100,59,B_G2_minus_G1_time_average,,,missing_target_record,,,,,False
1,100,100,60,A_entry,,,missing_target_record,,,,,False
1,100,100,60,B_entry,,,missing_target_record,,,,,False
1,100,100,60,A_fixed_time_mean,,,missing_target_record,,,,,False
1,100,100,60,B_fixed_time_mean,,,missing_target_record,,,,,False
1,100,100,60,A_full_mean,,,missing_target_record,,,,,False
1,100,100,60,B_full_mean,,,missing_target_record,,,,,False
1,100,100,60,A_G1_fixed_time,,,missing_target_record,,,,,False
1,100,100,60,A_G2_fixed_time,,,missing_target_record,,,,,False
1,100,100,60,A_G2_minus_G1_fixed_time,,,missing_target_record,,,,,False
1,100,100,60,A_G1_time_average,,,missing_target_record,,,,,False
1,100,100,60,A_G2_time_average,,,missing_target_record,,,,,False
1,100,100,60,A_G2_minus_G1_time_average,,,missing_target_record,,,,,False
1,100,100,60,B_G1_fixed_time,,,missing_target_record,,,,,False
1,100,100,60,B_G2_fixed_time,,,missing_target_record,,,,,False
1,100,100,60,B_G2_minus_G1_fixed_time,,,missing_target_record,,,,,False
1,100,100,60,B_G1_time_average,,,missing_target_record,,,,,False
1,100,100,60,B_G2_time_average,,,missing_target_record,,,,,False
1,100,100,60,B_G2_minus_G1_time_average,,,missing_target_record,,,,,False
1,100,100,61,A_entry,,,missing_target_record,,,,,False
1,100,100,61,B_entry,,,missing_target_record,,,,,False
1,100,100,61,A_fixed_time_mean,,,missing_target_record,,,,,False
1,100,100,61,B_fixed_time_mean,,,missing_target_record,,,,,False
1,100,100,61,A_full_mean,,,missing_target_record,,,,,False
1,100,100,61,B_full_mean,,,missing_target_record,,,,,False
1,100,100,61,A_G1_fixed_time,,,missing_target_record,,,,,False
1,100,100,61,A_G2_fixed_time,,,missing_target_record,,,,,False
1,100,100,61,A_G2_minus_G1_fixed_time,,,missing_target_record,,,,,False
1,100,100,61,A_G1_time_average,,,missing_target_record,,,,,False
1,100,100,61,A_G2_time_average,,,missing_target_record,,,,,False
1,100,100,61,A_G2_minus_G1_time_average,,,missing_target_record,,,,,False
1,100,100,61,B_G1_fixed_time,,,missing_target_record,,,,,False
1,100,100,61,B_G2_fixed_time,,,missing_target_record,,,,,False
1,100,100,61,B_G2_minus_G1_fixed_time,,,missing_target_record,,,,,False
1,100,100,61,B_G1_time_average,,,missing_target_record,,,,,False
1,100,100,61,B_G2_time_average,,,missing_target_record,,,,,False
1,100,100,61,B_G2_minus_G1_time_average,,,missing_target_record,,,,,False
1,100,100,62,A_entry,,,missing_target_record,,,,,False
1,100,100,62,B_entry,,,missing_target_record,,,,,False
1,100,100,62,A_fixed_time_mean,,,missing_target_record,,,,,False
1,100,100,62,B_fixed_time_mean,,,missing_target_record,,,,,False
1,100,100,62,A_full_mean,,,missing_target_record,,,,,False
1,100,100,62,B_full_mean,,,missing_target_record,,,,,False
1,100,100,62,A_G1_fixed_time,,,missing_target_record,,,,,False
1,100,100,62,A_G2_fixed_time,,,missing_target_record,,,,,False
1,100,100,62,A_G2_minus_G1_fixed_time,,,missing_target_record,,,,,False
1,100,100,62,A_G1_time_average,,,missing_target_record,,,,,False
1,100,100,62,A_G2_time_average,,,missing_target_record,,,,,False
1,100,100,62,A_G2_minus_G1_time_average,,,missing_target_record,,,,,False
1,100,100,62,B_G1_fixed_time,,,missing_target_record,,,,,False
1,100,100,62,B_G2_fixed_time,,,missing_target_record,,,,,False
1,100,100,62,B_G2_minus_G1_fixed_time,,,missing_target_record,,,,,False
1,100,100,62,B_G1_time_average,,,missing_target_record,,,,,False
1,100,100,62,B_G2_time_average,,,missing_target_record,,,,,False
1,100,100,62,B_G2_minus_G1_time_average,,,missing_target_record,,,,,False
1,100,100,63,A_entry,,,missing_target_record,,,,,False
1,100,100,63,B_entry,,,missing_target_record,,,,,False
1,100,100,63,A_fixed_time_mean,,,missing_target_record,,,,,False
1,100,100,63,B_fixed_time_mean,,,missing_target_record,,,,,False
1,100,100,63,A_full_mean,,,missing_target_record,,,,,False
1,100,100,63,B_full_mean,,,missing_target_record,,,,,False
1,100,100,63,A_G1_fixed_time,,,missing_target_record,,,,,False
1,100,100,63,A_G2_fixed_time,,,missing_target_record,,,,,False
1,100,100,63,A_G2_minus_G1_fixed_time,,,missing_target_record,,,,,False
1,100,100,63,A_G1_time_average,,,missing_target_record,,,,,False
1,100,100,63,A_G2_time_average,,,missing_target_record,,,,,False
1,100,100,63,A_G2_minus_G1_time_average,,,missing_target_record,,,,,False
1,100,100,63,B_G1_fixed_time,,,missing_target_record,,,,,False
1,100,100,63,B_G2_fixed_time,,,missing_target_record,,,,,False
1,100,100,63,B_G2_minus_G1_fixed_time,,,missing_target_record,,,,,False
1,100,100,63,B_G1_time_average,,,missing_target_record,,,,,False
1,100,100,63,B_G2_time_average,,,missing_target_record,,,,,False
1,100,100,63,B_G2_minus_G1_time_average,,,missing_target_record,,,,,False
1,100,100,64,A_entry,,,missing_target_record,,,,,False
1,100,100,64,B_entry,,,missing_target_record,,,,,False
1,100,100,64,A_fixed_time_mean,,,missing_target_record,,,,,False
1,100,100,64,B_fixed_time_mean,,,missing_target_record,,,,,False
1,100,100,64,A_full_mean,,,missing_target_record,,,,,False
1,100,100,64,B_full_mean,,,missing_target_record,,,,,False
1,100,100,64,A_G1_fixed_time,,,missing_target_record,,,,,False
1,100,100,64,A_G2_fixed_time,,,missing_target_record,,,,,False
1,100,100,64,A_G2_minus_G1_fixed_time,,,missing_target_record,,,,,False
1,100,100,64,A_G1_time_average,,,missing_target_record,,,,,False
1,100,100,64,A_G2_time_average,,,missing_target_record,,,,,False
1,100,100,64,A_G2_minus_G1_time_average,,,missing_target_record,,,,,False
1,100,100,64,B_G1_fixed_time,,,missing_target_record,,,,,False
1,100,100,64,B_G2_fixed_time,,,missing_target_record,,,,,False
1,100,100,64,B_G2_minus_G1_fixed_time,,,missing_target_record,,,,,False
1,100,100,64,B_G1_time_average,,,missing_target_record,,,,,False
1,100,100,64,B_G2_time_average,,,missing_target_record,,,,,False
1,100,100,64,B_G2_minus_G1_time_average,,,missing_target_record,,,,,False
1,100,100,65,A_entry,,,missing_target_record,,,,,False
1,100,100,65,B_entry,,,missing_target_record,,,,,False
1,100,100,65,A_fixed_time_mean,,,missing_target_record,,,,,False
1,100,100,65,B_fixed_time_mean,,,missing_target_record,,,,,False
1,100,100,65,A_full_mean,,,missing_target_record,,,,,False
1,100,100,65,B_full_mean,,,missing_target_record,,,,,False
1,100,100,65,A_G1_fixed_time,,,missing_target_record,,,,,False
1,100,100,65,A_G2_fixed_time,,,missing_target_record,,,,,False
1,100,100,65,A_G2_minus_G1_fixed_time,,,missing_target_record,,,,,False
1,100,100,65,A_G1_time_average,,,missing_target_record,,,,,False
1,100,100,65,A_G2_time_average,,,missing_target_record,,,,,False
1,100,100,65,A_G2_minus_G1_time_average,,,missing_target_record,,,,,False
1,100,100,65,B_G1_fixed_time,,,missing_target_record,,,,,False
1,100,100,65,B_G2_fixed_time,,,missing_target_record,,,,,False
1,100,100,65,B_G2_minus_G1_fixed_time,,,missing_target_record,,,,,False
1,100,100,65,B_G1_time_average,,,missing_target_record,,,,,False
1,100,100,65,B_G2_time_average,,,missing_target_record,,,,,False
1,100,100,65,B_G2_minus_G1_time_average,,,missing_target_record,,,,,False
1,100,100,66,A_entry,,,missing_target_record,,,,,False
1,100,100,66,B_entry,,,missing_target_record,,,,,False
1,100,100,66,A_fixed_time_mean,,,missing_target_record,,,,,False
1,100,100,66,B_fixed_time_mean,,,missing_target_record,,,,,False
1,100,100,66,A_full_mean,,,missing_target_record,,,,,False
1,100,100,66,B_full_mean,,,missing_target_record,,,,,False
1,100,100,66,A_G1_fixed_time,,,missing_target_record,,,,,False
1,100,100,66,A_G2_fixed_time,,,missing_target_record,,,,,False
1,100,100,66,A_G2_minus_G1_fixed_time,,,missing_target_record,,,,,False
1,100,100,66,A_G1_time_average,,,missing_target_record,,,,,False
1,100,100,66,A_G2_time_average,,,missing_target_record,,,,,False
1,100,100,66,A_G2_minus_G1_time_average,,,missing_target_record,,,,,False
1,100,100,66,B_G1_fixed_time,,,missing_target_record,,,,,False
1,100,100,66,B_G2_fixed_time,,,missing_target_record,,,,,False
1,100,100,66,B_G2_minus_G1_fixed_time,,,missing_target_record,,,,,False
1,100,100,66,B_G1_time_average,,,missing_target_record,,,,,False
1,100,100,66,B_G2_time_average,,,missing_target_record,,,,,False
1,100,100,66,B_G2_minus_G1_time_average,,,missing_target_record,,,,,False
1,100,100,67,A_entry,,,missing_target_record,,,,,False
1,100,100,67,B_entry,,,missing_target_record,,,,,False
1,100,100,67,A_fixed_time_mean,,,missing_target_record,,,,,False
1,100,100,67,B_fixed_time_mean,,,missing_target_record,,,,,False
1,100,100,67,A_full_mean,,,missing_target_record,,,,,False
1,100,100,67,B_full_mean,,,missing_target_record,,,,,False
1,100,100,67,A_G1_fixed_time,,,missing_target_record,,,,,False
1,100,100,67,A_G2_fixed_time,,,missing_target_record,,,,,False
1,100,100,67,A_G2_minus_G1_fixed_time,,,missing_target_record,,,,,False
1,100,100,67,A_G1_time_average,,,missing_target_record,,,,,False
1,100,100,67,A_G2_time_average,,,missing_target_record,,,,,False
1,100,100,67,A_G2_minus_G1_time_average,,,missing_target_record,,,,,False
1,100,100,67,B_G1_fixed_time,,,missing_target_record,,,,,False
1,100,100,67,B_G2_fixed_time,,,missing_target_record,,,,,False
1,100,100,67,B_G2_minus_G1_fixed_time,,,missing_target_record,,,,,False
1,100,100,67,B_G1_time_average,,,missing_target_record,,,,,False
1,100,100,67,B_G2_time_average,,,missing_target_record,,,,,False
1,100,100,67,B_G2_minus_G1_time_average,,,missing_target_record,,,,,False
1,100,100,68,A_entry,,,missing_target_record,,,,,False
1,100,100,68,B_entry,,,missing_target_record,,,,,False
1,100,100,68,A_fixed_time_mean,,,missing_target_record,,,,,False
1,100,100,68,B_fixed_time_mean,,,missing_target_record,,,,,False
1,100,100,68,A_full_mean,,,missing_target_record,,,,,False
1,100,100,68,B_full_mean,,,missing_target_record,,,,,False
1,100,100,68,A_G1_fixed_time,,,missing_target_record,,,,,False
1,100,100,68,A_G2_fixed_time,,,missing_target_record,,,,,False
1,100,100,68,A_G2_minus_G1_fixed_time,,,missing_target_record,,,,,False
1,100,100,68,A_G1_time_average,,,missing_target_record,,,,,False
1,100,100,68,A_G2_time_average,,,missing_target_record,,,,,False
1,100,100,68,A_G2_minus_G1_time_average,,,missing_target_record,,,,,False
1,100,100,68,B_G1_fixed_time,,,missing_target_record,,,,,False
1,100,100,68,B_G2_fixed_time,,,missing_target_record,,,,,False
1,100,100,68,B_G2_minus_G1_fixed_time,,,missing_target_record,,,,,False
1,100,100,68,B_G1_time_average,,,missing_target_record,,,,,False
1,100,100,68,B_G2_time_average,,,missing_target_record,,,,,False
1,100,100,68,B_G2_minus_G1_time_average,,,missing_target_record,,,,,False
1,100,100,69,A_entry,,,missing_target_record,,,,,False
1,100,100,69,B_entry,,,missing_target_record,,,,,False
1,100,100,69,A_fixed_time_mean,,,missing_target_record,,,,,False
1,100,100,69,B_fixed_time_mean,,,missing_target_record,,,,,False
1,100,100,69,A_full_mean,,,missing_target_record,,,,,False
1,100,100,69,B_full_mean,,,missing_target_record,,,,,False
1,100,100,69,A_G1_fixed_time,,,missing_target_record,,,,,False
1,100,100,69,A_G2_fixed_time,,,missing_target_record,,,,,False
1,100,100,69,A_G2_minus_G1_fixed_time,,,missing_target_record,,,,,False
1,100,100,69,A_G1_time_average,,,missing_target_record,,,,,False
1,100,100,69,A_G2_time_average,,,missing_target_record,,,,,False
1,100,100,69,A_G2_minus_G1_time_average,,,missing_target_record,,,,,False
1,100,100,69,B_G1_fixed_time,,,missing_target_record,,,,,False
1,100,100,69,B_G2_fixed_time,,,missing_target_record,,,,,False
1,100,100,69,B_G2_minus_G1_fixed_time,,,missing_target_record,,,,,False
1,100,100,69,B_G1_time_average,,,missing_target_record,,,,,False
1,100,100,69,B_G2_time_average,,,missing_target_record,,,,,False
1,100,100,69,B_G2_minus_G1_time_average,,,missing_target_record,,,,,False
1,100,100,70,A_entry,,,missing_target_record,,,,,False
1,100,100,70,B_entry,,,missing_target_record,,,,,False
1,100,100,70,A_fixed_time_mean,,,missing_target_record,,,,,False
1,100,100,70,B_fixed_time_mean,,,missing_target_record,,,,,False
1,100,100,70,A_full_mean,,,missing_target_record,,,,,False
1,100,100,70,B_full_mean,,,missing_target_record,,,,,False
1,100,100,70,A_G1_fixed_time,,,missing_target_record,,,,,False
1,100,100,70,A_G2_fixed_time,,,missing_target_record,,,,,False
1,100,100,70,A_G2_minus_G1_fixed_time,,,missing_target_record,,,,,False
1,100,100,70,A_G1_time_average,,,missing_target_record,,,,,False
1,100,100,70,A_G2_time_average,,,missing_target_record,,,,,False
1,100,100,70,A_G2_minus_G1_time_average,,,missing_target_record,,,,,False
1,100,100,70,B_G1_fixed_time,,,missing_target_record,,,,,False
1,100,100,70,B_G2_fixed_time,,,missing_target_record,,,,,False
1,100,100,70,B_G2_minus_G1_fixed_time,,,missing_target_record,,,,,False
1,100,100,70,B_G1_time_average,,,missing_target_record,,,,,False
1,100,100,70,B_G2_time_average,,,missing_target_record,,,,,False
1,100,100,70,B_G2_minus_G1_time_average,,,missing_target_record,,,,,False
1,100,100,71,A_entry,,,missing_target_record,,,,,False
1,100,100,71,B_entry,,,missing_target_record,,,,,False
1,100,100,71,A_fixed_time_mean,,,missing_target_record,,,,,False
1,100,100,71,B_fixed_time_mean,,,missing_target_record,,,,,False
1,100,100,71,A_full_mean,,,missing_target_record,,,,,False
1,100,100,71,B_full_mean,,,missing_target_record,,,,,False
1,100,100,71,A_G1_fixed_time,,,missing_target_record,,,,,False
1,100,100,71,A_G2_fixed_time,,,missing_target_record,,,,,False
1,100,100,71,A_G2_minus_G1_fixed_time,,,missing_target_record,,,,,False
1,100,100,71,A_G1_time_average,,,missing_target_record,,,,,False
1,100,100,71,A_G2_time_average,,,missing_target_record,,,,,False
1,100,100,71,A_G2_minus_G1_time_average,,,missing_target_record,,,,,False
1,100,100,71,B_G1_fixed_time,,,missing_target_record,,,,,False
1,100,100,71,B_G2_fixed_time,,,missing_target_record,,,,,False
1,100,100,71,B_G2_minus_G1_fixed_time,,,missing_target_record,,,,,False
1,100,100,71,B_G1_time_average,,,missing_target_record,,,,,False
1,100,100,71,B_G2_time_average,,,missing_target_record,,,,,False
1,100,100,71,B_G2_minus_G1_time_average,,,missing_target_record,,,,,False
1,100,100,72,A_entry,,,missing_target_record,,,,,False
1,100,100,72,B_entry,,,missing_target_record,,,,,False
1,100,100,72,A_fixed_time_mean,,,missing_target_record,,,,,False
1,100,100,72,B_fixed_time_mean,,,missing_target_record,,,,,False
1,100,100,72,A_full_mean,,,missing_target_record,,,,,False
1,100,100,72,B_full_mean,,,missing_target_record,,,,,False
1,100,100,72,A_G1_fixed_time,,,missing_target_record,,,,,False
1,100,100,72,A_G2_fixed_time,,,missing_target_record,,,,,False
1,100,100,72,A_G2_minus_G1_fixed_time,,,missing_target_record,,,,,False
1,100,100,72,A_G1_time_average,,,missing_target_record,,,,,False
1,100,100,72,A_G2_time_average,,,missing_target_record,,,,,False
1,100,100,72,A_G2_minus_G1_time_average,,,missing_target_record,,,,,False
1,100,100,72,B_G1_fixed_time,,,missing_target_record,,,,,False
1,100,100,72,B_G2_fixed_time,,,missing_target_record,,,,,False
1,100,100,72,B_G2_minus_G1_fixed_time,,,missing_target_record,,,,,False
1,100,100,72,B_G1_time_average,,,missing_target_record,,,,,False
1,100,100,72,B_G2_time_average,,,missing_target_record,,,,,False
1,100,100,72,B_G2_minus_G1_time_average,,,missing_target_record,,,,,False
1,100,100,73,A_entry,,,missing_target_record,,,,,False
1,100,100,73,B_entry,,,missing_target_record,,,,,False
1,100,100,73,A_fixed_time_mean,,,missing_target_record,,,,,False
1,100,100,73,B_fixed_time_mean,,,missing_target_record,,,,,False
1,100,100,73,A_full_mean,,,missing_target_record,,,,,False
1,100,100,73,B_full_mean,,,missing_target_record,,,,,False
1,100,100,73,A_G1_fixed_time,,,missing_target_record,,,,,False
1,100,100,73,A_G2_fixed_time,,,missing_target_record,,,,,False
1,100,100,73,A_G2_minus_G1_fixed_time,,,missing_target_record,,,,,False
1,100,100,73,A_G1_time_average,,,missing_target_record,,,,,False
1,100,100,73,A_G2_time_average,,,missing_target_record,,,,,False
1,100,100,73,A_G2_minus_G1_time_average,,,missing_target_record,,,,,False
1,100,100,73,B_G1_fixed_time,,,missing_target_record,,,,,False
1,100,100,73,B_G2_fixed_time,,,missing_target_record,,,,,False
1,100,100,73,B_G2_minus_G1_fixed_time,,,missing_target_record,,,,,False
1,100,100,73,B_G1_time_average,,,missing_target_record,,,,,False
1,100,100,73,B_G2_time_average,,,missing_target_record,,,,,False
1,100,100,73,B_G2_minus_G1_time_average,,,missing_target_record,,,,,False
1,100,100,74,A_entry,,,missing_target_record,,,,,False
1,100,100,74,B_entry,,,missing_target_record,,,,,False
1,100,100,74,A_fixed_time_mean,,,missing_target_record,,,,,False
1,100,100,74,B_fixed_time_mean,,,missing_target_record,,,,,False
1,100,100,74,A_full_mean,,,missing_target_record,,,,,False
1,100,100,74,B_full_mean,,,missing_target_record,,,,,False
1,100,100,74,A_G1_fixed_time,,,missing_target_record,,,,,False
1,100,100,74,A_G2_fixed_time,,,missing_target_record,,,,,False
1,100,100,74,A_G2_minus_G1_fixed_time,,,missing_target_record,,,,,False
1,100,100,74,A_G1_time_average,,,missing_target_record,,,,,False
1,100,100,74,A_G2_time_average,,,missing_target_record,,,,,False
1,100,100,74,A_G2_minus_G1_time_average,,,missing_target_record,,,,,False
1,100,100,74,B_G1_fixed_time,,,missing_target_record,,,,,False
1,100,100,74,B_G2_fixed_time,,,missing_target_record,,,,,False
1,100,100,74,B_G2_minus_G1_fixed_time,,,missing_target_record,,,,,False
1,100,100,74,B_G1_time_average,,,missing_target_record,,,,,False
1,100,100,74,B_G2_time_average,,,missing_target_record,,,,,False
1,100,100,74,B_G2_minus_G1_time_average,,,missing_target_record,,,,,False
1,100,100,75,A_entry,,,missing_target_record,,,,,False
1,100,100,75,B_entry,,,missing_target_record,,,,,False
1,100,100,75,A_fixed_time_mean,,,missing_target_record,,,,,False
1,100,100,75,B_fixed_time_mean,,,missing_target_record,,,,,False
1,100,100,75,A_full_mean,,,missing_target_record,,,,,False
1,100,100,75,B_full_mean,,,missing_target_record,,,,,False
1,100,100,75,A_G1_fixed_time,,,missing_target_record,,,,,False
1,100,100,75,A_G2_fixed_time,,,missing_target_record,,,,,False
1,100,100,75,A_G2_minus_G1_fixed_time,,,missing_target_record,,,,,False
1,100,100,75,A_G1_time_average,,,missing_target_record,,,,,False
1,100,100,75,A_G2_time_average,,,missing_target_record,,,,,False
1,100,100,75,A_G2_minus_G1_time_average,,,missing_target_record,,,,,False
1,100,100,75,B_G1_fixed_time,,,missing_target_record,,,,,False
1,100,100,75,B_G2_fixed_time,,,missing_target_record,,,,,False
1,100,100,75,B_G2_minus_G1_fixed_time,,,missing_target_record,,,,,False
1,100,100,75,B_G1_time_average,,,missing_target_record,,,,,False
1,100,100,75,B_G2_time_average,,,missing_target_record,,,,,False
1,100,100,75,B_G2_minus_G1_time_average,,,missing_target_record,,,,,False
1,100,100,76,A_entry,,,missing_target_record,,,,,False
1,100,100,76,B_entry,,,missing_target_record,,,,,False
1,100,100,76,A_fixed_time_mean,,,missing_target_record,,,,,False
1,100,100,76,B_fixed_time_mean,,,missing_target_record,,,,,False
1,100,100,76,A_full_mean,,,missing_target_record,,,,,False
1,100,100,76,B_full_mean,,,missing_target_record,,,,,False
1,100,100,76,A_G1_fixed_time,,,missing_target_record,,,,,False
1,100,100,76,A_G2_fixed_time,,,missing_target_record,,,,,False
1,100,100,76,A_G2_minus_G1_fixed_time,,,missing_target_record,,,,,False
1,100,100,76,A_G1_time_average,,,missing_target_record,,,,,False
1,100,100,76,A_G2_time_average,,,missing_target_record,,,,,False
1,100,100,76,A_G2_minus_G1_time_average,,,missing_target_record,,,,,False
1,100,100,76,B_G1_fixed_time,,,missing_target_record,,,,,False
1,100,100,76,B_G2_fixed_time,,,missing_target_record,,,,,False
1,100,100,76,B_G2_minus_G1_fixed_time,,,missing_target_record,,,,,False
1,100,100,76,B_G1_time_average,,,missing_target_record,,,,,False
1,100,100,76,B_G2_time_average,,,missing_target_record,,,,,False
1,100,100,76,B_G2_minus_G1_time_average,,,missing_target_record,,,,,False
1,100,100,77,A_entry,,,missing_target_record,,,,,False
1,100,100,77,B_entry,,,missing_target_record,,,,,False
1,100,100,77,A_fixed_time_mean,,,missing_target_record,,,,,False
1,100,100,77,B_fixed_time_mean,,,missing_target_record,,,,,False
1,100,100,77,A_full_mean,,,missing_target_record,,,,,False
1,100,100,77,B_full_mean,,,missing_target_record,,,,,False
1,100,100,77,A_G1_fixed_time,,,missing_target_record,,,,,False
1,100,100,77,A_G2_fixed_time,,,missing_target_record,,,,,False
1,100,100,77,A_G2_minus_G1_fixed_time,,,missing_target_record,,,,,False
1,100,100,77,A_G1_time_average,,,missing_target_record,,,,,False
1,100,100,77,A_G2_time_average,,,missing_target_record,,,,,False
1,100,100,77,A_G2_minus_G1_time_average,,,missing_target_record,,,,,False
1,100,100,77,B_G1_fixed_time,,,missing_target_record,,,,,False
1,100,100,77,B_G2_fixed_time,,,missing_target_record,,,,,False
1,100,100,77,B_G2_minus_G1_fixed_time,,,missing_target_record,,,,,False
1,100,100,77,B_G1_time_average,,,missing_target_record,,,,,False
1,100,100,77,B_G2_time_average,,,missing_target_record,,,,,False
1,100,100,77,B_G2_minus_G1_time_average,,,missing_target_record,,,,,False
1,100,100,78,A_entry,,,missing_target_record,,,,,False
1,100,100,78,B_entry,,,missing_target_record,,,,,False
1,100,100,78,A_fixed_time_mean,,,missing_target_record,,,,,False
1,100,100,78,B_fixed_time_mean,,,missing_target_record,,,,,False
1,100,100,78,A_full_mean,,,missing_target_record,,,,,False
1,100,100,78,B_full_mean,,,missing_target_record,,,,,False
1,100,100,78,A_G1_fixed_time,,,missing_target_record,,,,,False
1,100,100,78,A_G2_fixed_time,,,missing_target_record,,,,,False
1,100,100,78,A_G2_minus_G1_fixed_time,,,missing_target_record,,,,,False
1,100,100,78,A_G1_time_average,,,missing_target_record,,,,,False
1,100,100,78,A_G2_time_average,,,missing_target_record,,,,,False
1,100,100,78,A_G2_minus_G1_time_average,,,missing_target_record,,,,,False
1,100,100,78,B_G1_fixed_time,,,missing_target_record,,,,,False
1,100,100,78,B_G2_fixed_time,,,missing_target_record,,,,,False
1,100,100,78,B_G2_minus_G1_fixed_time,,,missing_target_record,,,,,False
1,100,100,78,B_G1_time_average,,,missing_target_record,,,,,False
1,100,100,78,B_G2_time_average,,,missing_target_record,,,,,False
1,100,100,78,B_G2_minus_G1_time_average,,,missing_target_record,,,,,False
1,100,100,79,A_entry,,,missing_target_record,,,,,False
1,100,100,79,B_entry,,,missing_target_record,,,,,False
1,100,100,79,A_fixed_time_mean,,,missing_target_record,,,,,False
1,100,100,79,B_fixed_time_mean,,,missing_target_record,,,,,False
1,100,100,79,A_full_mean,,,missing_target_record,,,,,False
1,100,100,79,B_full_mean,,,missing_target_record,,,,,False
1,100,100,79,A_G1_fixed_time,,,missing_target_record,,,,,False
1,100,100,79,A_G2_fixed_time,,,missing_target_record,,,,,False
1,100,100,79,A_G2_minus_G1_fixed_time,,,missing_target_record,,,,,False
1,100,100,79,A_G1_time_average,,,missing_target_record,,,,,False
1,100,100,79,A_G2_time_average,,,missing_target_record,,,,,False
1,100,100,79,A_G2_minus_G1_time_average,,,missing_target_record,,,,,False
1,100,100,79,B_G1_fixed_time,,,missing_target_record,,,,,False
1,100,100,79,B_G2_fixed_time,,,missing_target_record,,,,,False
1,100,100,79,B_G2_minus_G1_fixed_time,,,missing_target_record,,,,,False
1,100,100,79,B_G1_time_average,,,missing_target_record,,,,,False
1,100,100,79,B_G2_time_average,,,missing_target_record,,,,,False
1,100,100,79,B_G2_minus_G1_time_average,,,missing_target_record,,,,,False
1,100,100,80,A_entry,,,missing_target_record,,,,,False
1,100,100,80,B_entry,,,missing_target_record,,,,,False
1,100,100,80,A_fixed_time_mean,,,missing_target_record,,,,,False
1,100,100,80,B_fixed_time_mean,,,missing_target_record,,,,,False
1,100,100,80,A_full_mean,,,missing_target_record,,,,,False
1,100,100,80,B_full_mean,,,missing_target_record,,,,,False
1,100,100,80,A_G1_fixed_time,,,missing_target_record,,,,,False
1,100,100,80,A_G2_fixed_time,,,missing_target_record,,,,,False
1,100,100,80,A_G2_minus_G1_fixed_time,,,missing_target_record,,,,,False
1,100,100,80,A_G1_time_average,,,missing_target_record,,,,,False
1,100,100,80,A_G2_time_average,,,missing_target_record,,,,,False
1,100,100,80,A_G2_minus_G1_time_average,,,missing_target_record,,,,,False
1,100,100,80,B_G1_fixed_time,,,missing_target_record,,,,,False
1,100,100,80,B_G2_fixed_time,,,missing_target_record,,,,,False
1,100,100,80,B_G2_minus_G1_fixed_time,,,missing_target_record,,,,,False
1,100,100,80,B_G1_time_average,,,missing_target_record,,,,,False
1,100,100,80,B_G2_time_average,,,missing_target_record,,,,,False
1,100,100,80,B_G2_minus_G1_time_average,,,missing_target_record,,,,,False
1,100,100,81,A_entry,,,missing_target_record,,,,,False
1,100,100,81,B_entry,,,missing_target_record,,,,,False
1,100,100,81,A_fixed_time_mean,,,missing_target_record,,,,,False
1,100,100,81,B_fixed_time_mean,,,missing_target_record,,,,,False
1,100,100,81,A_full_mean,,,missing_target_record,,,,,False
1,100,100,81,B_full_mean,,,missing_target_record,,,,,False
1,100,100,81,A_G1_fixed_time,,,missing_target_record,,,,,False
1,100,100,81,A_G2_fixed_time,,,missing_target_record,,,,,False
1,100,100,81,A_G2_minus_G1_fixed_time,,,missing_target_record,,,,,False
1,100,100,81,A_G1_time_average,,,missing_target_record,,,,,False
1,100,100,81,A_G2_time_average,,,missing_target_record,,,,,False
1,100,100,81,A_G2_minus_G1_time_average,,,missing_target_record,,,,,False
1,100,100,81,B_G1_fixed_time,,,missing_target_record,,,,,False
1,100,100,81,B_G2_fixed_time,,,missing_target_record,,,,,False
1,100,100,81,B_G2_minus_G1_fixed_time,,,missing_target_record,,,,,False
1,100,100,81,B_G1_time_average,,,missing_target_record,,,,,False
1,100,100,81,B_G2_time_average,,,missing_target_record,,,,,False
1,100,100,81,B_G2_minus_G1_time_average,,,missing_target_record,,,,,False
1,100,100,82,A_entry,,,missing_target_record,,,,,False
1,100,100,82,B_entry,,,missing_target_record,,,,,False
1,100,100,82,A_fixed_time_mean,,,missing_target_record,,,,,False
1,100,100,82,B_fixed_time_mean,,,missing_target_record,,,,,False
1,100,100,82,A_full_mean,,,missing_target_record,,,,,False
1,100,100,82,B_full_mean,,,missing_target_record,,,,,False
1,100,100,82,A_G1_fixed_time,,,missing_target_record,,,,,False
1,100,100,82,A_G2_fixed_time,,,missing_target_record,,,,,False
1,100,100,82,A_G2_minus_G1_fixed_time,,,missing_target_record,,,,,False
1,100,100,82,A_G1_time_average,,,missing_target_record,,,,,False
1,100,100,82,A_G2_time_average,,,missing_target_record,,,,,False
1,100,100,82,A_G2_minus_G1_time_average,,,missing_target_record,,,,,False
1,100,100,82,B_G1_fixed_time,,,missing_target_record,,,,,False
1,100,100,82,B_G2_fixed_time,,,missing_target_record,,,,,False
1,100,100,82,B_G2_minus_G1_fixed_time,,,missing_target_record,,,,,False
1,100,100,82,B_G1_time_average,,,missing_target_record,,,,,False
1,100,100,82,B_G2_time_average,,,missing_target_record,,,,,False
1,100,100,82,B_G2_minus_G1_time_average,,,missing_target_record,,,,,False
1,100,100,83,A_entry,,,missing_target_record,,,,,False
1,100,100,83,B_entry,,,missing_target_record,,,,,False
1,100,100,83,A_fixed_time_mean,,,missing_target_record,,,,,False
1,100,100,83,B_fixed_time_mean,,,missing_target_record,,,,,False
1,100,100,83,A_full_mean,,,missing_target_record,,,,,False
1,100,100,83,B_full_mean,,,missing_target_record,,,,,False
1,100,100,83,A_G1_fixed_time,,,missing_target_record,,,,,False
1,100,100,83,A_G2_fixed_time,,,missing_target_record,,,,,False
1,100,100,83,A_G2_minus_G1_fixed_time,,,missing_target_record,,,,,False
1,100,100,83,A_G1_time_average,,,missing_target_record,,,,,False
1,100,100,83,A_G2_time_average,,,missing_target_record,,,,,False
1,100,100,83,A_G2_minus_G1_time_average,,,missing_target_record,,,,,False
1,100,100,83,B_G1_fixed_time,,,missing_target_record,,,,,False
1,100,100,83,B_G2_fixed_time,,,missing_target_record,,,,,False
1,100,100,83,B_G2_minus_G1_fixed_time,,,missing_target_record,,,,,False
1,100,100,83,B_G1_time_average,,,missing_target_record,,,,,False
1,100,100,83,B_G2_time_average,,,missing_target_record,,,,,False
1,100,100,83,B_G2_minus_G1_time_average,,,missing_target_record,,,,,False
1,100,100,84,A_entry,,,missing_target_record,,,,,False
1,100,100,84,B_entry,,,missing_target_record,,,,,False
1,100,100,84,A_fixed_time_mean,,,missing_target_record,,,,,False
1,100,100,84,B_fixed_time_mean,,,missing_target_record,,,,,False
1,100,100,84,A_full_mean,,,missing_target_record,,,,,False
1,100,100,84,B_full_mean,,,missing_target_record,,,,,False
1,100,100,84,A_G1_fixed_time,,,missing_target_record,,,,,False
1,100,100,84,A_G2_fixed_time,,,missing_target_record,,,,,False
1,100,100,84,A_G2_minus_G1_fixed_time,,,missing_target_record,,,,,False
1,100,100,84,A_G1_time_average,,,missing_target_record,,,,,False
1,100,100,84,A_G2_time_average,,,missing_target_record,,,,,False
1,100,100,84,A_G2_minus_G1_time_average,,,missing_target_record,,,,,False
1,100,100,84,B_G1_fixed_time,,,missing_target_record,,,,,False
1,100,100,84,B_G2_fixed_time,,,missing_target_record,,,,,False
1,100,100,84,B_G2_minus_G1_fixed_time,,,missing_target_record,,,,,False
1,100,100,84,B_G1_time_average,,,missing_target_record,,,,,False
1,100,100,84,B_G2_time_average,,,missing_target_record,,,,,False
1,100,100,84,B_G2_minus_G1_time_average,,,missing_target_record,,,,,False
1,100,100,85,A_entry,,,missing_target_record,,,,,False
1,100,100,85,B_entry,,,missing_target_record,,,,,False
1,100,100,85,A_fixed_time_mean,,,missing_target_record,,,,,False
1,100,100,85,B_fixed_time_mean,,,missing_target_record,,,,,False
1,100,100,85,A_full_mean,,,missing_target_record,,,,,False
1,100,100,85,B_full_mean,,,missing_target_record,,,,,False
1,100,100,85,A_G1_fixed_time,,,missing_target_record,,,,,False
1,100,100,85,A_G2_fixed_time,,,missing_target_record,,,,,False
1,100,100,85,A_G2_minus_G1_fixed_time,,,missing_target_record,,,,,False
1,100,100,85,A_G1_time_average,,,missing_target_record,,,,,False
1,100,100,85,A_G2_time_average,,,missing_target_record,,,,,False
1,100,100,85,A_G2_minus_G1_time_average,,,missing_target_record,,,,,False
1,100,100,85,B_G1_fixed_time,,,missing_target_record,,,,,False
1,100,100,85,B_G2_fixed_time,,,missing_target_record,,,,,False
1,100,100,85,B_G2_minus_G1_fixed_time,,,missing_target_record,,,,,False
1,100,100,85,B_G1_time_average,,,missing_target_record,,,,,False
1,100,100,85,B_G2_time_average,,,missing_target_record,,,,,False
1,100,100,85,B_G2_minus_G1_time_average,,,missing_target_record,,,,,False
1,100,100,86,A_entry,,,missing_target_record,,,,,False
1,100,100,86,B_entry,,,missing_target_record,,,,,False
1,100,100,86,A_fixed_time_mean,,,missing_target_record,,,,,False
1,100,100,86,B_fixed_time_mean,,,missing_target_record,,,,,False
1,100,100,86,A_full_mean,,,missing_target_record,,,,,False
1,100,100,86,B_full_mean,,,missing_target_record,,,,,False
1,100,100,86,A_G1_fixed_time,,,missing_target_record,,,,,False
1,100,100,86,A_G2_fixed_time,,,missing_target_record,,,,,False
1,100,100,86,A_G2_minus_G1_fixed_time,,,missing_target_record,,,,,False
1,100,100,86,A_G1_time_average,,,missing_target_record,,,,,False
1,100,100,86,A_G2_time_average,,,missing_target_record,,,,,False
1,100,100,86,A_G2_minus_G1_time_average,,,missing_target_record,,,,,False
1,100,100,86,B_G1_fixed_time,,,missing_target_record,,,,,False
1,100,100,86,B_G2_fixed_time,,,missing_target_record,,,,,False
1,100,100,86,B_G2_minus_G1_fixed_time,,,missing_target_record,,,,,False
1,100,100,86,B_G1_time_average,,,missing_target_record,,,,,False
1,100,100,86,B_G2_time_average,,,missing_target_record,,,,,False
1,100,100,86,B_G2_minus_G1_time_average,,,missing_target_record,,,,,False
1,100,100,87,A_entry,,,missing_target_record,,,,,False
1,100,100,87,B_entry,,,missing_target_record,,,,,False
1,100,100,87,A_fixed_time_mean,,,missing_target_record,,,,,False
1,100,100,87,B_fixed_time_mean,,,missing_target_record,,,,,False
1,100,100,87,A_full_mean,,,missing_target_record,,,,,False
1,100,100,87,B_full_mean,,,missing_target_record,,,,,False
1,100,100,87,A_G1_fixed_time,,,missing_target_record,,,,,False
1,100,100,87,A_G2_fixed_time,,,missing_target_record,,,,,False
1,100,100,87,A_G2_minus_G1_fixed_time,,,missing_target_record,,,,,False
1,100,100,87,A_G1_time_average,,,missing_target_record,,,,,False
1,100,100,87,A_G2_time_average,,,missing_target_record,,,,,False
1,100,100,87,A_G2_minus_G1_time_average,,,missing_target_record,,,,,False
1,100,100,87,B_G1_fixed_time,,,missing_target_record,,,,,False
1,100,100,87,B_G2_fixed_time,,,missing_target_record,,,,,False
1,100,100,87,B_G2_minus_G1_fixed_time,,,missing_target_record,,,,,False
1,100,100,87,B_G1_time_average,,,missing_target_record,,,,,False
1,100,100,87,B_G2_time_average,,,missing_target_record,,,,,False
1,100,100,87,B_G2_minus_G1_time_average,,,missing_target_record,,,,,False
1,100,100,88,A_entry,,,missing_target_record,,,,,False
1,100,100,88,B_entry,,,missing_target_record,,,,,False
1,100,100,88,A_fixed_time_mean,,,missing_target_record,,,,,False
1,100,100,88,B_fixed_time_mean,,,missing_target_record,,,,,False
1,100,100,88,A_full_mean,,,missing_target_record,,,,,False
1,100,100,88,B_full_mean,,,missing_target_record,,,,,False
1,100,100,88,A_G1_fixed_time,,,missing_target_record,,,,,False
1,100,100,88,A_G2_fixed_time,,,missing_target_record,,,,,False
1,100,100,88,A_G2_minus_G1_fixed_time,,,missing_target_record,,,,,False
1,100,100,88,A_G1_time_average,,,missing_target_record,,,,,False
1,100,100,88,A_G2_time_average,,,missing_target_record,,,,,False
1,100,100,88,A_G2_minus_G1_time_average,,,missing_target_record,,,,,False
1,100,100,88,B_G1_fixed_time,,,missing_target_record,,,,,False
1,100,100,88,B_G2_fixed_time,,,missing_target_record,,,,,False
1,100,100,88,B_G2_minus_G1_fixed_time,,,missing_target_record,,,,,False
1,100,100,88,B_G1_time_average,,,missing_target_record,,,,,False
1,100,100,88,B_G2_time_average,,,missing_target_record,,,,,False
1,100,100,88,B_G2_minus_G1_time_average,,,missing_target_record,,,,,False
1,100,100,89,A_entry,,,missing_target_record,,,,,False
1,100,100,89,B_entry,,,missing_target_record,,,,,False
1,100,100,89,A_fixed_time_mean,,,missing_target_record,,,,,False
1,100,100,89,B_fixed_time_mean,,,missing_target_record,,,,,False
1,100,100,89,A_full_mean,,,missing_target_record,,,,,False
1,100,100,89,B_full_mean,,,missing_target_record,,,,,False
1,100,100,89,A_G1_fixed_time,,,missing_target_record,,,,,False
1,100,100,89,A_G2_fixed_time,,,missing_target_record,,,,,False
1,100,100,89,A_G2_minus_G1_fixed_time,,,missing_target_record,,,,,False
1,100,100,89,A_G1_time_average,,,missing_target_record,,,,,False
1,100,100,89,A_G2_time_average,,,missing_target_record,,,,,False
1,100,100,89,A_G2_minus_G1_time_average,,,missing_target_record,,,,,False
1,100,100,89,B_G1_fixed_time,,,missing_target_record,,,,,False
1,100,100,89,B_G2_fixed_time,,,missing_target_record,,,,,False
1,100,100,89,B_G2_minus_G1_fixed_time,,,missing_target_record,,,,,False
1,100,100,89,B_G1_time_average,,,missing_target_record,,,,,False
1,100,100,89,B_G2_time_average,,,missing_target_record,,,,,False
1,100,100,89,B_G2_minus_G1_time_average,,,missing_target_record,,,,,False
1,100,100,90,A_entry,,,missing_target_record,,,,,False
1,100,100,90,B_entry,,,missing_target_record,,,,,False
1,100,100,90,A_fixed_time_mean,,,missing_target_record,,,,,False
1,100,100,90,B_fixed_time_mean,,,missing_target_record,,,,,False
1,100,100,90,A_full_mean,,,missing_target_record,,,,,False
1,100,100,90,B_full_mean,,,missing_target_record,,,,,False
1,100,100,90,A_G1_fixed_time,,,missing_target_record,,,,,False
1,100,100,90,A_G2_fixed_time,,,missing_target_record,,,,,False
1,100,100,90,A_G2_minus_G1_fixed_time,,,missing_target_record,,,,,False
1,100,100,90,A_G1_time_average,,,missing_target_record,,,,,False
1,100,100,90,A_G2_time_average,,,missing_target_record,,,,,False
1,100,100,90,A_G2_minus_G1_time_average,,,missing_target_record,,,,,False
1,100,100,90,B_G1_fixed_time,,,missing_target_record,,,,,False
1,100,100,90,B_G2_fixed_time,,,missing_target_record,,,,,False
1,100,100,90,B_G2_minus_G1_fixed_time,,,missing_target_record,,,,,False
1,100,100,90,B_G1_time_average,,,missing_target_record,,,,,False
1,100,100,90,B_G2_time_average,,,missing_target_record,,,,,False
1,100,100,90,B_G2_minus_G1_time_average,,,missing_target_record,,,,,False
1,100,100,91,A_entry,,,missing_target_record,,,,,False
1,100,100,91,B_entry,,,missing_target_record,,,,,False
1,100,100,91,A_fixed_time_mean,,,missing_target_record,,,,,False
1,100,100,91,B_fixed_time_mean,,,missing_target_record,,,,,False
1,100,100,91,A_full_mean,,,missing_target_record,,,,,False
1,100,100,91,B_full_mean,,,missing_target_record,,,,,False
1,100,100,91,A_G1_fixed_time,,,missing_target_record,,,,,False
1,100,100,91,A_G2_fixed_time,,,missing_target_record,,,,,False
1,100,100,91,A_G2_minus_G1_fixed_time,,,missing_target_record,,,,,False
1,100,100,91,A_G1_time_average,,,missing_target_record,,,,,False
1,100,100,91,A_G2_time_average,,,missing_target_record,,,,,False
1,100,100,91,A_G2_minus_G1_time_average,,,missing_target_record,,,,,False
1,100,100,91,B_G1_fixed_time,,,missing_target_record,,,,,False
1,100,100,91,B_G2_fixed_time,,,missing_target_record,,,,,False
1,100,100,91,B_G2_minus_G1_fixed_time,,,missing_target_record,,,,,False
1,100,100,91,B_G1_time_average,,,missing_target_record,,,,,False
1,100,100,91,B_G2_time_average,,,missing_target_record,,,,,False
1,100,100,91,B_G2_minus_G1_time_average,,,missing_target_record,,,,,False
1,100,100,92,A_entry,,,missing_target_record,,,,,False
1,100,100,92,B_entry,,,missing_target_record,,,,,False
1,100,100,92,A_fixed_time_mean,,,missing_target_record,,,,,False
1,100,100,92,B_fixed_time_mean,,,missing_target_record,,,,,False
1,100,100,92,A_full_mean,,,missing_target_record,,,,,False
1,100,100,92,B_full_mean,,,missing_target_record,,,,,False
1,100,100,92,A_G1_fixed_time,,,missing_target_record,,,,,False
1,100,100,92,A_G2_fixed_time,,,missing_target_record,,,,,False
1,100,100,92,A_G2_minus_G1_fixed_time,,,missing_target_record,,,,,False
1,100,100,92,A_G1_time_average,,,missing_target_record,,,,,False
1,100,100,92,A_G2_time_average,,,missing_target_record,,,,,False
1,100,100,92,A_G2_minus_G1_time_average,,,missing_target_record,,,,,False
1,100,100,92,B_G1_fixed_time,,,missing_target_record,,,,,False
1,100,100,92,B_G2_fixed_time,,,missing_target_record,,,,,False
1,100,100,92,B_G2_minus_G1_fixed_time,,,missing_target_record,,,,,False
1,100,100,92,B_G1_time_average,,,missing_target_record,,,,,False
1,100,100,92,B_G2_time_average,,,missing_target_record,,,,,False
1,100,100,92,B_G2_minus_G1_time_average,,,missing_target_record,,,,,False
1,100,100,93,A_entry,,,missing_target_record,,,,,False
1,100,100,93,B_entry,,,missing_target_record,,,,,False
1,100,100,93,A_fixed_time_mean,,,missing_target_record,,,,,False
1,100,100,93,B_fixed_time_mean,,,missing_target_record,,,,,False
1,100,100,93,A_full_mean,,,missing_target_record,,,,,False
1,100,100,93,B_full_mean,,,missing_target_record,,,,,False
1,100,100,93,A_G1_fixed_time,,,missing_target_record,,,,,False
1,100,100,93,A_G2_fixed_time,,,missing_target_record,,,,,False
1,100,100,93,A_G2_minus_G1_fixed_time,,,missing_target_record,,,,,False
1,100,100,93,A_G1_time_average,,,missing_target_record,,,,,False
1,100,100,93,A_G2_time_average,,,missing_target_record,,,,,False
1,100,100,93,A_G2_minus_G1_time_average,,,missing_target_record,,,,,False
1,100,100,93,B_G1_fixed_time,,,missing_target_record,,,,,False
1,100,100,93,B_G2_fixed_time,,,missing_target_record,,,,,False
1,100,100,93,B_G2_minus_G1_fixed_time,,,missing_target_record,,,,,False
1,100,100,93,B_G1_time_average,,,missing_target_record,,,,,False
1,100,100,93,B_G2_time_average,,,missing_target_record,,,,,False
1,100,100,93,B_G2_minus_G1_time_average,,,missing_target_record,,,,,False
1,100,100,94,A_entry,,,missing_target_record,,,,,False
1,100,100,94,B_entry,,,missing_target_record,,,,,False
1,100,100,94,A_fixed_time_mean,,,missing_target_record,,,,,False
1,100,100,94,B_fixed_time_mean,,,missing_target_record,,,,,False
1,100,100,94,A_full_mean,,,missing_target_record,,,,,False
1,100,100,94,B_full_mean,,,missing_target_record,,,,,False
1,100,100,94,A_G1_fixed_time,,,missing_target_record,,,,,False
1,100,100,94,A_G2_fixed_time,,,missing_target_record,,,,,False
1,100,100,94,A_G2_minus_G1_fixed_time,,,missing_target_record,,,,,False
1,100,100,94,A_G1_time_average,,,missing_target_record,,,,,False
1,100,100,94,A_G2_time_average,,,missing_target_record,,,,,False
1,100,100,94,A_G2_minus_G1_time_average,,,missing_target_record,,,,,False
1,100,100,94,B_G1_fixed_time,,,missing_target_record,,,,,False
1,100,100,94,B_G2_fixed_time,,,missing_target_record,,,,,False
1,100,100,94,B_G2_minus_G1_fixed_time,,,missing_target_record,,,,,False
1,100,100,94,B_G1_time_average,,,missing_target_record,,,,,False
1,100,100,94,B_G2_time_average,,,missing_target_record,,,,,False
1,100,100,94,B_G2_minus_G1_time_average,,,missing_target_record,,,,,False
1,100,100,95,A_entry,,,missing_target_record,,,,,False
1,100,100,95,B_entry,,,missing_target_record,,,,,False
1,100,100,95,A_fixed_time_mean,,,missing_target_record,,,,,False
1,100,100,95,B_fixed_time_mean,,,missing_target_record,,,,,False
1,100,100,95,A_full_mean,,,missing_target_record,,,,,False
1,100,100,95,B_full_mean,,,missing_target_record,,,,,False
1,100,100,95,A_G1_fixed_time,,,missing_target_record,,,,,False
1,100,100,95,A_G2_fixed_time,,,missing_target_record,,,,,False
1,100,100,95,A_G2_minus_G1_fixed_time,,,missing_target_record,,,,,False
1,100,100,95,A_G1_time_average,,,missing_target_record,,,,,False
1,100,100,95,A_G2_time_average,,,missing_target_record,,,,,False
1,100,100,95,A_G2_minus_G1_time_average,,,missing_target_record,,,,,False
1,100,100,95,B_G1_fixed_time,,,missing_target_record,,,,,False
1,100,100,95,B_G2_fixed_time,,,missing_target_record,,,,,False
1,100,100,95,B_G2_minus_G1_fixed_time,,,missing_target_record,,,,,False
1,100,100,95,B_G1_time_average,,,missing_target_record,,,,,False
1,100,100,95,B_G2_time_average,,,missing_target_record,,,,,False
1,100,100,95,B_G2_minus_G1_time_average,,,missing_target_record,,,,,False
1,100,100,96,A_entry,,,missing_target_record,,,,,False
1,100,100,96,B_entry,,,missing_target_record,,,,,False
1,100,100,96,A_fixed_time_mean,,,missing_target_record,,,,,False
1,100,100,96,B_fixed_time_mean,,,missing_target_record,,,,,False
1,100,100,96,A_full_mean,,,missing_target_record,,,,,False
1,100,100,96,B_full_mean,,,missing_target_record,,,,,False
1,100,100,96,A_G1_fixed_time,,,missing_target_record,,,,,False
1,100,100,96,A_G2_fixed_time,,,missing_target_record,,,,,False
1,100,100,96,A_G2_minus_G1_fixed_time,,,missing_target_record,,,,,False
1,100,100,96,A_G1_time_average,,,missing_target_record,,,,,False
1,100,100,96,A_G2_time_average,,,missing_target_record,,,,,False
1,100,100,96,A_G2_minus_G1_time_average,,,missing_target_record,,,,,False
1,100,100,96,B_G1_fixed_time,,,missing_target_record,,,,,False
1,100,100,96,B_G2_fixed_time,,,missing_target_record,,,,,False
1,100,100,96,B_G2_minus_G1_fixed_time,,,missing_target_record,,,,,False
1,100,100,96,B_G1_time_average,,,missing_target_record,,,,,False
1,100,100,96,B_G2_time_average,,,missing_target_record,,,,,False
1,100,100,96,B_G2_minus_G1_time_average,,,missing_target_record,,,,,False
1,100,100,97,A_entry,,,missing_target_record,,,,,False
1,100,100,97,B_entry,,,missing_target_record,,,,,False
1,100,100,97,A_fixed_time_mean,,,missing_target_record,,,,,False
1,100,100,97,B_fixed_time_mean,,,missing_target_record,,,,,False
1,100,100,97,A_full_mean,,,missing_target_record,,,,,False
1,100,100,97,B_full_mean,,,missing_target_record,,,,,False
1,100,100,97,A_G1_fixed_time,,,missing_target_record,,,,,False
1,100,100,97,A_G2_fixed_time,,,missing_target_record,,,,,False
1,100,100,97,A_G2_minus_G1_fixed_time,,,missing_target_record,,,,,False
1,100,100,97,A_G1_time_average,,,missing_target_record,,,,,False
1,100,100,97,A_G2_time_average,,,missing_target_record,,,,,False
1,100,100,97,A_G2_minus_G1_time_average,,,missing_target_record,,,,,False
1,100,100,97,B_G1_fixed_time,,,missing_target_record,,,,,False
1,100,100,97,B_G2_fixed_time,,,missing_target_record,,,,,False
1,100,100,97,B_G2_minus_G1_fixed_time,,,missing_target_record,,,,,False
1,100,100,97,B_G1_time_average,,,missing_target_record,,,,,False
1,100,100,97,B_G2_time_average,,,missing_target_record,,,,,False
1,100,100,97,B_G2_minus_G1_time_average,,,missing_target_record,,,,,False
1,100,100,98,A_entry,,,missing_target_record,,,,,False
1,100,100,98,B_entry,,,missing_target_record,,,,,False
1,100,100,98,A_fixed_time_mean,,,missing_target_record,,,,,False
1,100,100,98,B_fixed_time_mean,,,missing_target_record,,,,,False
1,100,100,98,A_full_mean,,,missing_target_record,,,,,False
1,100,100,98,B_full_mean,,,missing_target_record,,,,,False
1,100,100,98,A_G1_fixed_time,,,missing_target_record,,,,,False
1,100,100,98,A_G2_fixed_time,,,missing_target_record,,,,,False
1,100,100,98,A_G2_minus_G1_fixed_time,,,missing_target_record,,,,,False
1,100,100,98,A_G1_time_average,,,missing_target_record,,,,,False
1,100,100,98,A_G2_time_average,,,missing_target_record,,,,,False
1,100,100,98,A_G2_minus_G1_time_average,,,missing_target_record,,,,,False
1,100,100,98,B_G1_fixed_time,,,missing_target_record,,,,,False
1,100,100,98,B_G2_fixed_time,,,missing_target_record,,,,,False
1,100,100,98,B_G2_minus_G1_fixed_time,,,missing_target_record,,,,,False
1,100,100,98,B_G1_time_average,,,missing_target_record,,,,,False
1,100,100,98,B_G2_time_average,,,missing_target_record,,,,,False
1,100,100,98,B_G2_minus_G1_time_average,,,missing_target_record,,,,,False
1,100,100,99,A_entry,,,missing_target_record,,,,,False
1,100,100,99,B_entry,,,missing_target_record,,,,,False
1,100,100,99,A_fixed_time_mean,,,missing_target_record,,,,,False
1,100,100,99,B_fixed_time_mean,,,missing_target_record,,,,,False
1,100,100,99,A_full_mean,,,missing_target_record,,,,,False
1,100,100,99,B_full_mean,,,missing_target_record,,,,,False
1,100,100,99,A_G1_fixed_time,,,missing_target_record,,,,,False
1,100,100,99,A_G2_fixed_time,,,missing_target_record,,,,,False
1,100,100,99,A_G2_minus_G1_fixed_time,,,missing_target_record,,,,,False
1,100,100,99,A_G1_time_average,,,missing_target_record,,,,,False
1,100,100,99,A_G2_time_average,,,missing_target_record,,,,,False
1,100,100,99,A_G2_minus_G1_time_average,,,missing_target_record,,,,,False
1,100,100,99,B_G1_fixed_time,,,missing_target_record,,,,,False
1,100,100,99,B_G2_fixed_time,,,missing_target_record,,,,,False
1,100,100,99,B_G2_minus_G1_fixed_time,,,missing_target_record,,,,,False
1,100,100,99,B_G1_time_average,,,missing_target_record,,,,,False
1,100,100,99,B_G2_time_average,,,missing_target_record,,,,,False
1,100,100,99,B_G2_minus_G1_time_average,,,missing_target_record,,,,,False
2,50,50,0,A_entry,,,missing_target_record,,,,,False
2,50,50,0,B_entry,,,missing_target_record,,,,,False
2,50,50,0,A_fixed_time_mean,,,missing_target_record,,,,,False
2,50,50,0,B_fixed_time_mean,,,missing_target_record,,,,,False
2,50,50,0,A_full_mean,,,missing_target_record,,,,,False
2,50,50,0,B_full_mean,,,missing_target_record,,,,,False
2,50,50,0,A_G1_fixed_time,,,missing_target_record,,,,,False
2,50,50,0,A_G2_fixed_time,,,missing_target_record,,,,,False
2,50,50,0,A_G2_minus_G1_fixed_time,,,missing_target_record,,,,,False
2,50,50,0,A_G1_time_average,,,missing_target_record,,,,,False
2,50,50,0,A_G2_time_average,,,missing_target_record,,,,,False
2,50,50,0,A_G2_minus_G1_time_average,,,missing_target_record,,,,,False
2,50,50,0,B_G1_fixed_time,,,missing_target_record,,,,,False
2,50,50,0,B_G2_fixed_time,,,missing_target_record,,,,,False
2,50,50,0,B_G2_minus_G1_fixed_time,,,missing_target_record,,,,,False
2,50,50,0,B_G1_time_average,,,missing_target_record,,,,,False
2,50,50,0,B_G2_time_average,,,missing_target_record,,,,,False
2,50,50,0,B_G2_minus_G1_time_average,,,missing_target_record,,,,,False
2,50,50,1,A_entry,,,missing_target_record,,,,,False
2,50,50,1,B_entry,,,missing_target_record,,,,,False
2,50,50,1,A_fixed_time_mean,,,missing_target_record,,,,,False
2,50,50,1,B_fixed_time_mean,,,missing_target_record,,,,,False
2,50,50,1,A_full_mean,,,missing_target_record,,,,,False
2,50,50,1,B_full_mean,,,missing_target_record,,,,,False
2,50,50,1,A_G1_fixed_time,,,missing_target_record,,,,,False
2,50,50,1,A_G2_fixed_time,,,missing_target_record,,,,,False
2,50,50,1,A_G2_minus_G1_fixed_time,,,missing_target_record,,,,,False
2,50,50,1,A_G1_time_average,,,missing_target_record,,,,,False
2,50,50,1,A_G2_time_average,,,missing_target_record,,,,,False
2,50,50,1,A_G2_minus_G1_time_average,,,missing_target_record,,,,,False
2,50,50,1,B_G1_fixed_time,,,missing_target_record,,,,,False
2,50,50,1,B_G2_fixed_time,,,missing_target_record,,,,,False
2,50,50,1,B_G2_minus_G1_fixed_time,,,missing_target_record,,,,,False
2,50,50,1,B_G1_time_average,,,missing_target_record,,,,,False
2,50,50,1,B_G2_time_average,,,missing_target_record,,,,,False
2,50,50,1,B_G2_minus_G1_time_average,,,missing_target_record,,,,,False
2,50,50,2,A_entry,,,missing_target_record,,,,,False
2,50,50,2,B_entry,,,missing_target_record,,,,,False
2,50,50,2,A_fixed_time_mean,,,missing_target_record,,,,,False
2,50,50,2,B_fixed_time_mean,,,missing_target_record,,,,,False
2,50,50,2,A_full_mean,,,missing_target_record,,,,,False
2,50,50,2,B_full_mean,,,missing_target_record,,,,,False
2,50,50,2,A_G1_fixed_time,,,missing_target_record,,,,,False
2,50,50,2,A_G2_fixed_time,,,missing_target_record,,,,,False
2,50,50,2,A_G2_minus_G1_fixed_time,,,missing_target_record,,,,,False
2,50,50,2,A_G1_time_average,,,missing_target_record,,,,,False
2,50,50,2,A_G2_time_average,,,missing_target_record,,,,,False
2,50,50,2,A_G2_minus_G1_time_average,,,missing_target_record,,,,,False
2,50,50,2,B_G1_fixed_time,,,missing_target_record,,,,,False
2,50,50,2,B_G2_fixed_time,,,missing_target_record,,,,,False
2,50,50,2,B_G2_minus_G1_fixed_time,,,missing_target_record,,,,,False
2,50,50,2,B_G1_time_average,,,missing_target_record,,,,,False
2,50,50,2,B_G2_time_average,,,missing_target_record,,,,,False
2,50,50,2,B_G2_minus_G1_time_average,,,missing_target_record,,,,,False
2,50,50,3,A_entry,,,missing_target_record,,,,,False
2,50,50,3,B_entry,,,missing_target_record,,,,,False
2,50,50,3,A_fixed_time_mean,,,missing_target_record,,,,,False
2,50,50,3,B_fixed_time_mean,,,missing_target_record,,,,,False
2,50,50,3,A_full_mean,,,missing_target_record,,,,,False
2,50,50,3,B_full_mean,,,missing_target_record,,,,,False
2,50,50,3,A_G1_fixed_time,,,missing_target_record,,,,,False
2,50,50,3,A_G2_fixed_time,,,missing_target_record,,,,,False
2,50,50,3,A_G2_minus_G1_fixed_time,,,missing_target_record,,,,,False
2,50,50,3,A_G1_time_average,,,missing_target_record,,,,,False
2,50,50,3,A_G2_time_average,,,missing_target_record,,,,,False
2,50,50,3,A_G2_minus_G1_time_average,,,missing_target_record,,,,,False
2,50,50,3,B_G1_fixed_time,,,missing_target_record,,,,,False
2,50,50,3,B_G2_fixed_time,,,missing_target_record,,,,,False
2,50,50,3,B_G2_minus_G1_fixed_time,,,missing_target_record,,,,,False
2,50,50,3,B_G1_time_average,,,missing_target_record,,,,,False
2,50,50,3,B_G2_time_average,,,missing_target_record,,,,,False
2,50,50,3,B_G2_minus_G1_time_average,,,missing_target_record,,,,,False
2,50,50,4,A_entry,,,missing_target_record,,,,,False
2,50,50,4,B_entry,,,missing_target_record,,,,,False
2,50,50,4,A_fixed_time_mean,,,missing_target_record,,,,,False
2,50,50,4,B_fixed_time_mean,,,missing_target_record,,,,,False
2,50,50,4,A_full_mean,,,missing_target_record,,,,,False
2,50,50,4,B_full_mean,,,missing_target_record,,,,,False
2,50,50,4,A_G1_fixed_time,,,missing_target_record,,,,,False
2,50,50,4,A_G2_fixed_time,,,missing_target_record,,,,,False
2,50,50,4,A_G2_minus_G1_fixed_time,,,missing_target_record,,,,,False
2,50,50,4,A_G1_time_average,,,missing_target_record,,,,,False
2,50,50,4,A_G2_time_average,,,missing_target_record,,,,,False
2,50,50,4,A_G2_minus_G1_time_average,,,missing_target_record,,,,,False
2,50,50,4,B_G1_fixed_time,,,missing_target_record,,,,,False
2,50,50,4,B_G2_fixed_time,,,missing_target_record,,,,,False
2,50,50,4,B_G2_minus_G1_fixed_time,,,missing_target_record,,,,,False
2,50,50,4,B_G1_time_average,,,missing_target_record,,,,,False
2,50,50,4,B_G2_time_average,,,missing_target_record,,,,,False
2,50,50,4,B_G2_minus_G1_time_average,,,missing_target_record,,,,,False
2,50,50,5,A_entry,,,missing_target_record,,,,,False
2,50,50,5,B_entry,,,missing_target_record,,,,,False
2,50,50,5,A_fixed_time_mean,,,missing_target_record,,,,,False
2,50,50,5,B_fixed_time_mean,,,missing_target_record,,,,,False
2,50,50,5,A_full_mean,,,missing_target_record,,,,,False
2,50,50,5,B_full_mean,,,missing_target_record,,,,,False
2,50,50,5,A_G1_fixed_time,,,missing_target_record,,,,,False
2,50,50,5,A_G2_fixed_time,,,missing_target_record,,,,,False
2,50,50,5,A_G2_minus_G1_fixed_time,,,missing_target_record,,,,,False
2,50,50,5,A_G1_time_average,,,missing_target_record,,,,,False
2,50,50,5,A_G2_time_average,,,missing_target_record,,,,,False
2,50,50,5,A_G2_minus_G1_time_average,,,missing_target_record,,,,,False
2,50,50,5,B_G1_fixed_time,,,missing_target_record,,,,,False
2,50,50,5,B_G2_fixed_time,,,missing_target_record,,,,,False
2,50,50,5,B_G2_minus_G1_fixed_time,,,missing_target_record,,,,,False
2,50,50,5,B_G1_time_average,,,missing_target_record,,,,,False
2,50,50,5,B_G2_time_average,,,missing_target_record,,,,,False
2,50,50,5,B_G2_minus_G1_time_average,,,missing_target_record,,,,,False
2,50,50,6,A_entry,,,missing_target_record,,,,,False
2,50,50,6,B_entry,,,missing_target_record,,,,,False
2,50,50,6,A_fixed_time_mean,,,missing_target_record,,,,,False
2,50,50,6,B_fixed_time_mean,,,missing_target_record,,,,,False
2,50,50,6,A_full_mean,,,missing_target_record,,,,,False
2,50,50,6,B_full_mean,,,missing_target_record,,,,,False
2,50,50,6,A_G1_fixed_time,,,missing_target_record,,,,,False
2,50,50,6,A_G2_fixed_time,,,missing_target_record,,,,,False
2,50,50,6,A_G2_minus_G1_fixed_time,,,missing_target_record,,,,,False
2,50,50,6,A_G1_time_average,,,missing_target_record,,,,,False
2,50,50,6,A_G2_time_average,,,missing_target_record,,,,,False
2,50,50,6,A_G2_minus_G1_time_average,,,missing_target_record,,,,,False
2,50,50,6,B_G1_fixed_time,,,missing_target_record,,,,,False
2,50,50,6,B_G2_fixed_time,,,missing_target_record,,,,,False
2,50,50,6,B_G2_minus_G1_fixed_time,,,missing_target_record,,,,,False
2,50,50,6,B_G1_time_average,,,missing_target_record,,,,,False
2,50,50,6,B_G2_time_average,,,missing_target_record,,,,,False
2,50,50,6,B_G2_minus_G1_time_average,,,missing_target_record,,,,,False
2,50,50,7,A_entry,,,missing_target_record,,,,,False
2,50,50,7,B_entry,,,missing_target_record,,,,,False
2,50,50,7,A_fixed_time_mean,,,missing_target_record,,,,,False
2,50,50,7,B_fixed_time_mean,,,missing_target_record,,,,,False
2,50,50,7,A_full_mean,,,missing_target_record,,,,,False
2,50,50,7,B_full_mean,,,missing_target_record,,,,,False
2,50,50,7,A_G1_fixed_time,,,missing_target_record,,,,,False
2,50,50,7,A_G2_fixed_time,,,missing_target_record,,,,,False
2,50,50,7,A_G2_minus_G1_fixed_time,,,missing_target_record,,,,,False
2,50,50,7,A_G1_time_average,,,missing_target_record,,,,,False
2,50,50,7,A_G2_time_average,,,missing_target_record,,,,,False
2,50,50,7,A_G2_minus_G1_time_average,,,missing_target_record,,,,,False
2,50,50,7,B_G1_fixed_time,,,missing_target_record,,,,,False
2,50,50,7,B_G2_fixed_time,,,missing_target_record,,,,,False
2,50,50,7,B_G2_minus_G1_fixed_time,,,missing_target_record,,,,,False
2,50,50,7,B_G1_time_average,,,missing_target_record,,,,,False
2,50,50,7,B_G2_time_average,,,missing_target_record,,,,,False
2,50,50,7,B_G2_minus_G1_time_average,,,missing_target_record,,,,,False
2,50,50,8,A_entry,,,missing_target_record,,,,,False
2,50,50,8,B_entry,,,missing_target_record,,,,,False
2,50,50,8,A_fixed_time_mean,,,missing_target_record,,,,,False
2,50,50,8,B_fixed_time_mean,,,missing_target_record,,,,,False
2,50,50,8,A_full_mean,,,missing_target_record,,,,,False
2,50,50,8,B_full_mean,,,missing_target_record,,,,,False
2,50,50,8,A_G1_fixed_time,,,missing_target_record,,,,,False
2,50,50,8,A_G2_fixed_time,,,missing_target_record,,,,,False
2,50,50,8,A_G2_minus_G1_fixed_time,,,missing_target_record,,,,,False
2,50,50,8,A_G1_time_average,,,missing_target_record,,,,,False
2,50,50,8,A_G2_time_average,,,missing_target_record,,,,,False
2,50,50,8,A_G2_minus_G1_time_average,,,missing_target_record,,,,,False
2,50,50,8,B_G1_fixed_time,,,missing_target_record,,,,,False
2,50,50,8,B_G2_fixed_time,,,missing_target_record,,,,,False
2,50,50,8,B_G2_minus_G1_fixed_time,,,missing_target_record,,,,,False
2,50,50,8,B_G1_time_average,,,missing_target_record,,,,,False
2,50,50,8,B_G2_time_average,,,missing_target_record,,,,,False
2,50,50,8,B_G2_minus_G1_time_average,,,missing_target_record,,,,,False
2,50,50,9,A_entry,,,missing_target_record,,,,,False
2,50,50,9,B_entry,,,missing_target_record,,,,,False
2,50,50,9,A_fixed_time_mean,,,missing_target_record,,,,,False
2,50,50,9,B_fixed_time_mean,,,missing_target_record,,,,,False
2,50,50,9,A_full_mean,,,missing_target_record,,,,,False
2,50,50,9,B_full_mean,,,missing_target_record,,,,,False
2,50,50,9,A_G1_fixed_time,,,missing_target_record,,,,,False
2,50,50,9,A_G2_fixed_time,,,missing_target_record,,,,,False
2,50,50,9,A_G2_minus_G1_fixed_time,,,missing_target_record,,,,,False
2,50,50,9,A_G1_time_average,,,missing_target_record,,,,,False
2,50,50,9,A_G2_time_average,,,missing_target_record,,,,,False
2,50,50,9,A_G2_minus_G1_time_average,,,missing_target_record,,,,,False
2,50,50,9,B_G1_fixed_time,,,missing_target_record,,,,,False
2,50,50,9,B_G2_fixed_time,,,missing_target_record,,,,,False
2,50,50,9,B_G2_minus_G1_fixed_time,,,missing_target_record,,,,,False
2,50,50,9,B_G1_time_average,,,missing_target_record,,,,,False
2,50,50,9,B_G2_time_average,,,missing_target_record,,,,,False
2,50,50,9,B_G2_minus_G1_time_average,,,missing_target_record,,,,,False
2,50,50,10,A_entry,,,missing_target_record,,,,,False
2,50,50,10,B_entry,,,missing_target_record,,,,,False
2,50,50,10,A_fixed_time_mean,,,missing_target_record,,,,,False
2,50,50,10,B_fixed_time_mean,,,missing_target_record,,,,,False
2,50,50,10,A_full_mean,,,missing_target_record,,,,,False
2,50,50,10,B_full_mean,,,missing_target_record,,,,,False
2,50,50,10,A_G1_fixed_time,,,missing_target_record,,,,,False
2,50,50,10,A_G2_fixed_time,,,missing_target_record,,,,,False
2,50,50,10,A_G2_minus_G1_fixed_time,,,missing_target_record,,,,,False
2,50,50,10,A_G1_time_average,,,missing_target_record,,,,,False
2,50,50,10,A_G2_time_average,,,missing_target_record,,,,,False
2,50,50,10,A_G2_minus_G1_time_average,,,missing_target_record,,,,,False
2,50,50,10,B_G1_fixed_time,,,missing_target_record,,,,,False
2,50,50,10,B_G2_fixed_time,,,missing_target_record,,,,,False
2,50,50,10,B_G2_minus_G1_fixed_time,,,missing_target_record,,,,,False
2,50,50,10,B_G1_time_average,,,missing_target_record,,,,,False
2,50,50,10,B_G2_time_average,,,missing_target_record,,,,,False
2,50,50,10,B_G2_minus_G1_time_average,,,missing_target_record,,,,,False
2,50,50,11,A_entry,,,missing_target_record,,,,,False
2,50,50,11,B_entry,,,missing_target_record,,,,,False
2,50,50,11,A_fixed_time_mean,,,missing_target_record,,,,,False
2,50,50,11,B_fixed_time_mean,,,missing_target_record,,,,,False
2,50,50,11,A_full_mean,,,missing_target_record,,,,,False
2,50,50,11,B_full_mean,,,missing_target_record,,,,,False
2,50,50,11,A_G1_fixed_time,,,missing_target_record,,,,,False
2,50,50,11,A_G2_fixed_time,,,missing_target_record,,,,,False
2,50,50,11,A_G2_minus_G1_fixed_time,,,missing_target_record,,,,,False
2,50,50,11,A_G1_time_average,,,missing_target_record,,,,,False
2,50,50,11,A_G2_time_average,,,missing_target_record,,,,,False
2,50,50,11,A_G2_minus_G1_time_average,,,missing_target_record,,,,,False
2,50,50,11,B_G1_fixed_time,,,missing_target_record,,,,,False
2,50,50,11,B_G2_fixed_time,,,missing_target_record,,,,,False
2,50,50,11,B_G2_minus_G1_fixed_time,,,missing_target_record,,,,,False
2,50,50,11,B_G1_time_average,,,missing_target_record,,,,,False
2,50,50,11,B_G2_time_average,,,missing_target_record,,,,,False
2,50,50,11,B_G2_minus_G1_time_average,,,missing_target_record,,,,,False
2,50,50,12,A_entry,,,missing_target_record,,,,,False
2,50,50,12,B_entry,,,missing_target_record,,,,,False
2,50,50,12,A_fixed_time_mean,,,missing_target_record,,,,,False
2,50,50,12,B_fixed_time_mean,,,missing_target_record,,,,,False
2,50,50,12,A_full_mean,,,missing_target_record,,,,,False
2,50,50,12,B_full_mean,,,missing_target_record,,,,,False
2,50,50,12,A_G1_fixed_time,,,missing_target_record,,,,,False
2,50,50,12,A_G2_fixed_time,,,missing_target_record,,,,,False
2,50,50,12,A_G2_minus_G1_fixed_time,,,missing_target_record,,,,,False
2,50,50,12,A_G1_time_average,,,missing_target_record,,,,,False
2,50,50,12,A_G2_time_average,,,missing_target_record,,,,,False
2,50,50,12,A_G2_minus_G1_time_average,,,missing_target_record,,,,,False
2,50,50,12,B_G1_fixed_time,,,missing_target_record,,,,,False
2,50,50,12,B_G2_fixed_time,,,missing_target_record,,,,,False
2,50,50,12,B_G2_minus_G1_fixed_time,,,missing_target_record,,,,,False
2,50,50,12,B_G1_time_average,,,missing_target_record,,,,,False
2,50,50,12,B_G2_time_average,,,missing_target_record,,,,,False
2,50,50,12,B_G2_minus_G1_time_average,,,missing_target_record,,,,,False
2,50,50,13,A_entry,,,missing_target_record,,,,,False
2,50,50,13,B_entry,,,missing_target_record,,,,,False
2,50,50,13,A_fixed_time_mean,,,missing_target_record,,,,,False
2,50,50,13,B_fixed_time_mean,,,missing_target_record,,,,,False
2,50,50,13,A_full_mean,,,missing_target_record,,,,,False
2,50,50,13,B_full_mean,,,missing_target_record,,,,,False
2,50,50,13,A_G1_fixed_time,,,missing_target_record,,,,,False
2,50,50,13,A_G2_fixed_time,,,missing_target_record,,,,,False
2,50,50,13,A_G2_minus_G1_fixed_time,,,missing_target_record,,,,,False
2,50,50,13,A_G1_time_average,,,missing_target_record,,,,,False
2,50,50,13,A_G2_time_average,,,missing_target_record,,,,,False
2,50,50,13,A_G2_minus_G1_time_average,,,missing_target_record,,,,,False
2,50,50,13,B_G1_fixed_time,,,missing_target_record,,,,,False
2,50,50,13,B_G2_fixed_time,,,missing_target_record,,,,,False
2,50,50,13,B_G2_minus_G1_fixed_time,,,missing_target_record,,,,,False
2,50,50,13,B_G1_time_average,,,missing_target_record,,,,,False
2,50,50,13,B_G2_time_average,,,missing_target_record,,,,,False
2,50,50,13,B_G2_minus_G1_time_average,,,missing_target_record,,,,,False
2,50,50,14,A_entry,,,missing_target_record,,,,,False
2,50,50,14,B_entry,,,missing_target_record,,,,,False
2,50,50,14,A_fixed_time_mean,,,missing_target_record,,,,,False
2,50,50,14,B_fixed_time_mean,,,missing_target_record,,,,,False
2,50,50,14,A_full_mean,,,missing_target_record,,,,,False
2,50,50,14,B_full_mean,,,missing_target_record,,,,,False
2,50,50,14,A_G1_fixed_time,,,missing_target_record,,,,,False
2,50,50,14,A_G2_fixed_time,,,missing_target_record,,,,,False
2,50,50,14,A_G2_minus_G1_fixed_time,,,missing_target_record,,,,,False
2,50,50,14,A_G1_time_average,,,missing_target_record,,,,,False
2,50,50,14,A_G2_time_average,,,missing_target_record,,,,,False
2,50,50,14,A_G2_minus_G1_time_average,,,missing_target_record,,,,,False
2,50,50,14,B_G1_fixed_time,,,missing_target_record,,,,,False
2,50,50,14,B_G2_fixed_time,,,missing_target_record,,,,,False
2,50,50,14,B_G2_minus_G1_fixed_time,,,missing_target_record,,,,,False
2,50,50,14,B_G1_time_average,,,missing_target_record,,,,,False
2,50,50,14,B_G2_time_average,,,missing_target_record,,,,,False
2,50,50,14,B_G2_minus_G1_time_average,,,missing_target_record,,,,,False
2,50,50,15,A_entry,,,missing_target_record,,,,,False
2,50,50,15,B_entry,,,missing_target_record,,,,,False
2,50,50,15,A_fixed_time_mean,,,missing_target_record,,,,,False
2,50,50,15,B_fixed_time_mean,,,missing_target_record,,,,,False
2,50,50,15,A_full_mean,,,missing_target_record,,,,,False
2,50,50,15,B_full_mean,,,missing_target_record,,,,,False
2,50,50,15,A_G1_fixed_time,,,missing_target_record,,,,,False
2,50,50,15,A_G2_fixed_time,,,missing_target_record,,,,,False
2,50,50,15,A_G2_minus_G1_fixed_time,,,missing_target_record,,,,,False
2,50,50,15,A_G1_time_average,,,missing_target_record,,,,,False
2,50,50,15,A_G2_time_average,,,missing_target_record,,,,,False
2,50,50,15,A_G2_minus_G1_time_average,,,missing_target_record,,,,,False
2,50,50,15,B_G1_fixed_time,,,missing_target_record,,,,,False
2,50,50,15,B_G2_fixed_time,,,missing_target_record,,,,,False
2,50,50,15,B_G2_minus_G1_fixed_time,,,missing_target_record,,,,,False
2,50,50,15,B_G1_time_average,,,missing_target_record,,,,,False
2,50,50,15,B_G2_time_average,,,missing_target_record,,,,,False
2,50,50,15,B_G2_minus_G1_time_average,,,missing_target_record,,,,,False
2,50,50,16,A_entry,,,missing_target_record,,,,,False
2,50,50,16,B_entry,,,missing_target_record,,,,,False
2,50,50,16,A_fixed_time_mean,,,missing_target_record,,,,,False
2,50,50,16,B_fixed_time_mean,,,missing_target_record,,,,,False
2,50,50,16,A_full_mean,,,missing_target_record,,,,,False
2,50,50,16,B_full_mean,,,missing_target_record,,,,,False
2,50,50,16,A_G1_fixed_time,,,missing_target_record,,,,,False
2,50,50,16,A_G2_fixed_time,,,missing_target_record,,,,,False
2,50,50,16,A_G2_minus_G1_fixed_time,,,missing_target_record,,,,,False
2,50,50,16,A_G1_time_average,,,missing_target_record,,,,,False
2,50,50,16,A_G2_time_average,,,missing_target_record,,,,,False
2,50,50,16,A_G2_minus_G1_time_average,,,missing_target_record,,,,,False
2,50,50,16,B_G1_fixed_time,,,missing_target_record,,,,,False
2,50,50,16,B_G2_fixed_time,,,missing_target_record,,,,,False
2,50,50,16,B_G2_minus_G1_fixed_time,,,missing_target_record,,,,,False
2,50,50,16,B_G1_time_average,,,missing_target_record,,,,,False
2,50,50,16,B_G2_time_average,,,missing_target_record,,,,,False
2,50,50,16,B_G2_minus_G1_time_average,,,missing_target_record,,,,,False
2,50,50,17,A_entry,,,missing_target_record,,,,,False
2,50,50,17,B_entry,,,missing_target_record,,,,,False
2,50,50,17,A_fixed_time_mean,,,missing_target_record,,,,,False
2,50,50,17,B_fixed_time_mean,,,missing_target_record,,,,,False
2,50,50,17,A_full_mean,,,missing_target_record,,,,,False
2,50,50,17,B_full_mean,,,missing_target_record,,,,,False
2,50,50,17,A_G1_fixed_time,,,missing_target_record,,,,,False
2,50,50,17,A_G2_fixed_time,,,missing_target_record,,,,,False
2,50,50,17,A_G2_minus_G1_fixed_time,,,missing_target_record,,,,,False
2,50,50,17,A_G1_time_average,,,missing_target_record,,,,,False
2,50,50,17,A_G2_time_average,,,missing_target_record,,,,,False
2,50,50,17,A_G2_minus_G1_time_average,,,missing_target_record,,,,,False
2,50,50,17,B_G1_fixed_time,,,missing_target_record,,,,,False
2,50,50,17,B_G2_fixed_time,,,missing_target_record,,,,,False
2,50,50,17,B_G2_minus_G1_fixed_time,,,missing_target_record,,,,,False
2,50,50,17,B_G1_time_average,,,missing_target_record,,,,,False
2,50,50,17,B_G2_time_average,,,missing_target_record,,,,,False
2,50,50,17,B_G2_minus_G1_time_average,,,missing_target_record,,,,,False
2,50,50,18,A_entry,,,missing_target_record,,,,,False
2,50,50,18,B_entry,,,missing_target_record,,,,,False
2,50,50,18,A_fixed_time_mean,,,missing_target_record,,,,,False
2,50,50,18,B_fixed_time_mean,,,missing_target_record,,,,,False
2,50,50,18,A_full_mean,,,missing_target_record,,,,,False
2,50,50,18,B_full_mean,,,missing_target_record,,,,,False
2,50,50,18,A_G1_fixed_time,,,missing_target_record,,,,,False
2,50,50,18,A_G2_fixed_time,,,missing_target_record,,,,,False
2,50,50,18,A_G2_minus_G1_fixed_time,,,missing_target_record,,,,,False
2,50,50,18,A_G1_time_average,,,missing_target_record,,,,,False
2,50,50,18,A_G2_time_average,,,missing_target_record,,,,,False
2,50,50,18,A_G2_minus_G1_time_average,,,missing_target_record,,,,,False
2,50,50,18,B_G1_fixed_time,,,missing_target_record,,,,,False
2,50,50,18,B_G2_fixed_time,,,missing_target_record,,,,,False
2,50,50,18,B_G2_minus_G1_fixed_time,,,missing_target_record,,,,,False
2,50,50,18,B_G1_time_average,,,missing_target_record,,,,,False
2,50,50,18,B_G2_time_average,,,missing_target_record,,,,,False
2,50,50,18,B_G2_minus_G1_time_average,,,missing_target_record,,,,,False
2,50,50,19,A_entry,,,missing_target_record,,,,,False
2,50,50,19,B_entry,,,missing_target_record,,,,,False
2,50,50,19,A_fixed_time_mean,,,missing_target_record,,,,,False
2,50,50,19,B_fixed_time_mean,,,missing_target_record,,,,,False
2,50,50,19,A_full_mean,,,missing_target_record,,,,,False
2,50,50,19,B_full_mean,,,missing_target_record,,,,,False
2,50,50,19,A_G1_fixed_time,,,missing_target_record,,,,,False
2,50,50,19,A_G2_fixed_time,,,missing_target_record,,,,,False
2,50,50,19,A_G2_minus_G1_fixed_time,,,missing_target_record,,,,,False
2,50,50,19,A_G1_time_average,,,missing_target_record,,,,,False
2,50,50,19,A_G2_time_average,,,missing_target_record,,,,,False
2,50,50,19,A_G2_minus_G1_time_average,,,missing_target_record,,,,,False
2,50,50,19,B_G1_fixed_time,,,missing_target_record,,,,,False
2,50,50,19,B_G2_fixed_time,,,missing_target_record,,,,,False
2,50,50,19,B_G2_minus_G1_fixed_time,,,missing_target_record,,,,,False
2,50,50,19,B_G1_time_average,,,missing_target_record,,,,,False
2,50,50,19,B_G2_time_average,,,missing_target_record,,,,,False
2,50,50,19,B_G2_minus_G1_time_average,,,missing_target_record,,,,,False
2,50,50,20,A_entry,,,missing_target_record,,,,,False
2,50,50,20,B_entry,,,missing_target_record,,,,,False
2,50,50,20,A_fixed_time_mean,,,missing_target_record,,,,,False
2,50,50,20,B_fixed_time_mean,,,missing_target_record,,,,,False
2,50,50,20,A_full_mean,,,missing_target_record,,,,,False
2,50,50,20,B_full_mean,,,missing_target_record,,,,,False
2,50,50,20,A_G1_fixed_time,,,missing_target_record,,,,,False
2,50,50,20,A_G2_fixed_time,,,missing_target_record,,,,,False
2,50,50,20,A_G2_minus_G1_fixed_time,,,missing_target_record,,,,,False
2,50,50,20,A_G1_time_average,,,missing_target_record,,,,,False
2,50,50,20,A_G2_time_average,,,missing_target_record,,,,,False
2,50,50,20,A_G2_minus_G1_time_average,,,missing_target_record,,,,,False
2,50,50,20,B_G1_fixed_time,,,missing_target_record,,,,,False
2,50,50,20,B_G2_fixed_time,,,missing_target_record,,,,,False
2,50,50,20,B_G2_minus_G1_fixed_time,,,missing_target_record,,,,,False
2,50,50,20,B_G1_time_average,,,missing_target_record,,,,,False
2,50,50,20,B_G2_time_average,,,missing_target_record,,,,,False
2,50,50,20,B_G2_minus_G1_time_average,,,missing_target_record,,,,,False
2,50,50,21,A_entry,,,missing_target_record,,,,,False
2,50,50,21,B_entry,,,missing_target_record,,,,,False
2,50,50,21,A_fixed_time_mean,,,missing_target_record,,,,,False
2,50,50,21,B_fixed_time_mean,,,missing_target_record,,,,,False
2,50,50,21,A_full_mean,,,missing_target_record,,,,,False
2,50,50,21,B_full_mean,,,missing_target_record,,,,,False
2,50,50,21,A_G1_fixed_time,,,missing_target_record,,,,,False
2,50,50,21,A_G2_fixed_time,,,missing_target_record,,,,,False
2,50,50,21,A_G2_minus_G1_fixed_time,,,missing_target_record,,,,,False
2,50,50,21,A_G1_time_average,,,missing_target_record,,,,,False
2,50,50,21,A_G2_time_average,,,missing_target_record,,,,,False
2,50,50,21,A_G2_minus_G1_time_average,,,missing_target_record,,,,,False
2,50,50,21,B_G1_fixed_time,,,missing_target_record,,,,,False
2,50,50,21,B_G2_fixed_time,,,missing_target_record,,,,,False
2,50,50,21,B_G2_minus_G1_fixed_time,,,missing_target_record,,,,,False
2,50,50,21,B_G1_time_average,,,missing_target_record,,,,,False
2,50,50,21,B_G2_time_average,,,missing_target_record,,,,,False
2,50,50,21,B_G2_minus_G1_time_average,,,missing_target_record,,,,,False
2,50,50,22,A_entry,,,missing_target_record,,,,,False
2,50,50,22,B_entry,,,missing_target_record,,,,,False
2,50,50,22,A_fixed_time_mean,,,missing_target_record,,,,,False
2,50,50,22,B_fixed_time_mean,,,missing_target_record,,,,,False
2,50,50,22,A_full_mean,,,missing_target_record,,,,,False
2,50,50,22,B_full_mean,,,missing_target_record,,,,,False
2,50,50,22,A_G1_fixed_time,,,missing_target_record,,,,,False
2,50,50,22,A_G2_fixed_time,,,missing_target_record,,,,,False
2,50,50,22,A_G2_minus_G1_fixed_time,,,missing_target_record,,,,,False
2,50,50,22,A_G1_time_average,,,missing_target_record,,,,,False
2,50,50,22,A_G2_time_average,,,missing_target_record,,,,,False
2,50,50,22,A_G2_minus_G1_time_average,,,missing_target_record,,,,,False
2,50,50,22,B_G1_fixed_time,,,missing_target_record,,,,,False
2,50,50,22,B_G2_fixed_time,,,missing_target_record,,,,,False
2,50,50,22,B_G2_minus_G1_fixed_time,,,missing_target_record,,,,,False
2,50,50,22,B_G1_time_average,,,missing_target_record,,,,,False
2,50,50,22,B_G2_time_average,,,missing_target_record,,,,,False
2,50,50,22,B_G2_minus_G1_time_average,,,missing_target_record,,,,,False
2,50,50,23,A_entry,,,missing_target_record,,,,,False
2,50,50,23,B_entry,,,missing_target_record,,,,,False
2,50,50,23,A_fixed_time_mean,,,missing_target_record,,,,,False
2,50,50,23,B_fixed_time_mean,,,missing_target_record,,,,,False
2,50,50,23,A_full_mean,,,missing_target_record,,,,,False
2,50,50,23,B_full_mean,,,missing_target_record,,,,,False
2,50,50,23,A_G1_fixed_time,,,missing_target_record,,,,,False
2,50,50,23,A_G2_fixed_time,,,missing_target_record,,,,,False
2,50,50,23,A_G2_minus_G1_fixed_time,,,missing_target_record,,,,,False
2,50,50,23,A_G1_time_average,,,missing_target_record,,,,,False
2,50,50,23,A_G2_time_average,,,missing_target_record,,,,,False
2,50,50,23,A_G2_minus_G1_time_average,,,missing_target_record,,,,,False
2,50,50,23,B_G1_fixed_time,,,missing_target_record,,,,,False
2,50,50,23,B_G2_fixed_time,,,missing_target_record,,,,,False
2,50,50,23,B_G2_minus_G1_fixed_time,,,missing_target_record,,,,,False
2,50,50,23,B_G1_time_average,,,missing_target_record,,,,,False
2,50,50,23,B_G2_time_average,,,missing_target_record,,,,,False
2,50,50,23,B_G2_minus_G1_time_average,,,missing_target_record,,,,,False
2,50,50,24,A_entry,,,missing_target_record,,,,,False
2,50,50,24,B_entry,,,missing_target_record,,,,,False
2,50,50,24,A_fixed_time_mean,,,missing_target_record,,,,,False
2,50,50,24,B_fixed_time_mean,,,missing_target_record,,,,,False
2,50,50,24,A_full_mean,,,missing_target_record,,,,,False
2,50,50,24,B_full_mean,,,missing_target_record,,,,,False
2,50,50,24,A_G1_fixed_time,,,missing_target_record,,,,,False
2,50,50,24,A_G2_fixed_time,,,missing_target_record,,,,,False
2,50,50,24,A_G2_minus_G1_fixed_time,,,missing_target_record,,,,,False
2,50,50,24,A_G1_time_average,,,missing_target_record,,,,,False
2,50,50,24,A_G2_time_average,,,missing_target_record,,,,,False
2,50,50,24,A_G2_minus_G1_time_average,,,missing_target_record,,,,,False
2,50,50,24,B_G1_fixed_time,,,missing_target_record,,,,,False
2,50,50,24,B_G2_fixed_time,,,missing_target_record,,,,,False
2,50,50,24,B_G2_minus_G1_fixed_time,,,missing_target_record,,,,,False
2,50,50,24,B_G1_time_average,,,missing_target_record,,,,,False
2,50,50,24,B_G2_time_average,,,missing_target_record,,,,,False
2,50,50,24,B_G2_minus_G1_time_average,,,missing_target_record,,,,,False
2,50,50,25,A_entry,,,missing_target_record,,,,,False
2,50,50,25,B_entry,,,missing_target_record,,,,,False
2,50,50,25,A_fixed_time_mean,,,missing_target_record,,,,,False
2,50,50,25,B_fixed_time_mean,,,missing_target_record,,,,,False
2,50,50,25,A_full_mean,,,missing_target_record,,,,,False
2,50,50,25,B_full_mean,,,missing_target_record,,,,,False
2,50,50,25,A_G1_fixed_time,,,missing_target_record,,,,,False
2,50,50,25,A_G2_fixed_time,,,missing_target_record,,,,,False
2,50,50,25,A_G2_minus_G1_fixed_time,,,missing_target_record,,,,,False
2,50,50,25,A_G1_time_average,,,missing_target_record,,,,,False
2,50,50,25,A_G2_time_average,,,missing_target_record,,,,,False
2,50,50,25,A_G2_minus_G1_time_average,,,missing_target_record,,,,,False
2,50,50,25,B_G1_fixed_time,,,missing_target_record,,,,,False
2,50,50,25,B_G2_fixed_time,,,missing_target_record,,,,,False
2,50,50,25,B_G2_minus_G1_fixed_time,,,missing_target_record,,,,,False
2,50,50,25,B_G1_time_average,,,missing_target_record,,,,,False
2,50,50,25,B_G2_time_average,,,missing_target_record,,,,,False
2,50,50,25,B_G2_minus_G1_time_average,,,missing_target_record,,,,,False
2,50,50,26,A_entry,,,missing_target_record,,,,,False
2,50,50,26,B_entry,,,missing_target_record,,,,,False
2,50,50,26,A_fixed_time_mean,,,missing_target_record,,,,,False
2,50,50,26,B_fixed_time_mean,,,missing_target_record,,,,,False
2,50,50,26,A_full_mean,,,missing_target_record,,,,,False
2,50,50,26,B_full_mean,,,missing_target_record,,,,,False
2,50,50,26,A_G1_fixed_time,,,missing_target_record,,,,,False
2,50,50,26,A_G2_fixed_time,,,missing_target_record,,,,,False
2,50,50,26,A_G2_minus_G1_fixed_time,,,missing_target_record,,,,,False
2,50,50,26,A_G1_time_average,,,missing_target_record,,,,,False
2,50,50,26,A_G2_time_average,,,missing_target_record,,,,,False
2,50,50,26,A_G2_minus_G1_time_average,,,missing_target_record,,,,,False
2,50,50,26,B_G1_fixed_time,,,missing_target_record,,,,,False
2,50,50,26,B_G2_fixed_time,,,missing_target_record,,,,,False
2,50,50,26,B_G2_minus_G1_fixed_time,,,missing_target_record,,,,,False
2,50,50,26,B_G1_time_average,,,missing_target_record,,,,,False
2,50,50,26,B_G2_time_average,,,missing_target_record,,,,,False
2,50,50,26,B_G2_minus_G1_time_average,,,missing_target_record,,,,,False
2,50,50,27,A_entry,,,missing_target_record,,,,,False
2,50,50,27,B_entry,,,missing_target_record,,,,,False
2,50,50,27,A_fixed_time_mean,,,missing_target_record,,,,,False
2,50,50,27,B_fixed_time_mean,,,missing_target_record,,,,,False
2,50,50,27,A_full_mean,,,missing_target_record,,,,,False
2,50,50,27,B_full_mean,,,missing_target_record,,,,,False
2,50,50,27,A_G1_fixed_time,,,missing_target_record,,,,,False
2,50,50,27,A_G2_fixed_time,,,missing_target_record,,,,,False
2,50,50,27,A_G2_minus_G1_fixed_time,,,missing_target_record,,,,,False
2,50,50,27,A_G1_time_average,,,missing_target_record,,,,,False
2,50,50,27,A_G2_time_average,,,missing_target_record,,,,,False
2,50,50,27,A_G2_minus_G1_time_average,,,missing_target_record,,,,,False
2,50,50,27,B_G1_fixed_time,,,missing_target_record,,,,,False
2,50,50,27,B_G2_fixed_time,,,missing_target_record,,,,,False
2,50,50,27,B_G2_minus_G1_fixed_time,,,missing_target_record,,,,,False
2,50,50,27,B_G1_time_average,,,missing_target_record,,,,,False
2,50,50,27,B_G2_time_average,,,missing_target_record,,,,,False
2,50,50,27,B_G2_minus_G1_time_average,,,missing_target_record,,,,,False
2,50,50,28,A_entry,,,missing_target_record,,,,,False
2,50,50,28,B_entry,,,missing_target_record,,,,,False
2,50,50,28,A_fixed_time_mean,,,missing_target_record,,,,,False
2,50,50,28,B_fixed_time_mean,,,missing_target_record,,,,,False
2,50,50,28,A_full_mean,,,missing_target_record,,,,,False
2,50,50,28,B_full_mean,,,missing_target_record,,,,,False
2,50,50,28,A_G1_fixed_time,,,missing_target_record,,,,,False
2,50,50,28,A_G2_fixed_time,,,missing_target_record,,,,,False
2,50,50,28,A_G2_minus_G1_fixed_time,,,missing_target_record,,,,,False
2,50,50,28,A_G1_time_average,,,missing_target_record,,,,,False
2,50,50,28,A_G2_time_average,,,missing_target_record,,,,,False
2,50,50,28,A_G2_minus_G1_time_average,,,missing_target_record,,,,,False
2,50,50,28,B_G1_fixed_time,,,missing_target_record,,,,,False
2,50,50,28,B_G2_fixed_time,,,missing_target_record,,,,,False
2,50,50,28,B_G2_minus_G1_fixed_time,,,missing_target_record,,,,,False
2,50,50,28,B_G1_time_average,,,missing_target_record,,,,,False
2,50,50,28,B_G2_time_average,,,missing_target_record,,,,,False
2,50,50,28,B_G2_minus_G1_time_average,,,missing_target_record,,,,,False
2,50,50,29,A_entry,,,missing_target_record,,,,,False
2,50,50,29,B_entry,,,missing_target_record,,,,,False
2,50,50,29,A_fixed_time_mean,,,missing_target_record,,,,,False
2,50,50,29,B_fixed_time_mean,,,missing_target_record,,,,,False
2,50,50,29,A_full_mean,,,missing_target_record,,,,,False
2,50,50,29,B_full_mean,,,missing_target_record,,,,,False
2,50,50,29,A_G1_fixed_time,,,missing_target_record,,,,,False
2,50,50,29,A_G2_fixed_time,,,missing_target_record,,,,,False
2,50,50,29,A_G2_minus_G1_fixed_time,,,missing_target_record,,,,,False
2,50,50,29,A_G1_time_average,,,missing_target_record,,,,,False
2,50,50,29,A_G2_time_average,,,missing_target_record,,,,,False
2,50,50,29,A_G2_minus_G1_time_average,,,missing_target_record,,,,,False
2,50,50,29,B_G1_fixed_time,,,missing_target_record,,,,,False
2,50,50,29,B_G2_fixed_time,,,missing_target_record,,,,,False
2,50,50,29,B_G2_minus_G1_fixed_time,,,missing_target_record,,,,,False
2,50,50,29,B_G1_time_average,,,missing_target_record,,,,,False
2,50,50,29,B_G2_time_average,,,missing_target_record,,,,,False
2,50,50,29,B_G2_minus_G1_time_average,,,missing_target_record,,,,,False
2,50,50,30,A_entry,,,missing_target_record,,,,,False
2,50,50,30,B_entry,,,missing_target_record,,,,,False
2,50,50,30,A_fixed_time_mean,,,missing_target_record,,,,,False
2,50,50,30,B_fixed_time_mean,,,missing_target_record,,,,,False
2,50,50,30,A_full_mean,,,missing_target_record,,,,,False
2,50,50,30,B_full_mean,,,missing_target_record,,,,,False
2,50,50,30,A_G1_fixed_time,,,missing_target_record,,,,,False
2,50,50,30,A_G2_fixed_time,,,missing_target_record,,,,,False
2,50,50,30,A_G2_minus_G1_fixed_time,,,missing_target_record,,,,,False
2,50,50,30,A_G1_time_average,,,missing_target_record,,,,,False
2,50,50,30,A_G2_time_average,,,missing_target_record,,,,,False
2,50,50,30,A_G2_minus_G1_time_average,,,missing_target_record,,,,,False
2,50,50,30,B_G1_fixed_time,,,missing_target_record,,,,,False
2,50,50,30,B_G2_fixed_time,,,missing_target_record,,,,,False
2,50,50,30,B_G2_minus_G1_fixed_time,,,missing_target_record,,,,,False
2,50,50,30,B_G1_time_average,,,missing_target_record,,,,,False
2,50,50,30,B_G2_time_average,,,missing_target_record,,,,,False
2,50,50,30,B_G2_minus_G1_time_average,,,missing_target_record,,,,,False
2,50,50,31,A_entry,,,missing_target_record,,,,,False
2,50,50,31,B_entry,,,missing_target_record,,,,,False
2,50,50,31,A_fixed_time_mean,,,missing_target_record,,,,,False
2,50,50,31,B_fixed_time_mean,,,missing_target_record,,,,,False
2,50,50,31,A_full_mean,,,missing_target_record,,,,,False
2,50,50,31,B_full_mean,,,missing_target_record,,,,,False
2,50,50,31,A_G1_fixed_time,,,missing_target_record,,,,,False
2,50,50,31,A_G2_fixed_time,,,missing_target_record,,,,,False
2,50,50,31,A_G2_minus_G1_fixed_time,,,missing_target_record,,,,,False
2,50,50,31,A_G1_time_average,,,missing_target_record,,,,,False
2,50,50,31,A_G2_time_average,,,missing_target_record,,,,,False
2,50,50,31,A_G2_minus_G1_time_average,,,missing_target_record,,,,,False
2,50,50,31,B_G1_fixed_time,,,missing_target_record,,,,,False
2,50,50,31,B_G2_fixed_time,,,missing_target_record,,,,,False
2,50,50,31,B_G2_minus_G1_fixed_time,,,missing_target_record,,,,,False
2,50,50,31,B_G1_time_average,,,missing_target_record,,,,,False
2,50,50,31,B_G2_time_average,,,missing_target_record,,,,,False
2,50,50,31,B_G2_minus_G1_time_average,,,missing_target_record,,,,,False
2,50,50,32,A_entry,,,missing_target_record,,,,,False
2,50,50,32,B_entry,,,missing_target_record,,,,,False
2,50,50,32,A_fixed_time_mean,,,missing_target_record,,,,,False
2,50,50,32,B_fixed_time_mean,,,missing_target_record,,,,,False
2,50,50,32,A_full_mean,,,missing_target_record,,,,,False
2,50,50,32,B_full_mean,,,missing_target_record,,,,,False
2,50,50,32,A_G1_fixed_time,,,missing_target_record,,,,,False
2,50,50,32,A_G2_fixed_time,,,missing_target_record,,,,,False
2,50,50,32,A_G2_minus_G1_fixed_time,,,missing_target_record,,,,,False
2,50,50,32,A_G1_time_average,,,missing_target_record,,,,,False
2,50,50,32,A_G2_time_average,,,missing_target_record,,,,,False
2,50,50,32,A_G2_minus_G1_time_average,,,missing_target_record,,,,,False
2,50,50,32,B_G1_fixed_time,,,missing_target_record,,,,,False
2,50,50,32,B_G2_fixed_time,,,missing_target_record,,,,,False
2,50,50,32,B_G2_minus_G1_fixed_time,,,missing_target_record,,,,,False
2,50,50,32,B_G1_time_average,,,missing_target_record,,,,,False
2,50,50,32,B_G2_time_average,,,missing_target_record,,,,,False
2,50,50,32,B_G2_minus_G1_time_average,,,missing_target_record,,,,,False
2,50,50,33,A_entry,,,missing_target_record,,,,,False
2,50,50,33,B_entry,,,missing_target_record,,,,,False
2,50,50,33,A_fixed_time_mean,,,missing_target_record,,,,,False
2,50,50,33,B_fixed_time_mean,,,missing_target_record,,,,,False
2,50,50,33,A_full_mean,,,missing_target_record,,,,,False
2,50,50,33,B_full_mean,,,missing_target_record,,,,,False
2,50,50,33,A_G1_fixed_time,,,missing_target_record,,,,,False
2,50,50,33,A_G2_fixed_time,,,missing_target_record,,,,,False
2,50,50,33,A_G2_minus_G1_fixed_time,,,missing_target_record,,,,,False
2,50,50,33,A_G1_time_average,,,missing_target_record,,,,,False
2,50,50,33,A_G2_time_average,,,missing_target_record,,,,,False
2,50,50,33,A_G2_minus_G1_time_average,,,missing_target_record,,,,,False
2,50,50,33,B_G1_fixed_time,,,missing_target_record,,,,,False
2,50,50,33,B_G2_fixed_time,,,missing_target_record,,,,,False
2,50,50,33,B_G2_minus_G1_fixed_time,,,missing_target_record,,,,,False
2,50,50,33,B_G1_time_average,,,missing_target_record,,,,,False
2,50,50,33,B_G2_time_average,,,missing_target_record,,,,,False
2,50,50,33,B_G2_minus_G1_time_average,,,missing_target_record,,,,,False
2,50,50,34,A_entry,,,missing_target_record,,,,,False
2,50,50,34,B_entry,,,missing_target_record,,,,,False
2,50,50,34,A_fixed_time_mean,,,missing_target_record,,,,,False
2,50,50,34,B_fixed_time_mean,,,missing_target_record,,,,,False
2,50,50,34,A_full_mean,,,missing_target_record,,,,,False
2,50,50,34,B_full_mean,,,missing_target_record,,,,,False
2,50,50,34,A_G1_fixed_time,,,missing_target_record,,,,,False
2,50,50,34,A_G2_fixed_time,,,missing_target_record,,,,,False
2,50,50,34,A_G2_minus_G1_fixed_time,,,missing_target_record,,,,,False
2,50,50,34,A_G1_time_average,,,missing_target_record,,,,,False
2,50,50,34,A_G2_time_average,,,missing_target_record,,,,,False
2,50,50,34,A_G2_minus_G1_time_average,,,missing_target_record,,,,,False
2,50,50,34,B_G1_fixed_time,,,missing_target_record,,,,,False
2,50,50,34,B_G2_fixed_time,,,missing_target_record,,,,,False
2,50,50,34,B_G2_minus_G1_fixed_time,,,missing_target_record,,,,,False
2,50,50,34,B_G1_time_average,,,missing_target_record,,,,,False
2,50,50,34,B_G2_time_average,,,missing_target_record,,,,,False
2,50,50,34,B_G2_minus_G1_time_average,,,missing_target_record,,,,,False
2,50,50,35,A_entry,,,missing_target_record,,,,,False
2,50,50,35,B_entry,,,missing_target_record,,,,,False
2,50,50,35,A_fixed_time_mean,,,missing_target_record,,,,,False
2,50,50,35,B_fixed_time_mean,,,missing_target_record,,,,,False
2,50,50,35,A_full_mean,,,missing_target_record,,,,,False
2,50,50,35,B_full_mean,,,missing_target_record,,,,,False
2,50,50,35,A_G1_fixed_time,,,missing_target_record,,,,,False
2,50,50,35,A_G2_fixed_time,,,missing_target_record,,,,,False
2,50,50,35,A_G2_minus_G1_fixed_time,,,missing_target_record,,,,,False
2,50,50,35,A_G1_time_average,,,missing_target_record,,,,,False
2,50,50,35,A_G2_time_average,,,missing_target_record,,,,,False
2,50,50,35,A_G2_minus_G1_time_average,,,missing_target_record,,,,,False
2,50,50,35,B_G1_fixed_time,,,missing_target_record,,,,,False
2,50,50,35,B_G2_fixed_time,,,missing_target_record,,,,,False
2,50,50,35,B_G2_minus_G1_fixed_time,,,missing_target_record,,,,,False
2,50,50,35,B_G1_time_average,,,missing_target_record,,,,,False
2,50,50,35,B_G2_time_average,,,missing_target_record,,,,,False
2,50,50,35,B_G2_minus_G1_time_average,,,missing_target_record,,,,,False
2,50,50,36,A_entry,,,missing_target_record,,,,,False
2,50,50,36,B_entry,,,missing_target_record,,,,,False
2,50,50,36,A_fixed_time_mean,,,missing_target_record,,,,,False
2,50,50,36,B_fixed_time_mean,,,missing_target_record,,,,,False
2,50,50,36,A_full_mean,,,missing_target_record,,,,,False
2,50,50,36,B_full_mean,,,missing_target_record,,,,,False
2,50,50,36,A_G1_fixed_time,,,missing_target_record,,,,,False
2,50,50,36,A_G2_fixed_time,,,missing_target_record,,,,,False
2,50,50,36,A_G2_minus_G1_fixed_time,,,missing_target_record,,,,,False
2,50,50,36,A_G1_time_average,,,missing_target_record,,,,,False
2,50,50,36,A_G2_time_average,,,missing_target_record,,,,,False
2,50,50,36,A_G2_minus_G1_time_average,,,missing_target_record,,,,,False
2,50,50,36,B_G1_fixed_time,,,missing_target_record,,,,,False
2,50,50,36,B_G2_fixed_time,,,missing_target_record,,,,,False
2,50,50,36,B_G2_minus_G1_fixed_time,,,missing_target_record,,,,,False
2,50,50,36,B_G1_time_average,,,missing_target_record,,,,,False
2,50,50,36,B_G2_time_average,,,missing_target_record,,,,,False
2,50,50,36,B_G2_minus_G1_time_average,,,missing_target_record,,,,,False
2,50,50,37,A_entry,,,missing_target_record,,,,,False
2,50,50,37,B_entry,,,missing_target_record,,,,,False
2,50,50,37,A_fixed_time_mean,,,missing_target_record,,,,,False
2,50,50,37,B_fixed_time_mean,,,missing_target_record,,,,,False
2,50,50,37,A_full_mean,,,missing_target_record,,,,,False
2,50,50,37,B_full_mean,,,missing_target_record,,,,,False
2,50,50,37,A_G1_fixed_time,,,missing_target_record,,,,,False
2,50,50,37,A_G2_fixed_time,,,missing_target_record,,,,,False
2,50,50,37,A_G2_minus_G1_fixed_time,,,missing_target_record,,,,,False
2,50,50,37,A_G1_time_average,,,missing_target_record,,,,,False
2,50,50,37,A_G2_time_average,,,missing_target_record,,,,,False
2,50,50,37,A_G2_minus_G1_time_average,,,missing_target_record,,,,,False
2,50,50,37,B_G1_fixed_time,,,missing_target_record,,,,,False
2,50,50,37,B_G2_fixed_time,,,missing_target_record,,,,,False
2,50,50,37,B_G2_minus_G1_fixed_time,,,missing_target_record,,,,,False
2,50,50,37,B_G1_time_average,,,missing_target_record,,,,,False
2,50,50,37,B_G2_time_average,,,missing_target_record,,,,,False
2,50,50,37,B_G2_minus_G1_time_average,,,missing_target_record,,,,,False
2,50,50,38,A_entry,,,missing_target_record,,,,,False
2,50,50,38,B_entry,,,missing_target_record,,,,,False
2,50,50,38,A_fixed_time_mean,,,missing_target_record,,,,,False
2,50,50,38,B_fixed_time_mean,,,missing_target_record,,,,,False
2,50,50,38,A_full_mean,,,missing_target_record,,,,,False
2,50,50,38,B_full_mean,,,missing_target_record,,,,,False
2,50,50,38,A_G1_fixed_time,,,missing_target_record,,,,,False
2,50,50,38,A_G2_fixed_time,,,missing_target_record,,,,,False
2,50,50,38,A_G2_minus_G1_fixed_time,,,missing_target_record,,,,,False
2,50,50,38,A_G1_time_average,,,missing_target_record,,,,,False
2,50,50,38,A_G2_time_average,,,missing_target_record,,,,,False
2,50,50,38,A_G2_minus_G1_time_average,,,missing_target_record,,,,,False
2,50,50,38,B_G1_fixed_time,,,missing_target_record,,,,,False
2,50,50,38,B_G2_fixed_time,,,missing_target_record,,,,,False
2,50,50,38,B_G2_minus_G1_fixed_time,,,missing_target_record,,,,,False
2,50,50,38,B_G1_time_average,,,missing_target_record,,,,,False
2,50,50,38,B_G2_time_average,,,missing_target_record,,,,,False
2,50,50,38,B_G2_minus_G1_time_average,,,missing_target_record,,,,,False
2,50,50,39,A_entry,,,missing_target_record,,,,,False
2,50,50,39,B_entry,,,missing_target_record,,,,,False
2,50,50,39,A_fixed_time_mean,,,missing_target_record,,,,,False
2,50,50,39,B_fixed_time_mean,,,missing_target_record,,,,,False
2,50,50,39,A_full_mean,,,missing_target_record,,,,,False
2,50,50,39,B_full_mean,,,missing_target_record,,,,,False
2,50,50,39,A_G1_fixed_time,,,missing_target_record,,,,,False
2,50,50,39,A_G2_fixed_time,,,missing_target_record,,,,,False
2,50,50,39,A_G2_minus_G1_fixed_time,,,missing_target_record,,,,,False
2,50,50,39,A_G1_time_average,,,missing_target_record,,,,,False
2,50,50,39,A_G2_time_average,,,missing_target_record,,,,,False
2,50,50,39,A_G2_minus_G1_time_average,,,missing_target_record,,,,,False
2,50,50,39,B_G1_fixed_time,,,missing_target_record,,,,,False
2,50,50,39,B_G2_fixed_time,,,missing_target_record,,,,,False
2,50,50,39,B_G2_minus_G1_fixed_time,,,missing_target_record,,,,,False
2,50,50,39,B_G1_time_average,,,missing_target_record,,,,,False
2,50,50,39,B_G2_time_average,,,missing_target_record,,,,,False
2,50,50,39,B_G2_minus_G1_time_average,,,missing_target_record,,,,,False
2,50,50,40,A_entry,,,missing_target_record,,,,,False
2,50,50,40,B_entry,,,missing_target_record,,,,,False
2,50,50,40,A_fixed_time_mean,,,missing_target_record,,,,,False
2,50,50,40,B_fixed_time_mean,,,missing_target_record,,,,,False
2,50,50,40,A_full_mean,,,missing_target_record,,,,,False
2,50,50,40,B_full_mean,,,missing_target_record,,,,,False
2,50,50,40,A_G1_fixed_time,,,missing_target_record,,,,,False
2,50,50,40,A_G2_fixed_time,,,missing_target_record,,,,,False
2,50,50,40,A_G2_minus_G1_fixed_time,,,missing_target_record,,,,,False
2,50,50,40,A_G1_time_average,,,missing_target_record,,,,,False
2,50,50,40,A_G2_time_average,,,missing_target_record,,,,,False
2,50,50,40,A_G2_minus_G1_time_average,,,missing_target_record,,,,,False
2,50,50,40,B_G1_fixed_time,,,missing_target_record,,,,,False
2,50,50,40,B_G2_fixed_time,,,missing_target_record,,,,,False
2,50,50,40,B_G2_minus_G1_fixed_time,,,missing_target_record,,,,,False
2,50,50,40,B_G1_time_average,,,missing_target_record,,,,,False
2,50,50,40,B_G2_time_average,,,missing_target_record,,,,,False
2,50,50,40,B_G2_minus_G1_time_average,,,missing_target_record,,,,,False
2,50,50,41,A_entry,,,missing_target_record,,,,,False
2,50,50,41,B_entry,,,missing_target_record,,,,,False
2,50,50,41,A_fixed_time_mean,,,missing_target_record,,,,,False
2,50,50,41,B_fixed_time_mean,,,missing_target_record,,,,,False
2,50,50,41,A_full_mean,,,missing_target_record,,,,,False
2,50,50,41,B_full_mean,,,missing_target_record,,,,,False
2,50,50,41,A_G1_fixed_time,,,missing_target_record,,,,,False
2,50,50,41,A_G2_fixed_time,,,missing_target_record,,,,,False
2,50,50,41,A_G2_minus_G1_fixed_time,,,missing_target_record,,,,,False
2,50,50,41,A_G1_time_average,,,missing_target_record,,,,,False
2,50,50,41,A_G2_time_average,,,missing_target_record,,,,,False
2,50,50,41,A_G2_minus_G1_time_average,,,missing_target_record,,,,,False
2,50,50,41,B_G1_fixed_time,,,missing_target_record,,,,,False
2,50,50,41,B_G2_fixed_time,,,missing_target_record,,,,,False
2,50,50,41,B_G2_minus_G1_fixed_time,,,missing_target_record,,,,,False
2,50,50,41,B_G1_time_average,,,missing_target_record,,,,,False
2,50,50,41,B_G2_time_average,,,missing_target_record,,,,,False
2,50,50,41,B_G2_minus_G1_time_average,,,missing_target_record,,,,,False
2,50,50,42,A_entry,,,missing_target_record,,,,,False
2,50,50,42,B_entry,,,missing_target_record,,,,,False
2,50,50,42,A_fixed_time_mean,,,missing_target_record,,,,,False
2,50,50,42,B_fixed_time_mean,,,missing_target_record,,,,,False
2,50,50,42,A_full_mean,,,missing_target_record,,,,,False
2,50,50,42,B_full_mean,,,missing_target_record,,,,,False
2,50,50,42,A_G1_fixed_time,,,missing_target_record,,,,,False
2,50,50,42,A_G2_fixed_time,,,missing_target_record,,,,,False
2,50,50,42,A_G2_minus_G1_fixed_time,,,missing_target_record,,,,,False
2,50,50,42,A_G1_time_average,,,missing_target_record,,,,,False
2,50,50,42,A_G2_time_average,,,missing_target_record,,,,,False
2,50,50,42,A_G2_minus_G1_time_average,,,missing_target_record,,,,,False
2,50,50,42,B_G1_fixed_time,,,missing_target_record,,,,,False
2,50,50,42,B_G2_fixed_time,,,missing_target_record,,,,,False
2,50,50,42,B_G2_minus_G1_fixed_time,,,missing_target_record,,,,,False
2,50,50,42,B_G1_time_average,,,missing_target_record,,,,,False
2,50,50,42,B_G2_time_average,,,missing_target_record,,,,,False
2,50,50,42,B_G2_minus_G1_time_average,,,missing_target_record,,,,,False
2,50,50,43,A_entry,,,missing_target_record,,,,,False
2,50,50,43,B_entry,,,missing_target_record,,,,,False
2,50,50,43,A_fixed_time_mean,,,missing_target_record,,,,,False
2,50,50,43,B_fixed_time_mean,,,missing_target_record,,,,,False
2,50,50,43,A_full_mean,,,missing_target_record,,,,,False
2,50,50,43,B_full_mean,,,missing_target_record,,,,,False
2,50,50,43,A_G1_fixed_time,,,missing_target_record,,,,,False
2,50,50,43,A_G2_fixed_time,,,missing_target_record,,,,,False
2,50,50,43,A_G2_minus_G1_fixed_time,,,missing_target_record,,,,,False
2,50,50,43,A_G1_time_average,,,missing_target_record,,,,,False
2,50,50,43,A_G2_time_average,,,missing_target_record,,,,,False
2,50,50,43,A_G2_minus_G1_time_average,,,missing_target_record,,,,,False
2,50,50,43,B_G1_fixed_time,,,missing_target_record,,,,,False
2,50,50,43,B_G2_fixed_time,,,missing_target_record,,,,,False
2,50,50,43,B_G2_minus_G1_fixed_time,,,missing_target_record,,,,,False
2,50,50,43,B_G1_time_average,,,missing_target_record,,,,,False
2,50,50,43,B_G2_time_average,,,missing_target_record,,,,,False
2,50,50,43,B_G2_minus_G1_time_average,,,missing_target_record,,,,,False
2,50,50,44,A_entry,,,missing_target_record,,,,,False
2,50,50,44,B_entry,,,missing_target_record,,,,,False
2,50,50,44,A_fixed_time_mean,,,missing_target_record,,,,,False
2,50,50,44,B_fixed_time_mean,,,missing_target_record,,,,,False
2,50,50,44,A_full_mean,,,missing_target_record,,,,,False
2,50,50,44,B_full_mean,,,missing_target_record,,,,,False
2,50,50,44,A_G1_fixed_time,,,missing_target_record,,,,,False
2,50,50,44,A_G2_fixed_time,,,missing_target_record,,,,,False
2,50,50,44,A_G2_minus_G1_fixed_time,,,missing_target_record,,,,,False
2,50,50,44,A_G1_time_average,,,missing_target_record,,,,,False
2,50,50,44,A_G2_time_average,,,missing_target_record,,,,,False
2,50,50,44,A_G2_minus_G1_time_average,,,missing_target_record,,,,,False
2,50,50,44,B_G1_fixed_time,,,missing_target_record,,,,,False
2,50,50,44,B_G2_fixed_time,,,missing_target_record,,,,,False
2,50,50,44,B_G2_minus_G1_fixed_time,,,missing_target_record,,,,,False
2,50,50,44,B_G1_time_average,,,missing_target_record,,,,,False
2,50,50,44,B_G2_time_average,,,missing_target_record,,,,,False
2,50,50,44,B_G2_minus_G1_time_average,,,missing_target_record,,,,,False
2,50,50,45,A_entry,,,missing_target_record,,,,,False
2,50,50,45,B_entry,,,missing_target_record,,,,,False
2,50,50,45,A_fixed_time_mean,,,missing_target_record,,,,,False
2,50,50,45,B_fixed_time_mean,,,missing_target_record,,,,,False
2,50,50,45,A_full_mean,,,missing_target_record,,,,,False
2,50,50,45,B_full_mean,,,missing_target_record,,,,,False
2,50,50,45,A_G1_fixed_time,,,missing_target_record,,,,,False
2,50,50,45,A_G2_fixed_time,,,missing_target_record,,,,,False
2,50,50,45,A_G2_minus_G1_fixed_time,,,missing_target_record,,,,,False
2,50,50,45,A_G1_time_average,,,missing_target_record,,,,,False
2,50,50,45,A_G2_time_average,,,missing_target_record,,,,,False
2,50,50,45,A_G2_minus_G1_time_average,,,missing_target_record,,,,,False
2,50,50,45,B_G1_fixed_time,,,missing_target_record,,,,,False
2,50,50,45,B_G2_fixed_time,,,missing_target_record,,,,,False
2,50,50,45,B_G2_minus_G1_fixed_time,,,missing_target_record,,,,,False
2,50,50,45,B_G1_time_average,,,missing_target_record,,,,,False
2,50,50,45,B_G2_time_average,,,missing_target_record,,,,,False
2,50,50,45,B_G2_minus_G1_time_average,,,missing_target_record,,,,,False
2,50,50,46,A_entry,,,missing_target_record,,,,,False
2,50,50,46,B_entry,,,missing_target_record,,,,,False
2,50,50,46,A_fixed_time_mean,,,missing_target_record,,,,,False
2,50,50,46,B_fixed_time_mean,,,missing_target_record,,,,,False
2,50,50,46,A_full_mean,,,missing_target_record,,,,,False
2,50,50,46,B_full_mean,,,missing_target_record,,,,,False
2,50,50,46,A_G1_fixed_time,,,missing_target_record,,,,,False
2,50,50,46,A_G2_fixed_time,,,missing_target_record,,,,,False
2,50,50,46,A_G2_minus_G1_fixed_time,,,missing_target_record,,,,,False
2,50,50,46,A_G1_time_average,,,missing_target_record,,,,,False
2,50,50,46,A_G2_time_average,,,missing_target_record,,,,,False
2,50,50,46,A_G2_minus_G1_time_average,,,missing_target_record,,,,,False
2,50,50,46,B_G1_fixed_time,,,missing_target_record,,,,,False
2,50,50,46,B_G2_fixed_time,,,missing_target_record,,,,,False
2,50,50,46,B_G2_minus_G1_fixed_time,,,missing_target_record,,,,,False
2,50,50,46,B_G1_time_average,,,missing_target_record,,,,,False
2,50,50,46,B_G2_time_average,,,missing_target_record,,,,,False
2,50,50,46,B_G2_minus_G1_time_average,,,missing_target_record,,,,,False
2,50,50,47,A_entry,,,missing_target_record,,,,,False
2,50,50,47,B_entry,,,missing_target_record,,,,,False
2,50,50,47,A_fixed_time_mean,,,missing_target_record,,,,,False
2,50,50,47,B_fixed_time_mean,,,missing_target_record,,,,,False
2,50,50,47,A_full_mean,,,missing_target_record,,,,,False
2,50,50,47,B_full_mean,,,missing_target_record,,,,,False
2,50,50,47,A_G1_fixed_time,,,missing_target_record,,,,,False
2,50,50,47,A_G2_fixed_time,,,missing_target_record,,,,,False
2,50,50,47,A_G2_minus_G1_fixed_time,,,missing_target_record,,,,,False
2,50,50,47,A_G1_time_average,,,missing_target_record,,,,,False
2,50,50,47,A_G2_time_average,,,missing_target_record,,,,,False
2,50,50,47,A_G2_minus_G1_time_average,,,missing_target_record,,,,,False
2,50,50,47,B_G1_fixed_time,,,missing_target_record,,,,,False
2,50,50,47,B_G2_fixed_time,,,missing_target_record,,,,,False
2,50,50,47,B_G2_minus_G1_fixed_time,,,missing_target_record,,,,,False
2,50,50,47,B_G1_time_average,,,missing_target_record,,,,,False
2,50,50,47,B_G2_time_average,,,missing_target_record,,,,,False
2,50,50,47,B_G2_minus_G1_time_average,,,missing_target_record,,,,,False
2,50,50,48,A_entry,,,missing_target_record,,,,,False
2,50,50,48,B_entry,,,missing_target_record,,,,,False
2,50,50,48,A_fixed_time_mean,,,missing_target_record,,,,,False
2,50,50,48,B_fixed_time_mean,,,missing_target_record,,,,,False
2,50,50,48,A_full_mean,,,missing_target_record,,,,,False
2,50,50,48,B_full_mean,,,missing_target_record,,,,,False
2,50,50,48,A_G1_fixed_time,,,missing_target_record,,,,,False
2,50,50,48,A_G2_fixed_time,,,missing_target_record,,,,,False
2,50,50,48,A_G2_minus_G1_fixed_time,,,missing_target_record,,,,,False
2,50,50,48,A_G1_time_average,,,missing_target_record,,,,,False
2,50,50,48,A_G2_time_average,,,missing_target_record,,,,,False
2,50,50,48,A_G2_minus_G1_time_average,,,missing_target_record,,,,,False
2,50,50,48,B_G1_fixed_time,,,missing_target_record,,,,,False
2,50,50,48,B_G2_fixed_time,,,missing_target_record,,,,,False
2,50,50,48,B_G2_minus_G1_fixed_time,,,missing_target_record,,,,,False
2,50,50,48,B_G1_time_average,,,missing_target_record,,,,,False
2,50,50,48,B_G2_time_average,,,missing_target_record,,,,,False
2,50,50,48,B_G2_minus_G1_time_average,,,missing_target_record,,,,,False
2,50,50,49,A_entry,,,missing_target_record,,,,,False
2,50,50,49,B_entry,,,missing_target_record,,,,,False
2,50,50,49,A_fixed_time_mean,,,missing_target_record,,,,,False
2,50,50,49,B_fixed_time_mean,,,missing_target_record,,,,,False
2,50,50,49,A_full_mean,,,missing_target_record,,,,,False
2,50,50,49,B_full_mean,,,missing_target_record,,,,,False
2,50,50,49,A_G1_fixed_time,,,missing_target_record,,,,,False
2,50,50,49,A_G2_fixed_time,,,missing_target_record,,,,,False
2,50,50,49,A_G2_minus_G1_fixed_time,,,missing_target_record,,,,,False
2,50,50,49,A_G1_time_average,,,missing_target_record,,,,,False
2,50,50,49,A_G2_time_average,,,missing_target_record,,,,,False
2,50,50,49,A_G2_minus_G1_time_average,,,missing_target_record,,,,,False
2,50,50,49,B_G1_fixed_time,,,missing_target_record,,,,,False
2,50,50,49,B_G2_fixed_time,,,missing_target_record,,,,,False
2,50,50,49,B_G2_minus_G1_fixed_time,,,missing_target_record,,,,,False
2,50,50,49,B_G1_time_average,,,missing_target_record,,,,,False
2,50,50,49,B_G2_time_average,,,missing_target_record,,,,,False
2,50,50,49,B_G2_minus_G1_time_average,,,missing_target_record,,,,,False
2,50,50,50,A_entry,,,missing_target_record,,,,,False
2,50,50,50,B_entry,,,missing_target_record,,,,,False
2,50,50,50,A_fixed_time_mean,,,missing_target_record,,,,,False
2,50,50,50,B_fixed_time_mean,,,missing_target_record,,,,,False
2,50,50,50,A_full_mean,,,missing_target_record,,,,,False
2,50,50,50,B_full_mean,,,missing_target_record,,,,,False
2,50,50,50,A_G1_fixed_time,,,missing_target_record,,,,,False
2,50,50,50,A_G2_fixed_time,,,missing_target_record,,,,,False
2,50,50,50,A_G2_minus_G1_fixed_time,,,missing_target_record,,,,,False
2,50,50,50,A_G1_time_average,,,missing_target_record,,,,,False
2,50,50,50,A_G2_time_average,,,missing_target_record,,,,,False
2,50,50,50,A_G2_minus_G1_time_average,,,missing_target_record,,,,,False
2,50,50,50,B_G1_fixed_time,,,missing_target_record,,,,,False
2,50,50,50,B_G2_fixed_time,,,missing_target_record,,,,,False
2,50,50,50,B_G2_minus_G1_fixed_time,,,missing_target_record,,,,,False
2,50,50,50,B_G1_time_average,,,missing_target_record,,,,,False
2,50,50,50,B_G2_time_average,,,missing_target_record,,,,,False
2,50,50,50,B_G2_minus_G1_time_average,,,missing_target_record,,,,,False
2,50,50,51,A_entry,,,missing_target_record,,,,,False
2,50,50,51,B_entry,,,missing_target_record,,,,,False
2,50,50,51,A_fixed_time_mean,,,missing_target_record,,,,,False
2,50,50,51,B_fixed_time_mean,,,missing_target_record,,,,,False
2,50,50,51,A_full_mean,,,missing_target_record,,,,,False
2,50,50,51,B_full_mean,,,missing_target_record,,,,,False
2,50,50,51,A_G1_fixed_time,,,missing_target_record,,,,,False
2,50,50,51,A_G2_fixed_time,,,missing_target_record,,,,,False
2,50,50,51,A_G2_minus_G1_fixed_time,,,missing_target_record,,,,,False
2,50,50,51,A_G1_time_average,,,missing_target_record,,,,,False
2,50,50,51,A_G2_time_average,,,missing_target_record,,,,,False
2,50,50,51,A_G2_minus_G1_time_average,,,missing_target_record,,,,,False
2,50,50,51,B_G1_fixed_time,,,missing_target_record,,,,,False
2,50,50,51,B_G2_fixed_time,,,missing_target_record,,,,,False
2,50,50,51,B_G2_minus_G1_fixed_time,,,missing_target_record,,,,,False
2,50,50,51,B_G1_time_average,,,missing_target_record,,,,,False
2,50,50,51,B_G2_time_average,,,missing_target_record,,,,,False
2,50,50,51,B_G2_minus_G1_time_average,,,missing_target_record,,,,,False
2,50,50,52,A_entry,,,missing_target_record,,,,,False
2,50,50,52,B_entry,,,missing_target_record,,,,,False
2,50,50,52,A_fixed_time_mean,,,missing_target_record,,,,,False
2,50,50,52,B_fixed_time_mean,,,missing_target_record,,,,,False
2,50,50,52,A_full_mean,,,missing_target_record,,,,,False
2,50,50,52,B_full_mean,,,missing_target_record,,,,,False
2,50,50,52,A_G1_fixed_time,,,missing_target_record,,,,,False
2,50,50,52,A_G2_fixed_time,,,missing_target_record,,,,,False
2,50,50,52,A_G2_minus_G1_fixed_time,,,missing_target_record,,,,,False
2,50,50,52,A_G1_time_average,,,missing_target_record,,,,,False
2,50,50,52,A_G2_time_average,,,missing_target_record,,,,,False
2,50,50,52,A_G2_minus_G1_time_average,,,missing_target_record,,,,,False
2,50,50,52,B_G1_fixed_time,,,missing_target_record,,,,,False
2,50,50,52,B_G2_fixed_time,,,missing_target_record,,,,,False
2,50,50,52,B_G2_minus_G1_fixed_time,,,missing_target_record,,,,,False
2,50,50,52,B_G1_time_average,,,missing_target_record,,,,,False
2,50,50,52,B_G2_time_average,,,missing_target_record,,,,,False
2,50,50,52,B_G2_minus_G1_time_average,,,missing_target_record,,,,,False
2,50,50,53,A_entry,,,missing_target_record,,,,,False
2,50,50,53,B_entry,,,missing_target_record,,,,,False
2,50,50,53,A_fixed_time_mean,,,missing_target_record,,,,,False
2,50,50,53,B_fixed_time_mean,,,missing_target_record,,,,,False
2,50,50,53,A_full_mean,,,missing_target_record,,,,,False
2,50,50,53,B_full_mean,,,missing_target_record,,,,,False
2,50,50,53,A_G1_fixed_time,,,missing_target_record,,,,,False
2,50,50,53,A_G2_fixed_time,,,missing_target_record,,,,,False
2,50,50,53,A_G2_minus_G1_fixed_time,,,missing_target_record,,,,,False
2,50,50,53,A_G1_time_average,,,missing_target_record,,,,,False
2,50,50,53,A_G2_time_average,,,missing_target_record,,,,,False
2,50,50,53,A_G2_minus_G1_time_average,,,missing_target_record,,,,,False
2,50,50,53,B_G1_fixed_time,,,missing_target_record,,,,,False
2,50,50,53,B_G2_fixed_time,,,missing_target_record,,,,,False
2,50,50,53,B_G2_minus_G1_fixed_time,,,missing_target_record,,,,,False
2,50,50,53,B_G1_time_average,,,missing_target_record,,,,,False
2,50,50,53,B_G2_time_average,,,missing_target_record,,,,,False
2,50,50,53,B_G2_minus_G1_time_average,,,missing_target_record,,,,,False
2,50,50,54,A_entry,,,missing_target_record,,,,,False
2,50,50,54,B_entry,,,missing_target_record,,,,,False
2,50,50,54,A_fixed_time_mean,,,missing_target_record,,,,,False
2,50,50,54,B_fixed_time_mean,,,missing_target_record,,,,,False
2,50,50,54,A_full_mean,,,missing_target_record,,,,,False
2,50,50,54,B_full_mean,,,missing_target_record,,,,,False
2,50,50,54,A_G1_fixed_time,,,missing_target_record,,,,,False
2,50,50,54,A_G2_fixed_time,,,missing_target_record,,,,,False
2,50,50,54,A_G2_minus_G1_fixed_time,,,missing_target_record,,,,,False
2,50,50,54,A_G1_time_average,,,missing_target_record,,,,,False
2,50,50,54,A_G2_time_average,,,missing_target_record,,,,,False
2,50,50,54,A_G2_minus_G1_time_average,,,missing_target_record,,,,,False
2,50,50,54,B_G1_fixed_time,,,missing_target_record,,,,,False
2,50,50,54,B_G2_fixed_time,,,missing_target_record,,,,,False
2,50,50,54,B_G2_minus_G1_fixed_time,,,missing_target_record,,,,,False
2,50,50,54,B_G1_time_average,,,missing_target_record,,,,,False
2,50,50,54,B_G2_time_average,,,missing_target_record,,,,,False
2,50,50,54,B_G2_minus_G1_time_average,,,missing_target_record,,,,,False
2,50,50,55,A_entry,,,missing_target_record,,,,,False
2,50,50,55,B_entry,,,missing_target_record,,,,,False
2,50,50,55,A_fixed_time_mean,,,missing_target_record,,,,,False
2,50,50,55,B_fixed_time_mean,,,missing_target_record,,,,,False
2,50,50,55,A_full_mean,,,missing_target_record,,,,,False
2,50,50,55,B_full_mean,,,missing_target_record,,,,,False
2,50,50,55,A_G1_fixed_time,,,missing_target_record,,,,,False
2,50,50,55,A_G2_fixed_time,,,missing_target_record,,,,,False
2,50,50,55,A_G2_minus_G1_fixed_time,,,missing_target_record,,,,,False
2,50,50,55,A_G1_time_average,,,missing_target_record,,,,,False
2,50,50,55,A_G2_time_average,,,missing_target_record,,,,,False
2,50,50,55,A_G2_minus_G1_time_average,,,missing_target_record,,,,,False
2,50,50,55,B_G1_fixed_time,,,missing_target_record,,,,,False
2,50,50,55,B_G2_fixed_time,,,missing_target_record,,,,,False
2,50,50,55,B_G2_minus_G1_fixed_time,,,missing_target_record,,,,,False
2,50,50,55,B_G1_time_average,,,missing_target_record,,,,,False
2,50,50,55,B_G2_time_average,,,missing_target_record,,,,,False
2,50,50,55,B_G2_minus_G1_time_average,,,missing_target_record,,,,,False
2,50,50,56,A_entry,,,missing_target_record,,,,,False
2,50,50,56,B_entry,,,missing_target_record,,,,,False
2,50,50,56,A_fixed_time_mean,,,missing_target_record,,,,,False
2,50,50,56,B_fixed_time_mean,,,missing_target_record,,,,,False
2,50,50,56,A_full_mean,,,missing_target_record,,,,,False
2,50,50,56,B_full_mean,,,missing_target_record,,,,,False
2,50,50,56,A_G1_fixed_time,,,missing_target_record,,,,,False
2,50,50,56,A_G2_fixed_time,,,missing_target_record,,,,,False
2,50,50,56,A_G2_minus_G1_fixed_time,,,missing_target_record,,,,,False
2,50,50,56,A_G1_time_average,,,missing_target_record,,,,,False
2,50,50,56,A_G2_time_average,,,missing_target_record,,,,,False
2,50,50,56,A_G2_minus_G1_time_average,,,missing_target_record,,,,,False
2,50,50,56,B_G1_fixed_time,,,missing_target_record,,,,,False
2,50,50,56,B_G2_fixed_time,,,missing_target_record,,,,,False
2,50,50,56,B_G2_minus_G1_fixed_time,,,missing_target_record,,,,,False
2,50,50,56,B_G1_time_average,,,missing_target_record,,,,,False
2,50,50,56,B_G2_time_average,,,missing_target_record,,,,,False
2,50,50,56,B_G2_minus_G1_time_average,,,missing_target_record,,,,,False
2,50,50,57,A_entry,,,missing_target_record,,,,,False
2,50,50,57,B_entry,,,missing_target_record,,,,,False
2,50,50,57,A_fixed_time_mean,,,missing_target_record,,,,,False
2,50,50,57,B_fixed_time_mean,,,missing_target_record,,,,,False
2,50,50,57,A_full_mean,,,missing_target_record,,,,,False
2,50,50,57,B_full_mean,,,missing_target_record,,,,,False
2,50,50,57,A_G1_fixed_time,,,missing_target_record,,,,,False
2,50,50,57,A_G2_fixed_time,,,missing_target_record,,,,,False
2,50,50,57,A_G2_minus_G1_fixed_time,,,missing_target_record,,,,,False
2,50,50,57,A_G1_time_average,,,missing_target_record,,,,,False
2,50,50,57,A_G2_time_average,,,missing_target_record,,,,,False
2,50,50,57,A_G2_minus_G1_time_average,,,missing_target_record,,,,,False
2,50,50,57,B_G1_fixed_time,,,missing_target_record,,,,,False
2,50,50,57,B_G2_fixed_time,,,missing_target_record,,,,,False
2,50,50,57,B_G2_minus_G1_fixed_time,,,missing_target_record,,,,,False
2,50,50,57,B_G1_time_average,,,missing_target_record,,,,,False
2,50,50,57,B_G2_time_average,,,missing_target_record,,,,,False
2,50,50,57,B_G2_minus_G1_time_average,,,missing_target_record,,,,,False
2,50,50,58,A_entry,,,missing_target_record,,,,,False
2,50,50,58,B_entry,,,missing_target_record,,,,,False
2,50,50,58,A_fixed_time_mean,,,missing_target_record,,,,,False
2,50,50,58,B_fixed_time_mean,,,missing_target_record,,,,,False
2,50,50,58,A_full_mean,,,missing_target_record,,,,,False
2,50,50,58,B_full_mean,,,missing_target_record,,,,,False
2,50,50,58,A_G1_fixed_time,,,missing_target_record,,,,,False
2,50,50,58,A_G2_fixed_time,,,missing_target_record,,,,,False
2,50,50,58,A_G2_minus_G1_fixed_time,,,missing_target_record,,,,,False
2,50,50,58,A_G1_time_average,,,missing_target_record,,,,,False
2,50,50,58,A_G2_time_average,,,missing_target_record,,,,,False
2,50,50,58,A_G2_minus_G1_time_average,,,missing_target_record,,,,,False
2,50,50,58,B_G1_fixed_time,,,missing_target_record,,,,,False
2,50,50,58,B_G2_fixed_time,,,missing_target_record,,,,,False
2,50,50,58,B_G2_minus_G1_fixed_time,,,missing_target_record,,,,,False
2,50,50,58,B_G1_time_average,,,missing_target_record,,,,,False
2,50,50,58,B_G2_time_average,,,missing_target_record,,,,,False
2,50,50,58,B_G2_minus_G1_time_average,,,missing_target_record,,,,,False
2,50,50,59,A_entry,,,missing_target_record,,,,,False
2,50,50,59,B_entry,,,missing_target_record,,,,,False
2,50,50,59,A_fixed_time_mean,,,missing_target_record,,,,,False
2,50,50,59,B_fixed_time_mean,,,missing_target_record,,,,,False
2,50,50,59,A_full_mean,,,missing_target_record,,,,,False
2,50,50,59,B_full_mean,,,missing_target_record,,,,,False
2,50,50,59,A_G1_fixed_time,,,missing_target_record,,,,,False
2,50,50,59,A_G2_fixed_time,,,missing_target_record,,,,,False
2,50,50,59,A_G2_minus_G1_fixed_time,,,missing_target_record,,,,,False
2,50,50,59,A_G1_time_average,,,missing_target_record,,,,,False
2,50,50,59,A_G2_time_average,,,missing_target_record,,,,,False
2,50,50,59,A_G2_minus_G1_time_average,,,missing_target_record,,,,,False
2,50,50,59,B_G1_fixed_time,,,missing_target_record,,,,,False
2,50,50,59,B_G2_fixed_time,,,missing_target_record,,,,,False
2,50,50,59,B_G2_minus_G1_fixed_time,,,missing_target_record,,,,,False
2,50,50,59,B_G1_time_average,,,missing_target_record,,,,,False
2,50,50,59,B_G2_time_average,,,missing_target_record,,,,,False
2,50,50,59,B_G2_minus_G1_time_average,,,missing_target_record,,,,,False
2,50,50,60,A_entry,,,missing_target_record,,,,,False
2,50,50,60,B_entry,,,missing_target_record,,,,,False
2,50,50,60,A_fixed_time_mean,,,missing_target_record,,,,,False
2,50,50,60,B_fixed_time_mean,,,missing_target_record,,,,,False
2,50,50,60,A_full_mean,,,missing_target_record,,,,,False
2,50,50,60,B_full_mean,,,missing_target_record,,,,,False
2,50,50,60,A_G1_fixed_time,,,missing_target_record,,,,,False
2,50,50,60,A_G2_fixed_time,,,missing_target_record,,,,,False
2,50,50,60,A_G2_minus_G1_fixed_time,,,missing_target_record,,,,,False
2,50,50,60,A_G1_time_average,,,missing_target_record,,,,,False
2,50,50,60,A_G2_time_average,,,missing_target_record,,,,,False
2,50,50,60,A_G2_minus_G1_time_average,,,missing_target_record,,,,,False
2,50,50,60,B_G1_fixed_time,,,missing_target_record,,,,,False
2,50,50,60,B_G2_fixed_time,,,missing_target_record,,,,,False
2,50,50,60,B_G2_minus_G1_fixed_time,,,missing_target_record,,,,,False
2,50,50,60,B_G1_time_average,,,missing_target_record,,,,,False
2,50,50,60,B_G2_time_average,,,missing_target_record,,,,,False
2,50,50,60,B_G2_minus_G1_time_average,,,missing_target_record,,,,,False
2,50,50,61,A_entry,,,missing_target_record,,,,,False
2,50,50,61,B_entry,,,missing_target_record,,,,,False
2,50,50,61,A_fixed_time_mean,,,missing_target_record,,,,,False
2,50,50,61,B_fixed_time_mean,,,missing_target_record,,,,,False
2,50,50,61,A_full_mean,,,missing_target_record,,,,,False
2,50,50,61,B_full_mean,,,missing_target_record,,,,,False
2,50,50,61,A_G1_fixed_time,,,missing_target_record,,,,,False
2,50,50,61,A_G2_fixed_time,,,missing_target_record,,,,,False
2,50,50,61,A_G2_minus_G1_fixed_time,,,missing_target_record,,,,,False
2,50,50,61,A_G1_time_average,,,missing_target_record,,,,,False
2,50,50,61,A_G2_time_average,,,missing_target_record,,,,,False
2,50,50,61,A_G2_minus_G1_time_average,,,missing_target_record,,,,,False
2,50,50,61,B_G1_fixed_time,,,missing_target_record,,,,,False
2,50,50,61,B_G2_fixed_time,,,missing_target_record,,,,,False
2,50,50,61,B_G2_minus_G1_fixed_time,,,missing_target_record,,,,,False
2,50,50,61,B_G1_time_average,,,missing_target_record,,,,,False
2,50,50,61,B_G2_time_average,,,missing_target_record,,,,,False
2,50,50,61,B_G2_minus_G1_time_average,,,missing_target_record,,,,,False
2,50,50,62,A_entry,,,missing_target_record,,,,,False
2,50,50,62,B_entry,,,missing_target_record,,,,,False
2,50,50,62,A_fixed_time_mean,,,missing_target_record,,,,,False
2,50,50,62,B_fixed_time_mean,,,missing_target_record,,,,,False
2,50,50,62,A_full_mean,,,missing_target_record,,,,,False
2,50,50,62,B_full_mean,,,missing_target_record,,,,,False
2,50,50,62,A_G1_fixed_time,,,missing_target_record,,,,,False
2,50,50,62,A_G2_fixed_time,,,missing_target_record,,,,,False
2,50,50,62,A_G2_minus_G1_fixed_time,,,missing_target_record,,,,,False
2,50,50,62,A_G1_time_average,,,missing_target_record,,,,,False
2,50,50,62,A_G2_time_average,,,missing_target_record,,,,,False
2,50,50,62,A_G2_minus_G1_time_average,,,missing_target_record,,,,,False
2,50,50,62,B_G1_fixed_time,,,missing_target_record,,,,,False
2,50,50,62,B_G2_fixed_time,,,missing_target_record,,,,,False
2,50,50,62,B_G2_minus_G1_fixed_time,,,missing_target_record,,,,,False
2,50,50,62,B_G1_time_average,,,missing_target_record,,,,,False
2,50,50,62,B_G2_time_average,,,missing_target_record,,,,,False
2,50,50,62,B_G2_minus_G1_time_average,,,missing_target_record,,,,,False
2,50,50,63,A_entry,,,missing_target_record,,,,,False
2,50,50,63,B_entry,,,missing_target_record,,,,,False
2,50,50,63,A_fixed_time_mean,,,missing_target_record,,,,,False
2,50,50,63,B_fixed_time_mean,,,missing_target_record,,,,,False
2,50,50,63,A_full_mean,,,missing_target_record,,,,,False
2,50,50,63,B_full_mean,,,missing_target_record,,,,,False
2,50,50,63,A_G1_fixed_time,,,missing_target_record,,,,,False
2,50,50,63,A_G2_fixed_time,,,missing_target_record,,,,,False
2,50,50,63,A_G2_minus_G1_fixed_time,,,missing_target_record,,,,,False
2,50,50,63,A_G1_time_average,,,missing_target_record,,,,,False
2,50,50,63,A_G2_time_average,,,missing_target_record,,,,,False
2,50,50,63,A_G2_minus_G1_time_average,,,missing_target_record,,,,,False
2,50,50,63,B_G1_fixed_time,,,missing_target_record,,,,,False
2,50,50,63,B_G2_fixed_time,,,missing_target_record,,,,,False
2,50,50,63,B_G2_minus_G1_fixed_time,,,missing_target_record,,,,,False
2,50,50,63,B_G1_time_average,,,missing_target_record,,,,,False
2,50,50,63,B_G2_time_average,,,missing_target_record,,,,,False
2,50,50,63,B_G2_minus_G1_time_average,,,missing_target_record,,,,,False
2,50,50,64,A_entry,,,missing_target_record,,,,,False
2,50,50,64,B_entry,,,missing_target_record,,,,,False
2,50,50,64,A_fixed_time_mean,,,missing_target_record,,,,,False
2,50,50,64,B_fixed_time_mean,,,missing_target_record,,,,,False
2,50,50,64,A_full_mean,,,missing_target_record,,,,,False
2,50,50,64,B_full_mean,,,missing_target_record,,,,,False
2,50,50,64,A_G1_fixed_time,,,missing_target_record,,,,,False
2,50,50,64,A_G2_fixed_time,,,missing_target_record,,,,,False
2,50,50,64,A_G2_minus_G1_fixed_time,,,missing_target_record,,,,,False
2,50,50,64,A_G1_time_average,,,missing_target_record,,,,,False
2,50,50,64,A_G2_time_average,,,missing_target_record,,,,,False
2,50,50,64,A_G2_minus_G1_time_average,,,missing_target_record,,,,,False
2,50,50,64,B_G1_fixed_time,,,missing_target_record,,,,,False
2,50,50,64,B_G2_fixed_time,,,missing_target_record,,,,,False
2,50,50,64,B_G2_minus_G1_fixed_time,,,missing_target_record,,,,,False
2,50,50,64,B_G1_time_average,,,missing_target_record,,,,,False
2,50,50,64,B_G2_time_average,,,missing_target_record,,,,,False
2,50,50,64,B_G2_minus_G1_time_average,,,missing_target_record,,,,,False
2,50,50,65,A_entry,,,missing_target_record,,,,,False
2,50,50,65,B_entry,,,missing_target_record,,,,,False
2,50,50,65,A_fixed_time_mean,,,missing_target_record,,,,,False
2,50,50,65,B_fixed_time_mean,,,missing_target_record,,,,,False
2,50,50,65,A_full_mean,,,missing_target_record,,,,,False
2,50,50,65,B_full_mean,,,missing_target_record,,,,,False
2,50,50,65,A_G1_fixed_time,,,missing_target_record,,,,,False
2,50,50,65,A_G2_fixed_time,,,missing_target_record,,,,,False
2,50,50,65,A_G2_minus_G1_fixed_time,,,missing_target_record,,,,,False
2,50,50,65,A_G1_time_average,,,missing_target_record,,,,,False
2,50,50,65,A_G2_time_average,,,missing_target_record,,,,,False
2,50,50,65,A_G2_minus_G1_time_average,,,missing_target_record,,,,,False
2,50,50,65,B_G1_fixed_time,,,missing_target_record,,,,,False
2,50,50,65,B_G2_fixed_time,,,missing_target_record,,,,,False
2,50,50,65,B_G2_minus_G1_fixed_time,,,missing_target_record,,,,,False
2,50,50,65,B_G1_time_average,,,missing_target_record,,,,,False
2,50,50,65,B_G2_time_average,,,missing_target_record,,,,,False
2,50,50,65,B_G2_minus_G1_time_average,,,missing_target_record,,,,,False
2,50,50,66,A_entry,,,missing_target_record,,,,,False
2,50,50,66,B_entry,,,missing_target_record,,,,,False
2,50,50,66,A_fixed_time_mean,,,missing_target_record,,,,,False
2,50,50,66,B_fixed_time_mean,,,missing_target_record,,,,,False
2,50,50,66,A_full_mean,,,missing_target_record,,,,,False
2,50,50,66,B_full_mean,,,missing_target_record,,,,,False
2,50,50,66,A_G1_fixed_time,,,missing_target_record,,,,,False
2,50,50,66,A_G2_fixed_time,,,missing_target_record,,,,,False
2,50,50,66,A_G2_minus_G1_fixed_time,,,missing_target_record,,,,,False
2,50,50,66,A_G1_time_average,,,missing_target_record,,,,,False
2,50,50,66,A_G2_time_average,,,missing_target_record,,,,,False
2,50,50,66,A_G2_minus_G1_time_average,,,missing_target_record,,,,,False
2,50,50,66,B_G1_fixed_time,,,missing_target_record,,,,,False
2,50,50,66,B_G2_fixed_time,,,missing_target_record,,,,,False
2,50,50,66,B_G2_minus_G1_fixed_time,,,missing_target_record,,,,,False
2,50,50,66,B_G1_time_average,,,missing_target_record,,,,,False
2,50,50,66,B_G2_time_average,,,missing_target_record,,,,,False
2,50,50,66,B_G2_minus_G1_time_average,,,missing_target_record,,,,,False
2,50,50,67,A_entry,,,missing_target_record,,,,,False
2,50,50,67,B_entry,,,missing_target_record,,,,,False
2,50,50,67,A_fixed_time_mean,,,missing_target_record,,,,,False
2,50,50,67,B_fixed_time_mean,,,missing_target_record,,,,,False
2,50,50,67,A_full_mean,,,missing_target_record,,,,,False
2,50,50,67,B_full_mean,,,missing_target_record,,,,,False
2,50,50,67,A_G1_fixed_time,,,missing_target_record,,,,,False
2,50,50,67,A_G2_fixed_time,,,missing_target_record,,,,,False
2,50,50,67,A_G2_minus_G1_fixed_time,,,missing_target_record,,,,,False
2,50,50,67,A_G1_time_average,,,missing_target_record,,,,,False
2,50,50,67,A_G2_time_average,,,missing_target_record,,,,,False
2,50,50,67,A_G2_minus_G1_time_average,,,missing_target_record,,,,,False
2,50,50,67,B_G1_fixed_time,,,missing_target_record,,,,,False
2,50,50,67,B_G2_fixed_time,,,missing_target_record,,,,,False
2,50,50,67,B_G2_minus_G1_fixed_time,,,missing_target_record,,,,,False
2,50,50,67,B_G1_time_average,,,missing_target_record,,,,,False
2,50,50,67,B_G2_time_average,,,missing_target_record,,,,,False
2,50,50,67,B_G2_minus_G1_time_average,,,missing_target_record,,,,,False
2,50,50,68,A_entry,,,missing_target_record,,,,,False
2,50,50,68,B_entry,,,missing_target_record,,,,,False
2,50,50,68,A_fixed_time_mean,,,missing_target_record,,,,,False
2,50,50,68,B_fixed_time_mean,,,missing_target_record,,,,,False
2,50,50,68,A_full_mean,,,missing_target_record,,,,,False
2,50,50,68,B_full_mean,,,missing_target_record,,,,,False
2,50,50,68,A_G1_fixed_time,,,missing_target_record,,,,,False
2,50,50,68,A_G2_fixed_time,,,missing_target_record,,,,,False
2,50,50,68,A_G2_minus_G1_fixed_time,,,missing_target_record,,,,,False
2,50,50,68,A_G1_time_average,,,missing_target_record,,,,,False
2,50,50,68,A_G2_time_average,,,missing_target_record,,,,,False
2,50,50,68,A_G2_minus_G1_time_average,,,missing_target_record,,,,,False
2,50,50,68,B_G1_fixed_time,,,missing_target_record,,,,,False
2,50,50,68,B_G2_fixed_time,,,missing_target_record,,,,,False
2,50,50,68,B_G2_minus_G1_fixed_time,,,missing_target_record,,,,,False
2,50,50,68,B_G1_time_average,,,missing_target_record,,,,,False
2,50,50,68,B_G2_time_average,,,missing_target_record,,,,,False
2,50,50,68,B_G2_minus_G1_time_average,,,missing_target_record,,,,,False
2,50,50,69,A_entry,,,missing_target_record,,,,,False
2,50,50,69,B_entry,,,missing_target_record,,,,,False
2,50,50,69,A_fixed_time_mean,,,missing_target_record,,,,,False
2,50,50,69,B_fixed_time_mean,,,missing_target_record,,,,,False
2,50,50,69,A_full_mean,,,missing_target_record,,,,,False
2,50,50,69,B_full_mean,,,missing_target_record,,,,,False
2,50,50,69,A_G1_fixed_time,,,missing_target_record,,,,,False
2,50,50,69,A_G2_fixed_time,,,missing_target_record,,,,,False
2,50,50,69,A_G2_minus_G1_fixed_time,,,missing_target_record,,,,,False
2,50,50,69,A_G1_time_average,,,missing_target_record,,,,,False
2,50,50,69,A_G2_time_average,,,missing_target_record,,,,,False
2,50,50,69,A_G2_minus_G1_time_average,,,missing_target_record,,,,,False
2,50,50,69,B_G1_fixed_time,,,missing_target_record,,,,,False
2,50,50,69,B_G2_fixed_time,,,missing_target_record,,,,,False
2,50,50,69,B_G2_minus_G1_fixed_time,,,missing_target_record,,,,,False
2,50,50,69,B_G1_time_average,,,missing_target_record,,,,,False
2,50,50,69,B_G2_time_average,,,missing_target_record,,,,,False
2,50,50,69,B_G2_minus_G1_time_average,,,missing_target_record,,,,,False
2,50,50,70,A_entry,,,missing_target_record,,,,,False
2,50,50,70,B_entry,,,missing_target_record,,,,,False
2,50,50,70,A_fixed_time_mean,,,missing_target_record,,,,,False
2,50,50,70,B_fixed_time_mean,,,missing_target_record,,,,,False
2,50,50,70,A_full_mean,,,missing_target_record,,,,,False
2,50,50,70,B_full_mean,,,missing_target_record,,,,,False
2,50,50,70,A_G1_fixed_time,,,missing_target_record,,,,,False
2,50,50,70,A_G2_fixed_time,,,missing_target_record,,,,,False
2,50,50,70,A_G2_minus_G1_fixed_time,,,missing_target_record,,,,,False
2,50,50,70,A_G1_time_average,,,missing_target_record,,,,,False
2,50,50,70,A_G2_time_average,,,missing_target_record,,,,,False
2,50,50,70,A_G2_minus_G1_time_average,,,missing_target_record,,,,,False
2,50,50,70,B_G1_fixed_time,,,missing_target_record,,,,,False
2,50,50,70,B_G2_fixed_time,,,missing_target_record,,,,,False
2,50,50,70,B_G2_minus_G1_fixed_time,,,missing_target_record,,,,,False
2,50,50,70,B_G1_time_average,,,missing_target_record,,,,,False
2,50,50,70,B_G2_time_average,,,missing_target_record,,,,,False
2,50,50,70,B_G2_minus_G1_time_average,,,missing_target_record,,,,,False
2,50,50,71,A_entry,,,missing_target_record,,,,,False
2,50,50,71,B_entry,,,missing_target_record,,,,,False
2,50,50,71,A_fixed_time_mean,,,missing_target_record,,,,,False
2,50,50,71,B_fixed_time_mean,,,missing_target_record,,,,,False
2,50,50,71,A_full_mean,,,missing_target_record,,,,,False
2,50,50,71,B_full_mean,,,missing_target_record,,,,,False
2,50,50,71,A_G1_fixed_time,,,missing_target_record,,,,,False
2,50,50,71,A_G2_fixed_time,,,missing_target_record,,,,,False
2,50,50,71,A_G2_minus_G1_fixed_time,,,missing_target_record,,,,,False
2,50,50,71,A_G1_time_average,,,missing_target_record,,,,,False
2,50,50,71,A_G2_time_average,,,missing_target_record,,,,,False
2,50,50,71,A_G2_minus_G1_time_average,,,missing_target_record,,,,,False
2,50,50,71,B_G1_fixed_time,,,missing_target_record,,,,,False
2,50,50,71,B_G2_fixed_time,,,missing_target_record,,,,,False
2,50,50,71,B_G2_minus_G1_fixed_time,,,missing_target_record,,,,,False
2,50,50,71,B_G1_time_average,,,missing_target_record,,,,,False
2,50,50,71,B_G2_time_average,,,missing_target_record,,,,,False
2,50,50,71,B_G2_minus_G1_time_average,,,missing_target_record,,,,,False
2,50,50,72,A_entry,,,missing_target_record,,,,,False
2,50,50,72,B_entry,,,missing_target_record,,,,,False
2,50,50,72,A_fixed_time_mean,,,missing_target_record,,,,,False
2,50,50,72,B_fixed_time_mean,,,missing_target_record,,,,,False
2,50,50,72,A_full_mean,,,missing_target_record,,,,,False
2,50,50,72,B_full_mean,,,missing_target_record,,,,,False
2,50,50,72,A_G1_fixed_time,,,missing_target_record,,,,,False
2,50,50,72,A_G2_fixed_time,,,missing_target_record,,,,,False
2,50,50,72,A_G2_minus_G1_fixed_time,,,missing_target_record,,,,,False
2,50,50,72,A_G1_time_average,,,missing_target_record,,,,,False
2,50,50,72,A_G2_time_average,,,missing_target_record,,,,,False
2,50,50,72,A_G2_minus_G1_time_average,,,missing_target_record,,,,,False
2,50,50,72,B_G1_fixed_time,,,missing_target_record,,,,,False
2,50,50,72,B_G2_fixed_time,,,missing_target_record,,,,,False
2,50,50,72,B_G2_minus_G1_fixed_time,,,missing_target_record,,,,,False
2,50,50,72,B_G1_time_average,,,missing_target_record,,,,,False
2,50,50,72,B_G2_time_average,,,missing_target_record,,,,,False
2,50,50,72,B_G2_minus_G1_time_average,,,missing_target_record,,,,,False
2,50,50,73,A_entry,,,missing_target_record,,,,,False
2,50,50,73,B_entry,,,missing_target_record,,,,,False
2,50,50,73,A_fixed_time_mean,,,missing_target_record,,,,,False
2,50,50,73,B_fixed_time_mean,,,missing_target_record,,,,,False
2,50,50,73,A_full_mean,,,missing_target_record,,,,,False
2,50,50,73,B_full_mean,,,missing_target_record,,,,,False
2,50,50,73,A_G1_fixed_time,,,missing_target_record,,,,,False
2,50,50,73,A_G2_fixed_time,,,missing_target_record,,,,,False
2,50,50,73,A_G2_minus_G1_fixed_time,,,missing_target_record,,,,,False
2,50,50,73,A_G1_time_average,,,missing_target_record,,,,,False
2,50,50,73,A_G2_time_average,,,missing_target_record,,,,,False
2,50,50,73,A_G2_minus_G1_time_average,,,missing_target_record,,,,,False
2,50,50,73,B_G1_fixed_time,,,missing_target_record,,,,,False
2,50,50,73,B_G2_fixed_time,,,missing_target_record,,,,,False
2,50,50,73,B_G2_minus_G1_fixed_time,,,missing_target_record,,,,,False
2,50,50,73,B_G1_time_average,,,missing_target_record,,,,,False
2,50,50,73,B_G2_time_average,,,missing_target_record,,,,,False
2,50,50,73,B_G2_minus_G1_time_average,,,missing_target_record,,,,,False
2,50,50,74,A_entry,,,missing_target_record,,,,,False
2,50,50,74,B_entry,,,missing_target_record,,,,,False
2,50,50,74,A_fixed_time_mean,,,missing_target_record,,,,,False
2,50,50,74,B_fixed_time_mean,,,missing_target_record,,,,,False
2,50,50,74,A_full_mean,,,missing_target_record,,,,,False
2,50,50,74,B_full_mean,,,missing_target_record,,,,,False
2,50,50,74,A_G1_fixed_time,,,missing_target_record,,,,,False
2,50,50,74,A_G2_fixed_time,,,missing_target_record,,,,,False
2,50,50,74,A_G2_minus_G1_fixed_time,,,missing_target_record,,,,,False
2,50,50,74,A_G1_time_average,,,missing_target_record,,,,,False
2,50,50,74,A_G2_time_average,,,missing_target_record,,,,,False
2,50,50,74,A_G2_minus_G1_time_average,,,missing_target_record,,,,,False
2,50,50,74,B_G1_fixed_time,,,missing_target_record,,,,,False
2,50,50,74,B_G2_fixed_time,,,missing_target_record,,,,,False
2,50,50,74,B_G2_minus_G1_fixed_time,,,missing_target_record,,,,,False
2,50,50,74,B_G1_time_average,,,missing_target_record,,,,,False
2,50,50,74,B_G2_time_average,,,missing_target_record,,,,,False
2,50,50,74,B_G2_minus_G1_time_average,,,missing_target_record,,,,,False
2,50,50,75,A_entry,,,missing_target_record,,,,,False
2,50,50,75,B_entry,,,missing_target_record,,,,,False
2,50,50,75,A_fixed_time_mean,,,missing_target_record,,,,,False
2,50,50,75,B_fixed_time_mean,,,missing_target_record,,,,,False
2,50,50,75,A_full_mean,,,missing_target_record,,,,,False
2,50,50,75,B_full_mean,,,missing_target_record,,,,,False
2,50,50,75,A_G1_fixed_time,,,missing_target_record,,,,,False
2,50,50,75,A_G2_fixed_time,,,missing_target_record,,,,,False
2,50,50,75,A_G2_minus_G1_fixed_time,,,missing_target_record,,,,,False
2,50,50,75,A_G1_time_average,,,missing_target_record,,,,,False
2,50,50,75,A_G2_time_average,,,missing_target_record,,,,,False
2,50,50,75,A_G2_minus_G1_time_average,,,missing_target_record,,,,,False
2,50,50,75,B_G1_fixed_time,,,missing_target_record,,,,,False
2,50,50,75,B_G2_fixed_time,,,missing_target_record,,,,,False
2,50,50,75,B_G2_minus_G1_fixed_time,,,missing_target_record,,,,,False
2,50,50,75,B_G1_time_average,,,missing_target_record,,,,,False
2,50,50,75,B_G2_time_average,,,missing_target_record,,,,,False
2,50,50,75,B_G2_minus_G1_time_average,,,missing_target_record,,,,,False
2,50,50,76,A_entry,,,missing_target_record,,,,,False
2,50,50,76,B_entry,,,missing_target_record,,,,,False
2,50,50,76,A_fixed_time_mean,,,missing_target_record,,,,,False
2,50,50,76,B_fixed_time_mean,,,missing_target_record,,,,,False
2,50,50,76,A_full_mean,,,missing_target_record,,,,,False
2,50,50,76,B_full_mean,,,missing_target_record,,,,,False
2,50,50,76,A_G1_fixed_time,,,missing_target_record,,,,,False
2,50,50,76,A_G2_fixed_time,,,missing_target_record,,,,,False
2,50,50,76,A_G2_minus_G1_fixed_time,,,missing_target_record,,,,,False
2,50,50,76,A_G1_time_average,,,missing_target_record,,,,,False
2,50,50,76,A_G2_time_average,,,missing_target_record,,,,,False
2,50,50,76,A_G2_minus_G1_time_average,,,missing_target_record,,,,,False
2,50,50,76,B_G1_fixed_time,,,missing_target_record,,,,,False
2,50,50,76,B_G2_fixed_time,,,missing_target_record,,,,,False
2,50,50,76,B_G2_minus_G1_fixed_time,,,missing_target_record,,,,,False
2,50,50,76,B_G1_time_average,,,missing_target_record,,,,,False
2,50,50,76,B_G2_time_average,,,missing_target_record,,,,,False
2,50,50,76,B_G2_minus_G1_time_average,,,missing_target_record,,,,,False
2,50,50,77,A_entry,,,missing_target_record,,,,,False
2,50,50,77,B_entry,,,missing_target_record,,,,,False
2,50,50,77,A_fixed_time_mean,,,missing_target_record,,,,,False
2,50,50,77,B_fixed_time_mean,,,missing_target_record,,,,,False
2,50,50,77,A_full_mean,,,missing_target_record,,,,,False
2,50,50,77,B_full_mean,,,missing_target_record,,,,,False
2,50,50,77,A_G1_fixed_time,,,missing_target_record,,,,,False
2,50,50,77,A_G2_fixed_time,,,missing_target_record,,,,,False
2,50,50,77,A_G2_minus_G1_fixed_time,,,missing_target_record,,,,,False
2,50,50,77,A_G1_time_average,,,missing_target_record,,,,,False
2,50,50,77,A_G2_time_average,,,missing_target_record,,,,,False
2,50,50,77,A_G2_minus_G1_time_average,,,missing_target_record,,,,,False
2,50,50,77,B_G1_fixed_time,,,missing_target_record,,,,,False
2,50,50,77,B_G2_fixed_time,,,missing_target_record,,,,,False
2,50,50,77,B_G2_minus_G1_fixed_time,,,missing_target_record,,,,,False
2,50,50,77,B_G1_time_average,,,missing_target_record,,,,,False
2,50,50,77,B_G2_time_average,,,missing_target_record,,,,,False
2,50,50,77,B_G2_minus_G1_time_average,,,missing_target_record,,,,,False
2,50,50,78,A_entry,,,missing_target_record,,,,,False
2,50,50,78,B_entry,,,missing_target_record,,,,,False
2,50,50,78,A_fixed_time_mean,,,missing_target_record,,,,,False
2,50,50,78,B_fixed_time_mean,,,missing_target_record,,,,,False
2,50,50,78,A_full_mean,,,missing_target_record,,,,,False
2,50,50,78,B_full_mean,,,missing_target_record,,,,,False
2,50,50,78,A_G1_fixed_time,,,missing_target_record,,,,,False
2,50,50,78,A_G2_fixed_time,,,missing_target_record,,,,,False
2,50,50,78,A_G2_minus_G1_fixed_time,,,missing_target_record,,,,,False
2,50,50,78,A_G1_time_average,,,missing_target_record,,,,,False
2,50,50,78,A_G2_time_average,,,missing_target_record,,,,,False
2,50,50,78,A_G2_minus_G1_time_average,,,missing_target_record,,,,,False
2,50,50,78,B_G1_fixed_time,,,missing_target_record,,,,,False
2,50,50,78,B_G2_fixed_time,,,missing_target_record,,,,,False
2,50,50,78,B_G2_minus_G1_fixed_time,,,missing_target_record,,,,,False
2,50,50,78,B_G1_time_average,,,missing_target_record,,,,,False
2,50,50,78,B_G2_time_average,,,missing_target_record,,,,,False
2,50,50,78,B_G2_minus_G1_time_average,,,missing_target_record,,,,,False
2,50,50,79,A_entry,,,missing_target_record,,,,,False
2,50,50,79,B_entry,,,missing_target_record,,,,,False
2,50,50,79,A_fixed_time_mean,,,missing_target_record,,,,,False
2,50,50,79,B_fixed_time_mean,,,missing_target_record,,,,,False
2,50,50,79,A_full_mean,,,missing_target_record,,,,,False
2,50,50,79,B_full_mean,,,missing_target_record,,,,,False
2,50,50,79,A_G1_fixed_time,,,missing_target_record,,,,,False
2,50,50,79,A_G2_fixed_time,,,missing_target_record,,,,,False
2,50,50,79,A_G2_minus_G1_fixed_time,,,missing_target_record,,,,,False
2,50,50,79,A_G1_time_average,,,missing_target_record,,,,,False
2,50,50,79,A_G2_time_average,,,missing_target_record,,,,,False
2,50,50,79,A_G2_minus_G1_time_average,,,missing_target_record,,,,,False
2,50,50,79,B_G1_fixed_time,,,missing_target_record,,,,,False
2,50,50,79,B_G2_fixed_time,,,missing_target_record,,,,,False
2,50,50,79,B_G2_minus_G1_fixed_time,,,missing_target_record,,,,,False
2,50,50,79,B_G1_time_average,,,missing_target_record,,,,,False
2,50,50,79,B_G2_time_average,,,missing_target_record,,,,,False
2,50,50,79,B_G2_minus_G1_time_average,,,missing_target_record,,,,,False
2,50,50,80,A_entry,,,missing_target_record,,,,,False
2,50,50,80,B_entry,,,missing_target_record,,,,,False
2,50,50,80,A_fixed_time_mean,,,missing_target_record,,,,,False
2,50,50,80,B_fixed_time_mean,,,missing_target_record,,,,,False
2,50,50,80,A_full_mean,,,missing_target_record,,,,,False
2,50,50,80,B_full_mean,,,missing_target_record,,,,,False
2,50,50,80,A_G1_fixed_time,,,missing_target_record,,,,,False
2,50,50,80,A_G2_fixed_time,,,missing_target_record,,,,,False
2,50,50,80,A_G2_minus_G1_fixed_time,,,missing_target_record,,,,,False
2,50,50,80,A_G1_time_average,,,missing_target_record,,,,,False
2,50,50,80,A_G2_time_average,,,missing_target_record,,,,,False
2,50,50,80,A_G2_minus_G1_time_average,,,missing_target_record,,,,,False
2,50,50,80,B_G1_fixed_time,,,missing_target_record,,,,,False
2,50,50,80,B_G2_fixed_time,,,missing_target_record,,,,,False
2,50,50,80,B_G2_minus_G1_fixed_time,,,missing_target_record,,,,,False
2,50,50,80,B_G1_time_average,,,missing_target_record,,,,,False
2,50,50,80,B_G2_time_average,,,missing_target_record,,,,,False
2,50,50,80,B_G2_minus_G1_time_average,,,missing_target_record,,,,,False
2,50,50,81,A_entry,,,missing_target_record,,,,,False
2,50,50,81,B_entry,,,missing_target_record,,,,,False
2,50,50,81,A_fixed_time_mean,,,missing_target_record,,,,,False
2,50,50,81,B_fixed_time_mean,,,missing_target_record,,,,,False
2,50,50,81,A_full_mean,,,missing_target_record,,,,,False
2,50,50,81,B_full_mean,,,missing_target_record,,,,,False
2,50,50,81,A_G1_fixed_time,,,missing_target_record,,,,,False
2,50,50,81,A_G2_fixed_time,,,missing_target_record,,,,,False
2,50,50,81,A_G2_minus_G1_fixed_time,,,missing_target_record,,,,,False
2,50,50,81,A_G1_time_average,,,missing_target_record,,,,,False
2,50,50,81,A_G2_time_average,,,missing_target_record,,,,,False
2,50,50,81,A_G2_minus_G1_time_average,,,missing_target_record,,,,,False
2,50,50,81,B_G1_fixed_time,,,missing_target_record,,,,,False
2,50,50,81,B_G2_fixed_time,,,missing_target_record,,,,,False
2,50,50,81,B_G2_minus_G1_fixed_time,,,missing_target_record,,,,,False
2,50,50,81,B_G1_time_average,,,missing_target_record,,,,,False
2,50,50,81,B_G2_time_average,,,missing_target_record,,,,,False
2,50,50,81,B_G2_minus_G1_time_average,,,missing_target_record,,,,,False
2,50,50,82,A_entry,,,missing_target_record,,,,,False
2,50,50,82,B_entry,,,missing_target_record,,,,,False
2,50,50,82,A_fixed_time_mean,,,missing_target_record,,,,,False
2,50,50,82,B_fixed_time_mean,,,missing_target_record,,,,,False
2,50,50,82,A_full_mean,,,missing_target_record,,,,,False
2,50,50,82,B_full_mean,,,missing_target_record,,,,,False
2,50,50,82,A_G1_fixed_time,,,missing_target_record,,,,,False
2,50,50,82,A_G2_fixed_time,,,missing_target_record,,,,,False
2,50,50,82,A_G2_minus_G1_fixed_time,,,missing_target_record,,,,,False
2,50,50,82,A_G1_time_average,,,missing_target_record,,,,,False
2,50,50,82,A_G2_time_average,,,missing_target_record,,,,,False
2,50,50,82,A_G2_minus_G1_time_average,,,missing_target_record,,,,,False
2,50,50,82,B_G1_fixed_time,,,missing_target_record,,,,,False
2,50,50,82,B_G2_fixed_time,,,missing_target_record,,,,,False
2,50,50,82,B_G2_minus_G1_fixed_time,,,missing_target_record,,,,,False
2,50,50,82,B_G1_time_average,,,missing_target_record,,,,,False
2,50,50,82,B_G2_time_average,,,missing_target_record,,,,,False
2,50,50,82,B_G2_minus_G1_time_average,,,missing_target_record,,,,,False
2,50,50,83,A_entry,,,missing_target_record,,,,,False
2,50,50,83,B_entry,,,missing_target_record,,,,,False
2,50,50,83,A_fixed_time_mean,,,missing_target_record,,,,,False
2,50,50,83,B_fixed_time_mean,,,missing_target_record,,,,,False
2,50,50,83,A_full_mean,,,missing_target_record,,,,,False
2,50,50,83,B_full_mean,,,missing_target_record,,,,,False
2,50,50,83,A_G1_fixed_time,,,missing_target_record,,,,,False
2,50,50,83,A_G2_fixed_time,,,missing_target_record,,,,,False
2,50,50,83,A_G2_minus_G1_fixed_time,,,missing_target_record,,,,,False
2,50,50,83,A_G1_time_average,,,missing_target_record,,,,,False
2,50,50,83,A_G2_time_average,,,missing_target_record,,,,,False
2,50,50,83,A_G2_minus_G1_time_average,,,missing_target_record,,,,,False
2,50,50,83,B_G1_fixed_time,,,missing_target_record,,,,,False
2,50,50,83,B_G2_fixed_time,,,missing_target_record,,,,,False
2,50,50,83,B_G2_minus_G1_fixed_time,,,missing_target_record,,,,,False
2,50,50,83,B_G1_time_average,,,missing_target_record,,,,,False
2,50,50,83,B_G2_time_average,,,missing_target_record,,,,,False
2,50,50,83,B_G2_minus_G1_time_average,,,missing_target_record,,,,,False
2,50,50,84,A_entry,,,missing_target_record,,,,,False
2,50,50,84,B_entry,,,missing_target_record,,,,,False
2,50,50,84,A_fixed_time_mean,,,missing_target_record,,,,,False
2,50,50,84,B_fixed_time_mean,,,missing_target_record,,,,,False
2,50,50,84,A_full_mean,,,missing_target_record,,,,,False
2,50,50,84,B_full_mean,,,missing_target_record,,,,,False
2,50,50,84,A_G1_fixed_time,,,missing_target_record,,,,,False
2,50,50,84,A_G2_fixed_time,,,missing_target_record,,,,,False
2,50,50,84,A_G2_minus_G1_fixed_time,,,missing_target_record,,,,,False
2,50,50,84,A_G1_time_average,,,missing_target_record,,,,,False
2,50,50,84,A_G2_time_average,,,missing_target_record,,,,,False
2,50,50,84,A_G2_minus_G1_time_average,,,missing_target_record,,,,,False
2,50,50,84,B_G1_fixed_time,,,missing_target_record,,,,,False
2,50,50,84,B_G2_fixed_time,,,missing_target_record,,,,,False
2,50,50,84,B_G2_minus_G1_fixed_time,,,missing_target_record,,,,,False
2,50,50,84,B_G1_time_average,,,missing_target_record,,,,,False
2,50,50,84,B_G2_time_average,,,missing_target_record,,,,,False
2,50,50,84,B_G2_minus_G1_time_average,,,missing_target_record,,,,,False
2,50,50,85,A_entry,,,missing_target_record,,,,,False
2,50,50,85,B_entry,,,missing_target_record,,,,,False
2,50,50,85,A_fixed_time_mean,,,missing_target_record,,,,,False
2,50,50,85,B_fixed_time_mean,,,missing_target_record,,,,,False
2,50,50,85,A_full_mean,,,missing_target_record,,,,,False
2,50,50,85,B_full_mean,,,missing_target_record,,,,,False
2,50,50,85,A_G1_fixed_time,,,missing_target_record,,,,,False
2,50,50,85,A_G2_fixed_time,,,missing_target_record,,,,,False
2,50,50,85,A_G2_minus_G1_fixed_time,,,missing_target_record,,,,,False
2,50,50,85,A_G1_time_average,,,missing_target_record,,,,,False
2,50,50,85,A_G2_time_average,,,missing_target_record,,,,,False
2,50,50,85,A_G2_minus_G1_time_average,,,missing_target_record,,,,,False
2,50,50,85,B_G1_fixed_time,,,missing_target_record,,,,,False
2,50,50,85,B_G2_fixed_time,,,missing_target_record,,,,,False
2,50,50,85,B_G2_minus_G1_fixed_time,,,missing_target_record,,,,,False
2,50,50,85,B_G1_time_average,,,missing_target_record,,,,,False
2,50,50,85,B_G2_time_average,,,missing_target_record,,,,,False
2,50,50,85,B_G2_minus_G1_time_average,,,missing_target_record,,,,,False
2,50,50,86,A_entry,,,missing_target_record,,,,,False
2,50,50,86,B_entry,,,missing_target_record,,,,,False
2,50,50,86,A_fixed_time_mean,,,missing_target_record,,,,,False
2,50,50,86,B_fixed_time_mean,,,missing_target_record,,,,,False
2,50,50,86,A_full_mean,,,missing_target_record,,,,,False
2,50,50,86,B_full_mean,,,missing_target_record,,,,,False
2,50,50,86,A_G1_fixed_time,,,missing_target_record,,,,,False
2,50,50,86,A_G2_fixed_time,,,missing_target_record,,,,,False
2,50,50,86,A_G2_minus_G1_fixed_time,,,missing_target_record,,,,,False
2,50,50,86,A_G1_time_average,,,missing_target_record,,,,,False
2,50,50,86,A_G2_time_average,,,missing_target_record,,,,,False
2,50,50,86,A_G2_minus_G1_time_average,,,missing_target_record,,,,,False
2,50,50,86,B_G1_fixed_time,,,missing_target_record,,,,,False
2,50,50,86,B_G2_fixed_time,,,missing_target_record,,,,,False
2,50,50,86,B_G2_minus_G1_fixed_time,,,missing_target_record,,,,,False
2,50,50,86,B_G1_time_average,,,missing_target_record,,,,,False
2,50,50,86,B_G2_time_average,,,missing_target_record,,,,,False
2,50,50,86,B_G2_minus_G1_time_average,,,missing_target_record,,,,,False
2,50,50,87,A_entry,,,missing_target_record,,,,,False
2,50,50,87,B_entry,,,missing_target_record,,,,,False
2,50,50,87,A_fixed_time_mean,,,missing_target_record,,,,,False
2,50,50,87,B_fixed_time_mean,,,missing_target_record,,,,,False
2,50,50,87,A_full_mean,,,missing_target_record,,,,,False
2,50,50,87,B_full_mean,,,missing_target_record,,,,,False
2,50,50,87,A_G1_fixed_time,,,missing_target_record,,,,,False
2,50,50,87,A_G2_fixed_time,,,missing_target_record,,,,,False
2,50,50,87,A_G2_minus_G1_fixed_time,,,missing_target_record,,,,,False
2,50,50,87,A_G1_time_average,,,missing_target_record,,,,,False
2,50,50,87,A_G2_time_average,,,missing_target_record,,,,,False
2,50,50,87,A_G2_minus_G1_time_average,,,missing_target_record,,,,,False
2,50,50,87,B_G1_fixed_time,,,missing_target_record,,,,,False
2,50,50,87,B_G2_fixed_time,,,missing_target_record,,,,,False
2,50,50,87,B_G2_minus_G1_fixed_time,,,missing_target_record,,,,,False
2,50,50,87,B_G1_time_average,,,missing_target_record,,,,,False
2,50,50,87,B_G2_time_average,,,missing_target_record,,,,,False
2,50,50,87,B_G2_minus_G1_time_average,,,missing_target_record,,,,,False
2,50,50,88,A_entry,,,missing_target_record,,,,,False
2,50,50,88,B_entry,,,missing_target_record,,,,,False
2,50,50,88,A_fixed_time_mean,,,missing_target_record,,,,,False
2,50,50,88,B_fixed_time_mean,,,missing_target_record,,,,,False
2,50,50,88,A_full_mean,,,missing_target_record,,,,,False
2,50,50,88,B_full_mean,,,missing_target_record,,,,,False
2,50,50,88,A_G1_fixed_time,,,missing_target_record,,,,,False
2,50,50,88,A_G2_fixed_time,,,missing_target_record,,,,,False
2,50,50,88,A_G2_minus_G1_fixed_time,,,missing_target_record,,,,,False
2,50,50,88,A_G1_time_average,,,missing_target_record,,,,,False
2,50,50,88,A_G2_time_average,,,missing_target_record,,,,,False
2,50,50,88,A_G2_minus_G1_time_average,,,missing_target_record,,,,,False
2,50,50,88,B_G1_fixed_time,,,missing_target_record,,,,,False
2,50,50,88,B_G2_fixed_time,,,missing_target_record,,,,,False
2,50,50,88,B_G2_minus_G1_fixed_time,,,missing_target_record,,,,,False
2,50,50,88,B_G1_time_average,,,missing_target_record,,,,,False
2,50,50,88,B_G2_time_average,,,missing_target_record,,,,,False
2,50,50,88,B_G2_minus_G1_time_average,,,missing_target_record,,,,,False
2,50,50,89,A_entry,,,missing_target_record,,,,,False
2,50,50,89,B_entry,,,missing_target_record,,,,,False
2,50,50,89,A_fixed_time_mean,,,missing_target_record,,,,,False
2,50,50,89,B_fixed_time_mean,,,missing_target_record,,,,,False
2,50,50,89,A_full_mean,,,missing_target_record,,,,,False
2,50,50,89,B_full_mean,,,missing_target_record,,,,,False
2,50,50,89,A_G1_fixed_time,,,missing_target_record,,,,,False
2,50,50,89,A_G2_fixed_time,,,missing_target_record,,,,,False
2,50,50,89,A_G2_minus_G1_fixed_time,,,missing_target_record,,,,,False
2,50,50,89,A_G1_time_average,,,missing_target_record,,,,,False
2,50,50,89,A_G2_time_average,,,missing_target_record,,,,,False
2,50,50,89,A_G2_minus_G1_time_average,,,missing_target_record,,,,,False
2,50,50,89,B_G1_fixed_time,,,missing_target_record,,,,,False
2,50,50,89,B_G2_fixed_time,,,missing_target_record,,,,,False
2,50,50,89,B_G2_minus_G1_fixed_time,,,missing_target_record,,,,,False
2,50,50,89,B_G1_time_average,,,missing_target_record,,,,,False
2,50,50,89,B_G2_time_average,,,missing_target_record,,,,,False
2,50,50,89,B_G2_minus_G1_time_average,,,missing_target_record,,,,,False
2,50,50,90,A_entry,,,missing_target_record,,,,,False
2,50,50,90,B_entry,,,missing_target_record,,,,,False
2,50,50,90,A_fixed_time_mean,,,missing_target_record,,,,,False
2,50,50,90,B_fixed_time_mean,,,missing_target_record,,,,,False
2,50,50,90,A_full_mean,,,missing_target_record,,,,,False
2,50,50,90,B_full_mean,,,missing_target_record,,,,,False
2,50,50,90,A_G1_fixed_time,,,missing_target_record,,,,,False
2,50,50,90,A_G2_fixed_time,,,missing_target_record,,,,,False
2,50,50,90,A_G2_minus_G1_fixed_time,,,missing_target_record,,,,,False
2,50,50,90,A_G1_time_average,,,missing_target_record,,,,,False
2,50,50,90,A_G2_time_average,,,missing_target_record,,,,,False
2,50,50,90,A_G2_minus_G1_time_average,,,missing_target_record,,,,,False
2,50,50,90,B_G1_fixed_time,,,missing_target_record,,,,,False
2,50,50,90,B_G2_fixed_time,,,missing_target_record,,,,,False
2,50,50,90,B_G2_minus_G1_fixed_time,,,missing_target_record,,,,,False
2,50,50,90,B_G1_time_average,,,missing_target_record,,,,,False
2,50,50,90,B_G2_time_average,,,missing_target_record,,,,,False
2,50,50,90,B_G2_minus_G1_time_average,,,missing_target_record,,,,,False
2,50,50,91,A_entry,,,missing_target_record,,,,,False
2,50,50,91,B_entry,,,missing_target_record,,,,,False
2,50,50,91,A_fixed_time_mean,,,missing_target_record,,,,,False
2,50,50,91,B_fixed_time_mean,,,missing_target_record,,,,,False
2,50,50,91,A_full_mean,,,missing_target_record,,,,,False
2,50,50,91,B_full_mean,,,missing_target_record,,,,,False
2,50,50,91,A_G1_fixed_time,,,missing_target_record,,,,,False
2,50,50,91,A_G2_fixed_time,,,missing_target_record,,,,,False
2,50,50,91,A_G2_minus_G1_fixed_time,,,missing_target_record,,,,,False
2,50,50,91,A_G1_time_average,,,missing_target_record,,,,,False
2,50,50,91,A_G2_time_average,,,missing_target_record,,,,,False
2,50,50,91,A_G2_minus_G1_time_average,,,missing_target_record,,,,,False
2,50,50,91,B_G1_fixed_time,,,missing_target_record,,,,,False
2,50,50,91,B_G2_fixed_time,,,missing_target_record,,,,,False
2,50,50,91,B_G2_minus_G1_fixed_time,,,missing_target_record,,,,,False
2,50,50,91,B_G1_time_average,,,missing_target_record,,,,,False
2,50,50,91,B_G2_time_average,,,missing_target_record,,,,,False
2,50,50,91,B_G2_minus_G1_time_average,,,missing_target_record,,,,,False
2,50,50,92,A_entry,,,missing_target_record,,,,,False
2,50,50,92,B_entry,,,missing_target_record,,,,,False
2,50,50,92,A_fixed_time_mean,,,missing_target_record,,,,,False
2,50,50,92,B_fixed_time_mean,,,missing_target_record,,,,,False
2,50,50,92,A_full_mean,,,missing_target_record,,,,,False
2,50,50,92,B_full_mean,,,missing_target_record,,,,,False
2,50,50,92,A_G1_fixed_time,,,missing_target_record,,,,,False
2,50,50,92,A_G2_fixed_time,,,missing_target_record,,,,,False
2,50,50,92,A_G2_minus_G1_fixed_time,,,missing_target_record,,,,,False
2,50,50,92,A_G1_time_average,,,missing_target_record,,,,,False
2,50,50,92,A_G2_time_average,,,missing_target_record,,,,,False
2,50,50,92,A_G2_minus_G1_time_average,,,missing_target_record,,,,,False
2,50,50,92,B_G1_fixed_time,,,missing_target_record,,,,,False
2,50,50,92,B_G2_fixed_time,,,missing_target_record,,,,,False
2,50,50,92,B_G2_minus_G1_fixed_time,,,missing_target_record,,,,,False
2,50,50,92,B_G1_time_average,,,missing_target_record,,,,,False
2,50,50,92,B_G2_time_average,,,missing_target_record,,,,,False
2,50,50,92,B_G2_minus_G1_time_average,,,missing_target_record,,,,,False
2,50,50,93,A_entry,,,missing_target_record,,,,,False
2,50,50,93,B_entry,,,missing_target_record,,,,,False
2,50,50,93,A_fixed_time_mean,,,missing_target_record,,,,,False
2,50,50,93,B_fixed_time_mean,,,missing_target_record,,,,,False
2,50,50,93,A_full_mean,,,missing_target_record,,,,,False
2,50,50,93,B_full_mean,,,missing_target_record,,,,,False
2,50,50,93,A_G1_fixed_time,,,missing_target_record,,,,,False
2,50,50,93,A_G2_fixed_time,,,missing_target_record,,,,,False
2,50,50,93,A_G2_minus_G1_fixed_time,,,missing_target_record,,,,,False
2,50,50,93,A_G1_time_average,,,missing_target_record,,,,,False
2,50,50,93,A_G2_time_average,,,missing_target_record,,,,,False
2,50,50,93,A_G2_minus_G1_time_average,,,missing_target_record,,,,,False
2,50,50,93,B_G1_fixed_time,,,missing_target_record,,,,,False
2,50,50,93,B_G2_fixed_time,,,missing_target_record,,,,,False
2,50,50,93,B_G2_minus_G1_fixed_time,,,missing_target_record,,,,,False
2,50,50,93,B_G1_time_average,,,missing_target_record,,,,,False
2,50,50,93,B_G2_time_average,,,missing_target_record,,,,,False
2,50,50,93,B_G2_minus_G1_time_average,,,missing_target_record,,,,,False
2,50,50,94,A_entry,,,missing_target_record,,,,,False
2,50,50,94,B_entry,,,missing_target_record,,,,,False
2,50,50,94,A_fixed_time_mean,,,missing_target_record,,,,,False
2,50,50,94,B_fixed_time_mean,,,missing_target_record,,,,,False
2,50,50,94,A_full_mean,,,missing_target_record,,,,,False
2,50,50,94,B_full_mean,,,missing_target_record,,,,,False
2,50,50,94,A_G1_fixed_time,,,missing_target_record,,,,,False
2,50,50,94,A_G2_fixed_time,,,missing_target_record,,,,,False
2,50,50,94,A_G2_minus_G1_fixed_time,,,missing_target_record,,,,,False
2,50,50,94,A_G1_time_average,,,missing_target_record,,,,,False
2,50,50,94,A_G2_time_average,,,missing_target_record,,,,,False
2,50,50,94,A_G2_minus_G1_time_average,,,missing_target_record,,,,,False
2,50,50,94,B_G1_fixed_time,,,missing_target_record,,,,,False
2,50,50,94,B_G2_fixed_time,,,missing_target_record,,,,,False
2,50,50,94,B_G2_minus_G1_fixed_time,,,missing_target_record,,,,,False
2,50,50,94,B_G1_time_average,,,missing_target_record,,,,,False
2,50,50,94,B_G2_time_average,,,missing_target_record,,,,,False
2,50,50,94,B_G2_minus_G1_time_average,,,missing_target_record,,,,,False
2,50,50,95,A_entry,,,missing_target_record,,,,,False
2,50,50,95,B_entry,,,missing_target_record,,,,,False
2,50,50,95,A_fixed_time_mean,,,missing_target_record,,,,,False
2,50,50,95,B_fixed_time_mean,,,missing_target_record,,,,,False
2,50,50,95,A_full_mean,,,missing_target_record,,,,,False
2,50,50,95,B_full_mean,,,missing_target_record,,,,,False
2,50,50,95,A_G1_fixed_time,,,missing_target_record,,,,,False
2,50,50,95,A_G2_fixed_time,,,missing_target_record,,,,,False
2,50,50,95,A_G2_minus_G1_fixed_time,,,missing_target_record,,,,,False
2,50,50,95,A_G1_time_average,,,missing_target_record,,,,,False
2,50,50,95,A_G2_time_average,,,missing_target_record,,,,,False
2,50,50,95,A_G2_minus_G1_time_average,,,missing_target_record,,,,,False
2,50,50,95,B_G1_fixed_time,,,missing_target_record,,,,,False
2,50,50,95,B_G2_fixed_time,,,missing_target_record,,,,,False
2,50,50,95,B_G2_minus_G1_fixed_time,,,missing_target_record,,,,,False
2,50,50,95,B_G1_time_average,,,missing_target_record,,,,,False
2,50,50,95,B_G2_time_average,,,missing_target_record,,,,,False
2,50,50,95,B_G2_minus_G1_time_average,,,missing_target_record,,,,,False
2,50,50,96,A_entry,,,missing_target_record,,,,,False
2,50,50,96,B_entry,,,missing_target_record,,,,,False
2,50,50,96,A_fixed_time_mean,,,missing_target_record,,,,,False
2,50,50,96,B_fixed_time_mean,,,missing_target_record,,,,,False
2,50,50,96,A_full_mean,,,missing_target_record,,,,,False
2,50,50,96,B_full_mean,,,missing_target_record,,,,,False
2,50,50,96,A_G1_fixed_time,,,missing_target_record,,,,,False
2,50,50,96,A_G2_fixed_time,,,missing_target_record,,,,,False
2,50,50,96,A_G2_minus_G1_fixed_time,,,missing_target_record,,,,,False
2,50,50,96,A_G1_time_average,,,missing_target_record,,,,,False
2,50,50,96,A_G2_time_average,,,missing_target_record,,,,,False
2,50,50,96,A_G2_minus_G1_time_average,,,missing_target_record,,,,,False
2,50,50,96,B_G1_fixed_time,,,missing_target_record,,,,,False
2,50,50,96,B_G2_fixed_time,,,missing_target_record,,,,,False
2,50,50,96,B_G2_minus_G1_fixed_time,,,missing_target_record,,,,,False
2,50,50,96,B_G1_time_average,,,missing_target_record,,,,,False
2,50,50,96,B_G2_time_average,,,missing_target_record,,,,,False
2,50,50,96,B_G2_minus_G1_time_average,,,missing_target_record,,,,,False
2,50,50,97,A_entry,,,missing_target_record,,,,,False
2,50,50,97,B_entry,,,missing_target_record,,,,,False
2,50,50,97,A_fixed_time_mean,,,missing_target_record,,,,,False
2,50,50,97,B_fixed_time_mean,,,missing_target_record,,,,,False
2,50,50,97,A_full_mean,,,missing_target_record,,,,,False
2,50,50,97,B_full_mean,,,missing_target_record,,,,,False
2,50,50,97,A_G1_fixed_time,,,missing_target_record,,,,,False
2,50,50,97,A_G2_fixed_time,,,missing_target_record,,,,,False
2,50,50,97,A_G2_minus_G1_fixed_time,,,missing_target_record,,,,,False
2,50,50,97,A_G1_time_average,,,missing_target_record,,,,,False
2,50,50,97,A_G2_time_average,,,missing_target_record,,,,,False
2,50,50,97,A_G2_minus_G1_time_average,,,missing_target_record,,,,,False
2,50,50,97,B_G1_fixed_time,,,missing_target_record,,,,,False
2,50,50,97,B_G2_fixed_time,,,missing_target_record,,,,,False
2,50,50,97,B_G2_minus_G1_fixed_time,,,missing_target_record,,,,,False
2,50,50,97,B_G1_time_average,,,missing_target_record,,,,,False
2,50,50,97,B_G2_time_average,,,missing_target_record,,,,,False
2,50,50,97,B_G2_minus_G1_time_average,,,missing_target_record,,,,,False
2,50,50,98,A_entry,,,missing_target_record,,,,,False
2,50,50,98,B_entry,,,missing_target_record,,,,,False
2,50,50,98,A_fixed_time_mean,,,missing_target_record,,,,,False
2,50,50,98,B_fixed_time_mean,,,missing_target_record,,,,,False
2,50,50,98,A_full_mean,,,missing_target_record,,,,,False
2,50,50,98,B_full_mean,,,missing_target_record,,,,,False
2,50,50,98,A_G1_fixed_time,,,missing_target_record,,,,,False
2,50,50,98,A_G2_fixed_time,,,missing_target_record,,,,,False
2,50,50,98,A_G2_minus_G1_fixed_time,,,missing_target_record,,,,,False
2,50,50,98,A_G1_time_average,,,missing_target_record,,,,,False
2,50,50,98,A_G2_time_average,,,missing_target_record,,,,,False
2,50,50,98,A_G2_minus_G1_time_average,,,missing_target_record,,,,,False
2,50,50,98,B_G1_fixed_time,,,missing_target_record,,,,,False
2,50,50,98,B_G2_fixed_time,,,missing_target_record,,,,,False
2,50,50,98,B_G2_minus_G1_fixed_time,,,missing_target_record,,,,,False
2,50,50,98,B_G1_time_average,,,missing_target_record,,,,,False
2,50,50,98,B_G2_time_average,,,missing_target_record,,,,,False
2,50,50,98,B_G2_minus_G1_time_average,,,missing_target_record,,,,,False
2,50,50,99,A_entry,,,missing_target_record,,,,,False
2,50,50,99,B_entry,,,missing_target_record,,,,,False
2,50,50,99,A_fixed_time_mean,,,missing_target_record,,,,,False
2,50,50,99,B_fixed_time_mean,,,missing_target_record,,,,,False
2,50,50,99,A_full_mean,,,missing_target_record,,,,,False
2,50,50,99,B_full_mean,,,missing_target_record,,,,,False
2,50,50,99,A_G1_fixed_time,,,missing_target_record,,,,,False
2,50,50,99,A_G2_fixed_time,,,missing_target_record,,,,,False
2,50,50,99,A_G2_minus_G1_fixed_time,,,missing_target_record,,,,,False
2,50,50,99,A_G1_time_average,,,missing_target_record,,,,,False
2,50,50,99,A_G2_time_average,,,missing_target_record,,,,,False
2,50,50,99,A_G2_minus_G1_time_average,,,missing_target_record,,,,,False
2,50,50,99,B_G1_fixed_time,,,missing_target_record,,,,,False
2,50,50,99,B_G2_fixed_time,,,missing_target_record,,,,,False
2,50,50,99,B_G2_minus_G1_fixed_time,,,missing_target_record,,,,,False
2,50,50,99,B_G1_time_average,,,missing_target_record,,,,,False
2,50,50,99,B_G2_time_average,,,missing_target_record,,,,,False
2,50,50,99,B_G2_minus_G1_time_average,,,missing_target_record,,,,,False
2,100,100,0,A_entry,,,missing_target_record,,,,,False
2,100,100,0,B_entry,,,missing_target_record,,,,,False
2,100,100,0,A_fixed_time_mean,,,missing_target_record,,,,,False
2,100,100,0,B_fixed_time_mean,,,missing_target_record,,,,,False
2,100,100,0,A_full_mean,,,missing_target_record,,,,,False
2,100,100,0,B_full_mean,,,missing_target_record,,,,,False
2,100,100,0,A_G1_fixed_time,,,missing_target_record,,,,,False
2,100,100,0,A_G2_fixed_time,,,missing_target_record,,,,,False
2,100,100,0,A_G2_minus_G1_fixed_time,,,missing_target_record,,,,,False
2,100,100,0,A_G1_time_average,,,missing_target_record,,,,,False
2,100,100,0,A_G2_time_average,,,missing_target_record,,,,,False
2,100,100,0,A_G2_minus_G1_time_average,,,missing_target_record,,,,,False
2,100,100,0,B_G1_fixed_time,,,missing_target_record,,,,,False
2,100,100,0,B_G2_fixed_time,,,missing_target_record,,,,,False
2,100,100,0,B_G2_minus_G1_fixed_time,,,missing_target_record,,,,,False
2,100,100,0,B_G1_time_average,,,missing_target_record,,,,,False
2,100,100,0,B_G2_time_average,,,missing_target_record,,,,,False
2,100,100,0,B_G2_minus_G1_time_average,,,missing_target_record,,,,,False
2,100,100,1,A_entry,,,missing_target_record,,,,,False
2,100,100,1,B_entry,,,missing_target_record,,,,,False
2,100,100,1,A_fixed_time_mean,,,missing_target_record,,,,,False
2,100,100,1,B_fixed_time_mean,,,missing_target_record,,,,,False
2,100,100,1,A_full_mean,,,missing_target_record,,,,,False
2,100,100,1,B_full_mean,,,missing_target_record,,,,,False
2,100,100,1,A_G1_fixed_time,,,missing_target_record,,,,,False
2,100,100,1,A_G2_fixed_time,,,missing_target_record,,,,,False
2,100,100,1,A_G2_minus_G1_fixed_time,,,missing_target_record,,,,,False
2,100,100,1,A_G1_time_average,,,missing_target_record,,,,,False
2,100,100,1,A_G2_time_average,,,missing_target_record,,,,,False
2,100,100,1,A_G2_minus_G1_time_average,,,missing_target_record,,,,,False
2,100,100,1,B_G1_fixed_time,,,missing_target_record,,,,,False
2,100,100,1,B_G2_fixed_time,,,missing_target_record,,,,,False
2,100,100,1,B_G2_minus_G1_fixed_time,,,missing_target_record,,,,,False
2,100,100,1,B_G1_time_average,,,missing_target_record,,,,,False
2,100,100,1,B_G2_time_average,,,missing_target_record,,,,,False
2,100,100,1,B_G2_minus_G1_time_average,,,missing_target_record,,,,,False
2,100,100,2,A_entry,,,missing_target_record,,,,,False
2,100,100,2,B_entry,,,missing_target_record,,,,,False
2,100,100,2,A_fixed_time_mean,,,missing_target_record,,,,,False
2,100,100,2,B_fixed_time_mean,,,missing_target_record,,,,,False
2,100,100,2,A_full_mean,,,missing_target_record,,,,,False
2,100,100,2,B_full_mean,,,missing_target_record,,,,,False
2,100,100,2,A_G1_fixed_time,,,missing_target_record,,,,,False
2,100,100,2,A_G2_fixed_time,,,missing_target_record,,,,,False
2,100,100,2,A_G2_minus_G1_fixed_time,,,missing_target_record,,,,,False
2,100,100,2,A_G1_time_average,,,missing_target_record,,,,,False
2,100,100,2,A_G2_time_average,,,missing_target_record,,,,,False
2,100,100,2,A_G2_minus_G1_time_average,,,missing_target_record,,,,,False
2,100,100,2,B_G1_fixed_time,,,missing_target_record,,,,,False
2,100,100,2,B_G2_fixed_time,,,missing_target_record,,,,,False
2,100,100,2,B_G2_minus_G1_fixed_time,,,missing_target_record,,,,,False
2,100,100,2,B_G1_time_average,,,missing_target_record,,,,,False
2,100,100,2,B_G2_time_average,,,missing_target_record,,,,,False
2,100,100,2,B_G2_minus_G1_time_average,,,missing_target_record,,,,,False
2,100,100,3,A_entry,,,missing_target_record,,,,,False
2,100,100,3,B_entry,,,missing_target_record,,,,,False
2,100,100,3,A_fixed_time_mean,,,missing_target_record,,,,,False
2,100,100,3,B_fixed_time_mean,,,missing_target_record,,,,,False
2,100,100,3,A_full_mean,,,missing_target_record,,,,,False
2,100,100,3,B_full_mean,,,missing_target_record,,,,,False
2,100,100,3,A_G1_fixed_time,,,missing_target_record,,,,,False
2,100,100,3,A_G2_fixed_time,,,missing_target_record,,,,,False
2,100,100,3,A_G2_minus_G1_fixed_time,,,missing_target_record,,,,,False
2,100,100,3,A_G1_time_average,,,missing_target_record,,,,,False
2,100,100,3,A_G2_time_average,,,missing_target_record,,,,,False
2,100,100,3,A_G2_minus_G1_time_average,,,missing_target_record,,,,,False
2,100,100,3,B_G1_fixed_time,,,missing_target_record,,,,,False
2,100,100,3,B_G2_fixed_time,,,missing_target_record,,,,,False
2,100,100,3,B_G2_minus_G1_fixed_time,,,missing_target_record,,,,,False
2,100,100,3,B_G1_time_average,,,missing_target_record,,,,,False
2,100,100,3,B_G2_time_average,,,missing_target_record,,,,,False
2,100,100,3,B_G2_minus_G1_time_average,,,missing_target_record,,,,,False
2,100,100,4,A_entry,,,missing_target_record,,,,,False
2,100,100,4,B_entry,,,missing_target_record,,,,,False
2,100,100,4,A_fixed_time_mean,,,missing_target_record,,,,,False
2,100,100,4,B_fixed_time_mean,,,missing_target_record,,,,,False
2,100,100,4,A_full_mean,,,missing_target_record,,,,,False
2,100,100,4,B_full_mean,,,missing_target_record,,,,,False
2,100,100,4,A_G1_fixed_time,,,missing_target_record,,,,,False
2,100,100,4,A_G2_fixed_time,,,missing_target_record,,,,,False
2,100,100,4,A_G2_minus_G1_fixed_time,,,missing_target_record,,,,,False
2,100,100,4,A_G1_time_average,,,missing_target_record,,,,,False
2,100,100,4,A_G2_time_average,,,missing_target_record,,,,,False
2,100,100,4,A_G2_minus_G1_time_average,,,missing_target_record,,,,,False
2,100,100,4,B_G1_fixed_time,,,missing_target_record,,,,,False
2,100,100,4,B_G2_fixed_time,,,missing_target_record,,,,,False
2,100,100,4,B_G2_minus_G1_fixed_time,,,missing_target_record,,,,,False
2,100,100,4,B_G1_time_average,,,missing_target_record,,,,,False
2,100,100,4,B_G2_time_average,,,missing_target_record,,,,,False
2,100,100,4,B_G2_minus_G1_time_average,,,missing_target_record,,,,,False
2,100,100,5,A_entry,,,missing_target_record,,,,,False
2,100,100,5,B_entry,,,missing_target_record,,,,,False
2,100,100,5,A_fixed_time_mean,,,missing_target_record,,,,,False
2,100,100,5,B_fixed_time_mean,,,missing_target_record,,,,,False
2,100,100,5,A_full_mean,,,missing_target_record,,,,,False
2,100,100,5,B_full_mean,,,missing_target_record,,,,,False
2,100,100,5,A_G1_fixed_time,,,missing_target_record,,,,,False
2,100,100,5,A_G2_fixed_time,,,missing_target_record,,,,,False
2,100,100,5,A_G2_minus_G1_fixed_time,,,missing_target_record,,,,,False
2,100,100,5,A_G1_time_average,,,missing_target_record,,,,,False
2,100,100,5,A_G2_time_average,,,missing_target_record,,,,,False
2,100,100,5,A_G2_minus_G1_time_average,,,missing_target_record,,,,,False
2,100,100,5,B_G1_fixed_time,,,missing_target_record,,,,,False
2,100,100,5,B_G2_fixed_time,,,missing_target_record,,,,,False
2,100,100,5,B_G2_minus_G1_fixed_time,,,missing_target_record,,,,,False
2,100,100,5,B_G1_time_average,,,missing_target_record,,,,,False
2,100,100,5,B_G2_time_average,,,missing_target_record,,,,,False
2,100,100,5,B_G2_minus_G1_time_average,,,missing_target_record,,,,,False
2,100,100,6,A_entry,,,missing_target_record,,,,,False
2,100,100,6,B_entry,,,missing_target_record,,,,,False
2,100,100,6,A_fixed_time_mean,,,missing_target_record,,,,,False
2,100,100,6,B_fixed_time_mean,,,missing_target_record,,,,,False
2,100,100,6,A_full_mean,,,missing_target_record,,,,,False
2,100,100,6,B_full_mean,,,missing_target_record,,,,,False
2,100,100,6,A_G1_fixed_time,,,missing_target_record,,,,,False
2,100,100,6,A_G2_fixed_time,,,missing_target_record,,,,,False
2,100,100,6,A_G2_minus_G1_fixed_time,,,missing_target_record,,,,,False
2,100,100,6,A_G1_time_average,,,missing_target_record,,,,,False
2,100,100,6,A_G2_time_average,,,missing_target_record,,,,,False
2,100,100,6,A_G2_minus_G1_time_average,,,missing_target_record,,,,,False
2,100,100,6,B_G1_fixed_time,,,missing_target_record,,,,,False
2,100,100,6,B_G2_fixed_time,,,missing_target_record,,,,,False
2,100,100,6,B_G2_minus_G1_fixed_time,,,missing_target_record,,,,,False
2,100,100,6,B_G1_time_average,,,missing_target_record,,,,,False
2,100,100,6,B_G2_time_average,,,missing_target_record,,,,,False
2,100,100,6,B_G2_minus_G1_time_average,,,missing_target_record,,,,,False
2,100,100,7,A_entry,,,missing_target_record,,,,,False
2,100,100,7,B_entry,,,missing_target_record,,,,,False
2,100,100,7,A_fixed_time_mean,,,missing_target_record,,,,,False
2,100,100,7,B_fixed_time_mean,,,missing_target_record,,,,,False
2,100,100,7,A_full_mean,,,missing_target_record,,,,,False
2,100,100,7,B_full_mean,,,missing_target_record,,,,,False
2,100,100,7,A_G1_fixed_time,,,missing_target_record,,,,,False
2,100,100,7,A_G2_fixed_time,,,missing_target_record,,,,,False
2,100,100,7,A_G2_minus_G1_fixed_time,,,missing_target_record,,,,,False
2,100,100,7,A_G1_time_average,,,missing_target_record,,,,,False
2,100,100,7,A_G2_time_average,,,missing_target_record,,,,,False
2,100,100,7,A_G2_minus_G1_time_average,,,missing_target_record,,,,,False
2,100,100,7,B_G1_fixed_time,,,missing_target_record,,,,,False
2,100,100,7,B_G2_fixed_time,,,missing_target_record,,,,,False
2,100,100,7,B_G2_minus_G1_fixed_time,,,missing_target_record,,,,,False
2,100,100,7,B_G1_time_average,,,missing_target_record,,,,,False
2,100,100,7,B_G2_time_average,,,missing_target_record,,,,,False
2,100,100,7,B_G2_minus_G1_time_average,,,missing_target_record,,,,,False
2,100,100,8,A_entry,,,missing_target_record,,,,,False
2,100,100,8,B_entry,,,missing_target_record,,,,,False
2,100,100,8,A_fixed_time_mean,,,missing_target_record,,,,,False
2,100,100,8,B_fixed_time_mean,,,missing_target_record,,,,,False
2,100,100,8,A_full_mean,,,missing_target_record,,,,,False
2,100,100,8,B_full_mean,,,missing_target_record,,,,,False
2,100,100,8,A_G1_fixed_time,,,missing_target_record,,,,,False
2,100,100,8,A_G2_fixed_time,,,missing_target_record,,,,,False
2,100,100,8,A_G2_minus_G1_fixed_time,,,missing_target_record,,,,,False
2,100,100,8,A_G1_time_average,,,missing_target_record,,,,,False
2,100,100,8,A_G2_time_average,,,missing_target_record,,,,,False
2,100,100,8,A_G2_minus_G1_time_average,,,missing_target_record,,,,,False
2,100,100,8,B_G1_fixed_time,,,missing_target_record,,,,,False
2,100,100,8,B_G2_fixed_time,,,missing_target_record,,,,,False
2,100,100,8,B_G2_minus_G1_fixed_time,,,missing_target_record,,,,,False
2,100,100,8,B_G1_time_average,,,missing_target_record,,,,,False
2,100,100,8,B_G2_time_average,,,missing_target_record,,,,,False
2,100,100,8,B_G2_minus_G1_time_average,,,missing_target_record,,,,,False
2,100,100,9,A_entry,,,missing_target_record,,,,,False
2,100,100,9,B_entry,,,missing_target_record,,,,,False
2,100,100,9,A_fixed_time_mean,,,missing_target_record,,,,,False
2,100,100,9,B_fixed_time_mean,,,missing_target_record,,,,,False
2,100,100,9,A_full_mean,,,missing_target_record,,,,,False
2,100,100,9,B_full_mean,,,missing_target_record,,,,,False
2,100,100,9,A_G1_fixed_time,,,missing_target_record,,,,,False
2,100,100,9,A_G2_fixed_time,,,missing_target_record,,,,,False
2,100,100,9,A_G2_minus_G1_fixed_time,,,missing_target_record,,,,,False
2,100,100,9,A_G1_time_average,,,missing_target_record,,,,,False
2,100,100,9,A_G2_time_average,,,missing_target_record,,,,,False
2,100,100,9,A_G2_minus_G1_time_average,,,missing_target_record,,,,,False
2,100,100,9,B_G1_fixed_time,,,missing_target_record,,,,,False
2,100,100,9,B_G2_fixed_time,,,missing_target_record,,,,,False
2,100,100,9,B_G2_minus_G1_fixed_time,,,missing_target_record,,,,,False
2,100,100,9,B_G1_time_average,,,missing_target_record,,,,,False
2,100,100,9,B_G2_time_average,,,missing_target_record,,,,,False
2,100,100,9,B_G2_minus_G1_time_average,,,missing_target_record,,,,,False
2,100,100,10,A_entry,,,missing_target_record,,,,,False
2,100,100,10,B_entry,,,missing_target_record,,,,,False
2,100,100,10,A_fixed_time_mean,,,missing_target_record,,,,,False
2,100,100,10,B_fixed_time_mean,,,missing_target_record,,,,,False
2,100,100,10,A_full_mean,,,missing_target_record,,,,,False
2,100,100,10,B_full_mean,,,missing_target_record,,,,,False
2,100,100,10,A_G1_fixed_time,,,missing_target_record,,,,,False
2,100,100,10,A_G2_fixed_time,,,missing_target_record,,,,,False
2,100,100,10,A_G2_minus_G1_fixed_time,,,missing_target_record,,,,,False
2,100,100,10,A_G1_time_average,,,missing_target_record,,,,,False
2,100,100,10,A_G2_time_average,,,missing_target_record,,,,,False
2,100,100,10,A_G2_minus_G1_time_average,,,missing_target_record,,,,,False
2,100,100,10,B_G1_fixed_time,,,missing_target_record,,,,,False
2,100,100,10,B_G2_fixed_time,,,missing_target_record,,,,,False
2,100,100,10,B_G2_minus_G1_fixed_time,,,missing_target_record,,,,,False
2,100,100,10,B_G1_time_average,,,missing_target_record,,,,,False
2,100,100,10,B_G2_time_average,,,missing_target_record,,,,,False
2,100,100,10,B_G2_minus_G1_time_average,,,missing_target_record,,,,,False
2,100,100,11,A_entry,,,missing_target_record,,,,,False
2,100,100,11,B_entry,,,missing_target_record,,,,,False
2,100,100,11,A_fixed_time_mean,,,missing_target_record,,,,,False
2,100,100,11,B_fixed_time_mean,,,missing_target_record,,,,,False
2,100,100,11,A_full_mean,,,missing_target_record,,,,,False
2,100,100,11,B_full_mean,,,missing_target_record,,,,,False
2,100,100,11,A_G1_fixed_time,,,missing_target_record,,,,,False
2,100,100,11,A_G2_fixed_time,,,missing_target_record,,,,,False
2,100,100,11,A_G2_minus_G1_fixed_time,,,missing_target_record,,,,,False
2,100,100,11,A_G1_time_average,,,missing_target_record,,,,,False
2,100,100,11,A_G2_time_average,,,missing_target_record,,,,,False
2,100,100,11,A_G2_minus_G1_time_average,,,missing_target_record,,,,,False
2,100,100,11,B_G1_fixed_time,,,missing_target_record,,,,,False
2,100,100,11,B_G2_fixed_time,,,missing_target_record,,,,,False
2,100,100,11,B_G2_minus_G1_fixed_time,,,missing_target_record,,,,,False
2,100,100,11,B_G1_time_average,,,missing_target_record,,,,,False
2,100,100,11,B_G2_time_average,,,missing_target_record,,,,,False
2,100,100,11,B_G2_minus_G1_time_average,,,missing_target_record,,,,,False
2,100,100,12,A_entry,,,missing_target_record,,,,,False
2,100,100,12,B_entry,,,missing_target_record,,,,,False
2,100,100,12,A_fixed_time_mean,,,missing_target_record,,,,,False
2,100,100,12,B_fixed_time_mean,,,missing_target_record,,,,,False
2,100,100,12,A_full_mean,,,missing_target_record,,,,,False
2,100,100,12,B_full_mean,,,missing_target_record,,,,,False
2,100,100,12,A_G1_fixed_time,,,missing_target_record,,,,,False
2,100,100,12,A_G2_fixed_time,,,missing_target_record,,,,,False
2,100,100,12,A_G2_minus_G1_fixed_time,,,missing_target_record,,,,,False
2,100,100,12,A_G1_time_average,,,missing_target_record,,,,,False
2,100,100,12,A_G2_time_average,,,missing_target_record,,,,,False
2,100,100,12,A_G2_minus_G1_time_average,,,missing_target_record,,,,,False
2,100,100,12,B_G1_fixed_time,,,missing_target_record,,,,,False
2,100,100,12,B_G2_fixed_time,,,missing_target_record,,,,,False
2,100,100,12,B_G2_minus_G1_fixed_time,,,missing_target_record,,,,,False
2,100,100,12,B_G1_time_average,,,missing_target_record,,,,,False
2,100,100,12,B_G2_time_average,,,missing_target_record,,,,,False
2,100,100,12,B_G2_minus_G1_time_average,,,missing_target_record,,,,,False
2,100,100,13,A_entry,,,missing_target_record,,,,,False
2,100,100,13,B_entry,,,missing_target_record,,,,,False
2,100,100,13,A_fixed_time_mean,,,missing_target_record,,,,,False
2,100,100,13,B_fixed_time_mean,,,missing_target_record,,,,,False
2,100,100,13,A_full_mean,,,missing_target_record,,,,,False
2,100,100,13,B_full_mean,,,missing_target_record,,,,,False
2,100,100,13,A_G1_fixed_time,,,missing_target_record,,,,,False
2,100,100,13,A_G2_fixed_time,,,missing_target_record,,,,,False
2,100,100,13,A_G2_minus_G1_fixed_time,,,missing_target_record,,,,,False
2,100,100,13,A_G1_time_average,,,missing_target_record,,,,,False
2,100,100,13,A_G2_time_average,,,missing_target_record,,,,,False
2,100,100,13,A_G2_minus_G1_time_average,,,missing_target_record,,,,,False
2,100,100,13,B_G1_fixed_time,,,missing_target_record,,,,,False
2,100,100,13,B_G2_fixed_time,,,missing_target_record,,,,,False
2,100,100,13,B_G2_minus_G1_fixed_time,,,missing_target_record,,,,,False
2,100,100,13,B_G1_time_average,,,missing_target_record,,,,,False
2,100,100,13,B_G2_time_average,,,missing_target_record,,,,,False
2,100,100,13,B_G2_minus_G1_time_average,,,missing_target_record,,,,,False
2,100,100,14,A_entry,,,missing_target_record,,,,,False
2,100,100,14,B_entry,,,missing_target_record,,,,,False
2,100,100,14,A_fixed_time_mean,,,missing_target_record,,,,,False
2,100,100,14,B_fixed_time_mean,,,missing_target_record,,,,,False
2,100,100,14,A_full_mean,,,missing_target_record,,,,,False
2,100,100,14,B_full_mean,,,missing_target_record,,,,,False
2,100,100,14,A_G1_fixed_time,,,missing_target_record,,,,,False
2,100,100,14,A_G2_fixed_time,,,missing_target_record,,,,,False
2,100,100,14,A_G2_minus_G1_fixed_time,,,missing_target_record,,,,,False
2,100,100,14,A_G1_time_average,,,missing_target_record,,,,,False
2,100,100,14,A_G2_time_average,,,missing_target_record,,,,,False
2,100,100,14,A_G2_minus_G1_time_average,,,missing_target_record,,,,,False
2,100,100,14,B_G1_fixed_time,,,missing_target_record,,,,,False
2,100,100,14,B_G2_fixed_time,,,missing_target_record,,,,,False
2,100,100,14,B_G2_minus_G1_fixed_time,,,missing_target_record,,,,,False
2,100,100,14,B_G1_time_average,,,missing_target_record,,,,,False
2,100,100,14,B_G2_time_average,,,missing_target_record,,,,,False
2,100,100,14,B_G2_minus_G1_time_average,,,missing_target_record,,,,,False
2,100,100,15,A_entry,,,missing_target_record,,,,,False
2,100,100,15,B_entry,,,missing_target_record,,,,,False
2,100,100,15,A_fixed_time_mean,,,missing_target_record,,,,,False
2,100,100,15,B_fixed_time_mean,,,missing_target_record,,,,,False
2,100,100,15,A_full_mean,,,missing_target_record,,,,,False
2,100,100,15,B_full_mean,,,missing_target_record,,,,,False
2,100,100,15,A_G1_fixed_time,,,missing_target_record,,,,,False
2,100,100,15,A_G2_fixed_time,,,missing_target_record,,,,,False
2,100,100,15,A_G2_minus_G1_fixed_time,,,missing_target_record,,,,,False
2,100,100,15,A_G1_time_average,,,missing_target_record,,,,,False
2,100,100,15,A_G2_time_average,,,missing_target_record,,,,,False
2,100,100,15,A_G2_minus_G1_time_average,,,missing_target_record,,,,,False
2,100,100,15,B_G1_fixed_time,,,missing_target_record,,,,,False
2,100,100,15,B_G2_fixed_time,,,missing_target_record,,,,,False
2,100,100,15,B_G2_minus_G1_fixed_time,,,missing_target_record,,,,,False
2,100,100,15,B_G1_time_average,,,missing_target_record,,,,,False
2,100,100,15,B_G2_time_average,,,missing_target_record,,,,,False
2,100,100,15,B_G2_minus_G1_time_average,,,missing_target_record,,,,,False
2,100,100,16,A_entry,,,missing_target_record,,,,,False
2,100,100,16,B_entry,,,missing_target_record,,,,,False
2,100,100,16,A_fixed_time_mean,,,missing_target_record,,,,,False
2,100,100,16,B_fixed_time_mean,,,missing_target_record,,,,,False
2,100,100,16,A_full_mean,,,missing_target_record,,,,,False
2,100,100,16,B_full_mean,,,missing_target_record,,,,,False
2,100,100,16,A_G1_fixed_time,,,missing_target_record,,,,,False
2,100,100,16,A_G2_fixed_time,,,missing_target_record,,,,,False
2,100,100,16,A_G2_minus_G1_fixed_time,,,missing_target_record,,,,,False
2,100,100,16,A_G1_time_average,,,missing_target_record,,,,,False
2,100,100,16,A_G2_time_average,,,missing_target_record,,,,,False
2,100,100,16,A_G2_minus_G1_time_average,,,missing_target_record,,,,,False
2,100,100,16,B_G1_fixed_time,,,missing_target_record,,,,,False
2,100,100,16,B_G2_fixed_time,,,missing_target_record,,,,,False
2,100,100,16,B_G2_minus_G1_fixed_time,,,missing_target_record,,,,,False
2,100,100,16,B_G1_time_average,,,missing_target_record,,,,,False
2,100,100,16,B_G2_time_average,,,missing_target_record,,,,,False
2,100,100,16,B_G2_minus_G1_time_average,,,missing_target_record,,,,,False
2,100,100,17,A_entry,,,missing_target_record,,,,,False
2,100,100,17,B_entry,,,missing_target_record,,,,,False
2,100,100,17,A_fixed_time_mean,,,missing_target_record,,,,,False
2,100,100,17,B_fixed_time_mean,,,missing_target_record,,,,,False
2,100,100,17,A_full_mean,,,missing_target_record,,,,,False
2,100,100,17,B_full_mean,,,missing_target_record,,,,,False
2,100,100,17,A_G1_fixed_time,,,missing_target_record,,,,,False
2,100,100,17,A_G2_fixed_time,,,missing_target_record,,,,,False
2,100,100,17,A_G2_minus_G1_fixed_time,,,missing_target_record,,,,,False
2,100,100,17,A_G1_time_average,,,missing_target_record,,,,,False
2,100,100,17,A_G2_time_average,,,missing_target_record,,,,,False
2,100,100,17,A_G2_minus_G1_time_average,,,missing_target_record,,,,,False
2,100,100,17,B_G1_fixed_time,,,missing_target_record,,,,,False
2,100,100,17,B_G2_fixed_time,,,missing_target_record,,,,,False
2,100,100,17,B_G2_minus_G1_fixed_time,,,missing_target_record,,,,,False
2,100,100,17,B_G1_time_average,,,missing_target_record,,,,,False
2,100,100,17,B_G2_time_average,,,missing_target_record,,,,,False
2,100,100,17,B_G2_minus_G1_time_average,,,missing_target_record,,,,,False
2,100,100,18,A_entry,,,missing_target_record,,,,,False
2,100,100,18,B_entry,,,missing_target_record,,,,,False
2,100,100,18,A_fixed_time_mean,,,missing_target_record,,,,,False
2,100,100,18,B_fixed_time_mean,,,missing_target_record,,,,,False
2,100,100,18,A_full_mean,,,missing_target_record,,,,,False
2,100,100,18,B_full_mean,,,missing_target_record,,,,,False
2,100,100,18,A_G1_fixed_time,,,missing_target_record,,,,,False
2,100,100,18,A_G2_fixed_time,,,missing_target_record,,,,,False
2,100,100,18,A_G2_minus_G1_fixed_time,,,missing_target_record,,,,,False
2,100,100,18,A_G1_time_average,,,missing_target_record,,,,,False
2,100,100,18,A_G2_time_average,,,missing_target_record,,,,,False
2,100,100,18,A_G2_minus_G1_time_average,,,missing_target_record,,,,,False
2,100,100,18,B_G1_fixed_time,,,missing_target_record,,,,,False
2,100,100,18,B_G2_fixed_time,,,missing_target_record,,,,,False
2,100,100,18,B_G2_minus_G1_fixed_time,,,missing_target_record,,,,,False
2,100,100,18,B_G1_time_average,,,missing_target_record,,,,,False
2,100,100,18,B_G2_time_average,,,missing_target_record,,,,,False
2,100,100,18,B_G2_minus_G1_time_average,,,missing_target_record,,,,,False
2,100,100,19,A_entry,,,missing_target_record,,,,,False
2,100,100,19,B_entry,,,missing_target_record,,,,,False
2,100,100,19,A_fixed_time_mean,,,missing_target_record,,,,,False
2,100,100,19,B_fixed_time_mean,,,missing_target_record,,,,,False
2,100,100,19,A_full_mean,,,missing_target_record,,,,,False
2,100,100,19,B_full_mean,,,missing_target_record,,,,,False
2,100,100,19,A_G1_fixed_time,,,missing_target_record,,,,,False
2,100,100,19,A_G2_fixed_time,,,missing_target_record,,,,,False
2,100,100,19,A_G2_minus_G1_fixed_time,,,missing_target_record,,,,,False
2,100,100,19,A_G1_time_average,,,missing_target_record,,,,,False
2,100,100,19,A_G2_time_average,,,missing_target_record,,,,,False
2,100,100,19,A_G2_minus_G1_time_average,,,missing_target_record,,,,,False
2,100,100,19,B_G1_fixed_time,,,missing_target_record,,,,,False
2,100,100,19,B_G2_fixed_time,,,missing_target_record,,,,,False
2,100,100,19,B_G2_minus_G1_fixed_time,,,missing_target_record,,,,,False
2,100,100,19,B_G1_time_average,,,missing_target_record,,,,,False
2,100,100,19,B_G2_time_average,,,missing_target_record,,,,,False
2,100,100,19,B_G2_minus_G1_time_average,,,missing_target_record,,,,,False
2,100,100,20,A_entry,,,missing_target_record,,,,,False
2,100,100,20,B_entry,,,missing_target_record,,,,,False
2,100,100,20,A_fixed_time_mean,,,missing_target_record,,,,,False
2,100,100,20,B_fixed_time_mean,,,missing_target_record,,,,,False
2,100,100,20,A_full_mean,,,missing_target_record,,,,,False
2,100,100,20,B_full_mean,,,missing_target_record,,,,,False
2,100,100,20,A_G1_fixed_time,,,missing_target_record,,,,,False
2,100,100,20,A_G2_fixed_time,,,missing_target_record,,,,,False
2,100,100,20,A_G2_minus_G1_fixed_time,,,missing_target_record,,,,,False
2,100,100,20,A_G1_time_average,,,missing_target_record,,,,,False
2,100,100,20,A_G2_time_average,,,missing_target_record,,,,,False
2,100,100,20,A_G2_minus_G1_time_average,,,missing_target_record,,,,,False
2,100,100,20,B_G1_fixed_time,,,missing_target_record,,,,,False
2,100,100,20,B_G2_fixed_time,,,missing_target_record,,,,,False
2,100,100,20,B_G2_minus_G1_fixed_time,,,missing_target_record,,,,,False
2,100,100,20,B_G1_time_average,,,missing_target_record,,,,,False
2,100,100,20,B_G2_time_average,,,missing_target_record,,,,,False
2,100,100,20,B_G2_minus_G1_time_average,,,missing_target_record,,,,,False
2,100,100,21,A_entry,,,missing_target_record,,,,,False
2,100,100,21,B_entry,,,missing_target_record,,,,,False
2,100,100,21,A_fixed_time_mean,,,missing_target_record,,,,,False
2,100,100,21,B_fixed_time_mean,,,missing_target_record,,,,,False
2,100,100,21,A_full_mean,,,missing_target_record,,,,,False
2,100,100,21,B_full_mean,,,missing_target_record,,,,,False
2,100,100,21,A_G1_fixed_time,,,missing_target_record,,,,,False
2,100,100,21,A_G2_fixed_time,,,missing_target_record,,,,,False
2,100,100,21,A_G2_minus_G1_fixed_time,,,missing_target_record,,,,,False
2,100,100,21,A_G1_time_average,,,missing_target_record,,,,,False
2,100,100,21,A_G2_time_average,,,missing_target_record,,,,,False
2,100,100,21,A_G2_minus_G1_time_average,,,missing_target_record,,,,,False
2,100,100,21,B_G1_fixed_time,,,missing_target_record,,,,,False
2,100,100,21,B_G2_fixed_time,,,missing_target_record,,,,,False
2,100,100,21,B_G2_minus_G1_fixed_time,,,missing_target_record,,,,,False
2,100,100,21,B_G1_time_average,,,missing_target_record,,,,,False
2,100,100,21,B_G2_time_average,,,missing_target_record,,,,,False
2,100,100,21,B_G2_minus_G1_time_average,,,missing_target_record,,,,,False
2,100,100,22,A_entry,,,missing_target_record,,,,,False
2,100,100,22,B_entry,,,missing_target_record,,,,,False
2,100,100,22,A_fixed_time_mean,,,missing_target_record,,,,,False
2,100,100,22,B_fixed_time_mean,,,missing_target_record,,,,,False
2,100,100,22,A_full_mean,,,missing_target_record,,,,,False
2,100,100,22,B_full_mean,,,missing_target_record,,,,,False
2,100,100,22,A_G1_fixed_time,,,missing_target_record,,,,,False
2,100,100,22,A_G2_fixed_time,,,missing_target_record,,,,,False
2,100,100,22,A_G2_minus_G1_fixed_time,,,missing_target_record,,,,,False
2,100,100,22,A_G1_time_average,,,missing_target_record,,,,,False
2,100,100,22,A_G2_time_average,,,missing_target_record,,,,,False
2,100,100,22,A_G2_minus_G1_time_average,,,missing_target_record,,,,,False
2,100,100,22,B_G1_fixed_time,,,missing_target_record,,,,,False
2,100,100,22,B_G2_fixed_time,,,missing_target_record,,,,,False
2,100,100,22,B_G2_minus_G1_fixed_time,,,missing_target_record,,,,,False
2,100,100,22,B_G1_time_average,,,missing_target_record,,,,,False
2,100,100,22,B_G2_time_average,,,missing_target_record,,,,,False
2,100,100,22,B_G2_minus_G1_time_average,,,missing_target_record,,,,,False
2,100,100,23,A_entry,,,missing_target_record,,,,,False
2,100,100,23,B_entry,,,missing_target_record,,,,,False
2,100,100,23,A_fixed_time_mean,,,missing_target_record,,,,,False
2,100,100,23,B_fixed_time_mean,,,missing_target_record,,,,,False
2,100,100,23,A_full_mean,,,missing_target_record,,,,,False
2,100,100,23,B_full_mean,,,missing_target_record,,,,,False
2,100,100,23,A_G1_fixed_time,,,missing_target_record,,,,,False
2,100,100,23,A_G2_fixed_time,,,missing_target_record,,,,,False
2,100,100,23,A_G2_minus_G1_fixed_time,,,missing_target_record,,,,,False
2,100,100,23,A_G1_time_average,,,missing_target_record,,,,,False
2,100,100,23,A_G2_time_average,,,missing_target_record,,,,,False
2,100,100,23,A_G2_minus_G1_time_average,,,missing_target_record,,,,,False
2,100,100,23,B_G1_fixed_time,,,missing_target_record,,,,,False
2,100,100,23,B_G2_fixed_time,,,missing_target_record,,,,,False
2,100,100,23,B_G2_minus_G1_fixed_time,,,missing_target_record,,,,,False
2,100,100,23,B_G1_time_average,,,missing_target_record,,,,,False
2,100,100,23,B_G2_time_average,,,missing_target_record,,,,,False
2,100,100,23,B_G2_minus_G1_time_average,,,missing_target_record,,,,,False
2,100,100,24,A_entry,,,missing_target_record,,,,,False
2,100,100,24,B_entry,,,missing_target_record,,,,,False
2,100,100,24,A_fixed_time_mean,,,missing_target_record,,,,,False
2,100,100,24,B_fixed_time_mean,,,missing_target_record,,,,,False
2,100,100,24,A_full_mean,,,missing_target_record,,,,,False
2,100,100,24,B_full_mean,,,missing_target_record,,,,,False
2,100,100,24,A_G1_fixed_time,,,missing_target_record,,,,,False
2,100,100,24,A_G2_fixed_time,,,missing_target_record,,,,,False
2,100,100,24,A_G2_minus_G1_fixed_time,,,missing_target_record,,,,,False
2,100,100,24,A_G1_time_average,,,missing_target_record,,,,,False
2,100,100,24,A_G2_time_average,,,missing_target_record,,,,,False
2,100,100,24,A_G2_minus_G1_time_average,,,missing_target_record,,,,,False
2,100,100,24,B_G1_fixed_time,,,missing_target_record,,,,,False
2,100,100,24,B_G2_fixed_time,,,missing_target_record,,,,,False
2,100,100,24,B_G2_minus_G1_fixed_time,,,missing_target_record,,,,,False
2,100,100,24,B_G1_time_average,,,missing_target_record,,,,,False
2,100,100,24,B_G2_time_average,,,missing_target_record,,,,,False
2,100,100,24,B_G2_minus_G1_time_average,,,missing_target_record,,,,,False
2,100,100,25,A_entry,,,missing_target_record,,,,,False
2,100,100,25,B_entry,,,missing_target_record,,,,,False
2,100,100,25,A_fixed_time_mean,,,missing_target_record,,,,,False
2,100,100,25,B_fixed_time_mean,,,missing_target_record,,,,,False
2,100,100,25,A_full_mean,,,missing_target_record,,,,,False
2,100,100,25,B_full_mean,,,missing_target_record,,,,,False
2,100,100,25,A_G1_fixed_time,,,missing_target_record,,,,,False
2,100,100,25,A_G2_fixed_time,,,missing_target_record,,,,,False
2,100,100,25,A_G2_minus_G1_fixed_time,,,missing_target_record,,,,,False
2,100,100,25,A_G1_time_average,,,missing_target_record,,,,,False
2,100,100,25,A_G2_time_average,,,missing_target_record,,,,,False
2,100,100,25,A_G2_minus_G1_time_average,,,missing_target_record,,,,,False
2,100,100,25,B_G1_fixed_time,,,missing_target_record,,,,,False
2,100,100,25,B_G2_fixed_time,,,missing_target_record,,,,,False
2,100,100,25,B_G2_minus_G1_fixed_time,,,missing_target_record,,,,,False
2,100,100,25,B_G1_time_average,,,missing_target_record,,,,,False
2,100,100,25,B_G2_time_average,,,missing_target_record,,,,,False
2,100,100,25,B_G2_minus_G1_time_average,,,missing_target_record,,,,,False
2,100,100,26,A_entry,,,missing_target_record,,,,,False
2,100,100,26,B_entry,,,missing_target_record,,,,,False
2,100,100,26,A_fixed_time_mean,,,missing_target_record,,,,,False
2,100,100,26,B_fixed_time_mean,,,missing_target_record,,,,,False
2,100,100,26,A_full_mean,,,missing_target_record,,,,,False
2,100,100,26,B_full_mean,,,missing_target_record,,,,,False
2,100,100,26,A_G1_fixed_time,,,missing_target_record,,,,,False
2,100,100,26,A_G2_fixed_time,,,missing_target_record,,,,,False
2,100,100,26,A_G2_minus_G1_fixed_time,,,missing_target_record,,,,,False
2,100,100,26,A_G1_time_average,,,missing_target_record,,,,,False
2,100,100,26,A_G2_time_average,,,missing_target_record,,,,,False
2,100,100,26,A_G2_minus_G1_time_average,,,missing_target_record,,,,,False
2,100,100,26,B_G1_fixed_time,,,missing_target_record,,,,,False
2,100,100,26,B_G2_fixed_time,,,missing_target_record,,,,,False
2,100,100,26,B_G2_minus_G1_fixed_time,,,missing_target_record,,,,,False
2,100,100,26,B_G1_time_average,,,missing_target_record,,,,,False
2,100,100,26,B_G2_time_average,,,missing_target_record,,,,,False
2,100,100,26,B_G2_minus_G1_time_average,,,missing_target_record,,,,,False
2,100,100,27,A_entry,,,missing_target_record,,,,,False
2,100,100,27,B_entry,,,missing_target_record,,,,,False
2,100,100,27,A_fixed_time_mean,,,missing_target_record,,,,,False
2,100,100,27,B_fixed_time_mean,,,missing_target_record,,,,,False
2,100,100,27,A_full_mean,,,missing_target_record,,,,,False
2,100,100,27,B_full_mean,,,missing_target_record,,,,,False
2,100,100,27,A_G1_fixed_time,,,missing_target_record,,,,,False
2,100,100,27,A_G2_fixed_time,,,missing_target_record,,,,,False
2,100,100,27,A_G2_minus_G1_fixed_time,,,missing_target_record,,,,,False
2,100,100,27,A_G1_time_average,,,missing_target_record,,,,,False
2,100,100,27,A_G2_time_average,,,missing_target_record,,,,,False
2,100,100,27,A_G2_minus_G1_time_average,,,missing_target_record,,,,,False
2,100,100,27,B_G1_fixed_time,,,missing_target_record,,,,,False
2,100,100,27,B_G2_fixed_time,,,missing_target_record,,,,,False
2,100,100,27,B_G2_minus_G1_fixed_time,,,missing_target_record,,,,,False
2,100,100,27,B_G1_time_average,,,missing_target_record,,,,,False
2,100,100,27,B_G2_time_average,,,missing_target_record,,,,,False
2,100,100,27,B_G2_minus_G1_time_average,,,missing_target_record,,,,,False
2,100,100,28,A_entry,,,missing_target_record,,,,,False
2,100,100,28,B_entry,,,missing_target_record,,,,,False
2,100,100,28,A_fixed_time_mean,,,missing_target_record,,,,,False
2,100,100,28,B_fixed_time_mean,,,missing_target_record,,,,,False
2,100,100,28,A_full_mean,,,missing_target_record,,,,,False
2,100,100,28,B_full_mean,,,missing_target_record,,,,,False
2,100,100,28,A_G1_fixed_time,,,missing_target_record,,,,,False
2,100,100,28,A_G2_fixed_time,,,missing_target_record,,,,,False
2,100,100,28,A_G2_minus_G1_fixed_time,,,missing_target_record,,,,,False
2,100,100,28,A_G1_time_average,,,missing_target_record,,,,,False
2,100,100,28,A_G2_time_average,,,missing_target_record,,,,,False
2,100,100,28,A_G2_minus_G1_time_average,,,missing_target_record,,,,,False
2,100,100,28,B_G1_fixed_time,,,missing_target_record,,,,,False
2,100,100,28,B_G2_fixed_time,,,missing_target_record,,,,,False
2,100,100,28,B_G2_minus_G1_fixed_time,,,missing_target_record,,,,,False
2,100,100,28,B_G1_time_average,,,missing_target_record,,,,,False
2,100,100,28,B_G2_time_average,,,missing_target_record,,,,,False
2,100,100,28,B_G2_minus_G1_time_average,,,missing_target_record,,,,,False
2,100,100,29,A_entry,,,missing_target_record,,,,,False
2,100,100,29,B_entry,,,missing_target_record,,,,,False
2,100,100,29,A_fixed_time_mean,,,missing_target_record,,,,,False
2,100,100,29,B_fixed_time_mean,,,missing_target_record,,,,,False
2,100,100,29,A_full_mean,,,missing_target_record,,,,,False
2,100,100,29,B_full_mean,,,missing_target_record,,,,,False
2,100,100,29,A_G1_fixed_time,,,missing_target_record,,,,,False
2,100,100,29,A_G2_fixed_time,,,missing_target_record,,,,,False
2,100,100,29,A_G2_minus_G1_fixed_time,,,missing_target_record,,,,,False
2,100,100,29,A_G1_time_average,,,missing_target_record,,,,,False
2,100,100,29,A_G2_time_average,,,missing_target_record,,,,,False
2,100,100,29,A_G2_minus_G1_time_average,,,missing_target_record,,,,,False
2,100,100,29,B_G1_fixed_time,,,missing_target_record,,,,,False
2,100,100,29,B_G2_fixed_time,,,missing_target_record,,,,,False
2,100,100,29,B_G2_minus_G1_fixed_time,,,missing_target_record,,,,,False
2,100,100,29,B_G1_time_average,,,missing_target_record,,,,,False
2,100,100,29,B_G2_time_average,,,missing_target_record,,,,,False
2,100,100,29,B_G2_minus_G1_time_average,,,missing_target_record,,,,,False
2,100,100,30,A_entry,,,missing_target_record,,,,,False
2,100,100,30,B_entry,,,missing_target_record,,,,,False
2,100,100,30,A_fixed_time_mean,,,missing_target_record,,,,,False
2,100,100,30,B_fixed_time_mean,,,missing_target_record,,,,,False
2,100,100,30,A_full_mean,,,missing_target_record,,,,,False
2,100,100,30,B_full_mean,,,missing_target_record,,,,,False
2,100,100,30,A_G1_fixed_time,,,missing_target_record,,,,,False
2,100,100,30,A_G2_fixed_time,,,missing_target_record,,,,,False
2,100,100,30,A_G2_minus_G1_fixed_time,,,missing_target_record,,,,,False
2,100,100,30,A_G1_time_average,,,missing_target_record,,,,,False
2,100,100,30,A_G2_time_average,,,missing_target_record,,,,,False
2,100,100,30,A_G2_minus_G1_time_average,,,missing_target_record,,,,,False
2,100,100,30,B_G1_fixed_time,,,missing_target_record,,,,,False
2,100,100,30,B_G2_fixed_time,,,missing_target_record,,,,,False
2,100,100,30,B_G2_minus_G1_fixed_time,,,missing_target_record,,,,,False
2,100,100,30,B_G1_time_average,,,missing_target_record,,,,,False
2,100,100,30,B_G2_time_average,,,missing_target_record,,,,,False
2,100,100,30,B_G2_minus_G1_time_average,,,missing_target_record,,,,,False
2,100,100,31,A_entry,,,missing_target_record,,,,,False
2,100,100,31,B_entry,,,missing_target_record,,,,,False
2,100,100,31,A_fixed_time_mean,,,missing_target_record,,,,,False
2,100,100,31,B_fixed_time_mean,,,missing_target_record,,,,,False
2,100,100,31,A_full_mean,,,missing_target_record,,,,,False
2,100,100,31,B_full_mean,,,missing_target_record,,,,,False
2,100,100,31,A_G1_fixed_time,,,missing_target_record,,,,,False
2,100,100,31,A_G2_fixed_time,,,missing_target_record,,,,,False
2,100,100,31,A_G2_minus_G1_fixed_time,,,missing_target_record,,,,,False
2,100,100,31,A_G1_time_average,,,missing_target_record,,,,,False
2,100,100,31,A_G2_time_average,,,missing_target_record,,,,,False
2,100,100,31,A_G2_minus_G1_time_average,,,missing_target_record,,,,,False
2,100,100,31,B_G1_fixed_time,,,missing_target_record,,,,,False
2,100,100,31,B_G2_fixed_time,,,missing_target_record,,,,,False
2,100,100,31,B_G2_minus_G1_fixed_time,,,missing_target_record,,,,,False
2,100,100,31,B_G1_time_average,,,missing_target_record,,,,,False
2,100,100,31,B_G2_time_average,,,missing_target_record,,,,,False
2,100,100,31,B_G2_minus_G1_time_average,,,missing_target_record,,,,,False
2,100,100,32,A_entry,,,missing_target_record,,,,,False
2,100,100,32,B_entry,,,missing_target_record,,,,,False
2,100,100,32,A_fixed_time_mean,,,missing_target_record,,,,,False
2,100,100,32,B_fixed_time_mean,,,missing_target_record,,,,,False
2,100,100,32,A_full_mean,,,missing_target_record,,,,,False
2,100,100,32,B_full_mean,,,missing_target_record,,,,,False
2,100,100,32,A_G1_fixed_time,,,missing_target_record,,,,,False
2,100,100,32,A_G2_fixed_time,,,missing_target_record,,,,,False
2,100,100,32,A_G2_minus_G1_fixed_time,,,missing_target_record,,,,,False
2,100,100,32,A_G1_time_average,,,missing_target_record,,,,,False
2,100,100,32,A_G2_time_average,,,missing_target_record,,,,,False
2,100,100,32,A_G2_minus_G1_time_average,,,missing_target_record,,,,,False
2,100,100,32,B_G1_fixed_time,,,missing_target_record,,,,,False
2,100,100,32,B_G2_fixed_time,,,missing_target_record,,,,,False
2,100,100,32,B_G2_minus_G1_fixed_time,,,missing_target_record,,,,,False
2,100,100,32,B_G1_time_average,,,missing_target_record,,,,,False
2,100,100,32,B_G2_time_average,,,missing_target_record,,,,,False
2,100,100,32,B_G2_minus_G1_time_average,,,missing_target_record,,,,,False
2,100,100,33,A_entry,,,missing_target_record,,,,,False
2,100,100,33,B_entry,,,missing_target_record,,,,,False
2,100,100,33,A_fixed_time_mean,,,missing_target_record,,,,,False
2,100,100,33,B_fixed_time_mean,,,missing_target_record,,,,,False
2,100,100,33,A_full_mean,,,missing_target_record,,,,,False
2,100,100,33,B_full_mean,,,missing_target_record,,,,,False
2,100,100,33,A_G1_fixed_time,,,missing_target_record,,,,,False
2,100,100,33,A_G2_fixed_time,,,missing_target_record,,,,,False
2,100,100,33,A_G2_minus_G1_fixed_time,,,missing_target_record,,,,,False
2,100,100,33,A_G1_time_average,,,missing_target_record,,,,,False
2,100,100,33,A_G2_time_average,,,missing_target_record,,,,,False
2,100,100,33,A_G2_minus_G1_time_average,,,missing_target_record,,,,,False
2,100,100,33,B_G1_fixed_time,,,missing_target_record,,,,,False
2,100,100,33,B_G2_fixed_time,,,missing_target_record,,,,,False
2,100,100,33,B_G2_minus_G1_fixed_time,,,missing_target_record,,,,,False
2,100,100,33,B_G1_time_average,,,missing_target_record,,,,,False
2,100,100,33,B_G2_time_average,,,missing_target_record,,,,,False
2,100,100,33,B_G2_minus_G1_time_average,,,missing_target_record,,,,,False
2,100,100,34,A_entry,,,missing_target_record,,,,,False
2,100,100,34,B_entry,,,missing_target_record,,,,,False
2,100,100,34,A_fixed_time_mean,,,missing_target_record,,,,,False
2,100,100,34,B_fixed_time_mean,,,missing_target_record,,,,,False
2,100,100,34,A_full_mean,,,missing_target_record,,,,,False
2,100,100,34,B_full_mean,,,missing_target_record,,,,,False
2,100,100,34,A_G1_fixed_time,,,missing_target_record,,,,,False
2,100,100,34,A_G2_fixed_time,,,missing_target_record,,,,,False
2,100,100,34,A_G2_minus_G1_fixed_time,,,missing_target_record,,,,,False
2,100,100,34,A_G1_time_average,,,missing_target_record,,,,,False
2,100,100,34,A_G2_time_average,,,missing_target_record,,,,,False
2,100,100,34,A_G2_minus_G1_time_average,,,missing_target_record,,,,,False
2,100,100,34,B_G1_fixed_time,,,missing_target_record,,,,,False
2,100,100,34,B_G2_fixed_time,,,missing_target_record,,,,,False
2,100,100,34,B_G2_minus_G1_fixed_time,,,missing_target_record,,,,,False
2,100,100,34,B_G1_time_average,,,missing_target_record,,,,,False
2,100,100,34,B_G2_time_average,,,missing_target_record,,,,,False
2,100,100,34,B_G2_minus_G1_time_average,,,missing_target_record,,,,,False
2,100,100,35,A_entry,,,missing_target_record,,,,,False
2,100,100,35,B_entry,,,missing_target_record,,,,,False
2,100,100,35,A_fixed_time_mean,,,missing_target_record,,,,,False
2,100,100,35,B_fixed_time_mean,,,missing_target_record,,,,,False
2,100,100,35,A_full_mean,,,missing_target_record,,,,,False
2,100,100,35,B_full_mean,,,missing_target_record,,,,,False
2,100,100,35,A_G1_fixed_time,,,missing_target_record,,,,,False
2,100,100,35,A_G2_fixed_time,,,missing_target_record,,,,,False
2,100,100,35,A_G2_minus_G1_fixed_time,,,missing_target_record,,,,,False
2,100,100,35,A_G1_time_average,,,missing_target_record,,,,,False
2,100,100,35,A_G2_time_average,,,missing_target_record,,,,,False
2,100,100,35,A_G2_minus_G1_time_average,,,missing_target_record,,,,,False
2,100,100,35,B_G1_fixed_time,,,missing_target_record,,,,,False
2,100,100,35,B_G2_fixed_time,,,missing_target_record,,,,,False
2,100,100,35,B_G2_minus_G1_fixed_time,,,missing_target_record,,,,,False
2,100,100,35,B_G1_time_average,,,missing_target_record,,,,,False
2,100,100,35,B_G2_time_average,,,missing_target_record,,,,,False
2,100,100,35,B_G2_minus_G1_time_average,,,missing_target_record,,,,,False
2,100,100,36,A_entry,,,missing_target_record,,,,,False
2,100,100,36,B_entry,,,missing_target_record,,,,,False
2,100,100,36,A_fixed_time_mean,,,missing_target_record,,,,,False
2,100,100,36,B_fixed_time_mean,,,missing_target_record,,,,,False
2,100,100,36,A_full_mean,,,missing_target_record,,,,,False
2,100,100,36,B_full_mean,,,missing_target_record,,,,,False
2,100,100,36,A_G1_fixed_time,,,missing_target_record,,,,,False
2,100,100,36,A_G2_fixed_time,,,missing_target_record,,,,,False
2,100,100,36,A_G2_minus_G1_fixed_time,,,missing_target_record,,,,,False
2,100,100,36,A_G1_time_average,,,missing_target_record,,,,,False
2,100,100,36,A_G2_time_average,,,missing_target_record,,,,,False
2,100,100,36,A_G2_minus_G1_time_average,,,missing_target_record,,,,,False
2,100,100,36,B_G1_fixed_time,,,missing_target_record,,,,,False
2,100,100,36,B_G2_fixed_time,,,missing_target_record,,,,,False
2,100,100,36,B_G2_minus_G1_fixed_time,,,missing_target_record,,,,,False
2,100,100,36,B_G1_time_average,,,missing_target_record,,,,,False
2,100,100,36,B_G2_time_average,,,missing_target_record,,,,,False
2,100,100,36,B_G2_minus_G1_time_average,,,missing_target_record,,,,,False
2,100,100,37,A_entry,,,missing_target_record,,,,,False
2,100,100,37,B_entry,,,missing_target_record,,,,,False
2,100,100,37,A_fixed_time_mean,,,missing_target_record,,,,,False
2,100,100,37,B_fixed_time_mean,,,missing_target_record,,,,,False
2,100,100,37,A_full_mean,,,missing_target_record,,,,,False
2,100,100,37,B_full_mean,,,missing_target_record,,,,,False
2,100,100,37,A_G1_fixed_time,,,missing_target_record,,,,,False
2,100,100,37,A_G2_fixed_time,,,missing_target_record,,,,,False
2,100,100,37,A_G2_minus_G1_fixed_time,,,missing_target_record,,,,,False
2,100,100,37,A_G1_time_average,,,missing_target_record,,,,,False
2,100,100,37,A_G2_time_average,,,missing_target_record,,,,,False
2,100,100,37,A_G2_minus_G1_time_average,,,missing_target_record,,,,,False
2,100,100,37,B_G1_fixed_time,,,missing_target_record,,,,,False
2,100,100,37,B_G2_fixed_time,,,missing_target_record,,,,,False
2,100,100,37,B_G2_minus_G1_fixed_time,,,missing_target_record,,,,,False
2,100,100,37,B_G1_time_average,,,missing_target_record,,,,,False
2,100,100,37,B_G2_time_average,,,missing_target_record,,,,,False
2,100,100,37,B_G2_minus_G1_time_average,,,missing_target_record,,,,,False
2,100,100,38,A_entry,,,missing_target_record,,,,,False
2,100,100,38,B_entry,,,missing_target_record,,,,,False
2,100,100,38,A_fixed_time_mean,,,missing_target_record,,,,,False
2,100,100,38,B_fixed_time_mean,,,missing_target_record,,,,,False
2,100,100,38,A_full_mean,,,missing_target_record,,,,,False
2,100,100,38,B_full_mean,,,missing_target_record,,,,,False
2,100,100,38,A_G1_fixed_time,,,missing_target_record,,,,,False
2,100,100,38,A_G2_fixed_time,,,missing_target_record,,,,,False
2,100,100,38,A_G2_minus_G1_fixed_time,,,missing_target_record,,,,,False
2,100,100,38,A_G1_time_average,,,missing_target_record,,,,,False
2,100,100,38,A_G2_time_average,,,missing_target_record,,,,,False
2,100,100,38,A_G2_minus_G1_time_average,,,missing_target_record,,,,,False
2,100,100,38,B_G1_fixed_time,,,missing_target_record,,,,,False
2,100,100,38,B_G2_fixed_time,,,missing_target_record,,,,,False
2,100,100,38,B_G2_minus_G1_fixed_time,,,missing_target_record,,,,,False
2,100,100,38,B_G1_time_average,,,missing_target_record,,,,,False
2,100,100,38,B_G2_time_average,,,missing_target_record,,,,,False
2,100,100,38,B_G2_minus_G1_time_average,,,missing_target_record,,,,,False
2,100,100,39,A_entry,,,missing_target_record,,,,,False
2,100,100,39,B_entry,,,missing_target_record,,,,,False
2,100,100,39,A_fixed_time_mean,,,missing_target_record,,,,,False
2,100,100,39,B_fixed_time_mean,,,missing_target_record,,,,,False
2,100,100,39,A_full_mean,,,missing_target_record,,,,,False
2,100,100,39,B_full_mean,,,missing_target_record,,,,,False
2,100,100,39,A_G1_fixed_time,,,missing_target_record,,,,,False
2,100,100,39,A_G2_fixed_time,,,missing_target_record,,,,,False
2,100,100,39,A_G2_minus_G1_fixed_time,,,missing_target_record,,,,,False
2,100,100,39,A_G1_time_average,,,missing_target_record,,,,,False
2,100,100,39,A_G2_time_average,,,missing_target_record,,,,,False
2,100,100,39,A_G2_minus_G1_time_average,,,missing_target_record,,,,,False
2,100,100,39,B_G1_fixed_time,,,missing_target_record,,,,,False
2,100,100,39,B_G2_fixed_time,,,missing_target_record,,,,,False
2,100,100,39,B_G2_minus_G1_fixed_time,,,missing_target_record,,,,,False
2,100,100,39,B_G1_time_average,,,missing_target_record,,,,,False
2,100,100,39,B_G2_time_average,,,missing_target_record,,,,,False
2,100,100,39,B_G2_minus_G1_time_average,,,missing_target_record,,,,,False
2,100,100,40,A_entry,,,missing_target_record,,,,,False
2,100,100,40,B_entry,,,missing_target_record,,,,,False
2,100,100,40,A_fixed_time_mean,,,missing_target_record,,,,,False
2,100,100,40,B_fixed_time_mean,,,missing_target_record,,,,,False
2,100,100,40,A_full_mean,,,missing_target_record,,,,,False
2,100,100,40,B_full_mean,,,missing_target_record,,,,,False
2,100,100,40,A_G1_fixed_time,,,missing_target_record,,,,,False
2,100,100,40,A_G2_fixed_time,,,missing_target_record,,,,,False
2,100,100,40,A_G2_minus_G1_fixed_time,,,missing_target_record,,,,,False
2,100,100,40,A_G1_time_average,,,missing_target_record,,,,,False
2,100,100,40,A_G2_time_average,,,missing_target_record,,,,,False
2,100,100,40,A_G2_minus_G1_time_average,,,missing_target_record,,,,,False
2,100,100,40,B_G1_fixed_time,,,missing_target_record,,,,,False
2,100,100,40,B_G2_fixed_time,,,missing_target_record,,,,,False
2,100,100,40,B_G2_minus_G1_fixed_time,,,missing_target_record,,,,,False
2,100,100,40,B_G1_time_average,,,missing_target_record,,,,,False
2,100,100,40,B_G2_time_average,,,missing_target_record,,,,,False
2,100,100,40,B_G2_minus_G1_time_average,,,missing_target_record,,,,,False
2,100,100,41,A_entry,,,missing_target_record,,,,,False
2,100,100,41,B_entry,,,missing_target_record,,,,,False
2,100,100,41,A_fixed_time_mean,,,missing_target_record,,,,,False
2,100,100,41,B_fixed_time_mean,,,missing_target_record,,,,,False
2,100,100,41,A_full_mean,,,missing_target_record,,,,,False
2,100,100,41,B_full_mean,,,missing_target_record,,,,,False
2,100,100,41,A_G1_fixed_time,,,missing_target_record,,,,,False
2,100,100,41,A_G2_fixed_time,,,missing_target_record,,,,,False
2,100,100,41,A_G2_minus_G1_fixed_time,,,missing_target_record,,,,,False
2,100,100,41,A_G1_time_average,,,missing_target_record,,,,,False
2,100,100,41,A_G2_time_average,,,missing_target_record,,,,,False
2,100,100,41,A_G2_minus_G1_time_average,,,missing_target_record,,,,,False
2,100,100,41,B_G1_fixed_time,,,missing_target_record,,,,,False
2,100,100,41,B_G2_fixed_time,,,missing_target_record,,,,,False
2,100,100,41,B_G2_minus_G1_fixed_time,,,missing_target_record,,,,,False
2,100,100,41,B_G1_time_average,,,missing_target_record,,,,,False
2,100,100,41,B_G2_time_average,,,missing_target_record,,,,,False
2,100,100,41,B_G2_minus_G1_time_average,,,missing_target_record,,,,,False
2,100,100,42,A_entry,,,missing_target_record,,,,,False
2,100,100,42,B_entry,,,missing_target_record,,,,,False
2,100,100,42,A_fixed_time_mean,,,missing_target_record,,,,,False
2,100,100,42,B_fixed_time_mean,,,missing_target_record,,,,,False
2,100,100,42,A_full_mean,,,missing_target_record,,,,,False
2,100,100,42,B_full_mean,,,missing_target_record,,,,,False
2,100,100,42,A_G1_fixed_time,,,missing_target_record,,,,,False
2,100,100,42,A_G2_fixed_time,,,missing_target_record,,,,,False
2,100,100,42,A_G2_minus_G1_fixed_time,,,missing_target_record,,,,,False
2,100,100,42,A_G1_time_average,,,missing_target_record,,,,,False
2,100,100,42,A_G2_time_average,,,missing_target_record,,,,,False
2,100,100,42,A_G2_minus_G1_time_average,,,missing_target_record,,,,,False
2,100,100,42,B_G1_fixed_time,,,missing_target_record,,,,,False
2,100,100,42,B_G2_fixed_time,,,missing_target_record,,,,,False
2,100,100,42,B_G2_minus_G1_fixed_time,,,missing_target_record,,,,,False
2,100,100,42,B_G1_time_average,,,missing_target_record,,,,,False
2,100,100,42,B_G2_time_average,,,missing_target_record,,,,,False
2,100,100,42,B_G2_minus_G1_time_average,,,missing_target_record,,,,,False
2,100,100,43,A_entry,,,missing_target_record,,,,,False
2,100,100,43,B_entry,,,missing_target_record,,,,,False
2,100,100,43,A_fixed_time_mean,,,missing_target_record,,,,,False
2,100,100,43,B_fixed_time_mean,,,missing_target_record,,,,,False
2,100,100,43,A_full_mean,,,missing_target_record,,,,,False
2,100,100,43,B_full_mean,,,missing_target_record,,,,,False
2,100,100,43,A_G1_fixed_time,,,missing_target_record,,,,,False
2,100,100,43,A_G2_fixed_time,,,missing_target_record,,,,,False
2,100,100,43,A_G2_minus_G1_fixed_time,,,missing_target_record,,,,,False
2,100,100,43,A_G1_time_average,,,missing_target_record,,,,,False
2,100,100,43,A_G2_time_average,,,missing_target_record,,,,,False
2,100,100,43,A_G2_minus_G1_time_average,,,missing_target_record,,,,,False
2,100,100,43,B_G1_fixed_time,,,missing_target_record,,,,,False
2,100,100,43,B_G2_fixed_time,,,missing_target_record,,,,,False
2,100,100,43,B_G2_minus_G1_fixed_time,,,missing_target_record,,,,,False
2,100,100,43,B_G1_time_average,,,missing_target_record,,,,,False
2,100,100,43,B_G2_time_average,,,missing_target_record,,,,,False
2,100,100,43,B_G2_minus_G1_time_average,,,missing_target_record,,,,,False
2,100,100,44,A_entry,,,missing_target_record,,,,,False
2,100,100,44,B_entry,,,missing_target_record,,,,,False
2,100,100,44,A_fixed_time_mean,,,missing_target_record,,,,,False
2,100,100,44,B_fixed_time_mean,,,missing_target_record,,,,,False
2,100,100,44,A_full_mean,,,missing_target_record,,,,,False
2,100,100,44,B_full_mean,,,missing_target_record,,,,,False
2,100,100,44,A_G1_fixed_time,,,missing_target_record,,,,,False
2,100,100,44,A_G2_fixed_time,,,missing_target_record,,,,,False
2,100,100,44,A_G2_minus_G1_fixed_time,,,missing_target_record,,,,,False
2,100,100,44,A_G1_time_average,,,missing_target_record,,,,,False
2,100,100,44,A_G2_time_average,,,missing_target_record,,,,,False
2,100,100,44,A_G2_minus_G1_time_average,,,missing_target_record,,,,,False
2,100,100,44,B_G1_fixed_time,,,missing_target_record,,,,,False
2,100,100,44,B_G2_fixed_time,,,missing_target_record,,,,,False
2,100,100,44,B_G2_minus_G1_fixed_time,,,missing_target_record,,,,,False
2,100,100,44,B_G1_time_average,,,missing_target_record,,,,,False
2,100,100,44,B_G2_time_average,,,missing_target_record,,,,,False
2,100,100,44,B_G2_minus_G1_time_average,,,missing_target_record,,,,,False
2,100,100,45,A_entry,,,missing_target_record,,,,,False
2,100,100,45,B_entry,,,missing_target_record,,,,,False
2,100,100,45,A_fixed_time_mean,,,missing_target_record,,,,,False
2,100,100,45,B_fixed_time_mean,,,missing_target_record,,,,,False
2,100,100,45,A_full_mean,,,missing_target_record,,,,,False
2,100,100,45,B_full_mean,,,missing_target_record,,,,,False
2,100,100,45,A_G1_fixed_time,,,missing_target_record,,,,,False
2,100,100,45,A_G2_fixed_time,,,missing_target_record,,,,,False
2,100,100,45,A_G2_minus_G1_fixed_time,,,missing_target_record,,,,,False
2,100,100,45,A_G1_time_average,,,missing_target_record,,,,,False
2,100,100,45,A_G2_time_average,,,missing_target_record,,,,,False
2,100,100,45,A_G2_minus_G1_time_average,,,missing_target_record,,,,,False
2,100,100,45,B_G1_fixed_time,,,missing_target_record,,,,,False
2,100,100,45,B_G2_fixed_time,,,missing_target_record,,,,,False
2,100,100,45,B_G2_minus_G1_fixed_time,,,missing_target_record,,,,,False
2,100,100,45,B_G1_time_average,,,missing_target_record,,,,,False
2,100,100,45,B_G2_time_average,,,missing_target_record,,,,,False
2,100,100,45,B_G2_minus_G1_time_average,,,missing_target_record,,,,,False
2,100,100,46,A_entry,,,missing_target_record,,,,,False
2,100,100,46,B_entry,,,missing_target_record,,,,,False
2,100,100,46,A_fixed_time_mean,,,missing_target_record,,,,,False
2,100,100,46,B_fixed_time_mean,,,missing_target_record,,,,,False
2,100,100,46,A_full_mean,,,missing_target_record,,,,,False
2,100,100,46,B_full_mean,,,missing_target_record,,,,,False
2,100,100,46,A_G1_fixed_time,,,missing_target_record,,,,,False
2,100,100,46,A_G2_fixed_time,,,missing_target_record,,,,,False
2,100,100,46,A_G2_minus_G1_fixed_time,,,missing_target_record,,,,,False
2,100,100,46,A_G1_time_average,,,missing_target_record,,,,,False
2,100,100,46,A_G2_time_average,,,missing_target_record,,,,,False
2,100,100,46,A_G2_minus_G1_time_average,,,missing_target_record,,,,,False
2,100,100,46,B_G1_fixed_time,,,missing_target_record,,,,,False
2,100,100,46,B_G2_fixed_time,,,missing_target_record,,,,,False
2,100,100,46,B_G2_minus_G1_fixed_time,,,missing_target_record,,,,,False
2,100,100,46,B_G1_time_average,,,missing_target_record,,,,,False
2,100,100,46,B_G2_time_average,,,missing_target_record,,,,,False
2,100,100,46,B_G2_minus_G1_time_average,,,missing_target_record,,,,,False
2,100,100,47,A_entry,,,missing_target_record,,,,,False
2,100,100,47,B_entry,,,missing_target_record,,,,,False
2,100,100,47,A_fixed_time_mean,,,missing_target_record,,,,,False
2,100,100,47,B_fixed_time_mean,,,missing_target_record,,,,,False
2,100,100,47,A_full_mean,,,missing_target_record,,,,,False
2,100,100,47,B_full_mean,,,missing_target_record,,,,,False
2,100,100,47,A_G1_fixed_time,,,missing_target_record,,,,,False
2,100,100,47,A_G2_fixed_time,,,missing_target_record,,,,,False
2,100,100,47,A_G2_minus_G1_fixed_time,,,missing_target_record,,,,,False
2,100,100,47,A_G1_time_average,,,missing_target_record,,,,,False
2,100,100,47,A_G2_time_average,,,missing_target_record,,,,,False
2,100,100,47,A_G2_minus_G1_time_average,,,missing_target_record,,,,,False
2,100,100,47,B_G1_fixed_time,,,missing_target_record,,,,,False
2,100,100,47,B_G2_fixed_time,,,missing_target_record,,,,,False
2,100,100,47,B_G2_minus_G1_fixed_time,,,missing_target_record,,,,,False
2,100,100,47,B_G1_time_average,,,missing_target_record,,,,,False
2,100,100,47,B_G2_time_average,,,missing_target_record,,,,,False
2,100,100,47,B_G2_minus_G1_time_average,,,missing_target_record,,,,,False
2,100,100,48,A_entry,,,missing_target_record,,,,,False
2,100,100,48,B_entry,,,missing_target_record,,,,,False
2,100,100,48,A_fixed_time_mean,,,missing_target_record,,,,,False
2,100,100,48,B_fixed_time_mean,,,missing_target_record,,,,,False
2,100,100,48,A_full_mean,,,missing_target_record,,,,,False
2,100,100,48,B_full_mean,,,missing_target_record,,,,,False
2,100,100,48,A_G1_fixed_time,,,missing_target_record,,,,,False
2,100,100,48,A_G2_fixed_time,,,missing_target_record,,,,,False
2,100,100,48,A_G2_minus_G1_fixed_time,,,missing_target_record,,,,,False
2,100,100,48,A_G1_time_average,,,missing_target_record,,,,,False
2,100,100,48,A_G2_time_average,,,missing_target_record,,,,,False
2,100,100,48,A_G2_minus_G1_time_average,,,missing_target_record,,,,,False
2,100,100,48,B_G1_fixed_time,,,missing_target_record,,,,,False
2,100,100,48,B_G2_fixed_time,,,missing_target_record,,,,,False
2,100,100,48,B_G2_minus_G1_fixed_time,,,missing_target_record,,,,,False
2,100,100,48,B_G1_time_average,,,missing_target_record,,,,,False
2,100,100,48,B_G2_time_average,,,missing_target_record,,,,,False
2,100,100,48,B_G2_minus_G1_time_average,,,missing_target_record,,,,,False
2,100,100,49,A_entry,,,missing_target_record,,,,,False
2,100,100,49,B_entry,,,missing_target_record,,,,,False
2,100,100,49,A_fixed_time_mean,,,missing_target_record,,,,,False
2,100,100,49,B_fixed_time_mean,,,missing_target_record,,,,,False
2,100,100,49,A_full_mean,,,missing_target_record,,,,,False
2,100,100,49,B_full_mean,,,missing_target_record,,,,,False
2,100,100,49,A_G1_fixed_time,,,missing_target_record,,,,,False
2,100,100,49,A_G2_fixed_time,,,missing_target_record,,,,,False
2,100,100,49,A_G2_minus_G1_fixed_time,,,missing_target_record,,,,,False
2,100,100,49,A_G1_time_average,,,missing_target_record,,,,,False
2,100,100,49,A_G2_time_average,,,missing_target_record,,,,,False
2,100,100,49,A_G2_minus_G1_time_average,,,missing_target_record,,,,,False
2,100,100,49,B_G1_fixed_time,,,missing_target_record,,,,,False
2,100,100,49,B_G2_fixed_time,,,missing_target_record,,,,,False
2,100,100,49,B_G2_minus_G1_fixed_time,,,missing_target_record,,,,,False
2,100,100,49,B_G1_time_average,,,missing_target_record,,,,,False
2,100,100,49,B_G2_time_average,,,missing_target_record,,,,,False
2,100,100,49,B_G2_minus_G1_time_average,,,missing_target_record,,,,,False
2,100,100,50,A_entry,,,missing_target_record,,,,,False
2,100,100,50,B_entry,,,missing_target_record,,,,,False
2,100,100,50,A_fixed_time_mean,,,missing_target_record,,,,,False
2,100,100,50,B_fixed_time_mean,,,missing_target_record,,,,,False
2,100,100,50,A_full_mean,,,missing_target_record,,,,,False
2,100,100,50,B_full_mean,,,missing_target_record,,,,,False
2,100,100,50,A_G1_fixed_time,,,missing_target_record,,,,,False
2,100,100,50,A_G2_fixed_time,,,missing_target_record,,,,,False
2,100,100,50,A_G2_minus_G1_fixed_time,,,missing_target_record,,,,,False
2,100,100,50,A_G1_time_average,,,missing_target_record,,,,,False
2,100,100,50,A_G2_time_average,,,missing_target_record,,,,,False
2,100,100,50,A_G2_minus_G1_time_average,,,missing_target_record,,,,,False
2,100,100,50,B_G1_fixed_time,,,missing_target_record,,,,,False
2,100,100,50,B_G2_fixed_time,,,missing_target_record,,,,,False
2,100,100,50,B_G2_minus_G1_fixed_time,,,missing_target_record,,,,,False
2,100,100,50,B_G1_time_average,,,missing_target_record,,,,,False
2,100,100,50,B_G2_time_average,,,missing_target_record,,,,,False
2,100,100,50,B_G2_minus_G1_time_average,,,missing_target_record,,,,,False
2,100,100,51,A_entry,,,missing_target_record,,,,,False
2,100,100,51,B_entry,,,missing_target_record,,,,,False
2,100,100,51,A_fixed_time_mean,,,missing_target_record,,,,,False
2,100,100,51,B_fixed_time_mean,,,missing_target_record,,,,,False
2,100,100,51,A_full_mean,,,missing_target_record,,,,,False
2,100,100,51,B_full_mean,,,missing_target_record,,,,,False
2,100,100,51,A_G1_fixed_time,,,missing_target_record,,,,,False
2,100,100,51,A_G2_fixed_time,,,missing_target_record,,,,,False
2,100,100,51,A_G2_minus_G1_fixed_time,,,missing_target_record,,,,,False
2,100,100,51,A_G1_time_average,,,missing_target_record,,,,,False
2,100,100,51,A_G2_time_average,,,missing_target_record,,,,,False
2,100,100,51,A_G2_minus_G1_time_average,,,missing_target_record,,,,,False
2,100,100,51,B_G1_fixed_time,,,missing_target_record,,,,,False
2,100,100,51,B_G2_fixed_time,,,missing_target_record,,,,,False
2,100,100,51,B_G2_minus_G1_fixed_time,,,missing_target_record,,,,,False
2,100,100,51,B_G1_time_average,,,missing_target_record,,,,,False
2,100,100,51,B_G2_time_average,,,missing_target_record,,,,,False
2,100,100,51,B_G2_minus_G1_time_average,,,missing_target_record,,,,,False
2,100,100,52,A_entry,,,missing_target_record,,,,,False
2,100,100,52,B_entry,,,missing_target_record,,,,,False
2,100,100,52,A_fixed_time_mean,,,missing_target_record,,,,,False
2,100,100,52,B_fixed_time_mean,,,missing_target_record,,,,,False
2,100,100,52,A_full_mean,,,missing_target_record,,,,,False
2,100,100,52,B_full_mean,,,missing_target_record,,,,,False
2,100,100,52,A_G1_fixed_time,,,missing_target_record,,,,,False
2,100,100,52,A_G2_fixed_time,,,missing_target_record,,,,,False
2,100,100,52,A_G2_minus_G1_fixed_time,,,missing_target_record,,,,,False
2,100,100,52,A_G1_time_average,,,missing_target_record,,,,,False
2,100,100,52,A_G2_time_average,,,missing_target_record,,,,,False
2,100,100,52,A_G2_minus_G1_time_average,,,missing_target_record,,,,,False
2,100,100,52,B_G1_fixed_time,,,missing_target_record,,,,,False
2,100,100,52,B_G2_fixed_time,,,missing_target_record,,,,,False
2,100,100,52,B_G2_minus_G1_fixed_time,,,missing_target_record,,,,,False
2,100,100,52,B_G1_time_average,,,missing_target_record,,,,,False
2,100,100,52,B_G2_time_average,,,missing_target_record,,,,,False
2,100,100,52,B_G2_minus_G1_time_average,,,missing_target_record,,,,,False
2,100,100,53,A_entry,,,missing_target_record,,,,,False
2,100,100,53,B_entry,,,missing_target_record,,,,,False
2,100,100,53,A_fixed_time_mean,,,missing_target_record,,,,,False
2,100,100,53,B_fixed_time_mean,,,missing_target_record,,,,,False
2,100,100,53,A_full_mean,,,missing_target_record,,,,,False
2,100,100,53,B_full_mean,,,missing_target_record,,,,,False
2,100,100,53,A_G1_fixed_time,,,missing_target_record,,,,,False
2,100,100,53,A_G2_fixed_time,,,missing_target_record,,,,,False
2,100,100,53,A_G2_minus_G1_fixed_time,,,missing_target_record,,,,,False
2,100,100,53,A_G1_time_average,,,missing_target_record,,,,,False
2,100,100,53,A_G2_time_average,,,missing_target_record,,,,,False
2,100,100,53,A_G2_minus_G1_time_average,,,missing_target_record,,,,,False
2,100,100,53,B_G1_fixed_time,,,missing_target_record,,,,,False
2,100,100,53,B_G2_fixed_time,,,missing_target_record,,,,,False
2,100,100,53,B_G2_minus_G1_fixed_time,,,missing_target_record,,,,,False
2,100,100,53,B_G1_time_average,,,missing_target_record,,,,,False
2,100,100,53,B_G2_time_average,,,missing_target_record,,,,,False
2,100,100,53,B_G2_minus_G1_time_average,,,missing_target_record,,,,,False
2,100,100,54,A_entry,,,missing_target_record,,,,,False
2,100,100,54,B_entry,,,missing_target_record,,,,,False
2,100,100,54,A_fixed_time_mean,,,missing_target_record,,,,,False
2,100,100,54,B_fixed_time_mean,,,missing_target_record,,,,,False
2,100,100,54,A_full_mean,,,missing_target_record,,,,,False
2,100,100,54,B_full_mean,,,missing_target_record,,,,,False
2,100,100,54,A_G1_fixed_time,,,missing_target_record,,,,,False
2,100,100,54,A_G2_fixed_time,,,missing_target_record,,,,,False
2,100,100,54,A_G2_minus_G1_fixed_time,,,missing_target_record,,,,,False
2,100,100,54,A_G1_time_average,,,missing_target_record,,,,,False
2,100,100,54,A_G2_time_average,,,missing_target_record,,,,,False
2,100,100,54,A_G2_minus_G1_time_average,,,missing_target_record,,,,,False
2,100,100,54,B_G1_fixed_time,,,missing_target_record,,,,,False
2,100,100,54,B_G2_fixed_time,,,missing_target_record,,,,,False
2,100,100,54,B_G2_minus_G1_fixed_time,,,missing_target_record,,,,,False
2,100,100,54,B_G1_time_average,,,missing_target_record,,,,,False
2,100,100,54,B_G2_time_average,,,missing_target_record,,,,,False
2,100,100,54,B_G2_minus_G1_time_average,,,missing_target_record,,,,,False
2,100,100,55,A_entry,,,missing_target_record,,,,,False
2,100,100,55,B_entry,,,missing_target_record,,,,,False
2,100,100,55,A_fixed_time_mean,,,missing_target_record,,,,,False
2,100,100,55,B_fixed_time_mean,,,missing_target_record,,,,,False
2,100,100,55,A_full_mean,,,missing_target_record,,,,,False
2,100,100,55,B_full_mean,,,missing_target_record,,,,,False
2,100,100,55,A_G1_fixed_time,,,missing_target_record,,,,,False
2,100,100,55,A_G2_fixed_time,,,missing_target_record,,,,,False
2,100,100,55,A_G2_minus_G1_fixed_time,,,missing_target_record,,,,,False
2,100,100,55,A_G1_time_average,,,missing_target_record,,,,,False
2,100,100,55,A_G2_time_average,,,missing_target_record,,,,,False
2,100,100,55,A_G2_minus_G1_time_average,,,missing_target_record,,,,,False
2,100,100,55,B_G1_fixed_time,,,missing_target_record,,,,,False
2,100,100,55,B_G2_fixed_time,,,missing_target_record,,,,,False
2,100,100,55,B_G2_minus_G1_fixed_time,,,missing_target_record,,,,,False
2,100,100,55,B_G1_time_average,,,missing_target_record,,,,,False
2,100,100,55,B_G2_time_average,,,missing_target_record,,,,,False
2,100,100,55,B_G2_minus_G1_time_average,,,missing_target_record,,,,,False
2,100,100,56,A_entry,,,missing_target_record,,,,,False
2,100,100,56,B_entry,,,missing_target_record,,,,,False
2,100,100,56,A_fixed_time_mean,,,missing_target_record,,,,,False
2,100,100,56,B_fixed_time_mean,,,missing_target_record,,,,,False
2,100,100,56,A_full_mean,,,missing_target_record,,,,,False
2,100,100,56,B_full_mean,,,missing_target_record,,,,,False
2,100,100,56,A_G1_fixed_time,,,missing_target_record,,,,,False
2,100,100,56,A_G2_fixed_time,,,missing_target_record,,,,,False
2,100,100,56,A_G2_minus_G1_fixed_time,,,missing_target_record,,,,,False
2,100,100,56,A_G1_time_average,,,missing_target_record,,,,,False
2,100,100,56,A_G2_time_average,,,missing_target_record,,,,,False
2,100,100,56,A_G2_minus_G1_time_average,,,missing_target_record,,,,,False
2,100,100,56,B_G1_fixed_time,,,missing_target_record,,,,,False
2,100,100,56,B_G2_fixed_time,,,missing_target_record,,,,,False
2,100,100,56,B_G2_minus_G1_fixed_time,,,missing_target_record,,,,,False
2,100,100,56,B_G1_time_average,,,missing_target_record,,,,,False
2,100,100,56,B_G2_time_average,,,missing_target_record,,,,,False
2,100,100,56,B_G2_minus_G1_time_average,,,missing_target_record,,,,,False
2,100,100,57,A_entry,,,missing_target_record,,,,,False
2,100,100,57,B_entry,,,missing_target_record,,,,,False
2,100,100,57,A_fixed_time_mean,,,missing_target_record,,,,,False
2,100,100,57,B_fixed_time_mean,,,missing_target_record,,,,,False
2,100,100,57,A_full_mean,,,missing_target_record,,,,,False
2,100,100,57,B_full_mean,,,missing_target_record,,,,,False
2,100,100,57,A_G1_fixed_time,,,missing_target_record,,,,,False
2,100,100,57,A_G2_fixed_time,,,missing_target_record,,,,,False
2,100,100,57,A_G2_minus_G1_fixed_time,,,missing_target_record,,,,,False
2,100,100,57,A_G1_time_average,,,missing_target_record,,,,,False
2,100,100,57,A_G2_time_average,,,missing_target_record,,,,,False
2,100,100,57,A_G2_minus_G1_time_average,,,missing_target_record,,,,,False
2,100,100,57,B_G1_fixed_time,,,missing_target_record,,,,,False
2,100,100,57,B_G2_fixed_time,,,missing_target_record,,,,,False
2,100,100,57,B_G2_minus_G1_fixed_time,,,missing_target_record,,,,,False
2,100,100,57,B_G1_time_average,,,missing_target_record,,,,,False
2,100,100,57,B_G2_time_average,,,missing_target_record,,,,,False
2,100,100,57,B_G2_minus_G1_time_average,,,missing_target_record,,,,,False
2,100,100,58,A_entry,,,missing_target_record,,,,,False
2,100,100,58,B_entry,,,missing_target_record,,,,,False
2,100,100,58,A_fixed_time_mean,,,missing_target_record,,,,,False
2,100,100,58,B_fixed_time_mean,,,missing_target_record,,,,,False
2,100,100,58,A_full_mean,,,missing_target_record,,,,,False
2,100,100,58,B_full_mean,,,missing_target_record,,,,,False
2,100,100,58,A_G1_fixed_time,,,missing_target_record,,,,,False
2,100,100,58,A_G2_fixed_time,,,missing_target_record,,,,,False
2,100,100,58,A_G2_minus_G1_fixed_time,,,missing_target_record,,,,,False
2,100,100,58,A_G1_time_average,,,missing_target_record,,,,,False
2,100,100,58,A_G2_time_average,,,missing_target_record,,,,,False
2,100,100,58,A_G2_minus_G1_time_average,,,missing_target_record,,,,,False
2,100,100,58,B_G1_fixed_time,,,missing_target_record,,,,,False
2,100,100,58,B_G2_fixed_time,,,missing_target_record,,,,,False
2,100,100,58,B_G2_minus_G1_fixed_time,,,missing_target_record,,,,,False
2,100,100,58,B_G1_time_average,,,missing_target_record,,,,,False
2,100,100,58,B_G2_time_average,,,missing_target_record,,,,,False
2,100,100,58,B_G2_minus_G1_time_average,,,missing_target_record,,,,,False
2,100,100,59,A_entry,,,missing_target_record,,,,,False
2,100,100,59,B_entry,,,missing_target_record,,,,,False
2,100,100,59,A_fixed_time_mean,,,missing_target_record,,,,,False
2,100,100,59,B_fixed_time_mean,,,missing_target_record,,,,,False
2,100,100,59,A_full_mean,,,missing_target_record,,,,,False
2,100,100,59,B_full_mean,,,missing_target_record,,,,,False
2,100,100,59,A_G1_fixed_time,,,missing_target_record,,,,,False
2,100,100,59,A_G2_fixed_time,,,missing_target_record,,,,,False
2,100,100,59,A_G2_minus_G1_fixed_time,,,missing_target_record,,,,,False
2,100,100,59,A_G1_time_average,,,missing_target_record,,,,,False
2,100,100,59,A_G2_time_average,,,missing_target_record,,,,,False
2,100,100,59,A_G2_minus_G1_time_average,,,missing_target_record,,,,,False
2,100,100,59,B_G1_fixed_time,,,missing_target_record,,,,,False
2,100,100,59,B_G2_fixed_time,,,missing_target_record,,,,,False
2,100,100,59,B_G2_minus_G1_fixed_time,,,missing_target_record,,,,,False
2,100,100,59,B_G1_time_average,,,missing_target_record,,,,,False
2,100,100,59,B_G2_time_average,,,missing_target_record,,,,,False
2,100,100,59,B_G2_minus_G1_time_average,,,missing_target_record,,,,,False
2,100,100,60,A_entry,,,missing_target_record,,,,,False
2,100,100,60,B_entry,,,missing_target_record,,,,,False
2,100,100,60,A_fixed_time_mean,,,missing_target_record,,,,,False
2,100,100,60,B_fixed_time_mean,,,missing_target_record,,,,,False
2,100,100,60,A_full_mean,,,missing_target_record,,,,,False
2,100,100,60,B_full_mean,,,missing_target_record,,,,,False
2,100,100,60,A_G1_fixed_time,,,missing_target_record,,,,,False
2,100,100,60,A_G2_fixed_time,,,missing_target_record,,,,,False
2,100,100,60,A_G2_minus_G1_fixed_time,,,missing_target_record,,,,,False
2,100,100,60,A_G1_time_average,,,missing_target_record,,,,,False
2,100,100,60,A_G2_time_average,,,missing_target_record,,,,,False
2,100,100,60,A_G2_minus_G1_time_average,,,missing_target_record,,,,,False
2,100,100,60,B_G1_fixed_time,,,missing_target_record,,,,,False
2,100,100,60,B_G2_fixed_time,,,missing_target_record,,,,,False
2,100,100,60,B_G2_minus_G1_fixed_time,,,missing_target_record,,,,,False
2,100,100,60,B_G1_time_average,,,missing_target_record,,,,,False
2,100,100,60,B_G2_time_average,,,missing_target_record,,,,,False
2,100,100,60,B_G2_minus_G1_time_average,,,missing_target_record,,,,,False
2,100,100,61,A_entry,,,missing_target_record,,,,,False
2,100,100,61,B_entry,,,missing_target_record,,,,,False
2,100,100,61,A_fixed_time_mean,,,missing_target_record,,,,,False
2,100,100,61,B_fixed_time_mean,,,missing_target_record,,,,,False
2,100,100,61,A_full_mean,,,missing_target_record,,,,,False
2,100,100,61,B_full_mean,,,missing_target_record,,,,,False
2,100,100,61,A_G1_fixed_time,,,missing_target_record,,,,,False
2,100,100,61,A_G2_fixed_time,,,missing_target_record,,,,,False
2,100,100,61,A_G2_minus_G1_fixed_time,,,missing_target_record,,,,,False
2,100,100,61,A_G1_time_average,,,missing_target_record,,,,,False
2,100,100,61,A_G2_time_average,,,missing_target_record,,,,,False
2,100,100,61,A_G2_minus_G1_time_average,,,missing_target_record,,,,,False
2,100,100,61,B_G1_fixed_time,,,missing_target_record,,,,,False
2,100,100,61,B_G2_fixed_time,,,missing_target_record,,,,,False
2,100,100,61,B_G2_minus_G1_fixed_time,,,missing_target_record,,,,,False
2,100,100,61,B_G1_time_average,,,missing_target_record,,,,,False
2,100,100,61,B_G2_time_average,,,missing_target_record,,,,,False
2,100,100,61,B_G2_minus_G1_time_average,,,missing_target_record,,,,,False
2,100,100,62,A_entry,,,missing_target_record,,,,,False
2,100,100,62,B_entry,,,missing_target_record,,,,,False
2,100,100,62,A_fixed_time_mean,,,missing_target_record,,,,,False
2,100,100,62,B_fixed_time_mean,,,missing_target_record,,,,,False
2,100,100,62,A_full_mean,,,missing_target_record,,,,,False
2,100,100,62,B_full_mean,,,missing_target_record,,,,,False
2,100,100,62,A_G1_fixed_time,,,missing_target_record,,,,,False
2,100,100,62,A_G2_fixed_time,,,missing_target_record,,,,,False
2,100,100,62,A_G2_minus_G1_fixed_time,,,missing_target_record,,,,,False
2,100,100,62,A_G1_time_average,,,missing_target_record,,,,,False
2,100,100,62,A_G2_time_average,,,missing_target_record,,,,,False
2,100,100,62,A_G2_minus_G1_time_average,,,missing_target_record,,,,,False
2,100,100,62,B_G1_fixed_time,,,missing_target_record,,,,,False
2,100,100,62,B_G2_fixed_time,,,missing_target_record,,,,,False
2,100,100,62,B_G2_minus_G1_fixed_time,,,missing_target_record,,,,,False
2,100,100,62,B_G1_time_average,,,missing_target_record,,,,,False
2,100,100,62,B_G2_time_average,,,missing_target_record,,,,,False
2,100,100,62,B_G2_minus_G1_time_average,,,missing_target_record,,,,,False
2,100,100,63,A_entry,,,missing_target_record,,,,,False
2,100,100,63,B_entry,,,missing_target_record,,,,,False
2,100,100,63,A_fixed_time_mean,,,missing_target_record,,,,,False
2,100,100,63,B_fixed_time_mean,,,missing_target_record,,,,,False
2,100,100,63,A_full_mean,,,missing_target_record,,,,,False
2,100,100,63,B_full_mean,,,missing_target_record,,,,,False
2,100,100,63,A_G1_fixed_time,,,missing_target_record,,,,,False
2,100,100,63,A_G2_fixed_time,,,missing_target_record,,,,,False
2,100,100,63,A_G2_minus_G1_fixed_time,,,missing_target_record,,,,,False
2,100,100,63,A_G1_time_average,,,missing_target_record,,,,,False
2,100,100,63,A_G2_time_average,,,missing_target_record,,,,,False
2,100,100,63,A_G2_minus_G1_time_average,,,missing_target_record,,,,,False
2,100,100,63,B_G1_fixed_time,,,missing_target_record,,,,,False
2,100,100,63,B_G2_fixed_time,,,missing_target_record,,,,,False
2,100,100,63,B_G2_minus_G1_fixed_time,,,missing_target_record,,,,,False
2,100,100,63,B_G1_time_average,,,missing_target_record,,,,,False
2,100,100,63,B_G2_time_average,,,missing_target_record,,,,,False
2,100,100,63,B_G2_minus_G1_time_average,,,missing_target_record,,,,,False
2,100,100,64,A_entry,,,missing_target_record,,,,,False
2,100,100,64,B_entry,,,missing_target_record,,,,,False
2,100,100,64,A_fixed_time_mean,,,missing_target_record,,,,,False
2,100,100,64,B_fixed_time_mean,,,missing_target_record,,,,,False
2,100,100,64,A_full_mean,,,missing_target_record,,,,,False
2,100,100,64,B_full_mean,,,missing_target_record,,,,,False
2,100,100,64,A_G1_fixed_time,,,missing_target_record,,,,,False
2,100,100,64,A_G2_fixed_time,,,missing_target_record,,,,,False
2,100,100,64,A_G2_minus_G1_fixed_time,,,missing_target_record,,,,,False
2,100,100,64,A_G1_time_average,,,missing_target_record,,,,,False
2,100,100,64,A_G2_time_average,,,missing_target_record,,,,,False
2,100,100,64,A_G2_minus_G1_time_average,,,missing_target_record,,,,,False
2,100,100,64,B_G1_fixed_time,,,missing_target_record,,,,,False
2,100,100,64,B_G2_fixed_time,,,missing_target_record,,,,,False
2,100,100,64,B_G2_minus_G1_fixed_time,,,missing_target_record,,,,,False
2,100,100,64,B_G1_time_average,,,missing_target_record,,,,,False
2,100,100,64,B_G2_time_average,,,missing_target_record,,,,,False
2,100,100,64,B_G2_minus_G1_time_average,,,missing_target_record,,,,,False
2,100,100,65,A_entry,,,missing_target_record,,,,,False
2,100,100,65,B_entry,,,missing_target_record,,,,,False
2,100,100,65,A_fixed_time_mean,,,missing_target_record,,,,,False
2,100,100,65,B_fixed_time_mean,,,missing_target_record,,,,,False
2,100,100,65,A_full_mean,,,missing_target_record,,,,,False
2,100,100,65,B_full_mean,,,missing_target_record,,,,,False
2,100,100,65,A_G1_fixed_time,,,missing_target_record,,,,,False
2,100,100,65,A_G2_fixed_time,,,missing_target_record,,,,,False
2,100,100,65,A_G2_minus_G1_fixed_time,,,missing_target_record,,,,,False
2,100,100,65,A_G1_time_average,,,missing_target_record,,,,,False
2,100,100,65,A_G2_time_average,,,missing_target_record,,,,,False
2,100,100,65,A_G2_minus_G1_time_average,,,missing_target_record,,,,,False
2,100,100,65,B_G1_fixed_time,,,missing_target_record,,,,,False
2,100,100,65,B_G2_fixed_time,,,missing_target_record,,,,,False
2,100,100,65,B_G2_minus_G1_fixed_time,,,missing_target_record,,,,,False
2,100,100,65,B_G1_time_average,,,missing_target_record,,,,,False
2,100,100,65,B_G2_time_average,,,missing_target_record,,,,,False
2,100,100,65,B_G2_minus_G1_time_average,,,missing_target_record,,,,,False
2,100,100,66,A_entry,,,missing_target_record,,,,,False
2,100,100,66,B_entry,,,missing_target_record,,,,,False
2,100,100,66,A_fixed_time_mean,,,missing_target_record,,,,,False
2,100,100,66,B_fixed_time_mean,,,missing_target_record,,,,,False
2,100,100,66,A_full_mean,,,missing_target_record,,,,,False
2,100,100,66,B_full_mean,,,missing_target_record,,,,,False
2,100,100,66,A_G1_fixed_time,,,missing_target_record,,,,,False
2,100,100,66,A_G2_fixed_time,,,missing_target_record,,,,,False
2,100,100,66,A_G2_minus_G1_fixed_time,,,missing_target_record,,,,,False
2,100,100,66,A_G1_time_average,,,missing_target_record,,,,,False
2,100,100,66,A_G2_time_average,,,missing_target_record,,,,,False
2,100,100,66,A_G2_minus_G1_time_average,,,missing_target_record,,,,,False
2,100,100,66,B_G1_fixed_time,,,missing_target_record,,,,,False
2,100,100,66,B_G2_fixed_time,,,missing_target_record,,,,,False
2,100,100,66,B_G2_minus_G1_fixed_time,,,missing_target_record,,,,,False
2,100,100,66,B_G1_time_average,,,missing_target_record,,,,,False
2,100,100,66,B_G2_time_average,,,missing_target_record,,,,,False
2,100,100,66,B_G2_minus_G1_time_average,,,missing_target_record,,,,,False
2,100,100,67,A_entry,,,missing_target_record,,,,,False
2,100,100,67,B_entry,,,missing_target_record,,,,,False
2,100,100,67,A_fixed_time_mean,,,missing_target_record,,,,,False
2,100,100,67,B_fixed_time_mean,,,missing_target_record,,,,,False
2,100,100,67,A_full_mean,,,missing_target_record,,,,,False
2,100,100,67,B_full_mean,,,missing_target_record,,,,,False
2,100,100,67,A_G1_fixed_time,,,missing_target_record,,,,,False
2,100,100,67,A_G2_fixed_time,,,missing_target_record,,,,,False
2,100,100,67,A_G2_minus_G1_fixed_time,,,missing_target_record,,,,,False
2,100,100,67,A_G1_time_average,,,missing_target_record,,,,,False
2,100,100,67,A_G2_time_average,,,missing_target_record,,,,,False
2,100,100,67,A_G2_minus_G1_time_average,,,missing_target_record,,,,,False
2,100,100,67,B_G1_fixed_time,,,missing_target_record,,,,,False
2,100,100,67,B_G2_fixed_time,,,missing_target_record,,,,,False
2,100,100,67,B_G2_minus_G1_fixed_time,,,missing_target_record,,,,,False
2,100,100,67,B_G1_time_average,,,missing_target_record,,,,,False
2,100,100,67,B_G2_time_average,,,missing_target_record,,,,,False
2,100,100,67,B_G2_minus_G1_time_average,,,missing_target_record,,,,,False
2,100,100,68,A_entry,,,missing_target_record,,,,,False
2,100,100,68,B_entry,,,missing_target_record,,,,,False
2,100,100,68,A_fixed_time_mean,,,missing_target_record,,,,,False
2,100,100,68,B_fixed_time_mean,,,missing_target_record,,,,,False
2,100,100,68,A_full_mean,,,missing_target_record,,,,,False
2,100,100,68,B_full_mean,,,missing_target_record,,,,,False
2,100,100,68,A_G1_fixed_time,,,missing_target_record,,,,,False
2,100,100,68,A_G2_fixed_time,,,missing_target_record,,,,,False
2,100,100,68,A_G2_minus_G1_fixed_time,,,missing_target_record,,,,,False
2,100,100,68,A_G1_time_average,,,missing_target_record,,,,,False
2,100,100,68,A_G2_time_average,,,missing_target_record,,,,,False
2,100,100,68,A_G2_minus_G1_time_average,,,missing_target_record,,,,,False
2,100,100,68,B_G1_fixed_time,,,missing_target_record,,,,,False
2,100,100,68,B_G2_fixed_time,,,missing_target_record,,,,,False
2,100,100,68,B_G2_minus_G1_fixed_time,,,missing_target_record,,,,,False
2,100,100,68,B_G1_time_average,,,missing_target_record,,,,,False
2,100,100,68,B_G2_time_average,,,missing_target_record,,,,,False
2,100,100,68,B_G2_minus_G1_time_average,,,missing_target_record,,,,,False
2,100,100,69,A_entry,,,missing_target_record,,,,,False
2,100,100,69,B_entry,,,missing_target_record,,,,,False
2,100,100,69,A_fixed_time_mean,,,missing_target_record,,,,,False
2,100,100,69,B_fixed_time_mean,,,missing_target_record,,,,,False
2,100,100,69,A_full_mean,,,missing_target_record,,,,,False
2,100,100,69,B_full_mean,,,missing_target_record,,,,,False
2,100,100,69,A_G1_fixed_time,,,missing_target_record,,,,,False
2,100,100,69,A_G2_fixed_time,,,missing_target_record,,,,,False
2,100,100,69,A_G2_minus_G1_fixed_time,,,missing_target_record,,,,,False
2,100,100,69,A_G1_time_average,,,missing_target_record,,,,,False
2,100,100,69,A_G2_time_average,,,missing_target_record,,,,,False
2,100,100,69,A_G2_minus_G1_time_average,,,missing_target_record,,,,,False
2,100,100,69,B_G1_fixed_time,,,missing_target_record,,,,,False
2,100,100,69,B_G2_fixed_time,,,missing_target_record,,,,,False
2,100,100,69,B_G2_minus_G1_fixed_time,,,missing_target_record,,,,,False
2,100,100,69,B_G1_time_average,,,missing_target_record,,,,,False
2,100,100,69,B_G2_time_average,,,missing_target_record,,,,,False
2,100,100,69,B_G2_minus_G1_time_average,,,missing_target_record,,,,,False
2,100,100,70,A_entry,,,missing_target_record,,,,,False
2,100,100,70,B_entry,,,missing_target_record,,,,,False
2,100,100,70,A_fixed_time_mean,,,missing_target_record,,,,,False
2,100,100,70,B_fixed_time_mean,,,missing_target_record,,,,,False
2,100,100,70,A_full_mean,,,missing_target_record,,,,,False
2,100,100,70,B_full_mean,,,missing_target_record,,,,,False
2,100,100,70,A_G1_fixed_time,,,missing_target_record,,,,,False
2,100,100,70,A_G2_fixed_time,,,missing_target_record,,,,,False
2,100,100,70,A_G2_minus_G1_fixed_time,,,missing_target_record,,,,,False
2,100,100,70,A_G1_time_average,,,missing_target_record,,,,,False
2,100,100,70,A_G2_time_average,,,missing_target_record,,,,,False
2,100,100,70,A_G2_minus_G1_time_average,,,missing_target_record,,,,,False
2,100,100,70,B_G1_fixed_time,,,missing_target_record,,,,,False
2,100,100,70,B_G2_fixed_time,,,missing_target_record,,,,,False
2,100,100,70,B_G2_minus_G1_fixed_time,,,missing_target_record,,,,,False
2,100,100,70,B_G1_time_average,,,missing_target_record,,,,,False
2,100,100,70,B_G2_time_average,,,missing_target_record,,,,,False
2,100,100,70,B_G2_minus_G1_time_average,,,missing_target_record,,,,,False
2,100,100,71,A_entry,,,missing_target_record,,,,,False
2,100,100,71,B_entry,,,missing_target_record,,,,,False
2,100,100,71,A_fixed_time_mean,,,missing_target_record,,,,,False
2,100,100,71,B_fixed_time_mean,,,missing_target_record,,,,,False
2,100,100,71,A_full_mean,,,missing_target_record,,,,,False
2,100,100,71,B_full_mean,,,missing_target_record,,,,,False
2,100,100,71,A_G1_fixed_time,,,missing_target_record,,,,,False
2,100,100,71,A_G2_fixed_time,,,missing_target_record,,,,,False
2,100,100,71,A_G2_minus_G1_fixed_time,,,missing_target_record,,,,,False
2,100,100,71,A_G1_time_average,,,missing_target_record,,,,,False
2,100,100,71,A_G2_time_average,,,missing_target_record,,,,,False
2,100,100,71,A_G2_minus_G1_time_average,,,missing_target_record,,,,,False
2,100,100,71,B_G1_fixed_time,,,missing_target_record,,,,,False
2,100,100,71,B_G2_fixed_time,,,missing_target_record,,,,,False
2,100,100,71,B_G2_minus_G1_fixed_time,,,missing_target_record,,,,,False
2,100,100,71,B_G1_time_average,,,missing_target_record,,,,,False
2,100,100,71,B_G2_time_average,,,missing_target_record,,,,,False
2,100,100,71,B_G2_minus_G1_time_average,,,missing_target_record,,,,,False
2,100,100,72,A_entry,,,missing_target_record,,,,,False
2,100,100,72,B_entry,,,missing_target_record,,,,,False
2,100,100,72,A_fixed_time_mean,,,missing_target_record,,,,,False
2,100,100,72,B_fixed_time_mean,,,missing_target_record,,,,,False
2,100,100,72,A_full_mean,,,missing_target_record,,,,,False
2,100,100,72,B_full_mean,,,missing_target_record,,,,,False
2,100,100,72,A_G1_fixed_time,,,missing_target_record,,,,,False
2,100,100,72,A_G2_fixed_time,,,missing_target_record,,,,,False
2,100,100,72,A_G2_minus_G1_fixed_time,,,missing_target_record,,,,,False
2,100,100,72,A_G1_time_average,,,missing_target_record,,,,,False
2,100,100,72,A_G2_time_average,,,missing_target_record,,,,,False
2,100,100,72,A_G2_minus_G1_time_average,,,missing_target_record,,,,,False
2,100,100,72,B_G1_fixed_time,,,missing_target_record,,,,,False
2,100,100,72,B_G2_fixed_time,,,missing_target_record,,,,,False
2,100,100,72,B_G2_minus_G1_fixed_time,,,missing_target_record,,,,,False
2,100,100,72,B_G1_time_average,,,missing_target_record,,,,,False
2,100,100,72,B_G2_time_average,,,missing_target_record,,,,,False
2,100,100,72,B_G2_minus_G1_time_average,,,missing_target_record,,,,,False
2,100,100,73,A_entry,,,missing_target_record,,,,,False
2,100,100,73,B_entry,,,missing_target_record,,,,,False
2,100,100,73,A_fixed_time_mean,,,missing_target_record,,,,,False
2,100,100,73,B_fixed_time_mean,,,missing_target_record,,,,,False
2,100,100,73,A_full_mean,,,missing_target_record,,,,,False
2,100,100,73,B_full_mean,,,missing_target_record,,,,,False
2,100,100,73,A_G1_fixed_time,,,missing_target_record,,,,,False
2,100,100,73,A_G2_fixed_time,,,missing_target_record,,,,,False
2,100,100,73,A_G2_minus_G1_fixed_time,,,missing_target_record,,,,,False
2,100,100,73,A_G1_time_average,,,missing_target_record,,,,,False
2,100,100,73,A_G2_time_average,,,missing_target_record,,,,,False
2,100,100,73,A_G2_minus_G1_time_average,,,missing_target_record,,,,,False
2,100,100,73,B_G1_fixed_time,,,missing_target_record,,,,,False
2,100,100,73,B_G2_fixed_time,,,missing_target_record,,,,,False
2,100,100,73,B_G2_minus_G1_fixed_time,,,missing_target_record,,,,,False
2,100,100,73,B_G1_time_average,,,missing_target_record,,,,,False
2,100,100,73,B_G2_time_average,,,missing_target_record,,,,,False
2,100,100,73,B_G2_minus_G1_time_average,,,missing_target_record,,,,,False
2,100,100,74,A_entry,,,missing_target_record,,,,,False
2,100,100,74,B_entry,,,missing_target_record,,,,,False
2,100,100,74,A_fixed_time_mean,,,missing_target_record,,,,,False
2,100,100,74,B_fixed_time_mean,,,missing_target_record,,,,,False
2,100,100,74,A_full_mean,,,missing_target_record,,,,,False
2,100,100,74,B_full_mean,,,missing_target_record,,,,,False
2,100,100,74,A_G1_fixed_time,,,missing_target_record,,,,,False
2,100,100,74,A_G2_fixed_time,,,missing_target_record,,,,,False
2,100,100,74,A_G2_minus_G1_fixed_time,,,missing_target_record,,,,,False
2,100,100,74,A_G1_time_average,,,missing_target_record,,,,,False
2,100,100,74,A_G2_time_average,,,missing_target_record,,,,,False
2,100,100,74,A_G2_minus_G1_time_average,,,missing_target_record,,,,,False
2,100,100,74,B_G1_fixed_time,,,missing_target_record,,,,,False
2,100,100,74,B_G2_fixed_time,,,missing_target_record,,,,,False
2,100,100,74,B_G2_minus_G1_fixed_time,,,missing_target_record,,,,,False
2,100,100,74,B_G1_time_average,,,missing_target_record,,,,,False
2,100,100,74,B_G2_time_average,,,missing_target_record,,,,,False
2,100,100,74,B_G2_minus_G1_time_average,,,missing_target_record,,,,,False
2,100,100,75,A_entry,,,missing_target_record,,,,,False
2,100,100,75,B_entry,,,missing_target_record,,,,,False
2,100,100,75,A_fixed_time_mean,,,missing_target_record,,,,,False
2,100,100,75,B_fixed_time_mean,,,missing_target_record,,,,,False
2,100,100,75,A_full_mean,,,missing_target_record,,,,,False
2,100,100,75,B_full_mean,,,missing_target_record,,,,,False
2,100,100,75,A_G1_fixed_time,,,missing_target_record,,,,,False
2,100,100,75,A_G2_fixed_time,,,missing_target_record,,,,,False
2,100,100,75,A_G2_minus_G1_fixed_time,,,missing_target_record,,,,,False
2,100,100,75,A_G1_time_average,,,missing_target_record,,,,,False
2,100,100,75,A_G2_time_average,,,missing_target_record,,,,,False
2,100,100,75,A_G2_minus_G1_time_average,,,missing_target_record,,,,,False
2,100,100,75,B_G1_fixed_time,,,missing_target_record,,,,,False
2,100,100,75,B_G2_fixed_time,,,missing_target_record,,,,,False
2,100,100,75,B_G2_minus_G1_fixed_time,,,missing_target_record,,,,,False
2,100,100,75,B_G1_time_average,,,missing_target_record,,,,,False
2,100,100,75,B_G2_time_average,,,missing_target_record,,,,,False
2,100,100,75,B_G2_minus_G1_time_average,,,missing_target_record,,,,,False
2,100,100,76,A_entry,,,missing_target_record,,,,,False
2,100,100,76,B_entry,,,missing_target_record,,,,,False
2,100,100,76,A_fixed_time_mean,,,missing_target_record,,,,,False
2,100,100,76,B_fixed_time_mean,,,missing_target_record,,,,,False
2,100,100,76,A_full_mean,,,missing_target_record,,,,,False
2,100,100,76,B_full_mean,,,missing_target_record,,,,,False
2,100,100,76,A_G1_fixed_time,,,missing_target_record,,,,,False
2,100,100,76,A_G2_fixed_time,,,missing_target_record,,,,,False
2,100,100,76,A_G2_minus_G1_fixed_time,,,missing_target_record,,,,,False
2,100,100,76,A_G1_time_average,,,missing_target_record,,,,,False
2,100,100,76,A_G2_time_average,,,missing_target_record,,,,,False
2,100,100,76,A_G2_minus_G1_time_average,,,missing_target_record,,,,,False
2,100,100,76,B_G1_fixed_time,,,missing_target_record,,,,,False
2,100,100,76,B_G2_fixed_time,,,missing_target_record,,,,,False
2,100,100,76,B_G2_minus_G1_fixed_time,,,missing_target_record,,,,,False
2,100,100,76,B_G1_time_average,,,missing_target_record,,,,,False
2,100,100,76,B_G2_time_average,,,missing_target_record,,,,,False
2,100,100,76,B_G2_minus_G1_time_average,,,missing_target_record,,,,,False
2,100,100,77,A_entry,,,missing_target_record,,,,,False
2,100,100,77,B_entry,,,missing_target_record,,,,,False
2,100,100,77,A_fixed_time_mean,,,missing_target_record,,,,,False
2,100,100,77,B_fixed_time_mean,,,missing_target_record,,,,,False
2,100,100,77,A_full_mean,,,missing_target_record,,,,,False
2,100,100,77,B_full_mean,,,missing_target_record,,,,,False
2,100,100,77,A_G1_fixed_time,,,missing_target_record,,,,,False
2,100,100,77,A_G2_fixed_time,,,missing_target_record,,,,,False
2,100,100,77,A_G2_minus_G1_fixed_time,,,missing_target_record,,,,,False
2,100,100,77,A_G1_time_average,,,missing_target_record,,,,,False
2,100,100,77,A_G2_time_average,,,missing_target_record,,,,,False
2,100,100,77,A_G2_minus_G1_time_average,,,missing_target_record,,,,,False
2,100,100,77,B_G1_fixed_time,,,missing_target_record,,,,,False
2,100,100,77,B_G2_fixed_time,,,missing_target_record,,,,,False
2,100,100,77,B_G2_minus_G1_fixed_time,,,missing_target_record,,,,,False
2,100,100,77,B_G1_time_average,,,missing_target_record,,,,,False
2,100,100,77,B_G2_time_average,,,missing_target_record,,,,,False
2,100,100,77,B_G2_minus_G1_time_average,,,missing_target_record,,,,,False
2,100,100,78,A_entry,,,missing_target_record,,,,,False
2,100,100,78,B_entry,,,missing_target_record,,,,,False
2,100,100,78,A_fixed_time_mean,,,missing_target_record,,,,,False
2,100,100,78,B_fixed_time_mean,,,missing_target_record,,,,,False
2,100,100,78,A_full_mean,,,missing_target_record,,,,,False
2,100,100,78,B_full_mean,,,missing_target_record,,,,,False
2,100,100,78,A_G1_fixed_time,,,missing_target_record,,,,,False
2,100,100,78,A_G2_fixed_time,,,missing_target_record,,,,,False
2,100,100,78,A_G2_minus_G1_fixed_time,,,missing_target_record,,,,,False
2,100,100,78,A_G1_time_average,,,missing_target_record,,,,,False
2,100,100,78,A_G2_time_average,,,missing_target_record,,,,,False
2,100,100,78,A_G2_minus_G1_time_average,,,missing_target_record,,,,,False
2,100,100,78,B_G1_fixed_time,,,missing_target_record,,,,,False
2,100,100,78,B_G2_fixed_time,,,missing_target_record,,,,,False
2,100,100,78,B_G2_minus_G1_fixed_time,,,missing_target_record,,,,,False
2,100,100,78,B_G1_time_average,,,missing_target_record,,,,,False
2,100,100,78,B_G2_time_average,,,missing_target_record,,,,,False
2,100,100,78,B_G2_minus_G1_time_average,,,missing_target_record,,,,,False
2,100,100,79,A_entry,,,missing_target_record,,,,,False
2,100,100,79,B_entry,,,missing_target_record,,,,,False
2,100,100,79,A_fixed_time_mean,,,missing_target_record,,,,,False
2,100,100,79,B_fixed_time_mean,,,missing_target_record,,,,,False
2,100,100,79,A_full_mean,,,missing_target_record,,,,,False
2,100,100,79,B_full_mean,,,missing_target_record,,,,,False
2,100,100,79,A_G1_fixed_time,,,missing_target_record,,,,,False
2,100,100,79,A_G2_fixed_time,,,missing_target_record,,,,,False
2,100,100,79,A_G2_minus_G1_fixed_time,,,missing_target_record,,,,,False
2,100,100,79,A_G1_time_average,,,missing_target_record,,,,,False
2,100,100,79,A_G2_time_average,,,missing_target_record,,,,,False
2,100,100,79,A_G2_minus_G1_time_average,,,missing_target_record,,,,,False
2,100,100,79,B_G1_fixed_time,,,missing_target_record,,,,,False
2,100,100,79,B_G2_fixed_time,,,missing_target_record,,,,,False
2,100,100,79,B_G2_minus_G1_fixed_time,,,missing_target_record,,,,,False
2,100,100,79,B_G1_time_average,,,missing_target_record,,,,,False
2,100,100,79,B_G2_time_average,,,missing_target_record,,,,,False
2,100,100,79,B_G2_minus_G1_time_average,,,missing_target_record,,,,,False
2,100,100,80,A_entry,,,missing_target_record,,,,,False
2,100,100,80,B_entry,,,missing_target_record,,,,,False
2,100,100,80,A_fixed_time_mean,,,missing_target_record,,,,,False
2,100,100,80,B_fixed_time_mean,,,missing_target_record,,,,,False
2,100,100,80,A_full_mean,,,missing_target_record,,,,,False
2,100,100,80,B_full_mean,,,missing_target_record,,,,,False
2,100,100,80,A_G1_fixed_time,,,missing_target_record,,,,,False
2,100,100,80,A_G2_fixed_time,,,missing_target_record,,,,,False
2,100,100,80,A_G2_minus_G1_fixed_time,,,missing_target_record,,,,,False
2,100,100,80,A_G1_time_average,,,missing_target_record,,,,,False
2,100,100,80,A_G2_time_average,,,missing_target_record,,,,,False
2,100,100,80,A_G2_minus_G1_time_average,,,missing_target_record,,,,,False
2,100,100,80,B_G1_fixed_time,,,missing_target_record,,,,,False
2,100,100,80,B_G2_fixed_time,,,missing_target_record,,,,,False
2,100,100,80,B_G2_minus_G1_fixed_time,,,missing_target_record,,,,,False
2,100,100,80,B_G1_time_average,,,missing_target_record,,,,,False
2,100,100,80,B_G2_time_average,,,missing_target_record,,,,,False
2,100,100,80,B_G2_minus_G1_time_average,,,missing_target_record,,,,,False
2,100,100,81,A_entry,,,missing_target_record,,,,,False
2,100,100,81,B_entry,,,missing_target_record,,,,,False
2,100,100,81,A_fixed_time_mean,,,missing_target_record,,,,,False
2,100,100,81,B_fixed_time_mean,,,missing_target_record,,,,,False
2,100,100,81,A_full_mean,,,missing_target_record,,,,,False
2,100,100,81,B_full_mean,,,missing_target_record,,,,,False
2,100,100,81,A_G1_fixed_time,,,missing_target_record,,,,,False
2,100,100,81,A_G2_fixed_time,,,missing_target_record,,,,,False
2,100,100,81,A_G2_minus_G1_fixed_time,,,missing_target_record,,,,,False
2,100,100,81,A_G1_time_average,,,missing_target_record,,,,,False
2,100,100,81,A_G2_time_average,,,missing_target_record,,,,,False
2,100,100,81,A_G2_minus_G1_time_average,,,missing_target_record,,,,,False
2,100,100,81,B_G1_fixed_time,,,missing_target_record,,,,,False
2,100,100,81,B_G2_fixed_time,,,missing_target_record,,,,,False
2,100,100,81,B_G2_minus_G1_fixed_time,,,missing_target_record,,,,,False
2,100,100,81,B_G1_time_average,,,missing_target_record,,,,,False
2,100,100,81,B_G2_time_average,,,missing_target_record,,,,,False
2,100,100,81,B_G2_minus_G1_time_average,,,missing_target_record,,,,,False
2,100,100,82,A_entry,,,missing_target_record,,,,,False
2,100,100,82,B_entry,,,missing_target_record,,,,,False
2,100,100,82,A_fixed_time_mean,,,missing_target_record,,,,,False
2,100,100,82,B_fixed_time_mean,,,missing_target_record,,,,,False
2,100,100,82,A_full_mean,,,missing_target_record,,,,,False
2,100,100,82,B_full_mean,,,missing_target_record,,,,,False
2,100,100,82,A_G1_fixed_time,,,missing_target_record,,,,,False
2,100,100,82,A_G2_fixed_time,,,missing_target_record,,,,,False
2,100,100,82,A_G2_minus_G1_fixed_time,,,missing_target_record,,,,,False
2,100,100,82,A_G1_time_average,,,missing_target_record,,,,,False
2,100,100,82,A_G2_time_average,,,missing_target_record,,,,,False
2,100,100,82,A_G2_minus_G1_time_average,,,missing_target_record,,,,,False
2,100,100,82,B_G1_fixed_time,,,missing_target_record,,,,,False
2,100,100,82,B_G2_fixed_time,,,missing_target_record,,,,,False
2,100,100,82,B_G2_minus_G1_fixed_time,,,missing_target_record,,,,,False
2,100,100,82,B_G1_time_average,,,missing_target_record,,,,,False
2,100,100,82,B_G2_time_average,,,missing_target_record,,,,,False
2,100,100,82,B_G2_minus_G1_time_average,,,missing_target_record,,,,,False
2,100,100,83,A_entry,,,missing_target_record,,,,,False
2,100,100,83,B_entry,,,missing_target_record,,,,,False
2,100,100,83,A_fixed_time_mean,,,missing_target_record,,,,,False
2,100,100,83,B_fixed_time_mean,,,missing_target_record,,,,,False
2,100,100,83,A_full_mean,,,missing_target_record,,,,,False
2,100,100,83,B_full_mean,,,missing_target_record,,,,,False
2,100,100,83,A_G1_fixed_time,,,missing_target_record,,,,,False
2,100,100,83,A_G2_fixed_time,,,missing_target_record,,,,,False
2,100,100,83,A_G2_minus_G1_fixed_time,,,missing_target_record,,,,,False
2,100,100,83,A_G1_time_average,,,missing_target_record,,,,,False
2,100,100,83,A_G2_time_average,,,missing_target_record,,,,,False
2,100,100,83,A_G2_minus_G1_time_average,,,missing_target_record,,,,,False
2,100,100,83,B_G1_fixed_time,,,missing_target_record,,,,,False
2,100,100,83,B_G2_fixed_time,,,missing_target_record,,,,,False
2,100,100,83,B_G2_minus_G1_fixed_time,,,missing_target_record,,,,,False
2,100,100,83,B_G1_time_average,,,missing_target_record,,,,,False
2,100,100,83,B_G2_time_average,,,missing_target_record,,,,,False
2,100,100,83,B_G2_minus_G1_time_average,,,missing_target_record,,,,,False
2,100,100,84,A_entry,,,missing_target_record,,,,,False
2,100,100,84,B_entry,,,missing_target_record,,,,,False
2,100,100,84,A_fixed_time_mean,,,missing_target_record,,,,,False
2,100,100,84,B_fixed_time_mean,,,missing_target_record,,,,,False
2,100,100,84,A_full_mean,,,missing_target_record,,,,,False
2,100,100,84,B_full_mean,,,missing_target_record,,,,,False
2,100,100,84,A_G1_fixed_time,,,missing_target_record,,,,,False
2,100,100,84,A_G2_fixed_time,,,missing_target_record,,,,,False
2,100,100,84,A_G2_minus_G1_fixed_time,,,missing_target_record,,,,,False
2,100,100,84,A_G1_time_average,,,missing_target_record,,,,,False
2,100,100,84,A_G2_time_average,,,missing_target_record,,,,,False
2,100,100,84,A_G2_minus_G1_time_average,,,missing_target_record,,,,,False
2,100,100,84,B_G1_fixed_time,,,missing_target_record,,,,,False
2,100,100,84,B_G2_fixed_time,,,missing_target_record,,,,,False
2,100,100,84,B_G2_minus_G1_fixed_time,,,missing_target_record,,,,,False
2,100,100,84,B_G1_time_average,,,missing_target_record,,,,,False
2,100,100,84,B_G2_time_average,,,missing_target_record,,,,,False
2,100,100,84,B_G2_minus_G1_time_average,,,missing_target_record,,,,,False
2,100,100,85,A_entry,,,missing_target_record,,,,,False
2,100,100,85,B_entry,,,missing_target_record,,,,,False
2,100,100,85,A_fixed_time_mean,,,missing_target_record,,,,,False
2,100,100,85,B_fixed_time_mean,,,missing_target_record,,,,,False
2,100,100,85,A_full_mean,,,missing_target_record,,,,,False
2,100,100,85,B_full_mean,,,missing_target_record,,,,,False
2,100,100,85,A_G1_fixed_time,,,missing_target_record,,,,,False
2,100,100,85,A_G2_fixed_time,,,missing_target_record,,,,,False
2,100,100,85,A_G2_minus_G1_fixed_time,,,missing_target_record,,,,,False
2,100,100,85,A_G1_time_average,,,missing_target_record,,,,,False
2,100,100,85,A_G2_time_average,,,missing_target_record,,,,,False
2,100,100,85,A_G2_minus_G1_time_average,,,missing_target_record,,,,,False
2,100,100,85,B_G1_fixed_time,,,missing_target_record,,,,,False
2,100,100,85,B_G2_fixed_time,,,missing_target_record,,,,,False
2,100,100,85,B_G2_minus_G1_fixed_time,,,missing_target_record,,,,,False
2,100,100,85,B_G1_time_average,,,missing_target_record,,,,,False
2,100,100,85,B_G2_time_average,,,missing_target_record,,,,,False
2,100,100,85,B_G2_minus_G1_time_average,,,missing_target_record,,,,,False
2,100,100,86,A_entry,,,missing_target_record,,,,,False
2,100,100,86,B_entry,,,missing_target_record,,,,,False
2,100,100,86,A_fixed_time_mean,,,missing_target_record,,,,,False
2,100,100,86,B_fixed_time_mean,,,missing_target_record,,,,,False
2,100,100,86,A_full_mean,,,missing_target_record,,,,,False
2,100,100,86,B_full_mean,,,missing_target_record,,,,,False
2,100,100,86,A_G1_fixed_time,,,missing_target_record,,,,,False
2,100,100,86,A_G2_fixed_time,,,missing_target_record,,,,,False
2,100,100,86,A_G2_minus_G1_fixed_time,,,missing_target_record,,,,,False
2,100,100,86,A_G1_time_average,,,missing_target_record,,,,,False
2,100,100,86,A_G2_time_average,,,missing_target_record,,,,,False
2,100,100,86,A_G2_minus_G1_time_average,,,missing_target_record,,,,,False
2,100,100,86,B_G1_fixed_time,,,missing_target_record,,,,,False
2,100,100,86,B_G2_fixed_time,,,missing_target_record,,,,,False
2,100,100,86,B_G2_minus_G1_fixed_time,,,missing_target_record,,,,,False
2,100,100,86,B_G1_time_average,,,missing_target_record,,,,,False
2,100,100,86,B_G2_time_average,,,missing_target_record,,,,,False
2,100,100,86,B_G2_minus_G1_time_average,,,missing_target_record,,,,,False
2,100,100,87,A_entry,,,missing_target_record,,,,,False
2,100,100,87,B_entry,,,missing_target_record,,,,,False
2,100,100,87,A_fixed_time_mean,,,missing_target_record,,,,,False
2,100,100,87,B_fixed_time_mean,,,missing_target_record,,,,,False
2,100,100,87,A_full_mean,,,missing_target_record,,,,,False
2,100,100,87,B_full_mean,,,missing_target_record,,,,,False
2,100,100,87,A_G1_fixed_time,,,missing_target_record,,,,,False
2,100,100,87,A_G2_fixed_time,,,missing_target_record,,,,,False
2,100,100,87,A_G2_minus_G1_fixed_time,,,missing_target_record,,,,,False
2,100,100,87,A_G1_time_average,,,missing_target_record,,,,,False
2,100,100,87,A_G2_time_average,,,missing_target_record,,,,,False
2,100,100,87,A_G2_minus_G1_time_average,,,missing_target_record,,,,,False
2,100,100,87,B_G1_fixed_time,,,missing_target_record,,,,,False
2,100,100,87,B_G2_fixed_time,,,missing_target_record,,,,,False
2,100,100,87,B_G2_minus_G1_fixed_time,,,missing_target_record,,,,,False
2,100,100,87,B_G1_time_average,,,missing_target_record,,,,,False
2,100,100,87,B_G2_time_average,,,missing_target_record,,,,,False
2,100,100,87,B_G2_minus_G1_time_average,,,missing_target_record,,,,,False
2,100,100,88,A_entry,,,missing_target_record,,,,,False
2,100,100,88,B_entry,,,missing_target_record,,,,,False
2,100,100,88,A_fixed_time_mean,,,missing_target_record,,,,,False
2,100,100,88,B_fixed_time_mean,,,missing_target_record,,,,,False
2,100,100,88,A_full_mean,,,missing_target_record,,,,,False
2,100,100,88,B_full_mean,,,missing_target_record,,,,,False
2,100,100,88,A_G1_fixed_time,,,missing_target_record,,,,,False
2,100,100,88,A_G2_fixed_time,,,missing_target_record,,,,,False
2,100,100,88,A_G2_minus_G1_fixed_time,,,missing_target_record,,,,,False
2,100,100,88,A_G1_time_average,,,missing_target_record,,,,,False
2,100,100,88,A_G2_time_average,,,missing_target_record,,,,,False
2,100,100,88,A_G2_minus_G1_time_average,,,missing_target_record,,,,,False
2,100,100,88,B_G1_fixed_time,,,missing_target_record,,,,,False
2,100,100,88,B_G2_fixed_time,,,missing_target_record,,,,,False
2,100,100,88,B_G2_minus_G1_fixed_time,,,missing_target_record,,,,,False
2,100,100,88,B_G1_time_average,,,missing_target_record,,,,,False
2,100,100,88,B_G2_time_average,,,missing_target_record,,,,,False
2,100,100,88,B_G2_minus_G1_time_average,,,missing_target_record,,,,,False
2,100,100,89,A_entry,,,missing_target_record,,,,,False
2,100,100,89,B_entry,,,missing_target_record,,,,,False
2,100,100,89,A_fixed_time_mean,,,missing_target_record,,,,,False
2,100,100,89,B_fixed_time_mean,,,missing_target_record,,,,,False
2,100,100,89,A_full_mean,,,missing_target_record,,,,,False
2,100,100,89,B_full_mean,,,missing_target_record,,,,,False
2,100,100,89,A_G1_fixed_time,,,missing_target_record,,,,,False
2,100,100,89,A_G2_fixed_time,,,missing_target_record,,,,,False
2,100,100,89,A_G2_minus_G1_fixed_time,,,missing_target_record,,,,,False
2,100,100,89,A_G1_time_average,,,missing_target_record,,,,,False
2,100,100,89,A_G2_time_average,,,missing_target_record,,,,,False
2,100,100,89,A_G2_minus_G1_time_average,,,missing_target_record,,,,,False
2,100,100,89,B_G1_fixed_time,,,missing_target_record,,,,,False
2,100,100,89,B_G2_fixed_time,,,missing_target_record,,,,,False
2,100,100,89,B_G2_minus_G1_fixed_time,,,missing_target_record,,,,,False
2,100,100,89,B_G1_time_average,,,missing_target_record,,,,,False
2,100,100,89,B_G2_time_average,,,missing_target_record,,,,,False
2,100,100,89,B_G2_minus_G1_time_average,,,missing_target_record,,,,,False
2,100,100,90,A_entry,,,missing_target_record,,,,,False
2,100,100,90,B_entry,,,missing_target_record,,,,,False
2,100,100,90,A_fixed_time_mean,,,missing_target_record,,,,,False
2,100,100,90,B_fixed_time_mean,,,missing_target_record,,,,,False
2,100,100,90,A_full_mean,,,missing_target_record,,,,,False
2,100,100,90,B_full_mean,,,missing_target_record,,,,,False
2,100,100,90,A_G1_fixed_time,,,missing_target_record,,,,,False
2,100,100,90,A_G2_fixed_time,,,missing_target_record,,,,,False
2,100,100,90,A_G2_minus_G1_fixed_time,,,missing_target_record,,,,,False
2,100,100,90,A_G1_time_average,,,missing_target_record,,,,,False
2,100,100,90,A_G2_time_average,,,missing_target_record,,,,,False
2,100,100,90,A_G2_minus_G1_time_average,,,missing_target_record,,,,,False
2,100,100,90,B_G1_fixed_time,,,missing_target_record,,,,,False
2,100,100,90,B_G2_fixed_time,,,missing_target_record,,,,,False
2,100,100,90,B_G2_minus_G1_fixed_time,,,missing_target_record,,,,,False
2,100,100,90,B_G1_time_average,,,missing_target_record,,,,,False
2,100,100,90,B_G2_time_average,,,missing_target_record,,,,,False
2,100,100,90,B_G2_minus_G1_time_average,,,missing_target_record,,,,,False
2,100,100,91,A_entry,,,missing_target_record,,,,,False
2,100,100,91,B_entry,,,missing_target_record,,,,,False
2,100,100,91,A_fixed_time_mean,,,missing_target_record,,,,,False
2,100,100,91,B_fixed_time_mean,,,missing_target_record,,,,,False
2,100,100,91,A_full_mean,,,missing_target_record,,,,,False
2,100,100,91,B_full_mean,,,missing_target_record,,,,,False
2,100,100,91,A_G1_fixed_time,,,missing_target_record,,,,,False
2,100,100,91,A_G2_fixed_time,,,missing_target_record,,,,,False
2,100,100,91,A_G2_minus_G1_fixed_time,,,missing_target_record,,,,,False
2,100,100,91,A_G1_time_average,,,missing_target_record,,,,,False
2,100,100,91,A_G2_time_average,,,missing_target_record,,,,,False
2,100,100,91,A_G2_minus_G1_time_average,,,missing_target_record,,,,,False
2,100,100,91,B_G1_fixed_time,,,missing_target_record,,,,,False
2,100,100,91,B_G2_fixed_time,,,missing_target_record,,,,,False
2,100,100,91,B_G2_minus_G1_fixed_time,,,missing_target_record,,,,,False
2,100,100,91,B_G1_time_average,,,missing_target_record,,,,,False
2,100,100,91,B_G2_time_average,,,missing_target_record,,,,,False
2,100,100,91,B_G2_minus_G1_time_average,,,missing_target_record,,,,,False
2,100,100,92,A_entry,,,missing_target_record,,,,,False
2,100,100,92,B_entry,,,missing_target_record,,,,,False
2,100,100,92,A_fixed_time_mean,,,missing_target_record,,,,,False
2,100,100,92,B_fixed_time_mean,,,missing_target_record,,,,,False
2,100,100,92,A_full_mean,,,missing_target_record,,,,,False
2,100,100,92,B_full_mean,,,missing_target_record,,,,,False
2,100,100,92,A_G1_fixed_time,,,missing_target_record,,,,,False
2,100,100,92,A_G2_fixed_time,,,missing_target_record,,,,,False
2,100,100,92,A_G2_minus_G1_fixed_time,,,missing_target_record,,,,,False
2,100,100,92,A_G1_time_average,,,missing_target_record,,,,,False
2,100,100,92,A_G2_time_average,,,missing_target_record,,,,,False
2,100,100,92,A_G2_minus_G1_time_average,,,missing_target_record,,,,,False
2,100,100,92,B_G1_fixed_time,,,missing_target_record,,,,,False
2,100,100,92,B_G2_fixed_time,,,missing_target_record,,,,,False
2,100,100,92,B_G2_minus_G1_fixed_time,,,missing_target_record,,,,,False
2,100,100,92,B_G1_time_average,,,missing_target_record,,,,,False
2,100,100,92,B_G2_time_average,,,missing_target_record,,,,,False
2,100,100,92,B_G2_minus_G1_time_average,,,missing_target_record,,,,,False
2,100,100,93,A_entry,,,missing_target_record,,,,,False
2,100,100,93,B_entry,,,missing_target_record,,,,,False
2,100,100,93,A_fixed_time_mean,,,missing_target_record,,,,,False
2,100,100,93,B_fixed_time_mean,,,missing_target_record,,,,,False
2,100,100,93,A_full_mean,,,missing_target_record,,,,,False
2,100,100,93,B_full_mean,,,missing_target_record,,,,,False
2,100,100,93,A_G1_fixed_time,,,missing_target_record,,,,,False
2,100,100,93,A_G2_fixed_time,,,missing_target_record,,,,,False
2,100,100,93,A_G2_minus_G1_fixed_time,,,missing_target_record,,,,,False
2,100,100,93,A_G1_time_average,,,missing_target_record,,,,,False
2,100,100,93,A_G2_time_average,,,missing_target_record,,,,,False
2,100,100,93,A_G2_minus_G1_time_average,,,missing_target_record,,,,,False
2,100,100,93,B_G1_fixed_time,,,missing_target_record,,,,,False
2,100,100,93,B_G2_fixed_time,,,missing_target_record,,,,,False
2,100,100,93,B_G2_minus_G1_fixed_time,,,missing_target_record,,,,,False
2,100,100,93,B_G1_time_average,,,missing_target_record,,,,,False
2,100,100,93,B_G2_time_average,,,missing_target_record,,,,,False
2,100,100,93,B_G2_minus_G1_time_average,,,missing_target_record,,,,,False
2,100,100,94,A_entry,,,missing_target_record,,,,,False
2,100,100,94,B_entry,,,missing_target_record,,,,,False
2,100,100,94,A_fixed_time_mean,,,missing_target_record,,,,,False
2,100,100,94,B_fixed_time_mean,,,missing_target_record,,,,,False
2,100,100,94,A_full_mean,,,missing_target_record,,,,,False
2,100,100,94,B_full_mean,,,missing_target_record,,,,,False
2,100,100,94,A_G1_fixed_time,,,missing_target_record,,,,,False
2,100,100,94,A_G2_fixed_time,,,missing_target_record,,,,,False
2,100,100,94,A_G2_minus_G1_fixed_time,,,missing_target_record,,,,,False
2,100,100,94,A_G1_time_average,,,missing_target_record,,,,,False
2,100,100,94,A_G2_time_average,,,missing_target_record,,,,,False
2,100,100,94,A_G2_minus_G1_time_average,,,missing_target_record,,,,,False
2,100,100,94,B_G1_fixed_time,,,missing_target_record,,,,,False
2,100,100,94,B_G2_fixed_time,,,missing_target_record,,,,,False
2,100,100,94,B_G2_minus_G1_fixed_time,,,missing_target_record,,,,,False
2,100,100,94,B_G1_time_average,,,missing_target_record,,,,,False
2,100,100,94,B_G2_time_average,,,missing_target_record,,,,,False
2,100,100,94,B_G2_minus_G1_time_average,,,missing_target_record,,,,,False
2,100,100,95,A_entry,,,missing_target_record,,,,,False
2,100,100,95,B_entry,,,missing_target_record,,,,,False
2,100,100,95,A_fixed_time_mean,,,missing_target_record,,,,,False
2,100,100,95,B_fixed_time_mean,,,missing_target_record,,,,,False
2,100,100,95,A_full_mean,,,missing_target_record,,,,,False
2,100,100,95,B_full_mean,,,missing_target_record,,,,,False
2,100,100,95,A_G1_fixed_time,,,missing_target_record,,,,,False
2,100,100,95,A_G2_fixed_time,,,missing_target_record,,,,,False
2,100,100,95,A_G2_minus_G1_fixed_time,,,missing_target_record,,,,,False
2,100,100,95,A_G1_time_average,,,missing_target_record,,,,,False
2,100,100,95,A_G2_time_average,,,missing_target_record,,,,,False
2,100,100,95,A_G2_minus_G1_time_average,,,missing_target_record,,,,,False
2,100,100,95,B_G1_fixed_time,,,missing_target_record,,,,,False
2,100,100,95,B_G2_fixed_time,,,missing_target_record,,,,,False
2,100,100,95,B_G2_minus_G1_fixed_time,,,missing_target_record,,,,,False
2,100,100,95,B_G1_time_average,,,missing_target_record,,,,,False
2,100,100,95,B_G2_time_average,,,missing_target_record,,,,,False
2,100,100,95,B_G2_minus_G1_time_average,,,missing_target_record,,,,,False
2,100,100,96,A_entry,,,missing_target_record,,,,,False
2,100,100,96,B_entry,,,missing_target_record,,,,,False
2,100,100,96,A_fixed_time_mean,,,missing_target_record,,,,,False
2,100,100,96,B_fixed_time_mean,,,missing_target_record,,,,,False
2,100,100,96,A_full_mean,,,missing_target_record,,,,,False
2,100,100,96,B_full_mean,,,missing_target_record,,,,,False
2,100,100,96,A_G1_fixed_time,,,missing_target_record,,,,,False
2,100,100,96,A_G2_fixed_time,,,missing_target_record,,,,,False
2,100,100,96,A_G2_minus_G1_fixed_time,,,missing_target_record,,,,,False
2,100,100,96,A_G1_time_average,,,missing_target_record,,,,,False
2,100,100,96,A_G2_time_average,,,missing_target_record,,,,,False
2,100,100,96,A_G2_minus_G1_time_average,,,missing_target_record,,,,,False
2,100,100,96,B_G1_fixed_time,,,missing_target_record,,,,,False
2,100,100,96,B_G2_fixed_time,,,missing_target_record,,,,,False
2,100,100,96,B_G2_minus_G1_fixed_time,,,missing_target_record,,,,,False
2,100,100,96,B_G1_time_average,,,missing_target_record,,,,,False
2,100,100,96,B_G2_time_average,,,missing_target_record,,,,,False
2,100,100,96,B_G2_minus_G1_time_average,,,missing_target_record,,,,,False
2,100,100,97,A_entry,,,missing_target_record,,,,,False
2,100,100,97,B_entry,,,missing_target_record,,,,,False
2,100,100,97,A_fixed_time_mean,,,missing_target_record,,,,,False
2,100,100,97,B_fixed_time_mean,,,missing_target_record,,,,,False
2,100,100,97,A_full_mean,,,missing_target_record,,,,,False
2,100,100,97,B_full_mean,,,missing_target_record,,,,,False
2,100,100,97,A_G1_fixed_time,,,missing_target_record,,,,,False
2,100,100,97,A_G2_fixed_time,,,missing_target_record,,,,,False
2,100,100,97,A_G2_minus_G1_fixed_time,,,missing_target_record,,,,,False
2,100,100,97,A_G1_time_average,,,missing_target_record,,,,,False
2,100,100,97,A_G2_time_average,,,missing_target_record,,,,,False
2,100,100,97,A_G2_minus_G1_time_average,,,missing_target_record,,,,,False
2,100,100,97,B_G1_fixed_time,,,missing_target_record,,,,,False
2,100,100,97,B_G2_fixed_time,,,missing_target_record,,,,,False
2,100,100,97,B_G2_minus_G1_fixed_time,,,missing_target_record,,,,,False
2,100,100,97,B_G1_time_average,,,missing_target_record,,,,,False
2,100,100,97,B_G2_time_average,,,missing_target_record,,,,,False
2,100,100,97,B_G2_minus_G1_time_average,,,missing_target_record,,,,,False
2,100,100,98,A_entry,,,missing_target_record,,,,,False
2,100,100,98,B_entry,,,missing_target_record,,,,,False
2,100,100,98,A_fixed_time_mean,,,missing_target_record,,,,,False
2,100,100,98,B_fixed_time_mean,,,missing_target_record,,,,,False
2,100,100,98,A_full_mean,,,missing_target_record,,,,,False
2,100,100,98,B_full_mean,,,missing_target_record,,,,,False
2,100,100,98,A_G1_fixed_time,,,missing_target_record,,,,,False
2,100,100,98,A_G2_fixed_time,,,missing_target_record,,,,,False
2,100,100,98,A_G2_minus_G1_fixed_time,,,missing_target_record,,,,,False
2,100,100,98,A_G1_time_average,,,missing_target_record,,,,,False
2,100,100,98,A_G2_time_average,,,missing_target_record,,,,,False
2,100,100,98,A_G2_minus_G1_time_average,,,missing_target_record,,,,,False
2,100,100,98,B_G1_fixed_time,,,missing_target_record,,,,,False
2,100,100,98,B_G2_fixed_time,,,missing_target_record,,,,,False
2,100,100,98,B_G2_minus_G1_fixed_time,,,missing_target_record,,,,,False
2,100,100,98,B_G1_time_average,,,missing_target_record,,,,,False
2,100,100,98,B_G2_time_average,,,missing_target_record,,,,,False
2,100,100,98,B_G2_minus_G1_time_average,,,missing_target_record,,,,,False
2,100,100,99,A_entry,,,missing_target_record,,,,,False
2,100,100,99,B_entry,,,missing_target_record,,,,,False
2,100,100,99,A_fixed_time_mean,,,missing_target_record,,,,,False
2,100,100,99,B_fixed_time_mean,,,missing_target_record,,,,,False
2,100,100,99,A_full_mean,,,missing_target_record,,,,,False
2,100,100,99,B_full_mean,,,missing_target_record,,,,,False
2,100,100,99,A_G1_fixed_time,,,missing_target_record,,,,,False
2,100,100,99,A_G2_fixed_time,,,missing_target_record,,,,,False
2,100,100,99,A_G2_minus_G1_fixed_time,,,missing_target_record,,,,,False
2,100,100,99,A_G1_time_average,,,missing_target_record,,,,,False
2,100,100,99,A_G2_time_average,,,missing_target_record,,,,,False
2,100,100,99,A_G2_minus_G1_time_average,,,missing_target_record,,,,,False
2,100,100,99,B_G1_fixed_time,,,missing_target_record,,,,,False
2,100,100,99,B_G2_fixed_time,,,missing_target_record,,,,,False
2,100,100,99,B_G2_minus_G1_fixed_time,,,missing_target_record,,,,,False
2,100,100,99,B_G1_time_average,,,missing_target_record,,,,,False
2,100,100,99,B_G2_time_average,,,missing_target_record,,,,,False
2,100,100,99,B_G2_minus_G1_time_average,,,missing_target_record,,,,,False
3,50,50,0,A_entry,,,missing_target_record,,,,,False
3,50,50,0,B_entry,,,missing_target_record,,,,,False
3,50,50,0,A_fixed_time_mean,,,missing_target_record,,,,,False
3,50,50,0,B_fixed_time_mean,,,missing_target_record,,,,,False
3,50,50,0,A_full_mean,,,missing_target_record,,,,,False
3,50,50,0,B_full_mean,,,missing_target_record,,,,,False
3,50,50,0,A_G1_fixed_time,,,missing_target_record,,,,,False
3,50,50,0,A_G2_fixed_time,,,missing_target_record,,,,,False
3,50,50,0,A_G2_minus_G1_fixed_time,,,missing_target_record,,,,,False
3,50,50,0,A_G1_time_average,,,missing_target_record,,,,,False
3,50,50,0,A_G2_time_average,,,missing_target_record,,,,,False
3,50,50,0,A_G2_minus_G1_time_average,,,missing_target_record,,,,,False
3,50,50,0,B_G1_fixed_time,,,missing_target_record,,,,,False
3,50,50,0,B_G2_fixed_time,,,missing_target_record,,,,,False
3,50,50,0,B_G2_minus_G1_fixed_time,,,missing_target_record,,,,,False
3,50,50,0,B_G1_time_average,,,missing_target_record,,,,,False
3,50,50,0,B_G2_time_average,,,missing_target_record,,,,,False
3,50,50,0,B_G2_minus_G1_time_average,,,missing_target_record,,,,,False
3,50,50,1,A_entry,,,missing_target_record,,,,,False
3,50,50,1,B_entry,,,missing_target_record,,,,,False
3,50,50,1,A_fixed_time_mean,,,missing_target_record,,,,,False
3,50,50,1,B_fixed_time_mean,,,missing_target_record,,,,,False
3,50,50,1,A_full_mean,,,missing_target_record,,,,,False
3,50,50,1,B_full_mean,,,missing_target_record,,,,,False
3,50,50,1,A_G1_fixed_time,,,missing_target_record,,,,,False
3,50,50,1,A_G2_fixed_time,,,missing_target_record,,,,,False
3,50,50,1,A_G2_minus_G1_fixed_time,,,missing_target_record,,,,,False
3,50,50,1,A_G1_time_average,,,missing_target_record,,,,,False
3,50,50,1,A_G2_time_average,,,missing_target_record,,,,,False
3,50,50,1,A_G2_minus_G1_time_average,,,missing_target_record,,,,,False
3,50,50,1,B_G1_fixed_time,,,missing_target_record,,,,,False
3,50,50,1,B_G2_fixed_time,,,missing_target_record,,,,,False
3,50,50,1,B_G2_minus_G1_fixed_time,,,missing_target_record,,,,,False
3,50,50,1,B_G1_time_average,,,missing_target_record,,,,,False
3,50,50,1,B_G2_time_average,,,missing_target_record,,,,,False
3,50,50,1,B_G2_minus_G1_time_average,,,missing_target_record,,,,,False
3,50,50,2,A_entry,,,missing_target_record,,,,,False
3,50,50,2,B_entry,,,missing_target_record,,,,,False
3,50,50,2,A_fixed_time_mean,,,missing_target_record,,,,,False
3,50,50,2,B_fixed_time_mean,,,missing_target_record,,,,,False
3,50,50,2,A_full_mean,,,missing_target_record,,,,,False
3,50,50,2,B_full_mean,,,missing_target_record,,,,,False
3,50,50,2,A_G1_fixed_time,,,missing_target_record,,,,,False
3,50,50,2,A_G2_fixed_time,,,missing_target_record,,,,,False
3,50,50,2,A_G2_minus_G1_fixed_time,,,missing_target_record,,,,,False
3,50,50,2,A_G1_time_average,,,missing_target_record,,,,,False
3,50,50,2,A_G2_time_average,,,missing_target_record,,,,,False
3,50,50,2,A_G2_minus_G1_time_average,,,missing_target_record,,,,,False
3,50,50,2,B_G1_fixed_time,,,missing_target_record,,,,,False
3,50,50,2,B_G2_fixed_time,,,missing_target_record,,,,,False
3,50,50,2,B_G2_minus_G1_fixed_time,,,missing_target_record,,,,,False
3,50,50,2,B_G1_time_average,,,missing_target_record,,,,,False
3,50,50,2,B_G2_time_average,,,missing_target_record,,,,,False
3,50,50,2,B_G2_minus_G1_time_average,,,missing_target_record,,,,,False
3,50,50,3,A_entry,,,missing_target_record,,,,,False
3,50,50,3,B_entry,,,missing_target_record,,,,,False
3,50,50,3,A_fixed_time_mean,,,missing_target_record,,,,,False
3,50,50,3,B_fixed_time_mean,,,missing_target_record,,,,,False
3,50,50,3,A_full_mean,,,missing_target_record,,,,,False
3,50,50,3,B_full_mean,,,missing_target_record,,,,,False
3,50,50,3,A_G1_fixed_time,,,missing_target_record,,,,,False
3,50,50,3,A_G2_fixed_time,,,missing_target_record,,,,,False
3,50,50,3,A_G2_minus_G1_fixed_time,,,missing_target_record,,,,,False
3,50,50,3,A_G1_time_average,,,missing_target_record,,,,,False
3,50,50,3,A_G2_time_average,,,missing_target_record,,,,,False
3,50,50,3,A_G2_minus_G1_time_average,,,missing_target_record,,,,,False
3,50,50,3,B_G1_fixed_time,,,missing_target_record,,,,,False
3,50,50,3,B_G2_fixed_time,,,missing_target_record,,,,,False
3,50,50,3,B_G2_minus_G1_fixed_time,,,missing_target_record,,,,,False
3,50,50,3,B_G1_time_average,,,missing_target_record,,,,,False
3,50,50,3,B_G2_time_average,,,missing_target_record,,,,,False
3,50,50,3,B_G2_minus_G1_time_average,,,missing_target_record,,,,,False
3,50,50,4,A_entry,,,missing_target_record,,,,,False
3,50,50,4,B_entry,,,missing_target_record,,,,,False
3,50,50,4,A_fixed_time_mean,,,missing_target_record,,,,,False
3,50,50,4,B_fixed_time_mean,,,missing_target_record,,,,,False
3,50,50,4,A_full_mean,,,missing_target_record,,,,,False
3,50,50,4,B_full_mean,,,missing_target_record,,,,,False
3,50,50,4,A_G1_fixed_time,,,missing_target_record,,,,,False
3,50,50,4,A_G2_fixed_time,,,missing_target_record,,,,,False
3,50,50,4,A_G2_minus_G1_fixed_time,,,missing_target_record,,,,,False
3,50,50,4,A_G1_time_average,,,missing_target_record,,,,,False
3,50,50,4,A_G2_time_average,,,missing_target_record,,,,,False
3,50,50,4,A_G2_minus_G1_time_average,,,missing_target_record,,,,,False
3,50,50,4,B_G1_fixed_time,,,missing_target_record,,,,,False
3,50,50,4,B_G2_fixed_time,,,missing_target_record,,,,,False
3,50,50,4,B_G2_minus_G1_fixed_time,,,missing_target_record,,,,,False
3,50,50,4,B_G1_time_average,,,missing_target_record,,,,,False
3,50,50,4,B_G2_time_average,,,missing_target_record,,,,,False
3,50,50,4,B_G2_minus_G1_time_average,,,missing_target_record,,,,,False
3,50,50,5,A_entry,,,missing_target_record,,,,,False
3,50,50,5,B_entry,,,missing_target_record,,,,,False
3,50,50,5,A_fixed_time_mean,,,missing_target_record,,,,,False
3,50,50,5,B_fixed_time_mean,,,missing_target_record,,,,,False
3,50,50,5,A_full_mean,,,missing_target_record,,,,,False
3,50,50,5,B_full_mean,,,missing_target_record,,,,,False
3,50,50,5,A_G1_fixed_time,,,missing_target_record,,,,,False
3,50,50,5,A_G2_fixed_time,,,missing_target_record,,,,,False
3,50,50,5,A_G2_minus_G1_fixed_time,,,missing_target_record,,,,,False
3,50,50,5,A_G1_time_average,,,missing_target_record,,,,,False
3,50,50,5,A_G2_time_average,,,missing_target_record,,,,,False
3,50,50,5,A_G2_minus_G1_time_average,,,missing_target_record,,,,,False
3,50,50,5,B_G1_fixed_time,,,missing_target_record,,,,,False
3,50,50,5,B_G2_fixed_time,,,missing_target_record,,,,,False
3,50,50,5,B_G2_minus_G1_fixed_time,,,missing_target_record,,,,,False
3,50,50,5,B_G1_time_average,,,missing_target_record,,,,,False
3,50,50,5,B_G2_time_average,,,missing_target_record,,,,,False
3,50,50,5,B_G2_minus_G1_time_average,,,missing_target_record,,,,,False
3,50,50,6,A_entry,,,missing_target_record,,,,,False
3,50,50,6,B_entry,,,missing_target_record,,,,,False
3,50,50,6,A_fixed_time_mean,,,missing_target_record,,,,,False
3,50,50,6,B_fixed_time_mean,,,missing_target_record,,,,,False
3,50,50,6,A_full_mean,,,missing_target_record,,,,,False
3,50,50,6,B_full_mean,,,missing_target_record,,,,,False
3,50,50,6,A_G1_fixed_time,,,missing_target_record,,,,,False
3,50,50,6,A_G2_fixed_time,,,missing_target_record,,,,,False
3,50,50,6,A_G2_minus_G1_fixed_time,,,missing_target_record,,,,,False
3,50,50,6,A_G1_time_average,,,missing_target_record,,,,,False
3,50,50,6,A_G2_time_average,,,missing_target_record,,,,,False
3,50,50,6,A_G2_minus_G1_time_average,,,missing_target_record,,,,,False
3,50,50,6,B_G1_fixed_time,,,missing_target_record,,,,,False
3,50,50,6,B_G2_fixed_time,,,missing_target_record,,,,,False
3,50,50,6,B_G2_minus_G1_fixed_time,,,missing_target_record,,,,,False
3,50,50,6,B_G1_time_average,,,missing_target_record,,,,,False
3,50,50,6,B_G2_time_average,,,missing_target_record,,,,,False
3,50,50,6,B_G2_minus_G1_time_average,,,missing_target_record,,,,,False
3,50,50,7,A_entry,,,missing_target_record,,,,,False
3,50,50,7,B_entry,,,missing_target_record,,,,,False
3,50,50,7,A_fixed_time_mean,,,missing_target_record,,,,,False
3,50,50,7,B_fixed_time_mean,,,missing_target_record,,,,,False
3,50,50,7,A_full_mean,,,missing_target_record,,,,,False
3,50,50,7,B_full_mean,,,missing_target_record,,,,,False
3,50,50,7,A_G1_fixed_time,,,missing_target_record,,,,,False
3,50,50,7,A_G2_fixed_time,,,missing_target_record,,,,,False
3,50,50,7,A_G2_minus_G1_fixed_time,,,missing_target_record,,,,,False
3,50,50,7,A_G1_time_average,,,missing_target_record,,,,,False
3,50,50,7,A_G2_time_average,,,missing_target_record,,,,,False
3,50,50,7,A_G2_minus_G1_time_average,,,missing_target_record,,,,,False
3,50,50,7,B_G1_fixed_time,,,missing_target_record,,,,,False
3,50,50,7,B_G2_fixed_time,,,missing_target_record,,,,,False
3,50,50,7,B_G2_minus_G1_fixed_time,,,missing_target_record,,,,,False
3,50,50,7,B_G1_time_average,,,missing_target_record,,,,,False
3,50,50,7,B_G2_time_average,,,missing_target_record,,,,,False
3,50,50,7,B_G2_minus_G1_time_average,,,missing_target_record,,,,,False
3,50,50,8,A_entry,,,missing_target_record,,,,,False
3,50,50,8,B_entry,,,missing_target_record,,,,,False
3,50,50,8,A_fixed_time_mean,,,missing_target_record,,,,,False
3,50,50,8,B_fixed_time_mean,,,missing_target_record,,,,,False
3,50,50,8,A_full_mean,,,missing_target_record,,,,,False
3,50,50,8,B_full_mean,,,missing_target_record,,,,,False
3,50,50,8,A_G1_fixed_time,,,missing_target_record,,,,,False
3,50,50,8,A_G2_fixed_time,,,missing_target_record,,,,,False
3,50,50,8,A_G2_minus_G1_fixed_time,,,missing_target_record,,,,,False
3,50,50,8,A_G1_time_average,,,missing_target_record,,,,,False
3,50,50,8,A_G2_time_average,,,missing_target_record,,,,,False
3,50,50,8,A_G2_minus_G1_time_average,,,missing_target_record,,,,,False
3,50,50,8,B_G1_fixed_time,,,missing_target_record,,,,,False
3,50,50,8,B_G2_fixed_time,,,missing_target_record,,,,,False
3,50,50,8,B_G2_minus_G1_fixed_time,,,missing_target_record,,,,,False
3,50,50,8,B_G1_time_average,,,missing_target_record,,,,,False
3,50,50,8,B_G2_time_average,,,missing_target_record,,,,,False
3,50,50,8,B_G2_minus_G1_time_average,,,missing_target_record,,,,,False
3,50,50,9,A_entry,,,missing_target_record,,,,,False
3,50,50,9,B_entry,,,missing_target_record,,,,,False
3,50,50,9,A_fixed_time_mean,,,missing_target_record,,,,,False
3,50,50,9,B_fixed_time_mean,,,missing_target_record,,,,,False
3,50,50,9,A_full_mean,,,missing_target_record,,,,,False
3,50,50,9,B_full_mean,,,missing_target_record,,,,,False
3,50,50,9,A_G1_fixed_time,,,missing_target_record,,,,,False
3,50,50,9,A_G2_fixed_time,,,missing_target_record,,,,,False
3,50,50,9,A_G2_minus_G1_fixed_time,,,missing_target_record,,,,,False
3,50,50,9,A_G1_time_average,,,missing_target_record,,,,,False
3,50,50,9,A_G2_time_average,,,missing_target_record,,,,,False
3,50,50,9,A_G2_minus_G1_time_average,,,missing_target_record,,,,,False
3,50,50,9,B_G1_fixed_time,,,missing_target_record,,,,,False
3,50,50,9,B_G2_fixed_time,,,missing_target_record,,,,,False
3,50,50,9,B_G2_minus_G1_fixed_time,,,missing_target_record,,,,,False
3,50,50,9,B_G1_time_average,,,missing_target_record,,,,,False
3,50,50,9,B_G2_time_average,,,missing_target_record,,,,,False
3,50,50,9,B_G2_minus_G1_time_average,,,missing_target_record,,,,,False
3,50,50,10,A_entry,,,missing_target_record,,,,,False
3,50,50,10,B_entry,,,missing_target_record,,,,,False
3,50,50,10,A_fixed_time_mean,,,missing_target_record,,,,,False
3,50,50,10,B_fixed_time_mean,,,missing_target_record,,,,,False
3,50,50,10,A_full_mean,,,missing_target_record,,,,,False
3,50,50,10,B_full_mean,,,missing_target_record,,,,,False
3,50,50,10,A_G1_fixed_time,,,missing_target_record,,,,,False
3,50,50,10,A_G2_fixed_time,,,missing_target_record,,,,,False
3,50,50,10,A_G2_minus_G1_fixed_time,,,missing_target_record,,,,,False
3,50,50,10,A_G1_time_average,,,missing_target_record,,,,,False
3,50,50,10,A_G2_time_average,,,missing_target_record,,,,,False
3,50,50,10,A_G2_minus_G1_time_average,,,missing_target_record,,,,,False
3,50,50,10,B_G1_fixed_time,,,missing_target_record,,,,,False
3,50,50,10,B_G2_fixed_time,,,missing_target_record,,,,,False
3,50,50,10,B_G2_minus_G1_fixed_time,,,missing_target_record,,,,,False
3,50,50,10,B_G1_time_average,,,missing_target_record,,,,,False
3,50,50,10,B_G2_time_average,,,missing_target_record,,,,,False
3,50,50,10,B_G2_minus_G1_time_average,,,missing_target_record,,,,,False
3,50,50,11,A_entry,,,missing_target_record,,,,,False
3,50,50,11,B_entry,,,missing_target_record,,,,,False
3,50,50,11,A_fixed_time_mean,,,missing_target_record,,,,,False
3,50,50,11,B_fixed_time_mean,,,missing_target_record,,,,,False
3,50,50,11,A_full_mean,,,missing_target_record,,,,,False
3,50,50,11,B_full_mean,,,missing_target_record,,,,,False
3,50,50,11,A_G1_fixed_time,,,missing_target_record,,,,,False
3,50,50,11,A_G2_fixed_time,,,missing_target_record,,,,,False
3,50,50,11,A_G2_minus_G1_fixed_time,,,missing_target_record,,,,,False
3,50,50,11,A_G1_time_average,,,missing_target_record,,,,,False
3,50,50,11,A_G2_time_average,,,missing_target_record,,,,,False
3,50,50,11,A_G2_minus_G1_time_average,,,missing_target_record,,,,,False
3,50,50,11,B_G1_fixed_time,,,missing_target_record,,,,,False
3,50,50,11,B_G2_fixed_time,,,missing_target_record,,,,,False
3,50,50,11,B_G2_minus_G1_fixed_time,,,missing_target_record,,,,,False
3,50,50,11,B_G1_time_average,,,missing_target_record,,,,,False
3,50,50,11,B_G2_time_average,,,missing_target_record,,,,,False
3,50,50,11,B_G2_minus_G1_time_average,,,missing_target_record,,,,,False
3,50,50,12,A_entry,,,missing_target_record,,,,,False
3,50,50,12,B_entry,,,missing_target_record,,,,,False
3,50,50,12,A_fixed_time_mean,,,missing_target_record,,,,,False
3,50,50,12,B_fixed_time_mean,,,missing_target_record,,,,,False
3,50,50,12,A_full_mean,,,missing_target_record,,,,,False
3,50,50,12,B_full_mean,,,missing_target_record,,,,,False
3,50,50,12,A_G1_fixed_time,,,missing_target_record,,,,,False
3,50,50,12,A_G2_fixed_time,,,missing_target_record,,,,,False
3,50,50,12,A_G2_minus_G1_fixed_time,,,missing_target_record,,,,,False
3,50,50,12,A_G1_time_average,,,missing_target_record,,,,,False
3,50,50,12,A_G2_time_average,,,missing_target_record,,,,,False
3,50,50,12,A_G2_minus_G1_time_average,,,missing_target_record,,,,,False
3,50,50,12,B_G1_fixed_time,,,missing_target_record,,,,,False
3,50,50,12,B_G2_fixed_time,,,missing_target_record,,,,,False
3,50,50,12,B_G2_minus_G1_fixed_time,,,missing_target_record,,,,,False
3,50,50,12,B_G1_time_average,,,missing_target_record,,,,,False
3,50,50,12,B_G2_time_average,,,missing_target_record,,,,,False
3,50,50,12,B_G2_minus_G1_time_average,,,missing_target_record,,,,,False
3,50,50,13,A_entry,,,missing_target_record,,,,,False
3,50,50,13,B_entry,,,missing_target_record,,,,,False
3,50,50,13,A_fixed_time_mean,,,missing_target_record,,,,,False
3,50,50,13,B_fixed_time_mean,,,missing_target_record,,,,,False
3,50,50,13,A_full_mean,,,missing_target_record,,,,,False
3,50,50,13,B_full_mean,,,missing_target_record,,,,,False
3,50,50,13,A_G1_fixed_time,,,missing_target_record,,,,,False
3,50,50,13,A_G2_fixed_time,,,missing_target_record,,,,,False
3,50,50,13,A_G2_minus_G1_fixed_time,,,missing_target_record,,,,,False
3,50,50,13,A_G1_time_average,,,missing_target_record,,,,,False
3,50,50,13,A_G2_time_average,,,missing_target_record,,,,,False
3,50,50,13,A_G2_minus_G1_time_average,,,missing_target_record,,,,,False
3,50,50,13,B_G1_fixed_time,,,missing_target_record,,,,,False
3,50,50,13,B_G2_fixed_time,,,missing_target_record,,,,,False
3,50,50,13,B_G2_minus_G1_fixed_time,,,missing_target_record,,,,,False
3,50,50,13,B_G1_time_average,,,missing_target_record,,,,,False
3,50,50,13,B_G2_time_average,,,missing_target_record,,,,,False
3,50,50,13,B_G2_minus_G1_time_average,,,missing_target_record,,,,,False
3,50,50,14,A_entry,,,missing_target_record,,,,,False
3,50,50,14,B_entry,,,missing_target_record,,,,,False
3,50,50,14,A_fixed_time_mean,,,missing_target_record,,,,,False
3,50,50,14,B_fixed_time_mean,,,missing_target_record,,,,,False
3,50,50,14,A_full_mean,,,missing_target_record,,,,,False
3,50,50,14,B_full_mean,,,missing_target_record,,,,,False
3,50,50,14,A_G1_fixed_time,,,missing_target_record,,,,,False
3,50,50,14,A_G2_fixed_time,,,missing_target_record,,,,,False
3,50,50,14,A_G2_minus_G1_fixed_time,,,missing_target_record,,,,,False
3,50,50,14,A_G1_time_average,,,missing_target_record,,,,,False
3,50,50,14,A_G2_time_average,,,missing_target_record,,,,,False
3,50,50,14,A_G2_minus_G1_time_average,,,missing_target_record,,,,,False
3,50,50,14,B_G1_fixed_time,,,missing_target_record,,,,,False
3,50,50,14,B_G2_fixed_time,,,missing_target_record,,,,,False
3,50,50,14,B_G2_minus_G1_fixed_time,,,missing_target_record,,,,,False
3,50,50,14,B_G1_time_average,,,missing_target_record,,,,,False
3,50,50,14,B_G2_time_average,,,missing_target_record,,,,,False
3,50,50,14,B_G2_minus_G1_time_average,,,missing_target_record,,,,,False
3,50,50,15,A_entry,,,missing_target_record,,,,,False
3,50,50,15,B_entry,,,missing_target_record,,,,,False
3,50,50,15,A_fixed_time_mean,,,missing_target_record,,,,,False
3,50,50,15,B_fixed_time_mean,,,missing_target_record,,,,,False
3,50,50,15,A_full_mean,,,missing_target_record,,,,,False
3,50,50,15,B_full_mean,,,missing_target_record,,,,,False
3,50,50,15,A_G1_fixed_time,,,missing_target_record,,,,,False
3,50,50,15,A_G2_fixed_time,,,missing_target_record,,,,,False
3,50,50,15,A_G2_minus_G1_fixed_time,,,missing_target_record,,,,,False
3,50,50,15,A_G1_time_average,,,missing_target_record,,,,,False
3,50,50,15,A_G2_time_average,,,missing_target_record,,,,,False
3,50,50,15,A_G2_minus_G1_time_average,,,missing_target_record,,,,,False
3,50,50,15,B_G1_fixed_time,,,missing_target_record,,,,,False
3,50,50,15,B_G2_fixed_time,,,missing_target_record,,,,,False
3,50,50,15,B_G2_minus_G1_fixed_time,,,missing_target_record,,,,,False
3,50,50,15,B_G1_time_average,,,missing_target_record,,,,,False
3,50,50,15,B_G2_time_average,,,missing_target_record,,,,,False
3,50,50,15,B_G2_minus_G1_time_average,,,missing_target_record,,,,,False
3,50,50,16,A_entry,,,missing_target_record,,,,,False
3,50,50,16,B_entry,,,missing_target_record,,,,,False
3,50,50,16,A_fixed_time_mean,,,missing_target_record,,,,,False
3,50,50,16,B_fixed_time_mean,,,missing_target_record,,,,,False
3,50,50,16,A_full_mean,,,missing_target_record,,,,,False
3,50,50,16,B_full_mean,,,missing_target_record,,,,,False
3,50,50,16,A_G1_fixed_time,,,missing_target_record,,,,,False
3,50,50,16,A_G2_fixed_time,,,missing_target_record,,,,,False
3,50,50,16,A_G2_minus_G1_fixed_time,,,missing_target_record,,,,,False
3,50,50,16,A_G1_time_average,,,missing_target_record,,,,,False
3,50,50,16,A_G2_time_average,,,missing_target_record,,,,,False
3,50,50,16,A_G2_minus_G1_time_average,,,missing_target_record,,,,,False
3,50,50,16,B_G1_fixed_time,,,missing_target_record,,,,,False
3,50,50,16,B_G2_fixed_time,,,missing_target_record,,,,,False
3,50,50,16,B_G2_minus_G1_fixed_time,,,missing_target_record,,,,,False
3,50,50,16,B_G1_time_average,,,missing_target_record,,,,,False
3,50,50,16,B_G2_time_average,,,missing_target_record,,,,,False
3,50,50,16,B_G2_minus_G1_time_average,,,missing_target_record,,,,,False
3,50,50,17,A_entry,,,missing_target_record,,,,,False
3,50,50,17,B_entry,,,missing_target_record,,,,,False
3,50,50,17,A_fixed_time_mean,,,missing_target_record,,,,,False
3,50,50,17,B_fixed_time_mean,,,missing_target_record,,,,,False
3,50,50,17,A_full_mean,,,missing_target_record,,,,,False
3,50,50,17,B_full_mean,,,missing_target_record,,,,,False
3,50,50,17,A_G1_fixed_time,,,missing_target_record,,,,,False
3,50,50,17,A_G2_fixed_time,,,missing_target_record,,,,,False
3,50,50,17,A_G2_minus_G1_fixed_time,,,missing_target_record,,,,,False
3,50,50,17,A_G1_time_average,,,missing_target_record,,,,,False
3,50,50,17,A_G2_time_average,,,missing_target_record,,,,,False
3,50,50,17,A_G2_minus_G1_time_average,,,missing_target_record,,,,,False
3,50,50,17,B_G1_fixed_time,,,missing_target_record,,,,,False
3,50,50,17,B_G2_fixed_time,,,missing_target_record,,,,,False
3,50,50,17,B_G2_minus_G1_fixed_time,,,missing_target_record,,,,,False
3,50,50,17,B_G1_time_average,,,missing_target_record,,,,,False
3,50,50,17,B_G2_time_average,,,missing_target_record,,,,,False
3,50,50,17,B_G2_minus_G1_time_average,,,missing_target_record,,,,,False
3,50,50,18,A_entry,,,missing_target_record,,,,,False
3,50,50,18,B_entry,,,missing_target_record,,,,,False
3,50,50,18,A_fixed_time_mean,,,missing_target_record,,,,,False
3,50,50,18,B_fixed_time_mean,,,missing_target_record,,,,,False
3,50,50,18,A_full_mean,,,missing_target_record,,,,,False
3,50,50,18,B_full_mean,,,missing_target_record,,,,,False
3,50,50,18,A_G1_fixed_time,,,missing_target_record,,,,,False
3,50,50,18,A_G2_fixed_time,,,missing_target_record,,,,,False
3,50,50,18,A_G2_minus_G1_fixed_time,,,missing_target_record,,,,,False
3,50,50,18,A_G1_time_average,,,missing_target_record,,,,,False
3,50,50,18,A_G2_time_average,,,missing_target_record,,,,,False
3,50,50,18,A_G2_minus_G1_time_average,,,missing_target_record,,,,,False
3,50,50,18,B_G1_fixed_time,,,missing_target_record,,,,,False
3,50,50,18,B_G2_fixed_time,,,missing_target_record,,,,,False
3,50,50,18,B_G2_minus_G1_fixed_time,,,missing_target_record,,,,,False
3,50,50,18,B_G1_time_average,,,missing_target_record,,,,,False
3,50,50,18,B_G2_time_average,,,missing_target_record,,,,,False
3,50,50,18,B_G2_minus_G1_time_average,,,missing_target_record,,,,,False
3,50,50,19,A_entry,,,missing_target_record,,,,,False
3,50,50,19,B_entry,,,missing_target_record,,,,,False
3,50,50,19,A_fixed_time_mean,,,missing_target_record,,,,,False
3,50,50,19,B_fixed_time_mean,,,missing_target_record,,,,,False
3,50,50,19,A_full_mean,,,missing_target_record,,,,,False
3,50,50,19,B_full_mean,,,missing_target_record,,,,,False
3,50,50,19,A_G1_fixed_time,,,missing_target_record,,,,,False
3,50,50,19,A_G2_fixed_time,,,missing_target_record,,,,,False
3,50,50,19,A_G2_minus_G1_fixed_time,,,missing_target_record,,,,,False
3,50,50,19,A_G1_time_average,,,missing_target_record,,,,,False
3,50,50,19,A_G2_time_average,,,missing_target_record,,,,,False
3,50,50,19,A_G2_minus_G1_time_average,,,missing_target_record,,,,,False
3,50,50,19,B_G1_fixed_time,,,missing_target_record,,,,,False
3,50,50,19,B_G2_fixed_time,,,missing_target_record,,,,,False
3,50,50,19,B_G2_minus_G1_fixed_time,,,missing_target_record,,,,,False
3,50,50,19,B_G1_time_average,,,missing_target_record,,,,,False
3,50,50,19,B_G2_time_average,,,missing_target_record,,,,,False
3,50,50,19,B_G2_minus_G1_time_average,,,missing_target_record,,,,,False
3,50,50,20,A_entry,,,missing_target_record,,,,,False
3,50,50,20,B_entry,,,missing_target_record,,,,,False
3,50,50,20,A_fixed_time_mean,,,missing_target_record,,,,,False
3,50,50,20,B_fixed_time_mean,,,missing_target_record,,,,,False
3,50,50,20,A_full_mean,,,missing_target_record,,,,,False
3,50,50,20,B_full_mean,,,missing_target_record,,,,,False
3,50,50,20,A_G1_fixed_time,,,missing_target_record,,,,,False
3,50,50,20,A_G2_fixed_time,,,missing_target_record,,,,,False
3,50,50,20,A_G2_minus_G1_fixed_time,,,missing_target_record,,,,,False
3,50,50,20,A_G1_time_average,,,missing_target_record,,,,,False
3,50,50,20,A_G2_time_average,,,missing_target_record,,,,,False
3,50,50,20,A_G2_minus_G1_time_average,,,missing_target_record,,,,,False
3,50,50,20,B_G1_fixed_time,,,missing_target_record,,,,,False
3,50,50,20,B_G2_fixed_time,,,missing_target_record,,,,,False
3,50,50,20,B_G2_minus_G1_fixed_time,,,missing_target_record,,,,,False
3,50,50,20,B_G1_time_average,,,missing_target_record,,,,,False
3,50,50,20,B_G2_time_average,,,missing_target_record,,,,,False
3,50,50,20,B_G2_minus_G1_time_average,,,missing_target_record,,,,,False
3,50,50,21,A_entry,,,missing_target_record,,,,,False
3,50,50,21,B_entry,,,missing_target_record,,,,,False
3,50,50,21,A_fixed_time_mean,,,missing_target_record,,,,,False
3,50,50,21,B_fixed_time_mean,,,missing_target_record,,,,,False
3,50,50,21,A_full_mean,,,missing_target_record,,,,,False
3,50,50,21,B_full_mean,,,missing_target_record,,,,,False
3,50,50,21,A_G1_fixed_time,,,missing_target_record,,,,,False
3,50,50,21,A_G2_fixed_time,,,missing_target_record,,,,,False
3,50,50,21,A_G2_minus_G1_fixed_time,,,missing_target_record,,,,,False
3,50,50,21,A_G1_time_average,,,missing_target_record,,,,,False
3,50,50,21,A_G2_time_average,,,missing_target_record,,,,,False
3,50,50,21,A_G2_minus_G1_time_average,,,missing_target_record,,,,,False
3,50,50,21,B_G1_fixed_time,,,missing_target_record,,,,,False
3,50,50,21,B_G2_fixed_time,,,missing_target_record,,,,,False
3,50,50,21,B_G2_minus_G1_fixed_time,,,missing_target_record,,,,,False
3,50,50,21,B_G1_time_average,,,missing_target_record,,,,,False
3,50,50,21,B_G2_time_average,,,missing_target_record,,,,,False
3,50,50,21,B_G2_minus_G1_time_average,,,missing_target_record,,,,,False
3,50,50,22,A_entry,,,missing_target_record,,,,,False
3,50,50,22,B_entry,,,missing_target_record,,,,,False
3,50,50,22,A_fixed_time_mean,,,missing_target_record,,,,,False
3,50,50,22,B_fixed_time_mean,,,missing_target_record,,,,,False
3,50,50,22,A_full_mean,,,missing_target_record,,,,,False
3,50,50,22,B_full_mean,,,missing_target_record,,,,,False
3,50,50,22,A_G1_fixed_time,,,missing_target_record,,,,,False
3,50,50,22,A_G2_fixed_time,,,missing_target_record,,,,,False
3,50,50,22,A_G2_minus_G1_fixed_time,,,missing_target_record,,,,,False
3,50,50,22,A_G1_time_average,,,missing_target_record,,,,,False
3,50,50,22,A_G2_time_average,,,missing_target_record,,,,,False
3,50,50,22,A_G2_minus_G1_time_average,,,missing_target_record,,,,,False
3,50,50,22,B_G1_fixed_time,,,missing_target_record,,,,,False
3,50,50,22,B_G2_fixed_time,,,missing_target_record,,,,,False
3,50,50,22,B_G2_minus_G1_fixed_time,,,missing_target_record,,,,,False
3,50,50,22,B_G1_time_average,,,missing_target_record,,,,,False
3,50,50,22,B_G2_time_average,,,missing_target_record,,,,,False
3,50,50,22,B_G2_minus_G1_time_average,,,missing_target_record,,,,,False
3,50,50,23,A_entry,,,missing_target_record,,,,,False
3,50,50,23,B_entry,,,missing_target_record,,,,,False
3,50,50,23,A_fixed_time_mean,,,missing_target_record,,,,,False
3,50,50,23,B_fixed_time_mean,,,missing_target_record,,,,,False
3,50,50,23,A_full_mean,,,missing_target_record,,,,,False
3,50,50,23,B_full_mean,,,missing_target_record,,,,,False
3,50,50,23,A_G1_fixed_time,,,missing_target_record,,,,,False
3,50,50,23,A_G2_fixed_time,,,missing_target_record,,,,,False
3,50,50,23,A_G2_minus_G1_fixed_time,,,missing_target_record,,,,,False
3,50,50,23,A_G1_time_average,,,missing_target_record,,,,,False
3,50,50,23,A_G2_time_average,,,missing_target_record,,,,,False
3,50,50,23,A_G2_minus_G1_time_average,,,missing_target_record,,,,,False
3,50,50,23,B_G1_fixed_time,,,missing_target_record,,,,,False
3,50,50,23,B_G2_fixed_time,,,missing_target_record,,,,,False
3,50,50,23,B_G2_minus_G1_fixed_time,,,missing_target_record,,,,,False
3,50,50,23,B_G1_time_average,,,missing_target_record,,,,,False
3,50,50,23,B_G2_time_average,,,missing_target_record,,,,,False
3,50,50,23,B_G2_minus_G1_time_average,,,missing_target_record,,,,,False
3,50,50,24,A_entry,,,missing_target_record,,,,,False
3,50,50,24,B_entry,,,missing_target_record,,,,,False
3,50,50,24,A_fixed_time_mean,,,missing_target_record,,,,,False
3,50,50,24,B_fixed_time_mean,,,missing_target_record,,,,,False
3,50,50,24,A_full_mean,,,missing_target_record,,,,,False
3,50,50,24,B_full_mean,,,missing_target_record,,,,,False
3,50,50,24,A_G1_fixed_time,,,missing_target_record,,,,,False
3,50,50,24,A_G2_fixed_time,,,missing_target_record,,,,,False
3,50,50,24,A_G2_minus_G1_fixed_time,,,missing_target_record,,,,,False
3,50,50,24,A_G1_time_average,,,missing_target_record,,,,,False
3,50,50,24,A_G2_time_average,,,missing_target_record,,,,,False
3,50,50,24,A_G2_minus_G1_time_average,,,missing_target_record,,,,,False
3,50,50,24,B_G1_fixed_time,,,missing_target_record,,,,,False
3,50,50,24,B_G2_fixed_time,,,missing_target_record,,,,,False
3,50,50,24,B_G2_minus_G1_fixed_time,,,missing_target_record,,,,,False
3,50,50,24,B_G1_time_average,,,missing_target_record,,,,,False
3,50,50,24,B_G2_time_average,,,missing_target_record,,,,,False
3,50,50,24,B_G2_minus_G1_time_average,,,missing_target_record,,,,,False
3,50,50,25,A_entry,,,missing_target_record,,,,,False
3,50,50,25,B_entry,,,missing_target_record,,,,,False
3,50,50,25,A_fixed_time_mean,,,missing_target_record,,,,,False
3,50,50,25,B_fixed_time_mean,,,missing_target_record,,,,,False
3,50,50,25,A_full_mean,,,missing_target_record,,,,,False
3,50,50,25,B_full_mean,,,missing_target_record,,,,,False
3,50,50,25,A_G1_fixed_time,,,missing_target_record,,,,,False
3,50,50,25,A_G2_fixed_time,,,missing_target_record,,,,,False
3,50,50,25,A_G2_minus_G1_fixed_time,,,missing_target_record,,,,,False
3,50,50,25,A_G1_time_average,,,missing_target_record,,,,,False
3,50,50,25,A_G2_time_average,,,missing_target_record,,,,,False
3,50,50,25,A_G2_minus_G1_time_average,,,missing_target_record,,,,,False
3,50,50,25,B_G1_fixed_time,,,missing_target_record,,,,,False
3,50,50,25,B_G2_fixed_time,,,missing_target_record,,,,,False
3,50,50,25,B_G2_minus_G1_fixed_time,,,missing_target_record,,,,,False
3,50,50,25,B_G1_time_average,,,missing_target_record,,,,,False
3,50,50,25,B_G2_time_average,,,missing_target_record,,,,,False
3,50,50,25,B_G2_minus_G1_time_average,,,missing_target_record,,,,,False
3,50,50,26,A_entry,,,missing_target_record,,,,,False
3,50,50,26,B_entry,,,missing_target_record,,,,,False
3,50,50,26,A_fixed_time_mean,,,missing_target_record,,,,,False
3,50,50,26,B_fixed_time_mean,,,missing_target_record,,,,,False
3,50,50,26,A_full_mean,,,missing_target_record,,,,,False
3,50,50,26,B_full_mean,,,missing_target_record,,,,,False
3,50,50,26,A_G1_fixed_time,,,missing_target_record,,,,,False
3,50,50,26,A_G2_fixed_time,,,missing_target_record,,,,,False
3,50,50,26,A_G2_minus_G1_fixed_time,,,missing_target_record,,,,,False
3,50,50,26,A_G1_time_average,,,missing_target_record,,,,,False
3,50,50,26,A_G2_time_average,,,missing_target_record,,,,,False
3,50,50,26,A_G2_minus_G1_time_average,,,missing_target_record,,,,,False
3,50,50,26,B_G1_fixed_time,,,missing_target_record,,,,,False
3,50,50,26,B_G2_fixed_time,,,missing_target_record,,,,,False
3,50,50,26,B_G2_minus_G1_fixed_time,,,missing_target_record,,,,,False
3,50,50,26,B_G1_time_average,,,missing_target_record,,,,,False
3,50,50,26,B_G2_time_average,,,missing_target_record,,,,,False
3,50,50,26,B_G2_minus_G1_time_average,,,missing_target_record,,,,,False
3,50,50,27,A_entry,,,missing_target_record,,,,,False
3,50,50,27,B_entry,,,missing_target_record,,,,,False
3,50,50,27,A_fixed_time_mean,,,missing_target_record,,,,,False
3,50,50,27,B_fixed_time_mean,,,missing_target_record,,,,,False
3,50,50,27,A_full_mean,,,missing_target_record,,,,,False
3,50,50,27,B_full_mean,,,missing_target_record,,,,,False
3,50,50,27,A_G1_fixed_time,,,missing_target_record,,,,,False
3,50,50,27,A_G2_fixed_time,,,missing_target_record,,,,,False
3,50,50,27,A_G2_minus_G1_fixed_time,,,missing_target_record,,,,,False
3,50,50,27,A_G1_time_average,,,missing_target_record,,,,,False
3,50,50,27,A_G2_time_average,,,missing_target_record,,,,,False
3,50,50,27,A_G2_minus_G1_time_average,,,missing_target_record,,,,,False
3,50,50,27,B_G1_fixed_time,,,missing_target_record,,,,,False
3,50,50,27,B_G2_fixed_time,,,missing_target_record,,,,,False
3,50,50,27,B_G2_minus_G1_fixed_time,,,missing_target_record,,,,,False
3,50,50,27,B_G1_time_average,,,missing_target_record,,,,,False
3,50,50,27,B_G2_time_average,,,missing_target_record,,,,,False
3,50,50,27,B_G2_minus_G1_time_average,,,missing_target_record,,,,,False
3,50,50,28,A_entry,,,missing_target_record,,,,,False
3,50,50,28,B_entry,,,missing_target_record,,,,,False
3,50,50,28,A_fixed_time_mean,,,missing_target_record,,,,,False
3,50,50,28,B_fixed_time_mean,,,missing_target_record,,,,,False
3,50,50,28,A_full_mean,,,missing_target_record,,,,,False
3,50,50,28,B_full_mean,,,missing_target_record,,,,,False
3,50,50,28,A_G1_fixed_time,,,missing_target_record,,,,,False
3,50,50,28,A_G2_fixed_time,,,missing_target_record,,,,,False
3,50,50,28,A_G2_minus_G1_fixed_time,,,missing_target_record,,,,,False
3,50,50,28,A_G1_time_average,,,missing_target_record,,,,,False
3,50,50,28,A_G2_time_average,,,missing_target_record,,,,,False
3,50,50,28,A_G2_minus_G1_time_average,,,missing_target_record,,,,,False
3,50,50,28,B_G1_fixed_time,,,missing_target_record,,,,,False
3,50,50,28,B_G2_fixed_time,,,missing_target_record,,,,,False
3,50,50,28,B_G2_minus_G1_fixed_time,,,missing_target_record,,,,,False
3,50,50,28,B_G1_time_average,,,missing_target_record,,,,,False
3,50,50,28,B_G2_time_average,,,missing_target_record,,,,,False
3,50,50,28,B_G2_minus_G1_time_average,,,missing_target_record,,,,,False
3,50,50,29,A_entry,,,missing_target_record,,,,,False
3,50,50,29,B_entry,,,missing_target_record,,,,,False
3,50,50,29,A_fixed_time_mean,,,missing_target_record,,,,,False
3,50,50,29,B_fixed_time_mean,,,missing_target_record,,,,,False
3,50,50,29,A_full_mean,,,missing_target_record,,,,,False
3,50,50,29,B_full_mean,,,missing_target_record,,,,,False
3,50,50,29,A_G1_fixed_time,,,missing_target_record,,,,,False
3,50,50,29,A_G2_fixed_time,,,missing_target_record,,,,,False
3,50,50,29,A_G2_minus_G1_fixed_time,,,missing_target_record,,,,,False
3,50,50,29,A_G1_time_average,,,missing_target_record,,,,,False
3,50,50,29,A_G2_time_average,,,missing_target_record,,,,,False
3,50,50,29,A_G2_minus_G1_time_average,,,missing_target_record,,,,,False
3,50,50,29,B_G1_fixed_time,,,missing_target_record,,,,,False
3,50,50,29,B_G2_fixed_time,,,missing_target_record,,,,,False
3,50,50,29,B_G2_minus_G1_fixed_time,,,missing_target_record,,,,,False
3,50,50,29,B_G1_time_average,,,missing_target_record,,,,,False
3,50,50,29,B_G2_time_average,,,missing_target_record,,,,,False
3,50,50,29,B_G2_minus_G1_time_average,,,missing_target_record,,,,,False
3,50,50,30,A_entry,,,missing_target_record,,,,,False
3,50,50,30,B_entry,,,missing_target_record,,,,,False
3,50,50,30,A_fixed_time_mean,,,missing_target_record,,,,,False
3,50,50,30,B_fixed_time_mean,,,missing_target_record,,,,,False
3,50,50,30,A_full_mean,,,missing_target_record,,,,,False
3,50,50,30,B_full_mean,,,missing_target_record,,,,,False
3,50,50,30,A_G1_fixed_time,,,missing_target_record,,,,,False
3,50,50,30,A_G2_fixed_time,,,missing_target_record,,,,,False
3,50,50,30,A_G2_minus_G1_fixed_time,,,missing_target_record,,,,,False
3,50,50,30,A_G1_time_average,,,missing_target_record,,,,,False
3,50,50,30,A_G2_time_average,,,missing_target_record,,,,,False
3,50,50,30,A_G2_minus_G1_time_average,,,missing_target_record,,,,,False
3,50,50,30,B_G1_fixed_time,,,missing_target_record,,,,,False
3,50,50,30,B_G2_fixed_time,,,missing_target_record,,,,,False
3,50,50,30,B_G2_minus_G1_fixed_time,,,missing_target_record,,,,,False
3,50,50,30,B_G1_time_average,,,missing_target_record,,,,,False
3,50,50,30,B_G2_time_average,,,missing_target_record,,,,,False
3,50,50,30,B_G2_minus_G1_time_average,,,missing_target_record,,,,,False
3,50,50,31,A_entry,,,missing_target_record,,,,,False
3,50,50,31,B_entry,,,missing_target_record,,,,,False
3,50,50,31,A_fixed_time_mean,,,missing_target_record,,,,,False
3,50,50,31,B_fixed_time_mean,,,missing_target_record,,,,,False
3,50,50,31,A_full_mean,,,missing_target_record,,,,,False
3,50,50,31,B_full_mean,,,missing_target_record,,,,,False
3,50,50,31,A_G1_fixed_time,,,missing_target_record,,,,,False
3,50,50,31,A_G2_fixed_time,,,missing_target_record,,,,,False
3,50,50,31,A_G2_minus_G1_fixed_time,,,missing_target_record,,,,,False
3,50,50,31,A_G1_time_average,,,missing_target_record,,,,,False
3,50,50,31,A_G2_time_average,,,missing_target_record,,,,,False
3,50,50,31,A_G2_minus_G1_time_average,,,missing_target_record,,,,,False
3,50,50,31,B_G1_fixed_time,,,missing_target_record,,,,,False
3,50,50,31,B_G2_fixed_time,,,missing_target_record,,,,,False
3,50,50,31,B_G2_minus_G1_fixed_time,,,missing_target_record,,,,,False
3,50,50,31,B_G1_time_average,,,missing_target_record,,,,,False
3,50,50,31,B_G2_time_average,,,missing_target_record,,,,,False
3,50,50,31,B_G2_minus_G1_time_average,,,missing_target_record,,,,,False
3,50,50,32,A_entry,,,missing_target_record,,,,,False
3,50,50,32,B_entry,,,missing_target_record,,,,,False
3,50,50,32,A_fixed_time_mean,,,missing_target_record,,,,,False
3,50,50,32,B_fixed_time_mean,,,missing_target_record,,,,,False
3,50,50,32,A_full_mean,,,missing_target_record,,,,,False
3,50,50,32,B_full_mean,,,missing_target_record,,,,,False
3,50,50,32,A_G1_fixed_time,,,missing_target_record,,,,,False
3,50,50,32,A_G2_fixed_time,,,missing_target_record,,,,,False
3,50,50,32,A_G2_minus_G1_fixed_time,,,missing_target_record,,,,,False
3,50,50,32,A_G1_time_average,,,missing_target_record,,,,,False
3,50,50,32,A_G2_time_average,,,missing_target_record,,,,,False
3,50,50,32,A_G2_minus_G1_time_average,,,missing_target_record,,,,,False
3,50,50,32,B_G1_fixed_time,,,missing_target_record,,,,,False
3,50,50,32,B_G2_fixed_time,,,missing_target_record,,,,,False
3,50,50,32,B_G2_minus_G1_fixed_time,,,missing_target_record,,,,,False
3,50,50,32,B_G1_time_average,,,missing_target_record,,,,,False
3,50,50,32,B_G2_time_average,,,missing_target_record,,,,,False
3,50,50,32,B_G2_minus_G1_time_average,,,missing_target_record,,,,,False
3,50,50,33,A_entry,,,missing_target_record,,,,,False
3,50,50,33,B_entry,,,missing_target_record,,,,,False
3,50,50,33,A_fixed_time_mean,,,missing_target_record,,,,,False
3,50,50,33,B_fixed_time_mean,,,missing_target_record,,,,,False
3,50,50,33,A_full_mean,,,missing_target_record,,,,,False
3,50,50,33,B_full_mean,,,missing_target_record,,,,,False
3,50,50,33,A_G1_fixed_time,,,missing_target_record,,,,,False
3,50,50,33,A_G2_fixed_time,,,missing_target_record,,,,,False
3,50,50,33,A_G2_minus_G1_fixed_time,,,missing_target_record,,,,,False
3,50,50,33,A_G1_time_average,,,missing_target_record,,,,,False
3,50,50,33,A_G2_time_average,,,missing_target_record,,,,,False
3,50,50,33,A_G2_minus_G1_time_average,,,missing_target_record,,,,,False
3,50,50,33,B_G1_fixed_time,,,missing_target_record,,,,,False
3,50,50,33,B_G2_fixed_time,,,missing_target_record,,,,,False
3,50,50,33,B_G2_minus_G1_fixed_time,,,missing_target_record,,,,,False
3,50,50,33,B_G1_time_average,,,missing_target_record,,,,,False
3,50,50,33,B_G2_time_average,,,missing_target_record,,,,,False
3,50,50,33,B_G2_minus_G1_time_average,,,missing_target_record,,,,,False
3,50,50,34,A_entry,,,missing_target_record,,,,,False
3,50,50,34,B_entry,,,missing_target_record,,,,,False
3,50,50,34,A_fixed_time_mean,,,missing_target_record,,,,,False
3,50,50,34,B_fixed_time_mean,,,missing_target_record,,,,,False
3,50,50,34,A_full_mean,,,missing_target_record,,,,,False
3,50,50,34,B_full_mean,,,missing_target_record,,,,,False
3,50,50,34,A_G1_fixed_time,,,missing_target_record,,,,,False
3,50,50,34,A_G2_fixed_time,,,missing_target_record,,,,,False
3,50,50,34,A_G2_minus_G1_fixed_time,,,missing_target_record,,,,,False
3,50,50,34,A_G1_time_average,,,missing_target_record,,,,,False
3,50,50,34,A_G2_time_average,,,missing_target_record,,,,,False
3,50,50,34,A_G2_minus_G1_time_average,,,missing_target_record,,,,,False
3,50,50,34,B_G1_fixed_time,,,missing_target_record,,,,,False
3,50,50,34,B_G2_fixed_time,,,missing_target_record,,,,,False
3,50,50,34,B_G2_minus_G1_fixed_time,,,missing_target_record,,,,,False
3,50,50,34,B_G1_time_average,,,missing_target_record,,,,,False
3,50,50,34,B_G2_time_average,,,missing_target_record,,,,,False
3,50,50,34,B_G2_minus_G1_time_average,,,missing_target_record,,,,,False
3,50,50,35,A_entry,,,missing_target_record,,,,,False
3,50,50,35,B_entry,,,missing_target_record,,,,,False
3,50,50,35,A_fixed_time_mean,,,missing_target_record,,,,,False
3,50,50,35,B_fixed_time_mean,,,missing_target_record,,,,,False
3,50,50,35,A_full_mean,,,missing_target_record,,,,,False
3,50,50,35,B_full_mean,,,missing_target_record,,,,,False
3,50,50,35,A_G1_fixed_time,,,missing_target_record,,,,,False
3,50,50,35,A_G2_fixed_time,,,missing_target_record,,,,,False
3,50,50,35,A_G2_minus_G1_fixed_time,,,missing_target_record,,,,,False
3,50,50,35,A_G1_time_average,,,missing_target_record,,,,,False
3,50,50,35,A_G2_time_average,,,missing_target_record,,,,,False
3,50,50,35,A_G2_minus_G1_time_average,,,missing_target_record,,,,,False
3,50,50,35,B_G1_fixed_time,,,missing_target_record,,,,,False
3,50,50,35,B_G2_fixed_time,,,missing_target_record,,,,,False
3,50,50,35,B_G2_minus_G1_fixed_time,,,missing_target_record,,,,,False
3,50,50,35,B_G1_time_average,,,missing_target_record,,,,,False
3,50,50,35,B_G2_time_average,,,missing_target_record,,,,,False
3,50,50,35,B_G2_minus_G1_time_average,,,missing_target_record,,,,,False
3,50,50,36,A_entry,,,missing_target_record,,,,,False
3,50,50,36,B_entry,,,missing_target_record,,,,,False
3,50,50,36,A_fixed_time_mean,,,missing_target_record,,,,,False
3,50,50,36,B_fixed_time_mean,,,missing_target_record,,,,,False
3,50,50,36,A_full_mean,,,missing_target_record,,,,,False
3,50,50,36,B_full_mean,,,missing_target_record,,,,,False
3,50,50,36,A_G1_fixed_time,,,missing_target_record,,,,,False
3,50,50,36,A_G2_fixed_time,,,missing_target_record,,,,,False
3,50,50,36,A_G2_minus_G1_fixed_time,,,missing_target_record,,,,,False
3,50,50,36,A_G1_time_average,,,missing_target_record,,,,,False
3,50,50,36,A_G2_time_average,,,missing_target_record,,,,,False
3,50,50,36,A_G2_minus_G1_time_average,,,missing_target_record,,,,,False
3,50,50,36,B_G1_fixed_time,,,missing_target_record,,,,,False
3,50,50,36,B_G2_fixed_time,,,missing_target_record,,,,,False
3,50,50,36,B_G2_minus_G1_fixed_time,,,missing_target_record,,,,,False
3,50,50,36,B_G1_time_average,,,missing_target_record,,,,,False
3,50,50,36,B_G2_time_average,,,missing_target_record,,,,,False
3,50,50,36,B_G2_minus_G1_time_average,,,missing_target_record,,,,,False
3,50,50,37,A_entry,,,missing_target_record,,,,,False
3,50,50,37,B_entry,,,missing_target_record,,,,,False
3,50,50,37,A_fixed_time_mean,,,missing_target_record,,,,,False
3,50,50,37,B_fixed_time_mean,,,missing_target_record,,,,,False
3,50,50,37,A_full_mean,,,missing_target_record,,,,,False
3,50,50,37,B_full_mean,,,missing_target_record,,,,,False
3,50,50,37,A_G1_fixed_time,,,missing_target_record,,,,,False
3,50,50,37,A_G2_fixed_time,,,missing_target_record,,,,,False
3,50,50,37,A_G2_minus_G1_fixed_time,,,missing_target_record,,,,,False
3,50,50,37,A_G1_time_average,,,missing_target_record,,,,,False
3,50,50,37,A_G2_time_average,,,missing_target_record,,,,,False
3,50,50,37,A_G2_minus_G1_time_average,,,missing_target_record,,,,,False
3,50,50,37,B_G1_fixed_time,,,missing_target_record,,,,,False
3,50,50,37,B_G2_fixed_time,,,missing_target_record,,,,,False
3,50,50,37,B_G2_minus_G1_fixed_time,,,missing_target_record,,,,,False
3,50,50,37,B_G1_time_average,,,missing_target_record,,,,,False
3,50,50,37,B_G2_time_average,,,missing_target_record,,,,,False
3,50,50,37,B_G2_minus_G1_time_average,,,missing_target_record,,,,,False
3,50,50,38,A_entry,,,missing_target_record,,,,,False
3,50,50,38,B_entry,,,missing_target_record,,,,,False
3,50,50,38,A_fixed_time_mean,,,missing_target_record,,,,,False
3,50,50,38,B_fixed_time_mean,,,missing_target_record,,,,,False
3,50,50,38,A_full_mean,,,missing_target_record,,,,,False
3,50,50,38,B_full_mean,,,missing_target_record,,,,,False
3,50,50,38,A_G1_fixed_time,,,missing_target_record,,,,,False
3,50,50,38,A_G2_fixed_time,,,missing_target_record,,,,,False
3,50,50,38,A_G2_minus_G1_fixed_time,,,missing_target_record,,,,,False
3,50,50,38,A_G1_time_average,,,missing_target_record,,,,,False
3,50,50,38,A_G2_time_average,,,missing_target_record,,,,,False
3,50,50,38,A_G2_minus_G1_time_average,,,missing_target_record,,,,,False
3,50,50,38,B_G1_fixed_time,,,missing_target_record,,,,,False
3,50,50,38,B_G2_fixed_time,,,missing_target_record,,,,,False
3,50,50,38,B_G2_minus_G1_fixed_time,,,missing_target_record,,,,,False
3,50,50,38,B_G1_time_average,,,missing_target_record,,,,,False
3,50,50,38,B_G2_time_average,,,missing_target_record,,,,,False
3,50,50,38,B_G2_minus_G1_time_average,,,missing_target_record,,,,,False
3,50,50,39,A_entry,,,missing_target_record,,,,,False
3,50,50,39,B_entry,,,missing_target_record,,,,,False
3,50,50,39,A_fixed_time_mean,,,missing_target_record,,,,,False
3,50,50,39,B_fixed_time_mean,,,missing_target_record,,,,,False
3,50,50,39,A_full_mean,,,missing_target_record,,,,,False
3,50,50,39,B_full_mean,,,missing_target_record,,,,,False
3,50,50,39,A_G1_fixed_time,,,missing_target_record,,,,,False
3,50,50,39,A_G2_fixed_time,,,missing_target_record,,,,,False
3,50,50,39,A_G2_minus_G1_fixed_time,,,missing_target_record,,,,,False
3,50,50,39,A_G1_time_average,,,missing_target_record,,,,,False
3,50,50,39,A_G2_time_average,,,missing_target_record,,,,,False
3,50,50,39,A_G2_minus_G1_time_average,,,missing_target_record,,,,,False
3,50,50,39,B_G1_fixed_time,,,missing_target_record,,,,,False
3,50,50,39,B_G2_fixed_time,,,missing_target_record,,,,,False
3,50,50,39,B_G2_minus_G1_fixed_time,,,missing_target_record,,,,,False
3,50,50,39,B_G1_time_average,,,missing_target_record,,,,,False
3,50,50,39,B_G2_time_average,,,missing_target_record,,,,,False
3,50,50,39,B_G2_minus_G1_time_average,,,missing_target_record,,,,,False
3,50,50,40,A_entry,,,missing_target_record,,,,,False
3,50,50,40,B_entry,,,missing_target_record,,,,,False
3,50,50,40,A_fixed_time_mean,,,missing_target_record,,,,,False
3,50,50,40,B_fixed_time_mean,,,missing_target_record,,,,,False
3,50,50,40,A_full_mean,,,missing_target_record,,,,,False
3,50,50,40,B_full_mean,,,missing_target_record,,,,,False
3,50,50,40,A_G1_fixed_time,,,missing_target_record,,,,,False
3,50,50,40,A_G2_fixed_time,,,missing_target_record,,,,,False
3,50,50,40,A_G2_minus_G1_fixed_time,,,missing_target_record,,,,,False
3,50,50,40,A_G1_time_average,,,missing_target_record,,,,,False
3,50,50,40,A_G2_time_average,,,missing_target_record,,,,,False
3,50,50,40,A_G2_minus_G1_time_average,,,missing_target_record,,,,,False
3,50,50,40,B_G1_fixed_time,,,missing_target_record,,,,,False
3,50,50,40,B_G2_fixed_time,,,missing_target_record,,,,,False
3,50,50,40,B_G2_minus_G1_fixed_time,,,missing_target_record,,,,,False
3,50,50,40,B_G1_time_average,,,missing_target_record,,,,,False
3,50,50,40,B_G2_time_average,,,missing_target_record,,,,,False
3,50,50,40,B_G2_minus_G1_time_average,,,missing_target_record,,,,,False
3,50,50,41,A_entry,,,missing_target_record,,,,,False
3,50,50,41,B_entry,,,missing_target_record,,,,,False
3,50,50,41,A_fixed_time_mean,,,missing_target_record,,,,,False
3,50,50,41,B_fixed_time_mean,,,missing_target_record,,,,,False
3,50,50,41,A_full_mean,,,missing_target_record,,,,,False
3,50,50,41,B_full_mean,,,missing_target_record,,,,,False
3,50,50,41,A_G1_fixed_time,,,missing_target_record,,,,,False
3,50,50,41,A_G2_fixed_time,,,missing_target_record,,,,,False
3,50,50,41,A_G2_minus_G1_fixed_time,,,missing_target_record,,,,,False
3,50,50,41,A_G1_time_average,,,missing_target_record,,,,,False
3,50,50,41,A_G2_time_average,,,missing_target_record,,,,,False
3,50,50,41,A_G2_minus_G1_time_average,,,missing_target_record,,,,,False
3,50,50,41,B_G1_fixed_time,,,missing_target_record,,,,,False
3,50,50,41,B_G2_fixed_time,,,missing_target_record,,,,,False
3,50,50,41,B_G2_minus_G1_fixed_time,,,missing_target_record,,,,,False
3,50,50,41,B_G1_time_average,,,missing_target_record,,,,,False
3,50,50,41,B_G2_time_average,,,missing_target_record,,,,,False
3,50,50,41,B_G2_minus_G1_time_average,,,missing_target_record,,,,,False
3,50,50,42,A_entry,,,missing_target_record,,,,,False
3,50,50,42,B_entry,,,missing_target_record,,,,,False
3,50,50,42,A_fixed_time_mean,,,missing_target_record,,,,,False
3,50,50,42,B_fixed_time_mean,,,missing_target_record,,,,,False
3,50,50,42,A_full_mean,,,missing_target_record,,,,,False
3,50,50,42,B_full_mean,,,missing_target_record,,,,,False
3,50,50,42,A_G1_fixed_time,,,missing_target_record,,,,,False
3,50,50,42,A_G2_fixed_time,,,missing_target_record,,,,,False
3,50,50,42,A_G2_minus_G1_fixed_time,,,missing_target_record,,,,,False
3,50,50,42,A_G1_time_average,,,missing_target_record,,,,,False
3,50,50,42,A_G2_time_average,,,missing_target_record,,,,,False
3,50,50,42,A_G2_minus_G1_time_average,,,missing_target_record,,,,,False
3,50,50,42,B_G1_fixed_time,,,missing_target_record,,,,,False
3,50,50,42,B_G2_fixed_time,,,missing_target_record,,,,,False
3,50,50,42,B_G2_minus_G1_fixed_time,,,missing_target_record,,,,,False
3,50,50,42,B_G1_time_average,,,missing_target_record,,,,,False
3,50,50,42,B_G2_time_average,,,missing_target_record,,,,,False
3,50,50,42,B_G2_minus_G1_time_average,,,missing_target_record,,,,,False
3,50,50,43,A_entry,,,missing_target_record,,,,,False
3,50,50,43,B_entry,,,missing_target_record,,,,,False
3,50,50,43,A_fixed_time_mean,,,missing_target_record,,,,,False
3,50,50,43,B_fixed_time_mean,,,missing_target_record,,,,,False
3,50,50,43,A_full_mean,,,missing_target_record,,,,,False
3,50,50,43,B_full_mean,,,missing_target_record,,,,,False
3,50,50,43,A_G1_fixed_time,,,missing_target_record,,,,,False
3,50,50,43,A_G2_fixed_time,,,missing_target_record,,,,,False
3,50,50,43,A_G2_minus_G1_fixed_time,,,missing_target_record,,,,,False
3,50,50,43,A_G1_time_average,,,missing_target_record,,,,,False
3,50,50,43,A_G2_time_average,,,missing_target_record,,,,,False
3,50,50,43,A_G2_minus_G1_time_average,,,missing_target_record,,,,,False
3,50,50,43,B_G1_fixed_time,,,missing_target_record,,,,,False
3,50,50,43,B_G2_fixed_time,,,missing_target_record,,,,,False
3,50,50,43,B_G2_minus_G1_fixed_time,,,missing_target_record,,,,,False
3,50,50,43,B_G1_time_average,,,missing_target_record,,,,,False
3,50,50,43,B_G2_time_average,,,missing_target_record,,,,,False
3,50,50,43,B_G2_minus_G1_time_average,,,missing_target_record,,,,,False
3,50,50,44,A_entry,,,missing_target_record,,,,,False
3,50,50,44,B_entry,,,missing_target_record,,,,,False
3,50,50,44,A_fixed_time_mean,,,missing_target_record,,,,,False
3,50,50,44,B_fixed_time_mean,,,missing_target_record,,,,,False
3,50,50,44,A_full_mean,,,missing_target_record,,,,,False
3,50,50,44,B_full_mean,,,missing_target_record,,,,,False
3,50,50,44,A_G1_fixed_time,,,missing_target_record,,,,,False
3,50,50,44,A_G2_fixed_time,,,missing_target_record,,,,,False
3,50,50,44,A_G2_minus_G1_fixed_time,,,missing_target_record,,,,,False
3,50,50,44,A_G1_time_average,,,missing_target_record,,,,,False
3,50,50,44,A_G2_time_average,,,missing_target_record,,,,,False
3,50,50,44,A_G2_minus_G1_time_average,,,missing_target_record,,,,,False
3,50,50,44,B_G1_fixed_time,,,missing_target_record,,,,,False
3,50,50,44,B_G2_fixed_time,,,missing_target_record,,,,,False
3,50,50,44,B_G2_minus_G1_fixed_time,,,missing_target_record,,,,,False
3,50,50,44,B_G1_time_average,,,missing_target_record,,,,,False
3,50,50,44,B_G2_time_average,,,missing_target_record,,,,,False
3,50,50,44,B_G2_minus_G1_time_average,,,missing_target_record,,,,,False
3,50,50,45,A_entry,,,missing_target_record,,,,,False
3,50,50,45,B_entry,,,missing_target_record,,,,,False
3,50,50,45,A_fixed_time_mean,,,missing_target_record,,,,,False
3,50,50,45,B_fixed_time_mean,,,missing_target_record,,,,,False
3,50,50,45,A_full_mean,,,missing_target_record,,,,,False
3,50,50,45,B_full_mean,,,missing_target_record,,,,,False
3,50,50,45,A_G1_fixed_time,,,missing_target_record,,,,,False
3,50,50,45,A_G2_fixed_time,,,missing_target_record,,,,,False
3,50,50,45,A_G2_minus_G1_fixed_time,,,missing_target_record,,,,,False
3,50,50,45,A_G1_time_average,,,missing_target_record,,,,,False
3,50,50,45,A_G2_time_average,,,missing_target_record,,,,,False
3,50,50,45,A_G2_minus_G1_time_average,,,missing_target_record,,,,,False
3,50,50,45,B_G1_fixed_time,,,missing_target_record,,,,,False
3,50,50,45,B_G2_fixed_time,,,missing_target_record,,,,,False
3,50,50,45,B_G2_minus_G1_fixed_time,,,missing_target_record,,,,,False
3,50,50,45,B_G1_time_average,,,missing_target_record,,,,,False
3,50,50,45,B_G2_time_average,,,missing_target_record,,,,,False
3,50,50,45,B_G2_minus_G1_time_average,,,missing_target_record,,,,,False
3,50,50,46,A_entry,,,missing_target_record,,,,,False
3,50,50,46,B_entry,,,missing_target_record,,,,,False
3,50,50,46,A_fixed_time_mean,,,missing_target_record,,,,,False
3,50,50,46,B_fixed_time_mean,,,missing_target_record,,,,,False
3,50,50,46,A_full_mean,,,missing_target_record,,,,,False
3,50,50,46,B_full_mean,,,missing_target_record,,,,,False
3,50,50,46,A_G1_fixed_time,,,missing_target_record,,,,,False
3,50,50,46,A_G2_fixed_time,,,missing_target_record,,,,,False
3,50,50,46,A_G2_minus_G1_fixed_time,,,missing_target_record,,,,,False
3,50,50,46,A_G1_time_average,,,missing_target_record,,,,,False
3,50,50,46,A_G2_time_average,,,missing_target_record,,,,,False
3,50,50,46,A_G2_minus_G1_time_average,,,missing_target_record,,,,,False
3,50,50,46,B_G1_fixed_time,,,missing_target_record,,,,,False
3,50,50,46,B_G2_fixed_time,,,missing_target_record,,,,,False
3,50,50,46,B_G2_minus_G1_fixed_time,,,missing_target_record,,,,,False
3,50,50,46,B_G1_time_average,,,missing_target_record,,,,,False
3,50,50,46,B_G2_time_average,,,missing_target_record,,,,,False
3,50,50,46,B_G2_minus_G1_time_average,,,missing_target_record,,,,,False
3,50,50,47,A_entry,,,missing_target_record,,,,,False
3,50,50,47,B_entry,,,missing_target_record,,,,,False
3,50,50,47,A_fixed_time_mean,,,missing_target_record,,,,,False
3,50,50,47,B_fixed_time_mean,,,missing_target_record,,,,,False
3,50,50,47,A_full_mean,,,missing_target_record,,,,,False
3,50,50,47,B_full_mean,,,missing_target_record,,,,,False
3,50,50,47,A_G1_fixed_time,,,missing_target_record,,,,,False
3,50,50,47,A_G2_fixed_time,,,missing_target_record,,,,,False
3,50,50,47,A_G2_minus_G1_fixed_time,,,missing_target_record,,,,,False
3,50,50,47,A_G1_time_average,,,missing_target_record,,,,,False
3,50,50,47,A_G2_time_average,,,missing_target_record,,,,,False
3,50,50,47,A_G2_minus_G1_time_average,,,missing_target_record,,,,,False
3,50,50,47,B_G1_fixed_time,,,missing_target_record,,,,,False
3,50,50,47,B_G2_fixed_time,,,missing_target_record,,,,,False
3,50,50,47,B_G2_minus_G1_fixed_time,,,missing_target_record,,,,,False
3,50,50,47,B_G1_time_average,,,missing_target_record,,,,,False
3,50,50,47,B_G2_time_average,,,missing_target_record,,,,,False
3,50,50,47,B_G2_minus_G1_time_average,,,missing_target_record,,,,,False
3,50,50,48,A_entry,,,missing_target_record,,,,,False
3,50,50,48,B_entry,,,missing_target_record,,,,,False
3,50,50,48,A_fixed_time_mean,,,missing_target_record,,,,,False
3,50,50,48,B_fixed_time_mean,,,missing_target_record,,,,,False
3,50,50,48,A_full_mean,,,missing_target_record,,,,,False
3,50,50,48,B_full_mean,,,missing_target_record,,,,,False
3,50,50,48,A_G1_fixed_time,,,missing_target_record,,,,,False
3,50,50,48,A_G2_fixed_time,,,missing_target_record,,,,,False
3,50,50,48,A_G2_minus_G1_fixed_time,,,missing_target_record,,,,,False
3,50,50,48,A_G1_time_average,,,missing_target_record,,,,,False
3,50,50,48,A_G2_time_average,,,missing_target_record,,,,,False
3,50,50,48,A_G2_minus_G1_time_average,,,missing_target_record,,,,,False
3,50,50,48,B_G1_fixed_time,,,missing_target_record,,,,,False
3,50,50,48,B_G2_fixed_time,,,missing_target_record,,,,,False
3,50,50,48,B_G2_minus_G1_fixed_time,,,missing_target_record,,,,,False
3,50,50,48,B_G1_time_average,,,missing_target_record,,,,,False
3,50,50,48,B_G2_time_average,,,missing_target_record,,,,,False
3,50,50,48,B_G2_minus_G1_time_average,,,missing_target_record,,,,,False
3,50,50,49,A_entry,,,missing_target_record,,,,,False
3,50,50,49,B_entry,,,missing_target_record,,,,,False
3,50,50,49,A_fixed_time_mean,,,missing_target_record,,,,,False
3,50,50,49,B_fixed_time_mean,,,missing_target_record,,,,,False
3,50,50,49,A_full_mean,,,missing_target_record,,,,,False
3,50,50,49,B_full_mean,,,missing_target_record,,,,,False
3,50,50,49,A_G1_fixed_time,,,missing_target_record,,,,,False
3,50,50,49,A_G2_fixed_time,,,missing_target_record,,,,,False
3,50,50,49,A_G2_minus_G1_fixed_time,,,missing_target_record,,,,,False
3,50,50,49,A_G1_time_average,,,missing_target_record,,,,,False
3,50,50,49,A_G2_time_average,,,missing_target_record,,,,,False
3,50,50,49,A_G2_minus_G1_time_average,,,missing_target_record,,,,,False
3,50,50,49,B_G1_fixed_time,,,missing_target_record,,,,,False
3,50,50,49,B_G2_fixed_time,,,missing_target_record,,,,,False
3,50,50,49,B_G2_minus_G1_fixed_time,,,missing_target_record,,,,,False
3,50,50,49,B_G1_time_average,,,missing_target_record,,,,,False
3,50,50,49,B_G2_time_average,,,missing_target_record,,,,,False
3,50,50,49,B_G2_minus_G1_time_average,,,missing_target_record,,,,,False
3,50,50,50,A_entry,,,missing_target_record,,,,,False
3,50,50,50,B_entry,,,missing_target_record,,,,,False
3,50,50,50,A_fixed_time_mean,,,missing_target_record,,,,,False
3,50,50,50,B_fixed_time_mean,,,missing_target_record,,,,,False
3,50,50,50,A_full_mean,,,missing_target_record,,,,,False
3,50,50,50,B_full_mean,,,missing_target_record,,,,,False
3,50,50,50,A_G1_fixed_time,,,missing_target_record,,,,,False
3,50,50,50,A_G2_fixed_time,,,missing_target_record,,,,,False
3,50,50,50,A_G2_minus_G1_fixed_time,,,missing_target_record,,,,,False
3,50,50,50,A_G1_time_average,,,missing_target_record,,,,,False
3,50,50,50,A_G2_time_average,,,missing_target_record,,,,,False
3,50,50,50,A_G2_minus_G1_time_average,,,missing_target_record,,,,,False
3,50,50,50,B_G1_fixed_time,,,missing_target_record,,,,,False
3,50,50,50,B_G2_fixed_time,,,missing_target_record,,,,,False
3,50,50,50,B_G2_minus_G1_fixed_time,,,missing_target_record,,,,,False
3,50,50,50,B_G1_time_average,,,missing_target_record,,,,,False
3,50,50,50,B_G2_time_average,,,missing_target_record,,,,,False
3,50,50,50,B_G2_minus_G1_time_average,,,missing_target_record,,,,,False
3,50,50,51,A_entry,,,missing_target_record,,,,,False
3,50,50,51,B_entry,,,missing_target_record,,,,,False
3,50,50,51,A_fixed_time_mean,,,missing_target_record,,,,,False
3,50,50,51,B_fixed_time_mean,,,missing_target_record,,,,,False
3,50,50,51,A_full_mean,,,missing_target_record,,,,,False
3,50,50,51,B_full_mean,,,missing_target_record,,,,,False
3,50,50,51,A_G1_fixed_time,,,missing_target_record,,,,,False
3,50,50,51,A_G2_fixed_time,,,missing_target_record,,,,,False
3,50,50,51,A_G2_minus_G1_fixed_time,,,missing_target_record,,,,,False
3,50,50,51,A_G1_time_average,,,missing_target_record,,,,,False
3,50,50,51,A_G2_time_average,,,missing_target_record,,,,,False
3,50,50,51,A_G2_minus_G1_time_average,,,missing_target_record,,,,,False
3,50,50,51,B_G1_fixed_time,,,missing_target_record,,,,,False
3,50,50,51,B_G2_fixed_time,,,missing_target_record,,,,,False
3,50,50,51,B_G2_minus_G1_fixed_time,,,missing_target_record,,,,,False
3,50,50,51,B_G1_time_average,,,missing_target_record,,,,,False
3,50,50,51,B_G2_time_average,,,missing_target_record,,,,,False
3,50,50,51,B_G2_minus_G1_time_average,,,missing_target_record,,,,,False
3,50,50,52,A_entry,,,missing_target_record,,,,,False
3,50,50,52,B_entry,,,missing_target_record,,,,,False
3,50,50,52,A_fixed_time_mean,,,missing_target_record,,,,,False
3,50,50,52,B_fixed_time_mean,,,missing_target_record,,,,,False
3,50,50,52,A_full_mean,,,missing_target_record,,,,,False
3,50,50,52,B_full_mean,,,missing_target_record,,,,,False
3,50,50,52,A_G1_fixed_time,,,missing_target_record,,,,,False
3,50,50,52,A_G2_fixed_time,,,missing_target_record,,,,,False
3,50,50,52,A_G2_minus_G1_fixed_time,,,missing_target_record,,,,,False
3,50,50,52,A_G1_time_average,,,missing_target_record,,,,,False
3,50,50,52,A_G2_time_average,,,missing_target_record,,,,,False
3,50,50,52,A_G2_minus_G1_time_average,,,missing_target_record,,,,,False
3,50,50,52,B_G1_fixed_time,,,missing_target_record,,,,,False
3,50,50,52,B_G2_fixed_time,,,missing_target_record,,,,,False
3,50,50,52,B_G2_minus_G1_fixed_time,,,missing_target_record,,,,,False
3,50,50,52,B_G1_time_average,,,missing_target_record,,,,,False
3,50,50,52,B_G2_time_average,,,missing_target_record,,,,,False
3,50,50,52,B_G2_minus_G1_time_average,,,missing_target_record,,,,,False
3,50,50,53,A_entry,,,missing_target_record,,,,,False
3,50,50,53,B_entry,,,missing_target_record,,,,,False
3,50,50,53,A_fixed_time_mean,,,missing_target_record,,,,,False
3,50,50,53,B_fixed_time_mean,,,missing_target_record,,,,,False
3,50,50,53,A_full_mean,,,missing_target_record,,,,,False
3,50,50,53,B_full_mean,,,missing_target_record,,,,,False
3,50,50,53,A_G1_fixed_time,,,missing_target_record,,,,,False
3,50,50,53,A_G2_fixed_time,,,missing_target_record,,,,,False
3,50,50,53,A_G2_minus_G1_fixed_time,,,missing_target_record,,,,,False
3,50,50,53,A_G1_time_average,,,missing_target_record,,,,,False
3,50,50,53,A_G2_time_average,,,missing_target_record,,,,,False
3,50,50,53,A_G2_minus_G1_time_average,,,missing_target_record,,,,,False
3,50,50,53,B_G1_fixed_time,,,missing_target_record,,,,,False
3,50,50,53,B_G2_fixed_time,,,missing_target_record,,,,,False
3,50,50,53,B_G2_minus_G1_fixed_time,,,missing_target_record,,,,,False
3,50,50,53,B_G1_time_average,,,missing_target_record,,,,,False
3,50,50,53,B_G2_time_average,,,missing_target_record,,,,,False
3,50,50,53,B_G2_minus_G1_time_average,,,missing_target_record,,,,,False
3,50,50,54,A_entry,,,missing_target_record,,,,,False
3,50,50,54,B_entry,,,missing_target_record,,,,,False
3,50,50,54,A_fixed_time_mean,,,missing_target_record,,,,,False
3,50,50,54,B_fixed_time_mean,,,missing_target_record,,,,,False
3,50,50,54,A_full_mean,,,missing_target_record,,,,,False
3,50,50,54,B_full_mean,,,missing_target_record,,,,,False
3,50,50,54,A_G1_fixed_time,,,missing_target_record,,,,,False
3,50,50,54,A_G2_fixed_time,,,missing_target_record,,,,,False
3,50,50,54,A_G2_minus_G1_fixed_time,,,missing_target_record,,,,,False
3,50,50,54,A_G1_time_average,,,missing_target_record,,,,,False
3,50,50,54,A_G2_time_average,,,missing_target_record,,,,,False
3,50,50,54,A_G2_minus_G1_time_average,,,missing_target_record,,,,,False
3,50,50,54,B_G1_fixed_time,,,missing_target_record,,,,,False
3,50,50,54,B_G2_fixed_time,,,missing_target_record,,,,,False
3,50,50,54,B_G2_minus_G1_fixed_time,,,missing_target_record,,,,,False
3,50,50,54,B_G1_time_average,,,missing_target_record,,,,,False
3,50,50,54,B_G2_time_average,,,missing_target_record,,,,,False
3,50,50,54,B_G2_minus_G1_time_average,,,missing_target_record,,,,,False
3,50,50,55,A_entry,,,missing_target_record,,,,,False
3,50,50,55,B_entry,,,missing_target_record,,,,,False
3,50,50,55,A_fixed_time_mean,,,missing_target_record,,,,,False
3,50,50,55,B_fixed_time_mean,,,missing_target_record,,,,,False
3,50,50,55,A_full_mean,,,missing_target_record,,,,,False
3,50,50,55,B_full_mean,,,missing_target_record,,,,,False
3,50,50,55,A_G1_fixed_time,,,missing_target_record,,,,,False
3,50,50,55,A_G2_fixed_time,,,missing_target_record,,,,,False
3,50,50,55,A_G2_minus_G1_fixed_time,,,missing_target_record,,,,,False
3,50,50,55,A_G1_time_average,,,missing_target_record,,,,,False
3,50,50,55,A_G2_time_average,,,missing_target_record,,,,,False
3,50,50,55,A_G2_minus_G1_time_average,,,missing_target_record,,,,,False
3,50,50,55,B_G1_fixed_time,,,missing_target_record,,,,,False
3,50,50,55,B_G2_fixed_time,,,missing_target_record,,,,,False
3,50,50,55,B_G2_minus_G1_fixed_time,,,missing_target_record,,,,,False
3,50,50,55,B_G1_time_average,,,missing_target_record,,,,,False
3,50,50,55,B_G2_time_average,,,missing_target_record,,,,,False
3,50,50,55,B_G2_minus_G1_time_average,,,missing_target_record,,,,,False
3,50,50,56,A_entry,,,missing_target_record,,,,,False
3,50,50,56,B_entry,,,missing_target_record,,,,,False
3,50,50,56,A_fixed_time_mean,,,missing_target_record,,,,,False
3,50,50,56,B_fixed_time_mean,,,missing_target_record,,,,,False
3,50,50,56,A_full_mean,,,missing_target_record,,,,,False
3,50,50,56,B_full_mean,,,missing_target_record,,,,,False
3,50,50,56,A_G1_fixed_time,,,missing_target_record,,,,,False
3,50,50,56,A_G2_fixed_time,,,missing_target_record,,,,,False
3,50,50,56,A_G2_minus_G1_fixed_time,,,missing_target_record,,,,,False
3,50,50,56,A_G1_time_average,,,missing_target_record,,,,,False
3,50,50,56,A_G2_time_average,,,missing_target_record,,,,,False
3,50,50,56,A_G2_minus_G1_time_average,,,missing_target_record,,,,,False
3,50,50,56,B_G1_fixed_time,,,missing_target_record,,,,,False
3,50,50,56,B_G2_fixed_time,,,missing_target_record,,,,,False
3,50,50,56,B_G2_minus_G1_fixed_time,,,missing_target_record,,,,,False
3,50,50,56,B_G1_time_average,,,missing_target_record,,,,,False
3,50,50,56,B_G2_time_average,,,missing_target_record,,,,,False
3,50,50,56,B_G2_minus_G1_time_average,,,missing_target_record,,,,,False
3,50,50,57,A_entry,,,missing_target_record,,,,,False
3,50,50,57,B_entry,,,missing_target_record,,,,,False
3,50,50,57,A_fixed_time_mean,,,missing_target_record,,,,,False
3,50,50,57,B_fixed_time_mean,,,missing_target_record,,,,,False
3,50,50,57,A_full_mean,,,missing_target_record,,,,,False
3,50,50,57,B_full_mean,,,missing_target_record,,,,,False
3,50,50,57,A_G1_fixed_time,,,missing_target_record,,,,,False
3,50,50,57,A_G2_fixed_time,,,missing_target_record,,,,,False
3,50,50,57,A_G2_minus_G1_fixed_time,,,missing_target_record,,,,,False
3,50,50,57,A_G1_time_average,,,missing_target_record,,,,,False
3,50,50,57,A_G2_time_average,,,missing_target_record,,,,,False
3,50,50,57,A_G2_minus_G1_time_average,,,missing_target_record,,,,,False
3,50,50,57,B_G1_fixed_time,,,missing_target_record,,,,,False
3,50,50,57,B_G2_fixed_time,,,missing_target_record,,,,,False
3,50,50,57,B_G2_minus_G1_fixed_time,,,missing_target_record,,,,,False
3,50,50,57,B_G1_time_average,,,missing_target_record,,,,,False
3,50,50,57,B_G2_time_average,,,missing_target_record,,,,,False
3,50,50,57,B_G2_minus_G1_time_average,,,missing_target_record,,,,,False
3,50,50,58,A_entry,,,missing_target_record,,,,,False
3,50,50,58,B_entry,,,missing_target_record,,,,,False
3,50,50,58,A_fixed_time_mean,,,missing_target_record,,,,,False
3,50,50,58,B_fixed_time_mean,,,missing_target_record,,,,,False
3,50,50,58,A_full_mean,,,missing_target_record,,,,,False
3,50,50,58,B_full_mean,,,missing_target_record,,,,,False
3,50,50,58,A_G1_fixed_time,,,missing_target_record,,,,,False
3,50,50,58,A_G2_fixed_time,,,missing_target_record,,,,,False
3,50,50,58,A_G2_minus_G1_fixed_time,,,missing_target_record,,,,,False
3,50,50,58,A_G1_time_average,,,missing_target_record,,,,,False
3,50,50,58,A_G2_time_average,,,missing_target_record,,,,,False
3,50,50,58,A_G2_minus_G1_time_average,,,missing_target_record,,,,,False
3,50,50,58,B_G1_fixed_time,,,missing_target_record,,,,,False
3,50,50,58,B_G2_fixed_time,,,missing_target_record,,,,,False
3,50,50,58,B_G2_minus_G1_fixed_time,,,missing_target_record,,,,,False
3,50,50,58,B_G1_time_average,,,missing_target_record,,,,,False
3,50,50,58,B_G2_time_average,,,missing_target_record,,,,,False
3,50,50,58,B_G2_minus_G1_time_average,,,missing_target_record,,,,,False
3,50,50,59,A_entry,,,missing_target_record,,,,,False
3,50,50,59,B_entry,,,missing_target_record,,,,,False
3,50,50,59,A_fixed_time_mean,,,missing_target_record,,,,,False
3,50,50,59,B_fixed_time_mean,,,missing_target_record,,,,,False
3,50,50,59,A_full_mean,,,missing_target_record,,,,,False
3,50,50,59,B_full_mean,,,missing_target_record,,,,,False
3,50,50,59,A_G1_fixed_time,,,missing_target_record,,,,,False
3,50,50,59,A_G2_fixed_time,,,missing_target_record,,,,,False
3,50,50,59,A_G2_minus_G1_fixed_time,,,missing_target_record,,,,,False
3,50,50,59,A_G1_time_average,,,missing_target_record,,,,,False
3,50,50,59,A_G2_time_average,,,missing_target_record,,,,,False
3,50,50,59,A_G2_minus_G1_time_average,,,missing_target_record,,,,,False
3,50,50,59,B_G1_fixed_time,,,missing_target_record,,,,,False
3,50,50,59,B_G2_fixed_time,,,missing_target_record,,,,,False
3,50,50,59,B_G2_minus_G1_fixed_time,,,missing_target_record,,,,,False
3,50,50,59,B_G1_time_average,,,missing_target_record,,,,,False
3,50,50,59,B_G2_time_average,,,missing_target_record,,,,,False
3,50,50,59,B_G2_minus_G1_time_average,,,missing_target_record,,,,,False
3,50,50,60,A_entry,,,missing_target_record,,,,,False
3,50,50,60,B_entry,,,missing_target_record,,,,,False
3,50,50,60,A_fixed_time_mean,,,missing_target_record,,,,,False
3,50,50,60,B_fixed_time_mean,,,missing_target_record,,,,,False
3,50,50,60,A_full_mean,,,missing_target_record,,,,,False
3,50,50,60,B_full_mean,,,missing_target_record,,,,,False
3,50,50,60,A_G1_fixed_time,,,missing_target_record,,,,,False
3,50,50,60,A_G2_fixed_time,,,missing_target_record,,,,,False
3,50,50,60,A_G2_minus_G1_fixed_time,,,missing_target_record,,,,,False
3,50,50,60,A_G1_time_average,,,missing_target_record,,,,,False
3,50,50,60,A_G2_time_average,,,missing_target_record,,,,,False
3,50,50,60,A_G2_minus_G1_time_average,,,missing_target_record,,,,,False
3,50,50,60,B_G1_fixed_time,,,missing_target_record,,,,,False
3,50,50,60,B_G2_fixed_time,,,missing_target_record,,,,,False
3,50,50,60,B_G2_minus_G1_fixed_time,,,missing_target_record,,,,,False
3,50,50,60,B_G1_time_average,,,missing_target_record,,,,,False
3,50,50,60,B_G2_time_average,,,missing_target_record,,,,,False
3,50,50,60,B_G2_minus_G1_time_average,,,missing_target_record,,,,,False
3,50,50,61,A_entry,,,missing_target_record,,,,,False
3,50,50,61,B_entry,,,missing_target_record,,,,,False
3,50,50,61,A_fixed_time_mean,,,missing_target_record,,,,,False
3,50,50,61,B_fixed_time_mean,,,missing_target_record,,,,,False
3,50,50,61,A_full_mean,,,missing_target_record,,,,,False
3,50,50,61,B_full_mean,,,missing_target_record,,,,,False
3,50,50,61,A_G1_fixed_time,,,missing_target_record,,,,,False
3,50,50,61,A_G2_fixed_time,,,missing_target_record,,,,,False
3,50,50,61,A_G2_minus_G1_fixed_time,,,missing_target_record,,,,,False
3,50,50,61,A_G1_time_average,,,missing_target_record,,,,,False
3,50,50,61,A_G2_time_average,,,missing_target_record,,,,,False
3,50,50,61,A_G2_minus_G1_time_average,,,missing_target_record,,,,,False
3,50,50,61,B_G1_fixed_time,,,missing_target_record,,,,,False
3,50,50,61,B_G2_fixed_time,,,missing_target_record,,,,,False
3,50,50,61,B_G2_minus_G1_fixed_time,,,missing_target_record,,,,,False
3,50,50,61,B_G1_time_average,,,missing_target_record,,,,,False
3,50,50,61,B_G2_time_average,,,missing_target_record,,,,,False
3,50,50,61,B_G2_minus_G1_time_average,,,missing_target_record,,,,,False
3,50,50,62,A_entry,,,missing_target_record,,,,,False
3,50,50,62,B_entry,,,missing_target_record,,,,,False
3,50,50,62,A_fixed_time_mean,,,missing_target_record,,,,,False
3,50,50,62,B_fixed_time_mean,,,missing_target_record,,,,,False
3,50,50,62,A_full_mean,,,missing_target_record,,,,,False
3,50,50,62,B_full_mean,,,missing_target_record,,,,,False
3,50,50,62,A_G1_fixed_time,,,missing_target_record,,,,,False
3,50,50,62,A_G2_fixed_time,,,missing_target_record,,,,,False
3,50,50,62,A_G2_minus_G1_fixed_time,,,missing_target_record,,,,,False
3,50,50,62,A_G1_time_average,,,missing_target_record,,,,,False
3,50,50,62,A_G2_time_average,,,missing_target_record,,,,,False
3,50,50,62,A_G2_minus_G1_time_average,,,missing_target_record,,,,,False
3,50,50,62,B_G1_fixed_time,,,missing_target_record,,,,,False
3,50,50,62,B_G2_fixed_time,,,missing_target_record,,,,,False
3,50,50,62,B_G2_minus_G1_fixed_time,,,missing_target_record,,,,,False
3,50,50,62,B_G1_time_average,,,missing_target_record,,,,,False
3,50,50,62,B_G2_time_average,,,missing_target_record,,,,,False
3,50,50,62,B_G2_minus_G1_time_average,,,missing_target_record,,,,,False
3,50,50,63,A_entry,,,missing_target_record,,,,,False
3,50,50,63,B_entry,,,missing_target_record,,,,,False
3,50,50,63,A_fixed_time_mean,,,missing_target_record,,,,,False
3,50,50,63,B_fixed_time_mean,,,missing_target_record,,,,,False
3,50,50,63,A_full_mean,,,missing_target_record,,,,,False
3,50,50,63,B_full_mean,,,missing_target_record,,,,,False
3,50,50,63,A_G1_fixed_time,,,missing_target_record,,,,,False
3,50,50,63,A_G2_fixed_time,,,missing_target_record,,,,,False
3,50,50,63,A_G2_minus_G1_fixed_time,,,missing_target_record,,,,,False
3,50,50,63,A_G1_time_average,,,missing_target_record,,,,,False
3,50,50,63,A_G2_time_average,,,missing_target_record,,,,,False
3,50,50,63,A_G2_minus_G1_time_average,,,missing_target_record,,,,,False
3,50,50,63,B_G1_fixed_time,,,missing_target_record,,,,,False
3,50,50,63,B_G2_fixed_time,,,missing_target_record,,,,,False
3,50,50,63,B_G2_minus_G1_fixed_time,,,missing_target_record,,,,,False
3,50,50,63,B_G1_time_average,,,missing_target_record,,,,,False
3,50,50,63,B_G2_time_average,,,missing_target_record,,,,,False
3,50,50,63,B_G2_minus_G1_time_average,,,missing_target_record,,,,,False
3,50,50,64,A_entry,,,missing_target_record,,,,,False
3,50,50,64,B_entry,,,missing_target_record,,,,,False
3,50,50,64,A_fixed_time_mean,,,missing_target_record,,,,,False
3,50,50,64,B_fixed_time_mean,,,missing_target_record,,,,,False
3,50,50,64,A_full_mean,,,missing_target_record,,,,,False
3,50,50,64,B_full_mean,,,missing_target_record,,,,,False
3,50,50,64,A_G1_fixed_time,,,missing_target_record,,,,,False
3,50,50,64,A_G2_fixed_time,,,missing_target_record,,,,,False
3,50,50,64,A_G2_minus_G1_fixed_time,,,missing_target_record,,,,,False
3,50,50,64,A_G1_time_average,,,missing_target_record,,,,,False
3,50,50,64,A_G2_time_average,,,missing_target_record,,,,,False
3,50,50,64,A_G2_minus_G1_time_average,,,missing_target_record,,,,,False
3,50,50,64,B_G1_fixed_time,,,missing_target_record,,,,,False
3,50,50,64,B_G2_fixed_time,,,missing_target_record,,,,,False
3,50,50,64,B_G2_minus_G1_fixed_time,,,missing_target_record,,,,,False
3,50,50,64,B_G1_time_average,,,missing_target_record,,,,,False
3,50,50,64,B_G2_time_average,,,missing_target_record,,,,,False
3,50,50,64,B_G2_minus_G1_time_average,,,missing_target_record,,,,,False
3,50,50,65,A_entry,,,missing_target_record,,,,,False
3,50,50,65,B_entry,,,missing_target_record,,,,,False
3,50,50,65,A_fixed_time_mean,,,missing_target_record,,,,,False
3,50,50,65,B_fixed_time_mean,,,missing_target_record,,,,,False
3,50,50,65,A_full_mean,,,missing_target_record,,,,,False
3,50,50,65,B_full_mean,,,missing_target_record,,,,,False
3,50,50,65,A_G1_fixed_time,,,missing_target_record,,,,,False
3,50,50,65,A_G2_fixed_time,,,missing_target_record,,,,,False
3,50,50,65,A_G2_minus_G1_fixed_time,,,missing_target_record,,,,,False
3,50,50,65,A_G1_time_average,,,missing_target_record,,,,,False
3,50,50,65,A_G2_time_average,,,missing_target_record,,,,,False
3,50,50,65,A_G2_minus_G1_time_average,,,missing_target_record,,,,,False
3,50,50,65,B_G1_fixed_time,,,missing_target_record,,,,,False
3,50,50,65,B_G2_fixed_time,,,missing_target_record,,,,,False
3,50,50,65,B_G2_minus_G1_fixed_time,,,missing_target_record,,,,,False
3,50,50,65,B_G1_time_average,,,missing_target_record,,,,,False
3,50,50,65,B_G2_time_average,,,missing_target_record,,,,,False
3,50,50,65,B_G2_minus_G1_time_average,,,missing_target_record,,,,,False
3,50,50,66,A_entry,,,missing_target_record,,,,,False
3,50,50,66,B_entry,,,missing_target_record,,,,,False
3,50,50,66,A_fixed_time_mean,,,missing_target_record,,,,,False
3,50,50,66,B_fixed_time_mean,,,missing_target_record,,,,,False
3,50,50,66,A_full_mean,,,missing_target_record,,,,,False
3,50,50,66,B_full_mean,,,missing_target_record,,,,,False
3,50,50,66,A_G1_fixed_time,,,missing_target_record,,,,,False
3,50,50,66,A_G2_fixed_time,,,missing_target_record,,,,,False
3,50,50,66,A_G2_minus_G1_fixed_time,,,missing_target_record,,,,,False
3,50,50,66,A_G1_time_average,,,missing_target_record,,,,,False
3,50,50,66,A_G2_time_average,,,missing_target_record,,,,,False
3,50,50,66,A_G2_minus_G1_time_average,,,missing_target_record,,,,,False
3,50,50,66,B_G1_fixed_time,,,missing_target_record,,,,,False
3,50,50,66,B_G2_fixed_time,,,missing_target_record,,,,,False
3,50,50,66,B_G2_minus_G1_fixed_time,,,missing_target_record,,,,,False
3,50,50,66,B_G1_time_average,,,missing_target_record,,,,,False
3,50,50,66,B_G2_time_average,,,missing_target_record,,,,,False
3,50,50,66,B_G2_minus_G1_time_average,,,missing_target_record,,,,,False
3,50,50,67,A_entry,,,missing_target_record,,,,,False
3,50,50,67,B_entry,,,missing_target_record,,,,,False
3,50,50,67,A_fixed_time_mean,,,missing_target_record,,,,,False
3,50,50,67,B_fixed_time_mean,,,missing_target_record,,,,,False
3,50,50,67,A_full_mean,,,missing_target_record,,,,,False
3,50,50,67,B_full_mean,,,missing_target_record,,,,,False
3,50,50,67,A_G1_fixed_time,,,missing_target_record,,,,,False
3,50,50,67,A_G2_fixed_time,,,missing_target_record,,,,,False
3,50,50,67,A_G2_minus_G1_fixed_time,,,missing_target_record,,,,,False
3,50,50,67,A_G1_time_average,,,missing_target_record,,,,,False
3,50,50,67,A_G2_time_average,,,missing_target_record,,,,,False
3,50,50,67,A_G2_minus_G1_time_average,,,missing_target_record,,,,,False
3,50,50,67,B_G1_fixed_time,,,missing_target_record,,,,,False
3,50,50,67,B_G2_fixed_time,,,missing_target_record,,,,,False
3,50,50,67,B_G2_minus_G1_fixed_time,,,missing_target_record,,,,,False
3,50,50,67,B_G1_time_average,,,missing_target_record,,,,,False
3,50,50,67,B_G2_time_average,,,missing_target_record,,,,,False
3,50,50,67,B_G2_minus_G1_time_average,,,missing_target_record,,,,,False
3,50,50,68,A_entry,,,missing_target_record,,,,,False
3,50,50,68,B_entry,,,missing_target_record,,,,,False
3,50,50,68,A_fixed_time_mean,,,missing_target_record,,,,,False
3,50,50,68,B_fixed_time_mean,,,missing_target_record,,,,,False
3,50,50,68,A_full_mean,,,missing_target_record,,,,,False
3,50,50,68,B_full_mean,,,missing_target_record,,,,,False
3,50,50,68,A_G1_fixed_time,,,missing_target_record,,,,,False
3,50,50,68,A_G2_fixed_time,,,missing_target_record,,,,,False
3,50,50,68,A_G2_minus_G1_fixed_time,,,missing_target_record,,,,,False
3,50,50,68,A_G1_time_average,,,missing_target_record,,,,,False
3,50,50,68,A_G2_time_average,,,missing_target_record,,,,,False
3,50,50,68,A_G2_minus_G1_time_average,,,missing_target_record,,,,,False
3,50,50,68,B_G1_fixed_time,,,missing_target_record,,,,,False
3,50,50,68,B_G2_fixed_time,,,missing_target_record,,,,,False
3,50,50,68,B_G2_minus_G1_fixed_time,,,missing_target_record,,,,,False
3,50,50,68,B_G1_time_average,,,missing_target_record,,,,,False
3,50,50,68,B_G2_time_average,,,missing_target_record,,,,,False
3,50,50,68,B_G2_minus_G1_time_average,,,missing_target_record,,,,,False
3,50,50,69,A_entry,,,missing_target_record,,,,,False
3,50,50,69,B_entry,,,missing_target_record,,,,,False
3,50,50,69,A_fixed_time_mean,,,missing_target_record,,,,,False
3,50,50,69,B_fixed_time_mean,,,missing_target_record,,,,,False
3,50,50,69,A_full_mean,,,missing_target_record,,,,,False
3,50,50,69,B_full_mean,,,missing_target_record,,,,,False
3,50,50,69,A_G1_fixed_time,,,missing_target_record,,,,,False
3,50,50,69,A_G2_fixed_time,,,missing_target_record,,,,,False
3,50,50,69,A_G2_minus_G1_fixed_time,,,missing_target_record,,,,,False
3,50,50,69,A_G1_time_average,,,missing_target_record,,,,,False
3,50,50,69,A_G2_time_average,,,missing_target_record,,,,,False
3,50,50,69,A_G2_minus_G1_time_average,,,missing_target_record,,,,,False
3,50,50,69,B_G1_fixed_time,,,missing_target_record,,,,,False
3,50,50,69,B_G2_fixed_time,,,missing_target_record,,,,,False
3,50,50,69,B_G2_minus_G1_fixed_time,,,missing_target_record,,,,,False
3,50,50,69,B_G1_time_average,,,missing_target_record,,,,,False
3,50,50,69,B_G2_time_average,,,missing_target_record,,,,,False
3,50,50,69,B_G2_minus_G1_time_average,,,missing_target_record,,,,,False
3,50,50,70,A_entry,,,missing_target_record,,,,,False
3,50,50,70,B_entry,,,missing_target_record,,,,,False
3,50,50,70,A_fixed_time_mean,,,missing_target_record,,,,,False
3,50,50,70,B_fixed_time_mean,,,missing_target_record,,,,,False
3,50,50,70,A_full_mean,,,missing_target_record,,,,,False
3,50,50,70,B_full_mean,,,missing_target_record,,,,,False
3,50,50,70,A_G1_fixed_time,,,missing_target_record,,,,,False
3,50,50,70,A_G2_fixed_time,,,missing_target_record,,,,,False
3,50,50,70,A_G2_minus_G1_fixed_time,,,missing_target_record,,,,,False
3,50,50,70,A_G1_time_average,,,missing_target_record,,,,,False
3,50,50,70,A_G2_time_average,,,missing_target_record,,,,,False
3,50,50,70,A_G2_minus_G1_time_average,,,missing_target_record,,,,,False
3,50,50,70,B_G1_fixed_time,,,missing_target_record,,,,,False
3,50,50,70,B_G2_fixed_time,,,missing_target_record,,,,,False
3,50,50,70,B_G2_minus_G1_fixed_time,,,missing_target_record,,,,,False
3,50,50,70,B_G1_time_average,,,missing_target_record,,,,,False
3,50,50,70,B_G2_time_average,,,missing_target_record,,,,,False
3,50,50,70,B_G2_minus_G1_time_average,,,missing_target_record,,,,,False
3,50,50,71,A_entry,,,missing_target_record,,,,,False
3,50,50,71,B_entry,,,missing_target_record,,,,,False
3,50,50,71,A_fixed_time_mean,,,missing_target_record,,,,,False
3,50,50,71,B_fixed_time_mean,,,missing_target_record,,,,,False
3,50,50,71,A_full_mean,,,missing_target_record,,,,,False
3,50,50,71,B_full_mean,,,missing_target_record,,,,,False
3,50,50,71,A_G1_fixed_time,,,missing_target_record,,,,,False
3,50,50,71,A_G2_fixed_time,,,missing_target_record,,,,,False
3,50,50,71,A_G2_minus_G1_fixed_time,,,missing_target_record,,,,,False
3,50,50,71,A_G1_time_average,,,missing_target_record,,,,,False
3,50,50,71,A_G2_time_average,,,missing_target_record,,,,,False
3,50,50,71,A_G2_minus_G1_time_average,,,missing_target_record,,,,,False
3,50,50,71,B_G1_fixed_time,,,missing_target_record,,,,,False
3,50,50,71,B_G2_fixed_time,,,missing_target_record,,,,,False
3,50,50,71,B_G2_minus_G1_fixed_time,,,missing_target_record,,,,,False
3,50,50,71,B_G1_time_average,,,missing_target_record,,,,,False
3,50,50,71,B_G2_time_average,,,missing_target_record,,,,,False
3,50,50,71,B_G2_minus_G1_time_average,,,missing_target_record,,,,,False
3,50,50,72,A_entry,,,missing_target_record,,,,,False
3,50,50,72,B_entry,,,missing_target_record,,,,,False
3,50,50,72,A_fixed_time_mean,,,missing_target_record,,,,,False
3,50,50,72,B_fixed_time_mean,,,missing_target_record,,,,,False
3,50,50,72,A_full_mean,,,missing_target_record,,,,,False
3,50,50,72,B_full_mean,,,missing_target_record,,,,,False
3,50,50,72,A_G1_fixed_time,,,missing_target_record,,,,,False
3,50,50,72,A_G2_fixed_time,,,missing_target_record,,,,,False
3,50,50,72,A_G2_minus_G1_fixed_time,,,missing_target_record,,,,,False
3,50,50,72,A_G1_time_average,,,missing_target_record,,,,,False
3,50,50,72,A_G2_time_average,,,missing_target_record,,,,,False
3,50,50,72,A_G2_minus_G1_time_average,,,missing_target_record,,,,,False
3,50,50,72,B_G1_fixed_time,,,missing_target_record,,,,,False
3,50,50,72,B_G2_fixed_time,,,missing_target_record,,,,,False
3,50,50,72,B_G2_minus_G1_fixed_time,,,missing_target_record,,,,,False
3,50,50,72,B_G1_time_average,,,missing_target_record,,,,,False
3,50,50,72,B_G2_time_average,,,missing_target_record,,,,,False
3,50,50,72,B_G2_minus_G1_time_average,,,missing_target_record,,,,,False
3,50,50,73,A_entry,,,missing_target_record,,,,,False
3,50,50,73,B_entry,,,missing_target_record,,,,,False
3,50,50,73,A_fixed_time_mean,,,missing_target_record,,,,,False
3,50,50,73,B_fixed_time_mean,,,missing_target_record,,,,,False
3,50,50,73,A_full_mean,,,missing_target_record,,,,,False
3,50,50,73,B_full_mean,,,missing_target_record,,,,,False
3,50,50,73,A_G1_fixed_time,,,missing_target_record,,,,,False
3,50,50,73,A_G2_fixed_time,,,missing_target_record,,,,,False
3,50,50,73,A_G2_minus_G1_fixed_time,,,missing_target_record,,,,,False
3,50,50,73,A_G1_time_average,,,missing_target_record,,,,,False
3,50,50,73,A_G2_time_average,,,missing_target_record,,,,,False
3,50,50,73,A_G2_minus_G1_time_average,,,missing_target_record,,,,,False
3,50,50,73,B_G1_fixed_time,,,missing_target_record,,,,,False
3,50,50,73,B_G2_fixed_time,,,missing_target_record,,,,,False
3,50,50,73,B_G2_minus_G1_fixed_time,,,missing_target_record,,,,,False
3,50,50,73,B_G1_time_average,,,missing_target_record,,,,,False
3,50,50,73,B_G2_time_average,,,missing_target_record,,,,,False
3,50,50,73,B_G2_minus_G1_time_average,,,missing_target_record,,,,,False
3,50,50,74,A_entry,,,missing_target_record,,,,,False
3,50,50,74,B_entry,,,missing_target_record,,,,,False
3,50,50,74,A_fixed_time_mean,,,missing_target_record,,,,,False
3,50,50,74,B_fixed_time_mean,,,missing_target_record,,,,,False
3,50,50,74,A_full_mean,,,missing_target_record,,,,,False
3,50,50,74,B_full_mean,,,missing_target_record,,,,,False
3,50,50,74,A_G1_fixed_time,,,missing_target_record,,,,,False
3,50,50,74,A_G2_fixed_time,,,missing_target_record,,,,,False
3,50,50,74,A_G2_minus_G1_fixed_time,,,missing_target_record,,,,,False
3,50,50,74,A_G1_time_average,,,missing_target_record,,,,,False
3,50,50,74,A_G2_time_average,,,missing_target_record,,,,,False
3,50,50,74,A_G2_minus_G1_time_average,,,missing_target_record,,,,,False
3,50,50,74,B_G1_fixed_time,,,missing_target_record,,,,,False
3,50,50,74,B_G2_fixed_time,,,missing_target_record,,,,,False
3,50,50,74,B_G2_minus_G1_fixed_time,,,missing_target_record,,,,,False
3,50,50,74,B_G1_time_average,,,missing_target_record,,,,,False
3,50,50,74,B_G2_time_average,,,missing_target_record,,,,,False
3,50,50,74,B_G2_minus_G1_time_average,,,missing_target_record,,,,,False
3,50,50,75,A_entry,,,missing_target_record,,,,,False
3,50,50,75,B_entry,,,missing_target_record,,,,,False
3,50,50,75,A_fixed_time_mean,,,missing_target_record,,,,,False
3,50,50,75,B_fixed_time_mean,,,missing_target_record,,,,,False
3,50,50,75,A_full_mean,,,missing_target_record,,,,,False
3,50,50,75,B_full_mean,,,missing_target_record,,,,,False
3,50,50,75,A_G1_fixed_time,,,missing_target_record,,,,,False
3,50,50,75,A_G2_fixed_time,,,missing_target_record,,,,,False
3,50,50,75,A_G2_minus_G1_fixed_time,,,missing_target_record,,,,,False
3,50,50,75,A_G1_time_average,,,missing_target_record,,,,,False
3,50,50,75,A_G2_time_average,,,missing_target_record,,,,,False
3,50,50,75,A_G2_minus_G1_time_average,,,missing_target_record,,,,,False
3,50,50,75,B_G1_fixed_time,,,missing_target_record,,,,,False
3,50,50,75,B_G2_fixed_time,,,missing_target_record,,,,,False
3,50,50,75,B_G2_minus_G1_fixed_time,,,missing_target_record,,,,,False
3,50,50,75,B_G1_time_average,,,missing_target_record,,,,,False
3,50,50,75,B_G2_time_average,,,missing_target_record,,,,,False
3,50,50,75,B_G2_minus_G1_time_average,,,missing_target_record,,,,,False
3,50,50,76,A_entry,,,missing_target_record,,,,,False
3,50,50,76,B_entry,,,missing_target_record,,,,,False
3,50,50,76,A_fixed_time_mean,,,missing_target_record,,,,,False
3,50,50,76,B_fixed_time_mean,,,missing_target_record,,,,,False
3,50,50,76,A_full_mean,,,missing_target_record,,,,,False
3,50,50,76,B_full_mean,,,missing_target_record,,,,,False
3,50,50,76,A_G1_fixed_time,,,missing_target_record,,,,,False
3,50,50,76,A_G2_fixed_time,,,missing_target_record,,,,,False
3,50,50,76,A_G2_minus_G1_fixed_time,,,missing_target_record,,,,,False
3,50,50,76,A_G1_time_average,,,missing_target_record,,,,,False
3,50,50,76,A_G2_time_average,,,missing_target_record,,,,,False
3,50,50,76,A_G2_minus_G1_time_average,,,missing_target_record,,,,,False
3,50,50,76,B_G1_fixed_time,,,missing_target_record,,,,,False
3,50,50,76,B_G2_fixed_time,,,missing_target_record,,,,,False
3,50,50,76,B_G2_minus_G1_fixed_time,,,missing_target_record,,,,,False
3,50,50,76,B_G1_time_average,,,missing_target_record,,,,,False
3,50,50,76,B_G2_time_average,,,missing_target_record,,,,,False
3,50,50,76,B_G2_minus_G1_time_average,,,missing_target_record,,,,,False
3,50,50,77,A_entry,,,missing_target_record,,,,,False
3,50,50,77,B_entry,,,missing_target_record,,,,,False
3,50,50,77,A_fixed_time_mean,,,missing_target_record,,,,,False
3,50,50,77,B_fixed_time_mean,,,missing_target_record,,,,,False
3,50,50,77,A_full_mean,,,missing_target_record,,,,,False
3,50,50,77,B_full_mean,,,missing_target_record,,,,,False
3,50,50,77,A_G1_fixed_time,,,missing_target_record,,,,,False
3,50,50,77,A_G2_fixed_time,,,missing_target_record,,,,,False
3,50,50,77,A_G2_minus_G1_fixed_time,,,missing_target_record,,,,,False
3,50,50,77,A_G1_time_average,,,missing_target_record,,,,,False
3,50,50,77,A_G2_time_average,,,missing_target_record,,,,,False
3,50,50,77,A_G2_minus_G1_time_average,,,missing_target_record,,,,,False
3,50,50,77,B_G1_fixed_time,,,missing_target_record,,,,,False
3,50,50,77,B_G2_fixed_time,,,missing_target_record,,,,,False
3,50,50,77,B_G2_minus_G1_fixed_time,,,missing_target_record,,,,,False
3,50,50,77,B_G1_time_average,,,missing_target_record,,,,,False
3,50,50,77,B_G2_time_average,,,missing_target_record,,,,,False
3,50,50,77,B_G2_minus_G1_time_average,,,missing_target_record,,,,,False
3,50,50,78,A_entry,,,missing_target_record,,,,,False
3,50,50,78,B_entry,,,missing_target_record,,,,,False
3,50,50,78,A_fixed_time_mean,,,missing_target_record,,,,,False
3,50,50,78,B_fixed_time_mean,,,missing_target_record,,,,,False
3,50,50,78,A_full_mean,,,missing_target_record,,,,,False
3,50,50,78,B_full_mean,,,missing_target_record,,,,,False
3,50,50,78,A_G1_fixed_time,,,missing_target_record,,,,,False
3,50,50,78,A_G2_fixed_time,,,missing_target_record,,,,,False
3,50,50,78,A_G2_minus_G1_fixed_time,,,missing_target_record,,,,,False
3,50,50,78,A_G1_time_average,,,missing_target_record,,,,,False
3,50,50,78,A_G2_time_average,,,missing_target_record,,,,,False
3,50,50,78,A_G2_minus_G1_time_average,,,missing_target_record,,,,,False
3,50,50,78,B_G1_fixed_time,,,missing_target_record,,,,,False
3,50,50,78,B_G2_fixed_time,,,missing_target_record,,,,,False
3,50,50,78,B_G2_minus_G1_fixed_time,,,missing_target_record,,,,,False
3,50,50,78,B_G1_time_average,,,missing_target_record,,,,,False
3,50,50,78,B_G2_time_average,,,missing_target_record,,,,,False
3,50,50,78,B_G2_minus_G1_time_average,,,missing_target_record,,,,,False
3,50,50,79,A_entry,,,missing_target_record,,,,,False
3,50,50,79,B_entry,,,missing_target_record,,,,,False
3,50,50,79,A_fixed_time_mean,,,missing_target_record,,,,,False
3,50,50,79,B_fixed_time_mean,,,missing_target_record,,,,,False
3,50,50,79,A_full_mean,,,missing_target_record,,,,,False
3,50,50,79,B_full_mean,,,missing_target_record,,,,,False
3,50,50,79,A_G1_fixed_time,,,missing_target_record,,,,,False
3,50,50,79,A_G2_fixed_time,,,missing_target_record,,,,,False
3,50,50,79,A_G2_minus_G1_fixed_time,,,missing_target_record,,,,,False
3,50,50,79,A_G1_time_average,,,missing_target_record,,,,,False
3,50,50,79,A_G2_time_average,,,missing_target_record,,,,,False
3,50,50,79,A_G2_minus_G1_time_average,,,missing_target_record,,,,,False
3,50,50,79,B_G1_fixed_time,,,missing_target_record,,,,,False
3,50,50,79,B_G2_fixed_time,,,missing_target_record,,,,,False
3,50,50,79,B_G2_minus_G1_fixed_time,,,missing_target_record,,,,,False
3,50,50,79,B_G1_time_average,,,missing_target_record,,,,,False
3,50,50,79,B_G2_time_average,,,missing_target_record,,,,,False
3,50,50,79,B_G2_minus_G1_time_average,,,missing_target_record,,,,,False
3,50,50,80,A_entry,,,missing_target_record,,,,,False
3,50,50,80,B_entry,,,missing_target_record,,,,,False
3,50,50,80,A_fixed_time_mean,,,missing_target_record,,,,,False
3,50,50,80,B_fixed_time_mean,,,missing_target_record,,,,,False
3,50,50,80,A_full_mean,,,missing_target_record,,,,,False
3,50,50,80,B_full_mean,,,missing_target_record,,,,,False
3,50,50,80,A_G1_fixed_time,,,missing_target_record,,,,,False
3,50,50,80,A_G2_fixed_time,,,missing_target_record,,,,,False
3,50,50,80,A_G2_minus_G1_fixed_time,,,missing_target_record,,,,,False
3,50,50,80,A_G1_time_average,,,missing_target_record,,,,,False
3,50,50,80,A_G2_time_average,,,missing_target_record,,,,,False
3,50,50,80,A_G2_minus_G1_time_average,,,missing_target_record,,,,,False
3,50,50,80,B_G1_fixed_time,,,missing_target_record,,,,,False
3,50,50,80,B_G2_fixed_time,,,missing_target_record,,,,,False
3,50,50,80,B_G2_minus_G1_fixed_time,,,missing_target_record,,,,,False
3,50,50,80,B_G1_time_average,,,missing_target_record,,,,,False
3,50,50,80,B_G2_time_average,,,missing_target_record,,,,,False
3,50,50,80,B_G2_minus_G1_time_average,,,missing_target_record,,,,,False
3,50,50,81,A_entry,,,missing_target_record,,,,,False
3,50,50,81,B_entry,,,missing_target_record,,,,,False
3,50,50,81,A_fixed_time_mean,,,missing_target_record,,,,,False
3,50,50,81,B_fixed_time_mean,,,missing_target_record,,,,,False
3,50,50,81,A_full_mean,,,missing_target_record,,,,,False
3,50,50,81,B_full_mean,,,missing_target_record,,,,,False
3,50,50,81,A_G1_fixed_time,,,missing_target_record,,,,,False
3,50,50,81,A_G2_fixed_time,,,missing_target_record,,,,,False
3,50,50,81,A_G2_minus_G1_fixed_time,,,missing_target_record,,,,,False
3,50,50,81,A_G1_time_average,,,missing_target_record,,,,,False
3,50,50,81,A_G2_time_average,,,missing_target_record,,,,,False
3,50,50,81,A_G2_minus_G1_time_average,,,missing_target_record,,,,,False
3,50,50,81,B_G1_fixed_time,,,missing_target_record,,,,,False
3,50,50,81,B_G2_fixed_time,,,missing_target_record,,,,,False
3,50,50,81,B_G2_minus_G1_fixed_time,,,missing_target_record,,,,,False
3,50,50,81,B_G1_time_average,,,missing_target_record,,,,,False
3,50,50,81,B_G2_time_average,,,missing_target_record,,,,,False
3,50,50,81,B_G2_minus_G1_time_average,,,missing_target_record,,,,,False
3,50,50,82,A_entry,,,missing_target_record,,,,,False
3,50,50,82,B_entry,,,missing_target_record,,,,,False
3,50,50,82,A_fixed_time_mean,,,missing_target_record,,,,,False
3,50,50,82,B_fixed_time_mean,,,missing_target_record,,,,,False
3,50,50,82,A_full_mean,,,missing_target_record,,,,,False
3,50,50,82,B_full_mean,,,missing_target_record,,,,,False
3,50,50,82,A_G1_fixed_time,,,missing_target_record,,,,,False
3,50,50,82,A_G2_fixed_time,,,missing_target_record,,,,,False
3,50,50,82,A_G2_minus_G1_fixed_time,,,missing_target_record,,,,,False
3,50,50,82,A_G1_time_average,,,missing_target_record,,,,,False
3,50,50,82,A_G2_time_average,,,missing_target_record,,,,,False
3,50,50,82,A_G2_minus_G1_time_average,,,missing_target_record,,,,,False
3,50,50,82,B_G1_fixed_time,,,missing_target_record,,,,,False
3,50,50,82,B_G2_fixed_time,,,missing_target_record,,,,,False
3,50,50,82,B_G2_minus_G1_fixed_time,,,missing_target_record,,,,,False
3,50,50,82,B_G1_time_average,,,missing_target_record,,,,,False
3,50,50,82,B_G2_time_average,,,missing_target_record,,,,,False
3,50,50,82,B_G2_minus_G1_time_average,,,missing_target_record,,,,,False
3,50,50,83,A_entry,,,missing_target_record,,,,,False
3,50,50,83,B_entry,,,missing_target_record,,,,,False
3,50,50,83,A_fixed_time_mean,,,missing_target_record,,,,,False
3,50,50,83,B_fixed_time_mean,,,missing_target_record,,,,,False
3,50,50,83,A_full_mean,,,missing_target_record,,,,,False
3,50,50,83,B_full_mean,,,missing_target_record,,,,,False
3,50,50,83,A_G1_fixed_time,,,missing_target_record,,,,,False
3,50,50,83,A_G2_fixed_time,,,missing_target_record,,,,,False
3,50,50,83,A_G2_minus_G1_fixed_time,,,missing_target_record,,,,,False
3,50,50,83,A_G1_time_average,,,missing_target_record,,,,,False
3,50,50,83,A_G2_time_average,,,missing_target_record,,,,,False
3,50,50,83,A_G2_minus_G1_time_average,,,missing_target_record,,,,,False
3,50,50,83,B_G1_fixed_time,,,missing_target_record,,,,,False
3,50,50,83,B_G2_fixed_time,,,missing_target_record,,,,,False
3,50,50,83,B_G2_minus_G1_fixed_time,,,missing_target_record,,,,,False
3,50,50,83,B_G1_time_average,,,missing_target_record,,,,,False
3,50,50,83,B_G2_time_average,,,missing_target_record,,,,,False
3,50,50,83,B_G2_minus_G1_time_average,,,missing_target_record,,,,,False
3,50,50,84,A_entry,,,missing_target_record,,,,,False
3,50,50,84,B_entry,,,missing_target_record,,,,,False
3,50,50,84,A_fixed_time_mean,,,missing_target_record,,,,,False
3,50,50,84,B_fixed_time_mean,,,missing_target_record,,,,,False
3,50,50,84,A_full_mean,,,missing_target_record,,,,,False
3,50,50,84,B_full_mean,,,missing_target_record,,,,,False
3,50,50,84,A_G1_fixed_time,,,missing_target_record,,,,,False
3,50,50,84,A_G2_fixed_time,,,missing_target_record,,,,,False
3,50,50,84,A_G2_minus_G1_fixed_time,,,missing_target_record,,,,,False
3,50,50,84,A_G1_time_average,,,missing_target_record,,,,,False
3,50,50,84,A_G2_time_average,,,missing_target_record,,,,,False
3,50,50,84,A_G2_minus_G1_time_average,,,missing_target_record,,,,,False
3,50,50,84,B_G1_fixed_time,,,missing_target_record,,,,,False
3,50,50,84,B_G2_fixed_time,,,missing_target_record,,,,,False
3,50,50,84,B_G2_minus_G1_fixed_time,,,missing_target_record,,,,,False
3,50,50,84,B_G1_time_average,,,missing_target_record,,,,,False
3,50,50,84,B_G2_time_average,,,missing_target_record,,,,,False
3,50,50,84,B_G2_minus_G1_time_average,,,missing_target_record,,,,,False
3,50,50,85,A_entry,,,missing_target_record,,,,,False
3,50,50,85,B_entry,,,missing_target_record,,,,,False
3,50,50,85,A_fixed_time_mean,,,missing_target_record,,,,,False
3,50,50,85,B_fixed_time_mean,,,missing_target_record,,,,,False
3,50,50,85,A_full_mean,,,missing_target_record,,,,,False
3,50,50,85,B_full_mean,,,missing_target_record,,,,,False
3,50,50,85,A_G1_fixed_time,,,missing_target_record,,,,,False
3,50,50,85,A_G2_fixed_time,,,missing_target_record,,,,,False
3,50,50,85,A_G2_minus_G1_fixed_time,,,missing_target_record,,,,,False
3,50,50,85,A_G1_time_average,,,missing_target_record,,,,,False
3,50,50,85,A_G2_time_average,,,missing_target_record,,,,,False
3,50,50,85,A_G2_minus_G1_time_average,,,missing_target_record,,,,,False
3,50,50,85,B_G1_fixed_time,,,missing_target_record,,,,,False
3,50,50,85,B_G2_fixed_time,,,missing_target_record,,,,,False
3,50,50,85,B_G2_minus_G1_fixed_time,,,missing_target_record,,,,,False
3,50,50,85,B_G1_time_average,,,missing_target_record,,,,,False
3,50,50,85,B_G2_time_average,,,missing_target_record,,,,,False
3,50,50,85,B_G2_minus_G1_time_average,,,missing_target_record,,,,,False
3,50,50,86,A_entry,,,missing_target_record,,,,,False
3,50,50,86,B_entry,,,missing_target_record,,,,,False
3,50,50,86,A_fixed_time_mean,,,missing_target_record,,,,,False
3,50,50,86,B_fixed_time_mean,,,missing_target_record,,,,,False
3,50,50,86,A_full_mean,,,missing_target_record,,,,,False
3,50,50,86,B_full_mean,,,missing_target_record,,,,,False
3,50,50,86,A_G1_fixed_time,,,missing_target_record,,,,,False
3,50,50,86,A_G2_fixed_time,,,missing_target_record,,,,,False
3,50,50,86,A_G2_minus_G1_fixed_time,,,missing_target_record,,,,,False
3,50,50,86,A_G1_time_average,,,missing_target_record,,,,,False
3,50,50,86,A_G2_time_average,,,missing_target_record,,,,,False
3,50,50,86,A_G2_minus_G1_time_average,,,missing_target_record,,,,,False
3,50,50,86,B_G1_fixed_time,,,missing_target_record,,,,,False
3,50,50,86,B_G2_fixed_time,,,missing_target_record,,,,,False
3,50,50,86,B_G2_minus_G1_fixed_time,,,missing_target_record,,,,,False
3,50,50,86,B_G1_time_average,,,missing_target_record,,,,,False
3,50,50,86,B_G2_time_average,,,missing_target_record,,,,,False
3,50,50,86,B_G2_minus_G1_time_average,,,missing_target_record,,,,,False
3,50,50,87,A_entry,,,missing_target_record,,,,,False
3,50,50,87,B_entry,,,missing_target_record,,,,,False
3,50,50,87,A_fixed_time_mean,,,missing_target_record,,,,,False
3,50,50,87,B_fixed_time_mean,,,missing_target_record,,,,,False
3,50,50,87,A_full_mean,,,missing_target_record,,,,,False
3,50,50,87,B_full_mean,,,missing_target_record,,,,,False
3,50,50,87,A_G1_fixed_time,,,missing_target_record,,,,,False
3,50,50,87,A_G2_fixed_time,,,missing_target_record,,,,,False
3,50,50,87,A_G2_minus_G1_fixed_time,,,missing_target_record,,,,,False
3,50,50,87,A_G1_time_average,,,missing_target_record,,,,,False
3,50,50,87,A_G2_time_average,,,missing_target_record,,,,,False
3,50,50,87,A_G2_minus_G1_time_average,,,missing_target_record,,,,,False
3,50,50,87,B_G1_fixed_time,,,missing_target_record,,,,,False
3,50,50,87,B_G2_fixed_time,,,missing_target_record,,,,,False
3,50,50,87,B_G2_minus_G1_fixed_time,,,missing_target_record,,,,,False
3,50,50,87,B_G1_time_average,,,missing_target_record,,,,,False
3,50,50,87,B_G2_time_average,,,missing_target_record,,,,,False
3,50,50,87,B_G2_minus_G1_time_average,,,missing_target_record,,,,,False
3,50,50,88,A_entry,,,missing_target_record,,,,,False
3,50,50,88,B_entry,,,missing_target_record,,,,,False
3,50,50,88,A_fixed_time_mean,,,missing_target_record,,,,,False
3,50,50,88,B_fixed_time_mean,,,missing_target_record,,,,,False
3,50,50,88,A_full_mean,,,missing_target_record,,,,,False
3,50,50,88,B_full_mean,,,missing_target_record,,,,,False
3,50,50,88,A_G1_fixed_time,,,missing_target_record,,,,,False
3,50,50,88,A_G2_fixed_time,,,missing_target_record,,,,,False
3,50,50,88,A_G2_minus_G1_fixed_time,,,missing_target_record,,,,,False
3,50,50,88,A_G1_time_average,,,missing_target_record,,,,,False
3,50,50,88,A_G2_time_average,,,missing_target_record,,,,,False
3,50,50,88,A_G2_minus_G1_time_average,,,missing_target_record,,,,,False
3,50,50,88,B_G1_fixed_time,,,missing_target_record,,,,,False
3,50,50,88,B_G2_fixed_time,,,missing_target_record,,,,,False
3,50,50,88,B_G2_minus_G1_fixed_time,,,missing_target_record,,,,,False
3,50,50,88,B_G1_time_average,,,missing_target_record,,,,,False
3,50,50,88,B_G2_time_average,,,missing_target_record,,,,,False
3,50,50,88,B_G2_minus_G1_time_average,,,missing_target_record,,,,,False
3,50,50,89,A_entry,,,missing_target_record,,,,,False
3,50,50,89,B_entry,,,missing_target_record,,,,,False
3,50,50,89,A_fixed_time_mean,,,missing_target_record,,,,,False
3,50,50,89,B_fixed_time_mean,,,missing_target_record,,,,,False
3,50,50,89,A_full_mean,,,missing_target_record,,,,,False
3,50,50,89,B_full_mean,,,missing_target_record,,,,,False
3,50,50,89,A_G1_fixed_time,,,missing_target_record,,,,,False
3,50,50,89,A_G2_fixed_time,,,missing_target_record,,,,,False
3,50,50,89,A_G2_minus_G1_fixed_time,,,missing_target_record,,,,,False
3,50,50,89,A_G1_time_average,,,missing_target_record,,,,,False
3,50,50,89,A_G2_time_average,,,missing_target_record,,,,,False
3,50,50,89,A_G2_minus_G1_time_average,,,missing_target_record,,,,,False
3,50,50,89,B_G1_fixed_time,,,missing_target_record,,,,,False
3,50,50,89,B_G2_fixed_time,,,missing_target_record,,,,,False
3,50,50,89,B_G2_minus_G1_fixed_time,,,missing_target_record,,,,,False
3,50,50,89,B_G1_time_average,,,missing_target_record,,,,,False
3,50,50,89,B_G2_time_average,,,missing_target_record,,,,,False
3,50,50,89,B_G2_minus_G1_time_average,,,missing_target_record,,,,,False
3,50,50,90,A_entry,,,missing_target_record,,,,,False
3,50,50,90,B_entry,,,missing_target_record,,,,,False
3,50,50,90,A_fixed_time_mean,,,missing_target_record,,,,,False
3,50,50,90,B_fixed_time_mean,,,missing_target_record,,,,,False
3,50,50,90,A_full_mean,,,missing_target_record,,,,,False
3,50,50,90,B_full_mean,,,missing_target_record,,,,,False
3,50,50,90,A_G1_fixed_time,,,missing_target_record,,,,,False
3,50,50,90,A_G2_fixed_time,,,missing_target_record,,,,,False
3,50,50,90,A_G2_minus_G1_fixed_time,,,missing_target_record,,,,,False
3,50,50,90,A_G1_time_average,,,missing_target_record,,,,,False
3,50,50,90,A_G2_time_average,,,missing_target_record,,,,,False
3,50,50,90,A_G2_minus_G1_time_average,,,missing_target_record,,,,,False
3,50,50,90,B_G1_fixed_time,,,missing_target_record,,,,,False
3,50,50,90,B_G2_fixed_time,,,missing_target_record,,,,,False
3,50,50,90,B_G2_minus_G1_fixed_time,,,missing_target_record,,,,,False
3,50,50,90,B_G1_time_average,,,missing_target_record,,,,,False
3,50,50,90,B_G2_time_average,,,missing_target_record,,,,,False
3,50,50,90,B_G2_minus_G1_time_average,,,missing_target_record,,,,,False
3,50,50,91,A_entry,,,missing_target_record,,,,,False
3,50,50,91,B_entry,,,missing_target_record,,,,,False
3,50,50,91,A_fixed_time_mean,,,missing_target_record,,,,,False
3,50,50,91,B_fixed_time_mean,,,missing_target_record,,,,,False
3,50,50,91,A_full_mean,,,missing_target_record,,,,,False
3,50,50,91,B_full_mean,,,missing_target_record,,,,,False
3,50,50,91,A_G1_fixed_time,,,missing_target_record,,,,,False
3,50,50,91,A_G2_fixed_time,,,missing_target_record,,,,,False
3,50,50,91,A_G2_minus_G1_fixed_time,,,missing_target_record,,,,,False
3,50,50,91,A_G1_time_average,,,missing_target_record,,,,,False
3,50,50,91,A_G2_time_average,,,missing_target_record,,,,,False
3,50,50,91,A_G2_minus_G1_time_average,,,missing_target_record,,,,,False
3,50,50,91,B_G1_fixed_time,,,missing_target_record,,,,,False
3,50,50,91,B_G2_fixed_time,,,missing_target_record,,,,,False
3,50,50,91,B_G2_minus_G1_fixed_time,,,missing_target_record,,,,,False
3,50,50,91,B_G1_time_average,,,missing_target_record,,,,,False
3,50,50,91,B_G2_time_average,,,missing_target_record,,,,,False
3,50,50,91,B_G2_minus_G1_time_average,,,missing_target_record,,,,,False
3,50,50,92,A_entry,,,missing_target_record,,,,,False
3,50,50,92,B_entry,,,missing_target_record,,,,,False
3,50,50,92,A_fixed_time_mean,,,missing_target_record,,,,,False
3,50,50,92,B_fixed_time_mean,,,missing_target_record,,,,,False
3,50,50,92,A_full_mean,,,missing_target_record,,,,,False
3,50,50,92,B_full_mean,,,missing_target_record,,,,,False
3,50,50,92,A_G1_fixed_time,,,missing_target_record,,,,,False
3,50,50,92,A_G2_fixed_time,,,missing_target_record,,,,,False
3,50,50,92,A_G2_minus_G1_fixed_time,,,missing_target_record,,,,,False
3,50,50,92,A_G1_time_average,,,missing_target_record,,,,,False
3,50,50,92,A_G2_time_average,,,missing_target_record,,,,,False
3,50,50,92,A_G2_minus_G1_time_average,,,missing_target_record,,,,,False
3,50,50,92,B_G1_fixed_time,,,missing_target_record,,,,,False
3,50,50,92,B_G2_fixed_time,,,missing_target_record,,,,,False
3,50,50,92,B_G2_minus_G1_fixed_time,,,missing_target_record,,,,,False
3,50,50,92,B_G1_time_average,,,missing_target_record,,,,,False
3,50,50,92,B_G2_time_average,,,missing_target_record,,,,,False
3,50,50,92,B_G2_minus_G1_time_average,,,missing_target_record,,,,,False
3,50,50,93,A_entry,,,missing_target_record,,,,,False
3,50,50,93,B_entry,,,missing_target_record,,,,,False
3,50,50,93,A_fixed_time_mean,,,missing_target_record,,,,,False
3,50,50,93,B_fixed_time_mean,,,missing_target_record,,,,,False
3,50,50,93,A_full_mean,,,missing_target_record,,,,,False
3,50,50,93,B_full_mean,,,missing_target_record,,,,,False
3,50,50,93,A_G1_fixed_time,,,missing_target_record,,,,,False
3,50,50,93,A_G2_fixed_time,,,missing_target_record,,,,,False
3,50,50,93,A_G2_minus_G1_fixed_time,,,missing_target_record,,,,,False
3,50,50,93,A_G1_time_average,,,missing_target_record,,,,,False
3,50,50,93,A_G2_time_average,,,missing_target_record,,,,,False
3,50,50,93,A_G2_minus_G1_time_average,,,missing_target_record,,,,,False
3,50,50,93,B_G1_fixed_time,,,missing_target_record,,,,,False
3,50,50,93,B_G2_fixed_time,,,missing_target_record,,,,,False
3,50,50,93,B_G2_minus_G1_fixed_time,,,missing_target_record,,,,,False
3,50,50,93,B_G1_time_average,,,missing_target_record,,,,,False
3,50,50,93,B_G2_time_average,,,missing_target_record,,,,,False
3,50,50,93,B_G2_minus_G1_time_average,,,missing_target_record,,,,,False
3,50,50,94,A_entry,,,missing_target_record,,,,,False
3,50,50,94,B_entry,,,missing_target_record,,,,,False
3,50,50,94,A_fixed_time_mean,,,missing_target_record,,,,,False
3,50,50,94,B_fixed_time_mean,,,missing_target_record,,,,,False
3,50,50,94,A_full_mean,,,missing_target_record,,,,,False
3,50,50,94,B_full_mean,,,missing_target_record,,,,,False
3,50,50,94,A_G1_fixed_time,,,missing_target_record,,,,,False
3,50,50,94,A_G2_fixed_time,,,missing_target_record,,,,,False
3,50,50,94,A_G2_minus_G1_fixed_time,,,missing_target_record,,,,,False
3,50,50,94,A_G1_time_average,,,missing_target_record,,,,,False
3,50,50,94,A_G2_time_average,,,missing_target_record,,,,,False
3,50,50,94,A_G2_minus_G1_time_average,,,missing_target_record,,,,,False
3,50,50,94,B_G1_fixed_time,,,missing_target_record,,,,,False
3,50,50,94,B_G2_fixed_time,,,missing_target_record,,,,,False
3,50,50,94,B_G2_minus_G1_fixed_time,,,missing_target_record,,,,,False
3,50,50,94,B_G1_time_average,,,missing_target_record,,,,,False
3,50,50,94,B_G2_time_average,,,missing_target_record,,,,,False
3,50,50,94,B_G2_minus_G1_time_average,,,missing_target_record,,,,,False
3,50,50,95,A_entry,,,missing_target_record,,,,,False
3,50,50,95,B_entry,,,missing_target_record,,,,,False
3,50,50,95,A_fixed_time_mean,,,missing_target_record,,,,,False
3,50,50,95,B_fixed_time_mean,,,missing_target_record,,,,,False
3,50,50,95,A_full_mean,,,missing_target_record,,,,,False
3,50,50,95,B_full_mean,,,missing_target_record,,,,,False
3,50,50,95,A_G1_fixed_time,,,missing_target_record,,,,,False
3,50,50,95,A_G2_fixed_time,,,missing_target_record,,,,,False
3,50,50,95,A_G2_minus_G1_fixed_time,,,missing_target_record,,,,,False
3,50,50,95,A_G1_time_average,,,missing_target_record,,,,,False
3,50,50,95,A_G2_time_average,,,missing_target_record,,,,,False
3,50,50,95,A_G2_minus_G1_time_average,,,missing_target_record,,,,,False
3,50,50,95,B_G1_fixed_time,,,missing_target_record,,,,,False
3,50,50,95,B_G2_fixed_time,,,missing_target_record,,,,,False
3,50,50,95,B_G2_minus_G1_fixed_time,,,missing_target_record,,,,,False
3,50,50,95,B_G1_time_average,,,missing_target_record,,,,,False
3,50,50,95,B_G2_time_average,,,missing_target_record,,,,,False
3,50,50,95,B_G2_minus_G1_time_average,,,missing_target_record,,,,,False
3,50,50,96,A_entry,,,missing_target_record,,,,,False
3,50,50,96,B_entry,,,missing_target_record,,,,,False
3,50,50,96,A_fixed_time_mean,,,missing_target_record,,,,,False
3,50,50,96,B_fixed_time_mean,,,missing_target_record,,,,,False
3,50,50,96,A_full_mean,,,missing_target_record,,,,,False
3,50,50,96,B_full_mean,,,missing_target_record,,,,,False
3,50,50,96,A_G1_fixed_time,,,missing_target_record,,,,,False
3,50,50,96,A_G2_fixed_time,,,missing_target_record,,,,,False
3,50,50,96,A_G2_minus_G1_fixed_time,,,missing_target_record,,,,,False
3,50,50,96,A_G1_time_average,,,missing_target_record,,,,,False
3,50,50,96,A_G2_time_average,,,missing_target_record,,,,,False
3,50,50,96,A_G2_minus_G1_time_average,,,missing_target_record,,,,,False
3,50,50,96,B_G1_fixed_time,,,missing_target_record,,,,,False
3,50,50,96,B_G2_fixed_time,,,missing_target_record,,,,,False
3,50,50,96,B_G2_minus_G1_fixed_time,,,missing_target_record,,,,,False
3,50,50,96,B_G1_time_average,,,missing_target_record,,,,,False
3,50,50,96,B_G2_time_average,,,missing_target_record,,,,,False
3,50,50,96,B_G2_minus_G1_time_average,,,missing_target_record,,,,,False
3,50,50,97,A_entry,,,missing_target_record,,,,,False
3,50,50,97,B_entry,,,missing_target_record,,,,,False
3,50,50,97,A_fixed_time_mean,,,missing_target_record,,,,,False
3,50,50,97,B_fixed_time_mean,,,missing_target_record,,,,,False
3,50,50,97,A_full_mean,,,missing_target_record,,,,,False
3,50,50,97,B_full_mean,,,missing_target_record,,,,,False
3,50,50,97,A_G1_fixed_time,,,missing_target_record,,,,,False
3,50,50,97,A_G2_fixed_time,,,missing_target_record,,,,,False
3,50,50,97,A_G2_minus_G1_fixed_time,,,missing_target_record,,,,,False
3,50,50,97,A_G1_time_average,,,missing_target_record,,,,,False
3,50,50,97,A_G2_time_average,,,missing_target_record,,,,,False
3,50,50,97,A_G2_minus_G1_time_average,,,missing_target_record,,,,,False
3,50,50,97,B_G1_fixed_time,,,missing_target_record,,,,,False
3,50,50,97,B_G2_fixed_time,,,missing_target_record,,,,,False
3,50,50,97,B_G2_minus_G1_fixed_time,,,missing_target_record,,,,,False
3,50,50,97,B_G1_time_average,,,missing_target_record,,,,,False
3,50,50,97,B_G2_time_average,,,missing_target_record,,,,,False
3,50,50,97,B_G2_minus_G1_time_average,,,missing_target_record,,,,,False
3,50,50,98,A_entry,,,missing_target_record,,,,,False
3,50,50,98,B_entry,,,missing_target_record,,,,,False
3,50,50,98,A_fixed_time_mean,,,missing_target_record,,,,,False
3,50,50,98,B_fixed_time_mean,,,missing_target_record,,,,,False
3,50,50,98,A_full_mean,,,missing_target_record,,,,,False
3,50,50,98,B_full_mean,,,missing_target_record,,,,,False
3,50,50,98,A_G1_fixed_time,,,missing_target_record,,,,,False
3,50,50,98,A_G2_fixed_time,,,missing_target_record,,,,,False
3,50,50,98,A_G2_minus_G1_fixed_time,,,missing_target_record,,,,,False
3,50,50,98,A_G1_time_average,,,missing_target_record,,,,,False
3,50,50,98,A_G2_time_average,,,missing_target_record,,,,,False
3,50,50,98,A_G2_minus_G1_time_average,,,missing_target_record,,,,,False
3,50,50,98,B_G1_fixed_time,,,missing_target_record,,,,,False
3,50,50,98,B_G2_fixed_time,,,missing_target_record,,,,,False
3,50,50,98,B_G2_minus_G1_fixed_time,,,missing_target_record,,,,,False
3,50,50,98,B_G1_time_average,,,missing_target_record,,,,,False
3,50,50,98,B_G2_time_average,,,missing_target_record,,,,,False
3,50,50,98,B_G2_minus_G1_time_average,,,missing_target_record,,,,,False
3,50,50,99,A_entry,,,missing_target_record,,,,,False
3,50,50,99,B_entry,,,missing_target_record,,,,,False
3,50,50,99,A_fixed_time_mean,,,missing_target_record,,,,,False
3,50,50,99,B_fixed_time_mean,,,missing_target_record,,,,,False
3,50,50,99,A_full_mean,,,missing_target_record,,,,,False
3,50,50,99,B_full_mean,,,missing_target_record,,,,,False
3,50,50,99,A_G1_fixed_time,,,missing_target_record,,,,,False
3,50,50,99,A_G2_fixed_time,,,missing_target_record,,,,,False
3,50,50,99,A_G2_minus_G1_fixed_time,,,missing_target_record,,,,,False
3,50,50,99,A_G1_time_average,,,missing_target_record,,,,,False
3,50,50,99,A_G2_time_average,,,missing_target_record,,,,,False
3,50,50,99,A_G2_minus_G1_time_average,,,missing_target_record,,,,,False
3,50,50,99,B_G1_fixed_time,,,missing_target_record,,,,,False
3,50,50,99,B_G2_fixed_time,,,missing_target_record,,,,,False
3,50,50,99,B_G2_minus_G1_fixed_time,,,missing_target_record,,,,,False
3,50,50,99,B_G1_time_average,,,missing_target_record,,,,,False
3,50,50,99,B_G2_time_average,,,missing_target_record,,,,,False
3,50,50,99,B_G2_minus_G1_time_average,,,missing_target_record,,,,,False
3,100,100,0,A_entry,,,missing_target_record,,,,,False
3,100,100,0,B_entry,,,missing_target_record,,,,,False
3,100,100,0,A_fixed_time_mean,,,missing_target_record,,,,,False
3,100,100,0,B_fixed_time_mean,,,missing_target_record,,,,,False
3,100,100,0,A_full_mean,,,missing_target_record,,,,,False
3,100,100,0,B_full_mean,,,missing_target_record,,,,,False
3,100,100,0,A_G1_fixed_time,,,missing_target_record,,,,,False
3,100,100,0,A_G2_fixed_time,,,missing_target_record,,,,,False
3,100,100,0,A_G2_minus_G1_fixed_time,,,missing_target_record,,,,,False
3,100,100,0,A_G1_time_average,,,missing_target_record,,,,,False
3,100,100,0,A_G2_time_average,,,missing_target_record,,,,,False
3,100,100,0,A_G2_minus_G1_time_average,,,missing_target_record,,,,,False
3,100,100,0,B_G1_fixed_time,,,missing_target_record,,,,,False
3,100,100,0,B_G2_fixed_time,,,missing_target_record,,,,,False
3,100,100,0,B_G2_minus_G1_fixed_time,,,missing_target_record,,,,,False
3,100,100,0,B_G1_time_average,,,missing_target_record,,,,,False
3,100,100,0,B_G2_time_average,,,missing_target_record,,,,,False
3,100,100,0,B_G2_minus_G1_time_average,,,missing_target_record,,,,,False
3,100,100,1,A_entry,,,missing_target_record,,,,,False
3,100,100,1,B_entry,,,missing_target_record,,,,,False
3,100,100,1,A_fixed_time_mean,,,missing_target_record,,,,,False
3,100,100,1,B_fixed_time_mean,,,missing_target_record,,,,,False
3,100,100,1,A_full_mean,,,missing_target_record,,,,,False
3,100,100,1,B_full_mean,,,missing_target_record,,,,,False
3,100,100,1,A_G1_fixed_time,,,missing_target_record,,,,,False
3,100,100,1,A_G2_fixed_time,,,missing_target_record,,,,,False
3,100,100,1,A_G2_minus_G1_fixed_time,,,missing_target_record,,,,,False
3,100,100,1,A_G1_time_average,,,missing_target_record,,,,,False
3,100,100,1,A_G2_time_average,,,missing_target_record,,,,,False
3,100,100,1,A_G2_minus_G1_time_average,,,missing_target_record,,,,,False
3,100,100,1,B_G1_fixed_time,,,missing_target_record,,,,,False
3,100,100,1,B_G2_fixed_time,,,missing_target_record,,,,,False
3,100,100,1,B_G2_minus_G1_fixed_time,,,missing_target_record,,,,,False
3,100,100,1,B_G1_time_average,,,missing_target_record,,,,,False
3,100,100,1,B_G2_time_average,,,missing_target_record,,,,,False
3,100,100,1,B_G2_minus_G1_time_average,,,missing_target_record,,,,,False
3,100,100,2,A_entry,,,missing_target_record,,,,,False
3,100,100,2,B_entry,,,missing_target_record,,,,,False
3,100,100,2,A_fixed_time_mean,,,missing_target_record,,,,,False
3,100,100,2,B_fixed_time_mean,,,missing_target_record,,,,,False
3,100,100,2,A_full_mean,,,missing_target_record,,,,,False
3,100,100,2,B_full_mean,,,missing_target_record,,,,,False
3,100,100,2,A_G1_fixed_time,,,missing_target_record,,,,,False
3,100,100,2,A_G2_fixed_time,,,missing_target_record,,,,,False
3,100,100,2,A_G2_minus_G1_fixed_time,,,missing_target_record,,,,,False
3,100,100,2,A_G1_time_average,,,missing_target_record,,,,,False
3,100,100,2,A_G2_time_average,,,missing_target_record,,,,,False
3,100,100,2,A_G2_minus_G1_time_average,,,missing_target_record,,,,,False
3,100,100,2,B_G1_fixed_time,,,missing_target_record,,,,,False
3,100,100,2,B_G2_fixed_time,,,missing_target_record,,,,,False
3,100,100,2,B_G2_minus_G1_fixed_time,,,missing_target_record,,,,,False
3,100,100,2,B_G1_time_average,,,missing_target_record,,,,,False
3,100,100,2,B_G2_time_average,,,missing_target_record,,,,,False
3,100,100,2,B_G2_minus_G1_time_average,,,missing_target_record,,,,,False
3,100,100,3,A_entry,,,missing_target_record,,,,,False
3,100,100,3,B_entry,,,missing_target_record,,,,,False
3,100,100,3,A_fixed_time_mean,,,missing_target_record,,,,,False
3,100,100,3,B_fixed_time_mean,,,missing_target_record,,,,,False
3,100,100,3,A_full_mean,,,missing_target_record,,,,,False
3,100,100,3,B_full_mean,,,missing_target_record,,,,,False
3,100,100,3,A_G1_fixed_time,,,missing_target_record,,,,,False
3,100,100,3,A_G2_fixed_time,,,missing_target_record,,,,,False
3,100,100,3,A_G2_minus_G1_fixed_time,,,missing_target_record,,,,,False
3,100,100,3,A_G1_time_average,,,missing_target_record,,,,,False
3,100,100,3,A_G2_time_average,,,missing_target_record,,,,,False
3,100,100,3,A_G2_minus_G1_time_average,,,missing_target_record,,,,,False
3,100,100,3,B_G1_fixed_time,,,missing_target_record,,,,,False
3,100,100,3,B_G2_fixed_time,,,missing_target_record,,,,,False
3,100,100,3,B_G2_minus_G1_fixed_time,,,missing_target_record,,,,,False
3,100,100,3,B_G1_time_average,,,missing_target_record,,,,,False
3,100,100,3,B_G2_time_average,,,missing_target_record,,,,,False
3,100,100,3,B_G2_minus_G1_time_average,,,missing_target_record,,,,,False
3,100,100,4,A_entry,,,missing_target_record,,,,,False
3,100,100,4,B_entry,,,missing_target_record,,,,,False
3,100,100,4,A_fixed_time_mean,,,missing_target_record,,,,,False
3,100,100,4,B_fixed_time_mean,,,missing_target_record,,,,,False
3,100,100,4,A_full_mean,,,missing_target_record,,,,,False
3,100,100,4,B_full_mean,,,missing_target_record,,,,,False
3,100,100,4,A_G1_fixed_time,,,missing_target_record,,,,,False
3,100,100,4,A_G2_fixed_time,,,missing_target_record,,,,,False
3,100,100,4,A_G2_minus_G1_fixed_time,,,missing_target_record,,,,,False
3,100,100,4,A_G1_time_average,,,missing_target_record,,,,,False
3,100,100,4,A_G2_time_average,,,missing_target_record,,,,,False
3,100,100,4,A_G2_minus_G1_time_average,,,missing_target_record,,,,,False
3,100,100,4,B_G1_fixed_time,,,missing_target_record,,,,,False
3,100,100,4,B_G2_fixed_time,,,missing_target_record,,,,,False
3,100,100,4,B_G2_minus_G1_fixed_time,,,missing_target_record,,,,,False
3,100,100,4,B_G1_time_average,,,missing_target_record,,,,,False
3,100,100,4,B_G2_time_average,,,missing_target_record,,,,,False
3,100,100,4,B_G2_minus_G1_time_average,,,missing_target_record,,,,,False
3,100,100,5,A_entry,,,missing_target_record,,,,,False
3,100,100,5,B_entry,,,missing_target_record,,,,,False
3,100,100,5,A_fixed_time_mean,,,missing_target_record,,,,,False
3,100,100,5,B_fixed_time_mean,,,missing_target_record,,,,,False
3,100,100,5,A_full_mean,,,missing_target_record,,,,,False
3,100,100,5,B_full_mean,,,missing_target_record,,,,,False
3,100,100,5,A_G1_fixed_time,,,missing_target_record,,,,,False
3,100,100,5,A_G2_fixed_time,,,missing_target_record,,,,,False
3,100,100,5,A_G2_minus_G1_fixed_time,,,missing_target_record,,,,,False
3,100,100,5,A_G1_time_average,,,missing_target_record,,,,,False
3,100,100,5,A_G2_time_average,,,missing_target_record,,,,,False
3,100,100,5,A_G2_minus_G1_time_average,,,missing_target_record,,,,,False
3,100,100,5,B_G1_fixed_time,,,missing_target_record,,,,,False
3,100,100,5,B_G2_fixed_time,,,missing_target_record,,,,,False
3,100,100,5,B_G2_minus_G1_fixed_time,,,missing_target_record,,,,,False
3,100,100,5,B_G1_time_average,,,missing_target_record,,,,,False
3,100,100,5,B_G2_time_average,,,missing_target_record,,,,,False
3,100,100,5,B_G2_minus_G1_time_average,,,missing_target_record,,,,,False
3,100,100,6,A_entry,,,missing_target_record,,,,,False
3,100,100,6,B_entry,,,missing_target_record,,,,,False
3,100,100,6,A_fixed_time_mean,,,missing_target_record,,,,,False
3,100,100,6,B_fixed_time_mean,,,missing_target_record,,,,,False
3,100,100,6,A_full_mean,,,missing_target_record,,,,,False
3,100,100,6,B_full_mean,,,missing_target_record,,,,,False
3,100,100,6,A_G1_fixed_time,,,missing_target_record,,,,,False
3,100,100,6,A_G2_fixed_time,,,missing_target_record,,,,,False
3,100,100,6,A_G2_minus_G1_fixed_time,,,missing_target_record,,,,,False
3,100,100,6,A_G1_time_average,,,missing_target_record,,,,,False
3,100,100,6,A_G2_time_average,,,missing_target_record,,,,,False
3,100,100,6,A_G2_minus_G1_time_average,,,missing_target_record,,,,,False
3,100,100,6,B_G1_fixed_time,,,missing_target_record,,,,,False
3,100,100,6,B_G2_fixed_time,,,missing_target_record,,,,,False
3,100,100,6,B_G2_minus_G1_fixed_time,,,missing_target_record,,,,,False
3,100,100,6,B_G1_time_average,,,missing_target_record,,,,,False
3,100,100,6,B_G2_time_average,,,missing_target_record,,,,,False
3,100,100,6,B_G2_minus_G1_time_average,,,missing_target_record,,,,,False
3,100,100,7,A_entry,,,missing_target_record,,,,,False
3,100,100,7,B_entry,,,missing_target_record,,,,,False
3,100,100,7,A_fixed_time_mean,,,missing_target_record,,,,,False
3,100,100,7,B_fixed_time_mean,,,missing_target_record,,,,,False
3,100,100,7,A_full_mean,,,missing_target_record,,,,,False
3,100,100,7,B_full_mean,,,missing_target_record,,,,,False
3,100,100,7,A_G1_fixed_time,,,missing_target_record,,,,,False
3,100,100,7,A_G2_fixed_time,,,missing_target_record,,,,,False
3,100,100,7,A_G2_minus_G1_fixed_time,,,missing_target_record,,,,,False
3,100,100,7,A_G1_time_average,,,missing_target_record,,,,,False
3,100,100,7,A_G2_time_average,,,missing_target_record,,,,,False
3,100,100,7,A_G2_minus_G1_time_average,,,missing_target_record,,,,,False
3,100,100,7,B_G1_fixed_time,,,missing_target_record,,,,,False
3,100,100,7,B_G2_fixed_time,,,missing_target_record,,,,,False
3,100,100,7,B_G2_minus_G1_fixed_time,,,missing_target_record,,,,,False
3,100,100,7,B_G1_time_average,,,missing_target_record,,,,,False
3,100,100,7,B_G2_time_average,,,missing_target_record,,,,,False
3,100,100,7,B_G2_minus_G1_time_average,,,missing_target_record,,,,,False
3,100,100,8,A_entry,,,missing_target_record,,,,,False
3,100,100,8,B_entry,,,missing_target_record,,,,,False
3,100,100,8,A_fixed_time_mean,,,missing_target_record,,,,,False
3,100,100,8,B_fixed_time_mean,,,missing_target_record,,,,,False
3,100,100,8,A_full_mean,,,missing_target_record,,,,,False
3,100,100,8,B_full_mean,,,missing_target_record,,,,,False
3,100,100,8,A_G1_fixed_time,,,missing_target_record,,,,,False
3,100,100,8,A_G2_fixed_time,,,missing_target_record,,,,,False
3,100,100,8,A_G2_minus_G1_fixed_time,,,missing_target_record,,,,,False
3,100,100,8,A_G1_time_average,,,missing_target_record,,,,,False
3,100,100,8,A_G2_time_average,,,missing_target_record,,,,,False
3,100,100,8,A_G2_minus_G1_time_average,,,missing_target_record,,,,,False
3,100,100,8,B_G1_fixed_time,,,missing_target_record,,,,,False
3,100,100,8,B_G2_fixed_time,,,missing_target_record,,,,,False
3,100,100,8,B_G2_minus_G1_fixed_time,,,missing_target_record,,,,,False
3,100,100,8,B_G1_time_average,,,missing_target_record,,,,,False
3,100,100,8,B_G2_time_average,,,missing_target_record,,,,,False
3,100,100,8,B_G2_minus_G1_time_average,,,missing_target_record,,,,,False
3,100,100,9,A_entry,,,missing_target_record,,,,,False
3,100,100,9,B_entry,,,missing_target_record,,,,,False
3,100,100,9,A_fixed_time_mean,,,missing_target_record,,,,,False
3,100,100,9,B_fixed_time_mean,,,missing_target_record,,,,,False
3,100,100,9,A_full_mean,,,missing_target_record,,,,,False
3,100,100,9,B_full_mean,,,missing_target_record,,,,,False
3,100,100,9,A_G1_fixed_time,,,missing_target_record,,,,,False
3,100,100,9,A_G2_fixed_time,,,missing_target_record,,,,,False
3,100,100,9,A_G2_minus_G1_fixed_time,,,missing_target_record,,,,,False
3,100,100,9,A_G1_time_average,,,missing_target_record,,,,,False
3,100,100,9,A_G2_time_average,,,missing_target_record,,,,,False
3,100,100,9,A_G2_minus_G1_time_average,,,missing_target_record,,,,,False
3,100,100,9,B_G1_fixed_time,,,missing_target_record,,,,,False
3,100,100,9,B_G2_fixed_time,,,missing_target_record,,,,,False
3,100,100,9,B_G2_minus_G1_fixed_time,,,missing_target_record,,,,,False
3,100,100,9,B_G1_time_average,,,missing_target_record,,,,,False
3,100,100,9,B_G2_time_average,,,missing_target_record,,,,,False
3,100,100,9,B_G2_minus_G1_time_average,,,missing_target_record,,,,,False
3,100,100,10,A_entry,,,missing_target_record,,,,,False
3,100,100,10,B_entry,,,missing_target_record,,,,,False
3,100,100,10,A_fixed_time_mean,,,missing_target_record,,,,,False
3,100,100,10,B_fixed_time_mean,,,missing_target_record,,,,,False
3,100,100,10,A_full_mean,,,missing_target_record,,,,,False
3,100,100,10,B_full_mean,,,missing_target_record,,,,,False
3,100,100,10,A_G1_fixed_time,,,missing_target_record,,,,,False
3,100,100,10,A_G2_fixed_time,,,missing_target_record,,,,,False
3,100,100,10,A_G2_minus_G1_fixed_time,,,missing_target_record,,,,,False
3,100,100,10,A_G1_time_average,,,missing_target_record,,,,,False
3,100,100,10,A_G2_time_average,,,missing_target_record,,,,,False
3,100,100,10,A_G2_minus_G1_time_average,,,missing_target_record,,,,,False
3,100,100,10,B_G1_fixed_time,,,missing_target_record,,,,,False
3,100,100,10,B_G2_fixed_time,,,missing_target_record,,,,,False
3,100,100,10,B_G2_minus_G1_fixed_time,,,missing_target_record,,,,,False
3,100,100,10,B_G1_time_average,,,missing_target_record,,,,,False
3,100,100,10,B_G2_time_average,,,missing_target_record,,,,,False
3,100,100,10,B_G2_minus_G1_time_average,,,missing_target_record,,,,,False
3,100,100,11,A_entry,,,missing_target_record,,,,,False
3,100,100,11,B_entry,,,missing_target_record,,,,,False
3,100,100,11,A_fixed_time_mean,,,missing_target_record,,,,,False
3,100,100,11,B_fixed_time_mean,,,missing_target_record,,,,,False
3,100,100,11,A_full_mean,,,missing_target_record,,,,,False
3,100,100,11,B_full_mean,,,missing_target_record,,,,,False
3,100,100,11,A_G1_fixed_time,,,missing_target_record,,,,,False
3,100,100,11,A_G2_fixed_time,,,missing_target_record,,,,,False
3,100,100,11,A_G2_minus_G1_fixed_time,,,missing_target_record,,,,,False
3,100,100,11,A_G1_time_average,,,missing_target_record,,,,,False
3,100,100,11,A_G2_time_average,,,missing_target_record,,,,,False
3,100,100,11,A_G2_minus_G1_time_average,,,missing_target_record,,,,,False
3,100,100,11,B_G1_fixed_time,,,missing_target_record,,,,,False
3,100,100,11,B_G2_fixed_time,,,missing_target_record,,,,,False
3,100,100,11,B_G2_minus_G1_fixed_time,,,missing_target_record,,,,,False
3,100,100,11,B_G1_time_average,,,missing_target_record,,,,,False
3,100,100,11,B_G2_time_average,,,missing_target_record,,,,,False
3,100,100,11,B_G2_minus_G1_time_average,,,missing_target_record,,,,,False
3,100,100,12,A_entry,,,missing_target_record,,,,,False
3,100,100,12,B_entry,,,missing_target_record,,,,,False
3,100,100,12,A_fixed_time_mean,,,missing_target_record,,,,,False
3,100,100,12,B_fixed_time_mean,,,missing_target_record,,,,,False
3,100,100,12,A_full_mean,,,missing_target_record,,,,,False
3,100,100,12,B_full_mean,,,missing_target_record,,,,,False
3,100,100,12,A_G1_fixed_time,,,missing_target_record,,,,,False
3,100,100,12,A_G2_fixed_time,,,missing_target_record,,,,,False
3,100,100,12,A_G2_minus_G1_fixed_time,,,missing_target_record,,,,,False
3,100,100,12,A_G1_time_average,,,missing_target_record,,,,,False
3,100,100,12,A_G2_time_average,,,missing_target_record,,,,,False
3,100,100,12,A_G2_minus_G1_time_average,,,missing_target_record,,,,,False
3,100,100,12,B_G1_fixed_time,,,missing_target_record,,,,,False
3,100,100,12,B_G2_fixed_time,,,missing_target_record,,,,,False
3,100,100,12,B_G2_minus_G1_fixed_time,,,missing_target_record,,,,,False
3,100,100,12,B_G1_time_average,,,missing_target_record,,,,,False
3,100,100,12,B_G2_time_average,,,missing_target_record,,,,,False
3,100,100,12,B_G2_minus_G1_time_average,,,missing_target_record,,,,,False
3,100,100,13,A_entry,,,missing_target_record,,,,,False
3,100,100,13,B_entry,,,missing_target_record,,,,,False
3,100,100,13,A_fixed_time_mean,,,missing_target_record,,,,,False
3,100,100,13,B_fixed_time_mean,,,missing_target_record,,,,,False
3,100,100,13,A_full_mean,,,missing_target_record,,,,,False
3,100,100,13,B_full_mean,,,missing_target_record,,,,,False
3,100,100,13,A_G1_fixed_time,,,missing_target_record,,,,,False
3,100,100,13,A_G2_fixed_time,,,missing_target_record,,,,,False
3,100,100,13,A_G2_minus_G1_fixed_time,,,missing_target_record,,,,,False
3,100,100,13,A_G1_time_average,,,missing_target_record,,,,,False
3,100,100,13,A_G2_time_average,,,missing_target_record,,,,,False
3,100,100,13,A_G2_minus_G1_time_average,,,missing_target_record,,,,,False
3,100,100,13,B_G1_fixed_time,,,missing_target_record,,,,,False
3,100,100,13,B_G2_fixed_time,,,missing_target_record,,,,,False
3,100,100,13,B_G2_minus_G1_fixed_time,,,missing_target_record,,,,,False
3,100,100,13,B_G1_time_average,,,missing_target_record,,,,,False
3,100,100,13,B_G2_time_average,,,missing_target_record,,,,,False
3,100,100,13,B_G2_minus_G1_time_average,,,missing_target_record,,,,,False
3,100,100,14,A_entry,,,missing_target_record,,,,,False
3,100,100,14,B_entry,,,missing_target_record,,,,,False
3,100,100,14,A_fixed_time_mean,,,missing_target_record,,,,,False
3,100,100,14,B_fixed_time_mean,,,missing_target_record,,,,,False
3,100,100,14,A_full_mean,,,missing_target_record,,,,,False
3,100,100,14,B_full_mean,,,missing_target_record,,,,,False
3,100,100,14,A_G1_fixed_time,,,missing_target_record,,,,,False
3,100,100,14,A_G2_fixed_time,,,missing_target_record,,,,,False
3,100,100,14,A_G2_minus_G1_fixed_time,,,missing_target_record,,,,,False
3,100,100,14,A_G1_time_average,,,missing_target_record,,,,,False
3,100,100,14,A_G2_time_average,,,missing_target_record,,,,,False
3,100,100,14,A_G2_minus_G1_time_average,,,missing_target_record,,,,,False
3,100,100,14,B_G1_fixed_time,,,missing_target_record,,,,,False
3,100,100,14,B_G2_fixed_time,,,missing_target_record,,,,,False
3,100,100,14,B_G2_minus_G1_fixed_time,,,missing_target_record,,,,,False
3,100,100,14,B_G1_time_average,,,missing_target_record,,,,,False
3,100,100,14,B_G2_time_average,,,missing_target_record,,,,,False
3,100,100,14,B_G2_minus_G1_time_average,,,missing_target_record,,,,,False
3,100,100,15,A_entry,,,missing_target_record,,,,,False
3,100,100,15,B_entry,,,missing_target_record,,,,,False
3,100,100,15,A_fixed_time_mean,,,missing_target_record,,,,,False
3,100,100,15,B_fixed_time_mean,,,missing_target_record,,,,,False
3,100,100,15,A_full_mean,,,missing_target_record,,,,,False
3,100,100,15,B_full_mean,,,missing_target_record,,,,,False
3,100,100,15,A_G1_fixed_time,,,missing_target_record,,,,,False
3,100,100,15,A_G2_fixed_time,,,missing_target_record,,,,,False
3,100,100,15,A_G2_minus_G1_fixed_time,,,missing_target_record,,,,,False
3,100,100,15,A_G1_time_average,,,missing_target_record,,,,,False
3,100,100,15,A_G2_time_average,,,missing_target_record,,,,,False
3,100,100,15,A_G2_minus_G1_time_average,,,missing_target_record,,,,,False
3,100,100,15,B_G1_fixed_time,,,missing_target_record,,,,,False
3,100,100,15,B_G2_fixed_time,,,missing_target_record,,,,,False
3,100,100,15,B_G2_minus_G1_fixed_time,,,missing_target_record,,,,,False
3,100,100,15,B_G1_time_average,,,missing_target_record,,,,,False
3,100,100,15,B_G2_time_average,,,missing_target_record,,,,,False
3,100,100,15,B_G2_minus_G1_time_average,,,missing_target_record,,,,,False
3,100,100,16,A_entry,,,missing_target_record,,,,,False
3,100,100,16,B_entry,,,missing_target_record,,,,,False
3,100,100,16,A_fixed_time_mean,,,missing_target_record,,,,,False
3,100,100,16,B_fixed_time_mean,,,missing_target_record,,,,,False
3,100,100,16,A_full_mean,,,missing_target_record,,,,,False
3,100,100,16,B_full_mean,,,missing_target_record,,,,,False
3,100,100,16,A_G1_fixed_time,,,missing_target_record,,,,,False
3,100,100,16,A_G2_fixed_time,,,missing_target_record,,,,,False
3,100,100,16,A_G2_minus_G1_fixed_time,,,missing_target_record,,,,,False
3,100,100,16,A_G1_time_average,,,missing_target_record,,,,,False
3,100,100,16,A_G2_time_average,,,missing_target_record,,,,,False
3,100,100,16,A_G2_minus_G1_time_average,,,missing_target_record,,,,,False
3,100,100,16,B_G1_fixed_time,,,missing_target_record,,,,,False
3,100,100,16,B_G2_fixed_time,,,missing_target_record,,,,,False
3,100,100,16,B_G2_minus_G1_fixed_time,,,missing_target_record,,,,,False
3,100,100,16,B_G1_time_average,,,missing_target_record,,,,,False
3,100,100,16,B_G2_time_average,,,missing_target_record,,,,,False
3,100,100,16,B_G2_minus_G1_time_average,,,missing_target_record,,,,,False
3,100,100,17,A_entry,,,missing_target_record,,,,,False
3,100,100,17,B_entry,,,missing_target_record,,,,,False
3,100,100,17,A_fixed_time_mean,,,missing_target_record,,,,,False
3,100,100,17,B_fixed_time_mean,,,missing_target_record,,,,,False
3,100,100,17,A_full_mean,,,missing_target_record,,,,,False
3,100,100,17,B_full_mean,,,missing_target_record,,,,,False
3,100,100,17,A_G1_fixed_time,,,missing_target_record,,,,,False
3,100,100,17,A_G2_fixed_time,,,missing_target_record,,,,,False
3,100,100,17,A_G2_minus_G1_fixed_time,,,missing_target_record,,,,,False
3,100,100,17,A_G1_time_average,,,missing_target_record,,,,,False
3,100,100,17,A_G2_time_average,,,missing_target_record,,,,,False
3,100,100,17,A_G2_minus_G1_time_average,,,missing_target_record,,,,,False
3,100,100,17,B_G1_fixed_time,,,missing_target_record,,,,,False
3,100,100,17,B_G2_fixed_time,,,missing_target_record,,,,,False
3,100,100,17,B_G2_minus_G1_fixed_time,,,missing_target_record,,,,,False
3,100,100,17,B_G1_time_average,,,missing_target_record,,,,,False
3,100,100,17,B_G2_time_average,,,missing_target_record,,,,,False
3,100,100,17,B_G2_minus_G1_time_average,,,missing_target_record,,,,,False
3,100,100,18,A_entry,,,missing_target_record,,,,,False
3,100,100,18,B_entry,,,missing_target_record,,,,,False
3,100,100,18,A_fixed_time_mean,,,missing_target_record,,,,,False
3,100,100,18,B_fixed_time_mean,,,missing_target_record,,,,,False
3,100,100,18,A_full_mean,,,missing_target_record,,,,,False
3,100,100,18,B_full_mean,,,missing_target_record,,,,,False
3,100,100,18,A_G1_fixed_time,,,missing_target_record,,,,,False
3,100,100,18,A_G2_fixed_time,,,missing_target_record,,,,,False
3,100,100,18,A_G2_minus_G1_fixed_time,,,missing_target_record,,,,,False
3,100,100,18,A_G1_time_average,,,missing_target_record,,,,,False
3,100,100,18,A_G2_time_average,,,missing_target_record,,,,,False
3,100,100,18,A_G2_minus_G1_time_average,,,missing_target_record,,,,,False
3,100,100,18,B_G1_fixed_time,,,missing_target_record,,,,,False
3,100,100,18,B_G2_fixed_time,,,missing_target_record,,,,,False
3,100,100,18,B_G2_minus_G1_fixed_time,,,missing_target_record,,,,,False
3,100,100,18,B_G1_time_average,,,missing_target_record,,,,,False
3,100,100,18,B_G2_time_average,,,missing_target_record,,,,,False
3,100,100,18,B_G2_minus_G1_time_average,,,missing_target_record,,,,,False
3,100,100,19,A_entry,,,missing_target_record,,,,,False
3,100,100,19,B_entry,,,missing_target_record,,,,,False
3,100,100,19,A_fixed_time_mean,,,missing_target_record,,,,,False
3,100,100,19,B_fixed_time_mean,,,missing_target_record,,,,,False
3,100,100,19,A_full_mean,,,missing_target_record,,,,,False
3,100,100,19,B_full_mean,,,missing_target_record,,,,,False
3,100,100,19,A_G1_fixed_time,,,missing_target_record,,,,,False
3,100,100,19,A_G2_fixed_time,,,missing_target_record,,,,,False
3,100,100,19,A_G2_minus_G1_fixed_time,,,missing_target_record,,,,,False
3,100,100,19,A_G1_time_average,,,missing_target_record,,,,,False
3,100,100,19,A_G2_time_average,,,missing_target_record,,,,,False
3,100,100,19,A_G2_minus_G1_time_average,,,missing_target_record,,,,,False
3,100,100,19,B_G1_fixed_time,,,missing_target_record,,,,,False
3,100,100,19,B_G2_fixed_time,,,missing_target_record,,,,,False
3,100,100,19,B_G2_minus_G1_fixed_time,,,missing_target_record,,,,,False
3,100,100,19,B_G1_time_average,,,missing_target_record,,,,,False
3,100,100,19,B_G2_time_average,,,missing_target_record,,,,,False
3,100,100,19,B_G2_minus_G1_time_average,,,missing_target_record,,,,,False
3,100,100,20,A_entry,,,missing_target_record,,,,,False
3,100,100,20,B_entry,,,missing_target_record,,,,,False
3,100,100,20,A_fixed_time_mean,,,missing_target_record,,,,,False
3,100,100,20,B_fixed_time_mean,,,missing_target_record,,,,,False
3,100,100,20,A_full_mean,,,missing_target_record,,,,,False
3,100,100,20,B_full_mean,,,missing_target_record,,,,,False
3,100,100,20,A_G1_fixed_time,,,missing_target_record,,,,,False
3,100,100,20,A_G2_fixed_time,,,missing_target_record,,,,,False
3,100,100,20,A_G2_minus_G1_fixed_time,,,missing_target_record,,,,,False
3,100,100,20,A_G1_time_average,,,missing_target_record,,,,,False
3,100,100,20,A_G2_time_average,,,missing_target_record,,,,,False
3,100,100,20,A_G2_minus_G1_time_average,,,missing_target_record,,,,,False
3,100,100,20,B_G1_fixed_time,,,missing_target_record,,,,,False
3,100,100,20,B_G2_fixed_time,,,missing_target_record,,,,,False
3,100,100,20,B_G2_minus_G1_fixed_time,,,missing_target_record,,,,,False
3,100,100,20,B_G1_time_average,,,missing_target_record,,,,,False
3,100,100,20,B_G2_time_average,,,missing_target_record,,,,,False
3,100,100,20,B_G2_minus_G1_time_average,,,missing_target_record,,,,,False
3,100,100,21,A_entry,,,missing_target_record,,,,,False
3,100,100,21,B_entry,,,missing_target_record,,,,,False
3,100,100,21,A_fixed_time_mean,,,missing_target_record,,,,,False
3,100,100,21,B_fixed_time_mean,,,missing_target_record,,,,,False
3,100,100,21,A_full_mean,,,missing_target_record,,,,,False
3,100,100,21,B_full_mean,,,missing_target_record,,,,,False
3,100,100,21,A_G1_fixed_time,,,missing_target_record,,,,,False
3,100,100,21,A_G2_fixed_time,,,missing_target_record,,,,,False
3,100,100,21,A_G2_minus_G1_fixed_time,,,missing_target_record,,,,,False
3,100,100,21,A_G1_time_average,,,missing_target_record,,,,,False
3,100,100,21,A_G2_time_average,,,missing_target_record,,,,,False
3,100,100,21,A_G2_minus_G1_time_average,,,missing_target_record,,,,,False
3,100,100,21,B_G1_fixed_time,,,missing_target_record,,,,,False
3,100,100,21,B_G2_fixed_time,,,missing_target_record,,,,,False
3,100,100,21,B_G2_minus_G1_fixed_time,,,missing_target_record,,,,,False
3,100,100,21,B_G1_time_average,,,missing_target_record,,,,,False
3,100,100,21,B_G2_time_average,,,missing_target_record,,,,,False
3,100,100,21,B_G2_minus_G1_time_average,,,missing_target_record,,,,,False
3,100,100,22,A_entry,,,missing_target_record,,,,,False
3,100,100,22,B_entry,,,missing_target_record,,,,,False
3,100,100,22,A_fixed_time_mean,,,missing_target_record,,,,,False
3,100,100,22,B_fixed_time_mean,,,missing_target_record,,,,,False
3,100,100,22,A_full_mean,,,missing_target_record,,,,,False
3,100,100,22,B_full_mean,,,missing_target_record,,,,,False
3,100,100,22,A_G1_fixed_time,,,missing_target_record,,,,,False
3,100,100,22,A_G2_fixed_time,,,missing_target_record,,,,,False
3,100,100,22,A_G2_minus_G1_fixed_time,,,missing_target_record,,,,,False
3,100,100,22,A_G1_time_average,,,missing_target_record,,,,,False
3,100,100,22,A_G2_time_average,,,missing_target_record,,,,,False
3,100,100,22,A_G2_minus_G1_time_average,,,missing_target_record,,,,,False
3,100,100,22,B_G1_fixed_time,,,missing_target_record,,,,,False
3,100,100,22,B_G2_fixed_time,,,missing_target_record,,,,,False
3,100,100,22,B_G2_minus_G1_fixed_time,,,missing_target_record,,,,,False
3,100,100,22,B_G1_time_average,,,missing_target_record,,,,,False
3,100,100,22,B_G2_time_average,,,missing_target_record,,,,,False
3,100,100,22,B_G2_minus_G1_time_average,,,missing_target_record,,,,,False
3,100,100,23,A_entry,,,missing_target_record,,,,,False
3,100,100,23,B_entry,,,missing_target_record,,,,,False
3,100,100,23,A_fixed_time_mean,,,missing_target_record,,,,,False
3,100,100,23,B_fixed_time_mean,,,missing_target_record,,,,,False
3,100,100,23,A_full_mean,,,missing_target_record,,,,,False
3,100,100,23,B_full_mean,,,missing_target_record,,,,,False
3,100,100,23,A_G1_fixed_time,,,missing_target_record,,,,,False
3,100,100,23,A_G2_fixed_time,,,missing_target_record,,,,,False
3,100,100,23,A_G2_minus_G1_fixed_time,,,missing_target_record,,,,,False
3,100,100,23,A_G1_time_average,,,missing_target_record,,,,,False
3,100,100,23,A_G2_time_average,,,missing_target_record,,,,,False
3,100,100,23,A_G2_minus_G1_time_average,,,missing_target_record,,,,,False
3,100,100,23,B_G1_fixed_time,,,missing_target_record,,,,,False
3,100,100,23,B_G2_fixed_time,,,missing_target_record,,,,,False
3,100,100,23,B_G2_minus_G1_fixed_time,,,missing_target_record,,,,,False
3,100,100,23,B_G1_time_average,,,missing_target_record,,,,,False
3,100,100,23,B_G2_time_average,,,missing_target_record,,,,,False
3,100,100,23,B_G2_minus_G1_time_average,,,missing_target_record,,,,,False
3,100,100,24,A_entry,,,missing_target_record,,,,,False
3,100,100,24,B_entry,,,missing_target_record,,,,,False
3,100,100,24,A_fixed_time_mean,,,missing_target_record,,,,,False
3,100,100,24,B_fixed_time_mean,,,missing_target_record,,,,,False
3,100,100,24,A_full_mean,,,missing_target_record,,,,,False
3,100,100,24,B_full_mean,,,missing_target_record,,,,,False
3,100,100,24,A_G1_fixed_time,,,missing_target_record,,,,,False
3,100,100,24,A_G2_fixed_time,,,missing_target_record,,,,,False
3,100,100,24,A_G2_minus_G1_fixed_time,,,missing_target_record,,,,,False
3,100,100,24,A_G1_time_average,,,missing_target_record,,,,,False
3,100,100,24,A_G2_time_average,,,missing_target_record,,,,,False
3,100,100,24,A_G2_minus_G1_time_average,,,missing_target_record,,,,,False
3,100,100,24,B_G1_fixed_time,,,missing_target_record,,,,,False
3,100,100,24,B_G2_fixed_time,,,missing_target_record,,,,,False
3,100,100,24,B_G2_minus_G1_fixed_time,,,missing_target_record,,,,,False
3,100,100,24,B_G1_time_average,,,missing_target_record,,,,,False
3,100,100,24,B_G2_time_average,,,missing_target_record,,,,,False
3,100,100,24,B_G2_minus_G1_time_average,,,missing_target_record,,,,,False
3,100,100,25,A_entry,,,missing_target_record,,,,,False
3,100,100,25,B_entry,,,missing_target_record,,,,,False
3,100,100,25,A_fixed_time_mean,,,missing_target_record,,,,,False
3,100,100,25,B_fixed_time_mean,,,missing_target_record,,,,,False
3,100,100,25,A_full_mean,,,missing_target_record,,,,,False
3,100,100,25,B_full_mean,,,missing_target_record,,,,,False
3,100,100,25,A_G1_fixed_time,,,missing_target_record,,,,,False
3,100,100,25,A_G2_fixed_time,,,missing_target_record,,,,,False
3,100,100,25,A_G2_minus_G1_fixed_time,,,missing_target_record,,,,,False
3,100,100,25,A_G1_time_average,,,missing_target_record,,,,,False
3,100,100,25,A_G2_time_average,,,missing_target_record,,,,,False
3,100,100,25,A_G2_minus_G1_time_average,,,missing_target_record,,,,,False
3,100,100,25,B_G1_fixed_time,,,missing_target_record,,,,,False
3,100,100,25,B_G2_fixed_time,,,missing_target_record,,,,,False
3,100,100,25,B_G2_minus_G1_fixed_time,,,missing_target_record,,,,,False
3,100,100,25,B_G1_time_average,,,missing_target_record,,,,,False
3,100,100,25,B_G2_time_average,,,missing_target_record,,,,,False
3,100,100,25,B_G2_minus_G1_time_average,,,missing_target_record,,,,,False
3,100,100,26,A_entry,,,missing_target_record,,,,,False
3,100,100,26,B_entry,,,missing_target_record,,,,,False
3,100,100,26,A_fixed_time_mean,,,missing_target_record,,,,,False
3,100,100,26,B_fixed_time_mean,,,missing_target_record,,,,,False
3,100,100,26,A_full_mean,,,missing_target_record,,,,,False
3,100,100,26,B_full_mean,,,missing_target_record,,,,,False
3,100,100,26,A_G1_fixed_time,,,missing_target_record,,,,,False
3,100,100,26,A_G2_fixed_time,,,missing_target_record,,,,,False
3,100,100,26,A_G2_minus_G1_fixed_time,,,missing_target_record,,,,,False
3,100,100,26,A_G1_time_average,,,missing_target_record,,,,,False
3,100,100,26,A_G2_time_average,,,missing_target_record,,,,,False
3,100,100,26,A_G2_minus_G1_time_average,,,missing_target_record,,,,,False
3,100,100,26,B_G1_fixed_time,,,missing_target_record,,,,,False
3,100,100,26,B_G2_fixed_time,,,missing_target_record,,,,,False
3,100,100,26,B_G2_minus_G1_fixed_time,,,missing_target_record,,,,,False
3,100,100,26,B_G1_time_average,,,missing_target_record,,,,,False
3,100,100,26,B_G2_time_average,,,missing_target_record,,,,,False
3,100,100,26,B_G2_minus_G1_time_average,,,missing_target_record,,,,,False
3,100,100,27,A_entry,,,missing_target_record,,,,,False
3,100,100,27,B_entry,,,missing_target_record,,,,,False
3,100,100,27,A_fixed_time_mean,,,missing_target_record,,,,,False
3,100,100,27,B_fixed_time_mean,,,missing_target_record,,,,,False
3,100,100,27,A_full_mean,,,missing_target_record,,,,,False
3,100,100,27,B_full_mean,,,missing_target_record,,,,,False
3,100,100,27,A_G1_fixed_time,,,missing_target_record,,,,,False
3,100,100,27,A_G2_fixed_time,,,missing_target_record,,,,,False
3,100,100,27,A_G2_minus_G1_fixed_time,,,missing_target_record,,,,,False
3,100,100,27,A_G1_time_average,,,missing_target_record,,,,,False
3,100,100,27,A_G2_time_average,,,missing_target_record,,,,,False
3,100,100,27,A_G2_minus_G1_time_average,,,missing_target_record,,,,,False
3,100,100,27,B_G1_fixed_time,,,missing_target_record,,,,,False
3,100,100,27,B_G2_fixed_time,,,missing_target_record,,,,,False
3,100,100,27,B_G2_minus_G1_fixed_time,,,missing_target_record,,,,,False
3,100,100,27,B_G1_time_average,,,missing_target_record,,,,,False
3,100,100,27,B_G2_time_average,,,missing_target_record,,,,,False
3,100,100,27,B_G2_minus_G1_time_average,,,missing_target_record,,,,,False
3,100,100,28,A_entry,,,missing_target_record,,,,,False
3,100,100,28,B_entry,,,missing_target_record,,,,,False
3,100,100,28,A_fixed_time_mean,,,missing_target_record,,,,,False
3,100,100,28,B_fixed_time_mean,,,missing_target_record,,,,,False
3,100,100,28,A_full_mean,,,missing_target_record,,,,,False
3,100,100,28,B_full_mean,,,missing_target_record,,,,,False
3,100,100,28,A_G1_fixed_time,,,missing_target_record,,,,,False
3,100,100,28,A_G2_fixed_time,,,missing_target_record,,,,,False
3,100,100,28,A_G2_minus_G1_fixed_time,,,missing_target_record,,,,,False
3,100,100,28,A_G1_time_average,,,missing_target_record,,,,,False
3,100,100,28,A_G2_time_average,,,missing_target_record,,,,,False
3,100,100,28,A_G2_minus_G1_time_average,,,missing_target_record,,,,,False
3,100,100,28,B_G1_fixed_time,,,missing_target_record,,,,,False
3,100,100,28,B_G2_fixed_time,,,missing_target_record,,,,,False
3,100,100,28,B_G2_minus_G1_fixed_time,,,missing_target_record,,,,,False
3,100,100,28,B_G1_time_average,,,missing_target_record,,,,,False
3,100,100,28,B_G2_time_average,,,missing_target_record,,,,,False
3,100,100,28,B_G2_minus_G1_time_average,,,missing_target_record,,,,,False
3,100,100,29,A_entry,,,missing_target_record,,,,,False
3,100,100,29,B_entry,,,missing_target_record,,,,,False
3,100,100,29,A_fixed_time_mean,,,missing_target_record,,,,,False
3,100,100,29,B_fixed_time_mean,,,missing_target_record,,,,,False
3,100,100,29,A_full_mean,,,missing_target_record,,,,,False
3,100,100,29,B_full_mean,,,missing_target_record,,,,,False
3,100,100,29,A_G1_fixed_time,,,missing_target_record,,,,,False
3,100,100,29,A_G2_fixed_time,,,missing_target_record,,,,,False
3,100,100,29,A_G2_minus_G1_fixed_time,,,missing_target_record,,,,,False
3,100,100,29,A_G1_time_average,,,missing_target_record,,,,,False
3,100,100,29,A_G2_time_average,,,missing_target_record,,,,,False
3,100,100,29,A_G2_minus_G1_time_average,,,missing_target_record,,,,,False
3,100,100,29,B_G1_fixed_time,,,missing_target_record,,,,,False
3,100,100,29,B_G2_fixed_time,,,missing_target_record,,,,,False
3,100,100,29,B_G2_minus_G1_fixed_time,,,missing_target_record,,,,,False
3,100,100,29,B_G1_time_average,,,missing_target_record,,,,,False
3,100,100,29,B_G2_time_average,,,missing_target_record,,,,,False
3,100,100,29,B_G2_minus_G1_time_average,,,missing_target_record,,,,,False
3,100,100,30,A_entry,,,missing_target_record,,,,,False
3,100,100,30,B_entry,,,missing_target_record,,,,,False
3,100,100,30,A_fixed_time_mean,,,missing_target_record,,,,,False
3,100,100,30,B_fixed_time_mean,,,missing_target_record,,,,,False
3,100,100,30,A_full_mean,,,missing_target_record,,,,,False
3,100,100,30,B_full_mean,,,missing_target_record,,,,,False
3,100,100,30,A_G1_fixed_time,,,missing_target_record,,,,,False
3,100,100,30,A_G2_fixed_time,,,missing_target_record,,,,,False
3,100,100,30,A_G2_minus_G1_fixed_time,,,missing_target_record,,,,,False
3,100,100,30,A_G1_time_average,,,missing_target_record,,,,,False
3,100,100,30,A_G2_time_average,,,missing_target_record,,,,,False
3,100,100,30,A_G2_minus_G1_time_average,,,missing_target_record,,,,,False
3,100,100,30,B_G1_fixed_time,,,missing_target_record,,,,,False
3,100,100,30,B_G2_fixed_time,,,missing_target_record,,,,,False
3,100,100,30,B_G2_minus_G1_fixed_time,,,missing_target_record,,,,,False
3,100,100,30,B_G1_time_average,,,missing_target_record,,,,,False
3,100,100,30,B_G2_time_average,,,missing_target_record,,,,,False
3,100,100,30,B_G2_minus_G1_time_average,,,missing_target_record,,,,,False
3,100,100,31,A_entry,,,missing_target_record,,,,,False
3,100,100,31,B_entry,,,missing_target_record,,,,,False
3,100,100,31,A_fixed_time_mean,,,missing_target_record,,,,,False
3,100,100,31,B_fixed_time_mean,,,missing_target_record,,,,,False
3,100,100,31,A_full_mean,,,missing_target_record,,,,,False
3,100,100,31,B_full_mean,,,missing_target_record,,,,,False
3,100,100,31,A_G1_fixed_time,,,missing_target_record,,,,,False
3,100,100,31,A_G2_fixed_time,,,missing_target_record,,,,,False
3,100,100,31,A_G2_minus_G1_fixed_time,,,missing_target_record,,,,,False
3,100,100,31,A_G1_time_average,,,missing_target_record,,,,,False
3,100,100,31,A_G2_time_average,,,missing_target_record,,,,,False
3,100,100,31,A_G2_minus_G1_time_average,,,missing_target_record,,,,,False
3,100,100,31,B_G1_fixed_time,,,missing_target_record,,,,,False
3,100,100,31,B_G2_fixed_time,,,missing_target_record,,,,,False
3,100,100,31,B_G2_minus_G1_fixed_time,,,missing_target_record,,,,,False
3,100,100,31,B_G1_time_average,,,missing_target_record,,,,,False
3,100,100,31,B_G2_time_average,,,missing_target_record,,,,,False
3,100,100,31,B_G2_minus_G1_time_average,,,missing_target_record,,,,,False
3,100,100,32,A_entry,,,missing_target_record,,,,,False
3,100,100,32,B_entry,,,missing_target_record,,,,,False
3,100,100,32,A_fixed_time_mean,,,missing_target_record,,,,,False
3,100,100,32,B_fixed_time_mean,,,missing_target_record,,,,,False
3,100,100,32,A_full_mean,,,missing_target_record,,,,,False
3,100,100,32,B_full_mean,,,missing_target_record,,,,,False
3,100,100,32,A_G1_fixed_time,,,missing_target_record,,,,,False
3,100,100,32,A_G2_fixed_time,,,missing_target_record,,,,,False
3,100,100,32,A_G2_minus_G1_fixed_time,,,missing_target_record,,,,,False
3,100,100,32,A_G1_time_average,,,missing_target_record,,,,,False
3,100,100,32,A_G2_time_average,,,missing_target_record,,,,,False
3,100,100,32,A_G2_minus_G1_time_average,,,missing_target_record,,,,,False
3,100,100,32,B_G1_fixed_time,,,missing_target_record,,,,,False
3,100,100,32,B_G2_fixed_time,,,missing_target_record,,,,,False
3,100,100,32,B_G2_minus_G1_fixed_time,,,missing_target_record,,,,,False
3,100,100,32,B_G1_time_average,,,missing_target_record,,,,,False
3,100,100,32,B_G2_time_average,,,missing_target_record,,,,,False
3,100,100,32,B_G2_minus_G1_time_average,,,missing_target_record,,,,,False
3,100,100,33,A_entry,,,missing_target_record,,,,,False
3,100,100,33,B_entry,,,missing_target_record,,,,,False
3,100,100,33,A_fixed_time_mean,,,missing_target_record,,,,,False
3,100,100,33,B_fixed_time_mean,,,missing_target_record,,,,,False
3,100,100,33,A_full_mean,,,missing_target_record,,,,,False
3,100,100,33,B_full_mean,,,missing_target_record,,,,,False
3,100,100,33,A_G1_fixed_time,,,missing_target_record,,,,,False
3,100,100,33,A_G2_fixed_time,,,missing_target_record,,,,,False
3,100,100,33,A_G2_minus_G1_fixed_time,,,missing_target_record,,,,,False
3,100,100,33,A_G1_time_average,,,missing_target_record,,,,,False
3,100,100,33,A_G2_time_average,,,missing_target_record,,,,,False
3,100,100,33,A_G2_minus_G1_time_average,,,missing_target_record,,,,,False
3,100,100,33,B_G1_fixed_time,,,missing_target_record,,,,,False
3,100,100,33,B_G2_fixed_time,,,missing_target_record,,,,,False
3,100,100,33,B_G2_minus_G1_fixed_time,,,missing_target_record,,,,,False
3,100,100,33,B_G1_time_average,,,missing_target_record,,,,,False
3,100,100,33,B_G2_time_average,,,missing_target_record,,,,,False
3,100,100,33,B_G2_minus_G1_time_average,,,missing_target_record,,,,,False
3,100,100,34,A_entry,,,missing_target_record,,,,,False
3,100,100,34,B_entry,,,missing_target_record,,,,,False
3,100,100,34,A_fixed_time_mean,,,missing_target_record,,,,,False
3,100,100,34,B_fixed_time_mean,,,missing_target_record,,,,,False
3,100,100,34,A_full_mean,,,missing_target_record,,,,,False
3,100,100,34,B_full_mean,,,missing_target_record,,,,,False
3,100,100,34,A_G1_fixed_time,,,missing_target_record,,,,,False
3,100,100,34,A_G2_fixed_time,,,missing_target_record,,,,,False
3,100,100,34,A_G2_minus_G1_fixed_time,,,missing_target_record,,,,,False
3,100,100,34,A_G1_time_average,,,missing_target_record,,,,,False
3,100,100,34,A_G2_time_average,,,missing_target_record,,,,,False
3,100,100,34,A_G2_minus_G1_time_average,,,missing_target_record,,,,,False
3,100,100,34,B_G1_fixed_time,,,missing_target_record,,,,,False
3,100,100,34,B_G2_fixed_time,,,missing_target_record,,,,,False
3,100,100,34,B_G2_minus_G1_fixed_time,,,missing_target_record,,,,,False
3,100,100,34,B_G1_time_average,,,missing_target_record,,,,,False
3,100,100,34,B_G2_time_average,,,missing_target_record,,,,,False
3,100,100,34,B_G2_minus_G1_time_average,,,missing_target_record,,,,,False
3,100,100,35,A_entry,,,missing_target_record,,,,,False
3,100,100,35,B_entry,,,missing_target_record,,,,,False
3,100,100,35,A_fixed_time_mean,,,missing_target_record,,,,,False
3,100,100,35,B_fixed_time_mean,,,missing_target_record,,,,,False
3,100,100,35,A_full_mean,,,missing_target_record,,,,,False
3,100,100,35,B_full_mean,,,missing_target_record,,,,,False
3,100,100,35,A_G1_fixed_time,,,missing_target_record,,,,,False
3,100,100,35,A_G2_fixed_time,,,missing_target_record,,,,,False
3,100,100,35,A_G2_minus_G1_fixed_time,,,missing_target_record,,,,,False
3,100,100,35,A_G1_time_average,,,missing_target_record,,,,,False
3,100,100,35,A_G2_time_average,,,missing_target_record,,,,,False
3,100,100,35,A_G2_minus_G1_time_average,,,missing_target_record,,,,,False
3,100,100,35,B_G1_fixed_time,,,missing_target_record,,,,,False
3,100,100,35,B_G2_fixed_time,,,missing_target_record,,,,,False
3,100,100,35,B_G2_minus_G1_fixed_time,,,missing_target_record,,,,,False
3,100,100,35,B_G1_time_average,,,missing_target_record,,,,,False
3,100,100,35,B_G2_time_average,,,missing_target_record,,,,,False
3,100,100,35,B_G2_minus_G1_time_average,,,missing_target_record,,,,,False
3,100,100,36,A_entry,,,missing_target_record,,,,,False
3,100,100,36,B_entry,,,missing_target_record,,,,,False
3,100,100,36,A_fixed_time_mean,,,missing_target_record,,,,,False
3,100,100,36,B_fixed_time_mean,,,missing_target_record,,,,,False
3,100,100,36,A_full_mean,,,missing_target_record,,,,,False
3,100,100,36,B_full_mean,,,missing_target_record,,,,,False
3,100,100,36,A_G1_fixed_time,,,missing_target_record,,,,,False
3,100,100,36,A_G2_fixed_time,,,missing_target_record,,,,,False
3,100,100,36,A_G2_minus_G1_fixed_time,,,missing_target_record,,,,,False
3,100,100,36,A_G1_time_average,,,missing_target_record,,,,,False
3,100,100,36,A_G2_time_average,,,missing_target_record,,,,,False
3,100,100,36,A_G2_minus_G1_time_average,,,missing_target_record,,,,,False
3,100,100,36,B_G1_fixed_time,,,missing_target_record,,,,,False
3,100,100,36,B_G2_fixed_time,,,missing_target_record,,,,,False
3,100,100,36,B_G2_minus_G1_fixed_time,,,missing_target_record,,,,,False
3,100,100,36,B_G1_time_average,,,missing_target_record,,,,,False
3,100,100,36,B_G2_time_average,,,missing_target_record,,,,,False
3,100,100,36,B_G2_minus_G1_time_average,,,missing_target_record,,,,,False
3,100,100,37,A_entry,,,missing_target_record,,,,,False
3,100,100,37,B_entry,,,missing_target_record,,,,,False
3,100,100,37,A_fixed_time_mean,,,missing_target_record,,,,,False
3,100,100,37,B_fixed_time_mean,,,missing_target_record,,,,,False
3,100,100,37,A_full_mean,,,missing_target_record,,,,,False
3,100,100,37,B_full_mean,,,missing_target_record,,,,,False
3,100,100,37,A_G1_fixed_time,,,missing_target_record,,,,,False
3,100,100,37,A_G2_fixed_time,,,missing_target_record,,,,,False
3,100,100,37,A_G2_minus_G1_fixed_time,,,missing_target_record,,,,,False
3,100,100,37,A_G1_time_average,,,missing_target_record,,,,,False
3,100,100,37,A_G2_time_average,,,missing_target_record,,,,,False
3,100,100,37,A_G2_minus_G1_time_average,,,missing_target_record,,,,,False
3,100,100,37,B_G1_fixed_time,,,missing_target_record,,,,,False
3,100,100,37,B_G2_fixed_time,,,missing_target_record,,,,,False
3,100,100,37,B_G2_minus_G1_fixed_time,,,missing_target_record,,,,,False
3,100,100,37,B_G1_time_average,,,missing_target_record,,,,,False
3,100,100,37,B_G2_time_average,,,missing_target_record,,,,,False
3,100,100,37,B_G2_minus_G1_time_average,,,missing_target_record,,,,,False
3,100,100,38,A_entry,,,missing_target_record,,,,,False
3,100,100,38,B_entry,,,missing_target_record,,,,,False
3,100,100,38,A_fixed_time_mean,,,missing_target_record,,,,,False
3,100,100,38,B_fixed_time_mean,,,missing_target_record,,,,,False
3,100,100,38,A_full_mean,,,missing_target_record,,,,,False
3,100,100,38,B_full_mean,,,missing_target_record,,,,,False
3,100,100,38,A_G1_fixed_time,,,missing_target_record,,,,,False
3,100,100,38,A_G2_fixed_time,,,missing_target_record,,,,,False
3,100,100,38,A_G2_minus_G1_fixed_time,,,missing_target_record,,,,,False
3,100,100,38,A_G1_time_average,,,missing_target_record,,,,,False
3,100,100,38,A_G2_time_average,,,missing_target_record,,,,,False
3,100,100,38,A_G2_minus_G1_time_average,,,missing_target_record,,,,,False
3,100,100,38,B_G1_fixed_time,,,missing_target_record,,,,,False
3,100,100,38,B_G2_fixed_time,,,missing_target_record,,,,,False
3,100,100,38,B_G2_minus_G1_fixed_time,,,missing_target_record,,,,,False
3,100,100,38,B_G1_time_average,,,missing_target_record,,,,,False
3,100,100,38,B_G2_time_average,,,missing_target_record,,,,,False
3,100,100,38,B_G2_minus_G1_time_average,,,missing_target_record,,,,,False
3,100,100,39,A_entry,,,missing_target_record,,,,,False
3,100,100,39,B_entry,,,missing_target_record,,,,,False
3,100,100,39,A_fixed_time_mean,,,missing_target_record,,,,,False
3,100,100,39,B_fixed_time_mean,,,missing_target_record,,,,,False
3,100,100,39,A_full_mean,,,missing_target_record,,,,,False
3,100,100,39,B_full_mean,,,missing_target_record,,,,,False
3,100,100,39,A_G1_fixed_time,,,missing_target_record,,,,,False
3,100,100,39,A_G2_fixed_time,,,missing_target_record,,,,,False
3,100,100,39,A_G2_minus_G1_fixed_time,,,missing_target_record,,,,,False
3,100,100,39,A_G1_time_average,,,missing_target_record,,,,,False
3,100,100,39,A_G2_time_average,,,missing_target_record,,,,,False
3,100,100,39,A_G2_minus_G1_time_average,,,missing_target_record,,,,,False
3,100,100,39,B_G1_fixed_time,,,missing_target_record,,,,,False
3,100,100,39,B_G2_fixed_time,,,missing_target_record,,,,,False
3,100,100,39,B_G2_minus_G1_fixed_time,,,missing_target_record,,,,,False
3,100,100,39,B_G1_time_average,,,missing_target_record,,,,,False
3,100,100,39,B_G2_time_average,,,missing_target_record,,,,,False
3,100,100,39,B_G2_minus_G1_time_average,,,missing_target_record,,,,,False
3,100,100,40,A_entry,,,missing_target_record,,,,,False
3,100,100,40,B_entry,,,missing_target_record,,,,,False
3,100,100,40,A_fixed_time_mean,,,missing_target_record,,,,,False
3,100,100,40,B_fixed_time_mean,,,missing_target_record,,,,,False
3,100,100,40,A_full_mean,,,missing_target_record,,,,,False
3,100,100,40,B_full_mean,,,missing_target_record,,,,,False
3,100,100,40,A_G1_fixed_time,,,missing_target_record,,,,,False
3,100,100,40,A_G2_fixed_time,,,missing_target_record,,,,,False
3,100,100,40,A_G2_minus_G1_fixed_time,,,missing_target_record,,,,,False
3,100,100,40,A_G1_time_average,,,missing_target_record,,,,,False
3,100,100,40,A_G2_time_average,,,missing_target_record,,,,,False
3,100,100,40,A_G2_minus_G1_time_average,,,missing_target_record,,,,,False
3,100,100,40,B_G1_fixed_time,,,missing_target_record,,,,,False
3,100,100,40,B_G2_fixed_time,,,missing_target_record,,,,,False
3,100,100,40,B_G2_minus_G1_fixed_time,,,missing_target_record,,,,,False
3,100,100,40,B_G1_time_average,,,missing_target_record,,,,,False
3,100,100,40,B_G2_time_average,,,missing_target_record,,,,,False
3,100,100,40,B_G2_minus_G1_time_average,,,missing_target_record,,,,,False
3,100,100,41,A_entry,,,missing_target_record,,,,,False
3,100,100,41,B_entry,,,missing_target_record,,,,,False
3,100,100,41,A_fixed_time_mean,,,missing_target_record,,,,,False
3,100,100,41,B_fixed_time_mean,,,missing_target_record,,,,,False
3,100,100,41,A_full_mean,,,missing_target_record,,,,,False
3,100,100,41,B_full_mean,,,missing_target_record,,,,,False
3,100,100,41,A_G1_fixed_time,,,missing_target_record,,,,,False
3,100,100,41,A_G2_fixed_time,,,missing_target_record,,,,,False
3,100,100,41,A_G2_minus_G1_fixed_time,,,missing_target_record,,,,,False
3,100,100,41,A_G1_time_average,,,missing_target_record,,,,,False
3,100,100,41,A_G2_time_average,,,missing_target_record,,,,,False
3,100,100,41,A_G2_minus_G1_time_average,,,missing_target_record,,,,,False
3,100,100,41,B_G1_fixed_time,,,missing_target_record,,,,,False
3,100,100,41,B_G2_fixed_time,,,missing_target_record,,,,,False
3,100,100,41,B_G2_minus_G1_fixed_time,,,missing_target_record,,,,,False
3,100,100,41,B_G1_time_average,,,missing_target_record,,,,,False
3,100,100,41,B_G2_time_average,,,missing_target_record,,,,,False
3,100,100,41,B_G2_minus_G1_time_average,,,missing_target_record,,,,,False
3,100,100,42,A_entry,,,missing_target_record,,,,,False
3,100,100,42,B_entry,,,missing_target_record,,,,,False
3,100,100,42,A_fixed_time_mean,,,missing_target_record,,,,,False
3,100,100,42,B_fixed_time_mean,,,missing_target_record,,,,,False
3,100,100,42,A_full_mean,,,missing_target_record,,,,,False
3,100,100,42,B_full_mean,,,missing_target_record,,,,,False
3,100,100,42,A_G1_fixed_time,,,missing_target_record,,,,,False
3,100,100,42,A_G2_fixed_time,,,missing_target_record,,,,,False
3,100,100,42,A_G2_minus_G1_fixed_time,,,missing_target_record,,,,,False
3,100,100,42,A_G1_time_average,,,missing_target_record,,,,,False
3,100,100,42,A_G2_time_average,,,missing_target_record,,,,,False
3,100,100,42,A_G2_minus_G1_time_average,,,missing_target_record,,,,,False
3,100,100,42,B_G1_fixed_time,,,missing_target_record,,,,,False
3,100,100,42,B_G2_fixed_time,,,missing_target_record,,,,,False
3,100,100,42,B_G2_minus_G1_fixed_time,,,missing_target_record,,,,,False
3,100,100,42,B_G1_time_average,,,missing_target_record,,,,,False
3,100,100,42,B_G2_time_average,,,missing_target_record,,,,,False
3,100,100,42,B_G2_minus_G1_time_average,,,missing_target_record,,,,,False
3,100,100,43,A_entry,,,missing_target_record,,,,,False
3,100,100,43,B_entry,,,missing_target_record,,,,,False
3,100,100,43,A_fixed_time_mean,,,missing_target_record,,,,,False
3,100,100,43,B_fixed_time_mean,,,missing_target_record,,,,,False
3,100,100,43,A_full_mean,,,missing_target_record,,,,,False
3,100,100,43,B_full_mean,,,missing_target_record,,,,,False
3,100,100,43,A_G1_fixed_time,,,missing_target_record,,,,,False
3,100,100,43,A_G2_fixed_time,,,missing_target_record,,,,,False
3,100,100,43,A_G2_minus_G1_fixed_time,,,missing_target_record,,,,,False
3,100,100,43,A_G1_time_average,,,missing_target_record,,,,,False
3,100,100,43,A_G2_time_average,,,missing_target_record,,,,,False
3,100,100,43,A_G2_minus_G1_time_average,,,missing_target_record,,,,,False
3,100,100,43,B_G1_fixed_time,,,missing_target_record,,,,,False
3,100,100,43,B_G2_fixed_time,,,missing_target_record,,,,,False
3,100,100,43,B_G2_minus_G1_fixed_time,,,missing_target_record,,,,,False
3,100,100,43,B_G1_time_average,,,missing_target_record,,,,,False
3,100,100,43,B_G2_time_average,,,missing_target_record,,,,,False
3,100,100,43,B_G2_minus_G1_time_average,,,missing_target_record,,,,,False
3,100,100,44,A_entry,,,missing_target_record,,,,,False
3,100,100,44,B_entry,,,missing_target_record,,,,,False
3,100,100,44,A_fixed_time_mean,,,missing_target_record,,,,,False
3,100,100,44,B_fixed_time_mean,,,missing_target_record,,,,,False
3,100,100,44,A_full_mean,,,missing_target_record,,,,,False
3,100,100,44,B_full_mean,,,missing_target_record,,,,,False
3,100,100,44,A_G1_fixed_time,,,missing_target_record,,,,,False
3,100,100,44,A_G2_fixed_time,,,missing_target_record,,,,,False
3,100,100,44,A_G2_minus_G1_fixed_time,,,missing_target_record,,,,,False
3,100,100,44,A_G1_time_average,,,missing_target_record,,,,,False
3,100,100,44,A_G2_time_average,,,missing_target_record,,,,,False
3,100,100,44,A_G2_minus_G1_time_average,,,missing_target_record,,,,,False
3,100,100,44,B_G1_fixed_time,,,missing_target_record,,,,,False
3,100,100,44,B_G2_fixed_time,,,missing_target_record,,,,,False
3,100,100,44,B_G2_minus_G1_fixed_time,,,missing_target_record,,,,,False
3,100,100,44,B_G1_time_average,,,missing_target_record,,,,,False
3,100,100,44,B_G2_time_average,,,missing_target_record,,,,,False
3,100,100,44,B_G2_minus_G1_time_average,,,missing_target_record,,,,,False
3,100,100,45,A_entry,,,missing_target_record,,,,,False
3,100,100,45,B_entry,,,missing_target_record,,,,,False
3,100,100,45,A_fixed_time_mean,,,missing_target_record,,,,,False
3,100,100,45,B_fixed_time_mean,,,missing_target_record,,,,,False
3,100,100,45,A_full_mean,,,missing_target_record,,,,,False
3,100,100,45,B_full_mean,,,missing_target_record,,,,,False
3,100,100,45,A_G1_fixed_time,,,missing_target_record,,,,,False
3,100,100,45,A_G2_fixed_time,,,missing_target_record,,,,,False
3,100,100,45,A_G2_minus_G1_fixed_time,,,missing_target_record,,,,,False
3,100,100,45,A_G1_time_average,,,missing_target_record,,,,,False
3,100,100,45,A_G2_time_average,,,missing_target_record,,,,,False
3,100,100,45,A_G2_minus_G1_time_average,,,missing_target_record,,,,,False
3,100,100,45,B_G1_fixed_time,,,missing_target_record,,,,,False
3,100,100,45,B_G2_fixed_time,,,missing_target_record,,,,,False
3,100,100,45,B_G2_minus_G1_fixed_time,,,missing_target_record,,,,,False
3,100,100,45,B_G1_time_average,,,missing_target_record,,,,,False
3,100,100,45,B_G2_time_average,,,missing_target_record,,,,,False
3,100,100,45,B_G2_minus_G1_time_average,,,missing_target_record,,,,,False
3,100,100,46,A_entry,,,missing_target_record,,,,,False
3,100,100,46,B_entry,,,missing_target_record,,,,,False
3,100,100,46,A_fixed_time_mean,,,missing_target_record,,,,,False
3,100,100,46,B_fixed_time_mean,,,missing_target_record,,,,,False
3,100,100,46,A_full_mean,,,missing_target_record,,,,,False
3,100,100,46,B_full_mean,,,missing_target_record,,,,,False
3,100,100,46,A_G1_fixed_time,,,missing_target_record,,,,,False
3,100,100,46,A_G2_fixed_time,,,missing_target_record,,,,,False
3,100,100,46,A_G2_minus_G1_fixed_time,,,missing_target_record,,,,,False
3,100,100,46,A_G1_time_average,,,missing_target_record,,,,,False
3,100,100,46,A_G2_time_average,,,missing_target_record,,,,,False
3,100,100,46,A_G2_minus_G1_time_average,,,missing_target_record,,,,,False
3,100,100,46,B_G1_fixed_time,,,missing_target_record,,,,,False
3,100,100,46,B_G2_fixed_time,,,missing_target_record,,,,,False
3,100,100,46,B_G2_minus_G1_fixed_time,,,missing_target_record,,,,,False
3,100,100,46,B_G1_time_average,,,missing_target_record,,,,,False
3,100,100,46,B_G2_time_average,,,missing_target_record,,,,,False
3,100,100,46,B_G2_minus_G1_time_average,,,missing_target_record,,,,,False
3,100,100,47,A_entry,,,missing_target_record,,,,,False
3,100,100,47,B_entry,,,missing_target_record,,,,,False
3,100,100,47,A_fixed_time_mean,,,missing_target_record,,,,,False
3,100,100,47,B_fixed_time_mean,,,missing_target_record,,,,,False
3,100,100,47,A_full_mean,,,missing_target_record,,,,,False
3,100,100,47,B_full_mean,,,missing_target_record,,,,,False
3,100,100,47,A_G1_fixed_time,,,missing_target_record,,,,,False
3,100,100,47,A_G2_fixed_time,,,missing_target_record,,,,,False
3,100,100,47,A_G2_minus_G1_fixed_time,,,missing_target_record,,,,,False
3,100,100,47,A_G1_time_average,,,missing_target_record,,,,,False
3,100,100,47,A_G2_time_average,,,missing_target_record,,,,,False
3,100,100,47,A_G2_minus_G1_time_average,,,missing_target_record,,,,,False
3,100,100,47,B_G1_fixed_time,,,missing_target_record,,,,,False
3,100,100,47,B_G2_fixed_time,,,missing_target_record,,,,,False
3,100,100,47,B_G2_minus_G1_fixed_time,,,missing_target_record,,,,,False
3,100,100,47,B_G1_time_average,,,missing_target_record,,,,,False
3,100,100,47,B_G2_time_average,,,missing_target_record,,,,,False
3,100,100,47,B_G2_minus_G1_time_average,,,missing_target_record,,,,,False
3,100,100,48,A_entry,,,missing_target_record,,,,,False
3,100,100,48,B_entry,,,missing_target_record,,,,,False
3,100,100,48,A_fixed_time_mean,,,missing_target_record,,,,,False
3,100,100,48,B_fixed_time_mean,,,missing_target_record,,,,,False
3,100,100,48,A_full_mean,,,missing_target_record,,,,,False
3,100,100,48,B_full_mean,,,missing_target_record,,,,,False
3,100,100,48,A_G1_fixed_time,,,missing_target_record,,,,,False
3,100,100,48,A_G2_fixed_time,,,missing_target_record,,,,,False
3,100,100,48,A_G2_minus_G1_fixed_time,,,missing_target_record,,,,,False
3,100,100,48,A_G1_time_average,,,missing_target_record,,,,,False
3,100,100,48,A_G2_time_average,,,missing_target_record,,,,,False
3,100,100,48,A_G2_minus_G1_time_average,,,missing_target_record,,,,,False
3,100,100,48,B_G1_fixed_time,,,missing_target_record,,,,,False
3,100,100,48,B_G2_fixed_time,,,missing_target_record,,,,,False
3,100,100,48,B_G2_minus_G1_fixed_time,,,missing_target_record,,,,,False
3,100,100,48,B_G1_time_average,,,missing_target_record,,,,,False
3,100,100,48,B_G2_time_average,,,missing_target_record,,,,,False
3,100,100,48,B_G2_minus_G1_time_average,,,missing_target_record,,,,,False
3,100,100,49,A_entry,,,missing_target_record,,,,,False
3,100,100,49,B_entry,,,missing_target_record,,,,,False
3,100,100,49,A_fixed_time_mean,,,missing_target_record,,,,,False
3,100,100,49,B_fixed_time_mean,,,missing_target_record,,,,,False
3,100,100,49,A_full_mean,,,missing_target_record,,,,,False
3,100,100,49,B_full_mean,,,missing_target_record,,,,,False
3,100,100,49,A_G1_fixed_time,,,missing_target_record,,,,,False
3,100,100,49,A_G2_fixed_time,,,missing_target_record,,,,,False
3,100,100,49,A_G2_minus_G1_fixed_time,,,missing_target_record,,,,,False
3,100,100,49,A_G1_time_average,,,missing_target_record,,,,,False
3,100,100,49,A_G2_time_average,,,missing_target_record,,,,,False
3,100,100,49,A_G2_minus_G1_time_average,,,missing_target_record,,,,,False
3,100,100,49,B_G1_fixed_time,,,missing_target_record,,,,,False
3,100,100,49,B_G2_fixed_time,,,missing_target_record,,,,,False
3,100,100,49,B_G2_minus_G1_fixed_time,,,missing_target_record,,,,,False
3,100,100,49,B_G1_time_average,,,missing_target_record,,,,,False
3,100,100,49,B_G2_time_average,,,missing_target_record,,,,,False
3,100,100,49,B_G2_minus_G1_time_average,,,missing_target_record,,,,,False
3,100,100,50,A_entry,,,missing_target_record,,,,,False
3,100,100,50,B_entry,,,missing_target_record,,,,,False
3,100,100,50,A_fixed_time_mean,,,missing_target_record,,,,,False
3,100,100,50,B_fixed_time_mean,,,missing_target_record,,,,,False
3,100,100,50,A_full_mean,,,missing_target_record,,,,,False
3,100,100,50,B_full_mean,,,missing_target_record,,,,,False
3,100,100,50,A_G1_fixed_time,,,missing_target_record,,,,,False
3,100,100,50,A_G2_fixed_time,,,missing_target_record,,,,,False
3,100,100,50,A_G2_minus_G1_fixed_time,,,missing_target_record,,,,,False
3,100,100,50,A_G1_time_average,,,missing_target_record,,,,,False
3,100,100,50,A_G2_time_average,,,missing_target_record,,,,,False
3,100,100,50,A_G2_minus_G1_time_average,,,missing_target_record,,,,,False
3,100,100,50,B_G1_fixed_time,,,missing_target_record,,,,,False
3,100,100,50,B_G2_fixed_time,,,missing_target_record,,,,,False
3,100,100,50,B_G2_minus_G1_fixed_time,,,missing_target_record,,,,,False
3,100,100,50,B_G1_time_average,,,missing_target_record,,,,,False
3,100,100,50,B_G2_time_average,,,missing_target_record,,,,,False
3,100,100,50,B_G2_minus_G1_time_average,,,missing_target_record,,,,,False
3,100,100,51,A_entry,,,missing_target_record,,,,,False
3,100,100,51,B_entry,,,missing_target_record,,,,,False
3,100,100,51,A_fixed_time_mean,,,missing_target_record,,,,,False
3,100,100,51,B_fixed_time_mean,,,missing_target_record,,,,,False
3,100,100,51,A_full_mean,,,missing_target_record,,,,,False
3,100,100,51,B_full_mean,,,missing_target_record,,,,,False
3,100,100,51,A_G1_fixed_time,,,missing_target_record,,,,,False
3,100,100,51,A_G2_fixed_time,,,missing_target_record,,,,,False
3,100,100,51,A_G2_minus_G1_fixed_time,,,missing_target_record,,,,,False
3,100,100,51,A_G1_time_average,,,missing_target_record,,,,,False
3,100,100,51,A_G2_time_average,,,missing_target_record,,,,,False
3,100,100,51,A_G2_minus_G1_time_average,,,missing_target_record,,,,,False
3,100,100,51,B_G1_fixed_time,,,missing_target_record,,,,,False
3,100,100,51,B_G2_fixed_time,,,missing_target_record,,,,,False
3,100,100,51,B_G2_minus_G1_fixed_time,,,missing_target_record,,,,,False
3,100,100,51,B_G1_time_average,,,missing_target_record,,,,,False
3,100,100,51,B_G2_time_average,,,missing_target_record,,,,,False
3,100,100,51,B_G2_minus_G1_time_average,,,missing_target_record,,,,,False
3,100,100,52,A_entry,,,missing_target_record,,,,,False
3,100,100,52,B_entry,,,missing_target_record,,,,,False
3,100,100,52,A_fixed_time_mean,,,missing_target_record,,,,,False
3,100,100,52,B_fixed_time_mean,,,missing_target_record,,,,,False
3,100,100,52,A_full_mean,,,missing_target_record,,,,,False
3,100,100,52,B_full_mean,,,missing_target_record,,,,,False
3,100,100,52,A_G1_fixed_time,,,missing_target_record,,,,,False
3,100,100,52,A_G2_fixed_time,,,missing_target_record,,,,,False
3,100,100,52,A_G2_minus_G1_fixed_time,,,missing_target_record,,,,,False
3,100,100,52,A_G1_time_average,,,missing_target_record,,,,,False
3,100,100,52,A_G2_time_average,,,missing_target_record,,,,,False
3,100,100,52,A_G2_minus_G1_time_average,,,missing_target_record,,,,,False
3,100,100,52,B_G1_fixed_time,,,missing_target_record,,,,,False
3,100,100,52,B_G2_fixed_time,,,missing_target_record,,,,,False
3,100,100,52,B_G2_minus_G1_fixed_time,,,missing_target_record,,,,,False
3,100,100,52,B_G1_time_average,,,missing_target_record,,,,,False
3,100,100,52,B_G2_time_average,,,missing_target_record,,,,,False
3,100,100,52,B_G2_minus_G1_time_average,,,missing_target_record,,,,,False
3,100,100,53,A_entry,,,missing_target_record,,,,,False
3,100,100,53,B_entry,,,missing_target_record,,,,,False
3,100,100,53,A_fixed_time_mean,,,missing_target_record,,,,,False
3,100,100,53,B_fixed_time_mean,,,missing_target_record,,,,,False
3,100,100,53,A_full_mean,,,missing_target_record,,,,,False
3,100,100,53,B_full_mean,,,missing_target_record,,,,,False
3,100,100,53,A_G1_fixed_time,,,missing_target_record,,,,,False
3,100,100,53,A_G2_fixed_time,,,missing_target_record,,,,,False
3,100,100,53,A_G2_minus_G1_fixed_time,,,missing_target_record,,,,,False
3,100,100,53,A_G1_time_average,,,missing_target_record,,,,,False
3,100,100,53,A_G2_time_average,,,missing_target_record,,,,,False
3,100,100,53,A_G2_minus_G1_time_average,,,missing_target_record,,,,,False
3,100,100,53,B_G1_fixed_time,,,missing_target_record,,,,,False
3,100,100,53,B_G2_fixed_time,,,missing_target_record,,,,,False
3,100,100,53,B_G2_minus_G1_fixed_time,,,missing_target_record,,,,,False
3,100,100,53,B_G1_time_average,,,missing_target_record,,,,,False
3,100,100,53,B_G2_time_average,,,missing_target_record,,,,,False
3,100,100,53,B_G2_minus_G1_time_average,,,missing_target_record,,,,,False
3,100,100,54,A_entry,,,missing_target_record,,,,,False
3,100,100,54,B_entry,,,missing_target_record,,,,,False
3,100,100,54,A_fixed_time_mean,,,missing_target_record,,,,,False
3,100,100,54,B_fixed_time_mean,,,missing_target_record,,,,,False
3,100,100,54,A_full_mean,,,missing_target_record,,,,,False
3,100,100,54,B_full_mean,,,missing_target_record,,,,,False
3,100,100,54,A_G1_fixed_time,,,missing_target_record,,,,,False
3,100,100,54,A_G2_fixed_time,,,missing_target_record,,,,,False
3,100,100,54,A_G2_minus_G1_fixed_time,,,missing_target_record,,,,,False
3,100,100,54,A_G1_time_average,,,missing_target_record,,,,,False
3,100,100,54,A_G2_time_average,,,missing_target_record,,,,,False
3,100,100,54,A_G2_minus_G1_time_average,,,missing_target_record,,,,,False
3,100,100,54,B_G1_fixed_time,,,missing_target_record,,,,,False
3,100,100,54,B_G2_fixed_time,,,missing_target_record,,,,,False
3,100,100,54,B_G2_minus_G1_fixed_time,,,missing_target_record,,,,,False
3,100,100,54,B_G1_time_average,,,missing_target_record,,,,,False
3,100,100,54,B_G2_time_average,,,missing_target_record,,,,,False
3,100,100,54,B_G2_minus_G1_time_average,,,missing_target_record,,,,,False
3,100,100,55,A_entry,,,missing_target_record,,,,,False
3,100,100,55,B_entry,,,missing_target_record,,,,,False
3,100,100,55,A_fixed_time_mean,,,missing_target_record,,,,,False
3,100,100,55,B_fixed_time_mean,,,missing_target_record,,,,,False
3,100,100,55,A_full_mean,,,missing_target_record,,,,,False
3,100,100,55,B_full_mean,,,missing_target_record,,,,,False
3,100,100,55,A_G1_fixed_time,,,missing_target_record,,,,,False
3,100,100,55,A_G2_fixed_time,,,missing_target_record,,,,,False
3,100,100,55,A_G2_minus_G1_fixed_time,,,missing_target_record,,,,,False
3,100,100,55,A_G1_time_average,,,missing_target_record,,,,,False
3,100,100,55,A_G2_time_average,,,missing_target_record,,,,,False
3,100,100,55,A_G2_minus_G1_time_average,,,missing_target_record,,,,,False
3,100,100,55,B_G1_fixed_time,,,missing_target_record,,,,,False
3,100,100,55,B_G2_fixed_time,,,missing_target_record,,,,,False
3,100,100,55,B_G2_minus_G1_fixed_time,,,missing_target_record,,,,,False
3,100,100,55,B_G1_time_average,,,missing_target_record,,,,,False
3,100,100,55,B_G2_time_average,,,missing_target_record,,,,,False
3,100,100,55,B_G2_minus_G1_time_average,,,missing_target_record,,,,,False
3,100,100,56,A_entry,,,missing_target_record,,,,,False
3,100,100,56,B_entry,,,missing_target_record,,,,,False
3,100,100,56,A_fixed_time_mean,,,missing_target_record,,,,,False
3,100,100,56,B_fixed_time_mean,,,missing_target_record,,,,,False
3,100,100,56,A_full_mean,,,missing_target_record,,,,,False
3,100,100,56,B_full_mean,,,missing_target_record,,,,,False
3,100,100,56,A_G1_fixed_time,,,missing_target_record,,,,,False
3,100,100,56,A_G2_fixed_time,,,missing_target_record,,,,,False
3,100,100,56,A_G2_minus_G1_fixed_time,,,missing_target_record,,,,,False
3,100,100,56,A_G1_time_average,,,missing_target_record,,,,,False
3,100,100,56,A_G2_time_average,,,missing_target_record,,,,,False
3,100,100,56,A_G2_minus_G1_time_average,,,missing_target_record,,,,,False
3,100,100,56,B_G1_fixed_time,,,missing_target_record,,,,,False
3,100,100,56,B_G2_fixed_time,,,missing_target_record,,,,,False
3,100,100,56,B_G2_minus_G1_fixed_time,,,missing_target_record,,,,,False
3,100,100,56,B_G1_time_average,,,missing_target_record,,,,,False
3,100,100,56,B_G2_time_average,,,missing_target_record,,,,,False
3,100,100,56,B_G2_minus_G1_time_average,,,missing_target_record,,,,,False
3,100,100,57,A_entry,,,missing_target_record,,,,,False
3,100,100,57,B_entry,,,missing_target_record,,,,,False
3,100,100,57,A_fixed_time_mean,,,missing_target_record,,,,,False
3,100,100,57,B_fixed_time_mean,,,missing_target_record,,,,,False
3,100,100,57,A_full_mean,,,missing_target_record,,,,,False
3,100,100,57,B_full_mean,,,missing_target_record,,,,,False
3,100,100,57,A_G1_fixed_time,,,missing_target_record,,,,,False
3,100,100,57,A_G2_fixed_time,,,missing_target_record,,,,,False
3,100,100,57,A_G2_minus_G1_fixed_time,,,missing_target_record,,,,,False
3,100,100,57,A_G1_time_average,,,missing_target_record,,,,,False
3,100,100,57,A_G2_time_average,,,missing_target_record,,,,,False
3,100,100,57,A_G2_minus_G1_time_average,,,missing_target_record,,,,,False
3,100,100,57,B_G1_fixed_time,,,missing_target_record,,,,,False
3,100,100,57,B_G2_fixed_time,,,missing_target_record,,,,,False
3,100,100,57,B_G2_minus_G1_fixed_time,,,missing_target_record,,,,,False
3,100,100,57,B_G1_time_average,,,missing_target_record,,,,,False
3,100,100,57,B_G2_time_average,,,missing_target_record,,,,,False
3,100,100,57,B_G2_minus_G1_time_average,,,missing_target_record,,,,,False
3,100,100,58,A_entry,,,missing_target_record,,,,,False
3,100,100,58,B_entry,,,missing_target_record,,,,,False
3,100,100,58,A_fixed_time_mean,,,missing_target_record,,,,,False
3,100,100,58,B_fixed_time_mean,,,missing_target_record,,,,,False
3,100,100,58,A_full_mean,,,missing_target_record,,,,,False
3,100,100,58,B_full_mean,,,missing_target_record,,,,,False
3,100,100,58,A_G1_fixed_time,,,missing_target_record,,,,,False
3,100,100,58,A_G2_fixed_time,,,missing_target_record,,,,,False
3,100,100,58,A_G2_minus_G1_fixed_time,,,missing_target_record,,,,,False
3,100,100,58,A_G1_time_average,,,missing_target_record,,,,,False
3,100,100,58,A_G2_time_average,,,missing_target_record,,,,,False
3,100,100,58,A_G2_minus_G1_time_average,,,missing_target_record,,,,,False
3,100,100,58,B_G1_fixed_time,,,missing_target_record,,,,,False
3,100,100,58,B_G2_fixed_time,,,missing_target_record,,,,,False
3,100,100,58,B_G2_minus_G1_fixed_time,,,missing_target_record,,,,,False
3,100,100,58,B_G1_time_average,,,missing_target_record,,,,,False
3,100,100,58,B_G2_time_average,,,missing_target_record,,,,,False
3,100,100,58,B_G2_minus_G1_time_average,,,missing_target_record,,,,,False
3,100,100,59,A_entry,,,missing_target_record,,,,,False
3,100,100,59,B_entry,,,missing_target_record,,,,,False
3,100,100,59,A_fixed_time_mean,,,missing_target_record,,,,,False
3,100,100,59,B_fixed_time_mean,,,missing_target_record,,,,,False
3,100,100,59,A_full_mean,,,missing_target_record,,,,,False
3,100,100,59,B_full_mean,,,missing_target_record,,,,,False
3,100,100,59,A_G1_fixed_time,,,missing_target_record,,,,,False
3,100,100,59,A_G2_fixed_time,,,missing_target_record,,,,,False
3,100,100,59,A_G2_minus_G1_fixed_time,,,missing_target_record,,,,,False
3,100,100,59,A_G1_time_average,,,missing_target_record,,,,,False
3,100,100,59,A_G2_time_average,,,missing_target_record,,,,,False
3,100,100,59,A_G2_minus_G1_time_average,,,missing_target_record,,,,,False
3,100,100,59,B_G1_fixed_time,,,missing_target_record,,,,,False
3,100,100,59,B_G2_fixed_time,,,missing_target_record,,,,,False
3,100,100,59,B_G2_minus_G1_fixed_time,,,missing_target_record,,,,,False
3,100,100,59,B_G1_time_average,,,missing_target_record,,,,,False
3,100,100,59,B_G2_time_average,,,missing_target_record,,,,,False
3,100,100,59,B_G2_minus_G1_time_average,,,missing_target_record,,,,,False
3,100,100,60,A_entry,,,missing_target_record,,,,,False
3,100,100,60,B_entry,,,missing_target_record,,,,,False
3,100,100,60,A_fixed_time_mean,,,missing_target_record,,,,,False
3,100,100,60,B_fixed_time_mean,,,missing_target_record,,,,,False
3,100,100,60,A_full_mean,,,missing_target_record,,,,,False
3,100,100,60,B_full_mean,,,missing_target_record,,,,,False
3,100,100,60,A_G1_fixed_time,,,missing_target_record,,,,,False
3,100,100,60,A_G2_fixed_time,,,missing_target_record,,,,,False
3,100,100,60,A_G2_minus_G1_fixed_time,,,missing_target_record,,,,,False
3,100,100,60,A_G1_time_average,,,missing_target_record,,,,,False
3,100,100,60,A_G2_time_average,,,missing_target_record,,,,,False
3,100,100,60,A_G2_minus_G1_time_average,,,missing_target_record,,,,,False
3,100,100,60,B_G1_fixed_time,,,missing_target_record,,,,,False
3,100,100,60,B_G2_fixed_time,,,missing_target_record,,,,,False
3,100,100,60,B_G2_minus_G1_fixed_time,,,missing_target_record,,,,,False
3,100,100,60,B_G1_time_average,,,missing_target_record,,,,,False
3,100,100,60,B_G2_time_average,,,missing_target_record,,,,,False
3,100,100,60,B_G2_minus_G1_time_average,,,missing_target_record,,,,,False
3,100,100,61,A_entry,,,missing_target_record,,,,,False
3,100,100,61,B_entry,,,missing_target_record,,,,,False
3,100,100,61,A_fixed_time_mean,,,missing_target_record,,,,,False
3,100,100,61,B_fixed_time_mean,,,missing_target_record,,,,,False
3,100,100,61,A_full_mean,,,missing_target_record,,,,,False
3,100,100,61,B_full_mean,,,missing_target_record,,,,,False
3,100,100,61,A_G1_fixed_time,,,missing_target_record,,,,,False
3,100,100,61,A_G2_fixed_time,,,missing_target_record,,,,,False
3,100,100,61,A_G2_minus_G1_fixed_time,,,missing_target_record,,,,,False
3,100,100,61,A_G1_time_average,,,missing_target_record,,,,,False
3,100,100,61,A_G2_time_average,,,missing_target_record,,,,,False
3,100,100,61,A_G2_minus_G1_time_average,,,missing_target_record,,,,,False
3,100,100,61,B_G1_fixed_time,,,missing_target_record,,,,,False
3,100,100,61,B_G2_fixed_time,,,missing_target_record,,,,,False
3,100,100,61,B_G2_minus_G1_fixed_time,,,missing_target_record,,,,,False
3,100,100,61,B_G1_time_average,,,missing_target_record,,,,,False
3,100,100,61,B_G2_time_average,,,missing_target_record,,,,,False
3,100,100,61,B_G2_minus_G1_time_average,,,missing_target_record,,,,,False
3,100,100,62,A_entry,,,missing_target_record,,,,,False
3,100,100,62,B_entry,,,missing_target_record,,,,,False
3,100,100,62,A_fixed_time_mean,,,missing_target_record,,,,,False
3,100,100,62,B_fixed_time_mean,,,missing_target_record,,,,,False
3,100,100,62,A_full_mean,,,missing_target_record,,,,,False
3,100,100,62,B_full_mean,,,missing_target_record,,,,,False
3,100,100,62,A_G1_fixed_time,,,missing_target_record,,,,,False
3,100,100,62,A_G2_fixed_time,,,missing_target_record,,,,,False
3,100,100,62,A_G2_minus_G1_fixed_time,,,missing_target_record,,,,,False
3,100,100,62,A_G1_time_average,,,missing_target_record,,,,,False
3,100,100,62,A_G2_time_average,,,missing_target_record,,,,,False
3,100,100,62,A_G2_minus_G1_time_average,,,missing_target_record,,,,,False
3,100,100,62,B_G1_fixed_time,,,missing_target_record,,,,,False
3,100,100,62,B_G2_fixed_time,,,missing_target_record,,,,,False
3,100,100,62,B_G2_minus_G1_fixed_time,,,missing_target_record,,,,,False
3,100,100,62,B_G1_time_average,,,missing_target_record,,,,,False
3,100,100,62,B_G2_time_average,,,missing_target_record,,,,,False
3,100,100,62,B_G2_minus_G1_time_average,,,missing_target_record,,,,,False
3,100,100,63,A_entry,,,missing_target_record,,,,,False
3,100,100,63,B_entry,,,missing_target_record,,,,,False
3,100,100,63,A_fixed_time_mean,,,missing_target_record,,,,,False
3,100,100,63,B_fixed_time_mean,,,missing_target_record,,,,,False
3,100,100,63,A_full_mean,,,missing_target_record,,,,,False
3,100,100,63,B_full_mean,,,missing_target_record,,,,,False
3,100,100,63,A_G1_fixed_time,,,missing_target_record,,,,,False
3,100,100,63,A_G2_fixed_time,,,missing_target_record,,,,,False
3,100,100,63,A_G2_minus_G1_fixed_time,,,missing_target_record,,,,,False
3,100,100,63,A_G1_time_average,,,missing_target_record,,,,,False
3,100,100,63,A_G2_time_average,,,missing_target_record,,,,,False
3,100,100,63,A_G2_minus_G1_time_average,,,missing_target_record,,,,,False
3,100,100,63,B_G1_fixed_time,,,missing_target_record,,,,,False
3,100,100,63,B_G2_fixed_time,,,missing_target_record,,,,,False
3,100,100,63,B_G2_minus_G1_fixed_time,,,missing_target_record,,,,,False
3,100,100,63,B_G1_time_average,,,missing_target_record,,,,,False
3,100,100,63,B_G2_time_average,,,missing_target_record,,,,,False
3,100,100,63,B_G2_minus_G1_time_average,,,missing_target_record,,,,,False
3,100,100,64,A_entry,,,missing_target_record,,,,,False
3,100,100,64,B_entry,,,missing_target_record,,,,,False
3,100,100,64,A_fixed_time_mean,,,missing_target_record,,,,,False
3,100,100,64,B_fixed_time_mean,,,missing_target_record,,,,,False
3,100,100,64,A_full_mean,,,missing_target_record,,,,,False
3,100,100,64,B_full_mean,,,missing_target_record,,,,,False
3,100,100,64,A_G1_fixed_time,,,missing_target_record,,,,,False
3,100,100,64,A_G2_fixed_time,,,missing_target_record,,,,,False
3,100,100,64,A_G2_minus_G1_fixed_time,,,missing_target_record,,,,,False
3,100,100,64,A_G1_time_average,,,missing_target_record,,,,,False
3,100,100,64,A_G2_time_average,,,missing_target_record,,,,,False
3,100,100,64,A_G2_minus_G1_time_average,,,missing_target_record,,,,,False
3,100,100,64,B_G1_fixed_time,,,missing_target_record,,,,,False
3,100,100,64,B_G2_fixed_time,,,missing_target_record,,,,,False
3,100,100,64,B_G2_minus_G1_fixed_time,,,missing_target_record,,,,,False
3,100,100,64,B_G1_time_average,,,missing_target_record,,,,,False
3,100,100,64,B_G2_time_average,,,missing_target_record,,,,,False
3,100,100,64,B_G2_minus_G1_time_average,,,missing_target_record,,,,,False
3,100,100,65,A_entry,,,missing_target_record,,,,,False
3,100,100,65,B_entry,,,missing_target_record,,,,,False
3,100,100,65,A_fixed_time_mean,,,missing_target_record,,,,,False
3,100,100,65,B_fixed_time_mean,,,missing_target_record,,,,,False
3,100,100,65,A_full_mean,,,missing_target_record,,,,,False
3,100,100,65,B_full_mean,,,missing_target_record,,,,,False
3,100,100,65,A_G1_fixed_time,,,missing_target_record,,,,,False
3,100,100,65,A_G2_fixed_time,,,missing_target_record,,,,,False
3,100,100,65,A_G2_minus_G1_fixed_time,,,missing_target_record,,,,,False
3,100,100,65,A_G1_time_average,,,missing_target_record,,,,,False
3,100,100,65,A_G2_time_average,,,missing_target_record,,,,,False
3,100,100,65,A_G2_minus_G1_time_average,,,missing_target_record,,,,,False
3,100,100,65,B_G1_fixed_time,,,missing_target_record,,,,,False
3,100,100,65,B_G2_fixed_time,,,missing_target_record,,,,,False
3,100,100,65,B_G2_minus_G1_fixed_time,,,missing_target_record,,,,,False
3,100,100,65,B_G1_time_average,,,missing_target_record,,,,,False
3,100,100,65,B_G2_time_average,,,missing_target_record,,,,,False
3,100,100,65,B_G2_minus_G1_time_average,,,missing_target_record,,,,,False
3,100,100,66,A_entry,,,missing_target_record,,,,,False
3,100,100,66,B_entry,,,missing_target_record,,,,,False
3,100,100,66,A_fixed_time_mean,,,missing_target_record,,,,,False
3,100,100,66,B_fixed_time_mean,,,missing_target_record,,,,,False
3,100,100,66,A_full_mean,,,missing_target_record,,,,,False
3,100,100,66,B_full_mean,,,missing_target_record,,,,,False
3,100,100,66,A_G1_fixed_time,,,missing_target_record,,,,,False
3,100,100,66,A_G2_fixed_time,,,missing_target_record,,,,,False
3,100,100,66,A_G2_minus_G1_fixed_time,,,missing_target_record,,,,,False
3,100,100,66,A_G1_time_average,,,missing_target_record,,,,,False
3,100,100,66,A_G2_time_average,,,missing_target_record,,,,,False
3,100,100,66,A_G2_minus_G1_time_average,,,missing_target_record,,,,,False
3,100,100,66,B_G1_fixed_time,,,missing_target_record,,,,,False
3,100,100,66,B_G2_fixed_time,,,missing_target_record,,,,,False
3,100,100,66,B_G2_minus_G1_fixed_time,,,missing_target_record,,,,,False
3,100,100,66,B_G1_time_average,,,missing_target_record,,,,,False
3,100,100,66,B_G2_time_average,,,missing_target_record,,,,,False
3,100,100,66,B_G2_minus_G1_time_average,,,missing_target_record,,,,,False
3,100,100,67,A_entry,,,missing_target_record,,,,,False
3,100,100,67,B_entry,,,missing_target_record,,,,,False
3,100,100,67,A_fixed_time_mean,,,missing_target_record,,,,,False
3,100,100,67,B_fixed_time_mean,,,missing_target_record,,,,,False
3,100,100,67,A_full_mean,,,missing_target_record,,,,,False
3,100,100,67,B_full_mean,,,missing_target_record,,,,,False
3,100,100,67,A_G1_fixed_time,,,missing_target_record,,,,,False
3,100,100,67,A_G2_fixed_time,,,missing_target_record,,,,,False
3,100,100,67,A_G2_minus_G1_fixed_time,,,missing_target_record,,,,,False
3,100,100,67,A_G1_time_average,,,missing_target_record,,,,,False
3,100,100,67,A_G2_time_average,,,missing_target_record,,,,,False
3,100,100,67,A_G2_minus_G1_time_average,,,missing_target_record,,,,,False
3,100,100,67,B_G1_fixed_time,,,missing_target_record,,,,,False
3,100,100,67,B_G2_fixed_time,,,missing_target_record,,,,,False
3,100,100,67,B_G2_minus_G1_fixed_time,,,missing_target_record,,,,,False
3,100,100,67,B_G1_time_average,,,missing_target_record,,,,,False
3,100,100,67,B_G2_time_average,,,missing_target_record,,,,,False
3,100,100,67,B_G2_minus_G1_time_average,,,missing_target_record,,,,,False
3,100,100,68,A_entry,,,missing_target_record,,,,,False
3,100,100,68,B_entry,,,missing_target_record,,,,,False
3,100,100,68,A_fixed_time_mean,,,missing_target_record,,,,,False
3,100,100,68,B_fixed_time_mean,,,missing_target_record,,,,,False
3,100,100,68,A_full_mean,,,missing_target_record,,,,,False
3,100,100,68,B_full_mean,,,missing_target_record,,,,,False
3,100,100,68,A_G1_fixed_time,,,missing_target_record,,,,,False
3,100,100,68,A_G2_fixed_time,,,missing_target_record,,,,,False
3,100,100,68,A_G2_minus_G1_fixed_time,,,missing_target_record,,,,,False
3,100,100,68,A_G1_time_average,,,missing_target_record,,,,,False
3,100,100,68,A_G2_time_average,,,missing_target_record,,,,,False
3,100,100,68,A_G2_minus_G1_time_average,,,missing_target_record,,,,,False
3,100,100,68,B_G1_fixed_time,,,missing_target_record,,,,,False
3,100,100,68,B_G2_fixed_time,,,missing_target_record,,,,,False
3,100,100,68,B_G2_minus_G1_fixed_time,,,missing_target_record,,,,,False
3,100,100,68,B_G1_time_average,,,missing_target_record,,,,,False
3,100,100,68,B_G2_time_average,,,missing_target_record,,,,,False
3,100,100,68,B_G2_minus_G1_time_average,,,missing_target_record,,,,,False
3,100,100,69,A_entry,,,missing_target_record,,,,,False
3,100,100,69,B_entry,,,missing_target_record,,,,,False
3,100,100,69,A_fixed_time_mean,,,missing_target_record,,,,,False
3,100,100,69,B_fixed_time_mean,,,missing_target_record,,,,,False
3,100,100,69,A_full_mean,,,missing_target_record,,,,,False
3,100,100,69,B_full_mean,,,missing_target_record,,,,,False
3,100,100,69,A_G1_fixed_time,,,missing_target_record,,,,,False
3,100,100,69,A_G2_fixed_time,,,missing_target_record,,,,,False
3,100,100,69,A_G2_minus_G1_fixed_time,,,missing_target_record,,,,,False
3,100,100,69,A_G1_time_average,,,missing_target_record,,,,,False
3,100,100,69,A_G2_time_average,,,missing_target_record,,,,,False
3,100,100,69,A_G2_minus_G1_time_average,,,missing_target_record,,,,,False
3,100,100,69,B_G1_fixed_time,,,missing_target_record,,,,,False
3,100,100,69,B_G2_fixed_time,,,missing_target_record,,,,,False
3,100,100,69,B_G2_minus_G1_fixed_time,,,missing_target_record,,,,,False
3,100,100,69,B_G1_time_average,,,missing_target_record,,,,,False
3,100,100,69,B_G2_time_average,,,missing_target_record,,,,,False
3,100,100,69,B_G2_minus_G1_time_average,,,missing_target_record,,,,,False
3,100,100,70,A_entry,,,missing_target_record,,,,,False
3,100,100,70,B_entry,,,missing_target_record,,,,,False
3,100,100,70,A_fixed_time_mean,,,missing_target_record,,,,,False
3,100,100,70,B_fixed_time_mean,,,missing_target_record,,,,,False
3,100,100,70,A_full_mean,,,missing_target_record,,,,,False
3,100,100,70,B_full_mean,,,missing_target_record,,,,,False
3,100,100,70,A_G1_fixed_time,,,missing_target_record,,,,,False
3,100,100,70,A_G2_fixed_time,,,missing_target_record,,,,,False
3,100,100,70,A_G2_minus_G1_fixed_time,,,missing_target_record,,,,,False
3,100,100,70,A_G1_time_average,,,missing_target_record,,,,,False
3,100,100,70,A_G2_time_average,,,missing_target_record,,,,,False
3,100,100,70,A_G2_minus_G1_time_average,,,missing_target_record,,,,,False
3,100,100,70,B_G1_fixed_time,,,missing_target_record,,,,,False
3,100,100,70,B_G2_fixed_time,,,missing_target_record,,,,,False
3,100,100,70,B_G2_minus_G1_fixed_time,,,missing_target_record,,,,,False
3,100,100,70,B_G1_time_average,,,missing_target_record,,,,,False
3,100,100,70,B_G2_time_average,,,missing_target_record,,,,,False
3,100,100,70,B_G2_minus_G1_time_average,,,missing_target_record,,,,,False
3,100,100,71,A_entry,,,missing_target_record,,,,,False
3,100,100,71,B_entry,,,missing_target_record,,,,,False
3,100,100,71,A_fixed_time_mean,,,missing_target_record,,,,,False
3,100,100,71,B_fixed_time_mean,,,missing_target_record,,,,,False
3,100,100,71,A_full_mean,,,missing_target_record,,,,,False
3,100,100,71,B_full_mean,,,missing_target_record,,,,,False
3,100,100,71,A_G1_fixed_time,,,missing_target_record,,,,,False
3,100,100,71,A_G2_fixed_time,,,missing_target_record,,,,,False
3,100,100,71,A_G2_minus_G1_fixed_time,,,missing_target_record,,,,,False
3,100,100,71,A_G1_time_average,,,missing_target_record,,,,,False
3,100,100,71,A_G2_time_average,,,missing_target_record,,,,,False
3,100,100,71,A_G2_minus_G1_time_average,,,missing_target_record,,,,,False
3,100,100,71,B_G1_fixed_time,,,missing_target_record,,,,,False
3,100,100,71,B_G2_fixed_time,,,missing_target_record,,,,,False
3,100,100,71,B_G2_minus_G1_fixed_time,,,missing_target_record,,,,,False
3,100,100,71,B_G1_time_average,,,missing_target_record,,,,,False
3,100,100,71,B_G2_time_average,,,missing_target_record,,,,,False
3,100,100,71,B_G2_minus_G1_time_average,,,missing_target_record,,,,,False
3,100,100,72,A_entry,,,missing_target_record,,,,,False
3,100,100,72,B_entry,,,missing_target_record,,,,,False
3,100,100,72,A_fixed_time_mean,,,missing_target_record,,,,,False
3,100,100,72,B_fixed_time_mean,,,missing_target_record,,,,,False
3,100,100,72,A_full_mean,,,missing_target_record,,,,,False
3,100,100,72,B_full_mean,,,missing_target_record,,,,,False
3,100,100,72,A_G1_fixed_time,,,missing_target_record,,,,,False
3,100,100,72,A_G2_fixed_time,,,missing_target_record,,,,,False
3,100,100,72,A_G2_minus_G1_fixed_time,,,missing_target_record,,,,,False
3,100,100,72,A_G1_time_average,,,missing_target_record,,,,,False
3,100,100,72,A_G2_time_average,,,missing_target_record,,,,,False
3,100,100,72,A_G2_minus_G1_time_average,,,missing_target_record,,,,,False
3,100,100,72,B_G1_fixed_time,,,missing_target_record,,,,,False
3,100,100,72,B_G2_fixed_time,,,missing_target_record,,,,,False
3,100,100,72,B_G2_minus_G1_fixed_time,,,missing_target_record,,,,,False
3,100,100,72,B_G1_time_average,,,missing_target_record,,,,,False
3,100,100,72,B_G2_time_average,,,missing_target_record,,,,,False
3,100,100,72,B_G2_minus_G1_time_average,,,missing_target_record,,,,,False
3,100,100,73,A_entry,,,missing_target_record,,,,,False
3,100,100,73,B_entry,,,missing_target_record,,,,,False
3,100,100,73,A_fixed_time_mean,,,missing_target_record,,,,,False
3,100,100,73,B_fixed_time_mean,,,missing_target_record,,,,,False
3,100,100,73,A_full_mean,,,missing_target_record,,,,,False
3,100,100,73,B_full_mean,,,missing_target_record,,,,,False
3,100,100,73,A_G1_fixed_time,,,missing_target_record,,,,,False
3,100,100,73,A_G2_fixed_time,,,missing_target_record,,,,,False
3,100,100,73,A_G2_minus_G1_fixed_time,,,missing_target_record,,,,,False
3,100,100,73,A_G1_time_average,,,missing_target_record,,,,,False
3,100,100,73,A_G2_time_average,,,missing_target_record,,,,,False
3,100,100,73,A_G2_minus_G1_time_average,,,missing_target_record,,,,,False
3,100,100,73,B_G1_fixed_time,,,missing_target_record,,,,,False
3,100,100,73,B_G2_fixed_time,,,missing_target_record,,,,,False
3,100,100,73,B_G2_minus_G1_fixed_time,,,missing_target_record,,,,,False
3,100,100,73,B_G1_time_average,,,missing_target_record,,,,,False
3,100,100,73,B_G2_time_average,,,missing_target_record,,,,,False
3,100,100,73,B_G2_minus_G1_time_average,,,missing_target_record,,,,,False
3,100,100,74,A_entry,,,missing_target_record,,,,,False
3,100,100,74,B_entry,,,missing_target_record,,,,,False
3,100,100,74,A_fixed_time_mean,,,missing_target_record,,,,,False
3,100,100,74,B_fixed_time_mean,,,missing_target_record,,,,,False
3,100,100,74,A_full_mean,,,missing_target_record,,,,,False
3,100,100,74,B_full_mean,,,missing_target_record,,,,,False
3,100,100,74,A_G1_fixed_time,,,missing_target_record,,,,,False
3,100,100,74,A_G2_fixed_time,,,missing_target_record,,,,,False
3,100,100,74,A_G2_minus_G1_fixed_time,,,missing_target_record,,,,,False
3,100,100,74,A_G1_time_average,,,missing_target_record,,,,,False
3,100,100,74,A_G2_time_average,,,missing_target_record,,,,,False
3,100,100,74,A_G2_minus_G1_time_average,,,missing_target_record,,,,,False
3,100,100,74,B_G1_fixed_time,,,missing_target_record,,,,,False
3,100,100,74,B_G2_fixed_time,,,missing_target_record,,,,,False
3,100,100,74,B_G2_minus_G1_fixed_time,,,missing_target_record,,,,,False
3,100,100,74,B_G1_time_average,,,missing_target_record,,,,,False
3,100,100,74,B_G2_time_average,,,missing_target_record,,,,,False
3,100,100,74,B_G2_minus_G1_time_average,,,missing_target_record,,,,,False
3,100,100,75,A_entry,,,missing_target_record,,,,,False
3,100,100,75,B_entry,,,missing_target_record,,,,,False
3,100,100,75,A_fixed_time_mean,,,missing_target_record,,,,,False
3,100,100,75,B_fixed_time_mean,,,missing_target_record,,,,,False
3,100,100,75,A_full_mean,,,missing_target_record,,,,,False
3,100,100,75,B_full_mean,,,missing_target_record,,,,,False
3,100,100,75,A_G1_fixed_time,,,missing_target_record,,,,,False
3,100,100,75,A_G2_fixed_time,,,missing_target_record,,,,,False
3,100,100,75,A_G2_minus_G1_fixed_time,,,missing_target_record,,,,,False
3,100,100,75,A_G1_time_average,,,missing_target_record,,,,,False
3,100,100,75,A_G2_time_average,,,missing_target_record,,,,,False
3,100,100,75,A_G2_minus_G1_time_average,,,missing_target_record,,,,,False
3,100,100,75,B_G1_fixed_time,,,missing_target_record,,,,,False
3,100,100,75,B_G2_fixed_time,,,missing_target_record,,,,,False
3,100,100,75,B_G2_minus_G1_fixed_time,,,missing_target_record,,,,,False
3,100,100,75,B_G1_time_average,,,missing_target_record,,,,,False
3,100,100,75,B_G2_time_average,,,missing_target_record,,,,,False
3,100,100,75,B_G2_minus_G1_time_average,,,missing_target_record,,,,,False
3,100,100,76,A_entry,,,missing_target_record,,,,,False
3,100,100,76,B_entry,,,missing_target_record,,,,,False
3,100,100,76,A_fixed_time_mean,,,missing_target_record,,,,,False
3,100,100,76,B_fixed_time_mean,,,missing_target_record,,,,,False
3,100,100,76,A_full_mean,,,missing_target_record,,,,,False
3,100,100,76,B_full_mean,,,missing_target_record,,,,,False
3,100,100,76,A_G1_fixed_time,,,missing_target_record,,,,,False
3,100,100,76,A_G2_fixed_time,,,missing_target_record,,,,,False
3,100,100,76,A_G2_minus_G1_fixed_time,,,missing_target_record,,,,,False
3,100,100,76,A_G1_time_average,,,missing_target_record,,,,,False
3,100,100,76,A_G2_time_average,,,missing_target_record,,,,,False
3,100,100,76,A_G2_minus_G1_time_average,,,missing_target_record,,,,,False
3,100,100,76,B_G1_fixed_time,,,missing_target_record,,,,,False
3,100,100,76,B_G2_fixed_time,,,missing_target_record,,,,,False
3,100,100,76,B_G2_minus_G1_fixed_time,,,missing_target_record,,,,,False
3,100,100,76,B_G1_time_average,,,missing_target_record,,,,,False
3,100,100,76,B_G2_time_average,,,missing_target_record,,,,,False
3,100,100,76,B_G2_minus_G1_time_average,,,missing_target_record,,,,,False
3,100,100,77,A_entry,,,missing_target_record,,,,,False
3,100,100,77,B_entry,,,missing_target_record,,,,,False
3,100,100,77,A_fixed_time_mean,,,missing_target_record,,,,,False
3,100,100,77,B_fixed_time_mean,,,missing_target_record,,,,,False
3,100,100,77,A_full_mean,,,missing_target_record,,,,,False
3,100,100,77,B_full_mean,,,missing_target_record,,,,,False
3,100,100,77,A_G1_fixed_time,,,missing_target_record,,,,,False
3,100,100,77,A_G2_fixed_time,,,missing_target_record,,,,,False
3,100,100,77,A_G2_minus_G1_fixed_time,,,missing_target_record,,,,,False
3,100,100,77,A_G1_time_average,,,missing_target_record,,,,,False
3,100,100,77,A_G2_time_average,,,missing_target_record,,,,,False
3,100,100,77,A_G2_minus_G1_time_average,,,missing_target_record,,,,,False
3,100,100,77,B_G1_fixed_time,,,missing_target_record,,,,,False
3,100,100,77,B_G2_fixed_time,,,missing_target_record,,,,,False
3,100,100,77,B_G2_minus_G1_fixed_time,,,missing_target_record,,,,,False
3,100,100,77,B_G1_time_average,,,missing_target_record,,,,,False
3,100,100,77,B_G2_time_average,,,missing_target_record,,,,,False
3,100,100,77,B_G2_minus_G1_time_average,,,missing_target_record,,,,,False
3,100,100,78,A_entry,,,missing_target_record,,,,,False
3,100,100,78,B_entry,,,missing_target_record,,,,,False
3,100,100,78,A_fixed_time_mean,,,missing_target_record,,,,,False
3,100,100,78,B_fixed_time_mean,,,missing_target_record,,,,,False
3,100,100,78,A_full_mean,,,missing_target_record,,,,,False
3,100,100,78,B_full_mean,,,missing_target_record,,,,,False
3,100,100,78,A_G1_fixed_time,,,missing_target_record,,,,,False
3,100,100,78,A_G2_fixed_time,,,missing_target_record,,,,,False
3,100,100,78,A_G2_minus_G1_fixed_time,,,missing_target_record,,,,,False
3,100,100,78,A_G1_time_average,,,missing_target_record,,,,,False
3,100,100,78,A_G2_time_average,,,missing_target_record,,,,,False
3,100,100,78,A_G2_minus_G1_time_average,,,missing_target_record,,,,,False
3,100,100,78,B_G1_fixed_time,,,missing_target_record,,,,,False
3,100,100,78,B_G2_fixed_time,,,missing_target_record,,,,,False
3,100,100,78,B_G2_minus_G1_fixed_time,,,missing_target_record,,,,,False
3,100,100,78,B_G1_time_average,,,missing_target_record,,,,,False
3,100,100,78,B_G2_time_average,,,missing_target_record,,,,,False
3,100,100,78,B_G2_minus_G1_time_average,,,missing_target_record,,,,,False
3,100,100,79,A_entry,,,missing_target_record,,,,,False
3,100,100,79,B_entry,,,missing_target_record,,,,,False
3,100,100,79,A_fixed_time_mean,,,missing_target_record,,,,,False
3,100,100,79,B_fixed_time_mean,,,missing_target_record,,,,,False
3,100,100,79,A_full_mean,,,missing_target_record,,,,,False
3,100,100,79,B_full_mean,,,missing_target_record,,,,,False
3,100,100,79,A_G1_fixed_time,,,missing_target_record,,,,,False
3,100,100,79,A_G2_fixed_time,,,missing_target_record,,,,,False
3,100,100,79,A_G2_minus_G1_fixed_time,,,missing_target_record,,,,,False
3,100,100,79,A_G1_time_average,,,missing_target_record,,,,,False
3,100,100,79,A_G2_time_average,,,missing_target_record,,,,,False
3,100,100,79,A_G2_minus_G1_time_average,,,missing_target_record,,,,,False
3,100,100,79,B_G1_fixed_time,,,missing_target_record,,,,,False
3,100,100,79,B_G2_fixed_time,,,missing_target_record,,,,,False
3,100,100,79,B_G2_minus_G1_fixed_time,,,missing_target_record,,,,,False
3,100,100,79,B_G1_time_average,,,missing_target_record,,,,,False
3,100,100,79,B_G2_time_average,,,missing_target_record,,,,,False
3,100,100,79,B_G2_minus_G1_time_average,,,missing_target_record,,,,,False
3,100,100,80,A_entry,,,missing_target_record,,,,,False
3,100,100,80,B_entry,,,missing_target_record,,,,,False
3,100,100,80,A_fixed_time_mean,,,missing_target_record,,,,,False
3,100,100,80,B_fixed_time_mean,,,missing_target_record,,,,,False
3,100,100,80,A_full_mean,,,missing_target_record,,,,,False
3,100,100,80,B_full_mean,,,missing_target_record,,,,,False
3,100,100,80,A_G1_fixed_time,,,missing_target_record,,,,,False
3,100,100,80,A_G2_fixed_time,,,missing_target_record,,,,,False
3,100,100,80,A_G2_minus_G1_fixed_time,,,missing_target_record,,,,,False
3,100,100,80,A_G1_time_average,,,missing_target_record,,,,,False
3,100,100,80,A_G2_time_average,,,missing_target_record,,,,,False
3,100,100,80,A_G2_minus_G1_time_average,,,missing_target_record,,,,,False
3,100,100,80,B_G1_fixed_time,,,missing_target_record,,,,,False
3,100,100,80,B_G2_fixed_time,,,missing_target_record,,,,,False
3,100,100,80,B_G2_minus_G1_fixed_time,,,missing_target_record,,,,,False
3,100,100,80,B_G1_time_average,,,missing_target_record,,,,,False
3,100,100,80,B_G2_time_average,,,missing_target_record,,,,,False
3,100,100,80,B_G2_minus_G1_time_average,,,missing_target_record,,,,,False
3,100,100,81,A_entry,,,missing_target_record,,,,,False
3,100,100,81,B_entry,,,missing_target_record,,,,,False
3,100,100,81,A_fixed_time_mean,,,missing_target_record,,,,,False
3,100,100,81,B_fixed_time_mean,,,missing_target_record,,,,,False
3,100,100,81,A_full_mean,,,missing_target_record,,,,,False
3,100,100,81,B_full_mean,,,missing_target_record,,,,,False
3,100,100,81,A_G1_fixed_time,,,missing_target_record,,,,,False
3,100,100,81,A_G2_fixed_time,,,missing_target_record,,,,,False
3,100,100,81,A_G2_minus_G1_fixed_time,,,missing_target_record,,,,,False
3,100,100,81,A_G1_time_average,,,missing_target_record,,,,,False
3,100,100,81,A_G2_time_average,,,missing_target_record,,,,,False
3,100,100,81,A_G2_minus_G1_time_average,,,missing_target_record,,,,,False
3,100,100,81,B_G1_fixed_time,,,missing_target_record,,,,,False
3,100,100,81,B_G2_fixed_time,,,missing_target_record,,,,,False
3,100,100,81,B_G2_minus_G1_fixed_time,,,missing_target_record,,,,,False
3,100,100,81,B_G1_time_average,,,missing_target_record,,,,,False
3,100,100,81,B_G2_time_average,,,missing_target_record,,,,,False
3,100,100,81,B_G2_minus_G1_time_average,,,missing_target_record,,,,,False
3,100,100,82,A_entry,,,missing_target_record,,,,,False
3,100,100,82,B_entry,,,missing_target_record,,,,,False
3,100,100,82,A_fixed_time_mean,,,missing_target_record,,,,,False
3,100,100,82,B_fixed_time_mean,,,missing_target_record,,,,,False
3,100,100,82,A_full_mean,,,missing_target_record,,,,,False
3,100,100,82,B_full_mean,,,missing_target_record,,,,,False
3,100,100,82,A_G1_fixed_time,,,missing_target_record,,,,,False
3,100,100,82,A_G2_fixed_time,,,missing_target_record,,,,,False
3,100,100,82,A_G2_minus_G1_fixed_time,,,missing_target_record,,,,,False
3,100,100,82,A_G1_time_average,,,missing_target_record,,,,,False
3,100,100,82,A_G2_time_average,,,missing_target_record,,,,,False
3,100,100,82,A_G2_minus_G1_time_average,,,missing_target_record,,,,,False
3,100,100,82,B_G1_fixed_time,,,missing_target_record,,,,,False
3,100,100,82,B_G2_fixed_time,,,missing_target_record,,,,,False
3,100,100,82,B_G2_minus_G1_fixed_time,,,missing_target_record,,,,,False
3,100,100,82,B_G1_time_average,,,missing_target_record,,,,,False
3,100,100,82,B_G2_time_average,,,missing_target_record,,,,,False
3,100,100,82,B_G2_minus_G1_time_average,,,missing_target_record,,,,,False
3,100,100,83,A_entry,,,missing_target_record,,,,,False
3,100,100,83,B_entry,,,missing_target_record,,,,,False
3,100,100,83,A_fixed_time_mean,,,missing_target_record,,,,,False
3,100,100,83,B_fixed_time_mean,,,missing_target_record,,,,,False
3,100,100,83,A_full_mean,,,missing_target_record,,,,,False
3,100,100,83,B_full_mean,,,missing_target_record,,,,,False
3,100,100,83,A_G1_fixed_time,,,missing_target_record,,,,,False
3,100,100,83,A_G2_fixed_time,,,missing_target_record,,,,,False
3,100,100,83,A_G2_minus_G1_fixed_time,,,missing_target_record,,,,,False
3,100,100,83,A_G1_time_average,,,missing_target_record,,,,,False
3,100,100,83,A_G2_time_average,,,missing_target_record,,,,,False
3,100,100,83,A_G2_minus_G1_time_average,,,missing_target_record,,,,,False
3,100,100,83,B_G1_fixed_time,,,missing_target_record,,,,,False
3,100,100,83,B_G2_fixed_time,,,missing_target_record,,,,,False
3,100,100,83,B_G2_minus_G1_fixed_time,,,missing_target_record,,,,,False
3,100,100,83,B_G1_time_average,,,missing_target_record,,,,,False
3,100,100,83,B_G2_time_average,,,missing_target_record,,,,,False
3,100,100,83,B_G2_minus_G1_time_average,,,missing_target_record,,,,,False
3,100,100,84,A_entry,,,missing_target_record,,,,,False
3,100,100,84,B_entry,,,missing_target_record,,,,,False
3,100,100,84,A_fixed_time_mean,,,missing_target_record,,,,,False
3,100,100,84,B_fixed_time_mean,,,missing_target_record,,,,,False
3,100,100,84,A_full_mean,,,missing_target_record,,,,,False
3,100,100,84,B_full_mean,,,missing_target_record,,,,,False
3,100,100,84,A_G1_fixed_time,,,missing_target_record,,,,,False
3,100,100,84,A_G2_fixed_time,,,missing_target_record,,,,,False
3,100,100,84,A_G2_minus_G1_fixed_time,,,missing_target_record,,,,,False
3,100,100,84,A_G1_time_average,,,missing_target_record,,,,,False
3,100,100,84,A_G2_time_average,,,missing_target_record,,,,,False
3,100,100,84,A_G2_minus_G1_time_average,,,missing_target_record,,,,,False
3,100,100,84,B_G1_fixed_time,,,missing_target_record,,,,,False
3,100,100,84,B_G2_fixed_time,,,missing_target_record,,,,,False
3,100,100,84,B_G2_minus_G1_fixed_time,,,missing_target_record,,,,,False
3,100,100,84,B_G1_time_average,,,missing_target_record,,,,,False
3,100,100,84,B_G2_time_average,,,missing_target_record,,,,,False
3,100,100,84,B_G2_minus_G1_time_average,,,missing_target_record,,,,,False
3,100,100,85,A_entry,,,missing_target_record,,,,,False
3,100,100,85,B_entry,,,missing_target_record,,,,,False
3,100,100,85,A_fixed_time_mean,,,missing_target_record,,,,,False
3,100,100,85,B_fixed_time_mean,,,missing_target_record,,,,,False
3,100,100,85,A_full_mean,,,missing_target_record,,,,,False
3,100,100,85,B_full_mean,,,missing_target_record,,,,,False
3,100,100,85,A_G1_fixed_time,,,missing_target_record,,,,,False
3,100,100,85,A_G2_fixed_time,,,missing_target_record,,,,,False
3,100,100,85,A_G2_minus_G1_fixed_time,,,missing_target_record,,,,,False
3,100,100,85,A_G1_time_average,,,missing_target_record,,,,,False
3,100,100,85,A_G2_time_average,,,missing_target_record,,,,,False
3,100,100,85,A_G2_minus_G1_time_average,,,missing_target_record,,,,,False
3,100,100,85,B_G1_fixed_time,,,missing_target_record,,,,,False
3,100,100,85,B_G2_fixed_time,,,missing_target_record,,,,,False
3,100,100,85,B_G2_minus_G1_fixed_time,,,missing_target_record,,,,,False
3,100,100,85,B_G1_time_average,,,missing_target_record,,,,,False
3,100,100,85,B_G2_time_average,,,missing_target_record,,,,,False
3,100,100,85,B_G2_minus_G1_time_average,,,missing_target_record,,,,,False
3,100,100,86,A_entry,,,missing_target_record,,,,,False
3,100,100,86,B_entry,,,missing_target_record,,,,,False
3,100,100,86,A_fixed_time_mean,,,missing_target_record,,,,,False
3,100,100,86,B_fixed_time_mean,,,missing_target_record,,,,,False
3,100,100,86,A_full_mean,,,missing_target_record,,,,,False
3,100,100,86,B_full_mean,,,missing_target_record,,,,,False
3,100,100,86,A_G1_fixed_time,,,missing_target_record,,,,,False
3,100,100,86,A_G2_fixed_time,,,missing_target_record,,,,,False
3,100,100,86,A_G2_minus_G1_fixed_time,,,missing_target_record,,,,,False
3,100,100,86,A_G1_time_average,,,missing_target_record,,,,,False
3,100,100,86,A_G2_time_average,,,missing_target_record,,,,,False
3,100,100,86,A_G2_minus_G1_time_average,,,missing_target_record,,,,,False
3,100,100,86,B_G1_fixed_time,,,missing_target_record,,,,,False
3,100,100,86,B_G2_fixed_time,,,missing_target_record,,,,,False
3,100,100,86,B_G2_minus_G1_fixed_time,,,missing_target_record,,,,,False
3,100,100,86,B_G1_time_average,,,missing_target_record,,,,,False
3,100,100,86,B_G2_time_average,,,missing_target_record,,,,,False
3,100,100,86,B_G2_minus_G1_time_average,,,missing_target_record,,,,,False
3,100,100,87,A_entry,,,missing_target_record,,,,,False
3,100,100,87,B_entry,,,missing_target_record,,,,,False
3,100,100,87,A_fixed_time_mean,,,missing_target_record,,,,,False
3,100,100,87,B_fixed_time_mean,,,missing_target_record,,,,,False
3,100,100,87,A_full_mean,,,missing_target_record,,,,,False
3,100,100,87,B_full_mean,,,missing_target_record,,,,,False
3,100,100,87,A_G1_fixed_time,,,missing_target_record,,,,,False
3,100,100,87,A_G2_fixed_time,,,missing_target_record,,,,,False
3,100,100,87,A_G2_minus_G1_fixed_time,,,missing_target_record,,,,,False
3,100,100,87,A_G1_time_average,,,missing_target_record,,,,,False
3,100,100,87,A_G2_time_average,,,missing_target_record,,,,,False
3,100,100,87,A_G2_minus_G1_time_average,,,missing_target_record,,,,,False
3,100,100,87,B_G1_fixed_time,,,missing_target_record,,,,,False
3,100,100,87,B_G2_fixed_time,,,missing_target_record,,,,,False
3,100,100,87,B_G2_minus_G1_fixed_time,,,missing_target_record,,,,,False
3,100,100,87,B_G1_time_average,,,missing_target_record,,,,,False
3,100,100,87,B_G2_time_average,,,missing_target_record,,,,,False
3,100,100,87,B_G2_minus_G1_time_average,,,missing_target_record,,,,,False
3,100,100,88,A_entry,,,missing_target_record,,,,,False
3,100,100,88,B_entry,,,missing_target_record,,,,,False
3,100,100,88,A_fixed_time_mean,,,missing_target_record,,,,,False
3,100,100,88,B_fixed_time_mean,,,missing_target_record,,,,,False
3,100,100,88,A_full_mean,,,missing_target_record,,,,,False
3,100,100,88,B_full_mean,,,missing_target_record,,,,,False
3,100,100,88,A_G1_fixed_time,,,missing_target_record,,,,,False
3,100,100,88,A_G2_fixed_time,,,missing_target_record,,,,,False
3,100,100,88,A_G2_minus_G1_fixed_time,,,missing_target_record,,,,,False
3,100,100,88,A_G1_time_average,,,missing_target_record,,,,,False
3,100,100,88,A_G2_time_average,,,missing_target_record,,,,,False
3,100,100,88,A_G2_minus_G1_time_average,,,missing_target_record,,,,,False
3,100,100,88,B_G1_fixed_time,,,missing_target_record,,,,,False
3,100,100,88,B_G2_fixed_time,,,missing_target_record,,,,,False
3,100,100,88,B_G2_minus_G1_fixed_time,,,missing_target_record,,,,,False
3,100,100,88,B_G1_time_average,,,missing_target_record,,,,,False
3,100,100,88,B_G2_time_average,,,missing_target_record,,,,,False
3,100,100,88,B_G2_minus_G1_time_average,,,missing_target_record,,,,,False
3,100,100,89,A_entry,,,missing_target_record,,,,,False
3,100,100,89,B_entry,,,missing_target_record,,,,,False
3,100,100,89,A_fixed_time_mean,,,missing_target_record,,,,,False
3,100,100,89,B_fixed_time_mean,,,missing_target_record,,,,,False
3,100,100,89,A_full_mean,,,missing_target_record,,,,,False
3,100,100,89,B_full_mean,,,missing_target_record,,,,,False
3,100,100,89,A_G1_fixed_time,,,missing_target_record,,,,,False
3,100,100,89,A_G2_fixed_time,,,missing_target_record,,,,,False
3,100,100,89,A_G2_minus_G1_fixed_time,,,missing_target_record,,,,,False
3,100,100,89,A_G1_time_average,,,missing_target_record,,,,,False
3,100,100,89,A_G2_time_average,,,missing_target_record,,,,,False
3,100,100,89,A_G2_minus_G1_time_average,,,missing_target_record,,,,,False
3,100,100,89,B_G1_fixed_time,,,missing_target_record,,,,,False
3,100,100,89,B_G2_fixed_time,,,missing_target_record,,,,,False
3,100,100,89,B_G2_minus_G1_fixed_time,,,missing_target_record,,,,,False
3,100,100,89,B_G1_time_average,,,missing_target_record,,,,,False
3,100,100,89,B_G2_time_average,,,missing_target_record,,,,,False
3,100,100,89,B_G2_minus_G1_time_average,,,missing_target_record,,,,,False
3,100,100,90,A_entry,,,missing_target_record,,,,,False
3,100,100,90,B_entry,,,missing_target_record,,,,,False
3,100,100,90,A_fixed_time_mean,,,missing_target_record,,,,,False
3,100,100,90,B_fixed_time_mean,,,missing_target_record,,,,,False
3,100,100,90,A_full_mean,,,missing_target_record,,,,,False
3,100,100,90,B_full_mean,,,missing_target_record,,,,,False
3,100,100,90,A_G1_fixed_time,,,missing_target_record,,,,,False
3,100,100,90,A_G2_fixed_time,,,missing_target_record,,,,,False
3,100,100,90,A_G2_minus_G1_fixed_time,,,missing_target_record,,,,,False
3,100,100,90,A_G1_time_average,,,missing_target_record,,,,,False
3,100,100,90,A_G2_time_average,,,missing_target_record,,,,,False
3,100,100,90,A_G2_minus_G1_time_average,,,missing_target_record,,,,,False
3,100,100,90,B_G1_fixed_time,,,missing_target_record,,,,,False
3,100,100,90,B_G2_fixed_time,,,missing_target_record,,,,,False
3,100,100,90,B_G2_minus_G1_fixed_time,,,missing_target_record,,,,,False
3,100,100,90,B_G1_time_average,,,missing_target_record,,,,,False
3,100,100,90,B_G2_time_average,,,missing_target_record,,,,,False
3,100,100,90,B_G2_minus_G1_time_average,,,missing_target_record,,,,,False
3,100,100,91,A_entry,,,missing_target_record,,,,,False
3,100,100,91,B_entry,,,missing_target_record,,,,,False
3,100,100,91,A_fixed_time_mean,,,missing_target_record,,,,,False
3,100,100,91,B_fixed_time_mean,,,missing_target_record,,,,,False
3,100,100,91,A_full_mean,,,missing_target_record,,,,,False
3,100,100,91,B_full_mean,,,missing_target_record,,,,,False
3,100,100,91,A_G1_fixed_time,,,missing_target_record,,,,,False
3,100,100,91,A_G2_fixed_time,,,missing_target_record,,,,,False
3,100,100,91,A_G2_minus_G1_fixed_time,,,missing_target_record,,,,,False
3,100,100,91,A_G1_time_average,,,missing_target_record,,,,,False
3,100,100,91,A_G2_time_average,,,missing_target_record,,,,,False
3,100,100,91,A_G2_minus_G1_time_average,,,missing_target_record,,,,,False
3,100,100,91,B_G1_fixed_time,,,missing_target_record,,,,,False
3,100,100,91,B_G2_fixed_time,,,missing_target_record,,,,,False
3,100,100,91,B_G2_minus_G1_fixed_time,,,missing_target_record,,,,,False
3,100,100,91,B_G1_time_average,,,missing_target_record,,,,,False
3,100,100,91,B_G2_time_average,,,missing_target_record,,,,,False
3,100,100,91,B_G2_minus_G1_time_average,,,missing_target_record,,,,,False
3,100,100,92,A_entry,,,missing_target_record,,,,,False
3,100,100,92,B_entry,,,missing_target_record,,,,,False
3,100,100,92,A_fixed_time_mean,,,missing_target_record,,,,,False
3,100,100,92,B_fixed_time_mean,,,missing_target_record,,,,,False
3,100,100,92,A_full_mean,,,missing_target_record,,,,,False
3,100,100,92,B_full_mean,,,missing_target_record,,,,,False
3,100,100,92,A_G1_fixed_time,,,missing_target_record,,,,,False
3,100,100,92,A_G2_fixed_time,,,missing_target_record,,,,,False
3,100,100,92,A_G2_minus_G1_fixed_time,,,missing_target_record,,,,,False
3,100,100,92,A_G1_time_average,,,missing_target_record,,,,,False
3,100,100,92,A_G2_time_average,,,missing_target_record,,,,,False
3,100,100,92,A_G2_minus_G1_time_average,,,missing_target_record,,,,,False
3,100,100,92,B_G1_fixed_time,,,missing_target_record,,,,,False
3,100,100,92,B_G2_fixed_time,,,missing_target_record,,,,,False
3,100,100,92,B_G2_minus_G1_fixed_time,,,missing_target_record,,,,,False
3,100,100,92,B_G1_time_average,,,missing_target_record,,,,,False
3,100,100,92,B_G2_time_average,,,missing_target_record,,,,,False
3,100,100,92,B_G2_minus_G1_time_average,,,missing_target_record,,,,,False
3,100,100,93,A_entry,,,missing_target_record,,,,,False
3,100,100,93,B_entry,,,missing_target_record,,,,,False
3,100,100,93,A_fixed_time_mean,,,missing_target_record,,,,,False
3,100,100,93,B_fixed_time_mean,,,missing_target_record,,,,,False
3,100,100,93,A_full_mean,,,missing_target_record,,,,,False
3,100,100,93,B_full_mean,,,missing_target_record,,,,,False
3,100,100,93,A_G1_fixed_time,,,missing_target_record,,,,,False
3,100,100,93,A_G2_fixed_time,,,missing_target_record,,,,,False
3,100,100,93,A_G2_minus_G1_fixed_time,,,missing_target_record,,,,,False
3,100,100,93,A_G1_time_average,,,missing_target_record,,,,,False
3,100,100,93,A_G2_time_average,,,missing_target_record,,,,,False
3,100,100,93,A_G2_minus_G1_time_average,,,missing_target_record,,,,,False
3,100,100,93,B_G1_fixed_time,,,missing_target_record,,,,,False
3,100,100,93,B_G2_fixed_time,,,missing_target_record,,,,,False
3,100,100,93,B_G2_minus_G1_fixed_time,,,missing_target_record,,,,,False
3,100,100,93,B_G1_time_average,,,missing_target_record,,,,,False
3,100,100,93,B_G2_time_average,,,missing_target_record,,,,,False
3,100,100,93,B_G2_minus_G1_time_average,,,missing_target_record,,,,,False
3,100,100,94,A_entry,,,missing_target_record,,,,,False
3,100,100,94,B_entry,,,missing_target_record,,,,,False
3,100,100,94,A_fixed_time_mean,,,missing_target_record,,,,,False
3,100,100,94,B_fixed_time_mean,,,missing_target_record,,,,,False
3,100,100,94,A_full_mean,,,missing_target_record,,,,,False
3,100,100,94,B_full_mean,,,missing_target_record,,,,,False
3,100,100,94,A_G1_fixed_time,,,missing_target_record,,,,,False
3,100,100,94,A_G2_fixed_time,,,missing_target_record,,,,,False
3,100,100,94,A_G2_minus_G1_fixed_time,,,missing_target_record,,,,,False
3,100,100,94,A_G1_time_average,,,missing_target_record,,,,,False
3,100,100,94,A_G2_time_average,,,missing_target_record,,,,,False
3,100,100,94,A_G2_minus_G1_time_average,,,missing_target_record,,,,,False
3,100,100,94,B_G1_fixed_time,,,missing_target_record,,,,,False
3,100,100,94,B_G2_fixed_time,,,missing_target_record,,,,,False
3,100,100,94,B_G2_minus_G1_fixed_time,,,missing_target_record,,,,,False
3,100,100,94,B_G1_time_average,,,missing_target_record,,,,,False
3,100,100,94,B_G2_time_average,,,missing_target_record,,,,,False
3,100,100,94,B_G2_minus_G1_time_average,,,missing_target_record,,,,,False
3,100,100,95,A_entry,,,missing_target_record,,,,,False
3,100,100,95,B_entry,,,missing_target_record,,,,,False
3,100,100,95,A_fixed_time_mean,,,missing_target_record,,,,,False
3,100,100,95,B_fixed_time_mean,,,missing_target_record,,,,,False
3,100,100,95,A_full_mean,,,missing_target_record,,,,,False
3,100,100,95,B_full_mean,,,missing_target_record,,,,,False
3,100,100,95,A_G1_fixed_time,,,missing_target_record,,,,,False
3,100,100,95,A_G2_fixed_time,,,missing_target_record,,,,,False
3,100,100,95,A_G2_minus_G1_fixed_time,,,missing_target_record,,,,,False
3,100,100,95,A_G1_time_average,,,missing_target_record,,,,,False
3,100,100,95,A_G2_time_average,,,missing_target_record,,,,,False
3,100,100,95,A_G2_minus_G1_time_average,,,missing_target_record,,,,,False
3,100,100,95,B_G1_fixed_time,,,missing_target_record,,,,,False
3,100,100,95,B_G2_fixed_time,,,missing_target_record,,,,,False
3,100,100,95,B_G2_minus_G1_fixed_time,,,missing_target_record,,,,,False
3,100,100,95,B_G1_time_average,,,missing_target_record,,,,,False
3,100,100,95,B_G2_time_average,,,missing_target_record,,,,,False
3,100,100,95,B_G2_minus_G1_time_average,,,missing_target_record,,,,,False
3,100,100,96,A_entry,,,missing_target_record,,,,,False
3,100,100,96,B_entry,,,missing_target_record,,,,,False
3,100,100,96,A_fixed_time_mean,,,missing_target_record,,,,,False
3,100,100,96,B_fixed_time_mean,,,missing_target_record,,,,,False
3,100,100,96,A_full_mean,,,missing_target_record,,,,,False
3,100,100,96,B_full_mean,,,missing_target_record,,,,,False
3,100,100,96,A_G1_fixed_time,,,missing_target_record,,,,,False
3,100,100,96,A_G2_fixed_time,,,missing_target_record,,,,,False
3,100,100,96,A_G2_minus_G1_fixed_time,,,missing_target_record,,,,,False
3,100,100,96,A_G1_time_average,,,missing_target_record,,,,,False
3,100,100,96,A_G2_time_average,,,missing_target_record,,,,,False
3,100,100,96,A_G2_minus_G1_time_average,,,missing_target_record,,,,,False
3,100,100,96,B_G1_fixed_time,,,missing_target_record,,,,,False
3,100,100,96,B_G2_fixed_time,,,missing_target_record,,,,,False
3,100,100,96,B_G2_minus_G1_fixed_time,,,missing_target_record,,,,,False
3,100,100,96,B_G1_time_average,,,missing_target_record,,,,,False
3,100,100,96,B_G2_time_average,,,missing_target_record,,,,,False
3,100,100,96,B_G2_minus_G1_time_average,,,missing_target_record,,,,,False
3,100,100,97,A_entry,,,missing_target_record,,,,,False
3,100,100,97,B_entry,,,missing_target_record,,,,,False
3,100,100,97,A_fixed_time_mean,,,missing_target_record,,,,,False
3,100,100,97,B_fixed_time_mean,,,missing_target_record,,,,,False
3,100,100,97,A_full_mean,,,missing_target_record,,,,,False
3,100,100,97,B_full_mean,,,missing_target_record,,,,,False
3,100,100,97,A_G1_fixed_time,,,missing_target_record,,,,,False
3,100,100,97,A_G2_fixed_time,,,missing_target_record,,,,,False
3,100,100,97,A_G2_minus_G1_fixed_time,,,missing_target_record,,,,,False
3,100,100,97,A_G1_time_average,,,missing_target_record,,,,,False
3,100,100,97,A_G2_time_average,,,missing_target_record,,,,,False
3,100,100,97,A_G2_minus_G1_time_average,,,missing_target_record,,,,,False
3,100,100,97,B_G1_fixed_time,,,missing_target_record,,,,,False
3,100,100,97,B_G2_fixed_time,,,missing_target_record,,,,,False
3,100,100,97,B_G2_minus_G1_fixed_time,,,missing_target_record,,,,,False
3,100,100,97,B_G1_time_average,,,missing_target_record,,,,,False
3,100,100,97,B_G2_time_average,,,missing_target_record,,,,,False
3,100,100,97,B_G2_minus_G1_time_average,,,missing_target_record,,,,,False
3,100,100,98,A_entry,,,missing_target_record,,,,,False
3,100,100,98,B_entry,,,missing_target_record,,,,,False
3,100,100,98,A_fixed_time_mean,,,missing_target_record,,,,,False
3,100,100,98,B_fixed_time_mean,,,missing_target_record,,,,,False
3,100,100,98,A_full_mean,,,missing_target_record,,,,,False
3,100,100,98,B_full_mean,,,missing_target_record,,,,,False
3,100,100,98,A_G1_fixed_time,,,missing_target_record,,,,,False
3,100,100,98,A_G2_fixed_time,,,missing_target_record,,,,,False
3,100,100,98,A_G2_minus_G1_fixed_time,,,missing_target_record,,,,,False
3,100,100,98,A_G1_time_average,,,missing_target_record,,,,,False
3,100,100,98,A_G2_time_average,,,missing_target_record,,,,,False
3,100,100,98,A_G2_minus_G1_time_average,,,missing_target_record,,,,,False
3,100,100,98,B_G1_fixed_time,,,missing_target_record,,,,,False
3,100,100,98,B_G2_fixed_time,,,missing_target_record,,,,,False
3,100,100,98,B_G2_minus_G1_fixed_time,,,missing_target_record,,,,,False
3,100,100,98,B_G1_time_average,,,missing_target_record,,,,,False
3,100,100,98,B_G2_time_average,,,missing_target_record,,,,,False
3,100,100,98,B_G2_minus_G1_time_average,,,missing_target_record,,,,,False
3,100,100,99,A_entry,,,missing_target_record,,,,,False
3,100,100,99,B_entry,,,missing_target_record,,,,,False
3,100,100,99,A_fixed_time_mean,,,missing_target_record,,,,,False
3,100,100,99,B_fixed_time_mean,,,missing_target_record,,,,,False
3,100,100,99,A_full_mean,,,missing_target_record,,,,,False
3,100,100,99,B_full_mean,,,missing_target_record,,,,,False
3,100,100,99,A_G1_fixed_time,,,missing_target_record,,,,,False
3,100,100,99,A_G2_fixed_time,,,missing_target_record,,,,,False
3,100,100,99,A_G2_minus_G1_fixed_time,,,missing_target_record,,,,,False
3,100,100,99,A_G1_time_average,,,missing_target_record,,,,,False
3,100,100,99,A_G2_time_average,,,missing_target_record,,,,,False
3,100,100,99,A_G2_minus_G1_time_average,,,missing_target_record,,,,,False
3,100,100,99,B_G1_fixed_time,,,missing_target_record,,,,,False
3,100,100,99,B_G2_fixed_time,,,missing_target_record,,,,,False
3,100,100,99,B_G2_minus_G1_fixed_time,,,missing_target_record,,,,,False
3,100,100,99,B_G1_time_average,,,missing_target_record,,,,,False
3,100,100,99,B_G2_time_average,,,missing_target_record,,,,,False
3,100,100,99,B_G2_minus_G1_time_average,,,missing_target_record,,,,,False
4,50,50,0,A_entry,,,missing_target_record,,,,,False
4,50,50,0,B_entry,,,missing_target_record,,,,,False
4,50,50,0,A_fixed_time_mean,,,missing_target_record,,,,,False
4,50,50,0,B_fixed_time_mean,,,missing_target_record,,,,,False
4,50,50,0,A_full_mean,,,missing_target_record,,,,,False
4,50,50,0,B_full_mean,,,missing_target_record,,,,,False
4,50,50,0,A_G1_fixed_time,,,missing_target_record,,,,,False
4,50,50,0,A_G2_fixed_time,,,missing_target_record,,,,,False
4,50,50,0,A_G2_minus_G1_fixed_time,,,missing_target_record,,,,,False
4,50,50,0,A_G1_time_average,,,missing_target_record,,,,,False
4,50,50,0,A_G2_time_average,,,missing_target_record,,,,,False
4,50,50,0,A_G2_minus_G1_time_average,,,missing_target_record,,,,,False
4,50,50,0,B_G1_fixed_time,,,missing_target_record,,,,,False
4,50,50,0,B_G2_fixed_time,,,missing_target_record,,,,,False
4,50,50,0,B_G2_minus_G1_fixed_time,,,missing_target_record,,,,,False
4,50,50,0,B_G1_time_average,,,missing_target_record,,,,,False
4,50,50,0,B_G2_time_average,,,missing_target_record,,,,,False
4,50,50,0,B_G2_minus_G1_time_average,,,missing_target_record,,,,,False
4,50,50,1,A_entry,,,missing_target_record,,,,,False
4,50,50,1,B_entry,,,missing_target_record,,,,,False
4,50,50,1,A_fixed_time_mean,,,missing_target_record,,,,,False
4,50,50,1,B_fixed_time_mean,,,missing_target_record,,,,,False
4,50,50,1,A_full_mean,,,missing_target_record,,,,,False
4,50,50,1,B_full_mean,,,missing_target_record,,,,,False
4,50,50,1,A_G1_fixed_time,,,missing_target_record,,,,,False
4,50,50,1,A_G2_fixed_time,,,missing_target_record,,,,,False
4,50,50,1,A_G2_minus_G1_fixed_time,,,missing_target_record,,,,,False
4,50,50,1,A_G1_time_average,,,missing_target_record,,,,,False
4,50,50,1,A_G2_time_average,,,missing_target_record,,,,,False
4,50,50,1,A_G2_minus_G1_time_average,,,missing_target_record,,,,,False
4,50,50,1,B_G1_fixed_time,,,missing_target_record,,,,,False
4,50,50,1,B_G2_fixed_time,,,missing_target_record,,,,,False
4,50,50,1,B_G2_minus_G1_fixed_time,,,missing_target_record,,,,,False
4,50,50,1,B_G1_time_average,,,missing_target_record,,,,,False
4,50,50,1,B_G2_time_average,,,missing_target_record,,,,,False
4,50,50,1,B_G2_minus_G1_time_average,,,missing_target_record,,,,,False
4,50,50,2,A_entry,,,missing_target_record,,,,,False
4,50,50,2,B_entry,,,missing_target_record,,,,,False
4,50,50,2,A_fixed_time_mean,,,missing_target_record,,,,,False
4,50,50,2,B_fixed_time_mean,,,missing_target_record,,,,,False
4,50,50,2,A_full_mean,,,missing_target_record,,,,,False
4,50,50,2,B_full_mean,,,missing_target_record,,,,,False
4,50,50,2,A_G1_fixed_time,,,missing_target_record,,,,,False
4,50,50,2,A_G2_fixed_time,,,missing_target_record,,,,,False
4,50,50,2,A_G2_minus_G1_fixed_time,,,missing_target_record,,,,,False
4,50,50,2,A_G1_time_average,,,missing_target_record,,,,,False
4,50,50,2,A_G2_time_average,,,missing_target_record,,,,,False
4,50,50,2,A_G2_minus_G1_time_average,,,missing_target_record,,,,,False
4,50,50,2,B_G1_fixed_time,,,missing_target_record,,,,,False
4,50,50,2,B_G2_fixed_time,,,missing_target_record,,,,,False
4,50,50,2,B_G2_minus_G1_fixed_time,,,missing_target_record,,,,,False
4,50,50,2,B_G1_time_average,,,missing_target_record,,,,,False
4,50,50,2,B_G2_time_average,,,missing_target_record,,,,,False
4,50,50,2,B_G2_minus_G1_time_average,,,missing_target_record,,,,,False
4,50,50,3,A_entry,,,missing_target_record,,,,,False
4,50,50,3,B_entry,,,missing_target_record,,,,,False
4,50,50,3,A_fixed_time_mean,,,missing_target_record,,,,,False
4,50,50,3,B_fixed_time_mean,,,missing_target_record,,,,,False
4,50,50,3,A_full_mean,,,missing_target_record,,,,,False
4,50,50,3,B_full_mean,,,missing_target_record,,,,,False
4,50,50,3,A_G1_fixed_time,,,missing_target_record,,,,,False
4,50,50,3,A_G2_fixed_time,,,missing_target_record,,,,,False
4,50,50,3,A_G2_minus_G1_fixed_time,,,missing_target_record,,,,,False
4,50,50,3,A_G1_time_average,,,missing_target_record,,,,,False
4,50,50,3,A_G2_time_average,,,missing_target_record,,,,,False
4,50,50,3,A_G2_minus_G1_time_average,,,missing_target_record,,,,,False
4,50,50,3,B_G1_fixed_time,,,missing_target_record,,,,,False
4,50,50,3,B_G2_fixed_time,,,missing_target_record,,,,,False
4,50,50,3,B_G2_minus_G1_fixed_time,,,missing_target_record,,,,,False
4,50,50,3,B_G1_time_average,,,missing_target_record,,,,,False
4,50,50,3,B_G2_time_average,,,missing_target_record,,,,,False
4,50,50,3,B_G2_minus_G1_time_average,,,missing_target_record,,,,,False
4,50,50,4,A_entry,,,missing_target_record,,,,,False
4,50,50,4,B_entry,,,missing_target_record,,,,,False
4,50,50,4,A_fixed_time_mean,,,missing_target_record,,,,,False
4,50,50,4,B_fixed_time_mean,,,missing_target_record,,,,,False
4,50,50,4,A_full_mean,,,missing_target_record,,,,,False
4,50,50,4,B_full_mean,,,missing_target_record,,,,,False
4,50,50,4,A_G1_fixed_time,,,missing_target_record,,,,,False
4,50,50,4,A_G2_fixed_time,,,missing_target_record,,,,,False
4,50,50,4,A_G2_minus_G1_fixed_time,,,missing_target_record,,,,,False
4,50,50,4,A_G1_time_average,,,missing_target_record,,,,,False
4,50,50,4,A_G2_time_average,,,missing_target_record,,,,,False
4,50,50,4,A_G2_minus_G1_time_average,,,missing_target_record,,,,,False
4,50,50,4,B_G1_fixed_time,,,missing_target_record,,,,,False
4,50,50,4,B_G2_fixed_time,,,missing_target_record,,,,,False
4,50,50,4,B_G2_minus_G1_fixed_time,,,missing_target_record,,,,,False
4,50,50,4,B_G1_time_average,,,missing_target_record,,,,,False
4,50,50,4,B_G2_time_average,,,missing_target_record,,,,,False
4,50,50,4,B_G2_minus_G1_time_average,,,missing_target_record,,,,,False
4,50,50,5,A_entry,,,missing_target_record,,,,,False
4,50,50,5,B_entry,,,missing_target_record,,,,,False
4,50,50,5,A_fixed_time_mean,,,missing_target_record,,,,,False
4,50,50,5,B_fixed_time_mean,,,missing_target_record,,,,,False
4,50,50,5,A_full_mean,,,missing_target_record,,,,,False
4,50,50,5,B_full_mean,,,missing_target_record,,,,,False
4,50,50,5,A_G1_fixed_time,,,missing_target_record,,,,,False
4,50,50,5,A_G2_fixed_time,,,missing_target_record,,,,,False
4,50,50,5,A_G2_minus_G1_fixed_time,,,missing_target_record,,,,,False
4,50,50,5,A_G1_time_average,,,missing_target_record,,,,,False
4,50,50,5,A_G2_time_average,,,missing_target_record,,,,,False
4,50,50,5,A_G2_minus_G1_time_average,,,missing_target_record,,,,,False
4,50,50,5,B_G1_fixed_time,,,missing_target_record,,,,,False
4,50,50,5,B_G2_fixed_time,,,missing_target_record,,,,,False
4,50,50,5,B_G2_minus_G1_fixed_time,,,missing_target_record,,,,,False
4,50,50,5,B_G1_time_average,,,missing_target_record,,,,,False
4,50,50,5,B_G2_time_average,,,missing_target_record,,,,,False
4,50,50,5,B_G2_minus_G1_time_average,,,missing_target_record,,,,,False
4,50,50,6,A_entry,,,missing_target_record,,,,,False
4,50,50,6,B_entry,,,missing_target_record,,,,,False
4,50,50,6,A_fixed_time_mean,,,missing_target_record,,,,,False
4,50,50,6,B_fixed_time_mean,,,missing_target_record,,,,,False
4,50,50,6,A_full_mean,,,missing_target_record,,,,,False
4,50,50,6,B_full_mean,,,missing_target_record,,,,,False
4,50,50,6,A_G1_fixed_time,,,missing_target_record,,,,,False
4,50,50,6,A_G2_fixed_time,,,missing_target_record,,,,,False
4,50,50,6,A_G2_minus_G1_fixed_time,,,missing_target_record,,,,,False
4,50,50,6,A_G1_time_average,,,missing_target_record,,,,,False
4,50,50,6,A_G2_time_average,,,missing_target_record,,,,,False
4,50,50,6,A_G2_minus_G1_time_average,,,missing_target_record,,,,,False
4,50,50,6,B_G1_fixed_time,,,missing_target_record,,,,,False
4,50,50,6,B_G2_fixed_time,,,missing_target_record,,,,,False
4,50,50,6,B_G2_minus_G1_fixed_time,,,missing_target_record,,,,,False
4,50,50,6,B_G1_time_average,,,missing_target_record,,,,,False
4,50,50,6,B_G2_time_average,,,missing_target_record,,,,,False
4,50,50,6,B_G2_minus_G1_time_average,,,missing_target_record,,,,,False
4,50,50,7,A_entry,,,missing_target_record,,,,,False
4,50,50,7,B_entry,,,missing_target_record,,,,,False
4,50,50,7,A_fixed_time_mean,,,missing_target_record,,,,,False
4,50,50,7,B_fixed_time_mean,,,missing_target_record,,,,,False
4,50,50,7,A_full_mean,,,missing_target_record,,,,,False
4,50,50,7,B_full_mean,,,missing_target_record,,,,,False
4,50,50,7,A_G1_fixed_time,,,missing_target_record,,,,,False
4,50,50,7,A_G2_fixed_time,,,missing_target_record,,,,,False
4,50,50,7,A_G2_minus_G1_fixed_time,,,missing_target_record,,,,,False
4,50,50,7,A_G1_time_average,,,missing_target_record,,,,,False
4,50,50,7,A_G2_time_average,,,missing_target_record,,,,,False
4,50,50,7,A_G2_minus_G1_time_average,,,missing_target_record,,,,,False
4,50,50,7,B_G1_fixed_time,,,missing_target_record,,,,,False
4,50,50,7,B_G2_fixed_time,,,missing_target_record,,,,,False
4,50,50,7,B_G2_minus_G1_fixed_time,,,missing_target_record,,,,,False
4,50,50,7,B_G1_time_average,,,missing_target_record,,,,,False
4,50,50,7,B_G2_time_average,,,missing_target_record,,,,,False
4,50,50,7,B_G2_minus_G1_time_average,,,missing_target_record,,,,,False
4,50,50,8,A_entry,,,missing_target_record,,,,,False
4,50,50,8,B_entry,,,missing_target_record,,,,,False
4,50,50,8,A_fixed_time_mean,,,missing_target_record,,,,,False
4,50,50,8,B_fixed_time_mean,,,missing_target_record,,,,,False
4,50,50,8,A_full_mean,,,missing_target_record,,,,,False
4,50,50,8,B_full_mean,,,missing_target_record,,,,,False
4,50,50,8,A_G1_fixed_time,,,missing_target_record,,,,,False
4,50,50,8,A_G2_fixed_time,,,missing_target_record,,,,,False
4,50,50,8,A_G2_minus_G1_fixed_time,,,missing_target_record,,,,,False
4,50,50,8,A_G1_time_average,,,missing_target_record,,,,,False
4,50,50,8,A_G2_time_average,,,missing_target_record,,,,,False
4,50,50,8,A_G2_minus_G1_time_average,,,missing_target_record,,,,,False
4,50,50,8,B_G1_fixed_time,,,missing_target_record,,,,,False
4,50,50,8,B_G2_fixed_time,,,missing_target_record,,,,,False
4,50,50,8,B_G2_minus_G1_fixed_time,,,missing_target_record,,,,,False
4,50,50,8,B_G1_time_average,,,missing_target_record,,,,,False
4,50,50,8,B_G2_time_average,,,missing_target_record,,,,,False
4,50,50,8,B_G2_minus_G1_time_average,,,missing_target_record,,,,,False
4,50,50,9,A_entry,,,missing_target_record,,,,,False
4,50,50,9,B_entry,,,missing_target_record,,,,,False
4,50,50,9,A_fixed_time_mean,,,missing_target_record,,,,,False
4,50,50,9,B_fixed_time_mean,,,missing_target_record,,,,,False
4,50,50,9,A_full_mean,,,missing_target_record,,,,,False
4,50,50,9,B_full_mean,,,missing_target_record,,,,,False
4,50,50,9,A_G1_fixed_time,,,missing_target_record,,,,,False
4,50,50,9,A_G2_fixed_time,,,missing_target_record,,,,,False
4,50,50,9,A_G2_minus_G1_fixed_time,,,missing_target_record,,,,,False
4,50,50,9,A_G1_time_average,,,missing_target_record,,,,,False
4,50,50,9,A_G2_time_average,,,missing_target_record,,,,,False
4,50,50,9,A_G2_minus_G1_time_average,,,missing_target_record,,,,,False
4,50,50,9,B_G1_fixed_time,,,missing_target_record,,,,,False
4,50,50,9,B_G2_fixed_time,,,missing_target_record,,,,,False
4,50,50,9,B_G2_minus_G1_fixed_time,,,missing_target_record,,,,,False
4,50,50,9,B_G1_time_average,,,missing_target_record,,,,,False
4,50,50,9,B_G2_time_average,,,missing_target_record,,,,,False
4,50,50,9,B_G2_minus_G1_time_average,,,missing_target_record,,,,,False
4,50,50,10,A_entry,,,missing_target_record,,,,,False
4,50,50,10,B_entry,,,missing_target_record,,,,,False
4,50,50,10,A_fixed_time_mean,,,missing_target_record,,,,,False
4,50,50,10,B_fixed_time_mean,,,missing_target_record,,,,,False
4,50,50,10,A_full_mean,,,missing_target_record,,,,,False
4,50,50,10,B_full_mean,,,missing_target_record,,,,,False
4,50,50,10,A_G1_fixed_time,,,missing_target_record,,,,,False
4,50,50,10,A_G2_fixed_time,,,missing_target_record,,,,,False
4,50,50,10,A_G2_minus_G1_fixed_time,,,missing_target_record,,,,,False
4,50,50,10,A_G1_time_average,,,missing_target_record,,,,,False
4,50,50,10,A_G2_time_average,,,missing_target_record,,,,,False
4,50,50,10,A_G2_minus_G1_time_average,,,missing_target_record,,,,,False
4,50,50,10,B_G1_fixed_time,,,missing_target_record,,,,,False
4,50,50,10,B_G2_fixed_time,,,missing_target_record,,,,,False
4,50,50,10,B_G2_minus_G1_fixed_time,,,missing_target_record,,,,,False
4,50,50,10,B_G1_time_average,,,missing_target_record,,,,,False
4,50,50,10,B_G2_time_average,,,missing_target_record,,,,,False
4,50,50,10,B_G2_minus_G1_time_average,,,missing_target_record,,,,,False
4,50,50,11,A_entry,,,missing_target_record,,,,,False
4,50,50,11,B_entry,,,missing_target_record,,,,,False
4,50,50,11,A_fixed_time_mean,,,missing_target_record,,,,,False
4,50,50,11,B_fixed_time_mean,,,missing_target_record,,,,,False
4,50,50,11,A_full_mean,,,missing_target_record,,,,,False
4,50,50,11,B_full_mean,,,missing_target_record,,,,,False
4,50,50,11,A_G1_fixed_time,,,missing_target_record,,,,,False
4,50,50,11,A_G2_fixed_time,,,missing_target_record,,,,,False
4,50,50,11,A_G2_minus_G1_fixed_time,,,missing_target_record,,,,,False
4,50,50,11,A_G1_time_average,,,missing_target_record,,,,,False
4,50,50,11,A_G2_time_average,,,missing_target_record,,,,,False
4,50,50,11,A_G2_minus_G1_time_average,,,missing_target_record,,,,,False
4,50,50,11,B_G1_fixed_time,,,missing_target_record,,,,,False
4,50,50,11,B_G2_fixed_time,,,missing_target_record,,,,,False
4,50,50,11,B_G2_minus_G1_fixed_time,,,missing_target_record,,,,,False
4,50,50,11,B_G1_time_average,,,missing_target_record,,,,,False
4,50,50,11,B_G2_time_average,,,missing_target_record,,,,,False
4,50,50,11,B_G2_minus_G1_time_average,,,missing_target_record,,,,,False
4,50,50,12,A_entry,,,missing_target_record,,,,,False
4,50,50,12,B_entry,,,missing_target_record,,,,,False
4,50,50,12,A_fixed_time_mean,,,missing_target_record,,,,,False
4,50,50,12,B_fixed_time_mean,,,missing_target_record,,,,,False
4,50,50,12,A_full_mean,,,missing_target_record,,,,,False
4,50,50,12,B_full_mean,,,missing_target_record,,,,,False
4,50,50,12,A_G1_fixed_time,,,missing_target_record,,,,,False
4,50,50,12,A_G2_fixed_time,,,missing_target_record,,,,,False
4,50,50,12,A_G2_minus_G1_fixed_time,,,missing_target_record,,,,,False
4,50,50,12,A_G1_time_average,,,missing_target_record,,,,,False
4,50,50,12,A_G2_time_average,,,missing_target_record,,,,,False
4,50,50,12,A_G2_minus_G1_time_average,,,missing_target_record,,,,,False
4,50,50,12,B_G1_fixed_time,,,missing_target_record,,,,,False
4,50,50,12,B_G2_fixed_time,,,missing_target_record,,,,,False
4,50,50,12,B_G2_minus_G1_fixed_time,,,missing_target_record,,,,,False
4,50,50,12,B_G1_time_average,,,missing_target_record,,,,,False
4,50,50,12,B_G2_time_average,,,missing_target_record,,,,,False
4,50,50,12,B_G2_minus_G1_time_average,,,missing_target_record,,,,,False
4,50,50,13,A_entry,,,missing_target_record,,,,,False
4,50,50,13,B_entry,,,missing_target_record,,,,,False
4,50,50,13,A_fixed_time_mean,,,missing_target_record,,,,,False
4,50,50,13,B_fixed_time_mean,,,missing_target_record,,,,,False
4,50,50,13,A_full_mean,,,missing_target_record,,,,,False
4,50,50,13,B_full_mean,,,missing_target_record,,,,,False
4,50,50,13,A_G1_fixed_time,,,missing_target_record,,,,,False
4,50,50,13,A_G2_fixed_time,,,missing_target_record,,,,,False
4,50,50,13,A_G2_minus_G1_fixed_time,,,missing_target_record,,,,,False
4,50,50,13,A_G1_time_average,,,missing_target_record,,,,,False
4,50,50,13,A_G2_time_average,,,missing_target_record,,,,,False
4,50,50,13,A_G2_minus_G1_time_average,,,missing_target_record,,,,,False
4,50,50,13,B_G1_fixed_time,,,missing_target_record,,,,,False
4,50,50,13,B_G2_fixed_time,,,missing_target_record,,,,,False
4,50,50,13,B_G2_minus_G1_fixed_time,,,missing_target_record,,,,,False
4,50,50,13,B_G1_time_average,,,missing_target_record,,,,,False
4,50,50,13,B_G2_time_average,,,missing_target_record,,,,,False
4,50,50,13,B_G2_minus_G1_time_average,,,missing_target_record,,,,,False
4,50,50,14,A_entry,,,missing_target_record,,,,,False
4,50,50,14,B_entry,,,missing_target_record,,,,,False
4,50,50,14,A_fixed_time_mean,,,missing_target_record,,,,,False
4,50,50,14,B_fixed_time_mean,,,missing_target_record,,,,,False
4,50,50,14,A_full_mean,,,missing_target_record,,,,,False
4,50,50,14,B_full_mean,,,missing_target_record,,,,,False
4,50,50,14,A_G1_fixed_time,,,missing_target_record,,,,,False
4,50,50,14,A_G2_fixed_time,,,missing_target_record,,,,,False
4,50,50,14,A_G2_minus_G1_fixed_time,,,missing_target_record,,,,,False
4,50,50,14,A_G1_time_average,,,missing_target_record,,,,,False
4,50,50,14,A_G2_time_average,,,missing_target_record,,,,,False
4,50,50,14,A_G2_minus_G1_time_average,,,missing_target_record,,,,,False
4,50,50,14,B_G1_fixed_time,,,missing_target_record,,,,,False
4,50,50,14,B_G2_fixed_time,,,missing_target_record,,,,,False
4,50,50,14,B_G2_minus_G1_fixed_time,,,missing_target_record,,,,,False
4,50,50,14,B_G1_time_average,,,missing_target_record,,,,,False
4,50,50,14,B_G2_time_average,,,missing_target_record,,,,,False
4,50,50,14,B_G2_minus_G1_time_average,,,missing_target_record,,,,,False
4,50,50,15,A_entry,,,missing_target_record,,,,,False
4,50,50,15,B_entry,,,missing_target_record,,,,,False
4,50,50,15,A_fixed_time_mean,,,missing_target_record,,,,,False
4,50,50,15,B_fixed_time_mean,,,missing_target_record,,,,,False
4,50,50,15,A_full_mean,,,missing_target_record,,,,,False
4,50,50,15,B_full_mean,,,missing_target_record,,,,,False
4,50,50,15,A_G1_fixed_time,,,missing_target_record,,,,,False
4,50,50,15,A_G2_fixed_time,,,missing_target_record,,,,,False
4,50,50,15,A_G2_minus_G1_fixed_time,,,missing_target_record,,,,,False
4,50,50,15,A_G1_time_average,,,missing_target_record,,,,,False
4,50,50,15,A_G2_time_average,,,missing_target_record,,,,,False
4,50,50,15,A_G2_minus_G1_time_average,,,missing_target_record,,,,,False
4,50,50,15,B_G1_fixed_time,,,missing_target_record,,,,,False
4,50,50,15,B_G2_fixed_time,,,missing_target_record,,,,,False
4,50,50,15,B_G2_minus_G1_fixed_time,,,missing_target_record,,,,,False
4,50,50,15,B_G1_time_average,,,missing_target_record,,,,,False
4,50,50,15,B_G2_time_average,,,missing_target_record,,,,,False
4,50,50,15,B_G2_minus_G1_time_average,,,missing_target_record,,,,,False
4,50,50,16,A_entry,,,missing_target_record,,,,,False
4,50,50,16,B_entry,,,missing_target_record,,,,,False
4,50,50,16,A_fixed_time_mean,,,missing_target_record,,,,,False
4,50,50,16,B_fixed_time_mean,,,missing_target_record,,,,,False
4,50,50,16,A_full_mean,,,missing_target_record,,,,,False
4,50,50,16,B_full_mean,,,missing_target_record,,,,,False
4,50,50,16,A_G1_fixed_time,,,missing_target_record,,,,,False
4,50,50,16,A_G2_fixed_time,,,missing_target_record,,,,,False
4,50,50,16,A_G2_minus_G1_fixed_time,,,missing_target_record,,,,,False
4,50,50,16,A_G1_time_average,,,missing_target_record,,,,,False
4,50,50,16,A_G2_time_average,,,missing_target_record,,,,,False
4,50,50,16,A_G2_minus_G1_time_average,,,missing_target_record,,,,,False
4,50,50,16,B_G1_fixed_time,,,missing_target_record,,,,,False
4,50,50,16,B_G2_fixed_time,,,missing_target_record,,,,,False
4,50,50,16,B_G2_minus_G1_fixed_time,,,missing_target_record,,,,,False
4,50,50,16,B_G1_time_average,,,missing_target_record,,,,,False
4,50,50,16,B_G2_time_average,,,missing_target_record,,,,,False
4,50,50,16,B_G2_minus_G1_time_average,,,missing_target_record,,,,,False
4,50,50,17,A_entry,,,missing_target_record,,,,,False
4,50,50,17,B_entry,,,missing_target_record,,,,,False
4,50,50,17,A_fixed_time_mean,,,missing_target_record,,,,,False
4,50,50,17,B_fixed_time_mean,,,missing_target_record,,,,,False
4,50,50,17,A_full_mean,,,missing_target_record,,,,,False
4,50,50,17,B_full_mean,,,missing_target_record,,,,,False
4,50,50,17,A_G1_fixed_time,,,missing_target_record,,,,,False
4,50,50,17,A_G2_fixed_time,,,missing_target_record,,,,,False
4,50,50,17,A_G2_minus_G1_fixed_time,,,missing_target_record,,,,,False
4,50,50,17,A_G1_time_average,,,missing_target_record,,,,,False
4,50,50,17,A_G2_time_average,,,missing_target_record,,,,,False
4,50,50,17,A_G2_minus_G1_time_average,,,missing_target_record,,,,,False
4,50,50,17,B_G1_fixed_time,,,missing_target_record,,,,,False
4,50,50,17,B_G2_fixed_time,,,missing_target_record,,,,,False
4,50,50,17,B_G2_minus_G1_fixed_time,,,missing_target_record,,,,,False
4,50,50,17,B_G1_time_average,,,missing_target_record,,,,,False
4,50,50,17,B_G2_time_average,,,missing_target_record,,,,,False
4,50,50,17,B_G2_minus_G1_time_average,,,missing_target_record,,,,,False
4,50,50,18,A_entry,,,missing_target_record,,,,,False
4,50,50,18,B_entry,,,missing_target_record,,,,,False
4,50,50,18,A_fixed_time_mean,,,missing_target_record,,,,,False
4,50,50,18,B_fixed_time_mean,,,missing_target_record,,,,,False
4,50,50,18,A_full_mean,,,missing_target_record,,,,,False
4,50,50,18,B_full_mean,,,missing_target_record,,,,,False
4,50,50,18,A_G1_fixed_time,,,missing_target_record,,,,,False
4,50,50,18,A_G2_fixed_time,,,missing_target_record,,,,,False
4,50,50,18,A_G2_minus_G1_fixed_time,,,missing_target_record,,,,,False
4,50,50,18,A_G1_time_average,,,missing_target_record,,,,,False
4,50,50,18,A_G2_time_average,,,missing_target_record,,,,,False
4,50,50,18,A_G2_minus_G1_time_average,,,missing_target_record,,,,,False
4,50,50,18,B_G1_fixed_time,,,missing_target_record,,,,,False
4,50,50,18,B_G2_fixed_time,,,missing_target_record,,,,,False
4,50,50,18,B_G2_minus_G1_fixed_time,,,missing_target_record,,,,,False
4,50,50,18,B_G1_time_average,,,missing_target_record,,,,,False
4,50,50,18,B_G2_time_average,,,missing_target_record,,,,,False
4,50,50,18,B_G2_minus_G1_time_average,,,missing_target_record,,,,,False
4,50,50,19,A_entry,,,missing_target_record,,,,,False
4,50,50,19,B_entry,,,missing_target_record,,,,,False
4,50,50,19,A_fixed_time_mean,,,missing_target_record,,,,,False
4,50,50,19,B_fixed_time_mean,,,missing_target_record,,,,,False
4,50,50,19,A_full_mean,,,missing_target_record,,,,,False
4,50,50,19,B_full_mean,,,missing_target_record,,,,,False
4,50,50,19,A_G1_fixed_time,,,missing_target_record,,,,,False
4,50,50,19,A_G2_fixed_time,,,missing_target_record,,,,,False
4,50,50,19,A_G2_minus_G1_fixed_time,,,missing_target_record,,,,,False
4,50,50,19,A_G1_time_average,,,missing_target_record,,,,,False
4,50,50,19,A_G2_time_average,,,missing_target_record,,,,,False
4,50,50,19,A_G2_minus_G1_time_average,,,missing_target_record,,,,,False
4,50,50,19,B_G1_fixed_time,,,missing_target_record,,,,,False
4,50,50,19,B_G2_fixed_time,,,missing_target_record,,,,,False
4,50,50,19,B_G2_minus_G1_fixed_time,,,missing_target_record,,,,,False
4,50,50,19,B_G1_time_average,,,missing_target_record,,,,,False
4,50,50,19,B_G2_time_average,,,missing_target_record,,,,,False
4,50,50,19,B_G2_minus_G1_time_average,,,missing_target_record,,,,,False
4,50,50,20,A_entry,,,missing_target_record,,,,,False
4,50,50,20,B_entry,,,missing_target_record,,,,,False
4,50,50,20,A_fixed_time_mean,,,missing_target_record,,,,,False
4,50,50,20,B_fixed_time_mean,,,missing_target_record,,,,,False
4,50,50,20,A_full_mean,,,missing_target_record,,,,,False
4,50,50,20,B_full_mean,,,missing_target_record,,,,,False
4,50,50,20,A_G1_fixed_time,,,missing_target_record,,,,,False
4,50,50,20,A_G2_fixed_time,,,missing_target_record,,,,,False
4,50,50,20,A_G2_minus_G1_fixed_time,,,missing_target_record,,,,,False
4,50,50,20,A_G1_time_average,,,missing_target_record,,,,,False
4,50,50,20,A_G2_time_average,,,missing_target_record,,,,,False
4,50,50,20,A_G2_minus_G1_time_average,,,missing_target_record,,,,,False
4,50,50,20,B_G1_fixed_time,,,missing_target_record,,,,,False
4,50,50,20,B_G2_fixed_time,,,missing_target_record,,,,,False
4,50,50,20,B_G2_minus_G1_fixed_time,,,missing_target_record,,,,,False
4,50,50,20,B_G1_time_average,,,missing_target_record,,,,,False
4,50,50,20,B_G2_time_average,,,missing_target_record,,,,,False
4,50,50,20,B_G2_minus_G1_time_average,,,missing_target_record,,,,,False
4,50,50,21,A_entry,,,missing_target_record,,,,,False
4,50,50,21,B_entry,,,missing_target_record,,,,,False
4,50,50,21,A_fixed_time_mean,,,missing_target_record,,,,,False
4,50,50,21,B_fixed_time_mean,,,missing_target_record,,,,,False
4,50,50,21,A_full_mean,,,missing_target_record,,,,,False
4,50,50,21,B_full_mean,,,missing_target_record,,,,,False
4,50,50,21,A_G1_fixed_time,,,missing_target_record,,,,,False
4,50,50,21,A_G2_fixed_time,,,missing_target_record,,,,,False
4,50,50,21,A_G2_minus_G1_fixed_time,,,missing_target_record,,,,,False
4,50,50,21,A_G1_time_average,,,missing_target_record,,,,,False
4,50,50,21,A_G2_time_average,,,missing_target_record,,,,,False
4,50,50,21,A_G2_minus_G1_time_average,,,missing_target_record,,,,,False
4,50,50,21,B_G1_fixed_time,,,missing_target_record,,,,,False
4,50,50,21,B_G2_fixed_time,,,missing_target_record,,,,,False
4,50,50,21,B_G2_minus_G1_fixed_time,,,missing_target_record,,,,,False
4,50,50,21,B_G1_time_average,,,missing_target_record,,,,,False
4,50,50,21,B_G2_time_average,,,missing_target_record,,,,,False
4,50,50,21,B_G2_minus_G1_time_average,,,missing_target_record,,,,,False
4,50,50,22,A_entry,,,missing_target_record,,,,,False
4,50,50,22,B_entry,,,missing_target_record,,,,,False
4,50,50,22,A_fixed_time_mean,,,missing_target_record,,,,,False
4,50,50,22,B_fixed_time_mean,,,missing_target_record,,,,,False
4,50,50,22,A_full_mean,,,missing_target_record,,,,,False
4,50,50,22,B_full_mean,,,missing_target_record,,,,,False
4,50,50,22,A_G1_fixed_time,,,missing_target_record,,,,,False
4,50,50,22,A_G2_fixed_time,,,missing_target_record,,,,,False
4,50,50,22,A_G2_minus_G1_fixed_time,,,missing_target_record,,,,,False
4,50,50,22,A_G1_time_average,,,missing_target_record,,,,,False
4,50,50,22,A_G2_time_average,,,missing_target_record,,,,,False
4,50,50,22,A_G2_minus_G1_time_average,,,missing_target_record,,,,,False
4,50,50,22,B_G1_fixed_time,,,missing_target_record,,,,,False
4,50,50,22,B_G2_fixed_time,,,missing_target_record,,,,,False
4,50,50,22,B_G2_minus_G1_fixed_time,,,missing_target_record,,,,,False
4,50,50,22,B_G1_time_average,,,missing_target_record,,,,,False
4,50,50,22,B_G2_time_average,,,missing_target_record,,,,,False
4,50,50,22,B_G2_minus_G1_time_average,,,missing_target_record,,,,,False
4,50,50,23,A_entry,,,missing_target_record,,,,,False
4,50,50,23,B_entry,,,missing_target_record,,,,,False
4,50,50,23,A_fixed_time_mean,,,missing_target_record,,,,,False
4,50,50,23,B_fixed_time_mean,,,missing_target_record,,,,,False
4,50,50,23,A_full_mean,,,missing_target_record,,,,,False
4,50,50,23,B_full_mean,,,missing_target_record,,,,,False
4,50,50,23,A_G1_fixed_time,,,missing_target_record,,,,,False
4,50,50,23,A_G2_fixed_time,,,missing_target_record,,,,,False
4,50,50,23,A_G2_minus_G1_fixed_time,,,missing_target_record,,,,,False
4,50,50,23,A_G1_time_average,,,missing_target_record,,,,,False
4,50,50,23,A_G2_time_average,,,missing_target_record,,,,,False
4,50,50,23,A_G2_minus_G1_time_average,,,missing_target_record,,,,,False
4,50,50,23,B_G1_fixed_time,,,missing_target_record,,,,,False
4,50,50,23,B_G2_fixed_time,,,missing_target_record,,,,,False
4,50,50,23,B_G2_minus_G1_fixed_time,,,missing_target_record,,,,,False
4,50,50,23,B_G1_time_average,,,missing_target_record,,,,,False
4,50,50,23,B_G2_time_average,,,missing_target_record,,,,,False
4,50,50,23,B_G2_minus_G1_time_average,,,missing_target_record,,,,,False
4,50,50,24,A_entry,,,missing_target_record,,,,,False
4,50,50,24,B_entry,,,missing_target_record,,,,,False
4,50,50,24,A_fixed_time_mean,,,missing_target_record,,,,,False
4,50,50,24,B_fixed_time_mean,,,missing_target_record,,,,,False
4,50,50,24,A_full_mean,,,missing_target_record,,,,,False
4,50,50,24,B_full_mean,,,missing_target_record,,,,,False
4,50,50,24,A_G1_fixed_time,,,missing_target_record,,,,,False
4,50,50,24,A_G2_fixed_time,,,missing_target_record,,,,,False
4,50,50,24,A_G2_minus_G1_fixed_time,,,missing_target_record,,,,,False
4,50,50,24,A_G1_time_average,,,missing_target_record,,,,,False
4,50,50,24,A_G2_time_average,,,missing_target_record,,,,,False
4,50,50,24,A_G2_minus_G1_time_average,,,missing_target_record,,,,,False
4,50,50,24,B_G1_fixed_time,,,missing_target_record,,,,,False
4,50,50,24,B_G2_fixed_time,,,missing_target_record,,,,,False
4,50,50,24,B_G2_minus_G1_fixed_time,,,missing_target_record,,,,,False
4,50,50,24,B_G1_time_average,,,missing_target_record,,,,,False
4,50,50,24,B_G2_time_average,,,missing_target_record,,,,,False
4,50,50,24,B_G2_minus_G1_time_average,,,missing_target_record,,,,,False
4,50,50,25,A_entry,,,missing_target_record,,,,,False
4,50,50,25,B_entry,,,missing_target_record,,,,,False
4,50,50,25,A_fixed_time_mean,,,missing_target_record,,,,,False
4,50,50,25,B_fixed_time_mean,,,missing_target_record,,,,,False
4,50,50,25,A_full_mean,,,missing_target_record,,,,,False
4,50,50,25,B_full_mean,,,missing_target_record,,,,,False
4,50,50,25,A_G1_fixed_time,,,missing_target_record,,,,,False
4,50,50,25,A_G2_fixed_time,,,missing_target_record,,,,,False
4,50,50,25,A_G2_minus_G1_fixed_time,,,missing_target_record,,,,,False
4,50,50,25,A_G1_time_average,,,missing_target_record,,,,,False
4,50,50,25,A_G2_time_average,,,missing_target_record,,,,,False
4,50,50,25,A_G2_minus_G1_time_average,,,missing_target_record,,,,,False
4,50,50,25,B_G1_fixed_time,,,missing_target_record,,,,,False
4,50,50,25,B_G2_fixed_time,,,missing_target_record,,,,,False
4,50,50,25,B_G2_minus_G1_fixed_time,,,missing_target_record,,,,,False
4,50,50,25,B_G1_time_average,,,missing_target_record,,,,,False
4,50,50,25,B_G2_time_average,,,missing_target_record,,,,,False
4,50,50,25,B_G2_minus_G1_time_average,,,missing_target_record,,,,,False
4,50,50,26,A_entry,,,missing_target_record,,,,,False
4,50,50,26,B_entry,,,missing_target_record,,,,,False
4,50,50,26,A_fixed_time_mean,,,missing_target_record,,,,,False
4,50,50,26,B_fixed_time_mean,,,missing_target_record,,,,,False
4,50,50,26,A_full_mean,,,missing_target_record,,,,,False
4,50,50,26,B_full_mean,,,missing_target_record,,,,,False
4,50,50,26,A_G1_fixed_time,,,missing_target_record,,,,,False
4,50,50,26,A_G2_fixed_time,,,missing_target_record,,,,,False
4,50,50,26,A_G2_minus_G1_fixed_time,,,missing_target_record,,,,,False
4,50,50,26,A_G1_time_average,,,missing_target_record,,,,,False
4,50,50,26,A_G2_time_average,,,missing_target_record,,,,,False
4,50,50,26,A_G2_minus_G1_time_average,,,missing_target_record,,,,,False
4,50,50,26,B_G1_fixed_time,,,missing_target_record,,,,,False
4,50,50,26,B_G2_fixed_time,,,missing_target_record,,,,,False
4,50,50,26,B_G2_minus_G1_fixed_time,,,missing_target_record,,,,,False
4,50,50,26,B_G1_time_average,,,missing_target_record,,,,,False
4,50,50,26,B_G2_time_average,,,missing_target_record,,,,,False
4,50,50,26,B_G2_minus_G1_time_average,,,missing_target_record,,,,,False
4,50,50,27,A_entry,,,missing_target_record,,,,,False
4,50,50,27,B_entry,,,missing_target_record,,,,,False
4,50,50,27,A_fixed_time_mean,,,missing_target_record,,,,,False
4,50,50,27,B_fixed_time_mean,,,missing_target_record,,,,,False
4,50,50,27,A_full_mean,,,missing_target_record,,,,,False
4,50,50,27,B_full_mean,,,missing_target_record,,,,,False
4,50,50,27,A_G1_fixed_time,,,missing_target_record,,,,,False
4,50,50,27,A_G2_fixed_time,,,missing_target_record,,,,,False
4,50,50,27,A_G2_minus_G1_fixed_time,,,missing_target_record,,,,,False
4,50,50,27,A_G1_time_average,,,missing_target_record,,,,,False
4,50,50,27,A_G2_time_average,,,missing_target_record,,,,,False
4,50,50,27,A_G2_minus_G1_time_average,,,missing_target_record,,,,,False
4,50,50,27,B_G1_fixed_time,,,missing_target_record,,,,,False
4,50,50,27,B_G2_fixed_time,,,missing_target_record,,,,,False
4,50,50,27,B_G2_minus_G1_fixed_time,,,missing_target_record,,,,,False
4,50,50,27,B_G1_time_average,,,missing_target_record,,,,,False
4,50,50,27,B_G2_time_average,,,missing_target_record,,,,,False
4,50,50,27,B_G2_minus_G1_time_average,,,missing_target_record,,,,,False
4,50,50,28,A_entry,,,missing_target_record,,,,,False
4,50,50,28,B_entry,,,missing_target_record,,,,,False
4,50,50,28,A_fixed_time_mean,,,missing_target_record,,,,,False
4,50,50,28,B_fixed_time_mean,,,missing_target_record,,,,,False
4,50,50,28,A_full_mean,,,missing_target_record,,,,,False
4,50,50,28,B_full_mean,,,missing_target_record,,,,,False
4,50,50,28,A_G1_fixed_time,,,missing_target_record,,,,,False
4,50,50,28,A_G2_fixed_time,,,missing_target_record,,,,,False
4,50,50,28,A_G2_minus_G1_fixed_time,,,missing_target_record,,,,,False
4,50,50,28,A_G1_time_average,,,missing_target_record,,,,,False
4,50,50,28,A_G2_time_average,,,missing_target_record,,,,,False
4,50,50,28,A_G2_minus_G1_time_average,,,missing_target_record,,,,,False
4,50,50,28,B_G1_fixed_time,,,missing_target_record,,,,,False
4,50,50,28,B_G2_fixed_time,,,missing_target_record,,,,,False
4,50,50,28,B_G2_minus_G1_fixed_time,,,missing_target_record,,,,,False
4,50,50,28,B_G1_time_average,,,missing_target_record,,,,,False
4,50,50,28,B_G2_time_average,,,missing_target_record,,,,,False
4,50,50,28,B_G2_minus_G1_time_average,,,missing_target_record,,,,,False
4,50,50,29,A_entry,,,missing_target_record,,,,,False
4,50,50,29,B_entry,,,missing_target_record,,,,,False
4,50,50,29,A_fixed_time_mean,,,missing_target_record,,,,,False
4,50,50,29,B_fixed_time_mean,,,missing_target_record,,,,,False
4,50,50,29,A_full_mean,,,missing_target_record,,,,,False
4,50,50,29,B_full_mean,,,missing_target_record,,,,,False
4,50,50,29,A_G1_fixed_time,,,missing_target_record,,,,,False
4,50,50,29,A_G2_fixed_time,,,missing_target_record,,,,,False
4,50,50,29,A_G2_minus_G1_fixed_time,,,missing_target_record,,,,,False
4,50,50,29,A_G1_time_average,,,missing_target_record,,,,,False
4,50,50,29,A_G2_time_average,,,missing_target_record,,,,,False
4,50,50,29,A_G2_minus_G1_time_average,,,missing_target_record,,,,,False
4,50,50,29,B_G1_fixed_time,,,missing_target_record,,,,,False
4,50,50,29,B_G2_fixed_time,,,missing_target_record,,,,,False
4,50,50,29,B_G2_minus_G1_fixed_time,,,missing_target_record,,,,,False
4,50,50,29,B_G1_time_average,,,missing_target_record,,,,,False
4,50,50,29,B_G2_time_average,,,missing_target_record,,,,,False
4,50,50,29,B_G2_minus_G1_time_average,,,missing_target_record,,,,,False
4,50,50,30,A_entry,,,missing_target_record,,,,,False
4,50,50,30,B_entry,,,missing_target_record,,,,,False
4,50,50,30,A_fixed_time_mean,,,missing_target_record,,,,,False
4,50,50,30,B_fixed_time_mean,,,missing_target_record,,,,,False
4,50,50,30,A_full_mean,,,missing_target_record,,,,,False
4,50,50,30,B_full_mean,,,missing_target_record,,,,,False
4,50,50,30,A_G1_fixed_time,,,missing_target_record,,,,,False
4,50,50,30,A_G2_fixed_time,,,missing_target_record,,,,,False
4,50,50,30,A_G2_minus_G1_fixed_time,,,missing_target_record,,,,,False
4,50,50,30,A_G1_time_average,,,missing_target_record,,,,,False
4,50,50,30,A_G2_time_average,,,missing_target_record,,,,,False
4,50,50,30,A_G2_minus_G1_time_average,,,missing_target_record,,,,,False
4,50,50,30,B_G1_fixed_time,,,missing_target_record,,,,,False
4,50,50,30,B_G2_fixed_time,,,missing_target_record,,,,,False
4,50,50,30,B_G2_minus_G1_fixed_time,,,missing_target_record,,,,,False
4,50,50,30,B_G1_time_average,,,missing_target_record,,,,,False
4,50,50,30,B_G2_time_average,,,missing_target_record,,,,,False
4,50,50,30,B_G2_minus_G1_time_average,,,missing_target_record,,,,,False
4,50,50,31,A_entry,,,missing_target_record,,,,,False
4,50,50,31,B_entry,,,missing_target_record,,,,,False
4,50,50,31,A_fixed_time_mean,,,missing_target_record,,,,,False
4,50,50,31,B_fixed_time_mean,,,missing_target_record,,,,,False
4,50,50,31,A_full_mean,,,missing_target_record,,,,,False
4,50,50,31,B_full_mean,,,missing_target_record,,,,,False
4,50,50,31,A_G1_fixed_time,,,missing_target_record,,,,,False
4,50,50,31,A_G2_fixed_time,,,missing_target_record,,,,,False
4,50,50,31,A_G2_minus_G1_fixed_time,,,missing_target_record,,,,,False
4,50,50,31,A_G1_time_average,,,missing_target_record,,,,,False
4,50,50,31,A_G2_time_average,,,missing_target_record,,,,,False
4,50,50,31,A_G2_minus_G1_time_average,,,missing_target_record,,,,,False
4,50,50,31,B_G1_fixed_time,,,missing_target_record,,,,,False
4,50,50,31,B_G2_fixed_time,,,missing_target_record,,,,,False
4,50,50,31,B_G2_minus_G1_fixed_time,,,missing_target_record,,,,,False
4,50,50,31,B_G1_time_average,,,missing_target_record,,,,,False
4,50,50,31,B_G2_time_average,,,missing_target_record,,,,,False
4,50,50,31,B_G2_minus_G1_time_average,,,missing_target_record,,,,,False
4,50,50,32,A_entry,,,missing_target_record,,,,,False
4,50,50,32,B_entry,,,missing_target_record,,,,,False
4,50,50,32,A_fixed_time_mean,,,missing_target_record,,,,,False
4,50,50,32,B_fixed_time_mean,,,missing_target_record,,,,,False
4,50,50,32,A_full_mean,,,missing_target_record,,,,,False
4,50,50,32,B_full_mean,,,missing_target_record,,,,,False
4,50,50,32,A_G1_fixed_time,,,missing_target_record,,,,,False
4,50,50,32,A_G2_fixed_time,,,missing_target_record,,,,,False
4,50,50,32,A_G2_minus_G1_fixed_time,,,missing_target_record,,,,,False
4,50,50,32,A_G1_time_average,,,missing_target_record,,,,,False
4,50,50,32,A_G2_time_average,,,missing_target_record,,,,,False
4,50,50,32,A_G2_minus_G1_time_average,,,missing_target_record,,,,,False
4,50,50,32,B_G1_fixed_time,,,missing_target_record,,,,,False
4,50,50,32,B_G2_fixed_time,,,missing_target_record,,,,,False
4,50,50,32,B_G2_minus_G1_fixed_time,,,missing_target_record,,,,,False
4,50,50,32,B_G1_time_average,,,missing_target_record,,,,,False
4,50,50,32,B_G2_time_average,,,missing_target_record,,,,,False
4,50,50,32,B_G2_minus_G1_time_average,,,missing_target_record,,,,,False
4,50,50,33,A_entry,,,missing_target_record,,,,,False
4,50,50,33,B_entry,,,missing_target_record,,,,,False
4,50,50,33,A_fixed_time_mean,,,missing_target_record,,,,,False
4,50,50,33,B_fixed_time_mean,,,missing_target_record,,,,,False
4,50,50,33,A_full_mean,,,missing_target_record,,,,,False
4,50,50,33,B_full_mean,,,missing_target_record,,,,,False
4,50,50,33,A_G1_fixed_time,,,missing_target_record,,,,,False
4,50,50,33,A_G2_fixed_time,,,missing_target_record,,,,,False
4,50,50,33,A_G2_minus_G1_fixed_time,,,missing_target_record,,,,,False
4,50,50,33,A_G1_time_average,,,missing_target_record,,,,,False
4,50,50,33,A_G2_time_average,,,missing_target_record,,,,,False
4,50,50,33,A_G2_minus_G1_time_average,,,missing_target_record,,,,,False
4,50,50,33,B_G1_fixed_time,,,missing_target_record,,,,,False
4,50,50,33,B_G2_fixed_time,,,missing_target_record,,,,,False
4,50,50,33,B_G2_minus_G1_fixed_time,,,missing_target_record,,,,,False
4,50,50,33,B_G1_time_average,,,missing_target_record,,,,,False
4,50,50,33,B_G2_time_average,,,missing_target_record,,,,,False
4,50,50,33,B_G2_minus_G1_time_average,,,missing_target_record,,,,,False
4,50,50,34,A_entry,,,missing_target_record,,,,,False
4,50,50,34,B_entry,,,missing_target_record,,,,,False
4,50,50,34,A_fixed_time_mean,,,missing_target_record,,,,,False
4,50,50,34,B_fixed_time_mean,,,missing_target_record,,,,,False
4,50,50,34,A_full_mean,,,missing_target_record,,,,,False
4,50,50,34,B_full_mean,,,missing_target_record,,,,,False
4,50,50,34,A_G1_fixed_time,,,missing_target_record,,,,,False
4,50,50,34,A_G2_fixed_time,,,missing_target_record,,,,,False
4,50,50,34,A_G2_minus_G1_fixed_time,,,missing_target_record,,,,,False
4,50,50,34,A_G1_time_average,,,missing_target_record,,,,,False
4,50,50,34,A_G2_time_average,,,missing_target_record,,,,,False
4,50,50,34,A_G2_minus_G1_time_average,,,missing_target_record,,,,,False
4,50,50,34,B_G1_fixed_time,,,missing_target_record,,,,,False
4,50,50,34,B_G2_fixed_time,,,missing_target_record,,,,,False
4,50,50,34,B_G2_minus_G1_fixed_time,,,missing_target_record,,,,,False
4,50,50,34,B_G1_time_average,,,missing_target_record,,,,,False
4,50,50,34,B_G2_time_average,,,missing_target_record,,,,,False
4,50,50,34,B_G2_minus_G1_time_average,,,missing_target_record,,,,,False
4,50,50,35,A_entry,,,missing_target_record,,,,,False
4,50,50,35,B_entry,,,missing_target_record,,,,,False
4,50,50,35,A_fixed_time_mean,,,missing_target_record,,,,,False
4,50,50,35,B_fixed_time_mean,,,missing_target_record,,,,,False
4,50,50,35,A_full_mean,,,missing_target_record,,,,,False
4,50,50,35,B_full_mean,,,missing_target_record,,,,,False
4,50,50,35,A_G1_fixed_time,,,missing_target_record,,,,,False
4,50,50,35,A_G2_fixed_time,,,missing_target_record,,,,,False
4,50,50,35,A_G2_minus_G1_fixed_time,,,missing_target_record,,,,,False
4,50,50,35,A_G1_time_average,,,missing_target_record,,,,,False
4,50,50,35,A_G2_time_average,,,missing_target_record,,,,,False
4,50,50,35,A_G2_minus_G1_time_average,,,missing_target_record,,,,,False
4,50,50,35,B_G1_fixed_time,,,missing_target_record,,,,,False
4,50,50,35,B_G2_fixed_time,,,missing_target_record,,,,,False
4,50,50,35,B_G2_minus_G1_fixed_time,,,missing_target_record,,,,,False
4,50,50,35,B_G1_time_average,,,missing_target_record,,,,,False
4,50,50,35,B_G2_time_average,,,missing_target_record,,,,,False
4,50,50,35,B_G2_minus_G1_time_average,,,missing_target_record,,,,,False
4,50,50,36,A_entry,,,missing_target_record,,,,,False
4,50,50,36,B_entry,,,missing_target_record,,,,,False
4,50,50,36,A_fixed_time_mean,,,missing_target_record,,,,,False
4,50,50,36,B_fixed_time_mean,,,missing_target_record,,,,,False
4,50,50,36,A_full_mean,,,missing_target_record,,,,,False
4,50,50,36,B_full_mean,,,missing_target_record,,,,,False
4,50,50,36,A_G1_fixed_time,,,missing_target_record,,,,,False
4,50,50,36,A_G2_fixed_time,,,missing_target_record,,,,,False
4,50,50,36,A_G2_minus_G1_fixed_time,,,missing_target_record,,,,,False
4,50,50,36,A_G1_time_average,,,missing_target_record,,,,,False
4,50,50,36,A_G2_time_average,,,missing_target_record,,,,,False
4,50,50,36,A_G2_minus_G1_time_average,,,missing_target_record,,,,,False
4,50,50,36,B_G1_fixed_time,,,missing_target_record,,,,,False
4,50,50,36,B_G2_fixed_time,,,missing_target_record,,,,,False
4,50,50,36,B_G2_minus_G1_fixed_time,,,missing_target_record,,,,,False
4,50,50,36,B_G1_time_average,,,missing_target_record,,,,,False
4,50,50,36,B_G2_time_average,,,missing_target_record,,,,,False
4,50,50,36,B_G2_minus_G1_time_average,,,missing_target_record,,,,,False
4,50,50,37,A_entry,,,missing_target_record,,,,,False
4,50,50,37,B_entry,,,missing_target_record,,,,,False
4,50,50,37,A_fixed_time_mean,,,missing_target_record,,,,,False
4,50,50,37,B_fixed_time_mean,,,missing_target_record,,,,,False
4,50,50,37,A_full_mean,,,missing_target_record,,,,,False
4,50,50,37,B_full_mean,,,missing_target_record,,,,,False
4,50,50,37,A_G1_fixed_time,,,missing_target_record,,,,,False
4,50,50,37,A_G2_fixed_time,,,missing_target_record,,,,,False
4,50,50,37,A_G2_minus_G1_fixed_time,,,missing_target_record,,,,,False
4,50,50,37,A_G1_time_average,,,missing_target_record,,,,,False
4,50,50,37,A_G2_time_average,,,missing_target_record,,,,,False
4,50,50,37,A_G2_minus_G1_time_average,,,missing_target_record,,,,,False
4,50,50,37,B_G1_fixed_time,,,missing_target_record,,,,,False
4,50,50,37,B_G2_fixed_time,,,missing_target_record,,,,,False
4,50,50,37,B_G2_minus_G1_fixed_time,,,missing_target_record,,,,,False
4,50,50,37,B_G1_time_average,,,missing_target_record,,,,,False
4,50,50,37,B_G2_time_average,,,missing_target_record,,,,,False
4,50,50,37,B_G2_minus_G1_time_average,,,missing_target_record,,,,,False
4,50,50,38,A_entry,,,missing_target_record,,,,,False
4,50,50,38,B_entry,,,missing_target_record,,,,,False
4,50,50,38,A_fixed_time_mean,,,missing_target_record,,,,,False
4,50,50,38,B_fixed_time_mean,,,missing_target_record,,,,,False
4,50,50,38,A_full_mean,,,missing_target_record,,,,,False
4,50,50,38,B_full_mean,,,missing_target_record,,,,,False
4,50,50,38,A_G1_fixed_time,,,missing_target_record,,,,,False
4,50,50,38,A_G2_fixed_time,,,missing_target_record,,,,,False
4,50,50,38,A_G2_minus_G1_fixed_time,,,missing_target_record,,,,,False
4,50,50,38,A_G1_time_average,,,missing_target_record,,,,,False
4,50,50,38,A_G2_time_average,,,missing_target_record,,,,,False
4,50,50,38,A_G2_minus_G1_time_average,,,missing_target_record,,,,,False
4,50,50,38,B_G1_fixed_time,,,missing_target_record,,,,,False
4,50,50,38,B_G2_fixed_time,,,missing_target_record,,,,,False
4,50,50,38,B_G2_minus_G1_fixed_time,,,missing_target_record,,,,,False
4,50,50,38,B_G1_time_average,,,missing_target_record,,,,,False
4,50,50,38,B_G2_time_average,,,missing_target_record,,,,,False
4,50,50,38,B_G2_minus_G1_time_average,,,missing_target_record,,,,,False
4,50,50,39,A_entry,,,missing_target_record,,,,,False
4,50,50,39,B_entry,,,missing_target_record,,,,,False
4,50,50,39,A_fixed_time_mean,,,missing_target_record,,,,,False
4,50,50,39,B_fixed_time_mean,,,missing_target_record,,,,,False
4,50,50,39,A_full_mean,,,missing_target_record,,,,,False
4,50,50,39,B_full_mean,,,missing_target_record,,,,,False
4,50,50,39,A_G1_fixed_time,,,missing_target_record,,,,,False
4,50,50,39,A_G2_fixed_time,,,missing_target_record,,,,,False
4,50,50,39,A_G2_minus_G1_fixed_time,,,missing_target_record,,,,,False
4,50,50,39,A_G1_time_average,,,missing_target_record,,,,,False
4,50,50,39,A_G2_time_average,,,missing_target_record,,,,,False
4,50,50,39,A_G2_minus_G1_time_average,,,missing_target_record,,,,,False
4,50,50,39,B_G1_fixed_time,,,missing_target_record,,,,,False
4,50,50,39,B_G2_fixed_time,,,missing_target_record,,,,,False
4,50,50,39,B_G2_minus_G1_fixed_time,,,missing_target_record,,,,,False
4,50,50,39,B_G1_time_average,,,missing_target_record,,,,,False
4,50,50,39,B_G2_time_average,,,missing_target_record,,,,,False
4,50,50,39,B_G2_minus_G1_time_average,,,missing_target_record,,,,,False
4,50,50,40,A_entry,,,missing_target_record,,,,,False
4,50,50,40,B_entry,,,missing_target_record,,,,,False
4,50,50,40,A_fixed_time_mean,,,missing_target_record,,,,,False
4,50,50,40,B_fixed_time_mean,,,missing_target_record,,,,,False
4,50,50,40,A_full_mean,,,missing_target_record,,,,,False
4,50,50,40,B_full_mean,,,missing_target_record,,,,,False
4,50,50,40,A_G1_fixed_time,,,missing_target_record,,,,,False
4,50,50,40,A_G2_fixed_time,,,missing_target_record,,,,,False
4,50,50,40,A_G2_minus_G1_fixed_time,,,missing_target_record,,,,,False
4,50,50,40,A_G1_time_average,,,missing_target_record,,,,,False
4,50,50,40,A_G2_time_average,,,missing_target_record,,,,,False
4,50,50,40,A_G2_minus_G1_time_average,,,missing_target_record,,,,,False
4,50,50,40,B_G1_fixed_time,,,missing_target_record,,,,,False
4,50,50,40,B_G2_fixed_time,,,missing_target_record,,,,,False
4,50,50,40,B_G2_minus_G1_fixed_time,,,missing_target_record,,,,,False
4,50,50,40,B_G1_time_average,,,missing_target_record,,,,,False
4,50,50,40,B_G2_time_average,,,missing_target_record,,,,,False
4,50,50,40,B_G2_minus_G1_time_average,,,missing_target_record,,,,,False
4,50,50,41,A_entry,,,missing_target_record,,,,,False
4,50,50,41,B_entry,,,missing_target_record,,,,,False
4,50,50,41,A_fixed_time_mean,,,missing_target_record,,,,,False
4,50,50,41,B_fixed_time_mean,,,missing_target_record,,,,,False
4,50,50,41,A_full_mean,,,missing_target_record,,,,,False
4,50,50,41,B_full_mean,,,missing_target_record,,,,,False
4,50,50,41,A_G1_fixed_time,,,missing_target_record,,,,,False
4,50,50,41,A_G2_fixed_time,,,missing_target_record,,,,,False
4,50,50,41,A_G2_minus_G1_fixed_time,,,missing_target_record,,,,,False
4,50,50,41,A_G1_time_average,,,missing_target_record,,,,,False
4,50,50,41,A_G2_time_average,,,missing_target_record,,,,,False
4,50,50,41,A_G2_minus_G1_time_average,,,missing_target_record,,,,,False
4,50,50,41,B_G1_fixed_time,,,missing_target_record,,,,,False
4,50,50,41,B_G2_fixed_time,,,missing_target_record,,,,,False
4,50,50,41,B_G2_minus_G1_fixed_time,,,missing_target_record,,,,,False
4,50,50,41,B_G1_time_average,,,missing_target_record,,,,,False
4,50,50,41,B_G2_time_average,,,missing_target_record,,,,,False
4,50,50,41,B_G2_minus_G1_time_average,,,missing_target_record,,,,,False
4,50,50,42,A_entry,,,missing_target_record,,,,,False
4,50,50,42,B_entry,,,missing_target_record,,,,,False
4,50,50,42,A_fixed_time_mean,,,missing_target_record,,,,,False
4,50,50,42,B_fixed_time_mean,,,missing_target_record,,,,,False
4,50,50,42,A_full_mean,,,missing_target_record,,,,,False
4,50,50,42,B_full_mean,,,missing_target_record,,,,,False
4,50,50,42,A_G1_fixed_time,,,missing_target_record,,,,,False
4,50,50,42,A_G2_fixed_time,,,missing_target_record,,,,,False
4,50,50,42,A_G2_minus_G1_fixed_time,,,missing_target_record,,,,,False
4,50,50,42,A_G1_time_average,,,missing_target_record,,,,,False
4,50,50,42,A_G2_time_average,,,missing_target_record,,,,,False
4,50,50,42,A_G2_minus_G1_time_average,,,missing_target_record,,,,,False
4,50,50,42,B_G1_fixed_time,,,missing_target_record,,,,,False
4,50,50,42,B_G2_fixed_time,,,missing_target_record,,,,,False
4,50,50,42,B_G2_minus_G1_fixed_time,,,missing_target_record,,,,,False
4,50,50,42,B_G1_time_average,,,missing_target_record,,,,,False
4,50,50,42,B_G2_time_average,,,missing_target_record,,,,,False
4,50,50,42,B_G2_minus_G1_time_average,,,missing_target_record,,,,,False
4,50,50,43,A_entry,,,missing_target_record,,,,,False
4,50,50,43,B_entry,,,missing_target_record,,,,,False
4,50,50,43,A_fixed_time_mean,,,missing_target_record,,,,,False
4,50,50,43,B_fixed_time_mean,,,missing_target_record,,,,,False
4,50,50,43,A_full_mean,,,missing_target_record,,,,,False
4,50,50,43,B_full_mean,,,missing_target_record,,,,,False
4,50,50,43,A_G1_fixed_time,,,missing_target_record,,,,,False
4,50,50,43,A_G2_fixed_time,,,missing_target_record,,,,,False
4,50,50,43,A_G2_minus_G1_fixed_time,,,missing_target_record,,,,,False
4,50,50,43,A_G1_time_average,,,missing_target_record,,,,,False
4,50,50,43,A_G2_time_average,,,missing_target_record,,,,,False
4,50,50,43,A_G2_minus_G1_time_average,,,missing_target_record,,,,,False
4,50,50,43,B_G1_fixed_time,,,missing_target_record,,,,,False
4,50,50,43,B_G2_fixed_time,,,missing_target_record,,,,,False
4,50,50,43,B_G2_minus_G1_fixed_time,,,missing_target_record,,,,,False
4,50,50,43,B_G1_time_average,,,missing_target_record,,,,,False
4,50,50,43,B_G2_time_average,,,missing_target_record,,,,,False
4,50,50,43,B_G2_minus_G1_time_average,,,missing_target_record,,,,,False
4,50,50,44,A_entry,,,missing_target_record,,,,,False
4,50,50,44,B_entry,,,missing_target_record,,,,,False
4,50,50,44,A_fixed_time_mean,,,missing_target_record,,,,,False
4,50,50,44,B_fixed_time_mean,,,missing_target_record,,,,,False
4,50,50,44,A_full_mean,,,missing_target_record,,,,,False
4,50,50,44,B_full_mean,,,missing_target_record,,,,,False
4,50,50,44,A_G1_fixed_time,,,missing_target_record,,,,,False
4,50,50,44,A_G2_fixed_time,,,missing_target_record,,,,,False
4,50,50,44,A_G2_minus_G1_fixed_time,,,missing_target_record,,,,,False
4,50,50,44,A_G1_time_average,,,missing_target_record,,,,,False
4,50,50,44,A_G2_time_average,,,missing_target_record,,,,,False
4,50,50,44,A_G2_minus_G1_time_average,,,missing_target_record,,,,,False
4,50,50,44,B_G1_fixed_time,,,missing_target_record,,,,,False
4,50,50,44,B_G2_fixed_time,,,missing_target_record,,,,,False
4,50,50,44,B_G2_minus_G1_fixed_time,,,missing_target_record,,,,,False
4,50,50,44,B_G1_time_average,,,missing_target_record,,,,,False
4,50,50,44,B_G2_time_average,,,missing_target_record,,,,,False
4,50,50,44,B_G2_minus_G1_time_average,,,missing_target_record,,,,,False
4,50,50,45,A_entry,,,missing_target_record,,,,,False
4,50,50,45,B_entry,,,missing_target_record,,,,,False
4,50,50,45,A_fixed_time_mean,,,missing_target_record,,,,,False
4,50,50,45,B_fixed_time_mean,,,missing_target_record,,,,,False
4,50,50,45,A_full_mean,,,missing_target_record,,,,,False
4,50,50,45,B_full_mean,,,missing_target_record,,,,,False
4,50,50,45,A_G1_fixed_time,,,missing_target_record,,,,,False
4,50,50,45,A_G2_fixed_time,,,missing_target_record,,,,,False
4,50,50,45,A_G2_minus_G1_fixed_time,,,missing_target_record,,,,,False
4,50,50,45,A_G1_time_average,,,missing_target_record,,,,,False
4,50,50,45,A_G2_time_average,,,missing_target_record,,,,,False
4,50,50,45,A_G2_minus_G1_time_average,,,missing_target_record,,,,,False
4,50,50,45,B_G1_fixed_time,,,missing_target_record,,,,,False
4,50,50,45,B_G2_fixed_time,,,missing_target_record,,,,,False
4,50,50,45,B_G2_minus_G1_fixed_time,,,missing_target_record,,,,,False
4,50,50,45,B_G1_time_average,,,missing_target_record,,,,,False
4,50,50,45,B_G2_time_average,,,missing_target_record,,,,,False
4,50,50,45,B_G2_minus_G1_time_average,,,missing_target_record,,,,,False
4,50,50,46,A_entry,,,missing_target_record,,,,,False
4,50,50,46,B_entry,,,missing_target_record,,,,,False
4,50,50,46,A_fixed_time_mean,,,missing_target_record,,,,,False
4,50,50,46,B_fixed_time_mean,,,missing_target_record,,,,,False
4,50,50,46,A_full_mean,,,missing_target_record,,,,,False
4,50,50,46,B_full_mean,,,missing_target_record,,,,,False
4,50,50,46,A_G1_fixed_time,,,missing_target_record,,,,,False
4,50,50,46,A_G2_fixed_time,,,missing_target_record,,,,,False
4,50,50,46,A_G2_minus_G1_fixed_time,,,missing_target_record,,,,,False
4,50,50,46,A_G1_time_average,,,missing_target_record,,,,,False
4,50,50,46,A_G2_time_average,,,missing_target_record,,,,,False
4,50,50,46,A_G2_minus_G1_time_average,,,missing_target_record,,,,,False
4,50,50,46,B_G1_fixed_time,,,missing_target_record,,,,,False
4,50,50,46,B_G2_fixed_time,,,missing_target_record,,,,,False
4,50,50,46,B_G2_minus_G1_fixed_time,,,missing_target_record,,,,,False
4,50,50,46,B_G1_time_average,,,missing_target_record,,,,,False
4,50,50,46,B_G2_time_average,,,missing_target_record,,,,,False
4,50,50,46,B_G2_minus_G1_time_average,,,missing_target_record,,,,,False
4,50,50,47,A_entry,,,missing_target_record,,,,,False
4,50,50,47,B_entry,,,missing_target_record,,,,,False
4,50,50,47,A_fixed_time_mean,,,missing_target_record,,,,,False
4,50,50,47,B_fixed_time_mean,,,missing_target_record,,,,,False
4,50,50,47,A_full_mean,,,missing_target_record,,,,,False
4,50,50,47,B_full_mean,,,missing_target_record,,,,,False
4,50,50,47,A_G1_fixed_time,,,missing_target_record,,,,,False
4,50,50,47,A_G2_fixed_time,,,missing_target_record,,,,,False
4,50,50,47,A_G2_minus_G1_fixed_time,,,missing_target_record,,,,,False
4,50,50,47,A_G1_time_average,,,missing_target_record,,,,,False
4,50,50,47,A_G2_time_average,,,missing_target_record,,,,,False
4,50,50,47,A_G2_minus_G1_time_average,,,missing_target_record,,,,,False
4,50,50,47,B_G1_fixed_time,,,missing_target_record,,,,,False
4,50,50,47,B_G2_fixed_time,,,missing_target_record,,,,,False
4,50,50,47,B_G2_minus_G1_fixed_time,,,missing_target_record,,,,,False
4,50,50,47,B_G1_time_average,,,missing_target_record,,,,,False
4,50,50,47,B_G2_time_average,,,missing_target_record,,,,,False
4,50,50,47,B_G2_minus_G1_time_average,,,missing_target_record,,,,,False
4,50,50,48,A_entry,,,missing_target_record,,,,,False
4,50,50,48,B_entry,,,missing_target_record,,,,,False
4,50,50,48,A_fixed_time_mean,,,missing_target_record,,,,,False
4,50,50,48,B_fixed_time_mean,,,missing_target_record,,,,,False
4,50,50,48,A_full_mean,,,missing_target_record,,,,,False
4,50,50,48,B_full_mean,,,missing_target_record,,,,,False
4,50,50,48,A_G1_fixed_time,,,missing_target_record,,,,,False
4,50,50,48,A_G2_fixed_time,,,missing_target_record,,,,,False
4,50,50,48,A_G2_minus_G1_fixed_time,,,missing_target_record,,,,,False
4,50,50,48,A_G1_time_average,,,missing_target_record,,,,,False
4,50,50,48,A_G2_time_average,,,missing_target_record,,,,,False
4,50,50,48,A_G2_minus_G1_time_average,,,missing_target_record,,,,,False
4,50,50,48,B_G1_fixed_time,,,missing_target_record,,,,,False
4,50,50,48,B_G2_fixed_time,,,missing_target_record,,,,,False
4,50,50,48,B_G2_minus_G1_fixed_time,,,missing_target_record,,,,,False
4,50,50,48,B_G1_time_average,,,missing_target_record,,,,,False
4,50,50,48,B_G2_time_average,,,missing_target_record,,,,,False
4,50,50,48,B_G2_minus_G1_time_average,,,missing_target_record,,,,,False
4,50,50,49,A_entry,,,missing_target_record,,,,,False
4,50,50,49,B_entry,,,missing_target_record,,,,,False
4,50,50,49,A_fixed_time_mean,,,missing_target_record,,,,,False
4,50,50,49,B_fixed_time_mean,,,missing_target_record,,,,,False
4,50,50,49,A_full_mean,,,missing_target_record,,,,,False
4,50,50,49,B_full_mean,,,missing_target_record,,,,,False
4,50,50,49,A_G1_fixed_time,,,missing_target_record,,,,,False
4,50,50,49,A_G2_fixed_time,,,missing_target_record,,,,,False
4,50,50,49,A_G2_minus_G1_fixed_time,,,missing_target_record,,,,,False
4,50,50,49,A_G1_time_average,,,missing_target_record,,,,,False
4,50,50,49,A_G2_time_average,,,missing_target_record,,,,,False
4,50,50,49,A_G2_minus_G1_time_average,,,missing_target_record,,,,,False
4,50,50,49,B_G1_fixed_time,,,missing_target_record,,,,,False
4,50,50,49,B_G2_fixed_time,,,missing_target_record,,,,,False
4,50,50,49,B_G2_minus_G1_fixed_time,,,missing_target_record,,,,,False
4,50,50,49,B_G1_time_average,,,missing_target_record,,,,,False
4,50,50,49,B_G2_time_average,,,missing_target_record,,,,,False
4,50,50,49,B_G2_minus_G1_time_average,,,missing_target_record,,,,,False
4,50,50,50,A_entry,,,missing_target_record,,,,,False
4,50,50,50,B_entry,,,missing_target_record,,,,,False
4,50,50,50,A_fixed_time_mean,,,missing_target_record,,,,,False
4,50,50,50,B_fixed_time_mean,,,missing_target_record,,,,,False
4,50,50,50,A_full_mean,,,missing_target_record,,,,,False
4,50,50,50,B_full_mean,,,missing_target_record,,,,,False
4,50,50,50,A_G1_fixed_time,,,missing_target_record,,,,,False
4,50,50,50,A_G2_fixed_time,,,missing_target_record,,,,,False
4,50,50,50,A_G2_minus_G1_fixed_time,,,missing_target_record,,,,,False
4,50,50,50,A_G1_time_average,,,missing_target_record,,,,,False
4,50,50,50,A_G2_time_average,,,missing_target_record,,,,,False
4,50,50,50,A_G2_minus_G1_time_average,,,missing_target_record,,,,,False
4,50,50,50,B_G1_fixed_time,,,missing_target_record,,,,,False
4,50,50,50,B_G2_fixed_time,,,missing_target_record,,,,,False
4,50,50,50,B_G2_minus_G1_fixed_time,,,missing_target_record,,,,,False
4,50,50,50,B_G1_time_average,,,missing_target_record,,,,,False
4,50,50,50,B_G2_time_average,,,missing_target_record,,,,,False
4,50,50,50,B_G2_minus_G1_time_average,,,missing_target_record,,,,,False
4,50,50,51,A_entry,,,missing_target_record,,,,,False
4,50,50,51,B_entry,,,missing_target_record,,,,,False
4,50,50,51,A_fixed_time_mean,,,missing_target_record,,,,,False
4,50,50,51,B_fixed_time_mean,,,missing_target_record,,,,,False
4,50,50,51,A_full_mean,,,missing_target_record,,,,,False
4,50,50,51,B_full_mean,,,missing_target_record,,,,,False
4,50,50,51,A_G1_fixed_time,,,missing_target_record,,,,,False
4,50,50,51,A_G2_fixed_time,,,missing_target_record,,,,,False
4,50,50,51,A_G2_minus_G1_fixed_time,,,missing_target_record,,,,,False
4,50,50,51,A_G1_time_average,,,missing_target_record,,,,,False
4,50,50,51,A_G2_time_average,,,missing_target_record,,,,,False
4,50,50,51,A_G2_minus_G1_time_average,,,missing_target_record,,,,,False
4,50,50,51,B_G1_fixed_time,,,missing_target_record,,,,,False
4,50,50,51,B_G2_fixed_time,,,missing_target_record,,,,,False
4,50,50,51,B_G2_minus_G1_fixed_time,,,missing_target_record,,,,,False
4,50,50,51,B_G1_time_average,,,missing_target_record,,,,,False
4,50,50,51,B_G2_time_average,,,missing_target_record,,,,,False
4,50,50,51,B_G2_minus_G1_time_average,,,missing_target_record,,,,,False
4,50,50,52,A_entry,,,missing_target_record,,,,,False
4,50,50,52,B_entry,,,missing_target_record,,,,,False
4,50,50,52,A_fixed_time_mean,,,missing_target_record,,,,,False
4,50,50,52,B_fixed_time_mean,,,missing_target_record,,,,,False
4,50,50,52,A_full_mean,,,missing_target_record,,,,,False
4,50,50,52,B_full_mean,,,missing_target_record,,,,,False
4,50,50,52,A_G1_fixed_time,,,missing_target_record,,,,,False
4,50,50,52,A_G2_fixed_time,,,missing_target_record,,,,,False
4,50,50,52,A_G2_minus_G1_fixed_time,,,missing_target_record,,,,,False
4,50,50,52,A_G1_time_average,,,missing_target_record,,,,,False
4,50,50,52,A_G2_time_average,,,missing_target_record,,,,,False
4,50,50,52,A_G2_minus_G1_time_average,,,missing_target_record,,,,,False
4,50,50,52,B_G1_fixed_time,,,missing_target_record,,,,,False
4,50,50,52,B_G2_fixed_time,,,missing_target_record,,,,,False
4,50,50,52,B_G2_minus_G1_fixed_time,,,missing_target_record,,,,,False
4,50,50,52,B_G1_time_average,,,missing_target_record,,,,,False
4,50,50,52,B_G2_time_average,,,missing_target_record,,,,,False
4,50,50,52,B_G2_minus_G1_time_average,,,missing_target_record,,,,,False
4,50,50,53,A_entry,,,missing_target_record,,,,,False
4,50,50,53,B_entry,,,missing_target_record,,,,,False
4,50,50,53,A_fixed_time_mean,,,missing_target_record,,,,,False
4,50,50,53,B_fixed_time_mean,,,missing_target_record,,,,,False
4,50,50,53,A_full_mean,,,missing_target_record,,,,,False
4,50,50,53,B_full_mean,,,missing_target_record,,,,,False
4,50,50,53,A_G1_fixed_time,,,missing_target_record,,,,,False
4,50,50,53,A_G2_fixed_time,,,missing_target_record,,,,,False
4,50,50,53,A_G2_minus_G1_fixed_time,,,missing_target_record,,,,,False
4,50,50,53,A_G1_time_average,,,missing_target_record,,,,,False
4,50,50,53,A_G2_time_average,,,missing_target_record,,,,,False
4,50,50,53,A_G2_minus_G1_time_average,,,missing_target_record,,,,,False
4,50,50,53,B_G1_fixed_time,,,missing_target_record,,,,,False
4,50,50,53,B_G2_fixed_time,,,missing_target_record,,,,,False
4,50,50,53,B_G2_minus_G1_fixed_time,,,missing_target_record,,,,,False
4,50,50,53,B_G1_time_average,,,missing_target_record,,,,,False
4,50,50,53,B_G2_time_average,,,missing_target_record,,,,,False
4,50,50,53,B_G2_minus_G1_time_average,,,missing_target_record,,,,,False
4,50,50,54,A_entry,,,missing_target_record,,,,,False
4,50,50,54,B_entry,,,missing_target_record,,,,,False
4,50,50,54,A_fixed_time_mean,,,missing_target_record,,,,,False
4,50,50,54,B_fixed_time_mean,,,missing_target_record,,,,,False
4,50,50,54,A_full_mean,,,missing_target_record,,,,,False
4,50,50,54,B_full_mean,,,missing_target_record,,,,,False
4,50,50,54,A_G1_fixed_time,,,missing_target_record,,,,,False
4,50,50,54,A_G2_fixed_time,,,missing_target_record,,,,,False
4,50,50,54,A_G2_minus_G1_fixed_time,,,missing_target_record,,,,,False
4,50,50,54,A_G1_time_average,,,missing_target_record,,,,,False
4,50,50,54,A_G2_time_average,,,missing_target_record,,,,,False
4,50,50,54,A_G2_minus_G1_time_average,,,missing_target_record,,,,,False
4,50,50,54,B_G1_fixed_time,,,missing_target_record,,,,,False
4,50,50,54,B_G2_fixed_time,,,missing_target_record,,,,,False
4,50,50,54,B_G2_minus_G1_fixed_time,,,missing_target_record,,,,,False
4,50,50,54,B_G1_time_average,,,missing_target_record,,,,,False
4,50,50,54,B_G2_time_average,,,missing_target_record,,,,,False
4,50,50,54,B_G2_minus_G1_time_average,,,missing_target_record,,,,,False
4,50,50,55,A_entry,,,missing_target_record,,,,,False
4,50,50,55,B_entry,,,missing_target_record,,,,,False
4,50,50,55,A_fixed_time_mean,,,missing_target_record,,,,,False
4,50,50,55,B_fixed_time_mean,,,missing_target_record,,,,,False
4,50,50,55,A_full_mean,,,missing_target_record,,,,,False
4,50,50,55,B_full_mean,,,missing_target_record,,,,,False
4,50,50,55,A_G1_fixed_time,,,missing_target_record,,,,,False
4,50,50,55,A_G2_fixed_time,,,missing_target_record,,,,,False
4,50,50,55,A_G2_minus_G1_fixed_time,,,missing_target_record,,,,,False
4,50,50,55,A_G1_time_average,,,missing_target_record,,,,,False
4,50,50,55,A_G2_time_average,,,missing_target_record,,,,,False
4,50,50,55,A_G2_minus_G1_time_average,,,missing_target_record,,,,,False
4,50,50,55,B_G1_fixed_time,,,missing_target_record,,,,,False
4,50,50,55,B_G2_fixed_time,,,missing_target_record,,,,,False
4,50,50,55,B_G2_minus_G1_fixed_time,,,missing_target_record,,,,,False
4,50,50,55,B_G1_time_average,,,missing_target_record,,,,,False
4,50,50,55,B_G2_time_average,,,missing_target_record,,,,,False
4,50,50,55,B_G2_minus_G1_time_average,,,missing_target_record,,,,,False
4,50,50,56,A_entry,,,missing_target_record,,,,,False
4,50,50,56,B_entry,,,missing_target_record,,,,,False
4,50,50,56,A_fixed_time_mean,,,missing_target_record,,,,,False
4,50,50,56,B_fixed_time_mean,,,missing_target_record,,,,,False
4,50,50,56,A_full_mean,,,missing_target_record,,,,,False
4,50,50,56,B_full_mean,,,missing_target_record,,,,,False
4,50,50,56,A_G1_fixed_time,,,missing_target_record,,,,,False
4,50,50,56,A_G2_fixed_time,,,missing_target_record,,,,,False
4,50,50,56,A_G2_minus_G1_fixed_time,,,missing_target_record,,,,,False
4,50,50,56,A_G1_time_average,,,missing_target_record,,,,,False
4,50,50,56,A_G2_time_average,,,missing_target_record,,,,,False
4,50,50,56,A_G2_minus_G1_time_average,,,missing_target_record,,,,,False
4,50,50,56,B_G1_fixed_time,,,missing_target_record,,,,,False
4,50,50,56,B_G2_fixed_time,,,missing_target_record,,,,,False
4,50,50,56,B_G2_minus_G1_fixed_time,,,missing_target_record,,,,,False
4,50,50,56,B_G1_time_average,,,missing_target_record,,,,,False
4,50,50,56,B_G2_time_average,,,missing_target_record,,,,,False
4,50,50,56,B_G2_minus_G1_time_average,,,missing_target_record,,,,,False
4,50,50,57,A_entry,,,missing_target_record,,,,,False
4,50,50,57,B_entry,,,missing_target_record,,,,,False
4,50,50,57,A_fixed_time_mean,,,missing_target_record,,,,,False
4,50,50,57,B_fixed_time_mean,,,missing_target_record,,,,,False
4,50,50,57,A_full_mean,,,missing_target_record,,,,,False
4,50,50,57,B_full_mean,,,missing_target_record,,,,,False
4,50,50,57,A_G1_fixed_time,,,missing_target_record,,,,,False
4,50,50,57,A_G2_fixed_time,,,missing_target_record,,,,,False
4,50,50,57,A_G2_minus_G1_fixed_time,,,missing_target_record,,,,,False
4,50,50,57,A_G1_time_average,,,missing_target_record,,,,,False
4,50,50,57,A_G2_time_average,,,missing_target_record,,,,,False
4,50,50,57,A_G2_minus_G1_time_average,,,missing_target_record,,,,,False
4,50,50,57,B_G1_fixed_time,,,missing_target_record,,,,,False
4,50,50,57,B_G2_fixed_time,,,missing_target_record,,,,,False
4,50,50,57,B_G2_minus_G1_fixed_time,,,missing_target_record,,,,,False
4,50,50,57,B_G1_time_average,,,missing_target_record,,,,,False
4,50,50,57,B_G2_time_average,,,missing_target_record,,,,,False
4,50,50,57,B_G2_minus_G1_time_average,,,missing_target_record,,,,,False
4,50,50,58,A_entry,,,missing_target_record,,,,,False
4,50,50,58,B_entry,,,missing_target_record,,,,,False
4,50,50,58,A_fixed_time_mean,,,missing_target_record,,,,,False
4,50,50,58,B_fixed_time_mean,,,missing_target_record,,,,,False
4,50,50,58,A_full_mean,,,missing_target_record,,,,,False
4,50,50,58,B_full_mean,,,missing_target_record,,,,,False
4,50,50,58,A_G1_fixed_time,,,missing_target_record,,,,,False
4,50,50,58,A_G2_fixed_time,,,missing_target_record,,,,,False
4,50,50,58,A_G2_minus_G1_fixed_time,,,missing_target_record,,,,,False
4,50,50,58,A_G1_time_average,,,missing_target_record,,,,,False
4,50,50,58,A_G2_time_average,,,missing_target_record,,,,,False
4,50,50,58,A_G2_minus_G1_time_average,,,missing_target_record,,,,,False
4,50,50,58,B_G1_fixed_time,,,missing_target_record,,,,,False
4,50,50,58,B_G2_fixed_time,,,missing_target_record,,,,,False
4,50,50,58,B_G2_minus_G1_fixed_time,,,missing_target_record,,,,,False
4,50,50,58,B_G1_time_average,,,missing_target_record,,,,,False
4,50,50,58,B_G2_time_average,,,missing_target_record,,,,,False
4,50,50,58,B_G2_minus_G1_time_average,,,missing_target_record,,,,,False
4,50,50,59,A_entry,,,missing_target_record,,,,,False
4,50,50,59,B_entry,,,missing_target_record,,,,,False
4,50,50,59,A_fixed_time_mean,,,missing_target_record,,,,,False
4,50,50,59,B_fixed_time_mean,,,missing_target_record,,,,,False
4,50,50,59,A_full_mean,,,missing_target_record,,,,,False
4,50,50,59,B_full_mean,,,missing_target_record,,,,,False
4,50,50,59,A_G1_fixed_time,,,missing_target_record,,,,,False
4,50,50,59,A_G2_fixed_time,,,missing_target_record,,,,,False
4,50,50,59,A_G2_minus_G1_fixed_time,,,missing_target_record,,,,,False
4,50,50,59,A_G1_time_average,,,missing_target_record,,,,,False
4,50,50,59,A_G2_time_average,,,missing_target_record,,,,,False
4,50,50,59,A_G2_minus_G1_time_average,,,missing_target_record,,,,,False
4,50,50,59,B_G1_fixed_time,,,missing_target_record,,,,,False
4,50,50,59,B_G2_fixed_time,,,missing_target_record,,,,,False
4,50,50,59,B_G2_minus_G1_fixed_time,,,missing_target_record,,,,,False
4,50,50,59,B_G1_time_average,,,missing_target_record,,,,,False
4,50,50,59,B_G2_time_average,,,missing_target_record,,,,,False
4,50,50,59,B_G2_minus_G1_time_average,,,missing_target_record,,,,,False
4,50,50,60,A_entry,,,missing_target_record,,,,,False
4,50,50,60,B_entry,,,missing_target_record,,,,,False
4,50,50,60,A_fixed_time_mean,,,missing_target_record,,,,,False
4,50,50,60,B_fixed_time_mean,,,missing_target_record,,,,,False
4,50,50,60,A_full_mean,,,missing_target_record,,,,,False
4,50,50,60,B_full_mean,,,missing_target_record,,,,,False
4,50,50,60,A_G1_fixed_time,,,missing_target_record,,,,,False
4,50,50,60,A_G2_fixed_time,,,missing_target_record,,,,,False
4,50,50,60,A_G2_minus_G1_fixed_time,,,missing_target_record,,,,,False
4,50,50,60,A_G1_time_average,,,missing_target_record,,,,,False
4,50,50,60,A_G2_time_average,,,missing_target_record,,,,,False
4,50,50,60,A_G2_minus_G1_time_average,,,missing_target_record,,,,,False
4,50,50,60,B_G1_fixed_time,,,missing_target_record,,,,,False
4,50,50,60,B_G2_fixed_time,,,missing_target_record,,,,,False
4,50,50,60,B_G2_minus_G1_fixed_time,,,missing_target_record,,,,,False
4,50,50,60,B_G1_time_average,,,missing_target_record,,,,,False
4,50,50,60,B_G2_time_average,,,missing_target_record,,,,,False
4,50,50,60,B_G2_minus_G1_time_average,,,missing_target_record,,,,,False
4,50,50,61,A_entry,,,missing_target_record,,,,,False
4,50,50,61,B_entry,,,missing_target_record,,,,,False
4,50,50,61,A_fixed_time_mean,,,missing_target_record,,,,,False
4,50,50,61,B_fixed_time_mean,,,missing_target_record,,,,,False
4,50,50,61,A_full_mean,,,missing_target_record,,,,,False
4,50,50,61,B_full_mean,,,missing_target_record,,,,,False
4,50,50,61,A_G1_fixed_time,,,missing_target_record,,,,,False
4,50,50,61,A_G2_fixed_time,,,missing_target_record,,,,,False
4,50,50,61,A_G2_minus_G1_fixed_time,,,missing_target_record,,,,,False
4,50,50,61,A_G1_time_average,,,missing_target_record,,,,,False
4,50,50,61,A_G2_time_average,,,missing_target_record,,,,,False
4,50,50,61,A_G2_minus_G1_time_average,,,missing_target_record,,,,,False
4,50,50,61,B_G1_fixed_time,,,missing_target_record,,,,,False
4,50,50,61,B_G2_fixed_time,,,missing_target_record,,,,,False
4,50,50,61,B_G2_minus_G1_fixed_time,,,missing_target_record,,,,,False
4,50,50,61,B_G1_time_average,,,missing_target_record,,,,,False
4,50,50,61,B_G2_time_average,,,missing_target_record,,,,,False
4,50,50,61,B_G2_minus_G1_time_average,,,missing_target_record,,,,,False
4,50,50,62,A_entry,,,missing_target_record,,,,,False
4,50,50,62,B_entry,,,missing_target_record,,,,,False
4,50,50,62,A_fixed_time_mean,,,missing_target_record,,,,,False
4,50,50,62,B_fixed_time_mean,,,missing_target_record,,,,,False
4,50,50,62,A_full_mean,,,missing_target_record,,,,,False
4,50,50,62,B_full_mean,,,missing_target_record,,,,,False
4,50,50,62,A_G1_fixed_time,,,missing_target_record,,,,,False
4,50,50,62,A_G2_fixed_time,,,missing_target_record,,,,,False
4,50,50,62,A_G2_minus_G1_fixed_time,,,missing_target_record,,,,,False
4,50,50,62,A_G1_time_average,,,missing_target_record,,,,,False
4,50,50,62,A_G2_time_average,,,missing_target_record,,,,,False
4,50,50,62,A_G2_minus_G1_time_average,,,missing_target_record,,,,,False
4,50,50,62,B_G1_fixed_time,,,missing_target_record,,,,,False
4,50,50,62,B_G2_fixed_time,,,missing_target_record,,,,,False
4,50,50,62,B_G2_minus_G1_fixed_time,,,missing_target_record,,,,,False
4,50,50,62,B_G1_time_average,,,missing_target_record,,,,,False
4,50,50,62,B_G2_time_average,,,missing_target_record,,,,,False
4,50,50,62,B_G2_minus_G1_time_average,,,missing_target_record,,,,,False
4,50,50,63,A_entry,,,missing_target_record,,,,,False
4,50,50,63,B_entry,,,missing_target_record,,,,,False
4,50,50,63,A_fixed_time_mean,,,missing_target_record,,,,,False
4,50,50,63,B_fixed_time_mean,,,missing_target_record,,,,,False
4,50,50,63,A_full_mean,,,missing_target_record,,,,,False
4,50,50,63,B_full_mean,,,missing_target_record,,,,,False
4,50,50,63,A_G1_fixed_time,,,missing_target_record,,,,,False
4,50,50,63,A_G2_fixed_time,,,missing_target_record,,,,,False
4,50,50,63,A_G2_minus_G1_fixed_time,,,missing_target_record,,,,,False
4,50,50,63,A_G1_time_average,,,missing_target_record,,,,,False
4,50,50,63,A_G2_time_average,,,missing_target_record,,,,,False
4,50,50,63,A_G2_minus_G1_time_average,,,missing_target_record,,,,,False
4,50,50,63,B_G1_fixed_time,,,missing_target_record,,,,,False
4,50,50,63,B_G2_fixed_time,,,missing_target_record,,,,,False
4,50,50,63,B_G2_minus_G1_fixed_time,,,missing_target_record,,,,,False
4,50,50,63,B_G1_time_average,,,missing_target_record,,,,,False
4,50,50,63,B_G2_time_average,,,missing_target_record,,,,,False
4,50,50,63,B_G2_minus_G1_time_average,,,missing_target_record,,,,,False
4,50,50,64,A_entry,,,missing_target_record,,,,,False
4,50,50,64,B_entry,,,missing_target_record,,,,,False
4,50,50,64,A_fixed_time_mean,,,missing_target_record,,,,,False
4,50,50,64,B_fixed_time_mean,,,missing_target_record,,,,,False
4,50,50,64,A_full_mean,,,missing_target_record,,,,,False
4,50,50,64,B_full_mean,,,missing_target_record,,,,,False
4,50,50,64,A_G1_fixed_time,,,missing_target_record,,,,,False
4,50,50,64,A_G2_fixed_time,,,missing_target_record,,,,,False
4,50,50,64,A_G2_minus_G1_fixed_time,,,missing_target_record,,,,,False
4,50,50,64,A_G1_time_average,,,missing_target_record,,,,,False
4,50,50,64,A_G2_time_average,,,missing_target_record,,,,,False
4,50,50,64,A_G2_minus_G1_time_average,,,missing_target_record,,,,,False
4,50,50,64,B_G1_fixed_time,,,missing_target_record,,,,,False
4,50,50,64,B_G2_fixed_time,,,missing_target_record,,,,,False
4,50,50,64,B_G2_minus_G1_fixed_time,,,missing_target_record,,,,,False
4,50,50,64,B_G1_time_average,,,missing_target_record,,,,,False
4,50,50,64,B_G2_time_average,,,missing_target_record,,,,,False
4,50,50,64,B_G2_minus_G1_time_average,,,missing_target_record,,,,,False
4,50,50,65,A_entry,,,missing_target_record,,,,,False
4,50,50,65,B_entry,,,missing_target_record,,,,,False
4,50,50,65,A_fixed_time_mean,,,missing_target_record,,,,,False
4,50,50,65,B_fixed_time_mean,,,missing_target_record,,,,,False
4,50,50,65,A_full_mean,,,missing_target_record,,,,,False
4,50,50,65,B_full_mean,,,missing_target_record,,,,,False
4,50,50,65,A_G1_fixed_time,,,missing_target_record,,,,,False
4,50,50,65,A_G2_fixed_time,,,missing_target_record,,,,,False
4,50,50,65,A_G2_minus_G1_fixed_time,,,missing_target_record,,,,,False
4,50,50,65,A_G1_time_average,,,missing_target_record,,,,,False
4,50,50,65,A_G2_time_average,,,missing_target_record,,,,,False
4,50,50,65,A_G2_minus_G1_time_average,,,missing_target_record,,,,,False
4,50,50,65,B_G1_fixed_time,,,missing_target_record,,,,,False
4,50,50,65,B_G2_fixed_time,,,missing_target_record,,,,,False
4,50,50,65,B_G2_minus_G1_fixed_time,,,missing_target_record,,,,,False
4,50,50,65,B_G1_time_average,,,missing_target_record,,,,,False
4,50,50,65,B_G2_time_average,,,missing_target_record,,,,,False
4,50,50,65,B_G2_minus_G1_time_average,,,missing_target_record,,,,,False
4,50,50,66,A_entry,,,missing_target_record,,,,,False
4,50,50,66,B_entry,,,missing_target_record,,,,,False
4,50,50,66,A_fixed_time_mean,,,missing_target_record,,,,,False
4,50,50,66,B_fixed_time_mean,,,missing_target_record,,,,,False
4,50,50,66,A_full_mean,,,missing_target_record,,,,,False
4,50,50,66,B_full_mean,,,missing_target_record,,,,,False
4,50,50,66,A_G1_fixed_time,,,missing_target_record,,,,,False
4,50,50,66,A_G2_fixed_time,,,missing_target_record,,,,,False
4,50,50,66,A_G2_minus_G1_fixed_time,,,missing_target_record,,,,,False
4,50,50,66,A_G1_time_average,,,missing_target_record,,,,,False
4,50,50,66,A_G2_time_average,,,missing_target_record,,,,,False
4,50,50,66,A_G2_minus_G1_time_average,,,missing_target_record,,,,,False
4,50,50,66,B_G1_fixed_time,,,missing_target_record,,,,,False
4,50,50,66,B_G2_fixed_time,,,missing_target_record,,,,,False
4,50,50,66,B_G2_minus_G1_fixed_time,,,missing_target_record,,,,,False
4,50,50,66,B_G1_time_average,,,missing_target_record,,,,,False
4,50,50,66,B_G2_time_average,,,missing_target_record,,,,,False
4,50,50,66,B_G2_minus_G1_time_average,,,missing_target_record,,,,,False
4,50,50,67,A_entry,,,missing_target_record,,,,,False
4,50,50,67,B_entry,,,missing_target_record,,,,,False
4,50,50,67,A_fixed_time_mean,,,missing_target_record,,,,,False
4,50,50,67,B_fixed_time_mean,,,missing_target_record,,,,,False
4,50,50,67,A_full_mean,,,missing_target_record,,,,,False
4,50,50,67,B_full_mean,,,missing_target_record,,,,,False
4,50,50,67,A_G1_fixed_time,,,missing_target_record,,,,,False
4,50,50,67,A_G2_fixed_time,,,missing_target_record,,,,,False
4,50,50,67,A_G2_minus_G1_fixed_time,,,missing_target_record,,,,,False
4,50,50,67,A_G1_time_average,,,missing_target_record,,,,,False
4,50,50,67,A_G2_time_average,,,missing_target_record,,,,,False
4,50,50,67,A_G2_minus_G1_time_average,,,missing_target_record,,,,,False
4,50,50,67,B_G1_fixed_time,,,missing_target_record,,,,,False
4,50,50,67,B_G2_fixed_time,,,missing_target_record,,,,,False
4,50,50,67,B_G2_minus_G1_fixed_time,,,missing_target_record,,,,,False
4,50,50,67,B_G1_time_average,,,missing_target_record,,,,,False
4,50,50,67,B_G2_time_average,,,missing_target_record,,,,,False
4,50,50,67,B_G2_minus_G1_time_average,,,missing_target_record,,,,,False
4,50,50,68,A_entry,,,missing_target_record,,,,,False
4,50,50,68,B_entry,,,missing_target_record,,,,,False
4,50,50,68,A_fixed_time_mean,,,missing_target_record,,,,,False
4,50,50,68,B_fixed_time_mean,,,missing_target_record,,,,,False
4,50,50,68,A_full_mean,,,missing_target_record,,,,,False
4,50,50,68,B_full_mean,,,missing_target_record,,,,,False
4,50,50,68,A_G1_fixed_time,,,missing_target_record,,,,,False
4,50,50,68,A_G2_fixed_time,,,missing_target_record,,,,,False
4,50,50,68,A_G2_minus_G1_fixed_time,,,missing_target_record,,,,,False
4,50,50,68,A_G1_time_average,,,missing_target_record,,,,,False
4,50,50,68,A_G2_time_average,,,missing_target_record,,,,,False
4,50,50,68,A_G2_minus_G1_time_average,,,missing_target_record,,,,,False
4,50,50,68,B_G1_fixed_time,,,missing_target_record,,,,,False
4,50,50,68,B_G2_fixed_time,,,missing_target_record,,,,,False
4,50,50,68,B_G2_minus_G1_fixed_time,,,missing_target_record,,,,,False
4,50,50,68,B_G1_time_average,,,missing_target_record,,,,,False
4,50,50,68,B_G2_time_average,,,missing_target_record,,,,,False
4,50,50,68,B_G2_minus_G1_time_average,,,missing_target_record,,,,,False
4,50,50,69,A_entry,,,missing_target_record,,,,,False
4,50,50,69,B_entry,,,missing_target_record,,,,,False
4,50,50,69,A_fixed_time_mean,,,missing_target_record,,,,,False
4,50,50,69,B_fixed_time_mean,,,missing_target_record,,,,,False
4,50,50,69,A_full_mean,,,missing_target_record,,,,,False
4,50,50,69,B_full_mean,,,missing_target_record,,,,,False
4,50,50,69,A_G1_fixed_time,,,missing_target_record,,,,,False
4,50,50,69,A_G2_fixed_time,,,missing_target_record,,,,,False
4,50,50,69,A_G2_minus_G1_fixed_time,,,missing_target_record,,,,,False
4,50,50,69,A_G1_time_average,,,missing_target_record,,,,,False
4,50,50,69,A_G2_time_average,,,missing_target_record,,,,,False
4,50,50,69,A_G2_minus_G1_time_average,,,missing_target_record,,,,,False
4,50,50,69,B_G1_fixed_time,,,missing_target_record,,,,,False
4,50,50,69,B_G2_fixed_time,,,missing_target_record,,,,,False
4,50,50,69,B_G2_minus_G1_fixed_time,,,missing_target_record,,,,,False
4,50,50,69,B_G1_time_average,,,missing_target_record,,,,,False
4,50,50,69,B_G2_time_average,,,missing_target_record,,,,,False
4,50,50,69,B_G2_minus_G1_time_average,,,missing_target_record,,,,,False
4,50,50,70,A_entry,,,missing_target_record,,,,,False
4,50,50,70,B_entry,,,missing_target_record,,,,,False
4,50,50,70,A_fixed_time_mean,,,missing_target_record,,,,,False
4,50,50,70,B_fixed_time_mean,,,missing_target_record,,,,,False
4,50,50,70,A_full_mean,,,missing_target_record,,,,,False
4,50,50,70,B_full_mean,,,missing_target_record,,,,,False
4,50,50,70,A_G1_fixed_time,,,missing_target_record,,,,,False
4,50,50,70,A_G2_fixed_time,,,missing_target_record,,,,,False
4,50,50,70,A_G2_minus_G1_fixed_time,,,missing_target_record,,,,,False
4,50,50,70,A_G1_time_average,,,missing_target_record,,,,,False
4,50,50,70,A_G2_time_average,,,missing_target_record,,,,,False
4,50,50,70,A_G2_minus_G1_time_average,,,missing_target_record,,,,,False
4,50,50,70,B_G1_fixed_time,,,missing_target_record,,,,,False
4,50,50,70,B_G2_fixed_time,,,missing_target_record,,,,,False
4,50,50,70,B_G2_minus_G1_fixed_time,,,missing_target_record,,,,,False
4,50,50,70,B_G1_time_average,,,missing_target_record,,,,,False
4,50,50,70,B_G2_time_average,,,missing_target_record,,,,,False
4,50,50,70,B_G2_minus_G1_time_average,,,missing_target_record,,,,,False
4,50,50,71,A_entry,,,missing_target_record,,,,,False
4,50,50,71,B_entry,,,missing_target_record,,,,,False
4,50,50,71,A_fixed_time_mean,,,missing_target_record,,,,,False
4,50,50,71,B_fixed_time_mean,,,missing_target_record,,,,,False
4,50,50,71,A_full_mean,,,missing_target_record,,,,,False
4,50,50,71,B_full_mean,,,missing_target_record,,,,,False
4,50,50,71,A_G1_fixed_time,,,missing_target_record,,,,,False
4,50,50,71,A_G2_fixed_time,,,missing_target_record,,,,,False
4,50,50,71,A_G2_minus_G1_fixed_time,,,missing_target_record,,,,,False
4,50,50,71,A_G1_time_average,,,missing_target_record,,,,,False
4,50,50,71,A_G2_time_average,,,missing_target_record,,,,,False
4,50,50,71,A_G2_minus_G1_time_average,,,missing_target_record,,,,,False
4,50,50,71,B_G1_fixed_time,,,missing_target_record,,,,,False
4,50,50,71,B_G2_fixed_time,,,missing_target_record,,,,,False
4,50,50,71,B_G2_minus_G1_fixed_time,,,missing_target_record,,,,,False
4,50,50,71,B_G1_time_average,,,missing_target_record,,,,,False
4,50,50,71,B_G2_time_average,,,missing_target_record,,,,,False
4,50,50,71,B_G2_minus_G1_time_average,,,missing_target_record,,,,,False
4,50,50,72,A_entry,,,missing_target_record,,,,,False
4,50,50,72,B_entry,,,missing_target_record,,,,,False
4,50,50,72,A_fixed_time_mean,,,missing_target_record,,,,,False
4,50,50,72,B_fixed_time_mean,,,missing_target_record,,,,,False
4,50,50,72,A_full_mean,,,missing_target_record,,,,,False
4,50,50,72,B_full_mean,,,missing_target_record,,,,,False
4,50,50,72,A_G1_fixed_time,,,missing_target_record,,,,,False
4,50,50,72,A_G2_fixed_time,,,missing_target_record,,,,,False
4,50,50,72,A_G2_minus_G1_fixed_time,,,missing_target_record,,,,,False
4,50,50,72,A_G1_time_average,,,missing_target_record,,,,,False
4,50,50,72,A_G2_time_average,,,missing_target_record,,,,,False
4,50,50,72,A_G2_minus_G1_time_average,,,missing_target_record,,,,,False
4,50,50,72,B_G1_fixed_time,,,missing_target_record,,,,,False
4,50,50,72,B_G2_fixed_time,,,missing_target_record,,,,,False
4,50,50,72,B_G2_minus_G1_fixed_time,,,missing_target_record,,,,,False
4,50,50,72,B_G1_time_average,,,missing_target_record,,,,,False
4,50,50,72,B_G2_time_average,,,missing_target_record,,,,,False
4,50,50,72,B_G2_minus_G1_time_average,,,missing_target_record,,,,,False
4,50,50,73,A_entry,,,missing_target_record,,,,,False
4,50,50,73,B_entry,,,missing_target_record,,,,,False
4,50,50,73,A_fixed_time_mean,,,missing_target_record,,,,,False
4,50,50,73,B_fixed_time_mean,,,missing_target_record,,,,,False
4,50,50,73,A_full_mean,,,missing_target_record,,,,,False
4,50,50,73,B_full_mean,,,missing_target_record,,,,,False
4,50,50,73,A_G1_fixed_time,,,missing_target_record,,,,,False
4,50,50,73,A_G2_fixed_time,,,missing_target_record,,,,,False
4,50,50,73,A_G2_minus_G1_fixed_time,,,missing_target_record,,,,,False
4,50,50,73,A_G1_time_average,,,missing_target_record,,,,,False
4,50,50,73,A_G2_time_average,,,missing_target_record,,,,,False
4,50,50,73,A_G2_minus_G1_time_average,,,missing_target_record,,,,,False
4,50,50,73,B_G1_fixed_time,,,missing_target_record,,,,,False
4,50,50,73,B_G2_fixed_time,,,missing_target_record,,,,,False
4,50,50,73,B_G2_minus_G1_fixed_time,,,missing_target_record,,,,,False
4,50,50,73,B_G1_time_average,,,missing_target_record,,,,,False
4,50,50,73,B_G2_time_average,,,missing_target_record,,,,,False
4,50,50,73,B_G2_minus_G1_time_average,,,missing_target_record,,,,,False
4,50,50,74,A_entry,,,missing_target_record,,,,,False
4,50,50,74,B_entry,,,missing_target_record,,,,,False
4,50,50,74,A_fixed_time_mean,,,missing_target_record,,,,,False
4,50,50,74,B_fixed_time_mean,,,missing_target_record,,,,,False
4,50,50,74,A_full_mean,,,missing_target_record,,,,,False
4,50,50,74,B_full_mean,,,missing_target_record,,,,,False
4,50,50,74,A_G1_fixed_time,,,missing_target_record,,,,,False
4,50,50,74,A_G2_fixed_time,,,missing_target_record,,,,,False
4,50,50,74,A_G2_minus_G1_fixed_time,,,missing_target_record,,,,,False
4,50,50,74,A_G1_time_average,,,missing_target_record,,,,,False
4,50,50,74,A_G2_time_average,,,missing_target_record,,,,,False
4,50,50,74,A_G2_minus_G1_time_average,,,missing_target_record,,,,,False
4,50,50,74,B_G1_fixed_time,,,missing_target_record,,,,,False
4,50,50,74,B_G2_fixed_time,,,missing_target_record,,,,,False
4,50,50,74,B_G2_minus_G1_fixed_time,,,missing_target_record,,,,,False
4,50,50,74,B_G1_time_average,,,missing_target_record,,,,,False
4,50,50,74,B_G2_time_average,,,missing_target_record,,,,,False
4,50,50,74,B_G2_minus_G1_time_average,,,missing_target_record,,,,,False
4,50,50,75,A_entry,,,missing_target_record,,,,,False
4,50,50,75,B_entry,,,missing_target_record,,,,,False
4,50,50,75,A_fixed_time_mean,,,missing_target_record,,,,,False
4,50,50,75,B_fixed_time_mean,,,missing_target_record,,,,,False
4,50,50,75,A_full_mean,,,missing_target_record,,,,,False
4,50,50,75,B_full_mean,,,missing_target_record,,,,,False
4,50,50,75,A_G1_fixed_time,,,missing_target_record,,,,,False
4,50,50,75,A_G2_fixed_time,,,missing_target_record,,,,,False
4,50,50,75,A_G2_minus_G1_fixed_time,,,missing_target_record,,,,,False
4,50,50,75,A_G1_time_average,,,missing_target_record,,,,,False
4,50,50,75,A_G2_time_average,,,missing_target_record,,,,,False
4,50,50,75,A_G2_minus_G1_time_average,,,missing_target_record,,,,,False
4,50,50,75,B_G1_fixed_time,,,missing_target_record,,,,,False
4,50,50,75,B_G2_fixed_time,,,missing_target_record,,,,,False
4,50,50,75,B_G2_minus_G1_fixed_time,,,missing_target_record,,,,,False
4,50,50,75,B_G1_time_average,,,missing_target_record,,,,,False
4,50,50,75,B_G2_time_average,,,missing_target_record,,,,,False
4,50,50,75,B_G2_minus_G1_time_average,,,missing_target_record,,,,,False
4,50,50,76,A_entry,,,missing_target_record,,,,,False
4,50,50,76,B_entry,,,missing_target_record,,,,,False
4,50,50,76,A_fixed_time_mean,,,missing_target_record,,,,,False
4,50,50,76,B_fixed_time_mean,,,missing_target_record,,,,,False
4,50,50,76,A_full_mean,,,missing_target_record,,,,,False
4,50,50,76,B_full_mean,,,missing_target_record,,,,,False
4,50,50,76,A_G1_fixed_time,,,missing_target_record,,,,,False
4,50,50,76,A_G2_fixed_time,,,missing_target_record,,,,,False
4,50,50,76,A_G2_minus_G1_fixed_time,,,missing_target_record,,,,,False
4,50,50,76,A_G1_time_average,,,missing_target_record,,,,,False
4,50,50,76,A_G2_time_average,,,missing_target_record,,,,,False
4,50,50,76,A_G2_minus_G1_time_average,,,missing_target_record,,,,,False
4,50,50,76,B_G1_fixed_time,,,missing_target_record,,,,,False
4,50,50,76,B_G2_fixed_time,,,missing_target_record,,,,,False
4,50,50,76,B_G2_minus_G1_fixed_time,,,missing_target_record,,,,,False
4,50,50,76,B_G1_time_average,,,missing_target_record,,,,,False
4,50,50,76,B_G2_time_average,,,missing_target_record,,,,,False
4,50,50,76,B_G2_minus_G1_time_average,,,missing_target_record,,,,,False
4,50,50,77,A_entry,,,missing_target_record,,,,,False
4,50,50,77,B_entry,,,missing_target_record,,,,,False
4,50,50,77,A_fixed_time_mean,,,missing_target_record,,,,,False
4,50,50,77,B_fixed_time_mean,,,missing_target_record,,,,,False
4,50,50,77,A_full_mean,,,missing_target_record,,,,,False
4,50,50,77,B_full_mean,,,missing_target_record,,,,,False
4,50,50,77,A_G1_fixed_time,,,missing_target_record,,,,,False
4,50,50,77,A_G2_fixed_time,,,missing_target_record,,,,,False
4,50,50,77,A_G2_minus_G1_fixed_time,,,missing_target_record,,,,,False
4,50,50,77,A_G1_time_average,,,missing_target_record,,,,,False
4,50,50,77,A_G2_time_average,,,missing_target_record,,,,,False
4,50,50,77,A_G2_minus_G1_time_average,,,missing_target_record,,,,,False
4,50,50,77,B_G1_fixed_time,,,missing_target_record,,,,,False
4,50,50,77,B_G2_fixed_time,,,missing_target_record,,,,,False
4,50,50,77,B_G2_minus_G1_fixed_time,,,missing_target_record,,,,,False
4,50,50,77,B_G1_time_average,,,missing_target_record,,,,,False
4,50,50,77,B_G2_time_average,,,missing_target_record,,,,,False
4,50,50,77,B_G2_minus_G1_time_average,,,missing_target_record,,,,,False
4,50,50,78,A_entry,,,missing_target_record,,,,,False
4,50,50,78,B_entry,,,missing_target_record,,,,,False
4,50,50,78,A_fixed_time_mean,,,missing_target_record,,,,,False
4,50,50,78,B_fixed_time_mean,,,missing_target_record,,,,,False
4,50,50,78,A_full_mean,,,missing_target_record,,,,,False
4,50,50,78,B_full_mean,,,missing_target_record,,,,,False
4,50,50,78,A_G1_fixed_time,,,missing_target_record,,,,,False
4,50,50,78,A_G2_fixed_time,,,missing_target_record,,,,,False
4,50,50,78,A_G2_minus_G1_fixed_time,,,missing_target_record,,,,,False
4,50,50,78,A_G1_time_average,,,missing_target_record,,,,,False
4,50,50,78,A_G2_time_average,,,missing_target_record,,,,,False
4,50,50,78,A_G2_minus_G1_time_average,,,missing_target_record,,,,,False
4,50,50,78,B_G1_fixed_time,,,missing_target_record,,,,,False
4,50,50,78,B_G2_fixed_time,,,missing_target_record,,,,,False
4,50,50,78,B_G2_minus_G1_fixed_time,,,missing_target_record,,,,,False
4,50,50,78,B_G1_time_average,,,missing_target_record,,,,,False
4,50,50,78,B_G2_time_average,,,missing_target_record,,,,,False
4,50,50,78,B_G2_minus_G1_time_average,,,missing_target_record,,,,,False
4,50,50,79,A_entry,,,missing_target_record,,,,,False
4,50,50,79,B_entry,,,missing_target_record,,,,,False
4,50,50,79,A_fixed_time_mean,,,missing_target_record,,,,,False
4,50,50,79,B_fixed_time_mean,,,missing_target_record,,,,,False
4,50,50,79,A_full_mean,,,missing_target_record,,,,,False
4,50,50,79,B_full_mean,,,missing_target_record,,,,,False
4,50,50,79,A_G1_fixed_time,,,missing_target_record,,,,,False
4,50,50,79,A_G2_fixed_time,,,missing_target_record,,,,,False
4,50,50,79,A_G2_minus_G1_fixed_time,,,missing_target_record,,,,,False
4,50,50,79,A_G1_time_average,,,missing_target_record,,,,,False
4,50,50,79,A_G2_time_average,,,missing_target_record,,,,,False
4,50,50,79,A_G2_minus_G1_time_average,,,missing_target_record,,,,,False
4,50,50,79,B_G1_fixed_time,,,missing_target_record,,,,,False
4,50,50,79,B_G2_fixed_time,,,missing_target_record,,,,,False
4,50,50,79,B_G2_minus_G1_fixed_time,,,missing_target_record,,,,,False
4,50,50,79,B_G1_time_average,,,missing_target_record,,,,,False
4,50,50,79,B_G2_time_average,,,missing_target_record,,,,,False
4,50,50,79,B_G2_minus_G1_time_average,,,missing_target_record,,,,,False
4,50,50,80,A_entry,,,missing_target_record,,,,,False
4,50,50,80,B_entry,,,missing_target_record,,,,,False
4,50,50,80,A_fixed_time_mean,,,missing_target_record,,,,,False
4,50,50,80,B_fixed_time_mean,,,missing_target_record,,,,,False
4,50,50,80,A_full_mean,,,missing_target_record,,,,,False
4,50,50,80,B_full_mean,,,missing_target_record,,,,,False
4,50,50,80,A_G1_fixed_time,,,missing_target_record,,,,,False
4,50,50,80,A_G2_fixed_time,,,missing_target_record,,,,,False
4,50,50,80,A_G2_minus_G1_fixed_time,,,missing_target_record,,,,,False
4,50,50,80,A_G1_time_average,,,missing_target_record,,,,,False
4,50,50,80,A_G2_time_average,,,missing_target_record,,,,,False
4,50,50,80,A_G2_minus_G1_time_average,,,missing_target_record,,,,,False
4,50,50,80,B_G1_fixed_time,,,missing_target_record,,,,,False
4,50,50,80,B_G2_fixed_time,,,missing_target_record,,,,,False
4,50,50,80,B_G2_minus_G1_fixed_time,,,missing_target_record,,,,,False
4,50,50,80,B_G1_time_average,,,missing_target_record,,,,,False
4,50,50,80,B_G2_time_average,,,missing_target_record,,,,,False
4,50,50,80,B_G2_minus_G1_time_average,,,missing_target_record,,,,,False
4,50,50,81,A_entry,,,missing_target_record,,,,,False
4,50,50,81,B_entry,,,missing_target_record,,,,,False
4,50,50,81,A_fixed_time_mean,,,missing_target_record,,,,,False
4,50,50,81,B_fixed_time_mean,,,missing_target_record,,,,,False
4,50,50,81,A_full_mean,,,missing_target_record,,,,,False
4,50,50,81,B_full_mean,,,missing_target_record,,,,,False
4,50,50,81,A_G1_fixed_time,,,missing_target_record,,,,,False
4,50,50,81,A_G2_fixed_time,,,missing_target_record,,,,,False
4,50,50,81,A_G2_minus_G1_fixed_time,,,missing_target_record,,,,,False
4,50,50,81,A_G1_time_average,,,missing_target_record,,,,,False
4,50,50,81,A_G2_time_average,,,missing_target_record,,,,,False
4,50,50,81,A_G2_minus_G1_time_average,,,missing_target_record,,,,,False
4,50,50,81,B_G1_fixed_time,,,missing_target_record,,,,,False
4,50,50,81,B_G2_fixed_time,,,missing_target_record,,,,,False
4,50,50,81,B_G2_minus_G1_fixed_time,,,missing_target_record,,,,,False
4,50,50,81,B_G1_time_average,,,missing_target_record,,,,,False
4,50,50,81,B_G2_time_average,,,missing_target_record,,,,,False
4,50,50,81,B_G2_minus_G1_time_average,,,missing_target_record,,,,,False
4,50,50,82,A_entry,,,missing_target_record,,,,,False
4,50,50,82,B_entry,,,missing_target_record,,,,,False
4,50,50,82,A_fixed_time_mean,,,missing_target_record,,,,,False
4,50,50,82,B_fixed_time_mean,,,missing_target_record,,,,,False
4,50,50,82,A_full_mean,,,missing_target_record,,,,,False
4,50,50,82,B_full_mean,,,missing_target_record,,,,,False
4,50,50,82,A_G1_fixed_time,,,missing_target_record,,,,,False
4,50,50,82,A_G2_fixed_time,,,missing_target_record,,,,,False
4,50,50,82,A_G2_minus_G1_fixed_time,,,missing_target_record,,,,,False
4,50,50,82,A_G1_time_average,,,missing_target_record,,,,,False
4,50,50,82,A_G2_time_average,,,missing_target_record,,,,,False
4,50,50,82,A_G2_minus_G1_time_average,,,missing_target_record,,,,,False
4,50,50,82,B_G1_fixed_time,,,missing_target_record,,,,,False
4,50,50,82,B_G2_fixed_time,,,missing_target_record,,,,,False
4,50,50,82,B_G2_minus_G1_fixed_time,,,missing_target_record,,,,,False
4,50,50,82,B_G1_time_average,,,missing_target_record,,,,,False
4,50,50,82,B_G2_time_average,,,missing_target_record,,,,,False
4,50,50,82,B_G2_minus_G1_time_average,,,missing_target_record,,,,,False
4,50,50,83,A_entry,,,missing_target_record,,,,,False
4,50,50,83,B_entry,,,missing_target_record,,,,,False
4,50,50,83,A_fixed_time_mean,,,missing_target_record,,,,,False
4,50,50,83,B_fixed_time_mean,,,missing_target_record,,,,,False
4,50,50,83,A_full_mean,,,missing_target_record,,,,,False
4,50,50,83,B_full_mean,,,missing_target_record,,,,,False
4,50,50,83,A_G1_fixed_time,,,missing_target_record,,,,,False
4,50,50,83,A_G2_fixed_time,,,missing_target_record,,,,,False
4,50,50,83,A_G2_minus_G1_fixed_time,,,missing_target_record,,,,,False
4,50,50,83,A_G1_time_average,,,missing_target_record,,,,,False
4,50,50,83,A_G2_time_average,,,missing_target_record,,,,,False
4,50,50,83,A_G2_minus_G1_time_average,,,missing_target_record,,,,,False
4,50,50,83,B_G1_fixed_time,,,missing_target_record,,,,,False
4,50,50,83,B_G2_fixed_time,,,missing_target_record,,,,,False
4,50,50,83,B_G2_minus_G1_fixed_time,,,missing_target_record,,,,,False
4,50,50,83,B_G1_time_average,,,missing_target_record,,,,,False
4,50,50,83,B_G2_time_average,,,missing_target_record,,,,,False
4,50,50,83,B_G2_minus_G1_time_average,,,missing_target_record,,,,,False
4,50,50,84,A_entry,,,missing_target_record,,,,,False
4,50,50,84,B_entry,,,missing_target_record,,,,,False
4,50,50,84,A_fixed_time_mean,,,missing_target_record,,,,,False
4,50,50,84,B_fixed_time_mean,,,missing_target_record,,,,,False
4,50,50,84,A_full_mean,,,missing_target_record,,,,,False
4,50,50,84,B_full_mean,,,missing_target_record,,,,,False
4,50,50,84,A_G1_fixed_time,,,missing_target_record,,,,,False
4,50,50,84,A_G2_fixed_time,,,missing_target_record,,,,,False
4,50,50,84,A_G2_minus_G1_fixed_time,,,missing_target_record,,,,,False
4,50,50,84,A_G1_time_average,,,missing_target_record,,,,,False
4,50,50,84,A_G2_time_average,,,missing_target_record,,,,,False
4,50,50,84,A_G2_minus_G1_time_average,,,missing_target_record,,,,,False
4,50,50,84,B_G1_fixed_time,,,missing_target_record,,,,,False
4,50,50,84,B_G2_fixed_time,,,missing_target_record,,,,,False
4,50,50,84,B_G2_minus_G1_fixed_time,,,missing_target_record,,,,,False
4,50,50,84,B_G1_time_average,,,missing_target_record,,,,,False
4,50,50,84,B_G2_time_average,,,missing_target_record,,,,,False
4,50,50,84,B_G2_minus_G1_time_average,,,missing_target_record,,,,,False
4,50,50,85,A_entry,,,missing_target_record,,,,,False
4,50,50,85,B_entry,,,missing_target_record,,,,,False
4,50,50,85,A_fixed_time_mean,,,missing_target_record,,,,,False
4,50,50,85,B_fixed_time_mean,,,missing_target_record,,,,,False
4,50,50,85,A_full_mean,,,missing_target_record,,,,,False
4,50,50,85,B_full_mean,,,missing_target_record,,,,,False
4,50,50,85,A_G1_fixed_time,,,missing_target_record,,,,,False
4,50,50,85,A_G2_fixed_time,,,missing_target_record,,,,,False
4,50,50,85,A_G2_minus_G1_fixed_time,,,missing_target_record,,,,,False
4,50,50,85,A_G1_time_average,,,missing_target_record,,,,,False
4,50,50,85,A_G2_time_average,,,missing_target_record,,,,,False
4,50,50,85,A_G2_minus_G1_time_average,,,missing_target_record,,,,,False
4,50,50,85,B_G1_fixed_time,,,missing_target_record,,,,,False
4,50,50,85,B_G2_fixed_time,,,missing_target_record,,,,,False
4,50,50,85,B_G2_minus_G1_fixed_time,,,missing_target_record,,,,,False
4,50,50,85,B_G1_time_average,,,missing_target_record,,,,,False
4,50,50,85,B_G2_time_average,,,missing_target_record,,,,,False
4,50,50,85,B_G2_minus_G1_time_average,,,missing_target_record,,,,,False
4,50,50,86,A_entry,,,missing_target_record,,,,,False
4,50,50,86,B_entry,,,missing_target_record,,,,,False
4,50,50,86,A_fixed_time_mean,,,missing_target_record,,,,,False
4,50,50,86,B_fixed_time_mean,,,missing_target_record,,,,,False
4,50,50,86,A_full_mean,,,missing_target_record,,,,,False
4,50,50,86,B_full_mean,,,missing_target_record,,,,,False
4,50,50,86,A_G1_fixed_time,,,missing_target_record,,,,,False
4,50,50,86,A_G2_fixed_time,,,missing_target_record,,,,,False
4,50,50,86,A_G2_minus_G1_fixed_time,,,missing_target_record,,,,,False
4,50,50,86,A_G1_time_average,,,missing_target_record,,,,,False
4,50,50,86,A_G2_time_average,,,missing_target_record,,,,,False
4,50,50,86,A_G2_minus_G1_time_average,,,missing_target_record,,,,,False
4,50,50,86,B_G1_fixed_time,,,missing_target_record,,,,,False
4,50,50,86,B_G2_fixed_time,,,missing_target_record,,,,,False
4,50,50,86,B_G2_minus_G1_fixed_time,,,missing_target_record,,,,,False
4,50,50,86,B_G1_time_average,,,missing_target_record,,,,,False
4,50,50,86,B_G2_time_average,,,missing_target_record,,,,,False
4,50,50,86,B_G2_minus_G1_time_average,,,missing_target_record,,,,,False
4,50,50,87,A_entry,,,missing_target_record,,,,,False
4,50,50,87,B_entry,,,missing_target_record,,,,,False
4,50,50,87,A_fixed_time_mean,,,missing_target_record,,,,,False
4,50,50,87,B_fixed_time_mean,,,missing_target_record,,,,,False
4,50,50,87,A_full_mean,,,missing_target_record,,,,,False
4,50,50,87,B_full_mean,,,missing_target_record,,,,,False
4,50,50,87,A_G1_fixed_time,,,missing_target_record,,,,,False
4,50,50,87,A_G2_fixed_time,,,missing_target_record,,,,,False
4,50,50,87,A_G2_minus_G1_fixed_time,,,missing_target_record,,,,,False
4,50,50,87,A_G1_time_average,,,missing_target_record,,,,,False
4,50,50,87,A_G2_time_average,,,missing_target_record,,,,,False
4,50,50,87,A_G2_minus_G1_time_average,,,missing_target_record,,,,,False
4,50,50,87,B_G1_fixed_time,,,missing_target_record,,,,,False
4,50,50,87,B_G2_fixed_time,,,missing_target_record,,,,,False
4,50,50,87,B_G2_minus_G1_fixed_time,,,missing_target_record,,,,,False
4,50,50,87,B_G1_time_average,,,missing_target_record,,,,,False
4,50,50,87,B_G2_time_average,,,missing_target_record,,,,,False
4,50,50,87,B_G2_minus_G1_time_average,,,missing_target_record,,,,,False
4,50,50,88,A_entry,,,missing_target_record,,,,,False
4,50,50,88,B_entry,,,missing_target_record,,,,,False
4,50,50,88,A_fixed_time_mean,,,missing_target_record,,,,,False
4,50,50,88,B_fixed_time_mean,,,missing_target_record,,,,,False
4,50,50,88,A_full_mean,,,missing_target_record,,,,,False
4,50,50,88,B_full_mean,,,missing_target_record,,,,,False
4,50,50,88,A_G1_fixed_time,,,missing_target_record,,,,,False
4,50,50,88,A_G2_fixed_time,,,missing_target_record,,,,,False
4,50,50,88,A_G2_minus_G1_fixed_time,,,missing_target_record,,,,,False
4,50,50,88,A_G1_time_average,,,missing_target_record,,,,,False
4,50,50,88,A_G2_time_average,,,missing_target_record,,,,,False
4,50,50,88,A_G2_minus_G1_time_average,,,missing_target_record,,,,,False
4,50,50,88,B_G1_fixed_time,,,missing_target_record,,,,,False
4,50,50,88,B_G2_fixed_time,,,missing_target_record,,,,,False
4,50,50,88,B_G2_minus_G1_fixed_time,,,missing_target_record,,,,,False
4,50,50,88,B_G1_time_average,,,missing_target_record,,,,,False
4,50,50,88,B_G2_time_average,,,missing_target_record,,,,,False
4,50,50,88,B_G2_minus_G1_time_average,,,missing_target_record,,,,,False
4,50,50,89,A_entry,,,missing_target_record,,,,,False
4,50,50,89,B_entry,,,missing_target_record,,,,,False
4,50,50,89,A_fixed_time_mean,,,missing_target_record,,,,,False
4,50,50,89,B_fixed_time_mean,,,missing_target_record,,,,,False
4,50,50,89,A_full_mean,,,missing_target_record,,,,,False
4,50,50,89,B_full_mean,,,missing_target_record,,,,,False
4,50,50,89,A_G1_fixed_time,,,missing_target_record,,,,,False
4,50,50,89,A_G2_fixed_time,,,missing_target_record,,,,,False
4,50,50,89,A_G2_minus_G1_fixed_time,,,missing_target_record,,,,,False
4,50,50,89,A_G1_time_average,,,missing_target_record,,,,,False
4,50,50,89,A_G2_time_average,,,missing_target_record,,,,,False
4,50,50,89,A_G2_minus_G1_time_average,,,missing_target_record,,,,,False
4,50,50,89,B_G1_fixed_time,,,missing_target_record,,,,,False
4,50,50,89,B_G2_fixed_time,,,missing_target_record,,,,,False
4,50,50,89,B_G2_minus_G1_fixed_time,,,missing_target_record,,,,,False
4,50,50,89,B_G1_time_average,,,missing_target_record,,,,,False
4,50,50,89,B_G2_time_average,,,missing_target_record,,,,,False
4,50,50,89,B_G2_minus_G1_time_average,,,missing_target_record,,,,,False
4,50,50,90,A_entry,,,missing_target_record,,,,,False
4,50,50,90,B_entry,,,missing_target_record,,,,,False
4,50,50,90,A_fixed_time_mean,,,missing_target_record,,,,,False
4,50,50,90,B_fixed_time_mean,,,missing_target_record,,,,,False
4,50,50,90,A_full_mean,,,missing_target_record,,,,,False
4,50,50,90,B_full_mean,,,missing_target_record,,,,,False
4,50,50,90,A_G1_fixed_time,,,missing_target_record,,,,,False
4,50,50,90,A_G2_fixed_time,,,missing_target_record,,,,,False
4,50,50,90,A_G2_minus_G1_fixed_time,,,missing_target_record,,,,,False
4,50,50,90,A_G1_time_average,,,missing_target_record,,,,,False
4,50,50,90,A_G2_time_average,,,missing_target_record,,,,,False
4,50,50,90,A_G2_minus_G1_time_average,,,missing_target_record,,,,,False
4,50,50,90,B_G1_fixed_time,,,missing_target_record,,,,,False
4,50,50,90,B_G2_fixed_time,,,missing_target_record,,,,,False
4,50,50,90,B_G2_minus_G1_fixed_time,,,missing_target_record,,,,,False
4,50,50,90,B_G1_time_average,,,missing_target_record,,,,,False
4,50,50,90,B_G2_time_average,,,missing_target_record,,,,,False
4,50,50,90,B_G2_minus_G1_time_average,,,missing_target_record,,,,,False
4,50,50,91,A_entry,,,missing_target_record,,,,,False
4,50,50,91,B_entry,,,missing_target_record,,,,,False
4,50,50,91,A_fixed_time_mean,,,missing_target_record,,,,,False
4,50,50,91,B_fixed_time_mean,,,missing_target_record,,,,,False
4,50,50,91,A_full_mean,,,missing_target_record,,,,,False
4,50,50,91,B_full_mean,,,missing_target_record,,,,,False
4,50,50,91,A_G1_fixed_time,,,missing_target_record,,,,,False
4,50,50,91,A_G2_fixed_time,,,missing_target_record,,,,,False
4,50,50,91,A_G2_minus_G1_fixed_time,,,missing_target_record,,,,,False
4,50,50,91,A_G1_time_average,,,missing_target_record,,,,,False
4,50,50,91,A_G2_time_average,,,missing_target_record,,,,,False
4,50,50,91,A_G2_minus_G1_time_average,,,missing_target_record,,,,,False
4,50,50,91,B_G1_fixed_time,,,missing_target_record,,,,,False
4,50,50,91,B_G2_fixed_time,,,missing_target_record,,,,,False
4,50,50,91,B_G2_minus_G1_fixed_time,,,missing_target_record,,,,,False
4,50,50,91,B_G1_time_average,,,missing_target_record,,,,,False
4,50,50,91,B_G2_time_average,,,missing_target_record,,,,,False
4,50,50,91,B_G2_minus_G1_time_average,,,missing_target_record,,,,,False
4,50,50,92,A_entry,,,missing_target_record,,,,,False
4,50,50,92,B_entry,,,missing_target_record,,,,,False
4,50,50,92,A_fixed_time_mean,,,missing_target_record,,,,,False
4,50,50,92,B_fixed_time_mean,,,missing_target_record,,,,,False
4,50,50,92,A_full_mean,,,missing_target_record,,,,,False
4,50,50,92,B_full_mean,,,missing_target_record,,,,,False
4,50,50,92,A_G1_fixed_time,,,missing_target_record,,,,,False
4,50,50,92,A_G2_fixed_time,,,missing_target_record,,,,,False
4,50,50,92,A_G2_minus_G1_fixed_time,,,missing_target_record,,,,,False
4,50,50,92,A_G1_time_average,,,missing_target_record,,,,,False
4,50,50,92,A_G2_time_average,,,missing_target_record,,,,,False
4,50,50,92,A_G2_minus_G1_time_average,,,missing_target_record,,,,,False
4,50,50,92,B_G1_fixed_time,,,missing_target_record,,,,,False
4,50,50,92,B_G2_fixed_time,,,missing_target_record,,,,,False
4,50,50,92,B_G2_minus_G1_fixed_time,,,missing_target_record,,,,,False
4,50,50,92,B_G1_time_average,,,missing_target_record,,,,,False
4,50,50,92,B_G2_time_average,,,missing_target_record,,,,,False
4,50,50,92,B_G2_minus_G1_time_average,,,missing_target_record,,,,,False
4,50,50,93,A_entry,,,missing_target_record,,,,,False
4,50,50,93,B_entry,,,missing_target_record,,,,,False
4,50,50,93,A_fixed_time_mean,,,missing_target_record,,,,,False
4,50,50,93,B_fixed_time_mean,,,missing_target_record,,,,,False
4,50,50,93,A_full_mean,,,missing_target_record,,,,,False
4,50,50,93,B_full_mean,,,missing_target_record,,,,,False
4,50,50,93,A_G1_fixed_time,,,missing_target_record,,,,,False
4,50,50,93,A_G2_fixed_time,,,missing_target_record,,,,,False
4,50,50,93,A_G2_minus_G1_fixed_time,,,missing_target_record,,,,,False
4,50,50,93,A_G1_time_average,,,missing_target_record,,,,,False
4,50,50,93,A_G2_time_average,,,missing_target_record,,,,,False
4,50,50,93,A_G2_minus_G1_time_average,,,missing_target_record,,,,,False
4,50,50,93,B_G1_fixed_time,,,missing_target_record,,,,,False
4,50,50,93,B_G2_fixed_time,,,missing_target_record,,,,,False
4,50,50,93,B_G2_minus_G1_fixed_time,,,missing_target_record,,,,,False
4,50,50,93,B_G1_time_average,,,missing_target_record,,,,,False
4,50,50,93,B_G2_time_average,,,missing_target_record,,,,,False
4,50,50,93,B_G2_minus_G1_time_average,,,missing_target_record,,,,,False
4,50,50,94,A_entry,,,missing_target_record,,,,,False
4,50,50,94,B_entry,,,missing_target_record,,,,,False
4,50,50,94,A_fixed_time_mean,,,missing_target_record,,,,,False
4,50,50,94,B_fixed_time_mean,,,missing_target_record,,,,,False
4,50,50,94,A_full_mean,,,missing_target_record,,,,,False
4,50,50,94,B_full_mean,,,missing_target_record,,,,,False
4,50,50,94,A_G1_fixed_time,,,missing_target_record,,,,,False
4,50,50,94,A_G2_fixed_time,,,missing_target_record,,,,,False
4,50,50,94,A_G2_minus_G1_fixed_time,,,missing_target_record,,,,,False
4,50,50,94,A_G1_time_average,,,missing_target_record,,,,,False
4,50,50,94,A_G2_time_average,,,missing_target_record,,,,,False
4,50,50,94,A_G2_minus_G1_time_average,,,missing_target_record,,,,,False
4,50,50,94,B_G1_fixed_time,,,missing_target_record,,,,,False
4,50,50,94,B_G2_fixed_time,,,missing_target_record,,,,,False
4,50,50,94,B_G2_minus_G1_fixed_time,,,missing_target_record,,,,,False
4,50,50,94,B_G1_time_average,,,missing_target_record,,,,,False
4,50,50,94,B_G2_time_average,,,missing_target_record,,,,,False
4,50,50,94,B_G2_minus_G1_time_average,,,missing_target_record,,,,,False
4,50,50,95,A_entry,,,missing_target_record,,,,,False
4,50,50,95,B_entry,,,missing_target_record,,,,,False
4,50,50,95,A_fixed_time_mean,,,missing_target_record,,,,,False
4,50,50,95,B_fixed_time_mean,,,missing_target_record,,,,,False
4,50,50,95,A_full_mean,,,missing_target_record,,,,,False
4,50,50,95,B_full_mean,,,missing_target_record,,,,,False
4,50,50,95,A_G1_fixed_time,,,missing_target_record,,,,,False
4,50,50,95,A_G2_fixed_time,,,missing_target_record,,,,,False
4,50,50,95,A_G2_minus_G1_fixed_time,,,missing_target_record,,,,,False
4,50,50,95,A_G1_time_average,,,missing_target_record,,,,,False
4,50,50,95,A_G2_time_average,,,missing_target_record,,,,,False
4,50,50,95,A_G2_minus_G1_time_average,,,missing_target_record,,,,,False
4,50,50,95,B_G1_fixed_time,,,missing_target_record,,,,,False
4,50,50,95,B_G2_fixed_time,,,missing_target_record,,,,,False
4,50,50,95,B_G2_minus_G1_fixed_time,,,missing_target_record,,,,,False
4,50,50,95,B_G1_time_average,,,missing_target_record,,,,,False
4,50,50,95,B_G2_time_average,,,missing_target_record,,,,,False
4,50,50,95,B_G2_minus_G1_time_average,,,missing_target_record,,,,,False
4,50,50,96,A_entry,,,missing_target_record,,,,,False
4,50,50,96,B_entry,,,missing_target_record,,,,,False
4,50,50,96,A_fixed_time_mean,,,missing_target_record,,,,,False
4,50,50,96,B_fixed_time_mean,,,missing_target_record,,,,,False
4,50,50,96,A_full_mean,,,missing_target_record,,,,,False
4,50,50,96,B_full_mean,,,missing_target_record,,,,,False
4,50,50,96,A_G1_fixed_time,,,missing_target_record,,,,,False
4,50,50,96,A_G2_fixed_time,,,missing_target_record,,,,,False
4,50,50,96,A_G2_minus_G1_fixed_time,,,missing_target_record,,,,,False
4,50,50,96,A_G1_time_average,,,missing_target_record,,,,,False
4,50,50,96,A_G2_time_average,,,missing_target_record,,,,,False
4,50,50,96,A_G2_minus_G1_time_average,,,missing_target_record,,,,,False
4,50,50,96,B_G1_fixed_time,,,missing_target_record,,,,,False
4,50,50,96,B_G2_fixed_time,,,missing_target_record,,,,,False
4,50,50,96,B_G2_minus_G1_fixed_time,,,missing_target_record,,,,,False
4,50,50,96,B_G1_time_average,,,missing_target_record,,,,,False
4,50,50,96,B_G2_time_average,,,missing_target_record,,,,,False
4,50,50,96,B_G2_minus_G1_time_average,,,missing_target_record,,,,,False
4,50,50,97,A_entry,,,missing_target_record,,,,,False
4,50,50,97,B_entry,,,missing_target_record,,,,,False
4,50,50,97,A_fixed_time_mean,,,missing_target_record,,,,,False
4,50,50,97,B_fixed_time_mean,,,missing_target_record,,,,,False
4,50,50,97,A_full_mean,,,missing_target_record,,,,,False
4,50,50,97,B_full_mean,,,missing_target_record,,,,,False
4,50,50,97,A_G1_fixed_time,,,missing_target_record,,,,,False
4,50,50,97,A_G2_fixed_time,,,missing_target_record,,,,,False
4,50,50,97,A_G2_minus_G1_fixed_time,,,missing_target_record,,,,,False
4,50,50,97,A_G1_time_average,,,missing_target_record,,,,,False
4,50,50,97,A_G2_time_average,,,missing_target_record,,,,,False
4,50,50,97,A_G2_minus_G1_time_average,,,missing_target_record,,,,,False
4,50,50,97,B_G1_fixed_time,,,missing_target_record,,,,,False
4,50,50,97,B_G2_fixed_time,,,missing_target_record,,,,,False
4,50,50,97,B_G2_minus_G1_fixed_time,,,missing_target_record,,,,,False
4,50,50,97,B_G1_time_average,,,missing_target_record,,,,,False
4,50,50,97,B_G2_time_average,,,missing_target_record,,,,,False
4,50,50,97,B_G2_minus_G1_time_average,,,missing_target_record,,,,,False
4,50,50,98,A_entry,,,missing_target_record,,,,,False
4,50,50,98,B_entry,,,missing_target_record,,,,,False
4,50,50,98,A_fixed_time_mean,,,missing_target_record,,,,,False
4,50,50,98,B_fixed_time_mean,,,missing_target_record,,,,,False
4,50,50,98,A_full_mean,,,missing_target_record,,,,,False
4,50,50,98,B_full_mean,,,missing_target_record,,,,,False
4,50,50,98,A_G1_fixed_time,,,missing_target_record,,,,,False
4,50,50,98,A_G2_fixed_time,,,missing_target_record,,,,,False
4,50,50,98,A_G2_minus_G1_fixed_time,,,missing_target_record,,,,,False
4,50,50,98,A_G1_time_average,,,missing_target_record,,,,,False
4,50,50,98,A_G2_time_average,,,missing_target_record,,,,,False
4,50,50,98,A_G2_minus_G1_time_average,,,missing_target_record,,,,,False
4,50,50,98,B_G1_fixed_time,,,missing_target_record,,,,,False
4,50,50,98,B_G2_fixed_time,,,missing_target_record,,,,,False
4,50,50,98,B_G2_minus_G1_fixed_time,,,missing_target_record,,,,,False
4,50,50,98,B_G1_time_average,,,missing_target_record,,,,,False
4,50,50,98,B_G2_time_average,,,missing_target_record,,,,,False
4,50,50,98,B_G2_minus_G1_time_average,,,missing_target_record,,,,,False
4,50,50,99,A_entry,,,missing_target_record,,,,,False
4,50,50,99,B_entry,,,missing_target_record,,,,,False
4,50,50,99,A_fixed_time_mean,,,missing_target_record,,,,,False
4,50,50,99,B_fixed_time_mean,,,missing_target_record,,,,,False
4,50,50,99,A_full_mean,,,missing_target_record,,,,,False
4,50,50,99,B_full_mean,,,missing_target_record,,,,,False
4,50,50,99,A_G1_fixed_time,,,missing_target_record,,,,,False
4,50,50,99,A_G2_fixed_time,,,missing_target_record,,,,,False
4,50,50,99,A_G2_minus_G1_fixed_time,,,missing_target_record,,,,,False
4,50,50,99,A_G1_time_average,,,missing_target_record,,,,,False
4,50,50,99,A_G2_time_average,,,missing_target_record,,,,,False
4,50,50,99,A_G2_minus_G1_time_average,,,missing_target_record,,,,,False
4,50,50,99,B_G1_fixed_time,,,missing_target_record,,,,,False
4,50,50,99,B_G2_fixed_time,,,missing_target_record,,,,,False
4,50,50,99,B_G2_minus_G1_fixed_time,,,missing_target_record,,,,,False
4,50,50,99,B_G1_time_average,,,missing_target_record,,,,,False
4,50,50,99,B_G2_time_average,,,missing_target_record,,,,,False
4,50,50,99,B_G2_minus_G1_time_average,,,missing_target_record,,,,,False
4,100,100,0,A_entry,,,missing_target_record,,,,,False
4,100,100,0,B_entry,,,missing_target_record,,,,,False
4,100,100,0,A_fixed_time_mean,,,missing_target_record,,,,,False
4,100,100,0,B_fixed_time_mean,,,missing_target_record,,,,,False
4,100,100,0,A_full_mean,,,missing_target_record,,,,,False
4,100,100,0,B_full_mean,,,missing_target_record,,,,,False
4,100,100,0,A_G1_fixed_time,,,missing_target_record,,,,,False
4,100,100,0,A_G2_fixed_time,,,missing_target_record,,,,,False
4,100,100,0,A_G2_minus_G1_fixed_time,,,missing_target_record,,,,,False
4,100,100,0,A_G1_time_average,,,missing_target_record,,,,,False
4,100,100,0,A_G2_time_average,,,missing_target_record,,,,,False
4,100,100,0,A_G2_minus_G1_time_average,,,missing_target_record,,,,,False
4,100,100,0,B_G1_fixed_time,,,missing_target_record,,,,,False
4,100,100,0,B_G2_fixed_time,,,missing_target_record,,,,,False
4,100,100,0,B_G2_minus_G1_fixed_time,,,missing_target_record,,,,,False
4,100,100,0,B_G1_time_average,,,missing_target_record,,,,,False
4,100,100,0,B_G2_time_average,,,missing_target_record,,,,,False
4,100,100,0,B_G2_minus_G1_time_average,,,missing_target_record,,,,,False
4,100,100,1,A_entry,,,missing_target_record,,,,,False
4,100,100,1,B_entry,,,missing_target_record,,,,,False
4,100,100,1,A_fixed_time_mean,,,missing_target_record,,,,,False
4,100,100,1,B_fixed_time_mean,,,missing_target_record,,,,,False
4,100,100,1,A_full_mean,,,missing_target_record,,,,,False
4,100,100,1,B_full_mean,,,missing_target_record,,,,,False
4,100,100,1,A_G1_fixed_time,,,missing_target_record,,,,,False
4,100,100,1,A_G2_fixed_time,,,missing_target_record,,,,,False
4,100,100,1,A_G2_minus_G1_fixed_time,,,missing_target_record,,,,,False
4,100,100,1,A_G1_time_average,,,missing_target_record,,,,,False
4,100,100,1,A_G2_time_average,,,missing_target_record,,,,,False
4,100,100,1,A_G2_minus_G1_time_average,,,missing_target_record,,,,,False
4,100,100,1,B_G1_fixed_time,,,missing_target_record,,,,,False
4,100,100,1,B_G2_fixed_time,,,missing_target_record,,,,,False
4,100,100,1,B_G2_minus_G1_fixed_time,,,missing_target_record,,,,,False
4,100,100,1,B_G1_time_average,,,missing_target_record,,,,,False
4,100,100,1,B_G2_time_average,,,missing_target_record,,,,,False
4,100,100,1,B_G2_minus_G1_time_average,,,missing_target_record,,,,,False
4,100,100,2,A_entry,,,missing_target_record,,,,,False
4,100,100,2,B_entry,,,missing_target_record,,,,,False
4,100,100,2,A_fixed_time_mean,,,missing_target_record,,,,,False
4,100,100,2,B_fixed_time_mean,,,missing_target_record,,,,,False
4,100,100,2,A_full_mean,,,missing_target_record,,,,,False
4,100,100,2,B_full_mean,,,missing_target_record,,,,,False
4,100,100,2,A_G1_fixed_time,,,missing_target_record,,,,,False
4,100,100,2,A_G2_fixed_time,,,missing_target_record,,,,,False
4,100,100,2,A_G2_minus_G1_fixed_time,,,missing_target_record,,,,,False
4,100,100,2,A_G1_time_average,,,missing_target_record,,,,,False
4,100,100,2,A_G2_time_average,,,missing_target_record,,,,,False
4,100,100,2,A_G2_minus_G1_time_average,,,missing_target_record,,,,,False
4,100,100,2,B_G1_fixed_time,,,missing_target_record,,,,,False
4,100,100,2,B_G2_fixed_time,,,missing_target_record,,,,,False
4,100,100,2,B_G2_minus_G1_fixed_time,,,missing_target_record,,,,,False
4,100,100,2,B_G1_time_average,,,missing_target_record,,,,,False
4,100,100,2,B_G2_time_average,,,missing_target_record,,,,,False
4,100,100,2,B_G2_minus_G1_time_average,,,missing_target_record,,,,,False
4,100,100,3,A_entry,,,missing_target_record,,,,,False
4,100,100,3,B_entry,,,missing_target_record,,,,,False
4,100,100,3,A_fixed_time_mean,,,missing_target_record,,,,,False
4,100,100,3,B_fixed_time_mean,,,missing_target_record,,,,,False
4,100,100,3,A_full_mean,,,missing_target_record,,,,,False
4,100,100,3,B_full_mean,,,missing_target_record,,,,,False
4,100,100,3,A_G1_fixed_time,,,missing_target_record,,,,,False
4,100,100,3,A_G2_fixed_time,,,missing_target_record,,,,,False
4,100,100,3,A_G2_minus_G1_fixed_time,,,missing_target_record,,,,,False
4,100,100,3,A_G1_time_average,,,missing_target_record,,,,,False
4,100,100,3,A_G2_time_average,,,missing_target_record,,,,,False
4,100,100,3,A_G2_minus_G1_time_average,,,missing_target_record,,,,,False
4,100,100,3,B_G1_fixed_time,,,missing_target_record,,,,,False
4,100,100,3,B_G2_fixed_time,,,missing_target_record,,,,,False
4,100,100,3,B_G2_minus_G1_fixed_time,,,missing_target_record,,,,,False
4,100,100,3,B_G1_time_average,,,missing_target_record,,,,,False
4,100,100,3,B_G2_time_average,,,missing_target_record,,,,,False
4,100,100,3,B_G2_minus_G1_time_average,,,missing_target_record,,,,,False
4,100,100,4,A_entry,,,missing_target_record,,,,,False
4,100,100,4,B_entry,,,missing_target_record,,,,,False
4,100,100,4,A_fixed_time_mean,,,missing_target_record,,,,,False
4,100,100,4,B_fixed_time_mean,,,missing_target_record,,,,,False
4,100,100,4,A_full_mean,,,missing_target_record,,,,,False
4,100,100,4,B_full_mean,,,missing_target_record,,,,,False
4,100,100,4,A_G1_fixed_time,,,missing_target_record,,,,,False
4,100,100,4,A_G2_fixed_time,,,missing_target_record,,,,,False
4,100,100,4,A_G2_minus_G1_fixed_time,,,missing_target_record,,,,,False
4,100,100,4,A_G1_time_average,,,missing_target_record,,,,,False
4,100,100,4,A_G2_time_average,,,missing_target_record,,,,,False
4,100,100,4,A_G2_minus_G1_time_average,,,missing_target_record,,,,,False
4,100,100,4,B_G1_fixed_time,,,missing_target_record,,,,,False
4,100,100,4,B_G2_fixed_time,,,missing_target_record,,,,,False
4,100,100,4,B_G2_minus_G1_fixed_time,,,missing_target_record,,,,,False
4,100,100,4,B_G1_time_average,,,missing_target_record,,,,,False
4,100,100,4,B_G2_time_average,,,missing_target_record,,,,,False
4,100,100,4,B_G2_minus_G1_time_average,,,missing_target_record,,,,,False
4,100,100,5,A_entry,,,missing_target_record,,,,,False
4,100,100,5,B_entry,,,missing_target_record,,,,,False
4,100,100,5,A_fixed_time_mean,,,missing_target_record,,,,,False
4,100,100,5,B_fixed_time_mean,,,missing_target_record,,,,,False
4,100,100,5,A_full_mean,,,missing_target_record,,,,,False
4,100,100,5,B_full_mean,,,missing_target_record,,,,,False
4,100,100,5,A_G1_fixed_time,,,missing_target_record,,,,,False
4,100,100,5,A_G2_fixed_time,,,missing_target_record,,,,,False
4,100,100,5,A_G2_minus_G1_fixed_time,,,missing_target_record,,,,,False
4,100,100,5,A_G1_time_average,,,missing_target_record,,,,,False
4,100,100,5,A_G2_time_average,,,missing_target_record,,,,,False
4,100,100,5,A_G2_minus_G1_time_average,,,missing_target_record,,,,,False
4,100,100,5,B_G1_fixed_time,,,missing_target_record,,,,,False
4,100,100,5,B_G2_fixed_time,,,missing_target_record,,,,,False
4,100,100,5,B_G2_minus_G1_fixed_time,,,missing_target_record,,,,,False
4,100,100,5,B_G1_time_average,,,missing_target_record,,,,,False
4,100,100,5,B_G2_time_average,,,missing_target_record,,,,,False
4,100,100,5,B_G2_minus_G1_time_average,,,missing_target_record,,,,,False
4,100,100,6,A_entry,,,missing_target_record,,,,,False
4,100,100,6,B_entry,,,missing_target_record,,,,,False
4,100,100,6,A_fixed_time_mean,,,missing_target_record,,,,,False
4,100,100,6,B_fixed_time_mean,,,missing_target_record,,,,,False
4,100,100,6,A_full_mean,,,missing_target_record,,,,,False
4,100,100,6,B_full_mean,,,missing_target_record,,,,,False
4,100,100,6,A_G1_fixed_time,,,missing_target_record,,,,,False
4,100,100,6,A_G2_fixed_time,,,missing_target_record,,,,,False
4,100,100,6,A_G2_minus_G1_fixed_time,,,missing_target_record,,,,,False
4,100,100,6,A_G1_time_average,,,missing_target_record,,,,,False
4,100,100,6,A_G2_time_average,,,missing_target_record,,,,,False
4,100,100,6,A_G2_minus_G1_time_average,,,missing_target_record,,,,,False
4,100,100,6,B_G1_fixed_time,,,missing_target_record,,,,,False
4,100,100,6,B_G2_fixed_time,,,missing_target_record,,,,,False
4,100,100,6,B_G2_minus_G1_fixed_time,,,missing_target_record,,,,,False
4,100,100,6,B_G1_time_average,,,missing_target_record,,,,,False
4,100,100,6,B_G2_time_average,,,missing_target_record,,,,,False
4,100,100,6,B_G2_minus_G1_time_average,,,missing_target_record,,,,,False
4,100,100,7,A_entry,,,missing_target_record,,,,,False
4,100,100,7,B_entry,,,missing_target_record,,,,,False
4,100,100,7,A_fixed_time_mean,,,missing_target_record,,,,,False
4,100,100,7,B_fixed_time_mean,,,missing_target_record,,,,,False
4,100,100,7,A_full_mean,,,missing_target_record,,,,,False
4,100,100,7,B_full_mean,,,missing_target_record,,,,,False
4,100,100,7,A_G1_fixed_time,,,missing_target_record,,,,,False
4,100,100,7,A_G2_fixed_time,,,missing_target_record,,,,,False
4,100,100,7,A_G2_minus_G1_fixed_time,,,missing_target_record,,,,,False
4,100,100,7,A_G1_time_average,,,missing_target_record,,,,,False
4,100,100,7,A_G2_time_average,,,missing_target_record,,,,,False
4,100,100,7,A_G2_minus_G1_time_average,,,missing_target_record,,,,,False
4,100,100,7,B_G1_fixed_time,,,missing_target_record,,,,,False
4,100,100,7,B_G2_fixed_time,,,missing_target_record,,,,,False
4,100,100,7,B_G2_minus_G1_fixed_time,,,missing_target_record,,,,,False
4,100,100,7,B_G1_time_average,,,missing_target_record,,,,,False
4,100,100,7,B_G2_time_average,,,missing_target_record,,,,,False
4,100,100,7,B_G2_minus_G1_time_average,,,missing_target_record,,,,,False
4,100,100,8,A_entry,,,missing_target_record,,,,,False
4,100,100,8,B_entry,,,missing_target_record,,,,,False
4,100,100,8,A_fixed_time_mean,,,missing_target_record,,,,,False
4,100,100,8,B_fixed_time_mean,,,missing_target_record,,,,,False
4,100,100,8,A_full_mean,,,missing_target_record,,,,,False
4,100,100,8,B_full_mean,,,missing_target_record,,,,,False
4,100,100,8,A_G1_fixed_time,,,missing_target_record,,,,,False
4,100,100,8,A_G2_fixed_time,,,missing_target_record,,,,,False
4,100,100,8,A_G2_minus_G1_fixed_time,,,missing_target_record,,,,,False
4,100,100,8,A_G1_time_average,,,missing_target_record,,,,,False
4,100,100,8,A_G2_time_average,,,missing_target_record,,,,,False
4,100,100,8,A_G2_minus_G1_time_average,,,missing_target_record,,,,,False
4,100,100,8,B_G1_fixed_time,,,missing_target_record,,,,,False
4,100,100,8,B_G2_fixed_time,,,missing_target_record,,,,,False
4,100,100,8,B_G2_minus_G1_fixed_time,,,missing_target_record,,,,,False
4,100,100,8,B_G1_time_average,,,missing_target_record,,,,,False
4,100,100,8,B_G2_time_average,,,missing_target_record,,,,,False
4,100,100,8,B_G2_minus_G1_time_average,,,missing_target_record,,,,,False
4,100,100,9,A_entry,,,missing_target_record,,,,,False
4,100,100,9,B_entry,,,missing_target_record,,,,,False
4,100,100,9,A_fixed_time_mean,,,missing_target_record,,,,,False
4,100,100,9,B_fixed_time_mean,,,missing_target_record,,,,,False
4,100,100,9,A_full_mean,,,missing_target_record,,,,,False
4,100,100,9,B_full_mean,,,missing_target_record,,,,,False
4,100,100,9,A_G1_fixed_time,,,missing_target_record,,,,,False
4,100,100,9,A_G2_fixed_time,,,missing_target_record,,,,,False
4,100,100,9,A_G2_minus_G1_fixed_time,,,missing_target_record,,,,,False
4,100,100,9,A_G1_time_average,,,missing_target_record,,,,,False
4,100,100,9,A_G2_time_average,,,missing_target_record,,,,,False
4,100,100,9,A_G2_minus_G1_time_average,,,missing_target_record,,,,,False
4,100,100,9,B_G1_fixed_time,,,missing_target_record,,,,,False
4,100,100,9,B_G2_fixed_time,,,missing_target_record,,,,,False
4,100,100,9,B_G2_minus_G1_fixed_time,,,missing_target_record,,,,,False
4,100,100,9,B_G1_time_average,,,missing_target_record,,,,,False
4,100,100,9,B_G2_time_average,,,missing_target_record,,,,,False
4,100,100,9,B_G2_minus_G1_time_average,,,missing_target_record,,,,,False
4,100,100,10,A_entry,,,missing_target_record,,,,,False
4,100,100,10,B_entry,,,missing_target_record,,,,,False
4,100,100,10,A_fixed_time_mean,,,missing_target_record,,,,,False
4,100,100,10,B_fixed_time_mean,,,missing_target_record,,,,,False
4,100,100,10,A_full_mean,,,missing_target_record,,,,,False
4,100,100,10,B_full_mean,,,missing_target_record,,,,,False
4,100,100,10,A_G1_fixed_time,,,missing_target_record,,,,,False
4,100,100,10,A_G2_fixed_time,,,missing_target_record,,,,,False
4,100,100,10,A_G2_minus_G1_fixed_time,,,missing_target_record,,,,,False
4,100,100,10,A_G1_time_average,,,missing_target_record,,,,,False
4,100,100,10,A_G2_time_average,,,missing_target_record,,,,,False
4,100,100,10,A_G2_minus_G1_time_average,,,missing_target_record,,,,,False
4,100,100,10,B_G1_fixed_time,,,missing_target_record,,,,,False
4,100,100,10,B_G2_fixed_time,,,missing_target_record,,,,,False
4,100,100,10,B_G2_minus_G1_fixed_time,,,missing_target_record,,,,,False
4,100,100,10,B_G1_time_average,,,missing_target_record,,,,,False
4,100,100,10,B_G2_time_average,,,missing_target_record,,,,,False
4,100,100,10,B_G2_minus_G1_time_average,,,missing_target_record,,,,,False
4,100,100,11,A_entry,,,missing_target_record,,,,,False
4,100,100,11,B_entry,,,missing_target_record,,,,,False
4,100,100,11,A_fixed_time_mean,,,missing_target_record,,,,,False
4,100,100,11,B_fixed_time_mean,,,missing_target_record,,,,,False
4,100,100,11,A_full_mean,,,missing_target_record,,,,,False
4,100,100,11,B_full_mean,,,missing_target_record,,,,,False
4,100,100,11,A_G1_fixed_time,,,missing_target_record,,,,,False
4,100,100,11,A_G2_fixed_time,,,missing_target_record,,,,,False
4,100,100,11,A_G2_minus_G1_fixed_time,,,missing_target_record,,,,,False
4,100,100,11,A_G1_time_average,,,missing_target_record,,,,,False
4,100,100,11,A_G2_time_average,,,missing_target_record,,,,,False
4,100,100,11,A_G2_minus_G1_time_average,,,missing_target_record,,,,,False
4,100,100,11,B_G1_fixed_time,,,missing_target_record,,,,,False
4,100,100,11,B_G2_fixed_time,,,missing_target_record,,,,,False
4,100,100,11,B_G2_minus_G1_fixed_time,,,missing_target_record,,,,,False
4,100,100,11,B_G1_time_average,,,missing_target_record,,,,,False
4,100,100,11,B_G2_time_average,,,missing_target_record,,,,,False
4,100,100,11,B_G2_minus_G1_time_average,,,missing_target_record,,,,,False
4,100,100,12,A_entry,,,missing_target_record,,,,,False
4,100,100,12,B_entry,,,missing_target_record,,,,,False
4,100,100,12,A_fixed_time_mean,,,missing_target_record,,,,,False
4,100,100,12,B_fixed_time_mean,,,missing_target_record,,,,,False
4,100,100,12,A_full_mean,,,missing_target_record,,,,,False
4,100,100,12,B_full_mean,,,missing_target_record,,,,,False
4,100,100,12,A_G1_fixed_time,,,missing_target_record,,,,,False
4,100,100,12,A_G2_fixed_time,,,missing_target_record,,,,,False
4,100,100,12,A_G2_minus_G1_fixed_time,,,missing_target_record,,,,,False
4,100,100,12,A_G1_time_average,,,missing_target_record,,,,,False
4,100,100,12,A_G2_time_average,,,missing_target_record,,,,,False
4,100,100,12,A_G2_minus_G1_time_average,,,missing_target_record,,,,,False
4,100,100,12,B_G1_fixed_time,,,missing_target_record,,,,,False
4,100,100,12,B_G2_fixed_time,,,missing_target_record,,,,,False
4,100,100,12,B_G2_minus_G1_fixed_time,,,missing_target_record,,,,,False
4,100,100,12,B_G1_time_average,,,missing_target_record,,,,,False
4,100,100,12,B_G2_time_average,,,missing_target_record,,,,,False
4,100,100,12,B_G2_minus_G1_time_average,,,missing_target_record,,,,,False
4,100,100,13,A_entry,,,missing_target_record,,,,,False
4,100,100,13,B_entry,,,missing_target_record,,,,,False
4,100,100,13,A_fixed_time_mean,,,missing_target_record,,,,,False
4,100,100,13,B_fixed_time_mean,,,missing_target_record,,,,,False
4,100,100,13,A_full_mean,,,missing_target_record,,,,,False
4,100,100,13,B_full_mean,,,missing_target_record,,,,,False
4,100,100,13,A_G1_fixed_time,,,missing_target_record,,,,,False
4,100,100,13,A_G2_fixed_time,,,missing_target_record,,,,,False
4,100,100,13,A_G2_minus_G1_fixed_time,,,missing_target_record,,,,,False
4,100,100,13,A_G1_time_average,,,missing_target_record,,,,,False
4,100,100,13,A_G2_time_average,,,missing_target_record,,,,,False
4,100,100,13,A_G2_minus_G1_time_average,,,missing_target_record,,,,,False
4,100,100,13,B_G1_fixed_time,,,missing_target_record,,,,,False
4,100,100,13,B_G2_fixed_time,,,missing_target_record,,,,,False
4,100,100,13,B_G2_minus_G1_fixed_time,,,missing_target_record,,,,,False
4,100,100,13,B_G1_time_average,,,missing_target_record,,,,,False
4,100,100,13,B_G2_time_average,,,missing_target_record,,,,,False
4,100,100,13,B_G2_minus_G1_time_average,,,missing_target_record,,,,,False
4,100,100,14,A_entry,,,missing_target_record,,,,,False
4,100,100,14,B_entry,,,missing_target_record,,,,,False
4,100,100,14,A_fixed_time_mean,,,missing_target_record,,,,,False
4,100,100,14,B_fixed_time_mean,,,missing_target_record,,,,,False
4,100,100,14,A_full_mean,,,missing_target_record,,,,,False
4,100,100,14,B_full_mean,,,missing_target_record,,,,,False
4,100,100,14,A_G1_fixed_time,,,missing_target_record,,,,,False
4,100,100,14,A_G2_fixed_time,,,missing_target_record,,,,,False
4,100,100,14,A_G2_minus_G1_fixed_time,,,missing_target_record,,,,,False
4,100,100,14,A_G1_time_average,,,missing_target_record,,,,,False
4,100,100,14,A_G2_time_average,,,missing_target_record,,,,,False
4,100,100,14,A_G2_minus_G1_time_average,,,missing_target_record,,,,,False
4,100,100,14,B_G1_fixed_time,,,missing_target_record,,,,,False
4,100,100,14,B_G2_fixed_time,,,missing_target_record,,,,,False
4,100,100,14,B_G2_minus_G1_fixed_time,,,missing_target_record,,,,,False
4,100,100,14,B_G1_time_average,,,missing_target_record,,,,,False
4,100,100,14,B_G2_time_average,,,missing_target_record,,,,,False
4,100,100,14,B_G2_minus_G1_time_average,,,missing_target_record,,,,,False
4,100,100,15,A_entry,,,missing_target_record,,,,,False
4,100,100,15,B_entry,,,missing_target_record,,,,,False
4,100,100,15,A_fixed_time_mean,,,missing_target_record,,,,,False
4,100,100,15,B_fixed_time_mean,,,missing_target_record,,,,,False
4,100,100,15,A_full_mean,,,missing_target_record,,,,,False
4,100,100,15,B_full_mean,,,missing_target_record,,,,,False
4,100,100,15,A_G1_fixed_time,,,missing_target_record,,,,,False
4,100,100,15,A_G2_fixed_time,,,missing_target_record,,,,,False
4,100,100,15,A_G2_minus_G1_fixed_time,,,missing_target_record,,,,,False
4,100,100,15,A_G1_time_average,,,missing_target_record,,,,,False
4,100,100,15,A_G2_time_average,,,missing_target_record,,,,,False
4,100,100,15,A_G2_minus_G1_time_average,,,missing_target_record,,,,,False
4,100,100,15,B_G1_fixed_time,,,missing_target_record,,,,,False
4,100,100,15,B_G2_fixed_time,,,missing_target_record,,,,,False
4,100,100,15,B_G2_minus_G1_fixed_time,,,missing_target_record,,,,,False
4,100,100,15,B_G1_time_average,,,missing_target_record,,,,,False
4,100,100,15,B_G2_time_average,,,missing_target_record,,,,,False
4,100,100,15,B_G2_minus_G1_time_average,,,missing_target_record,,,,,False
4,100,100,16,A_entry,,,missing_target_record,,,,,False
4,100,100,16,B_entry,,,missing_target_record,,,,,False
4,100,100,16,A_fixed_time_mean,,,missing_target_record,,,,,False
4,100,100,16,B_fixed_time_mean,,,missing_target_record,,,,,False
4,100,100,16,A_full_mean,,,missing_target_record,,,,,False
4,100,100,16,B_full_mean,,,missing_target_record,,,,,False
4,100,100,16,A_G1_fixed_time,,,missing_target_record,,,,,False
4,100,100,16,A_G2_fixed_time,,,missing_target_record,,,,,False
4,100,100,16,A_G2_minus_G1_fixed_time,,,missing_target_record,,,,,False
4,100,100,16,A_G1_time_average,,,missing_target_record,,,,,False
4,100,100,16,A_G2_time_average,,,missing_target_record,,,,,False
4,100,100,16,A_G2_minus_G1_time_average,,,missing_target_record,,,,,False
4,100,100,16,B_G1_fixed_time,,,missing_target_record,,,,,False
4,100,100,16,B_G2_fixed_time,,,missing_target_record,,,,,False
4,100,100,16,B_G2_minus_G1_fixed_time,,,missing_target_record,,,,,False
4,100,100,16,B_G1_time_average,,,missing_target_record,,,,,False
4,100,100,16,B_G2_time_average,,,missing_target_record,,,,,False
4,100,100,16,B_G2_minus_G1_time_average,,,missing_target_record,,,,,False
4,100,100,17,A_entry,,,missing_target_record,,,,,False
4,100,100,17,B_entry,,,missing_target_record,,,,,False
4,100,100,17,A_fixed_time_mean,,,missing_target_record,,,,,False
4,100,100,17,B_fixed_time_mean,,,missing_target_record,,,,,False
4,100,100,17,A_full_mean,,,missing_target_record,,,,,False
4,100,100,17,B_full_mean,,,missing_target_record,,,,,False
4,100,100,17,A_G1_fixed_time,,,missing_target_record,,,,,False
4,100,100,17,A_G2_fixed_time,,,missing_target_record,,,,,False
4,100,100,17,A_G2_minus_G1_fixed_time,,,missing_target_record,,,,,False
4,100,100,17,A_G1_time_average,,,missing_target_record,,,,,False
4,100,100,17,A_G2_time_average,,,missing_target_record,,,,,False
4,100,100,17,A_G2_minus_G1_time_average,,,missing_target_record,,,,,False
4,100,100,17,B_G1_fixed_time,,,missing_target_record,,,,,False
4,100,100,17,B_G2_fixed_time,,,missing_target_record,,,,,False
4,100,100,17,B_G2_minus_G1_fixed_time,,,missing_target_record,,,,,False
4,100,100,17,B_G1_time_average,,,missing_target_record,,,,,False
4,100,100,17,B_G2_time_average,,,missing_target_record,,,,,False
4,100,100,17,B_G2_minus_G1_time_average,,,missing_target_record,,,,,False
4,100,100,18,A_entry,,,missing_target_record,,,,,False
4,100,100,18,B_entry,,,missing_target_record,,,,,False
4,100,100,18,A_fixed_time_mean,,,missing_target_record,,,,,False
4,100,100,18,B_fixed_time_mean,,,missing_target_record,,,,,False
4,100,100,18,A_full_mean,,,missing_target_record,,,,,False
4,100,100,18,B_full_mean,,,missing_target_record,,,,,False
4,100,100,18,A_G1_fixed_time,,,missing_target_record,,,,,False
4,100,100,18,A_G2_fixed_time,,,missing_target_record,,,,,False
4,100,100,18,A_G2_minus_G1_fixed_time,,,missing_target_record,,,,,False
4,100,100,18,A_G1_time_average,,,missing_target_record,,,,,False
4,100,100,18,A_G2_time_average,,,missing_target_record,,,,,False
4,100,100,18,A_G2_minus_G1_time_average,,,missing_target_record,,,,,False
4,100,100,18,B_G1_fixed_time,,,missing_target_record,,,,,False
4,100,100,18,B_G2_fixed_time,,,missing_target_record,,,,,False
4,100,100,18,B_G2_minus_G1_fixed_time,,,missing_target_record,,,,,False
4,100,100,18,B_G1_time_average,,,missing_target_record,,,,,False
4,100,100,18,B_G2_time_average,,,missing_target_record,,,,,False
4,100,100,18,B_G2_minus_G1_time_average,,,missing_target_record,,,,,False
4,100,100,19,A_entry,,,missing_target_record,,,,,False
4,100,100,19,B_entry,,,missing_target_record,,,,,False
4,100,100,19,A_fixed_time_mean,,,missing_target_record,,,,,False
4,100,100,19,B_fixed_time_mean,,,missing_target_record,,,,,False
4,100,100,19,A_full_mean,,,missing_target_record,,,,,False
4,100,100,19,B_full_mean,,,missing_target_record,,,,,False
4,100,100,19,A_G1_fixed_time,,,missing_target_record,,,,,False
4,100,100,19,A_G2_fixed_time,,,missing_target_record,,,,,False
4,100,100,19,A_G2_minus_G1_fixed_time,,,missing_target_record,,,,,False
4,100,100,19,A_G1_time_average,,,missing_target_record,,,,,False
4,100,100,19,A_G2_time_average,,,missing_target_record,,,,,False
4,100,100,19,A_G2_minus_G1_time_average,,,missing_target_record,,,,,False
4,100,100,19,B_G1_fixed_time,,,missing_target_record,,,,,False
4,100,100,19,B_G2_fixed_time,,,missing_target_record,,,,,False
4,100,100,19,B_G2_minus_G1_fixed_time,,,missing_target_record,,,,,False
4,100,100,19,B_G1_time_average,,,missing_target_record,,,,,False
4,100,100,19,B_G2_time_average,,,missing_target_record,,,,,False
4,100,100,19,B_G2_minus_G1_time_average,,,missing_target_record,,,,,False
4,100,100,20,A_entry,,,missing_target_record,,,,,False
4,100,100,20,B_entry,,,missing_target_record,,,,,False
4,100,100,20,A_fixed_time_mean,,,missing_target_record,,,,,False
4,100,100,20,B_fixed_time_mean,,,missing_target_record,,,,,False
4,100,100,20,A_full_mean,,,missing_target_record,,,,,False
4,100,100,20,B_full_mean,,,missing_target_record,,,,,False
4,100,100,20,A_G1_fixed_time,,,missing_target_record,,,,,False
4,100,100,20,A_G2_fixed_time,,,missing_target_record,,,,,False
4,100,100,20,A_G2_minus_G1_fixed_time,,,missing_target_record,,,,,False
4,100,100,20,A_G1_time_average,,,missing_target_record,,,,,False
4,100,100,20,A_G2_time_average,,,missing_target_record,,,,,False
4,100,100,20,A_G2_minus_G1_time_average,,,missing_target_record,,,,,False
4,100,100,20,B_G1_fixed_time,,,missing_target_record,,,,,False
4,100,100,20,B_G2_fixed_time,,,missing_target_record,,,,,False
4,100,100,20,B_G2_minus_G1_fixed_time,,,missing_target_record,,,,,False
4,100,100,20,B_G1_time_average,,,missing_target_record,,,,,False
4,100,100,20,B_G2_time_average,,,missing_target_record,,,,,False
4,100,100,20,B_G2_minus_G1_time_average,,,missing_target_record,,,,,False
4,100,100,21,A_entry,,,missing_target_record,,,,,False
4,100,100,21,B_entry,,,missing_target_record,,,,,False
4,100,100,21,A_fixed_time_mean,,,missing_target_record,,,,,False
4,100,100,21,B_fixed_time_mean,,,missing_target_record,,,,,False
4,100,100,21,A_full_mean,,,missing_target_record,,,,,False
4,100,100,21,B_full_mean,,,missing_target_record,,,,,False
4,100,100,21,A_G1_fixed_time,,,missing_target_record,,,,,False
4,100,100,21,A_G2_fixed_time,,,missing_target_record,,,,,False
4,100,100,21,A_G2_minus_G1_fixed_time,,,missing_target_record,,,,,False
4,100,100,21,A_G1_time_average,,,missing_target_record,,,,,False
4,100,100,21,A_G2_time_average,,,missing_target_record,,,,,False
4,100,100,21,A_G2_minus_G1_time_average,,,missing_target_record,,,,,False
4,100,100,21,B_G1_fixed_time,,,missing_target_record,,,,,False
4,100,100,21,B_G2_fixed_time,,,missing_target_record,,,,,False
4,100,100,21,B_G2_minus_G1_fixed_time,,,missing_target_record,,,,,False
4,100,100,21,B_G1_time_average,,,missing_target_record,,,,,False
4,100,100,21,B_G2_time_average,,,missing_target_record,,,,,False
4,100,100,21,B_G2_minus_G1_time_average,,,missing_target_record,,,,,False
4,100,100,22,A_entry,,,missing_target_record,,,,,False
4,100,100,22,B_entry,,,missing_target_record,,,,,False
4,100,100,22,A_fixed_time_mean,,,missing_target_record,,,,,False
4,100,100,22,B_fixed_time_mean,,,missing_target_record,,,,,False
4,100,100,22,A_full_mean,,,missing_target_record,,,,,False
4,100,100,22,B_full_mean,,,missing_target_record,,,,,False
4,100,100,22,A_G1_fixed_time,,,missing_target_record,,,,,False
4,100,100,22,A_G2_fixed_time,,,missing_target_record,,,,,False
4,100,100,22,A_G2_minus_G1_fixed_time,,,missing_target_record,,,,,False
4,100,100,22,A_G1_time_average,,,missing_target_record,,,,,False
4,100,100,22,A_G2_time_average,,,missing_target_record,,,,,False
4,100,100,22,A_G2_minus_G1_time_average,,,missing_target_record,,,,,False
4,100,100,22,B_G1_fixed_time,,,missing_target_record,,,,,False
4,100,100,22,B_G2_fixed_time,,,missing_target_record,,,,,False
4,100,100,22,B_G2_minus_G1_fixed_time,,,missing_target_record,,,,,False
4,100,100,22,B_G1_time_average,,,missing_target_record,,,,,False
4,100,100,22,B_G2_time_average,,,missing_target_record,,,,,False
4,100,100,22,B_G2_minus_G1_time_average,,,missing_target_record,,,,,False
4,100,100,23,A_entry,,,missing_target_record,,,,,False
4,100,100,23,B_entry,,,missing_target_record,,,,,False
4,100,100,23,A_fixed_time_mean,,,missing_target_record,,,,,False
4,100,100,23,B_fixed_time_mean,,,missing_target_record,,,,,False
4,100,100,23,A_full_mean,,,missing_target_record,,,,,False
4,100,100,23,B_full_mean,,,missing_target_record,,,,,False
4,100,100,23,A_G1_fixed_time,,,missing_target_record,,,,,False
4,100,100,23,A_G2_fixed_time,,,missing_target_record,,,,,False
4,100,100,23,A_G2_minus_G1_fixed_time,,,missing_target_record,,,,,False
4,100,100,23,A_G1_time_average,,,missing_target_record,,,,,False
4,100,100,23,A_G2_time_average,,,missing_target_record,,,,,False
4,100,100,23,A_G2_minus_G1_time_average,,,missing_target_record,,,,,False
4,100,100,23,B_G1_fixed_time,,,missing_target_record,,,,,False
4,100,100,23,B_G2_fixed_time,,,missing_target_record,,,,,False
4,100,100,23,B_G2_minus_G1_fixed_time,,,missing_target_record,,,,,False
4,100,100,23,B_G1_time_average,,,missing_target_record,,,,,False
4,100,100,23,B_G2_time_average,,,missing_target_record,,,,,False
4,100,100,23,B_G2_minus_G1_time_average,,,missing_target_record,,,,,False
4,100,100,24,A_entry,,,missing_target_record,,,,,False
4,100,100,24,B_entry,,,missing_target_record,,,,,False
4,100,100,24,A_fixed_time_mean,,,missing_target_record,,,,,False
4,100,100,24,B_fixed_time_mean,,,missing_target_record,,,,,False
4,100,100,24,A_full_mean,,,missing_target_record,,,,,False
4,100,100,24,B_full_mean,,,missing_target_record,,,,,False
4,100,100,24,A_G1_fixed_time,,,missing_target_record,,,,,False
4,100,100,24,A_G2_fixed_time,,,missing_target_record,,,,,False
4,100,100,24,A_G2_minus_G1_fixed_time,,,missing_target_record,,,,,False
4,100,100,24,A_G1_time_average,,,missing_target_record,,,,,False
4,100,100,24,A_G2_time_average,,,missing_target_record,,,,,False
4,100,100,24,A_G2_minus_G1_time_average,,,missing_target_record,,,,,False
4,100,100,24,B_G1_fixed_time,,,missing_target_record,,,,,False
4,100,100,24,B_G2_fixed_time,,,missing_target_record,,,,,False
4,100,100,24,B_G2_minus_G1_fixed_time,,,missing_target_record,,,,,False
4,100,100,24,B_G1_time_average,,,missing_target_record,,,,,False
4,100,100,24,B_G2_time_average,,,missing_target_record,,,,,False
4,100,100,24,B_G2_minus_G1_time_average,,,missing_target_record,,,,,False
4,100,100,25,A_entry,,,missing_target_record,,,,,False
4,100,100,25,B_entry,,,missing_target_record,,,,,False
4,100,100,25,A_fixed_time_mean,,,missing_target_record,,,,,False
4,100,100,25,B_fixed_time_mean,,,missing_target_record,,,,,False
4,100,100,25,A_full_mean,,,missing_target_record,,,,,False
4,100,100,25,B_full_mean,,,missing_target_record,,,,,False
4,100,100,25,A_G1_fixed_time,,,missing_target_record,,,,,False
4,100,100,25,A_G2_fixed_time,,,missing_target_record,,,,,False
4,100,100,25,A_G2_minus_G1_fixed_time,,,missing_target_record,,,,,False
4,100,100,25,A_G1_time_average,,,missing_target_record,,,,,False
4,100,100,25,A_G2_time_average,,,missing_target_record,,,,,False
4,100,100,25,A_G2_minus_G1_time_average,,,missing_target_record,,,,,False
4,100,100,25,B_G1_fixed_time,,,missing_target_record,,,,,False
4,100,100,25,B_G2_fixed_time,,,missing_target_record,,,,,False
4,100,100,25,B_G2_minus_G1_fixed_time,,,missing_target_record,,,,,False
4,100,100,25,B_G1_time_average,,,missing_target_record,,,,,False
4,100,100,25,B_G2_time_average,,,missing_target_record,,,,,False
4,100,100,25,B_G2_minus_G1_time_average,,,missing_target_record,,,,,False
4,100,100,26,A_entry,,,missing_target_record,,,,,False
4,100,100,26,B_entry,,,missing_target_record,,,,,False
4,100,100,26,A_fixed_time_mean,,,missing_target_record,,,,,False
4,100,100,26,B_fixed_time_mean,,,missing_target_record,,,,,False
4,100,100,26,A_full_mean,,,missing_target_record,,,,,False
4,100,100,26,B_full_mean,,,missing_target_record,,,,,False
4,100,100,26,A_G1_fixed_time,,,missing_target_record,,,,,False
4,100,100,26,A_G2_fixed_time,,,missing_target_record,,,,,False
4,100,100,26,A_G2_minus_G1_fixed_time,,,missing_target_record,,,,,False
4,100,100,26,A_G1_time_average,,,missing_target_record,,,,,False
4,100,100,26,A_G2_time_average,,,missing_target_record,,,,,False
4,100,100,26,A_G2_minus_G1_time_average,,,missing_target_record,,,,,False
4,100,100,26,B_G1_fixed_time,,,missing_target_record,,,,,False
4,100,100,26,B_G2_fixed_time,,,missing_target_record,,,,,False
4,100,100,26,B_G2_minus_G1_fixed_time,,,missing_target_record,,,,,False
4,100,100,26,B_G1_time_average,,,missing_target_record,,,,,False
4,100,100,26,B_G2_time_average,,,missing_target_record,,,,,False
4,100,100,26,B_G2_minus_G1_time_average,,,missing_target_record,,,,,False
4,100,100,27,A_entry,,,missing_target_record,,,,,False
4,100,100,27,B_entry,,,missing_target_record,,,,,False
4,100,100,27,A_fixed_time_mean,,,missing_target_record,,,,,False
4,100,100,27,B_fixed_time_mean,,,missing_target_record,,,,,False
4,100,100,27,A_full_mean,,,missing_target_record,,,,,False
4,100,100,27,B_full_mean,,,missing_target_record,,,,,False
4,100,100,27,A_G1_fixed_time,,,missing_target_record,,,,,False
4,100,100,27,A_G2_fixed_time,,,missing_target_record,,,,,False
4,100,100,27,A_G2_minus_G1_fixed_time,,,missing_target_record,,,,,False
4,100,100,27,A_G1_time_average,,,missing_target_record,,,,,False
4,100,100,27,A_G2_time_average,,,missing_target_record,,,,,False
4,100,100,27,A_G2_minus_G1_time_average,,,missing_target_record,,,,,False
4,100,100,27,B_G1_fixed_time,,,missing_target_record,,,,,False
4,100,100,27,B_G2_fixed_time,,,missing_target_record,,,,,False
4,100,100,27,B_G2_minus_G1_fixed_time,,,missing_target_record,,,,,False
4,100,100,27,B_G1_time_average,,,missing_target_record,,,,,False
4,100,100,27,B_G2_time_average,,,missing_target_record,,,,,False
4,100,100,27,B_G2_minus_G1_time_average,,,missing_target_record,,,,,False
4,100,100,28,A_entry,,,missing_target_record,,,,,False
4,100,100,28,B_entry,,,missing_target_record,,,,,False
4,100,100,28,A_fixed_time_mean,,,missing_target_record,,,,,False
4,100,100,28,B_fixed_time_mean,,,missing_target_record,,,,,False
4,100,100,28,A_full_mean,,,missing_target_record,,,,,False
4,100,100,28,B_full_mean,,,missing_target_record,,,,,False
4,100,100,28,A_G1_fixed_time,,,missing_target_record,,,,,False
4,100,100,28,A_G2_fixed_time,,,missing_target_record,,,,,False
4,100,100,28,A_G2_minus_G1_fixed_time,,,missing_target_record,,,,,False
4,100,100,28,A_G1_time_average,,,missing_target_record,,,,,False
4,100,100,28,A_G2_time_average,,,missing_target_record,,,,,False
4,100,100,28,A_G2_minus_G1_time_average,,,missing_target_record,,,,,False
4,100,100,28,B_G1_fixed_time,,,missing_target_record,,,,,False
4,100,100,28,B_G2_fixed_time,,,missing_target_record,,,,,False
4,100,100,28,B_G2_minus_G1_fixed_time,,,missing_target_record,,,,,False
4,100,100,28,B_G1_time_average,,,missing_target_record,,,,,False
4,100,100,28,B_G2_time_average,,,missing_target_record,,,,,False
4,100,100,28,B_G2_minus_G1_time_average,,,missing_target_record,,,,,False
4,100,100,29,A_entry,,,missing_target_record,,,,,False
4,100,100,29,B_entry,,,missing_target_record,,,,,False
4,100,100,29,A_fixed_time_mean,,,missing_target_record,,,,,False
4,100,100,29,B_fixed_time_mean,,,missing_target_record,,,,,False
4,100,100,29,A_full_mean,,,missing_target_record,,,,,False
4,100,100,29,B_full_mean,,,missing_target_record,,,,,False
4,100,100,29,A_G1_fixed_time,,,missing_target_record,,,,,False
4,100,100,29,A_G2_fixed_time,,,missing_target_record,,,,,False
4,100,100,29,A_G2_minus_G1_fixed_time,,,missing_target_record,,,,,False
4,100,100,29,A_G1_time_average,,,missing_target_record,,,,,False
4,100,100,29,A_G2_time_average,,,missing_target_record,,,,,False
4,100,100,29,A_G2_minus_G1_time_average,,,missing_target_record,,,,,False
4,100,100,29,B_G1_fixed_time,,,missing_target_record,,,,,False
4,100,100,29,B_G2_fixed_time,,,missing_target_record,,,,,False
4,100,100,29,B_G2_minus_G1_fixed_time,,,missing_target_record,,,,,False
4,100,100,29,B_G1_time_average,,,missing_target_record,,,,,False
4,100,100,29,B_G2_time_average,,,missing_target_record,,,,,False
4,100,100,29,B_G2_minus_G1_time_average,,,missing_target_record,,,,,False
4,100,100,30,A_entry,,,missing_target_record,,,,,False
4,100,100,30,B_entry,,,missing_target_record,,,,,False
4,100,100,30,A_fixed_time_mean,,,missing_target_record,,,,,False
4,100,100,30,B_fixed_time_mean,,,missing_target_record,,,,,False
4,100,100,30,A_full_mean,,,missing_target_record,,,,,False
4,100,100,30,B_full_mean,,,missing_target_record,,,,,False
4,100,100,30,A_G1_fixed_time,,,missing_target_record,,,,,False
4,100,100,30,A_G2_fixed_time,,,missing_target_record,,,,,False
4,100,100,30,A_G2_minus_G1_fixed_time,,,missing_target_record,,,,,False
4,100,100,30,A_G1_time_average,,,missing_target_record,,,,,False
4,100,100,30,A_G2_time_average,,,missing_target_record,,,,,False
4,100,100,30,A_G2_minus_G1_time_average,,,missing_target_record,,,,,False
4,100,100,30,B_G1_fixed_time,,,missing_target_record,,,,,False
4,100,100,30,B_G2_fixed_time,,,missing_target_record,,,,,False
4,100,100,30,B_G2_minus_G1_fixed_time,,,missing_target_record,,,,,False
4,100,100,30,B_G1_time_average,,,missing_target_record,,,,,False
4,100,100,30,B_G2_time_average,,,missing_target_record,,,,,False
4,100,100,30,B_G2_minus_G1_time_average,,,missing_target_record,,,,,False
4,100,100,31,A_entry,,,missing_target_record,,,,,False
4,100,100,31,B_entry,,,missing_target_record,,,,,False
4,100,100,31,A_fixed_time_mean,,,missing_target_record,,,,,False
4,100,100,31,B_fixed_time_mean,,,missing_target_record,,,,,False
4,100,100,31,A_full_mean,,,missing_target_record,,,,,False
4,100,100,31,B_full_mean,,,missing_target_record,,,,,False
4,100,100,31,A_G1_fixed_time,,,missing_target_record,,,,,False
4,100,100,31,A_G2_fixed_time,,,missing_target_record,,,,,False
4,100,100,31,A_G2_minus_G1_fixed_time,,,missing_target_record,,,,,False
4,100,100,31,A_G1_time_average,,,missing_target_record,,,,,False
4,100,100,31,A_G2_time_average,,,missing_target_record,,,,,False
4,100,100,31,A_G2_minus_G1_time_average,,,missing_target_record,,,,,False
4,100,100,31,B_G1_fixed_time,,,missing_target_record,,,,,False
4,100,100,31,B_G2_fixed_time,,,missing_target_record,,,,,False
4,100,100,31,B_G2_minus_G1_fixed_time,,,missing_target_record,,,,,False
4,100,100,31,B_G1_time_average,,,missing_target_record,,,,,False
4,100,100,31,B_G2_time_average,,,missing_target_record,,,,,False
4,100,100,31,B_G2_minus_G1_time_average,,,missing_target_record,,,,,False
4,100,100,32,A_entry,,,missing_target_record,,,,,False
4,100,100,32,B_entry,,,missing_target_record,,,,,False
4,100,100,32,A_fixed_time_mean,,,missing_target_record,,,,,False
4,100,100,32,B_fixed_time_mean,,,missing_target_record,,,,,False
4,100,100,32,A_full_mean,,,missing_target_record,,,,,False
4,100,100,32,B_full_mean,,,missing_target_record,,,,,False
4,100,100,32,A_G1_fixed_time,,,missing_target_record,,,,,False
4,100,100,32,A_G2_fixed_time,,,missing_target_record,,,,,False
4,100,100,32,A_G2_minus_G1_fixed_time,,,missing_target_record,,,,,False
4,100,100,32,A_G1_time_average,,,missing_target_record,,,,,False
4,100,100,32,A_G2_time_average,,,missing_target_record,,,,,False
4,100,100,32,A_G2_minus_G1_time_average,,,missing_target_record,,,,,False
4,100,100,32,B_G1_fixed_time,,,missing_target_record,,,,,False
4,100,100,32,B_G2_fixed_time,,,missing_target_record,,,,,False
4,100,100,32,B_G2_minus_G1_fixed_time,,,missing_target_record,,,,,False
4,100,100,32,B_G1_time_average,,,missing_target_record,,,,,False
4,100,100,32,B_G2_time_average,,,missing_target_record,,,,,False
4,100,100,32,B_G2_minus_G1_time_average,,,missing_target_record,,,,,False
4,100,100,33,A_entry,,,missing_target_record,,,,,False
4,100,100,33,B_entry,,,missing_target_record,,,,,False
4,100,100,33,A_fixed_time_mean,,,missing_target_record,,,,,False
4,100,100,33,B_fixed_time_mean,,,missing_target_record,,,,,False
4,100,100,33,A_full_mean,,,missing_target_record,,,,,False
4,100,100,33,B_full_mean,,,missing_target_record,,,,,False
4,100,100,33,A_G1_fixed_time,,,missing_target_record,,,,,False
4,100,100,33,A_G2_fixed_time,,,missing_target_record,,,,,False
4,100,100,33,A_G2_minus_G1_fixed_time,,,missing_target_record,,,,,False
4,100,100,33,A_G1_time_average,,,missing_target_record,,,,,False
4,100,100,33,A_G2_time_average,,,missing_target_record,,,,,False
4,100,100,33,A_G2_minus_G1_time_average,,,missing_target_record,,,,,False
4,100,100,33,B_G1_fixed_time,,,missing_target_record,,,,,False
4,100,100,33,B_G2_fixed_time,,,missing_target_record,,,,,False
4,100,100,33,B_G2_minus_G1_fixed_time,,,missing_target_record,,,,,False
4,100,100,33,B_G1_time_average,,,missing_target_record,,,,,False
4,100,100,33,B_G2_time_average,,,missing_target_record,,,,,False
4,100,100,33,B_G2_minus_G1_time_average,,,missing_target_record,,,,,False
4,100,100,34,A_entry,,,missing_target_record,,,,,False
4,100,100,34,B_entry,,,missing_target_record,,,,,False
4,100,100,34,A_fixed_time_mean,,,missing_target_record,,,,,False
4,100,100,34,B_fixed_time_mean,,,missing_target_record,,,,,False
4,100,100,34,A_full_mean,,,missing_target_record,,,,,False
4,100,100,34,B_full_mean,,,missing_target_record,,,,,False
4,100,100,34,A_G1_fixed_time,,,missing_target_record,,,,,False
4,100,100,34,A_G2_fixed_time,,,missing_target_record,,,,,False
4,100,100,34,A_G2_minus_G1_fixed_time,,,missing_target_record,,,,,False
4,100,100,34,A_G1_time_average,,,missing_target_record,,,,,False
4,100,100,34,A_G2_time_average,,,missing_target_record,,,,,False
4,100,100,34,A_G2_minus_G1_time_average,,,missing_target_record,,,,,False
4,100,100,34,B_G1_fixed_time,,,missing_target_record,,,,,False
4,100,100,34,B_G2_fixed_time,,,missing_target_record,,,,,False
4,100,100,34,B_G2_minus_G1_fixed_time,,,missing_target_record,,,,,False
4,100,100,34,B_G1_time_average,,,missing_target_record,,,,,False
4,100,100,34,B_G2_time_average,,,missing_target_record,,,,,False
4,100,100,34,B_G2_minus_G1_time_average,,,missing_target_record,,,,,False
4,100,100,35,A_entry,,,missing_target_record,,,,,False
4,100,100,35,B_entry,,,missing_target_record,,,,,False
4,100,100,35,A_fixed_time_mean,,,missing_target_record,,,,,False
4,100,100,35,B_fixed_time_mean,,,missing_target_record,,,,,False
4,100,100,35,A_full_mean,,,missing_target_record,,,,,False
4,100,100,35,B_full_mean,,,missing_target_record,,,,,False
4,100,100,35,A_G1_fixed_time,,,missing_target_record,,,,,False
4,100,100,35,A_G2_fixed_time,,,missing_target_record,,,,,False
4,100,100,35,A_G2_minus_G1_fixed_time,,,missing_target_record,,,,,False
4,100,100,35,A_G1_time_average,,,missing_target_record,,,,,False
4,100,100,35,A_G2_time_average,,,missing_target_record,,,,,False
4,100,100,35,A_G2_minus_G1_time_average,,,missing_target_record,,,,,False
4,100,100,35,B_G1_fixed_time,,,missing_target_record,,,,,False
4,100,100,35,B_G2_fixed_time,,,missing_target_record,,,,,False
4,100,100,35,B_G2_minus_G1_fixed_time,,,missing_target_record,,,,,False
4,100,100,35,B_G1_time_average,,,missing_target_record,,,,,False
4,100,100,35,B_G2_time_average,,,missing_target_record,,,,,False
4,100,100,35,B_G2_minus_G1_time_average,,,missing_target_record,,,,,False
4,100,100,36,A_entry,,,missing_target_record,,,,,False
4,100,100,36,B_entry,,,missing_target_record,,,,,False
4,100,100,36,A_fixed_time_mean,,,missing_target_record,,,,,False
4,100,100,36,B_fixed_time_mean,,,missing_target_record,,,,,False
4,100,100,36,A_full_mean,,,missing_target_record,,,,,False
4,100,100,36,B_full_mean,,,missing_target_record,,,,,False
4,100,100,36,A_G1_fixed_time,,,missing_target_record,,,,,False
4,100,100,36,A_G2_fixed_time,,,missing_target_record,,,,,False
4,100,100,36,A_G2_minus_G1_fixed_time,,,missing_target_record,,,,,False
4,100,100,36,A_G1_time_average,,,missing_target_record,,,,,False
4,100,100,36,A_G2_time_average,,,missing_target_record,,,,,False
4,100,100,36,A_G2_minus_G1_time_average,,,missing_target_record,,,,,False
4,100,100,36,B_G1_fixed_time,,,missing_target_record,,,,,False
4,100,100,36,B_G2_fixed_time,,,missing_target_record,,,,,False
4,100,100,36,B_G2_minus_G1_fixed_time,,,missing_target_record,,,,,False
4,100,100,36,B_G1_time_average,,,missing_target_record,,,,,False
4,100,100,36,B_G2_time_average,,,missing_target_record,,,,,False
4,100,100,36,B_G2_minus_G1_time_average,,,missing_target_record,,,,,False
4,100,100,37,A_entry,,,missing_target_record,,,,,False
4,100,100,37,B_entry,,,missing_target_record,,,,,False
4,100,100,37,A_fixed_time_mean,,,missing_target_record,,,,,False
4,100,100,37,B_fixed_time_mean,,,missing_target_record,,,,,False
4,100,100,37,A_full_mean,,,missing_target_record,,,,,False
4,100,100,37,B_full_mean,,,missing_target_record,,,,,False
4,100,100,37,A_G1_fixed_time,,,missing_target_record,,,,,False
4,100,100,37,A_G2_fixed_time,,,missing_target_record,,,,,False
4,100,100,37,A_G2_minus_G1_fixed_time,,,missing_target_record,,,,,False
4,100,100,37,A_G1_time_average,,,missing_target_record,,,,,False
4,100,100,37,A_G2_time_average,,,missing_target_record,,,,,False
4,100,100,37,A_G2_minus_G1_time_average,,,missing_target_record,,,,,False
4,100,100,37,B_G1_fixed_time,,,missing_target_record,,,,,False
4,100,100,37,B_G2_fixed_time,,,missing_target_record,,,,,False
4,100,100,37,B_G2_minus_G1_fixed_time,,,missing_target_record,,,,,False
4,100,100,37,B_G1_time_average,,,missing_target_record,,,,,False
4,100,100,37,B_G2_time_average,,,missing_target_record,,,,,False
4,100,100,37,B_G2_minus_G1_time_average,,,missing_target_record,,,,,False
4,100,100,38,A_entry,,,missing_target_record,,,,,False
4,100,100,38,B_entry,,,missing_target_record,,,,,False
4,100,100,38,A_fixed_time_mean,,,missing_target_record,,,,,False
4,100,100,38,B_fixed_time_mean,,,missing_target_record,,,,,False
4,100,100,38,A_full_mean,,,missing_target_record,,,,,False
4,100,100,38,B_full_mean,,,missing_target_record,,,,,False
4,100,100,38,A_G1_fixed_time,,,missing_target_record,,,,,False
4,100,100,38,A_G2_fixed_time,,,missing_target_record,,,,,False
4,100,100,38,A_G2_minus_G1_fixed_time,,,missing_target_record,,,,,False
4,100,100,38,A_G1_time_average,,,missing_target_record,,,,,False
4,100,100,38,A_G2_time_average,,,missing_target_record,,,,,False
4,100,100,38,A_G2_minus_G1_time_average,,,missing_target_record,,,,,False
4,100,100,38,B_G1_fixed_time,,,missing_target_record,,,,,False
4,100,100,38,B_G2_fixed_time,,,missing_target_record,,,,,False
4,100,100,38,B_G2_minus_G1_fixed_time,,,missing_target_record,,,,,False
4,100,100,38,B_G1_time_average,,,missing_target_record,,,,,False
4,100,100,38,B_G2_time_average,,,missing_target_record,,,,,False
4,100,100,38,B_G2_minus_G1_time_average,,,missing_target_record,,,,,False
4,100,100,39,A_entry,,,missing_target_record,,,,,False
4,100,100,39,B_entry,,,missing_target_record,,,,,False
4,100,100,39,A_fixed_time_mean,,,missing_target_record,,,,,False
4,100,100,39,B_fixed_time_mean,,,missing_target_record,,,,,False
4,100,100,39,A_full_mean,,,missing_target_record,,,,,False
4,100,100,39,B_full_mean,,,missing_target_record,,,,,False
4,100,100,39,A_G1_fixed_time,,,missing_target_record,,,,,False
4,100,100,39,A_G2_fixed_time,,,missing_target_record,,,,,False
4,100,100,39,A_G2_minus_G1_fixed_time,,,missing_target_record,,,,,False
4,100,100,39,A_G1_time_average,,,missing_target_record,,,,,False
4,100,100,39,A_G2_time_average,,,missing_target_record,,,,,False
4,100,100,39,A_G2_minus_G1_time_average,,,missing_target_record,,,,,False
4,100,100,39,B_G1_fixed_time,,,missing_target_record,,,,,False
4,100,100,39,B_G2_fixed_time,,,missing_target_record,,,,,False
4,100,100,39,B_G2_minus_G1_fixed_time,,,missing_target_record,,,,,False
4,100,100,39,B_G1_time_average,,,missing_target_record,,,,,False
4,100,100,39,B_G2_time_average,,,missing_target_record,,,,,False
4,100,100,39,B_G2_minus_G1_time_average,,,missing_target_record,,,,,False
4,100,100,40,A_entry,,,missing_target_record,,,,,False
4,100,100,40,B_entry,,,missing_target_record,,,,,False
4,100,100,40,A_fixed_time_mean,,,missing_target_record,,,,,False
4,100,100,40,B_fixed_time_mean,,,missing_target_record,,,,,False
4,100,100,40,A_full_mean,,,missing_target_record,,,,,False
4,100,100,40,B_full_mean,,,missing_target_record,,,,,False
4,100,100,40,A_G1_fixed_time,,,missing_target_record,,,,,False
4,100,100,40,A_G2_fixed_time,,,missing_target_record,,,,,False
4,100,100,40,A_G2_minus_G1_fixed_time,,,missing_target_record,,,,,False
4,100,100,40,A_G1_time_average,,,missing_target_record,,,,,False
4,100,100,40,A_G2_time_average,,,missing_target_record,,,,,False
4,100,100,40,A_G2_minus_G1_time_average,,,missing_target_record,,,,,False
4,100,100,40,B_G1_fixed_time,,,missing_target_record,,,,,False
4,100,100,40,B_G2_fixed_time,,,missing_target_record,,,,,False
4,100,100,40,B_G2_minus_G1_fixed_time,,,missing_target_record,,,,,False
4,100,100,40,B_G1_time_average,,,missing_target_record,,,,,False
4,100,100,40,B_G2_time_average,,,missing_target_record,,,,,False
4,100,100,40,B_G2_minus_G1_time_average,,,missing_target_record,,,,,False
4,100,100,41,A_entry,,,missing_target_record,,,,,False
4,100,100,41,B_entry,,,missing_target_record,,,,,False
4,100,100,41,A_fixed_time_mean,,,missing_target_record,,,,,False
4,100,100,41,B_fixed_time_mean,,,missing_target_record,,,,,False
4,100,100,41,A_full_mean,,,missing_target_record,,,,,False
4,100,100,41,B_full_mean,,,missing_target_record,,,,,False
4,100,100,41,A_G1_fixed_time,,,missing_target_record,,,,,False
4,100,100,41,A_G2_fixed_time,,,missing_target_record,,,,,False
4,100,100,41,A_G2_minus_G1_fixed_time,,,missing_target_record,,,,,False
4,100,100,41,A_G1_time_average,,,missing_target_record,,,,,False
4,100,100,41,A_G2_time_average,,,missing_target_record,,,,,False
4,100,100,41,A_G2_minus_G1_time_average,,,missing_target_record,,,,,False
4,100,100,41,B_G1_fixed_time,,,missing_target_record,,,,,False
4,100,100,41,B_G2_fixed_time,,,missing_target_record,,,,,False
4,100,100,41,B_G2_minus_G1_fixed_time,,,missing_target_record,,,,,False
4,100,100,41,B_G1_time_average,,,missing_target_record,,,,,False
4,100,100,41,B_G2_time_average,,,missing_target_record,,,,,False
4,100,100,41,B_G2_minus_G1_time_average,,,missing_target_record,,,,,False
4,100,100,42,A_entry,,,missing_target_record,,,,,False
4,100,100,42,B_entry,,,missing_target_record,,,,,False
4,100,100,42,A_fixed_time_mean,,,missing_target_record,,,,,False
4,100,100,42,B_fixed_time_mean,,,missing_target_record,,,,,False
4,100,100,42,A_full_mean,,,missing_target_record,,,,,False
4,100,100,42,B_full_mean,,,missing_target_record,,,,,False
4,100,100,42,A_G1_fixed_time,,,missing_target_record,,,,,False
4,100,100,42,A_G2_fixed_time,,,missing_target_record,,,,,False
4,100,100,42,A_G2_minus_G1_fixed_time,,,missing_target_record,,,,,False
4,100,100,42,A_G1_time_average,,,missing_target_record,,,,,False
4,100,100,42,A_G2_time_average,,,missing_target_record,,,,,False
4,100,100,42,A_G2_minus_G1_time_average,,,missing_target_record,,,,,False
4,100,100,42,B_G1_fixed_time,,,missing_target_record,,,,,False
4,100,100,42,B_G2_fixed_time,,,missing_target_record,,,,,False
4,100,100,42,B_G2_minus_G1_fixed_time,,,missing_target_record,,,,,False
4,100,100,42,B_G1_time_average,,,missing_target_record,,,,,False
4,100,100,42,B_G2_time_average,,,missing_target_record,,,,,False
4,100,100,42,B_G2_minus_G1_time_average,,,missing_target_record,,,,,False
4,100,100,43,A_entry,,,missing_target_record,,,,,False
4,100,100,43,B_entry,,,missing_target_record,,,,,False
4,100,100,43,A_fixed_time_mean,,,missing_target_record,,,,,False
4,100,100,43,B_fixed_time_mean,,,missing_target_record,,,,,False
4,100,100,43,A_full_mean,,,missing_target_record,,,,,False
4,100,100,43,B_full_mean,,,missing_target_record,,,,,False
4,100,100,43,A_G1_fixed_time,,,missing_target_record,,,,,False
4,100,100,43,A_G2_fixed_time,,,missing_target_record,,,,,False
4,100,100,43,A_G2_minus_G1_fixed_time,,,missing_target_record,,,,,False
4,100,100,43,A_G1_time_average,,,missing_target_record,,,,,False
4,100,100,43,A_G2_time_average,,,missing_target_record,,,,,False
4,100,100,43,A_G2_minus_G1_time_average,,,missing_target_record,,,,,False
4,100,100,43,B_G1_fixed_time,,,missing_target_record,,,,,False
4,100,100,43,B_G2_fixed_time,,,missing_target_record,,,,,False
4,100,100,43,B_G2_minus_G1_fixed_time,,,missing_target_record,,,,,False
4,100,100,43,B_G1_time_average,,,missing_target_record,,,,,False
4,100,100,43,B_G2_time_average,,,missing_target_record,,,,,False
4,100,100,43,B_G2_minus_G1_time_average,,,missing_target_record,,,,,False
4,100,100,44,A_entry,,,missing_target_record,,,,,False
4,100,100,44,B_entry,,,missing_target_record,,,,,False
4,100,100,44,A_fixed_time_mean,,,missing_target_record,,,,,False
4,100,100,44,B_fixed_time_mean,,,missing_target_record,,,,,False
4,100,100,44,A_full_mean,,,missing_target_record,,,,,False
4,100,100,44,B_full_mean,,,missing_target_record,,,,,False
4,100,100,44,A_G1_fixed_time,,,missing_target_record,,,,,False
4,100,100,44,A_G2_fixed_time,,,missing_target_record,,,,,False
4,100,100,44,A_G2_minus_G1_fixed_time,,,missing_target_record,,,,,False
4,100,100,44,A_G1_time_average,,,missing_target_record,,,,,False
4,100,100,44,A_G2_time_average,,,missing_target_record,,,,,False
4,100,100,44,A_G2_minus_G1_time_average,,,missing_target_record,,,,,False
4,100,100,44,B_G1_fixed_time,,,missing_target_record,,,,,False
4,100,100,44,B_G2_fixed_time,,,missing_target_record,,,,,False
4,100,100,44,B_G2_minus_G1_fixed_time,,,missing_target_record,,,,,False
4,100,100,44,B_G1_time_average,,,missing_target_record,,,,,False
4,100,100,44,B_G2_time_average,,,missing_target_record,,,,,False
4,100,100,44,B_G2_minus_G1_time_average,,,missing_target_record,,,,,False
4,100,100,45,A_entry,,,missing_target_record,,,,,False
4,100,100,45,B_entry,,,missing_target_record,,,,,False
4,100,100,45,A_fixed_time_mean,,,missing_target_record,,,,,False
4,100,100,45,B_fixed_time_mean,,,missing_target_record,,,,,False
4,100,100,45,A_full_mean,,,missing_target_record,,,,,False
4,100,100,45,B_full_mean,,,missing_target_record,,,,,False
4,100,100,45,A_G1_fixed_time,,,missing_target_record,,,,,False
4,100,100,45,A_G2_fixed_time,,,missing_target_record,,,,,False
4,100,100,45,A_G2_minus_G1_fixed_time,,,missing_target_record,,,,,False
4,100,100,45,A_G1_time_average,,,missing_target_record,,,,,False
4,100,100,45,A_G2_time_average,,,missing_target_record,,,,,False
4,100,100,45,A_G2_minus_G1_time_average,,,missing_target_record,,,,,False
4,100,100,45,B_G1_fixed_time,,,missing_target_record,,,,,False
4,100,100,45,B_G2_fixed_time,,,missing_target_record,,,,,False
4,100,100,45,B_G2_minus_G1_fixed_time,,,missing_target_record,,,,,False
4,100,100,45,B_G1_time_average,,,missing_target_record,,,,,False
4,100,100,45,B_G2_time_average,,,missing_target_record,,,,,False
4,100,100,45,B_G2_minus_G1_time_average,,,missing_target_record,,,,,False
4,100,100,46,A_entry,,,missing_target_record,,,,,False
4,100,100,46,B_entry,,,missing_target_record,,,,,False
4,100,100,46,A_fixed_time_mean,,,missing_target_record,,,,,False
4,100,100,46,B_fixed_time_mean,,,missing_target_record,,,,,False
4,100,100,46,A_full_mean,,,missing_target_record,,,,,False
4,100,100,46,B_full_mean,,,missing_target_record,,,,,False
4,100,100,46,A_G1_fixed_time,,,missing_target_record,,,,,False
4,100,100,46,A_G2_fixed_time,,,missing_target_record,,,,,False
4,100,100,46,A_G2_minus_G1_fixed_time,,,missing_target_record,,,,,False
4,100,100,46,A_G1_time_average,,,missing_target_record,,,,,False
4,100,100,46,A_G2_time_average,,,missing_target_record,,,,,False
4,100,100,46,A_G2_minus_G1_time_average,,,missing_target_record,,,,,False
4,100,100,46,B_G1_fixed_time,,,missing_target_record,,,,,False
4,100,100,46,B_G2_fixed_time,,,missing_target_record,,,,,False
4,100,100,46,B_G2_minus_G1_fixed_time,,,missing_target_record,,,,,False
4,100,100,46,B_G1_time_average,,,missing_target_record,,,,,False
4,100,100,46,B_G2_time_average,,,missing_target_record,,,,,False
4,100,100,46,B_G2_minus_G1_time_average,,,missing_target_record,,,,,False
4,100,100,47,A_entry,,,missing_target_record,,,,,False
4,100,100,47,B_entry,,,missing_target_record,,,,,False
4,100,100,47,A_fixed_time_mean,,,missing_target_record,,,,,False
4,100,100,47,B_fixed_time_mean,,,missing_target_record,,,,,False
4,100,100,47,A_full_mean,,,missing_target_record,,,,,False
4,100,100,47,B_full_mean,,,missing_target_record,,,,,False
4,100,100,47,A_G1_fixed_time,,,missing_target_record,,,,,False
4,100,100,47,A_G2_fixed_time,,,missing_target_record,,,,,False
4,100,100,47,A_G2_minus_G1_fixed_time,,,missing_target_record,,,,,False
4,100,100,47,A_G1_time_average,,,missing_target_record,,,,,False
4,100,100,47,A_G2_time_average,,,missing_target_record,,,,,False
4,100,100,47,A_G2_minus_G1_time_average,,,missing_target_record,,,,,False
4,100,100,47,B_G1_fixed_time,,,missing_target_record,,,,,False
4,100,100,47,B_G2_fixed_time,,,missing_target_record,,,,,False
4,100,100,47,B_G2_minus_G1_fixed_time,,,missing_target_record,,,,,False
4,100,100,47,B_G1_time_average,,,missing_target_record,,,,,False
4,100,100,47,B_G2_time_average,,,missing_target_record,,,,,False
4,100,100,47,B_G2_minus_G1_time_average,,,missing_target_record,,,,,False
4,100,100,48,A_entry,,,missing_target_record,,,,,False
4,100,100,48,B_entry,,,missing_target_record,,,,,False
4,100,100,48,A_fixed_time_mean,,,missing_target_record,,,,,False
4,100,100,48,B_fixed_time_mean,,,missing_target_record,,,,,False
4,100,100,48,A_full_mean,,,missing_target_record,,,,,False
4,100,100,48,B_full_mean,,,missing_target_record,,,,,False
4,100,100,48,A_G1_fixed_time,,,missing_target_record,,,,,False
4,100,100,48,A_G2_fixed_time,,,missing_target_record,,,,,False
4,100,100,48,A_G2_minus_G1_fixed_time,,,missing_target_record,,,,,False
4,100,100,48,A_G1_time_average,,,missing_target_record,,,,,False
4,100,100,48,A_G2_time_average,,,missing_target_record,,,,,False
4,100,100,48,A_G2_minus_G1_time_average,,,missing_target_record,,,,,False
4,100,100,48,B_G1_fixed_time,,,missing_target_record,,,,,False
4,100,100,48,B_G2_fixed_time,,,missing_target_record,,,,,False
4,100,100,48,B_G2_minus_G1_fixed_time,,,missing_target_record,,,,,False
4,100,100,48,B_G1_time_average,,,missing_target_record,,,,,False
4,100,100,48,B_G2_time_average,,,missing_target_record,,,,,False
4,100,100,48,B_G2_minus_G1_time_average,,,missing_target_record,,,,,False
4,100,100,49,A_entry,,,missing_target_record,,,,,False
4,100,100,49,B_entry,,,missing_target_record,,,,,False
4,100,100,49,A_fixed_time_mean,,,missing_target_record,,,,,False
4,100,100,49,B_fixed_time_mean,,,missing_target_record,,,,,False
4,100,100,49,A_full_mean,,,missing_target_record,,,,,False
4,100,100,49,B_full_mean,,,missing_target_record,,,,,False
4,100,100,49,A_G1_fixed_time,,,missing_target_record,,,,,False
4,100,100,49,A_G2_fixed_time,,,missing_target_record,,,,,False
4,100,100,49,A_G2_minus_G1_fixed_time,,,missing_target_record,,,,,False
4,100,100,49,A_G1_time_average,,,missing_target_record,,,,,False
4,100,100,49,A_G2_time_average,,,missing_target_record,,,,,False
4,100,100,49,A_G2_minus_G1_time_average,,,missing_target_record,,,,,False
4,100,100,49,B_G1_fixed_time,,,missing_target_record,,,,,False
4,100,100,49,B_G2_fixed_time,,,missing_target_record,,,,,False
4,100,100,49,B_G2_minus_G1_fixed_time,,,missing_target_record,,,,,False
4,100,100,49,B_G1_time_average,,,missing_target_record,,,,,False
4,100,100,49,B_G2_time_average,,,missing_target_record,,,,,False
4,100,100,49,B_G2_minus_G1_time_average,,,missing_target_record,,,,,False
4,100,100,50,A_entry,,,missing_target_record,,,,,False
4,100,100,50,B_entry,,,missing_target_record,,,,,False
4,100,100,50,A_fixed_time_mean,,,missing_target_record,,,,,False
4,100,100,50,B_fixed_time_mean,,,missing_target_record,,,,,False
4,100,100,50,A_full_mean,,,missing_target_record,,,,,False
4,100,100,50,B_full_mean,,,missing_target_record,,,,,False
4,100,100,50,A_G1_fixed_time,,,missing_target_record,,,,,False
4,100,100,50,A_G2_fixed_time,,,missing_target_record,,,,,False
4,100,100,50,A_G2_minus_G1_fixed_time,,,missing_target_record,,,,,False
4,100,100,50,A_G1_time_average,,,missing_target_record,,,,,False
4,100,100,50,A_G2_time_average,,,missing_target_record,,,,,False
4,100,100,50,A_G2_minus_G1_time_average,,,missing_target_record,,,,,False
4,100,100,50,B_G1_fixed_time,,,missing_target_record,,,,,False
4,100,100,50,B_G2_fixed_time,,,missing_target_record,,,,,False
4,100,100,50,B_G2_minus_G1_fixed_time,,,missing_target_record,,,,,False
4,100,100,50,B_G1_time_average,,,missing_target_record,,,,,False
4,100,100,50,B_G2_time_average,,,missing_target_record,,,,,False
4,100,100,50,B_G2_minus_G1_time_average,,,missing_target_record,,,,,False
4,100,100,51,A_entry,,,missing_target_record,,,,,False
4,100,100,51,B_entry,,,missing_target_record,,,,,False
4,100,100,51,A_fixed_time_mean,,,missing_target_record,,,,,False
4,100,100,51,B_fixed_time_mean,,,missing_target_record,,,,,False
4,100,100,51,A_full_mean,,,missing_target_record,,,,,False
4,100,100,51,B_full_mean,,,missing_target_record,,,,,False
4,100,100,51,A_G1_fixed_time,,,missing_target_record,,,,,False
4,100,100,51,A_G2_fixed_time,,,missing_target_record,,,,,False
4,100,100,51,A_G2_minus_G1_fixed_time,,,missing_target_record,,,,,False
4,100,100,51,A_G1_time_average,,,missing_target_record,,,,,False
4,100,100,51,A_G2_time_average,,,missing_target_record,,,,,False
4,100,100,51,A_G2_minus_G1_time_average,,,missing_target_record,,,,,False
4,100,100,51,B_G1_fixed_time,,,missing_target_record,,,,,False
4,100,100,51,B_G2_fixed_time,,,missing_target_record,,,,,False
4,100,100,51,B_G2_minus_G1_fixed_time,,,missing_target_record,,,,,False
4,100,100,51,B_G1_time_average,,,missing_target_record,,,,,False
4,100,100,51,B_G2_time_average,,,missing_target_record,,,,,False
4,100,100,51,B_G2_minus_G1_time_average,,,missing_target_record,,,,,False
4,100,100,52,A_entry,,,missing_target_record,,,,,False
4,100,100,52,B_entry,,,missing_target_record,,,,,False
4,100,100,52,A_fixed_time_mean,,,missing_target_record,,,,,False
4,100,100,52,B_fixed_time_mean,,,missing_target_record,,,,,False
4,100,100,52,A_full_mean,,,missing_target_record,,,,,False
4,100,100,52,B_full_mean,,,missing_target_record,,,,,False
4,100,100,52,A_G1_fixed_time,,,missing_target_record,,,,,False
4,100,100,52,A_G2_fixed_time,,,missing_target_record,,,,,False
4,100,100,52,A_G2_minus_G1_fixed_time,,,missing_target_record,,,,,False
4,100,100,52,A_G1_time_average,,,missing_target_record,,,,,False
4,100,100,52,A_G2_time_average,,,missing_target_record,,,,,False
4,100,100,52,A_G2_minus_G1_time_average,,,missing_target_record,,,,,False
4,100,100,52,B_G1_fixed_time,,,missing_target_record,,,,,False
4,100,100,52,B_G2_fixed_time,,,missing_target_record,,,,,False
4,100,100,52,B_G2_minus_G1_fixed_time,,,missing_target_record,,,,,False
4,100,100,52,B_G1_time_average,,,missing_target_record,,,,,False
4,100,100,52,B_G2_time_average,,,missing_target_record,,,,,False
4,100,100,52,B_G2_minus_G1_time_average,,,missing_target_record,,,,,False
4,100,100,53,A_entry,,,missing_target_record,,,,,False
4,100,100,53,B_entry,,,missing_target_record,,,,,False
4,100,100,53,A_fixed_time_mean,,,missing_target_record,,,,,False
4,100,100,53,B_fixed_time_mean,,,missing_target_record,,,,,False
4,100,100,53,A_full_mean,,,missing_target_record,,,,,False
4,100,100,53,B_full_mean,,,missing_target_record,,,,,False
4,100,100,53,A_G1_fixed_time,,,missing_target_record,,,,,False
4,100,100,53,A_G2_fixed_time,,,missing_target_record,,,,,False
4,100,100,53,A_G2_minus_G1_fixed_time,,,missing_target_record,,,,,False
4,100,100,53,A_G1_time_average,,,missing_target_record,,,,,False
4,100,100,53,A_G2_time_average,,,missing_target_record,,,,,False
4,100,100,53,A_G2_minus_G1_time_average,,,missing_target_record,,,,,False
4,100,100,53,B_G1_fixed_time,,,missing_target_record,,,,,False
4,100,100,53,B_G2_fixed_time,,,missing_target_record,,,,,False
4,100,100,53,B_G2_minus_G1_fixed_time,,,missing_target_record,,,,,False
4,100,100,53,B_G1_time_average,,,missing_target_record,,,,,False
4,100,100,53,B_G2_time_average,,,missing_target_record,,,,,False
4,100,100,53,B_G2_minus_G1_time_average,,,missing_target_record,,,,,False
4,100,100,54,A_entry,,,missing_target_record,,,,,False
4,100,100,54,B_entry,,,missing_target_record,,,,,False
4,100,100,54,A_fixed_time_mean,,,missing_target_record,,,,,False
4,100,100,54,B_fixed_time_mean,,,missing_target_record,,,,,False
4,100,100,54,A_full_mean,,,missing_target_record,,,,,False
4,100,100,54,B_full_mean,,,missing_target_record,,,,,False
4,100,100,54,A_G1_fixed_time,,,missing_target_record,,,,,False
4,100,100,54,A_G2_fixed_time,,,missing_target_record,,,,,False
4,100,100,54,A_G2_minus_G1_fixed_time,,,missing_target_record,,,,,False
4,100,100,54,A_G1_time_average,,,missing_target_record,,,,,False
4,100,100,54,A_G2_time_average,,,missing_target_record,,,,,False
4,100,100,54,A_G2_minus_G1_time_average,,,missing_target_record,,,,,False
4,100,100,54,B_G1_fixed_time,,,missing_target_record,,,,,False
4,100,100,54,B_G2_fixed_time,,,missing_target_record,,,,,False
4,100,100,54,B_G2_minus_G1_fixed_time,,,missing_target_record,,,,,False
4,100,100,54,B_G1_time_average,,,missing_target_record,,,,,False
4,100,100,54,B_G2_time_average,,,missing_target_record,,,,,False
4,100,100,54,B_G2_minus_G1_time_average,,,missing_target_record,,,,,False
4,100,100,55,A_entry,,,missing_target_record,,,,,False
4,100,100,55,B_entry,,,missing_target_record,,,,,False
4,100,100,55,A_fixed_time_mean,,,missing_target_record,,,,,False
4,100,100,55,B_fixed_time_mean,,,missing_target_record,,,,,False
4,100,100,55,A_full_mean,,,missing_target_record,,,,,False
4,100,100,55,B_full_mean,,,missing_target_record,,,,,False
4,100,100,55,A_G1_fixed_time,,,missing_target_record,,,,,False
4,100,100,55,A_G2_fixed_time,,,missing_target_record,,,,,False
4,100,100,55,A_G2_minus_G1_fixed_time,,,missing_target_record,,,,,False
4,100,100,55,A_G1_time_average,,,missing_target_record,,,,,False
4,100,100,55,A_G2_time_average,,,missing_target_record,,,,,False
4,100,100,55,A_G2_minus_G1_time_average,,,missing_target_record,,,,,False
4,100,100,55,B_G1_fixed_time,,,missing_target_record,,,,,False
4,100,100,55,B_G2_fixed_time,,,missing_target_record,,,,,False
4,100,100,55,B_G2_minus_G1_fixed_time,,,missing_target_record,,,,,False
4,100,100,55,B_G1_time_average,,,missing_target_record,,,,,False
4,100,100,55,B_G2_time_average,,,missing_target_record,,,,,False
4,100,100,55,B_G2_minus_G1_time_average,,,missing_target_record,,,,,False
4,100,100,56,A_entry,,,missing_target_record,,,,,False
4,100,100,56,B_entry,,,missing_target_record,,,,,False
4,100,100,56,A_fixed_time_mean,,,missing_target_record,,,,,False
4,100,100,56,B_fixed_time_mean,,,missing_target_record,,,,,False
4,100,100,56,A_full_mean,,,missing_target_record,,,,,False
4,100,100,56,B_full_mean,,,missing_target_record,,,,,False
4,100,100,56,A_G1_fixed_time,,,missing_target_record,,,,,False
4,100,100,56,A_G2_fixed_time,,,missing_target_record,,,,,False
4,100,100,56,A_G2_minus_G1_fixed_time,,,missing_target_record,,,,,False
4,100,100,56,A_G1_time_average,,,missing_target_record,,,,,False
4,100,100,56,A_G2_time_average,,,missing_target_record,,,,,False
4,100,100,56,A_G2_minus_G1_time_average,,,missing_target_record,,,,,False
4,100,100,56,B_G1_fixed_time,,,missing_target_record,,,,,False
4,100,100,56,B_G2_fixed_time,,,missing_target_record,,,,,False
4,100,100,56,B_G2_minus_G1_fixed_time,,,missing_target_record,,,,,False
4,100,100,56,B_G1_time_average,,,missing_target_record,,,,,False
4,100,100,56,B_G2_time_average,,,missing_target_record,,,,,False
4,100,100,56,B_G2_minus_G1_time_average,,,missing_target_record,,,,,False
4,100,100,57,A_entry,,,missing_target_record,,,,,False
4,100,100,57,B_entry,,,missing_target_record,,,,,False
4,100,100,57,A_fixed_time_mean,,,missing_target_record,,,,,False
4,100,100,57,B_fixed_time_mean,,,missing_target_record,,,,,False
4,100,100,57,A_full_mean,,,missing_target_record,,,,,False
4,100,100,57,B_full_mean,,,missing_target_record,,,,,False
4,100,100,57,A_G1_fixed_time,,,missing_target_record,,,,,False
4,100,100,57,A_G2_fixed_time,,,missing_target_record,,,,,False
4,100,100,57,A_G2_minus_G1_fixed_time,,,missing_target_record,,,,,False
4,100,100,57,A_G1_time_average,,,missing_target_record,,,,,False
4,100,100,57,A_G2_time_average,,,missing_target_record,,,,,False
4,100,100,57,A_G2_minus_G1_time_average,,,missing_target_record,,,,,False
4,100,100,57,B_G1_fixed_time,,,missing_target_record,,,,,False
4,100,100,57,B_G2_fixed_time,,,missing_target_record,,,,,False
4,100,100,57,B_G2_minus_G1_fixed_time,,,missing_target_record,,,,,False
4,100,100,57,B_G1_time_average,,,missing_target_record,,,,,False
4,100,100,57,B_G2_time_average,,,missing_target_record,,,,,False
4,100,100,57,B_G2_minus_G1_time_average,,,missing_target_record,,,,,False
4,100,100,58,A_entry,,,missing_target_record,,,,,False
4,100,100,58,B_entry,,,missing_target_record,,,,,False
4,100,100,58,A_fixed_time_mean,,,missing_target_record,,,,,False
4,100,100,58,B_fixed_time_mean,,,missing_target_record,,,,,False
4,100,100,58,A_full_mean,,,missing_target_record,,,,,False
4,100,100,58,B_full_mean,,,missing_target_record,,,,,False
4,100,100,58,A_G1_fixed_time,,,missing_target_record,,,,,False
4,100,100,58,A_G2_fixed_time,,,missing_target_record,,,,,False
4,100,100,58,A_G2_minus_G1_fixed_time,,,missing_target_record,,,,,False
4,100,100,58,A_G1_time_average,,,missing_target_record,,,,,False
4,100,100,58,A_G2_time_average,,,missing_target_record,,,,,False
4,100,100,58,A_G2_minus_G1_time_average,,,missing_target_record,,,,,False
4,100,100,58,B_G1_fixed_time,,,missing_target_record,,,,,False
4,100,100,58,B_G2_fixed_time,,,missing_target_record,,,,,False
4,100,100,58,B_G2_minus_G1_fixed_time,,,missing_target_record,,,,,False
4,100,100,58,B_G1_time_average,,,missing_target_record,,,,,False
4,100,100,58,B_G2_time_average,,,missing_target_record,,,,,False
4,100,100,58,B_G2_minus_G1_time_average,,,missing_target_record,,,,,False
4,100,100,59,A_entry,,,missing_target_record,,,,,False
4,100,100,59,B_entry,,,missing_target_record,,,,,False
4,100,100,59,A_fixed_time_mean,,,missing_target_record,,,,,False
4,100,100,59,B_fixed_time_mean,,,missing_target_record,,,,,False
4,100,100,59,A_full_mean,,,missing_target_record,,,,,False
4,100,100,59,B_full_mean,,,missing_target_record,,,,,False
4,100,100,59,A_G1_fixed_time,,,missing_target_record,,,,,False
4,100,100,59,A_G2_fixed_time,,,missing_target_record,,,,,False
4,100,100,59,A_G2_minus_G1_fixed_time,,,missing_target_record,,,,,False
4,100,100,59,A_G1_time_average,,,missing_target_record,,,,,False
4,100,100,59,A_G2_time_average,,,missing_target_record,,,,,False
4,100,100,59,A_G2_minus_G1_time_average,,,missing_target_record,,,,,False
4,100,100,59,B_G1_fixed_time,,,missing_target_record,,,,,False
4,100,100,59,B_G2_fixed_time,,,missing_target_record,,,,,False
4,100,100,59,B_G2_minus_G1_fixed_time,,,missing_target_record,,,,,False
4,100,100,59,B_G1_time_average,,,missing_target_record,,,,,False
4,100,100,59,B_G2_time_average,,,missing_target_record,,,,,False
4,100,100,59,B_G2_minus_G1_time_average,,,missing_target_record,,,,,False
4,100,100,60,A_entry,,,missing_target_record,,,,,False
4,100,100,60,B_entry,,,missing_target_record,,,,,False
4,100,100,60,A_fixed_time_mean,,,missing_target_record,,,,,False
4,100,100,60,B_fixed_time_mean,,,missing_target_record,,,,,False
4,100,100,60,A_full_mean,,,missing_target_record,,,,,False
4,100,100,60,B_full_mean,,,missing_target_record,,,,,False
4,100,100,60,A_G1_fixed_time,,,missing_target_record,,,,,False
4,100,100,60,A_G2_fixed_time,,,missing_target_record,,,,,False
4,100,100,60,A_G2_minus_G1_fixed_time,,,missing_target_record,,,,,False
4,100,100,60,A_G1_time_average,,,missing_target_record,,,,,False
4,100,100,60,A_G2_time_average,,,missing_target_record,,,,,False
4,100,100,60,A_G2_minus_G1_time_average,,,missing_target_record,,,,,False
4,100,100,60,B_G1_fixed_time,,,missing_target_record,,,,,False
4,100,100,60,B_G2_fixed_time,,,missing_target_record,,,,,False
4,100,100,60,B_G2_minus_G1_fixed_time,,,missing_target_record,,,,,False
4,100,100,60,B_G1_time_average,,,missing_target_record,,,,,False
4,100,100,60,B_G2_time_average,,,missing_target_record,,,,,False
4,100,100,60,B_G2_minus_G1_time_average,,,missing_target_record,,,,,False
4,100,100,61,A_entry,,,missing_target_record,,,,,False
4,100,100,61,B_entry,,,missing_target_record,,,,,False
4,100,100,61,A_fixed_time_mean,,,missing_target_record,,,,,False
4,100,100,61,B_fixed_time_mean,,,missing_target_record,,,,,False
4,100,100,61,A_full_mean,,,missing_target_record,,,,,False
4,100,100,61,B_full_mean,,,missing_target_record,,,,,False
4,100,100,61,A_G1_fixed_time,,,missing_target_record,,,,,False
4,100,100,61,A_G2_fixed_time,,,missing_target_record,,,,,False
4,100,100,61,A_G2_minus_G1_fixed_time,,,missing_target_record,,,,,False
4,100,100,61,A_G1_time_average,,,missing_target_record,,,,,False
4,100,100,61,A_G2_time_average,,,missing_target_record,,,,,False
4,100,100,61,A_G2_minus_G1_time_average,,,missing_target_record,,,,,False
4,100,100,61,B_G1_fixed_time,,,missing_target_record,,,,,False
4,100,100,61,B_G2_fixed_time,,,missing_target_record,,,,,False
4,100,100,61,B_G2_minus_G1_fixed_time,,,missing_target_record,,,,,False
4,100,100,61,B_G1_time_average,,,missing_target_record,,,,,False
4,100,100,61,B_G2_time_average,,,missing_target_record,,,,,False
4,100,100,61,B_G2_minus_G1_time_average,,,missing_target_record,,,,,False
4,100,100,62,A_entry,,,missing_target_record,,,,,False
4,100,100,62,B_entry,,,missing_target_record,,,,,False
4,100,100,62,A_fixed_time_mean,,,missing_target_record,,,,,False
4,100,100,62,B_fixed_time_mean,,,missing_target_record,,,,,False
4,100,100,62,A_full_mean,,,missing_target_record,,,,,False
4,100,100,62,B_full_mean,,,missing_target_record,,,,,False
4,100,100,62,A_G1_fixed_time,,,missing_target_record,,,,,False
4,100,100,62,A_G2_fixed_time,,,missing_target_record,,,,,False
4,100,100,62,A_G2_minus_G1_fixed_time,,,missing_target_record,,,,,False
4,100,100,62,A_G1_time_average,,,missing_target_record,,,,,False
4,100,100,62,A_G2_time_average,,,missing_target_record,,,,,False
4,100,100,62,A_G2_minus_G1_time_average,,,missing_target_record,,,,,False
4,100,100,62,B_G1_fixed_time,,,missing_target_record,,,,,False
4,100,100,62,B_G2_fixed_time,,,missing_target_record,,,,,False
4,100,100,62,B_G2_minus_G1_fixed_time,,,missing_target_record,,,,,False
4,100,100,62,B_G1_time_average,,,missing_target_record,,,,,False
4,100,100,62,B_G2_time_average,,,missing_target_record,,,,,False
4,100,100,62,B_G2_minus_G1_time_average,,,missing_target_record,,,,,False
4,100,100,63,A_entry,,,missing_target_record,,,,,False
4,100,100,63,B_entry,,,missing_target_record,,,,,False
4,100,100,63,A_fixed_time_mean,,,missing_target_record,,,,,False
4,100,100,63,B_fixed_time_mean,,,missing_target_record,,,,,False
4,100,100,63,A_full_mean,,,missing_target_record,,,,,False
4,100,100,63,B_full_mean,,,missing_target_record,,,,,False
4,100,100,63,A_G1_fixed_time,,,missing_target_record,,,,,False
4,100,100,63,A_G2_fixed_time,,,missing_target_record,,,,,False
4,100,100,63,A_G2_minus_G1_fixed_time,,,missing_target_record,,,,,False
4,100,100,63,A_G1_time_average,,,missing_target_record,,,,,False
4,100,100,63,A_G2_time_average,,,missing_target_record,,,,,False
4,100,100,63,A_G2_minus_G1_time_average,,,missing_target_record,,,,,False
4,100,100,63,B_G1_fixed_time,,,missing_target_record,,,,,False
4,100,100,63,B_G2_fixed_time,,,missing_target_record,,,,,False
4,100,100,63,B_G2_minus_G1_fixed_time,,,missing_target_record,,,,,False
4,100,100,63,B_G1_time_average,,,missing_target_record,,,,,False
4,100,100,63,B_G2_time_average,,,missing_target_record,,,,,False
4,100,100,63,B_G2_minus_G1_time_average,,,missing_target_record,,,,,False
4,100,100,64,A_entry,,,missing_target_record,,,,,False
4,100,100,64,B_entry,,,missing_target_record,,,,,False
4,100,100,64,A_fixed_time_mean,,,missing_target_record,,,,,False
4,100,100,64,B_fixed_time_mean,,,missing_target_record,,,,,False
4,100,100,64,A_full_mean,,,missing_target_record,,,,,False
4,100,100,64,B_full_mean,,,missing_target_record,,,,,False
4,100,100,64,A_G1_fixed_time,,,missing_target_record,,,,,False
4,100,100,64,A_G2_fixed_time,,,missing_target_record,,,,,False
4,100,100,64,A_G2_minus_G1_fixed_time,,,missing_target_record,,,,,False
4,100,100,64,A_G1_time_average,,,missing_target_record,,,,,False
4,100,100,64,A_G2_time_average,,,missing_target_record,,,,,False
4,100,100,64,A_G2_minus_G1_time_average,,,missing_target_record,,,,,False
4,100,100,64,B_G1_fixed_time,,,missing_target_record,,,,,False
4,100,100,64,B_G2_fixed_time,,,missing_target_record,,,,,False
4,100,100,64,B_G2_minus_G1_fixed_time,,,missing_target_record,,,,,False
4,100,100,64,B_G1_time_average,,,missing_target_record,,,,,False
4,100,100,64,B_G2_time_average,,,missing_target_record,,,,,False
4,100,100,64,B_G2_minus_G1_time_average,,,missing_target_record,,,,,False
4,100,100,65,A_entry,,,missing_target_record,,,,,False
4,100,100,65,B_entry,,,missing_target_record,,,,,False
4,100,100,65,A_fixed_time_mean,,,missing_target_record,,,,,False
4,100,100,65,B_fixed_time_mean,,,missing_target_record,,,,,False
4,100,100,65,A_full_mean,,,missing_target_record,,,,,False
4,100,100,65,B_full_mean,,,missing_target_record,,,,,False
4,100,100,65,A_G1_fixed_time,,,missing_target_record,,,,,False
4,100,100,65,A_G2_fixed_time,,,missing_target_record,,,,,False
4,100,100,65,A_G2_minus_G1_fixed_time,,,missing_target_record,,,,,False
4,100,100,65,A_G1_time_average,,,missing_target_record,,,,,False
4,100,100,65,A_G2_time_average,,,missing_target_record,,,,,False
4,100,100,65,A_G2_minus_G1_time_average,,,missing_target_record,,,,,False
4,100,100,65,B_G1_fixed_time,,,missing_target_record,,,,,False
4,100,100,65,B_G2_fixed_time,,,missing_target_record,,,,,False
4,100,100,65,B_G2_minus_G1_fixed_time,,,missing_target_record,,,,,False
4,100,100,65,B_G1_time_average,,,missing_target_record,,,,,False
4,100,100,65,B_G2_time_average,,,missing_target_record,,,,,False
4,100,100,65,B_G2_minus_G1_time_average,,,missing_target_record,,,,,False
4,100,100,66,A_entry,,,missing_target_record,,,,,False
4,100,100,66,B_entry,,,missing_target_record,,,,,False
4,100,100,66,A_fixed_time_mean,,,missing_target_record,,,,,False
4,100,100,66,B_fixed_time_mean,,,missing_target_record,,,,,False
4,100,100,66,A_full_mean,,,missing_target_record,,,,,False
4,100,100,66,B_full_mean,,,missing_target_record,,,,,False
4,100,100,66,A_G1_fixed_time,,,missing_target_record,,,,,False
4,100,100,66,A_G2_fixed_time,,,missing_target_record,,,,,False
4,100,100,66,A_G2_minus_G1_fixed_time,,,missing_target_record,,,,,False
4,100,100,66,A_G1_time_average,,,missing_target_record,,,,,False
4,100,100,66,A_G2_time_average,,,missing_target_record,,,,,False
4,100,100,66,A_G2_minus_G1_time_average,,,missing_target_record,,,,,False
4,100,100,66,B_G1_fixed_time,,,missing_target_record,,,,,False
4,100,100,66,B_G2_fixed_time,,,missing_target_record,,,,,False
4,100,100,66,B_G2_minus_G1_fixed_time,,,missing_target_record,,,,,False
4,100,100,66,B_G1_time_average,,,missing_target_record,,,,,False
4,100,100,66,B_G2_time_average,,,missing_target_record,,,,,False
4,100,100,66,B_G2_minus_G1_time_average,,,missing_target_record,,,,,False
4,100,100,67,A_entry,,,missing_target_record,,,,,False
4,100,100,67,B_entry,,,missing_target_record,,,,,False
4,100,100,67,A_fixed_time_mean,,,missing_target_record,,,,,False
4,100,100,67,B_fixed_time_mean,,,missing_target_record,,,,,False
4,100,100,67,A_full_mean,,,missing_target_record,,,,,False
4,100,100,67,B_full_mean,,,missing_target_record,,,,,False
4,100,100,67,A_G1_fixed_time,,,missing_target_record,,,,,False
4,100,100,67,A_G2_fixed_time,,,missing_target_record,,,,,False
4,100,100,67,A_G2_minus_G1_fixed_time,,,missing_target_record,,,,,False
4,100,100,67,A_G1_time_average,,,missing_target_record,,,,,False
4,100,100,67,A_G2_time_average,,,missing_target_record,,,,,False
4,100,100,67,A_G2_minus_G1_time_average,,,missing_target_record,,,,,False
4,100,100,67,B_G1_fixed_time,,,missing_target_record,,,,,False
4,100,100,67,B_G2_fixed_time,,,missing_target_record,,,,,False
4,100,100,67,B_G2_minus_G1_fixed_time,,,missing_target_record,,,,,False
4,100,100,67,B_G1_time_average,,,missing_target_record,,,,,False
4,100,100,67,B_G2_time_average,,,missing_target_record,,,,,False
4,100,100,67,B_G2_minus_G1_time_average,,,missing_target_record,,,,,False
4,100,100,68,A_entry,,,missing_target_record,,,,,False
4,100,100,68,B_entry,,,missing_target_record,,,,,False
4,100,100,68,A_fixed_time_mean,,,missing_target_record,,,,,False
4,100,100,68,B_fixed_time_mean,,,missing_target_record,,,,,False
4,100,100,68,A_full_mean,,,missing_target_record,,,,,False
4,100,100,68,B_full_mean,,,missing_target_record,,,,,False
4,100,100,68,A_G1_fixed_time,,,missing_target_record,,,,,False
4,100,100,68,A_G2_fixed_time,,,missing_target_record,,,,,False
4,100,100,68,A_G2_minus_G1_fixed_time,,,missing_target_record,,,,,False
4,100,100,68,A_G1_time_average,,,missing_target_record,,,,,False
4,100,100,68,A_G2_time_average,,,missing_target_record,,,,,False
4,100,100,68,A_G2_minus_G1_time_average,,,missing_target_record,,,,,False
4,100,100,68,B_G1_fixed_time,,,missing_target_record,,,,,False
4,100,100,68,B_G2_fixed_time,,,missing_target_record,,,,,False
4,100,100,68,B_G2_minus_G1_fixed_time,,,missing_target_record,,,,,False
4,100,100,68,B_G1_time_average,,,missing_target_record,,,,,False
4,100,100,68,B_G2_time_average,,,missing_target_record,,,,,False
4,100,100,68,B_G2_minus_G1_time_average,,,missing_target_record,,,,,False
4,100,100,69,A_entry,,,missing_target_record,,,,,False
4,100,100,69,B_entry,,,missing_target_record,,,,,False
4,100,100,69,A_fixed_time_mean,,,missing_target_record,,,,,False
4,100,100,69,B_fixed_time_mean,,,missing_target_record,,,,,False
4,100,100,69,A_full_mean,,,missing_target_record,,,,,False
4,100,100,69,B_full_mean,,,missing_target_record,,,,,False
4,100,100,69,A_G1_fixed_time,,,missing_target_record,,,,,False
4,100,100,69,A_G2_fixed_time,,,missing_target_record,,,,,False
4,100,100,69,A_G2_minus_G1_fixed_time,,,missing_target_record,,,,,False
4,100,100,69,A_G1_time_average,,,missing_target_record,,,,,False
4,100,100,69,A_G2_time_average,,,missing_target_record,,,,,False
4,100,100,69,A_G2_minus_G1_time_average,,,missing_target_record,,,,,False
4,100,100,69,B_G1_fixed_time,,,missing_target_record,,,,,False
4,100,100,69,B_G2_fixed_time,,,missing_target_record,,,,,False
4,100,100,69,B_G2_minus_G1_fixed_time,,,missing_target_record,,,,,False
4,100,100,69,B_G1_time_average,,,missing_target_record,,,,,False
4,100,100,69,B_G2_time_average,,,missing_target_record,,,,,False
4,100,100,69,B_G2_minus_G1_time_average,,,missing_target_record,,,,,False
4,100,100,70,A_entry,,,missing_target_record,,,,,False
4,100,100,70,B_entry,,,missing_target_record,,,,,False
4,100,100,70,A_fixed_time_mean,,,missing_target_record,,,,,False
4,100,100,70,B_fixed_time_mean,,,missing_target_record,,,,,False
4,100,100,70,A_full_mean,,,missing_target_record,,,,,False
4,100,100,70,B_full_mean,,,missing_target_record,,,,,False
4,100,100,70,A_G1_fixed_time,,,missing_target_record,,,,,False
4,100,100,70,A_G2_fixed_time,,,missing_target_record,,,,,False
4,100,100,70,A_G2_minus_G1_fixed_time,,,missing_target_record,,,,,False
4,100,100,70,A_G1_time_average,,,missing_target_record,,,,,False
4,100,100,70,A_G2_time_average,,,missing_target_record,,,,,False
4,100,100,70,A_G2_minus_G1_time_average,,,missing_target_record,,,,,False
4,100,100,70,B_G1_fixed_time,,,missing_target_record,,,,,False
4,100,100,70,B_G2_fixed_time,,,missing_target_record,,,,,False
4,100,100,70,B_G2_minus_G1_fixed_time,,,missing_target_record,,,,,False
4,100,100,70,B_G1_time_average,,,missing_target_record,,,,,False
4,100,100,70,B_G2_time_average,,,missing_target_record,,,,,False
4,100,100,70,B_G2_minus_G1_time_average,,,missing_target_record,,,,,False
4,100,100,71,A_entry,,,missing_target_record,,,,,False
4,100,100,71,B_entry,,,missing_target_record,,,,,False
4,100,100,71,A_fixed_time_mean,,,missing_target_record,,,,,False
4,100,100,71,B_fixed_time_mean,,,missing_target_record,,,,,False
4,100,100,71,A_full_mean,,,missing_target_record,,,,,False
4,100,100,71,B_full_mean,,,missing_target_record,,,,,False
4,100,100,71,A_G1_fixed_time,,,missing_target_record,,,,,False
4,100,100,71,A_G2_fixed_time,,,missing_target_record,,,,,False
4,100,100,71,A_G2_minus_G1_fixed_time,,,missing_target_record,,,,,False
4,100,100,71,A_G1_time_average,,,missing_target_record,,,,,False
4,100,100,71,A_G2_time_average,,,missing_target_record,,,,,False
4,100,100,71,A_G2_minus_G1_time_average,,,missing_target_record,,,,,False
4,100,100,71,B_G1_fixed_time,,,missing_target_record,,,,,False
4,100,100,71,B_G2_fixed_time,,,missing_target_record,,,,,False
4,100,100,71,B_G2_minus_G1_fixed_time,,,missing_target_record,,,,,False
4,100,100,71,B_G1_time_average,,,missing_target_record,,,,,False
4,100,100,71,B_G2_time_average,,,missing_target_record,,,,,False
4,100,100,71,B_G2_minus_G1_time_average,,,missing_target_record,,,,,False
4,100,100,72,A_entry,,,missing_target_record,,,,,False
4,100,100,72,B_entry,,,missing_target_record,,,,,False
4,100,100,72,A_fixed_time_mean,,,missing_target_record,,,,,False
4,100,100,72,B_fixed_time_mean,,,missing_target_record,,,,,False
4,100,100,72,A_full_mean,,,missing_target_record,,,,,False
4,100,100,72,B_full_mean,,,missing_target_record,,,,,False
4,100,100,72,A_G1_fixed_time,,,missing_target_record,,,,,False
4,100,100,72,A_G2_fixed_time,,,missing_target_record,,,,,False
4,100,100,72,A_G2_minus_G1_fixed_time,,,missing_target_record,,,,,False
4,100,100,72,A_G1_time_average,,,missing_target_record,,,,,False
4,100,100,72,A_G2_time_average,,,missing_target_record,,,,,False
4,100,100,72,A_G2_minus_G1_time_average,,,missing_target_record,,,,,False
4,100,100,72,B_G1_fixed_time,,,missing_target_record,,,,,False
4,100,100,72,B_G2_fixed_time,,,missing_target_record,,,,,False
4,100,100,72,B_G2_minus_G1_fixed_time,,,missing_target_record,,,,,False
4,100,100,72,B_G1_time_average,,,missing_target_record,,,,,False
4,100,100,72,B_G2_time_average,,,missing_target_record,,,,,False
4,100,100,72,B_G2_minus_G1_time_average,,,missing_target_record,,,,,False
4,100,100,73,A_entry,,,missing_target_record,,,,,False
4,100,100,73,B_entry,,,missing_target_record,,,,,False
4,100,100,73,A_fixed_time_mean,,,missing_target_record,,,,,False
4,100,100,73,B_fixed_time_mean,,,missing_target_record,,,,,False
4,100,100,73,A_full_mean,,,missing_target_record,,,,,False
4,100,100,73,B_full_mean,,,missing_target_record,,,,,False
4,100,100,73,A_G1_fixed_time,,,missing_target_record,,,,,False
4,100,100,73,A_G2_fixed_time,,,missing_target_record,,,,,False
4,100,100,73,A_G2_minus_G1_fixed_time,,,missing_target_record,,,,,False
4,100,100,73,A_G1_time_average,,,missing_target_record,,,,,False
4,100,100,73,A_G2_time_average,,,missing_target_record,,,,,False
4,100,100,73,A_G2_minus_G1_time_average,,,missing_target_record,,,,,False
4,100,100,73,B_G1_fixed_time,,,missing_target_record,,,,,False
4,100,100,73,B_G2_fixed_time,,,missing_target_record,,,,,False
4,100,100,73,B_G2_minus_G1_fixed_time,,,missing_target_record,,,,,False
4,100,100,73,B_G1_time_average,,,missing_target_record,,,,,False
4,100,100,73,B_G2_time_average,,,missing_target_record,,,,,False
4,100,100,73,B_G2_minus_G1_time_average,,,missing_target_record,,,,,False
4,100,100,74,A_entry,,,missing_target_record,,,,,False
4,100,100,74,B_entry,,,missing_target_record,,,,,False
4,100,100,74,A_fixed_time_mean,,,missing_target_record,,,,,False
4,100,100,74,B_fixed_time_mean,,,missing_target_record,,,,,False
4,100,100,74,A_full_mean,,,missing_target_record,,,,,False
4,100,100,74,B_full_mean,,,missing_target_record,,,,,False
4,100,100,74,A_G1_fixed_time,,,missing_target_record,,,,,False
4,100,100,74,A_G2_fixed_time,,,missing_target_record,,,,,False
4,100,100,74,A_G2_minus_G1_fixed_time,,,missing_target_record,,,,,False
4,100,100,74,A_G1_time_average,,,missing_target_record,,,,,False
4,100,100,74,A_G2_time_average,,,missing_target_record,,,,,False
4,100,100,74,A_G2_minus_G1_time_average,,,missing_target_record,,,,,False
4,100,100,74,B_G1_fixed_time,,,missing_target_record,,,,,False
4,100,100,74,B_G2_fixed_time,,,missing_target_record,,,,,False
4,100,100,74,B_G2_minus_G1_fixed_time,,,missing_target_record,,,,,False
4,100,100,74,B_G1_time_average,,,missing_target_record,,,,,False
4,100,100,74,B_G2_time_average,,,missing_target_record,,,,,False
4,100,100,74,B_G2_minus_G1_time_average,,,missing_target_record,,,,,False
4,100,100,75,A_entry,,,missing_target_record,,,,,False
4,100,100,75,B_entry,,,missing_target_record,,,,,False
4,100,100,75,A_fixed_time_mean,,,missing_target_record,,,,,False
4,100,100,75,B_fixed_time_mean,,,missing_target_record,,,,,False
4,100,100,75,A_full_mean,,,missing_target_record,,,,,False
4,100,100,75,B_full_mean,,,missing_target_record,,,,,False
4,100,100,75,A_G1_fixed_time,,,missing_target_record,,,,,False
4,100,100,75,A_G2_fixed_time,,,missing_target_record,,,,,False
4,100,100,75,A_G2_minus_G1_fixed_time,,,missing_target_record,,,,,False
4,100,100,75,A_G1_time_average,,,missing_target_record,,,,,False
4,100,100,75,A_G2_time_average,,,missing_target_record,,,,,False
4,100,100,75,A_G2_minus_G1_time_average,,,missing_target_record,,,,,False
4,100,100,75,B_G1_fixed_time,,,missing_target_record,,,,,False
4,100,100,75,B_G2_fixed_time,,,missing_target_record,,,,,False
4,100,100,75,B_G2_minus_G1_fixed_time,,,missing_target_record,,,,,False
4,100,100,75,B_G1_time_average,,,missing_target_record,,,,,False
4,100,100,75,B_G2_time_average,,,missing_target_record,,,,,False
4,100,100,75,B_G2_minus_G1_time_average,,,missing_target_record,,,,,False
4,100,100,76,A_entry,,,missing_target_record,,,,,False
4,100,100,76,B_entry,,,missing_target_record,,,,,False
4,100,100,76,A_fixed_time_mean,,,missing_target_record,,,,,False
4,100,100,76,B_fixed_time_mean,,,missing_target_record,,,,,False
4,100,100,76,A_full_mean,,,missing_target_record,,,,,False
4,100,100,76,B_full_mean,,,missing_target_record,,,,,False
4,100,100,76,A_G1_fixed_time,,,missing_target_record,,,,,False
4,100,100,76,A_G2_fixed_time,,,missing_target_record,,,,,False
4,100,100,76,A_G2_minus_G1_fixed_time,,,missing_target_record,,,,,False
4,100,100,76,A_G1_time_average,,,missing_target_record,,,,,False
4,100,100,76,A_G2_time_average,,,missing_target_record,,,,,False
4,100,100,76,A_G2_minus_G1_time_average,,,missing_target_record,,,,,False
4,100,100,76,B_G1_fixed_time,,,missing_target_record,,,,,False
4,100,100,76,B_G2_fixed_time,,,missing_target_record,,,,,False
4,100,100,76,B_G2_minus_G1_fixed_time,,,missing_target_record,,,,,False
4,100,100,76,B_G1_time_average,,,missing_target_record,,,,,False
4,100,100,76,B_G2_time_average,,,missing_target_record,,,,,False
4,100,100,76,B_G2_minus_G1_time_average,,,missing_target_record,,,,,False
4,100,100,77,A_entry,,,missing_target_record,,,,,False
4,100,100,77,B_entry,,,missing_target_record,,,,,False
4,100,100,77,A_fixed_time_mean,,,missing_target_record,,,,,False
4,100,100,77,B_fixed_time_mean,,,missing_target_record,,,,,False
4,100,100,77,A_full_mean,,,missing_target_record,,,,,False
4,100,100,77,B_full_mean,,,missing_target_record,,,,,False
4,100,100,77,A_G1_fixed_time,,,missing_target_record,,,,,False
4,100,100,77,A_G2_fixed_time,,,missing_target_record,,,,,False
4,100,100,77,A_G2_minus_G1_fixed_time,,,missing_target_record,,,,,False
4,100,100,77,A_G1_time_average,,,missing_target_record,,,,,False
4,100,100,77,A_G2_time_average,,,missing_target_record,,,,,False
4,100,100,77,A_G2_minus_G1_time_average,,,missing_target_record,,,,,False
4,100,100,77,B_G1_fixed_time,,,missing_target_record,,,,,False
4,100,100,77,B_G2_fixed_time,,,missing_target_record,,,,,False
4,100,100,77,B_G2_minus_G1_fixed_time,,,missing_target_record,,,,,False
4,100,100,77,B_G1_time_average,,,missing_target_record,,,,,False
4,100,100,77,B_G2_time_average,,,missing_target_record,,,,,False
4,100,100,77,B_G2_minus_G1_time_average,,,missing_target_record,,,,,False
4,100,100,78,A_entry,,,missing_target_record,,,,,False
4,100,100,78,B_entry,,,missing_target_record,,,,,False
4,100,100,78,A_fixed_time_mean,,,missing_target_record,,,,,False
4,100,100,78,B_fixed_time_mean,,,missing_target_record,,,,,False
4,100,100,78,A_full_mean,,,missing_target_record,,,,,False
4,100,100,78,B_full_mean,,,missing_target_record,,,,,False
4,100,100,78,A_G1_fixed_time,,,missing_target_record,,,,,False
4,100,100,78,A_G2_fixed_time,,,missing_target_record,,,,,False
4,100,100,78,A_G2_minus_G1_fixed_time,,,missing_target_record,,,,,False
4,100,100,78,A_G1_time_average,,,missing_target_record,,,,,False
4,100,100,78,A_G2_time_average,,,missing_target_record,,,,,False
4,100,100,78,A_G2_minus_G1_time_average,,,missing_target_record,,,,,False
4,100,100,78,B_G1_fixed_time,,,missing_target_record,,,,,False
4,100,100,78,B_G2_fixed_time,,,missing_target_record,,,,,False
4,100,100,78,B_G2_minus_G1_fixed_time,,,missing_target_record,,,,,False
4,100,100,78,B_G1_time_average,,,missing_target_record,,,,,False
4,100,100,78,B_G2_time_average,,,missing_target_record,,,,,False
4,100,100,78,B_G2_minus_G1_time_average,,,missing_target_record,,,,,False
4,100,100,79,A_entry,,,missing_target_record,,,,,False
4,100,100,79,B_entry,,,missing_target_record,,,,,False
4,100,100,79,A_fixed_time_mean,,,missing_target_record,,,,,False
4,100,100,79,B_fixed_time_mean,,,missing_target_record,,,,,False
4,100,100,79,A_full_mean,,,missing_target_record,,,,,False
4,100,100,79,B_full_mean,,,missing_target_record,,,,,False
4,100,100,79,A_G1_fixed_time,,,missing_target_record,,,,,False
4,100,100,79,A_G2_fixed_time,,,missing_target_record,,,,,False
4,100,100,79,A_G2_minus_G1_fixed_time,,,missing_target_record,,,,,False
4,100,100,79,A_G1_time_average,,,missing_target_record,,,,,False
4,100,100,79,A_G2_time_average,,,missing_target_record,,,,,False
4,100,100,79,A_G2_minus_G1_time_average,,,missing_target_record,,,,,False
4,100,100,79,B_G1_fixed_time,,,missing_target_record,,,,,False
4,100,100,79,B_G2_fixed_time,,,missing_target_record,,,,,False
4,100,100,79,B_G2_minus_G1_fixed_time,,,missing_target_record,,,,,False
4,100,100,79,B_G1_time_average,,,missing_target_record,,,,,False
4,100,100,79,B_G2_time_average,,,missing_target_record,,,,,False
4,100,100,79,B_G2_minus_G1_time_average,,,missing_target_record,,,,,False
4,100,100,80,A_entry,,,missing_target_record,,,,,False
4,100,100,80,B_entry,,,missing_target_record,,,,,False
4,100,100,80,A_fixed_time_mean,,,missing_target_record,,,,,False
4,100,100,80,B_fixed_time_mean,,,missing_target_record,,,,,False
4,100,100,80,A_full_mean,,,missing_target_record,,,,,False
4,100,100,80,B_full_mean,,,missing_target_record,,,,,False
4,100,100,80,A_G1_fixed_time,,,missing_target_record,,,,,False
4,100,100,80,A_G2_fixed_time,,,missing_target_record,,,,,False
4,100,100,80,A_G2_minus_G1_fixed_time,,,missing_target_record,,,,,False
4,100,100,80,A_G1_time_average,,,missing_target_record,,,,,False
4,100,100,80,A_G2_time_average,,,missing_target_record,,,,,False
4,100,100,80,A_G2_minus_G1_time_average,,,missing_target_record,,,,,False
4,100,100,80,B_G1_fixed_time,,,missing_target_record,,,,,False
4,100,100,80,B_G2_fixed_time,,,missing_target_record,,,,,False
4,100,100,80,B_G2_minus_G1_fixed_time,,,missing_target_record,,,,,False
4,100,100,80,B_G1_time_average,,,missing_target_record,,,,,False
4,100,100,80,B_G2_time_average,,,missing_target_record,,,,,False
4,100,100,80,B_G2_minus_G1_time_average,,,missing_target_record,,,,,False
4,100,100,81,A_entry,,,missing_target_record,,,,,False
4,100,100,81,B_entry,,,missing_target_record,,,,,False
4,100,100,81,A_fixed_time_mean,,,missing_target_record,,,,,False
4,100,100,81,B_fixed_time_mean,,,missing_target_record,,,,,False
4,100,100,81,A_full_mean,,,missing_target_record,,,,,False
4,100,100,81,B_full_mean,,,missing_target_record,,,,,False
4,100,100,81,A_G1_fixed_time,,,missing_target_record,,,,,False
4,100,100,81,A_G2_fixed_time,,,missing_target_record,,,,,False
4,100,100,81,A_G2_minus_G1_fixed_time,,,missing_target_record,,,,,False
4,100,100,81,A_G1_time_average,,,missing_target_record,,,,,False
4,100,100,81,A_G2_time_average,,,missing_target_record,,,,,False
4,100,100,81,A_G2_minus_G1_time_average,,,missing_target_record,,,,,False
4,100,100,81,B_G1_fixed_time,,,missing_target_record,,,,,False
4,100,100,81,B_G2_fixed_time,,,missing_target_record,,,,,False
4,100,100,81,B_G2_minus_G1_fixed_time,,,missing_target_record,,,,,False
4,100,100,81,B_G1_time_average,,,missing_target_record,,,,,False
4,100,100,81,B_G2_time_average,,,missing_target_record,,,,,False
4,100,100,81,B_G2_minus_G1_time_average,,,missing_target_record,,,,,False
4,100,100,82,A_entry,,,missing_target_record,,,,,False
4,100,100,82,B_entry,,,missing_target_record,,,,,False
4,100,100,82,A_fixed_time_mean,,,missing_target_record,,,,,False
4,100,100,82,B_fixed_time_mean,,,missing_target_record,,,,,False
4,100,100,82,A_full_mean,,,missing_target_record,,,,,False
4,100,100,82,B_full_mean,,,missing_target_record,,,,,False
4,100,100,82,A_G1_fixed_time,,,missing_target_record,,,,,False
4,100,100,82,A_G2_fixed_time,,,missing_target_record,,,,,False
4,100,100,82,A_G2_minus_G1_fixed_time,,,missing_target_record,,,,,False
4,100,100,82,A_G1_time_average,,,missing_target_record,,,,,False
4,100,100,82,A_G2_time_average,,,missing_target_record,,,,,False
4,100,100,82,A_G2_minus_G1_time_average,,,missing_target_record,,,,,False
4,100,100,82,B_G1_fixed_time,,,missing_target_record,,,,,False
4,100,100,82,B_G2_fixed_time,,,missing_target_record,,,,,False
4,100,100,82,B_G2_minus_G1_fixed_time,,,missing_target_record,,,,,False
4,100,100,82,B_G1_time_average,,,missing_target_record,,,,,False
4,100,100,82,B_G2_time_average,,,missing_target_record,,,,,False
4,100,100,82,B_G2_minus_G1_time_average,,,missing_target_record,,,,,False
4,100,100,83,A_entry,,,missing_target_record,,,,,False
4,100,100,83,B_entry,,,missing_target_record,,,,,False
4,100,100,83,A_fixed_time_mean,,,missing_target_record,,,,,False
4,100,100,83,B_fixed_time_mean,,,missing_target_record,,,,,False
4,100,100,83,A_full_mean,,,missing_target_record,,,,,False
4,100,100,83,B_full_mean,,,missing_target_record,,,,,False
4,100,100,83,A_G1_fixed_time,,,missing_target_record,,,,,False
4,100,100,83,A_G2_fixed_time,,,missing_target_record,,,,,False
4,100,100,83,A_G2_minus_G1_fixed_time,,,missing_target_record,,,,,False
4,100,100,83,A_G1_time_average,,,missing_target_record,,,,,False
4,100,100,83,A_G2_time_average,,,missing_target_record,,,,,False
4,100,100,83,A_G2_minus_G1_time_average,,,missing_target_record,,,,,False
4,100,100,83,B_G1_fixed_time,,,missing_target_record,,,,,False
4,100,100,83,B_G2_fixed_time,,,missing_target_record,,,,,False
4,100,100,83,B_G2_minus_G1_fixed_time,,,missing_target_record,,,,,False
4,100,100,83,B_G1_time_average,,,missing_target_record,,,,,False
4,100,100,83,B_G2_time_average,,,missing_target_record,,,,,False
4,100,100,83,B_G2_minus_G1_time_average,,,missing_target_record,,,,,False
4,100,100,84,A_entry,,,missing_target_record,,,,,False
4,100,100,84,B_entry,,,missing_target_record,,,,,False
4,100,100,84,A_fixed_time_mean,,,missing_target_record,,,,,False
4,100,100,84,B_fixed_time_mean,,,missing_target_record,,,,,False
4,100,100,84,A_full_mean,,,missing_target_record,,,,,False
4,100,100,84,B_full_mean,,,missing_target_record,,,,,False
4,100,100,84,A_G1_fixed_time,,,missing_target_record,,,,,False
4,100,100,84,A_G2_fixed_time,,,missing_target_record,,,,,False
4,100,100,84,A_G2_minus_G1_fixed_time,,,missing_target_record,,,,,False
4,100,100,84,A_G1_time_average,,,missing_target_record,,,,,False
4,100,100,84,A_G2_time_average,,,missing_target_record,,,,,False
4,100,100,84,A_G2_minus_G1_time_average,,,missing_target_record,,,,,False
4,100,100,84,B_G1_fixed_time,,,missing_target_record,,,,,False
4,100,100,84,B_G2_fixed_time,,,missing_target_record,,,,,False
4,100,100,84,B_G2_minus_G1_fixed_time,,,missing_target_record,,,,,False
4,100,100,84,B_G1_time_average,,,missing_target_record,,,,,False
4,100,100,84,B_G2_time_average,,,missing_target_record,,,,,False
4,100,100,84,B_G2_minus_G1_time_average,,,missing_target_record,,,,,False
4,100,100,85,A_entry,,,missing_target_record,,,,,False
4,100,100,85,B_entry,,,missing_target_record,,,,,False
4,100,100,85,A_fixed_time_mean,,,missing_target_record,,,,,False
4,100,100,85,B_fixed_time_mean,,,missing_target_record,,,,,False
4,100,100,85,A_full_mean,,,missing_target_record,,,,,False
4,100,100,85,B_full_mean,,,missing_target_record,,,,,False
4,100,100,85,A_G1_fixed_time,,,missing_target_record,,,,,False
4,100,100,85,A_G2_fixed_time,,,missing_target_record,,,,,False
4,100,100,85,A_G2_minus_G1_fixed_time,,,missing_target_record,,,,,False
4,100,100,85,A_G1_time_average,,,missing_target_record,,,,,False
4,100,100,85,A_G2_time_average,,,missing_target_record,,,,,False
4,100,100,85,A_G2_minus_G1_time_average,,,missing_target_record,,,,,False
4,100,100,85,B_G1_fixed_time,,,missing_target_record,,,,,False
4,100,100,85,B_G2_fixed_time,,,missing_target_record,,,,,False
4,100,100,85,B_G2_minus_G1_fixed_time,,,missing_target_record,,,,,False
4,100,100,85,B_G1_time_average,,,missing_target_record,,,,,False
4,100,100,85,B_G2_time_average,,,missing_target_record,,,,,False
4,100,100,85,B_G2_minus_G1_time_average,,,missing_target_record,,,,,False
4,100,100,86,A_entry,,,missing_target_record,,,,,False
4,100,100,86,B_entry,,,missing_target_record,,,,,False
4,100,100,86,A_fixed_time_mean,,,missing_target_record,,,,,False
4,100,100,86,B_fixed_time_mean,,,missing_target_record,,,,,False
4,100,100,86,A_full_mean,,,missing_target_record,,,,,False
4,100,100,86,B_full_mean,,,missing_target_record,,,,,False
4,100,100,86,A_G1_fixed_time,,,missing_target_record,,,,,False
4,100,100,86,A_G2_fixed_time,,,missing_target_record,,,,,False
4,100,100,86,A_G2_minus_G1_fixed_time,,,missing_target_record,,,,,False
4,100,100,86,A_G1_time_average,,,missing_target_record,,,,,False
4,100,100,86,A_G2_time_average,,,missing_target_record,,,,,False
4,100,100,86,A_G2_minus_G1_time_average,,,missing_target_record,,,,,False
4,100,100,86,B_G1_fixed_time,,,missing_target_record,,,,,False
4,100,100,86,B_G2_fixed_time,,,missing_target_record,,,,,False
4,100,100,86,B_G2_minus_G1_fixed_time,,,missing_target_record,,,,,False
4,100,100,86,B_G1_time_average,,,missing_target_record,,,,,False
4,100,100,86,B_G2_time_average,,,missing_target_record,,,,,False
4,100,100,86,B_G2_minus_G1_time_average,,,missing_target_record,,,,,False
4,100,100,87,A_entry,,,missing_target_record,,,,,False
4,100,100,87,B_entry,,,missing_target_record,,,,,False
4,100,100,87,A_fixed_time_mean,,,missing_target_record,,,,,False
4,100,100,87,B_fixed_time_mean,,,missing_target_record,,,,,False
4,100,100,87,A_full_mean,,,missing_target_record,,,,,False
4,100,100,87,B_full_mean,,,missing_target_record,,,,,False
4,100,100,87,A_G1_fixed_time,,,missing_target_record,,,,,False
4,100,100,87,A_G2_fixed_time,,,missing_target_record,,,,,False
4,100,100,87,A_G2_minus_G1_fixed_time,,,missing_target_record,,,,,False
4,100,100,87,A_G1_time_average,,,missing_target_record,,,,,False
4,100,100,87,A_G2_time_average,,,missing_target_record,,,,,False
4,100,100,87,A_G2_minus_G1_time_average,,,missing_target_record,,,,,False
4,100,100,87,B_G1_fixed_time,,,missing_target_record,,,,,False
4,100,100,87,B_G2_fixed_time,,,missing_target_record,,,,,False
4,100,100,87,B_G2_minus_G1_fixed_time,,,missing_target_record,,,,,False
4,100,100,87,B_G1_time_average,,,missing_target_record,,,,,False
4,100,100,87,B_G2_time_average,,,missing_target_record,,,,,False
4,100,100,87,B_G2_minus_G1_time_average,,,missing_target_record,,,,,False
4,100,100,88,A_entry,,,missing_target_record,,,,,False
4,100,100,88,B_entry,,,missing_target_record,,,,,False
4,100,100,88,A_fixed_time_mean,,,missing_target_record,,,,,False
4,100,100,88,B_fixed_time_mean,,,missing_target_record,,,,,False
4,100,100,88,A_full_mean,,,missing_target_record,,,,,False
4,100,100,88,B_full_mean,,,missing_target_record,,,,,False
4,100,100,88,A_G1_fixed_time,,,missing_target_record,,,,,False
4,100,100,88,A_G2_fixed_time,,,missing_target_record,,,,,False
4,100,100,88,A_G2_minus_G1_fixed_time,,,missing_target_record,,,,,False
4,100,100,88,A_G1_time_average,,,missing_target_record,,,,,False
4,100,100,88,A_G2_time_average,,,missing_target_record,,,,,False
4,100,100,88,A_G2_minus_G1_time_average,,,missing_target_record,,,,,False
4,100,100,88,B_G1_fixed_time,,,missing_target_record,,,,,False
4,100,100,88,B_G2_fixed_time,,,missing_target_record,,,,,False
4,100,100,88,B_G2_minus_G1_fixed_time,,,missing_target_record,,,,,False
4,100,100,88,B_G1_time_average,,,missing_target_record,,,,,False
4,100,100,88,B_G2_time_average,,,missing_target_record,,,,,False
4,100,100,88,B_G2_minus_G1_time_average,,,missing_target_record,,,,,False
4,100,100,89,A_entry,,,missing_target_record,,,,,False
4,100,100,89,B_entry,,,missing_target_record,,,,,False
4,100,100,89,A_fixed_time_mean,,,missing_target_record,,,,,False
4,100,100,89,B_fixed_time_mean,,,missing_target_record,,,,,False
4,100,100,89,A_full_mean,,,missing_target_record,,,,,False
4,100,100,89,B_full_mean,,,missing_target_record,,,,,False
4,100,100,89,A_G1_fixed_time,,,missing_target_record,,,,,False
4,100,100,89,A_G2_fixed_time,,,missing_target_record,,,,,False
4,100,100,89,A_G2_minus_G1_fixed_time,,,missing_target_record,,,,,False
4,100,100,89,A_G1_time_average,,,missing_target_record,,,,,False
4,100,100,89,A_G2_time_average,,,missing_target_record,,,,,False
4,100,100,89,A_G2_minus_G1_time_average,,,missing_target_record,,,,,False
4,100,100,89,B_G1_fixed_time,,,missing_target_record,,,,,False
4,100,100,89,B_G2_fixed_time,,,missing_target_record,,,,,False
4,100,100,89,B_G2_minus_G1_fixed_time,,,missing_target_record,,,,,False
4,100,100,89,B_G1_time_average,,,missing_target_record,,,,,False
4,100,100,89,B_G2_time_average,,,missing_target_record,,,,,False
4,100,100,89,B_G2_minus_G1_time_average,,,missing_target_record,,,,,False
4,100,100,90,A_entry,,,missing_target_record,,,,,False
4,100,100,90,B_entry,,,missing_target_record,,,,,False
4,100,100,90,A_fixed_time_mean,,,missing_target_record,,,,,False
4,100,100,90,B_fixed_time_mean,,,missing_target_record,,,,,False
4,100,100,90,A_full_mean,,,missing_target_record,,,,,False
4,100,100,90,B_full_mean,,,missing_target_record,,,,,False
4,100,100,90,A_G1_fixed_time,,,missing_target_record,,,,,False
4,100,100,90,A_G2_fixed_time,,,missing_target_record,,,,,False
4,100,100,90,A_G2_minus_G1_fixed_time,,,missing_target_record,,,,,False
4,100,100,90,A_G1_time_average,,,missing_target_record,,,,,False
4,100,100,90,A_G2_time_average,,,missing_target_record,,,,,False
4,100,100,90,A_G2_minus_G1_time_average,,,missing_target_record,,,,,False
4,100,100,90,B_G1_fixed_time,,,missing_target_record,,,,,False
4,100,100,90,B_G2_fixed_time,,,missing_target_record,,,,,False
4,100,100,90,B_G2_minus_G1_fixed_time,,,missing_target_record,,,,,False
4,100,100,90,B_G1_time_average,,,missing_target_record,,,,,False
4,100,100,90,B_G2_time_average,,,missing_target_record,,,,,False
4,100,100,90,B_G2_minus_G1_time_average,,,missing_target_record,,,,,False
4,100,100,91,A_entry,,,missing_target_record,,,,,False
4,100,100,91,B_entry,,,missing_target_record,,,,,False
4,100,100,91,A_fixed_time_mean,,,missing_target_record,,,,,False
4,100,100,91,B_fixed_time_mean,,,missing_target_record,,,,,False
4,100,100,91,A_full_mean,,,missing_target_record,,,,,False
4,100,100,91,B_full_mean,,,missing_target_record,,,,,False
4,100,100,91,A_G1_fixed_time,,,missing_target_record,,,,,False
4,100,100,91,A_G2_fixed_time,,,missing_target_record,,,,,False
4,100,100,91,A_G2_minus_G1_fixed_time,,,missing_target_record,,,,,False
4,100,100,91,A_G1_time_average,,,missing_target_record,,,,,False
4,100,100,91,A_G2_time_average,,,missing_target_record,,,,,False
4,100,100,91,A_G2_minus_G1_time_average,,,missing_target_record,,,,,False
4,100,100,91,B_G1_fixed_time,,,missing_target_record,,,,,False
4,100,100,91,B_G2_fixed_time,,,missing_target_record,,,,,False
4,100,100,91,B_G2_minus_G1_fixed_time,,,missing_target_record,,,,,False
4,100,100,91,B_G1_time_average,,,missing_target_record,,,,,False
4,100,100,91,B_G2_time_average,,,missing_target_record,,,,,False
4,100,100,91,B_G2_minus_G1_time_average,,,missing_target_record,,,,,False
4,100,100,92,A_entry,,,missing_target_record,,,,,False
4,100,100,92,B_entry,,,missing_target_record,,,,,False
4,100,100,92,A_fixed_time_mean,,,missing_target_record,,,,,False
4,100,100,92,B_fixed_time_mean,,,missing_target_record,,,,,False
4,100,100,92,A_full_mean,,,missing_target_record,,,,,False
4,100,100,92,B_full_mean,,,missing_target_record,,,,,False
4,100,100,92,A_G1_fixed_time,,,missing_target_record,,,,,False
4,100,100,92,A_G2_fixed_time,,,missing_target_record,,,,,False
4,100,100,92,A_G2_minus_G1_fixed_time,,,missing_target_record,,,,,False
4,100,100,92,A_G1_time_average,,,missing_target_record,,,,,False
4,100,100,92,A_G2_time_average,,,missing_target_record,,,,,False
4,100,100,92,A_G2_minus_G1_time_average,,,missing_target_record,,,,,False
4,100,100,92,B_G1_fixed_time,,,missing_target_record,,,,,False
4,100,100,92,B_G2_fixed_time,,,missing_target_record,,,,,False
4,100,100,92,B_G2_minus_G1_fixed_time,,,missing_target_record,,,,,False
4,100,100,92,B_G1_time_average,,,missing_target_record,,,,,False
4,100,100,92,B_G2_time_average,,,missing_target_record,,,,,False
4,100,100,92,B_G2_minus_G1_time_average,,,missing_target_record,,,,,False
4,100,100,93,A_entry,,,missing_target_record,,,,,False
4,100,100,93,B_entry,,,missing_target_record,,,,,False
4,100,100,93,A_fixed_time_mean,,,missing_target_record,,,,,False
4,100,100,93,B_fixed_time_mean,,,missing_target_record,,,,,False
4,100,100,93,A_full_mean,,,missing_target_record,,,,,False
4,100,100,93,B_full_mean,,,missing_target_record,,,,,False
4,100,100,93,A_G1_fixed_time,,,missing_target_record,,,,,False
4,100,100,93,A_G2_fixed_time,,,missing_target_record,,,,,False
4,100,100,93,A_G2_minus_G1_fixed_time,,,missing_target_record,,,,,False
4,100,100,93,A_G1_time_average,,,missing_target_record,,,,,False
4,100,100,93,A_G2_time_average,,,missing_target_record,,,,,False
4,100,100,93,A_G2_minus_G1_time_average,,,missing_target_record,,,,,False
4,100,100,93,B_G1_fixed_time,,,missing_target_record,,,,,False
4,100,100,93,B_G2_fixed_time,,,missing_target_record,,,,,False
4,100,100,93,B_G2_minus_G1_fixed_time,,,missing_target_record,,,,,False
4,100,100,93,B_G1_time_average,,,missing_target_record,,,,,False
4,100,100,93,B_G2_time_average,,,missing_target_record,,,,,False
4,100,100,93,B_G2_minus_G1_time_average,,,missing_target_record,,,,,False
4,100,100,94,A_entry,,,missing_target_record,,,,,False
4,100,100,94,B_entry,,,missing_target_record,,,,,False
4,100,100,94,A_fixed_time_mean,,,missing_target_record,,,,,False
4,100,100,94,B_fixed_time_mean,,,missing_target_record,,,,,False
4,100,100,94,A_full_mean,,,missing_target_record,,,,,False
4,100,100,94,B_full_mean,,,missing_target_record,,,,,False
4,100,100,94,A_G1_fixed_time,,,missing_target_record,,,,,False
4,100,100,94,A_G2_fixed_time,,,missing_target_record,,,,,False
4,100,100,94,A_G2_minus_G1_fixed_time,,,missing_target_record,,,,,False
4,100,100,94,A_G1_time_average,,,missing_target_record,,,,,False
4,100,100,94,A_G2_time_average,,,missing_target_record,,,,,False
4,100,100,94,A_G2_minus_G1_time_average,,,missing_target_record,,,,,False
4,100,100,94,B_G1_fixed_time,,,missing_target_record,,,,,False
4,100,100,94,B_G2_fixed_time,,,missing_target_record,,,,,False
4,100,100,94,B_G2_minus_G1_fixed_time,,,missing_target_record,,,,,False
4,100,100,94,B_G1_time_average,,,missing_target_record,,,,,False
4,100,100,94,B_G2_time_average,,,missing_target_record,,,,,False
4,100,100,94,B_G2_minus_G1_time_average,,,missing_target_record,,,,,False
4,100,100,95,A_entry,,,missing_target_record,,,,,False
4,100,100,95,B_entry,,,missing_target_record,,,,,False
4,100,100,95,A_fixed_time_mean,,,missing_target_record,,,,,False
4,100,100,95,B_fixed_time_mean,,,missing_target_record,,,,,False
4,100,100,95,A_full_mean,,,missing_target_record,,,,,False
4,100,100,95,B_full_mean,,,missing_target_record,,,,,False
4,100,100,95,A_G1_fixed_time,,,missing_target_record,,,,,False
4,100,100,95,A_G2_fixed_time,,,missing_target_record,,,,,False
4,100,100,95,A_G2_minus_G1_fixed_time,,,missing_target_record,,,,,False
4,100,100,95,A_G1_time_average,,,missing_target_record,,,,,False
4,100,100,95,A_G2_time_average,,,missing_target_record,,,,,False
4,100,100,95,A_G2_minus_G1_time_average,,,missing_target_record,,,,,False
4,100,100,95,B_G1_fixed_time,,,missing_target_record,,,,,False
4,100,100,95,B_G2_fixed_time,,,missing_target_record,,,,,False
4,100,100,95,B_G2_minus_G1_fixed_time,,,missing_target_record,,,,,False
4,100,100,95,B_G1_time_average,,,missing_target_record,,,,,False
4,100,100,95,B_G2_time_average,,,missing_target_record,,,,,False
4,100,100,95,B_G2_minus_G1_time_average,,,missing_target_record,,,,,False
4,100,100,96,A_entry,,,missing_target_record,,,,,False
4,100,100,96,B_entry,,,missing_target_record,,,,,False
4,100,100,96,A_fixed_time_mean,,,missing_target_record,,,,,False
4,100,100,96,B_fixed_time_mean,,,missing_target_record,,,,,False
4,100,100,96,A_full_mean,,,missing_target_record,,,,,False
4,100,100,96,B_full_mean,,,missing_target_record,,,,,False
4,100,100,96,A_G1_fixed_time,,,missing_target_record,,,,,False
4,100,100,96,A_G2_fixed_time,,,missing_target_record,,,,,False
4,100,100,96,A_G2_minus_G1_fixed_time,,,missing_target_record,,,,,False
4,100,100,96,A_G1_time_average,,,missing_target_record,,,,,False
4,100,100,96,A_G2_time_average,,,missing_target_record,,,,,False
4,100,100,96,A_G2_minus_G1_time_average,,,missing_target_record,,,,,False
4,100,100,96,B_G1_fixed_time,,,missing_target_record,,,,,False
4,100,100,96,B_G2_fixed_time,,,missing_target_record,,,,,False
4,100,100,96,B_G2_minus_G1_fixed_time,,,missing_target_record,,,,,False
4,100,100,96,B_G1_time_average,,,missing_target_record,,,,,False
4,100,100,96,B_G2_time_average,,,missing_target_record,,,,,False
4,100,100,96,B_G2_minus_G1_time_average,,,missing_target_record,,,,,False
4,100,100,97,A_entry,,,missing_target_record,,,,,False
4,100,100,97,B_entry,,,missing_target_record,,,,,False
4,100,100,97,A_fixed_time_mean,,,missing_target_record,,,,,False
4,100,100,97,B_fixed_time_mean,,,missing_target_record,,,,,False
4,100,100,97,A_full_mean,,,missing_target_record,,,,,False
4,100,100,97,B_full_mean,,,missing_target_record,,,,,False
4,100,100,97,A_G1_fixed_time,,,missing_target_record,,,,,False
4,100,100,97,A_G2_fixed_time,,,missing_target_record,,,,,False
4,100,100,97,A_G2_minus_G1_fixed_time,,,missing_target_record,,,,,False
4,100,100,97,A_G1_time_average,,,missing_target_record,,,,,False
4,100,100,97,A_G2_time_average,,,missing_target_record,,,,,False
4,100,100,97,A_G2_minus_G1_time_average,,,missing_target_record,,,,,False
4,100,100,97,B_G1_fixed_time,,,missing_target_record,,,,,False
4,100,100,97,B_G2_fixed_time,,,missing_target_record,,,,,False
4,100,100,97,B_G2_minus_G1_fixed_time,,,missing_target_record,,,,,False
4,100,100,97,B_G1_time_average,,,missing_target_record,,,,,False
4,100,100,97,B_G2_time_average,,,missing_target_record,,,,,False
4,100,100,97,B_G2_minus_G1_time_average,,,missing_target_record,,,,,False
4,100,100,98,A_entry,,,missing_target_record,,,,,False
4,100,100,98,B_entry,,,missing_target_record,,,,,False
4,100,100,98,A_fixed_time_mean,,,missing_target_record,,,,,False
4,100,100,98,B_fixed_time_mean,,,missing_target_record,,,,,False
4,100,100,98,A_full_mean,,,missing_target_record,,,,,False
4,100,100,98,B_full_mean,,,missing_target_record,,,,,False
4,100,100,98,A_G1_fixed_time,,,missing_target_record,,,,,False
4,100,100,98,A_G2_fixed_time,,,missing_target_record,,,,,False
4,100,100,98,A_G2_minus_G1_fixed_time,,,missing_target_record,,,,,False
4,100,100,98,A_G1_time_average,,,missing_target_record,,,,,False
4,100,100,98,A_G2_time_average,,,missing_target_record,,,,,False
4,100,100,98,A_G2_minus_G1_time_average,,,missing_target_record,,,,,False
4,100,100,98,B_G1_fixed_time,,,missing_target_record,,,,,False
4,100,100,98,B_G2_fixed_time,,,missing_target_record,,,,,False
4,100,100,98,B_G2_minus_G1_fixed_time,,,missing_target_record,,,,,False
4,100,100,98,B_G1_time_average,,,missing_target_record,,,,,False
4,100,100,98,B_G2_time_average,,,missing_target_record,,,,,False
4,100,100,98,B_G2_minus_G1_time_average,,,missing_target_record,,,,,False
4,100,100,99,A_entry,,,missing_target_record,,,,,False
4,100,100,99,B_entry,,,missing_target_record,,,,,False
4,100,100,99,A_fixed_time_mean,,,missing_target_record,,,,,False
4,100,100,99,B_fixed_time_mean,,,missing_target_record,,,,,False
4,100,100,99,A_full_mean,,,missing_target_record,,,,,False
4,100,100,99,B_full_mean,,,missing_target_record,,,,,False
4,100,100,99,A_G1_fixed_time,,,missing_target_record,,,,,False
4,100,100,99,A_G2_fixed_time,,,missing_target_record,,,,,False
4,100,100,99,A_G2_minus_G1_fixed_time,,,missing_target_record,,,,,False
4,100,100,99,A_G1_time_average,,,missing_target_record,,,,,False
4,100,100,99,A_G2_time_average,,,missing_target_record,,,,,False
4,100,100,99,A_G2_minus_G1_time_average,,,missing_target_record,,,,,False
4,100,100,99,B_G1_fixed_time,,,missing_target_record,,,,,False
4,100,100,99,B_G2_fixed_time,,,missing_target_record,,,,,False
4,100,100,99,B_G2_minus_G1_fixed_time,,,missing_target_record,,,,,False
4,100,100,99,B_G1_time_average,,,missing_target_record,,,,,False
4,100,100,99,B_G2_time_average,,,missing_target_record,,,,,False
4,100,100,99,B_G2_minus_G1_time_average,,,missing_target_record,,,,,False
