record_type,run_id,semantic_replication_id,dgp,N,T,replication,method,target,primary_status,target_tangent_norm,target_supported,riesz_iterations,riesz_residual,riesz_converged,riesz_target_rayleigh_quotient,tangent_gram_min_eigenvalue,tangent_gram_max_eigenvalue,tangent_gram_condition_number,variance_estimate,standard_error,interval_length,estimate_finite,standard_error_finite,phi_full,phi_time_sum,phi_unit_sum,phi_corrected,true_target_projection_ratio,true_entry_unit_leverage_scaled,true_entry_time_leverage_scaled,target_applicability,headline_theorem_target,dgp_realization_hash,time_split_0_status,time_split_1_status,unit_split_0_status,unit_split_1_status
inference_diagnostic,f87b622f889053fe,dgp1_N100_T100_r2026080901_truth1-1-1,1,100,100,2026080901,fixed_rank,A_entry,success,0.1621048707268155,True,106,8.790867518960634e-09,True,3.1223186502022418,0.18034788889596762,54.19224097921007,300.4872488996557,0.01010719093032033,0.10053452606105193,0.3940881005649305,True,True,0.6539091003184704,,,0.6539091003184704,0.16069736046128663,1.26103416960879,1.3382052214152136,theorem_covered,True,a19576a6645414694a4ac3a884a1cf01beb43de08ec544a688b482501202009a,,,,
inference_diagnostic,f87b622f889053fe,dgp1_N100_T100_r2026080901_truth1-1-1,1,100,100,2026080901,fixed_rank,B_entry,success,0.1642558592225807,True,109,8.73476305349227e-09,True,0.8720964652621797,0.18034788889596762,54.19224097921007,300.4872488996557,0.07712628131904849,0.27771618843533136,1.0886274545139771,True,True,0.7620770117328665,,,0.7620770117328665,0.13472469667932155,1.1621312995229254,0.6606203660555482,theorem_covered,True,a19576a6645414694a4ac3a884a1cf01beb43de08ec544a688b482501202009a,,,,
inference_diagnostic,f87b622f889053fe,dgp1_N100_T100_r2026080901_truth1-1-1,1,100,100,2026080901,fixed_rank,A_fixed_time_mean,success,0.09843780952425638,True,100,9.568332615462355e-09,True,4.816815718787151,0.18034788889596762,54.19224097921007,300.4872488996557,0.0035236550384554702,0.059360382735082415,0.23268842453854952,True,True,0.6003847324311931,,,0.6003847324311931,0.9949185104084706,,,theorem_covered,True,a19576a6645414694a4ac3a884a1cf01beb43de08ec544a688b482501202009a,,,,
inference_diagnostic,f87b622f889053fe,dgp1_N100_T100_r2026080901_truth1-1-1,1,100,100,2026080901,fixed_rank,B_fixed_time_mean,success,0.0889783827225483,True,104,9.683767978545337e-09,True,0.9153742548699436,0.18034788889596762,54.19224097921007,300.4872488996557,0.017929909563364044,0.13390261223502714,0.5248885948329711,True,True,0.46052760260592485,,,0.46052760260592485,0.9345494847964874,,,theorem_covered,True,a19576a6645414694a4ac3a884a1cf01beb43de08ec544a688b482501202009a,,,,
inference_diagnostic,f87b622f889053fe,dgp1_N100_T100_r2026080901_truth1-1-1,1,100,100,2026080901,fixed_rank,A_full_mean,success,0.009990281013586821,True,113,8.195999330148514e-09,True,0.9158259065718725,0.18034788889596762,54.19224097921007,300.4872488996557,0.00010398935865323066,0.010197517278888556,0.039973533196692924,True,True,0.47546232620928364,0.47264374301797074,0.4745935406007664,0.47914969500911375,0.9998244679402972,,,theorem_covered,True,a19576a6645414694a4ac3a884a1cf01beb43de08ec544a688b482501202009a,success,success,success,success
inference_diagnostic,f87b622f889053fe,dgp1_N100_T100_r2026080901_truth1-1-1,1,100,100,2026080901,fixed_rank,B_full_mean,success,0.009838048780911235,True,115,9.521455100291655e-09,True,0.7612059605028417,0.18034788889596762,54.19224097921007,300.4872488996557,0.000554301297681707,0.023543604177816677,0.09228923250957488,True,True,0.574007874610388,0.5634612541438899,0.5657551723549437,0.5928071973323306,0.9961611915133775,,,theorem_covered,True,a19576a6645414694a4ac3a884a1cf01beb43de08ec544a688b482501202009a,success,success,success,success
inference_diagnostic,f87b622f889053fe,dgp1_N100_T100_r2026080901_truth1-1-1,1,100,100,2026080901,fixed_rank,A_G1_fixed_time,success,0.10055030597259017,True,102,9.556937584728984e-09,True,4.672451829235334,0.18034788889596762,54.19224097921007,300.4872488996557,0.0037395802682824914,0.061152107635653014,0.2397118570891935,True,True,0.6088445308482696,,,0.6088445308482696,0.7043821092091259,,,theorem_covered,True,a19576a6645414694a4ac3a884a1cf01beb43de08ec544a688b482501202009a,,,,
inference_diagnostic,f87b622f889053fe,dgp1_N100_T100_r2026080901_truth1-1-1,1,100,100,2026080901,fixed_rank,A_G2_fixed_time,success,0.09783988634951618,True,101,9.793358867052135e-09,True,4.8528738508287725,0.18034788889596762,54.19224097921007,300.4872488996557,0.003436934817089736,0.05862537690360495,0.22980725462230403,True,True,0.5919249340141166,,,0.5919249340141166,0.7121246617808228,,,theorem_covered,True,a19576a6645414694a4ac3a884a1cf01beb43de08ec544a688b482501202009a,,,,
inference_diagnostic,f87b622f889053fe,dgp1_N100_T100_r2026080901_truth1-1-1,1,100,100,2026080901,fixed_rank,A_G2_minus_G1_fixed_time,success,0.024617177100560734,True,108,7.888099258883879e-09,True,2.5084699395097094,0.18034788889596762,54.19224097921007,300.4872488996557,0.0002584100135176459,0.01607513650074692,0.06301337717605839,True,True,-0.01691959683415302,,,-0.01691959683415302,0.11581384777710342,,,weak_target_stress_outside_assumption9,False,a19576a6645414694a4ac3a884a1cf01beb43de08ec544a688b482501202009a,,,,
inference_diagnostic,f87b622f889053fe,dgp1_N100_T100_r2026080901_truth1-1-1,1,100,100,2026080901,fixed_rank,A_G1_time_average,success,0.013921273449564323,True,111,9.437021721431309e-09,True,1.3256430808224238,0.18034788889596762,54.19224097921007,300.4872488996557,0.0001700554141395504,0.01304052967250757,0.05111793699488149,True,True,0.4821618893683215,0.47593299196336625,0.4801289312960335,0.4904237448455647,0.9912379313731445,,,theorem_covered,True,a19576a6645414694a4ac3a884a1cf01beb43de08ec544a688b482501202009a,success,success,success,success
inference_diagnostic,f87b622f889053fe,dgp1_N100_T100_r2026080901_truth1-1-1,1,100,100,2026080901,fixed_rank,A_G2_time_average,success,0.013909164174064908,True,112,9.748730476716456e-09,True,1.1243225891044797,0.18034788889596762,54.19224097921007,300.4872488996557,0.00017330084195971206,0.01316437776576288,0.051603412599550216,True,True,0.4687627630502457,0.4693544940725752,0.4690581499054992,0.4678756451726628,0.9914294826604808,,,theorem_covered,True,a19576a6645414694a4ac3a884a1cf01beb43de08ec544a688b482501202009a,success,success,success,success
inference_diagnostic,f87b622f889053fe,dgp1_N100_T100_r2026080901_truth1-1-1,1,100,100,2026080901,fixed_rank,A_G2_minus_G1_time_average,success,0.019372933335856428,True,106,9.728939378736672e-09,True,2.5258519612111865,0.18034788889596762,54.19224097921007,300.4872488996557,0.00027075507791938385,0.01645463697318734,0.06450099169225672,True,True,-0.013399126318075738,-0.006578497890791024,-0.011070781390534306,-0.022548099672901882,0.9827696011727488,,,theorem_covered,True,a19576a6645414694a4ac3a884a1cf01beb43de08ec544a688b482501202009a,success,success,success,success
inference_diagnostic,f87b622f889053fe,dgp1_N100_T100_r2026080901_truth1-1-1,1,100,100,2026080901,fixed_rank,B_G1_fixed_time,success,0.09175788598926364,True,106,8.917570967084437e-09,True,0.9142940023877395,0.18034788889596762,54.19224097921007,300.4872488996557,0.01911226166448558,0.13824710363868598,0.5419186881976016,True,True,0.47346196688930564,,,0.47346196688930564,0.6525308130833368,,,theorem_covered,True,a19576a6645414694a4ac3a884a1cf01beb43de08ec544a688b482501202009a,,,,
inference_diagnostic,f87b622f889053fe,dgp1_N100_T100_r2026080901_truth1-1-1,1,100,100,2026080901,fixed_rank,B_G2_fixed_time,success,0.0868112209439496,True,103,8.22366257302735e-09,True,0.9144621018920551,0.18034788889596762,54.19224097921007,300.4872488996557,0.017149639537822954,0.13095663227886914,0.513340565606478,True,True,0.447593238322544,,,0.447593238322544,0.674113445453845,,,theorem_covered,True,a19576a6645414694a4ac3a884a1cf01beb43de08ec544a688b482501202009a,,,,
inference_diagnostic,f87b622f889053fe,dgp1_N100_T100_r2026080901_truth1-1-1,1,100,100,2026080901,fixed_rank,B_G2_minus_G1_fixed_time,success,0.015581562126910434,True,112,9.456156034390797e-09,True,0.7969129298458775,0.18034788889596762,54.19224097921007,300.4872488996557,0.0008041641559297398,0.028357788276410764,0.11116048740595455,True,True,-0.025868728566761614,,,-0.025868728566761614,0.08272037132094547,,,weak_target_stress_outside_assumption9,False,a19576a6645414694a4ac3a884a1cf01beb43de08ec544a688b482501202009a,,,,
inference_diagnostic,f87b622f889053fe,dgp1_N100_T100_r2026080901_truth1-1-1,1,100,100,2026080901,fixed_rank,B_G1_time_average,success,0.013495816798639648,True,113,9.633603972253178e-09,True,0.7650762492911929,0.18034788889596762,54.19224097921007,300.4872488996557,0.0011266109638929237,0.03356502590335547,0.13157248382146144,True,True,0.5901294423725121,0.5867381689414121,0.5900895405972105,0.5935606175789138,0.982470958404462,,,theorem_covered,True,a19576a6645414694a4ac3a884a1cf01beb43de08ec544a688b482501202009a,success,success,success,success
inference_diagnostic,f87b622f889053fe,dgp1_N100_T100_r2026080901_truth1-1-1,1,100,100,2026080901,fixed_rank,B_G2_time_average,success,0.013445242498232314,True,113,9.680795155362245e-09,True,0.7793185730031617,0.18034788889596762,54.19224097921007,300.4872488996557,0.001045417809496136,0.03233292145006597,0.12674272311418378,True,True,0.557886306848264,0.5401843393463683,0.5414208041126767,0.592053777085747,0.9833524405830918,,,theorem_covered,True,a19576a6645414694a4ac3a884a1cf01beb43de08ec544a688b482501202009a,success,success,success,success
inference_diagnostic,f87b622f889053fe,dgp1_N100_T100_r2026080901_truth1-1-1,1,100,100,2026080901,fixed_rank,B_G2_minus_G1_time_average,success,0.01840310893667363,True,113,8.837010260362696e-09,True,0.7854079218000539,0.18034788889596762,54.19224097921007,300.4872488996557,0.002126852358143868,0.046117809554919974,0.18077849154704065,True,True,-0.03224313552424814,-0.046553829595043825,-0.04866873648453386,-0.001506840493166725,0.969481349501658,,,theorem_covered,True,a19576a6645414694a4ac3a884a1cf01beb43de08ec544a688b482501202009a,success,success,success,success
inference_diagnostic,f87b622f889053fe,dgp1_N100_T100_r2026080902_truth1-1-1,1,100,100,2026080902,fixed_rank,A_entry,success,0.151709010505275,True,85,9.645058117937284e-09,True,3.366511971553815,0.22017724733728175,44.282022113716174,201.11988250031172,0.013150645204923974,0.1146762626044465,0.44952268917274507,True,True,0.5250329881762806,,,0.5250329881762806,0.14925673984386872,0.7372501037790901,1.5015777183900947,theorem_covered,True,65254bae1963e6754d5f71d411da54e31423c78072ef3e1edb7d04948ba8934a,,,,
inference_diagnostic,f87b622f889053fe,dgp1_N100_T100_r2026080902_truth1-1-1,1,100,100,2026080902,fixed_rank,B_entry,success,0.1372513077193882,True,87,9.44217827503641e-09,True,1.7726266943478097,0.22017724733728175,44.282022113716174,201.11988250031172,0.03763056798965339,0.19398599946814046,0.7604111449251227,True,True,0.36025981223476533,,,0.36025981223476533,0.13380787070569422,0.19334476849466445,1.6002037680553027,theorem_covered,True,65254bae1963e6754d5f71d411da54e31423c78072ef3e1edb7d04948ba8934a,,,,
inference_diagnostic,f87b622f889053fe,dgp1_N100_T100_r2026080902_truth1-1-1,1,100,100,2026080902,fixed_rank,A_fixed_time_mean,success,0.09873384147138489,True,84,9.289689925217489e-09,True,2.1958898011495065,0.22017724733728175,44.282022113716174,201.11988250031172,0.004618188044603187,0.06795725159689131,0.2663875312364681,True,True,0.5912365027706958,,,0.5912365027706958,0.9945905440840515,,,theorem_covered,True,65254bae1963e6754d5f71d411da54e31423c78072ef3e1edb7d04948ba8934a,,,,
inference_diagnostic,f87b622f889053fe,dgp1_N100_T100_r2026080902_truth1-1-1,1,100,100,2026080902,fixed_rank,B_fixed_time_mean,success,0.0881777119929108,True,89,8.644109856483523e-09,True,0.7818918842756775,0.22017724733728175,44.282022113716174,201.11988250031172,0.027398349330994103,0.16552446746929622,0.6488439895999848,True,True,0.9371953123297996,,,0.9371953123297996,0.9277822496988523,,,theorem_covered,True,65254bae1963e6754d5f71d411da54e31423c78072ef3e1edb7d04948ba8934a,,,,
inference_diagnostic,f87b622f889053fe,dgp1_N100_T100_r2026080902_truth1-1-1,1,100,100,2026080902,fixed_rank,A_full_mean,success,0.009989225730433466,True,92,9.653238666891913e-09,True,1.1588079488296112,0.22017724733728175,44.282022113716174,201.11988250031172,8.857118399899055e-05,0.00941122648749835,0.03689132993169233,True,True,0.45517793705081133,0.4586331525213577,0.4557274696561514,0.45117318897492487,0.9997981764454303,,,theorem_covered,True,65254bae1963e6754d5f71d411da54e31423c78072ef3e1edb7d04948ba8934a,success,success,success,success
inference_diagnostic,f87b622f889053fe,dgp1_N100_T100_r2026080902_truth1-1-1,1,100,100,2026080902,fixed_rank,B_full_mean,success,0.009861381118035466,True,94,9.182426898983438e-09,True,0.8105744067678696,0.22017724733728175,44.282022113716174,201.11988250031172,0.00045097576636318466,0.021236190015235423,0.08324433519742105,True,True,0.6599526228714545,0.6635851684666263,0.6593533435650003,0.6569193565827369,0.9962319829065747,,,theorem_covered,True,65254bae1963e6754d5f71d411da54e31423c78072ef3e1edb7d04948ba8934a,success,success,success,success
inference_diagnostic,f87b622f889053fe,dgp1_N100_T100_r2026080902_truth1-1-1,1,100,100,2026080902,fixed_rank,A_G1_fixed_time,success,0.09940111426773138,True,84,8.671029801932742e-09,True,2.201826514623681,0.22017724733728175,44.282022113716174,201.11988250031172,0.004630737529403537,0.06804952262436186,0.26674922701778564,True,True,0.5905492775136895,,,0.5905492775136895,0.714482113017635,,,theorem_covered,True,65254bae1963e6754d5f71d411da54e31423c78072ef3e1edb7d04948ba8934a,,,,
inference_diagnostic,f87b622f889053fe,dgp1_N100_T100_r2026080902_truth1-1-1,1,100,100,2026080902,fixed_rank,A_G2_fixed_time,success,0.09962523456110144,True,85,8.045373881011072e-09,True,2.2092913510297647,0.22017724733728175,44.282022113716174,201.11988250031172,0.004728026220684332,0.06876064441731426,0.2695367732234022,True,True,0.5919237280277024,,,0.5919237280277024,0.7027181274679046,,,theorem_covered,True,65254bae1963e6754d5f71d411da54e31423c78072ef3e1edb7d04948ba8934a,,,,
inference_diagnostic,f87b622f889053fe,dgp1_N100_T100_r2026080902_truth1-1-1,1,100,100,2026080902,fixed_rank,A_G2_minus_G1_fixed_time,success,0.0248606506603483,True,86,9.75964344175938e-09,True,3.529268870232169,0.22017724733728175,44.282022113716174,201.11988250031172,0.0002447753207369316,0.01564529708049456,0.06132843761039799,True,True,0.0013744505140130397,,,0.0013744505140130397,0.1228295815865785,,,weak_target_stress_outside_assumption9,False,65254bae1963e6754d5f71d411da54e31423c78072ef3e1edb7d04948ba8934a,,,,
inference_diagnostic,f87b622f889053fe,dgp1_N100_T100_r2026080902_truth1-1-1,1,100,100,2026080902,fixed_rank,A_G1_time_average,success,0.013832525884655772,True,91,8.494351645729373e-09,True,1.437945409450649,0.22017724733728175,44.282022113716174,201.11988250031172,0.00014125067473390942,0.011884892710239727,0.046587923344384996,True,True,0.45464885981470116,0.45721424317737824,0.46004144289354193,0.4466908933731833,0.9908020961105911,,,theorem_covered,True,65254bae1963e6754d5f71d411da54e31423c78072ef3e1edb7d04948ba8934a,success,success,success,success
inference_diagnostic,f87b622f889053fe,dgp1_N100_T100_r2026080902_truth1-1-1,1,100,100,2026080902,fixed_rank,A_G2_time_average,success,0.013833905831971539,True,91,8.108579443702418e-09,True,1.660958324235645,0.22017724733728175,44.282022113716174,201.11988250031172,0.00014930603353210421,0.012219084807468365,0.04789793229335707,True,True,0.45570701428692173,0.4600520618653374,0.45141349641876105,0.4556554845766667,0.9904873296467047,,,theorem_covered,True,65254bae1963e6754d5f71d411da54e31423c78072ef3e1edb7d04948ba8934a,success,success,success,success
inference_diagnostic,f87b622f889053fe,dgp1_N100_T100_r2026080902_truth1-1-1,1,100,100,2026080902,fixed_rank,A_G2_minus_G1_time_average,success,0.019138780605379234,True,87,7.81201321327096e-09,True,3.5300050588536678,0.22017724733728175,44.282022113716174,201.11988250031172,0.00022682868116669148,0.01506083268503742,0.059037379279714045,True,True,0.0010581544722206397,0.0028378186879591946,-0.008627946474780941,0.008964591203483665,0.9814059049262928,,,theorem_covered,True,65254bae1963e6754d5f71d411da54e31423c78072ef3e1edb7d04948ba8934a,success,success,success,success
inference_diagnostic,f87b622f889053fe,dgp1_N100_T100_r2026080902_truth1-1-1,1,100,100,2026080902,fixed_rank,B_G1_fixed_time,success,0.09633198777686398,True,89,8.575026035385945e-09,True,0.7865012284251346,0.22017724733728175,44.282022113716174,201.11988250031172,0.03249932281919073,0.18027568560177695,0.7066677021354976,True,True,1.0157654223582737,,,1.0157654223582737,0.7048756907376394,,,theorem_covered,True,65254bae1963e6754d5f71d411da54e31423c78072ef3e1edb7d04948ba8934a,,,,
inference_diagnostic,f87b622f889053fe,dgp1_N100_T100_r2026080902_truth1-1-1,1,100,100,2026080902,fixed_rank,B_G2_fixed_time,success,0.0820480030916389,True,89,9.220886589778394e-09,True,0.7792824915473627,0.22017724733728175,44.282022113716174,201.11988250031172,0.02367958672502192,0.15388172966607153,0.603205296048458,True,True,0.8586252023013252,,,0.8586252023013252,0.6194511336174687,,,theorem_covered,True,65254bae1963e6754d5f71d411da54e31423c78072ef3e1edb7d04948ba8934a,,,,
inference_diagnostic,f87b622f889053fe,dgp1_N100_T100_r2026080902_truth1-1-1,1,100,100,2026080902,fixed_rank,B_G2_minus_G1_fixed_time,success,0.03036803898041556,True,92,8.80281380128424e-09,True,0.8575998433156196,0.22017724733728175,44.282022113716174,201.11988250031172,0.0027644217648430673,0.05257776873207028,0.20610106620466787,True,True,-0.15714022005694855,,,-0.15714022005694855,0.140675312249763,,,weak_target_stress_outside_assumption9,False,65254bae1963e6754d5f71d411da54e31423c78072ef3e1edb7d04948ba8934a,,,,
inference_diagnostic,f87b622f889053fe,dgp1_N100_T100_r2026080902_truth1-1-1,1,100,100,2026080902,fixed_rank,B_G1_time_average,success,0.013665039338630794,True,93,9.108586766406819e-09,True,0.8556973066604145,0.22017724733728175,44.282022113716174,201.11988250031172,0.000825527145418426,0.028731988191185553,0.11262732411790763,True,True,0.7152799911482851,0.705391142579807,0.7064083274979877,0.7340405033670608,0.9863141521873241,,,theorem_covered,True,65254bae1963e6754d5f71d411da54e31423c78072ef3e1edb7d04948ba8934a,success,success,success,success
inference_diagnostic,f87b622f889053fe,dgp1_N100_T100_r2026080902_truth1-1-1,1,100,100,2026080902,fixed_rank,B_G2_time_average,success,0.01354917177322839,True,93,8.168848329857633e-09,True,0.8194635892048442,0.22017724733728175,44.282022113716174,201.11988250031172,0.0009032770051527525,0.030054567126357894,0.11781173827720588,True,True,0.6046252545946234,0.6217791943534453,0.6122983596320126,0.5797982097984122,0.9832107477472302,,,theorem_covered,True,65254bae1963e6754d5f71d411da54e31423c78072ef3e1edb7d04948ba8934a,success,success,success,success
inference_diagnostic,f87b622f889053fe,dgp1_N100_T100_r2026080902_truth1-1-1,1,100,100,2026080902,fixed_rank,B_G2_minus_G1_time_average,success,0.018752049528330678,True,92,8.261627623173179e-09,True,0.8711111215996016,0.22017724733728175,44.282022113716174,201.11988250031172,0.0016537052351956686,0.04066577473989237,0.15940690778721547,True,True,-0.11065473655366177,-0.08361194822636166,-0.0941099678659751,-0.1542422935686486,0.9731602219186235,,,theorem_covered,True,65254bae1963e6754d5f71d411da54e31423c78072ef3e1edb7d04948ba8934a,success,success,success,success
inference_diagnostic,f87b622f889053fe,dgp1_N100_T100_r2026080903_truth1-1-1,1,100,100,2026080903,fixed_rank,A_entry,success,0.18071360755384797,True,89,9.865068391019905e-09,True,1.5370077059239804,0.19953431847117867,45.65057088733167,228.7855604845518,0.011937641851601118,0.10925951606885836,0.4282894329264754,True,True,0.8350649820389312,,,0.8350649820389312,0.1673094836793261,1.1310156271243166,1.6873144964131175,theorem_covered,True,a0da67ca313a3846bbc203daddc1c66f2abd37f3c6c3018179e0eb9ff240e26e,,,,
inference_diagnostic,f87b622f889053fe,dgp1_N100_T100_r2026080903_truth1-1-1,1,100,100,2026080903,fixed_rank,B_entry,success,0.16211019525696974,True,93,7.128412612318136e-09,True,0.6804377427359387,0.19953431847117867,45.65057088733167,228.7855604845518,0.1304337107433998,0.3611560753239516,1.41570580086556,True,True,0.8625627973901202,,,0.8625627973901202,0.16578800528541957,1.3596354487549254,1.4080755147405561,theorem_covered,True,a0da67ca313a3846bbc203daddc1c66f2abd37f3c6c3018179e0eb9ff240e26e,,,,
inference_diagnostic,f87b622f889053fe,dgp1_N100_T100_r2026080903_truth1-1-1,1,100,100,2026080903,fixed_rank,A_fixed_time_mean,success,0.09815949872291234,True,90,9.347029070183873e-09,True,0.9105540540590794,0.19953431847117867,45.65057088733167,228.7855604845518,0.0033235566187183652,0.05765029591180227,0.22598500737041832,True,True,0.5929637414842662,,,0.5929637414842662,0.9950604631180681,,,theorem_covered,True,a0da67ca313a3846bbc203daddc1c66f2abd37f3c6c3018179e0eb9ff240e26e,,,,
inference_diagnostic,f87b622f889053fe,dgp1_N100_T100_r2026080903_truth1-1-1,1,100,100,2026080903,fixed_rank,B_fixed_time_mean,success,0.08837073062391389,True,92,8.626105722260383e-09,True,1.067119154999583,0.19953431847117867,45.65057088733167,228.7855604845518,0.018269221195827003,0.13516368297670422,0.5298319013042597,True,True,0.5751294593576299,,,0.5751294593576299,0.9309281196992163,,,theorem_covered,True,a0da67ca313a3846bbc203daddc1c66f2abd37f3c6c3018179e0eb9ff240e26e,,,,
inference_diagnostic,f87b622f889053fe,dgp1_N100_T100_r2026080903_truth1-1-1,1,100,100,2026080903,fixed_rank,A_full_mean,success,0.009986746036775886,True,95,9.273690181332375e-09,True,0.9531754310010223,0.19953431847117867,45.65057088733167,228.7855604845518,9.69304843342801e-05,0.009845328046047024,0.03859297677246854,True,True,0.485962190938808,0.48497540156466223,0.4884271628636946,0.48448400838806704,0.999802805404206,,,theorem_covered,True,a0da67ca313a3846bbc203daddc1c66f2abd37f3c6c3018179e0eb9ff240e26e,success,success,success,success
inference_diagnostic,f87b622f889053fe,dgp1_N100_T100_r2026080903_truth1-1-1,1,100,100,2026080903,fixed_rank,B_full_mean,success,0.009817923323792638,True,98,9.951142337591142e-09,True,0.787106183292795,0.19953431847117867,45.65057088733167,228.7855604845518,0.0005079708983559965,0.02253820974159209,0.08834815873906059,True,True,0.5572055519129332,0.5598394315945441,0.5488074661217957,0.5629697580224597,0.9967076551175248,,,theorem_covered,True,a0da67ca313a3846bbc203daddc1c66f2abd37f3c6c3018179e0eb9ff240e26e,success,success,success,success
inference_diagnostic,f87b622f889053fe,dgp1_N100_T100_r2026080903_truth1-1-1,1,100,100,2026080903,fixed_rank,A_G1_fixed_time,success,0.10091759722475459,True,90,8.316334713317203e-09,True,0.9317317106079699,0.19953431847117867,45.65057088733167,228.7855604845518,0.0035436430124850486,0.05952850588151065,0.2333474551624833,True,True,0.6056540811766729,,,0.6056540811766729,0.7230824471717616,,,theorem_covered,True,a0da67ca313a3846bbc203daddc1c66f2abd37f3c6c3018179e0eb9ff240e26e,,,,
inference_diagnostic,f87b622f889053fe,dgp1_N100_T100_r2026080903_truth1-1-1,1,100,100,2026080903,fixed_rank,A_G2_fixed_time,success,0.09680575326938749,True,90,9.33064942552173e-09,True,0.9167756715913689,0.19953431847117867,45.65057088733167,228.7855604845518,0.0032253034954363344,0.05679175552345899,0.22261959088956662,True,True,0.5802734017918597,,,0.5802734017918597,0.6960941467153817,,,theorem_covered,True,a0da67ca313a3846bbc203daddc1c66f2abd37f3c6c3018179e0eb9ff240e26e,,,,
inference_diagnostic,f87b622f889053fe,dgp1_N100_T100_r2026080903_truth1-1-1,1,100,100,2026080903,fixed_rank,A_G2_minus_G1_fixed_time,success,0.023880574390264225,True,91,9.49228643832933e-09,True,3.389727032857513,0.19953431847117867,45.65057088733167,228.7855604845518,0.0002436665386542148,0.01560982186490976,0.06118937732061798,True,True,-0.025380679384812994,,,-0.025380679384812994,0.1313391078033328,,,weak_target_stress_outside_assumption9,False,a0da67ca313a3846bbc203daddc1c66f2abd37f3c6c3018179e0eb9ff240e26e,,,,
inference_diagnostic,f87b622f889053fe,dgp1_N100_T100_r2026080903_truth1-1-1,1,100,100,2026080903,fixed_rank,A_G1_time_average,success,0.013887784573954875,True,93,9.516079623126606e-09,True,1.4881428322635948,0.19953431847117867,45.65057088733167,228.7855604845518,0.0001562466998372643,0.012499867992793536,0.04899858215476061,True,True,0.4963625322231549,0.4947574259625698,0.4927025872367975,0.5016275834700975,0.9904069978711355,,,theorem_covered,True,a0da67ca313a3846bbc203daddc1c66f2abd37f3c6c3018179e0eb9ff240e26e,success,success,success,success
inference_diagnostic,f87b622f889053fe,dgp1_N100_T100_r2026080903_truth1-1-1,1,100,100,2026080903,fixed_rank,A_G2_time_average,success,0.01386650802138898,True,94,8.46798490242486e-09,True,1.2256127720530696,0.19953431847117867,45.65057088733167,228.7855604845518,0.00016020852881318788,0.012657350781786364,0.04961590334398234,True,True,0.47556184965446113,0.4751933771667547,0.4841517384905919,0.4673404333060368,0.9896329320078731,,,theorem_covered,True,a0da67ca313a3846bbc203daddc1c66f2abd37f3c6c3018179e0eb9ff240e26e,success,success,success,success
inference_diagnostic,f87b622f889053fe,dgp1_N100_T100_r2026080903_truth1-1-1,1,100,100,2026080903,fixed_rank,A_G2_minus_G1_time_average,success,0.01927072454650869,True,91,9.02964523609481e-09,True,3.5980604980957107,0.19953431847117867,45.65057088733167,228.7855604845518,0.00024518852088905175,0.015658496763388617,0.061380179416557386,True,True,-0.02080068256869364,-0.019564048795815137,-0.00855084874620568,-0.03428715016406011,0.980139638955846,,,theorem_covered,True,a0da67ca313a3846bbc203daddc1c66f2abd37f3c6c3018179e0eb9ff240e26e,success,success,success,success
inference_diagnostic,f87b622f889053fe,dgp1_N100_T100_r2026080903_truth1-1-1,1,100,100,2026080903,fixed_rank,B_G1_fixed_time,success,0.09488192985212099,True,92,9.076925490124764e-09,True,1.0645442809304626,0.19953431847117867,45.65057088733167,228.7855604845518,0.021055096076978065,0.14510374246372168,0.5687962185017396,True,True,0.6148796117424797,,,0.6148796117424797,0.6819815605492513,,,theorem_covered,True,a0da67ca313a3846bbc203daddc1c66f2abd37f3c6c3018179e0eb9ff240e26e,,,,
inference_diagnostic,f87b622f889053fe,dgp1_N100_T100_r2026080903_truth1-1-1,1,100,100,2026080903,fixed_rank,B_G2_fixed_time,success,0.08287483568635493,True,92,9.457546248085485e-09,True,1.064626821520605,0.19953431847117867,45.65057088733167,228.7855604845518,0.016144182947401137,0.1270597613227773,0.4980651121537977,True,True,0.5353793069727801,,,0.5353793069727801,0.645218694550741,,,theorem_covered,True,a0da67ca313a3846bbc203daddc1c66f2abd37f3c6c3018179e0eb9ff240e26e,,,,
inference_diagnostic,f87b622f889053fe,dgp1_N100_T100_r2026080903_truth1-1-1,1,100,100,2026080903,fixed_rank,B_G2_minus_G1_fixed_time,success,0.022452035119090663,True,98,7.719158814321366e-09,True,0.9301641302708988,0.19953431847117867,45.65057088733167,228.7855604845518,0.001321673261635254,0.03635482446162069,0.14250829321810463,True,True,-0.07950030476969977,,,-0.07950030476969977,0.12156828813566825,,,weak_target_stress_outside_assumption9,False,a0da67ca313a3846bbc203daddc1c66f2abd37f3c6c3018179e0eb9ff240e26e,,,,
inference_diagnostic,f87b622f889053fe,dgp1_N100_T100_r2026080903_truth1-1-1,1,100,100,2026080903,fixed_rank,B_G1_time_average,success,0.013486476164911556,True,96,9.724918454033696e-09,True,0.8331510231000533,0.19953431847117867,45.65057088733167,228.7855604845518,0.0009567841396365813,0.030931927512468104,0.12125092779368221,True,True,0.5957168909477342,0.5920540145291648,0.5889383783243096,0.606158279989728,0.9867295022971222,,,theorem_covered,True,a0da67ca313a3846bbc203daddc1c66f2abd37f3c6c3018179e0eb9ff240e26e,success,success,success,success
inference_diagnostic,f87b622f889053fe,dgp1_N100_T100_r2026080903_truth1-1-1,1,100,100,2026080903,fixed_rank,B_G2_time_average,success,0.013355498815771765,True,97,8.802566443044441e-09,True,0.8241238217621727,0.19953431847117867,45.65057088733167,228.7855604845518,0.0009053070744140483,0.030088321229574246,0.11794405193047487,True,True,0.5186942128781323,0.5276248486599233,0.5086765539192817,0.5197812360551919,0.9855101237305609,,,theorem_covered,True,a0da67ca313a3846bbc203daddc1c66f2abd37f3c6c3018179e0eb9ff240e26e,success,success,success,success
inference_diagnostic,f87b622f889053fe,dgp1_N100_T100_r2026080903_truth1-1-1,1,100,100,2026080903,fixed_rank,B_G2_minus_G1_time_average,success,0.01830142897049657,True,98,8.163086389191578e-09,True,0.8884067463832616,0.19953431847117867,45.65057088733167,228.7855604845518,0.001692298837175579,0.04113755993220282,0.16125627175795101,True,True,-0.07702267806960184,-0.06442916586924148,-0.08026182440502797,-0.08637704393453607,0.9754174311078723,,,theorem_covered,True,a0da67ca313a3846bbc203daddc1c66f2abd37f3c6c3018179e0eb9ff240e26e,success,success,success,success
inference_diagnostic,f87b622f889053fe,dgp1_N50_T50_r2026080901_truth1-1-1,1,50,50,2026080901,fixed_rank,A_entry,success,0.21297630941168824,True,74,9.954020235970391e-09,True,4.849937838353697,0.1308897122525601,28.12915501577578,214.90730273360805,0.020713932061490862,0.14392335481599525,0.5641691839470601,True,True,0.5379923284777229,,,0.5379923284777229,0.21596963583210968,0.8110191077370404,1.546205110111281,theorem_covered,True,6e94958e6e076a7758783143f9c8d74bd9c57354d27442ceb5ce5b5fa280c4d2,,,,
inference_diagnostic,f87b622f889053fe,dgp1_N50_T50_r2026080901_truth1-1-1,1,50,50,2026080901,fixed_rank,B_entry,success,0.24120127089791038,True,81,7.861776218373568e-09,True,0.9419337205619375,0.1308897122525601,28.12915501577578,214.90730273360805,0.270291798979551,0.5198959501472876,2.0379546759938303,True,True,0.7137696472640219,,,0.7137696472640219,0.23147808406529113,1.1610899639094403,1.5541043044323575,theorem_covered,True,6e94958e6e076a7758783143f9c8d74bd9c57354d27442ceb5ce5b5fa280c4d2,,,,
inference_diagnostic,f87b622f889053fe,dgp1_N50_T50_r2026080901_truth1-1-1,1,50,50,2026080901,fixed_rank,A_fixed_time_mean,success,0.13835224120198053,True,80,7.845298630332681e-09,True,3.3641506865138866,0.1308897122525601,28.12915501577578,214.90730273360805,0.005991845451962937,0.07740701164599326,0.3034299099540386,True,True,0.602952902693563,,,0.602952902693563,0.994193289464755,,,theorem_covered,True,6e94958e6e076a7758783143f9c8d74bd9c57354d27442ceb5ce5b5fa280c4d2,,,,
inference_diagnostic,f87b622f889053fe,dgp1_N50_T50_r2026080901_truth1-1-1,1,50,50,2026080901,fixed_rank,B_fixed_time_mean,success,0.12005089112573498,True,84,6.795548787905625e-09,True,0.6439743056782979,0.1308897122525601,28.12915501577578,214.90730273360805,0.05680197536601124,0.2383316499460599,0.9342429005405698,True,True,0.9499775373231202,,,0.9499775373231202,0.9445269249861619,,,theorem_covered,True,6e94958e6e076a7758783143f9c8d74bd9c57354d27442ceb5ce5b5fa280c4d2,,,,
inference_diagnostic,f87b622f889053fe,dgp1_N50_T50_r2026080901_truth1-1-1,1,50,50,2026080901,fixed_rank,A_full_mean,boundary_interiority_failure,0.019942187143758196,True,83,9.957615379706173e-09,True,0.6191866614299754,0.1308897122525601,28.12915501577578,214.90730273360805,0.0007353115517782745,0.027116628694922134,0.1062952312483855,True,True,0.45452641837861774,0.44933100175957885,0.47412816115345385,0.4401200922228205,0.9997571181595291,,,theorem_covered,True,6e94958e6e076a7758783143f9c8d74bd9c57354d27442ceb5ce5b5fa280c4d2,success,success,success,success
inference_diagnostic,f87b622f889053fe,dgp1_N50_T50_r2026080901_truth1-1-1,1,50,50,2026080901,fixed_rank,B_full_mean,boundary_interiority_failure,0.019397636603624195,True,85,9.094012249557142e-09,True,0.7311066726863158,0.1308897122525601,28.12915501577578,214.90730273360805,0.00381824580127394,0.061791955797449394,0.2422200157945836,True,True,0.5335862468845158,0.5243811526034039,0.4063217310980122,0.6700558569521314,0.9966052193124384,,,theorem_covered,True,6e94958e6e076a7758783143f9c8d74bd9c57354d27442ceb5ce5b5fa280c4d2,success,success,success,success
inference_diagnostic,f87b622f889053fe,dgp1_N50_T50_r2026080901_truth1-1-1,1,50,50,2026080901,fixed_rank,A_G1_fixed_time,success,0.13682075461204218,True,80,7.875229971147488e-09,True,3.4680072499239483,0.1308897122525601,28.12915501577578,214.90730273360805,0.0057936033845347925,0.07611572363536191,0.298368153965027,True,True,0.5858951093391647,,,0.5858951093391647,0.7155892535278098,,,theorem_covered,True,6e94958e6e076a7758783143f9c8d74bd9c57354d27442ceb5ce5b5fa280c4d2,,,,
inference_diagnostic,f87b622f889053fe,dgp1_N50_T50_r2026080901_truth1-1-1,1,50,50,2026080901,fixed_rank,A_G2_fixed_time,success,0.14427998622207291,True,80,8.45044797932842e-09,True,3.2522380382790614,0.1308897122525601,28.12915501577578,214.90730273360805,0.006669341927878167,0.08166603901180813,0.32012499044637394,True,True,0.6200106960479614,,,0.6200106960479614,0.7122376000019127,,,theorem_covered,True,6e94958e6e076a7758783143f9c8d74bd9c57354d27442ceb5ce5b5fa280c4d2,,,,
inference_diagnostic,f87b622f889053fe,dgp1_N50_T50_r2026080901_truth1-1-1,1,50,50,2026080901,fixed_rank,A_G2_minus_G1_fixed_time,success,0.05007889826320519,True,77,8.695450467147593e-09,True,2.987591574970348,0.1308897122525601,28.12915501577578,214.90730273360805,0.0009585088264899695,0.030959793708776058,0.12136016127598163,True,True,0.03411558670879668,,,0.03411558670879668,0.1758695022004154,,,weak_target_stress_outside_assumption9,False,6e94958e6e076a7758783143f9c8d74bd9c57354d27442ceb5ce5b5fa280c4d2,,,,
inference_diagnostic,f87b622f889053fe,dgp1_N50_T50_r2026080901_truth1-1-1,1,50,50,2026080901,fixed_rank,A_G1_time_average,boundary_interiority_failure,0.0272538411430981,True,83,9.125987672335993e-09,True,0.8312132215354541,0.1308897122525601,28.12915501577578,214.90730273360805,0.0010776985459832484,0.03282831926832759,0.12868464687780876,True,True,0.44166767321928374,0.43630167222297717,0.4485693113851176,0.4401320360497566,0.9897140711209403,,,theorem_covered,True,6e94958e6e076a7758783143f9c8d74bd9c57354d27442ceb5ce5b5fa280c4d2,success,success,success,success
inference_diagnostic,f87b622f889053fe,dgp1_N50_T50_r2026080901_truth1-1-1,1,50,50,2026080901,fixed_rank,A_G2_time_average,boundary_interiority_failure,0.027357096554917318,True,83,8.45440585518284e-09,True,0.8949345107607973,0.1308897122525601,28.12915501577578,214.90730273360805,0.001127102956444132,0.03357235404978525,0.13160120962761304,True,True,0.46738516353795184,0.46236033129618054,0.4996870109217902,0.4401081483958848,0.9896126584916863,,,theorem_covered,True,6e94958e6e076a7758783143f9c8d74bd9c57354d27442ceb5ce5b5fa280c4d2,success,success,success,success
inference_diagnostic,f87b622f889053fe,dgp1_N50_T50_r2026080901_truth1-1-1,1,50,50,2026080901,fixed_rank,A_G2_minus_G1_time_average,boundary_interiority_failure,0.0373041802701774,True,80,7.86362175686413e-09,True,3.054004904935356,0.1308897122525601,28.12915501577578,214.90730273360805,0.001468356797121645,0.038319144002986874,0.15020828432851654,True,True,0.025717490318668077,0.026058659073203344,0.05111769953667265,-2.3887653871762504e-05,0.9794655997589343,,,theorem_covered,True,6e94958e6e076a7758783143f9c8d74bd9c57354d27442ceb5ce5b5fa280c4d2,success,success,success,success
inference_diagnostic,f87b622f889053fe,dgp1_N50_T50_r2026080901_truth1-1-1,1,50,50,2026080901,fixed_rank,B_G1_fixed_time,success,0.13579728122759444,True,84,9.811908096998449e-09,True,0.6310131346196867,0.1308897122525601,28.12915501577578,214.90730273360805,0.07331578339331939,0.27076887449136283,1.0613944842750347,True,True,1.0514782481336804,,,1.0514782481336804,0.6781047766072715,,,theorem_covered,True,6e94958e6e076a7758783143f9c8d74bd9c57354d27442ceb5ce5b5fa280c4d2,,,,
inference_diagnostic,f87b622f889053fe,dgp1_N50_T50_r2026080901_truth1-1-1,1,50,50,2026080901,fixed_rank,B_G2_fixed_time,success,0.11275642206129592,True,83,7.709859221314198e-09,True,0.6703800896087423,0.1308897122525601,28.12915501577578,214.90730273360805,0.0473030883179628,0.21749273164398575,0.852555841842894,True,True,0.8484768265125597,,,0.8484768265125597,0.6807281391999133,,,theorem_covered,True,6e94958e6e076a7758783143f9c8d74bd9c57354d27442ceb5ce5b5fa280c4d2,,,,
inference_diagnostic,f87b622f889053fe,dgp1_N50_T50_r2026080901_truth1-1-1,1,50,50,2026080901,fixed_rank,B_G2_minus_G1_fixed_time,success,0.06827121479372296,True,84,9.857325915862126e-09,True,0.6780803601851795,0.1308897122525601,28.12915501577578,214.90730273360805,0.014029841982351462,0.11844763392466505,0.46430619309265636,True,True,-0.20300142162112061,,,-0.20300142162112061,0.1763115864949296,,,weak_target_stress_outside_assumption9,False,6e94958e6e076a7758783143f9c8d74bd9c57354d27442ceb5ce5b5fa280c4d2,,,,
inference_diagnostic,f87b622f889053fe,dgp1_N50_T50_r2026080901_truth1-1-1,1,50,50,2026080901,fixed_rank,B_G1_time_average,boundary_interiority_failure,0.026616480844717197,True,86,6.832792574468958e-09,True,0.7381384481965437,0.1308897122525601,28.12915501577578,214.90730273360805,0.0073597283275196376,0.08578885899415867,0.33628614780667215,True,True,0.590597472107935,0.5954642593076775,0.5386977492210853,0.6376304077950422,0.9828823404632056,,,theorem_covered,True,6e94958e6e076a7758783143f9c8d74bd9c57354d27442ceb5ce5b5fa280c4d2,success,success,success,success
inference_diagnostic,f87b622f889053fe,dgp1_N50_T50_r2026080901_truth1-1-1,1,50,50,2026080901,fixed_rank,B_G2_time_average,boundary_interiority_failure,0.026155583727440194,True,85,8.597957876722234e-09,True,0.7278614952118512,0.1308897122525601,28.12915501577578,214.90730273360805,0.007094884702787453,0.08423113855806208,0.3301799959012095,True,True,0.4765750216610967,0.45329804589913036,0.273945712974939,0.7024813061092208,0.9829962802503164,,,theorem_covered,True,6e94958e6e076a7758783143f9c8d74bd9c57354d27442ceb5ce5b5fa280c4d2,success,success,success,success
inference_diagnostic,f87b622f889053fe,dgp1_N50_T50_r2026080901_truth1-1-1,1,50,50,2026080901,fixed_rank,B_G2_minus_G1_time_average,boundary_interiority_failure,0.03577750693013166,True,84,7.2787541329528345e-09,True,0.7349628182806028,0.1308897122525601,28.12915501577578,214.90730273360805,0.013636242866207971,0.11677432451617081,0.45774694074137495,True,True,-0.11402245044683838,-0.14216621340854724,-0.2647520362461463,0.0648508983141784,0.9690807082073201,,,theorem_covered,True,6e94958e6e076a7758783143f9c8d74bd9c57354d27442ceb5ce5b5fa280c4d2,success,success,success,success
inference_diagnostic,f87b622f889053fe,dgp1_N50_T50_r2026080903_truth1-1-1,1,50,50,2026080903,fixed_rank,A_entry,success,0.2540666219869725,True,56,9.970490104246065e-09,True,3.199592178726605,0.28554422409785307,17.56387352447231,61.510169151428364,0.026030870063886657,0.16134085057382913,0.6324445127195272,True,True,0.7994322125483286,,,0.7994322125483286,0.2307316799909536,1.3096263780098891,1.3885999726153193,theorem_covered,True,50abda1c80049d538df3a015d1baa6648833f4cc383f0ab443c68eb5f4fcc822,,,,
inference_diagnostic,f87b622f889053fe,dgp1_N50_T50_r2026080903_truth1-1-1,1,50,50,2026080903,fixed_rank,B_entry,success,0.18843403480779458,True,60,7.100508287727883e-09,True,0.8708750096656025,0.28554422409785307,17.56387352447231,61.510169151428364,0.12572576354902695,0.35457828973165706,1.3899213551477125,True,True,0.6191704706771926,,,0.6191704706771926,0.23755798069315454,1.9175849610906375,0.9401615411041657,theorem_covered,True,50abda1c80049d538df3a015d1baa6648833f4cc383f0ab443c68eb5f4fcc822,,,,
inference_diagnostic,f87b622f889053fe,dgp1_N50_T50_r2026080903_truth1-1-1,1,50,50,2026080903,fixed_rank,A_fixed_time_mean,success,0.13701972514329802,True,57,8.157990573019325e-09,True,2.724495504437071,0.28554422409785307,17.56387352447231,61.510169151428364,0.01033582815161958,0.10166527505308574,0.398520555164813,True,True,0.6076041935548775,,,0.6076041935548775,0.9954428871890709,,,theorem_covered,True,50abda1c80049d538df3a015d1baa6648833f4cc383f0ab443c68eb5f4fcc822,,,,
inference_diagnostic,f87b622f889053fe,dgp1_N50_T50_r2026080903_truth1-1-1,1,50,50,2026080903,fixed_rank,B_fixed_time_mean,success,0.12732856334323514,True,59,6.690755393978411e-09,True,1.0256593551120137,0.28554422409785307,17.56387352447231,61.510169151428364,0.04514308763956879,0.2124690274829929,0.8328632833938341,True,True,0.49717798841174987,,,0.49717798841174987,0.9329978565067619,,,theorem_covered,True,50abda1c80049d538df3a015d1baa6648833f4cc383f0ab443c68eb5f4fcc822,,,,
inference_diagnostic,f87b622f889053fe,dgp1_N50_T50_r2026080903_truth1-1-1,1,50,50,2026080903,fixed_rank,A_full_mean,split_fit_failure,0.019938600291011487,True,60,8.964910733935453e-09,True,1.094645702892014,0.28554422409785307,17.56387352447231,61.510169151428364,0.0006447112366303861,0.025391164538681288,0.0995315360426918,True,True,0.44821339926724146,0.44047359835884864,0.4383173612594228,0.46584923818345303,0.9997984675561105,,,theorem_covered,True,50abda1c80049d538df3a015d1baa6648833f4cc383f0ab443c68eb5f4fcc822,success,success,success,success
inference_diagnostic,f87b622f889053fe,dgp1_N50_T50_r2026080903_truth1-1-1,1,50,50,2026080903,fixed_rank,B_full_mean,split_fit_failure,0.019700144118228784,True,62,8.200226670228721e-09,True,0.6285901522923152,0.28554422409785307,17.56387352447231,61.510169151428364,0.0031472391897552346,0.05610026015764307,0.21990897886461552,True,True,0.6248230206898541,0.5983194967383656,0.6276664206214124,0.6484831447097843,0.9953846173168215,,,theorem_covered,True,50abda1c80049d538df3a015d1baa6648833f4cc383f0ab443c68eb5f4fcc822,success,success,success,success
inference_diagnostic,f87b622f889053fe,dgp1_N50_T50_r2026080903_truth1-1-1,1,50,50,2026080903,fixed_rank,A_G1_fixed_time,success,0.1465271602072498,True,57,8.045758352541914e-09,True,2.7013377265072425,0.28554422409785307,17.56387352447231,61.510169151428364,0.011900431598221364,0.10908909935562473,0.4276214116858722,True,True,0.6407821912584397,,,0.6407821912584397,0.7228759633849006,,,theorem_covered,True,50abda1c80049d538df3a015d1baa6648833f4cc383f0ab443c68eb5f4fcc822,,,,
inference_diagnostic,f87b622f889053fe,dgp1_N50_T50_r2026080903_truth1-1-1,1,50,50,2026080903,fixed_rank,A_G2_fixed_time,success,0.13234257292091564,True,58,6.391179952879977e-09,True,2.727029790646231,0.28554422409785307,17.56387352447231,61.510169151428364,0.009508250615637624,0.0975102590276409,0.3822331916346957,True,True,0.5744261958513153,,,0.5744261958513153,0.7044910456238856,,,theorem_covered,True,50abda1c80049d538df3a015d1baa6648833f4cc383f0ab443c68eb5f4fcc822,,,,
inference_diagnostic,f87b622f889053fe,dgp1_N50_T50_r2026080903_truth1-1-1,1,50,50,2026080903,fixed_rank,A_G2_minus_G1_fixed_time,success,0.05359020673666139,True,57,9.74606970181723e-09,True,2.431220414341132,0.28554422409785307,17.56387352447231,61.510169151428364,0.0014740518076156602,0.03839338234143562,0.1504992932677798,True,True,-0.0663559954071245,,,-0.0663559954071245,0.16718477845955448,,,weak_target_stress_outside_assumption9,False,50abda1c80049d538df3a015d1baa6648833f4cc383f0ab443c68eb5f4fcc822,,,,
inference_diagnostic,f87b622f889053fe,dgp1_N50_T50_r2026080903_truth1-1-1,1,50,50,2026080903,fixed_rank,A_G1_time_average,split_fit_failure,0.027621094584694646,True,59,8.988224423715307e-09,True,1.632536778400477,0.28554422409785307,17.56387352447231,61.510169151428364,0.0009574585530642585,0.03094282716663522,0.12129365365290519,True,True,0.4726879227964331,0.4624855703543064,0.4639681184967468,0.4916100795382462,0.989363070578201,,,theorem_covered,True,50abda1c80049d538df3a015d1baa6648833f4cc383f0ab443c68eb5f4fcc822,success,success,success,success
inference_diagnostic,f87b622f889053fe,dgp1_N50_T50_r2026080903_truth1-1-1,1,50,50,2026080903,fixed_rank,A_G2_time_average,split_fit_failure,0.027477449701466393,True,60,7.940204448064487e-09,True,1.2905204948311235,0.28554422409785307,17.56387352447231,61.510169151428364,0.0012482579371060054,0.035330693979965994,0.1384937754990789,True,True,0.4237388757380498,0.418461626363391,0.41266660402209887,0.4400883968286595,0.9887751172677123,,,theorem_covered,True,50abda1c80049d538df3a015d1baa6648833f4cc383f0ab443c68eb5f4fcc822,success,success,success,success
inference_diagnostic,f87b622f889053fe,dgp1_N50_T50_r2026080903_truth1-1-1,1,50,50,2026080903,fixed_rank,A_G2_minus_G1_time_average,split_fit_failure,0.03802208687128619,True,57,8.727635032370631e-09,True,2.5184302948665707,0.28554422409785307,17.56387352447231,61.510169151428364,0.001832588026000791,0.04280873772958963,0.16780716834723328,True,True,-0.04894904705838327,-0.04402394399091537,-0.051301514474647925,-0.05152168270958654,0.9782221333747082,,,theorem_covered,True,50abda1c80049d538df3a015d1baa6648833f4cc383f0ab443c68eb5f4fcc822,success,success,success,success
inference_diagnostic,f87b622f889053fe,dgp1_N50_T50_r2026080903_truth1-1-1,1,50,50,2026080903,fixed_rank,B_G1_fixed_time,success,0.13639177981107356,True,58,9.48306778112996e-09,True,1.0258327631277058,0.28554422409785307,17.56387352447231,61.510169151428364,0.05157639117678834,0.22710436186209268,0.8902327399633069,True,True,0.5299152485244927,,,0.5299152485244927,0.6600887381151112,,,theorem_covered,True,50abda1c80049d538df3a015d1baa6648833f4cc383f0ab443c68eb5f4fcc822,,,,
inference_diagnostic,f87b622f889053fe,dgp1_N50_T50_r2026080903_truth1-1-1,1,50,50,2026080903,fixed_rank,B_G2_fixed_time,success,0.11995379099113061,True,60,6.177766830993087e-09,True,1.0060989819183965,0.28554422409785307,17.56387352447231,61.510169151428364,0.04029418283925186,0.20073410980511475,0.7868632513734669,True,True,0.46444072829900707,,,0.46444072829900707,0.6735470670165778,,,theorem_covered,True,50abda1c80049d538df3a015d1baa6648833f4cc383f0ab443c68eb5f4fcc822,,,,
inference_diagnostic,f87b622f889053fe,dgp1_N50_T50_r2026080903_truth1-1-1,1,50,50,2026080903,fixed_rank,B_G2_minus_G1_fixed_time,success,0.03366016895595596,True,61,9.046884739354292e-09,True,0.7376505277241261,0.28554422409785307,17.56387352447231,61.510169151428364,0.003168797471944048,0.056292072905019655,0.22066087101788306,True,True,-0.06547452022548553,,,-0.06547452022548553,0.1374692453853659,,,weak_target_stress_outside_assumption9,False,50abda1c80049d538df3a015d1baa6648833f4cc383f0ab443c68eb5f4fcc822,,,,
inference_diagnostic,f87b622f889053fe,dgp1_N50_T50_r2026080903_truth1-1-1,1,50,50,2026080903,fixed_rank,B_G1_time_average,split_fit_failure,0.027069282221543246,True,62,7.497215230351075e-09,True,0.6699507802675511,0.28554422409785307,17.56387352447231,61.510169151428364,0.005862183281469481,0.07656489588231333,0.3001288768187864,True,True,0.6659652156975162,0.645037252751185,0.6612154096117611,0.6916429847296026,0.979732291129271,,,theorem_covered,True,50abda1c80049d538df3a015d1baa6648833f4cc383f0ab443c68eb5f4fcc822,success,success,success,success
inference_diagnostic,f87b622f889053fe,dgp1_N50_T50_r2026080903_truth1-1-1,1,50,50,2026080903,fixed_rank,B_G2_time_average,split_fit_failure,0.026823526906057427,True,61,9.702413703227445e-09,True,0.635388011823257,0.28554422409785307,17.56387352447231,61.510169151428364,0.006385972913379784,0.07991228261900535,0.3132503917112733,True,True,0.5836808256821918,0.5516017407255459,0.594117431631064,0.6053233046899655,0.9803834109917404,,,theorem_covered,True,50abda1c80049d538df3a015d1baa6648833f4cc383f0ab443c68eb5f4fcc822,success,success,success,success
inference_diagnostic,f87b622f889053fe,dgp1_N50_T50_r2026080903_truth1-1-1,1,50,50,2026080903,fixed_rank,B_G2_minus_G1_time_average,split_fit_failure,0.03677108317990035,True,62,7.732948204661747e-09,True,0.6815780968980133,0.28554422409785307,17.56387352447231,61.510169151428364,0.011907355637292984,0.10912083044631297,0.42774579527575046,True,True,-0.08228439001532431,-0.09343551202563907,-0.06709797798069697,-0.08631968003963689,0.9644876662966004,,,theorem_covered,True,50abda1c80049d538df3a015d1baa6648833f4cc383f0ab443c68eb5f4fcc822,success,success,success,success
inference_diagnostic,f87b622f889053fe,dgp2_N100_T100_r2026080901_truth1-1-1,2,100,100,2026080901,fixed_rank,A_entry,success,0.14520905269370613,True,78,9.592597428002659e-09,True,3.189352031074278,0.23086302079112905,27.95614822650756,121.09409350491258,0.010572605034626988,0.10282317362650789,0.4030594341681284,True,True,0.5536642628221078,,,0.5536642628221078,0.13565138699741225,1.002799542738515,0.8458121369352678,theorem_covered,True,89b436ff088e3db170c71557a6747ec0b46816dddf63465885f49ccb83212b2c,,,,
inference_diagnostic,f87b622f889053fe,dgp2_N100_T100_r2026080901_truth1-1-1,2,100,100,2026080901,fixed_rank,B_entry,success,0.12956043451900837,True,78,8.918052872954689e-09,True,0.9390135965188195,0.23086302079112905,27.95614822650756,121.09409350491258,0.05531595683588738,0.2351934455631946,0.9219413654074864,True,True,0.20761952827066368,,,0.20761952827066368,0.1278712299012157,1.2305488987640008,0.4095965304761034,theorem_covered,True,89b436ff088e3db170c71557a6747ec0b46816dddf63465885f49ccb83212b2c,,,,
inference_diagnostic,f87b622f889053fe,dgp2_N100_T100_r2026080901_truth1-1-1,2,100,100,2026080901,fixed_rank,A_fixed_time_mean,success,0.09871632393442313,True,75,8.85123361989772e-09,True,3.1601535384082085,0.23086302079112905,27.95614822650756,121.09409350491258,0.00742483942457254,0.0861675079398989,0.33777042439954197,True,True,0.6117827607428952,,,0.6117827607428952,0.9957168472766285,,,theorem_covered,True,89b436ff088e3db170c71557a6747ec0b46816dddf63465885f49ccb83212b2c,,,,
inference_diagnostic,f87b622f889053fe,dgp2_N100_T100_r2026080901_truth1-1-1,2,100,100,2026080901,fixed_rank,B_fixed_time_mean,success,0.08934572460012649,True,75,9.901183473655645e-09,True,0.9333217447414603,0.23086302079112905,27.95614822650756,121.09409350491258,0.02667073155735621,0.16331176184634164,0.6401703429412242,True,True,0.14530324700671743,,,0.14530324700671743,0.9221795991564161,,,theorem_covered,True,89b436ff088e3db170c71557a6747ec0b46816dddf63465885f49ccb83212b2c,,,,
inference_diagnostic,f87b622f889053fe,dgp2_N100_T100_r2026080901_truth1-1-1,2,100,100,2026080901,fixed_rank,A_full_mean,success,0.009990504138491898,True,84,8.811653940160117e-09,True,1.0946198596256986,0.23086302079112905,27.95614822650756,121.09409350491258,0.00011613909811721073,0.010776785147585097,0.042244221516785925,True,True,0.512321493263686,0.5085605109148582,0.5094905730804272,0.5189133957957729,0.999825642692739,,,theorem_covered,True,89b436ff088e3db170c71557a6747ec0b46816dddf63465885f49ccb83212b2c,success,success,success,success
inference_diagnostic,f87b622f889053fe,dgp2_N100_T100_r2026080901_truth1-1-1,2,100,100,2026080901,fixed_rank,B_full_mean,success,0.009860869492810695,True,85,8.009549152604816e-09,True,0.8077534320237414,0.23086302079112905,27.95614822650756,121.09409350491258,0.0004798809596514638,0.02190618541990969,0.08587066892335886,True,True,0.6048392612901273,0.5998018375018912,0.6080955852741687,0.6066203610943219,0.9955618910378499,,,theorem_covered,True,89b436ff088e3db170c71557a6747ec0b46816dddf63465885f49ccb83212b2c,success,success,success,success
inference_diagnostic,f87b622f889053fe,dgp2_N100_T100_r2026080901_truth1-1-1,2,100,100,2026080901,fixed_rank,A_G1_fixed_time,success,0.09613692303524862,True,76,7.416482669230522e-09,True,3.17321826045253,0.23086302079112905,27.95614822650756,121.09409350491258,0.007014628706155448,0.08375338026704025,0.3283072178137731,True,True,0.5912399288557502,,,0.5912399288557502,0.6987528872385137,,,theorem_covered,True,89b436ff088e3db170c71557a6747ec0b46816dddf63465885f49ccb83212b2c,,,,
inference_diagnostic,f87b622f889053fe,dgp2_N100_T100_r2026080901_truth1-1-1,2,100,100,2026080901,fixed_rank,A_G2_fixed_time,success,0.10263257373748236,True,75,8.37843281023205e-09,True,3.1570989822797255,0.23086302079112905,27.95614822650756,121.09409350491258,0.007991499632925406,0.08939518797410409,0.35042269764086437,True,True,0.6323255926300398,,,0.6323255926300398,0.7153988343541652,,,theorem_covered,True,89b436ff088e3db170c71557a6747ec0b46816dddf63465885f49ccb83212b2c,,,,
inference_diagnostic,f87b622f889053fe,dgp2_N100_T100_r2026080901_truth1-1-1,2,100,100,2026080901,fixed_rank,A_G2_minus_G1_fixed_time,success,0.023913508333706972,True,79,7.645335370227112e-09,True,3.63713925628079,0.23086302079112905,27.95614822650756,121.09409350491258,0.0003128989747612266,0.017688950640476857,0.06933941235928273,True,True,0.041085663774289634,,,0.041085663774289634,0.09273106097176348,,,weak_target_stress_outside_assumption9,False,89b436ff088e3db170c71557a6747ec0b46816dddf63465885f49ccb83212b2c,,,,
inference_diagnostic,f87b622f889053fe,dgp2_N100_T100_r2026080901_truth1-1-1,2,100,100,2026080901,fixed_rank,A_G1_time_average,success,0.013856208144143189,True,84,7.522357095029985e-09,True,1.554095129482367,0.23086302079112905,27.95614822650756,121.09409350491258,0.00019044605611620604,0.013800219422755786,0.05409586609470295,True,True,0.4951184352770458,0.49391730131945805,0.4927795785944082,0.49865842591727133,0.9895075402005564,,,theorem_covered,True,89b436ff088e3db170c71557a6747ec0b46816dddf63465885f49ccb83212b2c,success,success,success,success
inference_diagnostic,f87b622f889053fe,dgp2_N100_T100_r2026080901_truth1-1-1,2,100,100,2026080901,fixed_rank,A_G2_time_average,success,0.013890835936736371,True,83,7.959171034584117e-09,True,1.4840611057510038,0.23086302079112905,27.95614822650756,121.09409350491258,0.00019135225158636388,0.01383301310584082,0.054224414970237125,True,True,0.5295245512503262,0.5232037205102584,0.5262015675664462,0.5391683656742738,0.9899926262409146,,,theorem_covered,True,89b436ff088e3db170c71557a6747ec0b46816dddf63465885f49ccb83212b2c,success,success,success,success
inference_diagnostic,f87b622f889053fe,dgp2_N100_T100_r2026080901_truth1-1-1,2,100,100,2026080901,fixed_rank,A_G2_minus_G1_time_average,success,0.019252505357625502,True,78,9.257820907848778e-09,True,3.755265003725723,0.23086302079112905,27.95614822650756,121.09409350491258,0.00029904022209699475,0.01729277947864353,0.0677864499414693,True,True,0.03440611597328044,0.02928641919080032,0.03342198897203821,0.040509939757002796,0.9795709552345829,,,theorem_covered,True,89b436ff088e3db170c71557a6747ec0b46816dddf63465885f49ccb83212b2c,success,success,success,success
inference_diagnostic,f87b622f889053fe,dgp2_N100_T100_r2026080901_truth1-1-1,2,100,100,2026080901,fixed_rank,B_G1_fixed_time,success,0.09255920675389451,True,75,8.354835061761771e-09,True,0.9331686110884464,0.23086302079112905,27.95614822650756,121.09409350491258,0.02862693486728327,0.16919496111670487,0.6632320603087928,True,True,0.15048875699519287,,,0.15048875699519287,0.6895652610822116,,,theorem_covered,True,89b436ff088e3db170c71557a6747ec0b46816dddf63465885f49ccb83212b2c,,,,
inference_diagnostic,f87b622f889053fe,dgp2_N100_T100_r2026080901_truth1-1-1,2,100,100,2026080901,fixed_rank,B_G2_fixed_time,success,0.08618812697434569,True,72,9.518407454314891e-09,True,0.9334065759425286,0.23086302079112905,27.95614822650756,121.09409350491258,0.024810022013050128,0.15751197418942514,0.6174355930901517,True,True,0.14011773701824204,,,0.14011773701824204,0.6177497090189091,,,theorem_covered,True,89b436ff088e3db170c71557a6747ec0b46816dddf63465885f49ccb83212b2c,,,,
inference_diagnostic,f87b622f889053fe,dgp2_N100_T100_r2026080901_truth1-1-1,2,100,100,2026080901,fixed_rank,B_G2_minus_G1_fixed_time,success,0.007782413200649697,True,82,8.166280607713966e-09,True,0.910431588836126,0.23086302079112905,27.95614822650756,121.09409350491258,0.00019098749990765116,0.013819822716216412,0.054172709593025344,True,True,-0.01037101997695085,,,-0.01037101997695085,0.08185193451615745,,,weak_target_stress_outside_assumption9,False,89b436ff088e3db170c71557a6747ec0b46816dddf63465885f49ccb83212b2c,,,,
inference_diagnostic,f87b622f889053fe,dgp2_N100_T100_r2026080901_truth1-1-1,2,100,100,2026080901,fixed_rank,B_G1_time_average,success,0.013577184363408473,True,84,7.181460072711853e-09,True,0.814955218054179,0.23086302079112905,27.95614822650756,121.09409350491258,0.0009115931543787382,0.03019260098730711,0.11835282106942083,True,True,0.6264244639297973,0.6195296888034715,0.6245023013064387,0.6352414016794817,0.9843504211857704,,,theorem_covered,True,89b436ff088e3db170c71557a6747ec0b46816dddf63465885f49ccb83212b2c,success,success,success,success
inference_diagnostic,f87b622f889053fe,dgp2_N100_T100_r2026080901_truth1-1-1,2,100,100,2026080901,fixed_rank,B_G2_time_average,success,0.013519617072652146,True,85,7.000372333934624e-09,True,0.8539872711849362,0.23086302079112905,27.95614822650756,121.09409350491258,0.0008546284521114507,0.029234029009212032,0.11459528796210948,True,True,0.583254058650457,0.5800739862003109,0.5916888692418988,0.5779993205091613,0.9815228147412749,,,theorem_covered,True,89b436ff088e3db170c71557a6747ec0b46816dddf63465885f49ccb83212b2c,success,success,success,success
inference_diagnostic,f87b622f889053fe,dgp2_N100_T100_r2026080901_truth1-1-1,2,100,100,2026080901,fixed_rank,B_G2_minus_G1_time_average,success,0.018582060527328047,True,84,9.020440939191201e-09,True,0.8661782191134627,0.23086302079112905,27.95614822650756,121.09409350491258,0.0016129193745262485,0.04016116749456181,0.15742888373284375,True,True,-0.04317040527934048,-0.03945570260316067,-0.032813432064539676,-0.0572420811703211,0.9701491167131898,,,theorem_covered,True,89b436ff088e3db170c71557a6747ec0b46816dddf63465885f49ccb83212b2c,success,success,success,success
inference_diagnostic,f87b622f889053fe,dgp2_N100_T100_r2026080902_truth1-1-1,2,100,100,2026080902,fixed_rank,A_entry,success,0.0937891922269492,True,97,6.858368107007113e-09,True,1.6149837873389545,0.1861111944241051,43.43806224576771,233.39843892883866,0.005460747077387666,0.07389686784558372,0.2896703990953201,True,True,0.23997506215252068,,,0.23997506215252068,0.1474674520974684,1.2702546103499024,0.9160464547868877,theorem_covered,True,ca44543ebacdd9afb9acc517f205e8cb8058b6cb3882ce8df82962eab9b0f076,,,,
inference_diagnostic,f87b622f889053fe,dgp2_N100_T100_r2026080902_truth1-1-1,2,100,100,2026080902,fixed_rank,B_entry,success,0.09848484377801336,True,97,6.858563110913989e-09,True,0.8046189210791475,0.1861111944241051,43.43806224576771,233.39843892883866,0.03287408542627215,0.18131212156464374,0.7107304564544996,True,True,0.14823559988512572,,,0.14823559988512572,0.10804708002483296,0.12921331743091807,1.039547066008593,theorem_covered,True,ca44543ebacdd9afb9acc517f205e8cb8058b6cb3882ce8df82962eab9b0f076,,,,
inference_diagnostic,f87b622f889053fe,dgp2_N100_T100_r2026080902_truth1-1-1,2,100,100,2026080902,fixed_rank,A_fixed_time_mean,success,0.09881021959996485,True,96,9.031627758538912e-09,True,0.9766773364476437,0.1861111944241051,43.43806224576771,233.39843892883866,0.005000412359271004,0.07071359387890708,0.2771921944400998,True,True,0.34443093668614344,,,0.34443093668614344,0.9945907984451088,,,theorem_covered,True,ca44543ebacdd9afb9acc517f205e8cb8058b6cb3882ce8df82962eab9b0f076,,,,
inference_diagnostic,f87b622f889053fe,dgp2_N100_T100_r2026080902_truth1-1-1,2,100,100,2026080902,fixed_rank,B_fixed_time_mean,success,0.09302623427149678,True,99,9.762155883602733e-09,True,0.9081922036976833,0.1861111944241051,43.43806224576771,233.39843892883866,0.010729544881952383,0.1035835164587126,0.4060399233021772,True,True,0.6640810913196529,,,0.6640810913196529,0.9305578499295161,,,theorem_covered,True,ca44543ebacdd9afb9acc517f205e8cb8058b6cb3882ce8df82962eab9b0f076,,,,
inference_diagnostic,f87b622f889053fe,dgp2_N100_T100_r2026080902_truth1-1-1,2,100,100,2026080902,fixed_rank,A_full_mean,success,0.00999093317120711,True,107,9.845896416582605e-09,True,0.8593950554555911,0.1861111944241051,43.43806224576771,233.39843892883866,0.00011143128087682225,0.01055610159466184,0.04137915788536608,True,True,0.5184526948248244,0.5211009562410995,0.519586994846309,0.5146701333870647,0.999774265083284,,,theorem_covered,True,ca44543ebacdd9afb9acc517f205e8cb8058b6cb3882ce8df82962eab9b0f076,success,success,success,success
inference_diagnostic,f87b622f889053fe,dgp2_N100_T100_r2026080902_truth1-1-1,2,100,100,2026080902,fixed_rank,B_full_mean,success,0.00991623085302074,True,107,8.59154375128458e-09,True,0.8176579669179467,0.1861111944241051,43.43806224576771,233.39843892883866,0.0004320826881048981,0.02078659876230111,0.08148196987039008,True,True,0.6459072038213902,0.6346595594095212,0.6517216282880872,0.6513404237665622,0.9972772135117344,,,theorem_covered,True,ca44543ebacdd9afb9acc517f205e8cb8058b6cb3882ce8df82962eab9b0f076,success,success,success,success
inference_diagnostic,f87b622f889053fe,dgp2_N100_T100_r2026080902_truth1-1-1,2,100,100,2026080902,fixed_rank,A_G1_fixed_time,success,0.10118660380430333,True,97,8.413437384606631e-09,True,0.9795935679410053,0.1861111944241051,43.43806224576771,233.39843892883866,0.00524078212754135,0.07239324642217221,0.2837763114227813,True,True,0.3520430425335298,,,0.3520430425335298,0.723872659601308,,,theorem_covered,True,ca44543ebacdd9afb9acc517f205e8cb8058b6cb3882ce8df82962eab9b0f076,,,,
inference_diagnostic,f87b622f889053fe,dgp2_N100_T100_r2026080902_truth1-1-1,2,100,100,2026080902,fixed_rank,A_G2_fixed_time,success,0.0968463846324395,True,97,8.760296692980991e-09,True,0.9774588614819619,0.1861111944241051,43.43806224576771,233.39843892883866,0.004798241532505309,0.0692693404942281,0.27153082520305805,True,True,0.33681883083875713,,,0.33681883083875713,0.6891967419000008,,,theorem_covered,True,ca44543ebacdd9afb9acc517f205e8cb8058b6cb3882ce8df82962eab9b0f076,,,,
inference_diagnostic,f87b622f889053fe,dgp2_N100_T100_r2026080902_truth1-1-1,2,100,100,2026080902,fixed_rank,A_G2_minus_G1_fixed_time,success,0.013493110170521468,True,100,9.15020174671672e-09,True,2.4637236798437114,0.1861111944241051,43.43806224576771,233.39843892883866,7.639788226438513e-05,0.008740588210434417,0.03426247619229372,True,True,-0.015224211694772678,,,-0.015224211694772678,0.09885808015619332,,,weak_target_stress_outside_assumption9,False,ca44543ebacdd9afb9acc517f205e8cb8058b6cb3882ce8df82962eab9b0f076,,,,
inference_diagnostic,f87b622f889053fe,dgp2_N100_T100_r2026080902_truth1-1-1,2,100,100,2026080902,fixed_rank,A_G1_time_average,success,0.01387516526038164,True,107,6.537809861164015e-09,True,1.3709240504963194,0.1861111944241051,43.43806224576771,233.39843892883866,0.00016241197939946883,0.012744095864339252,0.04995593781926157,True,True,0.5299107735556132,0.531893591703613,0.5307955221641941,0.5270432067990326,0.989991798374925,,,theorem_covered,True,ca44543ebacdd9afb9acc517f205e8cb8058b6cb3882ce8df82962eab9b0f076,success,success,success,success
inference_diagnostic,f87b622f889053fe,dgp2_N100_T100_r2026080902_truth1-1-1,2,100,100,2026080902,fixed_rank,A_G2_time_average,success,0.013851411305925926,True,105,8.769945698592682e-09,True,1.0446818241224,0.1861111944241051,43.43806224576771,233.39843892883866,0.00016759877668256196,0.012945994619285224,0.050747366395696734,True,True,0.5069946160940353,0.5103083207785862,0.508378467528424,0.5022970599750956,0.9889558218906713,,,theorem_covered,True,ca44543ebacdd9afb9acc517f205e8cb8058b6cb3882ce8df82962eab9b0f076,success,success,success,success
inference_diagnostic,f87b622f889053fe,dgp2_N100_T100_r2026080902_truth1-1-1,2,100,100,2026080902,fixed_rank,A_G2_minus_G1_time_average,success,0.019222087030589627,True,100,7.146968045826158e-09,True,3.4212806856304643,0.1861111944241051,43.43806224576771,233.39843892883866,0.00021429638938548286,0.014638865713759481,0.05738329914697363,True,True,-0.02291615746157804,-0.021585270925026885,-0.022417054635770074,-0.02474614682393715,0.9790652671697911,,,theorem_covered,True,ca44543ebacdd9afb9acc517f205e8cb8058b6cb3882ce8df82962eab9b0f076,success,success,success,success
inference_diagnostic,f87b622f889053fe,dgp2_N100_T100_r2026080902_truth1-1-1,2,100,100,2026080902,fixed_rank,B_G1_fixed_time,success,0.09189552649110544,True,100,8.95072558417295e-09,True,0.9114372960948309,0.1861111944241051,43.43806224576771,233.39843892883866,0.010441344375518594,0.10218289668784397,0.4005495946883027,True,True,0.6522701290596563,,,0.6522701290596563,0.6116175346960346,,,theorem_covered,True,ca44543ebacdd9afb9acc517f205e8cb8058b6cb3882ce8df82962eab9b0f076,,,,
inference_diagnostic,f87b622f889053fe,dgp2_N100_T100_r2026080902_truth1-1-1,2,100,100,2026080902,fixed_rank,B_G2_fixed_time,success,0.0951516824907813,True,100,9.919190847440321e-09,True,0.905359902701197,0.1861111944241051,43.43806224576771,233.39843892883866,0.011503148520436634,0.10725273199521136,0.420422983908282,True,True,0.6758920535796494,,,0.6758920535796494,0.7123593800273553,,,theorem_covered,True,ca44543ebacdd9afb9acc517f205e8cb8058b6cb3882ce8df82962eab9b0f076,,,,
inference_diagnostic,f87b622f889053fe,dgp2_N100_T100_r2026080902_truth1-1-1,2,100,100,2026080902,fixed_rank,B_G2_minus_G1_fixed_time,success,0.019538164930879127,True,102,8.961782635890256e-09,True,0.9158084895251062,0.1861111944241051,43.43806224576771,233.39843892883866,0.0009708062636334188,0.031157764098751033,0.12213619094469425,True,True,0.023621924519993023,,,0.023621924519993023,0.12487587034799864,,,weak_target_stress_outside_assumption9,False,ca44543ebacdd9afb9acc517f205e8cb8058b6cb3882ce8df82962eab9b0f076,,,,
inference_diagnostic,f87b622f889053fe,dgp2_N100_T100_r2026080902_truth1-1-1,2,100,100,2026080902,fixed_rank,B_G1_time_average,success,0.01362639350256702,True,106,8.499806271739804e-09,True,0.8861569285762871,0.1861111944241051,43.43806224576771,233.39843892883866,0.0006864234302229334,0.026199683780972115,0.10270087323408707,True,True,0.6344194718146943,0.6329270785762962,0.6363316219010063,0.6339997149667803,0.9872232353028483,,,theorem_covered,True,ca44543ebacdd9afb9acc517f205e8cb8058b6cb3882ce8df82962eab9b0f076,success,success,success,success
inference_diagnostic,f87b622f889053fe,dgp2_N100_T100_r2026080902_truth1-1-1,2,100,100,2026080902,fixed_rank,B_G2_time_average,success,0.013654063705460743,True,104,9.229377596277721e-09,True,0.8384643606160799,0.1861111944241051,43.43806224576771,233.39843892883866,0.0009197343863622319,0.030327122948974765,0.11888013746941739,True,True,0.6573949358280863,0.6363920402427463,0.6671116346751684,0.6686811325663442,0.9899596972708276,,,theorem_covered,True,ca44543ebacdd9afb9acc517f205e8cb8058b6cb3882ce8df82962eab9b0f076,success,success,success,success
inference_diagnostic,f87b622f889053fe,dgp2_N100_T100_r2026080902_truth1-1-1,2,100,100,2026080902,fixed_rank,B_G2_minus_G1_time_average,success,0.018732260242628498,True,102,8.009345035068578e-09,True,0.9206623846370718,0.1861111944241051,43.43806224576771,233.39843892883866,0.0014839848863534239,0.038522524402658555,0.15100552084555224,True,True,0.022975464013391834,0.003464961666450257,0.0307800127741622,0.034681417599563044,0.9798306373821168,,,theorem_covered,True,ca44543ebacdd9afb9acc517f205e8cb8058b6cb3882ce8df82962eab9b0f076,success,success,success,success
inference_diagnostic,f87b622f889053fe,dgp2_N100_T100_r2026080903_truth1-1-1,2,100,100,2026080903,fixed_rank,A_entry,success,0.12742211788328722,True,89,6.995603140042947e-09,True,1.8867482340993618,0.16477592353858805,33.3729718067922,202.53548631439926,0.008338743370161357,0.09131672010185954,0.3579549651719389,True,True,0.3708532434636792,,,0.3708532434636792,0.13027642798593994,0.670271051340982,1.0338533371689635,theorem_covered,True,d5082ca34e305dd1ab505018ff4dd26c78850bb6eb8c0c662881e45b0907d214,,,,
inference_diagnostic,f87b622f889053fe,dgp2_N100_T100_r2026080903_truth1-1-1,2,100,100,2026080903,fixed_rank,B_entry,success,0.13313219051344946,True,91,8.193454912559208e-09,True,1.243319085957955,0.16477592353858805,33.3729718067922,202.53548631439926,0.022465827090907504,0.14988604701875188,0.5875425078836617,True,True,0.2273118513022665,,,0.2273118513022665,0.10949702234424995,0.11131143569572959,1.0888603806524135,theorem_covered,True,d5082ca34e305dd1ab505018ff4dd26c78850bb6eb8c0c662881e45b0907d214,,,,
inference_diagnostic,f87b622f889053fe,dgp2_N100_T100_r2026080903_truth1-1-1,2,100,100,2026080903,fixed_rank,A_fixed_time_mean,success,0.09884367477809389,True,86,9.55117227259011e-09,True,1.4202853715823767,0.16477592353858805,33.3729718067922,202.53548631439926,0.006727394886349437,0.08202069791430354,0.32151522779774894,True,True,0.37028664577910075,,,0.37028664577910075,0.9947671360633478,,,theorem_covered,True,d5082ca34e305dd1ab505018ff4dd26c78850bb6eb8c0c662881e45b0907d214,,,,
inference_diagnostic,f87b622f889053fe,dgp2_N100_T100_r2026080903_truth1-1-1,2,100,100,2026080903,fixed_rank,B_fixed_time_mean,success,0.09029876952190659,True,89,7.056547316905127e-09,True,0.8696621185606667,0.16477592353858805,33.3729718067922,202.53548631439926,0.02391366778100166,0.15464044678221045,0.6061794124926307,True,True,0.8116377853723352,,,0.8116377853723352,0.9250949973399749,,,theorem_covered,True,d5082ca34e305dd1ab505018ff4dd26c78850bb6eb8c0c662881e45b0907d214,,,,
inference_diagnostic,f87b622f889053fe,dgp2_N100_T100_r2026080903_truth1-1-1,2,100,100,2026080903,fixed_rank,A_full_mean,success,0.009987528971658128,True,95,9.58156820822924e-09,True,0.7747580706705143,0.16477592353858805,33.3729718067922,202.53548631439926,0.00012618902827816382,0.01123338899345001,0.04403407570298134,True,True,0.4337919972639751,0.43172134084279484,0.43149540356784283,0.4381592473812875,0.9997937631826284,,,theorem_covered,True,d5082ca34e305dd1ab505018ff4dd26c78850bb6eb8c0c662881e45b0907d214,success,success,success,success
inference_diagnostic,f87b622f889053fe,dgp2_N100_T100_r2026080903_truth1-1-1,2,100,100,2026080903,fixed_rank,B_full_mean,success,0.009904164119275891,True,94,9.323252320387236e-09,True,0.8246806081560254,0.16477592353858805,33.3729718067922,202.53548631439926,0.0003843765837362128,0.019605524316789205,0.07685224311786218,True,True,0.5883475670707798,0.587002908419136,0.5860524227212736,0.59198737007193,0.9961312616904343,,,theorem_covered,True,d5082ca34e305dd1ab505018ff4dd26c78850bb6eb8c0c662881e45b0907d214,success,success,success,success
inference_diagnostic,f87b622f889053fe,dgp2_N100_T100_r2026080903_truth1-1-1,2,100,100,2026080903,fixed_rank,A_G1_fixed_time,success,0.09934506424444935,True,85,9.678927395877004e-09,True,1.4250082119280045,0.16477592353858805,33.3729718067922,202.53548631439926,0.00681569015466605,0.08255719323393965,0.32361825080647105,True,True,0.37094142992603646,,,0.37094142992603646,0.7100219877733597,,,theorem_covered,True,d5082ca34e305dd1ab505018ff4dd26c78850bb6eb8c0c662881e45b0907d214,,,,
inference_diagnostic,f87b622f889053fe,dgp2_N100_T100_r2026080903_truth1-1-1,2,100,100,2026080903,fixed_rank,A_G2_fixed_time,success,0.09899896631310344,True,86,9.37150398158355e-09,True,1.4248340902008272,0.16477592353858805,33.3729718067922,202.53548631439926,0.006691584223948517,0.08180210403130543,0.3206583555219148,True,True,0.3696318616321649,,,0.3696318616321649,0.704121255311603,,,theorem_covered,True,d5082ca34e305dd1ab505018ff4dd26c78850bb6eb8c0c662881e45b0907d214,,,,
inference_diagnostic,f87b622f889053fe,dgp2_N100_T100_r2026080903_truth1-1-1,2,100,100,2026080903,fixed_rank,A_G2_minus_G1_fixed_time,success,0.01613028415878452,True,89,8.924980726676878e-09,True,3.9062837721954593,0.16477592353858805,33.3729718067922,202.53548631439926,0.00010496922670048936,0.01024544907266096,0.040161422375709556,True,True,-0.0013095682938715665,,,-0.0013095682938715665,0.10176595851043076,,,weak_target_stress_outside_assumption9,False,d5082ca34e305dd1ab505018ff4dd26c78850bb6eb8c0c662881e45b0907d214,,,,
inference_diagnostic,f87b622f889053fe,dgp2_N100_T100_r2026080903_truth1-1-1,2,100,100,2026080903,fixed_rank,A_G1_time_average,success,0.013748361922522127,True,95,8.067001743843108e-09,True,1.0867784208311781,0.16477592353858805,33.3729718067922,202.53548631439926,0.00018496910831873972,0.013600334860537064,0.053312333008674447,True,True,0.43455907899947344,0.43450335899227427,0.4335671504225157,0.4356067275836305,0.9901553667495413,,,theorem_covered,True,d5082ca34e305dd1ab505018ff4dd26c78850bb6eb8c0c662881e45b0907d214,success,success,success,success
inference_diagnostic,f87b622f889053fe,dgp2_N100_T100_r2026080903_truth1-1-1,2,100,100,2026080903,fixed_rank,A_G2_time_average,success,0.013745655163875542,True,94,9.46910746016696e-09,True,1.0400093560244175,0.16477592353858805,33.3729718067922,202.53548631439926,0.00018208782744015922,0.01349399227212463,0.05289547772205217,True,True,0.4330249155284769,0.42893932269331536,0.42942365671316995,0.44071176717894534,0.9899888636728572,,,theorem_covered,True,d5082ca34e305dd1ab505018ff4dd26c78850bb6eb8c0c662881e45b0907d214,success,success,success,success
inference_diagnostic,f87b622f889053fe,dgp2_N100_T100_r2026080903_truth1-1-1,2,100,100,2026080903,fixed_rank,A_G2_minus_G1_time_average,success,0.018892274691916476,True,89,8.391925655645711e-09,True,3.9124025695532265,0.16477592353858805,33.3729718067922,202.53548631439926,0.00022935775745640312,0.015144561976379612,0.059365592070677556,True,True,-0.0015341634709965385,-0.005564036298958856,-0.004143493709345713,0.005105039595314953,0.9802540648221332,,,theorem_covered,True,d5082ca34e305dd1ab505018ff4dd26c78850bb6eb8c0c662881e45b0907d214,success,success,success,success
inference_diagnostic,f87b622f889053fe,dgp2_N100_T100_r2026080903_truth1-1-1,2,100,100,2026080903,fixed_rank,B_G1_fixed_time,success,0.08271704394755319,True,83,9.844390557391729e-09,True,0.8743906687111357,0.16477592353858805,33.3729718067922,202.53548631439926,0.019963432494675887,0.14129201143262093,0.5538545074223172,True,True,0.732392522940101,,,0.732392522940101,0.6401488481819922,,,theorem_covered,True,d5082ca34e305dd1ab505018ff4dd26c78850bb6eb8c0c662881e45b0907d214,,,,
inference_diagnostic,f87b622f889053fe,dgp2_N100_T100_r2026080903_truth1-1-1,2,100,100,2026080903,fixed_rank,B_G2_fixed_time,success,0.09979872679018861,True,89,8.323175410010493e-09,True,0.8673110855270284,0.16477592353858805,33.3729718067922,202.53548631439926,0.02910565576017669,0.17060379761358388,0.6687545978967696,True,True,0.8908830478045695,,,0.8908830478045695,0.6764424677541409,,,theorem_covered,True,d5082ca34e305dd1ab505018ff4dd26c78850bb6eb8c0c662881e45b0907d214,,,,
inference_diagnostic,f87b622f889053fe,dgp2_N100_T100_r2026080903_truth1-1-1,2,100,100,2026080903,fixed_rank,B_G2_minus_G1_fixed_time,success,0.03143754678798425,True,92,9.997760663335753e-09,True,0.891135582716753,0.16477592353858805,33.3729718067922,202.53548631439926,0.0024835053867653927,0.049834780894124464,0.19534875145985747,True,True,0.1584905248644685,,,0.1584905248644685,0.1075369978500216,,,weak_target_stress_outside_assumption9,False,d5082ca34e305dd1ab505018ff4dd26c78850bb6eb8c0c662881e45b0907d214,,,,
inference_diagnostic,f87b622f889053fe,dgp2_N100_T100_r2026080903_truth1-1-1,2,100,100,2026080903,fixed_rank,B_G1_time_average,success,0.013653002910720432,True,94,7.731058684868276e-09,True,0.9163637024818222,0.16477592353858805,33.3729718067922,202.53548631439926,0.0007288365461104488,0.026996972906428766,0.10582618917640801,True,True,0.5309035222096821,0.5394609257523061,0.5282196095057478,0.5250300313709925,0.9840689329813623,,,theorem_covered,True,d5082ca34e305dd1ab505018ff4dd26c78850bb6eb8c0c662881e45b0907d214,success,success,success,success
inference_diagnostic,f87b622f889053fe,dgp2_N100_T100_r2026080903_truth1-1-1,2,100,100,2026080903,fixed_rank,B_G2_time_average,success,0.01377047044974985,True,93,9.229997762755658e-09,True,0.8206809483058081,0.16477592353858805,33.3729718067922,202.53548631439926,0.0007334141806229398,0.02708162071632604,0.10615800249394572,True,True,0.6457916119318776,0.634544891085966,0.6438852359367992,0.6589447087728677,0.9853683082126189,,,theorem_covered,True,d5082ca34e305dd1ab505018ff4dd26c78850bb6eb8c0c662881e45b0907d214,success,success,success,success
inference_diagnostic,f87b622f889053fe,dgp2_N100_T100_r2026080903_truth1-1-1,2,100,100,2026080903,fixed_rank,B_G2_minus_G1_time_average,success,0.018965516659689,True,93,8.315058749278477e-09,True,0.91791169437226,0.16477592353858805,33.3729718067922,202.53548631439926,0.0013869951186000274,0.037242383363582245,0.14598746018210976,True,True,0.11488808972219555,0.09508396533365981,0.11566562643105156,0.1339146774018753,0.9731725834464833,,,theorem_covered,True,d5082ca34e305dd1ab505018ff4dd26c78850bb6eb8c0c662881e45b0907d214,success,success,success,success
inference_diagnostic,f87b622f889053fe,dgp2_N50_T50_r2026080901_truth1-1-1,2,50,50,2026080901,fixed_rank,A_entry,success,0.16795846296478534,True,79,9.661128362555182e-09,True,2.518079912842159,0.16883911646839173,32.37825505374142,191.76986785407001,0.010478300746833955,0.10236357138569344,0.4012578264897079,True,True,0.33071183463597775,,,0.33071183463597775,0.1543083903540224,0.676038509128541,0.5215674511962609,theorem_covered,True,244e54fe799756ca474dab7ee5c3d5587ef67c6a73ac6b4a4bbf1ad2639de3d1,,,,
inference_diagnostic,f87b622f889053fe,dgp2_N50_T50_r2026080901_truth1-1-1,2,50,50,2026080901,fixed_rank,B_entry,success,0.17375479274451106,True,82,8.808374824621338e-09,True,0.9256046961772567,0.16883911646839173,32.37825505374142,191.76986785407001,0.07768660110688105,0.2787231621284479,1.0925747188577524,True,True,0.5717012627703925,,,0.5717012627703925,0.16578701805205104,0.6795991348502213,0.7042396459617907,theorem_covered,True,244e54fe799756ca474dab7ee5c3d5587ef67c6a73ac6b4a4bbf1ad2639de3d1,,,,
inference_diagnostic,f87b622f889053fe,dgp2_N50_T50_r2026080901_truth1-1-1,2,50,50,2026080901,fixed_rank,A_fixed_time_mean,success,0.13731267793607224,True,77,7.994095882188071e-09,True,4.700604994518288,0.16883911646839173,32.37825505374142,191.76986785407001,0.007397171207120566,0.08600680907416904,0.33714049642116806,True,True,0.5353768785140189,,,0.5353768785140189,0.9951983735645885,,,theorem_covered,True,244e54fe799756ca474dab7ee5c3d5587ef67c6a73ac6b4a4bbf1ad2639de3d1,,,,
inference_diagnostic,f87b622f889053fe,dgp2_N50_T50_r2026080901_truth1-1-1,2,50,50,2026080901,fixed_rank,B_fixed_time_mean,success,0.12136729272880885,True,81,8.717972543578826e-09,True,1.0636235485206442,0.16883911646839173,32.37825505374142,191.76986785407001,0.04487776658950839,0.2118437315322509,0.8304121683075679,True,True,0.5410302406403336,,,0.5410302406403336,0.938142657261973,,,theorem_covered,True,244e54fe799756ca474dab7ee5c3d5587ef67c6a73ac6b4a4bbf1ad2639de3d1,,,,
inference_diagnostic,f87b622f889053fe,dgp2_N50_T50_r2026080901_truth1-1-1,2,50,50,2026080901,fixed_rank,A_full_mean,split_fit_failure,0.019951392277205795,True,84,8.108262485303718e-09,True,0.8566036931793525,0.16883911646839173,32.37825505374142,191.76986785407001,0.0006293033269327243,0.02508591889751548,0.09833499511644617,True,True,0.4982281383777663,0.5093066859710116,0.49433936146498764,0.49103836769729975,0.9998038543660662,,,theorem_covered,True,244e54fe799756ca474dab7ee5c3d5587ef67c6a73ac6b4a4bbf1ad2639de3d1,success,success,success,success
inference_diagnostic,f87b622f889053fe,dgp2_N50_T50_r2026080901_truth1-1-1,2,50,50,2026080901,fixed_rank,B_full_mean,split_fit_failure,0.019443306178244163,True,86,7.596340816723521e-09,True,0.6423413263250016,0.16883911646839173,32.37825505374142,191.76986785407001,0.0025224364465229344,0.05022386331738066,0.1968739265330569,True,True,0.5752559333461738,0.5663988540690962,0.5816954174765252,0.5776735284929,0.996079399843018,,,theorem_covered,True,244e54fe799756ca474dab7ee5c3d5587ef67c6a73ac6b4a4bbf1ad2639de3d1,success,success,success,success
inference_diagnostic,f87b622f889053fe,dgp2_N50_T50_r2026080901_truth1-1-1,2,50,50,2026080901,fixed_rank,A_G1_fixed_time,success,0.13575322392609546,True,77,9.61343916163612e-09,True,4.5156019374033445,0.16883911646839173,32.37825505374142,191.76986785407001,0.007238209530846464,0.08507766763873152,0.33349832892116527,True,True,0.5228953485334873,,,0.5228953485334873,0.7028170865448287,,,theorem_covered,True,244e54fe799756ca474dab7ee5c3d5587ef67c6a73ac6b4a4bbf1ad2639de3d1,,,,
inference_diagnostic,f87b622f889053fe,dgp2_N50_T50_r2026080901_truth1-1-1,2,50,50,2026080901,fixed_rank,A_G2_fixed_time,success,0.1419426874178696,True,77,8.26837170329229e-09,True,4.657583292861702,0.16883911646839173,32.37825505374142,191.76986785407001,0.007879685985268479,0.08876759535589819,0.3479625797835708,True,True,0.5478584084945506,,,0.5478584084945506,0.7119988372954414,,,theorem_covered,True,244e54fe799756ca474dab7ee5c3d5587ef67c6a73ac6b4a4bbf1ad2639de3d1,,,,
inference_diagnostic,f87b622f889053fe,dgp2_N50_T50_r2026080901_truth1-1-1,2,50,50,2026080901,fixed_rank,A_G2_minus_G1_fixed_time,success,0.041644237867552364,True,78,9.264941220887786e-09,True,2.6530414425460895,0.16883911646839173,32.37825505374142,191.76986785407001,0.0006471061844426724,0.025438281868920953,0.09971623258332665,True,True,0.024963059961063322,,,0.024963059961063322,0.10234450988606918,,,weak_target_stress_outside_assumption9,False,244e54fe799756ca474dab7ee5c3d5587ef67c6a73ac6b4a4bbf1ad2639de3d1,,,,
inference_diagnostic,f87b622f889053fe,dgp2_N50_T50_r2026080901_truth1-1-1,2,50,50,2026080901,fixed_rank,A_G1_time_average,split_fit_failure,0.02763009742612202,True,83,9.142687014064778e-09,True,1.0612180890423077,0.16883911646839173,32.37825505374142,191.76986785407001,0.000944164758724755,0.030727264094363414,0.1204486619368061,True,True,0.48661267701610483,0.5015793745653094,0.4722281322794488,0.4860305242035563,0.9895859242823148,,,theorem_covered,True,244e54fe799756ca474dab7ee5c3d5587ef67c6a73ac6b4a4bbf1ad2639de3d1,success,success,success,success
inference_diagnostic,f87b622f889053fe,dgp2_N50_T50_r2026080901_truth1-1-1,2,50,50,2026080901,fixed_rank,A_G2_time_average,split_fit_failure,0.02768278900645403,True,83,9.143679261158051e-09,True,1.294300754456431,0.16883911646839173,32.37825505374142,191.76986785407001,0.0010672442522346448,0.03266870447744515,0.1280589683947498,True,True,0.5098435997394279,0.5170339973767136,0.5164505906505265,0.49604621119104364,0.9898546285537926,,,theorem_covered,True,244e54fe799756ca474dab7ee5c3d5587ef67c6a73ac6b4a4bbf1ad2639de3d1,success,success,success,success
inference_diagnostic,f87b622f889053fe,dgp2_N50_T50_r2026080901_truth1-1-1,2,50,50,2026080901,fixed_rank,A_G2_minus_G1_time_average,split_fit_failure,0.03830516892940046,True,77,8.851168014361556e-09,True,2.653105953635392,0.16883911646839173,32.37825505374142,191.76986785407001,0.0015056046993714239,0.038802122356533846,0.15210152468504556,True,True,0.02323092272332319,0.015454622811404323,0.04422245837107761,0.010015686987487636,0.9795329193048159,,,theorem_covered,True,244e54fe799756ca474dab7ee5c3d5587ef67c6a73ac6b4a4bbf1ad2639de3d1,success,success,success,success
inference_diagnostic,f87b622f889053fe,dgp2_N50_T50_r2026080901_truth1-1-1,2,50,50,2026080901,fixed_rank,B_G1_fixed_time,success,0.14143572249673772,True,81,9.712258568638108e-09,True,1.053189071848483,0.16883911646839173,32.37825505374142,191.76986785407001,0.060944456420382896,0.24686931040609908,0.9677099145683867,True,True,0.6275848845230692,,,0.6275848845230692,0.721583195904095,,,theorem_covered,True,244e54fe799756ca474dab7ee5c3d5587ef67c6a73ac6b4a4bbf1ad2639de3d1,,,,
inference_diagnostic,f87b622f889053fe,dgp2_N50_T50_r2026080901_truth1-1-1,2,50,50,2026080901,fixed_rank,B_G2_fixed_time,success,0.10372016291237864,True,80,9.235206033398694e-09,True,1.0630474191854906,0.16883911646839173,32.37825505374142,191.76986785407001,0.03236859269550343,0.17991273633487828,0.7052449671528244,True,True,0.454475596757598,,,0.454475596757598,0.615861680605628,,,theorem_covered,True,244e54fe799756ca474dab7ee5c3d5587ef67c6a73ac6b4a4bbf1ad2639de3d1,,,,
inference_diagnostic,f87b622f889053fe,dgp2_N50_T50_r2026080901_truth1-1-1,2,50,50,2026080901,fixed_rank,B_G2_minus_G1_fixed_time,success,0.051027371166930006,True,84,9.857084178943824e-09,True,0.9198598895943045,0.16883911646839173,32.37825505374142,191.76986785407001,0.007115031952808396,0.08435064879897722,0.33064846743716425,True,True,-0.17310928776547121,,,-0.17310928776547121,0.14091228787795726,,,weak_target_stress_outside_assumption9,False,244e54fe799756ca474dab7ee5c3d5587ef67c6a73ac6b4a4bbf1ad2639de3d1,,,,
inference_diagnostic,f87b622f889053fe,dgp2_N50_T50_r2026080901_truth1-1-1,2,50,50,2026080901,fixed_rank,B_G1_time_average,split_fit_failure,0.02677097569380111,True,85,9.722926766804311e-09,True,0.6359998784894839,0.16883911646839173,32.37825505374142,191.76986785407001,0.004997025016255557,0.07068963867679307,0.2770982917733281,True,True,0.6672860431479453,0.6572776321794309,0.66727055691621,0.6773099403481947,0.9842317158492514,,,theorem_covered,True,244e54fe799756ca474dab7ee5c3d5587ef67c6a73ac6b4a4bbf1ad2639de3d1,success,success,success,success
inference_diagnostic,f87b622f889053fe,dgp2_N50_T50_r2026080901_truth1-1-1,2,50,50,2026080901,fixed_rank,B_G2_time_average,split_fit_failure,0.026041506384478646,True,86,8.336475412578244e-09,True,0.7913635580534527,0.16883911646839173,32.37825505374142,191.76986785407001,0.004349389841701141,0.06594990403102298,0.2585188733693559,True,True,0.4832258235444022,0.47552007595876133,0.49612027803684017,0.478037116637605,0.9795316549927459,,,theorem_covered,True,244e54fe799756ca474dab7ee5c3d5587ef67c6a73ac6b4a4bbf1ad2639de3d1,success,success,success,success
inference_diagnostic,f87b622f889053fe,dgp2_N50_T50_r2026080901_truth1-1-1,2,50,50,2026080901,fixed_rank,B_G2_minus_G1_time_average,split_fit_failure,0.03574243651708811,True,85,8.629441795952088e-09,True,0.7807076377702933,0.16883911646839173,32.37825505374142,191.76986785407001,0.008603083915373568,0.09275281082195605,0.36358433735178164,True,True,-0.18406021960354288,-0.18175755622066958,-0.17115027887936976,-0.19927282371058927,0.967481350117288,,,theorem_covered,True,244e54fe799756ca474dab7ee5c3d5587ef67c6a73ac6b4a4bbf1ad2639de3d1,success,success,success,success
inference_diagnostic,f87b622f889053fe,dgp2_N50_T50_r2026080902_truth1-1-1,2,50,50,2026080902,fixed_rank,A_entry,success,0.14957155398553115,True,69,7.689516926794833e-09,True,1.6257934783699972,0.11383350379047824,17.16009407156484,150.74730637431384,0.020221529117430664,0.14220242303642602,0.5574232553314479,True,True,0.2744331923240016,,,0.2744331923240016,0.21648529281492204,0.8533371548158593,1.515827178475728,theorem_covered,True,1760e0465df259db4ac92b00b7897e691f1e22bf226ba1dffe06061fb9b250b3,,,,
inference_diagnostic,f87b622f889053fe,dgp2_N50_T50_r2026080902_truth1-1-1,2,50,50,2026080902,fixed_rank,B_entry,success,0.10767923210713544,True,72,7.380617517109659e-09,True,0.8362420685749726,0.11383350379047824,17.16009407156484,150.74730637431384,0.018193348099204792,0.1348827197946601,0.5287305458686833,True,True,0.21156418525239482,,,0.21156418525239482,0.16166798628967927,0.6130537938446736,0.7023850926187203,theorem_covered,True,1760e0465df259db4ac92b00b7897e691f1e22bf226ba1dffe06061fb9b250b3,,,,
inference_diagnostic,f87b622f889053fe,dgp2_N50_T50_r2026080902_truth1-1-1,2,50,50,2026080902,fixed_rank,A_fixed_time_mean,success,0.1375961687681442,True,65,9.384517533714579e-09,True,1.2704795501703434,0.11383350379047824,17.16009407156484,150.74730637431384,0.02148018356808412,0.14656119393647188,0.57450932329335,True,True,0.3113340850268871,,,0.3113340850268871,0.9955810422662063,,,theorem_covered,True,1760e0465df259db4ac92b00b7897e691f1e22bf226ba1dffe06061fb9b250b3,,,,
inference_diagnostic,f87b622f889053fe,dgp2_N50_T50_r2026080902_truth1-1-1,2,50,50,2026080902,fixed_rank,B_fixed_time_mean,success,0.1222097903894938,True,69,9.614288420477392e-09,True,0.8989732757321283,0.11383350379047824,17.16009407156484,150.74730637431384,0.01732306237685774,0.13161710518339834,0.5159295718177616,True,True,0.3140200975462473,,,0.3140200975462473,0.9395870536493248,,,theorem_covered,True,1760e0465df259db4ac92b00b7897e691f1e22bf226ba1dffe06061fb9b250b3,,,,
inference_diagnostic,f87b622f889053fe,dgp2_N50_T50_r2026080902_truth1-1-1,2,50,50,2026080902,fixed_rank,A_full_mean,split_fit_failure,0.019933777857653368,True,73,7.421133673089921e-09,True,0.6953340099138674,0.11383350379047824,17.16009407156484,150.74730637431384,0.0007689597031102168,0.027730122666699778,0.10870008342721874,True,True,0.46743081185897395,0.4565985343586818,0.47491282462995016,0.47078107658828977,0.9998236928114625,,,theorem_covered,True,1760e0465df259db4ac92b00b7897e691f1e22bf226ba1dffe06061fb9b250b3,success,success,success,success
inference_diagnostic,f87b622f889053fe,dgp2_N50_T50_r2026080902_truth1-1-1,2,50,50,2026080902,fixed_rank,B_full_mean,split_fit_failure,0.019454708826204436,True,75,7.235328470378648e-09,True,0.7211198652638724,0.11383350379047824,17.16009407156484,150.74730637431384,0.00217155428532391,0.046599938683692596,0.1826684030036247,True,True,0.5657280821555003,0.5264196166861224,0.5441361065326579,0.6266285232477208,0.9969254690265039,,,theorem_covered,True,1760e0465df259db4ac92b00b7897e691f1e22bf226ba1dffe06061fb9b250b3,success,success,success,success
inference_diagnostic,f87b622f889053fe,dgp2_N50_T50_r2026080902_truth1-1-1,2,50,50,2026080902,fixed_rank,A_G1_fixed_time,success,0.141890277030144,True,68,8.805426395384293e-09,True,1.2775345505690763,0.11383350379047824,17.16009407156484,150.74730637431384,0.022792750513902282,0.15097268134964775,0.591802036189503,True,True,0.31987615014851134,,,0.31987615014851134,0.7083638986616287,,,theorem_covered,True,1760e0465df259db4ac92b00b7897e691f1e22bf226ba1dffe06061fb9b250b3,,,,
inference_diagnostic,f87b622f889053fe,dgp2_N50_T50_r2026080902_truth1-1-1,2,50,50,2026080902,fixed_rank,A_G2_fixed_time,success,0.13443253726402682,True,69,6.404255549529777e-09,True,1.2732085996800144,0.11383350379047824,17.16009407156484,150.74730637431384,0.020370361608721695,0.14272477573540515,0.5594708402859007,True,True,0.30279201990526294,,,0.30279201990526294,0.7209738309806047,,,theorem_covered,True,1760e0465df259db4ac92b00b7897e691f1e22bf226ba1dffe06061fb9b250b3,,,,
inference_diagnostic,f87b622f889053fe,dgp2_N50_T50_r2026080902_truth1-1-1,2,50,50,2026080902,fixed_rank,A_G2_minus_G1_fixed_time,success,0.026059411796574797,True,71,7.634434128548318e-09,True,2.493956480540986,0.11383350379047824,17.16009407156484,150.74730637431384,0.00040548996229585187,0.020136781329096562,0.07893473233917572,True,True,-0.01708413024324838,,,-0.01708413024324838,0.17435901515576052,,,weak_target_stress_outside_assumption9,False,1760e0465df259db4ac92b00b7897e691f1e22bf226ba1dffe06061fb9b250b3,,,,
inference_diagnostic,f87b622f889053fe,dgp2_N50_T50_r2026080902_truth1-1-1,2,50,50,2026080902,fixed_rank,A_G1_time_average,split_fit_failure,0.027400254593133465,True,73,7.0810683759015935e-09,True,0.9190065546460218,0.11383350379047824,17.16009407156484,150.74730637431384,0.001277930895332859,0.0357481593278991,0.14013020959256364,True,True,0.4802556987787862,0.4612738726351562,0.48194815444921757,0.49754506925198483,0.9899897866478967,,,theorem_covered,True,1760e0465df259db4ac92b00b7897e691f1e22bf226ba1dffe06061fb9b250b3,success,success,success,success
inference_diagnostic,f87b622f889053fe,dgp2_N50_T50_r2026080902_truth1-1-1,2,50,50,2026080902,fixed_rank,A_G2_time_average,split_fit_failure,0.027306920761737456,True,72,9.231061762745023e-09,True,1.0799878907629945,0.11383350379047824,17.16009407156484,150.74730637431384,0.0011912648354936173,0.03451470462706609,0.13529515601217498,True,True,0.4546059249391618,0.4519231960822075,0.46787749481068286,0.44401708392459505,0.9903536845942187,,,theorem_covered,True,1760e0465df259db4ac92b00b7897e691f1e22bf226ba1dffe06061fb9b250b3,success,success,success,success
inference_diagnostic,f87b622f889053fe,dgp2_N50_T50_r2026080902_truth1-1-1,2,50,50,2026080902,fixed_rank,A_G2_minus_G1_time_average,split_fit_failure,0.03746280485761301,True,70,7.352573631047723e-09,True,2.689836999406313,0.11383350379047824,17.16009407156484,150.74730637431384,0.001862552670679374,0.043157301475872815,0.16917351312529608,True,True,-0.0256497738396244,-0.00935067655294871,-0.014070659638534768,-0.05352798532738973,0.9804247964782163,,,theorem_covered,True,1760e0465df259db4ac92b00b7897e691f1e22bf226ba1dffe06061fb9b250b3,success,success,success,success
inference_diagnostic,f87b622f889053fe,dgp2_N50_T50_r2026080902_truth1-1-1,2,50,50,2026080902,fixed_rank,B_G1_fixed_time,success,0.11624777374690592,True,71,5.597698879703666e-09,True,0.8962030215240816,0.11383350379047824,17.16009407156484,150.74730637431384,0.015836632363688725,0.12584368225576015,0.4932981698063843,True,True,0.2975141074476648,,,0.2975141074476648,0.6450197007544687,,,theorem_covered,True,1760e0465df259db4ac92b00b7897e691f1e22bf226ba1dffe06061fb9b250b3,,,,
inference_diagnostic,f87b622f889053fe,dgp2_N50_T50_r2026080902_truth1-1-1,2,50,50,2026080902,fixed_rank,B_G2_fixed_time,success,0.1289701553623391,True,69,9.1582886599654e-09,True,0.9000347862928403,0.11383350379047824,17.16009407156484,150.74730637431384,0.019387585051449933,0.13923930857143013,0.5458080600645246,True,True,0.3305260876448298,,,0.3305260876448298,0.6943166149149747,,,theorem_covered,True,1760e0465df259db4ac92b00b7897e691f1e22bf226ba1dffe06061fb9b250b3,,,,
inference_diagnostic,f87b622f889053fe,dgp2_N50_T50_r2026080902_truth1-1-1,2,50,50,2026080902,fixed_rank,B_G2_minus_G1_fixed_time,success,0.023510854565910316,True,73,9.378137637033365e-09,True,0.8298410747465412,0.11383350379047824,17.16009407156484,150.74730637431384,0.0011561852971938053,0.03400272484954412,0.13328823216266322,True,True,0.033011980197164975,,,0.033011980197164975,0.12370183799343594,,,weak_target_stress_outside_assumption9,False,1760e0465df259db4ac92b00b7897e691f1e22bf226ba1dffe06061fb9b250b3,,,,
inference_diagnostic,f87b622f889053fe,dgp2_N50_T50_r2026080902_truth1-1-1,2,50,50,2026080902,fixed_rank,B_G1_time_average,split_fit_failure,0.026220027839074542,True,74,9.580928352095877e-09,True,0.761215781303445,0.11383350379047824,17.16009407156484,150.74730637431384,0.005000954788765882,0.07071742917248817,0.27720722851467794,True,True,0.5359914436552417,0.4737969568603308,0.5032191661721769,0.6309582079332173,0.984582726286815,,,theorem_covered,True,1760e0465df259db4ac92b00b7897e691f1e22bf226ba1dffe06061fb9b250b3,success,success,success,success
inference_diagnostic,f87b622f889053fe,dgp2_N50_T50_r2026080902_truth1-1-1,2,50,50,2026080902,fixed_rank,B_G2_time_average,split_fit_failure,0.026471533289678818,True,74,9.436217507487775e-09,True,0.7403796090841605,0.11383350379047824,17.16009407156484,150.74730637431384,0.004471898584396224,0.06687225571487942,0.262134425532233,True,True,0.5954647206557593,0.5790422765119139,0.5850530468931385,0.6222988385622255,0.9863379871144714,,,theorem_covered,True,1760e0465df259db4ac92b00b7897e691f1e22bf226ba1dffe06061fb9b250b3,success,success,success,success
inference_diagnostic,f87b622f889053fe,dgp2_N50_T50_r2026080902_truth1-1-1,2,50,50,2026080902,fixed_rank,B_G2_minus_G1_time_average,split_fit_failure,0.03553197274465983,True,74,9.850033965754794e-09,True,0.7902473310405538,0.11383350379047824,17.16009407156484,150.74730637431384,0.010259489588358518,0.10128913855077709,0.39704612716922133,True,True,0.0594732770005175,0.1052453196515832,0.08183388072096165,-0.008659369370992334,0.9738610675726269,,,theorem_covered,True,1760e0465df259db4ac92b00b7897e691f1e22bf226ba1dffe06061fb9b250b3,success,success,success,success
inference_diagnostic,f87b622f889053fe,dgp2_N50_T50_r2026080903_truth1-1-1,2,50,50,2026080903,fixed_rank,A_entry,success,0.17701673787982264,True,108,8.526497176861796e-09,True,1.15066900031677,0.14211395308174274,51.350526701071004,361.3334622500763,0.012155116987948114,0.11025024711059887,0.4321730272468299,True,True,0.19577183368713816,,,0.19577183368713816,0.17385324745292105,1.141428742847391,0.37845850802974484,theorem_covered,True,8cc4270ea67da240bbc58198806195a39eb8c241af7c6706bc60f5e78d5cd05b,,,,
inference_diagnostic,f87b622f889053fe,dgp2_N50_T50_r2026080903_truth1-1-1,2,50,50,2026080903,fixed_rank,B_entry,success,0.1526778119309347,True,112,7.540524611929917e-09,True,0.5558215018900821,0.14211395308174274,51.350526701071004,361.3334622500763,0.09395970225152847,0.3065284689087271,1.2015695185946216,True,True,0.4805910778839814,,,0.4805910778839814,0.1071092127044227,0.15317254925893392,0.42173859857442,theorem_covered,True,8cc4270ea67da240bbc58198806195a39eb8c241af7c6706bc60f5e78d5cd05b,,,,
inference_diagnostic,f87b622f889053fe,dgp2_N50_T50_r2026080903_truth1-1-1,2,50,50,2026080903,fixed_rank,A_fixed_time_mean,success,0.1387337212004506,True,107,9.628473351845941e-09,True,1.1417193057181172,0.14211395308174274,51.350526701071004,361.3334622500763,0.007691013577756414,0.08769842403234174,0.3437715052086235,True,True,0.15763366945698387,,,0.15763366945698387,0.9957479310262312,,,theorem_covered,True,8cc4270ea67da240bbc58198806195a39eb8c241af7c6706bc60f5e78d5cd05b,,,,
inference_diagnostic,f87b622f889053fe,dgp2_N50_T50_r2026080903_truth1-1-1,2,50,50,2026080903,fixed_rank,B_fixed_time_mean,success,0.1305769626440868,True,109,9.209784636735768e-09,True,1.13347901913558,0.14211395308174274,51.350526701071004,361.3334622500763,0.036418644681415334,0.19083669636999936,0.7480661036276088,True,True,0.6289916996471332,,,0.6289916996471332,0.947731642334851,,,theorem_covered,True,8cc4270ea67da240bbc58198806195a39eb8c241af7c6706bc60f5e78d5cd05b,,,,
inference_diagnostic,f87b622f889053fe,dgp2_N50_T50_r2026080903_truth1-1-1,2,50,50,2026080903,fixed_rank,A_full_mean,boundary_interiority_failure,0.019953260342366306,True,113,9.908105699277326e-09,True,0.5554045867896074,0.14211395308174274,51.350526701071004,361.3334622500763,0.0006186264911683336,0.024872203182837133,0.09749724490904657,True,True,0.5060529903817418,0.5063173727921195,0.4883702943693423,0.5234713039837634,0.9998198123247685,,,theorem_covered,True,8cc4270ea67da240bbc58198806195a39eb8c241af7c6706bc60f5e78d5cd05b,success,success,success,success
inference_diagnostic,f87b622f889053fe,dgp2_N50_T50_r2026080903_truth1-1-1,2,50,50,2026080903,fixed_rank,B_full_mean,boundary_interiority_failure,0.01979619654677256,True,113,7.297782648632772e-09,True,0.729545900070788,0.14211395308174274,51.350526701071004,361.3334622500763,0.001920544252662265,0.043824014565786475,0.17178698041380044,True,True,0.7113983139647779,0.6841278860769704,0.7168076135920868,0.7332594422252768,0.9962233420946133,,,theorem_covered,True,8cc4270ea67da240bbc58198806195a39eb8c241af7c6706bc60f5e78d5cd05b,success,success,success,success
inference_diagnostic,f87b622f889053fe,dgp2_N50_T50_r2026080903_truth1-1-1,2,50,50,2026080903,fixed_rank,A_G1_fixed_time,success,0.1425209825690675,True,107,9.21201603023249e-09,True,1.141665599682785,0.14211395308174274,51.350526701071004,361.3334622500763,0.008112510023761102,0.09006947331788447,0.3530658476190898,True,True,0.16180854148336354,,,0.16180854148336354,0.6928064481684584,,,theorem_covered,True,8cc4270ea67da240bbc58198806195a39eb8c241af7c6706bc60f5e78d5cd05b,,,,
inference_diagnostic,f87b622f889053fe,dgp2_N50_T50_r2026080903_truth1-1-1,2,50,50,2026080903,fixed_rank,A_G2_fixed_time,success,0.1351918206719855,True,108,6.980671023884577e-09,True,1.1429363537554862,0.14211395308174274,51.350526701071004,361.3334622500763,0.007304590685149096,0.085466898183736,0.3350240846209486,True,True,0.15345879743060414,,,0.15345879743060414,0.7207628829922015,,,theorem_covered,True,8cc4270ea67da240bbc58198806195a39eb8c241af7c6706bc60f5e78d5cd05b,,,,
inference_diagnostic,f87b622f889053fe,dgp2_N50_T50_r2026080903_truth1-1-1,2,50,50,2026080903,fixed_rank,A_G2_minus_G1_fixed_time,success,0.013781730864446229,True,109,8.068746774916575e-09,True,1.6377187165842564,0.14211395308174274,51.350526701071004,361.3334622500763,7.014710417966403e-05,0.008375386807763808,0.03283091299961791,True,True,-0.008349744052759407,,,-0.008349744052759407,0.08925226036355516,,,weak_target_stress_outside_assumption9,False,8cc4270ea67da240bbc58198806195a39eb8c241af7c6706bc60f5e78d5cd05b,,,,
inference_diagnostic,f87b622f889053fe,dgp2_N50_T50_r2026080903_truth1-1-1,2,50,50,2026080903,fixed_rank,A_G1_time_average,boundary_interiority_failure,0.02740752431175055,True,108,6.768980646703437e-09,True,0.7959430326451834,0.14211395308174274,51.350526701071004,361.3334622500763,0.0010828080703824822,0.03290604914574951,0.1289893423983481,True,True,0.5194556249882214,0.5108414918355147,0.493123434433265,0.5544019486958845,0.9888975982905606,,,theorem_covered,True,8cc4270ea67da240bbc58198806195a39eb8c241af7c6706bc60f5e78d5cd05b,success,success,success,success
inference_diagnostic,f87b622f889053fe,dgp2_N50_T50_r2026080903_truth1-1-1,2,50,50,2026080903,fixed_rank,A_G2_time_average,boundary_interiority_failure,0.02731527760906113,True,115,7.567622152168166e-09,True,0.7618946013398317,0.14211395308174274,51.350526701071004,361.3334622500763,0.0008588790041295806,0.02930663754390088,0.11487990818803022,True,True,0.4926503557752622,0.5017932537487243,0.4836171543054195,0.4925406592716429,0.9897456871445874,,,theorem_covered,True,8cc4270ea67da240bbc58198806195a39eb8c241af7c6706bc60f5e78d5cd05b,success,success,success,success
inference_diagnostic,f87b622f889053fe,dgp2_N50_T50_r2026080903_truth1-1-1,2,50,50,2026080903,fixed_rank,A_G2_minus_G1_time_average,boundary_interiority_failure,0.037444133937875455,True,108,7.93523790791982e-09,True,2.6544174079659264,0.14211395308174274,51.350526701071004,361.3334622500763,0.0014088681826833857,0.03753489286894776,0.14713407637341383,True,True,-0.026805269212959084,-0.009048238086790415,-0.009506280127845525,-0.061861289424241316,0.9787110544021782,,,theorem_covered,True,8cc4270ea67da240bbc58198806195a39eb8c241af7c6706bc60f5e78d5cd05b,success,success,success,success
inference_diagnostic,f87b622f889053fe,dgp2_N50_T50_r2026080903_truth1-1-1,2,50,50,2026080903,fixed_rank,B_G1_fixed_time,success,0.12014504757293061,True,106,7.13612430259018e-09,True,1.138577406193592,0.14211395308174274,51.350526701071004,361.3334622500763,0.03047640744253706,0.17457493360312945,0.68432116493121,True,True,0.5723555348086509,,,0.5723555348086509,0.6525792782064105,,,theorem_covered,True,8cc4270ea67da240bbc58198806195a39eb8c241af7c6706bc60f5e78d5cd05b,,,,
inference_diagnostic,f87b622f889053fe,dgp2_N50_T50_r2026080903_truth1-1-1,2,50,50,2026080903,fixed_rank,B_G2_fixed_time,success,0.14310319455162873,True,109,9.710522502354585e-09,True,1.110801703258146,0.14211395308174274,51.350526701071004,361.3334622500763,0.04415586095227049,0.2101329601758622,0.8237060678189587,True,True,0.6856278644856155,,,0.6856278644856155,0.6940062725794294,,,theorem_covered,True,8cc4270ea67da240bbc58198806195a39eb8c241af7c6706bc60f5e78d5cd05b,,,,
inference_diagnostic,f87b622f889053fe,dgp2_N50_T50_r2026080903_truth1-1-1,2,50,50,2026080903,fixed_rank,B_G2_minus_G1_fixed_time,success,0.04031551563536272,True,109,8.653644464752415e-09,True,0.8484174149153559,0.14211395308174274,51.350526701071004,361.3334622500763,0.0035899579697230544,0.059916257974969155,0.23486741543870066,True,True,0.11327232967696468,,,0.11327232967696468,0.0964839615753735,,,weak_target_stress_outside_assumption9,False,8cc4270ea67da240bbc58198806195a39eb8c241af7c6706bc60f5e78d5cd05b,,,,
inference_diagnostic,f87b622f889053fe,dgp2_N50_T50_r2026080903_truth1-1-1,2,50,50,2026080903,fixed_rank,B_G1_time_average,boundary_interiority_failure,0.027013034958333737,True,106,8.259584010589774e-09,True,0.8112880985059254,0.14211395308174274,51.350526701071004,361.3334622500763,0.003802456691575646,0.06166406321007112,0.24171868606428148,True,True,0.6473420280103991,0.6317278674420121,0.5974880213405706,0.7128101952486147,0.9785103922460721,,,theorem_covered,True,8cc4270ea67da240bbc58198806195a39eb8c241af7c6706bc60f5e78d5cd05b,success,success,success,success
inference_diagnostic,f87b622f889053fe,dgp2_N50_T50_r2026080903_truth1-1-1,2,50,50,2026080903,fixed_rank,B_G2_time_average,boundary_interiority_failure,0.027318899237091274,True,114,6.907560600062905e-09,True,0.7183722880247387,0.14211395308174274,51.350526701071004,361.3334622500763,0.0040080113179393135,0.063308856552139,0.24816615748921012,True,True,0.775454599919157,0.7365279047119284,0.8361272058436029,0.7537086892019398,0.9806190352072562,,,theorem_covered,True,8cc4270ea67da240bbc58198806195a39eb8c241af7c6706bc60f5e78d5cd05b,success,success,success,success
inference_diagnostic,f87b622f889053fe,dgp2_N50_T50_r2026080903_truth1-1-1,2,50,50,2026080903,fixed_rank,B_G2_minus_G1_time_average,boundary_interiority_failure,0.037208803198963726,True,113,9.432288362221626e-09,True,0.7981903797338687,0.14211395308174274,51.350526701071004,361.3334622500763,0.007938758997176455,0.08909971378840931,0.3492644601162182,True,True,0.12811257190875797,0.10480003726991644,0.2386391845030323,0.04089849395332518,0.9626189965974176,,,theorem_covered,True,8cc4270ea67da240bbc58198806195a39eb8c241af7c6706bc60f5e78d5cd05b,success,success,success,success
inference_diagnostic,f87b622f889053fe,dgp3_N100_T100_r2026080901_truth1-1-1,3,100,100,2026080901,fixed_rank,A_entry,success,0.12090838820529264,True,102,7.144151178318154e-09,True,2.377694192129861,0.16983639179879514,46.288400339067394,272.5470074394019,0.022370782343655908,0.14956865428175753,0.5862983512167346,True,True,0.34418273908003233,,,0.34418273908003233,0.12807913715312375,1.0407745305381424,0.6059586703573943,theorem_covered,True,1649e0eb9c5a4b6d932458ccf06df74af76c3b2bbd375b7dc84e4acfbdc34d32,,,,
inference_diagnostic,f87b622f889053fe,dgp3_N100_T100_r2026080901_truth1-1-1,3,100,100,2026080901,fixed_rank,B_entry,success,0.1527549726426039,True,106,9.314862796499473e-09,True,1.023830736710712,0.16983639179879514,46.288400339067394,272.5470074394019,0.07566445486298008,0.27507172676045805,1.0782613552314808,True,True,0.7632908159711081,,,0.7632908159711081,0.16707835674755278,2.2712011523723934,0.5324086483300615,theorem_covered,True,1649e0eb9c5a4b6d932458ccf06df74af76c3b2bbd375b7dc84e4acfbdc34d32,,,,
inference_diagnostic,f87b622f889053fe,dgp3_N100_T100_r2026080901_truth1-1-1,3,100,100,2026080901,fixed_rank,A_fixed_time_mean,success,0.09863031905664911,True,101,9.445617336937793e-09,True,2.466580768131383,0.16983639179879514,46.288400339067394,272.5470074394019,0.01922628978075384,0.13865889722896918,0.5435328894096406,True,True,0.3298262873520834,,,0.3298262873520834,0.9953191035372451,,,theorem_covered,True,1649e0eb9c5a4b6d932458ccf06df74af76c3b2bbd375b7dc84e4acfbdc34d32,,,,
inference_diagnostic,f87b622f889053fe,dgp3_N100_T100_r2026080901_truth1-1-1,3,100,100,2026080901,fixed_rank,B_fixed_time_mean,success,0.08774640155765893,True,102,8.87591741171013e-09,True,1.3579773390369512,0.16983639179879514,46.288400339067394,272.5470074394019,0.01617495394349549,0.1271807923528372,0.49853954507365605,True,True,0.503974531646298,,,0.503974531646298,0.9230305726513859,,,theorem_covered,True,1649e0eb9c5a4b6d932458ccf06df74af76c3b2bbd375b7dc84e4acfbdc34d32,,,,
inference_diagnostic,f87b622f889053fe,dgp3_N100_T100_r2026080901_truth1-1-1,3,100,100,2026080901,fixed_rank,A_full_mean,success,0.009990953665215773,True,110,8.720917549343955e-09,True,0.8045760169854274,0.16983639179879514,46.288400339067394,272.5470074394019,0.00013143616193896028,0.011464561131546216,0.04494025383277671,True,True,0.4995955625693984,0.502816391053536,0.49889426913634866,0.49707602751831054,0.9998268339953674,,,theorem_covered,True,1649e0eb9c5a4b6d932458ccf06df74af76c3b2bbd375b7dc84e4acfbdc34d32,success,success,success,success
inference_diagnostic,f87b622f889053fe,dgp3_N100_T100_r2026080901_truth1-1-1,3,100,100,2026080901,fixed_rank,B_full_mean,success,0.009811873918747138,True,114,8.700096817480955e-09,True,0.6823266775625153,0.16983639179879514,46.288400339067394,272.5470074394019,0.0006556691014317608,0.025606036425650902,0.10037381836219302,True,True,0.605805231612274,0.6014432470529079,0.6110558214904966,0.6049166262934174,0.9967260174261969,,,theorem_covered,True,1649e0eb9c5a4b6d932458ccf06df74af76c3b2bbd375b7dc84e4acfbdc34d32,success,success,success,success
inference_diagnostic,f87b622f889053fe,dgp3_N100_T100_r2026080901_truth1-1-1,3,100,100,2026080901,fixed_rank,A_G1_fixed_time,success,0.10037624527188307,True,102,6.966979199505587e-09,True,2.46077068698185,0.16983639179879514,46.288400339067394,272.5470074394019,0.01983958714948059,0.14085306936478378,0.5521338861337964,True,True,0.33500765013047684,,,0.33500765013047684,0.7091849473741009,,,theorem_covered,True,1649e0eb9c5a4b6d932458ccf06df74af76c3b2bbd375b7dc84e4acfbdc34d32,,,,
inference_diagnostic,f87b622f889053fe,dgp3_N100_T100_r2026080901_truth1-1-1,3,100,100,2026080901,fixed_rank,A_G2_fixed_time,success,0.09729680814816509,True,101,8.789162365069914e-09,True,2.474816074484882,0.16983639179879514,46.288400339067394,272.5470074394019,0.018659059221438342,0.13659816697686078,0.5354549752576714,True,True,0.3246449245736901,,,0.3246449245736901,0.7027073734534149,,,theorem_covered,True,1649e0eb9c5a4b6d932458ccf06df74af76c3b2bbd375b7dc84e4acfbdc34d32,,,,
inference_diagnostic,f87b622f889053fe,dgp3_N100_T100_r2026080901_truth1-1-1,3,100,100,2026080901,fixed_rank,A_G2_minus_G1_fixed_time,success,0.013128580751114897,True,103,7.486096523154732e-09,True,2.962021225267781,0.16983639179879514,46.288400339067394,272.5470074394019,9.213361669416755e-05,0.009598625771128258,0.03762592162497878,True,True,-0.010362725556786759,,,-0.010362725556786759,0.07797964107136571,,,weak_target_stress_outside_assumption9,False,1649e0eb9c5a4b6d932458ccf06df74af76c3b2bbd375b7dc84e4acfbdc34d32,,,,
inference_diagnostic,f87b622f889053fe,dgp3_N100_T100_r2026080901_truth1-1-1,3,100,100,2026080901,fixed_rank,A_G1_time_average,success,0.013906936260182086,True,110,7.735637356120691e-09,True,1.0802351649196305,0.16983639179879514,46.288400339067394,272.5470074394019,0.00021275297657660165,0.014586054181189703,0.05717628174336337,True,True,0.5074438934981711,0.5123399473715777,0.5071954815675841,0.5027962515553515,0.9907422694549144,,,theorem_covered,True,1649e0eb9c5a4b6d932458ccf06df74af76c3b2bbd375b7dc84e4acfbdc34d32,success,success,success,success
inference_diagnostic,f87b622f889053fe,dgp3_N100_T100_r2026080901_truth1-1-1,3,100,100,2026080901,fixed_rank,A_G2_time_average,success,0.013892380801361614,True,110,8.476792243561439e-09,True,1.1471178091486367,0.16983639179879514,46.288400339067394,272.5470074394019,0.00019366317395584005,0.01391629167399994,0.054550860958789,True,True,0.49174723164062584,0.4932928347354943,0.49059305670511333,0.4913558034812697,0.9905711204367372,,,theorem_covered,True,1649e0eb9c5a4b6d932458ccf06df74af76c3b2bbd375b7dc84e4acfbdc34d32,success,success,success,success
inference_diagnostic,f87b622f889053fe,dgp3_N100_T100_r2026080901_truth1-1-1,3,100,100,2026080901,fixed_rank,A_G2_minus_G1_time_average,success,0.019326810921299512,True,103,9.714448545331502e-09,True,3.1180408323994957,0.16983639179879514,46.288400339067394,272.5470074394019,0.00028708765204638146,0.01694366111695998,0.06641793111098653,True,True,-0.015696661857545226,-0.01904711263608353,-0.016602424862470683,-0.011440448074081462,0.981400881979821,,,theorem_covered,True,1649e0eb9c5a4b6d932458ccf06df74af76c3b2bbd375b7dc84e4acfbdc34d32,success,success,success,success
inference_diagnostic,f87b622f889053fe,dgp3_N100_T100_r2026080901_truth1-1-1,3,100,100,2026080901,fixed_rank,B_G1_fixed_time,success,0.0808188132311566,True,106,6.450396457846738e-09,True,1.3360586141976531,0.16983639179879514,46.288400339067394,272.5470074394019,0.013972324486374013,0.11820458741679196,0.4633534682886574,True,True,0.4617854541108854,,,0.4617854541108854,0.6029699690202068,,,theorem_covered,True,1649e0eb9c5a4b6d932458ccf06df74af76c3b2bbd375b7dc84e4acfbdc34d32,,,,
inference_diagnostic,f87b622f889053fe,dgp3_N100_T100_r2026080901_truth1-1-1,3,100,100,2026080901,fixed_rank,B_G2_fixed_time,success,0.0953435905676919,True,102,9.326881871120483e-09,True,1.3585938437532752,0.16983639179879514,46.288400339067394,272.5470074394019,0.01899538149812869,0.13782373343560494,0.5402591074972691,True,True,0.5461636091817105,,,0.5461636091817105,0.7065164775583197,,,theorem_covered,True,1649e0eb9c5a4b6d932458ccf06df74af76c3b2bbd375b7dc84e4acfbdc34d32,,,,
inference_diagnostic,f87b622f889053fe,dgp3_N100_T100_r2026080901_truth1-1-1,3,100,100,2026080901,fixed_rank,B_G2_minus_G1_fixed_time,success,0.021129072946837264,True,110,7.980938376008462e-09,True,0.9871654707870527,0.16983639179879514,46.288400339067394,272.5470074394019,0.0012355961977147086,0.0351510483160134,0.13778957743642717,True,True,0.08437815507082505,,,0.08437815507082505,0.10369608745030175,,,weak_target_stress_outside_assumption9,False,1649e0eb9c5a4b6d932458ccf06df74af76c3b2bbd375b7dc84e4acfbdc34d32,,,,
inference_diagnostic,f87b622f889053fe,dgp3_N100_T100_r2026080901_truth1-1-1,3,100,100,2026080901,fixed_rank,B_G1_time_average,success,0.013348411983422084,True,114,9.953461807281596e-09,True,0.6838429248863298,0.16983639179879514,46.288400339067394,272.5470074394019,0.0013538122245967791,0.0367941873751382,0.14423056419137842,True,True,0.5550916294698023,0.5543833561849913,0.5659355617377313,0.5449559704866842,0.9858455279013293,,,theorem_covered,True,1649e0eb9c5a4b6d932458ccf06df74af76c3b2bbd375b7dc84e4acfbdc34d32,success,success,success,success
inference_diagnostic,f87b622f889053fe,dgp3_N100_T100_r2026080901_truth1-1-1,3,100,100,2026080901,fixed_rank,B_G2_time_average,success,0.013502794531606112,True,114,8.176611665791712e-09,True,0.8161945962931496,0.16983639179879514,46.288400339067394,272.5470074394019,0.0011492682633392644,0.03390085933039551,0.13288892666506769,True,True,0.6565188337547454,0.6485031379208246,0.656176081243262,0.6648772821001496,0.9888781655796256,,,theorem_covered,True,1649e0eb9c5a4b6d932458ccf06df74af76c3b2bbd375b7dc84e4acfbdc34d32,success,success,success,success
inference_diagnostic,f87b622f889053fe,dgp3_N100_T100_r2026080901_truth1-1-1,3,100,100,2026080901,fixed_rank,B_G2_minus_G1_time_average,success,0.01832811081629297,True,110,9.770424931957207e-09,True,0.8358698777519737,0.16983639179879514,46.288400339067394,272.5470074394019,0.002383484575411875,0.048820944024177526,0.19137458395726786,True,True,0.10142720428494306,0.09411978173583344,0.09024051950553073,0.11992131161346502,0.9779103626758902,,,theorem_covered,True,1649e0eb9c5a4b6d932458ccf06df74af76c3b2bbd375b7dc84e4acfbdc34d32,success,success,success,success
inference_diagnostic,f87b622f889053fe,dgp3_N100_T100_r2026080902_truth1-1-1,3,100,100,2026080902,fixed_rank,A_entry,success,0.0648403301362647,True,97,6.310117564290254e-09,True,3.6505004563403234,0.22429119303200656,42.94307684216086,191.46127077772886,0.003448988663411599,0.05872809092258661,0.23020988617812685,True,True,0.08379279662384738,,,0.08379279662384738,0.1279454180934765,0.7547086784890323,0.8890037107797625,theorem_covered,True,a80b1dc158bf7197b27eea4267dee23fd3e9dd9f1c81f7d18fe761c2c0a6af8a,,,,
inference_diagnostic,f87b622f889053fe,dgp3_N100_T100_r2026080902_truth1-1-1,3,100,100,2026080902,fixed_rank,B_entry,success,0.13763027166594244,True,98,9.413500886883914e-09,True,1.3522613131348793,0.22429119303200656,42.94307684216086,191.46127077772886,0.12756593914058023,0.3571637427575484,1.4000561447766469,True,True,0.7718192389693823,,,0.7718192389693823,0.08006286078047646,0.15468207430280606,0.4870775149361551,theorem_covered,True,a80b1dc158bf7197b27eea4267dee23fd3e9dd9f1c81f7d18fe761c2c0a6af8a,,,,
inference_diagnostic,f87b622f889053fe,dgp3_N100_T100_r2026080902_truth1-1-1,3,100,100,2026080902,fixed_rank,A_fixed_time_mean,success,0.09813907184782439,True,93,7.772866171056024e-09,True,4.101034185415836,0.22429119303200656,42.94307684216086,191.46127077772886,0.010289817900222178,0.10143873964231899,0.39763255267216135,True,True,0.2609400496356039,,,0.2609400496356039,0.9946199812502783,,,theorem_covered,True,a80b1dc158bf7197b27eea4267dee23fd3e9dd9f1c81f7d18fe761c2c0a6af8a,,,,
inference_diagnostic,f87b622f889053fe,dgp3_N100_T100_r2026080902_truth1-1-1,3,100,100,2026080902,fixed_rank,B_fixed_time_mean,success,0.08951381157751805,True,98,8.260294687449507e-09,True,1.4616266209457984,0.22429119303200656,42.94307684216086,191.46127077772886,0.04843673849226637,0.22008348073462117,0.8627113916641447,True,True,0.7321764953564888,,,0.7321764953564888,0.9353231291591976,,,theorem_covered,True,a80b1dc158bf7197b27eea4267dee23fd3e9dd9f1c81f7d18fe761c2c0a6af8a,,,,
inference_diagnostic,f87b622f889053fe,dgp3_N100_T100_r2026080902_truth1-1-1,3,100,100,2026080902,fixed_rank,A_full_mean,success,0.009985786573763866,True,103,8.879630803272344e-09,True,0.7788516078537336,0.22429119303200656,42.94307684216086,191.46127077772886,0.00013371291771085186,0.011563430187917938,0.04532781341212477,True,True,0.4422198372892011,0.4386339715087123,0.4425681064991117,0.4454574338597792,0.9997856315647646,,,theorem_covered,True,a80b1dc158bf7197b27eea4267dee23fd3e9dd9f1c81f7d18fe761c2c0a6af8a,success,success,success,success
inference_diagnostic,f87b622f889053fe,dgp3_N100_T100_r2026080902_truth1-1-1,3,100,100,2026080902,fixed_rank,B_full_mean,success,0.009861888847538755,True,107,9.406217040031807e-09,True,0.705631279753417,0.22429119303200656,42.94307684216086,191.46127077772886,0.0006374755035876076,0.02524827723999417,0.09897142812414186,True,True,0.6752408534048809,0.6828730968914084,0.6706055865352156,0.6722438767880186,0.9966686109901721,,,theorem_covered,True,a80b1dc158bf7197b27eea4267dee23fd3e9dd9f1c81f7d18fe761c2c0a6af8a,success,success,success,success
inference_diagnostic,f87b622f889053fe,dgp3_N100_T100_r2026080902_truth1-1-1,3,100,100,2026080902,fixed_rank,A_G1_fixed_time,success,0.09589962177159052,True,93,8.52700436452725e-09,True,4.075080171337076,0.22429119303200656,42.94307684216086,191.46127077772886,0.009799776545737186,0.0989938207452222,0.38804864670529915,True,True,0.2545179153698506,,,0.2545179153698506,0.6909502551906983,,,theorem_covered,True,a80b1dc158bf7197b27eea4267dee23fd3e9dd9f1c81f7d18fe761c2c0a6af8a,,,,
inference_diagnostic,f87b622f889053fe,dgp3_N100_T100_r2026080902_truth1-1-1,3,100,100,2026080902,fixed_rank,A_G2_fixed_time,success,0.10070618117131247,True,93,9.415380225893725e-09,True,4.106140946991414,0.22429119303200656,42.94307684216086,191.46127077772886,0.010830213582480964,0.10406831209585829,0.40794028727951265,True,True,0.26736218390135724,,,0.26736218390135724,0.721967061749123,,,theorem_covered,True,a80b1dc158bf7197b27eea4267dee23fd3e9dd9f1c81f7d18fe761c2c0a6af8a,,,,
inference_diagnostic,f87b622f889053fe,dgp3_N100_T100_r2026080902_truth1-1-1,3,100,100,2026080902,fixed_rank,A_G2_minus_G1_fixed_time,success,0.012322137455689965,True,96,7.912068440231215e-09,True,2.6250023973706895,0.22429119303200656,42.94307684216086,191.46127077772886,0.00010070865357130421,0.01003537012627358,0.039337928038050786,True,True,0.01284426853150674,,,0.01284426853150674,0.09684929682992119,,,weak_target_stress_outside_assumption9,False,a80b1dc158bf7197b27eea4267dee23fd3e9dd9f1c81f7d18fe761c2c0a6af8a,,,,
inference_diagnostic,f87b622f889053fe,dgp3_N100_T100_r2026080902_truth1-1-1,3,100,100,2026080902,fixed_rank,A_G1_time_average,success,0.013844749527465651,True,102,8.978180839056255e-09,True,1.0903420140579958,0.22429119303200656,42.94307684216086,191.46127077772886,0.00023557974826576316,0.015348607372193842,0.060165435324691784,True,True,0.4313361298092,0.4279898682696337,0.43128612519374887,0.4347323959642174,0.9895066501447916,,,theorem_covered,True,a80b1dc158bf7197b27eea4267dee23fd3e9dd9f1c81f7d18fe761c2c0a6af8a,success,success,success,success
inference_diagnostic,f87b622f889053fe,dgp3_N100_T100_r2026080902_truth1-1-1,3,100,100,2026080902,fixed_rank,A_G2_time_average,success,0.013871017348045736,True,103,7.9660308044444e-09,True,1.0249257971532677,0.22429119303200656,42.94307684216086,191.46127077772886,0.00021837444838769285,0.014777498042215835,0.05792672788870839,True,True,0.4531035447692021,0.4492780747477908,0.45385008780447456,0.4561824717553409,0.9903908927565658,,,theorem_covered,True,a80b1dc158bf7197b27eea4267dee23fd3e9dd9f1c81f7d18fe761c2c0a6af8a,success,success,success,success
inference_diagnostic,f87b622f889053fe,dgp3_N100_T100_r2026080902_truth1-1-1,3,100,100,2026080902,fixed_rank,A_G2_minus_G1_time_average,success,0.019217197753810037,True,99,8.515681235894281e-09,True,2.442163287915292,0.22429119303200656,42.94307684216086,191.46127077772886,0.00037305672354311987,0.019314676376867408,0.0757121401434134,True,True,0.02176741496000221,0.021288206478157125,0.02256396261072572,0.021450075791123784,0.9800133785069274,,,theorem_covered,True,a80b1dc158bf7197b27eea4267dee23fd3e9dd9f1c81f7d18fe761c2c0a6af8a,success,success,success,success
inference_diagnostic,f87b622f889053fe,dgp3_N100_T100_r2026080902_truth1-1-1,3,100,100,2026080902,fixed_rank,B_G1_fixed_time,success,0.08590579710069952,True,94,9.631286675159084e-09,True,1.4432176778426284,0.22429119303200656,42.94307684216086,191.46127077772886,0.044404697420436956,0.21072422124766996,0.8260237686313663,True,True,0.697363568731179,,,0.697363568731179,0.6858531908595368,,,theorem_covered,True,a80b1dc158bf7197b27eea4267dee23fd3e9dd9f1c81f7d18fe761c2c0a6af8a,,,,
inference_diagnostic,f87b622f889053fe,dgp3_N100_T100_r2026080902_truth1-1-1,3,100,100,2026080902,fixed_rank,B_G2_fixed_time,success,0.09425725064809003,True,98,8.879441366807965e-09,True,1.440999048327523,0.22429119303200656,42.94307684216086,191.46127077772886,0.053457319873910294,0.2312083905785218,0.9063202369147454,True,True,0.7669894219817985,,,0.7669894219817985,0.640579333417303,,,theorem_covered,True,a80b1dc158bf7197b27eea4267dee23fd3e9dd9f1c81f7d18fe761c2c0a6af8a,,,,
inference_diagnostic,f87b622f889053fe,dgp3_N100_T100_r2026080902_truth1-1-1,3,100,100,2026080902,fixed_rank,B_G2_minus_G1_fixed_time,success,0.021853619790442484,True,103,9.40843132923973e-09,True,0.8857857987889094,0.22429119303200656,42.94307684216086,191.46127077772886,0.0019770806691757755,0.0444643752815192,0.1742971482937013,True,True,0.0696258532506196,,,0.0696258532506196,0.07685782896629274,,,weak_target_stress_outside_assumption9,False,a80b1dc158bf7197b27eea4267dee23fd3e9dd9f1c81f7d18fe761c2c0a6af8a,,,,
inference_diagnostic,f87b622f889053fe,dgp3_N100_T100_r2026080902_truth1-1-1,3,100,100,2026080902,fixed_rank,B_G1_time_average,success,0.013512203849668395,True,106,8.145686014129533e-09,True,0.7937571357854755,0.22429119303200656,42.94307684216086,191.46127077772886,0.0012581959022453279,0.03547105724735771,0.13904398939675916,True,True,0.643135055918784,0.6445776411419045,0.6374784812006401,0.6473490454138074,0.9858277211579612,,,theorem_covered,True,a80b1dc158bf7197b27eea4267dee23fd3e9dd9f1c81f7d18fe761c2c0a6af8a,success,success,success,success
inference_diagnostic,f87b622f889053fe,dgp3_N100_T100_r2026080902_truth1-1-1,3,100,100,2026080902,fixed_rank,B_G2_time_average,success,0.013588839799946496,True,106,7.3580923354325935e-09,True,0.7347654963948703,0.22429119303200656,42.94307684216086,191.46127077772886,0.0012318237264487368,0.03509734643030349,0.13757906991264054,True,True,0.7073466508909783,0.7211685526409124,0.7037326918697913,0.6971387081622311,0.9842078239699498,,,theorem_covered,True,a80b1dc158bf7197b27eea4267dee23fd3e9dd9f1c81f7d18fe761c2c0a6af8a,success,success,success,success
inference_diagnostic,f87b622f889053fe,dgp3_N100_T100_r2026080902_truth1-1-1,3,100,100,2026080902,fixed_rank,B_G2_minus_G1_time_average,success,0.018586151656606313,True,103,7.534341990092465e-09,True,0.8470907261393053,0.22429119303200656,42.94307684216086,191.46127077772886,0.002430137237110927,0.049296422153244826,0.19323842397408464,True,True,0.06421159497219425,0.0765909114990079,0.06625421066915137,0.04978966274842349,0.9732281420273907,,,theorem_covered,True,a80b1dc158bf7197b27eea4267dee23fd3e9dd9f1c81f7d18fe761c2c0a6af8a,success,success,success,success
inference_diagnostic,f87b622f889053fe,dgp3_N100_T100_r2026080903_truth1-1-1,3,100,100,2026080903,fixed_rank,A_entry,success,0.13866643972329623,True,90,7.805588629426236e-09,True,1.9267202608868639,0.1942597067861776,36.85004687294495,189.69475184838993,0.008986711090158021,0.09479826522757694,0.3716023712858531,True,True,0.4961768864664107,,,0.4961768864664107,0.1359605557340699,1.0849838270203402,0.7719186368994863,theorem_covered,True,349099d40410e89a3261b6c0becee8b07d39daa1575ac9899857096efe244fa7,,,,
inference_diagnostic,f87b622f889053fe,dgp3_N100_T100_r2026080903_truth1-1-1,3,100,100,2026080903,fixed_rank,B_entry,success,0.1455192087482697,True,95,9.586781237952596e-09,True,0.8669840721876839,0.1942597067861776,36.85004687294495,189.69475184838993,0.1076088053046097,0.3280378107849912,1.2858845894118955,True,True,0.6909437120186814,,,0.6909437120186814,0.15797391326205673,1.4390265071243682,1.071975227684601,theorem_covered,True,349099d40410e89a3261b6c0becee8b07d39daa1575ac9899857096efe244fa7,,,,
inference_diagnostic,f87b622f889053fe,dgp3_N100_T100_r2026080903_truth1-1-1,3,100,100,2026080903,fixed_rank,A_fixed_time_mean,success,0.09857896885348956,True,89,8.631665245726018e-09,True,1.3348873369740046,0.1942597067861776,36.85004687294495,189.69475184838993,0.0050942748927316215,0.07137418926146637,0.2797816807564391,True,True,0.5173377456150672,,,0.5173377456150672,0.9956278318537927,,,theorem_covered,True,349099d40410e89a3261b6c0becee8b07d39daa1575ac9899857096efe244fa7,,,,
inference_diagnostic,f87b622f889053fe,dgp3_N100_T100_r2026080903_truth1-1-1,3,100,100,2026080903,fixed_rank,B_fixed_time_mean,success,0.09038291698813769,True,92,9.636384733157664e-09,True,0.956023401950531,0.1942597067861776,36.85004687294495,189.69475184838993,0.03529542655556293,0.1878707708920228,0.7364398893922812,True,True,0.5023669021531135,,,0.5023669021531135,0.936555406414777,,,theorem_covered,True,349099d40410e89a3261b6c0becee8b07d39daa1575ac9899857096efe244fa7,,,,
inference_diagnostic,f87b622f889053fe,dgp3_N100_T100_r2026080903_truth1-1-1,3,100,100,2026080903,fixed_rank,A_full_mean,success,0.009986231745186603,True,99,7.972969335127308e-09,True,0.8777321607821639,0.1942597067861776,36.85004687294495,189.69475184838993,0.00013663302406378123,0.011689012963624484,0.045820088847051584,True,True,0.48254535800142495,0.48525159418916974,0.48219941481960943,0.4801850649954957,0.9998398528114644,,,theorem_covered,True,349099d40410e89a3261b6c0becee8b07d39daa1575ac9899857096efe244fa7,success,success,success,success
inference_diagnostic,f87b622f889053fe,dgp3_N100_T100_r2026080903_truth1-1-1,3,100,100,2026080903,fixed_rank,B_full_mean,success,0.009858589358071107,True,101,9.295269256458807e-09,True,0.7271531671756674,0.1942597067861776,36.85004687294495,189.69475184838993,0.0006247166617976068,0.02499433259356222,0.0979759834019951,True,True,0.6055457690727188,0.6052825564261586,0.5927806649465776,0.6185740858454204,0.9958910462756145,,,theorem_covered,True,349099d40410e89a3261b6c0becee8b07d39daa1575ac9899857096efe244fa7,success,success,success,success
inference_diagnostic,f87b622f889053fe,dgp3_N100_T100_r2026080903_truth1-1-1,3,100,100,2026080903,fixed_rank,A_G1_fixed_time,success,0.0970783416085327,True,90,7.534551292483873e-09,True,1.3390426202464663,0.1942597067861776,36.85004687294495,189.69475184838993,0.004886396429097534,0.06990276410198336,0.2740138001193735,True,True,0.5065310854336426,,,0.5065310854336426,0.7091614414429731,,,theorem_covered,True,349099d40410e89a3261b6c0becee8b07d39daa1575ac9899857096efe244fa7,,,,
inference_diagnostic,f87b622f889053fe,dgp3_N100_T100_r2026080903_truth1-1-1,3,100,100,2026080903,fixed_rank,A_G2_fixed_time,success,0.10113114390720158,True,89,7.2901986349800394e-09,True,1.34599886479423,0.1942597067861776,36.85004687294495,189.69475184838993,0.005421507710768654,0.07363088829267683,0.288627778406677,True,True,0.5281444057964917,,,0.5281444057964917,0.7043406974467559,,,theorem_covered,True,349099d40410e89a3261b6c0becee8b07d39daa1575ac9899857096efe244fa7,,,,
inference_diagnostic,f87b622f889053fe,dgp3_N100_T100_r2026080903_truth1-1-1,3,100,100,2026080903,fixed_rank,A_G2_minus_G1_fixed_time,success,0.020788769901442773,True,95,7.860386965083636e-09,True,3.222092786669906,0.1942597067861776,36.85004687294495,189.69475184838993,0.00023870870888111862,0.015450200933357423,0.06056367476657536,True,True,0.021613320362849076,,,0.021613320362849076,0.08792604021206862,,,weak_target_stress_outside_assumption9,False,349099d40410e89a3261b6c0becee8b07d39daa1575ac9899857096efe244fa7,,,,
inference_diagnostic,f87b622f889053fe,dgp3_N100_T100_r2026080903_truth1-1-1,3,100,100,2026080903,fixed_rank,A_G1_time_average,success,0.013772689510312405,True,98,9.0716388486795e-09,True,1.1174970622555107,0.1942597067861776,36.85004687294495,189.69475184838993,0.00019947206777396292,0.014123458067129413,0.055362938297470674,True,True,0.4724654754677324,0.4746530096008838,0.46902971905686636,0.47371369774544686,0.9908348841762128,,,theorem_covered,True,349099d40410e89a3261b6c0becee8b07d39daa1575ac9899857096efe244fa7,success,success,success,success
inference_diagnostic,f87b622f889053fe,dgp3_N100_T100_r2026080903_truth1-1-1,3,100,100,2026080903,fixed_rank,A_G2_time_average,success,0.01380109853902166,True,98,8.42595709209104e-09,True,1.3166025161531194,0.1942597067861776,36.85004687294495,189.69475184838993,0.00023383943308359525,0.015291809346300237,0.0599427911544029,True,True,0.4926252405351176,0.4958501787774555,0.4953691105823527,0.4866564322455446,0.9907086592723947,,,theorem_covered,True,349099d40410e89a3261b6c0becee8b07d39daa1575ac9899857096efe244fa7,success,success,success,success
inference_diagnostic,f87b622f889053fe,dgp3_N100_T100_r2026080903_truth1-1-1,3,100,100,2026080903,fixed_rank,A_G2_minus_G1_time_average,success,0.019010925716235385,True,95,7.65302145656393e-09,True,3.4408370834188244,0.1942597067861776,36.85004687294495,189.69475184838993,0.00032009090582605244,0.01789108453465168,0.07013176266455769,True,True,0.020159765067385246,0.021197169176571686,0.02633939152548638,0.012942734500097669,0.9816199284793212,,,theorem_covered,True,349099d40410e89a3261b6c0becee8b07d39daa1575ac9899857096efe244fa7,success,success,success,success
inference_diagnostic,f87b622f889053fe,dgp3_N100_T100_r2026080903_truth1-1-1,3,100,100,2026080903,fixed_rank,B_G1_fixed_time,success,0.09459825631418652,True,89,9.905310028059132e-09,True,0.9567897595764028,0.1942597067861776,36.85004687294495,189.69475184838993,0.038567172222443324,0.19638526477931922,0.7698160921236561,True,True,0.5242330903290338,,,0.5242330903290338,0.6819475314576383,,,theorem_covered,True,349099d40410e89a3261b6c0becee8b07d39daa1575ac9899857096efe244fa7,,,,
inference_diagnostic,f87b622f889053fe,dgp3_N100_T100_r2026080903_truth1-1-1,3,100,100,2026080903,fixed_rank,B_G2_fixed_time,success,0.08681420909281343,True,93,9.044813928983619e-09,True,0.9550975751841078,0.1942597067861776,36.85004687294495,189.69475184838993,0.03250785941448818,0.18029936054930473,0.7067605062244783,True,True,0.4805007139771933,,,0.4805007139771933,0.6506198635473283,,,theorem_covered,True,349099d40410e89a3261b6c0becee8b07d39daa1575ac9899857096efe244fa7,,,,
inference_diagnostic,f87b622f889053fe,dgp3_N100_T100_r2026080903_truth1-1-1,3,100,100,2026080903,fixed_rank,B_G2_minus_G1_fixed_time,success,0.01716936990842019,True,96,9.477030923178386e-09,True,0.9548888242199935,0.1942597067861776,36.85004687294495,189.69475184838993,0.0009683570531082633,0.031118435903950303,0.12198202725392143,True,True,-0.043732376351840525,,,-0.043732376351840525,0.10593683598618074,,,weak_target_stress_outside_assumption9,False,349099d40410e89a3261b6c0becee8b07d39daa1575ac9899857096efe244fa7,,,,
inference_diagnostic,f87b622f889053fe,dgp3_N100_T100_r2026080903_truth1-1-1,3,100,100,2026080903,fixed_rank,B_G1_time_average,success,0.01352960050127575,True,101,8.753477537393784e-09,True,0.7826161137194974,0.1942597067861776,36.85004687294495,189.69475184838993,0.0011702237498693517,0.034208533290238444,0.13409498642561365,True,True,0.6319029547848476,0.6260464160942731,0.6228722946476786,0.6467901536125911,0.9819841578075016,,,theorem_covered,True,349099d40410e89a3261b6c0becee8b07d39daa1575ac9899857096efe244fa7,success,success,success,success
inference_diagnostic,f87b622f889053fe,dgp3_N100_T100_r2026080903_truth1-1-1,3,100,100,2026080903,fixed_rank,B_G2_time_average,success,0.013449320539320667,True,99,9.97316746856513e-09,True,0.8320940621529324,0.1942597067861776,36.85004687294495,189.69475184838993,0.0011134183759328948,0.03336792435757572,0.13079985995941046,True,True,0.5791885833605901,0.5845186967580442,0.5626890352454764,0.5903580180782496,0.9805643145921459,,,theorem_covered,True,349099d40410e89a3261b6c0becee8b07d39daa1575ac9899857096efe244fa7,success,success,success,success
inference_diagnostic,f87b622f889053fe,dgp3_N100_T100_r2026080903_truth1-1-1,3,100,100,2026080903,fixed_rank,B_G2_minus_G1_time_average,success,0.018414708492472426,True,96,7.337117946207228e-09,True,0.9449714691593881,0.1942597067861776,36.85004687294495,189.69475184838993,0.002068417609784005,0.04547985938615032,0.1782777728376011,True,True,-0.05271437142425754,-0.04152771933622883,-0.060183259402202066,-0.05643213553434172,0.9664369018122901,,,theorem_covered,True,349099d40410e89a3261b6c0becee8b07d39daa1575ac9899857096efe244fa7,success,success,success,success
inference_diagnostic,f87b622f889053fe,dgp3_N50_T50_r2026080901_truth1-1-1,3,50,50,2026080901,fixed_rank,A_entry,success,0.21549202528320588,True,84,8.726209428890246e-09,True,2.243202425337363,0.2548296532112522,40.07740224831833,157.27134477200894,0.04344141562112843,0.208426043528942,0.8170150775138079,True,True,0.6387477119984847,,,0.6387477119984847,0.2268987662238409,1.2193267155675607,1.388691154617447,theorem_covered,True,b4816eeb0ec04445ef30367efa35b3b8ec7d042786c940a13130e81a1d4b4d31,,,,
inference_diagnostic,f87b622f889053fe,dgp3_N50_T50_r2026080901_truth1-1-1,3,50,50,2026080901,fixed_rank,B_entry,success,0.20053176213101773,True,88,9.375894960173712e-09,True,0.9330738875822182,0.2548296532112522,40.07740224831833,157.27134477200894,0.17851227010102616,0.42250712431984644,1.6561974937569723,True,True,0.6677132017600148,,,0.6677132017600148,0.25479909127203165,2.088774262982089,1.207811493931738,theorem_covered,True,b4816eeb0ec04445ef30367efa35b3b8ec7d042786c940a13130e81a1d4b4d31,,,,
inference_diagnostic,f87b622f889053fe,dgp3_N50_T50_r2026080901_truth1-1-1,3,50,50,2026080901,fixed_rank,A_fixed_time_mean,success,0.13720251750839962,True,85,6.091850394364728e-09,True,1.5331894052040287,0.2548296532112522,40.07740224831833,157.27134477200894,0.03145210134254636,0.17734740297660512,0.6951890451717152,True,True,0.6782660993367261,,,0.6782660993367261,0.9965910661605539,,,theorem_covered,True,b4816eeb0ec04445ef30367efa35b3b8ec7d042786c940a13130e81a1d4b4d31,,,,
inference_diagnostic,f87b622f889053fe,dgp3_N50_T50_r2026080901_truth1-1-1,3,50,50,2026080901,fixed_rank,B_fixed_time_mean,success,0.0996193765864373,True,89,8.773596712942154e-09,True,0.761467924848015,0.2548296532112522,40.07740224831833,157.27134477200894,0.04383832829781505,0.2093760451862033,0.8207390155807789,True,True,0.5433385563444482,,,0.5433385563444482,0.9241087286744263,,,theorem_covered,True,b4816eeb0ec04445ef30367efa35b3b8ec7d042786c940a13130e81a1d4b4d31,,,,
inference_diagnostic,f87b622f889053fe,dgp3_N50_T50_r2026080901_truth1-1-1,3,50,50,2026080901,fixed_rank,A_full_mean,boundary_interiority_failure,0.01994063489748185,True,91,8.765425332086287e-09,True,0.7992459312065608,0.2548296532112522,40.07740224831833,157.27134477200894,0.0009743533132558543,0.031214632998897398,0.1223591129369488,True,True,0.5235942430082591,0.5127427294801418,0.5269481533972074,0.5310918461474281,0.9999013392077459,,,theorem_covered,True,b4816eeb0ec04445ef30367efa35b3b8ec7d042786c940a13130e81a1d4b4d31,success,success,success,success
inference_diagnostic,f87b622f889053fe,dgp3_N50_T50_r2026080901_truth1-1-1,3,50,50,2026080901,fixed_rank,B_full_mean,boundary_interiority_failure,0.017780179995793892,True,94,9.479141029097165e-09,True,0.6549164600518784,0.2548296532112522,40.07740224831833,157.27134477200894,0.007921307834812022,0.08900172939225408,0.3488803683411959,True,True,0.3674005278062942,0.327079148025748,0.2757224985970458,0.49939993679608874,0.99506230145464,,,theorem_covered,True,b4816eeb0ec04445ef30367efa35b3b8ec7d042786c940a13130e81a1d4b4d31,success,success,success,success
inference_diagnostic,f87b622f889053fe,dgp3_N50_T50_r2026080901_truth1-1-1,3,50,50,2026080901,fixed_rank,A_G1_fixed_time,success,0.1356463511000889,True,84,8.592486247778054e-09,True,1.585446623356438,0.2548296532112522,40.07740224831833,157.27134477200894,0.029584439396145065,0.1720012773096324,0.6742326176435318,True,True,0.6588110194394939,,,0.6588110194394939,0.7102868757689481,,,theorem_covered,True,b4816eeb0ec04445ef30367efa35b3b8ec7d042786c940a13130e81a1d4b4d31,,,,
inference_diagnostic,f87b622f889053fe,dgp3_N50_T50_r2026080901_truth1-1-1,3,50,50,2026080901,fixed_rank,A_G2_fixed_time,success,0.14314422546872385,True,85,7.49356865792364e-09,True,1.5205444765470322,0.2548296532112522,40.07740224831833,157.27134477200894,0.034050886687942185,0.18452882346111185,0.7233396961866579,True,True,0.6977211792339583,,,0.6977211792339583,0.7186775056672327,,,theorem_covered,True,b4816eeb0ec04445ef30367efa35b3b8ec7d042786c940a13130e81a1d4b4d31,,,,
inference_diagnostic,f87b622f889053fe,dgp3_N50_T50_r2026080901_truth1-1-1,3,50,50,2026080901,fixed_rank,A_G2_minus_G1_fixed_time,success,0.04982248951074262,True,86,9.987969674331184e-09,True,2.89736551998089,0.2548296532112522,40.07740224831833,157.27134477200894,0.0014622467956664545,0.03823933571162625,0.14989544157504753,True,True,0.038910159794464376,,,0.038910159794464376,0.16676645313329239,,,weak_target_stress_outside_assumption9,False,b4816eeb0ec04445ef30367efa35b3b8ec7d042786c940a13130e81a1d4b4d31,,,,
inference_diagnostic,f87b622f889053fe,dgp3_N50_T50_r2026080901_truth1-1-1,3,50,50,2026080901,fixed_rank,A_G1_time_average,boundary_interiority_failure,0.02750326800364687,True,88,9.758990262224576e-09,True,1.269464114194925,0.2548296532112522,40.07740224831833,157.27134477200894,0.0015736296768626204,0.03966900146036727,0.1554996283299733,True,True,0.5085757011094115,0.49705634432882073,0.510781168598613,0.517889590400801,0.9927919024322338,,,theorem_covered,True,b4816eeb0ec04445ef30367efa35b3b8ec7d042786c940a13130e81a1d4b4d31,success,success,success,success
inference_diagnostic,f87b622f889053fe,dgp3_N50_T50_r2026080901_truth1-1-1,3,50,50,2026080901,fixed_rank,A_G2_time_average,boundary_interiority_failure,0.02757981584339829,True,91,8.943840360038623e-09,True,0.9862521115239002,0.2548296532112522,40.07740224831833,157.27134477200894,0.0015671513024608326,0.039587261871223585,0.15517921502830787,True,True,0.5386127849071066,0.5284291146314628,0.5431151381958017,0.5442941018940555,0.9929669414780502,,,theorem_covered,True,b4816eeb0ec04445ef30367efa35b3b8ec7d042786c940a13130e81a1d4b4d31,success,success,success,success
inference_diagnostic,f87b622f889053fe,dgp3_N50_T50_r2026080901_truth1-1-1,3,50,50,2026080901,fixed_rank,A_G2_minus_G1_time_average,boundary_interiority_failure,0.037995214240923746,True,87,7.593101098147133e-09,True,3.1405441062811508,0.2548296532112522,40.07740224831833,157.27134477200894,0.002384148718905358,0.04882774538011517,0.19140124478263548,True,True,0.03003708379769501,0.031372770302642086,0.032333969597188705,0.026404511493254235,0.9858074965498344,,,theorem_covered,True,b4816eeb0ec04445ef30367efa35b3b8ec7d042786c940a13130e81a1d4b4d31,success,success,success,success
inference_diagnostic,f87b622f889053fe,dgp3_N50_T50_r2026080901_truth1-1-1,3,50,50,2026080901,fixed_rank,B_G1_fixed_time,success,0.09517084080158753,True,88,9.955604012641202e-09,True,0.7650321526080497,0.2548296532112522,40.07740224831833,157.27134477200894,0.03949255543308046,0.1987273394203235,0.778996856014602,True,True,0.5016790341464287,,,0.5016790341464287,0.666243272221784,,,theorem_covered,True,b4816eeb0ec04445ef30367efa35b3b8ec7d042786c940a13130e81a1d4b4d31,,,,
inference_diagnostic,f87b622f889053fe,dgp3_N50_T50_r2026080901_truth1-1-1,3,50,50,2026080901,fixed_rank,B_G2_fixed_time,success,0.1092774746539217,True,89,9.672249487076563e-09,True,0.7615709247849782,0.2548296532112522,40.07740224831833,157.27134477200894,0.052995526204130006,0.23020757199564484,0.9023971001597508,True,True,0.5849980785424675,,,0.5849980785424675,0.6589998750211943,,,theorem_covered,True,b4816eeb0ec04445ef30367efa35b3b8ec7d042786c940a13130e81a1d4b4d31,,,,
inference_diagnostic,f87b622f889053fe,dgp3_N50_T50_r2026080901_truth1-1-1,3,50,50,2026080901,fixed_rank,B_G2_minus_G1_fixed_time,success,0.0479794752509611,True,91,7.773185624327072e-09,True,0.7993575333879277,0.2548296532112522,40.07740224831833,157.27134477200894,0.00962285006187668,0.09809612664053907,0.3845297504766734,True,True,0.08331904439603874,,,0.08331904439603874,0.15551202733703565,,,weak_target_stress_outside_assumption9,False,b4816eeb0ec04445ef30367efa35b3b8ec7d042786c940a13130e81a1d4b4d31,,,,
inference_diagnostic,f87b622f889053fe,dgp3_N50_T50_r2026080901_truth1-1-1,3,50,50,2026080901,fixed_rank,B_G1_time_average,boundary_interiority_failure,0.023290702487922303,True,93,9.879786516158693e-09,True,0.744664473526039,0.2548296532112522,40.07740224831833,157.27134477200894,0.01283577886809124,0.11329509639914359,0.44410861713463,True,True,0.3392307425683636,0.25519713459086174,0.21727454346704686,0.5452205496471823,0.9810621825217124,,,theorem_covered,True,b4816eeb0ec04445ef30367efa35b3b8ec7d042786c940a13130e81a1d4b4d31,success,success,success,success
inference_diagnostic,f87b622f889053fe,dgp3_N50_T50_r2026080901_truth1-1-1,3,50,50,2026080901,fixed_rank,B_G2_time_average,boundary_interiority_failure,0.02380045811832434,True,94,9.245889360615319e-09,True,0.6731144517256705,0.2548296532112522,40.07740224831833,157.27134477200894,0.01487727207720805,0.12197242342926555,0.4781231140568599,True,True,0.3955703130442248,0.3989611614606344,0.3341704537270448,0.45357932394499534,0.9807320836775639,,,theorem_covered,True,b4816eeb0ec04445ef30367efa35b3b8ec7d042786c940a13130e81a1d4b4d31,success,success,success,success
inference_diagnostic,f87b622f889053fe,dgp3_N50_T50_r2026080901_truth1-1-1,3,50,50,2026080901,fixed_rank,B_G2_minus_G1_time_average,boundary_interiority_failure,0.030875525182816336,True,91,6.64970809970076e-09,True,0.7996295101933973,0.2548296532112522,40.07740224831833,157.27134477200894,0.023740870516360542,0.15408072727100083,0.6039853523258003,True,True,0.05633957047586117,0.1437640268697726,0.11689591025999789,-0.09164122570218698,0.9665244136350638,,,theorem_covered,True,b4816eeb0ec04445ef30367efa35b3b8ec7d042786c940a13130e81a1d4b4d31,success,success,success,success
inference_diagnostic,f87b622f889053fe,dgp4_N100_T100_r2026080901_truth1-1-1,4,100,100,2026080901,fixed_rank,A_entry,success,0.12109108323995364,True,92,8.946096803926357e-09,True,3.070432537918372,0.18940471157185304,38.80783794116115,204.89373056825414,0.008043259583078586,0.08968422148337235,0.3515556881778464,True,True,0.3565342442039615,,,0.3565342442039615,0.11684192136697222,0.7547914165696107,0.6150544202744241,theorem_covered,True,673c651ab23354886ca6e9c3267d76761aa53585c582f93b414a0c36ede3f1fb,,,,
inference_diagnostic,f87b622f889053fe,dgp4_N100_T100_r2026080901_truth1-1-1,4,100,100,2026080901,fixed_rank,B_entry,success,0.0428211697615995,True,96,9.571360931533292e-09,True,1.1567657375196716,0.18940471157185304,38.80783794116115,204.89373056825414,0.006833874981967864,0.08266725459314507,0.3240496834067354,True,True,0.015529706500908744,,,0.015529706500908744,0.10054944005861677,0.19914478603173347,0.8134942349319387,theorem_covered,True,673c651ab23354886ca6e9c3267d76761aa53585c582f93b414a0c36ede3f1fb,,,,
inference_diagnostic,f87b622f889053fe,dgp4_N100_T100_r2026080901_truth1-1-1,4,100,100,2026080901,fixed_rank,A_fixed_time_mean,success,0.09806528397020968,True,91,8.273644867533197e-09,True,2.903479787585457,0.18940471157185304,38.80783794116115,204.89373056825414,0.006203802508921699,0.07876422099482543,0.30875007284042283,True,True,0.3732325293046547,,,0.3732325293046547,0.9924403303200501,,,theorem_covered,True,673c651ab23354886ca6e9c3267d76761aa53585c582f93b414a0c36ede3f1fb,,,,
inference_diagnostic,f87b622f889053fe,dgp4_N100_T100_r2026080901_truth1-1-1,4,100,100,2026080901,fixed_rank,B_fixed_time_mean,success,0.08944256270912168,True,92,8.61907995458033e-09,True,0.9525188285146502,0.18940471157185304,38.80783794116115,204.89373056825414,0.025898786103676224,0.16093099795774654,0.6308379199865444,True,True,0.2553321759886301,,,0.2553321759886301,0.9523819850687872,,,theorem_covered,True,673c651ab23354886ca6e9c3267d76761aa53585c582f93b414a0c36ede3f1fb,,,,
inference_diagnostic,f87b622f889053fe,dgp4_N100_T100_r2026080901_truth1-1-1,4,100,100,2026080901,fixed_rank,A_full_mean,success,0.009983045987823739,True,102,9.945552039823257e-09,True,0.7701925428956221,0.18940471157185304,38.80783794116115,204.89373056825414,0.00013052871980104901,0.011424916621185863,0.04478485020779467,True,True,0.46243185502178247,0.46568823417350547,0.46534105450324015,0.45626627638860173,0.9997197293283426,,,theorem_covered,True,673c651ab23354886ca6e9c3267d76761aa53585c582f93b414a0c36ede3f1fb,success,success,success,success
inference_diagnostic,f87b622f889053fe,dgp4_N100_T100_r2026080901_truth1-1-1,4,100,100,2026080901,fixed_rank,B_full_mean,success,0.009869622733384735,True,105,9.870291956482e-09,True,0.6799830240388042,0.18940471157185304,38.80783794116115,204.89373056825414,0.0005385765015735751,0.023207251055943165,0.09097075249965549,True,True,0.5609297817826834,0.5603397261997325,0.5466978683223747,0.5757517508259431,0.9972091056459231,,,theorem_covered,True,673c651ab23354886ca6e9c3267d76761aa53585c582f93b414a0c36ede3f1fb,success,success,success,success
inference_diagnostic,f87b622f889053fe,dgp4_N100_T100_r2026080901_truth1-1-1,4,100,100,2026080901,fixed_rank,A_G1_fixed_time,success,0.09016316052135764,True,91,9.125092338381115e-09,True,2.8786353621873864,0.18940471157185304,38.80783794116115,204.89373056825414,0.005228289988998286,0.072306915222531,0.2834378993387035,True,True,0.34169723673632757,,,0.34169723673632757,0.6371407533224904,,,theorem_covered,True,673c651ab23354886ca6e9c3267d76761aa53585c582f93b414a0c36ede3f1fb,,,,
inference_diagnostic,f87b622f889053fe,dgp4_N100_T100_r2026080901_truth1-1-1,4,100,100,2026080901,fixed_rank,A_G2_fixed_time,success,0.10658094720431174,True,89,8.641689922683426e-09,True,2.918609850231218,0.18940471157185304,38.80783794116115,204.89373056825414,0.0073305515796304645,0.08561864037480661,0.33561890307981584,True,True,0.4047678218729819,,,0.4047678218729819,0.7708377347730739,,,theorem_covered,True,673c651ab23354886ca6e9c3267d76761aa53585c582f93b414a0c36ede3f1fb,,,,
inference_diagnostic,f87b622f889053fe,dgp4_N100_T100_r2026080901_truth1-1-1,4,100,100,2026080901,fixed_rank,A_G2_minus_G1_fixed_time,success,0.022596193566734382,True,95,8.415610170989825e-09,True,2.767867620531175,0.18940471157185304,38.80783794116115,204.89373056825414,0.00030247310421658115,0.017391753914329088,0.06817442260013704,True,True,0.0630705851366544,,,0.0630705851366544,0.12329372915385782,,,theorem_covered,True,673c651ab23354886ca6e9c3267d76761aa53585c582f93b414a0c36ede3f1fb,,,,
inference_diagnostic,f87b622f889053fe,dgp4_N100_T100_r2026080901_truth1-1-1,4,100,100,2026080901,fixed_rank,A_G1_time_average,success,0.013766082400389512,True,102,7.943476992517215e-09,True,1.0440269189887146,0.18940471157185304,38.80783794116115,204.89373056825414,0.0002216773448114809,0.014888832889500806,0.05836315247051401,True,True,0.4233599020272386,0.42555976639897153,0.42944090901379545,0.41507903066894875,0.9888859337776387,,,theorem_covered,True,673c651ab23354886ca6e9c3267d76761aa53585c582f93b414a0c36ede3f1fb,success,success,success,success
inference_diagnostic,f87b622f889053fe,dgp4_N100_T100_r2026080901_truth1-1-1,4,100,100,2026080901,fixed_rank,A_G2_time_average,success,0.013869419809709509,True,102,9.240198287381587e-09,True,1.0294059512247091,0.18940471157185304,38.80783794116115,204.89373056825414,0.00018924787116720004,0.013756739118235835,0.053925426432911074,True,True,0.5015038080163262,0.5058167019480394,0.5012411999926848,0.49745352210825433,0.9924212189881969,,,theorem_covered,True,673c651ab23354886ca6e9c3267d76761aa53585c582f93b414a0c36ede3f1fb,success,success,success,success
inference_diagnostic,f87b622f889053fe,dgp4_N100_T100_r2026080901_truth1-1-1,4,100,100,2026080901,fixed_rank,A_G2_minus_G1_time_average,success,0.019107245543105847,True,97,9.471645594256405e-09,True,2.5273188758412717,0.18940471157185304,38.80783794116115,204.89373056825414,0.0002997355513615004,0.017312872417987155,0.06786521281638341,True,True,0.07814390598908764,0.08025693554906782,0.0718002909788894,0.0823744914393057,0.9815068663605772,,,theorem_covered,True,673c651ab23354886ca6e9c3267d76761aa53585c582f93b414a0c36ede3f1fb,success,success,success,success
inference_diagnostic,f87b622f889053fe,dgp4_N100_T100_r2026080901_truth1-1-1,4,100,100,2026080901,fixed_rank,B_G1_fixed_time,success,0.06717242550220923,True,91,7.2568827079622535e-09,True,0.9521626659175578,0.18940471157185304,38.80783794116115,204.89373056825414,0.014625706336131097,0.12093678652970359,0.47406349200845554,True,True,0.19120495443791197,,,0.19120495443791197,0.5417491671405669,,,theorem_covered,True,673c651ab23354886ca6e9c3267d76761aa53585c582f93b414a0c36ede3f1fb,,,,
inference_diagnostic,f87b622f889053fe,dgp4_N100_T100_r2026080901_truth1-1-1,4,100,100,2026080901,fixed_rank,B_G2_fixed_time,success,0.11194128201046742,True,92,8.807220876068222e-09,True,0.9523260588226379,0.18940471157185304,38.80783794116115,204.89373056825414,0.04051704977815006,0.201288474032047,0.789036319211676,True,True,0.3194593975393483,,,0.3194593975393483,0.8116565505781669,,,theorem_covered,True,673c651ab23354886ca6e9c3267d76761aa53585c582f93b414a0c36ede3f1fb,,,,
inference_diagnostic,f87b622f889053fe,dgp4_N100_T100_r2026080901_truth1-1-1,4,100,100,2026080901,fixed_rank,B_G2_minus_G1_fixed_time,success,0.045673653631968535,True,95,8.329858590904848e-09,True,0.9486682845345301,0.18940471157185304,38.80783794116115,204.89373056825414,0.00669036781726076,0.08179466863592492,0.3206292093076016,True,True,0.12825444310143636,,,0.12825444310143636,0.21271358844790286,,,theorem_covered,True,673c651ab23354886ca6e9c3267d76761aa53585c582f93b414a0c36ede3f1fb,,,,
inference_diagnostic,f87b622f889053fe,dgp4_N100_T100_r2026080901_truth1-1-1,4,100,100,2026080901,fixed_rank,B_G1_time_average,success,0.013414143968131332,True,104,9.57715620801689e-09,True,0.7775490673279697,0.18940471157185304,38.80783794116115,204.89373056825414,0.0009797485559638337,0.031300935384806536,0.12269741207327238,True,True,0.420051068586835,0.4241627393763978,0.41435985293963556,0.42163061344447156,0.9785912277474783,,,theorem_covered,True,673c651ab23354886ca6e9c3267d76761aa53585c582f93b414a0c36ede3f1fb,success,success,success,success
inference_diagnostic,f87b622f889053fe,dgp4_N100_T100_r2026080901_truth1-1-1,4,100,100,2026080901,fixed_rank,B_G2_time_average,success,0.013795852408918226,True,107,6.815507178120316e-09,True,0.7179976515288352,0.18940471157185304,38.80783794116115,204.89373056825414,0.0010407251834211747,0.03226027252552549,0.12645794456295395,True,True,0.7018084949785318,0.6965167130230672,0.6790358837051134,0.729872888207415,0.9897182828054064,,,theorem_covered,True,673c651ab23354886ca6e9c3267d76761aa53585c582f93b414a0c36ede3f1fb,success,success,success,success
inference_diagnostic,f87b622f889053fe,dgp4_N100_T100_r2026080901_truth1-1-1,4,100,100,2026080901,fixed_rank,B_G2_minus_G1_time_average,success,0.01873210593007201,True,100,9.78038110584605e-09,True,0.8471692327870217,0.18940471157185304,38.80783794116115,204.89373056825414,0.0018866414713586343,0.043435486314287244,0.17026397765397083,True,True,0.2817574263916969,0.2723539736466694,0.2646760307654779,0.30824227476294336,0.9709567806861745,,,theorem_covered,True,673c651ab23354886ca6e9c3267d76761aa53585c582f93b414a0c36ede3f1fb,success,success,success,success
inference_diagnostic,f87b622f889053fe,dgp4_N100_T100_r2026080902_truth1-1-1,4,100,100,2026080902,fixed_rank,A_entry,success,0.14388111723468458,True,81,9.043579359028032e-09,True,1.6933222968530184,0.24824476215139524,35.90613053952286,144.64003279805377,0.016169181701159527,0.12715809726934235,0.498450581981104,True,True,0.47909712663791426,,,0.47909712663791426,0.12414576074522864,0.6158374167203093,0.9311137210673965,theorem_covered,True,a439177546ba3960f04b232817dab5cbc9466597692ef97cbc96b315202bf663,,,,
inference_diagnostic,f87b622f889053fe,dgp4_N100_T100_r2026080902_truth1-1-1,4,100,100,2026080902,fixed_rank,B_entry,success,0.07747161057890721,True,86,6.780348721974802e-09,True,0.553059792738159,0.24824476215139524,35.90613053952286,144.64003279805377,0.022860846330040024,0.1511980367929426,0.592685413294659,True,True,0.040352748442954764,,,0.040352748442954764,0.11602420258994622,0.13884421916463754,1.208995960499738,theorem_covered,True,a439177546ba3960f04b232817dab5cbc9466597692ef97cbc96b315202bf663,,,,
inference_diagnostic,f87b622f889053fe,dgp4_N100_T100_r2026080902_truth1-1-1,4,100,100,2026080902,fixed_rank,A_fixed_time_mean,success,0.09832143085205759,True,82,9.07258588618279e-09,True,1.2730738597324938,0.24824476215139524,35.90613053952286,144.64003279805377,0.008133154490073293,0.09018400351544222,0.35351479774380073,True,True,0.38199938866439354,,,0.38199938866439354,0.9919479737595789,,,theorem_covered,True,a439177546ba3960f04b232817dab5cbc9466597692ef97cbc96b315202bf663,,,,
inference_diagnostic,f87b622f889053fe,dgp4_N100_T100_r2026080902_truth1-1-1,4,100,100,2026080902,fixed_rank,B_fixed_time_mean,success,0.0900588233541016,True,84,7.981910946499829e-09,True,1.130618920587895,0.24824476215139524,35.90613053952286,144.64003279805377,0.026152889312833577,0.16171854968689764,0.6339250660367413,True,True,0.4700266433414978,,,0.4700266433414978,0.9536462456700281,,,theorem_covered,True,a439177546ba3960f04b232817dab5cbc9466597692ef97cbc96b315202bf663,,,,
inference_diagnostic,f87b622f889053fe,dgp4_N100_T100_r2026080902_truth1-1-1,4,100,100,2026080902,fixed_rank,A_full_mean,success,0.009989494696551774,True,93,8.647496248155159e-09,True,1.021628316468045,0.24824476215139524,35.90613053952286,144.64003279805377,0.00012473989630592224,0.011168701639220301,0.04378050593389051,True,True,0.4949283073203794,0.49235818643270324,0.49852791614761494,0.49389881938082003,0.9997036109989033,,,theorem_covered,True,a439177546ba3960f04b232817dab5cbc9466597692ef97cbc96b315202bf663,success,success,success,success
inference_diagnostic,f87b622f889053fe,dgp4_N100_T100_r2026080902_truth1-1-1,4,100,100,2026080902,fixed_rank,B_full_mean,success,0.009838047430749116,True,95,9.51839962046045e-09,True,0.7831730207402045,0.24824476215139524,35.90613053952286,144.64003279805377,0.0005036552171493528,0.022442264082515224,0.08797205866653336,True,True,0.5558138378302532,0.5488204830484893,0.5576591347085051,0.560961895733765,0.9971072038996404,,,theorem_covered,True,a439177546ba3960f04b232817dab5cbc9466597692ef97cbc96b315202bf663,success,success,success,success
inference_diagnostic,f87b622f889053fe,dgp4_N100_T100_r2026080902_truth1-1-1,4,100,100,2026080902,fixed_rank,A_G1_fixed_time,success,0.08960906934998833,True,83,8.722362590142426e-09,True,1.2784903973881734,0.24824476215139524,35.90613053952286,144.64003279805377,0.006720606934508689,0.08197930796553901,0.32135298217994807,True,True,0.3467234543858888,,,0.3467234543858888,0.6347250826330852,,,theorem_covered,True,a439177546ba3960f04b232817dab5cbc9466597692ef97cbc96b315202bf663,,,,
inference_diagnostic,f87b622f889053fe,dgp4_N100_T100_r2026080902_truth1-1-1,4,100,100,2026080902,fixed_rank,A_G2_fixed_time,success,0.10761048276564668,True,82,7.515453467319838e-09,True,1.2768782458132464,0.24824476215139524,35.90613053952286,144.64003279805377,0.009745911311042497,0.09872138223830994,0.3869807073821993,True,True,0.41727532294289826,,,0.41727532294289826,0.7748574287136629,,,theorem_covered,True,a439177546ba3960f04b232817dab5cbc9466597692ef97cbc96b315202bf663,,,,
inference_diagnostic,f87b622f889053fe,dgp4_N100_T100_r2026080902_truth1-1-1,4,100,100,2026080902,fixed_rank,A_G2_minus_G1_fixed_time,success,0.023477384063591098,True,85,9.13476143797374e-09,True,1.6838497369626728,0.24824476215139524,35.90613053952286,144.64003279805377,0.00040041852658743884,0.020010460429171508,0.07843956351048013,True,True,0.07055186855700948,,,0.07055186855700948,0.13899346283402247,,,theorem_covered,True,a439177546ba3960f04b232817dab5cbc9466597692ef97cbc96b315202bf663,,,,
inference_diagnostic,f87b622f889053fe,dgp4_N100_T100_r2026080902_truth1-1-1,4,100,100,2026080902,fixed_rank,A_G1_time_average,success,0.013872599515883812,True,92,7.684260530874678e-09,True,1.373719489180435,0.24824476215139524,35.90613053952286,144.64003279805377,0.00023440424912353827,0.015310266134967682,0.06001514043651982,True,True,0.4492238927069204,0.4474428901369455,0.44885319441653065,0.45137559356728524,0.9889058279074704,,,theorem_covered,True,a439177546ba3960f04b232817dab5cbc9466597692ef97cbc96b315202bf663,success,success,success,success
inference_diagnostic,f87b622f889053fe,dgp4_N100_T100_r2026080902_truth1-1-1,4,100,100,2026080902,fixed_rank,A_G2_time_average,success,0.013953084018867946,True,91,8.782241881342418e-09,True,1.375306254620523,0.24824476215139524,35.90613053952286,144.64003279805377,0.0001698200260416113,0.013031501296535688,0.05108254641139393,True,True,0.5406327219338385,0.5372734827284611,0.5482026378786988,0.5364220451943555,0.992589495093258,,,theorem_covered,True,a439177546ba3960f04b232817dab5cbc9466597692ef97cbc96b315202bf663,success,success,success,success
inference_diagnostic,f87b622f889053fe,dgp4_N100_T100_r2026080902_truth1-1-1,4,100,100,2026080902,fixed_rank,A_G2_minus_G1_time_average,success,0.01936788901149611,True,85,9.240680283292042e-09,True,2.928695318873852,0.24824476215139524,35.90613053952286,144.64003279805377,0.00030948896600282847,0.01759229848549724,0.06896054287370626,True,True,0.09140882922691804,0.08983059259151563,0.09934944346216834,0.08504645162707011,0.9817134675630185,,,theorem_covered,True,a439177546ba3960f04b232817dab5cbc9466597692ef97cbc96b315202bf663,success,success,success,success
inference_diagnostic,f87b622f889053fe,dgp4_N100_T100_r2026080902_truth1-1-1,4,100,100,2026080902,fixed_rank,B_G1_fixed_time,success,0.07080979756225134,True,84,9.926773050257094e-09,True,1.1259200850586486,0.24824476215139524,35.90613053952286,144.64003279805377,0.016135516724845193,0.1270256538060135,0.4979314131448794,True,True,0.3665027870954988,,,0.3665027870954988,0.5580734934486126,,,theorem_covered,True,a439177546ba3960f04b232817dab5cbc9466597692ef97cbc96b315202bf663,,,,
inference_diagnostic,f87b622f889053fe,dgp4_N100_T100_r2026080902_truth1-1-1,4,100,100,2026080902,fixed_rank,B_G2_fixed_time,success,0.11003244350819469,True,83,9.596830429938014e-09,True,1.131306987560533,0.24824476215139524,35.90613053952286,144.64003279805377,0.03900756391434663,0.19750332633742307,0.7741988128964207,True,True,0.5735504995874968,,,0.5735504995874968,0.8001217079846098,,,theorem_covered,True,a439177546ba3960f04b232817dab5cbc9466597692ef97cbc96b315202bf663,,,,
inference_diagnostic,f87b622f889053fe,dgp4_N100_T100_r2026080902_truth1-1-1,4,100,100,2026080902,fixed_rank,B_G2_minus_G1_fixed_time,success,0.042425999748751,True,82,8.897321729193965e-09,True,1.1138553304945442,0.24824476215139524,35.90613053952286,144.64003279805377,0.005674604032308844,0.0753299676908788,0.2952880472613767,True,True,0.207047712491998,,,0.207047712491998,0.2054254361017849,,,theorem_covered,True,a439177546ba3960f04b232817dab5cbc9466597692ef97cbc96b315202bf663,,,,
inference_diagnostic,f87b622f889053fe,dgp4_N100_T100_r2026080902_truth1-1-1,4,100,100,2026080902,fixed_rank,B_G1_time_average,success,0.013210498654511122,True,93,9.905665389813354e-09,True,0.8969224663557035,0.24824476215139524,35.90613053952286,144.64003279805377,0.0008842024168494247,0.029735541307489673,0.11656118004696565,True,True,0.4333952629213613,0.4232502461787102,0.44313621564388384,0.4337993269414899,0.977790123360787,,,theorem_covered,True,a439177546ba3960f04b232817dab5cbc9466597692ef97cbc96b315202bf663,success,success,success,success
inference_diagnostic,f87b622f889053fe,dgp4_N100_T100_r2026080902_truth1-1-1,4,100,100,2026080902,fixed_rank,B_G2_time_average,success,0.013659380452089141,True,95,8.026985429861253e-09,True,0.8157488956903866,0.24824476215139524,35.90613053952286,144.64003279805377,0.0010063084229136002,0.03172236471188111,0.12434938467946262,True,True,0.6782324127391451,0.6743907199182682,0.6721820537731265,0.6881244645260409,0.9884564396680262,,,theorem_covered,True,a439177546ba3960f04b232817dab5cbc9466597692ef97cbc96b315202bf663,success,success,success,success
inference_diagnostic,f87b622f889053fe,dgp4_N100_T100_r2026080902_truth1-1-1,4,100,100,2026080902,fixed_rank,B_G2_minus_G1_time_average,success,0.018304185015259024,True,91,7.1483257612961374e-09,True,0.9670132610383605,0.24824476215139524,35.90613053952286,144.64003279805377,0.0017664008074205117,0.042028571322619473,0.1647489722280142,True,True,0.2448371498177836,0.25114047373955795,0.22904583812924273,0.2543251375845501,0.9689669150154391,,,theorem_covered,True,a439177546ba3960f04b232817dab5cbc9466597692ef97cbc96b315202bf663,success,success,success,success
inference_diagnostic,f87b622f889053fe,dgp4_N100_T100_r2026080903_truth1-1-1,4,100,100,2026080903,fixed_rank,A_entry,success,0.15023833373233164,True,71,9.489701093552608e-09,True,1.964136192437201,0.2983375514817717,27.645412111099347,92.66487565440943,0.01448543134144637,0.1203554375233889,0.4717846457788057,True,True,0.5506557031325394,,,0.5506557031325394,0.1439470712251441,0.8795631183584964,1.2030947911328713,theorem_covered,True,102412e519b349051e880e413c96805747a1f22053d1abace5e0953dcc4138b9,,,,
inference_diagnostic,f87b622f889053fe,dgp4_N100_T100_r2026080903_truth1-1-1,4,100,100,2026080903,fixed_rank,B_entry,success,0.06298783484973587,True,73,8.459373091195157e-09,True,0.7609328507883604,0.2983375514817717,27.645412111099347,92.66487565440943,0.009881653604152623,0.09940650685016864,0.3896663465105294,True,True,-0.0981619371006346,,,-0.0981619371006346,0.09608385311678587,0.6506446787414135,0.27435105477435506,theorem_covered,True,102412e519b349051e880e413c96805747a1f22053d1abace5e0953dcc4138b9,,,,
inference_diagnostic,f87b622f889053fe,dgp4_N100_T100_r2026080903_truth1-1-1,4,100,100,2026080903,fixed_rank,A_fixed_time_mean,success,0.09853325311759621,True,68,9.132764794209864e-09,True,2.86051760601579,0.2983375514817717,27.645412111099347,92.66487565440943,0.0048151766796912755,0.06939147411383675,0.272009580194527,True,True,0.6464127244832575,,,0.6464127244832575,0.9905842638293563,,,theorem_covered,True,102412e519b349051e880e413c96805747a1f22053d1abace5e0953dcc4138b9,,,,
inference_diagnostic,f87b622f889053fe,dgp4_N100_T100_r2026080903_truth1-1-1,4,100,100,2026080903,fixed_rank,B_fixed_time_mean,success,0.0915037365943572,True,71,9.501681097491632e-09,True,0.9544074931361655,0.2983375514817717,27.645412111099347,92.66487565440943,0.021096414927955515,0.14524604961222015,0.5693540522733388,True,True,-0.1546213721516337,,,-0.1546213721516337,0.9531184828080626,,,theorem_covered,True,102412e519b349051e880e413c96805747a1f22053d1abace5e0953dcc4138b9,,,,
inference_diagnostic,f87b622f889053fe,dgp4_N100_T100_r2026080903_truth1-1-1,4,100,100,2026080903,fixed_rank,A_full_mean,success,0.00999199547674322,True,76,9.149135229916868e-09,True,1.0157196167952725,0.2983375514817717,27.645412111099347,92.66487565440943,0.0001234707825071286,0.01111174075053628,0.04355722335319436,True,True,0.5027131580462705,0.500502900919148,0.4997381856186799,0.5078983876009836,0.999720683470306,,,theorem_covered,True,102412e519b349051e880e413c96805747a1f22053d1abace5e0953dcc4138b9,success,success,success,success
inference_diagnostic,f87b622f889053fe,dgp4_N100_T100_r2026080903_truth1-1-1,4,100,100,2026080903,fixed_rank,B_full_mean,success,0.009909043419085122,True,78,9.359708567298808e-09,True,0.7222798129245305,0.2983375514817717,27.645412111099347,92.66487565440943,0.0004915109851886733,0.02217004702720933,0.08690498741777916,True,True,0.5974696249883537,0.5927864204825952,0.6000204167933123,0.5996020376891533,0.9965908631018101,,,theorem_covered,True,102412e519b349051e880e413c96805747a1f22053d1abace5e0953dcc4138b9,success,success,success,success
inference_diagnostic,f87b622f889053fe,dgp4_N100_T100_r2026080903_truth1-1-1,4,100,100,2026080903,fixed_rank,A_G1_fixed_time,success,0.08983189120379369,True,70,9.600360185434535e-09,True,2.81612296778315,0.2983375514817717,27.645412111099347,92.66487565440943,0.00404454972846966,0.06359677451309666,0.24929477515716855,True,True,0.5825051107659976,,,0.5825051107659976,0.6269016414696263,,,theorem_covered,True,102412e519b349051e880e413c96805747a1f22053d1abace5e0953dcc4138b9,,,,
inference_diagnostic,f87b622f889053fe,dgp4_N100_T100_r2026080903_truth1-1-1,4,100,100,2026080903,fixed_rank,A_G2_fixed_time,success,0.1088455977166708,True,70,8.87971446364185e-09,True,2.8789687267682713,0.2983375514817717,27.645412111099347,92.66487565440943,0.005854228932351253,0.07651293310513754,0.29992518647518396,True,True,0.7103203382005173,,,0.7103203382005173,0.7827745974163125,,,theorem_covered,True,102412e519b349051e880e413c96805747a1f22053d1abace5e0953dcc4138b9,,,,
inference_diagnostic,f87b622f889053fe,dgp4_N100_T100_r2026080903_truth1-1-1,4,100,100,2026080903,fixed_rank,A_G2_minus_G1_fixed_time,success,0.03160787495789625,True,74,8.060493202500826e-09,True,2.552114709562984,0.2983375514817717,27.645412111099347,92.66487565440943,0.0005368506146415185,0.023170037001298,0.09082487608600903,True,True,0.12781522743451956,,,0.12781522743451956,0.15647541241752513,,,theorem_covered,True,102412e519b349051e880e413c96805747a1f22053d1abace5e0953dcc4138b9,,,,
inference_diagnostic,f87b622f889053fe,dgp4_N100_T100_r2026080903_truth1-1-1,4,100,100,2026080903,fixed_rank,A_G1_time_average,success,0.013908407608460724,True,76,7.736793784061337e-09,True,1.2099178598218903,0.2983375514817717,27.645412111099347,92.66487565440943,0.00023771149676568042,0.015417895341637277,0.06043703917403387,True,True,0.4530124063466696,0.44934219303988693,0.4495775117966924,0.46011751420342956,0.990914199003183,,,theorem_covered,True,102412e519b349051e880e413c96805747a1f22053d1abace5e0953dcc4138b9,success,success,success,success
inference_diagnostic,f87b622f889053fe,dgp4_N100_T100_r2026080903_truth1-1-1,4,100,100,2026080903,fixed_rank,A_G2_time_average,success,0.013982838071391853,True,75,9.823350135486576e-09,True,1.5518593344935598,0.2983375514817717,27.645412111099347,92.66487565440943,0.00016900660225673198,0.013000253930471203,0.05096005898719768,True,True,0.5524139097458711,0.5516636087984088,0.5498988594406672,0.5556792609985374,0.9942128242458719,,,theorem_covered,True,102412e519b349051e880e413c96805747a1f22053d1abace5e0953dcc4138b9,success,success,success,success
inference_diagnostic,f87b622f889053fe,dgp4_N100_T100_r2026080903_truth1-1-1,4,100,100,2026080903,fixed_rank,A_G2_minus_G1_time_average,success,0.019456804234988825,True,73,9.456256604682781e-09,True,2.442438383939459,0.2983375514817717,27.645412111099347,92.66487565440943,0.00031955306999154916,0.017876047381665476,0.07007281810799174,True,True,0.09940150339920155,0.1023214157585219,0.1003213476439747,0.09556174679510805,0.985357115325576,,,theorem_covered,True,102412e519b349051e880e413c96805747a1f22053d1abace5e0953dcc4138b9,success,success,success,success
inference_diagnostic,f87b622f889053fe,dgp4_N100_T100_r2026080903_truth1-1-1,4,100,100,2026080903,fixed_rank,B_G1_fixed_time,success,0.06788652642321023,True,72,8.217866278790154e-09,True,0.9551152967659742,0.2983375514817717,27.645412111099347,92.66487565440943,0.011598051416760177,0.10769424969217334,0.4221537014774471,True,True,-0.11460591885275544,,,-0.11460591885275544,0.522938043708786,,,theorem_covered,True,102412e519b349051e880e413c96805747a1f22053d1abace5e0953dcc4138b9,,,,
inference_diagnostic,f87b622f889053fe,dgp4_N100_T100_r2026080903_truth1-1-1,4,100,100,2026080903,fixed_rank,B_G2_fixed_time,success,0.115195307276638,True,72,8.221580816443357e-09,True,0.9539170623786231,0.2983375514817717,27.645412111099347,92.66487565440943,0.03346214544864829,0.18292661219365622,0.7170591434269834,True,True,-0.19463682545051197,,,-0.19463682545051197,0.827227829026154,,,theorem_covered,True,102412e519b349051e880e413c96805747a1f22053d1abace5e0953dcc4138b9,,,,
inference_diagnostic,f87b622f889053fe,dgp4_N100_T100_r2026080903_truth1-1-1,4,100,100,2026080903,fixed_rank,B_G2_minus_G1_fixed_time,success,0.047595623053160264,True,72,9.183021685900029e-09,True,0.9515426296141356,0.2983375514817717,27.645412111099347,92.66487565440943,0.00573473400010075,0.0757280265166124,0.296848409185709,True,True,-0.08003090659775655,,,-0.08003090659775655,0.2221153673273283,,,theorem_covered,True,102412e519b349051e880e413c96805747a1f22053d1abace5e0953dcc4138b9,,,,
inference_diagnostic,f87b622f889053fe,dgp4_N100_T100_r2026080903_truth1-1-1,4,100,100,2026080903,fixed_rank,B_G1_time_average,success,0.01352294257239004,True,78,7.68806163334918e-09,True,0.829909052210071,0.2983375514817717,27.645412111099347,92.66487565440943,0.0009023331268336201,0.030038860278539532,0.11775016856513659,True,True,0.4428466414801377,0.4426655913495606,0.439919217603002,0.4459551154878504,0.9726210601453744,,,theorem_covered,True,102412e519b349051e880e413c96805747a1f22053d1abace5e0953dcc4138b9,success,success,success,success
inference_diagnostic,f87b622f889053fe,dgp4_N100_T100_r2026080903_truth1-1-1,4,100,100,2026080903,fixed_rank,B_G2_time_average,success,0.013874787846359423,True,78,7.094438139069762e-09,True,0.7500533723196732,0.2983375514817717,27.645412111099347,92.66487565440943,0.0009262961967879918,0.030435114535483383,0.11930345670979785,True,True,0.7520926084965696,0.7429072496156298,0.7601216159836224,0.7532489598904564,0.9881965094371266,,,theorem_covered,True,102412e519b349051e880e413c96805747a1f22053d1abace5e0953dcc4138b9,success,success,success,success
inference_diagnostic,f87b622f889053fe,dgp4_N100_T100_r2026080903_truth1-1-1,4,100,100,2026080903,fixed_rank,B_G2_minus_G1_time_average,success,0.018920963539683373,True,76,7.370572075547007e-09,True,0.8782501104223989,0.2983375514817717,27.645412111099347,92.66487565440943,0.0016912147060440285,0.04112438091988776,0.16120461097897237,True,True,0.309245967016432,0.3002416582660693,0.3202023983806205,0.3072938444026061,0.964018007862937,,,theorem_covered,True,102412e519b349051e880e413c96805747a1f22053d1abace5e0953dcc4138b9,success,success,success,success
inference_diagnostic,f87b622f889053fe,dgp4_N50_T50_r2026080902_truth1-1-1,4,50,50,2026080902,fixed_rank,A_entry,success,0.19715389182929105,True,113,7.921875526295914e-09,True,3.4186526944841544,0.13570772127717962,55.895791825014484,411.8836518583105,0.00934086003930401,0.09664812486180996,0.37885368780495543,True,True,0.4905429427445466,,,0.4905429427445466,0.21248824775065178,1.000394802030167,1.2828347947883458,theorem_covered,True,97221dafce836db780cd6756ae626ad4e1025ef9027c4a01891ef3fc9140595d,,,,
inference_diagnostic,f87b622f889053fe,dgp4_N50_T50_r2026080902_truth1-1-1,4,50,50,2026080902,fixed_rank,B_entry,success,0.18875420717845592,True,118,9.929429847127936e-09,True,1.0219849916343953,0.13570772127717962,55.895791825014484,411.8836518583105,0.04489628799563713,0.21188744180728863,0.8305835094372245,True,True,0.6369039344486157,,,0.6369039344486157,0.16162209509773637,0.6451403568179424,0.6695842406903164,theorem_covered,True,97221dafce836db780cd6756ae626ad4e1025ef9027c4a01891ef3fc9140595d,,,,
inference_diagnostic,f87b622f889053fe,dgp4_N50_T50_r2026080902_truth1-1-1,4,50,50,2026080902,fixed_rank,A_fixed_time_mean,success,0.13649377099551172,True,106,8.757938060003986e-09,True,5.036398780888774,0.13570772127717962,55.895791825014484,411.8836518583105,0.0024146780965251524,0.0491393741975328,0.19262280730000222,True,True,0.5932625194611718,,,0.5932625194611718,0.9924354251208295,,,theorem_covered,True,97221dafce836db780cd6756ae626ad4e1025ef9027c4a01891ef3fc9140595d,,,,
inference_diagnostic,f87b622f889053fe,dgp4_N50_T50_r2026080902_truth1-1-1,4,50,50,2026080902,fixed_rank,B_fixed_time_mean,success,0.12480299490087753,True,115,8.373418017409195e-09,True,0.9928045989012937,0.13570772127717962,55.895791825014484,411.8836518583105,0.014319159933332737,0.11966269232025802,0.46906913448160686,True,True,0.4896301945429222,,,0.4896301945429222,0.9532847020560017,,,theorem_covered,True,97221dafce836db780cd6756ae626ad4e1025ef9027c4a01891ef3fc9140595d,,,,
inference_diagnostic,f87b622f889053fe,dgp4_N50_T50_r2026080902_truth1-1-1,4,50,50,2026080902,fixed_rank,A_full_mean,boundary_interiority_failure,0.019907298623942683,True,121,9.237629183094383e-09,True,0.6167802765911005,0.13570772127717962,55.895791825014484,411.8836518583105,0.0009434667086831103,0.03071590318846428,0.12040412800401801,True,True,0.48036547498128385,0.44916049805735053,0.4619503410789863,0.5299855858075149,0.9996745957426788,,,theorem_covered,True,97221dafce836db780cd6756ae626ad4e1025ef9027c4a01891ef3fc9140595d,success,success,success,success
inference_diagnostic,f87b622f889053fe,dgp4_N50_T50_r2026080902_truth1-1-1,4,50,50,2026080902,fixed_rank,B_full_mean,boundary_interiority_failure,0.019299904999120876,True,124,9.121923372405001e-09,True,0.6421478008660836,0.13570772127717962,55.895791825014484,411.8836518583105,0.003955517334785276,0.06289290369179401,0.24653565223812493,True,True,0.5879729711220105,0.5348230588039388,0.5973434752122986,0.6317523793497941,0.9967535294623545,,,theorem_covered,True,97221dafce836db780cd6756ae626ad4e1025ef9027c4a01891ef3fc9140595d,success,success,success,success
inference_diagnostic,f87b622f889053fe,dgp4_N50_T50_r2026080902_truth1-1-1,4,50,50,2026080902,fixed_rank,A_G1_fixed_time,success,0.11339067539288973,True,110,8.782688830849519e-09,True,4.2324935482367945,0.13570772127717962,55.895791825014484,411.8836518583105,0.002004885463209565,0.04477594737366888,0.17551848845210363,True,True,0.47895840986413196,,,0.47895840986413196,0.6468825270399242,,,theorem_covered,True,97221dafce836db780cd6756ae626ad4e1025ef9027c4a01891ef3fc9140595d,,,,
inference_diagnostic,f87b622f889053fe,dgp4_N50_T50_r2026080902_truth1-1-1,4,50,50,2026080902,fixed_rank,A_G2_fixed_time,success,0.1637293197224622,True,104,7.859282380665614e-09,True,5.064554046177368,0.13570772127717962,55.895791825014484,411.8836518583105,0.0033289735146423047,0.05769725742738822,0.22616909312883407,True,True,0.7075666290582117,,,0.7075666290582117,0.7751078534931056,,,theorem_covered,True,97221dafce836db780cd6756ae626ad4e1025ef9027c4a01891ef3fc9140595d,,,,
inference_diagnostic,f87b622f889053fe,dgp4_N50_T50_r2026080902_truth1-1-1,4,50,50,2026080902,fixed_rank,A_G2_minus_G1_fixed_time,success,0.06933449879656665,True,114,9.74444340627965e-09,True,2.821527057623086,0.13570772127717962,55.895791825014484,411.8836518583105,0.0010090055737516953,0.03176484808324597,0.12451591643509655,True,True,0.22860821919407975,,,0.22860821919407975,0.18525958895961628,,,theorem_covered,True,97221dafce836db780cd6756ae626ad4e1025ef9027c4a01891ef3fc9140595d,,,,
inference_diagnostic,f87b622f889053fe,dgp4_N50_T50_r2026080902_truth1-1-1,4,50,50,2026080902,fixed_rank,A_G1_time_average,boundary_interiority_failure,0.0269569387771443,True,121,6.447171502455978e-09,True,0.9813263453791721,0.13570772127717962,55.895791825014484,411.8836518583105,0.001331333282750712,0.03648744006847715,0.14302813684455778,True,True,0.38781328080464084,0.34972688472392716,0.3767021504609378,0.4370108072290575,0.9873666768532304,,,theorem_covered,True,97221dafce836db780cd6756ae626ad4e1025ef9027c4a01891ef3fc9140595d,success,success,success,success
inference_diagnostic,f87b622f889053fe,dgp4_N50_T50_r2026080902_truth1-1-1,4,50,50,2026080902,fixed_rank,A_G2_time_average,boundary_interiority_failure,0.027647078400881982,True,119,9.262281032704563e-09,True,0.7016290934790482,0.13570772127717962,55.895791825014484,411.8836518583105,0.0014663380054490641,0.03829279312676295,0.15010499079179662,True,True,0.5729176691579267,0.548594111390774,0.5471985316970347,0.6229603643859716,0.9913450153362958,,,theorem_covered,True,97221dafce836db780cd6756ae626ad4e1025ef9027c4a01891ef3fc9140595d,success,success,success,success
inference_diagnostic,f87b622f889053fe,dgp4_N50_T50_r2026080902_truth1-1-1,4,50,50,2026080902,fixed_rank,A_G2_minus_G1_time_average,boundary_interiority_failure,0.037374761947965934,True,114,6.6359154125842644e-09,True,2.1138493128252107,0.13570772127717962,55.895791825014484,411.8836518583105,0.0018214757528491735,0.04267875060084554,0.16729762816564892,True,True,0.1851043883532859,0.1988672266668467,0.17049638123609692,0.1859495571569141,0.9789323759172699,,,theorem_covered,True,97221dafce836db780cd6756ae626ad4e1025ef9027c4a01891ef3fc9140595d,success,success,success,success
inference_diagnostic,f87b622f889053fe,dgp4_N50_T50_r2026080902_truth1-1-1,4,50,50,2026080902,fixed_rank,B_G1_fixed_time,success,0.1073218213578266,True,114,9.707969145678326e-09,True,0.9914304133248005,0.13570772127717962,55.895791825014484,411.8836518583105,0.011196329384097328,0.1058127089913935,0.4147781974594976,True,True,0.4165456608960617,,,0.4165456608960617,0.5342742114400463,,,theorem_covered,True,97221dafce836db780cd6756ae626ad4e1025ef9027c4a01891ef3fc9140595d,,,,
inference_diagnostic,f87b622f889053fe,dgp4_N50_T50_r2026080902_truth1-1-1,4,50,50,2026080902,fixed_rank,B_G2_fixed_time,success,0.14388546162758542,True,116,6.678683736846964e-09,True,0.9872164786606693,0.13570772127717962,55.895791825014484,411.8836518583105,0.019007781795702613,0.13786871217104557,0.5404354209003367,True,True,0.5627147281897826,,,0.5627147281897826,0.8247458519422997,,,theorem_covered,True,97221dafce836db780cd6756ae626ad4e1025ef9027c4a01891ef3fc9140595d,,,,
inference_diagnostic,f87b622f889053fe,dgp4_N50_T50_r2026080902_truth1-1-1,4,50,50,2026080902,fixed_rank,B_G2_minus_G1_fixed_time,success,0.04624768826412171,True,119,6.019593021817037e-09,True,0.8857439801891555,0.13570772127717962,55.895791825014484,411.8836518583105,0.003131582617389076,0.055960545184880715,0.21936130623518507,True,True,0.14616906729372092,,,0.14616906729372092,0.23854335063445659,,,theorem_covered,True,97221dafce836db780cd6756ae626ad4e1025ef9027c4a01891ef3fc9140595d,,,,
inference_diagnostic,f87b622f889053fe,dgp4_N50_T50_r2026080902_truth1-1-1,4,50,50,2026080902,fixed_rank,B_G1_time_average,boundary_interiority_failure,0.024957434990535536,True,122,9.477783490540994e-09,True,0.6978934070780567,0.13570772127717962,55.895791825014484,411.8836518583105,0.0072553359179050765,0.0851782596552963,0.3338926423803637,True,True,0.5002093264972626,0.48790976211745973,0.49168953551981137,0.5210286818545167,0.9742881102700317,,,theorem_covered,True,97221dafce836db780cd6756ae626ad4e1025ef9027c4a01891ef3fc9140595d,success,success,success,success
inference_diagnostic,f87b622f889053fe,dgp4_N50_T50_r2026080902_truth1-1-1,4,50,50,2026080902,fixed_rank,B_G2_time_average,boundary_interiority_failure,0.02607670118750649,True,123,9.911043107407066e-09,True,0.6818022131746956,0.13570772127717962,55.895791825014484,411.8836518583105,0.007094329257307017,0.08422784134303227,0.330167071055794,True,True,0.6757366157467579,0.5817363554904178,0.7029974149047858,0.7424760768450699,0.9885754296345114,,,theorem_covered,True,97221dafce836db780cd6756ae626ad4e1025ef9027c4a01891ef3fc9140595d,success,success,success,success
inference_diagnostic,f87b622f889053fe,dgp4_N50_T50_r2026080902_truth1-1-1,4,50,50,2026080902,fixed_rank,B_G2_minus_G1_time_average,boundary_interiority_failure,0.033403450126570096,True,122,7.217244879170905e-09,True,0.7734816629012693,0.13570772127717962,55.895791825014484,411.8836518583105,0.012877261016906623,0.11347801997262123,0.4448256643665091,True,True,0.17552728924949532,0.09382659337295796,0.21130787938497447,0.2214473949905535,0.9659198224464363,,,theorem_covered,True,97221dafce836db780cd6756ae626ad4e1025ef9027c4a01891ef3fc9140595d,success,success,success,success
inference_diagnostic,f87b622f889053fe,dgp4_N50_T50_r2026080903_truth1-1-1,4,50,50,2026080903,fixed_rank,A_entry,success,0.16211715717713754,True,72,8.900977267456126e-09,True,2.7172807548168016,0.2481696551305776,32.26878138563805,130.0271033082567,0.015149250891450597,0.12308229316782572,0.48247372348707757,True,True,0.31382723445872013,,,0.31382723445872013,0.18560877034037912,0.6645486756323215,1.072233127832462,theorem_covered,True,54c453d5a4ed9bc913448e95a773f362e3ff642638ebecba48b1b332465befb1,,,,
inference_diagnostic,f87b622f889053fe,dgp4_N50_T50_r2026080903_truth1-1-1,4,50,50,2026080903,fixed_rank,B_entry,success,0.16879928275189285,True,74,9.296721275601104e-09,True,0.9739212655696277,0.2481696551305776,32.26878138563805,130.0271033082567,0.04006192156157506,0.20015474403964312,0.7845921793050671,True,True,-0.031083953883633723,,,-0.031083953883633723,0.1489315166475341,0.31401499552794876,0.8000393239132032,theorem_covered,True,54c453d5a4ed9bc913448e95a773f362e3ff642638ebecba48b1b332465befb1,,,,
inference_diagnostic,f87b622f889053fe,dgp4_N50_T50_r2026080903_truth1-1-1,4,50,50,2026080903,fixed_rank,A_fixed_time_mean,success,0.12799237756068255,True,72,7.844038693404022e-09,True,4.708148050561991,0.2481696551305776,32.26878138563805,130.0271033082567,0.00466064480677718,0.06826891537718452,0.2676092308057887,True,True,0.4000460526550352,,,0.4000460526550352,0.9901861547198545,,,theorem_covered,True,54c453d5a4ed9bc913448e95a773f362e3ff642638ebecba48b1b332465befb1,,,,
inference_diagnostic,f87b622f889053fe,dgp4_N50_T50_r2026080903_truth1-1-1,4,50,50,2026080903,fixed_rank,B_fixed_time_mean,success,0.10961469935916036,True,76,9.857457450316562e-09,True,0.7861544186882791,0.2481696551305776,32.26878138563805,130.0271033082567,0.028546407203354458,0.16895682052925373,0.6622985663594699,True,True,0.7379001083774773,,,0.7379001083774773,0.9504912856042068,,,theorem_covered,True,54c453d5a4ed9bc913448e95a773f362e3ff642638ebecba48b1b332465befb1,,,,
inference_diagnostic,f87b622f889053fe,dgp4_N50_T50_r2026080903_truth1-1-1,4,50,50,2026080903,fixed_rank,A_full_mean,boundary_interiority_failure,0.019675286917066027,True,77,8.857409333563372e-09,True,0.8064203815520574,0.2481696551305776,32.26878138563805,130.0271033082567,0.0010629277273850233,0.03260257240441348,0.1277997354320197,True,True,0.4012062392976814,0.41691160860091525,0.40811213896476484,0.3785949703273641,0.9996391655085456,,,theorem_covered,True,54c453d5a4ed9bc913448e95a773f362e3ff642638ebecba48b1b332465befb1,success,success,success,success
inference_diagnostic,f87b622f889053fe,dgp4_N50_T50_r2026080903_truth1-1-1,4,50,50,2026080903,fixed_rank,B_full_mean,boundary_interiority_failure,0.019095634138566152,True,81,8.279753091054931e-09,True,0.5806211809771628,0.2481696551305776,32.26878138563805,130.0271033082567,0.004195104229124675,0.06476962427808791,0.2538922617544868,True,True,0.547902899272189,0.4336723649758644,0.5738665164436589,0.6361698163970437,0.9966681118443298,,,theorem_covered,True,54c453d5a4ed9bc913448e95a773f362e3ff642638ebecba48b1b332465befb1,success,success,success,success
inference_diagnostic,f87b622f889053fe,dgp4_N50_T50_r2026080903_truth1-1-1,4,50,50,2026080903,fixed_rank,A_G1_fixed_time,success,0.11037775643722963,True,72,9.02063149207596e-09,True,4.021192568564322,0.2481696551305776,32.26878138563805,130.0271033082567,0.003851471178515528,0.062060222191960675,0.24327160073759266,True,True,0.33898419719344675,,,0.33898419719344675,0.6325186745736345,,,theorem_covered,True,54c453d5a4ed9bc913448e95a773f362e3ff642638ebecba48b1b332465befb1,,,,
inference_diagnostic,f87b622f889053fe,dgp4_N50_T50_r2026080903_truth1-1-1,4,50,50,2026080903,fixed_rank,A_G2_fixed_time,success,0.1482733729864297,True,72,8.409466645345779e-09,True,4.909159982611792,0.2481696551305776,32.26878138563805,130.0271033082567,0.006015261864211461,0.07755811926685342,0.30402224094338953,True,True,0.4611079081166236,,,0.4611079081166236,0.7834110728966859,,,theorem_covered,True,54c453d5a4ed9bc913448e95a773f362e3ff642638ebecba48b1b332465befb1,,,,
inference_diagnostic,f87b622f889053fe,dgp4_N50_T50_r2026080903_truth1-1-1,4,50,50,2026080903,fixed_rank,A_G2_minus_G1_fixed_time,success,0.05299329817281944,True,74,9.873029269236466e-09,True,2.669229990392713,0.2481696551305776,32.26878138563805,130.0271033082567,0.001090886851180173,0.033028576281459256,0.12946963994458802,True,True,0.12212371092317686,,,0.12212371092317686,0.18260383846631495,,,theorem_covered,True,54c453d5a4ed9bc913448e95a773f362e3ff642638ebecba48b1b332465befb1,,,,
inference_diagnostic,f87b622f889053fe,dgp4_N50_T50_r2026080903_truth1-1-1,4,50,50,2026080903,fixed_rank,A_G1_time_average,boundary_interiority_failure,0.026475421271773852,True,76,8.58502177248819e-09,True,1.037861068536407,0.2481696551305776,32.26878138563805,130.0271033082567,0.002013660992933481,0.04487383416795896,0.17590219763484494,True,True,0.3399672963517607,0.3669813797822866,0.31972591709820747,0.33319459217478814,0.9888566254887488,,,theorem_covered,True,54c453d5a4ed9bc913448e95a773f362e3ff642638ebecba48b1b332465befb1,success,success,success,success
inference_diagnostic,f87b622f889053fe,dgp4_N50_T50_r2026080903_truth1-1-1,4,50,50,2026080903,fixed_rank,A_G2_time_average,boundary_interiority_failure,0.027126569087732325,True,75,9.856263766943481e-09,True,1.056222895461947,0.2481696551305776,32.26878138563805,130.0271033082567,0.0012055320550910982,0.0347207726741658,0.13610292791353484,True,True,0.462445182243602,0.46684183741954377,0.49649836083132215,0.42399534847994,0.9928395197233884,,,theorem_covered,True,54c453d5a4ed9bc913448e95a773f362e3ff642638ebecba48b1b332465befb1,success,success,success,success
inference_diagnostic,f87b622f889053fe,dgp4_N50_T50_r2026080903_truth1-1-1,4,50,50,2026080903,fixed_rank,A_G2_minus_G1_time_average,boundary_interiority_failure,0.0364023310091997,True,76,8.549520674582945e-09,True,2.01632404323006,0.2481696551305776,32.26878138563805,130.0271033082567,0.002186675193388227,0.046761898949767074,0.18330327558048967,True,True,0.12247788589184133,0.09986045763725723,0.1767724437331147,0.09080075630515208,0.9819823198403063,,,theorem_covered,True,54c453d5a4ed9bc913448e95a773f362e3ff642638ebecba48b1b332465befb1,success,success,success,success
inference_diagnostic,f87b622f889053fe,dgp4_N50_T50_r2026080903_truth1-1-1,4,50,50,2026080903,fixed_rank,B_G1_fixed_time,success,0.08583206162558563,True,77,8.229789067312238e-09,True,0.7540000818697015,0.2481696551305776,32.26878138563805,130.0271033082567,0.018504181659468547,0.13603007630472222,0.5332281007429819,True,True,0.5443200877787568,,,0.5443200877787568,0.5414729090687944,,,theorem_covered,True,54c453d5a4ed9bc913448e95a773f362e3ff642638ebecba48b1b332465befb1,,,,
inference_diagnostic,f87b622f889053fe,dgp4_N50_T50_r2026080903_truth1-1-1,4,50,50,2026080903,fixed_rank,B_G2_fixed_time,success,0.13920486760892076,True,76,9.594167101835198e-09,True,0.8011697857916964,0.2481696551305776,32.26878138563805,130.0271033082567,0.04527471332978291,0.2127785546754722,0.8340766076928244,True,True,0.9314801289761979,,,0.9314801289761979,0.8156191927378276,,,theorem_covered,True,54c453d5a4ed9bc913448e95a773f362e3ff642638ebecba48b1b332465befb1,,,,
inference_diagnostic,f87b622f889053fe,dgp4_N50_T50_r2026080903_truth1-1-1,4,50,50,2026080903,fixed_rank,B_G2_minus_G1_fixed_time,success,0.0736800290135293,True,76,8.8143108192375e-09,True,0.8038009971392707,0.2481696551305776,32.26878138563805,130.0271033082567,0.013372161117607754,0.1156380608519866,0.45329286902388977,True,True,0.3871600411974411,,,0.3871600411974411,0.23450777131726472,,,theorem_covered,True,54c453d5a4ed9bc913448e95a773f362e3ff642638ebecba48b1b332465befb1,,,,
inference_diagnostic,f87b622f889053fe,dgp4_N50_T50_r2026080903_truth1-1-1,4,50,50,2026080903,fixed_rank,B_G1_time_average,boundary_interiority_failure,0.025602698172963793,True,77,9.851627310032184e-09,True,0.6113581165314959,0.2481696551305776,32.26878138563805,130.0271033082567,0.007670103019572478,0.08757912433663903,0.3433038589947357,True,True,0.40416656785949345,0.30405877011268495,0.4974137775580931,0.4110271559077024,0.9753493936522698,,,theorem_covered,True,54c453d5a4ed9bc913448e95a773f362e3ff642638ebecba48b1b332465befb1,success,success,success,success
inference_diagnostic,f87b622f889053fe,dgp4_N50_T50_r2026080903_truth1-1-1,4,50,50,2026080903,fixed_rank,B_G2_time_average,boundary_interiority_failure,0.026621110350705864,True,80,8.58331914061012e-09,True,0.6415755463548868,0.2481696551305776,32.26878138563805,130.0271033082567,0.007330900206892061,0.08562067628144537,0.33562688368719157,True,True,0.6916392306848846,0.563285959839044,0.6503192553292247,0.8613124768863851,0.9884013602715948,,,theorem_covered,True,54c453d5a4ed9bc913448e95a773f362e3ff642638ebecba48b1b332465befb1,success,success,success,success
inference_diagnostic,f87b622f889053fe,dgp4_N50_T50_r2026080903_truth1-1-1,4,50,50,2026080903,fixed_rank,B_G2_minus_G1_time_average,boundary_interiority_failure,0.0356341180256337,True,80,8.613780546889892e-09,True,0.710343403979603,0.2481696551305776,32.26878138563805,130.0271033082567,0.013221589533835822,0.11498517093015004,0.45073358755855214,True,True,0.2874726628253912,0.259227189726359,0.15290547777113161,0.450285320978683,0.9669003896561706,,,theorem_covered,True,54c453d5a4ed9bc913448e95a773f362e3ff642638ebecba48b1b332465befb1,success,success,success,success
inference_diagnostic,aa152561964a7ec3,dgp1_N100_T100_r2026080901_truth1-1-1,1,100,100,2026080901,selected_rank,A_entry,target_unsupported_selected_rank,0.0,False,0,,False,,,,,,,,True,False,0.0,,,0.0,0.16069736046128663,1.26103416960879,1.3382052214152136,theorem_covered,True,a19576a6645414694a4ac3a884a1cf01beb43de08ec544a688b482501202009a,,,,
inference_diagnostic,aa152561964a7ec3,dgp1_N100_T100_r2026080901_truth1-1-1,1,100,100,2026080901,selected_rank,B_entry,target_unsupported_selected_rank,0.0,False,0,,False,,,,,,,,True,False,0.0,,,0.0,0.13472469667932155,1.1621312995229254,0.6606203660555482,theorem_covered,True,a19576a6645414694a4ac3a884a1cf01beb43de08ec544a688b482501202009a,,,,
inference_diagnostic,aa152561964a7ec3,dgp1_N100_T100_r2026080901_truth1-1-1,1,100,100,2026080901,selected_rank,A_fixed_time_mean,target_unsupported_selected_rank,0.0,False,0,,False,,,,,,,,True,False,0.0,,,0.0,0.9949185104084706,,,theorem_covered,True,a19576a6645414694a4ac3a884a1cf01beb43de08ec544a688b482501202009a,,,,
inference_diagnostic,aa152561964a7ec3,dgp1_N100_T100_r2026080901_truth1-1-1,1,100,100,2026080901,selected_rank,B_fixed_time_mean,target_unsupported_selected_rank,0.0,False,0,,False,,,,,,,,True,False,0.0,,,0.0,0.9345494847964874,,,theorem_covered,True,a19576a6645414694a4ac3a884a1cf01beb43de08ec544a688b482501202009a,,,,
inference_diagnostic,aa152561964a7ec3,dgp1_N100_T100_r2026080901_truth1-1-1,1,100,100,2026080901,selected_rank,A_full_mean,target_unsupported_selected_rank,0.0,False,0,,False,,,,,,,,True,False,0.0,,,0.0,0.9998244679402972,,,theorem_covered,True,a19576a6645414694a4ac3a884a1cf01beb43de08ec544a688b482501202009a,success,success,success,success
inference_diagnostic,aa152561964a7ec3,dgp1_N100_T100_r2026080901_truth1-1-1,1,100,100,2026080901,selected_rank,B_full_mean,target_unsupported_selected_rank,0.0,False,0,,False,,,,,,,,True,False,0.0,,,0.0,0.9961611915133775,,,theorem_covered,True,a19576a6645414694a4ac3a884a1cf01beb43de08ec544a688b482501202009a,success,success,success,success
inference_diagnostic,aa152561964a7ec3,dgp1_N100_T100_r2026080901_truth1-1-1,1,100,100,2026080901,selected_rank,A_G1_fixed_time,target_unsupported_selected_rank,0.0,False,0,,False,,,,,,,,True,False,0.0,,,0.0,0.7043821092091259,,,theorem_covered,True,a19576a6645414694a4ac3a884a1cf01beb43de08ec544a688b482501202009a,,,,
inference_diagnostic,aa152561964a7ec3,dgp1_N100_T100_r2026080901_truth1-1-1,1,100,100,2026080901,selected_rank,A_G2_fixed_time,target_unsupported_selected_rank,0.0,False,0,,False,,,,,,,,True,False,0.0,,,0.0,0.7121246617808228,,,theorem_covered,True,a19576a6645414694a4ac3a884a1cf01beb43de08ec544a688b482501202009a,,,,
inference_diagnostic,aa152561964a7ec3,dgp1_N100_T100_r2026080901_truth1-1-1,1,100,100,2026080901,selected_rank,A_G2_minus_G1_fixed_time,target_unsupported_selected_rank,0.0,False,0,,False,,,,,,,,True,False,0.0,,,0.0,0.11581384777710342,,,weak_target_stress_outside_assumption9,False,a19576a6645414694a4ac3a884a1cf01beb43de08ec544a688b482501202009a,,,,
inference_diagnostic,aa152561964a7ec3,dgp1_N100_T100_r2026080901_truth1-1-1,1,100,100,2026080901,selected_rank,A_G1_time_average,target_unsupported_selected_rank,0.0,False,0,,False,,,,,,,,True,False,0.0,,,0.0,0.9912379313731445,,,theorem_covered,True,a19576a6645414694a4ac3a884a1cf01beb43de08ec544a688b482501202009a,success,success,success,success
inference_diagnostic,aa152561964a7ec3,dgp1_N100_T100_r2026080901_truth1-1-1,1,100,100,2026080901,selected_rank,A_G2_time_average,target_unsupported_selected_rank,0.0,False,0,,False,,,,,,,,True,False,0.0,,,0.0,0.9914294826604808,,,theorem_covered,True,a19576a6645414694a4ac3a884a1cf01beb43de08ec544a688b482501202009a,success,success,success,success
inference_diagnostic,aa152561964a7ec3,dgp1_N100_T100_r2026080901_truth1-1-1,1,100,100,2026080901,selected_rank,A_G2_minus_G1_time_average,target_unsupported_selected_rank,0.0,False,0,,False,,,,,,,,True,False,0.0,,,0.0,0.9827696011727488,,,theorem_covered,True,a19576a6645414694a4ac3a884a1cf01beb43de08ec544a688b482501202009a,success,success,success,success
inference_diagnostic,aa152561964a7ec3,dgp1_N100_T100_r2026080901_truth1-1-1,1,100,100,2026080901,selected_rank,B_G1_fixed_time,target_unsupported_selected_rank,0.0,False,0,,False,,,,,,,,True,False,0.0,,,0.0,0.6525308130833368,,,theorem_covered,True,a19576a6645414694a4ac3a884a1cf01beb43de08ec544a688b482501202009a,,,,
inference_diagnostic,aa152561964a7ec3,dgp1_N100_T100_r2026080901_truth1-1-1,1,100,100,2026080901,selected_rank,B_G2_fixed_time,target_unsupported_selected_rank,0.0,False,0,,False,,,,,,,,True,False,0.0,,,0.0,0.674113445453845,,,theorem_covered,True,a19576a6645414694a4ac3a884a1cf01beb43de08ec544a688b482501202009a,,,,
inference_diagnostic,aa152561964a7ec3,dgp1_N100_T100_r2026080901_truth1-1-1,1,100,100,2026080901,selected_rank,B_G2_minus_G1_fixed_time,target_unsupported_selected_rank,0.0,False,0,,False,,,,,,,,True,False,0.0,,,0.0,0.08272037132094547,,,weak_target_stress_outside_assumption9,False,a19576a6645414694a4ac3a884a1cf01beb43de08ec544a688b482501202009a,,,,
inference_diagnostic,aa152561964a7ec3,dgp1_N100_T100_r2026080901_truth1-1-1,1,100,100,2026080901,selected_rank,B_G1_time_average,target_unsupported_selected_rank,0.0,False,0,,False,,,,,,,,True,False,0.0,,,0.0,0.982470958404462,,,theorem_covered,True,a19576a6645414694a4ac3a884a1cf01beb43de08ec544a688b482501202009a,success,success,success,success
inference_diagnostic,aa152561964a7ec3,dgp1_N100_T100_r2026080901_truth1-1-1,1,100,100,2026080901,selected_rank,B_G2_time_average,target_unsupported_selected_rank,0.0,False,0,,False,,,,,,,,True,False,0.0,,,0.0,0.9833524405830918,,,theorem_covered,True,a19576a6645414694a4ac3a884a1cf01beb43de08ec544a688b482501202009a,success,success,success,success
inference_diagnostic,aa152561964a7ec3,dgp1_N100_T100_r2026080901_truth1-1-1,1,100,100,2026080901,selected_rank,B_G2_minus_G1_time_average,target_unsupported_selected_rank,0.0,False,0,,False,,,,,,,,True,False,0.0,,,0.0,0.969481349501658,,,theorem_covered,True,a19576a6645414694a4ac3a884a1cf01beb43de08ec544a688b482501202009a,success,success,success,success
inference_diagnostic,aa152561964a7ec3,dgp1_N100_T100_r2026080902_truth1-1-1,1,100,100,2026080902,selected_rank,A_entry,target_unsupported_selected_rank,0.0,False,0,,False,,,,,,,,True,False,0.0,,,0.0,0.14925673984386872,0.7372501037790901,1.5015777183900947,theorem_covered,True,65254bae1963e6754d5f71d411da54e31423c78072ef3e1edb7d04948ba8934a,,,,
inference_diagnostic,aa152561964a7ec3,dgp1_N100_T100_r2026080902_truth1-1-1,1,100,100,2026080902,selected_rank,B_entry,target_unsupported_selected_rank,0.0,False,0,,False,,,,,,,,True,False,0.0,,,0.0,0.13380787070569422,0.19334476849466445,1.6002037680553027,theorem_covered,True,65254bae1963e6754d5f71d411da54e31423c78072ef3e1edb7d04948ba8934a,,,,
inference_diagnostic,aa152561964a7ec3,dgp1_N100_T100_r2026080902_truth1-1-1,1,100,100,2026080902,selected_rank,A_fixed_time_mean,target_unsupported_selected_rank,0.0,False,0,,False,,,,,,,,True,False,0.0,,,0.0,0.9945905440840515,,,theorem_covered,True,65254bae1963e6754d5f71d411da54e31423c78072ef3e1edb7d04948ba8934a,,,,
inference_diagnostic,aa152561964a7ec3,dgp1_N100_T100_r2026080902_truth1-1-1,1,100,100,2026080902,selected_rank,B_fixed_time_mean,target_unsupported_selected_rank,0.0,False,0,,False,,,,,,,,True,False,0.0,,,0.0,0.9277822496988523,,,theorem_covered,True,65254bae1963e6754d5f71d411da54e31423c78072ef3e1edb7d04948ba8934a,,,,
inference_diagnostic,aa152561964a7ec3,dgp1_N100_T100_r2026080902_truth1-1-1,1,100,100,2026080902,selected_rank,A_full_mean,target_unsupported_selected_rank,0.0,False,0,,False,,,,,,,,True,False,0.0,,,0.0,0.9997981764454303,,,theorem_covered,True,65254bae1963e6754d5f71d411da54e31423c78072ef3e1edb7d04948ba8934a,success,success,success,success
inference_diagnostic,aa152561964a7ec3,dgp1_N100_T100_r2026080902_truth1-1-1,1,100,100,2026080902,selected_rank,B_full_mean,target_unsupported_selected_rank,0.0,False,0,,False,,,,,,,,True,False,0.0,,,0.0,0.9962319829065747,,,theorem_covered,True,65254bae1963e6754d5f71d411da54e31423c78072ef3e1edb7d04948ba8934a,success,success,success,success
inference_diagnostic,aa152561964a7ec3,dgp1_N100_T100_r2026080902_truth1-1-1,1,100,100,2026080902,selected_rank,A_G1_fixed_time,target_unsupported_selected_rank,0.0,False,0,,False,,,,,,,,True,False,0.0,,,0.0,0.714482113017635,,,theorem_covered,True,65254bae1963e6754d5f71d411da54e31423c78072ef3e1edb7d04948ba8934a,,,,
inference_diagnostic,aa152561964a7ec3,dgp1_N100_T100_r2026080902_truth1-1-1,1,100,100,2026080902,selected_rank,A_G2_fixed_time,target_unsupported_selected_rank,0.0,False,0,,False,,,,,,,,True,False,0.0,,,0.0,0.7027181274679046,,,theorem_covered,True,65254bae1963e6754d5f71d411da54e31423c78072ef3e1edb7d04948ba8934a,,,,
inference_diagnostic,aa152561964a7ec3,dgp1_N100_T100_r2026080902_truth1-1-1,1,100,100,2026080902,selected_rank,A_G2_minus_G1_fixed_time,target_unsupported_selected_rank,0.0,False,0,,False,,,,,,,,True,False,0.0,,,0.0,0.1228295815865785,,,weak_target_stress_outside_assumption9,False,65254bae1963e6754d5f71d411da54e31423c78072ef3e1edb7d04948ba8934a,,,,
inference_diagnostic,aa152561964a7ec3,dgp1_N100_T100_r2026080902_truth1-1-1,1,100,100,2026080902,selected_rank,A_G1_time_average,target_unsupported_selected_rank,0.0,False,0,,False,,,,,,,,True,False,0.0,,,0.0,0.9908020961105911,,,theorem_covered,True,65254bae1963e6754d5f71d411da54e31423c78072ef3e1edb7d04948ba8934a,success,success,success,success
inference_diagnostic,aa152561964a7ec3,dgp1_N100_T100_r2026080902_truth1-1-1,1,100,100,2026080902,selected_rank,A_G2_time_average,target_unsupported_selected_rank,0.0,False,0,,False,,,,,,,,True,False,0.0,,,0.0,0.9904873296467047,,,theorem_covered,True,65254bae1963e6754d5f71d411da54e31423c78072ef3e1edb7d04948ba8934a,success,success,success,success
inference_diagnostic,aa152561964a7ec3,dgp1_N100_T100_r2026080902_truth1-1-1,1,100,100,2026080902,selected_rank,A_G2_minus_G1_time_average,target_unsupported_selected_rank,0.0,False,0,,False,,,,,,,,True,False,0.0,,,0.0,0.9814059049262928,,,theorem_covered,True,65254bae1963e6754d5f71d411da54e31423c78072ef3e1edb7d04948ba8934a,success,success,success,success
inference_diagnostic,aa152561964a7ec3,dgp1_N100_T100_r2026080902_truth1-1-1,1,100,100,2026080902,selected_rank,B_G1_fixed_time,target_unsupported_selected_rank,0.0,False,0,,False,,,,,,,,True,False,0.0,,,0.0,0.7048756907376394,,,theorem_covered,True,65254bae1963e6754d5f71d411da54e31423c78072ef3e1edb7d04948ba8934a,,,,
inference_diagnostic,aa152561964a7ec3,dgp1_N100_T100_r2026080902_truth1-1-1,1,100,100,2026080902,selected_rank,B_G2_fixed_time,target_unsupported_selected_rank,0.0,False,0,,False,,,,,,,,True,False,0.0,,,0.0,0.6194511336174687,,,theorem_covered,True,65254bae1963e6754d5f71d411da54e31423c78072ef3e1edb7d04948ba8934a,,,,
inference_diagnostic,aa152561964a7ec3,dgp1_N100_T100_r2026080902_truth1-1-1,1,100,100,2026080902,selected_rank,B_G2_minus_G1_fixed_time,target_unsupported_selected_rank,0.0,False,0,,False,,,,,,,,True,False,0.0,,,0.0,0.140675312249763,,,weak_target_stress_outside_assumption9,False,65254bae1963e6754d5f71d411da54e31423c78072ef3e1edb7d04948ba8934a,,,,
inference_diagnostic,aa152561964a7ec3,dgp1_N100_T100_r2026080902_truth1-1-1,1,100,100,2026080902,selected_rank,B_G1_time_average,target_unsupported_selected_rank,0.0,False,0,,False,,,,,,,,True,False,0.0,,,0.0,0.9863141521873241,,,theorem_covered,True,65254bae1963e6754d5f71d411da54e31423c78072ef3e1edb7d04948ba8934a,success,success,success,success
inference_diagnostic,aa152561964a7ec3,dgp1_N100_T100_r2026080902_truth1-1-1,1,100,100,2026080902,selected_rank,B_G2_time_average,target_unsupported_selected_rank,0.0,False,0,,False,,,,,,,,True,False,0.0,,,0.0,0.9832107477472302,,,theorem_covered,True,65254bae1963e6754d5f71d411da54e31423c78072ef3e1edb7d04948ba8934a,success,success,success,success
inference_diagnostic,aa152561964a7ec3,dgp1_N100_T100_r2026080902_truth1-1-1,1,100,100,2026080902,selected_rank,B_G2_minus_G1_time_average,target_unsupported_selected_rank,0.0,False,0,,False,,,,,,,,True,False,0.0,,,0.0,0.9731602219186235,,,theorem_covered,True,65254bae1963e6754d5f71d411da54e31423c78072ef3e1edb7d04948ba8934a,success,success,success,success
inference_diagnostic,aa152561964a7ec3,dgp1_N100_T100_r2026080903_truth1-1-1,1,100,100,2026080903,selected_rank,A_entry,target_unsupported_selected_rank,0.0,False,0,,False,,,,,,,,True,False,0.0,,,0.0,0.1673094836793261,1.1310156271243166,1.6873144964131175,theorem_covered,True,a0da67ca313a3846bbc203daddc1c66f2abd37f3c6c3018179e0eb9ff240e26e,,,,
inference_diagnostic,aa152561964a7ec3,dgp1_N100_T100_r2026080903_truth1-1-1,1,100,100,2026080903,selected_rank,B_entry,target_unsupported_selected_rank,0.0,False,0,,False,,,,,,,,True,False,0.0,,,0.0,0.16578800528541957,1.3596354487549254,1.4080755147405561,theorem_covered,True,a0da67ca313a3846bbc203daddc1c66f2abd37f3c6c3018179e0eb9ff240e26e,,,,
inference_diagnostic,aa152561964a7ec3,dgp1_N100_T100_r2026080903_truth1-1-1,1,100,100,2026080903,selected_rank,A_fixed_time_mean,target_unsupported_selected_rank,0.0,False,0,,False,,,,,,,,True,False,0.0,,,0.0,0.9950604631180681,,,theorem_covered,True,a0da67ca313a3846bbc203daddc1c66f2abd37f3c6c3018179e0eb9ff240e26e,,,,
inference_diagnostic,aa152561964a7ec3,dgp1_N100_T100_r2026080903_truth1-1-1,1,100,100,2026080903,selected_rank,B_fixed_time_mean,target_unsupported_selected_rank,0.0,False,0,,False,,,,,,,,True,False,0.0,,,0.0,0.9309281196992163,,,theorem_covered,True,a0da67ca313a3846bbc203daddc1c66f2abd37f3c6c3018179e0eb9ff240e26e,,,,
inference_diagnostic,aa152561964a7ec3,dgp1_N100_T100_r2026080903_truth1-1-1,1,100,100,2026080903,selected_rank,A_full_mean,target_unsupported_selected_rank,0.0,False,0,,False,,,,,,,,True,False,0.0,,,0.0,0.999802805404206,,,theorem_covered,True,a0da67ca313a3846bbc203daddc1c66f2abd37f3c6c3018179e0eb9ff240e26e,success,success,success,success
inference_diagnostic,aa152561964a7ec3,dgp1_N100_T100_r2026080903_truth1-1-1,1,100,100,2026080903,selected_rank,B_full_mean,target_unsupported_selected_rank,0.0,False,0,,False,,,,,,,,True,False,0.0,,,0.0,0.9967076551175248,,,theorem_covered,True,a0da67ca313a3846bbc203daddc1c66f2abd37f3c6c3018179e0eb9ff240e26e,success,success,success,success
inference_diagnostic,aa152561964a7ec3,dgp1_N100_T100_r2026080903_truth1-1-1,1,100,100,2026080903,selected_rank,A_G1_fixed_time,target_unsupported_selected_rank,0.0,False,0,,False,,,,,,,,True,False,0.0,,,0.0,0.7230824471717616,,,theorem_covered,True,a0da67ca313a3846bbc203daddc1c66f2abd37f3c6c3018179e0eb9ff240e26e,,,,
inference_diagnostic,aa152561964a7ec3,dgp1_N100_T100_r2026080903_truth1-1-1,1,100,100,2026080903,selected_rank,A_G2_fixed_time,target_unsupported_selected_rank,0.0,False,0,,False,,,,,,,,True,False,0.0,,,0.0,0.6960941467153817,,,theorem_covered,True,a0da67ca313a3846bbc203daddc1c66f2abd37f3c6c3018179e0eb9ff240e26e,,,,
inference_diagnostic,aa152561964a7ec3,dgp1_N100_T100_r2026080903_truth1-1-1,1,100,100,2026080903,selected_rank,A_G2_minus_G1_fixed_time,target_unsupported_selected_rank,0.0,False,0,,False,,,,,,,,True,False,0.0,,,0.0,0.1313391078033328,,,weak_target_stress_outside_assumption9,False,a0da67ca313a3846bbc203daddc1c66f2abd37f3c6c3018179e0eb9ff240e26e,,,,
inference_diagnostic,aa152561964a7ec3,dgp1_N100_T100_r2026080903_truth1-1-1,1,100,100,2026080903,selected_rank,A_G1_time_average,target_unsupported_selected_rank,0.0,False,0,,False,,,,,,,,True,False,0.0,,,0.0,0.9904069978711355,,,theorem_covered,True,a0da67ca313a3846bbc203daddc1c66f2abd37f3c6c3018179e0eb9ff240e26e,success,success,success,success
inference_diagnostic,aa152561964a7ec3,dgp1_N100_T100_r2026080903_truth1-1-1,1,100,100,2026080903,selected_rank,A_G2_time_average,target_unsupported_selected_rank,0.0,False,0,,False,,,,,,,,True,False,0.0,,,0.0,0.9896329320078731,,,theorem_covered,True,a0da67ca313a3846bbc203daddc1c66f2abd37f3c6c3018179e0eb9ff240e26e,success,success,success,success
inference_diagnostic,aa152561964a7ec3,dgp1_N100_T100_r2026080903_truth1-1-1,1,100,100,2026080903,selected_rank,A_G2_minus_G1_time_average,target_unsupported_selected_rank,0.0,False,0,,False,,,,,,,,True,False,0.0,,,0.0,0.980139638955846,,,theorem_covered,True,a0da67ca313a3846bbc203daddc1c66f2abd37f3c6c3018179e0eb9ff240e26e,success,success,success,success
inference_diagnostic,aa152561964a7ec3,dgp1_N100_T100_r2026080903_truth1-1-1,1,100,100,2026080903,selected_rank,B_G1_fixed_time,target_unsupported_selected_rank,0.0,False,0,,False,,,,,,,,True,False,0.0,,,0.0,0.6819815605492513,,,theorem_covered,True,a0da67ca313a3846bbc203daddc1c66f2abd37f3c6c3018179e0eb9ff240e26e,,,,
inference_diagnostic,aa152561964a7ec3,dgp1_N100_T100_r2026080903_truth1-1-1,1,100,100,2026080903,selected_rank,B_G2_fixed_time,target_unsupported_selected_rank,0.0,False,0,,False,,,,,,,,True,False,0.0,,,0.0,0.645218694550741,,,theorem_covered,True,a0da67ca313a3846bbc203daddc1c66f2abd37f3c6c3018179e0eb9ff240e26e,,,,
inference_diagnostic,aa152561964a7ec3,dgp1_N100_T100_r2026080903_truth1-1-1,1,100,100,2026080903,selected_rank,B_G2_minus_G1_fixed_time,target_unsupported_selected_rank,0.0,False,0,,False,,,,,,,,True,False,0.0,,,0.0,0.12156828813566825,,,weak_target_stress_outside_assumption9,False,a0da67ca313a3846bbc203daddc1c66f2abd37f3c6c3018179e0eb9ff240e26e,,,,
inference_diagnostic,aa152561964a7ec3,dgp1_N100_T100_r2026080903_truth1-1-1,1,100,100,2026080903,selected_rank,B_G1_time_average,target_unsupported_selected_rank,0.0,False,0,,False,,,,,,,,True,False,0.0,,,0.0,0.9867295022971222,,,theorem_covered,True,a0da67ca313a3846bbc203daddc1c66f2abd37f3c6c3018179e0eb9ff240e26e,success,success,success,success
inference_diagnostic,aa152561964a7ec3,dgp1_N100_T100_r2026080903_truth1-1-1,1,100,100,2026080903,selected_rank,B_G2_time_average,target_unsupported_selected_rank,0.0,False,0,,False,,,,,,,,True,False,0.0,,,0.0,0.9855101237305609,,,theorem_covered,True,a0da67ca313a3846bbc203daddc1c66f2abd37f3c6c3018179e0eb9ff240e26e,success,success,success,success
inference_diagnostic,aa152561964a7ec3,dgp1_N100_T100_r2026080903_truth1-1-1,1,100,100,2026080903,selected_rank,B_G2_minus_G1_time_average,target_unsupported_selected_rank,0.0,False,0,,False,,,,,,,,True,False,0.0,,,0.0,0.9754174311078723,,,theorem_covered,True,a0da67ca313a3846bbc203daddc1c66f2abd37f3c6c3018179e0eb9ff240e26e,success,success,success,success
inference_diagnostic,aa152561964a7ec3,dgp1_N50_T50_r2026080901_truth1-1-1,1,50,50,2026080901,selected_rank,A_entry,target_unsupported_selected_rank,0.0,False,0,,False,,,,,,,,True,False,0.0,,,0.0,0.21596963583210968,0.8110191077370404,1.546205110111281,theorem_covered,True,6e94958e6e076a7758783143f9c8d74bd9c57354d27442ceb5ce5b5fa280c4d2,,,,
inference_diagnostic,aa152561964a7ec3,dgp1_N50_T50_r2026080901_truth1-1-1,1,50,50,2026080901,selected_rank,B_entry,target_unsupported_selected_rank,0.0,False,0,,False,,,,,,,,True,False,0.0,,,0.0,0.23147808406529113,1.1610899639094403,1.5541043044323575,theorem_covered,True,6e94958e6e076a7758783143f9c8d74bd9c57354d27442ceb5ce5b5fa280c4d2,,,,
inference_diagnostic,aa152561964a7ec3,dgp1_N50_T50_r2026080901_truth1-1-1,1,50,50,2026080901,selected_rank,A_fixed_time_mean,target_unsupported_selected_rank,0.0,False,0,,False,,,,,,,,True,False,0.0,,,0.0,0.994193289464755,,,theorem_covered,True,6e94958e6e076a7758783143f9c8d74bd9c57354d27442ceb5ce5b5fa280c4d2,,,,
inference_diagnostic,aa152561964a7ec3,dgp1_N50_T50_r2026080901_truth1-1-1,1,50,50,2026080901,selected_rank,B_fixed_time_mean,target_unsupported_selected_rank,0.0,False,0,,False,,,,,,,,True,False,0.0,,,0.0,0.9445269249861619,,,theorem_covered,True,6e94958e6e076a7758783143f9c8d74bd9c57354d27442ceb5ce5b5fa280c4d2,,,,
inference_diagnostic,aa152561964a7ec3,dgp1_N50_T50_r2026080901_truth1-1-1,1,50,50,2026080901,selected_rank,A_full_mean,target_unsupported_selected_rank,0.0,False,0,,False,,,,,,,,True,False,0.0,,,0.0,0.9997571181595291,,,theorem_covered,True,6e94958e6e076a7758783143f9c8d74bd9c57354d27442ceb5ce5b5fa280c4d2,success,success,success,success
inference_diagnostic,aa152561964a7ec3,dgp1_N50_T50_r2026080901_truth1-1-1,1,50,50,2026080901,selected_rank,B_full_mean,target_unsupported_selected_rank,0.0,False,0,,False,,,,,,,,True,False,0.0,,,0.0,0.9966052193124384,,,theorem_covered,True,6e94958e6e076a7758783143f9c8d74bd9c57354d27442ceb5ce5b5fa280c4d2,success,success,success,success
inference_diagnostic,aa152561964a7ec3,dgp1_N50_T50_r2026080901_truth1-1-1,1,50,50,2026080901,selected_rank,A_G1_fixed_time,target_unsupported_selected_rank,0.0,False,0,,False,,,,,,,,True,False,0.0,,,0.0,0.7155892535278098,,,theorem_covered,True,6e94958e6e076a7758783143f9c8d74bd9c57354d27442ceb5ce5b5fa280c4d2,,,,
inference_diagnostic,aa152561964a7ec3,dgp1_N50_T50_r2026080901_truth1-1-1,1,50,50,2026080901,selected_rank,A_G2_fixed_time,target_unsupported_selected_rank,0.0,False,0,,False,,,,,,,,True,False,0.0,,,0.0,0.7122376000019127,,,theorem_covered,True,6e94958e6e076a7758783143f9c8d74bd9c57354d27442ceb5ce5b5fa280c4d2,,,,
inference_diagnostic,aa152561964a7ec3,dgp1_N50_T50_r2026080901_truth1-1-1,1,50,50,2026080901,selected_rank,A_G2_minus_G1_fixed_time,target_unsupported_selected_rank,0.0,False,0,,False,,,,,,,,True,False,0.0,,,0.0,0.1758695022004154,,,weak_target_stress_outside_assumption9,False,6e94958e6e076a7758783143f9c8d74bd9c57354d27442ceb5ce5b5fa280c4d2,,,,
inference_diagnostic,aa152561964a7ec3,dgp1_N50_T50_r2026080901_truth1-1-1,1,50,50,2026080901,selected_rank,A_G1_time_average,target_unsupported_selected_rank,0.0,False,0,,False,,,,,,,,True,False,0.0,,,0.0,0.9897140711209403,,,theorem_covered,True,6e94958e6e076a7758783143f9c8d74bd9c57354d27442ceb5ce5b5fa280c4d2,success,success,success,success
inference_diagnostic,aa152561964a7ec3,dgp1_N50_T50_r2026080901_truth1-1-1,1,50,50,2026080901,selected_rank,A_G2_time_average,target_unsupported_selected_rank,0.0,False,0,,False,,,,,,,,True,False,0.0,,,0.0,0.9896126584916863,,,theorem_covered,True,6e94958e6e076a7758783143f9c8d74bd9c57354d27442ceb5ce5b5fa280c4d2,success,success,success,success
inference_diagnostic,aa152561964a7ec3,dgp1_N50_T50_r2026080901_truth1-1-1,1,50,50,2026080901,selected_rank,A_G2_minus_G1_time_average,target_unsupported_selected_rank,0.0,False,0,,False,,,,,,,,True,False,0.0,,,0.0,0.9794655997589343,,,theorem_covered,True,6e94958e6e076a7758783143f9c8d74bd9c57354d27442ceb5ce5b5fa280c4d2,success,success,success,success
inference_diagnostic,aa152561964a7ec3,dgp1_N50_T50_r2026080901_truth1-1-1,1,50,50,2026080901,selected_rank,B_G1_fixed_time,target_unsupported_selected_rank,0.0,False,0,,False,,,,,,,,True,False,0.0,,,0.0,0.6781047766072715,,,theorem_covered,True,6e94958e6e076a7758783143f9c8d74bd9c57354d27442ceb5ce5b5fa280c4d2,,,,
inference_diagnostic,aa152561964a7ec3,dgp1_N50_T50_r2026080901_truth1-1-1,1,50,50,2026080901,selected_rank,B_G2_fixed_time,target_unsupported_selected_rank,0.0,False,0,,False,,,,,,,,True,False,0.0,,,0.0,0.6807281391999133,,,theorem_covered,True,6e94958e6e076a7758783143f9c8d74bd9c57354d27442ceb5ce5b5fa280c4d2,,,,
inference_diagnostic,aa152561964a7ec3,dgp1_N50_T50_r2026080901_truth1-1-1,1,50,50,2026080901,selected_rank,B_G2_minus_G1_fixed_time,target_unsupported_selected_rank,0.0,False,0,,False,,,,,,,,True,False,0.0,,,0.0,0.1763115864949296,,,weak_target_stress_outside_assumption9,False,6e94958e6e076a7758783143f9c8d74bd9c57354d27442ceb5ce5b5fa280c4d2,,,,
inference_diagnostic,aa152561964a7ec3,dgp1_N50_T50_r2026080901_truth1-1-1,1,50,50,2026080901,selected_rank,B_G1_time_average,target_unsupported_selected_rank,0.0,False,0,,False,,,,,,,,True,False,0.0,,,0.0,0.9828823404632056,,,theorem_covered,True,6e94958e6e076a7758783143f9c8d74bd9c57354d27442ceb5ce5b5fa280c4d2,success,success,success,success
inference_diagnostic,aa152561964a7ec3,dgp1_N50_T50_r2026080901_truth1-1-1,1,50,50,2026080901,selected_rank,B_G2_time_average,target_unsupported_selected_rank,0.0,False,0,,False,,,,,,,,True,False,0.0,,,0.0,0.9829962802503164,,,theorem_covered,True,6e94958e6e076a7758783143f9c8d74bd9c57354d27442ceb5ce5b5fa280c4d2,success,success,success,success
inference_diagnostic,aa152561964a7ec3,dgp1_N50_T50_r2026080901_truth1-1-1,1,50,50,2026080901,selected_rank,B_G2_minus_G1_time_average,target_unsupported_selected_rank,0.0,False,0,,False,,,,,,,,True,False,0.0,,,0.0,0.9690807082073201,,,theorem_covered,True,6e94958e6e076a7758783143f9c8d74bd9c57354d27442ceb5ce5b5fa280c4d2,success,success,success,success
inference_diagnostic,aa152561964a7ec3,dgp1_N50_T50_r2026080902_truth1-1-1,1,50,50,2026080902,selected_rank,A_entry,target_unsupported_selected_rank,0.0,False,0,,False,,,,,,,,True,False,0.0,,,0.0,0.20830946758430618,0.8352510952119323,1.3570603417858293,theorem_covered,True,b5dc5ca235215eca475f62b571131784a0d83a1408376c0579ec9add2343c256,,,,
inference_diagnostic,aa152561964a7ec3,dgp1_N50_T50_r2026080902_truth1-1-1,1,50,50,2026080902,selected_rank,B_entry,target_unsupported_selected_rank,0.0,False,0,,False,,,,,,,,True,False,0.0,,,0.0,0.17480995295450072,0.9350887003768124,0.6041356913912105,theorem_covered,True,b5dc5ca235215eca475f62b571131784a0d83a1408376c0579ec9add2343c256,,,,
inference_diagnostic,aa152561964a7ec3,dgp1_N50_T50_r2026080902_truth1-1-1,1,50,50,2026080902,selected_rank,A_fixed_time_mean,target_unsupported_selected_rank,0.0,False,0,,False,,,,,,,,True,False,0.0,,,0.0,0.9947133301057238,,,theorem_covered,True,b5dc5ca235215eca475f62b571131784a0d83a1408376c0579ec9add2343c256,,,,
inference_diagnostic,aa152561964a7ec3,dgp1_N50_T50_r2026080902_truth1-1-1,1,50,50,2026080902,selected_rank,B_fixed_time_mean,target_unsupported_selected_rank,0.0,False,0,,False,,,,,,,,True,False,0.0,,,0.0,0.9313610365475181,,,theorem_covered,True,b5dc5ca235215eca475f62b571131784a0d83a1408376c0579ec9add2343c256,,,,
inference_diagnostic,aa152561964a7ec3,dgp1_N50_T50_r2026080902_truth1-1-1,1,50,50,2026080902,selected_rank,A_full_mean,target_unsupported_selected_rank,0.0,False,0,,False,,,,,,,,True,False,0.0,,,0.0,0.9998382003980353,,,theorem_covered,True,b5dc5ca235215eca475f62b571131784a0d83a1408376c0579ec9add2343c256,success,success,success,success
inference_diagnostic,aa152561964a7ec3,dgp1_N50_T50_r2026080902_truth1-1-1,1,50,50,2026080902,selected_rank,B_full_mean,target_unsupported_selected_rank,0.0,False,0,,False,,,,,,,,True,False,0.0,,,0.0,0.9970906289735568,,,theorem_covered,True,b5dc5ca235215eca475f62b571131784a0d83a1408376c0579ec9add2343c256,success,success,success,success
inference_diagnostic,aa152561964a7ec3,dgp1_N50_T50_r2026080902_truth1-1-1,1,50,50,2026080902,selected_rank,A_G1_fixed_time,target_unsupported_selected_rank,0.0,False,0,,False,,,,,,,,True,False,0.0,,,0.0,0.7160419328947284,,,theorem_covered,True,b5dc5ca235215eca475f62b571131784a0d83a1408376c0579ec9add2343c256,,,,
inference_diagnostic,aa152561964a7ec3,dgp1_N50_T50_r2026080902_truth1-1-1,1,50,50,2026080902,selected_rank,A_G2_fixed_time,target_unsupported_selected_rank,0.0,False,0,,False,,,,,,,,True,False,0.0,,,0.0,0.7098591114376904,,,theorem_covered,True,b5dc5ca235215eca475f62b571131784a0d83a1408376c0579ec9add2343c256,,,,
inference_diagnostic,aa152561964a7ec3,dgp1_N50_T50_r2026080902_truth1-1-1,1,50,50,2026080902,selected_rank,A_G2_minus_G1_fixed_time,target_unsupported_selected_rank,0.0,False,0,,False,,,,,,,,True,False,0.0,,,0.0,0.16480715598755782,,,weak_target_stress_outside_assumption9,False,b5dc5ca235215eca475f62b571131784a0d83a1408376c0579ec9add2343c256,,,,
inference_diagnostic,aa152561964a7ec3,dgp1_N50_T50_r2026080902_truth1-1-1,1,50,50,2026080902,selected_rank,A_G1_time_average,target_unsupported_selected_rank,0.0,False,0,,False,,,,,,,,True,False,0.0,,,0.0,0.9924959748663207,,,theorem_covered,True,b5dc5ca235215eca475f62b571131784a0d83a1408376c0579ec9add2343c256,success,success,success,success
inference_diagnostic,aa152561964a7ec3,dgp1_N50_T50_r2026080902_truth1-1-1,1,50,50,2026080902,selected_rank,A_G2_time_average,target_unsupported_selected_rank,0.0,False,0,,False,,,,,,,,True,False,0.0,,,0.0,0.9923596871270742,,,theorem_covered,True,b5dc5ca235215eca475f62b571131784a0d83a1408376c0579ec9add2343c256,success,success,success,success
inference_diagnostic,aa152561964a7ec3,dgp1_N50_T50_r2026080902_truth1-1-1,1,50,50,2026080902,selected_rank,A_G2_minus_G1_time_average,target_unsupported_selected_rank,0.0,False,0,,False,,,,,,,,True,False,0.0,,,0.0,0.9849617158984498,,,theorem_covered,True,b5dc5ca235215eca475f62b571131784a0d83a1408376c0579ec9add2343c256,success,success,success,success
inference_diagnostic,aa152561964a7ec3,dgp1_N50_T50_r2026080902_truth1-1-1,1,50,50,2026080902,selected_rank,B_G1_fixed_time,target_unsupported_selected_rank,0.0,False,0,,False,,,,,,,,True,False,0.0,,,0.0,0.6377133975407058,,,theorem_covered,True,b5dc5ca235215eca475f62b571131784a0d83a1408376c0579ec9add2343c256,,,,
inference_diagnostic,aa152561964a7ec3,dgp1_N50_T50_r2026080902_truth1-1-1,1,50,50,2026080902,selected_rank,B_G2_fixed_time,target_unsupported_selected_rank,0.0,False,0,,False,,,,,,,,True,False,0.0,,,0.0,0.6885993312867125,,,theorem_covered,True,b5dc5ca235215eca475f62b571131784a0d83a1408376c0579ec9add2343c256,,,,
inference_diagnostic,aa152561964a7ec3,dgp1_N50_T50_r2026080902_truth1-1-1,1,50,50,2026080902,selected_rank,B_G2_minus_G1_fixed_time,target_unsupported_selected_rank,0.0,False,0,,False,,,,,,,,True,False,0.0,,,0.0,0.1158189796732388,,,weak_target_stress_outside_assumption9,False,b5dc5ca235215eca475f62b571131784a0d83a1408376c0579ec9add2343c256,,,,
inference_diagnostic,aa152561964a7ec3,dgp1_N50_T50_r2026080902_truth1-1-1,1,50,50,2026080902,selected_rank,B_G1_time_average,target_unsupported_selected_rank,0.0,False,0,,False,,,,,,,,True,False,0.0,,,0.0,0.9869119709389331,,,theorem_covered,True,b5dc5ca235215eca475f62b571131784a0d83a1408376c0579ec9add2343c256,success,success,success,success
inference_diagnostic,aa152561964a7ec3,dgp1_N50_T50_r2026080902_truth1-1-1,1,50,50,2026080902,selected_rank,B_G2_time_average,target_unsupported_selected_rank,0.0,False,0,,False,,,,,,,,True,False,0.0,,,0.0,0.9884094770650309,,,theorem_covered,True,b5dc5ca235215eca475f62b571131784a0d83a1408376c0579ec9add2343c256,success,success,success,success
inference_diagnostic,aa152561964a7ec3,dgp1_N50_T50_r2026080902_truth1-1-1,1,50,50,2026080902,selected_rank,B_G2_minus_G1_time_average,target_unsupported_selected_rank,0.0,False,0,,False,,,,,,,,True,False,0.0,,,0.0,0.9781404859976208,,,theorem_covered,True,b5dc5ca235215eca475f62b571131784a0d83a1408376c0579ec9add2343c256,success,success,success,success
inference_diagnostic,aa152561964a7ec3,dgp1_N50_T50_r2026080903_truth1-1-1,1,50,50,2026080903,selected_rank,A_entry,target_unsupported_selected_rank,0.0,False,0,,False,,,,,,,,True,False,0.0,,,0.0,0.2307316799909536,1.3096263780098891,1.3885999726153193,theorem_covered,True,50abda1c80049d538df3a015d1baa6648833f4cc383f0ab443c68eb5f4fcc822,,,,
inference_diagnostic,aa152561964a7ec3,dgp1_N50_T50_r2026080903_truth1-1-1,1,50,50,2026080903,selected_rank,B_entry,target_unsupported_selected_rank,0.0,False,0,,False,,,,,,,,True,False,0.0,,,0.0,0.23755798069315454,1.9175849610906375,0.9401615411041657,theorem_covered,True,50abda1c80049d538df3a015d1baa6648833f4cc383f0ab443c68eb5f4fcc822,,,,
inference_diagnostic,aa152561964a7ec3,dgp1_N50_T50_r2026080903_truth1-1-1,1,50,50,2026080903,selected_rank,A_fixed_time_mean,target_unsupported_selected_rank,0.0,False,0,,False,,,,,,,,True,False,0.0,,,0.0,0.9954428871890709,,,theorem_covered,True,50abda1c80049d538df3a015d1baa6648833f4cc383f0ab443c68eb5f4fcc822,,,,
inference_diagnostic,aa152561964a7ec3,dgp1_N50_T50_r2026080903_truth1-1-1,1,50,50,2026080903,selected_rank,B_fixed_time_mean,target_unsupported_selected_rank,0.0,False,0,,False,,,,,,,,True,False,0.0,,,0.0,0.9329978565067619,,,theorem_covered,True,50abda1c80049d538df3a015d1baa6648833f4cc383f0ab443c68eb5f4fcc822,,,,
inference_diagnostic,aa152561964a7ec3,dgp1_N50_T50_r2026080903_truth1-1-1,1,50,50,2026080903,selected_rank,A_full_mean,target_unsupported_selected_rank,0.0,False,0,,False,,,,,,,,True,False,0.0,,,0.0,0.9997984675561105,,,theorem_covered,True,50abda1c80049d538df3a015d1baa6648833f4cc383f0ab443c68eb5f4fcc822,success,success,success,success
inference_diagnostic,aa152561964a7ec3,dgp1_N50_T50_r2026080903_truth1-1-1,1,50,50,2026080903,selected_rank,B_full_mean,target_unsupported_selected_rank,0.0,False,0,,False,,,,,,,,True,False,0.0,,,0.0,0.9953846173168215,,,theorem_covered,True,50abda1c80049d538df3a015d1baa6648833f4cc383f0ab443c68eb5f4fcc822,success,success,success,success
inference_diagnostic,aa152561964a7ec3,dgp1_N50_T50_r2026080903_truth1-1-1,1,50,50,2026080903,selected_rank,A_G1_fixed_time,target_unsupported_selected_rank,0.0,False,0,,False,,,,,,,,True,False,0.0,,,0.0,0.7228759633849006,,,theorem_covered,True,50abda1c80049d538df3a015d1baa6648833f4cc383f0ab443c68eb5f4fcc822,,,,
inference_diagnostic,aa152561964a7ec3,dgp1_N50_T50_r2026080903_truth1-1-1,1,50,50,2026080903,selected_rank,A_G2_fixed_time,target_unsupported_selected_rank,0.0,False,0,,False,,,,,,,,True,False,0.0,,,0.0,0.7044910456238856,,,theorem_covered,True,50abda1c80049d538df3a015d1baa6648833f4cc383f0ab443c68eb5f4fcc822,,,,
inference_diagnostic,aa152561964a7ec3,dgp1_N50_T50_r2026080903_truth1-1-1,1,50,50,2026080903,selected_rank,A_G2_minus_G1_fixed_time,target_unsupported_selected_rank,0.0,False,0,,False,,,,,,,,True,False,0.0,,,0.0,0.16718477845955448,,,weak_target_stress_outside_assumption9,False,50abda1c80049d538df3a015d1baa6648833f4cc383f0ab443c68eb5f4fcc822,,,,
inference_diagnostic,aa152561964a7ec3,dgp1_N50_T50_r2026080903_truth1-1-1,1,50,50,2026080903,selected_rank,A_G1_time_average,target_unsupported_selected_rank,0.0,False,0,,False,,,,,,,,True,False,0.0,,,0.0,0.989363070578201,,,theorem_covered,True,50abda1c80049d538df3a015d1baa6648833f4cc383f0ab443c68eb5f4fcc822,success,success,success,success
inference_diagnostic,aa152561964a7ec3,dgp1_N50_T50_r2026080903_truth1-1-1,1,50,50,2026080903,selected_rank,A_G2_time_average,target_unsupported_selected_rank,0.0,False,0,,False,,,,,,,,True,False,0.0,,,0.0,0.9887751172677123,,,theorem_covered,True,50abda1c80049d538df3a015d1baa6648833f4cc383f0ab443c68eb5f4fcc822,success,success,success,success
inference_diagnostic,aa152561964a7ec3,dgp1_N50_T50_r2026080903_truth1-1-1,1,50,50,2026080903,selected_rank,A_G2_minus_G1_time_average,target_unsupported_selected_rank,0.0,False,0,,False,,,,,,,,True,False,0.0,,,0.0,0.9782221333747082,,,theorem_covered,True,50abda1c80049d538df3a015d1baa6648833f4cc383f0ab443c68eb5f4fcc822,success,success,success,success
inference_diagnostic,aa152561964a7ec3,dgp1_N50_T50_r2026080903_truth1-1-1,1,50,50,2026080903,selected_rank,B_G1_fixed_time,target_unsupported_selected_rank,0.0,False,0,,False,,,,,,,,True,False,0.0,,,0.0,0.6600887381151112,,,theorem_covered,True,50abda1c80049d538df3a015d1baa6648833f4cc383f0ab443c68eb5f4fcc822,,,,
inference_diagnostic,aa152561964a7ec3,dgp1_N50_T50_r2026080903_truth1-1-1,1,50,50,2026080903,selected_rank,B_G2_fixed_time,target_unsupported_selected_rank,0.0,False,0,,False,,,,,,,,True,False,0.0,,,0.0,0.6735470670165778,,,theorem_covered,True,50abda1c80049d538df3a015d1baa6648833f4cc383f0ab443c68eb5f4fcc822,,,,
inference_diagnostic,aa152561964a7ec3,dgp1_N50_T50_r2026080903_truth1-1-1,1,50,50,2026080903,selected_rank,B_G2_minus_G1_fixed_time,target_unsupported_selected_rank,0.0,False,0,,False,,,,,,,,True,False,0.0,,,0.0,0.1374692453853659,,,weak_target_stress_outside_assumption9,False,50abda1c80049d538df3a015d1baa6648833f4cc383f0ab443c68eb5f4fcc822,,,,
inference_diagnostic,aa152561964a7ec3,dgp1_N50_T50_r2026080903_truth1-1-1,1,50,50,2026080903,selected_rank,B_G1_time_average,target_unsupported_selected_rank,0.0,False,0,,False,,,,,,,,True,False,0.0,,,0.0,0.979732291129271,,,theorem_covered,True,50abda1c80049d538df3a015d1baa6648833f4cc383f0ab443c68eb5f4fcc822,success,success,success,success
inference_diagnostic,aa152561964a7ec3,dgp1_N50_T50_r2026080903_truth1-1-1,1,50,50,2026080903,selected_rank,B_G2_time_average,target_unsupported_selected_rank,0.0,False,0,,False,,,,,,,,True,False,0.0,,,0.0,0.9803834109917404,,,theorem_covered,True,50abda1c80049d538df3a015d1baa6648833f4cc383f0ab443c68eb5f4fcc822,success,success,success,success
inference_diagnostic,aa152561964a7ec3,dgp1_N50_T50_r2026080903_truth1-1-1,1,50,50,2026080903,selected_rank,B_G2_minus_G1_time_average,target_unsupported_selected_rank,0.0,False,0,,False,,,,,,,,True,False,0.0,,,0.0,0.9644876662966004,,,theorem_covered,True,50abda1c80049d538df3a015d1baa6648833f4cc383f0ab443c68eb5f4fcc822,success,success,success,success
inference_diagnostic,aa152561964a7ec3,dgp2_N100_T100_r2026080901_truth1-1-1,2,100,100,2026080901,selected_rank,A_entry,target_unsupported_selected_rank,0.0,False,0,,False,,,,,,,,True,False,0.0,,,0.0,0.13565138699741225,1.002799542738515,0.8458121369352678,theorem_covered,True,89b436ff088e3db170c71557a6747ec0b46816dddf63465885f49ccb83212b2c,,,,
inference_diagnostic,aa152561964a7ec3,dgp2_N100_T100_r2026080901_truth1-1-1,2,100,100,2026080901,selected_rank,B_entry,target_unsupported_selected_rank,0.0,False,0,,False,,,,,,,,True,False,0.0,,,0.0,0.1278712299012157,1.2305488987640008,0.4095965304761034,theorem_covered,True,89b436ff088e3db170c71557a6747ec0b46816dddf63465885f49ccb83212b2c,,,,
inference_diagnostic,aa152561964a7ec3,dgp2_N100_T100_r2026080901_truth1-1-1,2,100,100,2026080901,selected_rank,A_fixed_time_mean,target_unsupported_selected_rank,0.0,False,0,,False,,,,,,,,True,False,0.0,,,0.0,0.9957168472766285,,,theorem_covered,True,89b436ff088e3db170c71557a6747ec0b46816dddf63465885f49ccb83212b2c,,,,
inference_diagnostic,aa152561964a7ec3,dgp2_N100_T100_r2026080901_truth1-1-1,2,100,100,2026080901,selected_rank,B_fixed_time_mean,target_unsupported_selected_rank,0.0,False,0,,False,,,,,,,,True,False,0.0,,,0.0,0.9221795991564161,,,theorem_covered,True,89b436ff088e3db170c71557a6747ec0b46816dddf63465885f49ccb83212b2c,,,,
inference_diagnostic,aa152561964a7ec3,dgp2_N100_T100_r2026080901_truth1-1-1,2,100,100,2026080901,selected_rank,A_full_mean,target_unsupported_selected_rank,0.0,False,0,,False,,,,,,,,True,False,0.0,,,0.0,0.999825642692739,,,theorem_covered,True,89b436ff088e3db170c71557a6747ec0b46816dddf63465885f49ccb83212b2c,success,success,success,success
inference_diagnostic,aa152561964a7ec3,dgp2_N100_T100_r2026080901_truth1-1-1,2,100,100,2026080901,selected_rank,B_full_mean,target_unsupported_selected_rank,0.0,False,0,,False,,,,,,,,True,False,0.0,,,0.0,0.9955618910378499,,,theorem_covered,True,89b436ff088e3db170c71557a6747ec0b46816dddf63465885f49ccb83212b2c,success,success,success,success
inference_diagnostic,aa152561964a7ec3,dgp2_N100_T100_r2026080901_truth1-1-1,2,100,100,2026080901,selected_rank,A_G1_fixed_time,target_unsupported_selected_rank,0.0,False,0,,False,,,,,,,,True,False,0.0,,,0.0,0.6987528872385137,,,theorem_covered,True,89b436ff088e3db170c71557a6747ec0b46816dddf63465885f49ccb83212b2c,,,,
inference_diagnostic,aa152561964a7ec3,dgp2_N100_T100_r2026080901_truth1-1-1,2,100,100,2026080901,selected_rank,A_G2_fixed_time,target_unsupported_selected_rank,0.0,False,0,,False,,,,,,,,True,False,0.0,,,0.0,0.7153988343541652,,,theorem_covered,True,89b436ff088e3db170c71557a6747ec0b46816dddf63465885f49ccb83212b2c,,,,
inference_diagnostic,aa152561964a7ec3,dgp2_N100_T100_r2026080901_truth1-1-1,2,100,100,2026080901,selected_rank,A_G2_minus_G1_fixed_time,target_unsupported_selected_rank,0.0,False,0,,False,,,,,,,,True,False,0.0,,,0.0,0.09273106097176348,,,weak_target_stress_outside_assumption9,False,89b436ff088e3db170c71557a6747ec0b46816dddf63465885f49ccb83212b2c,,,,
inference_diagnostic,aa152561964a7ec3,dgp2_N100_T100_r2026080901_truth1-1-1,2,100,100,2026080901,selected_rank,A_G1_time_average,target_unsupported_selected_rank,0.0,False,0,,False,,,,,,,,True,False,0.0,,,0.0,0.9895075402005564,,,theorem_covered,True,89b436ff088e3db170c71557a6747ec0b46816dddf63465885f49ccb83212b2c,success,success,success,success
inference_diagnostic,aa152561964a7ec3,dgp2_N100_T100_r2026080901_truth1-1-1,2,100,100,2026080901,selected_rank,A_G2_time_average,target_unsupported_selected_rank,0.0,False,0,,False,,,,,,,,True,False,0.0,,,0.0,0.9899926262409146,,,theorem_covered,True,89b436ff088e3db170c71557a6747ec0b46816dddf63465885f49ccb83212b2c,success,success,success,success
inference_diagnostic,aa152561964a7ec3,dgp2_N100_T100_r2026080901_truth1-1-1,2,100,100,2026080901,selected_rank,A_G2_minus_G1_time_average,target_unsupported_selected_rank,0.0,False,0,,False,,,,,,,,True,False,0.0,,,0.0,0.9795709552345829,,,theorem_covered,True,89b436ff088e3db170c71557a6747ec0b46816dddf63465885f49ccb83212b2c,success,success,success,success
inference_diagnostic,aa152561964a7ec3,dgp2_N100_T100_r2026080901_truth1-1-1,2,100,100,2026080901,selected_rank,B_G1_fixed_time,target_unsupported_selected_rank,0.0,False,0,,False,,,,,,,,True,False,0.0,,,0.0,0.6895652610822116,,,theorem_covered,True,89b436ff088e3db170c71557a6747ec0b46816dddf63465885f49ccb83212b2c,,,,
inference_diagnostic,aa152561964a7ec3,dgp2_N100_T100_r2026080901_truth1-1-1,2,100,100,2026080901,selected_rank,B_G2_fixed_time,target_unsupported_selected_rank,0.0,False,0,,False,,,,,,,,True,False,0.0,,,0.0,0.6177497090189091,,,theorem_covered,True,89b436ff088e3db170c71557a6747ec0b46816dddf63465885f49ccb83212b2c,,,,
inference_diagnostic,aa152561964a7ec3,dgp2_N100_T100_r2026080901_truth1-1-1,2,100,100,2026080901,selected_rank,B_G2_minus_G1_fixed_time,target_unsupported_selected_rank,0.0,False,0,,False,,,,,,,,True,False,0.0,,,0.0,0.08185193451615745,,,weak_target_stress_outside_assumption9,False,89b436ff088e3db170c71557a6747ec0b46816dddf63465885f49ccb83212b2c,,,,
inference_diagnostic,aa152561964a7ec3,dgp2_N100_T100_r2026080901_truth1-1-1,2,100,100,2026080901,selected_rank,B_G1_time_average,target_unsupported_selected_rank,0.0,False,0,,False,,,,,,,,True,False,0.0,,,0.0,0.9843504211857704,,,theorem_covered,True,89b436ff088e3db170c71557a6747ec0b46816dddf63465885f49ccb83212b2c,success,success,success,success
inference_diagnostic,aa152561964a7ec3,dgp2_N100_T100_r2026080901_truth1-1-1,2,100,100,2026080901,selected_rank,B_G2_time_average,target_unsupported_selected_rank,0.0,False,0,,False,,,,,,,,True,False,0.0,,,0.0,0.9815228147412749,,,theorem_covered,True,89b436ff088e3db170c71557a6747ec0b46816dddf63465885f49ccb83212b2c,success,success,success,success
inference_diagnostic,aa152561964a7ec3,dgp2_N100_T100_r2026080901_truth1-1-1,2,100,100,2026080901,selected_rank,B_G2_minus_G1_time_average,target_unsupported_selected_rank,0.0,False,0,,False,,,,,,,,True,False,0.0,,,0.0,0.9701491167131898,,,theorem_covered,True,89b436ff088e3db170c71557a6747ec0b46816dddf63465885f49ccb83212b2c,success,success,success,success
inference_diagnostic,aa152561964a7ec3,dgp2_N100_T100_r2026080902_truth1-1-1,2,100,100,2026080902,selected_rank,A_entry,target_unsupported_selected_rank,0.0,False,0,,False,,,,,,,,True,False,0.0,,,0.0,0.1474674520974684,1.2702546103499024,0.9160464547868877,theorem_covered,True,ca44543ebacdd9afb9acc517f205e8cb8058b6cb3882ce8df82962eab9b0f076,,,,
inference_diagnostic,aa152561964a7ec3,dgp2_N100_T100_r2026080902_truth1-1-1,2,100,100,2026080902,selected_rank,B_entry,target_unsupported_selected_rank,0.0,False,0,,False,,,,,,,,True,False,0.0,,,0.0,0.10804708002483296,0.12921331743091807,1.039547066008593,theorem_covered,True,ca44543ebacdd9afb9acc517f205e8cb8058b6cb3882ce8df82962eab9b0f076,,,,
inference_diagnostic,aa152561964a7ec3,dgp2_N100_T100_r2026080902_truth1-1-1,2,100,100,2026080902,selected_rank,A_fixed_time_mean,target_unsupported_selected_rank,0.0,False,0,,False,,,,,,,,True,False,0.0,,,0.0,0.9945907984451088,,,theorem_covered,True,ca44543ebacdd9afb9acc517f205e8cb8058b6cb3882ce8df82962eab9b0f076,,,,
inference_diagnostic,aa152561964a7ec3,dgp2_N100_T100_r2026080902_truth1-1-1,2,100,100,2026080902,selected_rank,B_fixed_time_mean,target_unsupported_selected_rank,0.0,False,0,,False,,,,,,,,True,False,0.0,,,0.0,0.9305578499295161,,,theorem_covered,True,ca44543ebacdd9afb9acc517f205e8cb8058b6cb3882ce8df82962eab9b0f076,,,,
inference_diagnostic,aa152561964a7ec3,dgp2_N100_T100_r2026080902_truth1-1-1,2,100,100,2026080902,selected_rank,A_full_mean,target_unsupported_selected_rank,0.0,False,0,,False,,,,,,,,True,False,0.0,,,0.0,0.999774265083284,,,theorem_covered,True,ca44543ebacdd9afb9acc517f205e8cb8058b6cb3882ce8df82962eab9b0f076,success,success,success,success
inference_diagnostic,aa152561964a7ec3,dgp2_N100_T100_r2026080902_truth1-1-1,2,100,100,2026080902,selected_rank,B_full_mean,target_unsupported_selected_rank,0.0,False,0,,False,,,,,,,,True,False,0.0,,,0.0,0.9972772135117344,,,theorem_covered,True,ca44543ebacdd9afb9acc517f205e8cb8058b6cb3882ce8df82962eab9b0f076,success,success,success,success
inference_diagnostic,aa152561964a7ec3,dgp2_N100_T100_r2026080902_truth1-1-1,2,100,100,2026080902,selected_rank,A_G1_fixed_time,target_unsupported_selected_rank,0.0,False,0,,False,,,,,,,,True,False,0.0,,,0.0,0.723872659601308,,,theorem_covered,True,ca44543ebacdd9afb9acc517f205e8cb8058b6cb3882ce8df82962eab9b0f076,,,,
inference_diagnostic,aa152561964a7ec3,dgp2_N100_T100_r2026080902_truth1-1-1,2,100,100,2026080902,selected_rank,A_G2_fixed_time,target_unsupported_selected_rank,0.0,False,0,,False,,,,,,,,True,False,0.0,,,0.0,0.6891967419000008,,,theorem_covered,True,ca44543ebacdd9afb9acc517f205e8cb8058b6cb3882ce8df82962eab9b0f076,,,,
inference_diagnostic,aa152561964a7ec3,dgp2_N100_T100_r2026080902_truth1-1-1,2,100,100,2026080902,selected_rank,A_G2_minus_G1_fixed_time,target_unsupported_selected_rank,0.0,False,0,,False,,,,,,,,True,False,0.0,,,0.0,0.09885808015619332,,,weak_target_stress_outside_assumption9,False,ca44543ebacdd9afb9acc517f205e8cb8058b6cb3882ce8df82962eab9b0f076,,,,
inference_diagnostic,aa152561964a7ec3,dgp2_N100_T100_r2026080902_truth1-1-1,2,100,100,2026080902,selected_rank,A_G1_time_average,target_unsupported_selected_rank,0.0,False,0,,False,,,,,,,,True,False,0.0,,,0.0,0.989991798374925,,,theorem_covered,True,ca44543ebacdd9afb9acc517f205e8cb8058b6cb3882ce8df82962eab9b0f076,success,success,success,success
inference_diagnostic,aa152561964a7ec3,dgp2_N100_T100_r2026080902_truth1-1-1,2,100,100,2026080902,selected_rank,A_G2_time_average,target_unsupported_selected_rank,0.0,False,0,,False,,,,,,,,True,False,0.0,,,0.0,0.9889558218906713,,,theorem_covered,True,ca44543ebacdd9afb9acc517f205e8cb8058b6cb3882ce8df82962eab9b0f076,success,success,success,success
inference_diagnostic,aa152561964a7ec3,dgp2_N100_T100_r2026080902_truth1-1-1,2,100,100,2026080902,selected_rank,A_G2_minus_G1_time_average,target_unsupported_selected_rank,0.0,False,0,,False,,,,,,,,True,False,0.0,,,0.0,0.9790652671697911,,,theorem_covered,True,ca44543ebacdd9afb9acc517f205e8cb8058b6cb3882ce8df82962eab9b0f076,success,success,success,success
inference_diagnostic,aa152561964a7ec3,dgp2_N100_T100_r2026080902_truth1-1-1,2,100,100,2026080902,selected_rank,B_G1_fixed_time,target_unsupported_selected_rank,0.0,False,0,,False,,,,,,,,True,False,0.0,,,0.0,0.6116175346960346,,,theorem_covered,True,ca44543ebacdd9afb9acc517f205e8cb8058b6cb3882ce8df82962eab9b0f076,,,,
inference_diagnostic,aa152561964a7ec3,dgp2_N100_T100_r2026080902_truth1-1-1,2,100,100,2026080902,selected_rank,B_G2_fixed_time,target_unsupported_selected_rank,0.0,False,0,,False,,,,,,,,True,False,0.0,,,0.0,0.7123593800273553,,,theorem_covered,True,ca44543ebacdd9afb9acc517f205e8cb8058b6cb3882ce8df82962eab9b0f076,,,,
inference_diagnostic,aa152561964a7ec3,dgp2_N100_T100_r2026080902_truth1-1-1,2,100,100,2026080902,selected_rank,B_G2_minus_G1_fixed_time,target_unsupported_selected_rank,0.0,False,0,,False,,,,,,,,True,False,0.0,,,0.0,0.12487587034799864,,,weak_target_stress_outside_assumption9,False,ca44543ebacdd9afb9acc517f205e8cb8058b6cb3882ce8df82962eab9b0f076,,,,
inference_diagnostic,aa152561964a7ec3,dgp2_N100_T100_r2026080902_truth1-1-1,2,100,100,2026080902,selected_rank,B_G1_time_average,target_unsupported_selected_rank,0.0,False,0,,False,,,,,,,,True,False,0.0,,,0.0,0.9872232353028483,,,theorem_covered,True,ca44543ebacdd9afb9acc517f205e8cb8058b6cb3882ce8df82962eab9b0f076,success,success,success,success
inference_diagnostic,aa152561964a7ec3,dgp2_N100_T100_r2026080902_truth1-1-1,2,100,100,2026080902,selected_rank,B_G2_time_average,target_unsupported_selected_rank,0.0,False,0,,False,,,,,,,,True,False,0.0,,,0.0,0.9899596972708276,,,theorem_covered,True,ca44543ebacdd9afb9acc517f205e8cb8058b6cb3882ce8df82962eab9b0f076,success,success,success,success
inference_diagnostic,aa152561964a7ec3,dgp2_N100_T100_r2026080902_truth1-1-1,2,100,100,2026080902,selected_rank,B_G2_minus_G1_time_average,target_unsupported_selected_rank,0.0,False,0,,False,,,,,,,,True,False,0.0,,,0.0,0.9798306373821168,,,theorem_covered,True,ca44543ebacdd9afb9acc517f205e8cb8058b6cb3882ce8df82962eab9b0f076,success,success,success,success
inference_diagnostic,aa152561964a7ec3,dgp2_N100_T100_r2026080903_truth1-1-1,2,100,100,2026080903,selected_rank,A_entry,target_unsupported_selected_rank,0.0,False,0,,False,,,,,,,,True,False,0.0,,,0.0,0.13027642798593994,0.670271051340982,1.0338533371689635,theorem_covered,True,d5082ca34e305dd1ab505018ff4dd26c78850bb6eb8c0c662881e45b0907d214,,,,
inference_diagnostic,aa152561964a7ec3,dgp2_N100_T100_r2026080903_truth1-1-1,2,100,100,2026080903,selected_rank,B_entry,target_unsupported_selected_rank,0.0,False,0,,False,,,,,,,,True,False,0.0,,,0.0,0.10949702234424995,0.11131143569572959,1.0888603806524135,theorem_covered,True,d5082ca34e305dd1ab505018ff4dd26c78850bb6eb8c0c662881e45b0907d214,,,,
inference_diagnostic,aa152561964a7ec3,dgp2_N100_T100_r2026080903_truth1-1-1,2,100,100,2026080903,selected_rank,A_fixed_time_mean,target_unsupported_selected_rank,0.0,False,0,,False,,,,,,,,True,False,0.0,,,0.0,0.9947671360633478,,,theorem_covered,True,d5082ca34e305dd1ab505018ff4dd26c78850bb6eb8c0c662881e45b0907d214,,,,
inference_diagnostic,aa152561964a7ec3,dgp2_N100_T100_r2026080903_truth1-1-1,2,100,100,2026080903,selected_rank,B_fixed_time_mean,target_unsupported_selected_rank,0.0,False,0,,False,,,,,,,,True,False,0.0,,,0.0,0.9250949973399749,,,theorem_covered,True,d5082ca34e305dd1ab505018ff4dd26c78850bb6eb8c0c662881e45b0907d214,,,,
inference_diagnostic,aa152561964a7ec3,dgp2_N100_T100_r2026080903_truth1-1-1,2,100,100,2026080903,selected_rank,A_full_mean,target_unsupported_selected_rank,0.0,False,0,,False,,,,,,,,True,False,0.0,,,0.0,0.9997937631826284,,,theorem_covered,True,d5082ca34e305dd1ab505018ff4dd26c78850bb6eb8c0c662881e45b0907d214,success,success,success,success
inference_diagnostic,aa152561964a7ec3,dgp2_N100_T100_r2026080903_truth1-1-1,2,100,100,2026080903,selected_rank,B_full_mean,target_unsupported_selected_rank,0.0,False,0,,False,,,,,,,,True,False,0.0,,,0.0,0.9961312616904343,,,theorem_covered,True,d5082ca34e305dd1ab505018ff4dd26c78850bb6eb8c0c662881e45b0907d214,success,success,success,success
inference_diagnostic,aa152561964a7ec3,dgp2_N100_T100_r2026080903_truth1-1-1,2,100,100,2026080903,selected_rank,A_G1_fixed_time,target_unsupported_selected_rank,0.0,False,0,,False,,,,,,,,True,False,0.0,,,0.0,0.7100219877733597,,,theorem_covered,True,d5082ca34e305dd1ab505018ff4dd26c78850bb6eb8c0c662881e45b0907d214,,,,
inference_diagnostic,aa152561964a7ec3,dgp2_N100_T100_r2026080903_truth1-1-1,2,100,100,2026080903,selected_rank,A_G2_fixed_time,target_unsupported_selected_rank,0.0,False,0,,False,,,,,,,,True,False,0.0,,,0.0,0.704121255311603,,,theorem_covered,True,d5082ca34e305dd1ab505018ff4dd26c78850bb6eb8c0c662881e45b0907d214,,,,
inference_diagnostic,aa152561964a7ec3,dgp2_N100_T100_r2026080903_truth1-1-1,2,100,100,2026080903,selected_rank,A_G2_minus_G1_fixed_time,target_unsupported_selected_rank,0.0,False,0,,False,,,,,,,,True,False,0.0,,,0.0,0.10176595851043076,,,weak_target_stress_outside_assumption9,False,d5082ca34e305dd1ab505018ff4dd26c78850bb6eb8c0c662881e45b0907d214,,,,
inference_diagnostic,aa152561964a7ec3,dgp2_N100_T100_r2026080903_truth1-1-1,2,100,100,2026080903,selected_rank,A_G1_time_average,target_unsupported_selected_rank,0.0,False,0,,False,,,,,,,,True,False,0.0,,,0.0,0.9901553667495413,,,theorem_covered,True,d5082ca34e305dd1ab505018ff4dd26c78850bb6eb8c0c662881e45b0907d214,success,success,success,success
inference_diagnostic,aa152561964a7ec3,dgp2_N100_T100_r2026080903_truth1-1-1,2,100,100,2026080903,selected_rank,A_G2_time_average,target_unsupported_selected_rank,0.0,False,0,,False,,,,,,,,True,False,0.0,,,0.0,0.9899888636728572,,,theorem_covered,True,d5082ca34e305dd1ab505018ff4dd26c78850bb6eb8c0c662881e45b0907d214,success,success,success,success
inference_diagnostic,aa152561964a7ec3,dgp2_N100_T100_r2026080903_truth1-1-1,2,100,100,2026080903,selected_rank,A_G2_minus_G1_time_average,target_unsupported_selected_rank,0.0,False,0,,False,,,,,,,,True,False,0.0,,,0.0,0.9802540648221332,,,theorem_covered,True,d5082ca34e305dd1ab505018ff4dd26c78850bb6eb8c0c662881e45b0907d214,success,success,success,success
inference_diagnostic,aa152561964a7ec3,dgp2_N100_T100_r2026080903_truth1-1-1,2,100,100,2026080903,selected_rank,B_G1_fixed_time,target_unsupported_selected_rank,0.0,False,0,,False,,,,,,,,True,False,0.0,,,0.0,0.6401488481819922,,,theorem_covered,True,d5082ca34e305dd1ab505018ff4dd26c78850bb6eb8c0c662881e45b0907d214,,,,
inference_diagnostic,aa152561964a7ec3,dgp2_N100_T100_r2026080903_truth1-1-1,2,100,100,2026080903,selected_rank,B_G2_fixed_time,target_unsupported_selected_rank,0.0,False,0,,False,,,,,,,,True,False,0.0,,,0.0,0.6764424677541409,,,theorem_covered,True,d5082ca34e305dd1ab505018ff4dd26c78850bb6eb8c0c662881e45b0907d214,,,,
inference_diagnostic,aa152561964a7ec3,dgp2_N100_T100_r2026080903_truth1-1-1,2,100,100,2026080903,selected_rank,B_G2_minus_G1_fixed_time,target_unsupported_selected_rank,0.0,False,0,,False,,,,,,,,True,False,0.0,,,0.0,0.1075369978500216,,,weak_target_stress_outside_assumption9,False,d5082ca34e305dd1ab505018ff4dd26c78850bb6eb8c0c662881e45b0907d214,,,,
inference_diagnostic,aa152561964a7ec3,dgp2_N100_T100_r2026080903_truth1-1-1,2,100,100,2026080903,selected_rank,B_G1_time_average,target_unsupported_selected_rank,0.0,False,0,,False,,,,,,,,True,False,0.0,,,0.0,0.9840689329813623,,,theorem_covered,True,d5082ca34e305dd1ab505018ff4dd26c78850bb6eb8c0c662881e45b0907d214,success,success,success,success
inference_diagnostic,aa152561964a7ec3,dgp2_N100_T100_r2026080903_truth1-1-1,2,100,100,2026080903,selected_rank,B_G2_time_average,target_unsupported_selected_rank,0.0,False,0,,False,,,,,,,,True,False,0.0,,,0.0,0.9853683082126189,,,theorem_covered,True,d5082ca34e305dd1ab505018ff4dd26c78850bb6eb8c0c662881e45b0907d214,success,success,success,success
inference_diagnostic,aa152561964a7ec3,dgp2_N100_T100_r2026080903_truth1-1-1,2,100,100,2026080903,selected_rank,B_G2_minus_G1_time_average,target_unsupported_selected_rank,0.0,False,0,,False,,,,,,,,True,False,0.0,,,0.0,0.9731725834464833,,,theorem_covered,True,d5082ca34e305dd1ab505018ff4dd26c78850bb6eb8c0c662881e45b0907d214,success,success,success,success
inference_diagnostic,aa152561964a7ec3,dgp2_N50_T50_r2026080901_truth1-1-1,2,50,50,2026080901,selected_rank,A_entry,target_unsupported_selected_rank,0.0,False,0,,False,,,,,,,,True,False,0.0,,,0.0,0.1543083903540224,0.676038509128541,0.5215674511962609,theorem_covered,True,244e54fe799756ca474dab7ee5c3d5587ef67c6a73ac6b4a4bbf1ad2639de3d1,,,,
inference_diagnostic,aa152561964a7ec3,dgp2_N50_T50_r2026080901_truth1-1-1,2,50,50,2026080901,selected_rank,B_entry,target_unsupported_selected_rank,0.0,False,0,,False,,,,,,,,True,False,0.0,,,0.0,0.16578701805205104,0.6795991348502213,0.7042396459617907,theorem_covered,True,244e54fe799756ca474dab7ee5c3d5587ef67c6a73ac6b4a4bbf1ad2639de3d1,,,,
inference_diagnostic,aa152561964a7ec3,dgp2_N50_T50_r2026080901_truth1-1-1,2,50,50,2026080901,selected_rank,A_fixed_time_mean,target_unsupported_selected_rank,0.0,False,0,,False,,,,,,,,True,False,0.0,,,0.0,0.9951983735645885,,,theorem_covered,True,244e54fe799756ca474dab7ee5c3d5587ef67c6a73ac6b4a4bbf1ad2639de3d1,,,,
inference_diagnostic,aa152561964a7ec3,dgp2_N50_T50_r2026080901_truth1-1-1,2,50,50,2026080901,selected_rank,B_fixed_time_mean,target_unsupported_selected_rank,0.0,False,0,,False,,,,,,,,True,False,0.0,,,0.0,0.938142657261973,,,theorem_covered,True,244e54fe799756ca474dab7ee5c3d5587ef67c6a73ac6b4a4bbf1ad2639de3d1,,,,
inference_diagnostic,aa152561964a7ec3,dgp2_N50_T50_r2026080901_truth1-1-1,2,50,50,2026080901,selected_rank,A_full_mean,target_unsupported_selected_rank,0.0,False,0,,False,,,,,,,,True,False,0.0,,,0.0,0.9998038543660662,,,theorem_covered,True,244e54fe799756ca474dab7ee5c3d5587ef67c6a73ac6b4a4bbf1ad2639de3d1,success,success,success,success
inference_diagnostic,aa152561964a7ec3,dgp2_N50_T50_r2026080901_truth1-1-1,2,50,50,2026080901,selected_rank,B_full_mean,target_unsupported_selected_rank,0.0,False,0,,False,,,,,,,,True,False,0.0,,,0.0,0.996079399843018,,,theorem_covered,True,244e54fe799756ca474dab7ee5c3d5587ef67c6a73ac6b4a4bbf1ad2639de3d1,success,success,success,success
inference_diagnostic,aa152561964a7ec3,dgp2_N50_T50_r2026080901_truth1-1-1,2,50,50,2026080901,selected_rank,A_G1_fixed_time,target_unsupported_selected_rank,0.0,False,0,,False,,,,,,,,True,False,0.0,,,0.0,0.7028170865448287,,,theorem_covered,True,244e54fe799756ca474dab7ee5c3d5587ef67c6a73ac6b4a4bbf1ad2639de3d1,,,,
inference_diagnostic,aa152561964a7ec3,dgp2_N50_T50_r2026080901_truth1-1-1,2,50,50,2026080901,selected_rank,A_G2_fixed_time,target_unsupported_selected_rank,0.0,False,0,,False,,,,,,,,True,False,0.0,,,0.0,0.7119988372954414,,,theorem_covered,True,244e54fe799756ca474dab7ee5c3d5587ef67c6a73ac6b4a4bbf1ad2639de3d1,,,,
inference_diagnostic,aa152561964a7ec3,dgp2_N50_T50_r2026080901_truth1-1-1,2,50,50,2026080901,selected_rank,A_G2_minus_G1_fixed_time,target_unsupported_selected_rank,0.0,False,0,,False,,,,,,,,True,False,0.0,,,0.0,0.10234450988606918,,,weak_target_stress_outside_assumption9,False,244e54fe799756ca474dab7ee5c3d5587ef67c6a73ac6b4a4bbf1ad2639de3d1,,,,
inference_diagnostic,aa152561964a7ec3,dgp2_N50_T50_r2026080901_truth1-1-1,2,50,50,2026080901,selected_rank,A_G1_time_average,target_unsupported_selected_rank,0.0,False,0,,False,,,,,,,,True,False,0.0,,,0.0,0.9895859242823148,,,theorem_covered,True,244e54fe799756ca474dab7ee5c3d5587ef67c6a73ac6b4a4bbf1ad2639de3d1,success,success,success,success
inference_diagnostic,aa152561964a7ec3,dgp2_N50_T50_r2026080901_truth1-1-1,2,50,50,2026080901,selected_rank,A_G2_time_average,target_unsupported_selected_rank,0.0,False,0,,False,,,,,,,,True,False,0.0,,,0.0,0.9898546285537926,,,theorem_covered,True,244e54fe799756ca474dab7ee5c3d5587ef67c6a73ac6b4a4bbf1ad2639de3d1,success,success,success,success
inference_diagnostic,aa152561964a7ec3,dgp2_N50_T50_r2026080901_truth1-1-1,2,50,50,2026080901,selected_rank,A_G2_minus_G1_time_average,target_unsupported_selected_rank,0.0,False,0,,False,,,,,,,,True,False,0.0,,,0.0,0.9795329193048159,,,theorem_covered,True,244e54fe799756ca474dab7ee5c3d5587ef67c6a73ac6b4a4bbf1ad2639de3d1,success,success,success,success
inference_diagnostic,aa152561964a7ec3,dgp2_N50_T50_r2026080901_truth1-1-1,2,50,50,2026080901,selected_rank,B_G1_fixed_time,target_unsupported_selected_rank,0.0,False,0,,False,,,,,,,,True,False,0.0,,,0.0,0.721583195904095,,,theorem_covered,True,244e54fe799756ca474dab7ee5c3d5587ef67c6a73ac6b4a4bbf1ad2639de3d1,,,,
inference_diagnostic,aa152561964a7ec3,dgp2_N50_T50_r2026080901_truth1-1-1,2,50,50,2026080901,selected_rank,B_G2_fixed_time,target_unsupported_selected_rank,0.0,False,0,,False,,,,,,,,True,False,0.0,,,0.0,0.615861680605628,,,theorem_covered,True,244e54fe799756ca474dab7ee5c3d5587ef67c6a73ac6b4a4bbf1ad2639de3d1,,,,
inference_diagnostic,aa152561964a7ec3,dgp2_N50_T50_r2026080901_truth1-1-1,2,50,50,2026080901,selected_rank,B_G2_minus_G1_fixed_time,target_unsupported_selected_rank,0.0,False,0,,False,,,,,,,,True,False,0.0,,,0.0,0.14091228787795726,,,weak_target_stress_outside_assumption9,False,244e54fe799756ca474dab7ee5c3d5587ef67c6a73ac6b4a4bbf1ad2639de3d1,,,,
inference_diagnostic,aa152561964a7ec3,dgp2_N50_T50_r2026080901_truth1-1-1,2,50,50,2026080901,selected_rank,B_G1_time_average,target_unsupported_selected_rank,0.0,False,0,,False,,,,,,,,True,False,0.0,,,0.0,0.9842317158492514,,,theorem_covered,True,244e54fe799756ca474dab7ee5c3d5587ef67c6a73ac6b4a4bbf1ad2639de3d1,success,success,success,success
inference_diagnostic,aa152561964a7ec3,dgp2_N50_T50_r2026080901_truth1-1-1,2,50,50,2026080901,selected_rank,B_G2_time_average,target_unsupported_selected_rank,0.0,False,0,,False,,,,,,,,True,False,0.0,,,0.0,0.9795316549927459,,,theorem_covered,True,244e54fe799756ca474dab7ee5c3d5587ef67c6a73ac6b4a4bbf1ad2639de3d1,success,success,success,success
inference_diagnostic,aa152561964a7ec3,dgp2_N50_T50_r2026080901_truth1-1-1,2,50,50,2026080901,selected_rank,B_G2_minus_G1_time_average,target_unsupported_selected_rank,0.0,False,0,,False,,,,,,,,True,False,0.0,,,0.0,0.967481350117288,,,theorem_covered,True,244e54fe799756ca474dab7ee5c3d5587ef67c6a73ac6b4a4bbf1ad2639de3d1,success,success,success,success
inference_diagnostic,aa152561964a7ec3,dgp2_N50_T50_r2026080902_truth1-1-1,2,50,50,2026080902,selected_rank,A_entry,target_unsupported_selected_rank,0.0,False,0,,False,,,,,,,,True,False,0.0,,,0.0,0.21648529281492204,0.8533371548158593,1.515827178475728,theorem_covered,True,1760e0465df259db4ac92b00b7897e691f1e22bf226ba1dffe06061fb9b250b3,,,,
inference_diagnostic,aa152561964a7ec3,dgp2_N50_T50_r2026080902_truth1-1-1,2,50,50,2026080902,selected_rank,B_entry,target_unsupported_selected_rank,0.0,False,0,,False,,,,,,,,True,False,0.0,,,0.0,0.16166798628967927,0.6130537938446736,0.7023850926187203,theorem_covered,True,1760e0465df259db4ac92b00b7897e691f1e22bf226ba1dffe06061fb9b250b3,,,,
inference_diagnostic,aa152561964a7ec3,dgp2_N50_T50_r2026080902_truth1-1-1,2,50,50,2026080902,selected_rank,A_fixed_time_mean,target_unsupported_selected_rank,0.0,False,0,,False,,,,,,,,True,False,0.0,,,0.0,0.9955810422662063,,,theorem_covered,True,1760e0465df259db4ac92b00b7897e691f1e22bf226ba1dffe06061fb9b250b3,,,,
inference_diagnostic,aa152561964a7ec3,dgp2_N50_T50_r2026080902_truth1-1-1,2,50,50,2026080902,selected_rank,B_fixed_time_mean,target_unsupported_selected_rank,0.0,False,0,,False,,,,,,,,True,False,0.0,,,0.0,0.9395870536493248,,,theorem_covered,True,1760e0465df259db4ac92b00b7897e691f1e22bf226ba1dffe06061fb9b250b3,,,,
inference_diagnostic,aa152561964a7ec3,dgp2_N50_T50_r2026080902_truth1-1-1,2,50,50,2026080902,selected_rank,A_full_mean,target_unsupported_selected_rank,0.0,False,0,,False,,,,,,,,True,False,0.0,,,0.0,0.9998236928114625,,,theorem_covered,True,1760e0465df259db4ac92b00b7897e691f1e22bf226ba1dffe06061fb9b250b3,success,success,success,success
inference_diagnostic,aa152561964a7ec3,dgp2_N50_T50_r2026080902_truth1-1-1,2,50,50,2026080902,selected_rank,B_full_mean,target_unsupported_selected_rank,0.0,False,0,,False,,,,,,,,True,False,0.0,,,0.0,0.9969254690265039,,,theorem_covered,True,1760e0465df259db4ac92b00b7897e691f1e22bf226ba1dffe06061fb9b250b3,success,success,success,success
inference_diagnostic,aa152561964a7ec3,dgp2_N50_T50_r2026080902_truth1-1-1,2,50,50,2026080902,selected_rank,A_G1_fixed_time,target_unsupported_selected_rank,0.0,False,0,,False,,,,,,,,True,False,0.0,,,0.0,0.7083638986616287,,,theorem_covered,True,1760e0465df259db4ac92b00b7897e691f1e22bf226ba1dffe06061fb9b250b3,,,,
inference_diagnostic,aa152561964a7ec3,dgp2_N50_T50_r2026080902_truth1-1-1,2,50,50,2026080902,selected_rank,A_G2_fixed_time,target_unsupported_selected_rank,0.0,False,0,,False,,,,,,,,True,False,0.0,,,0.0,0.7209738309806047,,,theorem_covered,True,1760e0465df259db4ac92b00b7897e691f1e22bf226ba1dffe06061fb9b250b3,,,,
inference_diagnostic,aa152561964a7ec3,dgp2_N50_T50_r2026080902_truth1-1-1,2,50,50,2026080902,selected_rank,A_G2_minus_G1_fixed_time,target_unsupported_selected_rank,0.0,False,0,,False,,,,,,,,True,False,0.0,,,0.0,0.17435901515576052,,,weak_target_stress_outside_assumption9,False,1760e0465df259db4ac92b00b7897e691f1e22bf226ba1dffe06061fb9b250b3,,,,
inference_diagnostic,aa152561964a7ec3,dgp2_N50_T50_r2026080902_truth1-1-1,2,50,50,2026080902,selected_rank,A_G1_time_average,target_unsupported_selected_rank,0.0,False,0,,False,,,,,,,,True,False,0.0,,,0.0,0.9899897866478967,,,theorem_covered,True,1760e0465df259db4ac92b00b7897e691f1e22bf226ba1dffe06061fb9b250b3,success,success,success,success
inference_diagnostic,aa152561964a7ec3,dgp2_N50_T50_r2026080902_truth1-1-1,2,50,50,2026080902,selected_rank,A_G2_time_average,target_unsupported_selected_rank,0.0,False,0,,False,,,,,,,,True,False,0.0,,,0.0,0.9903536845942187,,,theorem_covered,True,1760e0465df259db4ac92b00b7897e691f1e22bf226ba1dffe06061fb9b250b3,success,success,success,success
inference_diagnostic,aa152561964a7ec3,dgp2_N50_T50_r2026080902_truth1-1-1,2,50,50,2026080902,selected_rank,A_G2_minus_G1_time_average,target_unsupported_selected_rank,0.0,False,0,,False,,,,,,,,True,False,0.0,,,0.0,0.9804247964782163,,,theorem_covered,True,1760e0465df259db4ac92b00b7897e691f1e22bf226ba1dffe06061fb9b250b3,success,success,success,success
inference_diagnostic,aa152561964a7ec3,dgp2_N50_T50_r2026080902_truth1-1-1,2,50,50,2026080902,selected_rank,B_G1_fixed_time,target_unsupported_selected_rank,0.0,False,0,,False,,,,,,,,True,False,0.0,,,0.0,0.6450197007544687,,,theorem_covered,True,1760e0465df259db4ac92b00b7897e691f1e22bf226ba1dffe06061fb9b250b3,,,,
inference_diagnostic,aa152561964a7ec3,dgp2_N50_T50_r2026080902_truth1-1-1,2,50,50,2026080902,selected_rank,B_G2_fixed_time,target_unsupported_selected_rank,0.0,False,0,,False,,,,,,,,True,False,0.0,,,0.0,0.6943166149149747,,,theorem_covered,True,1760e0465df259db4ac92b00b7897e691f1e22bf226ba1dffe06061fb9b250b3,,,,
inference_diagnostic,aa152561964a7ec3,dgp2_N50_T50_r2026080902_truth1-1-1,2,50,50,2026080902,selected_rank,B_G2_minus_G1_fixed_time,target_unsupported_selected_rank,0.0,False,0,,False,,,,,,,,True,False,0.0,,,0.0,0.12370183799343594,,,weak_target_stress_outside_assumption9,False,1760e0465df259db4ac92b00b7897e691f1e22bf226ba1dffe06061fb9b250b3,,,,
inference_diagnostic,aa152561964a7ec3,dgp2_N50_T50_r2026080902_truth1-1-1,2,50,50,2026080902,selected_rank,B_G1_time_average,target_unsupported_selected_rank,0.0,False,0,,False,,,,,,,,True,False,0.0,,,0.0,0.984582726286815,,,theorem_covered,True,1760e0465df259db4ac92b00b7897e691f1e22bf226ba1dffe06061fb9b250b3,success,success,success,success
inference_diagnostic,aa152561964a7ec3,dgp2_N50_T50_r2026080902_truth1-1-1,2,50,50,2026080902,selected_rank,B_G2_time_average,target_unsupported_selected_rank,0.0,False,0,,False,,,,,,,,True,False,0.0,,,0.0,0.9863379871144714,,,theorem_covered,True,1760e0465df259db4ac92b00b7897e691f1e22bf226ba1dffe06061fb9b250b3,success,success,success,success
inference_diagnostic,aa152561964a7ec3,dgp2_N50_T50_r2026080902_truth1-1-1,2,50,50,2026080902,selected_rank,B_G2_minus_G1_time_average,target_unsupported_selected_rank,0.0,False,0,,False,,,,,,,,True,False,0.0,,,0.0,0.9738610675726269,,,theorem_covered,True,1760e0465df259db4ac92b00b7897e691f1e22bf226ba1dffe06061fb9b250b3,success,success,success,success
inference_diagnostic,aa152561964a7ec3,dgp2_N50_T50_r2026080903_truth1-1-1,2,50,50,2026080903,selected_rank,A_entry,target_unsupported_selected_rank,0.0,False,0,,False,,,,,,,,True,False,0.0,,,0.0,0.17385324745292105,1.141428742847391,0.37845850802974484,theorem_covered,True,8cc4270ea67da240bbc58198806195a39eb8c241af7c6706bc60f5e78d5cd05b,,,,
inference_diagnostic,aa152561964a7ec3,dgp2_N50_T50_r2026080903_truth1-1-1,2,50,50,2026080903,selected_rank,B_entry,target_unsupported_selected_rank,0.0,False,0,,False,,,,,,,,True,False,0.0,,,0.0,0.1071092127044227,0.15317254925893392,0.42173859857442,theorem_covered,True,8cc4270ea67da240bbc58198806195a39eb8c241af7c6706bc60f5e78d5cd05b,,,,
inference_diagnostic,aa152561964a7ec3,dgp2_N50_T50_r2026080903_truth1-1-1,2,50,50,2026080903,selected_rank,A_fixed_time_mean,target_unsupported_selected_rank,0.0,False,0,,False,,,,,,,,True,False,0.0,,,0.0,0.9957479310262312,,,theorem_covered,True,8cc4270ea67da240bbc58198806195a39eb8c241af7c6706bc60f5e78d5cd05b,,,,
inference_diagnostic,aa152561964a7ec3,dgp2_N50_T50_r2026080903_truth1-1-1,2,50,50,2026080903,selected_rank,B_fixed_time_mean,target_unsupported_selected_rank,0.0,False,0,,False,,,,,,,,True,False,0.0,,,0.0,0.947731642334851,,,theorem_covered,True,8cc4270ea67da240bbc58198806195a39eb8c241af7c6706bc60f5e78d5cd05b,,,,
inference_diagnostic,aa152561964a7ec3,dgp2_N50_T50_r2026080903_truth1-1-1,2,50,50,2026080903,selected_rank,A_full_mean,target_unsupported_selected_rank,0.0,False,0,,False,,,,,,,,True,False,0.0,,,0.0,0.9998198123247685,,,theorem_covered,True,8cc4270ea67da240bbc58198806195a39eb8c241af7c6706bc60f5e78d5cd05b,success,success,success,success
inference_diagnostic,aa152561964a7ec3,dgp2_N50_T50_r2026080903_truth1-1-1,2,50,50,2026080903,selected_rank,B_full_mean,target_unsupported_selected_rank,0.0,False,0,,False,,,,,,,,True,False,0.0,,,0.0,0.9962233420946133,,,theorem_covered,True,8cc4270ea67da240bbc58198806195a39eb8c241af7c6706bc60f5e78d5cd05b,success,success,success,success
inference_diagnostic,aa152561964a7ec3,dgp2_N50_T50_r2026080903_truth1-1-1,2,50,50,2026080903,selected_rank,A_G1_fixed_time,target_unsupported_selected_rank,0.0,False,0,,False,,,,,,,,True,False,0.0,,,0.0,0.6928064481684584,,,theorem_covered,True,8cc4270ea67da240bbc58198806195a39eb8c241af7c6706bc60f5e78d5cd05b,,,,
inference_diagnostic,aa152561964a7ec3,dgp2_N50_T50_r2026080903_truth1-1-1,2,50,50,2026080903,selected_rank,A_G2_fixed_time,target_unsupported_selected_rank,0.0,False,0,,False,,,,,,,,True,False,0.0,,,0.0,0.7207628829922015,,,theorem_covered,True,8cc4270ea67da240bbc58198806195a39eb8c241af7c6706bc60f5e78d5cd05b,,,,
inference_diagnostic,aa152561964a7ec3,dgp2_N50_T50_r2026080903_truth1-1-1,2,50,50,2026080903,selected_rank,A_G2_minus_G1_fixed_time,target_unsupported_selected_rank,0.0,False,0,,False,,,,,,,,True,False,0.0,,,0.0,0.08925226036355516,,,weak_target_stress_outside_assumption9,False,8cc4270ea67da240bbc58198806195a39eb8c241af7c6706bc60f5e78d5cd05b,,,,
inference_diagnostic,aa152561964a7ec3,dgp2_N50_T50_r2026080903_truth1-1-1,2,50,50,2026080903,selected_rank,A_G1_time_average,target_unsupported_selected_rank,0.0,False,0,,False,,,,,,,,True,False,0.0,,,0.0,0.9888975982905606,,,theorem_covered,True,8cc4270ea67da240bbc58198806195a39eb8c241af7c6706bc60f5e78d5cd05b,success,success,success,success
inference_diagnostic,aa152561964a7ec3,dgp2_N50_T50_r2026080903_truth1-1-1,2,50,50,2026080903,selected_rank,A_G2_time_average,target_unsupported_selected_rank,0.0,False,0,,False,,,,,,,,True,False,0.0,,,0.0,0.9897456871445874,,,theorem_covered,True,8cc4270ea67da240bbc58198806195a39eb8c241af7c6706bc60f5e78d5cd05b,success,success,success,success
inference_diagnostic,aa152561964a7ec3,dgp2_N50_T50_r2026080903_truth1-1-1,2,50,50,2026080903,selected_rank,A_G2_minus_G1_time_average,target_unsupported_selected_rank,0.0,False,0,,False,,,,,,,,True,False,0.0,,,0.0,0.9787110544021782,,,theorem_covered,True,8cc4270ea67da240bbc58198806195a39eb8c241af7c6706bc60f5e78d5cd05b,success,success,success,success
inference_diagnostic,aa152561964a7ec3,dgp2_N50_T50_r2026080903_truth1-1-1,2,50,50,2026080903,selected_rank,B_G1_fixed_time,target_unsupported_selected_rank,0.0,False,0,,False,,,,,,,,True,False,0.0,,,0.0,0.6525792782064105,,,theorem_covered,True,8cc4270ea67da240bbc58198806195a39eb8c241af7c6706bc60f5e78d5cd05b,,,,
inference_diagnostic,aa152561964a7ec3,dgp2_N50_T50_r2026080903_truth1-1-1,2,50,50,2026080903,selected_rank,B_G2_fixed_time,target_unsupported_selected_rank,0.0,False,0,,False,,,,,,,,True,False,0.0,,,0.0,0.6940062725794294,,,theorem_covered,True,8cc4270ea67da240bbc58198806195a39eb8c241af7c6706bc60f5e78d5cd05b,,,,
inference_diagnostic,aa152561964a7ec3,dgp2_N50_T50_r2026080903_truth1-1-1,2,50,50,2026080903,selected_rank,B_G2_minus_G1_fixed_time,target_unsupported_selected_rank,0.0,False,0,,False,,,,,,,,True,False,0.0,,,0.0,0.0964839615753735,,,weak_target_stress_outside_assumption9,False,8cc4270ea67da240bbc58198806195a39eb8c241af7c6706bc60f5e78d5cd05b,,,,
inference_diagnostic,aa152561964a7ec3,dgp2_N50_T50_r2026080903_truth1-1-1,2,50,50,2026080903,selected_rank,B_G1_time_average,target_unsupported_selected_rank,0.0,False,0,,False,,,,,,,,True,False,0.0,,,0.0,0.9785103922460721,,,theorem_covered,True,8cc4270ea67da240bbc58198806195a39eb8c241af7c6706bc60f5e78d5cd05b,success,success,success,success
inference_diagnostic,aa152561964a7ec3,dgp2_N50_T50_r2026080903_truth1-1-1,2,50,50,2026080903,selected_rank,B_G2_time_average,target_unsupported_selected_rank,0.0,False,0,,False,,,,,,,,True,False,0.0,,,0.0,0.9806190352072562,,,theorem_covered,True,8cc4270ea67da240bbc58198806195a39eb8c241af7c6706bc60f5e78d5cd05b,success,success,success,success
inference_diagnostic,aa152561964a7ec3,dgp2_N50_T50_r2026080903_truth1-1-1,2,50,50,2026080903,selected_rank,B_G2_minus_G1_time_average,target_unsupported_selected_rank,0.0,False,0,,False,,,,,,,,True,False,0.0,,,0.0,0.9626189965974176,,,theorem_covered,True,8cc4270ea67da240bbc58198806195a39eb8c241af7c6706bc60f5e78d5cd05b,success,success,success,success
inference_diagnostic,aa152561964a7ec3,dgp3_N100_T100_r2026080901_truth1-1-1,3,100,100,2026080901,selected_rank,A_entry,target_unsupported_selected_rank,0.0,False,0,,False,,,,,,,,True,False,0.0,,,0.0,0.12807913715312375,1.0407745305381424,0.6059586703573943,theorem_covered,True,1649e0eb9c5a4b6d932458ccf06df74af76c3b2bbd375b7dc84e4acfbdc34d32,,,,
inference_diagnostic,aa152561964a7ec3,dgp3_N100_T100_r2026080901_truth1-1-1,3,100,100,2026080901,selected_rank,B_entry,target_unsupported_selected_rank,0.0,False,0,,False,,,,,,,,True,False,0.0,,,0.0,0.16707835674755278,2.2712011523723934,0.5324086483300615,theorem_covered,True,1649e0eb9c5a4b6d932458ccf06df74af76c3b2bbd375b7dc84e4acfbdc34d32,,,,
inference_diagnostic,aa152561964a7ec3,dgp3_N100_T100_r2026080901_truth1-1-1,3,100,100,2026080901,selected_rank,A_fixed_time_mean,target_unsupported_selected_rank,0.0,False,0,,False,,,,,,,,True,False,0.0,,,0.0,0.9953191035372451,,,theorem_covered,True,1649e0eb9c5a4b6d932458ccf06df74af76c3b2bbd375b7dc84e4acfbdc34d32,,,,
inference_diagnostic,aa152561964a7ec3,dgp3_N100_T100_r2026080901_truth1-1-1,3,100,100,2026080901,selected_rank,B_fixed_time_mean,target_unsupported_selected_rank,0.0,False,0,,False,,,,,,,,True,False,0.0,,,0.0,0.9230305726513859,,,theorem_covered,True,1649e0eb9c5a4b6d932458ccf06df74af76c3b2bbd375b7dc84e4acfbdc34d32,,,,
inference_diagnostic,aa152561964a7ec3,dgp3_N100_T100_r2026080901_truth1-1-1,3,100,100,2026080901,selected_rank,A_full_mean,target_unsupported_selected_rank,0.0,False,0,,False,,,,,,,,True,False,0.0,,,0.0,0.9998268339953674,,,theorem_covered,True,1649e0eb9c5a4b6d932458ccf06df74af76c3b2bbd375b7dc84e4acfbdc34d32,success,success,success,success
inference_diagnostic,aa152561964a7ec3,dgp3_N100_T100_r2026080901_truth1-1-1,3,100,100,2026080901,selected_rank,B_full_mean,target_unsupported_selected_rank,0.0,False,0,,False,,,,,,,,True,False,0.0,,,0.0,0.9967260174261969,,,theorem_covered,True,1649e0eb9c5a4b6d932458ccf06df74af76c3b2bbd375b7dc84e4acfbdc34d32,success,success,success,success
inference_diagnostic,aa152561964a7ec3,dgp3_N100_T100_r2026080901_truth1-1-1,3,100,100,2026080901,selected_rank,A_G1_fixed_time,target_unsupported_selected_rank,0.0,False,0,,False,,,,,,,,True,False,0.0,,,0.0,0.7091849473741009,,,theorem_covered,True,1649e0eb9c5a4b6d932458ccf06df74af76c3b2bbd375b7dc84e4acfbdc34d32,,,,
inference_diagnostic,aa152561964a7ec3,dgp3_N100_T100_r2026080901_truth1-1-1,3,100,100,2026080901,selected_rank,A_G2_fixed_time,target_unsupported_selected_rank,0.0,False,0,,False,,,,,,,,True,False,0.0,,,0.0,0.7027073734534149,,,theorem_covered,True,1649e0eb9c5a4b6d932458ccf06df74af76c3b2bbd375b7dc84e4acfbdc34d32,,,,
inference_diagnostic,aa152561964a7ec3,dgp3_N100_T100_r2026080901_truth1-1-1,3,100,100,2026080901,selected_rank,A_G2_minus_G1_fixed_time,target_unsupported_selected_rank,0.0,False,0,,False,,,,,,,,True,False,0.0,,,0.0,0.07797964107136571,,,weak_target_stress_outside_assumption9,False,1649e0eb9c5a4b6d932458ccf06df74af76c3b2bbd375b7dc84e4acfbdc34d32,,,,
inference_diagnostic,aa152561964a7ec3,dgp3_N100_T100_r2026080901_truth1-1-1,3,100,100,2026080901,selected_rank,A_G1_time_average,target_unsupported_selected_rank,0.0,False,0,,False,,,,,,,,True,False,0.0,,,0.0,0.9907422694549144,,,theorem_covered,True,1649e0eb9c5a4b6d932458ccf06df74af76c3b2bbd375b7dc84e4acfbdc34d32,success,success,success,success
inference_diagnostic,aa152561964a7ec3,dgp3_N100_T100_r2026080901_truth1-1-1,3,100,100,2026080901,selected_rank,A_G2_time_average,target_unsupported_selected_rank,0.0,False,0,,False,,,,,,,,True,False,0.0,,,0.0,0.9905711204367372,,,theorem_covered,True,1649e0eb9c5a4b6d932458ccf06df74af76c3b2bbd375b7dc84e4acfbdc34d32,success,success,success,success
inference_diagnostic,aa152561964a7ec3,dgp3_N100_T100_r2026080901_truth1-1-1,3,100,100,2026080901,selected_rank,A_G2_minus_G1_time_average,target_unsupported_selected_rank,0.0,False,0,,False,,,,,,,,True,False,0.0,,,0.0,0.981400881979821,,,theorem_covered,True,1649e0eb9c5a4b6d932458ccf06df74af76c3b2bbd375b7dc84e4acfbdc34d32,success,success,success,success
inference_diagnostic,aa152561964a7ec3,dgp3_N100_T100_r2026080901_truth1-1-1,3,100,100,2026080901,selected_rank,B_G1_fixed_time,target_unsupported_selected_rank,0.0,False,0,,False,,,,,,,,True,False,0.0,,,0.0,0.6029699690202068,,,theorem_covered,True,1649e0eb9c5a4b6d932458ccf06df74af76c3b2bbd375b7dc84e4acfbdc34d32,,,,
inference_diagnostic,aa152561964a7ec3,dgp3_N100_T100_r2026080901_truth1-1-1,3,100,100,2026080901,selected_rank,B_G2_fixed_time,target_unsupported_selected_rank,0.0,False,0,,False,,,,,,,,True,False,0.0,,,0.0,0.7065164775583197,,,theorem_covered,True,1649e0eb9c5a4b6d932458ccf06df74af76c3b2bbd375b7dc84e4acfbdc34d32,,,,
inference_diagnostic,aa152561964a7ec3,dgp3_N100_T100_r2026080901_truth1-1-1,3,100,100,2026080901,selected_rank,B_G2_minus_G1_fixed_time,target_unsupported_selected_rank,0.0,False,0,,False,,,,,,,,True,False,0.0,,,0.0,0.10369608745030175,,,weak_target_stress_outside_assumption9,False,1649e0eb9c5a4b6d932458ccf06df74af76c3b2bbd375b7dc84e4acfbdc34d32,,,,
inference_diagnostic,aa152561964a7ec3,dgp3_N100_T100_r2026080901_truth1-1-1,3,100,100,2026080901,selected_rank,B_G1_time_average,target_unsupported_selected_rank,0.0,False,0,,False,,,,,,,,True,False,0.0,,,0.0,0.9858455279013293,,,theorem_covered,True,1649e0eb9c5a4b6d932458ccf06df74af76c3b2bbd375b7dc84e4acfbdc34d32,success,success,success,success
inference_diagnostic,aa152561964a7ec3,dgp3_N100_T100_r2026080901_truth1-1-1,3,100,100,2026080901,selected_rank,B_G2_time_average,target_unsupported_selected_rank,0.0,False,0,,False,,,,,,,,True,False,0.0,,,0.0,0.9888781655796256,,,theorem_covered,True,1649e0eb9c5a4b6d932458ccf06df74af76c3b2bbd375b7dc84e4acfbdc34d32,success,success,success,success
inference_diagnostic,aa152561964a7ec3,dgp3_N100_T100_r2026080901_truth1-1-1,3,100,100,2026080901,selected_rank,B_G2_minus_G1_time_average,target_unsupported_selected_rank,0.0,False,0,,False,,,,,,,,True,False,0.0,,,0.0,0.9779103626758902,,,theorem_covered,True,1649e0eb9c5a4b6d932458ccf06df74af76c3b2bbd375b7dc84e4acfbdc34d32,success,success,success,success
inference_diagnostic,aa152561964a7ec3,dgp3_N100_T100_r2026080902_truth1-1-1,3,100,100,2026080902,selected_rank,A_entry,target_unsupported_selected_rank,0.0,False,0,,False,,,,,,,,True,False,0.0,,,0.0,0.1279454180934765,0.7547086784890323,0.8890037107797625,theorem_covered,True,a80b1dc158bf7197b27eea4267dee23fd3e9dd9f1c81f7d18fe761c2c0a6af8a,,,,
inference_diagnostic,aa152561964a7ec3,dgp3_N100_T100_r2026080902_truth1-1-1,3,100,100,2026080902,selected_rank,B_entry,target_unsupported_selected_rank,0.0,False,0,,False,,,,,,,,True,False,0.0,,,0.0,0.08006286078047646,0.15468207430280606,0.4870775149361551,theorem_covered,True,a80b1dc158bf7197b27eea4267dee23fd3e9dd9f1c81f7d18fe761c2c0a6af8a,,,,
inference_diagnostic,aa152561964a7ec3,dgp3_N100_T100_r2026080902_truth1-1-1,3,100,100,2026080902,selected_rank,A_fixed_time_mean,target_unsupported_selected_rank,0.0,False,0,,False,,,,,,,,True,False,0.0,,,0.0,0.9946199812502783,,,theorem_covered,True,a80b1dc158bf7197b27eea4267dee23fd3e9dd9f1c81f7d18fe761c2c0a6af8a,,,,
inference_diagnostic,aa152561964a7ec3,dgp3_N100_T100_r2026080902_truth1-1-1,3,100,100,2026080902,selected_rank,B_fixed_time_mean,target_unsupported_selected_rank,0.0,False,0,,False,,,,,,,,True,False,0.0,,,0.0,0.9353231291591976,,,theorem_covered,True,a80b1dc158bf7197b27eea4267dee23fd3e9dd9f1c81f7d18fe761c2c0a6af8a,,,,
inference_diagnostic,aa152561964a7ec3,dgp3_N100_T100_r2026080902_truth1-1-1,3,100,100,2026080902,selected_rank,A_full_mean,target_unsupported_selected_rank,0.0,False,0,,False,,,,,,,,True,False,0.0,,,0.0,0.9997856315647646,,,theorem_covered,True,a80b1dc158bf7197b27eea4267dee23fd3e9dd9f1c81f7d18fe761c2c0a6af8a,success,success,success,success
inference_diagnostic,aa152561964a7ec3,dgp3_N100_T100_r2026080902_truth1-1-1,3,100,100,2026080902,selected_rank,B_full_mean,target_unsupported_selected_rank,0.0,False,0,,False,,,,,,,,True,False,0.0,,,0.0,0.9966686109901721,,,theorem_covered,True,a80b1dc158bf7197b27eea4267dee23fd3e9dd9f1c81f7d18fe761c2c0a6af8a,success,success,success,success
inference_diagnostic,aa152561964a7ec3,dgp3_N100_T100_r2026080902_truth1-1-1,3,100,100,2026080902,selected_rank,A_G1_fixed_time,target_unsupported_selected_rank,0.0,False,0,,False,,,,,,,,True,False,0.0,,,0.0,0.6909502551906983,,,theorem_covered,True,a80b1dc158bf7197b27eea4267dee23fd3e9dd9f1c81f7d18fe761c2c0a6af8a,,,,
inference_diagnostic,aa152561964a7ec3,dgp3_N100_T100_r2026080902_truth1-1-1,3,100,100,2026080902,selected_rank,A_G2_fixed_time,target_unsupported_selected_rank,0.0,False,0,,False,,,,,,,,True,False,0.0,,,0.0,0.721967061749123,,,theorem_covered,True,a80b1dc158bf7197b27eea4267dee23fd3e9dd9f1c81f7d18fe761c2c0a6af8a,,,,
inference_diagnostic,aa152561964a7ec3,dgp3_N100_T100_r2026080902_truth1-1-1,3,100,100,2026080902,selected_rank,A_G2_minus_G1_fixed_time,target_unsupported_selected_rank,0.0,False,0,,False,,,,,,,,True,False,0.0,,,0.0,0.09684929682992119,,,weak_target_stress_outside_assumption9,False,a80b1dc158bf7197b27eea4267dee23fd3e9dd9f1c81f7d18fe761c2c0a6af8a,,,,
inference_diagnostic,aa152561964a7ec3,dgp3_N100_T100_r2026080902_truth1-1-1,3,100,100,2026080902,selected_rank,A_G1_time_average,target_unsupported_selected_rank,0.0,False,0,,False,,,,,,,,True,False,0.0,,,0.0,0.9895066501447916,,,theorem_covered,True,a80b1dc158bf7197b27eea4267dee23fd3e9dd9f1c81f7d18fe761c2c0a6af8a,success,success,success,success
inference_diagnostic,aa152561964a7ec3,dgp3_N100_T100_r2026080902_truth1-1-1,3,100,100,2026080902,selected_rank,A_G2_time_average,target_unsupported_selected_rank,0.0,False,0,,False,,,,,,,,True,False,0.0,,,0.0,0.9903908927565658,,,theorem_covered,True,a80b1dc158bf7197b27eea4267dee23fd3e9dd9f1c81f7d18fe761c2c0a6af8a,success,success,success,success
inference_diagnostic,aa152561964a7ec3,dgp3_N100_T100_r2026080902_truth1-1-1,3,100,100,2026080902,selected_rank,A_G2_minus_G1_time_average,target_unsupported_selected_rank,0.0,False,0,,False,,,,,,,,True,False,0.0,,,0.0,0.9800133785069274,,,theorem_covered,True,a80b1dc158bf7197b27eea4267dee23fd3e9dd9f1c81f7d18fe761c2c0a6af8a,success,success,success,success
inference_diagnostic,aa152561964a7ec3,dgp3_N100_T100_r2026080902_truth1-1-1,3,100,100,2026080902,selected_rank,B_G1_fixed_time,target_unsupported_selected_rank,0.0,False,0,,False,,,,,,,,True,False,0.0,,,0.0,0.6858531908595368,,,theorem_covered,True,a80b1dc158bf7197b27eea4267dee23fd3e9dd9f1c81f7d18fe761c2c0a6af8a,,,,
inference_diagnostic,aa152561964a7ec3,dgp3_N100_T100_r2026080902_truth1-1-1,3,100,100,2026080902,selected_rank,B_G2_fixed_time,target_unsupported_selected_rank,0.0,False,0,,False,,,,,,,,True,False,0.0,,,0.0,0.640579333417303,,,theorem_covered,True,a80b1dc158bf7197b27eea4267dee23fd3e9dd9f1c81f7d18fe761c2c0a6af8a,,,,
inference_diagnostic,aa152561964a7ec3,dgp3_N100_T100_r2026080902_truth1-1-1,3,100,100,2026080902,selected_rank,B_G2_minus_G1_fixed_time,target_unsupported_selected_rank,0.0,False,0,,False,,,,,,,,True,False,0.0,,,0.0,0.07685782896629274,,,weak_target_stress_outside_assumption9,False,a80b1dc158bf7197b27eea4267dee23fd3e9dd9f1c81f7d18fe761c2c0a6af8a,,,,
inference_diagnostic,aa152561964a7ec3,dgp3_N100_T100_r2026080902_truth1-1-1,3,100,100,2026080902,selected_rank,B_G1_time_average,target_unsupported_selected_rank,0.0,False,0,,False,,,,,,,,True,False,0.0,,,0.0,0.9858277211579612,,,theorem_covered,True,a80b1dc158bf7197b27eea4267dee23fd3e9dd9f1c81f7d18fe761c2c0a6af8a,success,success,success,success
inference_diagnostic,aa152561964a7ec3,dgp3_N100_T100_r2026080902_truth1-1-1,3,100,100,2026080902,selected_rank,B_G2_time_average,target_unsupported_selected_rank,0.0,False,0,,False,,,,,,,,True,False,0.0,,,0.0,0.9842078239699498,,,theorem_covered,True,a80b1dc158bf7197b27eea4267dee23fd3e9dd9f1c81f7d18fe761c2c0a6af8a,success,success,success,success
inference_diagnostic,aa152561964a7ec3,dgp3_N100_T100_r2026080902_truth1-1-1,3,100,100,2026080902,selected_rank,B_G2_minus_G1_time_average,target_unsupported_selected_rank,0.0,False,0,,False,,,,,,,,True,False,0.0,,,0.0,0.9732281420273907,,,theorem_covered,True,a80b1dc158bf7197b27eea4267dee23fd3e9dd9f1c81f7d18fe761c2c0a6af8a,success,success,success,success
inference_diagnostic,aa152561964a7ec3,dgp3_N100_T100_r2026080903_truth1-1-1,3,100,100,2026080903,selected_rank,A_entry,target_unsupported_selected_rank,0.0,False,0,,False,,,,,,,,True,False,0.0,,,0.0,0.1359605557340699,1.0849838270203402,0.7719186368994863,theorem_covered,True,349099d40410e89a3261b6c0becee8b07d39daa1575ac9899857096efe244fa7,,,,
inference_diagnostic,aa152561964a7ec3,dgp3_N100_T100_r2026080903_truth1-1-1,3,100,100,2026080903,selected_rank,B_entry,target_unsupported_selected_rank,0.0,False,0,,False,,,,,,,,True,False,0.0,,,0.0,0.15797391326205673,1.4390265071243682,1.071975227684601,theorem_covered,True,349099d40410e89a3261b6c0becee8b07d39daa1575ac9899857096efe244fa7,,,,
inference_diagnostic,aa152561964a7ec3,dgp3_N100_T100_r2026080903_truth1-1-1,3,100,100,2026080903,selected_rank,A_fixed_time_mean,target_unsupported_selected_rank,0.0,False,0,,False,,,,,,,,True,False,0.0,,,0.0,0.9956278318537927,,,theorem_covered,True,349099d40410e89a3261b6c0becee8b07d39daa1575ac9899857096efe244fa7,,,,
inference_diagnostic,aa152561964a7ec3,dgp3_N100_T100_r2026080903_truth1-1-1,3,100,100,2026080903,selected_rank,B_fixed_time_mean,target_unsupported_selected_rank,0.0,False,0,,False,,,,,,,,True,False,0.0,,,0.0,0.936555406414777,,,theorem_covered,True,349099d40410e89a3261b6c0becee8b07d39daa1575ac9899857096efe244fa7,,,,
inference_diagnostic,aa152561964a7ec3,dgp3_N100_T100_r2026080903_truth1-1-1,3,100,100,2026080903,selected_rank,A_full_mean,target_unsupported_selected_rank,0.0,False,0,,False,,,,,,,,True,False,0.0,,,0.0,0.9998398528114644,,,theorem_covered,True,349099d40410e89a3261b6c0becee8b07d39daa1575ac9899857096efe244fa7,success,success,success,success
inference_diagnostic,aa152561964a7ec3,dgp3_N100_T100_r2026080903_truth1-1-1,3,100,100,2026080903,selected_rank,B_full_mean,target_unsupported_selected_rank,0.0,False,0,,False,,,,,,,,True,False,0.0,,,0.0,0.9958910462756145,,,theorem_covered,True,349099d40410e89a3261b6c0becee8b07d39daa1575ac9899857096efe244fa7,success,success,success,success
inference_diagnostic,aa152561964a7ec3,dgp3_N100_T100_r2026080903_truth1-1-1,3,100,100,2026080903,selected_rank,A_G1_fixed_time,target_unsupported_selected_rank,0.0,False,0,,False,,,,,,,,True,False,0.0,,,0.0,0.7091614414429731,,,theorem_covered,True,349099d40410e89a3261b6c0becee8b07d39daa1575ac9899857096efe244fa7,,,,
inference_diagnostic,aa152561964a7ec3,dgp3_N100_T100_r2026080903_truth1-1-1,3,100,100,2026080903,selected_rank,A_G2_fixed_time,target_unsupported_selected_rank,0.0,False,0,,False,,,,,,,,True,False,0.0,,,0.0,0.7043406974467559,,,theorem_covered,True,349099d40410e89a3261b6c0becee8b07d39daa1575ac9899857096efe244fa7,,,,
inference_diagnostic,aa152561964a7ec3,dgp3_N100_T100_r2026080903_truth1-1-1,3,100,100,2026080903,selected_rank,A_G2_minus_G1_fixed_time,target_unsupported_selected_rank,0.0,False,0,,False,,,,,,,,True,False,0.0,,,0.0,0.08792604021206862,,,weak_target_stress_outside_assumption9,False,349099d40410e89a3261b6c0becee8b07d39daa1575ac9899857096efe244fa7,,,,
inference_diagnostic,aa152561964a7ec3,dgp3_N100_T100_r2026080903_truth1-1-1,3,100,100,2026080903,selected_rank,A_G1_time_average,target_unsupported_selected_rank,0.0,False,0,,False,,,,,,,,True,False,0.0,,,0.0,0.9908348841762128,,,theorem_covered,True,349099d40410e89a3261b6c0becee8b07d39daa1575ac9899857096efe244fa7,success,success,success,success
inference_diagnostic,aa152561964a7ec3,dgp3_N100_T100_r2026080903_truth1-1-1,3,100,100,2026080903,selected_rank,A_G2_time_average,target_unsupported_selected_rank,0.0,False,0,,False,,,,,,,,True,False,0.0,,,0.0,0.9907086592723947,,,theorem_covered,True,349099d40410e89a3261b6c0becee8b07d39daa1575ac9899857096efe244fa7,success,success,success,success
inference_diagnostic,aa152561964a7ec3,dgp3_N100_T100_r2026080903_truth1-1-1,3,100,100,2026080903,selected_rank,A_G2_minus_G1_time_average,target_unsupported_selected_rank,0.0,False,0,,False,,,,,,,,True,False,0.0,,,0.0,0.9816199284793212,,,theorem_covered,True,349099d40410e89a3261b6c0becee8b07d39daa1575ac9899857096efe244fa7,success,success,success,success
inference_diagnostic,aa152561964a7ec3,dgp3_N100_T100_r2026080903_truth1-1-1,3,100,100,2026080903,selected_rank,B_G1_fixed_time,target_unsupported_selected_rank,0.0,False,0,,False,,,,,,,,True,False,0.0,,,0.0,0.6819475314576383,,,theorem_covered,True,349099d40410e89a3261b6c0becee8b07d39daa1575ac9899857096efe244fa7,,,,
inference_diagnostic,aa152561964a7ec3,dgp3_N100_T100_r2026080903_truth1-1-1,3,100,100,2026080903,selected_rank,B_G2_fixed_time,target_unsupported_selected_rank,0.0,False,0,,False,,,,,,,,True,False,0.0,,,0.0,0.6506198635473283,,,theorem_covered,True,349099d40410e89a3261b6c0becee8b07d39daa1575ac9899857096efe244fa7,,,,
inference_diagnostic,aa152561964a7ec3,dgp3_N100_T100_r2026080903_truth1-1-1,3,100,100,2026080903,selected_rank,B_G2_minus_G1_fixed_time,target_unsupported_selected_rank,0.0,False,0,,False,,,,,,,,True,False,0.0,,,0.0,0.10593683598618074,,,weak_target_stress_outside_assumption9,False,349099d40410e89a3261b6c0becee8b07d39daa1575ac9899857096efe244fa7,,,,
inference_diagnostic,aa152561964a7ec3,dgp3_N100_T100_r2026080903_truth1-1-1,3,100,100,2026080903,selected_rank,B_G1_time_average,target_unsupported_selected_rank,0.0,False,0,,False,,,,,,,,True,False,0.0,,,0.0,0.9819841578075016,,,theorem_covered,True,349099d40410e89a3261b6c0becee8b07d39daa1575ac9899857096efe244fa7,success,success,success,success
inference_diagnostic,aa152561964a7ec3,dgp3_N100_T100_r2026080903_truth1-1-1,3,100,100,2026080903,selected_rank,B_G2_time_average,target_unsupported_selected_rank,0.0,False,0,,False,,,,,,,,True,False,0.0,,,0.0,0.9805643145921459,,,theorem_covered,True,349099d40410e89a3261b6c0becee8b07d39daa1575ac9899857096efe244fa7,success,success,success,success
inference_diagnostic,aa152561964a7ec3,dgp3_N100_T100_r2026080903_truth1-1-1,3,100,100,2026080903,selected_rank,B_G2_minus_G1_time_average,target_unsupported_selected_rank,0.0,False,0,,False,,,,,,,,True,False,0.0,,,0.0,0.9664369018122901,,,theorem_covered,True,349099d40410e89a3261b6c0becee8b07d39daa1575ac9899857096efe244fa7,success,success,success,success
inference_diagnostic,aa152561964a7ec3,dgp3_N50_T50_r2026080901_truth1-1-1,3,50,50,2026080901,selected_rank,A_entry,target_unsupported_selected_rank,0.0,False,0,,False,,,,,,,,True,False,0.0,,,0.0,0.2268987662238409,1.2193267155675607,1.388691154617447,theorem_covered,True,b4816eeb0ec04445ef30367efa35b3b8ec7d042786c940a13130e81a1d4b4d31,,,,
inference_diagnostic,aa152561964a7ec3,dgp3_N50_T50_r2026080901_truth1-1-1,3,50,50,2026080901,selected_rank,B_entry,target_unsupported_selected_rank,0.0,False,0,,False,,,,,,,,True,False,0.0,,,0.0,0.25479909127203165,2.088774262982089,1.207811493931738,theorem_covered,True,b4816eeb0ec04445ef30367efa35b3b8ec7d042786c940a13130e81a1d4b4d31,,,,
inference_diagnostic,aa152561964a7ec3,dgp3_N50_T50_r2026080901_truth1-1-1,3,50,50,2026080901,selected_rank,A_fixed_time_mean,target_unsupported_selected_rank,0.0,False,0,,False,,,,,,,,True,False,0.0,,,0.0,0.9965910661605539,,,theorem_covered,True,b4816eeb0ec04445ef30367efa35b3b8ec7d042786c940a13130e81a1d4b4d31,,,,
inference_diagnostic,aa152561964a7ec3,dgp3_N50_T50_r2026080901_truth1-1-1,3,50,50,2026080901,selected_rank,B_fixed_time_mean,target_unsupported_selected_rank,0.0,False,0,,False,,,,,,,,True,False,0.0,,,0.0,0.9241087286744263,,,theorem_covered,True,b4816eeb0ec04445ef30367efa35b3b8ec7d042786c940a13130e81a1d4b4d31,,,,
inference_diagnostic,aa152561964a7ec3,dgp3_N50_T50_r2026080901_truth1-1-1,3,50,50,2026080901,selected_rank,A_full_mean,target_unsupported_selected_rank,0.0,False,0,,False,,,,,,,,True,False,0.0,,,0.0,0.9999013392077459,,,theorem_covered,True,b4816eeb0ec04445ef30367efa35b3b8ec7d042786c940a13130e81a1d4b4d31,success,success,success,success
inference_diagnostic,aa152561964a7ec3,dgp3_N50_T50_r2026080901_truth1-1-1,3,50,50,2026080901,selected_rank,B_full_mean,target_unsupported_selected_rank,0.0,False,0,,False,,,,,,,,True,False,0.0,,,0.0,0.99506230145464,,,theorem_covered,True,b4816eeb0ec04445ef30367efa35b3b8ec7d042786c940a13130e81a1d4b4d31,success,success,success,success
inference_diagnostic,aa152561964a7ec3,dgp3_N50_T50_r2026080901_truth1-1-1,3,50,50,2026080901,selected_rank,A_G1_fixed_time,target_unsupported_selected_rank,0.0,False,0,,False,,,,,,,,True,False,0.0,,,0.0,0.7102868757689481,,,theorem_covered,True,b4816eeb0ec04445ef30367efa35b3b8ec7d042786c940a13130e81a1d4b4d31,,,,
inference_diagnostic,aa152561964a7ec3,dgp3_N50_T50_r2026080901_truth1-1-1,3,50,50,2026080901,selected_rank,A_G2_fixed_time,target_unsupported_selected_rank,0.0,False,0,,False,,,,,,,,True,False,0.0,,,0.0,0.7186775056672327,,,theorem_covered,True,b4816eeb0ec04445ef30367efa35b3b8ec7d042786c940a13130e81a1d4b4d31,,,,
inference_diagnostic,aa152561964a7ec3,dgp3_N50_T50_r2026080901_truth1-1-1,3,50,50,2026080901,selected_rank,A_G2_minus_G1_fixed_time,target_unsupported_selected_rank,0.0,False,0,,False,,,,,,,,True,False,0.0,,,0.0,0.16676645313329239,,,weak_target_stress_outside_assumption9,False,b4816eeb0ec04445ef30367efa35b3b8ec7d042786c940a13130e81a1d4b4d31,,,,
inference_diagnostic,aa152561964a7ec3,dgp3_N50_T50_r2026080901_truth1-1-1,3,50,50,2026080901,selected_rank,A_G1_time_average,target_unsupported_selected_rank,0.0,False,0,,False,,,,,,,,True,False,0.0,,,0.0,0.9927919024322338,,,theorem_covered,True,b4816eeb0ec04445ef30367efa35b3b8ec7d042786c940a13130e81a1d4b4d31,success,success,success,success
inference_diagnostic,aa152561964a7ec3,dgp3_N50_T50_r2026080901_truth1-1-1,3,50,50,2026080901,selected_rank,A_G2_time_average,target_unsupported_selected_rank,0.0,False,0,,False,,,,,,,,True,False,0.0,,,0.0,0.9929669414780502,,,theorem_covered,True,b4816eeb0ec04445ef30367efa35b3b8ec7d042786c940a13130e81a1d4b4d31,success,success,success,success
inference_diagnostic,aa152561964a7ec3,dgp3_N50_T50_r2026080901_truth1-1-1,3,50,50,2026080901,selected_rank,A_G2_minus_G1_time_average,target_unsupported_selected_rank,0.0,False,0,,False,,,,,,,,True,False,0.0,,,0.0,0.9858074965498344,,,theorem_covered,True,b4816eeb0ec04445ef30367efa35b3b8ec7d042786c940a13130e81a1d4b4d31,success,success,success,success
inference_diagnostic,aa152561964a7ec3,dgp3_N50_T50_r2026080901_truth1-1-1,3,50,50,2026080901,selected_rank,B_G1_fixed_time,target_unsupported_selected_rank,0.0,False,0,,False,,,,,,,,True,False,0.0,,,0.0,0.666243272221784,,,theorem_covered,True,b4816eeb0ec04445ef30367efa35b3b8ec7d042786c940a13130e81a1d4b4d31,,,,
inference_diagnostic,aa152561964a7ec3,dgp3_N50_T50_r2026080901_truth1-1-1,3,50,50,2026080901,selected_rank,B_G2_fixed_time,target_unsupported_selected_rank,0.0,False,0,,False,,,,,,,,True,False,0.0,,,0.0,0.6589998750211943,,,theorem_covered,True,b4816eeb0ec04445ef30367efa35b3b8ec7d042786c940a13130e81a1d4b4d31,,,,
inference_diagnostic,aa152561964a7ec3,dgp3_N50_T50_r2026080901_truth1-1-1,3,50,50,2026080901,selected_rank,B_G2_minus_G1_fixed_time,target_unsupported_selected_rank,0.0,False,0,,False,,,,,,,,True,False,0.0,,,0.0,0.15551202733703565,,,weak_target_stress_outside_assumption9,False,b4816eeb0ec04445ef30367efa35b3b8ec7d042786c940a13130e81a1d4b4d31,,,,
inference_diagnostic,aa152561964a7ec3,dgp3_N50_T50_r2026080901_truth1-1-1,3,50,50,2026080901,selected_rank,B_G1_time_average,target_unsupported_selected_rank,0.0,False,0,,False,,,,,,,,True,False,0.0,,,0.0,0.9810621825217124,,,theorem_covered,True,b4816eeb0ec04445ef30367efa35b3b8ec7d042786c940a13130e81a1d4b4d31,success,success,success,success
inference_diagnostic,aa152561964a7ec3,dgp3_N50_T50_r2026080901_truth1-1-1,3,50,50,2026080901,selected_rank,B_G2_time_average,target_unsupported_selected_rank,0.0,False,0,,False,,,,,,,,True,False,0.0,,,0.0,0.9807320836775639,,,theorem_covered,True,b4816eeb0ec04445ef30367efa35b3b8ec7d042786c940a13130e81a1d4b4d31,success,success,success,success
inference_diagnostic,aa152561964a7ec3,dgp3_N50_T50_r2026080901_truth1-1-1,3,50,50,2026080901,selected_rank,B_G2_minus_G1_time_average,target_unsupported_selected_rank,0.0,False,0,,False,,,,,,,,True,False,0.0,,,0.0,0.9665244136350638,,,theorem_covered,True,b4816eeb0ec04445ef30367efa35b3b8ec7d042786c940a13130e81a1d4b4d31,success,success,success,success
inference_diagnostic,aa152561964a7ec3,dgp3_N50_T50_r2026080902_truth1-1-1,3,50,50,2026080902,selected_rank,A_entry,target_unsupported_selected_rank,0.0,False,0,,False,,,,,,,,True,False,0.0,,,0.0,0.22146413326848133,0.7495965309917886,1.7286371941071157,theorem_covered,True,c96fb066423fa1b174db6597b2257f58aabda7b7b561a96da1fd0d38f84d545f,,,,
inference_diagnostic,aa152561964a7ec3,dgp3_N50_T50_r2026080902_truth1-1-1,3,50,50,2026080902,selected_rank,B_entry,target_unsupported_selected_rank,0.0,False,0,,False,,,,,,,,True,False,0.0,,,0.0,0.18911559920261878,0.7152166083361575,1.0885904440574372,theorem_covered,True,c96fb066423fa1b174db6597b2257f58aabda7b7b561a96da1fd0d38f84d545f,,,,
inference_diagnostic,aa152561964a7ec3,dgp3_N50_T50_r2026080902_truth1-1-1,3,50,50,2026080902,selected_rank,A_fixed_time_mean,target_unsupported_selected_rank,0.0,False,0,,False,,,,,,,,True,False,0.0,,,0.0,0.9948282769359543,,,theorem_covered,True,c96fb066423fa1b174db6597b2257f58aabda7b7b561a96da1fd0d38f84d545f,,,,
inference_diagnostic,aa152561964a7ec3,dgp3_N50_T50_r2026080902_truth1-1-1,3,50,50,2026080902,selected_rank,B_fixed_time_mean,target_unsupported_selected_rank,0.0,False,0,,False,,,,,,,,True,False,0.0,,,0.0,0.942792368550465,,,theorem_covered,True,c96fb066423fa1b174db6597b2257f58aabda7b7b561a96da1fd0d38f84d545f,,,,
inference_diagnostic,aa152561964a7ec3,dgp3_N50_T50_r2026080902_truth1-1-1,3,50,50,2026080902,selected_rank,A_full_mean,target_unsupported_selected_rank,0.0,False,0,,False,,,,,,,,True,False,0.0,,,0.0,0.9998184357682998,,,theorem_covered,True,c96fb066423fa1b174db6597b2257f58aabda7b7b561a96da1fd0d38f84d545f,success,success,success,success
inference_diagnostic,aa152561964a7ec3,dgp3_N50_T50_r2026080902_truth1-1-1,3,50,50,2026080902,selected_rank,B_full_mean,target_unsupported_selected_rank,0.0,False,0,,False,,,,,,,,True,False,0.0,,,0.0,0.9972488198675175,,,theorem_covered,True,c96fb066423fa1b174db6597b2257f58aabda7b7b561a96da1fd0d38f84d545f,success,success,success,success
inference_diagnostic,aa152561964a7ec3,dgp3_N50_T50_r2026080902_truth1-1-1,3,50,50,2026080902,selected_rank,A_G1_fixed_time,target_unsupported_selected_rank,0.0,False,0,,False,,,,,,,,True,False,0.0,,,0.0,0.7068261274217067,,,theorem_covered,True,c96fb066423fa1b174db6597b2257f58aabda7b7b561a96da1fd0d38f84d545f,,,,
inference_diagnostic,aa152561964a7ec3,dgp3_N50_T50_r2026080902_truth1-1-1,3,50,50,2026080902,selected_rank,A_G2_fixed_time,target_unsupported_selected_rank,0.0,False,0,,False,,,,,,,,True,False,0.0,,,0.0,0.7244441348524061,,,theorem_covered,True,c96fb066423fa1b174db6597b2257f58aabda7b7b561a96da1fd0d38f84d545f,,,,
inference_diagnostic,aa152561964a7ec3,dgp3_N50_T50_r2026080902_truth1-1-1,3,50,50,2026080902,selected_rank,A_G2_minus_G1_fixed_time,target_unsupported_selected_rank,0.0,False,0,,False,,,,,,,,True,False,0.0,,,0.0,0.1863844906011703,,,weak_target_stress_outside_assumption9,False,c96fb066423fa1b174db6597b2257f58aabda7b7b561a96da1fd0d38f84d545f,,,,
inference_diagnostic,aa152561964a7ec3,dgp3_N50_T50_r2026080902_truth1-1-1,3,50,50,2026080902,selected_rank,A_G1_time_average,target_unsupported_selected_rank,0.0,False,0,,False,,,,,,,,True,False,0.0,,,0.0,0.9911551692402889,,,theorem_covered,True,c96fb066423fa1b174db6597b2257f58aabda7b7b561a96da1fd0d38f84d545f,success,success,success,success
inference_diagnostic,aa152561964a7ec3,dgp3_N50_T50_r2026080902_truth1-1-1,3,50,50,2026080902,selected_rank,A_G2_time_average,target_unsupported_selected_rank,0.0,False,0,,False,,,,,,,,True,False,0.0,,,0.0,0.9916027679508141,,,theorem_covered,True,c96fb066423fa1b174db6597b2257f58aabda7b7b561a96da1fd0d38f84d545f,success,success,success,success
inference_diagnostic,aa152561964a7ec3,dgp3_N50_T50_r2026080902_truth1-1-1,3,50,50,2026080902,selected_rank,A_G2_minus_G1_time_average,target_unsupported_selected_rank,0.0,False,0,,False,,,,,,,,True,False,0.0,,,0.0,0.982867088887048,,,theorem_covered,True,c96fb066423fa1b174db6597b2257f58aabda7b7b561a96da1fd0d38f84d545f,success,success,success,success
inference_diagnostic,aa152561964a7ec3,dgp3_N50_T50_r2026080902_truth1-1-1,3,50,50,2026080902,selected_rank,B_G1_fixed_time,target_unsupported_selected_rank,0.0,False,0,,False,,,,,,,,True,False,0.0,,,0.0,0.7199059236664459,,,theorem_covered,True,c96fb066423fa1b174db6597b2257f58aabda7b7b561a96da1fd0d38f84d545f,,,,
inference_diagnostic,aa152561964a7ec3,dgp3_N50_T50_r2026080902_truth1-1-1,3,50,50,2026080902,selected_rank,B_G2_fixed_time,target_unsupported_selected_rank,0.0,False,0,,False,,,,,,,,True,False,0.0,,,0.0,0.6297860006931799,,,theorem_covered,True,c96fb066423fa1b174db6597b2257f58aabda7b7b561a96da1fd0d38f84d545f,,,,
inference_diagnostic,aa152561964a7ec3,dgp3_N50_T50_r2026080902_truth1-1-1,3,50,50,2026080902,selected_rank,B_G2_minus_G1_fixed_time,target_unsupported_selected_rank,0.0,False,0,,False,,,,,,,,True,False,0.0,,,0.0,0.16136138138400072,,,weak_target_stress_outside_assumption9,False,c96fb066423fa1b174db6597b2257f58aabda7b7b561a96da1fd0d38f84d545f,,,,
inference_diagnostic,aa152561964a7ec3,dgp3_N50_T50_r2026080902_truth1-1-1,3,50,50,2026080902,selected_rank,B_G1_time_average,target_unsupported_selected_rank,0.0,False,0,,False,,,,,,,,True,False,0.0,,,0.0,0.9880199474678004,,,theorem_covered,True,c96fb066423fa1b174db6597b2257f58aabda7b7b561a96da1fd0d38f84d545f,success,success,success,success
inference_diagnostic,aa152561964a7ec3,dgp3_N50_T50_r2026080902_truth1-1-1,3,50,50,2026080902,selected_rank,B_G2_time_average,target_unsupported_selected_rank,0.0,False,0,,False,,,,,,,,True,False,0.0,,,0.0,0.9849720455848637,,,theorem_covered,True,c96fb066423fa1b174db6597b2257f58aabda7b7b561a96da1fd0d38f84d545f,success,success,success,success
inference_diagnostic,aa152561964a7ec3,dgp3_N50_T50_r2026080902_truth1-1-1,3,50,50,2026080902,selected_rank,B_G2_minus_G1_time_average,target_unsupported_selected_rank,0.0,False,0,,False,,,,,,,,True,False,0.0,,,0.0,0.9756270488515357,,,theorem_covered,True,c96fb066423fa1b174db6597b2257f58aabda7b7b561a96da1fd0d38f84d545f,success,success,success,success
inference_diagnostic,aa152561964a7ec3,dgp3_N50_T50_r2026080903_truth1-1-1,3,50,50,2026080903,selected_rank,A_entry,target_unsupported_selected_rank,0.0,False,0,,False,,,,,,,,True,False,0.0,,,0.0,0.22529676489194797,1.2160511432696857,1.3548313546237565,theorem_covered,True,6fb83e7a9b613aff311a8dff6a9d158909e60b218ab5f9041bc71bb7d21e1b75,,,,
inference_diagnostic,aa152561964a7ec3,dgp3_N50_T50_r2026080903_truth1-1-1,3,50,50,2026080903,selected_rank,B_entry,target_unsupported_selected_rank,0.0,False,0,,False,,,,,,,,True,False,0.0,,,0.0,0.1994051330013934,1.0745278754460783,0.9336572936826019,theorem_covered,True,6fb83e7a9b613aff311a8dff6a9d158909e60b218ab5f9041bc71bb7d21e1b75,,,,
inference_diagnostic,aa152561964a7ec3,dgp3_N50_T50_r2026080903_truth1-1-1,3,50,50,2026080903,selected_rank,A_fixed_time_mean,target_unsupported_selected_rank,0.0,False,0,,False,,,,,,,,True,False,0.0,,,0.0,0.9949354514054407,,,theorem_covered,True,6fb83e7a9b613aff311a8dff6a9d158909e60b218ab5f9041bc71bb7d21e1b75,,,,
inference_diagnostic,aa152561964a7ec3,dgp3_N50_T50_r2026080903_truth1-1-1,3,50,50,2026080903,selected_rank,B_fixed_time_mean,target_unsupported_selected_rank,0.0,False,0,,False,,,,,,,,True,False,0.0,,,0.0,0.8973881007899437,,,theorem_covered,True,6fb83e7a9b613aff311a8dff6a9d158909e60b218ab5f9041bc71bb7d21e1b75,,,,
inference_diagnostic,aa152561964a7ec3,dgp3_N50_T50_r2026080903_truth1-1-1,3,50,50,2026080903,selected_rank,A_full_mean,target_unsupported_selected_rank,0.0,False,0,,False,,,,,,,,True,False,0.0,,,0.0,0.9997771486373768,,,theorem_covered,True,6fb83e7a9b613aff311a8dff6a9d158909e60b218ab5f9041bc71bb7d21e1b75,success,success,success,success
inference_diagnostic,aa152561964a7ec3,dgp3_N50_T50_r2026080903_truth1-1-1,3,50,50,2026080903,selected_rank,B_full_mean,target_unsupported_selected_rank,0.0,False,0,,False,,,,,,,,True,False,0.0,,,0.0,0.9939294476140437,,,theorem_covered,True,6fb83e7a9b613aff311a8dff6a9d158909e60b218ab5f9041bc71bb7d21e1b75,success,success,success,success
inference_diagnostic,aa152561964a7ec3,dgp3_N50_T50_r2026080903_truth1-1-1,3,50,50,2026080903,selected_rank,A_G1_fixed_time,target_unsupported_selected_rank,0.0,False,0,,False,,,,,,,,True,False,0.0,,,0.0,0.7113988135728581,,,theorem_covered,True,6fb83e7a9b613aff311a8dff6a9d158909e60b218ab5f9041bc71bb7d21e1b75,,,,
inference_diagnostic,aa152561964a7ec3,dgp3_N50_T50_r2026080903_truth1-1-1,3,50,50,2026080903,selected_rank,A_G2_fixed_time,target_unsupported_selected_rank,0.0,False,0,,False,,,,,,,,True,False,0.0,,,0.0,0.7147803486457256,,,theorem_covered,True,6fb83e7a9b613aff311a8dff6a9d158909e60b218ab5f9041bc71bb7d21e1b75,,,,
inference_diagnostic,aa152561964a7ec3,dgp3_N50_T50_r2026080903_truth1-1-1,3,50,50,2026080903,selected_rank,A_G2_minus_G1_fixed_time,target_unsupported_selected_rank,0.0,False,0,,False,,,,,,,,True,False,0.0,,,0.0,0.16462887444074473,,,weak_target_stress_outside_assumption9,False,6fb83e7a9b613aff311a8dff6a9d158909e60b218ab5f9041bc71bb7d21e1b75,,,,
inference_diagnostic,aa152561964a7ec3,dgp3_N50_T50_r2026080903_truth1-1-1,3,50,50,2026080903,selected_rank,A_G1_time_average,target_unsupported_selected_rank,0.0,False,0,,False,,,,,,,,True,False,0.0,,,0.0,0.98904703777794,,,theorem_covered,True,6fb83e7a9b613aff311a8dff6a9d158909e60b218ab5f9041bc71bb7d21e1b75,success,success,success,success
inference_diagnostic,aa152561964a7ec3,dgp3_N50_T50_r2026080903_truth1-1-1,3,50,50,2026080903,selected_rank,A_G2_time_average,target_unsupported_selected_rank,0.0,False,0,,False,,,,,,,,True,False,0.0,,,0.0,0.9891545715144837,,,theorem_covered,True,6fb83e7a9b613aff311a8dff6a9d158909e60b218ab5f9041bc71bb7d21e1b75,success,success,success,success
inference_diagnostic,aa152561964a7ec3,dgp3_N50_T50_r2026080903_truth1-1-1,3,50,50,2026080903,selected_rank,A_G2_minus_G1_time_average,target_unsupported_selected_rank,0.0,False,0,,False,,,,,,,,True,False,0.0,,,0.0,0.9783079588492796,,,theorem_covered,True,6fb83e7a9b613aff311a8dff6a9d158909e60b218ab5f9041bc71bb7d21e1b75,success,success,success,success
inference_diagnostic,aa152561964a7ec3,dgp3_N50_T50_r2026080903_truth1-1-1,3,50,50,2026080903,selected_rank,B_G1_fixed_time,target_unsupported_selected_rank,0.0,False,0,,False,,,,,,,,True,False,0.0,,,0.0,0.6916540239663291,,,theorem_covered,True,6fb83e7a9b613aff311a8dff6a9d158909e60b218ab5f9041bc71bb7d21e1b75,,,,
inference_diagnostic,aa152561964a7ec3,dgp3_N50_T50_r2026080903_truth1-1-1,3,50,50,2026080903,selected_rank,B_G2_fixed_time,target_unsupported_selected_rank,0.0,False,0,,False,,,,,,,,True,False,0.0,,,0.0,0.5922576203822075,,,theorem_covered,True,6fb83e7a9b613aff311a8dff6a9d158909e60b218ab5f9041bc71bb7d21e1b75,,,,
inference_diagnostic,aa152561964a7ec3,dgp3_N50_T50_r2026080903_truth1-1-1,3,50,50,2026080903,selected_rank,B_G2_minus_G1_fixed_time,target_unsupported_selected_rank,0.0,False,0,,False,,,,,,,,True,False,0.0,,,0.0,0.1544311313506062,,,weak_target_stress_outside_assumption9,False,6fb83e7a9b613aff311a8dff6a9d158909e60b218ab5f9041bc71bb7d21e1b75,,,,
inference_diagnostic,aa152561964a7ec3,dgp3_N50_T50_r2026080903_truth1-1-1,3,50,50,2026080903,selected_rank,B_G1_time_average,target_unsupported_selected_rank,0.0,False,0,,False,,,,,,,,True,False,0.0,,,0.0,0.9836518550914962,,,theorem_covered,True,6fb83e7a9b613aff311a8dff6a9d158909e60b218ab5f9041bc71bb7d21e1b75,success,success,success,success
inference_diagnostic,aa152561964a7ec3,dgp3_N50_T50_r2026080903_truth1-1-1,3,50,50,2026080903,selected_rank,B_G2_time_average,target_unsupported_selected_rank,0.0,False,0,,False,,,,,,,,True,False,0.0,,,0.0,0.9796106439891635,,,theorem_covered,True,6fb83e7a9b613aff311a8dff6a9d158909e60b218ab5f9041bc71bb7d21e1b75,success,success,success,success
inference_diagnostic,aa152561964a7ec3,dgp3_N50_T50_r2026080903_truth1-1-1,3,50,50,2026080903,selected_rank,B_G2_minus_G1_time_average,target_unsupported_selected_rank,0.0,False,0,,False,,,,,,,,True,False,0.0,,,0.0,0.9691812209321099,,,theorem_covered,True,6fb83e7a9b613aff311a8dff6a9d158909e60b218ab5f9041bc71bb7d21e1b75,success,success,success,success
inference_diagnostic,aa152561964a7ec3,dgp4_N100_T100_r2026080901_truth1-1-1,4,100,100,2026080901,selected_rank,A_entry,target_unsupported_selected_rank,0.0,False,0,,False,,,,,,,,True,False,0.0,,,0.0,0.11684192136697222,0.7547914165696107,0.6150544202744241,theorem_covered,True,673c651ab23354886ca6e9c3267d76761aa53585c582f93b414a0c36ede3f1fb,,,,
inference_diagnostic,aa152561964a7ec3,dgp4_N100_T100_r2026080901_truth1-1-1,4,100,100,2026080901,selected_rank,B_entry,target_unsupported_selected_rank,0.0,False,0,,False,,,,,,,,True,False,0.0,,,0.0,0.10054944005861677,0.19914478603173347,0.8134942349319387,theorem_covered,True,673c651ab23354886ca6e9c3267d76761aa53585c582f93b414a0c36ede3f1fb,,,,
inference_diagnostic,aa152561964a7ec3,dgp4_N100_T100_r2026080901_truth1-1-1,4,100,100,2026080901,selected_rank,A_fixed_time_mean,target_unsupported_selected_rank,0.0,False,0,,False,,,,,,,,True,False,0.0,,,0.0,0.9924403303200501,,,theorem_covered,True,673c651ab23354886ca6e9c3267d76761aa53585c582f93b414a0c36ede3f1fb,,,,
inference_diagnostic,aa152561964a7ec3,dgp4_N100_T100_r2026080901_truth1-1-1,4,100,100,2026080901,selected_rank,B_fixed_time_mean,target_unsupported_selected_rank,0.0,False,0,,False,,,,,,,,True,False,0.0,,,0.0,0.9523819850687872,,,theorem_covered,True,673c651ab23354886ca6e9c3267d76761aa53585c582f93b414a0c36ede3f1fb,,,,
inference_diagnostic,aa152561964a7ec3,dgp4_N100_T100_r2026080901_truth1-1-1,4,100,100,2026080901,selected_rank,A_full_mean,target_unsupported_selected_rank,0.0,False,0,,False,,,,,,,,True,False,0.0,,,0.0,0.9997197293283426,,,theorem_covered,True,673c651ab23354886ca6e9c3267d76761aa53585c582f93b414a0c36ede3f1fb,success,success,success,success
inference_diagnostic,aa152561964a7ec3,dgp4_N100_T100_r2026080901_truth1-1-1,4,100,100,2026080901,selected_rank,B_full_mean,target_unsupported_selected_rank,0.0,False,0,,False,,,,,,,,True,False,0.0,,,0.0,0.9972091056459231,,,theorem_covered,True,673c651ab23354886ca6e9c3267d76761aa53585c582f93b414a0c36ede3f1fb,success,success,success,success
inference_diagnostic,aa152561964a7ec3,dgp4_N100_T100_r2026080901_truth1-1-1,4,100,100,2026080901,selected_rank,A_G1_fixed_time,target_unsupported_selected_rank,0.0,False,0,,False,,,,,,,,True,False,0.0,,,0.0,0.6371407533224904,,,theorem_covered,True,673c651ab23354886ca6e9c3267d76761aa53585c582f93b414a0c36ede3f1fb,,,,
inference_diagnostic,aa152561964a7ec3,dgp4_N100_T100_r2026080901_truth1-1-1,4,100,100,2026080901,selected_rank,A_G2_fixed_time,target_unsupported_selected_rank,0.0,False,0,,False,,,,,,,,True,False,0.0,,,0.0,0.7708377347730739,,,theorem_covered,True,673c651ab23354886ca6e9c3267d76761aa53585c582f93b414a0c36ede3f1fb,,,,
inference_diagnostic,aa152561964a7ec3,dgp4_N100_T100_r2026080901_truth1-1-1,4,100,100,2026080901,selected_rank,A_G2_minus_G1_fixed_time,target_unsupported_selected_rank,0.0,False,0,,False,,,,,,,,True,False,0.0,,,0.0,0.12329372915385782,,,theorem_covered,True,673c651ab23354886ca6e9c3267d76761aa53585c582f93b414a0c36ede3f1fb,,,,
inference_diagnostic,aa152561964a7ec3,dgp4_N100_T100_r2026080901_truth1-1-1,4,100,100,2026080901,selected_rank,A_G1_time_average,target_unsupported_selected_rank,0.0,False,0,,False,,,,,,,,True,False,0.0,,,0.0,0.9888859337776387,,,theorem_covered,True,673c651ab23354886ca6e9c3267d76761aa53585c582f93b414a0c36ede3f1fb,success,success,success,success
inference_diagnostic,aa152561964a7ec3,dgp4_N100_T100_r2026080901_truth1-1-1,4,100,100,2026080901,selected_rank,A_G2_time_average,target_unsupported_selected_rank,0.0,False,0,,False,,,,,,,,True,False,0.0,,,0.0,0.9924212189881969,,,theorem_covered,True,673c651ab23354886ca6e9c3267d76761aa53585c582f93b414a0c36ede3f1fb,success,success,success,success
inference_diagnostic,aa152561964a7ec3,dgp4_N100_T100_r2026080901_truth1-1-1,4,100,100,2026080901,selected_rank,A_G2_minus_G1_time_average,target_unsupported_selected_rank,0.0,False,0,,False,,,,,,,,True,False,0.0,,,0.0,0.9815068663605772,,,theorem_covered,True,673c651ab23354886ca6e9c3267d76761aa53585c582f93b414a0c36ede3f1fb,success,success,success,success
inference_diagnostic,aa152561964a7ec3,dgp4_N100_T100_r2026080901_truth1-1-1,4,100,100,2026080901,selected_rank,B_G1_fixed_time,target_unsupported_selected_rank,0.0,False,0,,False,,,,,,,,True,False,0.0,,,0.0,0.5417491671405669,,,theorem_covered,True,673c651ab23354886ca6e9c3267d76761aa53585c582f93b414a0c36ede3f1fb,,,,
inference_diagnostic,aa152561964a7ec3,dgp4_N100_T100_r2026080901_truth1-1-1,4,100,100,2026080901,selected_rank,B_G2_fixed_time,target_unsupported_selected_rank,0.0,False,0,,False,,,,,,,,True,False,0.0,,,0.0,0.8116565505781669,,,theorem_covered,True,673c651ab23354886ca6e9c3267d76761aa53585c582f93b414a0c36ede3f1fb,,,,
inference_diagnostic,aa152561964a7ec3,dgp4_N100_T100_r2026080901_truth1-1-1,4,100,100,2026080901,selected_rank,B_G2_minus_G1_fixed_time,target_unsupported_selected_rank,0.0,False,0,,False,,,,,,,,True,False,0.0,,,0.0,0.21271358844790286,,,theorem_covered,True,673c651ab23354886ca6e9c3267d76761aa53585c582f93b414a0c36ede3f1fb,,,,
inference_diagnostic,aa152561964a7ec3,dgp4_N100_T100_r2026080901_truth1-1-1,4,100,100,2026080901,selected_rank,B_G1_time_average,target_unsupported_selected_rank,0.0,False,0,,False,,,,,,,,True,False,0.0,,,0.0,0.9785912277474783,,,theorem_covered,True,673c651ab23354886ca6e9c3267d76761aa53585c582f93b414a0c36ede3f1fb,success,success,success,success
inference_diagnostic,aa152561964a7ec3,dgp4_N100_T100_r2026080901_truth1-1-1,4,100,100,2026080901,selected_rank,B_G2_time_average,target_unsupported_selected_rank,0.0,False,0,,False,,,,,,,,True,False,0.0,,,0.0,0.9897182828054064,,,theorem_covered,True,673c651ab23354886ca6e9c3267d76761aa53585c582f93b414a0c36ede3f1fb,success,success,success,success
inference_diagnostic,aa152561964a7ec3,dgp4_N100_T100_r2026080901_truth1-1-1,4,100,100,2026080901,selected_rank,B_G2_minus_G1_time_average,target_unsupported_selected_rank,0.0,False,0,,False,,,,,,,,True,False,0.0,,,0.0,0.9709567806861745,,,theorem_covered,True,673c651ab23354886ca6e9c3267d76761aa53585c582f93b414a0c36ede3f1fb,success,success,success,success
inference_diagnostic,aa152561964a7ec3,dgp4_N100_T100_r2026080902_truth1-1-1,4,100,100,2026080902,selected_rank,A_entry,target_unsupported_selected_rank,0.0,False,0,,False,,,,,,,,True,False,0.0,,,0.0,0.12414576074522864,0.6158374167203093,0.9311137210673965,theorem_covered,True,a439177546ba3960f04b232817dab5cbc9466597692ef97cbc96b315202bf663,,,,
inference_diagnostic,aa152561964a7ec3,dgp4_N100_T100_r2026080902_truth1-1-1,4,100,100,2026080902,selected_rank,B_entry,target_unsupported_selected_rank,0.0,False,0,,False,,,,,,,,True,False,0.0,,,0.0,0.11602420258994622,0.13884421916463754,1.208995960499738,theorem_covered,True,a439177546ba3960f04b232817dab5cbc9466597692ef97cbc96b315202bf663,,,,
inference_diagnostic,aa152561964a7ec3,dgp4_N100_T100_r2026080902_truth1-1-1,4,100,100,2026080902,selected_rank,A_fixed_time_mean,target_unsupported_selected_rank,0.0,False,0,,False,,,,,,,,True,False,0.0,,,0.0,0.9919479737595789,,,theorem_covered,True,a439177546ba3960f04b232817dab5cbc9466597692ef97cbc96b315202bf663,,,,
inference_diagnostic,aa152561964a7ec3,dgp4_N100_T100_r2026080902_truth1-1-1,4,100,100,2026080902,selected_rank,B_fixed_time_mean,target_unsupported_selected_rank,0.0,False,0,,False,,,,,,,,True,False,0.0,,,0.0,0.9536462456700281,,,theorem_covered,True,a439177546ba3960f04b232817dab5cbc9466597692ef97cbc96b315202bf663,,,,
inference_diagnostic,aa152561964a7ec3,dgp4_N100_T100_r2026080902_truth1-1-1,4,100,100,2026080902,selected_rank,A_full_mean,target_unsupported_selected_rank,0.0,False,0,,False,,,,,,,,True,False,0.0,,,0.0,0.9997036109989033,,,theorem_covered,True,a439177546ba3960f04b232817dab5cbc9466597692ef97cbc96b315202bf663,success,success,success,success
inference_diagnostic,aa152561964a7ec3,dgp4_N100_T100_r2026080902_truth1-1-1,4,100,100,2026080902,selected_rank,B_full_mean,target_unsupported_selected_rank,0.0,False,0,,False,,,,,,,,True,False,0.0,,,0.0,0.9971072038996404,,,theorem_covered,True,a439177546ba3960f04b232817dab5cbc9466597692ef97cbc96b315202bf663,success,success,success,success
inference_diagnostic,aa152561964a7ec3,dgp4_N100_T100_r2026080902_truth1-1-1,4,100,100,2026080902,selected_rank,A_G1_fixed_time,target_unsupported_selected_rank,0.0,False,0,,False,,,,,,,,True,False,0.0,,,0.0,0.6347250826330852,,,theorem_covered,True,a439177546ba3960f04b232817dab5cbc9466597692ef97cbc96b315202bf663,,,,
inference_diagnostic,aa152561964a7ec3,dgp4_N100_T100_r2026080902_truth1-1-1,4,100,100,2026080902,selected_rank,A_G2_fixed_time,target_unsupported_selected_rank,0.0,False,0,,False,,,,,,,,True,False,0.0,,,0.0,0.7748574287136629,,,theorem_covered,True,a439177546ba3960f04b232817dab5cbc9466597692ef97cbc96b315202bf663,,,,
inference_diagnostic,aa152561964a7ec3,dgp4_N100_T100_r2026080902_truth1-1-1,4,100,100,2026080902,selected_rank,A_G2_minus_G1_fixed_time,target_unsupported_selected_rank,0.0,False,0,,False,,,,,,,,True,False,0.0,,,0.0,0.13899346283402247,,,theorem_covered,True,a439177546ba3960f04b232817dab5cbc9466597692ef97cbc96b315202bf663,,,,
inference_diagnostic,aa152561964a7ec3,dgp4_N100_T100_r2026080902_truth1-1-1,4,100,100,2026080902,selected_rank,A_G1_time_average,target_unsupported_selected_rank,0.0,False,0,,False,,,,,,,,True,False,0.0,,,0.0,0.9889058279074704,,,theorem_covered,True,a439177546ba3960f04b232817dab5cbc9466597692ef97cbc96b315202bf663,success,success,success,success
inference_diagnostic,aa152561964a7ec3,dgp4_N100_T100_r2026080902_truth1-1-1,4,100,100,2026080902,selected_rank,A_G2_time_average,target_unsupported_selected_rank,0.0,False,0,,False,,,,,,,,True,False,0.0,,,0.0,0.992589495093258,,,theorem_covered,True,a439177546ba3960f04b232817dab5cbc9466597692ef97cbc96b315202bf663,success,success,success,success
inference_diagnostic,aa152561964a7ec3,dgp4_N100_T100_r2026080902_truth1-1-1,4,100,100,2026080902,selected_rank,A_G2_minus_G1_time_average,target_unsupported_selected_rank,0.0,False,0,,False,,,,,,,,True,False,0.0,,,0.0,0.9817134675630185,,,theorem_covered,True,a439177546ba3960f04b232817dab5cbc9466597692ef97cbc96b315202bf663,success,success,success,success
inference_diagnostic,aa152561964a7ec3,dgp4_N100_T100_r2026080902_truth1-1-1,4,100,100,2026080902,selected_rank,B_G1_fixed_time,target_unsupported_selected_rank,0.0,False,0,,False,,,,,,,,True,False,0.0,,,0.0,0.5580734934486126,,,theorem_covered,True,a439177546ba3960f04b232817dab5cbc9466597692ef97cbc96b315202bf663,,,,
inference_diagnostic,aa152561964a7ec3,dgp4_N100_T100_r2026080902_truth1-1-1,4,100,100,2026080902,selected_rank,B_G2_fixed_time,target_unsupported_selected_rank,0.0,False,0,,False,,,,,,,,True,False,0.0,,,0.0,0.8001217079846098,,,theorem_covered,True,a439177546ba3960f04b232817dab5cbc9466597692ef97cbc96b315202bf663,,,,
inference_diagnostic,aa152561964a7ec3,dgp4_N100_T100_r2026080902_truth1-1-1,4,100,100,2026080902,selected_rank,B_G2_minus_G1_fixed_time,target_unsupported_selected_rank,0.0,False,0,,False,,,,,,,,True,False,0.0,,,0.0,0.2054254361017849,,,theorem_covered,True,a439177546ba3960f04b232817dab5cbc9466597692ef97cbc96b315202bf663,,,,
inference_diagnostic,aa152561964a7ec3,dgp4_N100_T100_r2026080902_truth1-1-1,4,100,100,2026080902,selected_rank,B_G1_time_average,target_unsupported_selected_rank,0.0,False,0,,False,,,,,,,,True,False,0.0,,,0.0,0.977790123360787,,,theorem_covered,True,a439177546ba3960f04b232817dab5cbc9466597692ef97cbc96b315202bf663,success,success,success,success
inference_diagnostic,aa152561964a7ec3,dgp4_N100_T100_r2026080902_truth1-1-1,4,100,100,2026080902,selected_rank,B_G2_time_average,target_unsupported_selected_rank,0.0,False,0,,False,,,,,,,,True,False,0.0,,,0.0,0.9884564396680262,,,theorem_covered,True,a439177546ba3960f04b232817dab5cbc9466597692ef97cbc96b315202bf663,success,success,success,success
inference_diagnostic,aa152561964a7ec3,dgp4_N100_T100_r2026080902_truth1-1-1,4,100,100,2026080902,selected_rank,B_G2_minus_G1_time_average,target_unsupported_selected_rank,0.0,False,0,,False,,,,,,,,True,False,0.0,,,0.0,0.9689669150154391,,,theorem_covered,True,a439177546ba3960f04b232817dab5cbc9466597692ef97cbc96b315202bf663,success,success,success,success
inference_diagnostic,aa152561964a7ec3,dgp4_N100_T100_r2026080903_truth1-1-1,4,100,100,2026080903,selected_rank,A_entry,target_unsupported_selected_rank,0.0,False,0,,False,,,,,,,,True,False,0.0,,,0.0,0.1439470712251441,0.8795631183584964,1.2030947911328713,theorem_covered,True,102412e519b349051e880e413c96805747a1f22053d1abace5e0953dcc4138b9,,,,
inference_diagnostic,aa152561964a7ec3,dgp4_N100_T100_r2026080903_truth1-1-1,4,100,100,2026080903,selected_rank,B_entry,target_unsupported_selected_rank,0.0,False,0,,False,,,,,,,,True,False,0.0,,,0.0,0.09608385311678587,0.6506446787414135,0.27435105477435506,theorem_covered,True,102412e519b349051e880e413c96805747a1f22053d1abace5e0953dcc4138b9,,,,
inference_diagnostic,aa152561964a7ec3,dgp4_N100_T100_r2026080903_truth1-1-1,4,100,100,2026080903,selected_rank,A_fixed_time_mean,target_unsupported_selected_rank,0.0,False,0,,False,,,,,,,,True,False,0.0,,,0.0,0.9905842638293563,,,theorem_covered,True,102412e519b349051e880e413c96805747a1f22053d1abace5e0953dcc4138b9,,,,
inference_diagnostic,aa152561964a7ec3,dgp4_N100_T100_r2026080903_truth1-1-1,4,100,100,2026080903,selected_rank,B_fixed_time_mean,target_unsupported_selected_rank,0.0,False,0,,False,,,,,,,,True,False,0.0,,,0.0,0.9531184828080626,,,theorem_covered,True,102412e519b349051e880e413c96805747a1f22053d1abace5e0953dcc4138b9,,,,
inference_diagnostic,aa152561964a7ec3,dgp4_N100_T100_r2026080903_truth1-1-1,4,100,100,2026080903,selected_rank,A_full_mean,target_unsupported_selected_rank,0.0,False,0,,False,,,,,,,,True,False,0.0,,,0.0,0.999720683470306,,,theorem_covered,True,102412e519b349051e880e413c96805747a1f22053d1abace5e0953dcc4138b9,success,success,success,success
inference_diagnostic,aa152561964a7ec3,dgp4_N100_T100_r2026080903_truth1-1-1,4,100,100,2026080903,selected_rank,B_full_mean,target_unsupported_selected_rank,0.0,False,0,,False,,,,,,,,True,False,0.0,,,0.0,0.9965908631018101,,,theorem_covered,True,102412e519b349051e880e413c96805747a1f22053d1abace5e0953dcc4138b9,success,success,success,success
inference_diagnostic,aa152561964a7ec3,dgp4_N100_T100_r2026080903_truth1-1-1,4,100,100,2026080903,selected_rank,A_G1_fixed_time,target_unsupported_selected_rank,0.0,False,0,,False,,,,,,,,True,False,0.0,,,0.0,0.6269016414696263,,,theorem_covered,True,102412e519b349051e880e413c96805747a1f22053d1abace5e0953dcc4138b9,,,,
inference_diagnostic,aa152561964a7ec3,dgp4_N100_T100_r2026080903_truth1-1-1,4,100,100,2026080903,selected_rank,A_G2_fixed_time,target_unsupported_selected_rank,0.0,False,0,,False,,,,,,,,True,False,0.0,,,0.0,0.7827745974163125,,,theorem_covered,True,102412e519b349051e880e413c96805747a1f22053d1abace5e0953dcc4138b9,,,,
inference_diagnostic,aa152561964a7ec3,dgp4_N100_T100_r2026080903_truth1-1-1,4,100,100,2026080903,selected_rank,A_G2_minus_G1_fixed_time,target_unsupported_selected_rank,0.0,False,0,,False,,,,,,,,True,False,0.0,,,0.0,0.15647541241752513,,,theorem_covered,True,102412e519b349051e880e413c96805747a1f22053d1abace5e0953dcc4138b9,,,,
inference_diagnostic,aa152561964a7ec3,dgp4_N100_T100_r2026080903_truth1-1-1,4,100,100,2026080903,selected_rank,A_G1_time_average,target_unsupported_selected_rank,0.0,False,0,,False,,,,,,,,True,False,0.0,,,0.0,0.990914199003183,,,theorem_covered,True,102412e519b349051e880e413c96805747a1f22053d1abace5e0953dcc4138b9,success,success,success,success
inference_diagnostic,aa152561964a7ec3,dgp4_N100_T100_r2026080903_truth1-1-1,4,100,100,2026080903,selected_rank,A_G2_time_average,target_unsupported_selected_rank,0.0,False,0,,False,,,,,,,,True,False,0.0,,,0.0,0.9942128242458719,,,theorem_covered,True,102412e519b349051e880e413c96805747a1f22053d1abace5e0953dcc4138b9,success,success,success,success
inference_diagnostic,aa152561964a7ec3,dgp4_N100_T100_r2026080903_truth1-1-1,4,100,100,2026080903,selected_rank,A_G2_minus_G1_time_average,target_unsupported_selected_rank,0.0,False,0,,False,,,,,,,,True,False,0.0,,,0.0,0.985357115325576,,,theorem_covered,True,102412e519b349051e880e413c96805747a1f22053d1abace5e0953dcc4138b9,success,success,success,success
inference_diagnostic,aa152561964a7ec3,dgp4_N100_T100_r2026080903_truth1-1-1,4,100,100,2026080903,selected_rank,B_G1_fixed_time,target_unsupported_selected_rank,0.0,False,0,,False,,,,,,,,True,False,0.0,,,0.0,0.522938043708786,,,theorem_covered,True,102412e519b349051e880e413c96805747a1f22053d1abace5e0953dcc4138b9,,,,
inference_diagnostic,aa152561964a7ec3,dgp4_N100_T100_r2026080903_truth1-1-1,4,100,100,2026080903,selected_rank,B_G2_fixed_time,target_unsupported_selected_rank,0.0,False,0,,False,,,,,,,,True,False,0.0,,,0.0,0.827227829026154,,,theorem_covered,True,102412e519b349051e880e413c96805747a1f22053d1abace5e0953dcc4138b9,,,,
inference_diagnostic,aa152561964a7ec3,dgp4_N100_T100_r2026080903_truth1-1-1,4,100,100,2026080903,selected_rank,B_G2_minus_G1_fixed_time,target_unsupported_selected_rank,0.0,False,0,,False,,,,,,,,True,False,0.0,,,0.0,0.2221153673273283,,,theorem_covered,True,102412e519b349051e880e413c96805747a1f22053d1abace5e0953dcc4138b9,,,,
inference_diagnostic,aa152561964a7ec3,dgp4_N100_T100_r2026080903_truth1-1-1,4,100,100,2026080903,selected_rank,B_G1_time_average,target_unsupported_selected_rank,0.0,False,0,,False,,,,,,,,True,False,0.0,,,0.0,0.9726210601453744,,,theorem_covered,True,102412e519b349051e880e413c96805747a1f22053d1abace5e0953dcc4138b9,success,success,success,success
inference_diagnostic,aa152561964a7ec3,dgp4_N100_T100_r2026080903_truth1-1-1,4,100,100,2026080903,selected_rank,B_G2_time_average,target_unsupported_selected_rank,0.0,False,0,,False,,,,,,,,True,False,0.0,,,0.0,0.9881965094371266,,,theorem_covered,True,102412e519b349051e880e413c96805747a1f22053d1abace5e0953dcc4138b9,success,success,success,success
inference_diagnostic,aa152561964a7ec3,dgp4_N100_T100_r2026080903_truth1-1-1,4,100,100,2026080903,selected_rank,B_G2_minus_G1_time_average,target_unsupported_selected_rank,0.0,False,0,,False,,,,,,,,True,False,0.0,,,0.0,0.964018007862937,,,theorem_covered,True,102412e519b349051e880e413c96805747a1f22053d1abace5e0953dcc4138b9,success,success,success,success
inference_diagnostic,aa152561964a7ec3,dgp4_N50_T50_r2026080901_truth1-1-1,4,50,50,2026080901,selected_rank,A_entry,target_unsupported_selected_rank,0.0,False,0,,False,,,,,,,,True,False,0.0,,,0.0,0.17661922046994394,0.8969144768697013,0.6749097007240165,theorem_covered,True,a1b997dcb183691ba1ba367a6e2155d66291753ed9f53dbabe9d6f1e37fcdd9f,,,,
inference_diagnostic,aa152561964a7ec3,dgp4_N50_T50_r2026080901_truth1-1-1,4,50,50,2026080901,selected_rank,B_entry,target_unsupported_selected_rank,0.0,False,0,,False,,,,,,,,True,False,0.0,,,0.0,0.24469062435788091,1.327799934007139,1.7113209862782457,theorem_covered,True,a1b997dcb183691ba1ba367a6e2155d66291753ed9f53dbabe9d6f1e37fcdd9f,,,,
inference_diagnostic,aa152561964a7ec3,dgp4_N50_T50_r2026080901_truth1-1-1,4,50,50,2026080901,selected_rank,A_fixed_time_mean,target_unsupported_selected_rank,0.0,False,0,,False,,,,,,,,True,False,0.0,,,0.0,0.9922033785917871,,,theorem_covered,True,a1b997dcb183691ba1ba367a6e2155d66291753ed9f53dbabe9d6f1e37fcdd9f,,,,
inference_diagnostic,aa152561964a7ec3,dgp4_N50_T50_r2026080901_truth1-1-1,4,50,50,2026080901,selected_rank,B_fixed_time_mean,target_unsupported_selected_rank,0.0,False,0,,False,,,,,,,,True,False,0.0,,,0.0,0.9385828253166717,,,theorem_covered,True,a1b997dcb183691ba1ba367a6e2155d66291753ed9f53dbabe9d6f1e37fcdd9f,,,,
inference_diagnostic,aa152561964a7ec3,dgp4_N50_T50_r2026080901_truth1-1-1,4,50,50,2026080901,selected_rank,A_full_mean,target_unsupported_selected_rank,0.0,False,0,,False,,,,,,,,True,False,0.0,,,0.0,0.999722820990399,,,theorem_covered,True,a1b997dcb183691ba1ba367a6e2155d66291753ed9f53dbabe9d6f1e37fcdd9f,success,success,success,success
inference_diagnostic,aa152561964a7ec3,dgp4_N50_T50_r2026080901_truth1-1-1,4,50,50,2026080901,selected_rank,B_full_mean,target_unsupported_selected_rank,0.0,False,0,,False,,,,,,,,True,False,0.0,,,0.0,0.9963676477183465,,,theorem_covered,True,a1b997dcb183691ba1ba367a6e2155d66291753ed9f53dbabe9d6f1e37fcdd9f,success,success,success,success
inference_diagnostic,aa152561964a7ec3,dgp4_N50_T50_r2026080901_truth1-1-1,4,50,50,2026080901,selected_rank,A_G1_fixed_time,target_unsupported_selected_rank,0.0,False,0,,False,,,,,,,,True,False,0.0,,,0.0,0.6391258303081754,,,theorem_covered,True,a1b997dcb183691ba1ba367a6e2155d66291753ed9f53dbabe9d6f1e37fcdd9f,,,,
inference_diagnostic,aa152561964a7ec3,dgp4_N50_T50_r2026080901_truth1-1-1,4,50,50,2026080901,selected_rank,A_G2_fixed_time,target_unsupported_selected_rank,0.0,False,0,,False,,,,,,,,True,False,0.0,,,0.0,0.773828778785039,,,theorem_covered,True,a1b997dcb183691ba1ba367a6e2155d66291753ed9f53dbabe9d6f1e37fcdd9f,,,,
inference_diagnostic,aa152561964a7ec3,dgp4_N50_T50_r2026080901_truth1-1-1,4,50,50,2026080901,selected_rank,A_G2_minus_G1_fixed_time,target_unsupported_selected_rank,0.0,False,0,,False,,,,,,,,True,False,0.0,,,0.0,0.15108031425073695,,,theorem_covered,True,a1b997dcb183691ba1ba367a6e2155d66291753ed9f53dbabe9d6f1e37fcdd9f,,,,
inference_diagnostic,aa152561964a7ec3,dgp4_N50_T50_r2026080901_truth1-1-1,4,50,50,2026080901,selected_rank,A_G1_time_average,target_unsupported_selected_rank,0.0,False,0,,False,,,,,,,,True,False,0.0,,,0.0,0.9893894399717456,,,theorem_covered,True,a1b997dcb183691ba1ba367a6e2155d66291753ed9f53dbabe9d6f1e37fcdd9f,success,success,success,success
inference_diagnostic,aa152561964a7ec3,dgp4_N50_T50_r2026080901_truth1-1-1,4,50,50,2026080901,selected_rank,A_G2_time_average,target_unsupported_selected_rank,0.0,False,0,,False,,,,,,,,True,False,0.0,,,0.0,0.9928159080643619,,,theorem_covered,True,a1b997dcb183691ba1ba367a6e2155d66291753ed9f53dbabe9d6f1e37fcdd9f,success,success,success,success
inference_diagnostic,aa152561964a7ec3,dgp4_N50_T50_r2026080901_truth1-1-1,4,50,50,2026080901,selected_rank,A_G2_minus_G1_time_average,target_unsupported_selected_rank,0.0,False,0,,False,,,,,,,,True,False,0.0,,,0.0,0.9824098800522489,,,theorem_covered,True,a1b997dcb183691ba1ba367a6e2155d66291753ed9f53dbabe9d6f1e37fcdd9f,success,success,success,success
inference_diagnostic,aa152561964a7ec3,dgp4_N50_T50_r2026080901_truth1-1-1,4,50,50,2026080901,selected_rank,B_G1_fixed_time,target_unsupported_selected_rank,0.0,False,0,,False,,,,,,,,True,False,0.0,,,0.0,0.5148312770255581,,,theorem_covered,True,a1b997dcb183691ba1ba367a6e2155d66291753ed9f53dbabe9d6f1e37fcdd9f,,,,
inference_diagnostic,aa152561964a7ec3,dgp4_N50_T50_r2026080901_truth1-1-1,4,50,50,2026080901,selected_rank,B_G2_fixed_time,target_unsupported_selected_rank,0.0,False,0,,False,,,,,,,,True,False,0.0,,,0.0,0.8414627471268195,,,theorem_covered,True,a1b997dcb183691ba1ba367a6e2155d66291753ed9f53dbabe9d6f1e37fcdd9f,,,,
inference_diagnostic,aa152561964a7ec3,dgp4_N50_T50_r2026080901_truth1-1-1,4,50,50,2026080901,selected_rank,B_G2_minus_G1_fixed_time,target_unsupported_selected_rank,0.0,False,0,,False,,,,,,,,True,False,0.0,,,0.0,0.30360019536646354,,,theorem_covered,True,a1b997dcb183691ba1ba367a6e2155d66291753ed9f53dbabe9d6f1e37fcdd9f,,,,
inference_diagnostic,aa152561964a7ec3,dgp4_N50_T50_r2026080901_truth1-1-1,4,50,50,2026080901,selected_rank,B_G1_time_average,target_unsupported_selected_rank,0.0,False,0,,False,,,,,,,,True,False,0.0,,,0.0,0.9773626796828769,,,theorem_covered,True,a1b997dcb183691ba1ba367a6e2155d66291753ed9f53dbabe9d6f1e37fcdd9f,success,success,success,success
inference_diagnostic,aa152561964a7ec3,dgp4_N50_T50_r2026080901_truth1-1-1,4,50,50,2026080901,selected_rank,B_G2_time_average,target_unsupported_selected_rank,0.0,False,0,,False,,,,,,,,True,False,0.0,,,0.0,0.9910697817118262,,,theorem_covered,True,a1b997dcb183691ba1ba367a6e2155d66291753ed9f53dbabe9d6f1e37fcdd9f,success,success,success,success
inference_diagnostic,aa152561964a7ec3,dgp4_N50_T50_r2026080901_truth1-1-1,4,50,50,2026080901,selected_rank,B_G2_minus_G1_time_average,target_unsupported_selected_rank,0.0,False,0,,False,,,,,,,,True,False,0.0,,,0.0,0.9719612288766653,,,theorem_covered,True,a1b997dcb183691ba1ba367a6e2155d66291753ed9f53dbabe9d6f1e37fcdd9f,success,success,success,success
inference_diagnostic,aa152561964a7ec3,dgp4_N50_T50_r2026080902_truth1-1-1,4,50,50,2026080902,selected_rank,A_entry,target_unsupported_selected_rank,0.0,False,0,,False,,,,,,,,True,False,0.0,,,0.0,0.21248824775065178,1.000394802030167,1.2828347947883458,theorem_covered,True,97221dafce836db780cd6756ae626ad4e1025ef9027c4a01891ef3fc9140595d,,,,
inference_diagnostic,aa152561964a7ec3,dgp4_N50_T50_r2026080902_truth1-1-1,4,50,50,2026080902,selected_rank,B_entry,target_unsupported_selected_rank,0.0,False,0,,False,,,,,,,,True,False,0.0,,,0.0,0.16162209509773637,0.6451403568179424,0.6695842406903164,theorem_covered,True,97221dafce836db780cd6756ae626ad4e1025ef9027c4a01891ef3fc9140595d,,,,
inference_diagnostic,aa152561964a7ec3,dgp4_N50_T50_r2026080902_truth1-1-1,4,50,50,2026080902,selected_rank,A_fixed_time_mean,target_unsupported_selected_rank,0.0,False,0,,False,,,,,,,,True,False,0.0,,,0.0,0.9924354251208295,,,theorem_covered,True,97221dafce836db780cd6756ae626ad4e1025ef9027c4a01891ef3fc9140595d,,,,
inference_diagnostic,aa152561964a7ec3,dgp4_N50_T50_r2026080902_truth1-1-1,4,50,50,2026080902,selected_rank,B_fixed_time_mean,target_unsupported_selected_rank,0.0,False,0,,False,,,,,,,,True,False,0.0,,,0.0,0.9532847020560017,,,theorem_covered,True,97221dafce836db780cd6756ae626ad4e1025ef9027c4a01891ef3fc9140595d,,,,
inference_diagnostic,aa152561964a7ec3,dgp4_N50_T50_r2026080902_truth1-1-1,4,50,50,2026080902,selected_rank,A_full_mean,target_unsupported_selected_rank,0.0,False,0,,False,,,,,,,,True,False,0.0,,,0.0,0.9996745957426788,,,theorem_covered,True,97221dafce836db780cd6756ae626ad4e1025ef9027c4a01891ef3fc9140595d,success,success,success,success
inference_diagnostic,aa152561964a7ec3,dgp4_N50_T50_r2026080902_truth1-1-1,4,50,50,2026080902,selected_rank,B_full_mean,target_unsupported_selected_rank,0.0,False,0,,False,,,,,,,,True,False,0.0,,,0.0,0.9967535294623545,,,theorem_covered,True,97221dafce836db780cd6756ae626ad4e1025ef9027c4a01891ef3fc9140595d,success,success,success,success
inference_diagnostic,aa152561964a7ec3,dgp4_N50_T50_r2026080902_truth1-1-1,4,50,50,2026080902,selected_rank,A_G1_fixed_time,target_unsupported_selected_rank,0.0,False,0,,False,,,,,,,,True,False,0.0,,,0.0,0.6468825270399242,,,theorem_covered,True,97221dafce836db780cd6756ae626ad4e1025ef9027c4a01891ef3fc9140595d,,,,
inference_diagnostic,aa152561964a7ec3,dgp4_N50_T50_r2026080902_truth1-1-1,4,50,50,2026080902,selected_rank,A_G2_fixed_time,target_unsupported_selected_rank,0.0,False,0,,False,,,,,,,,True,False,0.0,,,0.0,0.7751078534931056,,,theorem_covered,True,97221dafce836db780cd6756ae626ad4e1025ef9027c4a01891ef3fc9140595d,,,,
inference_diagnostic,aa152561964a7ec3,dgp4_N50_T50_r2026080902_truth1-1-1,4,50,50,2026080902,selected_rank,A_G2_minus_G1_fixed_time,target_unsupported_selected_rank,0.0,False,0,,False,,,,,,,,True,False,0.0,,,0.0,0.18525958895961628,,,theorem_covered,True,97221dafce836db780cd6756ae626ad4e1025ef9027c4a01891ef3fc9140595d,,,,
inference_diagnostic,aa152561964a7ec3,dgp4_N50_T50_r2026080902_truth1-1-1,4,50,50,2026080902,selected_rank,A_G1_time_average,target_unsupported_selected_rank,0.0,False,0,,False,,,,,,,,True,False,0.0,,,0.0,0.9873666768532304,,,theorem_covered,True,97221dafce836db780cd6756ae626ad4e1025ef9027c4a01891ef3fc9140595d,success,success,success,success
inference_diagnostic,aa152561964a7ec3,dgp4_N50_T50_r2026080902_truth1-1-1,4,50,50,2026080902,selected_rank,A_G2_time_average,target_unsupported_selected_rank,0.0,False,0,,False,,,,,,,,True,False,0.0,,,0.0,0.9913450153362958,,,theorem_covered,True,97221dafce836db780cd6756ae626ad4e1025ef9027c4a01891ef3fc9140595d,success,success,success,success
inference_diagnostic,aa152561964a7ec3,dgp4_N50_T50_r2026080902_truth1-1-1,4,50,50,2026080902,selected_rank,A_G2_minus_G1_time_average,target_unsupported_selected_rank,0.0,False,0,,False,,,,,,,,True,False,0.0,,,0.0,0.9789323759172699,,,theorem_covered,True,97221dafce836db780cd6756ae626ad4e1025ef9027c4a01891ef3fc9140595d,success,success,success,success
inference_diagnostic,aa152561964a7ec3,dgp4_N50_T50_r2026080902_truth1-1-1,4,50,50,2026080902,selected_rank,B_G1_fixed_time,target_unsupported_selected_rank,0.0,False,0,,False,,,,,,,,True,False,0.0,,,0.0,0.5342742114400463,,,theorem_covered,True,97221dafce836db780cd6756ae626ad4e1025ef9027c4a01891ef3fc9140595d,,,,
inference_diagnostic,aa152561964a7ec3,dgp4_N50_T50_r2026080902_truth1-1-1,4,50,50,2026080902,selected_rank,B_G2_fixed_time,target_unsupported_selected_rank,0.0,False,0,,False,,,,,,,,True,False,0.0,,,0.0,0.8247458519422997,,,theorem_covered,True,97221dafce836db780cd6756ae626ad4e1025ef9027c4a01891ef3fc9140595d,,,,
inference_diagnostic,aa152561964a7ec3,dgp4_N50_T50_r2026080902_truth1-1-1,4,50,50,2026080902,selected_rank,B_G2_minus_G1_fixed_time,target_unsupported_selected_rank,0.0,False,0,,False,,,,,,,,True,False,0.0,,,0.0,0.23854335063445659,,,theorem_covered,True,97221dafce836db780cd6756ae626ad4e1025ef9027c4a01891ef3fc9140595d,,,,
inference_diagnostic,aa152561964a7ec3,dgp4_N50_T50_r2026080902_truth1-1-1,4,50,50,2026080902,selected_rank,B_G1_time_average,target_unsupported_selected_rank,0.0,False,0,,False,,,,,,,,True,False,0.0,,,0.0,0.9742881102700317,,,theorem_covered,True,97221dafce836db780cd6756ae626ad4e1025ef9027c4a01891ef3fc9140595d,success,success,success,success
inference_diagnostic,aa152561964a7ec3,dgp4_N50_T50_r2026080902_truth1-1-1,4,50,50,2026080902,selected_rank,B_G2_time_average,target_unsupported_selected_rank,0.0,False,0,,False,,,,,,,,True,False,0.0,,,0.0,0.9885754296345114,,,theorem_covered,True,97221dafce836db780cd6756ae626ad4e1025ef9027c4a01891ef3fc9140595d,success,success,success,success
inference_diagnostic,aa152561964a7ec3,dgp4_N50_T50_r2026080902_truth1-1-1,4,50,50,2026080902,selected_rank,B_G2_minus_G1_time_average,target_unsupported_selected_rank,0.0,False,0,,False,,,,,,,,True,False,0.0,,,0.0,0.9659198224464363,,,theorem_covered,True,97221dafce836db780cd6756ae626ad4e1025ef9027c4a01891ef3fc9140595d,success,success,success,success
inference_diagnostic,aa152561964a7ec3,dgp4_N50_T50_r2026080903_truth1-1-1,4,50,50,2026080903,selected_rank,A_entry,target_unsupported_selected_rank,0.0,False,0,,False,,,,,,,,True,False,0.0,,,0.0,0.18560877034037912,0.6645486756323215,1.072233127832462,theorem_covered,True,54c453d5a4ed9bc913448e95a773f362e3ff642638ebecba48b1b332465befb1,,,,
inference_diagnostic,aa152561964a7ec3,dgp4_N50_T50_r2026080903_truth1-1-1,4,50,50,2026080903,selected_rank,B_entry,target_unsupported_selected_rank,0.0,False,0,,False,,,,,,,,True,False,0.0,,,0.0,0.1489315166475341,0.31401499552794876,0.8000393239132032,theorem_covered,True,54c453d5a4ed9bc913448e95a773f362e3ff642638ebecba48b1b332465befb1,,,,
inference_diagnostic,aa152561964a7ec3,dgp4_N50_T50_r2026080903_truth1-1-1,4,50,50,2026080903,selected_rank,A_fixed_time_mean,target_unsupported_selected_rank,0.0,False,0,,False,,,,,,,,True,False,0.0,,,0.0,0.9901861547198545,,,theorem_covered,True,54c453d5a4ed9bc913448e95a773f362e3ff642638ebecba48b1b332465befb1,,,,
inference_diagnostic,aa152561964a7ec3,dgp4_N50_T50_r2026080903_truth1-1-1,4,50,50,2026080903,selected_rank,B_fixed_time_mean,target_unsupported_selected_rank,0.0,False,0,,False,,,,,,,,True,False,0.0,,,0.0,0.9504912856042068,,,theorem_covered,True,54c453d5a4ed9bc913448e95a773f362e3ff642638ebecba48b1b332465befb1,,,,
inference_diagnostic,aa152561964a7ec3,dgp4_N50_T50_r2026080903_truth1-1-1,4,50,50,2026080903,selected_rank,A_full_mean,target_unsupported_selected_rank,0.0,False,0,,False,,,,,,,,True,False,0.0,,,0.0,0.9996391655085456,,,theorem_covered,True,54c453d5a4ed9bc913448e95a773f362e3ff642638ebecba48b1b332465befb1,success,success,success,success
inference_diagnostic,aa152561964a7ec3,dgp4_N50_T50_r2026080903_truth1-1-1,4,50,50,2026080903,selected_rank,B_full_mean,target_unsupported_selected_rank,0.0,False,0,,False,,,,,,,,True,False,0.0,,,0.0,0.9966681118443298,,,theorem_covered,True,54c453d5a4ed9bc913448e95a773f362e3ff642638ebecba48b1b332465befb1,success,success,success,success
inference_diagnostic,aa152561964a7ec3,dgp4_N50_T50_r2026080903_truth1-1-1,4,50,50,2026080903,selected_rank,A_G1_fixed_time,target_unsupported_selected_rank,0.0,False,0,,False,,,,,,,,True,False,0.0,,,0.0,0.6325186745736345,,,theorem_covered,True,54c453d5a4ed9bc913448e95a773f362e3ff642638ebecba48b1b332465befb1,,,,
inference_diagnostic,aa152561964a7ec3,dgp4_N50_T50_r2026080903_truth1-1-1,4,50,50,2026080903,selected_rank,A_G2_fixed_time,target_unsupported_selected_rank,0.0,False,0,,False,,,,,,,,True,False,0.0,,,0.0,0.7834110728966859,,,theorem_covered,True,54c453d5a4ed9bc913448e95a773f362e3ff642638ebecba48b1b332465befb1,,,,
inference_diagnostic,aa152561964a7ec3,dgp4_N50_T50_r2026080903_truth1-1-1,4,50,50,2026080903,selected_rank,A_G2_minus_G1_fixed_time,target_unsupported_selected_rank,0.0,False,0,,False,,,,,,,,True,False,0.0,,,0.0,0.18260383846631495,,,theorem_covered,True,54c453d5a4ed9bc913448e95a773f362e3ff642638ebecba48b1b332465befb1,,,,
inference_diagnostic,aa152561964a7ec3,dgp4_N50_T50_r2026080903_truth1-1-1,4,50,50,2026080903,selected_rank,A_G1_time_average,target_unsupported_selected_rank,0.0,False,0,,False,,,,,,,,True,False,0.0,,,0.0,0.9888566254887488,,,theorem_covered,True,54c453d5a4ed9bc913448e95a773f362e3ff642638ebecba48b1b332465befb1,success,success,success,success
inference_diagnostic,aa152561964a7ec3,dgp4_N50_T50_r2026080903_truth1-1-1,4,50,50,2026080903,selected_rank,A_G2_time_average,target_unsupported_selected_rank,0.0,False,0,,False,,,,,,,,True,False,0.0,,,0.0,0.9928395197233884,,,theorem_covered,True,54c453d5a4ed9bc913448e95a773f362e3ff642638ebecba48b1b332465befb1,success,success,success,success
inference_diagnostic,aa152561964a7ec3,dgp4_N50_T50_r2026080903_truth1-1-1,4,50,50,2026080903,selected_rank,A_G2_minus_G1_time_average,target_unsupported_selected_rank,0.0,False,0,,False,,,,,,,,True,False,0.0,,,0.0,0.9819823198403063,,,theorem_covered,True,54c453d5a4ed9bc913448e95a773f362e3ff642638ebecba48b1b332465befb1,success,success,success,success
inference_diagnostic,aa152561964a7ec3,dgp4_N50_T50_r2026080903_truth1-1-1,4,50,50,2026080903,selected_rank,B_G1_fixed_time,target_unsupported_selected_rank,0.0,False,0,,False,,,,,,,,True,False,0.0,,,0.0,0.5414729090687944,,,theorem_covered,True,54c453d5a4ed9bc913448e95a773f362e3ff642638ebecba48b1b332465befb1,,,,
inference_diagnostic,aa152561964a7ec3,dgp4_N50_T50_r2026080903_truth1-1-1,4,50,50,2026080903,selected_rank,B_G2_fixed_time,target_unsupported_selected_rank,0.0,False,0,,False,,,,,,,,True,False,0.0,,,0.0,0.8156191927378276,,,theorem_covered,True,54c453d5a4ed9bc913448e95a773f362e3ff642638ebecba48b1b332465befb1,,,,
inference_diagnostic,aa152561964a7ec3,dgp4_N50_T50_r2026080903_truth1-1-1,4,50,50,2026080903,selected_rank,B_G2_minus_G1_fixed_time,target_unsupported_selected_rank,0.0,False,0,,False,,,,,,,,True,False,0.0,,,0.0,0.23450777131726472,,,theorem_covered,True,54c453d5a4ed9bc913448e95a773f362e3ff642638ebecba48b1b332465befb1,,,,
inference_diagnostic,aa152561964a7ec3,dgp4_N50_T50_r2026080903_truth1-1-1,4,50,50,2026080903,selected_rank,B_G1_time_average,target_unsupported_selected_rank,0.0,False,0,,False,,,,,,,,True,False,0.0,,,0.0,0.9753493936522698,,,theorem_covered,True,54c453d5a4ed9bc913448e95a773f362e3ff642638ebecba48b1b332465befb1,success,success,success,success
inference_diagnostic,aa152561964a7ec3,dgp4_N50_T50_r2026080903_truth1-1-1,4,50,50,2026080903,selected_rank,B_G2_time_average,target_unsupported_selected_rank,0.0,False,0,,False,,,,,,,,True,False,0.0,,,0.0,0.9884013602715948,,,theorem_covered,True,54c453d5a4ed9bc913448e95a773f362e3ff642638ebecba48b1b332465befb1,success,success,success,success
inference_diagnostic,aa152561964a7ec3,dgp4_N50_T50_r2026080903_truth1-1-1,4,50,50,2026080903,selected_rank,B_G2_minus_G1_time_average,target_unsupported_selected_rank,0.0,False,0,,False,,,,,,,,True,False,0.0,,,0.0,0.9669003896561706,,,theorem_covered,True,54c453d5a4ed9bc913448e95a773f362e3ff642638ebecba48b1b332465befb1,success,success,success,success
