relative_path,size_bytes,sha256
raw/e5824158072b2d7c/task_bundles/00/004db063f49e594b378d8a6e0996e8b9d6502fe249ac8237061b5c68b54e7e1e.bundle.json,180633,9b6661b6efcda82c37df58d50186066734321ababdae0beb518c95bc1edfb9aa
raw/e5824158072b2d7c/task_bundles/00/0076092f604cf0364c9e9314f3453eaf0b6f48978de042809d5d12c16ac79947.bundle.json,183608,fece08c146c0b8a5c47484857588f0970a206dbed4820817bd3343e8f0d9a187
raw/e5824158072b2d7c/task_bundles/00/00fc0c7e8890af38244623a988b49f569249d7ea2d1075ececb9f07a34202e10.bundle.json,179980,9d62517370309f55afd5223fbd5eccaaa498ac86be1c9df92c9979e5d434a12d
raw/e5824158072b2d7c/task_bundles/01/0107f5ea6c87efdcb22b57423d64777ac95ebdb05722ed31b950a921c40f9984.bundle.json,180646,b448a0934642df82973d44c3837749be7a4a8c7e471a311a26aa0aa9f2ec5985
raw/e5824158072b2d7c/task_bundles/01/0123c55dedba7ab66c88d2078eb4418c3f377b0c16738a255815c7b95b343171.bundle.json,180849,a1b9cd3c46c2c28b968f44bf66cef39caa92f4f77f8ec3d70e3017c588b114ee
raw/e5824158072b2d7c/task_bundles/01/014035a801aafd23d2a5df6883f81dc8fd488129769fae9f0315a19eb1088525.bundle.json,183545,07b0ccc49efdbafb323e902eed374addef2545378555c974c989723619c1ed30
raw/e5824158072b2d7c/task_bundles/01/018a0b5914b3e5119062f304c8016e0b57ee561da7a1048c9a53c3ad7cd823c9.bundle.json,189586,666b3dad0e9c673bd4963a72a4eed32e64f63d9a0d2cfd609e1cbb5e7da8eaee
raw/e5824158072b2d7c/task_bundles/01/01fa6e5ca83592c9d042d3b72e87d530900b14113fdd0418d342e159c88318e2.bundle.json,16545,ad572656135d2ce3dc4ee9101bfddb5210b8e7d5966a006b49a7516773cef528
raw/e5824158072b2d7c/task_bundles/02/020026222c5606f9f1f1e0dfd170578ceebe9f3df7815d43c6190fffb0a35c04.bundle.json,184909,50731e45d23236af960b7edf6f716eabd56ff5912db8f4fb3875150d5e8bc392
raw/e5824158072b2d7c/task_bundles/02/023da408c2111deeb024b9710ccc549a685e42b26186b412fc6405c1561cabba.bundle.json,179053,b64b748c71d93438177cc96bec98f67b2b2111559cd062be54d4b4b568e0ad85
raw/e5824158072b2d7c/task_bundles/03/033d11c2db2742db7d6a1419bc7997948d279136dcde51ef6f0a8b0e7f953c6f.bundle.json,187051,f46aebc37ca198a7a399d8ef5cfc28f1fb78e6bc69699f4dca2282e0ffec8fb2
raw/e5824158072b2d7c/task_bundles/03/03528586a3923bfc139ba0f1d45d47e7cbc705e89e42d6ebcc2cef708da8aaf2.bundle.json,188680,4c97112380df1a81549303ff542c37dd6660bc6c19dde78b4e045981bca58a9f
raw/e5824158072b2d7c/task_bundles/03/0358e01aab03ede29df446069350f91ab2d6f2f8cb4788a7d3870ae94739bd7c.bundle.json,180053,648c2ed9fa53e304f0068be1d79dfa6cd15735206de49bfc2d5b5b208432993b
raw/e5824158072b2d7c/task_bundles/03/037898c6cf731098fb9723d640020d24c29ce653c2ec25a51833e61e706802d5.bundle.json,183655,29da3e67615bec4a417f7246a5654049772fffc4d452de738eb00ccac207e015
raw/e5824158072b2d7c/task_bundles/04/04049449f9bd551051a3ad5f332b5df0938760e7453069d1d3e45bce11ce745d.bundle.json,180895,5ffb2b5c5732f3540e9a42a3fef82101d293210ab114fd61a7eca436061746be
raw/e5824158072b2d7c/task_bundles/04/0440b6e081cffdd3b19c813d699eeaf0e5a7a28629905e31aa2066cb39841251.bundle.json,189817,a8e87fcdc65ac5f8e83e94bfd3132c4abfc0087b7ec8864b0f5a9060f00dbec6
raw/e5824158072b2d7c/task_bundles/04/0461e05f1a4980a299f53250511b830548b0aa153baaca401e7830e6aff03bf3.bundle.json,181764,ae3932dcfb1615b2ec5a1737e140e37cd405265820f8aeba1b1aac94cb370ba0
raw/e5824158072b2d7c/task_bundles/04/04ba269435e83e58e0828e3c1288919573968863370c5166bfd86e0ac1ea5ca2.bundle.json,20101,fa896286a42007bf44eb9a77f6af69cba26b8098e650bf42c3b6fdd03b8622fd
raw/e5824158072b2d7c/task_bundles/05/051fbb36efa03c21feb358c0af8f5870707c0b5bd54d5558926ff9995f0d5b60.bundle.json,178529,10acb1d1d38d9f310e50f034375bd822266ee56a2e3557b49a8b9a8674c82eb0
raw/e5824158072b2d7c/task_bundles/05/05408ff6b97fce8c7ed5da646daf7a2be9a60e03eb29c3522ee420cfe5e4118f.bundle.json,180924,b6d76b19aa839d8590cb3b7deb2d072a76c60fe6a864144094b67e4c1de4b04a
raw/e5824158072b2d7c/task_bundles/05/0559b8e2accd877f0efac44fd52707225d10f7d3acbb3db48344acad6fc55f21.bundle.json,179060,226e436b7718253e9f627aa7345ab2cdf8d893faed797a3bd4fd644dd5171102
raw/e5824158072b2d7c/task_bundles/05/0570149490348a141e968c62bab12e062e75d9e7e375da2a0f3cb8a0c36149fb.bundle.json,187354,ae1a48cda5ff3c8d6c85182d0294cf417a12963adcb38b50dad952c7b5fb1727
raw/e5824158072b2d7c/task_bundles/05/05cdf053b3a4323862bd85f2dcabfe4989965c1b094727a10d2fbd49f8d263f9.bundle.json,18875,99676bcf76d11d12e784b22f8f4d558f0d23b18e6f8aeddb512a297787f09b48
raw/e5824158072b2d7c/task_bundles/06/06739c00b3f8d5ce2781cedbd95f6b44d1a63efae1ac49d48077b50a9780777e.bundle.json,16621,15390e165b9913bc7e443a280a63bf5c7def403a2a36f083ec121561177a00e7
raw/e5824158072b2d7c/task_bundles/07/0725795272f20a4a9eb20700d010b44b3fbeb2e32b8f49d072cb41d7f106db4c.bundle.json,18942,c12b6facb9a45bd859877d284389030f2ba27fe313e06fe51a6f0bc7ec07ed94
raw/e5824158072b2d7c/task_bundles/07/074745f7413c1dd1a8bf7533e4e9151462bfeeba66b2173225ee2e3ed05cca58.bundle.json,179506,bcdbbdba63b779fdbcbab6e9a65124f27b1f4bf860ee95e678e017fa97564c1c
raw/e5824158072b2d7c/task_bundles/08/0868b2f5c0b83db37bebd53c1a5a20ef3e89be68eb499fe0889694a0b36406df.bundle.json,179382,92d64c5469d0ca881b6008c410763d3ffcdb31b09eacd4fb1938031a1bd31fb7
raw/e5824158072b2d7c/task_bundles/08/08b4ce4bff7509af8dc67b477a759139f6b760376d846b5ef281dcdd64fc6011.bundle.json,182095,c15cef8d634f9da128dc0da6ff81d3b3d54d43c2dc9cd807eca12afe6b2d0cdf
raw/e5824158072b2d7c/task_bundles/08/08f6aa927d58c2ec75a168fb0cb30722c05b866f70d6eb68fd98862d62e45e3e.bundle.json,180656,097a698275a678168046c1cb55f6f8875fc59a6538664d43a85fd7e7a3eb4bfa
raw/e5824158072b2d7c/task_bundles/09/0942602a66f4fa58c764456dbb069864ddc90b994bdbab5e41614c1969d5cd5b.bundle.json,182640,8ea375dea3cb9eaad70d951b01b510c4455862a6f838844030fca21fe8e400dc
raw/e5824158072b2d7c/task_bundles/09/096c91e733a4adc7f20a926e8e3c964162cf472c9bd1fdb2f82c8bcc49121ba8.bundle.json,190239,3bab6d7dc4cba70dd4efe7373e1d9c79e392caef2de5ec4b39d01520f2460fa2
raw/e5824158072b2d7c/task_bundles/09/0995347e91f38557e0a23aa586ac6e3fc7a5233c61c9c4c8a958bf52d267b0c8.bundle.json,179113,a3daf5796a39ba508f84ce392977849075e43995973786aa6f3c6e94d58ea91b
raw/e5824158072b2d7c/task_bundles/09/09f13a77687c689b3bb9e0577387919bd3551f986d44fabc936ffde8249f97bf.bundle.json,179320,81142cbbd18ef0dd63de3b861895fdbc5ac0a7018320683ed67fa97b6cb8881c
raw/e5824158072b2d7c/task_bundles/09/09f1ba5e64dcf88c92f88679d766fa7197bb1e547b4d5659e9c251757fbae985.bundle.json,180337,cab660540e64dd501bd2229bd9c1e372d4ee014918c374f1364dfe32e3da24db
raw/e5824158072b2d7c/task_bundles/0a/0a16da97b31ecf3dd3b8582325f79cc8f8306a5b778ba137f7b8a396d228bf27.bundle.json,181677,99080a46eed8a324f96605e0e28220fbc66904ccf4baf5a89f65f81ec6b25fe6
raw/e5824158072b2d7c/task_bundles/0a/0a8274ea0677952b5ac7f8e50e0f13c32bd8e243b526cdf59e992dcd4e7abb84.bundle.json,179869,d6a78a37e0c0039454128e8492f5cefea6dc0074c126c202bab347deb1fe906d
raw/e5824158072b2d7c/task_bundles/0a/0a8ff5e5786c4ee30a58099b23c7ae131e987a4178f89606c71894e1688cf850.bundle.json,178940,87e235ed95af1be87000b364389ac8d54da63ccc499d655fbcedfcc5e287a769
raw/e5824158072b2d7c/task_bundles/0a/0a90b7b5109fa445647ce313275243259ce8e9f374e6a56b07eb6ec627439501.bundle.json,180918,27ccb4991879ef45c004502cbd3bfd3f4318f0b42684d7e052961649a519c01a
raw/e5824158072b2d7c/task_bundles/0a/0aa873216732e40c1cf89f47ead132a44dde6396f9b91258dcf1be04a4bb79a9.bundle.json,16629,d1fc39f52a90ee9d6ae2793f6411e2449f8e4884ba5440eae34a59eb1f351de8
raw/e5824158072b2d7c/task_bundles/0a/0ac10f7a9fc05492a782dacda567a8c8843d634a4de7aa148c494bb0be88d8e4.bundle.json,179804,d308b5a9b8cb3137d3bdda19642b9b460d90fdfd195256e395a7f1b0418cb621
raw/e5824158072b2d7c/task_bundles/0a/0ac22dd151b062b8d20618c3391a7f1df440b48fbe311a41444fd7d3d3b3644d.bundle.json,180128,0b3c8304b1c70ee02c0be043e62f09e232ceaeb2b685ff4830804ce9ec3a52aa
raw/e5824158072b2d7c/task_bundles/0b/0be225aae657792f972f569f86ce77ee2285f58336063311180af5fa2b97a119.bundle.json,178641,4059593acab603b420e5e33f08d8a702885dc85f11eb1f46965426349fa17949
raw/e5824158072b2d7c/task_bundles/0b/0beaab6f2d74a65f033858f2d4cf39e7e7cd91558b18ff53a35eaa94246c3693.bundle.json,184655,18c97080ca094162162aeca3bf5a0f6b3e8c5c5b97085ccad6b7540f0b45d717
raw/e5824158072b2d7c/task_bundles/0c/0c1ceea4e783399362efc1c1d8d59b4254aa09c08d5fbda3ab8b2c011d95d7d0.bundle.json,182427,a194e9680440f2d96fdc7fbd6e22b5e7cf8d5f53b5a34038824d44d2f34930c9
raw/e5824158072b2d7c/task_bundles/0c/0c45988d5f22fe0b6ed35dbd3f20baf4693acea02ce389099702c7665f7c52de.bundle.json,179735,6b2480b50237265ebf746d80a68a8f404d5a64659f9edc985bb49dadd802ea5d
raw/e5824158072b2d7c/task_bundles/0c/0ca43cfd0e4a7d2e52e4f1d5ac14f110348f5cfda071f8a6dd4cc91ae55946a9.bundle.json,16972,b8c1f0d1ac8cdac1de69df54a005c27af66dd12a6bf1eef72b488c442e88f701
raw/e5824158072b2d7c/task_bundles/0c/0cca21d43d59c5c170252b523922f137e263ac46851887b260e38540a56ea568.bundle.json,180255,64a9ee525f92646ea40722aa848bc52fa74b0047437c1f0be8a113a9d4692434
raw/e5824158072b2d7c/task_bundles/0c/0cd25e377ab0a3b4605ff56cc0c55247cb7b8fb007a77033a7b277f86052b272.bundle.json,179519,6db8d0ce448e6940255338bbe8ceae1507efe3ea56faf1ccfccb289f16f973cc
raw/e5824158072b2d7c/task_bundles/0c/0ce2615125efd5285982dc2c9f3dccaa2db0534b41fc83d64bc8d93030ab7b6c.bundle.json,178848,b7a7d0770d4302e6926e32d445b34f95d788971da03d2fb68889b28f3469369f
raw/e5824158072b2d7c/task_bundles/0d/0d09471147afadeb5bae7eb87088b0ee476415a41156ae63156d4ab27d43fc6e.bundle.json,178895,4931feb684d39a3d71e7564cf30e044ed5955762e5b07406ab9fd063713cfd5f
raw/e5824158072b2d7c/task_bundles/0d/0d1979eae5c838b30f18a2f52226d4c0dc11d7cbaf12a75ceeb9d8a54e147b83.bundle.json,181520,662de4936f1bcf2820f6fbd378813f455c6f8151b987a6400433be6e63509885
raw/e5824158072b2d7c/task_bundles/0d/0d6562e6518a42a10f1d0bac3e714036b8da91d74022b1e47c03b657b82e0a10.bundle.json,180089,58b24a95063bc6d636e018e4716c1d837f3739958ca8f7b347e2b043cadd818e
raw/e5824158072b2d7c/task_bundles/0d/0d6580ca011adbffe5fe9cf026f5813b45a883d56a7e480d80eb34a898aaebb1.bundle.json,180142,a95c1ef6b366195589e161eaa035dd297c0dba9420ac755c131154d52d6184c4
raw/e5824158072b2d7c/task_bundles/0d/0d84e3006596d435f6653e7fc72e9daa18fd5144a38e09b5cea2be1f8c394fcb.bundle.json,178168,50d9119e2a847fbb8350b92940324dbf56db9a5834a5e6b02cbedd949cc429c5
raw/e5824158072b2d7c/task_bundles/0d/0d899e5c92ce9c634ccf658fc39256e9541128ff1b3ca973c9a51bae98f23764.bundle.json,16508,3f7000e3ca2ecde7873348b5347e71ef9b0329f0937bf7ba6d398221f75855c8
raw/e5824158072b2d7c/task_bundles/0d/0da05f376cfffd02127ffbfb8bfdd1e0711aaee26c9729f74ee78180d32b7a99.bundle.json,180386,fc8746d680ede00fbf89945ed31dacf6096159f80ff6f3972a1014a731307b18
raw/e5824158072b2d7c/task_bundles/0d/0dd0b32c6aa432460edade2cbf91c01e5455bb4524de0b61a6bc23e1453efca0.bundle.json,182518,5bbc4fbebbce5bd9df143607309e53f20ac2800dc9a7244dda4c4a50c1e96d2d
raw/e5824158072b2d7c/task_bundles/0d/0df06558b7eae0bba1cf5df4277c518157101dbc05f6018befb379f2e310cebf.bundle.json,16814,060027fc36a604b601b4fe7eade6df0a7f7a8b45c8a034f464affa71ce008aa5
raw/e5824158072b2d7c/task_bundles/0e/0e43f2a80213ab6b0fcb9609fe3895c8d6c71c38f1f6b5bb25c956991f2a31a4.bundle.json,178336,203bceb3af99f21c1d328c0c7848cd60cf38f53c6c5f28246797229afb5fff0c
raw/e5824158072b2d7c/task_bundles/0e/0e93d165bc17202072f56eddc19407fbc5a41d63e4a5c79550e2953a1e79ebdb.bundle.json,181122,13b4208b01fe90af1e17766a1847946ccf6ec5feb9f0a6e90e09fe3b20e0eb1b
raw/e5824158072b2d7c/task_bundles/0f/0f64e094dae3ef243d8f70b577a57d4d8e69637653ba5ac264d1594ef67bbdc9.bundle.json,192164,323d275bca391ea3b00fd1a95c94b5d0254853d70e4e91e669d1f25080c04aa2
raw/e5824158072b2d7c/task_bundles/0f/0fd3e09745eda1f166ddb23267d2363f1ed7dcb2fb0702b29f8abc23f3673fda.bundle.json,182542,5f68ed5d832ae1cf0753b1bcef3e3c548c074a3f58139721983efc41f04539f8
raw/e5824158072b2d7c/task_bundles/10/1003ca0fb5ddca8eba40fbedc20dfd2ec153ebef2c69eba585f5b3d48a20b19b.bundle.json,179998,6e9086fbb9d3cfaec3e1a542d4b454653643b296e5f55adb46251910bdd85c27
raw/e5824158072b2d7c/task_bundles/11/1108122abc9ef191ce1998310c2f2b1c3f10da507ecd9f7181912dafc7d295a4.bundle.json,182915,ac64c1b0d42d0a90a6a0c051846a344d39de159e5470ee90a9fc9595f3b464a7
raw/e5824158072b2d7c/task_bundles/11/114644d52bc7ad226f6cf63fca8cbb81aec9c129c894c6ec8bf10fd6cc32f1ee.bundle.json,180159,d4c52a67b974a15ee9c316811ad5b3d7314c139358e008c741bcf4eaeb5cda1c
raw/e5824158072b2d7c/task_bundles/11/1158027287a792296bcc7afdf88fa2526fda7aaafc8f1d39e68d497ff90cbb8a.bundle.json,179684,952a12bfc71b83c1e765a5ecef9ef54e6f42ed090617ddbc812a9494ff308d2d
raw/e5824158072b2d7c/task_bundles/11/115fea02814c8a921fcf32aaf858b53feee1a72db9008e7706d17a9c98331142.bundle.json,181583,cbae42e2d621bfd99719ead8b523c8b16ab731e96eeccac536c2e0d510c41be4
raw/e5824158072b2d7c/task_bundles/11/1165d45b9209b2cbef825f2ea0b0e62d021440a48571bc0594958077d33e76e0.bundle.json,17825,d930b7be5d00c9565df1ec772c526f243c8c988c70fd45bda36544ea825d50b4
raw/e5824158072b2d7c/task_bundles/11/1172be49e6714517a7c389e10ec1da11b1fa64c5289b4595afa01f71c6c13434.bundle.json,181787,e71297cf35bff2e7e961712742d69aa086339bd0e66018b6d1c79bf2bd5af1b0
raw/e5824158072b2d7c/task_bundles/11/11e0494d8cc48c69fee90a94b5bd026756a0f9c3d455aba2b8b15b5b7d657f3d.bundle.json,17460,fc73ddece7bf4bc0f851e373668e37290441bb715f27daa60b4a6172b235b31e
raw/e5824158072b2d7c/task_bundles/12/121f11a2a9c349f773bf130625126d1aae4c677f649ed2cc83302a63d07852c6.bundle.json,181994,c0d60e3b680f146d57a768d0317d1cca985f3e8acb42428dc7ffd6eb2bfb02ae
raw/e5824158072b2d7c/task_bundles/12/12a40a38a15bfa3bd8e2a945588759a8dc9b813862ca53d7f643e8103851311e.bundle.json,187180,989b7a5ee5abf8e8567cc3e8214d19394a363af0f99bb31c9f272d3d490871ae
raw/e5824158072b2d7c/task_bundles/12/12c55111946b899740423173141f4b5fe3a412b72b19e72f9852e70808071da2.bundle.json,181383,941194efd7efd55bc6eb39499fde0a6bd85aae09bf40ec46e3926feef1191e7c
raw/e5824158072b2d7c/task_bundles/12/12db756738106e3b8256f11a803d24ba79992bc063a8cbc92e9f58fea95411ec.bundle.json,178903,8c2256f9e8ef843abe52e321eb16ae1b07b8994d690ed16805baf72bdba291e8
raw/e5824158072b2d7c/task_bundles/13/13175be07210ff512e4fd71768a78891af9d9f3a693f54a02cba9f77ff6103bc.bundle.json,17628,287f2c4fb51ba671857439d4358ab049205c288a53b26354a717212e3cff6627
raw/e5824158072b2d7c/task_bundles/13/1337e887fd227ba48c80b1526a8b434b595a0c46657ebf213f1c1960b2a5bbb9.bundle.json,180730,be5bb7bf69c1a53548114a04b900e442418160605ff28b8da07164e80eecfe97
raw/e5824158072b2d7c/task_bundles/13/13444cf4abd6f1982be17d4374fea17d6a975755942136b6705e62a7d6211f9c.bundle.json,180559,9153fc5796cf39f16f7d04182b1511fc09c58e05eac7e14cbcd089841a24746d
raw/e5824158072b2d7c/task_bundles/13/13cd30fb4671c931fbf73c114073fd13119f35751b00fbe858cb918683315e35.bundle.json,180166,6fa1b1afa819c2ab6deae09a1b2dd15a1eb558bed5cf82ab6e44109a459b8bd5
raw/e5824158072b2d7c/task_bundles/13/13d964f939f72eba22af15021fed3052b2ca4d659597d0e1590cc74fd534cec9.bundle.json,191109,10d47f2e0b4aaf873a77ef3f0d96ac7ac81d831b5d027fd0cf0860d30b8a4b17
raw/e5824158072b2d7c/task_bundles/13/13eabb63fa28caf60da05f6b129d3e0c86170cf18aed4ad91a54bafd37726d71.bundle.json,182919,1b7655b99cfc2a348fe428269c5ce9835e7c5bce6a66471c4c3bcb52af38dc45
raw/e5824158072b2d7c/task_bundles/14/14d040808503b13e8fdd49d696def696944d62bc8f50dbba59aeef98ca1ffb95.bundle.json,179056,b6a8a3c056696ecd552a24fd7e39ce0218c4c02ff3226086fbb587adc5746811
raw/e5824158072b2d7c/task_bundles/14/14dbaa3c5a9d8c2c2d744120080d0bb105fcc3058052c39e5b544a26e88a7784.bundle.json,180731,3eecf888ccdc641740597659276d2634a5963e5dd8063ce6c1093a828e17b4d2
raw/e5824158072b2d7c/task_bundles/15/154f6a134faacfcb058451e5381a15b94e5f9e496b590a21705b1a427bf3e828.bundle.json,180425,6b38316ca55b41f06176be0ad3698036b552c8866f74bdfe867c1a5301383d90
raw/e5824158072b2d7c/task_bundles/15/158c9b7e5ec6e4fc44725d6dd37bac8eeeb18dc2a50fd9e044a68dd97fc64907.bundle.json,179974,ce01075561c916e0a15bc81b8b8fd8e40beafaeab70e6cfe41a559902d44a96d
raw/e5824158072b2d7c/task_bundles/15/15b11e936436ceff81b9c1a1ee72a974edb38ce8b16014172f3ae082fa3c1022.bundle.json,192458,516ff86f5675ef6ea6c8d40db12efb98d52fcd1522c76bf17f052fad22199d09
raw/e5824158072b2d7c/task_bundles/15/15dd9149b2ca5bf386a4fcd8bc149398517a3d9747b2fb183c2e5ce3335cb4f0.bundle.json,178418,b1fd34cc09d790c42c26313d7d5aae405c9ffbdcf0176fe7618a953d32560796
raw/e5824158072b2d7c/task_bundles/16/1609772c2a479bcbda10e82cc93552f8945925eae493c95462aed6eadc243de6.bundle.json,179369,65df01bd85c602f97067471b86a763a2e76d51ffab43159268ceb0e22ab3eb46
raw/e5824158072b2d7c/task_bundles/16/16172488384db4a40d66b2f4428d4d2aff8aadd77f6fc6c9a980844dfa1d8caa.bundle.json,180431,540b498c0096871937c7c38033a01c07b012798d27d13165399d6d510386e8b1
raw/e5824158072b2d7c/task_bundles/16/1618d02365e485ac6b248c5011390d8780ed2dde1ca90171385a4e9f000a0fc9.bundle.json,18310,69f2c00c876692710b5a7d4f4b3f10725e7d20ac4ef9b312eaa7b0b537b2e94f
raw/e5824158072b2d7c/task_bundles/16/16b5af8100daabb693979bb556897eca5903e97a48def9ad35c3c5dcee6e0526.bundle.json,179614,a5ac9463901d01d0e901aeeb73df04d37a6fe8afb068ccf4388d757bb33d9824
raw/e5824158072b2d7c/task_bundles/16/16bd89b763fbe12d641a253f5d4cde04ff42252f4fd64a79aa24515fd38c2ed3.bundle.json,16907,8ea08b73167fb5e956c9409ff0d4a284ef33cdc22179b465c63fa2ce2dd12e71
raw/e5824158072b2d7c/task_bundles/17/1734aa9bf117d5bb68668f7f0d50cbd591246bb73b45c9c8e540fb24afa486e3.bundle.json,180594,2a248f18fffd544f0cfc8d14c348f7d2baa2a69ef4c32638961269d4c33beaa2
raw/e5824158072b2d7c/task_bundles/17/173e73d1ea6ce5dca303f0ef73e6a10b642231a0768dc7a351791cfc59d379bc.bundle.json,177580,abd6940bfe92e03f86d0c18e5b1fa817b61f7d98efab5f5411a2a7d88d755e59
raw/e5824158072b2d7c/task_bundles/17/17e43945a3b95d0ed716345c11a267a415b0ba757adc9c63f765fae4292a4f4b.bundle.json,178754,b54e8d9c3a79910016684aaab11549e9d213217a42a53d2be57e70190715e1a9
raw/e5824158072b2d7c/task_bundles/18/184277eb8815c9d02740d3b497c96c327a7f8177940f475032aab1ba99c1936c.bundle.json,179406,8e8b7c80062d97c0027ca28ac8ae998acab3ce881a7186d3ea6e2df6155d545d
raw/e5824158072b2d7c/task_bundles/18/18601480edffd751c1483696e3a1f57767f3b219d35e90699a5a708ec693f580.bundle.json,180182,35c031754ce32d3d835442f11e8a4291f157d0ba9b79fc37ea19a7975254787b
raw/e5824158072b2d7c/task_bundles/18/188ddc426c7ab78475b3d6e44b7061ed9e737468c3937b988a672195c39b7aad.bundle.json,178980,36d32f376e883d2be76a08cb7f2bbd0f56ecdb6c06e9ea768a2947e987d46661
raw/e5824158072b2d7c/task_bundles/18/18afa858e200041174d5f4f97fae9bb3a4b7b339ac45452e6aa2645deca37cd7.bundle.json,179269,aa6a3474c9d4b83dd8e4287e7e08f520bfad5badc9e23f51f9c6d4d4df4584b3
raw/e5824158072b2d7c/task_bundles/18/18d5601917865e3d53f43ce63463aecf8e9a53115096f5dedfd7fa4e36ea176f.bundle.json,181101,9e7f2a8379143c4f7b480c1a84c8832915a84f5873d74e55f407926dbed8ed91
raw/e5824158072b2d7c/task_bundles/19/1921ea620c1a828ea70f7e2f52d26a1417503d78b8652648b07c2453a63e2a38.bundle.json,179564,477adfe6e149fa6ea909759debe5052282ff4719efe939cc28fcbcb44c59633d
raw/e5824158072b2d7c/task_bundles/19/19ac22cfc8c9e82e049605c19f91de60f90e8bc38c14e706daceda2d71110c57.bundle.json,16320,dca6ba0d31242bd96a588598cb24bf24d2a3fc21137c92578b8d56334b84fcb0
raw/e5824158072b2d7c/task_bundles/19/19bf15164c55000b373286493aaee5436a86797e93eee285ee022713010e9b56.bundle.json,187792,8e0405a7897f411c530ba6db904e43e5899c39b36d58ac110fe262523e95ba5f
raw/e5824158072b2d7c/task_bundles/19/19ec145e0e1258b6654b84b988ab89c2f88262b480635c3568b5bae3e6d1f829.bundle.json,180349,a76cf18c86e5d5164e4821acc05621001f61c310988134b72bbd61ad8c9357e3
raw/e5824158072b2d7c/task_bundles/1a/1a977cf000831b23550a314a9197d1462c0edf204e21e7090e50d2cd1284639a.bundle.json,180011,a081606ee1b893cd829adec5adf2c646caee1226d6303bedc2a3d37015ad29c2
raw/e5824158072b2d7c/task_bundles/1a/1a9e226e848db3f9f51f4412970c6acbf2196dff5bf43b18bc36ceea87d0d5f9.bundle.json,182405,1e5595257bab2050ecd015d0d25aefdd7a2e485bc97974d3a21dc9ccb2b9fe52
raw/e5824158072b2d7c/task_bundles/1a/1ac527f025bcb08f964a0f99d973367268af5eca6542a0c1e516b06e7dc2366a.bundle.json,181812,8a3e3b60f67a57be3a5830477ce5fcf1080f0de722a276c14eb3d6df1970c19a
raw/e5824158072b2d7c/task_bundles/1a/1af416ecd5c5379701e283c24dc4a7eba3bf4f497a9f2f7d6c2ef4cf25a29f08.bundle.json,178861,9e27086f4f065cbecc5b49325bfeefedb0461b9998442e86d0aea77ff2ffa6dd
raw/e5824158072b2d7c/task_bundles/1b/1b0b62db36d9ab4354cd2050da4fa0c071737c90be3669980b9df873468b207e.bundle.json,180413,3112fb910feadeb8497698f3facc2f8a2bff77b502f225d4ed61b9a9e0ea077e
raw/e5824158072b2d7c/task_bundles/1b/1b441e646bad77ae4f325d906d9f74ad878d3d4114229ae0dea1b24a0138cebc.bundle.json,179166,f20689b15ebf05ed915a36ff5b1419398644ad8f34afff588f1a3ba3b7978f17
raw/e5824158072b2d7c/task_bundles/1b/1b4b2b272a3d89bef61923c687d0025fb9e3610c3a439825f7cc5668f1ac6ee6.bundle.json,180581,9d81a43c02589e7039ae35563c480d0f549971283e7d22f79f8233bea6555ac6
raw/e5824158072b2d7c/task_bundles/1b/1b6607c716f4b9b0789ecf89c60af6a4131637383246f71be0be3aae318270e1.bundle.json,179666,0d74aa42a2c1439a00958d7b76e887ca051427ea6a345b07b5366df9061ca236
raw/e5824158072b2d7c/task_bundles/1b/1b7f5cb1c9d8979d4848e6fd665a87b3836271fb6b07c7e148949c42064f7fdf.bundle.json,178429,450afb0abe006d4ef1ac7d492969f659e001b0c00ae00f3c9cf68c570803859a
raw/e5824158072b2d7c/task_bundles/1b/1be68445faa1c9bb8fff4fa21499b8afd6a0259983ef92c1915ac1f6669b08e4.bundle.json,180656,bb19bf766f0242d2145ba7b42a77e120a0b442976bc823e499758bff76e22c37
raw/e5824158072b2d7c/task_bundles/1c/1c1f62d4fbe5b83f4e1701f77023a6e4cb54f83b8a4ba9e631cd9c42f56c3f78.bundle.json,179483,801d12344fc1ea9b3ee4a8ab6e9e124519a66479c267ffb5f14b899fa0c168cf
raw/e5824158072b2d7c/task_bundles/1c/1c641a84260a1d3af910bfe6c6d866448e1072615303cbf9712fb04a3006f482.bundle.json,180375,4af8fb958fa14c77ad71540f2d4603184b712f35e7b7f24f2acedc5a73412bf1
raw/e5824158072b2d7c/task_bundles/1c/1c7d5bf0ce45479207568361bc6b4be81e7fb680c04a9c3c89c21f6cb85992e4.bundle.json,181171,8eb417b3487fc50ee5840723aea731403474d63b2dcaebfc4cd3af403a306590
raw/e5824158072b2d7c/task_bundles/1c/1c8d8c8cae2073394d807e41b365821c5436076a9d31aa3c3c1c86ec50206563.bundle.json,180840,b6e5277bf166d0e269c8da177bc8112fc3181742976ff150743cc2b21ca3a5ad
raw/e5824158072b2d7c/task_bundles/1d/1d1c5b186cebbb27ea75ec994c1402728dc722a09c2429d55cf69c53283cc14f.bundle.json,178847,a97d8ff79f43106e75531f490a6163cefc288f4e37eb53b2717b784f0b2b6275
raw/e5824158072b2d7c/task_bundles/1d/1d4b18810166f2047643f79bcbef39a3246e11bf1066e5d7b6c1a444dc27cd88.bundle.json,17491,e2b15b6217fba6a30f0931528d2644cb4c3ddb0f627b6b84e6c8356ce0155993
raw/e5824158072b2d7c/task_bundles/1d/1d64a62e47ababfb4395678c4a55b81bf8a7be65a401ebea5f0dad29939882a8.bundle.json,179678,4bd596897120c653857bd81771e6b588731e0487f474003bdb152677a96b7163
raw/e5824158072b2d7c/task_bundles/1d/1d9474fbc10a7ab05795fa31742cb8429364dae4f014a5007b3478b1ec82de7a.bundle.json,179633,6312b87ed313f64a26cd9a2c46c988648bcbc3bece616d6ca5f5f687deaf51d6
raw/e5824158072b2d7c/task_bundles/1d/1db6aaf0d4c47fc9e18bb8be5ebc78e7e532f1c556ee6d44065514bf64c2c1cc.bundle.json,187826,19583c843a708ebc89a65fc19a79d717e88ab961bd43fafee5fb403550ae59b6
raw/e5824158072b2d7c/task_bundles/1d/1de065ff55e4c75195f39a9a39f033d3c9c6aed78f1e2263ecb0ebb67b31b663.bundle.json,17635,7ecce09d699063732252d182442673759f3b68b9904f4e12c80ac0fb77fbcb7e
raw/e5824158072b2d7c/task_bundles/1e/1e69924122c437b632e324a989e401999a0400e543f0fbf3c105143085a3b678.bundle.json,179980,9edbf18d1f8043b53d7e9cc45c8fcfc7c0d6ccc9ad091c6a4c49d2d3d917acec
raw/e5824158072b2d7c/task_bundles/1e/1ec1254e03ab2c9c5aa2ba024ba8c16f780d6470542475545c59b4642d7a3079.bundle.json,181665,4286f51983f61badb5de34c41fa1b057b4a136d6a736b9a48c29a3a0b60d9ce9
raw/e5824158072b2d7c/task_bundles/1e/1ec3172a51298d9b3d4f76324ba65dd3d88d5c6795ba2bb646dadc8cf1bd9425.bundle.json,186550,4fb766f633733d34b064b25ee59446eccf49f820478e58a13aec412d58419cc6
raw/e5824158072b2d7c/task_bundles/1f/1fb04b45f813a64f6d3fd500fb85acedfab6bad479f3db2c537686e36464a94f.bundle.json,179759,cd0e879159dfb6ec4ff9b661ff51abf46b7debbc6c9b67a812ea6fc9ac9bedcb
raw/e5824158072b2d7c/task_bundles/1f/1fd358e4c612d3212ce548c903778591e34b567dfe2657e7838c196a26db2d0d.bundle.json,17462,1f216513de4e6c21a9bbb43e05e6f5498fea0882636e5f074674f894b1a50a58
raw/e5824158072b2d7c/task_bundles/20/20b73cca24619f7dcdcc44c588793baeefdd41ee168aa3311978982b049c9f62.bundle.json,181061,8ed8005292cb98ab74e9c96c324a2987c00e4e3d72d3811eb239345c93f40c91
raw/e5824158072b2d7c/task_bundles/20/20e93dc816bf629cd4ab3f26ecc454584a340a60c434b151af367fbc3afb2c08.bundle.json,17974,ddd064e361b116b84b9294e54bb06b8ad68c2b34e9f3d838ce7a5eb296a83f9e
raw/e5824158072b2d7c/task_bundles/20/20e9bc132b0c6edf20fd89256f962cc696dcb31c7f53ee376f4e18c7f1a5704c.bundle.json,178377,8eb9c1b773d08fb699595453651850f1e76ec8749cc692f5d4b7f6e699c10614
raw/e5824158072b2d7c/task_bundles/21/21cb36c84fe7bb4446e7434a8f7b67352653f33c6a82b089411290a015c1e24b.bundle.json,180104,1031a827ec505767b7b0500482b7131b5544536a0cd7bcf233afb715a5ccd2dd
raw/e5824158072b2d7c/task_bundles/23/2341a0cd369931ed4fa41c5ebb9a7d91bd6140d7d6da5bb1a8ba3b1a52121c37.bundle.json,181080,7b17ccf60e5939fd316a1089e4e455c64f1a65038820e6961d3942881036e690
raw/e5824158072b2d7c/task_bundles/23/236fb2b6c85fdae70d049b0688e68497a4b6c997c44b376efea3b2903f1a9ee7.bundle.json,17154,0941bbac8087c15f8a3572b9a621a55b88326ec909917398f0755cc844cede1d
raw/e5824158072b2d7c/task_bundles/23/237f7be8ea53028fdbd2396f4a033cc08b1972adf46805645339973665129100.bundle.json,190277,b568b638832826ab7b443fa485866c3a377bb633ac8756556d509197e0108316
raw/e5824158072b2d7c/task_bundles/23/239d813a03f58d31de38ecb0cebac01a292bfedf718939412bca16af7f683262.bundle.json,179736,063779768b1911d9751b84e4a565596168748aa81afe3638f8927bd47ab4f45d
raw/e5824158072b2d7c/task_bundles/23/23be995787867a90910da439fe3233ed00e0236588ef11d4d4990997c33377f2.bundle.json,179171,00c91ebb79a0e3dedb85838cd4881d62f1a47356740df6d4b98bdb44f3938ad4
raw/e5824158072b2d7c/task_bundles/24/2423ef1abf44fd76bb9a1aa1ab7ed95ed90478465e3705f8dadb681e21a89577.bundle.json,180638,5192d2ee02e6e0b343803a1a0da0d505cda8ae3fe394f04ed0e0d6ff66e15c59
raw/e5824158072b2d7c/task_bundles/24/24cc3e206e3bb13a39c49594f71dbbbff3949bcddadb05bd5d627e7a15a92e74.bundle.json,180980,a859995a06a0eca9737d198d64f069142ceafe38695fa18692281cb7c58a7c65
raw/e5824158072b2d7c/task_bundles/25/2508568487410b7829147a1a1d86b3fa54fc8bc9e11a857b41f8fa7a7108a103.bundle.json,189755,7443b47faa3b873e59797624fe04393e15306b165783e5344a02b28a11d5fd54
raw/e5824158072b2d7c/task_bundles/25/254a27b82acc45d8ccc7e70e5256281b8a70504bdd904e36f88a6fa541e6ccc4.bundle.json,181723,90e4d6f1f6be4f7bfac37c4c5f67d221406d6800c9df7bd6dc18e71045f98fc7
raw/e5824158072b2d7c/task_bundles/25/25aa45d7431ff6629ab85d62d0fa823cdc7a9841725af9e724ed318f468fc194.bundle.json,182228,abfca65371d3c46ed230d2ff11a0819465d598591269a3cb0ab227600fdada5e
raw/e5824158072b2d7c/task_bundles/26/2606c21da47eba53120bb5d585fdc943dd703231cb016e445188d1692d362b5e.bundle.json,179893,736ac99fe5082355a16c64dab165845411c5a72bb930ec613dbf3553fbc3cc7e
raw/e5824158072b2d7c/task_bundles/26/2635939ccdc8db3f89f4f600ced05545f99a8922097236e10d4cdc70e2686a8e.bundle.json,179092,6c74312ada111404fdf632ceae4e5aaf5cd27b50feadbd89d3dbe14c77f38e9c
raw/e5824158072b2d7c/task_bundles/26/264de8ac8f0028cf97d42b81b2e4369ad0c72a29eb23f0949395ef275833175f.bundle.json,182209,950af3239449c105cdefd4b272ad1a9ff94eb6da0a7e5fce344d1119a5b65caa
raw/e5824158072b2d7c/task_bundles/26/266916c8e5651be1b4a1a5c2c53ffd4b6d109c2c50b86168951ec4fbce991873.bundle.json,179151,e7643280135d6b6ecd61618e89a8b0b4268511442486d425ba55909c7c4d818c
raw/e5824158072b2d7c/task_bundles/26/26a7201114b35a92e0264a8cab1b39bb3a7ea6dab5e28c9145fdfd49bf455508.bundle.json,179509,ca8e36e7b3142a92f0a8f6150e25e398ad5bae3a86ff61223cf779b7eb4b03a9
raw/e5824158072b2d7c/task_bundles/26/26fd4674e553440e45269c541760c97cd19f4b2a807b23d44b3d03ac40a6f626.bundle.json,181405,b067b69e396456ff8ea84b9ec7106d23f9442eb7956981c09febb08ad8cdaa83
raw/e5824158072b2d7c/task_bundles/27/2725f40e4707232c0187ef7b2f573814a3a848f73a8f1a1f198d2006e45b5892.bundle.json,17462,eae19533a1f93e33a93ed801071ded6a7ff25aa99db589d7caf54bf43349f902
raw/e5824158072b2d7c/task_bundles/27/2735f359216fbed22da2095404b32e2006cc31df08b8c719ea022523bee041a4.bundle.json,179340,5ead3bf40c130bf69462921e0bf129524c566b0aa6af32acff6c89095762907c
raw/e5824158072b2d7c/task_bundles/27/27c3c90f476a3ed3ae281d288d232dfdbe85f9f37689db3cf90f74bfe9dc435c.bundle.json,188911,ca333b0a3d50e72789c46075114333e775de07f115b30dc68ea4d2af8569b700
raw/e5824158072b2d7c/task_bundles/27/27ff64f080f2c7d53968cf5a50a6322be7e16a46b98a241dc78f88733670e041.bundle.json,189769,6cbc55af4df0c27b6764ecdb8acd5ad57915597d47f3cd23fad1b5468eee1844
raw/e5824158072b2d7c/task_bundles/28/289e94da92db03c323dba254dccff4c71405dcc753cd28597d3b1f2b6bc9fc80.bundle.json,181263,d9db824981eb099ed3bde5d5e88814926972ce27c7e5e28833d4a97aa26e9e9a
raw/e5824158072b2d7c/task_bundles/28/28aa16674f8b1f1498812515bf56539695644a3cee75647b560b75ef5f501715.bundle.json,179684,44c3115180624364ba67ba93a5a888703e5d141eccb3c72b365ea2e6c867fc56
raw/e5824158072b2d7c/task_bundles/28/28ec9797c86f94e17a75f5979735e13721df9c16d014dc9e0fb285d912c25637.bundle.json,181877,dc265138a7e0c98c5e65941bf2f1dcdbdaca6c8723b59f11ef3b85f898f50d12
raw/e5824158072b2d7c/task_bundles/28/28fdc32ec9d2f71cbb55a6c019b4171986bb6d02b2a3c08ccb8ac06ec3144ca8.bundle.json,189914,5a31a5fb16a25d06418e0018ad45d64e18021428610f1bdd00e45fd7d2d376a2
raw/e5824158072b2d7c/task_bundles/29/2912da9f438044b7e492bda9e974220c68277ab331ee5be4a764c87128e55d85.bundle.json,182810,eb8881f780b8298a543b902c16d5598df48a07befcb29ccfadc7cbd5ad640c46
raw/e5824158072b2d7c/task_bundles/29/29295cbf52849d31cdd9f4d475b22e7b1956e55913f06d0dbcaaa0df49428c70.bundle.json,180548,c0dce63eb629cc045e438fdd3f8ae101a523033527f7d107cdbaf976ab733719
raw/e5824158072b2d7c/task_bundles/29/294e215cdc35c03b107fbc92ccb78d9c3e2d838d5a1504d0595bed253f967223.bundle.json,22824,157e6eb6835f089a32e110669d5b22bf6cf0449ef110329ef1fa13dcb7cafcae
raw/e5824158072b2d7c/task_bundles/29/29907526f5ec27fb9765fc6d3749b391007ddb587172c3c3710269f8a32bd51d.bundle.json,178609,768c3ace5f3bb809e42f77924e68d0b95dee6551c52de08aea41fa7f4264a480
raw/e5824158072b2d7c/task_bundles/29/29ce59a392bdf5acd2b5009ae01ef4f5d360b053859067b69ff999665b2e3f95.bundle.json,179167,17e9b9d907836a339913cdef56b35467767bcd6763e49ac4ef3ce5a6dbd8a478
raw/e5824158072b2d7c/task_bundles/2a/2a0a0fbf2aa021981c8fd6c50e7bc258595ba2e35d0b6972d85aff158685c7ab.bundle.json,180903,5b19fbe2b266a8caf0aec3487e340a30b79fc1320b70c71d4f07c0fe4edeaa91
raw/e5824158072b2d7c/task_bundles/2a/2a10497ec7ca3676c2df917248b4110072d013cab4e3c2c8523ebb80d2edf811.bundle.json,188233,cffdd770329b7c3218dcd647fcce16901fb63bca705f977364aced703e1bf649
raw/e5824158072b2d7c/task_bundles/2a/2a3a0a1904a1726618c979b7fc506b0e949ded279da9b13702927c6655cd7fb5.bundle.json,189756,6f2b307a485c8e0373c6f9df82f301edf9a5583e5f579d42b3259368c38e2f27
raw/e5824158072b2d7c/task_bundles/2a/2a80991b4aa44aca791d9c6fc567e18199b6755680db185f93ca20bc994f5487.bundle.json,179211,0c0cda3389218a78b081d818a630cb1bb4200989463d748e2ecdd6abf690b22f
raw/e5824158072b2d7c/task_bundles/2a/2ac65cd39059ae24a079d496211ed2b531ec5165e1f532a62edd200b4cf39a1c.bundle.json,182707,0c85d0e6149a3b20b9d56aea2601fc778ee4c25b6ab32e14f5ffcbbf8d361bb4
raw/e5824158072b2d7c/task_bundles/2a/2acb5942b008836ba7b393808d2e85efe4adc2e426a9f1938a04542b0cefcd63.bundle.json,178801,33744f5488ab095af85e0dd9c0f65341b38387fcd2cd5804152c66c49bb9518b
raw/e5824158072b2d7c/task_bundles/2a/2aede2b2f7fc8daedbe7066a3ca1f44c79c2153345889c64f0c013c04a4f302e.bundle.json,179669,7326e177b8663724063688840b11ec98343306b04b53d46aeeffb0589c56ba79
raw/e5824158072b2d7c/task_bundles/2a/2af237c975e9227a44250f73fc07a1dab7bc6d46f72929e3272a020ac4ace7b6.bundle.json,19463,46e62f126dbd55957509e88f50aae96feae58c9679c561e1043fd7d1d45faa14
raw/e5824158072b2d7c/task_bundles/2b/2b11ba85311705a931a97601786c369b5950bb35ad75100ad64548578f061619.bundle.json,179352,a4474562567522e55a869546d03ea8fc00877e38567146e5b6f4e7531b5d8358
raw/e5824158072b2d7c/task_bundles/2b/2b21f9623047c6fb82ec6792b0df95ae3b0b17918f8f4243936913fa62bf0839.bundle.json,19096,eee6fba90f5b25756e1ac0be15cac518d82ca8c361a26fa25e35d758e452d5ae
raw/e5824158072b2d7c/task_bundles/2b/2b52b773cc96a3cb487ad2cf8609c6c7fda392777ade9ec753c22a00d49831f7.bundle.json,190393,8ea61e1f20f7f7bc2b4bd8a04d179236362120a6bc3604a0dd791f2d76fbacaf
raw/e5824158072b2d7c/task_bundles/2b/2ba72ca0aa629a6de14c02973428c71c122ccf62e896bbf27a8c39ae904f5366.bundle.json,181220,a5c0170d78a33f1fa8474de0c02131c790fc46bfe08195400d4de87e3b640ea9
raw/e5824158072b2d7c/task_bundles/2c/2c0b0e1cd360c7f5ba82af5eedf0f91e4fcbfc4612e83d86b7158ba200faf94d.bundle.json,180799,48e36b12504edd9773c475d3606290f302672ae1ae4fa29834aefcf7c6f01749
raw/e5824158072b2d7c/task_bundles/2c/2c2167f940aa34d98fe5a1a1a2003831f977732be130f06c3027421a39e365e9.bundle.json,179612,de35fd62e9c5d87945742af339255c6d0723e51e16d76f02730a736fea1e54c6
raw/e5824158072b2d7c/task_bundles/2c/2c26c5004829028b17a8ce269ffcbe5f581aa6cfe8466072094564f47de74744.bundle.json,189536,d928e9bdaa302cb1e95e4bab96cd35cb1cb3e5c4deb8b0eab735e61fa9b6a0c2
raw/e5824158072b2d7c/task_bundles/2c/2c9dbc17ef1c9502e167af11076b04f18af4df89586c5bb05ae0b53af2b97a42.bundle.json,181679,6da88b3e569a97bf8a03b194306382b10b84f582c2ce65c4d9539ee61032d737
raw/e5824158072b2d7c/task_bundles/2c/2cbdaa0e9ddcf5261285067cb13404f8ca140b37b5f7bc04fae8337b25fd87b1.bundle.json,16823,00d20674d84b0bf7ccc7471d6e7303edcfe151ec6bc39cae72b5f3a8aa4919e2
raw/e5824158072b2d7c/task_bundles/2d/2d0367eaf5d88a56f82c6d959dab5805aafd64f58b188ab5521e69698b9a9d70.bundle.json,189884,ae216015140194cb1cf5d1baaf913e0b25e0f2f579c4b10e24b00e5e409a7e45
raw/e5824158072b2d7c/task_bundles/2d/2d08418388af1d5d2898f9b9b03b523dd3eff925448f635be0081239454efd48.bundle.json,178392,0014b60d6c668d44f72fa43a1584167caa3f2e39ba7fbd3b2c67b6772f310832
raw/e5824158072b2d7c/task_bundles/2d/2d7ea1e3c3f5f275ef6783b377c01d7dc1800b83eab2365e3eedfce340e875e2.bundle.json,179264,e5a8626a5f6be7cf8cc54e222ad2667140c370d0356351deaf6989ac93803baa
raw/e5824158072b2d7c/task_bundles/2d/2d9d69d8a812c07d056d8d18602dec3ed976d6bbff3f0d93b9b3107a23cefbfd.bundle.json,180269,39987be6d4390fa16cf0962245ee5dc369a83f601b3668e20b17ffb22a67453b
raw/e5824158072b2d7c/task_bundles/2e/2e3cf1b039534fc41e40943b35360173a3fbd6bcd4505579ecb59b12d0da67b1.bundle.json,180836,7b4ae2c59bdf3cb7cca0141cba3cc1464681c02912c31475c4ac5d94c01bf296
raw/e5824158072b2d7c/task_bundles/2e/2ec6be7cece1cec84d025c08e539a32f1a5dd32979a987bbd1f29132f6b4b8d1.bundle.json,183621,d27dc0402fc2887fa88181e3ab8089cb1ea26ca6b26011c5413083dc35fcf414
raw/e5824158072b2d7c/task_bundles/2e/2ec86b32856e7f8b3ce8aab92a127b2cd3d78ed73bf840996f09c208b232bb17.bundle.json,192546,bde2e88c1e99c130d02b68bfd0e1268d06e619a040b1e963fac2f9ba2950d0b1
raw/e5824158072b2d7c/task_bundles/2e/2ecd113b8f234a3a3b47b6b5fff80a8f68cebbf05b870a0213cdf9f442bdc78b.bundle.json,182386,22617d1da8cd8d07178c7aba4899b4d9cc868720dcebd13245e4b494da530ad1
raw/e5824158072b2d7c/task_bundles/2e/2efbdcfc5e20cfce432b9fee8719fbf2d5e3220d55e77ba1556a8ee8a11da9ac.bundle.json,179981,1e5e6e63212576e250d8fa6672c5635a4c43736a93256822395e808a667359f3
raw/e5824158072b2d7c/task_bundles/2f/2f334b549feaf46d09b503b4f753e6deeb8c664dcb93e388ef3ab062b101507a.bundle.json,180878,810139528e4ed266d2a5f327d5a95a45e1d8d6c49a41f3eaf0db3550a9ddaf06
raw/e5824158072b2d7c/task_bundles/2f/2f371746fb9e2ae60cf95c064cd7ba619cf38059a895e586f597ca5dc8b3602d.bundle.json,16466,a9095b039d023cc8e28c2fef280741978302f2e394500c335fbc2d8cf1700a50
raw/e5824158072b2d7c/task_bundles/2f/2f862339387c906402dd2a685d603e867391e902401828a987a3755667301f9a.bundle.json,182208,69550bfc994c4a7a11e19e3afaa1f53f843c458eb8a0212f8aa1404cc7998a83
raw/e5824158072b2d7c/task_bundles/30/3002432e8ba8ebecb71a6e0b110a952d6f46d8c8157993ebb4098ec338d684da.bundle.json,180065,ede2eea970c82648d6eb8c2e3b948b07231db5c2351152524127d410a63059fd
raw/e5824158072b2d7c/task_bundles/30/3014fb7b14f08c7a81b033d7738aad60c143aae214aead6fb65df5be21c44dd4.bundle.json,180211,83a72eda29f82778d2e099c57a75de51f58f498a8afc2aa8a6def664027bb234
raw/e5824158072b2d7c/task_bundles/30/30cb02e1f9749979892546447e4fa98eef5c4cc991461e40b87630443cd0477b.bundle.json,183013,b6e3ebd04cb40e560df75245efcd683614e722f9cdcf7efc883d5c3c3a45ad3b
raw/e5824158072b2d7c/task_bundles/31/310c17a4ec9faa2469803aeff0e70c6bf783c1214bd9bf93defee612b14d658e.bundle.json,181465,bcc8021c3213118f1a4691426a486ecc1432172a3bb9d65a0669b2da59fab31f
raw/e5824158072b2d7c/task_bundles/31/317ecf6704bb6318bdd9a79d28e0490df5ae5cbf5758da319c2ba193b6422642.bundle.json,180436,fe6bb08f7d76231569052172f773dc94763b233d536ac94dd942b42c22ea3e6e
raw/e5824158072b2d7c/task_bundles/32/326bbac167adb911611b005ecc01fa023d150350be98468e8fd1ab74c0df384f.bundle.json,179589,2dba63f27468186935f91c8f78a84502d01148762e078718d8310202172b1fe9
raw/e5824158072b2d7c/task_bundles/32/328c5b7088eba5175415259d6650e62d3274a6ff6ee3a7e19e8cb34c3aa4cc5f.bundle.json,178876,8310993fec5171b025254e976e18f56c70795232387aa44e30048859ed434cd2
raw/e5824158072b2d7c/task_bundles/32/32b26c6bff3f6e3794b35f201b949680d9ea3fad989ed5e9802b508cc1b46831.bundle.json,16855,90e209060a69e33eaf57f385bdbb29082fe03a7aa7337b36784857a3691005b4
raw/e5824158072b2d7c/task_bundles/32/32f1b8fca674fa3971d84709bd722599a343c9729807cf8f4a337d2d9eb83200.bundle.json,181024,fc49646e4f7e166c78668b6b86903a06f2d0f9196e882b44a68f6646cc0ffbde
raw/e5824158072b2d7c/task_bundles/33/33027ef983cdae1dac10b8598c4da4bee9338711d833c751733e607565384dce.bundle.json,179601,02b7575ab93416d7c11ace0857eedd60209ea79104cce6d21e32c61d5f9cad83
raw/e5824158072b2d7c/task_bundles/33/3348badac8d775d0b5d0ea46967820148b5ee90a6233c1437ad89d208afa87a2.bundle.json,181711,11071e4fe23498a8526704dc490b93f3c6651223cb19f59e0dc21095077f8e73
raw/e5824158072b2d7c/task_bundles/34/341c6a24b260ba0ced0df437b4b4fcefeba56229d35a8577fcb92601634d4266.bundle.json,180804,7f2069aebbcfc1c6e381bdb2947f6da9ac8054a15a9e5fed4269632ca61bf9e6
raw/e5824158072b2d7c/task_bundles/34/349bdbf8a7e96626e55b0fb8765186dfbaea20acff41b5288f56c13e64aa30f1.bundle.json,180328,e43b87427bd2060096e94dd266169e843ad9c7aa7c6f686b9f311b239f07291b
raw/e5824158072b2d7c/task_bundles/35/350ee0c97d36d34c1ca2c81decece6c9279e68480eb35fcf2b46c0103147d990.bundle.json,179244,4d844d0a3dcb6bb06c5374d59a252da07c78a79c4dcd6ed14a32b6adf3f34553
raw/e5824158072b2d7c/task_bundles/35/3541876dcb6321403a44fadb3e69182a2448493168ab62002970f50db1752296.bundle.json,20149,5dd4251cee008b9e0d787e89cde65c8bd89a642ca366d16f3f5361b99b0032e1
raw/e5824158072b2d7c/task_bundles/35/354cbe637518748e876f1857bbba1b1d84e2981226062984cc9259aa03f2b264.bundle.json,179346,05261815d5c8396cef1539311f2cb58ee818228a3e961a7e2356e9c4f06a3455
raw/e5824158072b2d7c/task_bundles/35/35796f69d781e33dcffb3061f5158133bd1894df994143d67a43d5a348b289d3.bundle.json,181052,98bee252cd3f10f6089feb3b75add741e318750367a3b9c7dc51276e877b4352
raw/e5824158072b2d7c/task_bundles/36/367bd49e79c1bd62a4dac037879be01c6a9b135356664b0a54ab407974ed6bdc.bundle.json,19317,70db99a61f7b9401dcd1275dd4daf95bd06d2f10064e2469e1333113541cbffb
raw/e5824158072b2d7c/task_bundles/37/37462af11871956247c4c07fbee346f2f1c01e16bd25e79fdb9c92fed8e52774.bundle.json,180445,b4d87767eec49b43e97138aa666b3d40aedc7a96f546ebdf374246beee591af9
raw/e5824158072b2d7c/task_bundles/37/3786a118d03217e5637bd4e142a554b89ec5f973e0830ef3774125b08e2114fb.bundle.json,179069,8c6a2e87d4a3097c691d2db35ae0b354a97c930339b9d9e4862858da0bf39bfc
raw/e5824158072b2d7c/task_bundles/38/382922e5ed4a63314896bb01c47cda3cb0661b97e48663683c13717b263f5630.bundle.json,179384,17a5c1370adcc181978e6b0c785f757787ed885e89acba1b952172fbf5a2ee7f
raw/e5824158072b2d7c/task_bundles/38/38504b3dfc6df7cf868edfd2acbdd8ef058dfb11873e32d237f3af7ce60eab4b.bundle.json,182478,228ade4bbb134ecd99da0e12823ff9771d93d66055a0919b213d1e1e524391e1
raw/e5824158072b2d7c/task_bundles/38/386f27000a054c993fc386b7e7adff8834395cd717490f021a6081bdf1cf74d2.bundle.json,179842,3107816b04c45fac1e6d4d9357caa95b68e54a06e656caaa7fcd28e696d81fcc
raw/e5824158072b2d7c/task_bundles/38/3880392fd3462d8570087f743ca6f0c7cab922243b1794b047fc7a4b6e4a9b12.bundle.json,179970,be4069c71e15cfeb4320678580845965c64f6d13c65c23f565f9e87d53f90223
raw/e5824158072b2d7c/task_bundles/38/389a4fb6c06b8f33547d975c9a282a1457368cd06a44c617559b542845215814.bundle.json,179970,2c79faba08145022a6c27a563db7b31890d854f820fa487535471b68a13142bd
raw/e5824158072b2d7c/task_bundles/38/38d8dcc1ac902b3b13dad36ea72a500d601da866242e8631b9eaa0c4878eb478.bundle.json,181545,45b221dd9f2fa5e2dc77de8bac08a1ec7d59df67d9127cef057ad992390fe04e
raw/e5824158072b2d7c/task_bundles/39/391a7bc4d4310e05b4ec8a4efd80082db621271fc97e2b40ef34dcc16c79372b.bundle.json,16369,0e079098f60aa9aa2e165ebd17d7d2507740e58cffc64e646770669c83f60b2e
raw/e5824158072b2d7c/task_bundles/39/39272188b714b3c8e02af5aa05bb1a8024472de1feed97bb522db91873eb9810.bundle.json,183148,303b3e327ecb9eb5f1dd2378a538bcb00e13f2c5895a0971262d820d9f7354b7
raw/e5824158072b2d7c/task_bundles/39/3951175e2ad53f5baa946091e2e828c10cb17603e73c8f49e0a7ce913631fbfe.bundle.json,190826,29c2506115f2f207f7bbfcc4ac1e92b834ddced40fece441fe795a919679019e
raw/e5824158072b2d7c/task_bundles/39/397d776f87f13392947a65650b7ceb51633dee9847497923b663df3821ddb3e6.bundle.json,180485,89aa834cbe778fe1f92e6627929d7737e1965ab16a97f66da244d9e970cd0765
raw/e5824158072b2d7c/task_bundles/39/39d0549503fa721448ea1b083b99d296ec5659a5d4bb892fba588579686e8da7.bundle.json,182588,999e62024e694416d3c45852a64066658f059a7954f23f7719ef6553a18fa2f4
raw/e5824158072b2d7c/task_bundles/3a/3a023e8cd6d2e6cf37c02cb0c1fb457d01b82f78ec5c076c8b4c3754ee243d11.bundle.json,17611,5a4e91ea24cc365cf86fe22fd2a6af7efce293fde2a4b4be7a4184ba6cde8d2d
raw/e5824158072b2d7c/task_bundles/3a/3a0eba160c6b829e8a5fec3546e32f61f05659d568a416e9ec4ba12832050492.bundle.json,180643,fc246d1afdfd3ae7bdf3069b76ec13e9d4d098177610e35e75654b5eb770ca2e
raw/e5824158072b2d7c/task_bundles/3a/3a36497c241d47db10f1d6b3ed11a3237ca7a56596bfc7a8643ed0037e2283b6.bundle.json,180428,44c3cc9ce8df4537ee75a183ebbb3e924004dec73d8b9f688ee60e9c51fcbb76
raw/e5824158072b2d7c/task_bundles/3a/3a7110f61fa22b8bc808c8f230e99ca3eb6067fca2beda947c4a584f1fca93c9.bundle.json,179827,c7d3d003f52660dd742a1f8dbc10a272c726b388fe90030ad5ce49eaa0467070
raw/e5824158072b2d7c/task_bundles/3a/3aaa58407f81efc71cc2d2331eeb228fbfe52126aa45e5391e738af90987c677.bundle.json,180631,1cc4951daf482d88366c4c13447607de50d5592d9eb5af590681b16971667f35
raw/e5824158072b2d7c/task_bundles/3a/3acd6114acf7f2ee2e0fbf456ad3edad016843124f898b3bbdab567ac560004e.bundle.json,181679,cf37d4c9e5444b048917f6e76a856a91fee5d9e360d1557bf19aed5b3f98b7bd
raw/e5824158072b2d7c/task_bundles/3a/3ae1143994536a1ea98a72be3be72cde4f425c4e18bb555d17ea7295351b8094.bundle.json,179640,7b3ddf48afb163e187280c560f663976ff71ecc75e12d75a6cbe10197e110b0f
raw/e5824158072b2d7c/task_bundles/3a/3af039f039f1fb0ea22b1862e899039890685712c964aa323fb91518cab8fc8b.bundle.json,180572,e15664a1a2aed534970176b330ecdff1fb77110112173cd9f2bfd4ff99941107
raw/e5824158072b2d7c/task_bundles/3b/3b07f00a27fada17343664fa7ac5584d60aa467f50c0437863bbed00e5eea544.bundle.json,178773,66ee47109355fb4be61f713a041f6d5a43e5869f35e912c3b83c23b7ae62ae77
raw/e5824158072b2d7c/task_bundles/3b/3b2caadc958d5645ba3edecaa638ad48029a664e28b27c6b41ae508b913a2c38.bundle.json,18696,cd4d0158f68eed21ba11872b181368323248e88b194b11124abfcb7eab761ace
raw/e5824158072b2d7c/task_bundles/3b/3b4ff1100d5408fe6b66b8466aa14d6ddedc7ef08a9ac1f9bfc19b862c437e43.bundle.json,189748,bb05a1bea173f2a0a26af04a0af6332bc0a967ffe092c7f5b6e2113e8112ce77
raw/e5824158072b2d7c/task_bundles/3b/3b76730f2191bff9dc85d1e49f0a83f5e6d44ceceec816b37837bf053a700aff.bundle.json,181564,e8ed8e999bc8d6c5489d57bbff885f55ba6399e3d513a86f1c781262cb505457
raw/e5824158072b2d7c/task_bundles/3b/3ba95a86a3b323a28ecd90048b24e7d1254d78638a0663eba69603477d5a4e9e.bundle.json,178744,3c0df7deff68b3fd32de2345b09e90284abf82f3752b0aab8c71ca02f58bf516
raw/e5824158072b2d7c/task_bundles/3b/3baf18e4c7e2a061193a78cd668fa9447def849c161117397fbfac507f1117ef.bundle.json,181138,5bf15dcb1203f26469e7f9c0abb4638e4d6dc11ca861d67b1c1e693b01214806
raw/e5824158072b2d7c/task_bundles/3b/3bcc8d0138195370bd7f9ddf0d829b2f491364d455883ccc90b6d3ef806fff26.bundle.json,189323,47b156d6021398c126be3e781adbcdb862e410bb9deb6fdcd2cc612b9ea847f6
raw/e5824158072b2d7c/task_bundles/3c/3c2a6bc412c66a23e2906e0f4a487b041f25163550dc5b23d16862eaf066e20d.bundle.json,181358,333a171bc0f29870bcd4315e3308537af29a4c7f3f18ea6de2094d4e3a65e0b8
raw/e5824158072b2d7c/task_bundles/3c/3c4d84be571f22a72ae19512e68d6d5b0cffdba16b83863354e331a0decc73f2.bundle.json,179864,82c5a52adc07cd0ad5266e6afd7527f3f43c2d60cb131d145ef2f4952680487b
raw/e5824158072b2d7c/task_bundles/3c/3c784f15ad11b3a2d684f1e0fb2f319018923d19121b3ca8977e0a84310529fb.bundle.json,179184,6c50fe229dd6781cbf6ca1598607b67ab4ce186ebcc23855b258f667857b54e8
raw/e5824158072b2d7c/task_bundles/3c/3c8f601f8d157ccac520774c334a6582efcae8c9303bc1c972831d9c8eddd4a2.bundle.json,183887,77668bde7b6352afabb2bee0acaf310ab7a8ed9e2d33967db31376efc24bc5a7
raw/e5824158072b2d7c/task_bundles/3d/3d2a3eff0afaf6aaf1ffaa812624ea4c07211c42fe796df9335b72888e584240.bundle.json,185362,18015dde0bdf5f7c57a21a336d706308027003c8e0d401308bc489990ed00d0e
raw/e5824158072b2d7c/task_bundles/3d/3d365d569b1b22bce56520ef45093f88090b43cd8b34a3445c364dd4b77a7265.bundle.json,180731,f8c239faa8ac34b4db588e43653e181b7115aa7dd53d9722b5839b4b82778dbe
raw/e5824158072b2d7c/task_bundles/3d/3d4c5139646dd60c0b30726595ffa05bd801a3186d1f74aef0da374cf6199d22.bundle.json,180993,53de749dfcf47d38874a4eb7380b80191fee9ed913d8d7162900d4c7e1cdff02
raw/e5824158072b2d7c/task_bundles/3d/3ddb5ca2e15f1fb46088579118579efb08f94eec94722eaa8a68c89c1073caf2.bundle.json,179981,38767ae6723d252f1bbf44fe5bb23ea0d9152b331853ede9c0620ff588e193bf
raw/e5824158072b2d7c/task_bundles/3e/3e14a0c2c1bf895b6dc6346e319fa4dc39aa0dbe76edcadb6b2425f844212b94.bundle.json,179698,28d9b051ca9d3f2e61751b7ab4e0bb4d38720877374bd987d4b62afdefd22653
raw/e5824158072b2d7c/task_bundles/3e/3eea7017c6968cead1305c7a04d3137a02534b61058b1d83ec1c8e933ded4744.bundle.json,178821,a9e35d111c5df10bc4cca92ab2523c694a696fb5a344a66457c9a5057a70f0aa
raw/e5824158072b2d7c/task_bundles/3f/3f62f19b8fcb00e1ca7ecd365dd12927d5849fc9ea6d72289822a750c17b88b8.bundle.json,183893,f7daa52dfb2919b6cf6d559b0284c40e761326321bf36d60e63e21f4580f5697
raw/e5824158072b2d7c/task_bundles/3f/3f706283159ea7c65161a902d1c406dde53fccb0acae0ed902e5d4ae2c477fda.bundle.json,180391,1ecfa8496acb4e7a0e5c8d7f001624aa0b0f339fe4eab7404b8100ed5a60603d
raw/e5824158072b2d7c/task_bundles/3f/3fc8a2438d587c405d44b8dd805ca30b36ca7a0e333e40fc89f43b6c9c569a36.bundle.json,179371,47e9a3d87de2cd77a5d6ede70a9af2c7e1368fc4e6190e54e20a383dee90ff7c
raw/e5824158072b2d7c/task_bundles/3f/3fd12a98ce56950516d7a4e6b8f39acbcc4d74d828ea605120f485138a7f2f92.bundle.json,180075,7a2141f4265fe01fc90a6a3b1bf1490e31f718cbe6c57f767420b6f62f35ead0
raw/e5824158072b2d7c/task_bundles/40/4081d145aa8fed1e4980d5febdb2251c8827f204b93d96b82240a5811a09feb9.bundle.json,179331,0ddf42005cddb402a943cc94c442c43e519b79d38a63b248b9a3fed060224089
raw/e5824158072b2d7c/task_bundles/41/41ad2d68424ada3a6827200e6b84f6f159aee30661641e127243a065e70a166e.bundle.json,16925,5dc2b823662d1d1821a1f86b3592c36c8669ec90f5ec52fc7aecb6d2f7f065c9
raw/e5824158072b2d7c/task_bundles/41/41f3dc0ec023c69fde89c7ad1e693eb25e649419038bf81c52c28677b21f2275.bundle.json,179760,dfc16c8323f56a2d4622bf8a4d20523d6d49ff92ed3a3d167a5125b0115bc531
raw/e5824158072b2d7c/task_bundles/42/429f29806f31fad758014589a6e94dfe2768dc8566b2d69be5761aa8cc6bc6fc.bundle.json,181865,1fde23f64568234fa2b8e56fd0af40dadca8233447de42c3903cd3b8a4eb1706
raw/e5824158072b2d7c/task_bundles/42/42d5d380f9911dc17680899561d7f8ea9eea928decce176aa0216986a90c30a3.bundle.json,178742,ff936b356809b85ce32aca38751e6d119e5f5191eb90f758a5f75affd846e9d7
raw/e5824158072b2d7c/task_bundles/42/42fe10f069aa34ba998b39d6f412aa6d307e210a1dd035fb96ba1d0345c7d03f.bundle.json,178243,efd763116b5be4987510350c521ffa0e84fa6209510485e07495c4265b0769fe
raw/e5824158072b2d7c/task_bundles/43/432bbf24ea62bd2e42cd5c2bcb71dd0d08c8cf33cc285a708b942e2b846d20d4.bundle.json,179557,c85b2f3460fe972cef5b8e7589fc9d17780aaadd85b35f57f519a6895ec99ba5
raw/e5824158072b2d7c/task_bundles/43/43bc9cb9d7e5918ea27ae64c9ce1704dc39a6787cd5501ee18f2d822d3a5cf04.bundle.json,16991,d646f2163e5d60b54059fb7f554b39ba16e91b8aab258474dda9e3ecea8dc780
raw/e5824158072b2d7c/task_bundles/43/43d32375a8e70517bcc5b8023f0a54168c5f9238fb31f848df9a96b1ffccb5fb.bundle.json,179382,5e8a620e0f18d1b37b5e493e3f4f8d3a5e96c73a56fbeed4e81872ab5df30ff6
raw/e5824158072b2d7c/task_bundles/43/43fd89604033c2a61f39803f7ffd0803c4c8fe742084c949e7b98641e7269812.bundle.json,179593,58c311a2cc05706616b7d699a387265cbe92413cbb43693335c92c0f9b490c35
raw/e5824158072b2d7c/task_bundles/44/44223e787505badf9cbd67caba374e76cb3f27eda78a57da2c99049a9e00ff40.bundle.json,178149,00fd831a7f2a5709c8e7ef46c99ace7743beae4449813873b54c2f786b5370cb
raw/e5824158072b2d7c/task_bundles/44/44bc7322e3dcf0acc57ac7e14a5274a1a517ef48d7ea78776c9a310f7747e7d3.bundle.json,17506,072d9420558173a171d2e45e9020661a180711211ab2ebb7073e1aa44869888b
raw/e5824158072b2d7c/task_bundles/44/44f47d8ade4878e7d6625c6c11a76c0472c95054b9bd7c9264545ec658bed391.bundle.json,181040,7bccb4cb5c14101f432032fef9f0f504766e0353e71ef23d36e89806965d9bed
raw/e5824158072b2d7c/task_bundles/45/451199798d8828e09f345f34fb1b20584effb8b8b61b69b119c4c8c470bcaab3.bundle.json,179481,6affbf3e5a4bbde096300a9d29dfb4dbca56586a6e720f4c28808d8b2426a60f
raw/e5824158072b2d7c/task_bundles/45/455da4e9cbad3345c1225ffbe1c1f2c748550f3b7754ef7da86cb6fab28a78aa.bundle.json,179441,233d79240eb6838c91f5151dcd790fb353392200ce8f8e0956a465b7a7bcdb0b
raw/e5824158072b2d7c/task_bundles/45/459c72690cb87962626cf72a426c89ef00fcf7d708b3c760f37b147327c1c9d0.bundle.json,16873,fca3a4c73f10f48794f15865291029ae438af69d24541c2bf6b32e8f240842da
raw/e5824158072b2d7c/task_bundles/45/45f00327f162cdfd79a21d788c34ff44f3748a049fa12eb2797f0cde07119e1e.bundle.json,187221,88aaede1831400ad34d3e902f799cb21e2941f90acb25a15e0c3ad72eb680400
raw/e5824158072b2d7c/task_bundles/46/46830af82681eb9251e0121ef751d1f079bf81faec70dc69e4ef8e003bdbd855.bundle.json,189240,51fc79c913502cce07723b04d7a8608832acb366cba3a0fd1c16f7a609386e7f
raw/e5824158072b2d7c/task_bundles/46/46a8532a01f83eaea8389b44fceca21e2c40f3896510cccb0fb14b944ef219f7.bundle.json,179251,76ef595db649aa94c4f46dde1b7adbf1ba8f19de09f561ef59f3216eae18a054
raw/e5824158072b2d7c/task_bundles/46/46b8d8c23f26fde32ca8e8ac3549a9ec00220798671664145d3982c5a205e3ab.bundle.json,179044,3a8729aba9a366527de4022e8fb3d787904e2061768f3eeecee110859a54027e
raw/e5824158072b2d7c/task_bundles/47/4779f782a2cd3599616b0c57853b6604a786c3b8318bdbfe5d3542001d8d4e10.bundle.json,182479,c546422ecac54964833cb51d3ad36c55830d4529aff33665bf66c0c26d0b395c
raw/e5824158072b2d7c/task_bundles/47/47a1f8116922a7d138cd71f6d2c3f8a4bea7556e96d4c4dd65cd00d7329eff97.bundle.json,180861,c3d4ffc4f438c140723ee32d5f78001ff5f0240474ed680a8d2b916c156b9ec7
raw/e5824158072b2d7c/task_bundles/48/48465783d45aed5d0234e697fc79e5aba72cd96ec5454a1b9d179e5b419c8de5.bundle.json,178859,95f99e65c3d6f16e84becd23895fbe06ae96b32283ea6b2dbfffad4fa1082eb4
raw/e5824158072b2d7c/task_bundles/48/4854fbf4a91501aff50859f36cad7527629bc8f6711bfaca7e2f9412c3f48c06.bundle.json,187574,9c473c59fc26ba020bee52e2ae24da83a299207458eaccc983374bbd34c3ddd5
raw/e5824158072b2d7c/task_bundles/48/4859fc31bbce02d1fd9280bbef0649270352a979df4615c44d168fab4aec21d5.bundle.json,178748,385f4f66f76d30ab79a01b9f525b5135baefb4815e0936f298736d788879fe7b
raw/e5824158072b2d7c/task_bundles/48/48e6761533fe353885475bc375af392830bd93c742dc8ca1d293358da388cc84.bundle.json,181656,85dbd05052bf62e67b3b184ccf6f578fa539665daf5013d1d8e75a69f20cb89e
raw/e5824158072b2d7c/task_bundles/48/48f2f47a3a670888cb339ebaf6a10b5db08680661f5afee85a5ca0a30369491a.bundle.json,180912,701dbd3a594f2bd1fbe61a05e349a6c1cfc0969c1af8868be61dde42d6681c8d
raw/e5824158072b2d7c/task_bundles/49/49453b4c646d8357a3c80e2f0347fa127069f91f3d9a933ee271ce68e52ad37d.bundle.json,177964,4308addb89967e7708ea176b0ca7e76324bcf44db7830c689923bbb9fccae8f8
raw/e5824158072b2d7c/task_bundles/49/4968f26885fd55354d19ed9f57931397d79a5425474fdeb9263ad66f1a7d3731.bundle.json,181534,8b38ab1b3ab9103bd19cce7e3a0a54f40aae3c6b6bba1f983518261fc2d77d0f
raw/e5824158072b2d7c/task_bundles/49/4976c31fc93bc8939eeedd99399350ee350ee88ff87742b5eb4d5dc0bdc3ff08.bundle.json,16648,18b76e5b7281f163435f320200b27de0e3fc8fd193e639f26f910810e5057a58
raw/e5824158072b2d7c/task_bundles/49/49864b659c13c82558c25091ffcad686f173d3d8bc9c030cfc0e8d34f079eff8.bundle.json,16406,4b801d7b9aae5c394343aa17102baae277d11a62a7bf2ad76f440ffba177fba0
raw/e5824158072b2d7c/task_bundles/49/49d5b27947119c1d97d0da0065f25f5d8345ed1defa882a43b5a8de5aae3db16.bundle.json,178267,7ac62520802f1a087755b8eee8f87a9398704daa2a8d3f511c2f8ac08c0c9c1e
raw/e5824158072b2d7c/task_bundles/49/49d6bbcafb66aebbcf5f2058887390fa598032f55ec9feba9294952ce690c405.bundle.json,190089,a5ba9a034841806223deaaaafde60f5626475ddce4633d14db2753daa8c37161
raw/e5824158072b2d7c/task_bundles/49/49eb768de259c9ff0e3c9b400573b6ce8282e5e896eb41b71392631c0ddd7868.bundle.json,177886,a445967e081a8179f5d2088b4201665c240c1d0d2a68edc37ec5d53282a96328
raw/e5824158072b2d7c/task_bundles/4a/4a7a7a2027c5b3f33fd722df2fa8e72f8c401d1ce5adc9ad4a810a8412ffe300.bundle.json,180803,e54ea75390bf631f8d8faeac96905f3b112510596f57bb6a75c616695abe2f97
raw/e5824158072b2d7c/task_bundles/4a/4a9333764e4efbea04f9663a1e24080fecb4dc62aebdd7a772e0448b9cfbcbea.bundle.json,179786,69e597a19c1e0f7feb20bc42d11e1020025ba59230a42b47bf1ffa2b40beccc8
raw/e5824158072b2d7c/task_bundles/4b/4bb65d95d459218152b7fde5457c3b9a9ddeeb5ed89cfee5c24f7c6f6e022f9a.bundle.json,180102,a56ae8ce4a7ee584d057d27fdf80bd71af94b01c70ccce53347b8c0083cb99a2
raw/e5824158072b2d7c/task_bundles/4b/4bd78b3a5fbbd1ffc0a1673f4c6f62e2bd186f2f5229c8c0881c07873d073eb9.bundle.json,190955,97117a9058d7b40c234a27f2a525847f4eea76ace96deca6a1323404523bef58
raw/e5824158072b2d7c/task_bundles/4c/4c845dde75818d9d2018aee2044d728b131e994557aa69bf286290b5d6fc51f3.bundle.json,185596,d5cc76690bf1a06e1b0cd86d5d9ae28c9fa6f2cd939867808a79806132b3ed20
raw/e5824158072b2d7c/task_bundles/4c/4cfd511cfd759a78b3e58ed84f051c8da895c3eabc49524ba97eb7a896a7d07d.bundle.json,180342,aae9b1c997ae9bc56214e39de5abecb6e783da84cba8f53684b1558eaf69cb76
raw/e5824158072b2d7c/task_bundles/4d/4d1299767e537007a3eec5ee6579ccd07bfc61cae22a0db14a928ed3ddf64959.bundle.json,189797,29fe165c85fb877bc4cfe690f4ddf7b8409e9ed46affff35b7f439b6ec700a6e
raw/e5824158072b2d7c/task_bundles/4d/4d12a6e97b6e6e58d2b372696cd596049a0fc6d21da91662e79ac216569bb888.bundle.json,188403,8757d12512ceaed60956f73fd7877eb117927902590bd99247dafba532ceceba
raw/e5824158072b2d7c/task_bundles/4d/4d51ffbf402e7242ff174616f17866b616801577aaccf8a43fb494ec3a6a3459.bundle.json,179666,51611f0f82acfd8be128d53854b829dca436ae626c4bce908c21e05fd3309dc5
raw/e5824158072b2d7c/task_bundles/4d/4dc1aa60f72b21b5aa309c6aedace64659026c6af4fca60cacb8727b527a58dd.bundle.json,179245,56ef010e8a3b27b82e7a3e7eb3f557084fd524fb81b99fd2e133bf7180a72bd9
raw/e5824158072b2d7c/task_bundles/4d/4dcacac6069fc3c24bd4b41b772b05f6aee7116a935336be0ecfeb60275c1b2e.bundle.json,179817,95a5843369ac906b8a62add8fe6bfdbae3a0b6f009e8f888d362d2f48c64c7fc
raw/e5824158072b2d7c/task_bundles/4e/4e0cee35729f56c227394bc07c90c67a56e5eeb51ab32712610c8b76160cf07b.bundle.json,179328,7aaaad448ff3ced0907fce52a38f4226fb98c658e695dd62810b0391f5aeeb5b
raw/e5824158072b2d7c/task_bundles/4e/4e3e92fc02c81d917b4551ed2e720f50f27fad87b616c7c996a807112b2c6e11.bundle.json,180042,42909a3c04ac989d946ae126119067c1440196181c84cb603d6dcaf6b9cd702b
raw/e5824158072b2d7c/task_bundles/4e/4e61c9e8be3207abdb2ad2e5c38c4f9c0b2e5fef3587d2fd7c6577b2db5da6f0.bundle.json,179590,a68d4e171abf0253dc9c3d7aaccac79b20d3de27147618c5d214bf5fe26f912e
raw/e5824158072b2d7c/task_bundles/4e/4e7b4868137d8a72379f37383c674d94e044faf4b90b304d2f32d1389c33504c.bundle.json,190785,417d79a569c742ad5d452629b61ffb51562a69b26240095d6f7d32d69adf4f7f
raw/e5824158072b2d7c/task_bundles/4e/4e926b27ce38fc4fcd04a1541629d7f15b8af59b3cc051de6dae2a918274cfc3.bundle.json,188421,bd64d6669a1932464d7bd4d02c79db85d077354fbe78d57e7ea2d5ac72aa48e4
raw/e5824158072b2d7c/task_bundles/4e/4ec150c65a9d3f981a4cbbf3aa05a913c4ce293e6aa1951fb1152f1f2f67faae.bundle.json,179610,e5bbf8fcf826b81fc8e6cebd2be5f126af6c30a6693df50af3e18029bfc15ecf
raw/e5824158072b2d7c/task_bundles/4e/4eefdd622bec217de5e934047f54b20b74da68ce3a8b9ef6ae3742ede9b59c22.bundle.json,179322,a8c00555081596d614442aa0f295de9ae5622697f55a2a352cd9e45fd678f959
raw/e5824158072b2d7c/task_bundles/4f/4f1392f78cb900378f60425aceee622f242dd6ecb259616b841207fc8ad9020d.bundle.json,181368,9607f549f3a93c7abd9cc77d9f9e1c8dd33cdd1398e4b852a79a459cd6970e7e
raw/e5824158072b2d7c/task_bundles/4f/4f306327ca347c04a2b9a2e84f9a8e1f5499ffb8e8c58a31f801eb2c5376d148.bundle.json,184520,f5ced790361f44ecdd354b60f39d611b2f9e8f39e4c1dd2d82c4a412fc799fe5
raw/e5824158072b2d7c/task_bundles/4f/4f3135976a3993fdd78b4e206cc9b3e26c40bcdb93a32fd7e973d00002cbb8b2.bundle.json,179058,eedab67dc355d588b12328e8078a13cc8a8d316647c73d4130b81159345099ac
raw/e5824158072b2d7c/task_bundles/4f/4f7e4f03956416cc9a5256084c6dd8852afca81e328eb31b1cf35b2205a3da46.bundle.json,177989,364496131f0957ca60a31059be7149059e82e643c0ebfabd0f7a46ec9e1398e9
raw/e5824158072b2d7c/task_bundles/4f/4fa6df72d3dcbe11068c56f88586c2702d0921b06a993df75b9f64a2c44103a4.bundle.json,179328,006fa3b512625ad42c999cff5fc970237a6c2a6ce76c3a65e457d6b7859f1be9
raw/e5824158072b2d7c/task_bundles/4f/4fdeb816f27bc32902902f6a4a9b48c60faf82539aa6de8bab0372384d30bb6a.bundle.json,182084,18f049838319b726bea9e828a139bf229ff5d332a623181d4158ce21081acf1d
raw/e5824158072b2d7c/task_bundles/50/507bb44bc3a4119d9ca3e8b5a3b5bede674d7e873d2c077379a92262403d7e78.bundle.json,181423,4f819ea132efc9f908c0d1b5b6f7c4e2e321a30b406528ac50ae69dedc7d30d8
raw/e5824158072b2d7c/task_bundles/50/50b51533cd98e883e6b971af55b7cf56a0fa67e6ea98a2d20bc6209061fc92e6.bundle.json,178719,cdd57617b216f9bdcb1894bf411fcd0be82ad69bc9e90a51ed8e1da8db936b60
raw/e5824158072b2d7c/task_bundles/50/50c0f273f1b1d441bb278f6fc5631cb159c25d0eb473263bbb6390043b432b4e.bundle.json,178832,e3de1e5e4bb93451e7e88d847bde685ab6fc05dd0d97cb5cd8d3746c3af31ff7
raw/e5824158072b2d7c/task_bundles/50/50fad8e21079b461b3a2cae2a59e5d63d9aa6aa747d0a65a64c413def03af2cf.bundle.json,187025,9356ed9f8d8fa399017c45f416f6a32a4867c3f96a3f3ae6b6a7c3410aafd9b3
raw/e5824158072b2d7c/task_bundles/51/512b88fbd2c6f67443c375c7c49d8b15187d53b92c822d2d4ed194e205258141.bundle.json,195383,683014ce04ce8d05ba2d7fb8c22b565611315313904ef436a8b923a1aab6a0e7
raw/e5824158072b2d7c/task_bundles/51/512cb5ad5c2a256dcba5b55f2c4443872410bb39d550d12b9c3f00d5551abe4e.bundle.json,181336,988e908cc1f3bf47038b82c1e265cdbfe6f0141461db8b98f2a79d1634e4c40b
raw/e5824158072b2d7c/task_bundles/51/516914bac50512f2b821052c275cc5cbf40f5c6125a0a179e6641395262f728c.bundle.json,181305,f29b75d2bb2b17bf6cd69ee7597c4e6757256ace36a78937310dfc221e57e716
raw/e5824158072b2d7c/task_bundles/51/517b641682d7d44c831101497394155ad8985032b1dbf4fc7a114aee54963b5e.bundle.json,179949,1ae464d0f45e6940905e314e4f0dce4de8dd184d5d5187547acecd2a53e7d6d0
raw/e5824158072b2d7c/task_bundles/51/51c08dad3ecf978adf418050f4c7f81b2c3ce7558a17ae5aedd5b2196b77367a.bundle.json,179067,1374c7f5a0193353d5c87051152320c50e8a1bdb3d6819c8874e5052b64d5a3c
raw/e5824158072b2d7c/task_bundles/51/51d48f789256d22539f011fd6a707fce4368a84971647a555efbbfc35b66d624.bundle.json,181282,39cee044d40eb322c5fecab4a97877f8893ad4c6cf866695d40cddda39898857
raw/e5824158072b2d7c/task_bundles/53/536e05b70a66d649f32b8c49253c4aef5e61d65999a3f1dd17395f06f48f1cec.bundle.json,182105,a6401c3c7d7d41fcd2b049707dc39fc8399c5ac68a835c5f873cae87b295d4ee
raw/e5824158072b2d7c/task_bundles/53/53ba5843a3e9e36f4c0f353dbba7b324dc220297740cce8c3fb40724131a8277.bundle.json,182278,3ba5db14848704e1bec578851ac31440b3f906acb707be5321b3844f240457e5
raw/e5824158072b2d7c/task_bundles/54/548a6ad8cc944e2a4cbf3657f282a873f972d0e33533485a85d954bd62ae1982.bundle.json,177730,58bc353142c142747b3a8d087db66719e552055bb436cd67be63b64220855a5f
raw/e5824158072b2d7c/task_bundles/54/54d6319eee078f99c6427d62d2552d08496516eb793115e1634c79c4c671da54.bundle.json,178797,344ec8b2bb4c20493ecf6bd59e5552761bfab64e2c37f652a45ed2b842ad0b25
raw/e5824158072b2d7c/task_bundles/55/5516029ab9ccd9e9aab1a54a65470ae210ca2073dd628eb77a9853a04848115a.bundle.json,178375,eac8b323b920fb96772b182ccec66f0e6858964594a58fa3225c96a9503abeba
raw/e5824158072b2d7c/task_bundles/55/555e69b965927b99dd724126b668e8ebdb11eb1d2d00fc8263f80f9ec8adbe4c.bundle.json,182469,24be9626eb5c2789936c26a2401418f7ef448e06d798310e8e7f50f36f198762
raw/e5824158072b2d7c/task_bundles/55/5594c378648f3e9e1bb5602e7e6f06aa78b95a9f2534ed8d38b08025630d49cd.bundle.json,184930,979368121600bdc56b0c56904d975811f678f18947317b85c7509368fc2d8878
raw/e5824158072b2d7c/task_bundles/55/55ed3e591a216a3662e1808d07bbf731164706090bbefebf4cda07943f574f8b.bundle.json,180974,53ccf75d827bcd1ab0f805808ea8b3cb1a5cf65f7bef50d5a0140bf774ec611a
raw/e5824158072b2d7c/task_bundles/56/5617aad7126bd35f51823dd240e4d3e1dd539c5eb73fefd398b2ec81781aa1f5.bundle.json,182243,6b0247a416ea7c946f616638258063660b014bc9f48fc293ab6e9d0848affef4
raw/e5824158072b2d7c/task_bundles/56/5630b92a065f484474a209b5b5f0534c52437dbbb485f0ff3485958a7472db29.bundle.json,180916,21acc03c9aa4d5fc52d79dd2429aa778dae797195f431d5aa9d4e399f695a02d
raw/e5824158072b2d7c/task_bundles/56/5657497df5311f6fb18ed6707cb476e9ea4e29b11ed286b4fbec935381d1c331.bundle.json,179012,0eea4ae10a9cf5c2d0f4448ac2bcdd0bbc50aac5dbc0ba0a9ad73a1605063869
raw/e5824158072b2d7c/task_bundles/56/566ecd54a90561e19c586fd2daa4cb6fa9857ff7a84094ab34f726f844ff21cf.bundle.json,181012,79a933c814d8a625dee98dc09ce6baaa50038a5105facd355177aef73d6e8e6b
raw/e5824158072b2d7c/task_bundles/56/56752d7662ef8fe62a5a2302255855f24aca6414db0ab2bf49fbffa726e12932.bundle.json,181496,2ee899c0aac4dd71827a48b1dcca39e1bb3985358a534de81a24fbfc573b1044
raw/e5824158072b2d7c/task_bundles/56/56cc51afcfe2cba98d29c44c41daf82b4f00f6495737fa7dd9a44cf97569d551.bundle.json,181989,086147a2e65975289341b0632267fc8d99960b1598159559753edbc57acf0e53
raw/e5824158072b2d7c/task_bundles/57/5703e9ca29c69cd13540f6862c9e471c1126791a6240a586eb913d5e2dbb4a64.bundle.json,179099,4a17a2e24c78f801dfe2e7322b05381121b5b0271e615f1b10adc376acbfa4d0
raw/e5824158072b2d7c/task_bundles/57/57066ff9451b1eeab7011a85ddf8417dac238aacc7527865b017dd7c96c462ac.bundle.json,182157,de17946d8d6934ac90540130161b960f479a1733ed3cbe1914fa0ebed93a1cfb
raw/e5824158072b2d7c/task_bundles/57/570771cab483f6fba46562a70d9e2a21b087895ad02a000b320bfb4a9db7e27a.bundle.json,178762,3cab4d242889b466351e9549d19e9b8b8ac87c6983a621a4ef565e749323651e
raw/e5824158072b2d7c/task_bundles/57/57369aa613cb6c56db78217e7f29fe09c898376b00245902bb0ea176fabec6c5.bundle.json,182090,cad8ba13cf3417b4ce4711806d6c11b4cd016b6cfbdb2f5ccc4c6785bff16142
raw/e5824158072b2d7c/task_bundles/57/5756dc9a9d7e963e03ec202d784178879483ab205180acea53d12b1736e14194.bundle.json,180505,614606c6ed7704445a93716577aba34c66414b9d78ffdf7777d685eecf7763bd
raw/e5824158072b2d7c/task_bundles/57/575cf3e6df6455b3bffc1b198e0fad41b83d9f0b32e6db540dc14bd7c9eb17d4.bundle.json,182030,567a725415daa66a9723770bf432c079389c9a9aa313df07874c206cd54eff94
raw/e5824158072b2d7c/task_bundles/57/5795a1957f54dfa88f0b9875095fc00eb8e3ee41f5789a520da7571de80582ad.bundle.json,189625,6502c6540ac46e59052c77fc7ae56645b119026a619a8c76765b70d99fdb0dc6
raw/e5824158072b2d7c/task_bundles/57/57d6521418365827abe53ae24635a91e9c73dfa210cc5ca654ddbacc92cd6d36.bundle.json,180897,99bdbb58c5d2bee8269cfd035bea78871354c4222a5fef07e6152d4c6450421a
raw/e5824158072b2d7c/task_bundles/57/57eaadcdb0fcda8b82d052863e3d85205d9d40d3c9d1587e4193e15e2829f969.bundle.json,179961,34862f339bf74221b5c548221f7311dddf78657ffee026a9e1cff09d0bb63efd
raw/e5824158072b2d7c/task_bundles/58/581d5e42a6f79ddefe1ff19c92bb2b312514d2de66365d936b0f0bd0bc8b9568.bundle.json,180101,626ff6f65cc5d71cba1036486b4de0edbadddcc2aff502eaf3ffc3fc1e795e66
raw/e5824158072b2d7c/task_bundles/58/5868bb441563785c00657fd8829e6566a4f72b3dd4103cbcfe1438df6c4be8a3.bundle.json,180000,8f865fd6e2587921a0c876e13a13e75685d5d6be877be451f6fa2d2dbae829bf
raw/e5824158072b2d7c/task_bundles/58/5868d8bf35839e4c4510a1401ec3090d203de09c4b1bda2068634040deba863d.bundle.json,179264,0bf0d992cd2eaeebfb606765d09e3eca19dce40d7da833b7ac4099bd53f695ba
raw/e5824158072b2d7c/task_bundles/58/58b78a13a5f9dc2eb38a3f665b26d9fff575ab7a751c94e5dcad42dae2a7a03a.bundle.json,181075,0ce939e7ca62cb5be6e196ba838a5f967fe329038c4fe05e0cfc034052329268
raw/e5824158072b2d7c/task_bundles/58/58f082a9a529aca8e08ff0a07588d16ab506adef66bff222574a16f8e1c13e23.bundle.json,186966,b84c3e48cb5e725520966d6100bc47f63241edf7fe1b59c7bde79f87e0a11178
raw/e5824158072b2d7c/task_bundles/59/5909c102fa2d62bfb0b4904cfc81849633f1a3e0640bccc92671b0ef33f8490c.bundle.json,179698,f3f3991c1de1fe6759b42c6835807bd9cce083c72784041ede939b49284f438b
raw/e5824158072b2d7c/task_bundles/59/5940b90bd6ecaa7ae1446737225a380b731fbab8bfbd50fe68de3ff353564dac.bundle.json,19846,e628097ef74c3031dffc4c9b035762fe42927a79e94289d4fec2d2c147283797
raw/e5824158072b2d7c/task_bundles/59/595691a80239a4d53fa28df4150d56a023ffcde83df9b31712e40142acbf6a48.bundle.json,179005,03dcd456e2034732de8741a1d3df28899c1223d56c67c3affc2b2d19b7943b9e
raw/e5824158072b2d7c/task_bundles/59/5958453fdca554727437afcc210bba46ce2be00802394671092c929a536fc221.bundle.json,179274,41d603a5c0eac0e63469640c5f6203e989caacbb7c0fc63c6f7e453b957d89fb
raw/e5824158072b2d7c/task_bundles/59/5960cfac97d1916fdd58b4826737e999802119137a59107933d1b2cb29a570cb.bundle.json,179693,559eb4125ac35ef10e8129312ff6f940b320c6d61a98745d2c3d5868b494be28
raw/e5824158072b2d7c/task_bundles/59/59745cbed09dd81901655726aeb4c4c7bd37977541747004e7bc1621859c7eda.bundle.json,178591,32e6172b125311c033991648a96728ee18c82bea5f5190728a54b7d787c5ecb0
raw/e5824158072b2d7c/task_bundles/59/5981bc1a5f5e76b059aa1d5700b5404f2e53e6012760943bc399b6000b7b5b42.bundle.json,180204,3623d7acc8d75eb56132bab3d4f661cd0dfb32b3434af0ba982cf922b6393302
raw/e5824158072b2d7c/task_bundles/59/59e1c4f3e750b695f63cfa0b3f3f8d3ec5e51596e61aae750df83d86929209f6.bundle.json,180853,e997713e1736553ad2547582fa8f9be7b10f4e01099bffd0e5b79510e27d0466
raw/e5824158072b2d7c/task_bundles/59/59e50d4c743db5fd1c44f9bac833e7904fe8f2055299cebc545922ea9c435456.bundle.json,180225,f8fe9228ca51adafe72b04afb5c39c9a26f714fd68491fed2da321a08608f337
raw/e5824158072b2d7c/task_bundles/59/59eb9a81358a1a3fb596cf71738db10517f9ad5aec40cf23eeffd3bb3f13966d.bundle.json,179062,3ad7702daa6ebc86e3af6e04a6a720adb952c6e365bef44539aeef64b716ef0b
raw/e5824158072b2d7c/task_bundles/59/59f5a25ca2a295832ceb6f3ec8d55d251c2c85c25b5e3672246eae471c0c3c6b.bundle.json,179624,c25cef78a0223c1ee67a386673196b36f119849820de1dc572c3b7d43013a44d
raw/e5824158072b2d7c/task_bundles/5a/5a0f2300a4531ba655b54ce1a3315470d1fe27d9365822dc25a4874b864ab80e.bundle.json,179849,06d6e412df6d34de089c196e9f47b38d2e545b5e7f26b8ceeac5409e70597c7d
raw/e5824158072b2d7c/task_bundles/5a/5a15eec4bbc948b8d027a63099822a3922b9b4dcadacf908f94701540e868e94.bundle.json,178945,d51ce9280cfea8af994ef82214fa344fa6681fc033974cb83334de19f32885a2
raw/e5824158072b2d7c/task_bundles/5a/5a467b788462fb02d56a89a49683a897de79ddba34cf5c102ff20087d013ddbe.bundle.json,180209,68eeb483db3e4e20ccefe8d93ee5231877d343916237dd28687c3b0fa23502ea
raw/e5824158072b2d7c/task_bundles/5a/5a4ca3c5abe1bb9e5f8b1a72efe4f8e493e4ed5f3369d576324fe1e7e3cca0c4.bundle.json,189266,95b51a4b445873fbf1a738ff9ecc0e8b46d032e627a528e925308e17211faca6
raw/e5824158072b2d7c/task_bundles/5a/5a8f29c827e10e9a59baf58f1cd64c3582b04e39dc88e1b2ae2be4427ea54e94.bundle.json,16538,336efe3c94575f1d9eb5f4823b85ca1a590c5f5720b1b92e63fb1304b75b938d
raw/e5824158072b2d7c/task_bundles/5a/5ac4f9921ee66040e0febd993f623786ff25a745547d8641e8ae72cc1d0f03d3.bundle.json,181336,9c41297034f864e971e95a99bc7d0c3b0b645a83dec7dfe4a5ed44c607ca63c4
raw/e5824158072b2d7c/task_bundles/5a/5aebb2509a415e7840b769ae5b4b9285bddc6954c1fcc5bd83a7c4ee750854e7.bundle.json,192413,f74b08c29d6772bafd21ad15e78df7ff9c9965845f1d99cf65942cf263cc50e3
raw/e5824158072b2d7c/task_bundles/5a/5afc5a60c38aade3630a46feb1c80145a233eb223bc483893aa4cf6e0f4eaea6.bundle.json,180133,8c7ae2e55b7092aee2958c53507870867204d5091bd11fb948955e15c551a1a2
raw/e5824158072b2d7c/task_bundles/5b/5b12958106e76c6c5911c95e72a7f290156f9d0a2c72596be81b3ae708d414d8.bundle.json,181910,fb4147bbc512f9e64e182b3dfc9bca03f677e5f131b0a17bbbf5411e2d0bd85f
raw/e5824158072b2d7c/task_bundles/5b/5b5abac6a7e5c351a779d7e57e71bceaa15a7b9131c3fdfbbfb5f2347203c09a.bundle.json,18124,0e0fa3d3759fd54dbd81707859670d527442e46e680fb2fcc7475c4def86f76d
raw/e5824158072b2d7c/task_bundles/5b/5b883c28feb23d9a58c654fe019ec301641d05e1f3e9a2d0159894cea4459553.bundle.json,183364,f0c1d31b199e816b17cd2a20a49fdb8b661052b58e4155cf7e990e7bb5a01bde
raw/e5824158072b2d7c/task_bundles/5b/5bd0509fbe9e5de40d011bb8a445cf4b339daea0b376c1e2e8e558fb8aca5a12.bundle.json,188214,1430b71555b3f13af957caa427ad948a65040c0b12a753d527e4af4d01c3c397
raw/e5824158072b2d7c/task_bundles/5c/5c08b5adbe42660f85ed399c444609b21563bd8d92fe88d9aede6f47065c348c.bundle.json,179493,92f8424de1bf17892cf7b74d0ad3e89f011ed6e54ee1defdf506be76b6bec0b1
raw/e5824158072b2d7c/task_bundles/5c/5c5d389b0a53b78d7dc4b06e5c617063b7ed4efe7fd54b435e2a43352ea6ec54.bundle.json,192156,312c1d79b62a9da2291eba72178629ed5329ddaea4715669a82fef1bd22cf4dd
raw/e5824158072b2d7c/task_bundles/5c/5c900ffc1335bfd31235be1cdfaabe1658d3d74d6f58b1cfcb433620393c82ed.bundle.json,180399,7e48cca14b71c93347499b45b0b68a2c495e7ad31c8856f418c04b7f5264aed4
raw/e5824158072b2d7c/task_bundles/5c/5ca30a8266937abecd4ad0b16beb83ecbcbe9f242642eacada37e66f5ae85ec6.bundle.json,188101,694921cdbabfddbbfdf8ee273de169099562b2a572a10bba6c9248536aa22de2
raw/e5824158072b2d7c/task_bundles/5c/5cd0b238c9e800c3490a6cc1d0ad6274eec24bad22edb309d8c26b65de091487.bundle.json,179876,2b751fb584b1ac1a38c78c3c7fbc5c30fb76f1be8593cb9794d1ac82d065b8b0
raw/e5824158072b2d7c/task_bundles/5c/5cec803b76f4b283e087865c7cb12672b74200c9d4becbe24c897117a17bf841.bundle.json,180890,40ee8fd147a8d8cf15375efe35c61a11ca54437092deeb5c99b737d75a87ad0a
raw/e5824158072b2d7c/task_bundles/5c/5cf70f88d6b9dc6bf4e5c21c8e37823b3bac15eed2a787f874330f4e20a559fb.bundle.json,181385,59c3492be9d81cf5f81d375ded7d6d9f902cfd0453d164f352e3708b4fcf4dd8
raw/e5824158072b2d7c/task_bundles/5d/5d4caca2d0477fb4525d09f964811e0e7e9ca24c5dbd8d25e19eb4686c0ee7ff.bundle.json,178255,ee6a1c4749bee5ed08dc931262e65d00c6d5960e5c5a754008f6635347c28b63
raw/e5824158072b2d7c/task_bundles/5d/5d715f809bae0a2fdd29f63acd50e2ab312a19f1a6b92bfa989f926c98e96299.bundle.json,194683,19f18ca131b592d6b4ff628716dfb62940a1de45e23234cc30450064685871e2
raw/e5824158072b2d7c/task_bundles/5d/5d761ad9c81fe8d8e161d3e65e75e17d7621d5315ff53e7475da63c5af351200.bundle.json,181337,549ab71acdb0e142df07b9c36b54d795ac150c367b426e726f39f0bc147b5644
raw/e5824158072b2d7c/task_bundles/5d/5d7c660759bfc29d654751bed2983d17cba02d0420ff9decd194a77b8f45849f.bundle.json,191359,59d7cbe453fee92d8c069e3bfb60113348341dfbea4cce591f059ca988f061ab
raw/e5824158072b2d7c/task_bundles/5d/5db0e304860e9268d6aa4381bbfaadcf4900fa939a85d7cd9b4726ccdf47adf2.bundle.json,182032,5e5aa1b083255b58ecbda46cbd075e059b3a8c23f9aeaa7ef320d0bba18e5b08
raw/e5824158072b2d7c/task_bundles/5d/5dc8fc93c76993d82e0b282991d6dd9cd2ba91161425169ae330174a24311167.bundle.json,182471,7e411a0d06eb17f4f510563592bfd03baf068edf0c6fa5e837fa495009bebfd2
raw/e5824158072b2d7c/task_bundles/5e/5e4cb6174d553602c511e59d32f878133f82d069a49b934e5156497262eb3314.bundle.json,182312,4bc3a2c0f39cf62c98bd892d4c9a3d28443d669d51d828516d9e9c5cde2b3460
raw/e5824158072b2d7c/task_bundles/5e/5e9912f1a5244c77415a3faaa5bc8e6eb33259090246cb6fd92180e4667bcbad.bundle.json,182864,21e6a2716d340e22c3dc6954499974a60aa44b5da73b49e5a2ef2094635c6e10
raw/e5824158072b2d7c/task_bundles/5e/5eec8570a67aa34fd51302c280bb607d5f146b5ba56671373e3c9e83f5662448.bundle.json,181987,0e099c910d7835b8e9d626fc83d23285ceed971fd8be71d47cdff33acf6257d7
raw/e5824158072b2d7c/task_bundles/5f/5f2225c8261ab5bebc52a01c3583dfab18a89552c8625a4e1ab5612f32cca053.bundle.json,184166,728e0c991fa06e4286efee8a0e46d70b531197cf44fd9ed4f4caf98239f3db69
raw/e5824158072b2d7c/task_bundles/5f/5f3d08720aae5e9885727c90d4544b0b6ae1775a00e1e485e58d5df21951ca3e.bundle.json,182005,b60d4c1f3e85b073e37f26d8507593f52254b7215746637c20b9490feadbf54d
raw/e5824158072b2d7c/task_bundles/5f/5fa497033f68f9fe57a0b6591d25019b7687d05372208590997176205b55f9bf.bundle.json,179329,6ee68286dca4a7b6dac45d7a1a39fadebaf99ef180240adbaf1d5115bdaa89f0
raw/e5824158072b2d7c/task_bundles/5f/5fab8b21deef37149ffe84a0dc6d7ff4633b8e1c0e03daf92e911f5a4df3ceac.bundle.json,16922,c255d588fd9100d7baafdd029e1dae37ea18252013d62523b3eadd8f39ef6994
raw/e5824158072b2d7c/task_bundles/5f/5ff699768a44c757ce6b15a4ef005859b8d60bbca4c67120c9d35c51792fd748.bundle.json,178973,157190fe1f228fe4a1d9b52ac830f7a97b383e75a440c0ba21ab94c83b549c6c
raw/e5824158072b2d7c/task_bundles/5f/5ff768a60e1b8a18f87fa9aa419349b8d1391b3bdac69d4b7ddc04ed4c7b8b25.bundle.json,179913,4ab743714b82ef1c180bc22ede102b2a04c28ba034af4d896a52991ddadbeef2
raw/e5824158072b2d7c/task_bundles/60/603733fcc88be857a36c8a5072104d0f4da40eddc419a4934c5c40c9d45183c1.bundle.json,178980,6ba3ef721f480150bd3741adbf90a5801d63caf4663abacde879193a462b7caf
raw/e5824158072b2d7c/task_bundles/60/603e59eee29a6ad7e35ab9f3a4963eab7cb84972da3f95ef1ac17af7536e0491.bundle.json,16643,50b4673f24e1c102ec551b9d191acee38ef1dedc91bff975b1f96013a5b417ca
raw/e5824158072b2d7c/task_bundles/60/6056bb7a456c3be4056cb81a5bf9341a11faf648497ec9d5f681cf4b9375d2c7.bundle.json,17138,084ee307b9d1018b343d5b4600f64a26ebc0c6531850f9638b46c2fe18baafad
raw/e5824158072b2d7c/task_bundles/60/608be5de8a242b8d06b4412927c0a10f797f4a8eeb5904d931bbe8c8c2974b81.bundle.json,178318,5f7baceffd6f113f4b39a951b2e2b4d097b1cfd83ed1efa3b205955f7cd9a166
raw/e5824158072b2d7c/task_bundles/60/60c82935f952017f680f96831e517ed22730054c93380ed1af1134bbac578bf9.bundle.json,16628,57ca00ac3a018fbe805380635a72c3c26f88cc1a07c280f5f1c91f9e87fa3953
raw/e5824158072b2d7c/task_bundles/60/60c88375804daafab8d05363bf9fc16a7d3e50159791e97576f0852d0e284a5a.bundle.json,182063,77cad233b7aa3946cc4e974c9c9dc300dbdc8754ef515ea9033c0cfeda126d90
raw/e5824158072b2d7c/task_bundles/60/60d5dedf618e0a147df5572ec83ed0004430f6323192cadbb6819856c1cf5cf7.bundle.json,180312,7af61e29e142561fb87337dfecf8a9909583c9971a496850e859384fa4fb4a3c
raw/e5824158072b2d7c/task_bundles/61/6175fef925b557b6c6c299f30d72735bb782c63a389ce35a6a7d5fe1bb465c6c.bundle.json,180768,d84a3407cd0a15260097d0a2b45495bbdc91f0661a583d1640c161d7b52a7ae8
raw/e5824158072b2d7c/task_bundles/62/62101d71ac11dbb07003d9f301e15e3281003169e046c8dc69abc7546f452872.bundle.json,181183,4f61a2cdca0cc65047d517b88b67eab981622f4d872c43ea9082b1dbe8051c28
raw/e5824158072b2d7c/task_bundles/62/62346d3432cffe1763cdf1c8fd321f0baa48d0d484e1e19a1d1874100221fc8f.bundle.json,16699,01bfaa49df1c6d6bc84402ca479022e2746d0a11c7d575b52ebbeab4b864ac3a
raw/e5824158072b2d7c/task_bundles/62/623a562443afb356d686447ff0297e5d5148d710186867d344c57eafbadb3049.bundle.json,181318,5b981d87ed4b8a85a4b861380f3b17d6fecd863281abf1cb70f69f93200aa306
raw/e5824158072b2d7c/task_bundles/62/62856162a5a652454b7c3754abc4fb225ed598a1386f1008d4dd97a0f9bdd0d3.bundle.json,186402,2a57d053346a1afed3b764ea14018c73c446d9c28addf01f560ff979b37531db
raw/e5824158072b2d7c/task_bundles/63/635362ce057723fb66ae390f8a5774e64264b1374aae68c0de23d798683ed7b2.bundle.json,178747,41fc096e300d6c7a95089ab51ef2ee5371531d3d30f9a44289d9a0bdd380471e
raw/e5824158072b2d7c/task_bundles/63/637c9a9c0fea4561cc6922dd24dbc46e4635885dc92056255a5d6d07b36ec179.bundle.json,180533,5d66c087a68ae23ee964fd156f440823cb2b61db23b07e54124dbe3e7b7083ad
raw/e5824158072b2d7c/task_bundles/63/63b30cac8966cd521a73744296d50df07a96b2009a1217f0ec7ced46af713f12.bundle.json,181766,fe6472f60137705d75bb4a6fadc923d89c637f73019b2b1830e996301612ee14
raw/e5824158072b2d7c/task_bundles/63/63bc59102b64ae953a61d8143ac8bce9e774435fb4606cd98e63a4a18e90d862.bundle.json,179914,443e2df752b36a3999321276a7ba51a83c02f77c7b19a2f54dc63222c2f526cb
raw/e5824158072b2d7c/task_bundles/64/644f3fd8309a53bc20ecfc83df56e0c95aaa6d022ff71a55b933ab1984e9948b.bundle.json,179144,edb5bbacfb5c9b953cde08b665f564a6c181d849143945a00a0714fb80a5673e
raw/e5824158072b2d7c/task_bundles/64/646abbde7dc3e83f6257a08a199a1465bbe8d79e32fbc78724349e0fa4788527.bundle.json,180091,d3c4f2202d252c79788cece8cb46685ef74ba695eef8d0b225ba6f3ab0ab82e3
raw/e5824158072b2d7c/task_bundles/64/647ed8d79df395096538c47547e8dc9b303c801f8a65f197e174778f0b4709f3.bundle.json,179470,3cb8c48e04a05febd5bd16589470bf489691d23373484e488a92bad6d2dfe514
raw/e5824158072b2d7c/task_bundles/64/64af6e303f27d224bf026e8af56dd3e290470bc06a2e1f69104c6820f22dfe41.bundle.json,180599,c7c3c0521cc0a0286fe1d5d473fefece9502e05ab872bf620a9588b42e1aa77f
raw/e5824158072b2d7c/task_bundles/64/64ed62e228e9fe5f81646fc7654e031a69bf9670fdf068954de391fe19c88cb8.bundle.json,178899,b4e0556a95f378c6c6fa701ca234a98615e144b2875ec89f2341798615847c25
raw/e5824158072b2d7c/task_bundles/64/64f41219736c5648ab8acab5aae1ba2887810b004c86b17784eff72903531b98.bundle.json,179086,e23c5fd6ac0822191a262619cda79ddab780080a8eb13050d10ba1f427214fb1
raw/e5824158072b2d7c/task_bundles/65/6525e26337266a92f377650f9046546ffb9148fbca416a614cba9d10da3d70de.bundle.json,178897,f362ab5d928cd5534981748a0fd0d835a7d983e51218463da35684f4b406031c
raw/e5824158072b2d7c/task_bundles/65/65284d2c796a7325628ceb38afcc01471b0a80c65884f07ee7080566f2fb23d4.bundle.json,188113,f6d3852970c5fab0a97ff7dd92fa44cef99c31c6fc58121dd4e5be55589d29d5
raw/e5824158072b2d7c/task_bundles/65/653287042a6ff640f9dcebeb1f512af58d8d8b3c56f1a40721cd13b06c9cce9a.bundle.json,20562,c0dfd80ef62c464146d88817352c12ab5b15cd2fe0e39768570e3777f2bc5bb0
raw/e5824158072b2d7c/task_bundles/65/6564b4d6ebb8f3ee242e09c99ac51ad1a6ae4f350ee122c093b4c741fc89de1f.bundle.json,182179,73228c3b69bf7c65f0e09695f9dda933e500578d303a3611b622188e6edf7f59
raw/e5824158072b2d7c/task_bundles/65/657781cdb3dcf47620bdf9d62e4f8552fb19b55af853d7a88335ab0a57245853.bundle.json,180630,3c6d8a316770d991581cb6cd64d11e92b98e34e4baa1685155469d82233725b0
raw/e5824158072b2d7c/task_bundles/65/6592bd24319fbb6c0b1f43334fe7f393b5f11c1347137adaee2831102769f4c1.bundle.json,180146,b1a3b690d14e5c753e4bbba14f158c7277841970a0141100c048957e13e817ab
raw/e5824158072b2d7c/task_bundles/65/6596fdba9fe8632589f6e588736f77c1e61fe4a1d1f2a9785d1f97d55c3fd716.bundle.json,181200,2be8737b5bb22343b57d24447c79835ef7bbb1c5a1d521cfd925b9473da78573
raw/e5824158072b2d7c/task_bundles/65/65b7ff49396361d3eaf9f85d2a487da9a9826b03e6f9ed9f06f88644d63b9aa5.bundle.json,182096,4b6f353d77eafc8282778e4018b7f1ea4d06bbe2d1c0ab2e0d4a0e5355eaac7b
raw/e5824158072b2d7c/task_bundles/65/65f13d2f93589cbc2c59fc085df6bdb2cc28f08d024475e4704210aab4c3163f.bundle.json,16622,067e637f450fcbf6c69d7c4116beb180a6087374fe493a6753874872eba03293
raw/e5824158072b2d7c/task_bundles/65/65ffacb8a8c8efd6924924043be2ca0b3e67949b6e3b083d2d15737e40100fcf.bundle.json,180714,ef59e7194e71130f376c668b0250b17cdf2cb87ea0e944a83159b10b16d271cc
raw/e5824158072b2d7c/task_bundles/66/66130e21cffe46dd6d88bcbd54d72961b0f3e8e47c61ec92da87c798683e9873.bundle.json,178537,834664581fa8fe1c1a02fd47d3540ce93d3d120bd9b0d29ea45c9e1e9601fc55
raw/e5824158072b2d7c/task_bundles/66/6636da74d3687f6fbc7a3e01012167ce3a482aa2278aa75a532dc0e185e03d14.bundle.json,179782,2bba4c66401f1ada514ac33596809a3582e9fe6e7d70185c84ca83ad961f65dd
raw/e5824158072b2d7c/task_bundles/66/666dbf52d0959ca8ff68fea56f9ee7df422a06c39f043452e71975073706e519.bundle.json,179124,f4bef1bdde0538c23f463cbed50ef99a1ee93bcfd9f639eac4499e76b3e7265e
raw/e5824158072b2d7c/task_bundles/66/668d67daacfc906c2c32e441bfef48b10bbf0bff141bc4584288032b2860e7ef.bundle.json,179509,72c61a2aed8cd7c012b8628c1c2d54a0af97184f69b41b7475c05d37c09a1ed8
raw/e5824158072b2d7c/task_bundles/68/684a9b1efae22ce1b62e4449f3d16a28c9964dd0c4e01b69795b2e0e68772f02.bundle.json,180653,fa99a0c7cdd3bb1cf3ece92ac22c250f0dea04296401ee2c4fc9f26b9bbb1690
raw/e5824158072b2d7c/task_bundles/69/691465db21417153740475a130db989a88bd18a483870a3baaa0724843587560.bundle.json,179804,0a42c03d80d9dd2945e3fb0fbab42b44c78c7a8ba5c31109e8a9d00461c0d29c
raw/e5824158072b2d7c/task_bundles/69/69169cacc95ebfe45af6d385b667eb1e43a86dcf937e66b7897fd365705d117a.bundle.json,17463,2b34233b987813ca1aa7cff08e3d44294701eb2f6d2207e29cb2c5ea41e3ee3f
raw/e5824158072b2d7c/task_bundles/69/69554528bf55b795f36a738cf57abf95531446450c605287caf4b2e3e75c4e1d.bundle.json,179676,fcbf628a9cef511defbd635a56a2a366ac1a73683f004b8611ea7cd124c37c1d
raw/e5824158072b2d7c/task_bundles/69/696aae31fcaf9c666505c5d488686eff8a60d2c0db494bf3f5fc2a4887cec248.bundle.json,179471,4a745894dbfa52c2eaa9e830845198b8ff78ec8f95fe876b1e132f1344ec83d0
raw/e5824158072b2d7c/task_bundles/6a/6a1c17c9966bfb3af73fd6860f3574ab877aeef2030e21db06214955070ddf8a.bundle.json,179519,e77b4da999732444da9a99f14d3229084191da04f5fe7654bea6f30b34b6a243
raw/e5824158072b2d7c/task_bundles/6a/6a491a602cf13efd32721b202d1556e4470e00d56cf6837a7ff550a7cb7a0e59.bundle.json,179443,28264bad08713ba396bce2b81e54ea6299daadd407c91f4b7dca88ed0a6dec3f
raw/e5824158072b2d7c/task_bundles/6a/6a780bda38b6122b775134644852db10e3dc99bc1dc39b1107d8a5dd3ec5e773.bundle.json,178921,f1f8adf25c0f4d25815acea9d550194218e58a1adad672a55d2fed682057080a
raw/e5824158072b2d7c/task_bundles/6a/6a8a8af025d25813817f3b2a7b2c041c404996a7bef6e13c48667ff4c46fb468.bundle.json,187573,563f80c5761a2ba14c0b5db84f4dcdf7502e815efd278f5054857a258f7a0362
raw/e5824158072b2d7c/task_bundles/6a/6a922a971e7c838f707219b2bd7e7e0aaabc3eb022c227285af6b03ca657a970.bundle.json,179335,fc48912e31b86ba59f9704df232bb5ff184b561de92a731bc155f9aac908675b
raw/e5824158072b2d7c/task_bundles/6a/6ab72b2122911858d8c62121dfc3e5ad1ca15af92a5056e837b6113d5bcc8e3c.bundle.json,189483,c664883228fa6d17c965bf8c72e38bf035559500e48b6b5a2f7867d849f83807
raw/e5824158072b2d7c/task_bundles/6b/6b8c1a7eab1e62e926ae84b53a3b8eb74947d16153b2b2b08b5a8909cea8aba8.bundle.json,189588,3f11fd23226b138807fdb42273500a5ba81450964ad498bf61c6f812783ac4e7
raw/e5824158072b2d7c/task_bundles/6b/6ba2b0457014a5875f8e35b5b3f0b3bd07c5419a27be4720a303b809f8098cf0.bundle.json,180641,66669e9c1b2b32816fcdb7e5a980da0dce0853ef52e440821a589007ff755a02
raw/e5824158072b2d7c/task_bundles/6b/6ba4d1ebafb6c620029586ee70a2780c2f60ed21c8ad9e376d5c16df2713ad40.bundle.json,179226,0559356f686eff84d85fcc264027afa050b297f057b53bf53baf71543ac05669
raw/e5824158072b2d7c/task_bundles/6c/6c002da8310ea7ccb25d907ee5fd5e79120863c899f0703393f4fe2d4fd83316.bundle.json,179160,ca01475e69b0c80b5ce7a79064ba141f8ce9de32a83ef9f3214e46400173c2f1
raw/e5824158072b2d7c/task_bundles/6c/6c33e635b99332c7b22628586d9fa01b2675ca7e2125007f53c067e5bc9b0dc3.bundle.json,18688,7b21764dcda13d4f6bd62af8bd1cc4cc5d6bff00896b895066c3f3ac7de19ae9
raw/e5824158072b2d7c/task_bundles/6c/6c387a6f23f8a8c20008f9e247ca7b4119bd1faab48e099e66e0befc61ff2c13.bundle.json,184709,49681ab50096802eb36fca4604cb1ec4de89991ca40ee338f2246e0b0715586d
raw/e5824158072b2d7c/task_bundles/6c/6c654aeb493e14b6b36f2d03180193758e8e7ed8c9cdf91e6998bcefa628de63.bundle.json,178881,c8801e68c36d6da3b4faef08b6d7ed5c28b946ef916dd370e763c141e7bc0cb4
raw/e5824158072b2d7c/task_bundles/6c/6c9c26828399290af946421a29565df6dfd39c13760e98873e1813806469ed10.bundle.json,21882,e20effd5b519d74c330a1f90c85ac2d3bd9fdae28e7c0a61d6a66abead491ad5
raw/e5824158072b2d7c/task_bundles/6d/6d1f194bdb762fdabb4d9ffd5f7d60aed63e0ef1ef4f77fb4ee25dd9bbe5f19e.bundle.json,184568,e45705fbae930160ca77f9af02165c46a9db08e5a945cd5bbb9f17111d340c13
raw/e5824158072b2d7c/task_bundles/6d/6d439cecf88d9b61337b4d26d657fe7488e1345766b3c1e040884e0a2da1c0db.bundle.json,179491,0b238ee923468fdfbfb82e24e81bb14c85c4ffe3b858149d162f7490b53c16cc
raw/e5824158072b2d7c/task_bundles/6d/6dfe1d336261fe7374edcd281db1476b20e4fd16814a0deb0a78fa9a77ea1b5a.bundle.json,179939,08761ab6d9f9fa493cb9f077ef18fe1c1d318609e03fc4fccca074f95d2904c9
raw/e5824158072b2d7c/task_bundles/6e/6e0a483cf682f1baf3e60718154c125c66df22996ee98b255b8578b99061ee37.bundle.json,191746,abe98a940ae67ad2a9f81b33de873a3b3c9106ce1e9280c8b693512f80b262df
raw/e5824158072b2d7c/task_bundles/6e/6ecc410eaf8434a65fc4cf55448204264c6ef278d7122bd60a5296f848576b3e.bundle.json,178505,35b648e73f984c4477721decdde8a36cd9d92ddafff61942e67655d680e8ce33
raw/e5824158072b2d7c/task_bundles/6e/6edee64a8441d5e504393ac7ffb599b802cf33c18389ef234cb6243e8baa1ac3.bundle.json,179696,469be42836a873710bb4d37fba3bf36b9afa69d687f9c643ca602add9ea70ff7
raw/e5824158072b2d7c/task_bundles/6f/6f0cda4bae9398d5db78515f4400044b2eb89d02ab4f5db3da98e669ecc9edcb.bundle.json,179146,8c06c6d3bf497bde6bc91df3c660fd7f7882eb3d4643f01857a83fbc788966bc
raw/e5824158072b2d7c/task_bundles/6f/6f404e71ca0bf824dceb81248ec392f1ccad798f9cde672c72d981daef4042f9.bundle.json,178765,6c43fb6f6f519d82e77136e0e3db498c4d4543aba3027dfb5ea5116c6f6f6ac1
raw/e5824158072b2d7c/task_bundles/6f/6fc7ebaac959e01d236d58c2d23e06ec67f2cda83979ffd00ec5a86b1705e5c9.bundle.json,179148,55f56b3c986cb9fdfb7048f4ba5a85b108516741867d76aee14d2298bde6dd69
raw/e5824158072b2d7c/task_bundles/70/701558e84e6ff8dc7b8d10982733b3c103c0ea65358cbbc8c64dd29eba79ebac.bundle.json,179221,9c1be83204649d00277276575b703b00b110c08a91ed59e9d1a4aecd7c13eefb
raw/e5824158072b2d7c/task_bundles/70/70318e512ac42f5e63f29649f5b8bbd59f610618b8caeaf0f37eb139f875e6fc.bundle.json,179628,693be4bb69e01b59230078ff54ce3b2e616612402b4308f7b6fb2cad3360be56
raw/e5824158072b2d7c/task_bundles/70/70a3a2a1039c4652e631c1d02b4634cf36580a42a43866bfcd4521757b5c0523.bundle.json,178138,4130fdf75dbb4934156dc02cf6579fdf77b45cb7cdbb592945f818f3e6607da1
raw/e5824158072b2d7c/task_bundles/70/70fccf354812caf3922868805de9f1a2ca2875e9ff52d4dfa6588b911dfa4aba.bundle.json,181450,d7dbdb782466b67e0f26e2b67d8457f52ca778bb9012e6860b7a69e269c727b7
raw/e5824158072b2d7c/task_bundles/71/710e9eaffa795d4c91e54274eea20df940dc398c6108be658a36bde30bad7ff7.bundle.json,179232,11cb7275a8958a13ddc79de6dcfcc748bb067d861058cc30b729058a82343979
raw/e5824158072b2d7c/task_bundles/71/71e43cd61dda7a8b6ef9d621ffb6c0a8655fb874ca47fa43eaff12d8711ae6e0.bundle.json,178987,ee014b6bb2830d42b44695ecb29dcc6316a0e751a895bfd09f01d0ed08527198
raw/e5824158072b2d7c/task_bundles/72/72f8a1ece4b0467c769e2a3a4a9c2210bca662fb1c525168fe16464349a0e2ce.bundle.json,179476,89700237f76926fdac82d2a44f7c557427f51b4be24d41758eb780d5b9da7258
raw/e5824158072b2d7c/task_bundles/73/732f8030f41337e09c6880633a4b4c4f2557d006e7a044734b19e1002e25d33a.bundle.json,17885,6764c831b5b10affe67a1940940b6fddd280ecbb5d46bbd4cfd7840ba157d528
raw/e5824158072b2d7c/task_bundles/73/73511cf38593acaa9a1845bd28b74ee602983fb72771e4c7ca06ffb6fbd8a62c.bundle.json,179461,5d98a5c0ac9718ad07f63860cf411d23813b3f20a35e83a9e3b8bf323a097645
raw/e5824158072b2d7c/task_bundles/73/7359017317ac3b82f5739e876cbcedb6e0bf85b08829f9f9ef33e7d62ce29696.bundle.json,180243,553cb903fa486fe72de8531ee0c5b2be13bf35647cc5c7bd87f7ad041674f57d
raw/e5824158072b2d7c/task_bundles/73/7359b9648f218ff936c4d7ecaf70dac71d4c3f093b15e4c3a9e904b090a66f82.bundle.json,180787,ce909b39012ead9cf43e853a9277ec02f5be60069ece2848c0eb41d9a38369a7
raw/e5824158072b2d7c/task_bundles/73/736b87d0f50bb060389bf553e380645a6006b444bdbb951eede465202a14808e.bundle.json,182317,666aabcd48fb351886bc1d04fe97055da10fc6b4eb59cba0c7882a461664dd84
raw/e5824158072b2d7c/task_bundles/74/741260ba220cb6642b86db18d131d01b28737d493977d35894f899b0a308743f.bundle.json,180623,cc757c2210a45b07e05e3ed17c59c07c0767e24d2ff6a1e42be572b011b3acff
raw/e5824158072b2d7c/task_bundles/74/74207a9fbcf596bd6f0955f31f0b4b30a925c675d2caa1d731e1f1b0c17c20b3.bundle.json,180628,c6d415d6edc1ecadd7abd3d2df2cd1dd3099a61f7483382770ea3d0c8d9b1c20
raw/e5824158072b2d7c/task_bundles/74/742f66e4c3872b40c0c25cf17464e1e28788a4297984dac03a1e72eef6e64729.bundle.json,181086,acd12e02f479416d846cf2e0e8d53688174a1625e6d914c08bdc5df89066cc4e
raw/e5824158072b2d7c/task_bundles/74/74472a7c6fbd67c2bae0ff3496251f58136ec5b05f54db2027be2bcc5aa2e7bd.bundle.json,180708,dbc591fb5896c0c102f613771e53728e903d18e186cb5db9bd2e2e7277497acc
raw/e5824158072b2d7c/task_bundles/74/748ff4a9de65485dd9b0b25a5077c310afcc3ba1c62c5fccaf0aaac77b8f027d.bundle.json,180308,1ad186fd033a7cc12d8594961d44ba99522723c75c3c38529e655bdee7a530bd
raw/e5824158072b2d7c/task_bundles/74/749fcda236a96bb91a457d07fb0053533df021f3bf2fa5aac854a7d0c99a2d12.bundle.json,189262,27cdaec411bd30d2b30d4d619acf474cac8d0fb91c023d7a49508d518500a4ad
raw/e5824158072b2d7c/task_bundles/74/74bff3cf980e8d92f68b50b91fd060206b78fdb2ddb48b5529d53f59c8abd389.bundle.json,179380,db6f238b5e68ee93e5a8e168425df13bdfd11e4463dbc39387ef362be4a3da45
raw/e5824158072b2d7c/task_bundles/75/755bbe925558dcaab95dc2ea39ba60e6d5f0fc2878b95768c9725f54021fc1a2.bundle.json,179757,8b8ee0c15d6a6b0f8918d0832e50189a61aa171e3381fccb338af0ca10897a2e
raw/e5824158072b2d7c/task_bundles/75/7565b4439586afbde7250b85574a1f8e00f542fa3d2f150a21e9cdf1c0b81a55.bundle.json,179241,14eb492ffb993997021e210179e6ad5dfb4000c658347e5caa601b53d0bef854
raw/e5824158072b2d7c/task_bundles/75/75e974a805c8508868ab0ed79ddd63c5ef9f527cfd76c64893cc18657219bc97.bundle.json,178776,86d5eaaee6bdbf4c1fbb49309d6516426d5cb5b30071fb0498ccf5fe5c7a2f52
raw/e5824158072b2d7c/task_bundles/75/75f260b194908eb23da07e230364e86878f6d1fac5830c5fd8848e1ffe17530d.bundle.json,185905,c1f560c60532da34e0828352e5f72b38258fe0b81cee2ac280a1df4fb4fa8acc
raw/e5824158072b2d7c/task_bundles/75/75f345c0d289ffefe5b292ed89eaeb197908bcd50aadb18b8b77ba410eb4b002.bundle.json,179401,beb34ffd37797f606cfcbc14cef8206eef58ecbacea634abc94608eb20ff4e2a
raw/e5824158072b2d7c/task_bundles/76/768826b77f54e1b3e3e0ee614d93b32a72ead0f4915815df18e9c1367ebfd55b.bundle.json,182152,c02f202cb0977e73a26e7bd7c54c9ffd45394823444275c623b3f7bece123ee3
raw/e5824158072b2d7c/task_bundles/77/7768c828f70b4476ed04d5162859c25d245dc38f2a8ac1a74f9d50b9cf12a01e.bundle.json,180762,cdc15dacd91c6c303a0243d3a6f8517eefd5cd9f0fd33ca703c521a405d231d3
raw/e5824158072b2d7c/task_bundles/77/77fb9a5a79c3ad2639fc2ac6603f85bc53623dfe3d8f7f7103d9a0b643fff176.bundle.json,183539,3091ab17f08163fad64300f27b6a013bd763a2eedbd6d02cf612f1af4e307cba
raw/e5824158072b2d7c/task_bundles/78/78040886f4ad2e1eafe23396dcbb29737f1dfb8f5e96aef66f18bd5231bc2ca3.bundle.json,189358,358bf6ecfba48f7347cc31a6f6e91e524b7f0b92b78016d3b5a27d1730ad2d8b
raw/e5824158072b2d7c/task_bundles/79/7918ca2dac47c14da6c3cc391059e6334228d89091105734b2d03ed99eb13a74.bundle.json,17122,bb5a30548c8492529e35da004c7fa6b14db1437edf81dba7fca15f191eb224c3
raw/e5824158072b2d7c/task_bundles/79/7939130034b1612e29823f127f256a3220a4818c55a3db734f5262a4039693a0.bundle.json,181750,c722bfa47f5872aab59c17b9f73e7b19fbab663f4c28d63479cf18d8ceb9356a
raw/e5824158072b2d7c/task_bundles/79/79a0e65cfcfe66760d34b0987b45d37ed35a9e9de95556e34a0b0ab2dadd8af1.bundle.json,182024,4d27c5a817849db665975e6300a84eba16596a4449f1d104b45ae697fb6b6472
raw/e5824158072b2d7c/task_bundles/79/79ba08683344a24e9b5fc06500b2bbf9fca18f26da17bca3e99a94014517b86f.bundle.json,181054,83cc13f05692a7ac0a9a349c7b60c9b1ca42afa06a02b785f1727cdf2d4752db
raw/e5824158072b2d7c/task_bundles/79/79c3b039e398ed2172ac6ad65c6b43166acb8a18bad947b7224bfa5a302d96e9.bundle.json,182616,8e547a293ed0d04fd5b3439cfaba335f37b9382dc03199a86b4d3deabe321b34
raw/e5824158072b2d7c/task_bundles/7a/7a0890f37b53b5142db8f0f1d8245a5cee509c42b3784a5575df3fbab832bdc4.bundle.json,180718,7d0caf141e0385c9b08f2251d86e9becd30e10ae8d84122b38a996bbaad3b029
raw/e5824158072b2d7c/task_bundles/7a/7a17071468e4f4bd32f2f91a83787c4525277447ae2c1294ed8972896a230e42.bundle.json,190670,8b6990093d3341621bc05ad7a715224cd00f8d5cd45ae13cfaf043b249ebaf87
raw/e5824158072b2d7c/task_bundles/7a/7a2e90cfc29f28872b89bcfcf8d258fb000a04d1c1c31dc6eca631d64dfc5716.bundle.json,182339,93bb60fd2ba2a7719f20129f0af4b916e2459c19172764748bc641ed1525bcb4
raw/e5824158072b2d7c/task_bundles/7a/7aa5143594e74c279fdbeaeb594307454d8b44672015b6eea2c799289fd8e303.bundle.json,180286,574707af00c02a79de9c65adf93ab64efb3acf0b3480ee1e1ec9a07534772894
raw/e5824158072b2d7c/task_bundles/7b/7b46773fd9b4e56bdfeee20a943da1736b48ad66845d47b981a6530d34acfb6a.bundle.json,179941,054f6f5ca535f35908b8cc0bdc512abad0bf92aeaf4e59ae129173aa273a961d
raw/e5824158072b2d7c/task_bundles/7b/7b7f7a99bdc0d083830c4d68e332997f6f0c28e9d2713223b012390f408fd541.bundle.json,181873,54a8f1f4975c841115e9a6f9248d40e016f68e3721e087e80a779094821146bd
raw/e5824158072b2d7c/task_bundles/7b/7b8630949b55a6c81dbf0087b43e8bab41eb4cf1476458d51d4e75891a1dfa67.bundle.json,180108,14952e0f558537343dd7d3bb420ece8fe434be405f0d449627210807b647711b
raw/e5824158072b2d7c/task_bundles/7b/7bfcbf661a54137c5d9407671e46ad0e82232209c0a8021bf3c88ba6709a74be.bundle.json,179607,d1aade9c699ba746930c16ca0a4575f154525374616eda5bf7ebeae9f82901e7
raw/e5824158072b2d7c/task_bundles/7c/7c1a45ee89882a4a0e4c1ac54a5b67957b2aeb57b54eeef66f13982fda0d3b21.bundle.json,187210,c2e3785b8bfc0bb9267f7ee200dd97eea53b36733acd9529810f3bf3cd5f1beb
raw/e5824158072b2d7c/task_bundles/7c/7c353f680916f5b608d4f06252de0494b63420c57531cbeb8c9af3d166d595fa.bundle.json,17063,38b267eb2e9266814dcdab0dbd568690a8f484efd9278eb470a9a1736fd5b589
raw/e5824158072b2d7c/task_bundles/7c/7c493fdd9096d4889187c4e7a0a7dba1cf6d2ece651b802bf2d90818cded1659.bundle.json,17070,6c99cc80c693286399d66685337f9da909d95037c2056b6ef43d547f9054521e
raw/e5824158072b2d7c/task_bundles/7c/7c8e5a0cc85caf581a4b1091605eb059f178155f48c10b93a637274025625fe3.bundle.json,181953,eb6faf429aa6f5f4e7f9ea22326f49b2d098f2ae22e44bd623eeaebaa5ccfa4c
raw/e5824158072b2d7c/task_bundles/7c/7c8f071b21b6efe1cb0d5a1df65b8d35bb1d73520fd86b7a84632bb10022c2e3.bundle.json,187654,895a5f1bf8ad1a68fe7904fda65d31b5e32142ac6d22f4b6b62cfd1eae631d0b
raw/e5824158072b2d7c/task_bundles/7d/7d937c6539203fb94f111a6ad54c4376827957a9532ffd06097800d13884c14a.bundle.json,190070,4b8601e5964f9ed5a84bbea9346ecac8b0e8abe762d172016a0d111b599230d8
raw/e5824158072b2d7c/task_bundles/7d/7dd1444bf8f6be01d051dcf556d5255bbc6aa5513fc48e43ec88f7065052c5d3.bundle.json,179749,b197a0b456a707dca4add252d618dda1bf2c5ecaf75338880b7a55cdefe9cb1c
raw/e5824158072b2d7c/task_bundles/7d/7ddf7444eeb05e5ad58467bca1913a176f5febfffc85a96564890b6aa4594a26.bundle.json,179679,bc9f5997261474c6407832dbed9f4595e3d08b105f99313afe288d15618e66be
raw/e5824158072b2d7c/task_bundles/7e/7e261f12d9ec300c0f18ac4395c6eac3ebd3cff42c9f1034fd5b31106f01db6a.bundle.json,178754,972d636b8febff3b3b1f26f0931b95e009aba951ebb052595955d8722dfd4f7d
raw/e5824158072b2d7c/task_bundles/7e/7e387657dac88859429242cde07c78749129c1afca6a124268330a2833076b7b.bundle.json,179479,ec4fe051bca04c58e5570ae1794d4f15a03708fd887939266d06710634a3b649
raw/e5824158072b2d7c/task_bundles/7e/7e6061c3a2a151549b77a665f8604367a8ff4e835de02e038606d4ae759b797d.bundle.json,179633,0e5678461f812c6f8a6b5685f1bd713580115ce73c107b419f036e2d3c981c3d
raw/e5824158072b2d7c/task_bundles/7e/7e60880ad01464604b19e8c9202a6bcadc185016b4e18615406bdf7cba00af60.bundle.json,180288,11d0764382f0ad28c198a6c41686a3363cf7956d56f050345932360333d1e2ee
raw/e5824158072b2d7c/task_bundles/7e/7e8f27d8b2ba701455ba979e64cd4d218e0bd0e83311e3dd2b01f08d01435a04.bundle.json,179032,8f00dcb28b251a70271292341c92889c2f165cd19cbc5c20438b2f29c677a790
raw/e5824158072b2d7c/task_bundles/7e/7e994a7963d47fa56b0edec200a0ccf9e05551a6484d555da258cfb7616c3400.bundle.json,178134,2a2669e0544954b0cd4991af62b4be1ebf141e9090fe27b103cd1066b37b07f6
raw/e5824158072b2d7c/task_bundles/7e/7e99f335668829dfc4acf45f6dc18b840d5547f4b0b5818ae66e70ea6e74dcfe.bundle.json,179506,5f53f7317df9723fca00a51024831ebfc21db84274f7ca2f157f7ed6d2b0d7dc
raw/e5824158072b2d7c/task_bundles/7e/7ec1bded9033a764a902e3339a70bc5855f22b7adf36721d7c594abbfde37a04.bundle.json,183257,2af8fd5ffc95a48a31df96aafeb5162ab000d33b4207b635fc406832cd794e14
raw/e5824158072b2d7c/task_bundles/7e/7eeb77b585ecbf8af2be14e608aaefb141d20d8a4139479f0679f5045f70d189.bundle.json,188165,ce903822f4b6f1d38feaa6731f2218f160a0269883baf65a2497b964a5e2633e
raw/e5824158072b2d7c/task_bundles/7e/7efe4a826c862d76f6de2ff86bdd3318f70a9e7311c8083965e5ab2c73208d9e.bundle.json,181931,8d46f926ffe6788e82a57827520a65056c53dabd631d16dcd48443f7a206ef5d
raw/e5824158072b2d7c/task_bundles/7f/7f731854faf45ba1ab7c37008f432c3480bb858bd34556c1b74321784896bf16.bundle.json,180422,c7b0f1ccaef6d5230da686cb555f0f6a5e805d2154e1b073a78ccd2f4d67d390
raw/e5824158072b2d7c/task_bundles/7f/7fa3e86d6ac4654acdbfdb3d6c607c908b78ced4cd7d0ecbfb158d9dab7ac0eb.bundle.json,182510,b189917a55fe8fdbb2847aea8e00c4cd5edc92e7201d0898c9a495ed611317e3
raw/e5824158072b2d7c/task_bundles/80/80362effb1744885ed13dd328e3676678cf81b56a02ee04466be40599e246255.bundle.json,179659,ff79f187a7f342eaf87562ac16cd94f266c0efadf6cf1576aea22735285e8e54
raw/e5824158072b2d7c/task_bundles/80/80660b1e10ba665a15f0c49afc65d15e7fe3642a09fd316017a943c94cfcd838.bundle.json,179171,1f234433f5a78d4ebf05b0865a746b24b00201f8e387eb3bbcca314889633a53
raw/e5824158072b2d7c/task_bundles/80/807ad1723e0d7447019b9ee106d2c7415757c239aad0ff9b78f58011da54cd43.bundle.json,187971,5d746477996bc3db7ec9fb8878304ef3a84fbff572e9b7f31b186f16d067f1f0
raw/e5824158072b2d7c/task_bundles/80/80b3a06fcaabba2af6c8ad636c3006acfb06c262dc706f8be999ddea8511568b.bundle.json,181619,b06deb34d91b65d9feb5d7d97ba06aa365d51c0ffde658f4eab1d92ba42c27f1
raw/e5824158072b2d7c/task_bundles/80/80d05a8ab85d2aac04250b909919aede1b40021456c6203ce2cc25138c7df7f6.bundle.json,178699,9a6446de35129d3bcbe50b0fa27e2f6952cb90b594a35eb117ed946ff8c68310
raw/e5824158072b2d7c/task_bundles/80/80d79d62ee708b80f32a255d262019a54ed163c30390cf1af4c0fd9a3608980b.bundle.json,182443,bd2c4302821dd1e425e0aacba3638dbf45edb9dcc2da4584535516c22cffcaae
raw/e5824158072b2d7c/task_bundles/81/814574a327686a351b15518365e61a7efe317e2c74ffe85cce45e4a0d0f057af.bundle.json,188291,081a266e5427f73297e3b9e8216fac63a9b52260b479b62a5785cde659324268
raw/e5824158072b2d7c/task_bundles/81/81cd8780ef7e82f9a66f8f8de3e1b09bd4871654e012f23309dd673d9ec48c2f.bundle.json,180971,6a3c69991768380ca7c39ab95406e4346f87b1fc82a1b7b9a3663de2502bbeed
raw/e5824158072b2d7c/task_bundles/81/81d3e3d7f0b18e54c32d9598296ae1f39d4d16f795b22df8b205ecf96949f5f8.bundle.json,179957,0245eb7584425696fa996e03fb69fae6678614c2bd5ba25876c0088627f1c132
raw/e5824158072b2d7c/task_bundles/81/81e0d7ec08f5670ab9666498ecd7f74192986a6e296f7ec14e2b2d0c3fa3b3d1.bundle.json,182621,a67b657af3d681bcac681e7495b9fde5597e400793527360f304ac4a047293a6
raw/e5824158072b2d7c/task_bundles/81/81fcea529f587357ceb658eca06b4a9708ee338001c389fbc3ffea6bd85af36a.bundle.json,182166,9db704c401a4ad85758df03a04a121ee39ead048ceec060641437721a21eadf8
raw/e5824158072b2d7c/task_bundles/82/82c5419220245728c9771d36150d14c006369b870f8cff7099eb45bbf0d3593e.bundle.json,17408,20ff78bf257f3ba58e5fa0d7a47093ebcddd799405ba96876a02dc66c2a147d7
raw/e5824158072b2d7c/task_bundles/82/82ed02629313469c437886da628dbe57e982d630f01bdba6671a45dcc4a7c975.bundle.json,181034,4524f5d5da6721e8d0c9de1a6ed27670563e609cfdd2537f9e1076c4c592cae8
raw/e5824158072b2d7c/task_bundles/82/82ee2573db17b8b612641fa30d61b7d3f20ef744f1e4a64c1600cbd903584610.bundle.json,182125,2631a5cbdb330236369e543c8203cff811046d7a8e080fa7090c0baba6b292b2
raw/e5824158072b2d7c/task_bundles/83/83010f9d5483bc5dce4133a7e98ae80a6d009cffa251397b7a5e380084e51d87.bundle.json,179047,92eeee5f3527612482b55a25686ef613687d24eeaee68efcd2031e8e83998a04
raw/e5824158072b2d7c/task_bundles/83/833e020a7aab552c684e0c24d47cbf85021d56706e3a9a4368da0787680df3eb.bundle.json,181575,fbb13f978726e0bcafdf5b49c3931b921cd48f8ec8ffe094a802d2b4363ea2b1
raw/e5824158072b2d7c/task_bundles/83/83603a0506eb37938579d1b2b3a82a79792abadcf1548f7e1dc8dc361d215013.bundle.json,179265,133ac04cf6a9226a799c3ef2187d22c7044cd853ac3e669ac11248da216322f0
raw/e5824158072b2d7c/task_bundles/83/83674c296ff323b0305bd29f21581d8acc9d4284d32956e275b9c3ccc2a22e91.bundle.json,179034,01cbbaa6c387f6f28cd993b4c08906d60d0706777a4675ff31184e5ed9853726
raw/e5824158072b2d7c/task_bundles/84/841a454bfed7d9a02863d8f46d7de7ee384f3401c1fa9ce8ef2ef787a8108f32.bundle.json,180929,a71573c2c1cdaaa2c7800c6e91fa09af98ceb6eaa15693777ee2707f3ef146c5
raw/e5824158072b2d7c/task_bundles/84/849234665092c10ad863dd9298245621516f1b0f0bf46a7d7ae72da26454a2a1.bundle.json,179391,29ffd647c7ddb3cb077e7816757f3d7d59b5a9382c7b35f5a673b5a154e0affb
raw/e5824158072b2d7c/task_bundles/84/84cfa46b15e06d28b93dbc63fb114c309746a4dbe4181cf2e02493d269de5f59.bundle.json,180893,d8ebc7a16e0b15a3b68d47e67b4c7c2c637ed9a15eedf07ea6630acaf5c58a3a
raw/e5824158072b2d7c/task_bundles/85/85492f60282f0ab03ed087665c0895645cff092f09b242ba3af2f0ff932e8ec8.bundle.json,179315,a5f6855f5959ff49d37e8f35b5cf2e1468542901841d0d6f80f15622238cb409
raw/e5824158072b2d7c/task_bundles/85/8564cadab6c8a1e96245797ae67c2bb4482e18369f0b1d5e6f2417918e368d7d.bundle.json,179952,16234eaccebebd5f7f2ba97bc96e663fe840e98a05e57bd306cc384fb7eef198
raw/e5824158072b2d7c/task_bundles/85/8579a0db1a197752876bd00f0a7b71760e0beef13402d3a3859dddc6f3fcdeb3.bundle.json,179831,52d8a00d2b8c1bd4953e7ead54e023226a37698a20214b66a02925bd8d625607
raw/e5824158072b2d7c/task_bundles/86/8616c13485313aad1e50b46c44b2db04d2943d0d801216e22d84012e3ed46d45.bundle.json,179967,7bfa68484e36ee8870179a59dc8ebe1d85c376f618f0da53e74e7a3cf879c458
raw/e5824158072b2d7c/task_bundles/86/8667174049cb1d409d02df38e5490704d07cf129958ecbe722b896faa49bf13e.bundle.json,180000,4a7e649a3505c55ae916e671b515cfdab51ad2befe3253bf33502e6531560867
raw/e5824158072b2d7c/task_bundles/87/87e4d09f9ae9351e25e029b870cde097de3c844280e145a813871b046b31784d.bundle.json,181143,573700a85f9edf40fdce648e06e22c66f9d349a3decb9e6de4f307def6f24587
raw/e5824158072b2d7c/task_bundles/87/87e72b2d36438e5224b86b79596af431cd7af328bad0b47b3e699ba17165e87e.bundle.json,182962,27faa3f2f2509601752dd243ed2ff08ddfe6a41ec68a6f7aa762598b698565e6
raw/e5824158072b2d7c/task_bundles/89/890cd83d82e2cc4cbdf02bd86243d1a5fd3bd3e1ac2ce11fe0780da0bfce8c86.bundle.json,179462,18b606214fa513772c4591203ca2b9e036d1e328e7721c79ba4766147dce00c6
raw/e5824158072b2d7c/task_bundles/89/8918b524f3e5f012cc2fd37f0131ad22f6659bca44ee3fed42202bb8d1fa5a89.bundle.json,179775,4a7ab9c717bea99e0cfb0d2bb5aacd4e2110e9edf15135795cb8c0c175e55b71
raw/e5824158072b2d7c/task_bundles/89/893071e5a214c0c652755477109c29a61fa3dc55b8f582a6730548678fffa148.bundle.json,191305,94f1a464912a8834e6da3b84aee6291d45c5200aab24f8f413a8bf4dd8086efc
raw/e5824158072b2d7c/task_bundles/89/89511ae31e9e6f332e1c5f0e18fa33c6d633a343e1c227b37f41e7340230e4ee.bundle.json,180163,0616b014f1b2f915a63c35e49ad09f68a9f67088d41dd4dad40e4be71fa3dc15
raw/e5824158072b2d7c/task_bundles/89/89a3a8c2901e9a3deb23fdc0b5f3de2f2960b7eef00ab516b152262f407aa3d7.bundle.json,179124,7decde20b743a656e1a86daa36869250202f1f928ce8d4af218d96c38a5559e1
raw/e5824158072b2d7c/task_bundles/89/89af4892141a566aaa9c88f3547598a6c84311421f0183471ad6cf72c384472e.bundle.json,182615,f7eafa8da88337e12915eac5e45ba8c3b052006cd2f9e6c0e63427959e852258
raw/e5824158072b2d7c/task_bundles/89/89d0c700cc83994547543398162f859dbc8526d4e79b2cfd915914d95fd0efd7.bundle.json,178422,1857001b3c693a48a1359958ce10b4ff829b3c8ee190bf0b02d4487120f7a76f
raw/e5824158072b2d7c/task_bundles/8a/8a128222cd33a14dc77f0deeabf724875c0affb86c50458e34e83746810a7c1b.bundle.json,180110,90a1975d7db514322747366e9f7e73d86624fa24bce681320f788e3549627699
raw/e5824158072b2d7c/task_bundles/8a/8a1aa3ef6c44eb3b0e0b49a53dcfd6b420aa946109f806e36c37a7d97f4a3c14.bundle.json,181342,41ad578c66afb140434b21bfedf326f609787c03d281667f9ace8bfc662c9919
raw/e5824158072b2d7c/task_bundles/8a/8a50548e04f9d7205d25cd539429aa841a73447476f821bc5742cbaf27b44b29.bundle.json,179239,6cba3c331e5928db619f31076aa38bd0965567a32dd98671c51e5f54551eb83e
raw/e5824158072b2d7c/task_bundles/8a/8a5c6dc90b6f177f543dcc14f4c4f1df218b6f6183a1c6f8a82ed5c29a608646.bundle.json,19014,a33ae9524a4b0939e67afc084dd77905ef515fdda3c7b611c8ccfe746774ff18
raw/e5824158072b2d7c/task_bundles/8a/8a7ea82bb5e1a735784eee66763866af684ffa91ad37d93705c23ee62b79a71e.bundle.json,177891,32b04d49f32eaf9937eb1039c941442e3b6438f932a905ff3fbe3e7d3161ccbf
raw/e5824158072b2d7c/task_bundles/8a/8aa91f022e5346aafdf979858ea361ed9ae05e869deec7370195292c1750b02d.bundle.json,179770,c6a653aaa898ca037d6db9c2909316924cba9a5c8cbeffb236ef0f3a633e910f
raw/e5824158072b2d7c/task_bundles/8a/8ab6897b9a38174128e2f60f86ee9e1ba869a0c3ed2d4f861a74d675f697f513.bundle.json,184405,41c04185087a337ddf4661289ae777016679fe62a8022aead2044cedcfdfa76d
raw/e5824158072b2d7c/task_bundles/8b/8b33317a164d294fbcc057e47a509988b6ecb65e444169bc372d09367f47fe37.bundle.json,179702,8913459a5ff74ff7e31514eaa570102e5681fc1f96b68801543572aa6274949f
raw/e5824158072b2d7c/task_bundles/8b/8b6ee4d0a4b8df1de7e68e63b0c5be897753f46daf4b21fa97834e9f61597529.bundle.json,178872,2ac3dd8a7b7471363f32f72525fa5928fa3bfe3afdd232fc84ae942726b1b2ab
raw/e5824158072b2d7c/task_bundles/8b/8b84f3dffb5df3f94c8addfa6c880f7560acab45974bf789a87d59ee592e5ed1.bundle.json,18033,201771f4b0dfbd65438cd5599f42b8d34287d3e1d7afddfc15aaa93a0ed3b4f9
raw/e5824158072b2d7c/task_bundles/8b/8bab2467ff331b8f6cc8b57ba0764261a180f807e32695634cbb8212bf39c0ee.bundle.json,179448,17dfc4d90e8123a8ba9557b1f0966331e7a03990cf92b2ac18144e2f2581dafc
raw/e5824158072b2d7c/task_bundles/8b/8bba62c6d1dd8f645188a9bd1046ff2926ef20b2f757061272aec355597296ed.bundle.json,180237,69d82bb044e1fe0ed03a27309a6d650b7dcda2b5a92eae2725416ffe71cf1b12
raw/e5824158072b2d7c/task_bundles/8b/8be6d4436f06dbbf0193a39c213bb88f5d153fa565ac48fb0cbcd582a5ea46a6.bundle.json,181089,931c2c496f78ef1b132fb8011ecac9c511d478dc30706e9ea981481ca0c7d105
raw/e5824158072b2d7c/task_bundles/8c/8c15f647ec146123e2d3b8ca47d44ee83321b8ae2ed8d9046f464c3ceac3eb07.bundle.json,178033,a8840bd0e2a71dfcf38fc8e42793982c30db7ecd87f5093739652f9de32f92d9
raw/e5824158072b2d7c/task_bundles/8c/8c3515a24c9fcbb1bb35223d14a9d057ddafb732c73131377fca839da34bfe0d.bundle.json,181711,f237cbc635262278a0798f4b932aa851721cbe1bcd04479f7e589d2f41614a2e
raw/e5824158072b2d7c/task_bundles/8c/8c4059793bb83317b35d493ecebad14875a138d2925f93b592fee07871a01c6c.bundle.json,180737,16051879e4fc8ee3e46dfe4c82062fa499b25fb506e8502db4fffd730018fb07
raw/e5824158072b2d7c/task_bundles/8c/8c919abb62e1ed841ce88875d0f9e9f38e3c94bd279a748cfda4f755ce2e199a.bundle.json,180065,2df76fa97ddc7ebfeab789037cd33bef2ccb5ac668a39656eb51acca2ceda5d4
raw/e5824158072b2d7c/task_bundles/8c/8cdc7e6f0c38fa100c9bb00975bc32a31cb4f909fa2f4217eea9924cf390b96e.bundle.json,189264,0bbc139abf19fafd8fd88927d05838efc9e93321f7909128c4e1852ed02cb0de
raw/e5824158072b2d7c/task_bundles/8d/8d12b0b3fc9d881e12c5aae0a903d996fb5c1f24c7552b9363ef25c0dad00993.bundle.json,184566,a6993ce852b1ab04bdeda73e521eda8566eb45838d17632db9e35d55891b6945
raw/e5824158072b2d7c/task_bundles/8d/8d28e898b5fa1a365624d7f7f6f9c610265c09c7ff81e78c40457ded0adebbb2.bundle.json,188993,ccd2e41ff464230928522b19f920527cd7c88b9c96a901fef21e2002bcf7cd1e
raw/e5824158072b2d7c/task_bundles/8e/8e0da58994a8fec380b7b2799a22bd2a2bd96a7c0106af44e9b4bafab97493f5.bundle.json,17309,dc989a9a45a8eef4afc7df9865a8e622c1737317f519698456330ba734eff1cc
raw/e5824158072b2d7c/task_bundles/8e/8e2feb3995cd9153cc2b9045e512b262f060b24c7cf2713aff6f4887ac317efe.bundle.json,179158,f5cb72f99d5b2ba6fcac93c1bee1cdb0a478ea2d3118e38a64c757f538efe7a9
raw/e5824158072b2d7c/task_bundles/8e/8e517acbfee36d5ca7ccd151d39778926ccf8a22df5fbe4fa80f487c6582b94d.bundle.json,179708,3c79b56a2acf5f9de8bc60070c15d6ee4340282fdca030561fe4b58a7213533b
raw/e5824158072b2d7c/task_bundles/8e/8e5a4ac6a6c5a6c97e519601cfa022c301ea139069f30959149c96520f4dbe92.bundle.json,181184,c75f552be131301d759dc1527eb3599243950ef731af0a35bdd9531a19f2eb98
raw/e5824158072b2d7c/task_bundles/8e/8ee54ad30620e519cb749c4aa6bc801f09718ad4b4f9039977ed120074569916.bundle.json,183275,7cd045df3c43c12b0e3c1ac07bb06f8f50ca8f16c36a8def87a183c5d5cdf27f
raw/e5824158072b2d7c/task_bundles/8f/8f040f656d0a7cd58edd61e3ee9ccbda752628d0b5091815b22ba4ccfe2e5a7e.bundle.json,182248,9dde1f834017ac0ffe3437b80f3c84e241c9528b975b7c22d3b5bb854f19d565
raw/e5824158072b2d7c/task_bundles/8f/8f84a2146cb084af43988cb78eb1125f0326c4a48d3ef283fe3794693001487c.bundle.json,179694,43f2f8d8c0e21ea4ef4643ff5b6b7a46ec60f8f5285d43cd1dcaaca4979413a1
raw/e5824158072b2d7c/task_bundles/8f/8f8a42737d7c8f3e00466ff4852c204f4d658ce2e5a7fd5d918d95951f8e8a03.bundle.json,16845,05d4f4407864a9cac6986afe7148c5994fbcbf1376615699bf5d1f7323bec9d7
raw/e5824158072b2d7c/task_bundles/8f/8fee77c31dd618022211bd03aaba5d4c91972e69da55ec41ecbd19a2c49992b2.bundle.json,182808,e238329895746b408fe78ca69b6766a0741ba6f9f02d9810c8eb1643e7023f7b
raw/e5824158072b2d7c/task_bundles/90/900694f85b4c0f9e6e34d22863bfbc1e3b2a3420b6cdddbb6a61cb94acafe64f.bundle.json,180677,a200566af36d2317ca4744295dbfa03730e1f35ad692feac2602f5dc8891485d
raw/e5824158072b2d7c/task_bundles/90/9023e636ac0645280ed031ed11d3b410357d78870303b3d5c4f3b1a3205e24d5.bundle.json,181443,555d1f094d3646b7578a57fb0c302ebeb5faef531eab2a4c3a1845b1def270aa
raw/e5824158072b2d7c/task_bundles/90/90a52c2f2297a97cba419b88b7f74f8e758c54629d52ee03259fcbeec5607fba.bundle.json,179066,f603031110eba170bb546a9e7750e03d38772a906dacf35b03700247aab7ece4
raw/e5824158072b2d7c/task_bundles/90/90a791e9a9ae40ab8e49f6685b60d66db2f17fb6e3444cd7054134425f511ed6.bundle.json,17161,581783afc5ba6e475fcca469f3b65f208af8a79e62e43c4e318136c84652b0e4
raw/e5824158072b2d7c/task_bundles/91/9111412685887f86a931ae68ae1fdd3cfffa3abd7344877fd7652418142425ad.bundle.json,182372,2dcbd364bf8620f973efc278157c1e240121aa4ce2ff8cc9e728d2c8d010422a
raw/e5824158072b2d7c/task_bundles/91/9140f1ede4c99817d4c28e0c3590f3f9c473452da24b27694eba8125cee3a360.bundle.json,179149,9ab42df526548f510c750c716ca46015e820e68b6b56ff3212602f3004782429
raw/e5824158072b2d7c/task_bundles/91/91d23690d7ea1d03fc54b452c5ee87d8a49e93a840bb1361169516fad264118f.bundle.json,190104,34f4f986bdd622c37289ac056944a8ab4eb63c432f0c457b5350621abd699be6
raw/e5824158072b2d7c/task_bundles/92/927ee27c70a8e59914eda3dd6de7ec121e2ed7cd5f493104df59535f481d9924.bundle.json,180531,177f518c1c4a047743ca14233d253f03e1e40302686f2a663a8152e73254d85e
raw/e5824158072b2d7c/task_bundles/92/92b3b8df56dd59cf0fd42a499cedd3fb4de2e2b7e420bb953071d12d7279d4cb.bundle.json,181013,8bcf21854f77d878c5d1adbd81e1106d66f951e44f813b851395de83767f6ad4
raw/e5824158072b2d7c/task_bundles/92/92c2b8016a6a691a96bcdeccaf7a3b8cf8f9bbc96c8578a12c689e98afe47c02.bundle.json,18091,f20f57f823165a88159bb7a2e0061c96e96bbb59d1442c88f0f64eeb3d3e4e20
raw/e5824158072b2d7c/task_bundles/93/93c0aaae7a92f6a79f896abc431078aecfeab22f29ff89448aec6d02d4f251f8.bundle.json,191946,821dd5ef2330d69031dd7d96687312f166df2db36fc835aaac598341096bc651
raw/e5824158072b2d7c/task_bundles/93/93d6926dc22d3cbd4107da6322225d2667c22d0e2ff5d4485944651a5aaf46f2.bundle.json,182013,76baf35637d577bbf40cc81a3173a05829c2bc1272d18aecfb86b2200feafbba
raw/e5824158072b2d7c/task_bundles/94/944de5460683bb9105189822a7b5b3e77cfccacfe036ad29e9872c4b975173b8.bundle.json,179615,1f2854a8aaa0c93f6a748bdd92c9ea743eeb85423b3266bfb66dc2aeefd0d6cd
raw/e5824158072b2d7c/task_bundles/94/9475c1e4b58ca3786e8e7670ba34b0f1ef5ae158d86c99d767be6e874af7b613.bundle.json,181377,68c0423bb33953ba2fc9edece7df8a2a2e2ab8352f6542da8d7c528f68abc8fd
raw/e5824158072b2d7c/task_bundles/95/956d394bd7784e6febd5886bff2db24561d4d3aab24e229df93ae7dd653e3530.bundle.json,179625,12b264cc03c277571a37378be32ae5e55dab20455e0b41f6c00af1464d344c1f
raw/e5824158072b2d7c/task_bundles/95/95cefeb70af98e00bae3a3f224ff568f05db59a7ed3dd8622037778ef80c5b70.bundle.json,181993,1a49881ca5c4cf1da2cef8bbaa5eb92c2ac214d8f2062159a1f49cea3c904094
raw/e5824158072b2d7c/task_bundles/95/95dd939c1f34585c575c58c73bf62df10aedfdb1dc98633b71d6c98cccd9f8da.bundle.json,179751,b8407e6e41e720364b8e58a604f513a770cb0eb276b136d707ea825ad4a1596a
raw/e5824158072b2d7c/task_bundles/96/96646920a851308595d70da1706c31068f3b204c2b491430cbea34182ca18a8f.bundle.json,16810,8c8632857473b8b516bebf07b312bbe82f285406d14558ef67ec591160b36c6c
raw/e5824158072b2d7c/task_bundles/96/96685c95b1b895aa74f8b4a68746d63bd577b3a5c2d6595a6ef0d31684750134.bundle.json,179634,9268ef4cf7cd768d7b0c013cacbc07c90c6605f151d1fc8d8d14544d0fbef0c4
raw/e5824158072b2d7c/task_bundles/96/9681a18508d7b51640345789400613df7cb259295a7eb591b5c4b696cd762e06.bundle.json,183503,7b0db02fa972296e02feed65fdddd5c808a8fe147cacecd94c90026c023fbdb3
raw/e5824158072b2d7c/task_bundles/97/9706bd7cac1b55395c2d90dede79e13b9f04acd57ab93e0e031fd499fa55b1a2.bundle.json,182980,9a1fbca4331e6ccae6884c7dca8215fc01ce2bcdb9a0d0dd5d0e0927f1c91a70
raw/e5824158072b2d7c/task_bundles/97/970cb9b6656160ca67fcd2b389698d5852c8825a210c1829926bdaaff2b90f02.bundle.json,18700,dfb340201b72b9c38b8900ac5fd20b7ff975b51afe4f84579c481bcc1b16943d
raw/e5824158072b2d7c/task_bundles/97/97a115918ef0a9a3f167b63ccbdad33be35f94498f250503aa77d4cf1d04ec89.bundle.json,181027,337586fff12ee9f771b125311d382bc4b9e873391b025fab7f8537e1e14c5900
raw/e5824158072b2d7c/task_bundles/98/981bd89aff22aff4f6be4b07235964f98964e875d992cd9d5cc425ac6f9df944.bundle.json,179976,03c220fc5206d71094ae4a0f9df4b13589739103cc4d7b63c2ec4d341755e8db
raw/e5824158072b2d7c/task_bundles/98/985dfdb45ca88f096def9b57594bf43210b9ffe27d57f01697da3f421396ef8e.bundle.json,178652,4e5fb4ae2e8d4dbfa25e8228a8d1d82e453ae60622c31597392f8b3a1b96a2f8
raw/e5824158072b2d7c/task_bundles/98/98a6787143ec854dcb1617d481c04b1c091dfec2cbe38447db0265657b458f2f.bundle.json,188591,409a2a234d9877768de0a1bfbb54b9fd28b8e5e8f746be6d3d45d76e130da5b0
raw/e5824158072b2d7c/task_bundles/98/98ad5ec06e1f0148fba6e8a76c62687850b79736520e569faabc32216cdf291b.bundle.json,179635,32f0a57744d5183065ad51de67b6cd9dd4414cc69278d8d1881a053c8656545f
raw/e5824158072b2d7c/task_bundles/99/990839ea0d4ec9634e5823cdbff5ef8c779f04225d0fa4cd409508586ab7f750.bundle.json,180929,f9ce35fb6c121095998189530c0d2c6bf3ecbc40db186908904fa0f0a7a4495f
raw/e5824158072b2d7c/task_bundles/99/99457641cecc7ded57d164b4f2474c39f463c99d89881b0ed3b7c1a5ad1a3135.bundle.json,180326,f2d8e06daadb3d349a2b7e7d96489aecb853365800047a194da6cd507889879e
raw/e5824158072b2d7c/task_bundles/9a/9a1bce059d32e88af4a399ceb69029b92ec91ce7fff7aded2439c2042ddfdb43.bundle.json,178561,9638ffde0a3b7d2aa4003164e78e85498d43d32775805cdfeb0ab0283e60580b
raw/e5824158072b2d7c/task_bundles/9a/9a2cc8d869933dff352802c25bd81d2071931c466c94a62235b3e93e5edef05b.bundle.json,181561,1ca5f306f9478d3898bfef24ae8993173095f56e4d4ccddafab6402589940f4b
raw/e5824158072b2d7c/task_bundles/9a/9aa68540cf3dc46e9b8f06c0f3945ccd33e5bc96e8dca0280548821d7c697933.bundle.json,180214,1e978c3f8001ff74c52f4cca677ecded69b55afc959dea353cdac4d05700db7d
raw/e5824158072b2d7c/task_bundles/9a/9aaee86f2fb366734d5d61d410320dce1f6995453fb823cb97b9f9888c135bf5.bundle.json,17253,1fda2192be14774d10b8b04cb2ce7e981d0d9f07a8a92d62e397bdfab1b9e5db
raw/e5824158072b2d7c/task_bundles/9b/9b6c5c24cbd75921b7596991b2cf1a91bc24fb652058ede6cd336482ec192409.bundle.json,180606,604a8bf551c47353f0457d3b35a0299d749eae092b5edc5502288282e32c9359
raw/e5824158072b2d7c/task_bundles/9c/9c510a9c0b39e35e67bcd0811dd0e0ebf12ea26cb1a66399cb96276757c9f3e8.bundle.json,179660,b49ecc29053734da08a9cbef3fae98d237a4749d05ea4d762f97bb2f18c74b9d
raw/e5824158072b2d7c/task_bundles/9c/9cc3f275625938fc9c43375f4aa101d5b9f0e992103fdcce190ee496a2218719.bundle.json,179693,b64589fc81af76803b208accb3734a7d4a193b0cbce692ac8a5a7764f17a8454
raw/e5824158072b2d7c/task_bundles/9d/9d49cc836cdb4efc49b45e6cde6c4132c2a42ca1c19a1af7f0585360523ba2a4.bundle.json,180421,4d485803d4ba93a22d2e109d41f180697f7fdd45f467a2d1f01ff6aa6fc384b3
raw/e5824158072b2d7c/task_bundles/9d/9da787aadd552452cf71041505a7832e63eedc1814a797dfd2f92f779a92081a.bundle.json,28602,4612da2df7a8ee9b49afd4b020d20cc05676873529eb78548d8af500d79714b5
raw/e5824158072b2d7c/task_bundles/9e/9e004dc2ab2152f7e77fcb453dd3a56dcb1860627ac92b22fe52133d822598ea.bundle.json,16799,c6657df4a17efe7daf136739dfad9d37e0d694fa14e7aa47976800cc6f71c853
raw/e5824158072b2d7c/task_bundles/9e/9e0ef1d2b149ec3f7c24c9614549c8f36a380df6611ed035e2af90ccec927961.bundle.json,178784,5616508ab2ed13d22e60154631fdc470a6bfb455e416c7bb1e4b4a86d6cc97f3
raw/e5824158072b2d7c/task_bundles/9e/9e27c102584a4c457069a1967760a5e52e802afb9c14ae24adffa9039c402352.bundle.json,181387,09aec0c0ae599e5ff592fe3b156150ec4283b6144ec8e217413b474f79f811a1
raw/e5824158072b2d7c/task_bundles/9e/9efe803bb3476ddafff7e385d0bbd1726d744c9869fe3233d1042c70c784a373.bundle.json,181716,035fbbbf156f7419266dae472e26c892462727e4ec92acbec7d3de658906c955
raw/e5824158072b2d7c/task_bundles/a1/a133a2e5d178b85568392325bf2b858982869b221f98d9955631153397321c86.bundle.json,181242,668886fe6c40f9b947992af25d7eab1190e85ecef272e55abd137a3f7623c537
raw/e5824158072b2d7c/task_bundles/a1/a13dc6c11c41671507282266d40ce19a158afc2c96668b241604b95a3a7a5e04.bundle.json,178253,a74dc182c8695b184e301a3572b97c71f6c6df5f1bf57e87b3df74dcb8414c88
raw/e5824158072b2d7c/task_bundles/a1/a1423e2e9e885ae97fd843315d58fbb77614c5f21f786a44ae302c59ff872994.bundle.json,182313,213fd1905a9ad26c87dcdf6729879cc7b6aa472b13b3b4259c03a7c06e240ffc
raw/e5824158072b2d7c/task_bundles/a1/a149ee9e9096f8c2fef30ec6611ee69f1be3a9f497b86015b59dbf5cccc1b66f.bundle.json,180236,f3206221fc9e5886267a2caf39035d8c937e39efad4d530932a348dc22a8de74
raw/e5824158072b2d7c/task_bundles/a1/a17327ae5814a1aef1827f23b463d398ee6f7643307f3a35c62efbd87d681583.bundle.json,183050,08c4cd4288cf738fe0a0ce0f84ecccd2ee7d97aa0ae34e2601d2c7fa8a66c5ee
raw/e5824158072b2d7c/task_bundles/a1/a18e64038fe66d253875f57dbac8a8d6bdb5b5e845e7e8fee639b5c37b48d944.bundle.json,182801,7cc94f4fc6ada2df5504ac7378274cbe15e17f395d11516ecd86e2182702c9b2
raw/e5824158072b2d7c/task_bundles/a1/a1b5eb58cfc2ee9fb8767ad666833d0d37552abc5ccceef4a15ed54019ad0501.bundle.json,184695,a579bec74ba562cab1934d9a0a70a3cb0dcc9e3002734c059f9d59001ca717ce
raw/e5824158072b2d7c/task_bundles/a2/a224d7f85d5b27a35a6b5d11d2dbad7656631cadb2fe47fc35214133851dbe4a.bundle.json,178918,b0fc804ae0b5469306ca240e76a3a71c30a5ddbf1772d0af0b43a852513df5ac
raw/e5824158072b2d7c/task_bundles/a2/a23a282439991a9d82e8303baf26fbaf48e98b410b9e7d6f4120c678fdd77f48.bundle.json,180427,4e5423f01460e05de77f9ee4995cbc95be3f79f4c9da8fc231fed874c95ab0c7
raw/e5824158072b2d7c/task_bundles/a2/a2d6a1b737d7e7ef6c11668c485fe642a24205777a1477162ea151d324fdcb95.bundle.json,178828,a3ad6386d3ec263a7eebaf30c8caaec223b489d56e6f9c7996766d515b55115f
raw/e5824158072b2d7c/task_bundles/a2/a2f0c260cfff16d7c0d3f8bd953a5e5dcbe30030527b5dbd48c52486d15573c4.bundle.json,182005,a09fcf515f433b2579f36c24886c67d86cc583b77e9eb7780b3e6d0857b4fee8
raw/e5824158072b2d7c/task_bundles/a2/a2ff40fa76f66c09112282c743e0788cec5f1755a5060acd4c2461cfc4d055fa.bundle.json,182330,22ecf2e0747764045e8f8d3d0f2d45fa1539970813bce499c906a8e2f8b5cecf
raw/e5824158072b2d7c/task_bundles/a3/a3863b303369a9d2075691efcc0fe3ae6099a76830e3b5c3561dd4aeaa847b12.bundle.json,179556,d271d59dd11bcc79767e0f233e87e20acafaf1b720824b247b047fd9cc52d164
raw/e5824158072b2d7c/task_bundles/a4/a445d39c164d932fe1886065909eb73b6c7869a9e6b42186d5055d24d2fe97d6.bundle.json,180488,4e37006c68b86881bdffa3ebb813f94b810b87a99408860fc3bb53b714721bb5
raw/e5824158072b2d7c/task_bundles/a4/a4a2597f549b3b0feb8e176cf7a0c803b5902c2cd78b625c8ef6e8990bfa25ab.bundle.json,180019,0f496055433a43849d2fffed2202a28b2196cbe218c5ae7fe02e76d2e409464e
raw/e5824158072b2d7c/task_bundles/a4/a4d54aed124992a07c7e46a6b54f104563712cf63459e48caa29c1e346375ff6.bundle.json,180664,a61ff6db22336a3cec22f2a01cce2dc25b410b511d8b5c249b55284eb3d18923
raw/e5824158072b2d7c/task_bundles/a4/a4fe02779fb8073f0c79702da51288bd081a72374bc935a919c590b3181b3368.bundle.json,178854,d4a9fb507bd2828da0788b349100b257aa5541846bd2cb3855d238e6cfddcb61
raw/e5824158072b2d7c/task_bundles/a5/a50689c58d6e9238b0ca92b2e4adc6966b9f29a70a7679ba844ea805d76b97e3.bundle.json,17962,6dba70b0809dcc54991c10e5daf4db5374b480cb0ef2adea2a8b3ddfefe9c613
raw/e5824158072b2d7c/task_bundles/a6/a652634c9742439c58209954083939fb0cda5b11bc030b923ad110954edbc926.bundle.json,178922,6c020b70213c0fa9280fe15e08cd862bd9cafd1ec93777bb1747181183a58697
raw/e5824158072b2d7c/task_bundles/a6/a6b4787af0a95c9a2ca49b36dd1e9281eb97ec28cb4abce3fd095a9add7d9ea7.bundle.json,180005,ca8438a9a7aa2b8f4025bb94ec09d8a3ead736bfe3dfa639eedeaf0c1a41bad8
raw/e5824158072b2d7c/task_bundles/a7/a733888c4518e8c2b968d08188d648e5250069997e5fa9f8ad583d7095dbe284.bundle.json,180380,5f006e03487def51517e8a0fdddbaeca3af05379e33cf89db840b18f504cae24
raw/e5824158072b2d7c/task_bundles/a7/a7b2f30a30d36516cbf0d5875bc838e6e12568d20358bd77b14b999929d2fe0b.bundle.json,187683,2533338a502e9d8ded51141a04a4da7e380f53712e5b69b5cccfcf9a770fe248
raw/e5824158072b2d7c/task_bundles/a7/a7bde83102f8353ea5601ff2e0b7f946e0a1016f652f68a27668b7b085bb4620.bundle.json,180497,0362198978675a849731315e452f3008297c0bc145222e3ab187de92517481a7
raw/e5824158072b2d7c/task_bundles/a7/a7c3fa8302eab4ada57bce335c8b6e7667c7e3a3daac0e1d73eadb94c3f631b5.bundle.json,188970,efe0ea3c6a6ba50c4cf6402c84f2950f94e32c30a992e6618a551ba72bd5c7e6
raw/e5824158072b2d7c/task_bundles/a7/a7d4aa82ddde115ab8854b9826619d800cb4e4b6d42a2a6f66789d1f1dd1bf11.bundle.json,25031,d839587e97ddb8c26013c33cbd03256181c90861dd1fea5f2e6255685c7739a9
raw/e5824158072b2d7c/task_bundles/a8/a8b6a589e0ea763e11961b96cbbdef16753a97f1f338f45d835b8b27c0ce8475.bundle.json,178429,08c4f677e5a48118bd3cd6efecb20db011fc6c5ac5defc1529ce965c205d08a5
raw/e5824158072b2d7c/task_bundles/a8/a8c67d462ff203bbdb7f30578b2f2ae88021c233fb9ccef8ff1ad2c6dda35179.bundle.json,179624,ef1248f1d930aea8342ef228d708a3fa05876cb2112432f009a8cf38cd019e42
raw/e5824158072b2d7c/task_bundles/a8/a8d312b34e8342aeca49c79c335eb4d0a66bd0a5ecf281e95280908f7cc36ea9.bundle.json,179717,d9d7b175d85e0c8bfe011978ef4338ede9ffb823f3513a826739ebd3f678b3da
raw/e5824158072b2d7c/task_bundles/a8/a8ee0384db732f96170df66cce053280652af041eb30dae10128741ca848aa2e.bundle.json,179712,0f321e8bd147cf397b875ed007ef8c2a12cacf020d019d54c02fe951d6e16924
raw/e5824158072b2d7c/task_bundles/a9/a9374b1c1c2df9041fc75a34d571f96fc8bc93bdd9c5470ec1a8abec6744f0b4.bundle.json,182177,4f6bbbd0834a36d5cd396ecba0cf69b0e131b1839ff381d6aa3928abcb2bd178
raw/e5824158072b2d7c/task_bundles/a9/a9469d937cae9f616743658277f137d154944936275d27e397af9437c0f8e984.bundle.json,184331,bb91218ec4367ab8e8d06518891ecb89bf875a793ef00e70b84e5c286dda42c9
raw/e5824158072b2d7c/task_bundles/a9/a9516bde895b82823611a3a5da4cdf5e158b35deaa0d735c1138216d68ecdb42.bundle.json,179887,046c6bddafb4e0ec704838ae08b42fd503f5b50835dc0c57acb39467c1475e40
raw/e5824158072b2d7c/task_bundles/a9/a9b0efb960886bbc4489e99dfc0227b7d0d967131a7abaefa17bdc6e9e5696fc.bundle.json,182846,9a672941ae6628b4e529273c34bf0b4502e612f9dbba91c8c0479308a3f90050
raw/e5824158072b2d7c/task_bundles/aa/aa1a365a88995e1892a026c93e4a182403137b587ea9963db5935be29c35eb74.bundle.json,181914,daf41afdde72bf42d204237dadedc4b3a93d70924403eafe69bdb413acc90f98
raw/e5824158072b2d7c/task_bundles/aa/aa50d31fb9acb952971981d87934f2f315037f8fc85cf1218711820e5535b998.bundle.json,188878,7794b3236da1762dff6ea0cd191e983c4143a6cc4ae2a832bd9be06cfe07a8ae
raw/e5824158072b2d7c/task_bundles/ab/ab10b9c9a0b94b4de3e9a8fa47a028041440cf7aa608e6136ba6e300898717ea.bundle.json,181787,44e31b348b81a12b2e452783e15f7a289786c488a34b2b2c8a608c23e333e3f4
raw/e5824158072b2d7c/task_bundles/ab/ab88d66a31bae82eecd32db60a16762fe32907cd6ab16139043ba646ad423834.bundle.json,181680,bbbb9f30b5765e1fdc22383825c8903b17e1041ef5cb895552352916b261d47a
raw/e5824158072b2d7c/task_bundles/ab/ab98a75f8a0aa9053e20991cd4a4e0b4038b395af6a4e4512596d66c7bdca805.bundle.json,180535,919821590e3e6fd2a2ba823561e3af0f3982d9d6992d8bad530c834bdb282724
raw/e5824158072b2d7c/task_bundles/ab/abc2244c7cdf068e4e8613cfe5658622b2e09ff835bc47a0d76df0d318338362.bundle.json,180726,a1453bb52d1f38e96b034895908c8991049d54596fc9973f2e6d7486e388ced4
raw/e5824158072b2d7c/task_bundles/ac/ac1d9bbee92a2cdbd4513464e3871c93f468315eade35f253c08a529eeada043.bundle.json,178921,612a3488385f0547c6116fa33beb5feeb679764edb4cd0ac1f4a08db980ece15
raw/e5824158072b2d7c/task_bundles/ac/ac4eab13fb194e137c16bd52c0b491463dde9aee8afd55fb83dd84588590cb5f.bundle.json,179498,fdda50b6287a26fb52b888bc1a18b58e5a773196046550187a34fcaed4c5b89b
raw/e5824158072b2d7c/task_bundles/ac/ac677948b0e93500f4665f4331ada34e19cc87c953d3008713a23eae6ec4a531.bundle.json,179536,205f0d93732e8e79d69e3b5964f85b1c0367fac1cb657679fb5bb9ef70e39846
raw/e5824158072b2d7c/task_bundles/ac/ac8fdaa15c79bfe4b51a281f744ae33099f612925e1876fc20b6af8b78e31fc0.bundle.json,181652,67018826d42f6d2d039af13ed77f66416275ce5822b49a6b1c71e067b44b664f
raw/e5824158072b2d7c/task_bundles/ac/acfddb9cb335ec31690d007fb588789432e53a95d56fd4ad5ea8c10361d1b2a2.bundle.json,180381,38f4d65e85580b6063f06dc3eda56d56521c04c815cae8171f2cbf887da01c7d
raw/e5824158072b2d7c/task_bundles/ad/ad3cdc1cf9388b23bbe13a92db7c3933e4107f6cc5aedac4ac1a31db61a5b10f.bundle.json,180549,55ef547c15ea3d6d49aa838d9a38a884f9786b8871edda4cf938caf3846ef994
raw/e5824158072b2d7c/task_bundles/ae/ae39419d729fbd07e2bbe1f6065da674841859eb783c4c8ff02e2441a2aa2465.bundle.json,16625,59d831f34ab610f8dab813ad1114c4945760833ac5514510ec67f54e3450d482
raw/e5824158072b2d7c/task_bundles/ae/ae5f81d38c810aa1cc1c0793b9adc2fc11b95c1b90a1f619a3a2560e432f3ed4.bundle.json,16792,6e754a7c368b113794b8c66f78b2f02f374b9aa128815c78f592722bb5903e6d
raw/e5824158072b2d7c/task_bundles/ae/aee3a000763255f585ba8679a2fb0d1e0dea2766ed17f2a8593369ee7f7459e7.bundle.json,180621,cfcec2dc51666c7b0efab53b20e9aa8a2f908856518c721048708a17cdad7be2
raw/e5824158072b2d7c/task_bundles/af/af20c952578a7f31c3405bdeddfb9f111461da0b69227c41e905f847e3720aec.bundle.json,180442,785ae4ed3de985929aa87ce8b8a3eb21b9c6021ec2d116c42751a158ce47b876
raw/e5824158072b2d7c/task_bundles/af/afc9f983c687e70566b099231c04c2102e51f13742e7fa3ae6173abc1efd9822.bundle.json,180019,d238c2c0421eb226858e8d4ff3cd130b488688e5087645d256152be9b1477a98
raw/e5824158072b2d7c/task_bundles/b0/b00713650e46411d035c8125826975d497e3e83e4362ef662d2ea763f3ce7de1.bundle.json,188888,e1394d04a55edba75c568778a5247c1822b71e62070d41bd4ae9c6c5f41b0f8f
raw/e5824158072b2d7c/task_bundles/b0/b009e448043cb3ec183260fc760c49d12885274a9fbc1f722f343e1f70c0ff9d.bundle.json,17385,db404e24bf24faba776ec9707cf39b5412e4de1f8a6587fa1ea33f50d15018c9
raw/e5824158072b2d7c/task_bundles/b0/b03c740e8f41de1f49fb935c17a5b3b98348316811f6f7fd04867898b1549e9d.bundle.json,18013,048349fa5ed538ff135c9bbfe210c30a112babc8be5549f202bf6c8a3b30758d
raw/e5824158072b2d7c/task_bundles/b0/b0e8ac918b4944fdcb3ef39ab01780c4ba62835e707e79454e0b25f555467675.bundle.json,180691,e0012975b183f6ac58cffe5ac4db1d4ded1569a514511f4e7c328f111e024997
raw/e5824158072b2d7c/task_bundles/b0/b0ebce23f378361f342c0582776283a1d8d1f6f9aad352fc0c0cd1a60bcf58da.bundle.json,180258,401d7c9f8d24544ffd7f5a86b38818b492b99145754a6c6d48615b03611e9689
raw/e5824158072b2d7c/task_bundles/b1/b172a3ace84822018c2cb46b4e616101615de82287f10c51c013a2870ab12cc2.bundle.json,18483,453933df34f066bac08b07727e62f3f2c2f23ba1f15656f2cd76eecd5c730512
raw/e5824158072b2d7c/task_bundles/b1/b1aa0435e40f594f1fd7d02fd5894d3da13fcf8b6fc1e7c3a40d588f12c90a2b.bundle.json,183978,e7b308458c6aca8b312c360348d63ce9e5e2bccffa0fa283716f225b596c0451
raw/e5824158072b2d7c/task_bundles/b1/b1d1bd45e939793d3d31837adfd47c3e39e8a304570f3b30a22be74364e2c1a8.bundle.json,182505,44d80f5b30008a9e526c0b5f10ddecb1aa04bfb17fd95e71f6ec68cce5354479
raw/e5824158072b2d7c/task_bundles/b1/b1e54a8d280c18a14ce00fea304183782101ceb8cc95bbdaa541d7e0774718b8.bundle.json,189979,2319ea2ba478912eb845b9c2d182683fe71c575d987f4c10ca7041907e0cc9eb
raw/e5824158072b2d7c/task_bundles/b1/b1f6c347d9f77726c97beadaedd3312d8dfc84595b62124f40c4df2b2eaee67c.bundle.json,179744,125fde78ac33298ff7b680dc69f1fe3fa8fe904b49d8106685a889b2f724869d
raw/e5824158072b2d7c/task_bundles/b2/b21966f02528fe223451b7291aade6cb8a3dfc73d11db19c33339bd8b1c364e0.bundle.json,181905,9085dcb71107c7b0c42a55efa1f31ced3882cc351f0b0ecae122c11807ceb373
raw/e5824158072b2d7c/task_bundles/b2/b276aa329569603fc021a0d464a2fb72125144341151e79bf048f357aee5cbd7.bundle.json,17709,b4f7bbde33793e91445d7002b8ef503a89481d6d575cdfcf9a3bac769cdfc505
raw/e5824158072b2d7c/task_bundles/b2/b2af6a448afa25438c923ff2c15167125febd63b476af8eafa16e7f411c46f70.bundle.json,180630,1a070f8c499c2c24ae4d786ddc32138e3457e005808feda6d9366d7dd54746a4
raw/e5824158072b2d7c/task_bundles/b3/b31c114e98d6dc43f17838de0e5e51008f0cbe06c560b3ea7dd5584f0b4e8380.bundle.json,181103,757f4463130391b88286397864da42917c04d9df7355d5728574b13ef965d05c
raw/e5824158072b2d7c/task_bundles/b3/b35b620bddd1da015cfac0862fe38cabc805a78cc0e0a540886c0b75c13054e6.bundle.json,179696,a24d31ddfb033ac9499ce0b79f30705462969475176ace2c9fd1407b19ba5a40
raw/e5824158072b2d7c/task_bundles/b3/b3f3ef43183ece717e82319cba43d974616d563f725a7bb29d70f546ebf78072.bundle.json,180352,698d9da602c673786a2154b38c15ef9a7d4bd09a0bf29fa5278c3834809fd648
raw/e5824158072b2d7c/task_bundles/b4/b4356ace9fe9ec9c0ef5c1a65872eadf3a398a6d1f4c4aa68830c6f7408be0d2.bundle.json,181809,f48b8e6fc67d1588ae635dfa5b7bf167e0b4a77827036b241455fef734d8f568
raw/e5824158072b2d7c/task_bundles/b4/b4aed274ce9f4eb31a17f8df78123cec95520260cb7d4aafb27d6220ee8ca8b5.bundle.json,181084,8c200c2cfe1d46a3a6b2af6a566c366ced3d99be5b1d3250eaf7560a04dc410b
raw/e5824158072b2d7c/task_bundles/b4/b4dc1d464e9cf8a1fd0b4a3289c6220551993a6332b3aeb77c6a1c5545b30261.bundle.json,180418,7c78ca2049a4a46fc23b8a3e36e8667e00b45e91d6aa1f2e605b14d497e0ea23
raw/e5824158072b2d7c/task_bundles/b4/b4e1d35758981099a4a7337f9699b5bea2709e500210749cee04199fd2f46052.bundle.json,183047,e76377ef5330b74971882517758dfeb42b12be02576d0010fec53c7a49d23b12
raw/e5824158072b2d7c/task_bundles/b5/b546ea2a4707740eaaf8af575b31e47687d848144fabaae1709991695e287673.bundle.json,179218,e21efb60845ec38bdc6fa4ce63f47119dd79045cf4dc2b442e32c89fcb8b4c71
raw/e5824158072b2d7c/task_bundles/b5/b56c96c8349e288fb61b64d577fb2e520efa52071435089c1208d3df82c22111.bundle.json,178872,73c79aab9d1dcbbd0cf350f12f43b4664266968c7468f855cd7cb5c51cda12e6
raw/e5824158072b2d7c/task_bundles/b5/b592752ed3379465a37b69162064dd3d1c98051ee174d79998eb3408c744026d.bundle.json,179400,982cbe4cc87c0d8ad1f5414ee3b0dec6e9c4fe4d0a460141b999d0e949a68160
raw/e5824158072b2d7c/task_bundles/b5/b592e5b94c6941746c0d8049872fa232c331b72f5b57cc4381984683ee9b1009.bundle.json,178415,5da55ba95e2edf406478bd6037a3053284316cfb709871a0b42ca14c31d62fc7
raw/e5824158072b2d7c/task_bundles/b6/b60d8bb39277304f91497fa2411ad8e2adab8d240ece2371364fd06d21df181d.bundle.json,192263,74c91fd5484ab27b170e5408dca826434527bc40b4da380001a5f2696df74870
raw/e5824158072b2d7c/task_bundles/b6/b6869ab1e90aaae6f81fec4037d85b5fdc8a1e4c86d36131d17f11855fc77974.bundle.json,178984,cd4bb2537d4fa0ccf4cf67d022726e3343361c1e8aded3e60a9429bac44ed65c
raw/e5824158072b2d7c/task_bundles/b6/b68c6c17fa953358203bca94c3defd8d19233b6db5ee34802f360cc3070919d0.bundle.json,179304,96ae5766a9c71c103c91ef34d27e1f095bf587afd4b8a2f8583d7bad7f68ce77
raw/e5824158072b2d7c/task_bundles/b6/b690ba3f9715975fc0e5e50daf663e980d8be24c13d864691733c823788c7d50.bundle.json,179337,3f35329abe87f06f3b484081f9ef98e8a165157ae7a0628df4daae9d61886c31
raw/e5824158072b2d7c/task_bundles/b7/b73413d41c2ba6a63c581abf9a43a3b16e3e6cf3a924f4fbcb584cf2655002e3.bundle.json,184158,b06b9130a17a79f442dea450924b14c5761aaf6d604f65e234285c70e048b215
raw/e5824158072b2d7c/task_bundles/b7/b75ac3484f1917648202924a38d1bd950b678012b42b3ee5560f6bbf0fc99944.bundle.json,179915,a8e1c02d1ef0d147b64417d0d23de486945f22ad607c2aafe11c02b3aa53ed29
raw/e5824158072b2d7c/task_bundles/b7/b7628e716608ae16174779839efd7882c08d0281557bb06d1637ff78ae75912f.bundle.json,181209,3ccb43cdff01b7ead9e5c1e5a8c72438b9d7bb3b0696efac588e7c313c8486d2
raw/e5824158072b2d7c/task_bundles/b7/b78ebc3b9d60c3439e9c32f7c8c549e125b0d0d3a2cec2b23e7046b7865f0529.bundle.json,178966,934d773a1c2eb42ddb1be6d9dfd45703d10eb0532bee3416a12f7a1ffed4fde2
raw/e5824158072b2d7c/task_bundles/b7/b7c05a85d645361974953a86c24a2e84bfec126445469d221c3bc98c871e32a7.bundle.json,180089,97e91d073f0c0adc9d71b7196dad006d1e5500d2a5cc1bc9de3279e6353a8de9
raw/e5824158072b2d7c/task_bundles/b7/b7df724c4d09869f15aea58a20f218a2dc3b7ee43bddc79a4d135a34d35b0b14.bundle.json,181855,b30e2f9e3178d11df82825504a8324a1621b3a61c6487df9fdb0d9747bbbd526
raw/e5824158072b2d7c/task_bundles/b8/b830eddec2bff02de2392eaacc4eec8b9f4bffdabc923961bc31c6a281e8009e.bundle.json,183680,5a10cf9b39d41e55e59d237e11958f7a29350f354d51571c3a9d7fc8fc0a5b36
raw/e5824158072b2d7c/task_bundles/b8/b867dda23d2d1093833ac7b9424f7e56dd19027908efff851433f0a65d4ef277.bundle.json,179403,89775e8166f8f2e9728372f24a062eb3c133da17dd1dff65d8fc049bbe0a2033
raw/e5824158072b2d7c/task_bundles/b8/b8c447c427609e3d2db7aba1ee2270bcba4b8b7e39ee2a7dc56e464ecb389629.bundle.json,17508,86358158292ee979f20b765e8bc233dc4f51978b73859e07d3f96e62d4cb71c2
raw/e5824158072b2d7c/task_bundles/b9/b92435c8f6f690528c32681ea216bcb69e5f19f8faf85bf73c88b263fde4e040.bundle.json,181609,ff5ca41572777894a47c88219f3bcc60c97fa76c1d13a9d523c6eae7fb701509
raw/e5824158072b2d7c/task_bundles/b9/b94f72f2a28edb70c52405f688b0db290accc84f4fe383f2b4c65730176fe36a.bundle.json,180437,964ad401eeecf02ee774d02636cbe49eee583bdc0062e3bd20f1f5f4d228b544
raw/e5824158072b2d7c/task_bundles/b9/b961fa8b36115ba30eef41b1043a9273d095e074642e694ad744bd8973633ff9.bundle.json,178905,6b9b76de92474bf23b1db1948ea4665e9af21f85f748db1708c950875c85ce0a
raw/e5824158072b2d7c/task_bundles/b9/b96fbea6705d3645aa16da6db3fe3f75769bc7e6750bd1ec98a3ea10761a8c50.bundle.json,16598,6a335b83c899658bf9f5123fa5f8b152a7b0cba2331c4eb8490c316e7b25b92c
raw/e5824158072b2d7c/task_bundles/b9/b97024241188f4ce87dc454e9eb191573905cf63b92c831470c3e3742a0c1c7c.bundle.json,178163,199dba4014f30c7c2d9d0c7045bbcd2cea1c2ece028330b7da2bd8224544196e
raw/e5824158072b2d7c/task_bundles/b9/b9a9e87eb6d7415de03fb07ef32e48b8fd08a34144cbaf5bdf676d232869e454.bundle.json,180135,1a7855369ec717707ed0e6f719c976d09e5ebf865963357598eaff84bff31045
raw/e5824158072b2d7c/task_bundles/b9/b9ae19bfb44b305d7e110d53631a4b93be453e83be014a87732ef904d9847bf8.bundle.json,180140,90b21f7bed387bd8ebb1882c6f2eb082d207724670706c74973f97892af5335c
raw/e5824158072b2d7c/task_bundles/b9/b9c1e07f49b593a7d6b9ac54e848b0d77d5d28d419cd5caa15e6cfc51b9a51bf.bundle.json,180588,b824e381b520be3e6c3af5a07f085e9b762c83b79054c296a2f6096b63fffe11
raw/e5824158072b2d7c/task_bundles/b9/b9cdc1ce2a81a3cb20b259b8286044c44681135373407a23856a014a6d0adf57.bundle.json,181171,b2997df0829bdfa808b7b25c8c6b0f4a654c18983f4ff65c348bbb404f3e866d
raw/e5824158072b2d7c/task_bundles/ba/ba3a6830da3115b8b37624c0b3de742702f6018eb3d8cc417c9e656d1f58934f.bundle.json,181685,8bb8ab5130f65e96a23b055efce777a77ceb5a1c1171c79c4bf8efd4767c944f
raw/e5824158072b2d7c/task_bundles/ba/ba899dcbea422bca0f56984a1c1140b8b7688c96cc33d0d3254134c1a21eb801.bundle.json,181062,832accc968f759ff526dc59e01122e473f3036525ccd390c4604ebd414bcea70
raw/e5824158072b2d7c/task_bundles/bb/bb1f262d78998fb535fabda0d1737b1753e4994c3d652fbbd60fddd7b1f5a0f3.bundle.json,190241,eb49375cbd36e5377a0bb52ec79f0ebc35956ccaaa22a26fd807fff6dae6e4d4
raw/e5824158072b2d7c/task_bundles/bb/bb387469f961e699629357910508011512c266bdf87ff24bcdd4d7f0603ece83.bundle.json,17026,f78edf74dfe4432052765e0b8faa55f705a90c4de0c780b8679476e53173a2dd
raw/e5824158072b2d7c/task_bundles/bb/bb5629a9742315b60862254072cbe04d0d99670dc60ef32bc5c1b7738c7940e3.bundle.json,16467,579f40cb653996864faa4875820183f4c68a27e663952c3d7ee1d7919c47b0d4
raw/e5824158072b2d7c/task_bundles/bb/bb8cc010d37a74337c8932961af6b94384bd0363d7eb036e30bbd71e954da4ce.bundle.json,180363,944a5f87cdb1278bb220b2ab5c4d7865f265e92c7aeabe266621eff34bde6581
raw/e5824158072b2d7c/task_bundles/bb/bbf31c607e86bdee7a7512f3baff14110455672592d6f417326a7eb70e5fef36.bundle.json,183920,cbf7eb2748a10c3eab7bd31b1675a578d5842959090873fff1fb4ab052baaf1c
raw/e5824158072b2d7c/task_bundles/bb/bbf36e5736e557e07ee51628be9889f5486183d78f574a638f1d71820306f3d4.bundle.json,191457,d088ac50329d605a122d7f9f1c6d4002620d88b97ccd66002d457ad21016daca
raw/e5824158072b2d7c/task_bundles/bc/bc539f217628a12978981727df28137644ecc62f6e4b3c8f7e13c2453fba7438.bundle.json,183066,99169e03e99e24ad79374033c0cdc5f794ea24c34fba18db96d8a71a347683e3
raw/e5824158072b2d7c/task_bundles/bd/bd5eb5ac2ad977d5910b253e1e70f4f2323ba0728df082e64f5058b3f4a68f6a.bundle.json,182726,9f0ca954ddb13dda7843fdb971160841d70cefaa86c39e6540f897a2b8211458
raw/e5824158072b2d7c/task_bundles/bd/bd905f9aa3022519fc011b607f7025a04ffc86da43e29654bd2ca344a0d93cc5.bundle.json,187813,21489b2487acf46ea3b4b609a6a81a4534111f4081e3bf159a0e26b8f9ba801c
raw/e5824158072b2d7c/task_bundles/bd/bde102b1649242a566a85814430f717377c2868156df38d1181435c5a6947fcc.bundle.json,182247,dc6d252d910d4384fc21ecfcafb8ac99581db8e2d9dcbbac799793d437cf2afb
raw/e5824158072b2d7c/task_bundles/be/be3e532e52974875e8fd8dcd12a504def515d9d0ef017a19f75e3baa47eb7caa.bundle.json,179087,b0078d47f1724509c7b9240ad65f93ae5e3000bd22b3565887b3a0873845998a
raw/e5824158072b2d7c/task_bundles/be/be44930f9d0f619ccebe3d20c08c625f1671afcf9995c925ff660f544b95f18f.bundle.json,189060,2db41564618f9b3eafa871ca0b578921b0faf6385de4420bda77b6c600101b6e
raw/e5824158072b2d7c/task_bundles/be/be6e87a7386100a11a1a024718dbd409c87f21c42ccc4ac9656f1ba29a9e99fc.bundle.json,180193,f5c64e3832a640e50201628ee255b743813ea26222f38307bce254dec17244ed
raw/e5824158072b2d7c/task_bundles/be/be8ad082ad74f426e46e7ea317249e7201f631f53bd8f09efeb44eecf1552502.bundle.json,179087,75f833b2a9c1838d90382a7fbedf258ea02ae2bcd9e152f4fd894da6c914e978
raw/e5824158072b2d7c/task_bundles/be/be9cbda85d30c6c488e80b6652b675ab89d4d8918cd89802bfb4c18a2531386c.bundle.json,179516,b1a95d364fd7d92751d0fcb4580c8b884347810fac04daa5f26cbbe640d6c717
raw/e5824158072b2d7c/task_bundles/be/beaf422e3b1dc55a3decaf4094408afeff3e00b5d60448c35b96d017022e8b29.bundle.json,181084,0f991758f7fabd8de10364618636734b524e15673c34e47fef1a0e95d323d0ca
raw/e5824158072b2d7c/task_bundles/be/bed2b5f752779666d33e0429cec77fcf7f0752ce7b24bf2a6b4eb6afcf0ff97e.bundle.json,182617,224508f6c441f5bedee8767393ca5203186b8cdb2bbeaada58ea153a457b04bf
raw/e5824158072b2d7c/task_bundles/bf/bf05bc74bda1a800ce6bb686eb566f8ed4372319d7111221e6e410837918a973.bundle.json,181254,5040ebb5700b818ffcb6974c95b7d844994b576eb43073b3a1ea6eb061d9142f
raw/e5824158072b2d7c/task_bundles/bf/bf2c885bfdca21e4cc7c64d4a2029f392eef2f8d0a4952225ca56043e871ed87.bundle.json,178904,fd154101414a192baa99d61f9b3df893ff63fdacbb4f6314cd0ed64024d91792
raw/e5824158072b2d7c/task_bundles/bf/bf47ee0e56aa3c4da4ae7e9399fc7529fb344ebaa22a326b963fc1093b0331b5.bundle.json,180977,0421d2444314fde60ae78d6f261c5ad79d9ea831f892f53262310d11bbf97577
raw/e5824158072b2d7c/task_bundles/bf/bf83412aa521950285d1cb9a8179a6b84601ce1d077156ca01e73cd5f3da6be9.bundle.json,178638,093af638a9a1a98eca9628aa22d500f149143186963a14fcceb426d30e587c48
raw/e5824158072b2d7c/task_bundles/bf/bfbeb9facbeae3a7517ceab1dc7111c5926abfc8799f9b1c5b99a28fc8990b01.bundle.json,183134,6d82fb8942b75b0c82fb69e075bc585ee902a91cefae1713ee48ec59e98bc549
raw/e5824158072b2d7c/task_bundles/bf/bfc0b449cb1fa040dec35db403af437c3dd6ff2ab3ee0e453bff0d7b14d48181.bundle.json,180136,390bf33ada25f631d35a5f873d3a13d102e2b958a3b6dda08bb17c62ab0aff86
raw/e5824158072b2d7c/task_bundles/c0/c0057f431c83d66684a4ebe6665fae1dbd543a6900c706cf56747269e3d3c2e3.bundle.json,183223,5f4ef67dd1e0cda4802b323f7d6aa7bac57574deca8d1c479023ed118adc005b
raw/e5824158072b2d7c/task_bundles/c0/c02cd6c5891cd7cbf636bfd5e86185b86bb62149e045a9e307ca30a740686e7a.bundle.json,179446,651614a91c061117f9a47df5502343e7c9047aa7be060a16462ef79058d17145
raw/e5824158072b2d7c/task_bundles/c0/c077041005d45042a2c37c5b7e0dd57d3bcc6d72f1ac5d05e96dc9c46b82c090.bundle.json,181387,7e3cf22a42767bc06faa14394a1d6c4cb385254e133ba45f25de872518b3959f
raw/e5824158072b2d7c/task_bundles/c1/c164a048e743d95cb0487f867a9b5895bb0b3f884f3a1fc214db46b20c9dc91e.bundle.json,182395,18b7df6f172fdd3bf8e34e27b00848d3b69612498239de6d80ce22b8557c9e3b
raw/e5824158072b2d7c/task_bundles/c1/c1de743a3392263f6905d1362025602e2c6a15a7b0d5b7d13818be4e732c5091.bundle.json,188923,644ac85b004527876949727624aba2284350594ec82f3ddff1cb8091b6f5bcbf
raw/e5824158072b2d7c/task_bundles/c1/c1eb386dd38a5f6372c63aeab18837da053443e92411d08992a9ceed83731551.bundle.json,178547,739c15a1113c1ccfcb642477ccdf40a7e83e14150e0acaa7ba5e2b6dfc43fc19
raw/e5824158072b2d7c/task_bundles/c2/c2336f935ba9cf5974d8d7e14e495f889148764a299e31d7d23fc2e52cebad63.bundle.json,182129,442b23eb4696c486095b27ce3043d3876f11ba1d47e7b743f97e1364c632ab91
raw/e5824158072b2d7c/task_bundles/c2/c284fae3f50005a31db46b7deb817295433a63ea8815fb22dec2bab2555bc3eb.bundle.json,182654,c49298ac633c9e98fa9f5b7868264a4609698f2dc6ab0d7286c36b9effcabd39
raw/e5824158072b2d7c/task_bundles/c2/c29b02501eab609a71648c719dfd446393feaa3f1d6641d439552ce017c418ab.bundle.json,179514,d00e14e4a201691ac7bfd332e2ed476a75abc3364c98024a3b771e2be5e62d62
raw/e5824158072b2d7c/task_bundles/c2/c2d2e6241875e02b9ebd51949ef79d59e16d7ee57cb48452c189d5054c54600d.bundle.json,178402,0b80d0894e7652a5c29337ecaa106f485e13c31f0cf3324682d112a2c9771927
raw/e5824158072b2d7c/task_bundles/c2/c2e14260709e0083276345c8639b2b4354d40ceabeb27cfdf946d8b6c1ad349b.bundle.json,181066,6737b69fe6f524f526a23be3b0abc08ad62af140d4f2ba5a4bfd7ddd32be1b47
raw/e5824158072b2d7c/task_bundles/c3/c33dca4760cfa7d3bde65d13961b2d2ad5d23d2d1541b7faf57621091d04bf92.bundle.json,185354,1a291014b0879abb9d9beace450eaaa0bed33f4d0634ea3793bdcd0845c19cb9
raw/e5824158072b2d7c/task_bundles/c3/c347938752c29754327184c069736bd09c926476700396aacf55f0488d24cddc.bundle.json,178966,eaab2f4327a2766e32c5d07f2be2502aeac2a93f9cb60e731c70863a37feaa1a
raw/e5824158072b2d7c/task_bundles/c3/c374775aecf0651685c07286dd6a7b3d24d72e8e3528b9a06e90554f47446490.bundle.json,180838,20c0a5fe83e1447ed84cc4bbde247f920395129dd4a42cf0814e061da8544716
raw/e5824158072b2d7c/task_bundles/c3/c3a2014bf8f580951fbee7e0b9a176b63327a36df53a21f241348409ae7de887.bundle.json,17131,2a915e0513ab41345d79d6260ebac448035e53b6c204e7b4123a90defac7f2ae
raw/e5824158072b2d7c/task_bundles/c4/c43a5895175978a8393525767b0eff6b353e507c4951fb2c22e5a07364278f22.bundle.json,16958,08eb012405de614e4d64b52fa0bea8d18181c9ea4c0f920680d14c35bea92ed1
raw/e5824158072b2d7c/task_bundles/c4/c46aca1274fc9c1542275992e4e2851faa6affad416a2149087c5c7cda8c69ff.bundle.json,181515,1f04e46fc8df052b90b2320be3c25099b31215e42dc8c552d663cc0091dfba79
raw/e5824158072b2d7c/task_bundles/c4/c4798663b9d03972d3640ddcc463ddb5bf8a1ffe437b1925f18824786148363e.bundle.json,180008,486bd850eecce8822d00aad09f6ffe8fd79e4842b1995f327f4388f3021c3e27
raw/e5824158072b2d7c/task_bundles/c4/c49b43aba7367594376bdd56d041aea4efdc4fb84769a8a8e75046712e96f020.bundle.json,179845,52e5d215aba943c24e0c639ee8fcfb1e1b4501b320a99051ddfed0f8d7e05956
raw/e5824158072b2d7c/task_bundles/c4/c4c694519de6fe7f0bf05ebf75827c3014316a3773a5aaa5f697de69ae8f4161.bundle.json,20117,36615807f228a8aa6316cecdb35221f57f8181cf6dbd407068beaefccdb6c43d
raw/e5824158072b2d7c/task_bundles/c4/c4db344a4a6271f4cd8a23bba56a9c465fde2e119b31d28464ca82de2953f700.bundle.json,17402,6bdf408c3da2b429e4e5b8d2d288872c1e09c2b14df80371d0c2b7128a5385eb
raw/e5824158072b2d7c/task_bundles/c5/c568c2ef5cb77b105587fea56cd20b594317b1cd0496c2bb96cdef0e4e97d3a3.bundle.json,190808,a4793b436b7808a007d33bea1cd03f7c2a638dcb382b16962cff1b21640853f7
raw/e5824158072b2d7c/task_bundles/c6/c633e856d9eeb6ed1adbe93d3120545ccc6c46bc0aac12535ab9e9e01f52bb21.bundle.json,181810,f56de6ea7e54d8306f81cfbb9c0aa0fee4d2f39c18ccb865c0f74e712d42c6b8
raw/e5824158072b2d7c/task_bundles/c6/c64b2c37c37d66f6d1d2e9bf7d1bd6cbc6eba4d8a2e095a1f4039f6bbc403d49.bundle.json,180878,3ed07bd0244ab2e8f3eb57a5425fe7e1ef35519b6e397b4e4065a43e27a0dcad
raw/e5824158072b2d7c/task_bundles/c6/c6ceed71b283865fb8dbd794ced6e8958e0f36e78e5a142c9152833cbd60850d.bundle.json,179695,a8bf8522df09af052bac1fc8d4c7c154c04127ac6f1be844947197885986fb00
raw/e5824158072b2d7c/task_bundles/c7/c704c6d580e241b9592b21a078e176ac45461e59f2012dc1028f01ca0472e2b9.bundle.json,181194,3bc47e8ac80e2e86b46f8ba1d3b665236cd24d58ba8f2f9395fbd76f9114ed07
raw/e5824158072b2d7c/task_bundles/c7/c720a9d5f1d3227e9f5e4736dcd9e4e19f4f7db3a2d7038f859c858913e62d59.bundle.json,178550,5abcd750d189a5a3737c0ad1adabf30a913bd27bc2e8839de895f7547201dc74
raw/e5824158072b2d7c/task_bundles/c7/c7bf226d2991602c53acfbe2329e93e377eaa48ab75b922d04e855e68d128986.bundle.json,178756,66f693a4f3602210985c94bace4cd1abb11cb63b92ec1345d70a9577191621fa
raw/e5824158072b2d7c/task_bundles/c7/c7fc611e7dd871f55c0655ae644de31e94a9ebf92c9cde58b5dfd6dd65f0e500.bundle.json,17400,35082c921ddf5133c56bc82c7bb8aa2cfa8235665895068ca3ee3cf36de3e99f
raw/e5824158072b2d7c/task_bundles/c8/c811579a39e2627ef7faa79eb81c2723337853847f25f7b63e82e18ffb9eb68f.bundle.json,178571,6c6b4a6df0cdc873ae44f4791659d0efd104f6fd2fdf937826f2352c1756232f
raw/e5824158072b2d7c/task_bundles/c8/c83c3c32ea0cc6019b00cead47167186a79a80d6b5b47d7b43e0a9e6251bd712.bundle.json,181003,d7ade367a9f12ade744140cef6b9bfba72e455e26f5d0cacb1feee85a60a8473
raw/e5824158072b2d7c/task_bundles/c8/c84372327c61247caa223865ecd4339bc7e6544723e5703628977c88b3eaa770.bundle.json,181641,bf06cec022649e7d8ff25c5fd08002b8d34bdc474fb33679960e93fb21d36538
raw/e5824158072b2d7c/task_bundles/c8/c84c603c9ab87937a43f1e378934d179d9ee269d5df4b1303df94dfd42cf8cf6.bundle.json,184426,3c08d1825c226684e2e362f51d223b1465c86518c00a5b7f26d8727419c3aa37
raw/e5824158072b2d7c/task_bundles/c8/c877c400989472066ed3b354be077b7cf4239972a2ceaf63cb7ba9b1abbc158e.bundle.json,16463,63c7c706a561e5f94ba68d464960080bd823b522be4042124164b2a35c1decfc
raw/e5824158072b2d7c/task_bundles/c8/c8a6af94c8016fd1749a1282c19c557416eda6fbbe9c132f467bfa856f7194c6.bundle.json,181323,007883bac07779d12990b3cdbecd50a6e8a09f2349c7d53de748dd32028a34a2
raw/e5824158072b2d7c/task_bundles/c8/c8cf4c46489952b741eae4c2d044c7eaee2ab6ccb2c41cb7c30257eed899082f.bundle.json,183273,4091c322fac282afe618a4f11d155e3641e579840e890b436766850f7b3140c7
raw/e5824158072b2d7c/task_bundles/c9/c9c6236ad780c4eb17df88554e94bec7603897abcfd865ba37a19d4c9a468907.bundle.json,179746,d4e9889230e9d4a88bd69e94d5863a2e232ca4c69e80eff5f7c4eb9fd335ed3f
raw/e5824158072b2d7c/task_bundles/c9/c9cff3b05aaf6ffe3343b462fb76e014fc4c776a4bd38096a9f1a2c96ce6778f.bundle.json,179794,1eb89d588e8dbbaa9f88622faf49ac4c1c932aae2926ad024f61ec789ab88c47
raw/e5824158072b2d7c/task_bundles/c9/c9e6e5b03cd53600630b9d7926453a830233a2fb301ebd3acc74e1d2b7897f2a.bundle.json,17278,7067415f6d9779760db63d0a8fdbb81c34ab9c039f9ff216f83819cecda77ec6
raw/e5824158072b2d7c/task_bundles/c9/c9efe6d0b1f511dfbcda40e66a51c172105d9cc50642ccdef0e584c37e024874.bundle.json,179351,0dbc8478f8af9e935bee5118c57c13b85b47217d6bc53525381bfc8cb5531c9f
raw/e5824158072b2d7c/task_bundles/ca/ca79dccc9376a4d1b52c8fd5b5a7791967349040fae44fe8c9f7d6170e85b2ae.bundle.json,17024,8699f25c2e779d72e876471b5eb84619a17634d33f6705785c9e6bb6d1967f6c
raw/e5824158072b2d7c/task_bundles/ca/caa4df2b92a26e5fb2ad4a3fb4443916fa936716d96d371066919631abdc8a56.bundle.json,180771,22037bb68ce56ee8b4542937fbc06cbc346fc66ec3a1e9b50df40b8c98e9adee
raw/e5824158072b2d7c/task_bundles/cb/cb2070c649dfce315e6f1b5ed1bde94b2b1a64482a5d77d102f16648f7aafa2f.bundle.json,180939,f079067ea67ee619cb6dea1e4dbf806317101b912804f27ca54d7ac3e009d9dd
raw/e5824158072b2d7c/task_bundles/cb/cb2d142e007e71707f9ce3834361cae0944df552c78421d443b700615b36ec24.bundle.json,182623,ca20f532617e85ced73f43c23500f6001d7c4c464bd850811d81bac719b071ad
raw/e5824158072b2d7c/task_bundles/cb/cb2f550eec5574e63b2937e78f7ad6f8f1eb4e11a440276dd41785acdfa2d1aa.bundle.json,193636,73fa0c170f2d0a07fda116fbe3eb548dd5db7baded908f1ceaf2816e03016f79
raw/e5824158072b2d7c/task_bundles/cb/cb7cfcd0ee70b31593351c875dbffb4244ed802844c9fa5f8ade75bfa8402729.bundle.json,179705,27d0033893db53648f0748f5315a83502c4afc04790eb7ba7e2e2ad94e2cf34f
raw/e5824158072b2d7c/task_bundles/cb/cb8ac4a019dd61fab3a5bd0ac882d62a7dd711fa1d988790bc1f922fe8f5c9ff.bundle.json,18773,00cc4ac39f1ce9ed4812baeafdd572bb9c24346640c125a941ea73ded14e499d
raw/e5824158072b2d7c/task_bundles/cb/cb8b8051d776869c6b0a110e024e8f06d0e21e60e7e191543b62b939ec282388.bundle.json,178974,988d33d14ea3c16238e7446f71a4be911da118aa5762a8195631e52dfd8e5461
raw/e5824158072b2d7c/task_bundles/cb/cb90fafae1b7d47f96a42e462282bc65e73b84e55660134d9a59dd372393d413.bundle.json,188931,4bdcaf1662952ed858f47438024cef3a608ce7aefdbf335a495235b30323a2f8
raw/e5824158072b2d7c/task_bundles/cb/cbaa0c2db78d9116b9c8a3f99ac3dbe8fe3952183d3276a0864f1cc6471b21b4.bundle.json,181839,12244c08e706976cc7d322e396374d4ac38e2b0143bd591a01374bfd9722692a
raw/e5824158072b2d7c/task_bundles/cb/cbae91f840ab4ec2f5b157490d981284aed0e5137fda529fa9560497a086fc23.bundle.json,182078,5ea5e712707fa6adb9f8ae9e808f7b1dc8922033c142b08b949eda8ab4ed1d7d
raw/e5824158072b2d7c/task_bundles/cc/cc0bced00543c8122b2dde851bc29a797c4180d6a5b5fb092290af3fd5c2f8a2.bundle.json,183993,4eaba8a13139077252903502ee37168be2218538264d09e411d59b5829f1679e
raw/e5824158072b2d7c/task_bundles/cc/cc5dab5942c8bd24f85a2ecf6e417c3b8396df064ee81b865109c701b7d53250.bundle.json,195233,c20b6bfd3261d19af54bfd017a3b5077ec7a2eb82719f4d9c841eff5a0ba4665
raw/e5824158072b2d7c/task_bundles/cc/cc88ea76226db86230570df4e1677501c3e8f5e5978f5088d3c20fc30add37b3.bundle.json,178661,58f805a9fb2714fba02d5b5da8c670573e7a588ad2b6a9ef7ff9b3b1cf58bd61
raw/e5824158072b2d7c/task_bundles/cc/cce4d2fe1fb8030370797173027cb83b07b5177468f94a6e40ec611e9c505091.bundle.json,181969,04576502dbf72dc0147ee9c61d269edf5a559cd1c86e2b9accceace2b1d77396
raw/e5824158072b2d7c/task_bundles/cd/cd152996dea89d06dd86e48d60da2e83f784222575b590b12810cb8ecf894963.bundle.json,188500,4cbb4f0a419c13badb121319ecbc7ad48a5713338d4fcc0aab24cd54fb745ce4
raw/e5824158072b2d7c/task_bundles/cd/cd1bc21c4a033f9350ac942a06fa57f2eb280be3ffed2d7ddcc19280a398d752.bundle.json,17519,f204668954ad5fee02c166021e50e5265bd5fc8e89d4f0f67e4d7c971605b393
raw/e5824158072b2d7c/task_bundles/cd/cd6c55155146aa601e8dfddbd8046ed84aae5257f6cdadeb5d026dd2689b9e57.bundle.json,182912,d05f829c6f1a980c8be35591cd503b6dcc90b47c41474bea737f4e663f83acc0
raw/e5824158072b2d7c/task_bundles/cd/cdaf06c41ea4189981eeca390f005e7e38e9b45c5ecc2b4af2bf0fe2aaaf2633.bundle.json,181194,65326a5e04a268b87275f5d6e42e590333c4640e9b8e67653226a51bc4caf897
raw/e5824158072b2d7c/task_bundles/cd/cdb805b0f584f04dd8084c8db1f304ae32fa39d5a4b46d89bc33bf95a5f7f125.bundle.json,180602,2ced2899510aa4ebfb9a97eacaa244ec5c960ad906a58877147bd70a2f19c044
raw/e5824158072b2d7c/task_bundles/ce/ce250a19792cd8e5a12971a74a6db6a146aa4361e13d56d89a011e9d3cc6c8c6.bundle.json,21749,7090253df43602e0709d937dd4de56f649ab71cba2098f139cc0f931d750ed2a
raw/e5824158072b2d7c/task_bundles/ce/ce9adea6ef31d4c2e9ba11bd88d8e05814525a3d591548a67c367c2b32f85688.bundle.json,181739,4282eab34c0372882b75fe117a34fac89b1af096a3daa6edf03d276b3444ac49
raw/e5824158072b2d7c/task_bundles/cf/cf5bff4180c1c498e81fa54c940015ac28466c28b0de0dfd2594a4eecef3f9d2.bundle.json,17327,fb2bfc3d7306a19957b197c185789c76a1fc5d512fe4f699c33a2774856f7564
raw/e5824158072b2d7c/task_bundles/cf/cfbfcaaa39c0358df335e51b9d6ed1a07e72556f9115758ab49ee7cd66488bb3.bundle.json,193181,7a1db6a08f4b2bcefb0f9e9382f4b63a918947b47e746644212b2a6ada8a9fea
raw/e5824158072b2d7c/task_bundles/cf/cff345813d19988c839c27517139dd286245e7d404f8d4ba6d2396c61fb882aa.bundle.json,180766,cafc948afc929b7839339cb1951ec3fe5259af54649ce3a87b7b5b6afa5c7d65
raw/e5824158072b2d7c/task_bundles/d0/d02b38b5f4d9728e7724f4971f88cf8d69e6e7a3ab9543b69a88148639b9258b.bundle.json,19703,f00ad2c361f6c422f569808237a1391be26d53198aca17d5b14e0c28241c7854
raw/e5824158072b2d7c/task_bundles/d0/d05fe45a704d7372644278857371894da2c1d80a9d0b104ab2c877a6a2301a64.bundle.json,17617,9acf32ce103c3dfb01cb34e560b4e27780c23debce1aca29bcb12d5252360d22
raw/e5824158072b2d7c/task_bundles/d0/d073e7b0afe08ca3ca2eddac183892bed1e272b8f0e39278631929d9d5ca0fe9.bundle.json,183295,82df1a3d41dbad49606fdf59b8cb2d06270a62485c5d504569e11e1ee5bedb55
raw/e5824158072b2d7c/task_bundles/d0/d0a62fbeafdb472300f5d76cc8d4be04758315b076f6d4d8467b47e4767e3bf3.bundle.json,179694,34437662102d9618e85ad833d4fc449becf3bed0421341eef4edac5d29350f8f
raw/e5824158072b2d7c/task_bundles/d0/d0ea653df92910cf2cb95eaf5c1e2d8aa420602898442cf6e09ed9548a3212f9.bundle.json,181448,d9706b760c0524b50abdef2d14706bb84526293961c718edb105e9e9b1e77d1b
raw/e5824158072b2d7c/task_bundles/d1/d154521b2e83cb86ad659293acc30ac48e6f75feff7204e5967a8a4b1ca347be.bundle.json,179564,5e52afb29490c0e1591961ddd07a6fb0b7a70690df5fbf50c0fb4dedfbcf49cb
raw/e5824158072b2d7c/task_bundles/d1/d1569958fa90303dee8a0b60e8dfa3f029ece89cd16538570206286f906db9a3.bundle.json,180674,d634a6d321dd5f48a63499d6138874e20f5908bf794e4833831fdc900f208f0d
raw/e5824158072b2d7c/task_bundles/d1/d1bc1038d07d56177119711e9843b193b0113f39d57503c0fbf4237ec60db184.bundle.json,17128,b390d8a08509ec262e87201616833dfd1986c76e1d7b2c63764f6512b4c091b4
raw/e5824158072b2d7c/task_bundles/d1/d1c43a61bc5321f2074ca6f51fb2dce671d214ef94e75318aaa7546327636668.bundle.json,180488,1228a20a664fbb5ca041cb55755ec86e4b637bee550c481d62d71e81588312c0
raw/e5824158072b2d7c/task_bundles/d2/d2219746d40916e6e43613de472122d9ff196617370d8ccee0a98615784f312c.bundle.json,179039,e1630ab02b02740c4ff4bc27fa128060e1eee2555ab3562b69cb22e176966976
raw/e5824158072b2d7c/task_bundles/d2/d224330463cf4fd75e30bcea2355a75eeb31cd0960877a1678bb8273260d9d16.bundle.json,180974,589d6f53272462c0ce3fa876f2350b3f417970fd94b63e44d291766de8009577
raw/e5824158072b2d7c/task_bundles/d2/d224d4aaecaca458f062a620194e77421227185ce040ec6ce6a42c09bca597b3.bundle.json,180582,66dd77b341730e11c9c5fda181796e4c6ddff60dcb06e741a8788d9e851437c7
raw/e5824158072b2d7c/task_bundles/d2/d225944df54b7deeaf12108687218eda97d8fded9d90a892b0922172bc13c961.bundle.json,189447,8701eaaa6f5a706ff01e713c20bfffb06039ac72b21c0a6762acc0f159bda18a
raw/e5824158072b2d7c/task_bundles/d2/d276534e3c41c9345c54b5d6f9642b9e1f7c38307d72d3c8f25abe7d0cb6967c.bundle.json,189741,cbbde9cc753069768883c931b18d12255ba0620d4b9c7fc92caf4c34032b2367
raw/e5824158072b2d7c/task_bundles/d2/d29243eba3dcd8c513d35b4aa9e9b398c348fa7f534d97ae984f86b07091de3f.bundle.json,182640,e0442bb82618e878bb281cd6f7b3d82438b63d5e3283bac72962df00dfc82f68
raw/e5824158072b2d7c/task_bundles/d2/d2a5c562cdd37c641c853c3f601ab496247cbd761656ae2986c9b0d68e8b4bab.bundle.json,179834,300c6ad4a6c00277348e4054384cddf3ea1af22ed146b944ce5c7e5184a6c6c5
raw/e5824158072b2d7c/task_bundles/d2/d2e5e73c542a89666bbe867c94369ad418275fff297ab0d3e65ccf23584891a7.bundle.json,182153,d7016542d5a5455f18c4f3e5e95d4c3065a0e38b86d607f97e29e0cbc4f1d498
raw/e5824158072b2d7c/task_bundles/d3/d319fc08150853d6ff7d16e46a97100f237c094def8736f387da3ad1b40015cb.bundle.json,178122,d2e051965bf859c7f5925d0293b5ece55d7f179147a8ef48985f9ad12796e17f
raw/e5824158072b2d7c/task_bundles/d3/d37e0e8a02c6513035faa078802d611f84fe270d8849761efd08cf037532724a.bundle.json,16712,5c5127bfd67ea0ca65c49c5b6d8989e487056ac422136f0e2b41eb8e028046d4
raw/e5824158072b2d7c/task_bundles/d3/d385bd702169c1905a9a1295ac714256c064e5627337119222f91f3a3695a19d.bundle.json,184690,37e38ab853bbad60c647c16b160f527547e13802ecd590379a1e8d0b5ff4a3b4
raw/e5824158072b2d7c/task_bundles/d3/d398eadd30596caee8429ea525b46e2cc31d8ae31fc3e622f125357682f4e544.bundle.json,180312,7fe051a5f8557b182bb839cdeb6219a2f3deefee1b89d7a8d362c9ff17395761
raw/e5824158072b2d7c/task_bundles/d3/d3a9789999b4d3986d92f6fead95c64e8455b4a2dbc415432a9e74385b3e4b82.bundle.json,17249,d982bb04fbbaadbb2df12178a92d299b6e727214ebda36757e0e21068b3809e4
raw/e5824158072b2d7c/task_bundles/d3/d3b4206f648f1b233ae65f2c58dd38e1e5833e386b0c7d7baf73b805d0a188be.bundle.json,184412,8b5e3a8c927107f4ae701e8d5639441e0b0777eb36cc56cccab4eeb5599cce00
raw/e5824158072b2d7c/task_bundles/d3/d3eb1e5b3f5950f2accad8221d13d784fdb20692ddedce2b16afc3655399b722.bundle.json,187515,ed7ecce12420da1f2dd7afdb4b315588fc27d33617f4ce2e4d41d0a91d8da90c
raw/e5824158072b2d7c/task_bundles/d3/d3ebbd06fac55cce798500eda4001d2399cc57aca3fd68655558fb6e0a97b452.bundle.json,185396,29eea75ea60f8132e343b16356d4078fab600412d4cd15de493f9d5a3d50bfc9
raw/e5824158072b2d7c/task_bundles/d3/d3edc7fbcc385ff5850feb5cf9b29fde2a4af123e0220d8b39766c6a17fc7bdf.bundle.json,181100,99778b228f17fc87123c512125fa0757610092c1c214a0cf9068596996a5243c
raw/e5824158072b2d7c/task_bundles/d3/d3f9f1c9f6a95d96f23fbe21b582b0a7d03e92d161dfcd488193189c00b08aaa.bundle.json,178083,3c7501b18347c82cc580428b1eacfe257a89ac862b64938d8d11149cfeca4946
raw/e5824158072b2d7c/task_bundles/d4/d422a7524b42ec9a945f36c43f522fe8e7d8db576552e0f58644df1760968b3d.bundle.json,178239,e689147429c01c67d36c9588198a1929c9b7b67eb1ab5d0b63dafac5c8724356
raw/e5824158072b2d7c/task_bundles/d4/d444bf0030e326b20271e8129c5a26751ca3647ee03863b4a30f1ef7dcedb72f.bundle.json,179578,3750322a8a5e273f02b42c2a31c4148729802dcf2d595b68b8b0141f063ca10d
raw/e5824158072b2d7c/task_bundles/d4/d4660b9081f23ba0705e7bec824af0d17e2a3926062a636698bb40685d4d198e.bundle.json,188162,23f6f3dadfc8081073b64121e70db0dc4d6e61b94f39e7cedea5e5957b127844
raw/e5824158072b2d7c/task_bundles/d4/d47437528d8da6dae55b31baa1908a1819ec95dd86ed07d96a5014dbc1c77f47.bundle.json,180050,36b7dcd5a22f3425b53222823a7fdf680fde0becd8608eb83ab33587500487b2
raw/e5824158072b2d7c/task_bundles/d4/d48c07d17965bb263d22d05967096ba14e096a5c9507df075f5f39f8647804a7.bundle.json,188462,77d0f3e7c4399bd4ae9c2de37ab416640a177a779e9dab66c419b7b2c21a8cb9
raw/e5824158072b2d7c/task_bundles/d4/d4a4ffc2627a0218ae6b736a1fb0fb2a9e6ffeee526d3d234700bf0a23f03fda.bundle.json,17501,bbcb4046542f9af0bc9fef1c5ba805cd5c827a6fff103301535965110f335cd0
raw/e5824158072b2d7c/task_bundles/d5/d5096f9c87bcc20aaf7cd6ec3aa64b4713c20151e691270bac565490dfa4c074.bundle.json,190500,29059d986e03f1ba51885a41a1d06b107116ad764aca26dde59c13a2f682ee41
raw/e5824158072b2d7c/task_bundles/d5/d54650da58a6d13e7e7df137dd64115cab608998e2fe81fe8db3e7e9859afdac.bundle.json,179943,3b0ce51b7b4733226e8d3bd6f5cfd1afc2cd9eb70be376915ef4715fa24c0a57
raw/e5824158072b2d7c/task_bundles/d5/d5b291986a87792bdf0d7c74f60cccbcdd90974f69ed79a39bb12d1c546a8316.bundle.json,179448,24039fbefa9570e0cf3bee46d3de495e00fcd094ad66255145b6afd4800582bd
raw/e5824158072b2d7c/task_bundles/d6/d63dbaa84763a992dcc96524de804b9f39fc2676a1d35254e503ec7555debecf.bundle.json,179883,b7203a0f173e4cf026a6bfb7a9271f76c1132b69e8ac7bed2774a1313f7bb691
raw/e5824158072b2d7c/task_bundles/d6/d6579bdc8e03042df67897a7ea51d480ab478307537a60dab1966a382a089673.bundle.json,180298,3edc797506d29fa658e53ba374cce4a52b40a256a1cbe5f934ed17ab2ae486fe
raw/e5824158072b2d7c/task_bundles/d6/d6a1096b239503f181f6ec23ba7eb6856521cc067c94bcd5ee67ec8f3dc0cb6f.bundle.json,178692,8fc579d8294c838470decd819c576faba2aee353cfde5df8431370bcffad6f93
raw/e5824158072b2d7c/task_bundles/d7/d7d074a3b130202519b7cad7f63990bcb61c98eaa96fb9488921bab7fe144063.bundle.json,180773,39e48fb930f5e7e20b74d75433b018ba12caf921e616aa1c7a64d6ffdc87537a
raw/e5824158072b2d7c/task_bundles/d8/d8045bced29de26aead75dd6a77357437dea5ff4d144ca748e485fc00321837c.bundle.json,187640,2d7a44db0004e9c9b4832315c835134fb8434f0fcf022b3309051d4a8e8051c0
raw/e5824158072b2d7c/task_bundles/d8/d81b4423bbcfabf926811538b79566ac10ae7b1093a6e344d932899acf4b3a52.bundle.json,179233,30136b642295f55f786d74f365d08466787d52e295f40b56888684ea82066235
raw/e5824158072b2d7c/task_bundles/d8/d826e8bab680ee366471ea367f510359f5872ff27e4e82c9c0ccd321de7f7c72.bundle.json,179959,ba9b3426339bc5016c63af03f8206ff00a1e4232bf246ea4018479303326a8c4
raw/e5824158072b2d7c/task_bundles/d8/d83b20d81da752731b8443386ff5926e236e3b7fa2888b3c9fc4a68ae24636dc.bundle.json,178835,913cd9951f8541a3a031e92963f448ddb2c9a08f00352cdf90a93aa2b9731b01
raw/e5824158072b2d7c/task_bundles/d8/d87ada0955d3ddae5761a40f7eac1a08df14588953794de041c42e7d5d940489.bundle.json,16224,9780d5f64a737896b359f516b036651d4885bceb0e7a1f9e4772899f88948ff0
raw/e5824158072b2d7c/task_bundles/d8/d88270bcb77802d21b920c96d7e62f000341d937b3c356562dbea3fd0b5e99d4.bundle.json,179181,2548854e8157773770094b61197f6d09fad944b91a9b338d9716af4642d71468
raw/e5824158072b2d7c/task_bundles/d8/d8b99ebbb040fafca09db0d0b12b3b27f6868c4a22373def3074333413704ea8.bundle.json,180947,4b11bee55ab4d8064bb2c938da5d56babbe4b58907440280d2a886b46f6f440e
raw/e5824158072b2d7c/task_bundles/d9/d91fde2aa7485aafe62cc9cbe50d66b5ee45de9c850db58df9a1a7b77b5a2945.bundle.json,182663,787f0d1ad125523abc716cf06e557ec3c69359a3813332616778fbaf8e77680b
raw/e5824158072b2d7c/task_bundles/d9/d980670b711229416e3d0809672051d14186ad0afeebb9398dd2c17d5626ac82.bundle.json,179644,27dfce33860c0291d145e6a3fdc9e9baec65bbc9dfa54d7c416ca43908eaf36d
raw/e5824158072b2d7c/task_bundles/d9/d9a7165bb85f6387183c7853d824c680712298e9720188c713a05f0e0f6c3cd0.bundle.json,181404,625f10d43d6a6a2ce8816f67c70f202d2d73c39140e21e389e74bc53af07f023
raw/e5824158072b2d7c/task_bundles/d9/d9bf73dc031d086739d2117c06d2f353763e6c1f7721737aafc6438e40663ddc.bundle.json,17605,8fa1aa12159cb44b922b5a7cedecd897ca34513440402c45713fe92ed2dfc10e
raw/e5824158072b2d7c/task_bundles/da/da4076922609498ee59c971d1a0f7f5805282f0ac63f6598ca38a6e8ffc25816.bundle.json,181072,19035c66770c0d91bd196bf8ba0f2534e8c991d466fe32647c7def38ced52fb1
raw/e5824158072b2d7c/task_bundles/da/da60edab9c06eea0063c4a76a5687b4decf5d7e3c8f555beccadde937db39dd8.bundle.json,191144,fcc4f42daa265e6cf6e6dffd98031295a87336ea87df476b73b74b74be3e07a3
raw/e5824158072b2d7c/task_bundles/da/dabfccd54ec41a6666f2dba5da98494805c82a583500e0d49a3b528c6b4d2fcb.bundle.json,179571,0a199325e74640925da75b0c962596d7346496431a890e8e363ba624591f3d7e
raw/e5824158072b2d7c/task_bundles/db/db1537b0959b2fd0ec79ca2e5a53798df2ae6a481853389a62cd70a90ca403d0.bundle.json,19074,e8b50a55d527faab7aeffc1346fdef34312515096d3f44512233c3cb0638eb07
raw/e5824158072b2d7c/task_bundles/db/db836be3de660c1b5812f529651e85a11923261954af75649b8cdf472bb789fa.bundle.json,182439,61a3416bcfbb38916564d5ac3b9b3bb78b3dcb67c100c8ccf3539c45c6ddca4c
raw/e5824158072b2d7c/task_bundles/db/dba8f783be155a1a29985365bbf965575b1647e76412ebbb5c41bd977ca4f6e4.bundle.json,180265,57b2cdc1d5edf0adb4b52c96cdb25cbe24af17bf2b809bce9860ac89624d769e
raw/e5824158072b2d7c/task_bundles/db/dba9c1a3e2b3c87186ea1092ad00dfd1f2bc950cda777a42d293298da499895a.bundle.json,180739,ebb6f3491aabc30283e240d09b9703d859974c4ad6d9c2a436af610506cbe31f
raw/e5824158072b2d7c/task_bundles/db/dbb3992e3cda8f1a9a37a5c6c543a14b211e55ed90290b4533614e62c727c852.bundle.json,179771,c7130021d99ae0f3c004db53ec6b3478aea169b833a6dc5a4d23450f0deefc72
raw/e5824158072b2d7c/task_bundles/db/dbc19d7b26de4d306aff2e55bacb883ab3d7e71f12641e04b2fbe16d313d43bb.bundle.json,188162,25f18266b4cc2a8053ffa2fa59ad7dd9fa5889ca13ee87e7b62cc570180fd722
raw/e5824158072b2d7c/task_bundles/dc/dc0db15460c71f48844ace34f6af520ab252fb61e3d6a795ee0392f70dcf3be9.bundle.json,178862,35d125f42368be0c381e66b03a874f7e1c573e94172b367cb76b301fab6f6b34
raw/e5824158072b2d7c/task_bundles/dc/dc0de1ad97ae5ad58b2b2bda222ef1d9215f4a66be9f2bdb19fcfc0159427f19.bundle.json,179854,7d39d5d824422f6a0659275b964b65a213745b786a066767a378f6cd94d72963
raw/e5824158072b2d7c/task_bundles/dc/dc5ff9790283ef8d6643936cf35602bd1aee610c940fe48339c5440f5abfb213.bundle.json,179697,4f938a865e3b6a359064e1a66c3628614da3d0882d12fc6810b1bcccafcb7671
raw/e5824158072b2d7c/task_bundles/dc/dcfd18538b0d6427f2dc623aa1076a587e036ffdb865a40bee7183097d06151e.bundle.json,178898,ffaef0e33ba2fc965a5d7b955d68676608136b0b61af8b35f66741ab593c6343
raw/e5824158072b2d7c/task_bundles/dd/dd07e4c71b167c5ed4f4a7abc8079e378fd0a7f4d5aa985087ae509f7cb6962d.bundle.json,185873,fa72e57f76ead1baea5430c8331976b493d913d01a51f60c4448bc27ea8a1967
raw/e5824158072b2d7c/task_bundles/de/de41722ab9f1b4df0b1964f15b7a8b8793288c4a75d44da53bbeae9a4afbea6f.bundle.json,181629,8538de43ea37086c1c6a6e1f4b5b71c4aba9774722e78e6f489eb3416fd82a07
raw/e5824158072b2d7c/task_bundles/de/de4c2fc210b8b336e922e1d27d062fb23770f8b2c39c871582b9e82011623808.bundle.json,179525,e659e3fdcf6c19a820bfa0755bb61bd19e13a1c279864fbc9df359c682a1cd8a
raw/e5824158072b2d7c/task_bundles/de/dedfb6cefe46949000dda3bc8a97392b71f2f91429482f011ce075b559e430e3.bundle.json,180637,575a1564538bbe672c576b5b213e58571d7d5253f704032c0ba906ced52e45c2
raw/e5824158072b2d7c/task_bundles/de/def74ffd6bf4c94b82e9e2f86f18cbe5dda59acaefe4a3d64d39e19bdfa3dea3.bundle.json,19636,2ab9f6a06bb3d53f85483559be5b2b9bbd93effd0be08372b40d3ecfa8b2120c
raw/e5824158072b2d7c/task_bundles/df/df5d86c8ce3a07554fae5504bb91e4e4cc703803e3660eacff1114476f4a55c9.bundle.json,181757,756cbb9f98fc0b785d35d2bea206ade3b8c21996d1c5ad6763f9eaf35c7eebe3
raw/e5824158072b2d7c/task_bundles/df/dfbf4cf9cf0067b9c614b3c702e5374c9bcb39f62da37153be34be17c0fc0ed5.bundle.json,179522,e4668f5d1ecbda0723c2f23bbf065e1d093ff2f6bf4269034aacc10119356559
raw/e5824158072b2d7c/task_bundles/e0/e036943a9f152b4a8fb8daa2b722ad194c98b0f0a939b691d9b84eb204b2b0ff.bundle.json,183335,3fa353274d84d7883818a6180cc3d490f7cca3a07a3c9bfa421bbde3e066456f
raw/e5824158072b2d7c/task_bundles/e0/e0714d6d6da06e0811e0e64c170fe949c6e4fda0e529232ee99d15c66f746ac9.bundle.json,183952,ba6a6cadaa48e753e2c08f8984a467a0af1611bc472683ab5fabd44c7f3fd89a
raw/e5824158072b2d7c/task_bundles/e0/e0a8f7ed1c49989bfb10264957f58af656523f0c19c1df69d7d69d5fc875a2e9.bundle.json,180436,a6301d8eef4ead421f3f929609022908be57d207eb65ba8d106eedbb8eb42566
raw/e5824158072b2d7c/task_bundles/e0/e0e16cfdb415fd865a873801947d597e5058b4dff201f8709a51a687ff18097a.bundle.json,180742,909d6bb5c74153a6ae662d558032610bac92c459befab680623b02d85945b8fc
raw/e5824158072b2d7c/task_bundles/e1/e112fb9a80ada42fb7364784b1cde4f916ea3307b7a758cf6b33c3d7bb6c3438.bundle.json,180926,ea1c61768856e687693620827546cea4158affb0fce72d252b5523658f4cdb38
raw/e5824158072b2d7c/task_bundles/e1/e128ff76f7d346752f38c138ee59b94f3dc20af9d941ff4bf1d986785261ad51.bundle.json,16809,311f8d260344143601566e31af976fe7e8afc9ec119ba31b046e55aae0953da2
raw/e5824158072b2d7c/task_bundles/e1/e139f05d0a08b00cc2f78ee5a5c1d64997b68bedba83f4a4a6747356b0c37519.bundle.json,179343,ab02c718d4b69ef6577a84bbd4411e70066ced27e115694a672cfe51614f901e
raw/e5824158072b2d7c/task_bundles/e1/e15c11424f28acf5cf1bed2714e5b904336e65738263c12c10bb0ca31e57a900.bundle.json,180298,8c1a32c5b86e9d5cf8ac985c499e8662d9e9118d0e49f79dccf63f7617faf1c7
raw/e5824158072b2d7c/task_bundles/e1/e164dc570a4b34ef66a26e9454850f737ebed4b127b1e8bd61e4a12b3e33d1dd.bundle.json,186290,82c6eca3e3e41667188785b219d5bbd5b613a263f3e6d501762ec5fde5569726
raw/e5824158072b2d7c/task_bundles/e1/e1c7281bb94be5bd86807bea80e9e60fa6289cb153f8008e4ecb81e7c5cb742d.bundle.json,181534,5ab39729a2fe1984cafd810c8a6dd3056a30efd74eab896f2b940ccb7c909c61
raw/e5824158072b2d7c/task_bundles/e3/e312810f038d144c2a01a8144e12d355f47ca8504b98198583ba031fd159d518.bundle.json,181151,b84ac9220e8b4b9b6959c15ee3e0025a9a5d853fe57faa7fadf35fdb4acd1b46
raw/e5824158072b2d7c/task_bundles/e3/e335a64a07669d1f190c6880588f095b5d5434b7202a8c7b0d2b818838f34be4.bundle.json,180122,a692da29e068572fd87f3ca7ba42c96d7e06200a3e0e38950cabbc9113abcf4c
raw/e5824158072b2d7c/task_bundles/e3/e3486d62319250a76084827835a84c574a1410a961240f8a88164a31319b957e.bundle.json,186992,d703f96468ce69e0e95563f09ba596f7a6d3d75f158e279e03adcbbca7132c20
raw/e5824158072b2d7c/task_bundles/e3/e3728bcd8f096a5516deb2d342de67927d11a6a5819f5dafa2296e0cd5aa5529.bundle.json,179865,1798743a351f21d3c7a624ca0eadcdec37d02c3666cedd8862347913d7d9aed2
raw/e5824158072b2d7c/task_bundles/e3/e37d7ff049e38c1af691a5261a3f108b1e5b2f7887e13fad4b561921b5293e83.bundle.json,179227,3ada6784431cb3f17f77418c0faa3c121d52a6f9f4ccd186951a8404b47c7d8b
raw/e5824158072b2d7c/task_bundles/e3/e39b8cca6d9e4a9bfe8577fdb1ff2c7b5d27aa7ed07e395f4fd670d6851e4111.bundle.json,181958,0566977d32e6b333a94b48f0445be076710810930e0af815a32200b91c43a6d7
raw/e5824158072b2d7c/task_bundles/e3/e3adfd6ba286a74fd1e7f6813b79bcd8ec325fa14a1900f461cdc8237923bc6d.bundle.json,180491,3882ddc6e4be08f631fc1a6327b13b4af61e5d4a7514d61ec3ea63cc7eaa903f
raw/e5824158072b2d7c/task_bundles/e4/e4b2dc673f5f05abba025664e9852a9df87c06dbe493c81a72324a960e3ea1eb.bundle.json,183103,54d4f1728299a65c8113bc4de005b642dcd428d67a12843aa59c928201031006
raw/e5824158072b2d7c/task_bundles/e5/e564fdf75c211d3f7f04fa2734878cb02200f732b52226bb241ac4f0c524ee7e.bundle.json,180207,b7d4d2d76c263ab00fa89eb1eb31b56d384a97b80471597eeb42c85dc76c2d33
raw/e5824158072b2d7c/task_bundles/e5/e57a0beb9e8111d50c09f960ec878974dd60c28d18ba8b39fa3fa0cf2f1fd150.bundle.json,182632,819ae82c9e17f3ff64143a378546504a51cbb94036fed90124f337699cf7a370
raw/e5824158072b2d7c/task_bundles/e6/e60456ffb66ff1b5eedd6f03b6f9dda80e66fffda07252c488c502e573406e26.bundle.json,190302,7ec4f171ed9e5361ce6214b1ce9755e56fcd7020ab50105ea07aa07b1ee1ed3d
raw/e5824158072b2d7c/task_bundles/e6/e6451f074ba48a5cd9decc42b3e6eac77bba76e9b40cfc62b0613d251b43280a.bundle.json,178454,b0346ae2daa2cb5ab08b60e3a30f268b7bd4c38b4b1e738c02e735f2ee6f6464
raw/e5824158072b2d7c/task_bundles/e6/e6d8b0f4606601cbe5d3a817441d28e5569f38a16d38c7fdeb030fb536ab03b8.bundle.json,178098,06c9256a36b2658b97b6530c3c2dced04e09504ff57a97214bbee191b10fed72
raw/e5824158072b2d7c/task_bundles/e8/e8a08ed1fbcbc556d8e26da8f68f93ceaafba615affb1d37eb11c701949e72ea.bundle.json,186517,468f47637b5bedbbb46cb3e4feb8bf20d6dba26201ae5abe2f1ca19602ad0f16
raw/e5824158072b2d7c/task_bundles/e8/e8eacdf253b8d80e2aa176f580549608f36d744b51b9c0141746ccf331694ae3.bundle.json,188729,1064249dc3b2f3d2645e6a959aff0f5ff0f9021f1ae2e0a9b1977c770738ec75
raw/e5824158072b2d7c/task_bundles/e9/e90c3f680133257a1c6fb9e93aa68ae80a5c407f858c534f2946ca864e1e0a35.bundle.json,182037,0abe6dbf0064fab8ec65aefb6900b3c90d462d577038806cbfc36a0d5faf52d6
raw/e5824158072b2d7c/task_bundles/e9/e914c4f345889e97617cc8a41de473e6db810c6d501bb291bfa25d0a0a4d3a0b.bundle.json,189333,cb9428b843fe0267a943fb42695ee1403b651a18de489f45f624637b6e454005
raw/e5824158072b2d7c/task_bundles/e9/e9225677196654f719c05a42f09613e60cede4ea57ce86731f35ca8126709071.bundle.json,183844,6fc91bef290aed0aa285e9d97ea8b12a98d6ea74eccb114ec662288e9d7a75e3
raw/e5824158072b2d7c/task_bundles/e9/e94db7ba210786a6939bfa6ff415af98ce249c8ceeb25f3bc6596cf660969a9a.bundle.json,182965,6e36568317855699279d1880190c6095a77b3c2da1bf88aef7fb6d9388a4abff
raw/e5824158072b2d7c/task_bundles/e9/e9b03da2e17acf05405e1d21dd11955dcf3e85add58b08b722cfc19be1b62369.bundle.json,181274,ede02aafdbad8d1fb710c1e4005436491062efe0c272cc4b9dd999c6933229ab
raw/e5824158072b2d7c/task_bundles/e9/e9bde0193be5a9669805e90b52cd75f6747625de4f566dae7f683bbaab0ba644.bundle.json,183195,0b787b39a7ddbc675fb09bfb2f558fe02850bc1a7019adefe92d4f1b39fa1529
raw/e5824158072b2d7c/task_bundles/ea/ea364b3d91d55648ecf51da72a37497554398c2e983ee149388deb62a6238815.bundle.json,183043,6323a701e1e726d2adf1ac1e160331279a8d4cad39bca00886bc2d5658934d09
raw/e5824158072b2d7c/task_bundles/ea/ea464ef1b2bddc95b245f12eda95b93e6a761a97fe7017a227b43c33d55fd2e5.bundle.json,179073,30315c6cc3857a6a6141e8b07458886d1e0573b29d13af44e3940241d7e13192
raw/e5824158072b2d7c/task_bundles/ea/ea7dcda13a5cbae4944fca4f75a0bab577fc24809fa68a909dbfdc161ba503ab.bundle.json,178594,f06c436b3f474cb0216ed0e26121926352d8c03affc02c311db43e282af1de45
raw/e5824158072b2d7c/task_bundles/ea/ea7e7d033ccd4923eea0201dfe894e519f4465c384a00548e3cf724e535448aa.bundle.json,180145,a526f1202aefec6e4f8923ce2d4ea3af552eb727de5073e8bdeac3930e70cb7d
raw/e5824158072b2d7c/task_bundles/ea/ea7fc2aae6a74e0a40a4c4f2b7e0787fe57fb2648b4677d00709491a2123603b.bundle.json,180010,a4717a235b2342631d87351801b33d1cb339043103a23123b530832eb712a6ab
raw/e5824158072b2d7c/task_bundles/ea/eaa399e8dfc3aa6bccbb2424fa55fc1658781ff1c92e98004519dc39ecbd918c.bundle.json,196491,e5dcebc86e830b8f9a45c461802ddc6af78002336c97f4562c7157b459f41f10
raw/e5824158072b2d7c/task_bundles/eb/eb2cbbd0c539b69cb42b8b65a13ff3fe3f15fb93714c0f1b8ffd47c52d13f313.bundle.json,179531,885098fc37067114e40335adabdf4e76b655f1782da856a612860070ed7ff61f
raw/e5824158072b2d7c/task_bundles/eb/eb599695992a66f2b655783e5dfabd9d5684abfc4be08f8e66dec51f694b5561.bundle.json,179034,ee4268194bb08c7cdd72b31d85e6d4251212faefd94ea52773c72181cbbcdd02
raw/e5824158072b2d7c/task_bundles/eb/eb5add61b4162b1d0347a26e192761b28fb2bc8655b4d5f952ca55bcb2df1f9a.bundle.json,180506,b955ee1cd42d77f4fa2c74b2cf93a774ac748f4a24fdfccce0aceb530fb2deba
raw/e5824158072b2d7c/task_bundles/eb/eb7eae75c78b8fd93a527ddb9395d7c5b0751889b8e7c1b6ae2e7897a4b8c0bc.bundle.json,181880,545eeacd5181758f24c8366c956259bd6e4b485ccafaa80726bed75b55f58ec7
raw/e5824158072b2d7c/task_bundles/eb/ebba058ce767d26010e71c607f7f4543ae394ad76b93addc315c294753ce7bf2.bundle.json,181932,d45f6518b46c688ab023ecbda872e1b0c6509461848b7391bf95e3ca219cae2a
raw/e5824158072b2d7c/task_bundles/ec/ec57a9c5c967d0a14ab2d3791bca2478f8cb76428bfe88bccc779f786beaf907.bundle.json,181575,080202e7297bdba8344826cf619d32ce52996467d2596a250745da5f0bfcbed2
raw/e5824158072b2d7c/task_bundles/ec/ec5feaab115aa9bc253a05931def6cbe0d859f9dd35c77e4a59df440ce6daa77.bundle.json,179585,99acae9ce7194510e25db882de224f695692aff3d9a1374689fc24b285803120
raw/e5824158072b2d7c/task_bundles/ec/ecd33d023bbd4ebef634f7640bd3fadd379d5cc9ff0b8930ea26ea334d815def.bundle.json,182372,f920267f29d035bc898cda7fa70bb33142e2c2c30edef86b03e30fef71d6cfed
raw/e5824158072b2d7c/task_bundles/ec/ecf1c5d7600bdfb7f5dcee6c2a380990c22696a3dcaeb5049bcdeb28070bff32.bundle.json,181816,bdb7c2ee9de9f59c5453bbf79d9b40b3e322f00abaff2fe41252dd7936e1feaa
raw/e5824158072b2d7c/task_bundles/ed/ed0e2fd8d3ac7fc9870772ba985d08c1d35b9affe5d15ce1db762956b46ae22f.bundle.json,183550,9ced742a80671e5325808811856644d0a464ec7d0919e19a1be9aec01bbd34f3
raw/e5824158072b2d7c/task_bundles/ed/ed33063f263c05a8176f039c13dd1e2a258dfc56e0ec1add66cda6b34e638cdf.bundle.json,180991,1bf881c40daa339d5714f24c0dba5b03b99b8127122b2c1c7e1827bcd6e29c74
raw/e5824158072b2d7c/task_bundles/ed/ed6245ebb8f335ef5f84f2bc0e9041064ee7a3d519457c3a9954c24f7eae2044.bundle.json,188779,770888a60197ae4ff18fe1f62281463a1f4f24cf0f12b7a1ba8dee3bd131543b
raw/e5824158072b2d7c/task_bundles/ed/edc323c602121913805f4db77bf0bb99e42384806b013e5640a6960125270827.bundle.json,18379,d097c043ff48c3c6b785d99b47530ff9913a8c6504f555eb8ddf700d46434272
raw/e5824158072b2d7c/task_bundles/ee/ee1f4c60a4329705af546fb21a7b8e1adc7f4eb605f6118b8ad60963e900b1d3.bundle.json,180904,2c4bb2896c97a3dc4435b110101bd3e46950ceee8876d62f9701997e564c872e
raw/e5824158072b2d7c/task_bundles/ee/ee8228e6e3ca6691a8a873bd32cb68c4b4275fec8a3e73404e55837eb39027c3.bundle.json,179766,e9ef85c2714edb91bbf246e7789a8fcd39d261c665900dfcf60c695b62b70516
raw/e5824158072b2d7c/task_bundles/ef/ef520c795430addfb76456d8f016cd6af09d4d8a68a1333df60f4a0eae9fbfdf.bundle.json,190424,3e760226f2a5871d7d16f1ceb448aaabf34313bd19dc8462d679b13fd7e85d3b
raw/e5824158072b2d7c/task_bundles/ef/ef650572a40a5eabeeb6bc4931c6d9ab5324897bf417eacb7f76d235121b6a31.bundle.json,181207,93b3cfbabcaad11922dcdc5403bcafb30412b0838faf3b3317509cc2baa9c122
raw/e5824158072b2d7c/task_bundles/ef/ef832f3277c663da8268422eba546b62198281325db9af591b429a3624f6cd0d.bundle.json,180084,7541e10374753bdb107576493f59ae2b184f72a9a87cd9d5a3a918f4ac74534f
raw/e5824158072b2d7c/task_bundles/ef/ef8e81b76246a48072a2a5af80e981a8a49995d04494a85cbac3696feddd02af.bundle.json,179800,866ce00365327d8a1263ce9522c8fead04381fd1f7bebbc7d18a680c23c565a0
raw/e5824158072b2d7c/task_bundles/ef/ef9d71afe08a6497013b3c341141cb1599d457a0ddf4fb98dafb36ae1f887513.bundle.json,177524,2b54d47673b9028f64cb0da501228b795700861d4fb91dd9acdf5da7e73bea20
raw/e5824158072b2d7c/task_bundles/f0/f0118e53878a01354bdc710f55ae31e6b725a73d7b086551ea4ced367dc863df.bundle.json,179195,90cffdf339a4f27ef30c3a39f02f1d5d51dc5da162f1314b46fb7201bef723aa
raw/e5824158072b2d7c/task_bundles/f0/f037490a5ec60ddfa533f2535ed6a0a24c0664c45f86a63cd70a85b425fafe88.bundle.json,183131,367181f88c7cb83c495d7b0bd28b923e904307d816549978e16676f856a8c49d
raw/e5824158072b2d7c/task_bundles/f0/f0f28b82b8be03b4577dfcaa34d6aff92ff4381e3a418ddf367081f4e6b4d396.bundle.json,180125,de978cb88c347e15c5706378a063ad1ebbf4ea014d8a18ab812492aad5f70ca3
raw/e5824158072b2d7c/task_bundles/f1/f10530e0adaec6cf44bb6702c7feb6a72456a93f2a11717e0455a750241e5a16.bundle.json,182128,c07e115460992de9424d60631414a3e4a861bad6b881ae2c0c3bf9e3d2293940
raw/e5824158072b2d7c/task_bundles/f1/f114ad36701594dc46597e7ddc0b83e3490dbc2009e4b094464e483ace1808a6.bundle.json,179482,03dae708f22f6e34f7d63f8d460f14935b4dfc3b2a53c7d9f2dd290344ad68f5
raw/e5824158072b2d7c/task_bundles/f1/f169d1c00c89e1323dade5e4e4e2dcf0b4471839326a4f383602aa3bf32d09f7.bundle.json,178485,18d4c63cf5d5f0943d2a98afffb7ea4e3fc3db8687117cb5e686f74b1c8e4912
raw/e5824158072b2d7c/task_bundles/f1/f16f6e3537c2cda27eaf4b6d1d3820d52d2d425443326ce73c94277a3683ddd3.bundle.json,180862,42e4099ff0a7d221fbb729fed87730735564067e86f8b4fa096fe8796c682a12
raw/e5824158072b2d7c/task_bundles/f1/f18473f7f1524b683c01fabc491cdba346268b26b61b1f385b54db6d1d39612b.bundle.json,189716,ff69bf7f76e87deff1f5b174a4ab1da07d08ca5171f24eff70dbf46a63405741
raw/e5824158072b2d7c/task_bundles/f1/f1a793d4adbb4b5e2998a9a36405f86f41456e769b8fcef1c47f99f0174f178a.bundle.json,180910,e6d46ea9c64e9e835ab2181aa3c78a9da9f79a5b975ccb13d19e064ac5f96c4a
raw/e5824158072b2d7c/task_bundles/f2/f28305fded91492fb53c9ac7550b746ad280fef09087b697551b9ee0500a813f.bundle.json,190733,8857a9335764df3f3adc2fd80da2333bd6ee43867448f23fcb6938f2a40fa701
raw/e5824158072b2d7c/task_bundles/f2/f28e2f8e11836b56322b7cbfdf9f6d9d6436335c9d81edd6de068912d9d4df8c.bundle.json,179044,54e88b2bcf8f8b989f8550cd7fd070a33e30d2971ee8804e96c65de5120ad11a
raw/e5824158072b2d7c/task_bundles/f2/f2aed8d555ff84c50e53c2c51a677072d46fb53be112cce1d8e0ce9d0543fd06.bundle.json,178758,ea831e193f5fbdbb4e4cae788cba7005d1e08c2de0d8353a466aca89756d92c6
raw/e5824158072b2d7c/task_bundles/f2/f2b1ac9019a71e62c87612d8438690ec9582e149f2a460d14e0491a48a5c29d7.bundle.json,179596,2c51a6502a7fa55480017cda08b372965ef607dea9a3013c8c492ca27f6ae0b6
raw/e5824158072b2d7c/task_bundles/f3/f345a79cce0e48d9c716f320c870a9ab8dcdb147627cd65c7d88e8972f20d7b8.bundle.json,179125,b29163205728e8884435757e3240f613a1f11b76507e7e0fc2c987d4cfc908e7
raw/e5824158072b2d7c/task_bundles/f3/f35467fabbeaef7e092848875fd1c9b6bf803119f1ca0fea68cc0e8febe09241.bundle.json,190666,9fdb2d578a95b35b5f5d15ef24047587ea99c64d0e9e806a1d5d85bbae1b9a6a
raw/e5824158072b2d7c/task_bundles/f3/f39016eb4a616a1d92f6fc1e80a709cad7d3949cba408a5ddb17aaba62d7b3ce.bundle.json,180696,5e951875c22d1dc67c648c08c8408c4e1e9fccfe714c8ca93ae32d81b80e6dd3
raw/e5824158072b2d7c/task_bundles/f3/f3963d0cfa591a3d08ea6e564ce720d064cbda2b85480ee126d12cc8f499a2a0.bundle.json,16845,0720a904cd3740a0857948870c0763af3d754877847c4df14f37b8ceb6d535bf
raw/e5824158072b2d7c/task_bundles/f3/f3d70b832207fd57839576d2e12c3442b87082696ff968715825f41b05d313d1.bundle.json,16677,68b056ba3ea12dc82231ad933e53f58329a24936657ffaec465025731a162edd
raw/e5824158072b2d7c/task_bundles/f4/f451742b48a958bf57821417483cbb281c05de8deba04a7c10c9f43e05512c5b.bundle.json,181535,7b689c3349ba06a0ec4e746e35645989ce117ebef1ba46f1b302c312849e12fe
raw/e5824158072b2d7c/task_bundles/f4/f453468814acb5e1e5ea7897a0a4e70d326bdb29482b39764f93567c794054b2.bundle.json,179927,56685bb87602ea412d1080f0161bff8bc425826ae801fd0660934062c617328e
raw/e5824158072b2d7c/task_bundles/f4/f465d65111b8549ce237bc317d70ad50af6b5c285535b33ba619ec9a060be966.bundle.json,16387,a6d2224191830b4efb034dead2ba8cab00fb2fcdf880abe1a068c246e26bd3c8
raw/e5824158072b2d7c/task_bundles/f4/f467d4fa6dd940cbad8e05512e07fc690cfcbc6eb65d6e1878ba6097f7de5afa.bundle.json,180056,be2c6f044a2f78f94c064b1a7b2c86c31fda3b2f63f0fc452058f38486f13467
raw/e5824158072b2d7c/task_bundles/f4/f487424191b3578347cb0a8496585949762f0b50227df94424eca0dc56289560.bundle.json,189106,5420d2f766f7d28ace25307ddd19766a8c8f1a94204fc3480c6a7869c6842087
raw/e5824158072b2d7c/task_bundles/f4/f496621f4f41aa91eeca01efdab2f791af301ca886e3537806c9497d607a4cbd.bundle.json,179481,246891d56dd6d43b19b32ba39396c6444518294dfc375cd8b2df19b73cb54f1c
raw/e5824158072b2d7c/task_bundles/f4/f4f8afb99bfed2173e02a1b349c256cb5ebb901ac7f181c33665592b379354f9.bundle.json,180233,c151f44b62eae340154d0568d600cbcfe0f02ceb9f708b236dda3368b26d5d23
raw/e5824158072b2d7c/task_bundles/f5/f50f9812165d8d9b62e853ce63af9288a3cc7cf052bc7f2ece5556e1ece06e72.bundle.json,191797,a7cfb8fcccab6a39aba626ec3ba732a8cda673d6fe52f14e380ec6ef52f55a4f
raw/e5824158072b2d7c/task_bundles/f5/f52151c4904c05558d2f59b9cde5f2c030ca3bdb661c8424d44f67bac19dc499.bundle.json,179682,0d5dada3824428e3762b5104434975d4c80016bdc3739bbeffd2159e5a9d9c7b
raw/e5824158072b2d7c/task_bundles/f5/f544ecded52bda2ba098e70f558140f096ba51101fc616126f27fe4f53077e47.bundle.json,180200,6a2f0a41e3e39db3a6d40ae8b474121b13250f0c4ee23776f46d15b337817f3e
raw/e5824158072b2d7c/task_bundles/f5/f565cc99bacf3d07f5260c98842e7c8a4890dc3a4835ef15d75e1f52ecf12c59.bundle.json,181438,e64bf434c52a002dfd05dd5599906733a366fc8df3533e9b563fa522bd99c485
raw/e5824158072b2d7c/task_bundles/f5/f5a7f7136331ba1ee9ba340bbc802c98450bc1700b8448de263f9b6d60016607.bundle.json,180049,bbbf04599cb78fd25642c85494f2d5a696b5fa4c80ccf53b0f68b96cbe22b477
raw/e5824158072b2d7c/task_bundles/f6/f60143029a8973ead9a2a2c37414f2ec8a4e198e45d239b0bb10bdb8358c54a9.bundle.json,179897,1d0875a1aca258deb5ea8e414ef2d55f71a57fd22f12c7c7057fbe1bda016d86
raw/e5824158072b2d7c/task_bundles/f6/f613a6b3be9c3605d2adff6886b2afdd54f2bbcaba984313acf89f3c4be500fd.bundle.json,180081,e4c4665862296cc56b6469b328234e970637610faac6316f4cc9a1732458fad2
raw/e5824158072b2d7c/task_bundles/f6/f62d4e32964e3a2b944ee1109a094cb9e13d028c9033c9afce8ec31fe7b0c0f8.bundle.json,181377,0afa53eda178a626785c04a94022ae6138eed8d3a050e17e3cd2c27884410927
raw/e5824158072b2d7c/task_bundles/f6/f641a938bde69410774bef170df5fd3c382573583aee978f04666fc7d9b8aab8.bundle.json,180192,67e21f83da84297b0757db253252bb0c110fd58e0e6fc46b92d577b8027357eb
raw/e5824158072b2d7c/task_bundles/f6/f6e19e4cb47905a29b0600a965328fcefbc03cb1d2b8655bbeedd92895304eac.bundle.json,179392,3d1c2151404911dee003f325b8e0936372f05fae79db0133acaf802aae6638d5
raw/e5824158072b2d7c/task_bundles/f7/f79025150c1e27b75e0e4915b2a54e4c9ecdc86865a4f432ee8be7c3a9b60e58.bundle.json,178621,574b49f8f0d212b33fdde80f7fb3e4bef12f19fd8b17cdf5a1a34d2d52a6524c
raw/e5824158072b2d7c/task_bundles/f7/f7f8acc229d922eff58bbe84d42138f3d6a92bc73e0dd2a41de80a5a1341b1c8.bundle.json,18549,a8d7e175a99551a913a9dc88e3919e59fae0fc1dc12b914c33ad29b2efebc53b
raw/e5824158072b2d7c/task_bundles/f8/f83940a979cfbac9a73c82f928282cdd2ffcb0a1239e2f327488b548256b7852.bundle.json,179770,2a07b746191d654323458d9977a4ac50d1370849d91a82e6f337c1edd11b8c28
raw/e5824158072b2d7c/task_bundles/f8/f85ec388f7bcb92a48a88f03405e5c5c1b5c2900802709e4c0b4911e910a0a34.bundle.json,178877,1e6debc7602e7009898965130b5ccec0204383fb0f0d4888d9c919130b2faf45
raw/e5824158072b2d7c/task_bundles/f8/f876811fa21797dc37b1d3a27b4760ef928ddaf9f3b52b978a894190b14178b0.bundle.json,182399,63d479a457d1e7c3c096c63b181cab5d8ff6159ae5f6c280ae7f64008fe84706
raw/e5824158072b2d7c/task_bundles/f8/f8b43001cbfe0e3fd75fa3319b853e2278dce9abf309c65ae4bb3c12402dbca7.bundle.json,198065,ffc8d86117e4ab60f2b95290269e069bb95a38c8e0eed8e82493b1ca18bbbff7
raw/e5824158072b2d7c/task_bundles/f8/f8beab32738e37d0f978f2feb53206822048777b4882909d739565aef87fba01.bundle.json,187148,3f982d0f2d1be7a70f20afb39c117ecc5addde4dff6f1a2aae88a7c10099058a
raw/e5824158072b2d7c/task_bundles/f9/f990ab1237be22d87dfd3f556e372b51568c2c2e61d42b35b761eca6d4162a80.bundle.json,179419,daeb1ac271eb78a49aa5dc16c2137157db8047f88d3c4d75d5ce11d04bf9c0e7
raw/e5824158072b2d7c/task_bundles/f9/f9fc1385b4a745778e77839ca1783f6f2065acee46f0d234e45098db47357881.bundle.json,190145,59b60747ece27e04651ed1b4fe557196216899e6c528084e47f9098d8d98f96b
raw/e5824158072b2d7c/task_bundles/fa/fa16a5f92df85bb83ef09baa3ef7997ae77f22cb4320278fe9c5ba2c45733524.bundle.json,180431,2045d3890bc8ebdbf11170976ddd1fafe328495627ddfa13648868b5894187f2
raw/e5824158072b2d7c/task_bundles/fa/fa4934042fd5e2cf2f2f83c8863ab7aff7156d1a9e2ed621cd5f83af6c23f2fc.bundle.json,185079,76c7b758b2e83227c408c95db94ac121a4d870502db420c982fd96a0bec09277
raw/e5824158072b2d7c/task_bundles/fa/fa57ea28568122fdf97978da22d86b1a6bd6ca0d96fbc3807bc511ff35140a1a.bundle.json,182021,dc5cc4458b861b2c68c94e0fef1ab55257b15e8fd2ea1e1ad2e049f4f2379a5e
raw/e5824158072b2d7c/task_bundles/fa/fa7128e5903dfd2d6e8dd332231e58cfbc655b529ff6d9705397a3726c87c240.bundle.json,183080,d5eb0dce10f493554ffd4a6e212bc47bf50af0d2250e72a1587842061544f3a6
raw/e5824158072b2d7c/task_bundles/fa/faa3bb28cba1305aab69284c093e8ddcb2ab13a39d2d33e1ad81c75f2e212c33.bundle.json,179701,3cd53ed032ab3b3cdf5f37077f5e6d161b9430a07ecfc15ce87f590126de708e
raw/e5824158072b2d7c/task_bundles/fa/fad0e0b34c9c7aa1eb77b1160bbd8f9dc75426173a7f9d3859326a699b08f801.bundle.json,16901,2b23babf81c0f798745f14f50a4467dce8715567d470e4b891d0e677e7a64565
raw/e5824158072b2d7c/task_bundles/fb/fb3b9e724769ad3c38acfa2ad9503543934cbd861cd4a141e95da666638bc60a.bundle.json,182008,0aeeb541bc5c2d2370a42aba7b5c891295f3f02bf0f060924f2f630d0a930fcc
raw/e5824158072b2d7c/task_bundles/fb/fb516e247428ee00ae6f2f9231a5d4fa8b3ee1a75bbadf21c02a3ff1e556ed1a.bundle.json,16882,c7a0e7f5b290e2e0f00e3f8afe6aa308f189f03db6a66a092184ff7778596a3f
raw/e5824158072b2d7c/task_bundles/fb/fb7d4d3c7870226cd784c7035431bac6a8906299eb43e7de84def185fa1f2823.bundle.json,180159,4e31b37e033e3439210d4a87dab1fa97d3f8d70e04356943500b3de828139769
raw/e5824158072b2d7c/task_bundles/fb/fbb5a7cecd7ef27a03df58aacfff1dd862ab39cefc05da045909f72b1028381e.bundle.json,179799,0cbd6f56dba3ab179c325fe314036127807383f48fadaba27091068e21fa6fc7
raw/e5824158072b2d7c/task_bundles/fb/fbf37619cd9d8b40b166267ef91b146e710e61e6fc04b276b574d2bd1855bac0.bundle.json,17109,9abfc9e70e6235743481236001a7af2da8c64192a4e2b956c12ee84d48aff0be
raw/e5824158072b2d7c/task_bundles/fc/fc181e0ded0bc9deea059d230e3446cea403e4cd4dd54620946c0f064f6e1274.bundle.json,178980,0bfc287c055a972fe5fd47c9987ddeacf74041c4543e630bba4e3b2c1476602b
raw/e5824158072b2d7c/task_bundles/fc/fce0cba5bc20496bcc1052f8752837a0ed09ee8e66ff4772020b6258c7c29345.bundle.json,16917,bbf0d9a2107de4a68fd61e83c076d423fa900fabfb7c8de95fbbbf2c65104b3e
raw/e5824158072b2d7c/task_bundles/fd/fd0dff682a043ad6172829fa4dad871c5a3a1ec28a72f259254069d6685f2cf8.bundle.json,182438,3ff2e8309fe63451c3983ffca28250714eb7fd38b296978321f2af7543ca4449
raw/e5824158072b2d7c/task_bundles/fd/fd201b55b79c213206923c6655271711f25910dfb6a6b0924b79dc1915138d5c.bundle.json,180521,e42ed01be4f4255ddcf1f744f659f1fe4a5c99e1db32294fd8573d18a5553cb3
raw/e5824158072b2d7c/task_bundles/fd/fdc527b4b672e5c154d787ea5314f4531a2e7b68552562cbcc357ea48c6030ca.bundle.json,188758,46b612c760bccb34e444e73d827dc19742f15c68528298cfaebd7630c5d0d96f
raw/e5824158072b2d7c/task_bundles/fe/fe3f1488af3d050e3d9a98783f2e2234cbf2d62d83cb541645ca44b3a36280c1.bundle.json,180450,88f26f1a57b97800d280d8179d6824626b2ba063e4919c974d545bc95538ea18
raw/e5824158072b2d7c/task_bundles/ff/ff802b02218cd465cfece1c64a54cc32d62a822df0aa269ef9a5f71635d186df.bundle.json,182592,bdc4317b2deac93fe56739f6692abb5ad7783cd26fb773f65d919bf31418077c
raw/e5824158072b2d7c/task_bundles/ff/ffb49316086963f4b922d436316e599717db174083a29abaf51faaf7bb1e8b77.bundle.json,179587,4df5efb80a1d6d020254fdbfbafeed9a17e6f6118d6c278ceb68ebc5434918ce
raw/e5824158072b2d7c/task_bundles/ff/ffc507fdb29a60d72f059aefa748b2cbc4f0b0f5dffb327e9b1a477af70569b4.bundle.json,181414,5b3912dca1b36708063dc0bd74b379597a911b5bbdae2978444d2db3ae79de33
