record_type,run_id,semantic_replication_id,dgp,N,T,replication,method,target,primary_status,target_tangent_norm,target_supported,riesz_iterations,riesz_residual,riesz_converged,riesz_target_rayleigh_quotient,tangent_gram_min_eigenvalue,tangent_gram_max_eigenvalue,tangent_gram_condition_number,variance_estimate,standard_error,interval_length,estimate_finite,standard_error_finite,phi_full,phi_time_sum,phi_unit_sum,phi_corrected,true_target_projection_ratio,true_entry_unit_leverage_scaled,true_entry_time_leverage_scaled,target_applicability,headline_theorem_target,dgp_realization_hash,time_split_0_status,time_split_1_status,unit_split_0_status,unit_split_1_status
inference_diagnostic,aa152561964a7ec3,dgp1_N100_T100_r2026080901_truth1-1-1,1,100,100,2026080901,selected_rank,A_entry,target_unsupported_selected_rank,0.0,False,0,,False,,,,,,,,True,False,0.0,,,0.0,0.16069736046128663,1.26103416960879,1.3382052214152136,theorem_covered,True,a19576a6645414694a4ac3a884a1cf01beb43de08ec544a688b482501202009a,,,,
inference_diagnostic,aa152561964a7ec3,dgp1_N100_T100_r2026080901_truth1-1-1,1,100,100,2026080901,selected_rank,B_entry,target_unsupported_selected_rank,0.0,False,0,,False,,,,,,,,True,False,0.0,,,0.0,0.13472469667932155,1.1621312995229254,0.6606203660555482,theorem_covered,True,a19576a6645414694a4ac3a884a1cf01beb43de08ec544a688b482501202009a,,,,
inference_diagnostic,aa152561964a7ec3,dgp1_N100_T100_r2026080901_truth1-1-1,1,100,100,2026080901,selected_rank,A_fixed_time_mean,target_unsupported_selected_rank,0.0,False,0,,False,,,,,,,,True,False,0.0,,,0.0,0.9949185104084706,,,theorem_covered,True,a19576a6645414694a4ac3a884a1cf01beb43de08ec544a688b482501202009a,,,,
inference_diagnostic,aa152561964a7ec3,dgp1_N100_T100_r2026080901_truth1-1-1,1,100,100,2026080901,selected_rank,B_fixed_time_mean,target_unsupported_selected_rank,0.0,False,0,,False,,,,,,,,True,False,0.0,,,0.0,0.9345494847964874,,,theorem_covered,True,a19576a6645414694a4ac3a884a1cf01beb43de08ec544a688b482501202009a,,,,
inference_diagnostic,aa152561964a7ec3,dgp1_N100_T100_r2026080901_truth1-1-1,1,100,100,2026080901,selected_rank,A_full_mean,target_unsupported_selected_rank,0.0,False,0,,False,,,,,,,,True,False,0.0,,,0.0,0.9998244679402972,,,theorem_covered,True,a19576a6645414694a4ac3a884a1cf01beb43de08ec544a688b482501202009a,success,success,success,success
inference_diagnostic,aa152561964a7ec3,dgp1_N100_T100_r2026080901_truth1-1-1,1,100,100,2026080901,selected_rank,B_full_mean,target_unsupported_selected_rank,0.0,False,0,,False,,,,,,,,True,False,0.0,,,0.0,0.9961611915133775,,,theorem_covered,True,a19576a6645414694a4ac3a884a1cf01beb43de08ec544a688b482501202009a,success,success,success,success
inference_diagnostic,aa152561964a7ec3,dgp1_N100_T100_r2026080901_truth1-1-1,1,100,100,2026080901,selected_rank,A_G1_fixed_time,target_unsupported_selected_rank,0.0,False,0,,False,,,,,,,,True,False,0.0,,,0.0,0.7043821092091259,,,theorem_covered,True,a19576a6645414694a4ac3a884a1cf01beb43de08ec544a688b482501202009a,,,,
inference_diagnostic,aa152561964a7ec3,dgp1_N100_T100_r2026080901_truth1-1-1,1,100,100,2026080901,selected_rank,A_G2_fixed_time,target_unsupported_selected_rank,0.0,False,0,,False,,,,,,,,True,False,0.0,,,0.0,0.7121246617808228,,,theorem_covered,True,a19576a6645414694a4ac3a884a1cf01beb43de08ec544a688b482501202009a,,,,
inference_diagnostic,aa152561964a7ec3,dgp1_N100_T100_r2026080901_truth1-1-1,1,100,100,2026080901,selected_rank,A_G2_minus_G1_fixed_time,target_unsupported_selected_rank,0.0,False,0,,False,,,,,,,,True,False,0.0,,,0.0,0.11581384777710342,,,weak_target_stress_outside_assumption9,False,a19576a6645414694a4ac3a884a1cf01beb43de08ec544a688b482501202009a,,,,
inference_diagnostic,aa152561964a7ec3,dgp1_N100_T100_r2026080901_truth1-1-1,1,100,100,2026080901,selected_rank,A_G1_time_average,target_unsupported_selected_rank,0.0,False,0,,False,,,,,,,,True,False,0.0,,,0.0,0.9912379313731445,,,theorem_covered,True,a19576a6645414694a4ac3a884a1cf01beb43de08ec544a688b482501202009a,success,success,success,success
inference_diagnostic,aa152561964a7ec3,dgp1_N100_T100_r2026080901_truth1-1-1,1,100,100,2026080901,selected_rank,A_G2_time_average,target_unsupported_selected_rank,0.0,False,0,,False,,,,,,,,True,False,0.0,,,0.0,0.9914294826604808,,,theorem_covered,True,a19576a6645414694a4ac3a884a1cf01beb43de08ec544a688b482501202009a,success,success,success,success
inference_diagnostic,aa152561964a7ec3,dgp1_N100_T100_r2026080901_truth1-1-1,1,100,100,2026080901,selected_rank,A_G2_minus_G1_time_average,target_unsupported_selected_rank,0.0,False,0,,False,,,,,,,,True,False,0.0,,,0.0,0.9827696011727488,,,theorem_covered,True,a19576a6645414694a4ac3a884a1cf01beb43de08ec544a688b482501202009a,success,success,success,success
inference_diagnostic,aa152561964a7ec3,dgp1_N100_T100_r2026080901_truth1-1-1,1,100,100,2026080901,selected_rank,B_G1_fixed_time,target_unsupported_selected_rank,0.0,False,0,,False,,,,,,,,True,False,0.0,,,0.0,0.6525308130833368,,,theorem_covered,True,a19576a6645414694a4ac3a884a1cf01beb43de08ec544a688b482501202009a,,,,
inference_diagnostic,aa152561964a7ec3,dgp1_N100_T100_r2026080901_truth1-1-1,1,100,100,2026080901,selected_rank,B_G2_fixed_time,target_unsupported_selected_rank,0.0,False,0,,False,,,,,,,,True,False,0.0,,,0.0,0.674113445453845,,,theorem_covered,True,a19576a6645414694a4ac3a884a1cf01beb43de08ec544a688b482501202009a,,,,
inference_diagnostic,aa152561964a7ec3,dgp1_N100_T100_r2026080901_truth1-1-1,1,100,100,2026080901,selected_rank,B_G2_minus_G1_fixed_time,target_unsupported_selected_rank,0.0,False,0,,False,,,,,,,,True,False,0.0,,,0.0,0.08272037132094547,,,weak_target_stress_outside_assumption9,False,a19576a6645414694a4ac3a884a1cf01beb43de08ec544a688b482501202009a,,,,
inference_diagnostic,aa152561964a7ec3,dgp1_N100_T100_r2026080901_truth1-1-1,1,100,100,2026080901,selected_rank,B_G1_time_average,target_unsupported_selected_rank,0.0,False,0,,False,,,,,,,,True,False,0.0,,,0.0,0.982470958404462,,,theorem_covered,True,a19576a6645414694a4ac3a884a1cf01beb43de08ec544a688b482501202009a,success,success,success,success
inference_diagnostic,aa152561964a7ec3,dgp1_N100_T100_r2026080901_truth1-1-1,1,100,100,2026080901,selected_rank,B_G2_time_average,target_unsupported_selected_rank,0.0,False,0,,False,,,,,,,,True,False,0.0,,,0.0,0.9833524405830918,,,theorem_covered,True,a19576a6645414694a4ac3a884a1cf01beb43de08ec544a688b482501202009a,success,success,success,success
inference_diagnostic,aa152561964a7ec3,dgp1_N100_T100_r2026080901_truth1-1-1,1,100,100,2026080901,selected_rank,B_G2_minus_G1_time_average,target_unsupported_selected_rank,0.0,False,0,,False,,,,,,,,True,False,0.0,,,0.0,0.969481349501658,,,theorem_covered,True,a19576a6645414694a4ac3a884a1cf01beb43de08ec544a688b482501202009a,success,success,success,success
inference_diagnostic,aa152561964a7ec3,dgp1_N100_T100_r2026080902_truth1-1-1,1,100,100,2026080902,selected_rank,A_entry,target_unsupported_selected_rank,0.0,False,0,,False,,,,,,,,True,False,0.0,,,0.0,0.14925673984386872,0.7372501037790901,1.5015777183900947,theorem_covered,True,65254bae1963e6754d5f71d411da54e31423c78072ef3e1edb7d04948ba8934a,,,,
inference_diagnostic,aa152561964a7ec3,dgp1_N100_T100_r2026080902_truth1-1-1,1,100,100,2026080902,selected_rank,B_entry,target_unsupported_selected_rank,0.0,False,0,,False,,,,,,,,True,False,0.0,,,0.0,0.13380787070569422,0.19334476849466445,1.6002037680553027,theorem_covered,True,65254bae1963e6754d5f71d411da54e31423c78072ef3e1edb7d04948ba8934a,,,,
inference_diagnostic,aa152561964a7ec3,dgp1_N100_T100_r2026080902_truth1-1-1,1,100,100,2026080902,selected_rank,A_fixed_time_mean,target_unsupported_selected_rank,0.0,False,0,,False,,,,,,,,True,False,0.0,,,0.0,0.9945905440840515,,,theorem_covered,True,65254bae1963e6754d5f71d411da54e31423c78072ef3e1edb7d04948ba8934a,,,,
inference_diagnostic,aa152561964a7ec3,dgp1_N100_T100_r2026080902_truth1-1-1,1,100,100,2026080902,selected_rank,B_fixed_time_mean,target_unsupported_selected_rank,0.0,False,0,,False,,,,,,,,True,False,0.0,,,0.0,0.9277822496988523,,,theorem_covered,True,65254bae1963e6754d5f71d411da54e31423c78072ef3e1edb7d04948ba8934a,,,,
inference_diagnostic,aa152561964a7ec3,dgp1_N100_T100_r2026080902_truth1-1-1,1,100,100,2026080902,selected_rank,A_full_mean,target_unsupported_selected_rank,0.0,False,0,,False,,,,,,,,True,False,0.0,,,0.0,0.9997981764454303,,,theorem_covered,True,65254bae1963e6754d5f71d411da54e31423c78072ef3e1edb7d04948ba8934a,success,success,success,success
inference_diagnostic,aa152561964a7ec3,dgp1_N100_T100_r2026080902_truth1-1-1,1,100,100,2026080902,selected_rank,B_full_mean,target_unsupported_selected_rank,0.0,False,0,,False,,,,,,,,True,False,0.0,,,0.0,0.9962319829065747,,,theorem_covered,True,65254bae1963e6754d5f71d411da54e31423c78072ef3e1edb7d04948ba8934a,success,success,success,success
inference_diagnostic,aa152561964a7ec3,dgp1_N100_T100_r2026080902_truth1-1-1,1,100,100,2026080902,selected_rank,A_G1_fixed_time,target_unsupported_selected_rank,0.0,False,0,,False,,,,,,,,True,False,0.0,,,0.0,0.714482113017635,,,theorem_covered,True,65254bae1963e6754d5f71d411da54e31423c78072ef3e1edb7d04948ba8934a,,,,
inference_diagnostic,aa152561964a7ec3,dgp1_N100_T100_r2026080902_truth1-1-1,1,100,100,2026080902,selected_rank,A_G2_fixed_time,target_unsupported_selected_rank,0.0,False,0,,False,,,,,,,,True,False,0.0,,,0.0,0.7027181274679046,,,theorem_covered,True,65254bae1963e6754d5f71d411da54e31423c78072ef3e1edb7d04948ba8934a,,,,
inference_diagnostic,aa152561964a7ec3,dgp1_N100_T100_r2026080902_truth1-1-1,1,100,100,2026080902,selected_rank,A_G2_minus_G1_fixed_time,target_unsupported_selected_rank,0.0,False,0,,False,,,,,,,,True,False,0.0,,,0.0,0.1228295815865785,,,weak_target_stress_outside_assumption9,False,65254bae1963e6754d5f71d411da54e31423c78072ef3e1edb7d04948ba8934a,,,,
inference_diagnostic,aa152561964a7ec3,dgp1_N100_T100_r2026080902_truth1-1-1,1,100,100,2026080902,selected_rank,A_G1_time_average,target_unsupported_selected_rank,0.0,False,0,,False,,,,,,,,True,False,0.0,,,0.0,0.9908020961105911,,,theorem_covered,True,65254bae1963e6754d5f71d411da54e31423c78072ef3e1edb7d04948ba8934a,success,success,success,success
inference_diagnostic,aa152561964a7ec3,dgp1_N100_T100_r2026080902_truth1-1-1,1,100,100,2026080902,selected_rank,A_G2_time_average,target_unsupported_selected_rank,0.0,False,0,,False,,,,,,,,True,False,0.0,,,0.0,0.9904873296467047,,,theorem_covered,True,65254bae1963e6754d5f71d411da54e31423c78072ef3e1edb7d04948ba8934a,success,success,success,success
inference_diagnostic,aa152561964a7ec3,dgp1_N100_T100_r2026080902_truth1-1-1,1,100,100,2026080902,selected_rank,A_G2_minus_G1_time_average,target_unsupported_selected_rank,0.0,False,0,,False,,,,,,,,True,False,0.0,,,0.0,0.9814059049262928,,,theorem_covered,True,65254bae1963e6754d5f71d411da54e31423c78072ef3e1edb7d04948ba8934a,success,success,success,success
inference_diagnostic,aa152561964a7ec3,dgp1_N100_T100_r2026080902_truth1-1-1,1,100,100,2026080902,selected_rank,B_G1_fixed_time,target_unsupported_selected_rank,0.0,False,0,,False,,,,,,,,True,False,0.0,,,0.0,0.7048756907376394,,,theorem_covered,True,65254bae1963e6754d5f71d411da54e31423c78072ef3e1edb7d04948ba8934a,,,,
inference_diagnostic,aa152561964a7ec3,dgp1_N100_T100_r2026080902_truth1-1-1,1,100,100,2026080902,selected_rank,B_G2_fixed_time,target_unsupported_selected_rank,0.0,False,0,,False,,,,,,,,True,False,0.0,,,0.0,0.6194511336174687,,,theorem_covered,True,65254bae1963e6754d5f71d411da54e31423c78072ef3e1edb7d04948ba8934a,,,,
inference_diagnostic,aa152561964a7ec3,dgp1_N100_T100_r2026080902_truth1-1-1,1,100,100,2026080902,selected_rank,B_G2_minus_G1_fixed_time,target_unsupported_selected_rank,0.0,False,0,,False,,,,,,,,True,False,0.0,,,0.0,0.140675312249763,,,weak_target_stress_outside_assumption9,False,65254bae1963e6754d5f71d411da54e31423c78072ef3e1edb7d04948ba8934a,,,,
inference_diagnostic,aa152561964a7ec3,dgp1_N100_T100_r2026080902_truth1-1-1,1,100,100,2026080902,selected_rank,B_G1_time_average,target_unsupported_selected_rank,0.0,False,0,,False,,,,,,,,True,False,0.0,,,0.0,0.9863141521873241,,,theorem_covered,True,65254bae1963e6754d5f71d411da54e31423c78072ef3e1edb7d04948ba8934a,success,success,success,success
inference_diagnostic,aa152561964a7ec3,dgp1_N100_T100_r2026080902_truth1-1-1,1,100,100,2026080902,selected_rank,B_G2_time_average,target_unsupported_selected_rank,0.0,False,0,,False,,,,,,,,True,False,0.0,,,0.0,0.9832107477472302,,,theorem_covered,True,65254bae1963e6754d5f71d411da54e31423c78072ef3e1edb7d04948ba8934a,success,success,success,success
inference_diagnostic,aa152561964a7ec3,dgp1_N100_T100_r2026080902_truth1-1-1,1,100,100,2026080902,selected_rank,B_G2_minus_G1_time_average,target_unsupported_selected_rank,0.0,False,0,,False,,,,,,,,True,False,0.0,,,0.0,0.9731602219186235,,,theorem_covered,True,65254bae1963e6754d5f71d411da54e31423c78072ef3e1edb7d04948ba8934a,success,success,success,success
inference_diagnostic,aa152561964a7ec3,dgp1_N100_T100_r2026080903_truth1-1-1,1,100,100,2026080903,selected_rank,A_entry,target_unsupported_selected_rank,0.0,False,0,,False,,,,,,,,True,False,0.0,,,0.0,0.1673094836793261,1.1310156271243166,1.6873144964131175,theorem_covered,True,a0da67ca313a3846bbc203daddc1c66f2abd37f3c6c3018179e0eb9ff240e26e,,,,
inference_diagnostic,aa152561964a7ec3,dgp1_N100_T100_r2026080903_truth1-1-1,1,100,100,2026080903,selected_rank,B_entry,target_unsupported_selected_rank,0.0,False,0,,False,,,,,,,,True,False,0.0,,,0.0,0.16578800528541957,1.3596354487549254,1.4080755147405561,theorem_covered,True,a0da67ca313a3846bbc203daddc1c66f2abd37f3c6c3018179e0eb9ff240e26e,,,,
inference_diagnostic,aa152561964a7ec3,dgp1_N100_T100_r2026080903_truth1-1-1,1,100,100,2026080903,selected_rank,A_fixed_time_mean,target_unsupported_selected_rank,0.0,False,0,,False,,,,,,,,True,False,0.0,,,0.0,0.9950604631180681,,,theorem_covered,True,a0da67ca313a3846bbc203daddc1c66f2abd37f3c6c3018179e0eb9ff240e26e,,,,
inference_diagnostic,aa152561964a7ec3,dgp1_N100_T100_r2026080903_truth1-1-1,1,100,100,2026080903,selected_rank,B_fixed_time_mean,target_unsupported_selected_rank,0.0,False,0,,False,,,,,,,,True,False,0.0,,,0.0,0.9309281196992163,,,theorem_covered,True,a0da67ca313a3846bbc203daddc1c66f2abd37f3c6c3018179e0eb9ff240e26e,,,,
inference_diagnostic,aa152561964a7ec3,dgp1_N100_T100_r2026080903_truth1-1-1,1,100,100,2026080903,selected_rank,A_full_mean,target_unsupported_selected_rank,0.0,False,0,,False,,,,,,,,True,False,0.0,,,0.0,0.999802805404206,,,theorem_covered,True,a0da67ca313a3846bbc203daddc1c66f2abd37f3c6c3018179e0eb9ff240e26e,success,success,success,success
inference_diagnostic,aa152561964a7ec3,dgp1_N100_T100_r2026080903_truth1-1-1,1,100,100,2026080903,selected_rank,B_full_mean,target_unsupported_selected_rank,0.0,False,0,,False,,,,,,,,True,False,0.0,,,0.0,0.9967076551175248,,,theorem_covered,True,a0da67ca313a3846bbc203daddc1c66f2abd37f3c6c3018179e0eb9ff240e26e,success,success,success,success
inference_diagnostic,aa152561964a7ec3,dgp1_N100_T100_r2026080903_truth1-1-1,1,100,100,2026080903,selected_rank,A_G1_fixed_time,target_unsupported_selected_rank,0.0,False,0,,False,,,,,,,,True,False,0.0,,,0.0,0.7230824471717616,,,theorem_covered,True,a0da67ca313a3846bbc203daddc1c66f2abd37f3c6c3018179e0eb9ff240e26e,,,,
inference_diagnostic,aa152561964a7ec3,dgp1_N100_T100_r2026080903_truth1-1-1,1,100,100,2026080903,selected_rank,A_G2_fixed_time,target_unsupported_selected_rank,0.0,False,0,,False,,,,,,,,True,False,0.0,,,0.0,0.6960941467153817,,,theorem_covered,True,a0da67ca313a3846bbc203daddc1c66f2abd37f3c6c3018179e0eb9ff240e26e,,,,
inference_diagnostic,aa152561964a7ec3,dgp1_N100_T100_r2026080903_truth1-1-1,1,100,100,2026080903,selected_rank,A_G2_minus_G1_fixed_time,target_unsupported_selected_rank,0.0,False,0,,False,,,,,,,,True,False,0.0,,,0.0,0.1313391078033328,,,weak_target_stress_outside_assumption9,False,a0da67ca313a3846bbc203daddc1c66f2abd37f3c6c3018179e0eb9ff240e26e,,,,
inference_diagnostic,aa152561964a7ec3,dgp1_N100_T100_r2026080903_truth1-1-1,1,100,100,2026080903,selected_rank,A_G1_time_average,target_unsupported_selected_rank,0.0,False,0,,False,,,,,,,,True,False,0.0,,,0.0,0.9904069978711355,,,theorem_covered,True,a0da67ca313a3846bbc203daddc1c66f2abd37f3c6c3018179e0eb9ff240e26e,success,success,success,success
inference_diagnostic,aa152561964a7ec3,dgp1_N100_T100_r2026080903_truth1-1-1,1,100,100,2026080903,selected_rank,A_G2_time_average,target_unsupported_selected_rank,0.0,False,0,,False,,,,,,,,True,False,0.0,,,0.0,0.9896329320078731,,,theorem_covered,True,a0da67ca313a3846bbc203daddc1c66f2abd37f3c6c3018179e0eb9ff240e26e,success,success,success,success
inference_diagnostic,aa152561964a7ec3,dgp1_N100_T100_r2026080903_truth1-1-1,1,100,100,2026080903,selected_rank,A_G2_minus_G1_time_average,target_unsupported_selected_rank,0.0,False,0,,False,,,,,,,,True,False,0.0,,,0.0,0.980139638955846,,,theorem_covered,True,a0da67ca313a3846bbc203daddc1c66f2abd37f3c6c3018179e0eb9ff240e26e,success,success,success,success
inference_diagnostic,aa152561964a7ec3,dgp1_N100_T100_r2026080903_truth1-1-1,1,100,100,2026080903,selected_rank,B_G1_fixed_time,target_unsupported_selected_rank,0.0,False,0,,False,,,,,,,,True,False,0.0,,,0.0,0.6819815605492513,,,theorem_covered,True,a0da67ca313a3846bbc203daddc1c66f2abd37f3c6c3018179e0eb9ff240e26e,,,,
inference_diagnostic,aa152561964a7ec3,dgp1_N100_T100_r2026080903_truth1-1-1,1,100,100,2026080903,selected_rank,B_G2_fixed_time,target_unsupported_selected_rank,0.0,False,0,,False,,,,,,,,True,False,0.0,,,0.0,0.645218694550741,,,theorem_covered,True,a0da67ca313a3846bbc203daddc1c66f2abd37f3c6c3018179e0eb9ff240e26e,,,,
inference_diagnostic,aa152561964a7ec3,dgp1_N100_T100_r2026080903_truth1-1-1,1,100,100,2026080903,selected_rank,B_G2_minus_G1_fixed_time,target_unsupported_selected_rank,0.0,False,0,,False,,,,,,,,True,False,0.0,,,0.0,0.12156828813566825,,,weak_target_stress_outside_assumption9,False,a0da67ca313a3846bbc203daddc1c66f2abd37f3c6c3018179e0eb9ff240e26e,,,,
inference_diagnostic,aa152561964a7ec3,dgp1_N100_T100_r2026080903_truth1-1-1,1,100,100,2026080903,selected_rank,B_G1_time_average,target_unsupported_selected_rank,0.0,False,0,,False,,,,,,,,True,False,0.0,,,0.0,0.9867295022971222,,,theorem_covered,True,a0da67ca313a3846bbc203daddc1c66f2abd37f3c6c3018179e0eb9ff240e26e,success,success,success,success
inference_diagnostic,aa152561964a7ec3,dgp1_N100_T100_r2026080903_truth1-1-1,1,100,100,2026080903,selected_rank,B_G2_time_average,target_unsupported_selected_rank,0.0,False,0,,False,,,,,,,,True,False,0.0,,,0.0,0.9855101237305609,,,theorem_covered,True,a0da67ca313a3846bbc203daddc1c66f2abd37f3c6c3018179e0eb9ff240e26e,success,success,success,success
inference_diagnostic,aa152561964a7ec3,dgp1_N100_T100_r2026080903_truth1-1-1,1,100,100,2026080903,selected_rank,B_G2_minus_G1_time_average,target_unsupported_selected_rank,0.0,False,0,,False,,,,,,,,True,False,0.0,,,0.0,0.9754174311078723,,,theorem_covered,True,a0da67ca313a3846bbc203daddc1c66f2abd37f3c6c3018179e0eb9ff240e26e,success,success,success,success
inference_diagnostic,aa152561964a7ec3,dgp1_N50_T50_r2026080901_truth1-1-1,1,50,50,2026080901,selected_rank,A_entry,target_unsupported_selected_rank,0.0,False,0,,False,,,,,,,,True,False,0.0,,,0.0,0.21596963583210968,0.8110191077370404,1.546205110111281,theorem_covered,True,6e94958e6e076a7758783143f9c8d74bd9c57354d27442ceb5ce5b5fa280c4d2,,,,
inference_diagnostic,aa152561964a7ec3,dgp1_N50_T50_r2026080901_truth1-1-1,1,50,50,2026080901,selected_rank,B_entry,target_unsupported_selected_rank,0.0,False,0,,False,,,,,,,,True,False,0.0,,,0.0,0.23147808406529113,1.1610899639094403,1.5541043044323575,theorem_covered,True,6e94958e6e076a7758783143f9c8d74bd9c57354d27442ceb5ce5b5fa280c4d2,,,,
inference_diagnostic,aa152561964a7ec3,dgp1_N50_T50_r2026080901_truth1-1-1,1,50,50,2026080901,selected_rank,A_fixed_time_mean,target_unsupported_selected_rank,0.0,False,0,,False,,,,,,,,True,False,0.0,,,0.0,0.994193289464755,,,theorem_covered,True,6e94958e6e076a7758783143f9c8d74bd9c57354d27442ceb5ce5b5fa280c4d2,,,,
inference_diagnostic,aa152561964a7ec3,dgp1_N50_T50_r2026080901_truth1-1-1,1,50,50,2026080901,selected_rank,B_fixed_time_mean,target_unsupported_selected_rank,0.0,False,0,,False,,,,,,,,True,False,0.0,,,0.0,0.9445269249861619,,,theorem_covered,True,6e94958e6e076a7758783143f9c8d74bd9c57354d27442ceb5ce5b5fa280c4d2,,,,
inference_diagnostic,aa152561964a7ec3,dgp1_N50_T50_r2026080901_truth1-1-1,1,50,50,2026080901,selected_rank,A_full_mean,target_unsupported_selected_rank,0.0,False,0,,False,,,,,,,,True,False,0.0,,,0.0,0.9997571181595291,,,theorem_covered,True,6e94958e6e076a7758783143f9c8d74bd9c57354d27442ceb5ce5b5fa280c4d2,success,success,success,success
inference_diagnostic,aa152561964a7ec3,dgp1_N50_T50_r2026080901_truth1-1-1,1,50,50,2026080901,selected_rank,B_full_mean,target_unsupported_selected_rank,0.0,False,0,,False,,,,,,,,True,False,0.0,,,0.0,0.9966052193124384,,,theorem_covered,True,6e94958e6e076a7758783143f9c8d74bd9c57354d27442ceb5ce5b5fa280c4d2,success,success,success,success
inference_diagnostic,aa152561964a7ec3,dgp1_N50_T50_r2026080901_truth1-1-1,1,50,50,2026080901,selected_rank,A_G1_fixed_time,target_unsupported_selected_rank,0.0,False,0,,False,,,,,,,,True,False,0.0,,,0.0,0.7155892535278098,,,theorem_covered,True,6e94958e6e076a7758783143f9c8d74bd9c57354d27442ceb5ce5b5fa280c4d2,,,,
inference_diagnostic,aa152561964a7ec3,dgp1_N50_T50_r2026080901_truth1-1-1,1,50,50,2026080901,selected_rank,A_G2_fixed_time,target_unsupported_selected_rank,0.0,False,0,,False,,,,,,,,True,False,0.0,,,0.0,0.7122376000019127,,,theorem_covered,True,6e94958e6e076a7758783143f9c8d74bd9c57354d27442ceb5ce5b5fa280c4d2,,,,
inference_diagnostic,aa152561964a7ec3,dgp1_N50_T50_r2026080901_truth1-1-1,1,50,50,2026080901,selected_rank,A_G2_minus_G1_fixed_time,target_unsupported_selected_rank,0.0,False,0,,False,,,,,,,,True,False,0.0,,,0.0,0.1758695022004154,,,weak_target_stress_outside_assumption9,False,6e94958e6e076a7758783143f9c8d74bd9c57354d27442ceb5ce5b5fa280c4d2,,,,
inference_diagnostic,aa152561964a7ec3,dgp1_N50_T50_r2026080901_truth1-1-1,1,50,50,2026080901,selected_rank,A_G1_time_average,target_unsupported_selected_rank,0.0,False,0,,False,,,,,,,,True,False,0.0,,,0.0,0.9897140711209403,,,theorem_covered,True,6e94958e6e076a7758783143f9c8d74bd9c57354d27442ceb5ce5b5fa280c4d2,success,success,success,success
inference_diagnostic,aa152561964a7ec3,dgp1_N50_T50_r2026080901_truth1-1-1,1,50,50,2026080901,selected_rank,A_G2_time_average,target_unsupported_selected_rank,0.0,False,0,,False,,,,,,,,True,False,0.0,,,0.0,0.9896126584916863,,,theorem_covered,True,6e94958e6e076a7758783143f9c8d74bd9c57354d27442ceb5ce5b5fa280c4d2,success,success,success,success
inference_diagnostic,aa152561964a7ec3,dgp1_N50_T50_r2026080901_truth1-1-1,1,50,50,2026080901,selected_rank,A_G2_minus_G1_time_average,target_unsupported_selected_rank,0.0,False,0,,False,,,,,,,,True,False,0.0,,,0.0,0.9794655997589343,,,theorem_covered,True,6e94958e6e076a7758783143f9c8d74bd9c57354d27442ceb5ce5b5fa280c4d2,success,success,success,success
inference_diagnostic,aa152561964a7ec3,dgp1_N50_T50_r2026080901_truth1-1-1,1,50,50,2026080901,selected_rank,B_G1_fixed_time,target_unsupported_selected_rank,0.0,False,0,,False,,,,,,,,True,False,0.0,,,0.0,0.6781047766072715,,,theorem_covered,True,6e94958e6e076a7758783143f9c8d74bd9c57354d27442ceb5ce5b5fa280c4d2,,,,
inference_diagnostic,aa152561964a7ec3,dgp1_N50_T50_r2026080901_truth1-1-1,1,50,50,2026080901,selected_rank,B_G2_fixed_time,target_unsupported_selected_rank,0.0,False,0,,False,,,,,,,,True,False,0.0,,,0.0,0.6807281391999133,,,theorem_covered,True,6e94958e6e076a7758783143f9c8d74bd9c57354d27442ceb5ce5b5fa280c4d2,,,,
inference_diagnostic,aa152561964a7ec3,dgp1_N50_T50_r2026080901_truth1-1-1,1,50,50,2026080901,selected_rank,B_G2_minus_G1_fixed_time,target_unsupported_selected_rank,0.0,False,0,,False,,,,,,,,True,False,0.0,,,0.0,0.1763115864949296,,,weak_target_stress_outside_assumption9,False,6e94958e6e076a7758783143f9c8d74bd9c57354d27442ceb5ce5b5fa280c4d2,,,,
inference_diagnostic,aa152561964a7ec3,dgp1_N50_T50_r2026080901_truth1-1-1,1,50,50,2026080901,selected_rank,B_G1_time_average,target_unsupported_selected_rank,0.0,False,0,,False,,,,,,,,True,False,0.0,,,0.0,0.9828823404632056,,,theorem_covered,True,6e94958e6e076a7758783143f9c8d74bd9c57354d27442ceb5ce5b5fa280c4d2,success,success,success,success
inference_diagnostic,aa152561964a7ec3,dgp1_N50_T50_r2026080901_truth1-1-1,1,50,50,2026080901,selected_rank,B_G2_time_average,target_unsupported_selected_rank,0.0,False,0,,False,,,,,,,,True,False,0.0,,,0.0,0.9829962802503164,,,theorem_covered,True,6e94958e6e076a7758783143f9c8d74bd9c57354d27442ceb5ce5b5fa280c4d2,success,success,success,success
inference_diagnostic,aa152561964a7ec3,dgp1_N50_T50_r2026080901_truth1-1-1,1,50,50,2026080901,selected_rank,B_G2_minus_G1_time_average,target_unsupported_selected_rank,0.0,False,0,,False,,,,,,,,True,False,0.0,,,0.0,0.9690807082073201,,,theorem_covered,True,6e94958e6e076a7758783143f9c8d74bd9c57354d27442ceb5ce5b5fa280c4d2,success,success,success,success
inference_diagnostic,aa152561964a7ec3,dgp1_N50_T50_r2026080902_truth1-1-1,1,50,50,2026080902,selected_rank,A_entry,target_unsupported_selected_rank,0.0,False,0,,False,,,,,,,,True,False,0.0,,,0.0,0.20830946758430618,0.8352510952119323,1.3570603417858293,theorem_covered,True,b5dc5ca235215eca475f62b571131784a0d83a1408376c0579ec9add2343c256,,,,
inference_diagnostic,aa152561964a7ec3,dgp1_N50_T50_r2026080902_truth1-1-1,1,50,50,2026080902,selected_rank,B_entry,target_unsupported_selected_rank,0.0,False,0,,False,,,,,,,,True,False,0.0,,,0.0,0.17480995295450072,0.9350887003768124,0.6041356913912105,theorem_covered,True,b5dc5ca235215eca475f62b571131784a0d83a1408376c0579ec9add2343c256,,,,
inference_diagnostic,aa152561964a7ec3,dgp1_N50_T50_r2026080902_truth1-1-1,1,50,50,2026080902,selected_rank,A_fixed_time_mean,target_unsupported_selected_rank,0.0,False,0,,False,,,,,,,,True,False,0.0,,,0.0,0.9947133301057238,,,theorem_covered,True,b5dc5ca235215eca475f62b571131784a0d83a1408376c0579ec9add2343c256,,,,
inference_diagnostic,aa152561964a7ec3,dgp1_N50_T50_r2026080902_truth1-1-1,1,50,50,2026080902,selected_rank,B_fixed_time_mean,target_unsupported_selected_rank,0.0,False,0,,False,,,,,,,,True,False,0.0,,,0.0,0.9313610365475181,,,theorem_covered,True,b5dc5ca235215eca475f62b571131784a0d83a1408376c0579ec9add2343c256,,,,
inference_diagnostic,aa152561964a7ec3,dgp1_N50_T50_r2026080902_truth1-1-1,1,50,50,2026080902,selected_rank,A_full_mean,target_unsupported_selected_rank,0.0,False,0,,False,,,,,,,,True,False,0.0,,,0.0,0.9998382003980353,,,theorem_covered,True,b5dc5ca235215eca475f62b571131784a0d83a1408376c0579ec9add2343c256,success,success,success,success
inference_diagnostic,aa152561964a7ec3,dgp1_N50_T50_r2026080902_truth1-1-1,1,50,50,2026080902,selected_rank,B_full_mean,target_unsupported_selected_rank,0.0,False,0,,False,,,,,,,,True,False,0.0,,,0.0,0.9970906289735568,,,theorem_covered,True,b5dc5ca235215eca475f62b571131784a0d83a1408376c0579ec9add2343c256,success,success,success,success
inference_diagnostic,aa152561964a7ec3,dgp1_N50_T50_r2026080902_truth1-1-1,1,50,50,2026080902,selected_rank,A_G1_fixed_time,target_unsupported_selected_rank,0.0,False,0,,False,,,,,,,,True,False,0.0,,,0.0,0.7160419328947284,,,theorem_covered,True,b5dc5ca235215eca475f62b571131784a0d83a1408376c0579ec9add2343c256,,,,
inference_diagnostic,aa152561964a7ec3,dgp1_N50_T50_r2026080902_truth1-1-1,1,50,50,2026080902,selected_rank,A_G2_fixed_time,target_unsupported_selected_rank,0.0,False,0,,False,,,,,,,,True,False,0.0,,,0.0,0.7098591114376904,,,theorem_covered,True,b5dc5ca235215eca475f62b571131784a0d83a1408376c0579ec9add2343c256,,,,
inference_diagnostic,aa152561964a7ec3,dgp1_N50_T50_r2026080902_truth1-1-1,1,50,50,2026080902,selected_rank,A_G2_minus_G1_fixed_time,target_unsupported_selected_rank,0.0,False,0,,False,,,,,,,,True,False,0.0,,,0.0,0.16480715598755782,,,weak_target_stress_outside_assumption9,False,b5dc5ca235215eca475f62b571131784a0d83a1408376c0579ec9add2343c256,,,,
inference_diagnostic,aa152561964a7ec3,dgp1_N50_T50_r2026080902_truth1-1-1,1,50,50,2026080902,selected_rank,A_G1_time_average,target_unsupported_selected_rank,0.0,False,0,,False,,,,,,,,True,False,0.0,,,0.0,0.9924959748663207,,,theorem_covered,True,b5dc5ca235215eca475f62b571131784a0d83a1408376c0579ec9add2343c256,success,success,success,success
inference_diagnostic,aa152561964a7ec3,dgp1_N50_T50_r2026080902_truth1-1-1,1,50,50,2026080902,selected_rank,A_G2_time_average,target_unsupported_selected_rank,0.0,False,0,,False,,,,,,,,True,False,0.0,,,0.0,0.9923596871270742,,,theorem_covered,True,b5dc5ca235215eca475f62b571131784a0d83a1408376c0579ec9add2343c256,success,success,success,success
inference_diagnostic,aa152561964a7ec3,dgp1_N50_T50_r2026080902_truth1-1-1,1,50,50,2026080902,selected_rank,A_G2_minus_G1_time_average,target_unsupported_selected_rank,0.0,False,0,,False,,,,,,,,True,False,0.0,,,0.0,0.9849617158984498,,,theorem_covered,True,b5dc5ca235215eca475f62b571131784a0d83a1408376c0579ec9add2343c256,success,success,success,success
inference_diagnostic,aa152561964a7ec3,dgp1_N50_T50_r2026080902_truth1-1-1,1,50,50,2026080902,selected_rank,B_G1_fixed_time,target_unsupported_selected_rank,0.0,False,0,,False,,,,,,,,True,False,0.0,,,0.0,0.6377133975407058,,,theorem_covered,True,b5dc5ca235215eca475f62b571131784a0d83a1408376c0579ec9add2343c256,,,,
inference_diagnostic,aa152561964a7ec3,dgp1_N50_T50_r2026080902_truth1-1-1,1,50,50,2026080902,selected_rank,B_G2_fixed_time,target_unsupported_selected_rank,0.0,False,0,,False,,,,,,,,True,False,0.0,,,0.0,0.6885993312867125,,,theorem_covered,True,b5dc5ca235215eca475f62b571131784a0d83a1408376c0579ec9add2343c256,,,,
inference_diagnostic,aa152561964a7ec3,dgp1_N50_T50_r2026080902_truth1-1-1,1,50,50,2026080902,selected_rank,B_G2_minus_G1_fixed_time,target_unsupported_selected_rank,0.0,False,0,,False,,,,,,,,True,False,0.0,,,0.0,0.1158189796732388,,,weak_target_stress_outside_assumption9,False,b5dc5ca235215eca475f62b571131784a0d83a1408376c0579ec9add2343c256,,,,
inference_diagnostic,aa152561964a7ec3,dgp1_N50_T50_r2026080902_truth1-1-1,1,50,50,2026080902,selected_rank,B_G1_time_average,target_unsupported_selected_rank,0.0,False,0,,False,,,,,,,,True,False,0.0,,,0.0,0.9869119709389331,,,theorem_covered,True,b5dc5ca235215eca475f62b571131784a0d83a1408376c0579ec9add2343c256,success,success,success,success
inference_diagnostic,aa152561964a7ec3,dgp1_N50_T50_r2026080902_truth1-1-1,1,50,50,2026080902,selected_rank,B_G2_time_average,target_unsupported_selected_rank,0.0,False,0,,False,,,,,,,,True,False,0.0,,,0.0,0.9884094770650309,,,theorem_covered,True,b5dc5ca235215eca475f62b571131784a0d83a1408376c0579ec9add2343c256,success,success,success,success
inference_diagnostic,aa152561964a7ec3,dgp1_N50_T50_r2026080902_truth1-1-1,1,50,50,2026080902,selected_rank,B_G2_minus_G1_time_average,target_unsupported_selected_rank,0.0,False,0,,False,,,,,,,,True,False,0.0,,,0.0,0.9781404859976208,,,theorem_covered,True,b5dc5ca235215eca475f62b571131784a0d83a1408376c0579ec9add2343c256,success,success,success,success
inference_diagnostic,aa152561964a7ec3,dgp1_N50_T50_r2026080903_truth1-1-1,1,50,50,2026080903,selected_rank,A_entry,target_unsupported_selected_rank,0.0,False,0,,False,,,,,,,,True,False,0.0,,,0.0,0.2307316799909536,1.3096263780098891,1.3885999726153193,theorem_covered,True,50abda1c80049d538df3a015d1baa6648833f4cc383f0ab443c68eb5f4fcc822,,,,
inference_diagnostic,aa152561964a7ec3,dgp1_N50_T50_r2026080903_truth1-1-1,1,50,50,2026080903,selected_rank,B_entry,target_unsupported_selected_rank,0.0,False,0,,False,,,,,,,,True,False,0.0,,,0.0,0.23755798069315454,1.9175849610906375,0.9401615411041657,theorem_covered,True,50abda1c80049d538df3a015d1baa6648833f4cc383f0ab443c68eb5f4fcc822,,,,
inference_diagnostic,aa152561964a7ec3,dgp1_N50_T50_r2026080903_truth1-1-1,1,50,50,2026080903,selected_rank,A_fixed_time_mean,target_unsupported_selected_rank,0.0,False,0,,False,,,,,,,,True,False,0.0,,,0.0,0.9954428871890709,,,theorem_covered,True,50abda1c80049d538df3a015d1baa6648833f4cc383f0ab443c68eb5f4fcc822,,,,
inference_diagnostic,aa152561964a7ec3,dgp1_N50_T50_r2026080903_truth1-1-1,1,50,50,2026080903,selected_rank,B_fixed_time_mean,target_unsupported_selected_rank,0.0,False,0,,False,,,,,,,,True,False,0.0,,,0.0,0.9329978565067619,,,theorem_covered,True,50abda1c80049d538df3a015d1baa6648833f4cc383f0ab443c68eb5f4fcc822,,,,
inference_diagnostic,aa152561964a7ec3,dgp1_N50_T50_r2026080903_truth1-1-1,1,50,50,2026080903,selected_rank,A_full_mean,target_unsupported_selected_rank,0.0,False,0,,False,,,,,,,,True,False,0.0,,,0.0,0.9997984675561105,,,theorem_covered,True,50abda1c80049d538df3a015d1baa6648833f4cc383f0ab443c68eb5f4fcc822,success,success,success,success
inference_diagnostic,aa152561964a7ec3,dgp1_N50_T50_r2026080903_truth1-1-1,1,50,50,2026080903,selected_rank,B_full_mean,target_unsupported_selected_rank,0.0,False,0,,False,,,,,,,,True,False,0.0,,,0.0,0.9953846173168215,,,theorem_covered,True,50abda1c80049d538df3a015d1baa6648833f4cc383f0ab443c68eb5f4fcc822,success,success,success,success
inference_diagnostic,aa152561964a7ec3,dgp1_N50_T50_r2026080903_truth1-1-1,1,50,50,2026080903,selected_rank,A_G1_fixed_time,target_unsupported_selected_rank,0.0,False,0,,False,,,,,,,,True,False,0.0,,,0.0,0.7228759633849006,,,theorem_covered,True,50abda1c80049d538df3a015d1baa6648833f4cc383f0ab443c68eb5f4fcc822,,,,
inference_diagnostic,aa152561964a7ec3,dgp1_N50_T50_r2026080903_truth1-1-1,1,50,50,2026080903,selected_rank,A_G2_fixed_time,target_unsupported_selected_rank,0.0,False,0,,False,,,,,,,,True,False,0.0,,,0.0,0.7044910456238856,,,theorem_covered,True,50abda1c80049d538df3a015d1baa6648833f4cc383f0ab443c68eb5f4fcc822,,,,
inference_diagnostic,aa152561964a7ec3,dgp1_N50_T50_r2026080903_truth1-1-1,1,50,50,2026080903,selected_rank,A_G2_minus_G1_fixed_time,target_unsupported_selected_rank,0.0,False,0,,False,,,,,,,,True,False,0.0,,,0.0,0.16718477845955448,,,weak_target_stress_outside_assumption9,False,50abda1c80049d538df3a015d1baa6648833f4cc383f0ab443c68eb5f4fcc822,,,,
inference_diagnostic,aa152561964a7ec3,dgp1_N50_T50_r2026080903_truth1-1-1,1,50,50,2026080903,selected_rank,A_G1_time_average,target_unsupported_selected_rank,0.0,False,0,,False,,,,,,,,True,False,0.0,,,0.0,0.989363070578201,,,theorem_covered,True,50abda1c80049d538df3a015d1baa6648833f4cc383f0ab443c68eb5f4fcc822,success,success,success,success
inference_diagnostic,aa152561964a7ec3,dgp1_N50_T50_r2026080903_truth1-1-1,1,50,50,2026080903,selected_rank,A_G2_time_average,target_unsupported_selected_rank,0.0,False,0,,False,,,,,,,,True,False,0.0,,,0.0,0.9887751172677123,,,theorem_covered,True,50abda1c80049d538df3a015d1baa6648833f4cc383f0ab443c68eb5f4fcc822,success,success,success,success
inference_diagnostic,aa152561964a7ec3,dgp1_N50_T50_r2026080903_truth1-1-1,1,50,50,2026080903,selected_rank,A_G2_minus_G1_time_average,target_unsupported_selected_rank,0.0,False,0,,False,,,,,,,,True,False,0.0,,,0.0,0.9782221333747082,,,theorem_covered,True,50abda1c80049d538df3a015d1baa6648833f4cc383f0ab443c68eb5f4fcc822,success,success,success,success
inference_diagnostic,aa152561964a7ec3,dgp1_N50_T50_r2026080903_truth1-1-1,1,50,50,2026080903,selected_rank,B_G1_fixed_time,target_unsupported_selected_rank,0.0,False,0,,False,,,,,,,,True,False,0.0,,,0.0,0.6600887381151112,,,theorem_covered,True,50abda1c80049d538df3a015d1baa6648833f4cc383f0ab443c68eb5f4fcc822,,,,
inference_diagnostic,aa152561964a7ec3,dgp1_N50_T50_r2026080903_truth1-1-1,1,50,50,2026080903,selected_rank,B_G2_fixed_time,target_unsupported_selected_rank,0.0,False,0,,False,,,,,,,,True,False,0.0,,,0.0,0.6735470670165778,,,theorem_covered,True,50abda1c80049d538df3a015d1baa6648833f4cc383f0ab443c68eb5f4fcc822,,,,
inference_diagnostic,aa152561964a7ec3,dgp1_N50_T50_r2026080903_truth1-1-1,1,50,50,2026080903,selected_rank,B_G2_minus_G1_fixed_time,target_unsupported_selected_rank,0.0,False,0,,False,,,,,,,,True,False,0.0,,,0.0,0.1374692453853659,,,weak_target_stress_outside_assumption9,False,50abda1c80049d538df3a015d1baa6648833f4cc383f0ab443c68eb5f4fcc822,,,,
inference_diagnostic,aa152561964a7ec3,dgp1_N50_T50_r2026080903_truth1-1-1,1,50,50,2026080903,selected_rank,B_G1_time_average,target_unsupported_selected_rank,0.0,False,0,,False,,,,,,,,True,False,0.0,,,0.0,0.979732291129271,,,theorem_covered,True,50abda1c80049d538df3a015d1baa6648833f4cc383f0ab443c68eb5f4fcc822,success,success,success,success
inference_diagnostic,aa152561964a7ec3,dgp1_N50_T50_r2026080903_truth1-1-1,1,50,50,2026080903,selected_rank,B_G2_time_average,target_unsupported_selected_rank,0.0,False,0,,False,,,,,,,,True,False,0.0,,,0.0,0.9803834109917404,,,theorem_covered,True,50abda1c80049d538df3a015d1baa6648833f4cc383f0ab443c68eb5f4fcc822,success,success,success,success
inference_diagnostic,aa152561964a7ec3,dgp1_N50_T50_r2026080903_truth1-1-1,1,50,50,2026080903,selected_rank,B_G2_minus_G1_time_average,target_unsupported_selected_rank,0.0,False,0,,False,,,,,,,,True,False,0.0,,,0.0,0.9644876662966004,,,theorem_covered,True,50abda1c80049d538df3a015d1baa6648833f4cc383f0ab443c68eb5f4fcc822,success,success,success,success
inference_diagnostic,aa152561964a7ec3,dgp2_N100_T100_r2026080901_truth1-1-1,2,100,100,2026080901,selected_rank,A_entry,target_unsupported_selected_rank,0.0,False,0,,False,,,,,,,,True,False,0.0,,,0.0,0.13565138699741225,1.002799542738515,0.8458121369352678,theorem_covered,True,89b436ff088e3db170c71557a6747ec0b46816dddf63465885f49ccb83212b2c,,,,
inference_diagnostic,aa152561964a7ec3,dgp2_N100_T100_r2026080901_truth1-1-1,2,100,100,2026080901,selected_rank,B_entry,target_unsupported_selected_rank,0.0,False,0,,False,,,,,,,,True,False,0.0,,,0.0,0.1278712299012157,1.2305488987640008,0.4095965304761034,theorem_covered,True,89b436ff088e3db170c71557a6747ec0b46816dddf63465885f49ccb83212b2c,,,,
inference_diagnostic,aa152561964a7ec3,dgp2_N100_T100_r2026080901_truth1-1-1,2,100,100,2026080901,selected_rank,A_fixed_time_mean,target_unsupported_selected_rank,0.0,False,0,,False,,,,,,,,True,False,0.0,,,0.0,0.9957168472766285,,,theorem_covered,True,89b436ff088e3db170c71557a6747ec0b46816dddf63465885f49ccb83212b2c,,,,
inference_diagnostic,aa152561964a7ec3,dgp2_N100_T100_r2026080901_truth1-1-1,2,100,100,2026080901,selected_rank,B_fixed_time_mean,target_unsupported_selected_rank,0.0,False,0,,False,,,,,,,,True,False,0.0,,,0.0,0.9221795991564161,,,theorem_covered,True,89b436ff088e3db170c71557a6747ec0b46816dddf63465885f49ccb83212b2c,,,,
inference_diagnostic,aa152561964a7ec3,dgp2_N100_T100_r2026080901_truth1-1-1,2,100,100,2026080901,selected_rank,A_full_mean,target_unsupported_selected_rank,0.0,False,0,,False,,,,,,,,True,False,0.0,,,0.0,0.999825642692739,,,theorem_covered,True,89b436ff088e3db170c71557a6747ec0b46816dddf63465885f49ccb83212b2c,success,success,success,success
inference_diagnostic,aa152561964a7ec3,dgp2_N100_T100_r2026080901_truth1-1-1,2,100,100,2026080901,selected_rank,B_full_mean,target_unsupported_selected_rank,0.0,False,0,,False,,,,,,,,True,False,0.0,,,0.0,0.9955618910378499,,,theorem_covered,True,89b436ff088e3db170c71557a6747ec0b46816dddf63465885f49ccb83212b2c,success,success,success,success
inference_diagnostic,aa152561964a7ec3,dgp2_N100_T100_r2026080901_truth1-1-1,2,100,100,2026080901,selected_rank,A_G1_fixed_time,target_unsupported_selected_rank,0.0,False,0,,False,,,,,,,,True,False,0.0,,,0.0,0.6987528872385137,,,theorem_covered,True,89b436ff088e3db170c71557a6747ec0b46816dddf63465885f49ccb83212b2c,,,,
inference_diagnostic,aa152561964a7ec3,dgp2_N100_T100_r2026080901_truth1-1-1,2,100,100,2026080901,selected_rank,A_G2_fixed_time,target_unsupported_selected_rank,0.0,False,0,,False,,,,,,,,True,False,0.0,,,0.0,0.7153988343541652,,,theorem_covered,True,89b436ff088e3db170c71557a6747ec0b46816dddf63465885f49ccb83212b2c,,,,
inference_diagnostic,aa152561964a7ec3,dgp2_N100_T100_r2026080901_truth1-1-1,2,100,100,2026080901,selected_rank,A_G2_minus_G1_fixed_time,target_unsupported_selected_rank,0.0,False,0,,False,,,,,,,,True,False,0.0,,,0.0,0.09273106097176348,,,weak_target_stress_outside_assumption9,False,89b436ff088e3db170c71557a6747ec0b46816dddf63465885f49ccb83212b2c,,,,
inference_diagnostic,aa152561964a7ec3,dgp2_N100_T100_r2026080901_truth1-1-1,2,100,100,2026080901,selected_rank,A_G1_time_average,target_unsupported_selected_rank,0.0,False,0,,False,,,,,,,,True,False,0.0,,,0.0,0.9895075402005564,,,theorem_covered,True,89b436ff088e3db170c71557a6747ec0b46816dddf63465885f49ccb83212b2c,success,success,success,success
inference_diagnostic,aa152561964a7ec3,dgp2_N100_T100_r2026080901_truth1-1-1,2,100,100,2026080901,selected_rank,A_G2_time_average,target_unsupported_selected_rank,0.0,False,0,,False,,,,,,,,True,False,0.0,,,0.0,0.9899926262409146,,,theorem_covered,True,89b436ff088e3db170c71557a6747ec0b46816dddf63465885f49ccb83212b2c,success,success,success,success
inference_diagnostic,aa152561964a7ec3,dgp2_N100_T100_r2026080901_truth1-1-1,2,100,100,2026080901,selected_rank,A_G2_minus_G1_time_average,target_unsupported_selected_rank,0.0,False,0,,False,,,,,,,,True,False,0.0,,,0.0,0.9795709552345829,,,theorem_covered,True,89b436ff088e3db170c71557a6747ec0b46816dddf63465885f49ccb83212b2c,success,success,success,success
inference_diagnostic,aa152561964a7ec3,dgp2_N100_T100_r2026080901_truth1-1-1,2,100,100,2026080901,selected_rank,B_G1_fixed_time,target_unsupported_selected_rank,0.0,False,0,,False,,,,,,,,True,False,0.0,,,0.0,0.6895652610822116,,,theorem_covered,True,89b436ff088e3db170c71557a6747ec0b46816dddf63465885f49ccb83212b2c,,,,
inference_diagnostic,aa152561964a7ec3,dgp2_N100_T100_r2026080901_truth1-1-1,2,100,100,2026080901,selected_rank,B_G2_fixed_time,target_unsupported_selected_rank,0.0,False,0,,False,,,,,,,,True,False,0.0,,,0.0,0.6177497090189091,,,theorem_covered,True,89b436ff088e3db170c71557a6747ec0b46816dddf63465885f49ccb83212b2c,,,,
inference_diagnostic,aa152561964a7ec3,dgp2_N100_T100_r2026080901_truth1-1-1,2,100,100,2026080901,selected_rank,B_G2_minus_G1_fixed_time,target_unsupported_selected_rank,0.0,False,0,,False,,,,,,,,True,False,0.0,,,0.0,0.08185193451615745,,,weak_target_stress_outside_assumption9,False,89b436ff088e3db170c71557a6747ec0b46816dddf63465885f49ccb83212b2c,,,,
inference_diagnostic,aa152561964a7ec3,dgp2_N100_T100_r2026080901_truth1-1-1,2,100,100,2026080901,selected_rank,B_G1_time_average,target_unsupported_selected_rank,0.0,False,0,,False,,,,,,,,True,False,0.0,,,0.0,0.9843504211857704,,,theorem_covered,True,89b436ff088e3db170c71557a6747ec0b46816dddf63465885f49ccb83212b2c,success,success,success,success
inference_diagnostic,aa152561964a7ec3,dgp2_N100_T100_r2026080901_truth1-1-1,2,100,100,2026080901,selected_rank,B_G2_time_average,target_unsupported_selected_rank,0.0,False,0,,False,,,,,,,,True,False,0.0,,,0.0,0.9815228147412749,,,theorem_covered,True,89b436ff088e3db170c71557a6747ec0b46816dddf63465885f49ccb83212b2c,success,success,success,success
inference_diagnostic,aa152561964a7ec3,dgp2_N100_T100_r2026080901_truth1-1-1,2,100,100,2026080901,selected_rank,B_G2_minus_G1_time_average,target_unsupported_selected_rank,0.0,False,0,,False,,,,,,,,True,False,0.0,,,0.0,0.9701491167131898,,,theorem_covered,True,89b436ff088e3db170c71557a6747ec0b46816dddf63465885f49ccb83212b2c,success,success,success,success
inference_diagnostic,aa152561964a7ec3,dgp2_N100_T100_r2026080902_truth1-1-1,2,100,100,2026080902,selected_rank,A_entry,target_unsupported_selected_rank,0.0,False,0,,False,,,,,,,,True,False,0.0,,,0.0,0.1474674520974684,1.2702546103499024,0.9160464547868877,theorem_covered,True,ca44543ebacdd9afb9acc517f205e8cb8058b6cb3882ce8df82962eab9b0f076,,,,
inference_diagnostic,aa152561964a7ec3,dgp2_N100_T100_r2026080902_truth1-1-1,2,100,100,2026080902,selected_rank,B_entry,target_unsupported_selected_rank,0.0,False,0,,False,,,,,,,,True,False,0.0,,,0.0,0.10804708002483296,0.12921331743091807,1.039547066008593,theorem_covered,True,ca44543ebacdd9afb9acc517f205e8cb8058b6cb3882ce8df82962eab9b0f076,,,,
inference_diagnostic,aa152561964a7ec3,dgp2_N100_T100_r2026080902_truth1-1-1,2,100,100,2026080902,selected_rank,A_fixed_time_mean,target_unsupported_selected_rank,0.0,False,0,,False,,,,,,,,True,False,0.0,,,0.0,0.9945907984451088,,,theorem_covered,True,ca44543ebacdd9afb9acc517f205e8cb8058b6cb3882ce8df82962eab9b0f076,,,,
inference_diagnostic,aa152561964a7ec3,dgp2_N100_T100_r2026080902_truth1-1-1,2,100,100,2026080902,selected_rank,B_fixed_time_mean,target_unsupported_selected_rank,0.0,False,0,,False,,,,,,,,True,False,0.0,,,0.0,0.9305578499295161,,,theorem_covered,True,ca44543ebacdd9afb9acc517f205e8cb8058b6cb3882ce8df82962eab9b0f076,,,,
inference_diagnostic,aa152561964a7ec3,dgp2_N100_T100_r2026080902_truth1-1-1,2,100,100,2026080902,selected_rank,A_full_mean,target_unsupported_selected_rank,0.0,False,0,,False,,,,,,,,True,False,0.0,,,0.0,0.999774265083284,,,theorem_covered,True,ca44543ebacdd9afb9acc517f205e8cb8058b6cb3882ce8df82962eab9b0f076,success,success,success,success
inference_diagnostic,aa152561964a7ec3,dgp2_N100_T100_r2026080902_truth1-1-1,2,100,100,2026080902,selected_rank,B_full_mean,target_unsupported_selected_rank,0.0,False,0,,False,,,,,,,,True,False,0.0,,,0.0,0.9972772135117344,,,theorem_covered,True,ca44543ebacdd9afb9acc517f205e8cb8058b6cb3882ce8df82962eab9b0f076,success,success,success,success
inference_diagnostic,aa152561964a7ec3,dgp2_N100_T100_r2026080902_truth1-1-1,2,100,100,2026080902,selected_rank,A_G1_fixed_time,target_unsupported_selected_rank,0.0,False,0,,False,,,,,,,,True,False,0.0,,,0.0,0.723872659601308,,,theorem_covered,True,ca44543ebacdd9afb9acc517f205e8cb8058b6cb3882ce8df82962eab9b0f076,,,,
inference_diagnostic,aa152561964a7ec3,dgp2_N100_T100_r2026080902_truth1-1-1,2,100,100,2026080902,selected_rank,A_G2_fixed_time,target_unsupported_selected_rank,0.0,False,0,,False,,,,,,,,True,False,0.0,,,0.0,0.6891967419000008,,,theorem_covered,True,ca44543ebacdd9afb9acc517f205e8cb8058b6cb3882ce8df82962eab9b0f076,,,,
inference_diagnostic,aa152561964a7ec3,dgp2_N100_T100_r2026080902_truth1-1-1,2,100,100,2026080902,selected_rank,A_G2_minus_G1_fixed_time,target_unsupported_selected_rank,0.0,False,0,,False,,,,,,,,True,False,0.0,,,0.0,0.09885808015619332,,,weak_target_stress_outside_assumption9,False,ca44543ebacdd9afb9acc517f205e8cb8058b6cb3882ce8df82962eab9b0f076,,,,
inference_diagnostic,aa152561964a7ec3,dgp2_N100_T100_r2026080902_truth1-1-1,2,100,100,2026080902,selected_rank,A_G1_time_average,target_unsupported_selected_rank,0.0,False,0,,False,,,,,,,,True,False,0.0,,,0.0,0.989991798374925,,,theorem_covered,True,ca44543ebacdd9afb9acc517f205e8cb8058b6cb3882ce8df82962eab9b0f076,success,success,success,success
inference_diagnostic,aa152561964a7ec3,dgp2_N100_T100_r2026080902_truth1-1-1,2,100,100,2026080902,selected_rank,A_G2_time_average,target_unsupported_selected_rank,0.0,False,0,,False,,,,,,,,True,False,0.0,,,0.0,0.9889558218906713,,,theorem_covered,True,ca44543ebacdd9afb9acc517f205e8cb8058b6cb3882ce8df82962eab9b0f076,success,success,success,success
inference_diagnostic,aa152561964a7ec3,dgp2_N100_T100_r2026080902_truth1-1-1,2,100,100,2026080902,selected_rank,A_G2_minus_G1_time_average,target_unsupported_selected_rank,0.0,False,0,,False,,,,,,,,True,False,0.0,,,0.0,0.9790652671697911,,,theorem_covered,True,ca44543ebacdd9afb9acc517f205e8cb8058b6cb3882ce8df82962eab9b0f076,success,success,success,success
inference_diagnostic,aa152561964a7ec3,dgp2_N100_T100_r2026080902_truth1-1-1,2,100,100,2026080902,selected_rank,B_G1_fixed_time,target_unsupported_selected_rank,0.0,False,0,,False,,,,,,,,True,False,0.0,,,0.0,0.6116175346960346,,,theorem_covered,True,ca44543ebacdd9afb9acc517f205e8cb8058b6cb3882ce8df82962eab9b0f076,,,,
inference_diagnostic,aa152561964a7ec3,dgp2_N100_T100_r2026080902_truth1-1-1,2,100,100,2026080902,selected_rank,B_G2_fixed_time,target_unsupported_selected_rank,0.0,False,0,,False,,,,,,,,True,False,0.0,,,0.0,0.7123593800273553,,,theorem_covered,True,ca44543ebacdd9afb9acc517f205e8cb8058b6cb3882ce8df82962eab9b0f076,,,,
inference_diagnostic,aa152561964a7ec3,dgp2_N100_T100_r2026080902_truth1-1-1,2,100,100,2026080902,selected_rank,B_G2_minus_G1_fixed_time,target_unsupported_selected_rank,0.0,False,0,,False,,,,,,,,True,False,0.0,,,0.0,0.12487587034799864,,,weak_target_stress_outside_assumption9,False,ca44543ebacdd9afb9acc517f205e8cb8058b6cb3882ce8df82962eab9b0f076,,,,
inference_diagnostic,aa152561964a7ec3,dgp2_N100_T100_r2026080902_truth1-1-1,2,100,100,2026080902,selected_rank,B_G1_time_average,target_unsupported_selected_rank,0.0,False,0,,False,,,,,,,,True,False,0.0,,,0.0,0.9872232353028483,,,theorem_covered,True,ca44543ebacdd9afb9acc517f205e8cb8058b6cb3882ce8df82962eab9b0f076,success,success,success,success
inference_diagnostic,aa152561964a7ec3,dgp2_N100_T100_r2026080902_truth1-1-1,2,100,100,2026080902,selected_rank,B_G2_time_average,target_unsupported_selected_rank,0.0,False,0,,False,,,,,,,,True,False,0.0,,,0.0,0.9899596972708276,,,theorem_covered,True,ca44543ebacdd9afb9acc517f205e8cb8058b6cb3882ce8df82962eab9b0f076,success,success,success,success
inference_diagnostic,aa152561964a7ec3,dgp2_N100_T100_r2026080902_truth1-1-1,2,100,100,2026080902,selected_rank,B_G2_minus_G1_time_average,target_unsupported_selected_rank,0.0,False,0,,False,,,,,,,,True,False,0.0,,,0.0,0.9798306373821168,,,theorem_covered,True,ca44543ebacdd9afb9acc517f205e8cb8058b6cb3882ce8df82962eab9b0f076,success,success,success,success
inference_diagnostic,aa152561964a7ec3,dgp2_N100_T100_r2026080903_truth1-1-1,2,100,100,2026080903,selected_rank,A_entry,target_unsupported_selected_rank,0.0,False,0,,False,,,,,,,,True,False,0.0,,,0.0,0.13027642798593994,0.670271051340982,1.0338533371689635,theorem_covered,True,d5082ca34e305dd1ab505018ff4dd26c78850bb6eb8c0c662881e45b0907d214,,,,
inference_diagnostic,aa152561964a7ec3,dgp2_N100_T100_r2026080903_truth1-1-1,2,100,100,2026080903,selected_rank,B_entry,target_unsupported_selected_rank,0.0,False,0,,False,,,,,,,,True,False,0.0,,,0.0,0.10949702234424995,0.11131143569572959,1.0888603806524135,theorem_covered,True,d5082ca34e305dd1ab505018ff4dd26c78850bb6eb8c0c662881e45b0907d214,,,,
inference_diagnostic,aa152561964a7ec3,dgp2_N100_T100_r2026080903_truth1-1-1,2,100,100,2026080903,selected_rank,A_fixed_time_mean,target_unsupported_selected_rank,0.0,False,0,,False,,,,,,,,True,False,0.0,,,0.0,0.9947671360633478,,,theorem_covered,True,d5082ca34e305dd1ab505018ff4dd26c78850bb6eb8c0c662881e45b0907d214,,,,
inference_diagnostic,aa152561964a7ec3,dgp2_N100_T100_r2026080903_truth1-1-1,2,100,100,2026080903,selected_rank,B_fixed_time_mean,target_unsupported_selected_rank,0.0,False,0,,False,,,,,,,,True,False,0.0,,,0.0,0.9250949973399749,,,theorem_covered,True,d5082ca34e305dd1ab505018ff4dd26c78850bb6eb8c0c662881e45b0907d214,,,,
inference_diagnostic,aa152561964a7ec3,dgp2_N100_T100_r2026080903_truth1-1-1,2,100,100,2026080903,selected_rank,A_full_mean,target_unsupported_selected_rank,0.0,False,0,,False,,,,,,,,True,False,0.0,,,0.0,0.9997937631826284,,,theorem_covered,True,d5082ca34e305dd1ab505018ff4dd26c78850bb6eb8c0c662881e45b0907d214,success,success,success,success
inference_diagnostic,aa152561964a7ec3,dgp2_N100_T100_r2026080903_truth1-1-1,2,100,100,2026080903,selected_rank,B_full_mean,target_unsupported_selected_rank,0.0,False,0,,False,,,,,,,,True,False,0.0,,,0.0,0.9961312616904343,,,theorem_covered,True,d5082ca34e305dd1ab505018ff4dd26c78850bb6eb8c0c662881e45b0907d214,success,success,success,success
inference_diagnostic,aa152561964a7ec3,dgp2_N100_T100_r2026080903_truth1-1-1,2,100,100,2026080903,selected_rank,A_G1_fixed_time,target_unsupported_selected_rank,0.0,False,0,,False,,,,,,,,True,False,0.0,,,0.0,0.7100219877733597,,,theorem_covered,True,d5082ca34e305dd1ab505018ff4dd26c78850bb6eb8c0c662881e45b0907d214,,,,
inference_diagnostic,aa152561964a7ec3,dgp2_N100_T100_r2026080903_truth1-1-1,2,100,100,2026080903,selected_rank,A_G2_fixed_time,target_unsupported_selected_rank,0.0,False,0,,False,,,,,,,,True,False,0.0,,,0.0,0.704121255311603,,,theorem_covered,True,d5082ca34e305dd1ab505018ff4dd26c78850bb6eb8c0c662881e45b0907d214,,,,
inference_diagnostic,aa152561964a7ec3,dgp2_N100_T100_r2026080903_truth1-1-1,2,100,100,2026080903,selected_rank,A_G2_minus_G1_fixed_time,target_unsupported_selected_rank,0.0,False,0,,False,,,,,,,,True,False,0.0,,,0.0,0.10176595851043076,,,weak_target_stress_outside_assumption9,False,d5082ca34e305dd1ab505018ff4dd26c78850bb6eb8c0c662881e45b0907d214,,,,
inference_diagnostic,aa152561964a7ec3,dgp2_N100_T100_r2026080903_truth1-1-1,2,100,100,2026080903,selected_rank,A_G1_time_average,target_unsupported_selected_rank,0.0,False,0,,False,,,,,,,,True,False,0.0,,,0.0,0.9901553667495413,,,theorem_covered,True,d5082ca34e305dd1ab505018ff4dd26c78850bb6eb8c0c662881e45b0907d214,success,success,success,success
inference_diagnostic,aa152561964a7ec3,dgp2_N100_T100_r2026080903_truth1-1-1,2,100,100,2026080903,selected_rank,A_G2_time_average,target_unsupported_selected_rank,0.0,False,0,,False,,,,,,,,True,False,0.0,,,0.0,0.9899888636728572,,,theorem_covered,True,d5082ca34e305dd1ab505018ff4dd26c78850bb6eb8c0c662881e45b0907d214,success,success,success,success
inference_diagnostic,aa152561964a7ec3,dgp2_N100_T100_r2026080903_truth1-1-1,2,100,100,2026080903,selected_rank,A_G2_minus_G1_time_average,target_unsupported_selected_rank,0.0,False,0,,False,,,,,,,,True,False,0.0,,,0.0,0.9802540648221332,,,theorem_covered,True,d5082ca34e305dd1ab505018ff4dd26c78850bb6eb8c0c662881e45b0907d214,success,success,success,success
inference_diagnostic,aa152561964a7ec3,dgp2_N100_T100_r2026080903_truth1-1-1,2,100,100,2026080903,selected_rank,B_G1_fixed_time,target_unsupported_selected_rank,0.0,False,0,,False,,,,,,,,True,False,0.0,,,0.0,0.6401488481819922,,,theorem_covered,True,d5082ca34e305dd1ab505018ff4dd26c78850bb6eb8c0c662881e45b0907d214,,,,
inference_diagnostic,aa152561964a7ec3,dgp2_N100_T100_r2026080903_truth1-1-1,2,100,100,2026080903,selected_rank,B_G2_fixed_time,target_unsupported_selected_rank,0.0,False,0,,False,,,,,,,,True,False,0.0,,,0.0,0.6764424677541409,,,theorem_covered,True,d5082ca34e305dd1ab505018ff4dd26c78850bb6eb8c0c662881e45b0907d214,,,,
inference_diagnostic,aa152561964a7ec3,dgp2_N100_T100_r2026080903_truth1-1-1,2,100,100,2026080903,selected_rank,B_G2_minus_G1_fixed_time,target_unsupported_selected_rank,0.0,False,0,,False,,,,,,,,True,False,0.0,,,0.0,0.1075369978500216,,,weak_target_stress_outside_assumption9,False,d5082ca34e305dd1ab505018ff4dd26c78850bb6eb8c0c662881e45b0907d214,,,,
inference_diagnostic,aa152561964a7ec3,dgp2_N100_T100_r2026080903_truth1-1-1,2,100,100,2026080903,selected_rank,B_G1_time_average,target_unsupported_selected_rank,0.0,False,0,,False,,,,,,,,True,False,0.0,,,0.0,0.9840689329813623,,,theorem_covered,True,d5082ca34e305dd1ab505018ff4dd26c78850bb6eb8c0c662881e45b0907d214,success,success,success,success
inference_diagnostic,aa152561964a7ec3,dgp2_N100_T100_r2026080903_truth1-1-1,2,100,100,2026080903,selected_rank,B_G2_time_average,target_unsupported_selected_rank,0.0,False,0,,False,,,,,,,,True,False,0.0,,,0.0,0.9853683082126189,,,theorem_covered,True,d5082ca34e305dd1ab505018ff4dd26c78850bb6eb8c0c662881e45b0907d214,success,success,success,success
inference_diagnostic,aa152561964a7ec3,dgp2_N100_T100_r2026080903_truth1-1-1,2,100,100,2026080903,selected_rank,B_G2_minus_G1_time_average,target_unsupported_selected_rank,0.0,False,0,,False,,,,,,,,True,False,0.0,,,0.0,0.9731725834464833,,,theorem_covered,True,d5082ca34e305dd1ab505018ff4dd26c78850bb6eb8c0c662881e45b0907d214,success,success,success,success
inference_diagnostic,aa152561964a7ec3,dgp2_N50_T50_r2026080901_truth1-1-1,2,50,50,2026080901,selected_rank,A_entry,target_unsupported_selected_rank,0.0,False,0,,False,,,,,,,,True,False,0.0,,,0.0,0.1543083903540224,0.676038509128541,0.5215674511962609,theorem_covered,True,244e54fe799756ca474dab7ee5c3d5587ef67c6a73ac6b4a4bbf1ad2639de3d1,,,,
inference_diagnostic,aa152561964a7ec3,dgp2_N50_T50_r2026080901_truth1-1-1,2,50,50,2026080901,selected_rank,B_entry,target_unsupported_selected_rank,0.0,False,0,,False,,,,,,,,True,False,0.0,,,0.0,0.16578701805205104,0.6795991348502213,0.7042396459617907,theorem_covered,True,244e54fe799756ca474dab7ee5c3d5587ef67c6a73ac6b4a4bbf1ad2639de3d1,,,,
inference_diagnostic,aa152561964a7ec3,dgp2_N50_T50_r2026080901_truth1-1-1,2,50,50,2026080901,selected_rank,A_fixed_time_mean,target_unsupported_selected_rank,0.0,False,0,,False,,,,,,,,True,False,0.0,,,0.0,0.9951983735645885,,,theorem_covered,True,244e54fe799756ca474dab7ee5c3d5587ef67c6a73ac6b4a4bbf1ad2639de3d1,,,,
inference_diagnostic,aa152561964a7ec3,dgp2_N50_T50_r2026080901_truth1-1-1,2,50,50,2026080901,selected_rank,B_fixed_time_mean,target_unsupported_selected_rank,0.0,False,0,,False,,,,,,,,True,False,0.0,,,0.0,0.938142657261973,,,theorem_covered,True,244e54fe799756ca474dab7ee5c3d5587ef67c6a73ac6b4a4bbf1ad2639de3d1,,,,
inference_diagnostic,aa152561964a7ec3,dgp2_N50_T50_r2026080901_truth1-1-1,2,50,50,2026080901,selected_rank,A_full_mean,target_unsupported_selected_rank,0.0,False,0,,False,,,,,,,,True,False,0.0,,,0.0,0.9998038543660662,,,theorem_covered,True,244e54fe799756ca474dab7ee5c3d5587ef67c6a73ac6b4a4bbf1ad2639de3d1,success,success,success,success
inference_diagnostic,aa152561964a7ec3,dgp2_N50_T50_r2026080901_truth1-1-1,2,50,50,2026080901,selected_rank,B_full_mean,target_unsupported_selected_rank,0.0,False,0,,False,,,,,,,,True,False,0.0,,,0.0,0.996079399843018,,,theorem_covered,True,244e54fe799756ca474dab7ee5c3d5587ef67c6a73ac6b4a4bbf1ad2639de3d1,success,success,success,success
inference_diagnostic,aa152561964a7ec3,dgp2_N50_T50_r2026080901_truth1-1-1,2,50,50,2026080901,selected_rank,A_G1_fixed_time,target_unsupported_selected_rank,0.0,False,0,,False,,,,,,,,True,False,0.0,,,0.0,0.7028170865448287,,,theorem_covered,True,244e54fe799756ca474dab7ee5c3d5587ef67c6a73ac6b4a4bbf1ad2639de3d1,,,,
inference_diagnostic,aa152561964a7ec3,dgp2_N50_T50_r2026080901_truth1-1-1,2,50,50,2026080901,selected_rank,A_G2_fixed_time,target_unsupported_selected_rank,0.0,False,0,,False,,,,,,,,True,False,0.0,,,0.0,0.7119988372954414,,,theorem_covered,True,244e54fe799756ca474dab7ee5c3d5587ef67c6a73ac6b4a4bbf1ad2639de3d1,,,,
inference_diagnostic,aa152561964a7ec3,dgp2_N50_T50_r2026080901_truth1-1-1,2,50,50,2026080901,selected_rank,A_G2_minus_G1_fixed_time,target_unsupported_selected_rank,0.0,False,0,,False,,,,,,,,True,False,0.0,,,0.0,0.10234450988606918,,,weak_target_stress_outside_assumption9,False,244e54fe799756ca474dab7ee5c3d5587ef67c6a73ac6b4a4bbf1ad2639de3d1,,,,
inference_diagnostic,aa152561964a7ec3,dgp2_N50_T50_r2026080901_truth1-1-1,2,50,50,2026080901,selected_rank,A_G1_time_average,target_unsupported_selected_rank,0.0,False,0,,False,,,,,,,,True,False,0.0,,,0.0,0.9895859242823148,,,theorem_covered,True,244e54fe799756ca474dab7ee5c3d5587ef67c6a73ac6b4a4bbf1ad2639de3d1,success,success,success,success
inference_diagnostic,aa152561964a7ec3,dgp2_N50_T50_r2026080901_truth1-1-1,2,50,50,2026080901,selected_rank,A_G2_time_average,target_unsupported_selected_rank,0.0,False,0,,False,,,,,,,,True,False,0.0,,,0.0,0.9898546285537926,,,theorem_covered,True,244e54fe799756ca474dab7ee5c3d5587ef67c6a73ac6b4a4bbf1ad2639de3d1,success,success,success,success
inference_diagnostic,aa152561964a7ec3,dgp2_N50_T50_r2026080901_truth1-1-1,2,50,50,2026080901,selected_rank,A_G2_minus_G1_time_average,target_unsupported_selected_rank,0.0,False,0,,False,,,,,,,,True,False,0.0,,,0.0,0.9795329193048159,,,theorem_covered,True,244e54fe799756ca474dab7ee5c3d5587ef67c6a73ac6b4a4bbf1ad2639de3d1,success,success,success,success
inference_diagnostic,aa152561964a7ec3,dgp2_N50_T50_r2026080901_truth1-1-1,2,50,50,2026080901,selected_rank,B_G1_fixed_time,target_unsupported_selected_rank,0.0,False,0,,False,,,,,,,,True,False,0.0,,,0.0,0.721583195904095,,,theorem_covered,True,244e54fe799756ca474dab7ee5c3d5587ef67c6a73ac6b4a4bbf1ad2639de3d1,,,,
inference_diagnostic,aa152561964a7ec3,dgp2_N50_T50_r2026080901_truth1-1-1,2,50,50,2026080901,selected_rank,B_G2_fixed_time,target_unsupported_selected_rank,0.0,False,0,,False,,,,,,,,True,False,0.0,,,0.0,0.615861680605628,,,theorem_covered,True,244e54fe799756ca474dab7ee5c3d5587ef67c6a73ac6b4a4bbf1ad2639de3d1,,,,
inference_diagnostic,aa152561964a7ec3,dgp2_N50_T50_r2026080901_truth1-1-1,2,50,50,2026080901,selected_rank,B_G2_minus_G1_fixed_time,target_unsupported_selected_rank,0.0,False,0,,False,,,,,,,,True,False,0.0,,,0.0,0.14091228787795726,,,weak_target_stress_outside_assumption9,False,244e54fe799756ca474dab7ee5c3d5587ef67c6a73ac6b4a4bbf1ad2639de3d1,,,,
inference_diagnostic,aa152561964a7ec3,dgp2_N50_T50_r2026080901_truth1-1-1,2,50,50,2026080901,selected_rank,B_G1_time_average,target_unsupported_selected_rank,0.0,False,0,,False,,,,,,,,True,False,0.0,,,0.0,0.9842317158492514,,,theorem_covered,True,244e54fe799756ca474dab7ee5c3d5587ef67c6a73ac6b4a4bbf1ad2639de3d1,success,success,success,success
inference_diagnostic,aa152561964a7ec3,dgp2_N50_T50_r2026080901_truth1-1-1,2,50,50,2026080901,selected_rank,B_G2_time_average,target_unsupported_selected_rank,0.0,False,0,,False,,,,,,,,True,False,0.0,,,0.0,0.9795316549927459,,,theorem_covered,True,244e54fe799756ca474dab7ee5c3d5587ef67c6a73ac6b4a4bbf1ad2639de3d1,success,success,success,success
inference_diagnostic,aa152561964a7ec3,dgp2_N50_T50_r2026080901_truth1-1-1,2,50,50,2026080901,selected_rank,B_G2_minus_G1_time_average,target_unsupported_selected_rank,0.0,False,0,,False,,,,,,,,True,False,0.0,,,0.0,0.967481350117288,,,theorem_covered,True,244e54fe799756ca474dab7ee5c3d5587ef67c6a73ac6b4a4bbf1ad2639de3d1,success,success,success,success
inference_diagnostic,aa152561964a7ec3,dgp2_N50_T50_r2026080902_truth1-1-1,2,50,50,2026080902,selected_rank,A_entry,target_unsupported_selected_rank,0.0,False,0,,False,,,,,,,,True,False,0.0,,,0.0,0.21648529281492204,0.8533371548158593,1.515827178475728,theorem_covered,True,1760e0465df259db4ac92b00b7897e691f1e22bf226ba1dffe06061fb9b250b3,,,,
inference_diagnostic,aa152561964a7ec3,dgp2_N50_T50_r2026080902_truth1-1-1,2,50,50,2026080902,selected_rank,B_entry,target_unsupported_selected_rank,0.0,False,0,,False,,,,,,,,True,False,0.0,,,0.0,0.16166798628967927,0.6130537938446736,0.7023850926187203,theorem_covered,True,1760e0465df259db4ac92b00b7897e691f1e22bf226ba1dffe06061fb9b250b3,,,,
inference_diagnostic,aa152561964a7ec3,dgp2_N50_T50_r2026080902_truth1-1-1,2,50,50,2026080902,selected_rank,A_fixed_time_mean,target_unsupported_selected_rank,0.0,False,0,,False,,,,,,,,True,False,0.0,,,0.0,0.9955810422662063,,,theorem_covered,True,1760e0465df259db4ac92b00b7897e691f1e22bf226ba1dffe06061fb9b250b3,,,,
inference_diagnostic,aa152561964a7ec3,dgp2_N50_T50_r2026080902_truth1-1-1,2,50,50,2026080902,selected_rank,B_fixed_time_mean,target_unsupported_selected_rank,0.0,False,0,,False,,,,,,,,True,False,0.0,,,0.0,0.9395870536493248,,,theorem_covered,True,1760e0465df259db4ac92b00b7897e691f1e22bf226ba1dffe06061fb9b250b3,,,,
inference_diagnostic,aa152561964a7ec3,dgp2_N50_T50_r2026080902_truth1-1-1,2,50,50,2026080902,selected_rank,A_full_mean,target_unsupported_selected_rank,0.0,False,0,,False,,,,,,,,True,False,0.0,,,0.0,0.9998236928114625,,,theorem_covered,True,1760e0465df259db4ac92b00b7897e691f1e22bf226ba1dffe06061fb9b250b3,success,success,success,success
inference_diagnostic,aa152561964a7ec3,dgp2_N50_T50_r2026080902_truth1-1-1,2,50,50,2026080902,selected_rank,B_full_mean,target_unsupported_selected_rank,0.0,False,0,,False,,,,,,,,True,False,0.0,,,0.0,0.9969254690265039,,,theorem_covered,True,1760e0465df259db4ac92b00b7897e691f1e22bf226ba1dffe06061fb9b250b3,success,success,success,success
inference_diagnostic,aa152561964a7ec3,dgp2_N50_T50_r2026080902_truth1-1-1,2,50,50,2026080902,selected_rank,A_G1_fixed_time,target_unsupported_selected_rank,0.0,False,0,,False,,,,,,,,True,False,0.0,,,0.0,0.7083638986616287,,,theorem_covered,True,1760e0465df259db4ac92b00b7897e691f1e22bf226ba1dffe06061fb9b250b3,,,,
inference_diagnostic,aa152561964a7ec3,dgp2_N50_T50_r2026080902_truth1-1-1,2,50,50,2026080902,selected_rank,A_G2_fixed_time,target_unsupported_selected_rank,0.0,False,0,,False,,,,,,,,True,False,0.0,,,0.0,0.7209738309806047,,,theorem_covered,True,1760e0465df259db4ac92b00b7897e691f1e22bf226ba1dffe06061fb9b250b3,,,,
inference_diagnostic,aa152561964a7ec3,dgp2_N50_T50_r2026080902_truth1-1-1,2,50,50,2026080902,selected_rank,A_G2_minus_G1_fixed_time,target_unsupported_selected_rank,0.0,False,0,,False,,,,,,,,True,False,0.0,,,0.0,0.17435901515576052,,,weak_target_stress_outside_assumption9,False,1760e0465df259db4ac92b00b7897e691f1e22bf226ba1dffe06061fb9b250b3,,,,
inference_diagnostic,aa152561964a7ec3,dgp2_N50_T50_r2026080902_truth1-1-1,2,50,50,2026080902,selected_rank,A_G1_time_average,target_unsupported_selected_rank,0.0,False,0,,False,,,,,,,,True,False,0.0,,,0.0,0.9899897866478967,,,theorem_covered,True,1760e0465df259db4ac92b00b7897e691f1e22bf226ba1dffe06061fb9b250b3,success,success,success,success
inference_diagnostic,aa152561964a7ec3,dgp2_N50_T50_r2026080902_truth1-1-1,2,50,50,2026080902,selected_rank,A_G2_time_average,target_unsupported_selected_rank,0.0,False,0,,False,,,,,,,,True,False,0.0,,,0.0,0.9903536845942187,,,theorem_covered,True,1760e0465df259db4ac92b00b7897e691f1e22bf226ba1dffe06061fb9b250b3,success,success,success,success
inference_diagnostic,aa152561964a7ec3,dgp2_N50_T50_r2026080902_truth1-1-1,2,50,50,2026080902,selected_rank,A_G2_minus_G1_time_average,target_unsupported_selected_rank,0.0,False,0,,False,,,,,,,,True,False,0.0,,,0.0,0.9804247964782163,,,theorem_covered,True,1760e0465df259db4ac92b00b7897e691f1e22bf226ba1dffe06061fb9b250b3,success,success,success,success
inference_diagnostic,aa152561964a7ec3,dgp2_N50_T50_r2026080902_truth1-1-1,2,50,50,2026080902,selected_rank,B_G1_fixed_time,target_unsupported_selected_rank,0.0,False,0,,False,,,,,,,,True,False,0.0,,,0.0,0.6450197007544687,,,theorem_covered,True,1760e0465df259db4ac92b00b7897e691f1e22bf226ba1dffe06061fb9b250b3,,,,
inference_diagnostic,aa152561964a7ec3,dgp2_N50_T50_r2026080902_truth1-1-1,2,50,50,2026080902,selected_rank,B_G2_fixed_time,target_unsupported_selected_rank,0.0,False,0,,False,,,,,,,,True,False,0.0,,,0.0,0.6943166149149747,,,theorem_covered,True,1760e0465df259db4ac92b00b7897e691f1e22bf226ba1dffe06061fb9b250b3,,,,
inference_diagnostic,aa152561964a7ec3,dgp2_N50_T50_r2026080902_truth1-1-1,2,50,50,2026080902,selected_rank,B_G2_minus_G1_fixed_time,target_unsupported_selected_rank,0.0,False,0,,False,,,,,,,,True,False,0.0,,,0.0,0.12370183799343594,,,weak_target_stress_outside_assumption9,False,1760e0465df259db4ac92b00b7897e691f1e22bf226ba1dffe06061fb9b250b3,,,,
inference_diagnostic,aa152561964a7ec3,dgp2_N50_T50_r2026080902_truth1-1-1,2,50,50,2026080902,selected_rank,B_G1_time_average,target_unsupported_selected_rank,0.0,False,0,,False,,,,,,,,True,False,0.0,,,0.0,0.984582726286815,,,theorem_covered,True,1760e0465df259db4ac92b00b7897e691f1e22bf226ba1dffe06061fb9b250b3,success,success,success,success
inference_diagnostic,aa152561964a7ec3,dgp2_N50_T50_r2026080902_truth1-1-1,2,50,50,2026080902,selected_rank,B_G2_time_average,target_unsupported_selected_rank,0.0,False,0,,False,,,,,,,,True,False,0.0,,,0.0,0.9863379871144714,,,theorem_covered,True,1760e0465df259db4ac92b00b7897e691f1e22bf226ba1dffe06061fb9b250b3,success,success,success,success
inference_diagnostic,aa152561964a7ec3,dgp2_N50_T50_r2026080902_truth1-1-1,2,50,50,2026080902,selected_rank,B_G2_minus_G1_time_average,target_unsupported_selected_rank,0.0,False,0,,False,,,,,,,,True,False,0.0,,,0.0,0.9738610675726269,,,theorem_covered,True,1760e0465df259db4ac92b00b7897e691f1e22bf226ba1dffe06061fb9b250b3,success,success,success,success
inference_diagnostic,aa152561964a7ec3,dgp2_N50_T50_r2026080903_truth1-1-1,2,50,50,2026080903,selected_rank,A_entry,target_unsupported_selected_rank,0.0,False,0,,False,,,,,,,,True,False,0.0,,,0.0,0.17385324745292105,1.141428742847391,0.37845850802974484,theorem_covered,True,8cc4270ea67da240bbc58198806195a39eb8c241af7c6706bc60f5e78d5cd05b,,,,
inference_diagnostic,aa152561964a7ec3,dgp2_N50_T50_r2026080903_truth1-1-1,2,50,50,2026080903,selected_rank,B_entry,target_unsupported_selected_rank,0.0,False,0,,False,,,,,,,,True,False,0.0,,,0.0,0.1071092127044227,0.15317254925893392,0.42173859857442,theorem_covered,True,8cc4270ea67da240bbc58198806195a39eb8c241af7c6706bc60f5e78d5cd05b,,,,
inference_diagnostic,aa152561964a7ec3,dgp2_N50_T50_r2026080903_truth1-1-1,2,50,50,2026080903,selected_rank,A_fixed_time_mean,target_unsupported_selected_rank,0.0,False,0,,False,,,,,,,,True,False,0.0,,,0.0,0.9957479310262312,,,theorem_covered,True,8cc4270ea67da240bbc58198806195a39eb8c241af7c6706bc60f5e78d5cd05b,,,,
inference_diagnostic,aa152561964a7ec3,dgp2_N50_T50_r2026080903_truth1-1-1,2,50,50,2026080903,selected_rank,B_fixed_time_mean,target_unsupported_selected_rank,0.0,False,0,,False,,,,,,,,True,False,0.0,,,0.0,0.947731642334851,,,theorem_covered,True,8cc4270ea67da240bbc58198806195a39eb8c241af7c6706bc60f5e78d5cd05b,,,,
inference_diagnostic,aa152561964a7ec3,dgp2_N50_T50_r2026080903_truth1-1-1,2,50,50,2026080903,selected_rank,A_full_mean,target_unsupported_selected_rank,0.0,False,0,,False,,,,,,,,True,False,0.0,,,0.0,0.9998198123247685,,,theorem_covered,True,8cc4270ea67da240bbc58198806195a39eb8c241af7c6706bc60f5e78d5cd05b,success,success,success,success
inference_diagnostic,aa152561964a7ec3,dgp2_N50_T50_r2026080903_truth1-1-1,2,50,50,2026080903,selected_rank,B_full_mean,target_unsupported_selected_rank,0.0,False,0,,False,,,,,,,,True,False,0.0,,,0.0,0.9962233420946133,,,theorem_covered,True,8cc4270ea67da240bbc58198806195a39eb8c241af7c6706bc60f5e78d5cd05b,success,success,success,success
inference_diagnostic,aa152561964a7ec3,dgp2_N50_T50_r2026080903_truth1-1-1,2,50,50,2026080903,selected_rank,A_G1_fixed_time,target_unsupported_selected_rank,0.0,False,0,,False,,,,,,,,True,False,0.0,,,0.0,0.6928064481684584,,,theorem_covered,True,8cc4270ea67da240bbc58198806195a39eb8c241af7c6706bc60f5e78d5cd05b,,,,
inference_diagnostic,aa152561964a7ec3,dgp2_N50_T50_r2026080903_truth1-1-1,2,50,50,2026080903,selected_rank,A_G2_fixed_time,target_unsupported_selected_rank,0.0,False,0,,False,,,,,,,,True,False,0.0,,,0.0,0.7207628829922015,,,theorem_covered,True,8cc4270ea67da240bbc58198806195a39eb8c241af7c6706bc60f5e78d5cd05b,,,,
inference_diagnostic,aa152561964a7ec3,dgp2_N50_T50_r2026080903_truth1-1-1,2,50,50,2026080903,selected_rank,A_G2_minus_G1_fixed_time,target_unsupported_selected_rank,0.0,False,0,,False,,,,,,,,True,False,0.0,,,0.0,0.08925226036355516,,,weak_target_stress_outside_assumption9,False,8cc4270ea67da240bbc58198806195a39eb8c241af7c6706bc60f5e78d5cd05b,,,,
inference_diagnostic,aa152561964a7ec3,dgp2_N50_T50_r2026080903_truth1-1-1,2,50,50,2026080903,selected_rank,A_G1_time_average,target_unsupported_selected_rank,0.0,False,0,,False,,,,,,,,True,False,0.0,,,0.0,0.9888975982905606,,,theorem_covered,True,8cc4270ea67da240bbc58198806195a39eb8c241af7c6706bc60f5e78d5cd05b,success,success,success,success
inference_diagnostic,aa152561964a7ec3,dgp2_N50_T50_r2026080903_truth1-1-1,2,50,50,2026080903,selected_rank,A_G2_time_average,target_unsupported_selected_rank,0.0,False,0,,False,,,,,,,,True,False,0.0,,,0.0,0.9897456871445874,,,theorem_covered,True,8cc4270ea67da240bbc58198806195a39eb8c241af7c6706bc60f5e78d5cd05b,success,success,success,success
inference_diagnostic,aa152561964a7ec3,dgp2_N50_T50_r2026080903_truth1-1-1,2,50,50,2026080903,selected_rank,A_G2_minus_G1_time_average,target_unsupported_selected_rank,0.0,False,0,,False,,,,,,,,True,False,0.0,,,0.0,0.9787110544021782,,,theorem_covered,True,8cc4270ea67da240bbc58198806195a39eb8c241af7c6706bc60f5e78d5cd05b,success,success,success,success
inference_diagnostic,aa152561964a7ec3,dgp2_N50_T50_r2026080903_truth1-1-1,2,50,50,2026080903,selected_rank,B_G1_fixed_time,target_unsupported_selected_rank,0.0,False,0,,False,,,,,,,,True,False,0.0,,,0.0,0.6525792782064105,,,theorem_covered,True,8cc4270ea67da240bbc58198806195a39eb8c241af7c6706bc60f5e78d5cd05b,,,,
inference_diagnostic,aa152561964a7ec3,dgp2_N50_T50_r2026080903_truth1-1-1,2,50,50,2026080903,selected_rank,B_G2_fixed_time,target_unsupported_selected_rank,0.0,False,0,,False,,,,,,,,True,False,0.0,,,0.0,0.6940062725794294,,,theorem_covered,True,8cc4270ea67da240bbc58198806195a39eb8c241af7c6706bc60f5e78d5cd05b,,,,
inference_diagnostic,aa152561964a7ec3,dgp2_N50_T50_r2026080903_truth1-1-1,2,50,50,2026080903,selected_rank,B_G2_minus_G1_fixed_time,target_unsupported_selected_rank,0.0,False,0,,False,,,,,,,,True,False,0.0,,,0.0,0.0964839615753735,,,weak_target_stress_outside_assumption9,False,8cc4270ea67da240bbc58198806195a39eb8c241af7c6706bc60f5e78d5cd05b,,,,
inference_diagnostic,aa152561964a7ec3,dgp2_N50_T50_r2026080903_truth1-1-1,2,50,50,2026080903,selected_rank,B_G1_time_average,target_unsupported_selected_rank,0.0,False,0,,False,,,,,,,,True,False,0.0,,,0.0,0.9785103922460721,,,theorem_covered,True,8cc4270ea67da240bbc58198806195a39eb8c241af7c6706bc60f5e78d5cd05b,success,success,success,success
inference_diagnostic,aa152561964a7ec3,dgp2_N50_T50_r2026080903_truth1-1-1,2,50,50,2026080903,selected_rank,B_G2_time_average,target_unsupported_selected_rank,0.0,False,0,,False,,,,,,,,True,False,0.0,,,0.0,0.9806190352072562,,,theorem_covered,True,8cc4270ea67da240bbc58198806195a39eb8c241af7c6706bc60f5e78d5cd05b,success,success,success,success
inference_diagnostic,aa152561964a7ec3,dgp2_N50_T50_r2026080903_truth1-1-1,2,50,50,2026080903,selected_rank,B_G2_minus_G1_time_average,target_unsupported_selected_rank,0.0,False,0,,False,,,,,,,,True,False,0.0,,,0.0,0.9626189965974176,,,theorem_covered,True,8cc4270ea67da240bbc58198806195a39eb8c241af7c6706bc60f5e78d5cd05b,success,success,success,success
inference_diagnostic,aa152561964a7ec3,dgp3_N100_T100_r2026080901_truth1-1-1,3,100,100,2026080901,selected_rank,A_entry,target_unsupported_selected_rank,0.0,False,0,,False,,,,,,,,True,False,0.0,,,0.0,0.12807913715312375,1.0407745305381424,0.6059586703573943,theorem_covered,True,1649e0eb9c5a4b6d932458ccf06df74af76c3b2bbd375b7dc84e4acfbdc34d32,,,,
inference_diagnostic,aa152561964a7ec3,dgp3_N100_T100_r2026080901_truth1-1-1,3,100,100,2026080901,selected_rank,B_entry,target_unsupported_selected_rank,0.0,False,0,,False,,,,,,,,True,False,0.0,,,0.0,0.16707835674755278,2.2712011523723934,0.5324086483300615,theorem_covered,True,1649e0eb9c5a4b6d932458ccf06df74af76c3b2bbd375b7dc84e4acfbdc34d32,,,,
inference_diagnostic,aa152561964a7ec3,dgp3_N100_T100_r2026080901_truth1-1-1,3,100,100,2026080901,selected_rank,A_fixed_time_mean,target_unsupported_selected_rank,0.0,False,0,,False,,,,,,,,True,False,0.0,,,0.0,0.9953191035372451,,,theorem_covered,True,1649e0eb9c5a4b6d932458ccf06df74af76c3b2bbd375b7dc84e4acfbdc34d32,,,,
inference_diagnostic,aa152561964a7ec3,dgp3_N100_T100_r2026080901_truth1-1-1,3,100,100,2026080901,selected_rank,B_fixed_time_mean,target_unsupported_selected_rank,0.0,False,0,,False,,,,,,,,True,False,0.0,,,0.0,0.9230305726513859,,,theorem_covered,True,1649e0eb9c5a4b6d932458ccf06df74af76c3b2bbd375b7dc84e4acfbdc34d32,,,,
inference_diagnostic,aa152561964a7ec3,dgp3_N100_T100_r2026080901_truth1-1-1,3,100,100,2026080901,selected_rank,A_full_mean,target_unsupported_selected_rank,0.0,False,0,,False,,,,,,,,True,False,0.0,,,0.0,0.9998268339953674,,,theorem_covered,True,1649e0eb9c5a4b6d932458ccf06df74af76c3b2bbd375b7dc84e4acfbdc34d32,success,success,success,success
inference_diagnostic,aa152561964a7ec3,dgp3_N100_T100_r2026080901_truth1-1-1,3,100,100,2026080901,selected_rank,B_full_mean,target_unsupported_selected_rank,0.0,False,0,,False,,,,,,,,True,False,0.0,,,0.0,0.9967260174261969,,,theorem_covered,True,1649e0eb9c5a4b6d932458ccf06df74af76c3b2bbd375b7dc84e4acfbdc34d32,success,success,success,success
inference_diagnostic,aa152561964a7ec3,dgp3_N100_T100_r2026080901_truth1-1-1,3,100,100,2026080901,selected_rank,A_G1_fixed_time,target_unsupported_selected_rank,0.0,False,0,,False,,,,,,,,True,False,0.0,,,0.0,0.7091849473741009,,,theorem_covered,True,1649e0eb9c5a4b6d932458ccf06df74af76c3b2bbd375b7dc84e4acfbdc34d32,,,,
inference_diagnostic,aa152561964a7ec3,dgp3_N100_T100_r2026080901_truth1-1-1,3,100,100,2026080901,selected_rank,A_G2_fixed_time,target_unsupported_selected_rank,0.0,False,0,,False,,,,,,,,True,False,0.0,,,0.0,0.7027073734534149,,,theorem_covered,True,1649e0eb9c5a4b6d932458ccf06df74af76c3b2bbd375b7dc84e4acfbdc34d32,,,,
inference_diagnostic,aa152561964a7ec3,dgp3_N100_T100_r2026080901_truth1-1-1,3,100,100,2026080901,selected_rank,A_G2_minus_G1_fixed_time,target_unsupported_selected_rank,0.0,False,0,,False,,,,,,,,True,False,0.0,,,0.0,0.07797964107136571,,,weak_target_stress_outside_assumption9,False,1649e0eb9c5a4b6d932458ccf06df74af76c3b2bbd375b7dc84e4acfbdc34d32,,,,
inference_diagnostic,aa152561964a7ec3,dgp3_N100_T100_r2026080901_truth1-1-1,3,100,100,2026080901,selected_rank,A_G1_time_average,target_unsupported_selected_rank,0.0,False,0,,False,,,,,,,,True,False,0.0,,,0.0,0.9907422694549144,,,theorem_covered,True,1649e0eb9c5a4b6d932458ccf06df74af76c3b2bbd375b7dc84e4acfbdc34d32,success,success,success,success
inference_diagnostic,aa152561964a7ec3,dgp3_N100_T100_r2026080901_truth1-1-1,3,100,100,2026080901,selected_rank,A_G2_time_average,target_unsupported_selected_rank,0.0,False,0,,False,,,,,,,,True,False,0.0,,,0.0,0.9905711204367372,,,theorem_covered,True,1649e0eb9c5a4b6d932458ccf06df74af76c3b2bbd375b7dc84e4acfbdc34d32,success,success,success,success
inference_diagnostic,aa152561964a7ec3,dgp3_N100_T100_r2026080901_truth1-1-1,3,100,100,2026080901,selected_rank,A_G2_minus_G1_time_average,target_unsupported_selected_rank,0.0,False,0,,False,,,,,,,,True,False,0.0,,,0.0,0.981400881979821,,,theorem_covered,True,1649e0eb9c5a4b6d932458ccf06df74af76c3b2bbd375b7dc84e4acfbdc34d32,success,success,success,success
inference_diagnostic,aa152561964a7ec3,dgp3_N100_T100_r2026080901_truth1-1-1,3,100,100,2026080901,selected_rank,B_G1_fixed_time,target_unsupported_selected_rank,0.0,False,0,,False,,,,,,,,True,False,0.0,,,0.0,0.6029699690202068,,,theorem_covered,True,1649e0eb9c5a4b6d932458ccf06df74af76c3b2bbd375b7dc84e4acfbdc34d32,,,,
inference_diagnostic,aa152561964a7ec3,dgp3_N100_T100_r2026080901_truth1-1-1,3,100,100,2026080901,selected_rank,B_G2_fixed_time,target_unsupported_selected_rank,0.0,False,0,,False,,,,,,,,True,False,0.0,,,0.0,0.7065164775583197,,,theorem_covered,True,1649e0eb9c5a4b6d932458ccf06df74af76c3b2bbd375b7dc84e4acfbdc34d32,,,,
inference_diagnostic,aa152561964a7ec3,dgp3_N100_T100_r2026080901_truth1-1-1,3,100,100,2026080901,selected_rank,B_G2_minus_G1_fixed_time,target_unsupported_selected_rank,0.0,False,0,,False,,,,,,,,True,False,0.0,,,0.0,0.10369608745030175,,,weak_target_stress_outside_assumption9,False,1649e0eb9c5a4b6d932458ccf06df74af76c3b2bbd375b7dc84e4acfbdc34d32,,,,
inference_diagnostic,aa152561964a7ec3,dgp3_N100_T100_r2026080901_truth1-1-1,3,100,100,2026080901,selected_rank,B_G1_time_average,target_unsupported_selected_rank,0.0,False,0,,False,,,,,,,,True,False,0.0,,,0.0,0.9858455279013293,,,theorem_covered,True,1649e0eb9c5a4b6d932458ccf06df74af76c3b2bbd375b7dc84e4acfbdc34d32,success,success,success,success
inference_diagnostic,aa152561964a7ec3,dgp3_N100_T100_r2026080901_truth1-1-1,3,100,100,2026080901,selected_rank,B_G2_time_average,target_unsupported_selected_rank,0.0,False,0,,False,,,,,,,,True,False,0.0,,,0.0,0.9888781655796256,,,theorem_covered,True,1649e0eb9c5a4b6d932458ccf06df74af76c3b2bbd375b7dc84e4acfbdc34d32,success,success,success,success
inference_diagnostic,aa152561964a7ec3,dgp3_N100_T100_r2026080901_truth1-1-1,3,100,100,2026080901,selected_rank,B_G2_minus_G1_time_average,target_unsupported_selected_rank,0.0,False,0,,False,,,,,,,,True,False,0.0,,,0.0,0.9779103626758902,,,theorem_covered,True,1649e0eb9c5a4b6d932458ccf06df74af76c3b2bbd375b7dc84e4acfbdc34d32,success,success,success,success
inference_diagnostic,aa152561964a7ec3,dgp3_N100_T100_r2026080902_truth1-1-1,3,100,100,2026080902,selected_rank,A_entry,target_unsupported_selected_rank,0.0,False,0,,False,,,,,,,,True,False,0.0,,,0.0,0.1279454180934765,0.7547086784890323,0.8890037107797625,theorem_covered,True,a80b1dc158bf7197b27eea4267dee23fd3e9dd9f1c81f7d18fe761c2c0a6af8a,,,,
inference_diagnostic,aa152561964a7ec3,dgp3_N100_T100_r2026080902_truth1-1-1,3,100,100,2026080902,selected_rank,B_entry,target_unsupported_selected_rank,0.0,False,0,,False,,,,,,,,True,False,0.0,,,0.0,0.08006286078047646,0.15468207430280606,0.4870775149361551,theorem_covered,True,a80b1dc158bf7197b27eea4267dee23fd3e9dd9f1c81f7d18fe761c2c0a6af8a,,,,
inference_diagnostic,aa152561964a7ec3,dgp3_N100_T100_r2026080902_truth1-1-1,3,100,100,2026080902,selected_rank,A_fixed_time_mean,target_unsupported_selected_rank,0.0,False,0,,False,,,,,,,,True,False,0.0,,,0.0,0.9946199812502783,,,theorem_covered,True,a80b1dc158bf7197b27eea4267dee23fd3e9dd9f1c81f7d18fe761c2c0a6af8a,,,,
inference_diagnostic,aa152561964a7ec3,dgp3_N100_T100_r2026080902_truth1-1-1,3,100,100,2026080902,selected_rank,B_fixed_time_mean,target_unsupported_selected_rank,0.0,False,0,,False,,,,,,,,True,False,0.0,,,0.0,0.9353231291591976,,,theorem_covered,True,a80b1dc158bf7197b27eea4267dee23fd3e9dd9f1c81f7d18fe761c2c0a6af8a,,,,
inference_diagnostic,aa152561964a7ec3,dgp3_N100_T100_r2026080902_truth1-1-1,3,100,100,2026080902,selected_rank,A_full_mean,target_unsupported_selected_rank,0.0,False,0,,False,,,,,,,,True,False,0.0,,,0.0,0.9997856315647646,,,theorem_covered,True,a80b1dc158bf7197b27eea4267dee23fd3e9dd9f1c81f7d18fe761c2c0a6af8a,success,success,success,success
inference_diagnostic,aa152561964a7ec3,dgp3_N100_T100_r2026080902_truth1-1-1,3,100,100,2026080902,selected_rank,B_full_mean,target_unsupported_selected_rank,0.0,False,0,,False,,,,,,,,True,False,0.0,,,0.0,0.9966686109901721,,,theorem_covered,True,a80b1dc158bf7197b27eea4267dee23fd3e9dd9f1c81f7d18fe761c2c0a6af8a,success,success,success,success
inference_diagnostic,aa152561964a7ec3,dgp3_N100_T100_r2026080902_truth1-1-1,3,100,100,2026080902,selected_rank,A_G1_fixed_time,target_unsupported_selected_rank,0.0,False,0,,False,,,,,,,,True,False,0.0,,,0.0,0.6909502551906983,,,theorem_covered,True,a80b1dc158bf7197b27eea4267dee23fd3e9dd9f1c81f7d18fe761c2c0a6af8a,,,,
inference_diagnostic,aa152561964a7ec3,dgp3_N100_T100_r2026080902_truth1-1-1,3,100,100,2026080902,selected_rank,A_G2_fixed_time,target_unsupported_selected_rank,0.0,False,0,,False,,,,,,,,True,False,0.0,,,0.0,0.721967061749123,,,theorem_covered,True,a80b1dc158bf7197b27eea4267dee23fd3e9dd9f1c81f7d18fe761c2c0a6af8a,,,,
inference_diagnostic,aa152561964a7ec3,dgp3_N100_T100_r2026080902_truth1-1-1,3,100,100,2026080902,selected_rank,A_G2_minus_G1_fixed_time,target_unsupported_selected_rank,0.0,False,0,,False,,,,,,,,True,False,0.0,,,0.0,0.09684929682992119,,,weak_target_stress_outside_assumption9,False,a80b1dc158bf7197b27eea4267dee23fd3e9dd9f1c81f7d18fe761c2c0a6af8a,,,,
inference_diagnostic,aa152561964a7ec3,dgp3_N100_T100_r2026080902_truth1-1-1,3,100,100,2026080902,selected_rank,A_G1_time_average,target_unsupported_selected_rank,0.0,False,0,,False,,,,,,,,True,False,0.0,,,0.0,0.9895066501447916,,,theorem_covered,True,a80b1dc158bf7197b27eea4267dee23fd3e9dd9f1c81f7d18fe761c2c0a6af8a,success,success,success,success
inference_diagnostic,aa152561964a7ec3,dgp3_N100_T100_r2026080902_truth1-1-1,3,100,100,2026080902,selected_rank,A_G2_time_average,target_unsupported_selected_rank,0.0,False,0,,False,,,,,,,,True,False,0.0,,,0.0,0.9903908927565658,,,theorem_covered,True,a80b1dc158bf7197b27eea4267dee23fd3e9dd9f1c81f7d18fe761c2c0a6af8a,success,success,success,success
inference_diagnostic,aa152561964a7ec3,dgp3_N100_T100_r2026080902_truth1-1-1,3,100,100,2026080902,selected_rank,A_G2_minus_G1_time_average,target_unsupported_selected_rank,0.0,False,0,,False,,,,,,,,True,False,0.0,,,0.0,0.9800133785069274,,,theorem_covered,True,a80b1dc158bf7197b27eea4267dee23fd3e9dd9f1c81f7d18fe761c2c0a6af8a,success,success,success,success
inference_diagnostic,aa152561964a7ec3,dgp3_N100_T100_r2026080902_truth1-1-1,3,100,100,2026080902,selected_rank,B_G1_fixed_time,target_unsupported_selected_rank,0.0,False,0,,False,,,,,,,,True,False,0.0,,,0.0,0.6858531908595368,,,theorem_covered,True,a80b1dc158bf7197b27eea4267dee23fd3e9dd9f1c81f7d18fe761c2c0a6af8a,,,,
inference_diagnostic,aa152561964a7ec3,dgp3_N100_T100_r2026080902_truth1-1-1,3,100,100,2026080902,selected_rank,B_G2_fixed_time,target_unsupported_selected_rank,0.0,False,0,,False,,,,,,,,True,False,0.0,,,0.0,0.640579333417303,,,theorem_covered,True,a80b1dc158bf7197b27eea4267dee23fd3e9dd9f1c81f7d18fe761c2c0a6af8a,,,,
inference_diagnostic,aa152561964a7ec3,dgp3_N100_T100_r2026080902_truth1-1-1,3,100,100,2026080902,selected_rank,B_G2_minus_G1_fixed_time,target_unsupported_selected_rank,0.0,False,0,,False,,,,,,,,True,False,0.0,,,0.0,0.07685782896629274,,,weak_target_stress_outside_assumption9,False,a80b1dc158bf7197b27eea4267dee23fd3e9dd9f1c81f7d18fe761c2c0a6af8a,,,,
inference_diagnostic,aa152561964a7ec3,dgp3_N100_T100_r2026080902_truth1-1-1,3,100,100,2026080902,selected_rank,B_G1_time_average,target_unsupported_selected_rank,0.0,False,0,,False,,,,,,,,True,False,0.0,,,0.0,0.9858277211579612,,,theorem_covered,True,a80b1dc158bf7197b27eea4267dee23fd3e9dd9f1c81f7d18fe761c2c0a6af8a,success,success,success,success
inference_diagnostic,aa152561964a7ec3,dgp3_N100_T100_r2026080902_truth1-1-1,3,100,100,2026080902,selected_rank,B_G2_time_average,target_unsupported_selected_rank,0.0,False,0,,False,,,,,,,,True,False,0.0,,,0.0,0.9842078239699498,,,theorem_covered,True,a80b1dc158bf7197b27eea4267dee23fd3e9dd9f1c81f7d18fe761c2c0a6af8a,success,success,success,success
inference_diagnostic,aa152561964a7ec3,dgp3_N100_T100_r2026080902_truth1-1-1,3,100,100,2026080902,selected_rank,B_G2_minus_G1_time_average,target_unsupported_selected_rank,0.0,False,0,,False,,,,,,,,True,False,0.0,,,0.0,0.9732281420273907,,,theorem_covered,True,a80b1dc158bf7197b27eea4267dee23fd3e9dd9f1c81f7d18fe761c2c0a6af8a,success,success,success,success
inference_diagnostic,aa152561964a7ec3,dgp3_N100_T100_r2026080903_truth1-1-1,3,100,100,2026080903,selected_rank,A_entry,target_unsupported_selected_rank,0.0,False,0,,False,,,,,,,,True,False,0.0,,,0.0,0.1359605557340699,1.0849838270203402,0.7719186368994863,theorem_covered,True,349099d40410e89a3261b6c0becee8b07d39daa1575ac9899857096efe244fa7,,,,
inference_diagnostic,aa152561964a7ec3,dgp3_N100_T100_r2026080903_truth1-1-1,3,100,100,2026080903,selected_rank,B_entry,target_unsupported_selected_rank,0.0,False,0,,False,,,,,,,,True,False,0.0,,,0.0,0.15797391326205673,1.4390265071243682,1.071975227684601,theorem_covered,True,349099d40410e89a3261b6c0becee8b07d39daa1575ac9899857096efe244fa7,,,,
inference_diagnostic,aa152561964a7ec3,dgp3_N100_T100_r2026080903_truth1-1-1,3,100,100,2026080903,selected_rank,A_fixed_time_mean,target_unsupported_selected_rank,0.0,False,0,,False,,,,,,,,True,False,0.0,,,0.0,0.9956278318537927,,,theorem_covered,True,349099d40410e89a3261b6c0becee8b07d39daa1575ac9899857096efe244fa7,,,,
inference_diagnostic,aa152561964a7ec3,dgp3_N100_T100_r2026080903_truth1-1-1,3,100,100,2026080903,selected_rank,B_fixed_time_mean,target_unsupported_selected_rank,0.0,False,0,,False,,,,,,,,True,False,0.0,,,0.0,0.936555406414777,,,theorem_covered,True,349099d40410e89a3261b6c0becee8b07d39daa1575ac9899857096efe244fa7,,,,
inference_diagnostic,aa152561964a7ec3,dgp3_N100_T100_r2026080903_truth1-1-1,3,100,100,2026080903,selected_rank,A_full_mean,target_unsupported_selected_rank,0.0,False,0,,False,,,,,,,,True,False,0.0,,,0.0,0.9998398528114644,,,theorem_covered,True,349099d40410e89a3261b6c0becee8b07d39daa1575ac9899857096efe244fa7,success,success,success,success
inference_diagnostic,aa152561964a7ec3,dgp3_N100_T100_r2026080903_truth1-1-1,3,100,100,2026080903,selected_rank,B_full_mean,target_unsupported_selected_rank,0.0,False,0,,False,,,,,,,,True,False,0.0,,,0.0,0.9958910462756145,,,theorem_covered,True,349099d40410e89a3261b6c0becee8b07d39daa1575ac9899857096efe244fa7,success,success,success,success
inference_diagnostic,aa152561964a7ec3,dgp3_N100_T100_r2026080903_truth1-1-1,3,100,100,2026080903,selected_rank,A_G1_fixed_time,target_unsupported_selected_rank,0.0,False,0,,False,,,,,,,,True,False,0.0,,,0.0,0.7091614414429731,,,theorem_covered,True,349099d40410e89a3261b6c0becee8b07d39daa1575ac9899857096efe244fa7,,,,
inference_diagnostic,aa152561964a7ec3,dgp3_N100_T100_r2026080903_truth1-1-1,3,100,100,2026080903,selected_rank,A_G2_fixed_time,target_unsupported_selected_rank,0.0,False,0,,False,,,,,,,,True,False,0.0,,,0.0,0.7043406974467559,,,theorem_covered,True,349099d40410e89a3261b6c0becee8b07d39daa1575ac9899857096efe244fa7,,,,
inference_diagnostic,aa152561964a7ec3,dgp3_N100_T100_r2026080903_truth1-1-1,3,100,100,2026080903,selected_rank,A_G2_minus_G1_fixed_time,target_unsupported_selected_rank,0.0,False,0,,False,,,,,,,,True,False,0.0,,,0.0,0.08792604021206862,,,weak_target_stress_outside_assumption9,False,349099d40410e89a3261b6c0becee8b07d39daa1575ac9899857096efe244fa7,,,,
inference_diagnostic,aa152561964a7ec3,dgp3_N100_T100_r2026080903_truth1-1-1,3,100,100,2026080903,selected_rank,A_G1_time_average,target_unsupported_selected_rank,0.0,False,0,,False,,,,,,,,True,False,0.0,,,0.0,0.9908348841762128,,,theorem_covered,True,349099d40410e89a3261b6c0becee8b07d39daa1575ac9899857096efe244fa7,success,success,success,success
inference_diagnostic,aa152561964a7ec3,dgp3_N100_T100_r2026080903_truth1-1-1,3,100,100,2026080903,selected_rank,A_G2_time_average,target_unsupported_selected_rank,0.0,False,0,,False,,,,,,,,True,False,0.0,,,0.0,0.9907086592723947,,,theorem_covered,True,349099d40410e89a3261b6c0becee8b07d39daa1575ac9899857096efe244fa7,success,success,success,success
inference_diagnostic,aa152561964a7ec3,dgp3_N100_T100_r2026080903_truth1-1-1,3,100,100,2026080903,selected_rank,A_G2_minus_G1_time_average,target_unsupported_selected_rank,0.0,False,0,,False,,,,,,,,True,False,0.0,,,0.0,0.9816199284793212,,,theorem_covered,True,349099d40410e89a3261b6c0becee8b07d39daa1575ac9899857096efe244fa7,success,success,success,success
inference_diagnostic,aa152561964a7ec3,dgp3_N100_T100_r2026080903_truth1-1-1,3,100,100,2026080903,selected_rank,B_G1_fixed_time,target_unsupported_selected_rank,0.0,False,0,,False,,,,,,,,True,False,0.0,,,0.0,0.6819475314576383,,,theorem_covered,True,349099d40410e89a3261b6c0becee8b07d39daa1575ac9899857096efe244fa7,,,,
inference_diagnostic,aa152561964a7ec3,dgp3_N100_T100_r2026080903_truth1-1-1,3,100,100,2026080903,selected_rank,B_G2_fixed_time,target_unsupported_selected_rank,0.0,False,0,,False,,,,,,,,True,False,0.0,,,0.0,0.6506198635473283,,,theorem_covered,True,349099d40410e89a3261b6c0becee8b07d39daa1575ac9899857096efe244fa7,,,,
inference_diagnostic,aa152561964a7ec3,dgp3_N100_T100_r2026080903_truth1-1-1,3,100,100,2026080903,selected_rank,B_G2_minus_G1_fixed_time,target_unsupported_selected_rank,0.0,False,0,,False,,,,,,,,True,False,0.0,,,0.0,0.10593683598618074,,,weak_target_stress_outside_assumption9,False,349099d40410e89a3261b6c0becee8b07d39daa1575ac9899857096efe244fa7,,,,
inference_diagnostic,aa152561964a7ec3,dgp3_N100_T100_r2026080903_truth1-1-1,3,100,100,2026080903,selected_rank,B_G1_time_average,target_unsupported_selected_rank,0.0,False,0,,False,,,,,,,,True,False,0.0,,,0.0,0.9819841578075016,,,theorem_covered,True,349099d40410e89a3261b6c0becee8b07d39daa1575ac9899857096efe244fa7,success,success,success,success
inference_diagnostic,aa152561964a7ec3,dgp3_N100_T100_r2026080903_truth1-1-1,3,100,100,2026080903,selected_rank,B_G2_time_average,target_unsupported_selected_rank,0.0,False,0,,False,,,,,,,,True,False,0.0,,,0.0,0.9805643145921459,,,theorem_covered,True,349099d40410e89a3261b6c0becee8b07d39daa1575ac9899857096efe244fa7,success,success,success,success
inference_diagnostic,aa152561964a7ec3,dgp3_N100_T100_r2026080903_truth1-1-1,3,100,100,2026080903,selected_rank,B_G2_minus_G1_time_average,target_unsupported_selected_rank,0.0,False,0,,False,,,,,,,,True,False,0.0,,,0.0,0.9664369018122901,,,theorem_covered,True,349099d40410e89a3261b6c0becee8b07d39daa1575ac9899857096efe244fa7,success,success,success,success
inference_diagnostic,aa152561964a7ec3,dgp3_N50_T50_r2026080901_truth1-1-1,3,50,50,2026080901,selected_rank,A_entry,target_unsupported_selected_rank,0.0,False,0,,False,,,,,,,,True,False,0.0,,,0.0,0.2268987662238409,1.2193267155675607,1.388691154617447,theorem_covered,True,b4816eeb0ec04445ef30367efa35b3b8ec7d042786c940a13130e81a1d4b4d31,,,,
inference_diagnostic,aa152561964a7ec3,dgp3_N50_T50_r2026080901_truth1-1-1,3,50,50,2026080901,selected_rank,B_entry,target_unsupported_selected_rank,0.0,False,0,,False,,,,,,,,True,False,0.0,,,0.0,0.25479909127203165,2.088774262982089,1.207811493931738,theorem_covered,True,b4816eeb0ec04445ef30367efa35b3b8ec7d042786c940a13130e81a1d4b4d31,,,,
inference_diagnostic,aa152561964a7ec3,dgp3_N50_T50_r2026080901_truth1-1-1,3,50,50,2026080901,selected_rank,A_fixed_time_mean,target_unsupported_selected_rank,0.0,False,0,,False,,,,,,,,True,False,0.0,,,0.0,0.9965910661605539,,,theorem_covered,True,b4816eeb0ec04445ef30367efa35b3b8ec7d042786c940a13130e81a1d4b4d31,,,,
inference_diagnostic,aa152561964a7ec3,dgp3_N50_T50_r2026080901_truth1-1-1,3,50,50,2026080901,selected_rank,B_fixed_time_mean,target_unsupported_selected_rank,0.0,False,0,,False,,,,,,,,True,False,0.0,,,0.0,0.9241087286744263,,,theorem_covered,True,b4816eeb0ec04445ef30367efa35b3b8ec7d042786c940a13130e81a1d4b4d31,,,,
inference_diagnostic,aa152561964a7ec3,dgp3_N50_T50_r2026080901_truth1-1-1,3,50,50,2026080901,selected_rank,A_full_mean,target_unsupported_selected_rank,0.0,False,0,,False,,,,,,,,True,False,0.0,,,0.0,0.9999013392077459,,,theorem_covered,True,b4816eeb0ec04445ef30367efa35b3b8ec7d042786c940a13130e81a1d4b4d31,success,success,success,success
inference_diagnostic,aa152561964a7ec3,dgp3_N50_T50_r2026080901_truth1-1-1,3,50,50,2026080901,selected_rank,B_full_mean,target_unsupported_selected_rank,0.0,False,0,,False,,,,,,,,True,False,0.0,,,0.0,0.99506230145464,,,theorem_covered,True,b4816eeb0ec04445ef30367efa35b3b8ec7d042786c940a13130e81a1d4b4d31,success,success,success,success
inference_diagnostic,aa152561964a7ec3,dgp3_N50_T50_r2026080901_truth1-1-1,3,50,50,2026080901,selected_rank,A_G1_fixed_time,target_unsupported_selected_rank,0.0,False,0,,False,,,,,,,,True,False,0.0,,,0.0,0.7102868757689481,,,theorem_covered,True,b4816eeb0ec04445ef30367efa35b3b8ec7d042786c940a13130e81a1d4b4d31,,,,
inference_diagnostic,aa152561964a7ec3,dgp3_N50_T50_r2026080901_truth1-1-1,3,50,50,2026080901,selected_rank,A_G2_fixed_time,target_unsupported_selected_rank,0.0,False,0,,False,,,,,,,,True,False,0.0,,,0.0,0.7186775056672327,,,theorem_covered,True,b4816eeb0ec04445ef30367efa35b3b8ec7d042786c940a13130e81a1d4b4d31,,,,
inference_diagnostic,aa152561964a7ec3,dgp3_N50_T50_r2026080901_truth1-1-1,3,50,50,2026080901,selected_rank,A_G2_minus_G1_fixed_time,target_unsupported_selected_rank,0.0,False,0,,False,,,,,,,,True,False,0.0,,,0.0,0.16676645313329239,,,weak_target_stress_outside_assumption9,False,b4816eeb0ec04445ef30367efa35b3b8ec7d042786c940a13130e81a1d4b4d31,,,,
inference_diagnostic,aa152561964a7ec3,dgp3_N50_T50_r2026080901_truth1-1-1,3,50,50,2026080901,selected_rank,A_G1_time_average,target_unsupported_selected_rank,0.0,False,0,,False,,,,,,,,True,False,0.0,,,0.0,0.9927919024322338,,,theorem_covered,True,b4816eeb0ec04445ef30367efa35b3b8ec7d042786c940a13130e81a1d4b4d31,success,success,success,success
inference_diagnostic,aa152561964a7ec3,dgp3_N50_T50_r2026080901_truth1-1-1,3,50,50,2026080901,selected_rank,A_G2_time_average,target_unsupported_selected_rank,0.0,False,0,,False,,,,,,,,True,False,0.0,,,0.0,0.9929669414780502,,,theorem_covered,True,b4816eeb0ec04445ef30367efa35b3b8ec7d042786c940a13130e81a1d4b4d31,success,success,success,success
inference_diagnostic,aa152561964a7ec3,dgp3_N50_T50_r2026080901_truth1-1-1,3,50,50,2026080901,selected_rank,A_G2_minus_G1_time_average,target_unsupported_selected_rank,0.0,False,0,,False,,,,,,,,True,False,0.0,,,0.0,0.9858074965498344,,,theorem_covered,True,b4816eeb0ec04445ef30367efa35b3b8ec7d042786c940a13130e81a1d4b4d31,success,success,success,success
inference_diagnostic,aa152561964a7ec3,dgp3_N50_T50_r2026080901_truth1-1-1,3,50,50,2026080901,selected_rank,B_G1_fixed_time,target_unsupported_selected_rank,0.0,False,0,,False,,,,,,,,True,False,0.0,,,0.0,0.666243272221784,,,theorem_covered,True,b4816eeb0ec04445ef30367efa35b3b8ec7d042786c940a13130e81a1d4b4d31,,,,
inference_diagnostic,aa152561964a7ec3,dgp3_N50_T50_r2026080901_truth1-1-1,3,50,50,2026080901,selected_rank,B_G2_fixed_time,target_unsupported_selected_rank,0.0,False,0,,False,,,,,,,,True,False,0.0,,,0.0,0.6589998750211943,,,theorem_covered,True,b4816eeb0ec04445ef30367efa35b3b8ec7d042786c940a13130e81a1d4b4d31,,,,
inference_diagnostic,aa152561964a7ec3,dgp3_N50_T50_r2026080901_truth1-1-1,3,50,50,2026080901,selected_rank,B_G2_minus_G1_fixed_time,target_unsupported_selected_rank,0.0,False,0,,False,,,,,,,,True,False,0.0,,,0.0,0.15551202733703565,,,weak_target_stress_outside_assumption9,False,b4816eeb0ec04445ef30367efa35b3b8ec7d042786c940a13130e81a1d4b4d31,,,,
inference_diagnostic,aa152561964a7ec3,dgp3_N50_T50_r2026080901_truth1-1-1,3,50,50,2026080901,selected_rank,B_G1_time_average,target_unsupported_selected_rank,0.0,False,0,,False,,,,,,,,True,False,0.0,,,0.0,0.9810621825217124,,,theorem_covered,True,b4816eeb0ec04445ef30367efa35b3b8ec7d042786c940a13130e81a1d4b4d31,success,success,success,success
inference_diagnostic,aa152561964a7ec3,dgp3_N50_T50_r2026080901_truth1-1-1,3,50,50,2026080901,selected_rank,B_G2_time_average,target_unsupported_selected_rank,0.0,False,0,,False,,,,,,,,True,False,0.0,,,0.0,0.9807320836775639,,,theorem_covered,True,b4816eeb0ec04445ef30367efa35b3b8ec7d042786c940a13130e81a1d4b4d31,success,success,success,success
inference_diagnostic,aa152561964a7ec3,dgp3_N50_T50_r2026080901_truth1-1-1,3,50,50,2026080901,selected_rank,B_G2_minus_G1_time_average,target_unsupported_selected_rank,0.0,False,0,,False,,,,,,,,True,False,0.0,,,0.0,0.9665244136350638,,,theorem_covered,True,b4816eeb0ec04445ef30367efa35b3b8ec7d042786c940a13130e81a1d4b4d31,success,success,success,success
inference_diagnostic,aa152561964a7ec3,dgp3_N50_T50_r2026080902_truth1-1-1,3,50,50,2026080902,selected_rank,A_entry,target_unsupported_selected_rank,0.0,False,0,,False,,,,,,,,True,False,0.0,,,0.0,0.22146413326848133,0.7495965309917886,1.7286371941071157,theorem_covered,True,c96fb066423fa1b174db6597b2257f58aabda7b7b561a96da1fd0d38f84d545f,,,,
inference_diagnostic,aa152561964a7ec3,dgp3_N50_T50_r2026080902_truth1-1-1,3,50,50,2026080902,selected_rank,B_entry,target_unsupported_selected_rank,0.0,False,0,,False,,,,,,,,True,False,0.0,,,0.0,0.18911559920261878,0.7152166083361575,1.0885904440574372,theorem_covered,True,c96fb066423fa1b174db6597b2257f58aabda7b7b561a96da1fd0d38f84d545f,,,,
inference_diagnostic,aa152561964a7ec3,dgp3_N50_T50_r2026080902_truth1-1-1,3,50,50,2026080902,selected_rank,A_fixed_time_mean,target_unsupported_selected_rank,0.0,False,0,,False,,,,,,,,True,False,0.0,,,0.0,0.9948282769359543,,,theorem_covered,True,c96fb066423fa1b174db6597b2257f58aabda7b7b561a96da1fd0d38f84d545f,,,,
inference_diagnostic,aa152561964a7ec3,dgp3_N50_T50_r2026080902_truth1-1-1,3,50,50,2026080902,selected_rank,B_fixed_time_mean,target_unsupported_selected_rank,0.0,False,0,,False,,,,,,,,True,False,0.0,,,0.0,0.942792368550465,,,theorem_covered,True,c96fb066423fa1b174db6597b2257f58aabda7b7b561a96da1fd0d38f84d545f,,,,
inference_diagnostic,aa152561964a7ec3,dgp3_N50_T50_r2026080902_truth1-1-1,3,50,50,2026080902,selected_rank,A_full_mean,target_unsupported_selected_rank,0.0,False,0,,False,,,,,,,,True,False,0.0,,,0.0,0.9998184357682998,,,theorem_covered,True,c96fb066423fa1b174db6597b2257f58aabda7b7b561a96da1fd0d38f84d545f,success,success,success,success
inference_diagnostic,aa152561964a7ec3,dgp3_N50_T50_r2026080902_truth1-1-1,3,50,50,2026080902,selected_rank,B_full_mean,target_unsupported_selected_rank,0.0,False,0,,False,,,,,,,,True,False,0.0,,,0.0,0.9972488198675175,,,theorem_covered,True,c96fb066423fa1b174db6597b2257f58aabda7b7b561a96da1fd0d38f84d545f,success,success,success,success
inference_diagnostic,aa152561964a7ec3,dgp3_N50_T50_r2026080902_truth1-1-1,3,50,50,2026080902,selected_rank,A_G1_fixed_time,target_unsupported_selected_rank,0.0,False,0,,False,,,,,,,,True,False,0.0,,,0.0,0.7068261274217067,,,theorem_covered,True,c96fb066423fa1b174db6597b2257f58aabda7b7b561a96da1fd0d38f84d545f,,,,
inference_diagnostic,aa152561964a7ec3,dgp3_N50_T50_r2026080902_truth1-1-1,3,50,50,2026080902,selected_rank,A_G2_fixed_time,target_unsupported_selected_rank,0.0,False,0,,False,,,,,,,,True,False,0.0,,,0.0,0.7244441348524061,,,theorem_covered,True,c96fb066423fa1b174db6597b2257f58aabda7b7b561a96da1fd0d38f84d545f,,,,
inference_diagnostic,aa152561964a7ec3,dgp3_N50_T50_r2026080902_truth1-1-1,3,50,50,2026080902,selected_rank,A_G2_minus_G1_fixed_time,target_unsupported_selected_rank,0.0,False,0,,False,,,,,,,,True,False,0.0,,,0.0,0.1863844906011703,,,weak_target_stress_outside_assumption9,False,c96fb066423fa1b174db6597b2257f58aabda7b7b561a96da1fd0d38f84d545f,,,,
inference_diagnostic,aa152561964a7ec3,dgp3_N50_T50_r2026080902_truth1-1-1,3,50,50,2026080902,selected_rank,A_G1_time_average,target_unsupported_selected_rank,0.0,False,0,,False,,,,,,,,True,False,0.0,,,0.0,0.9911551692402889,,,theorem_covered,True,c96fb066423fa1b174db6597b2257f58aabda7b7b561a96da1fd0d38f84d545f,success,success,success,success
inference_diagnostic,aa152561964a7ec3,dgp3_N50_T50_r2026080902_truth1-1-1,3,50,50,2026080902,selected_rank,A_G2_time_average,target_unsupported_selected_rank,0.0,False,0,,False,,,,,,,,True,False,0.0,,,0.0,0.9916027679508141,,,theorem_covered,True,c96fb066423fa1b174db6597b2257f58aabda7b7b561a96da1fd0d38f84d545f,success,success,success,success
inference_diagnostic,aa152561964a7ec3,dgp3_N50_T50_r2026080902_truth1-1-1,3,50,50,2026080902,selected_rank,A_G2_minus_G1_time_average,target_unsupported_selected_rank,0.0,False,0,,False,,,,,,,,True,False,0.0,,,0.0,0.982867088887048,,,theorem_covered,True,c96fb066423fa1b174db6597b2257f58aabda7b7b561a96da1fd0d38f84d545f,success,success,success,success
inference_diagnostic,aa152561964a7ec3,dgp3_N50_T50_r2026080902_truth1-1-1,3,50,50,2026080902,selected_rank,B_G1_fixed_time,target_unsupported_selected_rank,0.0,False,0,,False,,,,,,,,True,False,0.0,,,0.0,0.7199059236664459,,,theorem_covered,True,c96fb066423fa1b174db6597b2257f58aabda7b7b561a96da1fd0d38f84d545f,,,,
inference_diagnostic,aa152561964a7ec3,dgp3_N50_T50_r2026080902_truth1-1-1,3,50,50,2026080902,selected_rank,B_G2_fixed_time,target_unsupported_selected_rank,0.0,False,0,,False,,,,,,,,True,False,0.0,,,0.0,0.6297860006931799,,,theorem_covered,True,c96fb066423fa1b174db6597b2257f58aabda7b7b561a96da1fd0d38f84d545f,,,,
inference_diagnostic,aa152561964a7ec3,dgp3_N50_T50_r2026080902_truth1-1-1,3,50,50,2026080902,selected_rank,B_G2_minus_G1_fixed_time,target_unsupported_selected_rank,0.0,False,0,,False,,,,,,,,True,False,0.0,,,0.0,0.16136138138400072,,,weak_target_stress_outside_assumption9,False,c96fb066423fa1b174db6597b2257f58aabda7b7b561a96da1fd0d38f84d545f,,,,
inference_diagnostic,aa152561964a7ec3,dgp3_N50_T50_r2026080902_truth1-1-1,3,50,50,2026080902,selected_rank,B_G1_time_average,target_unsupported_selected_rank,0.0,False,0,,False,,,,,,,,True,False,0.0,,,0.0,0.9880199474678004,,,theorem_covered,True,c96fb066423fa1b174db6597b2257f58aabda7b7b561a96da1fd0d38f84d545f,success,success,success,success
inference_diagnostic,aa152561964a7ec3,dgp3_N50_T50_r2026080902_truth1-1-1,3,50,50,2026080902,selected_rank,B_G2_time_average,target_unsupported_selected_rank,0.0,False,0,,False,,,,,,,,True,False,0.0,,,0.0,0.9849720455848637,,,theorem_covered,True,c96fb066423fa1b174db6597b2257f58aabda7b7b561a96da1fd0d38f84d545f,success,success,success,success
inference_diagnostic,aa152561964a7ec3,dgp3_N50_T50_r2026080902_truth1-1-1,3,50,50,2026080902,selected_rank,B_G2_minus_G1_time_average,target_unsupported_selected_rank,0.0,False,0,,False,,,,,,,,True,False,0.0,,,0.0,0.9756270488515357,,,theorem_covered,True,c96fb066423fa1b174db6597b2257f58aabda7b7b561a96da1fd0d38f84d545f,success,success,success,success
inference_diagnostic,aa152561964a7ec3,dgp3_N50_T50_r2026080903_truth1-1-1,3,50,50,2026080903,selected_rank,A_entry,target_unsupported_selected_rank,0.0,False,0,,False,,,,,,,,True,False,0.0,,,0.0,0.22529676489194797,1.2160511432696857,1.3548313546237565,theorem_covered,True,6fb83e7a9b613aff311a8dff6a9d158909e60b218ab5f9041bc71bb7d21e1b75,,,,
inference_diagnostic,aa152561964a7ec3,dgp3_N50_T50_r2026080903_truth1-1-1,3,50,50,2026080903,selected_rank,B_entry,target_unsupported_selected_rank,0.0,False,0,,False,,,,,,,,True,False,0.0,,,0.0,0.1994051330013934,1.0745278754460783,0.9336572936826019,theorem_covered,True,6fb83e7a9b613aff311a8dff6a9d158909e60b218ab5f9041bc71bb7d21e1b75,,,,
inference_diagnostic,aa152561964a7ec3,dgp3_N50_T50_r2026080903_truth1-1-1,3,50,50,2026080903,selected_rank,A_fixed_time_mean,target_unsupported_selected_rank,0.0,False,0,,False,,,,,,,,True,False,0.0,,,0.0,0.9949354514054407,,,theorem_covered,True,6fb83e7a9b613aff311a8dff6a9d158909e60b218ab5f9041bc71bb7d21e1b75,,,,
inference_diagnostic,aa152561964a7ec3,dgp3_N50_T50_r2026080903_truth1-1-1,3,50,50,2026080903,selected_rank,B_fixed_time_mean,target_unsupported_selected_rank,0.0,False,0,,False,,,,,,,,True,False,0.0,,,0.0,0.8973881007899437,,,theorem_covered,True,6fb83e7a9b613aff311a8dff6a9d158909e60b218ab5f9041bc71bb7d21e1b75,,,,
inference_diagnostic,aa152561964a7ec3,dgp3_N50_T50_r2026080903_truth1-1-1,3,50,50,2026080903,selected_rank,A_full_mean,target_unsupported_selected_rank,0.0,False,0,,False,,,,,,,,True,False,0.0,,,0.0,0.9997771486373768,,,theorem_covered,True,6fb83e7a9b613aff311a8dff6a9d158909e60b218ab5f9041bc71bb7d21e1b75,success,success,success,success
inference_diagnostic,aa152561964a7ec3,dgp3_N50_T50_r2026080903_truth1-1-1,3,50,50,2026080903,selected_rank,B_full_mean,target_unsupported_selected_rank,0.0,False,0,,False,,,,,,,,True,False,0.0,,,0.0,0.9939294476140437,,,theorem_covered,True,6fb83e7a9b613aff311a8dff6a9d158909e60b218ab5f9041bc71bb7d21e1b75,success,success,success,success
inference_diagnostic,aa152561964a7ec3,dgp3_N50_T50_r2026080903_truth1-1-1,3,50,50,2026080903,selected_rank,A_G1_fixed_time,target_unsupported_selected_rank,0.0,False,0,,False,,,,,,,,True,False,0.0,,,0.0,0.7113988135728581,,,theorem_covered,True,6fb83e7a9b613aff311a8dff6a9d158909e60b218ab5f9041bc71bb7d21e1b75,,,,
inference_diagnostic,aa152561964a7ec3,dgp3_N50_T50_r2026080903_truth1-1-1,3,50,50,2026080903,selected_rank,A_G2_fixed_time,target_unsupported_selected_rank,0.0,False,0,,False,,,,,,,,True,False,0.0,,,0.0,0.7147803486457256,,,theorem_covered,True,6fb83e7a9b613aff311a8dff6a9d158909e60b218ab5f9041bc71bb7d21e1b75,,,,
inference_diagnostic,aa152561964a7ec3,dgp3_N50_T50_r2026080903_truth1-1-1,3,50,50,2026080903,selected_rank,A_G2_minus_G1_fixed_time,target_unsupported_selected_rank,0.0,False,0,,False,,,,,,,,True,False,0.0,,,0.0,0.16462887444074473,,,weak_target_stress_outside_assumption9,False,6fb83e7a9b613aff311a8dff6a9d158909e60b218ab5f9041bc71bb7d21e1b75,,,,
inference_diagnostic,aa152561964a7ec3,dgp3_N50_T50_r2026080903_truth1-1-1,3,50,50,2026080903,selected_rank,A_G1_time_average,target_unsupported_selected_rank,0.0,False,0,,False,,,,,,,,True,False,0.0,,,0.0,0.98904703777794,,,theorem_covered,True,6fb83e7a9b613aff311a8dff6a9d158909e60b218ab5f9041bc71bb7d21e1b75,success,success,success,success
inference_diagnostic,aa152561964a7ec3,dgp3_N50_T50_r2026080903_truth1-1-1,3,50,50,2026080903,selected_rank,A_G2_time_average,target_unsupported_selected_rank,0.0,False,0,,False,,,,,,,,True,False,0.0,,,0.0,0.9891545715144837,,,theorem_covered,True,6fb83e7a9b613aff311a8dff6a9d158909e60b218ab5f9041bc71bb7d21e1b75,success,success,success,success
inference_diagnostic,aa152561964a7ec3,dgp3_N50_T50_r2026080903_truth1-1-1,3,50,50,2026080903,selected_rank,A_G2_minus_G1_time_average,target_unsupported_selected_rank,0.0,False,0,,False,,,,,,,,True,False,0.0,,,0.0,0.9783079588492796,,,theorem_covered,True,6fb83e7a9b613aff311a8dff6a9d158909e60b218ab5f9041bc71bb7d21e1b75,success,success,success,success
inference_diagnostic,aa152561964a7ec3,dgp3_N50_T50_r2026080903_truth1-1-1,3,50,50,2026080903,selected_rank,B_G1_fixed_time,target_unsupported_selected_rank,0.0,False,0,,False,,,,,,,,True,False,0.0,,,0.0,0.6916540239663291,,,theorem_covered,True,6fb83e7a9b613aff311a8dff6a9d158909e60b218ab5f9041bc71bb7d21e1b75,,,,
inference_diagnostic,aa152561964a7ec3,dgp3_N50_T50_r2026080903_truth1-1-1,3,50,50,2026080903,selected_rank,B_G2_fixed_time,target_unsupported_selected_rank,0.0,False,0,,False,,,,,,,,True,False,0.0,,,0.0,0.5922576203822075,,,theorem_covered,True,6fb83e7a9b613aff311a8dff6a9d158909e60b218ab5f9041bc71bb7d21e1b75,,,,
inference_diagnostic,aa152561964a7ec3,dgp3_N50_T50_r2026080903_truth1-1-1,3,50,50,2026080903,selected_rank,B_G2_minus_G1_fixed_time,target_unsupported_selected_rank,0.0,False,0,,False,,,,,,,,True,False,0.0,,,0.0,0.1544311313506062,,,weak_target_stress_outside_assumption9,False,6fb83e7a9b613aff311a8dff6a9d158909e60b218ab5f9041bc71bb7d21e1b75,,,,
inference_diagnostic,aa152561964a7ec3,dgp3_N50_T50_r2026080903_truth1-1-1,3,50,50,2026080903,selected_rank,B_G1_time_average,target_unsupported_selected_rank,0.0,False,0,,False,,,,,,,,True,False,0.0,,,0.0,0.9836518550914962,,,theorem_covered,True,6fb83e7a9b613aff311a8dff6a9d158909e60b218ab5f9041bc71bb7d21e1b75,success,success,success,success
inference_diagnostic,aa152561964a7ec3,dgp3_N50_T50_r2026080903_truth1-1-1,3,50,50,2026080903,selected_rank,B_G2_time_average,target_unsupported_selected_rank,0.0,False,0,,False,,,,,,,,True,False,0.0,,,0.0,0.9796106439891635,,,theorem_covered,True,6fb83e7a9b613aff311a8dff6a9d158909e60b218ab5f9041bc71bb7d21e1b75,success,success,success,success
inference_diagnostic,aa152561964a7ec3,dgp3_N50_T50_r2026080903_truth1-1-1,3,50,50,2026080903,selected_rank,B_G2_minus_G1_time_average,target_unsupported_selected_rank,0.0,False,0,,False,,,,,,,,True,False,0.0,,,0.0,0.9691812209321099,,,theorem_covered,True,6fb83e7a9b613aff311a8dff6a9d158909e60b218ab5f9041bc71bb7d21e1b75,success,success,success,success
inference_diagnostic,aa152561964a7ec3,dgp4_N100_T100_r2026080901_truth1-1-1,4,100,100,2026080901,selected_rank,A_entry,target_unsupported_selected_rank,0.0,False,0,,False,,,,,,,,True,False,0.0,,,0.0,0.11684192136697222,0.7547914165696107,0.6150544202744241,theorem_covered,True,673c651ab23354886ca6e9c3267d76761aa53585c582f93b414a0c36ede3f1fb,,,,
inference_diagnostic,aa152561964a7ec3,dgp4_N100_T100_r2026080901_truth1-1-1,4,100,100,2026080901,selected_rank,B_entry,target_unsupported_selected_rank,0.0,False,0,,False,,,,,,,,True,False,0.0,,,0.0,0.10054944005861677,0.19914478603173347,0.8134942349319387,theorem_covered,True,673c651ab23354886ca6e9c3267d76761aa53585c582f93b414a0c36ede3f1fb,,,,
inference_diagnostic,aa152561964a7ec3,dgp4_N100_T100_r2026080901_truth1-1-1,4,100,100,2026080901,selected_rank,A_fixed_time_mean,target_unsupported_selected_rank,0.0,False,0,,False,,,,,,,,True,False,0.0,,,0.0,0.9924403303200501,,,theorem_covered,True,673c651ab23354886ca6e9c3267d76761aa53585c582f93b414a0c36ede3f1fb,,,,
inference_diagnostic,aa152561964a7ec3,dgp4_N100_T100_r2026080901_truth1-1-1,4,100,100,2026080901,selected_rank,B_fixed_time_mean,target_unsupported_selected_rank,0.0,False,0,,False,,,,,,,,True,False,0.0,,,0.0,0.9523819850687872,,,theorem_covered,True,673c651ab23354886ca6e9c3267d76761aa53585c582f93b414a0c36ede3f1fb,,,,
inference_diagnostic,aa152561964a7ec3,dgp4_N100_T100_r2026080901_truth1-1-1,4,100,100,2026080901,selected_rank,A_full_mean,target_unsupported_selected_rank,0.0,False,0,,False,,,,,,,,True,False,0.0,,,0.0,0.9997197293283426,,,theorem_covered,True,673c651ab23354886ca6e9c3267d76761aa53585c582f93b414a0c36ede3f1fb,success,success,success,success
inference_diagnostic,aa152561964a7ec3,dgp4_N100_T100_r2026080901_truth1-1-1,4,100,100,2026080901,selected_rank,B_full_mean,target_unsupported_selected_rank,0.0,False,0,,False,,,,,,,,True,False,0.0,,,0.0,0.9972091056459231,,,theorem_covered,True,673c651ab23354886ca6e9c3267d76761aa53585c582f93b414a0c36ede3f1fb,success,success,success,success
inference_diagnostic,aa152561964a7ec3,dgp4_N100_T100_r2026080901_truth1-1-1,4,100,100,2026080901,selected_rank,A_G1_fixed_time,target_unsupported_selected_rank,0.0,False,0,,False,,,,,,,,True,False,0.0,,,0.0,0.6371407533224904,,,theorem_covered,True,673c651ab23354886ca6e9c3267d76761aa53585c582f93b414a0c36ede3f1fb,,,,
inference_diagnostic,aa152561964a7ec3,dgp4_N100_T100_r2026080901_truth1-1-1,4,100,100,2026080901,selected_rank,A_G2_fixed_time,target_unsupported_selected_rank,0.0,False,0,,False,,,,,,,,True,False,0.0,,,0.0,0.7708377347730739,,,theorem_covered,True,673c651ab23354886ca6e9c3267d76761aa53585c582f93b414a0c36ede3f1fb,,,,
inference_diagnostic,aa152561964a7ec3,dgp4_N100_T100_r2026080901_truth1-1-1,4,100,100,2026080901,selected_rank,A_G2_minus_G1_fixed_time,target_unsupported_selected_rank,0.0,False,0,,False,,,,,,,,True,False,0.0,,,0.0,0.12329372915385782,,,theorem_covered,True,673c651ab23354886ca6e9c3267d76761aa53585c582f93b414a0c36ede3f1fb,,,,
inference_diagnostic,aa152561964a7ec3,dgp4_N100_T100_r2026080901_truth1-1-1,4,100,100,2026080901,selected_rank,A_G1_time_average,target_unsupported_selected_rank,0.0,False,0,,False,,,,,,,,True,False,0.0,,,0.0,0.9888859337776387,,,theorem_covered,True,673c651ab23354886ca6e9c3267d76761aa53585c582f93b414a0c36ede3f1fb,success,success,success,success
inference_diagnostic,aa152561964a7ec3,dgp4_N100_T100_r2026080901_truth1-1-1,4,100,100,2026080901,selected_rank,A_G2_time_average,target_unsupported_selected_rank,0.0,False,0,,False,,,,,,,,True,False,0.0,,,0.0,0.9924212189881969,,,theorem_covered,True,673c651ab23354886ca6e9c3267d76761aa53585c582f93b414a0c36ede3f1fb,success,success,success,success
inference_diagnostic,aa152561964a7ec3,dgp4_N100_T100_r2026080901_truth1-1-1,4,100,100,2026080901,selected_rank,A_G2_minus_G1_time_average,target_unsupported_selected_rank,0.0,False,0,,False,,,,,,,,True,False,0.0,,,0.0,0.9815068663605772,,,theorem_covered,True,673c651ab23354886ca6e9c3267d76761aa53585c582f93b414a0c36ede3f1fb,success,success,success,success
inference_diagnostic,aa152561964a7ec3,dgp4_N100_T100_r2026080901_truth1-1-1,4,100,100,2026080901,selected_rank,B_G1_fixed_time,target_unsupported_selected_rank,0.0,False,0,,False,,,,,,,,True,False,0.0,,,0.0,0.5417491671405669,,,theorem_covered,True,673c651ab23354886ca6e9c3267d76761aa53585c582f93b414a0c36ede3f1fb,,,,
inference_diagnostic,aa152561964a7ec3,dgp4_N100_T100_r2026080901_truth1-1-1,4,100,100,2026080901,selected_rank,B_G2_fixed_time,target_unsupported_selected_rank,0.0,False,0,,False,,,,,,,,True,False,0.0,,,0.0,0.8116565505781669,,,theorem_covered,True,673c651ab23354886ca6e9c3267d76761aa53585c582f93b414a0c36ede3f1fb,,,,
inference_diagnostic,aa152561964a7ec3,dgp4_N100_T100_r2026080901_truth1-1-1,4,100,100,2026080901,selected_rank,B_G2_minus_G1_fixed_time,target_unsupported_selected_rank,0.0,False,0,,False,,,,,,,,True,False,0.0,,,0.0,0.21271358844790286,,,theorem_covered,True,673c651ab23354886ca6e9c3267d76761aa53585c582f93b414a0c36ede3f1fb,,,,
inference_diagnostic,aa152561964a7ec3,dgp4_N100_T100_r2026080901_truth1-1-1,4,100,100,2026080901,selected_rank,B_G1_time_average,target_unsupported_selected_rank,0.0,False,0,,False,,,,,,,,True,False,0.0,,,0.0,0.9785912277474783,,,theorem_covered,True,673c651ab23354886ca6e9c3267d76761aa53585c582f93b414a0c36ede3f1fb,success,success,success,success
inference_diagnostic,aa152561964a7ec3,dgp4_N100_T100_r2026080901_truth1-1-1,4,100,100,2026080901,selected_rank,B_G2_time_average,target_unsupported_selected_rank,0.0,False,0,,False,,,,,,,,True,False,0.0,,,0.0,0.9897182828054064,,,theorem_covered,True,673c651ab23354886ca6e9c3267d76761aa53585c582f93b414a0c36ede3f1fb,success,success,success,success
inference_diagnostic,aa152561964a7ec3,dgp4_N100_T100_r2026080901_truth1-1-1,4,100,100,2026080901,selected_rank,B_G2_minus_G1_time_average,target_unsupported_selected_rank,0.0,False,0,,False,,,,,,,,True,False,0.0,,,0.0,0.9709567806861745,,,theorem_covered,True,673c651ab23354886ca6e9c3267d76761aa53585c582f93b414a0c36ede3f1fb,success,success,success,success
inference_diagnostic,aa152561964a7ec3,dgp4_N100_T100_r2026080902_truth1-1-1,4,100,100,2026080902,selected_rank,A_entry,target_unsupported_selected_rank,0.0,False,0,,False,,,,,,,,True,False,0.0,,,0.0,0.12414576074522864,0.6158374167203093,0.9311137210673965,theorem_covered,True,a439177546ba3960f04b232817dab5cbc9466597692ef97cbc96b315202bf663,,,,
inference_diagnostic,aa152561964a7ec3,dgp4_N100_T100_r2026080902_truth1-1-1,4,100,100,2026080902,selected_rank,B_entry,target_unsupported_selected_rank,0.0,False,0,,False,,,,,,,,True,False,0.0,,,0.0,0.11602420258994622,0.13884421916463754,1.208995960499738,theorem_covered,True,a439177546ba3960f04b232817dab5cbc9466597692ef97cbc96b315202bf663,,,,
inference_diagnostic,aa152561964a7ec3,dgp4_N100_T100_r2026080902_truth1-1-1,4,100,100,2026080902,selected_rank,A_fixed_time_mean,target_unsupported_selected_rank,0.0,False,0,,False,,,,,,,,True,False,0.0,,,0.0,0.9919479737595789,,,theorem_covered,True,a439177546ba3960f04b232817dab5cbc9466597692ef97cbc96b315202bf663,,,,
inference_diagnostic,aa152561964a7ec3,dgp4_N100_T100_r2026080902_truth1-1-1,4,100,100,2026080902,selected_rank,B_fixed_time_mean,target_unsupported_selected_rank,0.0,False,0,,False,,,,,,,,True,False,0.0,,,0.0,0.9536462456700281,,,theorem_covered,True,a439177546ba3960f04b232817dab5cbc9466597692ef97cbc96b315202bf663,,,,
inference_diagnostic,aa152561964a7ec3,dgp4_N100_T100_r2026080902_truth1-1-1,4,100,100,2026080902,selected_rank,A_full_mean,target_unsupported_selected_rank,0.0,False,0,,False,,,,,,,,True,False,0.0,,,0.0,0.9997036109989033,,,theorem_covered,True,a439177546ba3960f04b232817dab5cbc9466597692ef97cbc96b315202bf663,success,success,success,success
inference_diagnostic,aa152561964a7ec3,dgp4_N100_T100_r2026080902_truth1-1-1,4,100,100,2026080902,selected_rank,B_full_mean,target_unsupported_selected_rank,0.0,False,0,,False,,,,,,,,True,False,0.0,,,0.0,0.9971072038996404,,,theorem_covered,True,a439177546ba3960f04b232817dab5cbc9466597692ef97cbc96b315202bf663,success,success,success,success
inference_diagnostic,aa152561964a7ec3,dgp4_N100_T100_r2026080902_truth1-1-1,4,100,100,2026080902,selected_rank,A_G1_fixed_time,target_unsupported_selected_rank,0.0,False,0,,False,,,,,,,,True,False,0.0,,,0.0,0.6347250826330852,,,theorem_covered,True,a439177546ba3960f04b232817dab5cbc9466597692ef97cbc96b315202bf663,,,,
inference_diagnostic,aa152561964a7ec3,dgp4_N100_T100_r2026080902_truth1-1-1,4,100,100,2026080902,selected_rank,A_G2_fixed_time,target_unsupported_selected_rank,0.0,False,0,,False,,,,,,,,True,False,0.0,,,0.0,0.7748574287136629,,,theorem_covered,True,a439177546ba3960f04b232817dab5cbc9466597692ef97cbc96b315202bf663,,,,
inference_diagnostic,aa152561964a7ec3,dgp4_N100_T100_r2026080902_truth1-1-1,4,100,100,2026080902,selected_rank,A_G2_minus_G1_fixed_time,target_unsupported_selected_rank,0.0,False,0,,False,,,,,,,,True,False,0.0,,,0.0,0.13899346283402247,,,theorem_covered,True,a439177546ba3960f04b232817dab5cbc9466597692ef97cbc96b315202bf663,,,,
inference_diagnostic,aa152561964a7ec3,dgp4_N100_T100_r2026080902_truth1-1-1,4,100,100,2026080902,selected_rank,A_G1_time_average,target_unsupported_selected_rank,0.0,False,0,,False,,,,,,,,True,False,0.0,,,0.0,0.9889058279074704,,,theorem_covered,True,a439177546ba3960f04b232817dab5cbc9466597692ef97cbc96b315202bf663,success,success,success,success
inference_diagnostic,aa152561964a7ec3,dgp4_N100_T100_r2026080902_truth1-1-1,4,100,100,2026080902,selected_rank,A_G2_time_average,target_unsupported_selected_rank,0.0,False,0,,False,,,,,,,,True,False,0.0,,,0.0,0.992589495093258,,,theorem_covered,True,a439177546ba3960f04b232817dab5cbc9466597692ef97cbc96b315202bf663,success,success,success,success
inference_diagnostic,aa152561964a7ec3,dgp4_N100_T100_r2026080902_truth1-1-1,4,100,100,2026080902,selected_rank,A_G2_minus_G1_time_average,target_unsupported_selected_rank,0.0,False,0,,False,,,,,,,,True,False,0.0,,,0.0,0.9817134675630185,,,theorem_covered,True,a439177546ba3960f04b232817dab5cbc9466597692ef97cbc96b315202bf663,success,success,success,success
inference_diagnostic,aa152561964a7ec3,dgp4_N100_T100_r2026080902_truth1-1-1,4,100,100,2026080902,selected_rank,B_G1_fixed_time,target_unsupported_selected_rank,0.0,False,0,,False,,,,,,,,True,False,0.0,,,0.0,0.5580734934486126,,,theorem_covered,True,a439177546ba3960f04b232817dab5cbc9466597692ef97cbc96b315202bf663,,,,
inference_diagnostic,aa152561964a7ec3,dgp4_N100_T100_r2026080902_truth1-1-1,4,100,100,2026080902,selected_rank,B_G2_fixed_time,target_unsupported_selected_rank,0.0,False,0,,False,,,,,,,,True,False,0.0,,,0.0,0.8001217079846098,,,theorem_covered,True,a439177546ba3960f04b232817dab5cbc9466597692ef97cbc96b315202bf663,,,,
inference_diagnostic,aa152561964a7ec3,dgp4_N100_T100_r2026080902_truth1-1-1,4,100,100,2026080902,selected_rank,B_G2_minus_G1_fixed_time,target_unsupported_selected_rank,0.0,False,0,,False,,,,,,,,True,False,0.0,,,0.0,0.2054254361017849,,,theorem_covered,True,a439177546ba3960f04b232817dab5cbc9466597692ef97cbc96b315202bf663,,,,
inference_diagnostic,aa152561964a7ec3,dgp4_N100_T100_r2026080902_truth1-1-1,4,100,100,2026080902,selected_rank,B_G1_time_average,target_unsupported_selected_rank,0.0,False,0,,False,,,,,,,,True,False,0.0,,,0.0,0.977790123360787,,,theorem_covered,True,a439177546ba3960f04b232817dab5cbc9466597692ef97cbc96b315202bf663,success,success,success,success
inference_diagnostic,aa152561964a7ec3,dgp4_N100_T100_r2026080902_truth1-1-1,4,100,100,2026080902,selected_rank,B_G2_time_average,target_unsupported_selected_rank,0.0,False,0,,False,,,,,,,,True,False,0.0,,,0.0,0.9884564396680262,,,theorem_covered,True,a439177546ba3960f04b232817dab5cbc9466597692ef97cbc96b315202bf663,success,success,success,success
inference_diagnostic,aa152561964a7ec3,dgp4_N100_T100_r2026080902_truth1-1-1,4,100,100,2026080902,selected_rank,B_G2_minus_G1_time_average,target_unsupported_selected_rank,0.0,False,0,,False,,,,,,,,True,False,0.0,,,0.0,0.9689669150154391,,,theorem_covered,True,a439177546ba3960f04b232817dab5cbc9466597692ef97cbc96b315202bf663,success,success,success,success
inference_diagnostic,aa152561964a7ec3,dgp4_N100_T100_r2026080903_truth1-1-1,4,100,100,2026080903,selected_rank,A_entry,target_unsupported_selected_rank,0.0,False,0,,False,,,,,,,,True,False,0.0,,,0.0,0.1439470712251441,0.8795631183584964,1.2030947911328713,theorem_covered,True,102412e519b349051e880e413c96805747a1f22053d1abace5e0953dcc4138b9,,,,
inference_diagnostic,aa152561964a7ec3,dgp4_N100_T100_r2026080903_truth1-1-1,4,100,100,2026080903,selected_rank,B_entry,target_unsupported_selected_rank,0.0,False,0,,False,,,,,,,,True,False,0.0,,,0.0,0.09608385311678587,0.6506446787414135,0.27435105477435506,theorem_covered,True,102412e519b349051e880e413c96805747a1f22053d1abace5e0953dcc4138b9,,,,
inference_diagnostic,aa152561964a7ec3,dgp4_N100_T100_r2026080903_truth1-1-1,4,100,100,2026080903,selected_rank,A_fixed_time_mean,target_unsupported_selected_rank,0.0,False,0,,False,,,,,,,,True,False,0.0,,,0.0,0.9905842638293563,,,theorem_covered,True,102412e519b349051e880e413c96805747a1f22053d1abace5e0953dcc4138b9,,,,
inference_diagnostic,aa152561964a7ec3,dgp4_N100_T100_r2026080903_truth1-1-1,4,100,100,2026080903,selected_rank,B_fixed_time_mean,target_unsupported_selected_rank,0.0,False,0,,False,,,,,,,,True,False,0.0,,,0.0,0.9531184828080626,,,theorem_covered,True,102412e519b349051e880e413c96805747a1f22053d1abace5e0953dcc4138b9,,,,
inference_diagnostic,aa152561964a7ec3,dgp4_N100_T100_r2026080903_truth1-1-1,4,100,100,2026080903,selected_rank,A_full_mean,target_unsupported_selected_rank,0.0,False,0,,False,,,,,,,,True,False,0.0,,,0.0,0.999720683470306,,,theorem_covered,True,102412e519b349051e880e413c96805747a1f22053d1abace5e0953dcc4138b9,success,success,success,success
inference_diagnostic,aa152561964a7ec3,dgp4_N100_T100_r2026080903_truth1-1-1,4,100,100,2026080903,selected_rank,B_full_mean,target_unsupported_selected_rank,0.0,False,0,,False,,,,,,,,True,False,0.0,,,0.0,0.9965908631018101,,,theorem_covered,True,102412e519b349051e880e413c96805747a1f22053d1abace5e0953dcc4138b9,success,success,success,success
inference_diagnostic,aa152561964a7ec3,dgp4_N100_T100_r2026080903_truth1-1-1,4,100,100,2026080903,selected_rank,A_G1_fixed_time,target_unsupported_selected_rank,0.0,False,0,,False,,,,,,,,True,False,0.0,,,0.0,0.6269016414696263,,,theorem_covered,True,102412e519b349051e880e413c96805747a1f22053d1abace5e0953dcc4138b9,,,,
inference_diagnostic,aa152561964a7ec3,dgp4_N100_T100_r2026080903_truth1-1-1,4,100,100,2026080903,selected_rank,A_G2_fixed_time,target_unsupported_selected_rank,0.0,False,0,,False,,,,,,,,True,False,0.0,,,0.0,0.7827745974163125,,,theorem_covered,True,102412e519b349051e880e413c96805747a1f22053d1abace5e0953dcc4138b9,,,,
inference_diagnostic,aa152561964a7ec3,dgp4_N100_T100_r2026080903_truth1-1-1,4,100,100,2026080903,selected_rank,A_G2_minus_G1_fixed_time,target_unsupported_selected_rank,0.0,False,0,,False,,,,,,,,True,False,0.0,,,0.0,0.15647541241752513,,,theorem_covered,True,102412e519b349051e880e413c96805747a1f22053d1abace5e0953dcc4138b9,,,,
inference_diagnostic,aa152561964a7ec3,dgp4_N100_T100_r2026080903_truth1-1-1,4,100,100,2026080903,selected_rank,A_G1_time_average,target_unsupported_selected_rank,0.0,False,0,,False,,,,,,,,True,False,0.0,,,0.0,0.990914199003183,,,theorem_covered,True,102412e519b349051e880e413c96805747a1f22053d1abace5e0953dcc4138b9,success,success,success,success
inference_diagnostic,aa152561964a7ec3,dgp4_N100_T100_r2026080903_truth1-1-1,4,100,100,2026080903,selected_rank,A_G2_time_average,target_unsupported_selected_rank,0.0,False,0,,False,,,,,,,,True,False,0.0,,,0.0,0.9942128242458719,,,theorem_covered,True,102412e519b349051e880e413c96805747a1f22053d1abace5e0953dcc4138b9,success,success,success,success
inference_diagnostic,aa152561964a7ec3,dgp4_N100_T100_r2026080903_truth1-1-1,4,100,100,2026080903,selected_rank,A_G2_minus_G1_time_average,target_unsupported_selected_rank,0.0,False,0,,False,,,,,,,,True,False,0.0,,,0.0,0.985357115325576,,,theorem_covered,True,102412e519b349051e880e413c96805747a1f22053d1abace5e0953dcc4138b9,success,success,success,success
inference_diagnostic,aa152561964a7ec3,dgp4_N100_T100_r2026080903_truth1-1-1,4,100,100,2026080903,selected_rank,B_G1_fixed_time,target_unsupported_selected_rank,0.0,False,0,,False,,,,,,,,True,False,0.0,,,0.0,0.522938043708786,,,theorem_covered,True,102412e519b349051e880e413c96805747a1f22053d1abace5e0953dcc4138b9,,,,
inference_diagnostic,aa152561964a7ec3,dgp4_N100_T100_r2026080903_truth1-1-1,4,100,100,2026080903,selected_rank,B_G2_fixed_time,target_unsupported_selected_rank,0.0,False,0,,False,,,,,,,,True,False,0.0,,,0.0,0.827227829026154,,,theorem_covered,True,102412e519b349051e880e413c96805747a1f22053d1abace5e0953dcc4138b9,,,,
inference_diagnostic,aa152561964a7ec3,dgp4_N100_T100_r2026080903_truth1-1-1,4,100,100,2026080903,selected_rank,B_G2_minus_G1_fixed_time,target_unsupported_selected_rank,0.0,False,0,,False,,,,,,,,True,False,0.0,,,0.0,0.2221153673273283,,,theorem_covered,True,102412e519b349051e880e413c96805747a1f22053d1abace5e0953dcc4138b9,,,,
inference_diagnostic,aa152561964a7ec3,dgp4_N100_T100_r2026080903_truth1-1-1,4,100,100,2026080903,selected_rank,B_G1_time_average,target_unsupported_selected_rank,0.0,False,0,,False,,,,,,,,True,False,0.0,,,0.0,0.9726210601453744,,,theorem_covered,True,102412e519b349051e880e413c96805747a1f22053d1abace5e0953dcc4138b9,success,success,success,success
inference_diagnostic,aa152561964a7ec3,dgp4_N100_T100_r2026080903_truth1-1-1,4,100,100,2026080903,selected_rank,B_G2_time_average,target_unsupported_selected_rank,0.0,False,0,,False,,,,,,,,True,False,0.0,,,0.0,0.9881965094371266,,,theorem_covered,True,102412e519b349051e880e413c96805747a1f22053d1abace5e0953dcc4138b9,success,success,success,success
inference_diagnostic,aa152561964a7ec3,dgp4_N100_T100_r2026080903_truth1-1-1,4,100,100,2026080903,selected_rank,B_G2_minus_G1_time_average,target_unsupported_selected_rank,0.0,False,0,,False,,,,,,,,True,False,0.0,,,0.0,0.964018007862937,,,theorem_covered,True,102412e519b349051e880e413c96805747a1f22053d1abace5e0953dcc4138b9,success,success,success,success
inference_diagnostic,aa152561964a7ec3,dgp4_N50_T50_r2026080901_truth1-1-1,4,50,50,2026080901,selected_rank,A_entry,target_unsupported_selected_rank,0.0,False,0,,False,,,,,,,,True,False,0.0,,,0.0,0.17661922046994394,0.8969144768697013,0.6749097007240165,theorem_covered,True,a1b997dcb183691ba1ba367a6e2155d66291753ed9f53dbabe9d6f1e37fcdd9f,,,,
inference_diagnostic,aa152561964a7ec3,dgp4_N50_T50_r2026080901_truth1-1-1,4,50,50,2026080901,selected_rank,B_entry,target_unsupported_selected_rank,0.0,False,0,,False,,,,,,,,True,False,0.0,,,0.0,0.24469062435788091,1.327799934007139,1.7113209862782457,theorem_covered,True,a1b997dcb183691ba1ba367a6e2155d66291753ed9f53dbabe9d6f1e37fcdd9f,,,,
inference_diagnostic,aa152561964a7ec3,dgp4_N50_T50_r2026080901_truth1-1-1,4,50,50,2026080901,selected_rank,A_fixed_time_mean,target_unsupported_selected_rank,0.0,False,0,,False,,,,,,,,True,False,0.0,,,0.0,0.9922033785917871,,,theorem_covered,True,a1b997dcb183691ba1ba367a6e2155d66291753ed9f53dbabe9d6f1e37fcdd9f,,,,
inference_diagnostic,aa152561964a7ec3,dgp4_N50_T50_r2026080901_truth1-1-1,4,50,50,2026080901,selected_rank,B_fixed_time_mean,target_unsupported_selected_rank,0.0,False,0,,False,,,,,,,,True,False,0.0,,,0.0,0.9385828253166717,,,theorem_covered,True,a1b997dcb183691ba1ba367a6e2155d66291753ed9f53dbabe9d6f1e37fcdd9f,,,,
inference_diagnostic,aa152561964a7ec3,dgp4_N50_T50_r2026080901_truth1-1-1,4,50,50,2026080901,selected_rank,A_full_mean,target_unsupported_selected_rank,0.0,False,0,,False,,,,,,,,True,False,0.0,,,0.0,0.999722820990399,,,theorem_covered,True,a1b997dcb183691ba1ba367a6e2155d66291753ed9f53dbabe9d6f1e37fcdd9f,success,success,success,success
inference_diagnostic,aa152561964a7ec3,dgp4_N50_T50_r2026080901_truth1-1-1,4,50,50,2026080901,selected_rank,B_full_mean,target_unsupported_selected_rank,0.0,False,0,,False,,,,,,,,True,False,0.0,,,0.0,0.9963676477183465,,,theorem_covered,True,a1b997dcb183691ba1ba367a6e2155d66291753ed9f53dbabe9d6f1e37fcdd9f,success,success,success,success
inference_diagnostic,aa152561964a7ec3,dgp4_N50_T50_r2026080901_truth1-1-1,4,50,50,2026080901,selected_rank,A_G1_fixed_time,target_unsupported_selected_rank,0.0,False,0,,False,,,,,,,,True,False,0.0,,,0.0,0.6391258303081754,,,theorem_covered,True,a1b997dcb183691ba1ba367a6e2155d66291753ed9f53dbabe9d6f1e37fcdd9f,,,,
inference_diagnostic,aa152561964a7ec3,dgp4_N50_T50_r2026080901_truth1-1-1,4,50,50,2026080901,selected_rank,A_G2_fixed_time,target_unsupported_selected_rank,0.0,False,0,,False,,,,,,,,True,False,0.0,,,0.0,0.773828778785039,,,theorem_covered,True,a1b997dcb183691ba1ba367a6e2155d66291753ed9f53dbabe9d6f1e37fcdd9f,,,,
inference_diagnostic,aa152561964a7ec3,dgp4_N50_T50_r2026080901_truth1-1-1,4,50,50,2026080901,selected_rank,A_G2_minus_G1_fixed_time,target_unsupported_selected_rank,0.0,False,0,,False,,,,,,,,True,False,0.0,,,0.0,0.15108031425073695,,,theorem_covered,True,a1b997dcb183691ba1ba367a6e2155d66291753ed9f53dbabe9d6f1e37fcdd9f,,,,
inference_diagnostic,aa152561964a7ec3,dgp4_N50_T50_r2026080901_truth1-1-1,4,50,50,2026080901,selected_rank,A_G1_time_average,target_unsupported_selected_rank,0.0,False,0,,False,,,,,,,,True,False,0.0,,,0.0,0.9893894399717456,,,theorem_covered,True,a1b997dcb183691ba1ba367a6e2155d66291753ed9f53dbabe9d6f1e37fcdd9f,success,success,success,success
inference_diagnostic,aa152561964a7ec3,dgp4_N50_T50_r2026080901_truth1-1-1,4,50,50,2026080901,selected_rank,A_G2_time_average,target_unsupported_selected_rank,0.0,False,0,,False,,,,,,,,True,False,0.0,,,0.0,0.9928159080643619,,,theorem_covered,True,a1b997dcb183691ba1ba367a6e2155d66291753ed9f53dbabe9d6f1e37fcdd9f,success,success,success,success
inference_diagnostic,aa152561964a7ec3,dgp4_N50_T50_r2026080901_truth1-1-1,4,50,50,2026080901,selected_rank,A_G2_minus_G1_time_average,target_unsupported_selected_rank,0.0,False,0,,False,,,,,,,,True,False,0.0,,,0.0,0.9824098800522489,,,theorem_covered,True,a1b997dcb183691ba1ba367a6e2155d66291753ed9f53dbabe9d6f1e37fcdd9f,success,success,success,success
inference_diagnostic,aa152561964a7ec3,dgp4_N50_T50_r2026080901_truth1-1-1,4,50,50,2026080901,selected_rank,B_G1_fixed_time,target_unsupported_selected_rank,0.0,False,0,,False,,,,,,,,True,False,0.0,,,0.0,0.5148312770255581,,,theorem_covered,True,a1b997dcb183691ba1ba367a6e2155d66291753ed9f53dbabe9d6f1e37fcdd9f,,,,
inference_diagnostic,aa152561964a7ec3,dgp4_N50_T50_r2026080901_truth1-1-1,4,50,50,2026080901,selected_rank,B_G2_fixed_time,target_unsupported_selected_rank,0.0,False,0,,False,,,,,,,,True,False,0.0,,,0.0,0.8414627471268195,,,theorem_covered,True,a1b997dcb183691ba1ba367a6e2155d66291753ed9f53dbabe9d6f1e37fcdd9f,,,,
inference_diagnostic,aa152561964a7ec3,dgp4_N50_T50_r2026080901_truth1-1-1,4,50,50,2026080901,selected_rank,B_G2_minus_G1_fixed_time,target_unsupported_selected_rank,0.0,False,0,,False,,,,,,,,True,False,0.0,,,0.0,0.30360019536646354,,,theorem_covered,True,a1b997dcb183691ba1ba367a6e2155d66291753ed9f53dbabe9d6f1e37fcdd9f,,,,
inference_diagnostic,aa152561964a7ec3,dgp4_N50_T50_r2026080901_truth1-1-1,4,50,50,2026080901,selected_rank,B_G1_time_average,target_unsupported_selected_rank,0.0,False,0,,False,,,,,,,,True,False,0.0,,,0.0,0.9773626796828769,,,theorem_covered,True,a1b997dcb183691ba1ba367a6e2155d66291753ed9f53dbabe9d6f1e37fcdd9f,success,success,success,success
inference_diagnostic,aa152561964a7ec3,dgp4_N50_T50_r2026080901_truth1-1-1,4,50,50,2026080901,selected_rank,B_G2_time_average,target_unsupported_selected_rank,0.0,False,0,,False,,,,,,,,True,False,0.0,,,0.0,0.9910697817118262,,,theorem_covered,True,a1b997dcb183691ba1ba367a6e2155d66291753ed9f53dbabe9d6f1e37fcdd9f,success,success,success,success
inference_diagnostic,aa152561964a7ec3,dgp4_N50_T50_r2026080901_truth1-1-1,4,50,50,2026080901,selected_rank,B_G2_minus_G1_time_average,target_unsupported_selected_rank,0.0,False,0,,False,,,,,,,,True,False,0.0,,,0.0,0.9719612288766653,,,theorem_covered,True,a1b997dcb183691ba1ba367a6e2155d66291753ed9f53dbabe9d6f1e37fcdd9f,success,success,success,success
inference_diagnostic,aa152561964a7ec3,dgp4_N50_T50_r2026080902_truth1-1-1,4,50,50,2026080902,selected_rank,A_entry,target_unsupported_selected_rank,0.0,False,0,,False,,,,,,,,True,False,0.0,,,0.0,0.21248824775065178,1.000394802030167,1.2828347947883458,theorem_covered,True,97221dafce836db780cd6756ae626ad4e1025ef9027c4a01891ef3fc9140595d,,,,
inference_diagnostic,aa152561964a7ec3,dgp4_N50_T50_r2026080902_truth1-1-1,4,50,50,2026080902,selected_rank,B_entry,target_unsupported_selected_rank,0.0,False,0,,False,,,,,,,,True,False,0.0,,,0.0,0.16162209509773637,0.6451403568179424,0.6695842406903164,theorem_covered,True,97221dafce836db780cd6756ae626ad4e1025ef9027c4a01891ef3fc9140595d,,,,
inference_diagnostic,aa152561964a7ec3,dgp4_N50_T50_r2026080902_truth1-1-1,4,50,50,2026080902,selected_rank,A_fixed_time_mean,target_unsupported_selected_rank,0.0,False,0,,False,,,,,,,,True,False,0.0,,,0.0,0.9924354251208295,,,theorem_covered,True,97221dafce836db780cd6756ae626ad4e1025ef9027c4a01891ef3fc9140595d,,,,
inference_diagnostic,aa152561964a7ec3,dgp4_N50_T50_r2026080902_truth1-1-1,4,50,50,2026080902,selected_rank,B_fixed_time_mean,target_unsupported_selected_rank,0.0,False,0,,False,,,,,,,,True,False,0.0,,,0.0,0.9532847020560017,,,theorem_covered,True,97221dafce836db780cd6756ae626ad4e1025ef9027c4a01891ef3fc9140595d,,,,
inference_diagnostic,aa152561964a7ec3,dgp4_N50_T50_r2026080902_truth1-1-1,4,50,50,2026080902,selected_rank,A_full_mean,target_unsupported_selected_rank,0.0,False,0,,False,,,,,,,,True,False,0.0,,,0.0,0.9996745957426788,,,theorem_covered,True,97221dafce836db780cd6756ae626ad4e1025ef9027c4a01891ef3fc9140595d,success,success,success,success
inference_diagnostic,aa152561964a7ec3,dgp4_N50_T50_r2026080902_truth1-1-1,4,50,50,2026080902,selected_rank,B_full_mean,target_unsupported_selected_rank,0.0,False,0,,False,,,,,,,,True,False,0.0,,,0.0,0.9967535294623545,,,theorem_covered,True,97221dafce836db780cd6756ae626ad4e1025ef9027c4a01891ef3fc9140595d,success,success,success,success
inference_diagnostic,aa152561964a7ec3,dgp4_N50_T50_r2026080902_truth1-1-1,4,50,50,2026080902,selected_rank,A_G1_fixed_time,target_unsupported_selected_rank,0.0,False,0,,False,,,,,,,,True,False,0.0,,,0.0,0.6468825270399242,,,theorem_covered,True,97221dafce836db780cd6756ae626ad4e1025ef9027c4a01891ef3fc9140595d,,,,
inference_diagnostic,aa152561964a7ec3,dgp4_N50_T50_r2026080902_truth1-1-1,4,50,50,2026080902,selected_rank,A_G2_fixed_time,target_unsupported_selected_rank,0.0,False,0,,False,,,,,,,,True,False,0.0,,,0.0,0.7751078534931056,,,theorem_covered,True,97221dafce836db780cd6756ae626ad4e1025ef9027c4a01891ef3fc9140595d,,,,
inference_diagnostic,aa152561964a7ec3,dgp4_N50_T50_r2026080902_truth1-1-1,4,50,50,2026080902,selected_rank,A_G2_minus_G1_fixed_time,target_unsupported_selected_rank,0.0,False,0,,False,,,,,,,,True,False,0.0,,,0.0,0.18525958895961628,,,theorem_covered,True,97221dafce836db780cd6756ae626ad4e1025ef9027c4a01891ef3fc9140595d,,,,
inference_diagnostic,aa152561964a7ec3,dgp4_N50_T50_r2026080902_truth1-1-1,4,50,50,2026080902,selected_rank,A_G1_time_average,target_unsupported_selected_rank,0.0,False,0,,False,,,,,,,,True,False,0.0,,,0.0,0.9873666768532304,,,theorem_covered,True,97221dafce836db780cd6756ae626ad4e1025ef9027c4a01891ef3fc9140595d,success,success,success,success
inference_diagnostic,aa152561964a7ec3,dgp4_N50_T50_r2026080902_truth1-1-1,4,50,50,2026080902,selected_rank,A_G2_time_average,target_unsupported_selected_rank,0.0,False,0,,False,,,,,,,,True,False,0.0,,,0.0,0.9913450153362958,,,theorem_covered,True,97221dafce836db780cd6756ae626ad4e1025ef9027c4a01891ef3fc9140595d,success,success,success,success
inference_diagnostic,aa152561964a7ec3,dgp4_N50_T50_r2026080902_truth1-1-1,4,50,50,2026080902,selected_rank,A_G2_minus_G1_time_average,target_unsupported_selected_rank,0.0,False,0,,False,,,,,,,,True,False,0.0,,,0.0,0.9789323759172699,,,theorem_covered,True,97221dafce836db780cd6756ae626ad4e1025ef9027c4a01891ef3fc9140595d,success,success,success,success
inference_diagnostic,aa152561964a7ec3,dgp4_N50_T50_r2026080902_truth1-1-1,4,50,50,2026080902,selected_rank,B_G1_fixed_time,target_unsupported_selected_rank,0.0,False,0,,False,,,,,,,,True,False,0.0,,,0.0,0.5342742114400463,,,theorem_covered,True,97221dafce836db780cd6756ae626ad4e1025ef9027c4a01891ef3fc9140595d,,,,
inference_diagnostic,aa152561964a7ec3,dgp4_N50_T50_r2026080902_truth1-1-1,4,50,50,2026080902,selected_rank,B_G2_fixed_time,target_unsupported_selected_rank,0.0,False,0,,False,,,,,,,,True,False,0.0,,,0.0,0.8247458519422997,,,theorem_covered,True,97221dafce836db780cd6756ae626ad4e1025ef9027c4a01891ef3fc9140595d,,,,
inference_diagnostic,aa152561964a7ec3,dgp4_N50_T50_r2026080902_truth1-1-1,4,50,50,2026080902,selected_rank,B_G2_minus_G1_fixed_time,target_unsupported_selected_rank,0.0,False,0,,False,,,,,,,,True,False,0.0,,,0.0,0.23854335063445659,,,theorem_covered,True,97221dafce836db780cd6756ae626ad4e1025ef9027c4a01891ef3fc9140595d,,,,
inference_diagnostic,aa152561964a7ec3,dgp4_N50_T50_r2026080902_truth1-1-1,4,50,50,2026080902,selected_rank,B_G1_time_average,target_unsupported_selected_rank,0.0,False,0,,False,,,,,,,,True,False,0.0,,,0.0,0.9742881102700317,,,theorem_covered,True,97221dafce836db780cd6756ae626ad4e1025ef9027c4a01891ef3fc9140595d,success,success,success,success
inference_diagnostic,aa152561964a7ec3,dgp4_N50_T50_r2026080902_truth1-1-1,4,50,50,2026080902,selected_rank,B_G2_time_average,target_unsupported_selected_rank,0.0,False,0,,False,,,,,,,,True,False,0.0,,,0.0,0.9885754296345114,,,theorem_covered,True,97221dafce836db780cd6756ae626ad4e1025ef9027c4a01891ef3fc9140595d,success,success,success,success
inference_diagnostic,aa152561964a7ec3,dgp4_N50_T50_r2026080902_truth1-1-1,4,50,50,2026080902,selected_rank,B_G2_minus_G1_time_average,target_unsupported_selected_rank,0.0,False,0,,False,,,,,,,,True,False,0.0,,,0.0,0.9659198224464363,,,theorem_covered,True,97221dafce836db780cd6756ae626ad4e1025ef9027c4a01891ef3fc9140595d,success,success,success,success
inference_diagnostic,aa152561964a7ec3,dgp4_N50_T50_r2026080903_truth1-1-1,4,50,50,2026080903,selected_rank,A_entry,target_unsupported_selected_rank,0.0,False,0,,False,,,,,,,,True,False,0.0,,,0.0,0.18560877034037912,0.6645486756323215,1.072233127832462,theorem_covered,True,54c453d5a4ed9bc913448e95a773f362e3ff642638ebecba48b1b332465befb1,,,,
inference_diagnostic,aa152561964a7ec3,dgp4_N50_T50_r2026080903_truth1-1-1,4,50,50,2026080903,selected_rank,B_entry,target_unsupported_selected_rank,0.0,False,0,,False,,,,,,,,True,False,0.0,,,0.0,0.1489315166475341,0.31401499552794876,0.8000393239132032,theorem_covered,True,54c453d5a4ed9bc913448e95a773f362e3ff642638ebecba48b1b332465befb1,,,,
inference_diagnostic,aa152561964a7ec3,dgp4_N50_T50_r2026080903_truth1-1-1,4,50,50,2026080903,selected_rank,A_fixed_time_mean,target_unsupported_selected_rank,0.0,False,0,,False,,,,,,,,True,False,0.0,,,0.0,0.9901861547198545,,,theorem_covered,True,54c453d5a4ed9bc913448e95a773f362e3ff642638ebecba48b1b332465befb1,,,,
inference_diagnostic,aa152561964a7ec3,dgp4_N50_T50_r2026080903_truth1-1-1,4,50,50,2026080903,selected_rank,B_fixed_time_mean,target_unsupported_selected_rank,0.0,False,0,,False,,,,,,,,True,False,0.0,,,0.0,0.9504912856042068,,,theorem_covered,True,54c453d5a4ed9bc913448e95a773f362e3ff642638ebecba48b1b332465befb1,,,,
inference_diagnostic,aa152561964a7ec3,dgp4_N50_T50_r2026080903_truth1-1-1,4,50,50,2026080903,selected_rank,A_full_mean,target_unsupported_selected_rank,0.0,False,0,,False,,,,,,,,True,False,0.0,,,0.0,0.9996391655085456,,,theorem_covered,True,54c453d5a4ed9bc913448e95a773f362e3ff642638ebecba48b1b332465befb1,success,success,success,success
inference_diagnostic,aa152561964a7ec3,dgp4_N50_T50_r2026080903_truth1-1-1,4,50,50,2026080903,selected_rank,B_full_mean,target_unsupported_selected_rank,0.0,False,0,,False,,,,,,,,True,False,0.0,,,0.0,0.9966681118443298,,,theorem_covered,True,54c453d5a4ed9bc913448e95a773f362e3ff642638ebecba48b1b332465befb1,success,success,success,success
inference_diagnostic,aa152561964a7ec3,dgp4_N50_T50_r2026080903_truth1-1-1,4,50,50,2026080903,selected_rank,A_G1_fixed_time,target_unsupported_selected_rank,0.0,False,0,,False,,,,,,,,True,False,0.0,,,0.0,0.6325186745736345,,,theorem_covered,True,54c453d5a4ed9bc913448e95a773f362e3ff642638ebecba48b1b332465befb1,,,,
inference_diagnostic,aa152561964a7ec3,dgp4_N50_T50_r2026080903_truth1-1-1,4,50,50,2026080903,selected_rank,A_G2_fixed_time,target_unsupported_selected_rank,0.0,False,0,,False,,,,,,,,True,False,0.0,,,0.0,0.7834110728966859,,,theorem_covered,True,54c453d5a4ed9bc913448e95a773f362e3ff642638ebecba48b1b332465befb1,,,,
inference_diagnostic,aa152561964a7ec3,dgp4_N50_T50_r2026080903_truth1-1-1,4,50,50,2026080903,selected_rank,A_G2_minus_G1_fixed_time,target_unsupported_selected_rank,0.0,False,0,,False,,,,,,,,True,False,0.0,,,0.0,0.18260383846631495,,,theorem_covered,True,54c453d5a4ed9bc913448e95a773f362e3ff642638ebecba48b1b332465befb1,,,,
inference_diagnostic,aa152561964a7ec3,dgp4_N50_T50_r2026080903_truth1-1-1,4,50,50,2026080903,selected_rank,A_G1_time_average,target_unsupported_selected_rank,0.0,False,0,,False,,,,,,,,True,False,0.0,,,0.0,0.9888566254887488,,,theorem_covered,True,54c453d5a4ed9bc913448e95a773f362e3ff642638ebecba48b1b332465befb1,success,success,success,success
inference_diagnostic,aa152561964a7ec3,dgp4_N50_T50_r2026080903_truth1-1-1,4,50,50,2026080903,selected_rank,A_G2_time_average,target_unsupported_selected_rank,0.0,False,0,,False,,,,,,,,True,False,0.0,,,0.0,0.9928395197233884,,,theorem_covered,True,54c453d5a4ed9bc913448e95a773f362e3ff642638ebecba48b1b332465befb1,success,success,success,success
inference_diagnostic,aa152561964a7ec3,dgp4_N50_T50_r2026080903_truth1-1-1,4,50,50,2026080903,selected_rank,A_G2_minus_G1_time_average,target_unsupported_selected_rank,0.0,False,0,,False,,,,,,,,True,False,0.0,,,0.0,0.9819823198403063,,,theorem_covered,True,54c453d5a4ed9bc913448e95a773f362e3ff642638ebecba48b1b332465befb1,success,success,success,success
inference_diagnostic,aa152561964a7ec3,dgp4_N50_T50_r2026080903_truth1-1-1,4,50,50,2026080903,selected_rank,B_G1_fixed_time,target_unsupported_selected_rank,0.0,False,0,,False,,,,,,,,True,False,0.0,,,0.0,0.5414729090687944,,,theorem_covered,True,54c453d5a4ed9bc913448e95a773f362e3ff642638ebecba48b1b332465befb1,,,,
inference_diagnostic,aa152561964a7ec3,dgp4_N50_T50_r2026080903_truth1-1-1,4,50,50,2026080903,selected_rank,B_G2_fixed_time,target_unsupported_selected_rank,0.0,False,0,,False,,,,,,,,True,False,0.0,,,0.0,0.8156191927378276,,,theorem_covered,True,54c453d5a4ed9bc913448e95a773f362e3ff642638ebecba48b1b332465befb1,,,,
inference_diagnostic,aa152561964a7ec3,dgp4_N50_T50_r2026080903_truth1-1-1,4,50,50,2026080903,selected_rank,B_G2_minus_G1_fixed_time,target_unsupported_selected_rank,0.0,False,0,,False,,,,,,,,True,False,0.0,,,0.0,0.23450777131726472,,,theorem_covered,True,54c453d5a4ed9bc913448e95a773f362e3ff642638ebecba48b1b332465befb1,,,,
inference_diagnostic,aa152561964a7ec3,dgp4_N50_T50_r2026080903_truth1-1-1,4,50,50,2026080903,selected_rank,B_G1_time_average,target_unsupported_selected_rank,0.0,False,0,,False,,,,,,,,True,False,0.0,,,0.0,0.9753493936522698,,,theorem_covered,True,54c453d5a4ed9bc913448e95a773f362e3ff642638ebecba48b1b332465befb1,success,success,success,success
inference_diagnostic,aa152561964a7ec3,dgp4_N50_T50_r2026080903_truth1-1-1,4,50,50,2026080903,selected_rank,B_G2_time_average,target_unsupported_selected_rank,0.0,False,0,,False,,,,,,,,True,False,0.0,,,0.0,0.9884013602715948,,,theorem_covered,True,54c453d5a4ed9bc913448e95a773f362e3ff642638ebecba48b1b332465befb1,success,success,success,success
inference_diagnostic,aa152561964a7ec3,dgp4_N50_T50_r2026080903_truth1-1-1,4,50,50,2026080903,selected_rank,B_G2_minus_G1_time_average,target_unsupported_selected_rank,0.0,False,0,,False,,,,,,,,True,False,0.0,,,0.0,0.9669003896561706,,,theorem_covered,True,54c453d5a4ed9bc913448e95a773f362e3ff642638ebecba48b1b332465befb1,success,success,success,success
