diagnostic_label,c_kappa,N,eligible_saved_replications,Exact,Under_only,Over_only,Mixed,modal_selected_rank,modal_count,selected_rank_distribution
OFFLINE EXISTING-CANDIDATE DIAGNOSTIC,3.0268999415322774e-08,50,12,0,0,12,0,"(1,3,3)",4,"{""(1,2,3)"": 3, ""(1,3,3)"": 4, ""(2,1,3)"": 3, ""(2,2,3)"": 2}"
OFFLINE EXISTING-CANDIDATE DIAGNOSTIC,3.0268999415322774e-08,100,12,0,0,12,0,"(1,2,3)",3,"{""(1,2,3)"": 3, ""(1,3,3)"": 2, ""(2,1,2)"": 1, ""(2,2,2)"": 1, ""(2,2,3)"": 3, ""(2,3,3)"": 1, ""(3,1,3)"": 1}"
OFFLINE EXISTING-CANDIDATE DIAGNOSTIC,3.0268999415322773e-07,50,12,0,0,12,0,"(1,3,3)",4,"{""(1,2,3)"": 3, ""(1,3,3)"": 4, ""(2,1,3)"": 3, ""(2,2,3)"": 2}"
OFFLINE EXISTING-CANDIDATE DIAGNOSTIC,3.0268999415322773e-07,100,12,0,0,12,0,"(1,2,3)",3,"{""(1,2,3)"": 3, ""(1,3,3)"": 2, ""(2,1,2)"": 1, ""(2,2,2)"": 1, ""(2,2,3)"": 3, ""(2,3,3)"": 1, ""(3,1,3)"": 1}"
OFFLINE EXISTING-CANDIDATE DIAGNOSTIC,3.947567413221681e-07,50,12,0,0,12,0,"(1,3,3)",4,"{""(1,2,3)"": 3, ""(1,3,3)"": 4, ""(2,1,3)"": 3, ""(2,2,3)"": 2}"
OFFLINE EXISTING-CANDIDATE DIAGNOSTIC,3.947567413221681e-07,100,12,0,0,12,0,"(1,2,3)",3,"{""(1,2,3)"": 3, ""(1,3,3)"": 2, ""(2,1,2)"": 1, ""(2,2,2)"": 1, ""(2,2,3)"": 3, ""(2,3,3)"": 1, ""(3,1,3)"": 1}"
OFFLINE EXISTING-CANDIDATE DIAGNOSTIC,5.148266801987891e-07,50,12,0,0,12,0,"(1,3,3)",4,"{""(1,2,3)"": 3, ""(1,3,3)"": 4, ""(2,1,3)"": 3, ""(2,2,3)"": 2}"
OFFLINE EXISTING-CANDIDATE DIAGNOSTIC,5.148266801987891e-07,100,12,0,0,12,0,"(1,2,3)",3,"{""(1,2,3)"": 3, ""(1,3,3)"": 2, ""(2,1,2)"": 1, ""(2,2,2)"": 1, ""(2,2,3)"": 3, ""(2,3,3)"": 1, ""(3,1,3)"": 1}"
OFFLINE EXISTING-CANDIDATE DIAGNOSTIC,6.213704999885329e-07,50,12,0,0,12,0,"(1,3,3)",4,"{""(1,2,3)"": 3, ""(1,3,3)"": 4, ""(2,1,3)"": 3, ""(2,2,3)"": 2}"
OFFLINE EXISTING-CANDIDATE DIAGNOSTIC,6.213704999885329e-07,100,12,0,0,12,0,"(1,2,3)",3,"{""(1,2,3)"": 3, ""(1,3,3)"": 2, ""(2,1,2)"": 1, ""(2,2,2)"": 1, ""(2,2,3)"": 3, ""(2,3,3)"": 1, ""(3,1,3)"": 1}"
OFFLINE EXISTING-CANDIDATE DIAGNOSTIC,7.499636539950004e-07,50,12,0,0,12,0,"(1,3,3)",4,"{""(1,2,3)"": 3, ""(1,3,3)"": 4, ""(2,1,3)"": 3, ""(2,2,3)"": 2}"
OFFLINE EXISTING-CANDIDATE DIAGNOSTIC,7.499636539950004e-07,100,12,0,0,12,0,"(1,2,3)",3,"{""(1,2,3)"": 3, ""(1,3,3)"": 2, ""(2,1,2)"": 1, ""(2,2,2)"": 1, ""(2,2,3)"": 3, ""(2,3,3)"": 1, ""(3,1,3)"": 1}"
OFFLINE EXISTING-CANDIDATE DIAGNOSTIC,7.546492410935271e-07,50,12,0,0,12,0,"(1,3,3)",4,"{""(1,2,3)"": 3, ""(1,3,3)"": 4, ""(2,1,3)"": 3, ""(2,2,3)"": 2}"
OFFLINE EXISTING-CANDIDATE DIAGNOSTIC,7.546492410935271e-07,100,12,0,0,12,0,"(1,2,3)",3,"{""(1,2,3)"": 3, ""(1,3,3)"": 2, ""(2,1,2)"": 1, ""(2,2,2)"": 1, ""(2,2,3)"": 3, ""(2,3,3)"": 1, ""(3,1,3)"": 1}"
OFFLINE EXISTING-CANDIDATE DIAGNOSTIC,7.593641025793405e-07,50,12,0,0,12,0,"(1,3,3)",4,"{""(1,2,3)"": 3, ""(1,3,3)"": 4, ""(2,1,3)"": 3, ""(2,2,3)"": 2}"
OFFLINE EXISTING-CANDIDATE DIAGNOSTIC,7.593641025793405e-07,100,12,0,0,12,0,"(1,2,3)",3,"{""(1,2,3)"": 3, ""(1,3,3)"": 2, ""(2,1,2)"": 1, ""(2,2,2)"": 1, ""(2,2,3)"": 3, ""(2,3,3)"": 1, ""(3,1,3)"": 1}"
OFFLINE EXISTING-CANDIDATE DIAGNOSTIC,7.634041651394768e-07,50,12,0,0,12,0,"(1,3,3)",4,"{""(1,2,3)"": 3, ""(1,3,3)"": 4, ""(2,1,3)"": 3, ""(2,2,3)"": 2}"
OFFLINE EXISTING-CANDIDATE DIAGNOSTIC,7.634041651394768e-07,100,12,0,0,12,0,"(2,2,3)",3,"{""(1,1,3)"": 1, ""(1,2,3)"": 2, ""(1,3,3)"": 2, ""(2,1,2)"": 1, ""(2,2,2)"": 1, ""(2,2,3)"": 3, ""(2,3,3)"": 1, ""(3,1,3)"": 1}"
OFFLINE EXISTING-CANDIDATE DIAGNOSTIC,7.674657221387556e-07,50,12,0,0,12,0,"(1,3,3)",4,"{""(1,2,3)"": 3, ""(1,3,3)"": 4, ""(2,1,3)"": 3, ""(2,2,3)"": 2}"
OFFLINE EXISTING-CANDIDATE DIAGNOSTIC,7.674657221387556e-07,100,12,0,0,12,0,"(2,2,3)",3,"{""(1,1,3)"": 1, ""(1,2,3)"": 2, ""(1,3,3)"": 2, ""(2,1,2)"": 1, ""(2,2,2)"": 1, ""(2,2,3)"": 3, ""(2,3,3)"": 1, ""(3,1,3)"": 1}"
OFFLINE EXISTING-CANDIDATE DIAGNOSTIC,7.699213173136226e-07,50,12,0,0,12,0,"(1,3,3)",4,"{""(1,2,3)"": 3, ""(1,3,3)"": 4, ""(2,1,3)"": 3, ""(2,2,3)"": 2}"
OFFLINE EXISTING-CANDIDATE DIAGNOSTIC,7.699213173136226e-07,100,12,0,0,12,0,"(2,2,3)",3,"{""(1,1,3)"": 1, ""(1,2,3)"": 2, ""(1,3,3)"": 2, ""(2,1,2)"": 1, ""(2,2,2)"": 1, ""(2,2,3)"": 3, ""(2,3,3)"": 1, ""(3,1,3)"": 1}"
OFFLINE EXISTING-CANDIDATE DIAGNOSTIC,7.723847694487276e-07,50,12,0,0,12,0,"(1,3,3)",4,"{""(1,2,3)"": 3, ""(1,3,3)"": 4, ""(2,1,3)"": 3, ""(2,2,3)"": 2}"
OFFLINE EXISTING-CANDIDATE DIAGNOSTIC,7.723847694487276e-07,100,12,0,0,12,0,"(2,2,3)",3,"{""(1,1,3)"": 1, ""(1,2,3)"": 2, ""(1,3,3)"": 2, ""(2,1,2)"": 1, ""(2,2,2)"": 1, ""(2,2,3)"": 3, ""(2,3,3)"": 1, ""(3,1,3)"": 1}"
OFFLINE EXISTING-CANDIDATE DIAGNOSTIC,7.740863393584391e-07,50,12,0,0,12,0,"(1,3,3)",4,"{""(1,2,3)"": 3, ""(1,3,3)"": 4, ""(2,1,3)"": 3, ""(2,2,3)"": 2}"
OFFLINE EXISTING-CANDIDATE DIAGNOSTIC,7.740863393584391e-07,100,12,0,0,12,0,"(2,2,3)",3,"{""(1,1,3)"": 1, ""(1,2,3)"": 2, ""(1,3,3)"": 2, ""(2,1,2)"": 1, ""(2,2,2)"": 1, ""(2,2,3)"": 3, ""(2,3,3)"": 1, ""(3,1,3)"": 1}"
OFFLINE EXISTING-CANDIDATE DIAGNOSTIC,7.757916578404583e-07,50,12,0,0,12,0,"(1,3,3)",4,"{""(1,2,3)"": 3, ""(1,3,3)"": 4, ""(2,1,3)"": 3, ""(2,2,3)"": 2}"
OFFLINE EXISTING-CANDIDATE DIAGNOSTIC,7.757916578404583e-07,100,12,0,0,12,0,"(2,2,3)",3,"{""(1,1,3)"": 1, ""(1,2,3)"": 2, ""(1,3,3)"": 2, ""(2,1,2)"": 1, ""(2,2,2)"": 1, ""(2,2,3)"": 3, ""(2,3,3)"": 1, ""(3,1,3)"": 1}"
OFFLINE EXISTING-CANDIDATE DIAGNOSTIC,7.781703454641747e-07,50,12,0,0,12,0,"(1,3,3)",4,"{""(1,2,3)"": 3, ""(1,3,3)"": 4, ""(2,1,3)"": 3, ""(2,2,3)"": 2}"
OFFLINE EXISTING-CANDIDATE DIAGNOSTIC,7.781703454641747e-07,100,12,0,0,12,0,"(2,2,3)",3,"{""(1,1,3)"": 1, ""(1,2,3)"": 2, ""(1,3,3)"": 2, ""(2,1,2)"": 1, ""(2,2,2)"": 1, ""(2,2,3)"": 3, ""(2,3,3)"": 1, ""(3,1,3)"": 1}"
OFFLINE EXISTING-CANDIDATE DIAGNOSTIC,7.805563264826499e-07,50,12,0,0,12,0,"(1,3,3)",4,"{""(1,2,3)"": 3, ""(1,3,3)"": 4, ""(2,1,3)"": 3, ""(2,2,3)"": 2}"
OFFLINE EXISTING-CANDIDATE DIAGNOSTIC,7.805563264826499e-07,100,12,0,0,12,0,"(2,2,3)",3,"{""(1,1,3)"": 1, ""(1,2,3)"": 2, ""(1,3,3)"": 2, ""(2,1,2)"": 1, ""(2,2,2)"": 1, ""(2,2,3)"": 3, ""(2,3,3)"": 1, ""(3,1,3)"": 1}"
OFFLINE EXISTING-CANDIDATE DIAGNOSTIC,7.934204599511521e-07,50,12,0,0,12,0,"(1,3,3)",4,"{""(1,2,3)"": 3, ""(1,3,3)"": 4, ""(2,1,3)"": 3, ""(2,2,3)"": 2}"
OFFLINE EXISTING-CANDIDATE DIAGNOSTIC,7.934204599511521e-07,100,12,0,0,12,0,"(2,2,3)",3,"{""(1,1,3)"": 1, ""(1,2,3)"": 2, ""(1,3,3)"": 2, ""(2,1,2)"": 1, ""(2,2,2)"": 1, ""(2,2,3)"": 3, ""(2,3,3)"": 1, ""(3,1,3)"": 1}"
OFFLINE EXISTING-CANDIDATE DIAGNOSTIC,8.064966036542536e-07,50,12,0,0,12,0,"(1,3,3)",4,"{""(1,2,3)"": 3, ""(1,3,3)"": 4, ""(2,1,3)"": 3, ""(2,2,3)"": 2}"
OFFLINE EXISTING-CANDIDATE DIAGNOSTIC,8.064966036542536e-07,100,12,0,0,12,0,"(2,2,3)",3,"{""(1,1,3)"": 1, ""(1,2,3)"": 2, ""(1,3,3)"": 2, ""(2,1,2)"": 1, ""(2,2,2)"": 1, ""(2,2,3)"": 3, ""(2,3,3)"": 1, ""(3,1,3)"": 1}"
OFFLINE EXISTING-CANDIDATE DIAGNOSTIC,8.07266638601368e-07,50,12,0,0,12,0,"(1,3,3)",4,"{""(1,2,3)"": 3, ""(1,3,3)"": 4, ""(2,1,3)"": 3, ""(2,2,3)"": 2}"
OFFLINE EXISTING-CANDIDATE DIAGNOSTIC,8.07266638601368e-07,100,12,0,0,12,0,"(2,2,3)",3,"{""(1,1,3)"": 1, ""(1,2,3)"": 2, ""(1,3,3)"": 2, ""(2,1,2)"": 1, ""(2,2,2)"": 1, ""(2,2,3)"": 3, ""(2,3,3)"": 1, ""(3,1,3)"": 1}"
OFFLINE EXISTING-CANDIDATE DIAGNOSTIC,8.08037408770202e-07,50,12,0,0,12,0,"(1,3,3)",4,"{""(1,2,3)"": 3, ""(1,3,3)"": 4, ""(2,1,3)"": 3, ""(2,2,3)"": 2}"
OFFLINE EXISTING-CANDIDATE DIAGNOSTIC,8.08037408770202e-07,100,12,0,0,12,0,"(2,2,3)",3,"{""(1,1,3)"": 1, ""(1,2,3)"": 2, ""(1,3,3)"": 2, ""(2,1,2)"": 1, ""(2,2,2)"": 1, ""(2,2,3)"": 3, ""(2,3,3)"": 1, ""(3,1,3)"": 1}"
OFFLINE EXISTING-CANDIDATE DIAGNOSTIC,8.105937716752453e-07,50,12,0,0,12,0,"(1,3,3)",4,"{""(1,2,3)"": 3, ""(1,3,3)"": 4, ""(2,1,3)"": 3, ""(2,2,3)"": 2}"
OFFLINE EXISTING-CANDIDATE DIAGNOSTIC,8.105937716752453e-07,100,12,0,0,12,0,"(2,2,3)",3,"{""(1,1,3)"": 1, ""(1,2,3)"": 2, ""(1,3,3)"": 2, ""(2,1,2)"": 1, ""(2,2,2)"": 1, ""(2,2,3)"": 3, ""(2,3,3)"": 1, ""(3,1,3)"": 1}"
OFFLINE EXISTING-CANDIDATE DIAGNOSTIC,8.13158222066377e-07,50,12,0,0,12,0,"(1,3,3)",4,"{""(1,2,3)"": 3, ""(1,3,3)"": 4, ""(2,1,3)"": 3, ""(2,2,3)"": 2}"
OFFLINE EXISTING-CANDIDATE DIAGNOSTIC,8.13158222066377e-07,100,12,1,0,11,0,"(2,2,3)",3,"{""(1,1,1)"": 1, ""(1,1,3)"": 1, ""(1,2,3)"": 2, ""(1,3,3)"": 2, ""(2,2,2)"": 1, ""(2,2,3)"": 3, ""(2,3,3)"": 1, ""(3,1,3)"": 1}"
OFFLINE EXISTING-CANDIDATE DIAGNOSTIC,8.159873168177247e-07,50,12,0,0,12,0,"(1,3,3)",4,"{""(1,2,3)"": 3, ""(1,3,3)"": 4, ""(2,1,3)"": 3, ""(2,2,3)"": 2}"
OFFLINE EXISTING-CANDIDATE DIAGNOSTIC,8.159873168177247e-07,100,12,1,0,11,0,"(2,2,3)",3,"{""(1,1,1)"": 1, ""(1,1,3)"": 1, ""(1,2,3)"": 2, ""(1,3,3)"": 2, ""(2,2,2)"": 1, ""(2,2,3)"": 3, ""(2,3,3)"": 1, ""(3,1,3)"": 1}"
OFFLINE EXISTING-CANDIDATE DIAGNOSTIC,8.188262543978047e-07,50,12,0,0,12,0,"(1,3,3)",4,"{""(1,2,3)"": 3, ""(1,3,3)"": 4, ""(2,1,3)"": 3, ""(2,2,3)"": 2}"
OFFLINE EXISTING-CANDIDATE DIAGNOSTIC,8.188262543978047e-07,100,12,1,0,11,0,"(2,2,3)",3,"{""(1,1,1)"": 1, ""(1,1,3)"": 1, ""(1,2,3)"": 2, ""(1,3,3)"": 2, ""(2,2,2)"": 1, ""(2,2,3)"": 3, ""(2,3,3)"": 1, ""(3,1,3)"": 1}"
OFFLINE EXISTING-CANDIDATE DIAGNOSTIC,8.222573456434516e-07,50,12,0,0,12,0,"(1,3,3)",4,"{""(1,2,3)"": 3, ""(1,3,3)"": 4, ""(2,1,3)"": 3, ""(2,2,3)"": 2}"
OFFLINE EXISTING-CANDIDATE DIAGNOSTIC,8.222573456434516e-07,100,12,1,0,11,0,"(2,2,3)",3,"{""(1,1,1)"": 1, ""(1,1,3)"": 1, ""(1,2,3)"": 2, ""(1,3,3)"": 2, ""(2,2,2)"": 1, ""(2,2,3)"": 3, ""(2,3,3)"": 1, ""(3,1,3)"": 1}"
OFFLINE EXISTING-CANDIDATE DIAGNOSTIC,8.257028140381855e-07,50,12,0,0,12,0,"(1,3,3)",4,"{""(1,2,3)"": 3, ""(1,3,3)"": 4, ""(2,1,3)"": 3, ""(2,2,3)"": 2}"
OFFLINE EXISTING-CANDIDATE DIAGNOSTIC,8.257028140381855e-07,100,12,1,0,11,0,"(2,2,3)",3,"{""(1,1,1)"": 1, ""(1,1,3)"": 1, ""(1,2,3)"": 2, ""(1,3,3)"": 2, ""(2,2,2)"": 1, ""(2,2,3)"": 3, ""(2,3,3)"": 1, ""(3,1,3)"": 1}"
OFFLINE EXISTING-CANDIDATE DIAGNOSTIC,8.275530000626126e-07,50,12,0,0,12,0,"(1,3,3)",4,"{""(1,2,3)"": 3, ""(1,3,3)"": 4, ""(2,1,3)"": 3, ""(2,2,3)"": 2}"
OFFLINE EXISTING-CANDIDATE DIAGNOSTIC,8.275530000626126e-07,100,12,1,0,11,0,"(2,2,3)",3,"{""(1,1,1)"": 1, ""(1,1,3)"": 1, ""(1,2,3)"": 2, ""(1,3,3)"": 2, ""(2,2,2)"": 1, ""(2,2,3)"": 3, ""(2,3,3)"": 1, ""(3,1,3)"": 1}"
OFFLINE EXISTING-CANDIDATE DIAGNOSTIC,8.294073318744425e-07,50,12,0,0,12,0,"(1,3,3)",4,"{""(1,2,3)"": 3, ""(1,3,3)"": 4, ""(2,1,3)"": 3, ""(2,2,3)"": 2}"
OFFLINE EXISTING-CANDIDATE DIAGNOSTIC,8.294073318744425e-07,100,12,1,0,11,0,"(2,2,3)",3,"{""(1,1,1)"": 1, ""(1,1,3)"": 1, ""(1,2,3)"": 2, ""(1,3,3)"": 2, ""(2,2,2)"": 1, ""(2,2,3)"": 3, ""(2,3,3)"": 1, ""(3,1,3)"": 1}"
OFFLINE EXISTING-CANDIDATE DIAGNOSTIC,8.306142797575856e-07,50,12,0,0,12,0,"(1,3,3)",4,"{""(1,2,3)"": 3, ""(1,3,3)"": 4, ""(2,1,3)"": 3, ""(2,2,3)"": 2}"
OFFLINE EXISTING-CANDIDATE DIAGNOSTIC,8.306142797575856e-07,100,12,1,0,11,0,"(2,2,3)",3,"{""(1,1,1)"": 1, ""(1,1,3)"": 1, ""(1,2,3)"": 2, ""(1,3,3)"": 2, ""(2,2,2)"": 1, ""(2,2,3)"": 3, ""(2,3,3)"": 1, ""(3,1,3)"": 1}"
OFFLINE EXISTING-CANDIDATE DIAGNOSTIC,8.318229839830428e-07,50,12,0,0,12,0,"(1,3,3)",4,"{""(1,2,3)"": 3, ""(1,3,3)"": 4, ""(2,1,3)"": 3, ""(2,2,3)"": 2}"
OFFLINE EXISTING-CANDIDATE DIAGNOSTIC,8.318229839830428e-07,100,12,1,0,11,0,"(2,2,3)",3,"{""(1,1,1)"": 1, ""(1,1,3)"": 1, ""(1,2,3)"": 2, ""(1,3,3)"": 2, ""(2,2,2)"": 1, ""(2,2,3)"": 3, ""(2,3,3)"": 1, ""(3,1,3)"": 1}"
OFFLINE EXISTING-CANDIDATE DIAGNOSTIC,8.325495780357917e-07,50,12,0,0,12,0,"(1,3,3)",4,"{""(1,2,3)"": 3, ""(1,3,3)"": 4, ""(2,1,3)"": 3, ""(2,2,3)"": 2}"
OFFLINE EXISTING-CANDIDATE DIAGNOSTIC,8.325495780357917e-07,100,12,1,0,11,0,"(2,2,3)",3,"{""(1,1,1)"": 1, ""(1,1,3)"": 1, ""(1,2,3)"": 2, ""(1,3,3)"": 2, ""(2,2,2)"": 1, ""(2,2,3)"": 3, ""(2,3,3)"": 1, ""(3,1,3)"": 1}"
OFFLINE EXISTING-CANDIDATE DIAGNOSTIC,8.332768067655424e-07,50,12,0,0,12,0,"(1,3,3)",4,"{""(1,2,3)"": 3, ""(1,3,3)"": 4, ""(2,1,3)"": 3, ""(2,2,3)"": 2}"
OFFLINE EXISTING-CANDIDATE DIAGNOSTIC,8.332768067655424e-07,100,12,1,0,11,0,"(2,2,3)",3,"{""(1,1,1)"": 1, ""(1,1,3)"": 1, ""(1,2,3)"": 2, ""(1,3,3)"": 2, ""(2,2,2)"": 1, ""(2,2,3)"": 3, ""(2,3,3)"": 1, ""(3,1,3)"": 1}"
OFFLINE EXISTING-CANDIDATE DIAGNOSTIC,8.361862898013129e-07,50,12,0,0,12,0,"(1,3,3)",4,"{""(1,2,3)"": 3, ""(1,3,3)"": 4, ""(2,1,3)"": 3, ""(2,2,3)"": 2}"
OFFLINE EXISTING-CANDIDATE DIAGNOSTIC,8.361862898013129e-07,100,12,1,0,11,0,"(2,2,3)",3,"{""(1,1,1)"": 1, ""(1,1,3)"": 1, ""(1,2,3)"": 2, ""(1,3,3)"": 2, ""(2,2,2)"": 1, ""(2,2,3)"": 3, ""(2,3,3)"": 1, ""(3,1,3)"": 1}"
OFFLINE EXISTING-CANDIDATE DIAGNOSTIC,8.391059316360165e-07,50,12,0,0,12,0,"(1,3,3)",4,"{""(1,2,3)"": 3, ""(1,3,3)"": 4, ""(2,1,3)"": 3, ""(2,2,3)"": 2}"
OFFLINE EXISTING-CANDIDATE DIAGNOSTIC,8.391059316360165e-07,100,12,1,0,11,0,"(2,2,3)",3,"{""(1,1,1)"": 1, ""(1,1,3)"": 1, ""(1,2,3)"": 2, ""(1,3,3)"": 2, ""(2,2,2)"": 1, ""(2,2,3)"": 3, ""(2,3,3)"": 1, ""(3,1,3)"": 1}"
OFFLINE EXISTING-CANDIDATE DIAGNOSTIC,8.465544821431164e-07,50,12,0,0,12,0,"(1,3,3)",4,"{""(1,2,3)"": 3, ""(1,3,3)"": 4, ""(2,1,3)"": 3, ""(2,2,3)"": 2}"
OFFLINE EXISTING-CANDIDATE DIAGNOSTIC,8.465544821431164e-07,100,12,1,0,11,0,"(2,2,3)",3,"{""(1,1,1)"": 1, ""(1,1,3)"": 1, ""(1,2,3)"": 2, ""(1,3,3)"": 2, ""(2,2,2)"": 1, ""(2,2,3)"": 3, ""(2,3,3)"": 1, ""(3,1,3)"": 1}"
OFFLINE EXISTING-CANDIDATE DIAGNOSTIC,8.540691517212003e-07,50,12,0,0,12,0,"(1,3,3)",4,"{""(1,2,3)"": 3, ""(1,3,3)"": 4, ""(2,1,3)"": 3, ""(2,2,3)"": 2}"
OFFLINE EXISTING-CANDIDATE DIAGNOSTIC,8.540691517212003e-07,100,12,1,0,11,0,"(2,2,3)",3,"{""(1,1,1)"": 1, ""(1,1,3)"": 2, ""(1,2,3)"": 1, ""(1,3,3)"": 2, ""(2,2,2)"": 1, ""(2,2,3)"": 3, ""(2,3,3)"": 1, ""(3,1,3)"": 1}"
OFFLINE EXISTING-CANDIDATE DIAGNOSTIC,8.561767741604058e-07,50,12,0,0,12,0,"(1,3,3)",4,"{""(1,2,3)"": 3, ""(1,3,3)"": 4, ""(2,1,3)"": 3, ""(2,2,3)"": 2}"
OFFLINE EXISTING-CANDIDATE DIAGNOSTIC,8.561767741604058e-07,100,12,1,0,11,0,"(1,1,3)",2,"{""(1,1,1)"": 1, ""(1,1,3)"": 2, ""(1,2,3)"": 1, ""(1,3,3)"": 2, ""(2,1,3)"": 1, ""(2,2,2)"": 1, ""(2,2,3)"": 2, ""(2,3,3)"": 1, ""(3,1,3)"": 1}"
OFFLINE EXISTING-CANDIDATE DIAGNOSTIC,8.582895976683273e-07,50,12,0,0,12,0,"(1,3,3)",4,"{""(1,2,3)"": 3, ""(1,3,3)"": 4, ""(2,1,3)"": 3, ""(2,2,3)"": 2}"
OFFLINE EXISTING-CANDIDATE DIAGNOSTIC,8.582895976683273e-07,100,12,1,0,11,0,"(1,1,3)",2,"{""(1,1,1)"": 1, ""(1,1,3)"": 2, ""(1,2,3)"": 1, ""(1,3,3)"": 2, ""(2,1,3)"": 1, ""(2,2,2)"": 1, ""(2,2,3)"": 2, ""(2,3,3)"": 1, ""(3,1,3)"": 1}"
OFFLINE EXISTING-CANDIDATE DIAGNOSTIC,8.590024104045677e-07,50,12,0,0,12,0,"(1,3,3)",4,"{""(1,2,3)"": 3, ""(1,3,3)"": 4, ""(2,1,3)"": 3, ""(2,2,3)"": 2}"
OFFLINE EXISTING-CANDIDATE DIAGNOSTIC,8.590024104045677e-07,100,12,2,0,10,0,"(1,1,1)",2,"{""(1,1,1)"": 2, ""(1,1,3)"": 2, ""(1,2,3)"": 1, ""(1,3,3)"": 1, ""(2,1,3)"": 1, ""(2,2,2)"": 1, ""(2,2,3)"": 2, ""(2,3,3)"": 1, ""(3,1,3)"": 1}"
OFFLINE EXISTING-CANDIDATE DIAGNOSTIC,8.597158151344643e-07,50,12,0,0,12,0,"(1,3,3)",4,"{""(1,2,3)"": 3, ""(1,3,3)"": 4, ""(2,1,3)"": 3, ""(2,2,3)"": 2}"
OFFLINE EXISTING-CANDIDATE DIAGNOSTIC,8.597158151344643e-07,100,12,2,0,10,0,"(1,1,1)",2,"{""(1,1,1)"": 2, ""(1,1,3)"": 2, ""(1,2,3)"": 1, ""(1,3,3)"": 1, ""(2,1,3)"": 1, ""(2,2,2)"": 1, ""(2,2,3)"": 2, ""(2,3,3)"": 1, ""(3,1,3)"": 1}"
OFFLINE EXISTING-CANDIDATE DIAGNOSTIC,8.611735077016846e-07,50,12,0,0,12,0,"(1,3,3)",4,"{""(1,2,3)"": 3, ""(1,3,3)"": 4, ""(2,1,3)"": 3, ""(2,2,3)"": 2}"
OFFLINE EXISTING-CANDIDATE DIAGNOSTIC,8.611735077016846e-07,100,12,2,0,10,0,"(1,1,1)",2,"{""(1,1,1)"": 2, ""(1,1,3)"": 2, ""(1,2,3)"": 1, ""(1,3,3)"": 1, ""(2,1,3)"": 1, ""(2,2,2)"": 1, ""(2,2,3)"": 2, ""(2,3,3)"": 1, ""(3,1,3)"": 1}"
OFFLINE EXISTING-CANDIDATE DIAGNOSTIC,8.626336718619395e-07,50,12,0,0,12,0,"(1,3,3)",4,"{""(1,2,3)"": 3, ""(1,3,3)"": 4, ""(2,1,3)"": 3, ""(2,2,3)"": 2}"
OFFLINE EXISTING-CANDIDATE DIAGNOSTIC,8.626336718619395e-07,100,12,2,0,10,0,"(1,1,1)",2,"{""(1,1,1)"": 2, ""(1,1,3)"": 2, ""(1,2,3)"": 1, ""(1,3,3)"": 1, ""(2,1,3)"": 1, ""(2,2,2)"": 1, ""(2,2,3)"": 2, ""(2,3,3)"": 1, ""(3,1,3)"": 1}"
OFFLINE EXISTING-CANDIDATE DIAGNOSTIC,8.632907038100054e-07,50,12,0,0,12,0,"(1,3,3)",4,"{""(1,2,3)"": 3, ""(1,3,3)"": 4, ""(2,1,3)"": 3, ""(2,2,3)"": 2}"
OFFLINE EXISTING-CANDIDATE DIAGNOSTIC,8.632907038100054e-07,100,12,2,0,10,0,"(1,1,1)",2,"{""(1,1,1)"": 2, ""(1,1,3)"": 2, ""(1,2,3)"": 1, ""(1,3,3)"": 1, ""(2,1,3)"": 1, ""(2,2,2)"": 1, ""(2,2,3)"": 2, ""(2,3,3)"": 1, ""(3,1,3)"": 1}"
OFFLINE EXISTING-CANDIDATE DIAGNOSTIC,8.639482361917952e-07,50,12,0,0,12,0,"(1,3,3)",4,"{""(1,2,3)"": 3, ""(1,3,3)"": 4, ""(2,1,3)"": 3, ""(2,2,3)"": 2}"
OFFLINE EXISTING-CANDIDATE DIAGNOSTIC,8.639482361917952e-07,100,12,2,0,10,0,"(1,1,1)",2,"{""(1,1,1)"": 2, ""(1,1,3)"": 2, ""(1,2,3)"": 1, ""(1,3,3)"": 1, ""(2,1,3)"": 1, ""(2,2,2)"": 1, ""(2,2,3)"": 2, ""(2,3,3)"": 1, ""(3,1,3)"": 1}"
OFFLINE EXISTING-CANDIDATE DIAGNOSTIC,8.651989575899807e-07,50,12,0,0,12,0,"(1,3,3)",4,"{""(1,2,3)"": 3, ""(1,3,3)"": 4, ""(2,1,3)"": 3, ""(2,2,3)"": 2}"
OFFLINE EXISTING-CANDIDATE DIAGNOSTIC,8.651989575899807e-07,100,12,2,0,10,0,"(1,1,1)",2,"{""(1,1,1)"": 2, ""(1,1,3)"": 2, ""(1,2,3)"": 1, ""(1,3,3)"": 1, ""(2,1,3)"": 1, ""(2,2,2)"": 1, ""(2,2,3)"": 2, ""(2,3,3)"": 1, ""(3,1,3)"": 1}"
OFFLINE EXISTING-CANDIDATE DIAGNOSTIC,8.664514896337006e-07,50,12,0,0,12,0,"(1,3,3)",4,"{""(1,2,3)"": 3, ""(1,3,3)"": 4, ""(2,1,3)"": 3, ""(2,2,3)"": 2}"
OFFLINE EXISTING-CANDIDATE DIAGNOSTIC,8.664514896337006e-07,100,12,3,0,9,0,"(1,1,1)",3,"{""(1,1,1)"": 3, ""(1,1,3)"": 2, ""(1,2,3)"": 1, ""(1,3,3)"": 1, ""(2,1,3)"": 1, ""(2,2,3)"": 2, ""(2,3,3)"": 1, ""(3,1,3)"": 1}"
OFFLINE EXISTING-CANDIDATE DIAGNOSTIC,8.785364354503621e-07,50,12,0,0,12,0,"(1,3,3)",4,"{""(1,2,3)"": 3, ""(1,3,3)"": 4, ""(2,1,3)"": 3, ""(2,2,3)"": 2}"
OFFLINE EXISTING-CANDIDATE DIAGNOSTIC,8.785364354503621e-07,100,12,3,0,9,0,"(1,1,1)",3,"{""(1,1,1)"": 3, ""(1,1,3)"": 2, ""(1,2,3)"": 1, ""(1,3,3)"": 1, ""(2,1,3)"": 1, ""(2,2,3)"": 2, ""(2,3,3)"": 1, ""(3,1,3)"": 1}"
OFFLINE EXISTING-CANDIDATE DIAGNOSTIC,8.907899376341589e-07,50,12,0,0,12,0,"(1,3,3)",4,"{""(1,2,3)"": 3, ""(1,3,3)"": 4, ""(2,1,3)"": 3, ""(2,2,3)"": 2}"
OFFLINE EXISTING-CANDIDATE DIAGNOSTIC,8.907899376341589e-07,100,12,3,0,9,0,"(1,1,3)",4,"{""(1,1,1)"": 3, ""(1,1,3)"": 4, ""(1,2,3)"": 1, ""(1,3,3)"": 1, ""(2,1,3)"": 1, ""(2,2,3)"": 1, ""(2,3,3)"": 1}"
OFFLINE EXISTING-CANDIDATE DIAGNOSTIC,8.980839394146848e-07,50,12,0,0,12,0,"(1,3,3)",4,"{""(1,2,3)"": 3, ""(1,3,3)"": 4, ""(2,1,3)"": 3, ""(2,2,3)"": 2}"
OFFLINE EXISTING-CANDIDATE DIAGNOSTIC,8.980839394146848e-07,100,12,3,0,9,0,"(1,1,3)",4,"{""(1,1,1)"": 3, ""(1,1,3)"": 4, ""(1,2,3)"": 1, ""(1,3,3)"": 1, ""(2,1,3)"": 1, ""(2,2,3)"": 1, ""(2,3,3)"": 1}"
OFFLINE EXISTING-CANDIDATE DIAGNOSTIC,9.054376662321994e-07,50,12,0,0,12,0,"(1,3,3)",4,"{""(1,2,3)"": 3, ""(1,3,3)"": 4, ""(2,1,3)"": 3, ""(2,2,3)"": 2}"
OFFLINE EXISTING-CANDIDATE DIAGNOSTIC,9.054376662321994e-07,100,12,3,0,9,0,"(1,1,3)",4,"{""(1,1,1)"": 3, ""(1,1,3)"": 4, ""(1,2,3)"": 1, ""(1,3,3)"": 1, ""(2,1,3)"": 1, ""(2,2,3)"": 1, ""(2,3,3)"": 1}"
OFFLINE EXISTING-CANDIDATE DIAGNOSTIC,9.059223066758724e-07,50,12,0,0,12,0,"(1,3,3)",4,"{""(1,2,3)"": 3, ""(1,3,3)"": 4, ""(2,1,3)"": 3, ""(2,2,3)"": 2}"
OFFLINE EXISTING-CANDIDATE DIAGNOSTIC,9.059223066758724e-07,100,12,3,0,9,0,"(1,1,3)",4,"{""(1,1,1)"": 3, ""(1,1,3)"": 4, ""(1,2,3)"": 1, ""(1,3,3)"": 1, ""(2,1,3)"": 1, ""(2,2,3)"": 1, ""(2,3,3)"": 1}"
OFFLINE EXISTING-CANDIDATE DIAGNOSTIC,9.064072065259832e-07,50,12,0,0,12,0,"(1,3,3)",4,"{""(1,2,3)"": 3, ""(1,3,3)"": 4, ""(2,1,3)"": 3, ""(2,2,3)"": 2}"
OFFLINE EXISTING-CANDIDATE DIAGNOSTIC,9.064072065259832e-07,100,12,3,0,9,0,"(1,1,3)",4,"{""(1,1,1)"": 3, ""(1,1,3)"": 4, ""(1,2,3)"": 1, ""(1,3,3)"": 1, ""(2,1,3)"": 1, ""(2,2,3)"": 1, ""(2,3,3)"": 1}"
OFFLINE EXISTING-CANDIDATE DIAGNOSTIC,9.263924901502703e-07,50,12,0,0,12,0,"(1,3,3)",4,"{""(1,2,3)"": 3, ""(1,3,3)"": 4, ""(2,1,3)"": 3, ""(2,2,3)"": 2}"
OFFLINE EXISTING-CANDIDATE DIAGNOSTIC,9.263924901502703e-07,100,12,3,0,9,0,"(1,1,3)",5,"{""(1,1,1)"": 3, ""(1,1,3)"": 5, ""(1,2,3)"": 1, ""(2,1,3)"": 1, ""(2,2,3)"": 2}"
OFFLINE EXISTING-CANDIDATE DIAGNOSTIC,9.468184273336505e-07,50,12,0,0,12,0,"(1,3,3)",4,"{""(1,2,3)"": 3, ""(1,3,3)"": 4, ""(2,1,3)"": 3, ""(2,2,3)"": 2}"
OFFLINE EXISTING-CANDIDATE DIAGNOSTIC,9.468184273336505e-07,100,12,3,0,9,0,"(1,1,3)",6,"{""(1,1,1)"": 3, ""(1,1,3)"": 6, ""(1,2,3)"": 2, ""(2,1,3)"": 1}"
OFFLINE EXISTING-CANDIDATE DIAGNOSTIC,9.545112994098013e-07,50,12,0,0,12,0,"(1,3,3)",4,"{""(1,2,3)"": 3, ""(1,3,3)"": 4, ""(2,1,3)"": 3, ""(2,2,3)"": 2}"
OFFLINE EXISTING-CANDIDATE DIAGNOSTIC,9.545112994098013e-07,100,12,3,0,9,0,"(1,1,3)",6,"{""(1,1,1)"": 3, ""(1,1,3)"": 6, ""(1,2,3)"": 2, ""(2,1,3)"": 1}"
OFFLINE EXISTING-CANDIDATE DIAGNOSTIC,9.622666758469485e-07,50,12,0,0,12,0,"(1,3,3)",4,"{""(1,2,3)"": 3, ""(1,3,3)"": 4, ""(2,1,3)"": 3, ""(2,2,3)"": 2}"
OFFLINE EXISTING-CANDIDATE DIAGNOSTIC,9.622666758469485e-07,100,12,3,0,9,0,"(1,1,3)",6,"{""(1,1,1)"": 3, ""(1,1,3)"": 6, ""(1,2,3)"": 2, ""(2,1,3)"": 1}"
OFFLINE EXISTING-CANDIDATE DIAGNOSTIC,9.650569564901301e-07,50,12,0,0,12,0,"(1,3,3)",4,"{""(1,2,3)"": 3, ""(1,3,3)"": 4, ""(2,1,3)"": 3, ""(2,2,3)"": 2}"
OFFLINE EXISTING-CANDIDATE DIAGNOSTIC,9.650569564901301e-07,100,12,3,0,9,0,"(1,1,3)",6,"{""(1,1,1)"": 3, ""(1,1,3)"": 6, ""(1,2,3)"": 2, ""(2,1,3)"": 1}"
OFFLINE EXISTING-CANDIDATE DIAGNOSTIC,9.678553280983876e-07,50,12,0,0,12,0,"(1,3,3)",4,"{""(1,2,3)"": 3, ""(1,3,3)"": 4, ""(2,1,3)"": 3, ""(2,2,3)"": 2}"
OFFLINE EXISTING-CANDIDATE DIAGNOSTIC,9.678553280983876e-07,100,12,3,0,9,0,"(1,1,3)",6,"{""(1,1,1)"": 3, ""(1,1,3)"": 6, ""(1,2,3)"": 2, ""(2,1,3)"": 1}"
OFFLINE EXISTING-CANDIDATE DIAGNOSTIC,9.69808391112296e-07,50,12,0,0,12,0,"(1,3,3)",4,"{""(1,2,3)"": 3, ""(1,3,3)"": 4, ""(2,1,3)"": 3, ""(2,2,3)"": 2}"
OFFLINE EXISTING-CANDIDATE DIAGNOSTIC,9.69808391112296e-07,100,12,3,0,9,0,"(1,1,3)",6,"{""(1,1,1)"": 3, ""(1,1,3)"": 6, ""(1,2,3)"": 2, ""(2,1,3)"": 1}"
OFFLINE EXISTING-CANDIDATE DIAGNOSTIC,9.717653952680526e-07,50,12,0,0,12,0,"(1,3,3)",4,"{""(1,2,3)"": 3, ""(1,3,3)"": 4, ""(2,1,3)"": 3, ""(2,2,3)"": 2}"
OFFLINE EXISTING-CANDIDATE DIAGNOSTIC,9.717653952680526e-07,100,12,3,0,9,0,"(1,1,3)",6,"{""(1,1,1)"": 3, ""(1,1,3)"": 6, ""(1,2,3)"": 2, ""(2,1,3)"": 1}"
OFFLINE EXISTING-CANDIDATE DIAGNOSTIC,9.726115668200647e-07,50,12,0,0,12,0,"(1,3,3)",4,"{""(1,2,3)"": 3, ""(1,3,3)"": 4, ""(2,1,3)"": 3, ""(2,2,3)"": 2}"
OFFLINE EXISTING-CANDIDATE DIAGNOSTIC,9.726115668200647e-07,100,12,3,0,9,0,"(1,1,3)",6,"{""(1,1,1)"": 3, ""(1,1,3)"": 6, ""(1,2,3)"": 2, ""(2,1,3)"": 1}"
OFFLINE EXISTING-CANDIDATE DIAGNOSTIC,9.734584751819068e-07,50,12,0,0,12,0,"(1,3,3)",4,"{""(1,2,3)"": 3, ""(1,3,3)"": 4, ""(2,1,3)"": 3, ""(2,2,3)"": 2}"
OFFLINE EXISTING-CANDIDATE DIAGNOSTIC,9.734584751819068e-07,100,12,3,0,9,0,"(1,1,3)",6,"{""(1,1,1)"": 3, ""(1,1,3)"": 6, ""(1,2,3)"": 2, ""(2,1,3)"": 1}"
OFFLINE EXISTING-CANDIDATE DIAGNOSTIC,9.740611419347956e-07,50,12,0,0,12,0,"(1,3,3)",4,"{""(1,2,3)"": 3, ""(1,3,3)"": 4, ""(2,1,3)"": 3, ""(2,2,3)"": 2}"
OFFLINE EXISTING-CANDIDATE DIAGNOSTIC,9.740611419347956e-07,100,12,3,0,9,0,"(1,1,3)",6,"{""(1,1,1)"": 3, ""(1,1,3)"": 6, ""(1,2,3)"": 2, ""(2,1,3)"": 1}"
OFFLINE EXISTING-CANDIDATE DIAGNOSTIC,9.746641817978112e-07,50,12,0,0,12,0,"(1,3,3)",4,"{""(1,2,3)"": 3, ""(1,3,3)"": 4, ""(2,1,3)"": 3, ""(2,2,3)"": 2}"
OFFLINE EXISTING-CANDIDATE DIAGNOSTIC,9.746641817978112e-07,100,12,3,0,9,0,"(1,1,3)",6,"{""(1,1,1)"": 3, ""(1,1,3)"": 6, ""(1,2,3)"": 2, ""(2,1,3)"": 1}"
OFFLINE EXISTING-CANDIDATE DIAGNOSTIC,9.750701011118594e-07,50,12,0,0,12,0,"(1,3,3)",4,"{""(1,2,3)"": 3, ""(1,3,3)"": 4, ""(2,1,3)"": 3, ""(2,2,3)"": 2}"
OFFLINE EXISTING-CANDIDATE DIAGNOSTIC,9.750701011118594e-07,100,12,3,0,9,0,"(1,1,3)",6,"{""(1,1,1)"": 3, ""(1,1,3)"": 6, ""(1,2,3)"": 2, ""(2,1,3)"": 1}"
OFFLINE EXISTING-CANDIDATE DIAGNOSTIC,9.754761894795087e-07,50,12,0,0,12,0,"(1,3,3)",4,"{""(1,2,3)"": 3, ""(1,3,3)"": 4, ""(2,1,3)"": 3, ""(2,2,3)"": 2}"
OFFLINE EXISTING-CANDIDATE DIAGNOSTIC,9.754761894795087e-07,100,12,3,0,9,0,"(1,1,3)",6,"{""(1,1,1)"": 3, ""(1,1,3)"": 6, ""(1,2,3)"": 2, ""(2,1,3)"": 1}"
OFFLINE EXISTING-CANDIDATE DIAGNOSTIC,9.782959190970053e-07,50,12,0,0,12,0,"(1,3,3)",4,"{""(1,2,3)"": 3, ""(1,3,3)"": 4, ""(2,1,3)"": 3, ""(2,2,3)"": 2}"
OFFLINE EXISTING-CANDIDATE DIAGNOSTIC,9.782959190970053e-07,100,12,3,0,9,0,"(1,1,3)",6,"{""(1,1,1)"": 3, ""(1,1,3)"": 6, ""(1,2,3)"": 2, ""(2,1,3)"": 1}"
OFFLINE EXISTING-CANDIDATE DIAGNOSTIC,9.811237994773821e-07,50,12,0,0,12,0,"(1,3,3)",4,"{""(1,2,3)"": 3, ""(1,3,3)"": 4, ""(2,1,3)"": 3, ""(2,2,3)"": 2}"
OFFLINE EXISTING-CANDIDATE DIAGNOSTIC,9.811237994773821e-07,100,12,3,0,9,0,"(1,1,3)",6,"{""(1,1,1)"": 3, ""(1,1,3)"": 6, ""(1,2,3)"": 2, ""(2,1,3)"": 1}"
OFFLINE EXISTING-CANDIDATE DIAGNOSTIC,9.836035417814396e-07,50,12,0,0,12,0,"(1,3,3)",4,"{""(1,2,3)"": 3, ""(1,3,3)"": 4, ""(2,1,3)"": 3, ""(2,2,3)"": 2}"
OFFLINE EXISTING-CANDIDATE DIAGNOSTIC,9.836035417814396e-07,100,12,3,0,9,0,"(1,1,3)",6,"{""(1,1,1)"": 3, ""(1,1,3)"": 6, ""(1,2,3)"": 2, ""(2,1,3)"": 1}"
OFFLINE EXISTING-CANDIDATE DIAGNOSTIC,9.860895515126024e-07,50,12,0,0,12,0,"(1,3,3)",4,"{""(1,2,3)"": 3, ""(1,3,3)"": 4, ""(2,1,3)"": 3, ""(2,2,3)"": 2}"
OFFLINE EXISTING-CANDIDATE DIAGNOSTIC,9.860895515126024e-07,100,12,3,0,9,0,"(1,1,3)",6,"{""(1,1,1)"": 3, ""(1,1,3)"": 6, ""(1,2,3)"": 2, ""(2,1,3)"": 1}"
OFFLINE EXISTING-CANDIDATE DIAGNOSTIC,9.873343457481412e-07,50,12,0,0,12,0,"(1,3,3)",4,"{""(1,2,3)"": 3, ""(1,3,3)"": 4, ""(2,1,3)"": 3, ""(2,2,3)"": 2}"
OFFLINE EXISTING-CANDIDATE DIAGNOSTIC,9.873343457481412e-07,100,12,3,0,9,0,"(1,1,3)",6,"{""(1,1,1)"": 3, ""(1,1,3)"": 6, ""(1,2,3)"": 2, ""(2,1,3)"": 1}"
OFFLINE EXISTING-CANDIDATE DIAGNOSTIC,9.885807113548466e-07,50,12,0,0,12,0,"(1,3,3)",4,"{""(1,2,3)"": 3, ""(1,3,3)"": 4, ""(2,1,3)"": 3, ""(2,2,3)"": 2}"
OFFLINE EXISTING-CANDIDATE DIAGNOSTIC,9.885807113548466e-07,100,12,3,0,9,0,"(1,1,3)",6,"{""(1,1,1)"": 3, ""(1,1,3)"": 6, ""(1,2,3)"": 2, ""(2,1,3)"": 1}"
OFFLINE EXISTING-CANDIDATE DIAGNOSTIC,9.908521340606125e-07,50,12,0,0,12,0,"(1,3,3)",4,"{""(1,2,3)"": 3, ""(1,3,3)"": 4, ""(2,1,3)"": 3, ""(2,2,3)"": 2}"
OFFLINE EXISTING-CANDIDATE DIAGNOSTIC,9.908521340606125e-07,100,12,3,0,9,0,"(1,1,3)",6,"{""(1,1,1)"": 3, ""(1,1,2)"": 1, ""(1,1,3)"": 6, ""(1,2,3)"": 2}"
OFFLINE EXISTING-CANDIDATE DIAGNOSTIC,9.931287757242733e-07,50,12,0,0,12,0,"(1,3,3)",4,"{""(1,2,3)"": 3, ""(1,3,3)"": 4, ""(2,1,3)"": 3, ""(2,2,3)"": 2}"
OFFLINE EXISTING-CANDIDATE DIAGNOSTIC,9.931287757242733e-07,100,12,3,0,9,0,"(1,1,3)",6,"{""(1,1,1)"": 3, ""(1,1,2)"": 1, ""(1,1,3)"": 6, ""(1,2,3)"": 2}"
OFFLINE EXISTING-CANDIDATE DIAGNOSTIC,9.936687585412573e-07,50,12,0,0,12,0,"(1,3,3)",4,"{""(1,2,3)"": 3, ""(1,3,3)"": 4, ""(2,1,3)"": 3, ""(2,2,3)"": 2}"
OFFLINE EXISTING-CANDIDATE DIAGNOSTIC,9.936687585412573e-07,100,12,3,0,9,0,"(1,1,3)",6,"{""(1,1,1)"": 3, ""(1,1,2)"": 1, ""(1,1,3)"": 6, ""(1,2,3)"": 2}"
OFFLINE EXISTING-CANDIDATE DIAGNOSTIC,9.942090349570675e-07,50,12,0,0,12,0,"(1,3,3)",4,"{""(1,2,3)"": 3, ""(1,3,3)"": 4, ""(2,1,3)"": 3, ""(2,2,3)"": 2}"
OFFLINE EXISTING-CANDIDATE DIAGNOSTIC,9.942090349570675e-07,100,12,3,0,9,0,"(1,1,3)",7,"{""(1,1,1)"": 3, ""(1,1,2)"": 1, ""(1,1,3)"": 7, ""(1,2,3)"": 1}"
OFFLINE EXISTING-CANDIDATE DIAGNOSTIC,9.979536045225578e-07,50,12,0,0,12,0,"(1,3,3)",4,"{""(1,2,3)"": 3, ""(1,3,3)"": 4, ""(2,1,3)"": 3, ""(2,2,3)"": 2}"
OFFLINE EXISTING-CANDIDATE DIAGNOSTIC,9.979536045225578e-07,100,12,3,0,9,0,"(1,1,3)",7,"{""(1,1,1)"": 3, ""(1,1,2)"": 1, ""(1,1,3)"": 7, ""(1,2,3)"": 1}"
OFFLINE EXISTING-CANDIDATE DIAGNOSTIC,1.0017122775620034e-06,50,12,0,0,12,0,"(1,3,3)",4,"{""(1,2,3)"": 3, ""(1,3,3)"": 4, ""(2,1,3)"": 3, ""(2,2,3)"": 2}"
OFFLINE EXISTING-CANDIDATE DIAGNOSTIC,1.0017122775620034e-06,100,12,3,0,9,0,"(1,1,3)",7,"{""(1,1,1)"": 3, ""(1,1,2)"": 1, ""(1,1,3)"": 7, ""(1,2,3)"": 1}"
OFFLINE EXISTING-CANDIDATE DIAGNOSTIC,1.0034679120770572e-06,50,12,0,0,12,0,"(1,3,3)",4,"{""(1,2,3)"": 3, ""(1,3,3)"": 4, ""(2,1,3)"": 3, ""(2,2,3)"": 2}"
OFFLINE EXISTING-CANDIDATE DIAGNOSTIC,1.0034679120770572e-06,100,12,3,0,9,0,"(1,1,3)",7,"{""(1,1,1)"": 3, ""(1,1,2)"": 1, ""(1,1,3)"": 7, ""(1,2,3)"": 1}"
OFFLINE EXISTING-CANDIDATE DIAGNOSTIC,1.0052266235760108e-06,50,12,0,0,12,0,"(1,3,3)",4,"{""(1,2,3)"": 3, ""(1,3,3)"": 4, ""(2,1,3)"": 3, ""(2,2,3)"": 2}"
OFFLINE EXISTING-CANDIDATE DIAGNOSTIC,1.0052266235760108e-06,100,12,3,0,9,0,"(1,1,3)",7,"{""(1,1,1)"": 3, ""(1,1,2)"": 1, ""(1,1,3)"": 7, ""(1,2,3)"": 1}"
OFFLINE EXISTING-CANDIDATE DIAGNOSTIC,1.0105123027528836e-06,50,12,0,0,12,0,"(1,3,3)",4,"{""(1,2,3)"": 3, ""(1,3,3)"": 4, ""(2,1,3)"": 3, ""(2,2,3)"": 2}"
OFFLINE EXISTING-CANDIDATE DIAGNOSTIC,1.0105123027528836e-06,100,12,3,0,9,0,"(1,1,3)",8,"{""(1,1,1)"": 3, ""(1,1,2)"": 1, ""(1,1,3)"": 8}"
OFFLINE EXISTING-CANDIDATE DIAGNOSTIC,1.0158257750698358e-06,50,12,0,0,12,0,"(1,3,3)",4,"{""(1,2,3)"": 3, ""(1,3,3)"": 4, ""(2,1,3)"": 3, ""(2,2,3)"": 2}"
OFFLINE EXISTING-CANDIDATE DIAGNOSTIC,1.0158257750698358e-06,100,12,3,0,9,0,"(1,1,3)",8,"{""(1,1,1)"": 3, ""(1,1,2)"": 1, ""(1,1,3)"": 8}"
OFFLINE EXISTING-CANDIDATE DIAGNOSTIC,1.01936031003274e-06,50,12,0,0,12,0,"(1,3,3)",4,"{""(1,2,3)"": 3, ""(1,3,3)"": 4, ""(2,1,3)"": 3, ""(2,2,3)"": 2}"
OFFLINE EXISTING-CANDIDATE DIAGNOSTIC,1.01936031003274e-06,100,12,3,0,9,0,"(1,1,3)",8,"{""(1,1,1)"": 3, ""(1,1,2)"": 1, ""(1,1,3)"": 8}"
OFFLINE EXISTING-CANDIDATE DIAGNOSTIC,1.0229071433028055e-06,50,12,0,0,12,0,"(1,3,3)",4,"{""(1,2,3)"": 3, ""(1,3,3)"": 4, ""(2,1,3)"": 3, ""(2,2,3)"": 2}"
OFFLINE EXISTING-CANDIDATE DIAGNOSTIC,1.0229071433028055e-06,100,12,3,0,9,0,"(1,1,3)",8,"{""(1,1,1)"": 3, ""(1,1,2)"": 1, ""(1,1,3)"": 8}"
OFFLINE EXISTING-CANDIDATE DIAGNOSTIC,1.0240983237373068e-06,50,12,0,0,12,0,"(1,3,3)",4,"{""(1,2,3)"": 3, ""(1,3,3)"": 4, ""(2,1,3)"": 3, ""(2,2,3)"": 2}"
OFFLINE EXISTING-CANDIDATE DIAGNOSTIC,1.0240983237373068e-06,100,12,3,0,9,0,"(1,1,3)",8,"{""(1,1,1)"": 3, ""(1,1,2)"": 1, ""(1,1,3)"": 8}"
OFFLINE EXISTING-CANDIDATE DIAGNOSTIC,1.0252908913073235e-06,50,12,0,0,12,0,"(1,3,3)",4,"{""(1,2,3)"": 3, ""(1,3,3)"": 4, ""(2,1,3)"": 3, ""(2,2,3)"": 2}"
OFFLINE EXISTING-CANDIDATE DIAGNOSTIC,1.0252908913073235e-06,100,12,3,0,9,0,"(1,1,3)",8,"{""(1,1,1)"": 3, ""(1,1,2)"": 1, ""(1,1,3)"": 8}"
OFFLINE EXISTING-CANDIDATE DIAGNOSTIC,1.0269020389864258e-06,50,12,0,0,12,0,"(1,3,3)",4,"{""(1,2,3)"": 3, ""(1,3,3)"": 4, ""(2,1,3)"": 3, ""(2,2,3)"": 2}"
OFFLINE EXISTING-CANDIDATE DIAGNOSTIC,1.0269020389864258e-06,100,12,3,0,9,0,"(1,1,3)",7,"{""(1,1,1)"": 3, ""(1,1,2)"": 2, ""(1,1,3)"": 7}"
OFFLINE EXISTING-CANDIDATE DIAGNOSTIC,1.0285157184317478e-06,50,12,0,0,12,0,"(1,3,3)",4,"{""(1,2,3)"": 3, ""(1,3,3)"": 4, ""(2,1,3)"": 3, ""(2,2,3)"": 2}"
OFFLINE EXISTING-CANDIDATE DIAGNOSTIC,1.0285157184317478e-06,100,12,3,0,9,0,"(1,1,3)",7,"{""(1,1,1)"": 3, ""(1,1,2)"": 2, ""(1,1,3)"": 7}"
OFFLINE EXISTING-CANDIDATE DIAGNOSTIC,1.0290007648809022e-06,50,12,0,0,12,0,"(1,3,3)",4,"{""(1,2,3)"": 3, ""(1,3,3)"": 4, ""(2,1,3)"": 3, ""(2,2,3)"": 2}"
OFFLINE EXISTING-CANDIDATE DIAGNOSTIC,1.0290007648809022e-06,100,12,3,0,9,0,"(1,1,3)",7,"{""(1,1,1)"": 3, ""(1,1,2)"": 2, ""(1,1,3)"": 7}"
OFFLINE EXISTING-CANDIDATE DIAGNOSTIC,1.0294860400772249e-06,50,12,0,0,12,0,"(1,3,3)",4,"{""(1,2,3)"": 3, ""(1,3,3)"": 4, ""(2,1,3)"": 3, ""(2,2,3)"": 2}"
OFFLINE EXISTING-CANDIDATE DIAGNOSTIC,1.0294860400772249e-06,100,12,3,0,9,0,"(1,1,3)",7,"{""(1,1,1)"": 3, ""(1,1,2)"": 2, ""(1,1,3)"": 7}"
OFFLINE EXISTING-CANDIDATE DIAGNOSTIC,1.0309928638482387e-06,50,12,0,0,12,0,"(1,3,3)",4,"{""(1,2,3)"": 3, ""(1,3,3)"": 4, ""(2,1,3)"": 3, ""(2,2,3)"": 2}"
OFFLINE EXISTING-CANDIDATE DIAGNOSTIC,1.0309928638482387e-06,100,12,3,0,9,0,"(1,1,3)",7,"{""(1,1,1)"": 3, ""(1,1,2)"": 2, ""(1,1,3)"": 7}"
OFFLINE EXISTING-CANDIDATE DIAGNOSTIC,1.032501893106057e-06,50,12,0,0,12,0,"(1,3,3)",4,"{""(1,2,3)"": 3, ""(1,3,3)"": 4, ""(2,1,3)"": 3, ""(2,2,3)"": 2}"
OFFLINE EXISTING-CANDIDATE DIAGNOSTIC,1.032501893106057e-06,100,12,3,0,9,0,"(1,1,3)",7,"{""(1,1,1)"": 3, ""(1,1,2)"": 2, ""(1,1,3)"": 7}"
OFFLINE EXISTING-CANDIDATE DIAGNOSTIC,1.0447613777749546e-06,50,12,0,0,12,0,"(1,3,3)",4,"{""(1,2,3)"": 3, ""(1,3,3)"": 4, ""(2,1,3)"": 3, ""(2,2,3)"": 2}"
OFFLINE EXISTING-CANDIDATE DIAGNOSTIC,1.0447613777749546e-06,100,12,3,0,9,0,"(1,1,3)",7,"{""(1,1,1)"": 3, ""(1,1,2)"": 2, ""(1,1,3)"": 7}"
OFFLINE EXISTING-CANDIDATE DIAGNOSTIC,1.0571664263070765e-06,50,12,0,0,12,0,"(1,3,3)",4,"{""(1,2,3)"": 3, ""(1,3,3)"": 4, ""(2,1,3)"": 3, ""(2,2,3)"": 2}"
OFFLINE EXISTING-CANDIDATE DIAGNOSTIC,1.0571664263070765e-06,100,12,3,0,9,0,"(1,1,3)",7,"{""(1,1,1)"": 3, ""(1,1,2)"": 2, ""(1,1,3)"": 7}"
OFFLINE EXISTING-CANDIDATE DIAGNOSTIC,1.0595323998724758e-06,50,12,0,0,12,0,"(1,3,3)",4,"{""(1,2,3)"": 3, ""(1,3,3)"": 4, ""(2,1,3)"": 3, ""(2,2,3)"": 2}"
OFFLINE EXISTING-CANDIDATE DIAGNOSTIC,1.0595323998724758e-06,100,12,3,0,9,0,"(1,1,3)",7,"{""(1,1,1)"": 3, ""(1,1,2)"": 2, ""(1,1,3)"": 7}"
OFFLINE EXISTING-CANDIDATE DIAGNOSTIC,1.0619036685652767e-06,50,12,0,0,12,0,"(1,3,3)",4,"{""(1,2,3)"": 3, ""(1,3,3)"": 4, ""(2,1,3)"": 3, ""(2,2,3)"": 2}"
OFFLINE EXISTING-CANDIDATE DIAGNOSTIC,1.0619036685652767e-06,100,12,3,0,9,0,"(1,1,3)",7,"{""(1,1,1)"": 3, ""(1,1,2)"": 2, ""(1,1,3)"": 7}"
OFFLINE EXISTING-CANDIDATE DIAGNOSTIC,1.0628528568994235e-06,50,12,0,0,12,0,"(1,3,3)",4,"{""(1,2,3)"": 3, ""(1,3,3)"": 4, ""(2,1,3)"": 3, ""(2,2,3)"": 2}"
OFFLINE EXISTING-CANDIDATE DIAGNOSTIC,1.0628528568994235e-06,100,12,3,0,9,0,"(1,1,3)",7,"{""(1,1,1)"": 3, ""(1,1,2)"": 2, ""(1,1,3)"": 7}"
OFFLINE EXISTING-CANDIDATE DIAGNOSTIC,1.0638028936706935e-06,50,12,0,0,12,0,"(1,3,3)",4,"{""(1,2,3)"": 3, ""(1,3,3)"": 4, ""(2,1,3)"": 3, ""(2,2,3)"": 2}"
OFFLINE EXISTING-CANDIDATE DIAGNOSTIC,1.0638028936706935e-06,100,12,3,0,9,0,"(1,1,3)",7,"{""(1,1,1)"": 3, ""(1,1,2)"": 2, ""(1,1,3)"": 7}"
OFFLINE EXISTING-CANDIDATE DIAGNOSTIC,1.0642417153109258e-06,50,12,0,0,12,0,"(1,3,3)",4,"{""(1,2,3)"": 3, ""(1,3,3)"": 4, ""(2,1,3)"": 3, ""(2,2,3)"": 2}"
OFFLINE EXISTING-CANDIDATE DIAGNOSTIC,1.0642417153109258e-06,100,12,3,0,9,0,"(1,1,3)",7,"{""(1,1,1)"": 3, ""(1,1,2)"": 2, ""(1,1,3)"": 7}"
OFFLINE EXISTING-CANDIDATE DIAGNOSTIC,1.0646807179663003e-06,50,12,0,0,12,0,"(1,3,3)",4,"{""(1,2,3)"": 3, ""(1,3,3)"": 4, ""(2,1,3)"": 3, ""(2,2,3)"": 2}"
OFFLINE EXISTING-CANDIDATE DIAGNOSTIC,1.0646807179663003e-06,100,12,3,0,9,0,"(1,1,3)",7,"{""(1,1,1)"": 3, ""(1,1,2)"": 2, ""(1,1,3)"": 7}"
OFFLINE EXISTING-CANDIDATE DIAGNOSTIC,1.0661023331150874e-06,50,12,0,0,12,0,"(1,3,3)",4,"{""(1,2,3)"": 3, ""(1,3,3)"": 4, ""(2,1,3)"": 3, ""(2,2,3)"": 2}"
OFFLINE EXISTING-CANDIDATE DIAGNOSTIC,1.0661023331150874e-06,100,12,3,0,9,0,"(1,1,3)",7,"{""(1,1,1)"": 3, ""(1,1,2)"": 2, ""(1,1,3)"": 7}"
OFFLINE EXISTING-CANDIDATE DIAGNOSTIC,1.0675258464757957e-06,50,12,0,0,12,0,"(1,3,3)",4,"{""(1,2,3)"": 3, ""(1,3,3)"": 4, ""(2,1,3)"": 3, ""(2,2,3)"": 2}"
OFFLINE EXISTING-CANDIDATE DIAGNOSTIC,1.0675258464757957e-06,100,12,3,0,9,0,"(1,1,3)",7,"{""(1,1,1)"": 3, ""(1,1,2)"": 2, ""(1,1,3)"": 7}"
OFFLINE EXISTING-CANDIDATE DIAGNOSTIC,1.0677261309167396e-06,50,12,0,0,12,0,"(1,3,3)",4,"{""(1,2,3)"": 3, ""(1,3,3)"": 4, ""(2,1,3)"": 3, ""(2,2,3)"": 2}"
OFFLINE EXISTING-CANDIDATE DIAGNOSTIC,1.0677261309167396e-06,100,12,3,0,9,0,"(1,1,3)",7,"{""(1,1,1)"": 3, ""(1,1,2)"": 2, ""(1,1,3)"": 7}"
OFFLINE EXISTING-CANDIDATE DIAGNOSTIC,1.0679264529341577e-06,50,12,0,0,12,0,"(1,3,3)",4,"{""(1,2,3)"": 3, ""(1,3,3)"": 4, ""(2,1,3)"": 3, ""(2,2,3)"": 2}"
OFFLINE EXISTING-CANDIDATE DIAGNOSTIC,1.0679264529341577e-06,100,12,4,0,8,0,"(1,1,3)",7,"{""(1,1,1)"": 4, ""(1,1,2)"": 1, ""(1,1,3)"": 7}"
OFFLINE EXISTING-CANDIDATE DIAGNOSTIC,1.069836480934838e-06,50,12,0,0,12,0,"(1,3,3)",4,"{""(1,2,3)"": 3, ""(1,3,3)"": 4, ""(2,1,3)"": 3, ""(2,2,3)"": 2}"
OFFLINE EXISTING-CANDIDATE DIAGNOSTIC,1.069836480934838e-06,100,12,4,0,8,0,"(1,1,3)",7,"{""(1,1,1)"": 4, ""(1,1,2)"": 1, ""(1,1,3)"": 7}"
OFFLINE EXISTING-CANDIDATE DIAGNOSTIC,1.0717499250948927e-06,50,12,0,0,12,0,"(1,3,3)",4,"{""(1,2,3)"": 3, ""(1,3,3)"": 4, ""(2,1,3)"": 3, ""(2,2,3)"": 2}"
OFFLINE EXISTING-CANDIDATE DIAGNOSTIC,1.0717499250948927e-06,100,12,5,0,7,0,"(1,1,3)",6,"{""(1,1,1)"": 5, ""(1,1,2)"": 1, ""(1,1,3)"": 6}"
OFFLINE EXISTING-CANDIDATE DIAGNOSTIC,1.0724939528358159e-06,50,12,0,0,12,0,"(1,3,3)",4,"{""(1,2,3)"": 3, ""(1,3,3)"": 4, ""(2,1,3)"": 3, ""(2,2,3)"": 2}"
OFFLINE EXISTING-CANDIDATE DIAGNOSTIC,1.0724939528358159e-06,100,12,5,0,7,0,"(1,1,3)",6,"{""(1,1,1)"": 5, ""(1,1,2)"": 1, ""(1,1,3)"": 6}"
OFFLINE EXISTING-CANDIDATE DIAGNOSTIC,1.0732384970939475e-06,50,12,0,0,12,0,"(1,3,3)",4,"{""(1,2,3)"": 3, ""(1,3,3)"": 4, ""(2,1,3)"": 3, ""(2,2,3)"": 2}"
OFFLINE EXISTING-CANDIDATE DIAGNOSTIC,1.0732384970939475e-06,100,12,5,0,7,0,"(1,1,3)",6,"{""(1,1,1)"": 5, ""(1,1,2)"": 1, ""(1,1,3)"": 6}"
OFFLINE EXISTING-CANDIDATE DIAGNOSTIC,1.0767970206539622e-06,50,12,0,0,12,0,"(1,3,3)",4,"{""(1,2,3)"": 3, ""(1,3,3)"": 4, ""(2,1,3)"": 3, ""(2,2,3)"": 2}"
OFFLINE EXISTING-CANDIDATE DIAGNOSTIC,1.0767970206539622e-06,100,12,5,0,7,0,"(1,1,1)",5,"{""(1,1,1)"": 5, ""(1,1,2)"": 2, ""(1,1,3)"": 5}"
OFFLINE EXISTING-CANDIDATE DIAGNOSTIC,1.0803673431663637e-06,50,12,0,0,12,0,"(1,3,3)",4,"{""(1,2,3)"": 3, ""(1,3,3)"": 4, ""(2,1,3)"": 3, ""(2,2,3)"": 2}"
OFFLINE EXISTING-CANDIDATE DIAGNOSTIC,1.0803673431663637e-06,100,12,5,0,7,0,"(1,1,1)",5,"{""(1,1,1)"": 5, ""(1,1,2)"": 2, ""(1,1,3)"": 5}"
OFFLINE EXISTING-CANDIDATE DIAGNOSTIC,1.0854909134647617e-06,50,12,0,0,12,0,"(1,3,3)",4,"{""(1,2,3)"": 3, ""(1,3,3)"": 4, ""(2,1,3)"": 3, ""(2,2,3)"": 2}"
OFFLINE EXISTING-CANDIDATE DIAGNOSTIC,1.0854909134647617e-06,100,12,5,0,7,0,"(1,1,1)",5,"{""(1,1,1)"": 5, ""(1,1,2)"": 2, ""(1,1,3)"": 5}"
OFFLINE EXISTING-CANDIDATE DIAGNOSTIC,1.0906387819546673e-06,50,12,0,0,12,0,"(1,3,3)",4,"{""(1,2,3)"": 3, ""(1,3,3)"": 4, ""(2,1,3)"": 3, ""(2,2,3)"": 2}"
OFFLINE EXISTING-CANDIDATE DIAGNOSTIC,1.0906387819546673e-06,100,12,5,0,7,0,"(1,1,1)",5,"{""(1,1,1)"": 5, ""(1,1,2)"": 2, ""(1,1,3)"": 5}"
OFFLINE EXISTING-CANDIDATE DIAGNOSTIC,1.0921504517634992e-06,50,12,0,0,12,0,"(1,3,3)",4,"{""(1,2,3)"": 3, ""(1,3,3)"": 4, ""(2,1,3)"": 3, ""(2,2,3)"": 2}"
OFFLINE EXISTING-CANDIDATE DIAGNOSTIC,1.0921504517634992e-06,100,12,5,0,7,0,"(1,1,1)",5,"{""(1,1,1)"": 5, ""(1,1,2)"": 2, ""(1,1,3)"": 5}"
OFFLINE EXISTING-CANDIDATE DIAGNOSTIC,1.0936642168083055e-06,50,12,0,0,12,0,"(1,3,3)",4,"{""(1,2,3)"": 3, ""(1,3,3)"": 4, ""(2,1,3)"": 3, ""(2,2,3)"": 2}"
OFFLINE EXISTING-CANDIDATE DIAGNOSTIC,1.0936642168083055e-06,100,12,5,0,7,0,"(1,1,1)",5,"{""(1,1,1)"": 5, ""(1,1,2)"": 3, ""(1,1,3)"": 4}"
OFFLINE EXISTING-CANDIDATE DIAGNOSTIC,1.094818344113209e-06,50,12,0,0,12,0,"(1,3,3)",4,"{""(1,2,3)"": 3, ""(1,3,3)"": 4, ""(2,1,3)"": 3, ""(2,2,3)"": 2}"
OFFLINE EXISTING-CANDIDATE DIAGNOSTIC,1.094818344113209e-06,100,12,5,0,7,0,"(1,1,1)",5,"{""(1,1,1)"": 5, ""(1,1,2)"": 3, ""(1,1,3)"": 4}"
OFFLINE EXISTING-CANDIDATE DIAGNOSTIC,1.0959736893512e-06,50,12,0,0,12,0,"(1,3,3)",4,"{""(1,2,3)"": 3, ""(1,3,3)"": 4, ""(2,1,3)"": 3, ""(2,2,3)"": 2}"
OFFLINE EXISTING-CANDIDATE DIAGNOSTIC,1.0959736893512e-06,100,12,6,0,6,0,"(1,1,1)",6,"{""(1,1,1)"": 6, ""(1,1,2)"": 3, ""(1,1,3)"": 3}"
OFFLINE EXISTING-CANDIDATE DIAGNOSTIC,1.0988224965872941e-06,50,12,0,0,12,0,"(1,3,3)",4,"{""(1,2,3)"": 3, ""(1,3,3)"": 4, ""(2,1,3)"": 3, ""(2,2,3)"": 2}"
OFFLINE EXISTING-CANDIDATE DIAGNOSTIC,1.0988224965872941e-06,100,12,6,0,6,0,"(1,1,1)",6,"{""(1,1,1)"": 6, ""(1,1,2)"": 3, ""(1,1,3)"": 3}"
OFFLINE EXISTING-CANDIDATE DIAGNOSTIC,1.1016787088393548e-06,50,12,0,0,12,0,"(1,3,3)",4,"{""(1,2,3)"": 3, ""(1,3,3)"": 4, ""(2,1,3)"": 3, ""(2,2,3)"": 2}"
OFFLINE EXISTING-CANDIDATE DIAGNOSTIC,1.1016787088393548e-06,100,12,7,0,5,0,"(1,1,1)",7,"{""(1,1,1)"": 7, ""(1,1,2)"": 2, ""(1,1,3)"": 3}"
OFFLINE EXISTING-CANDIDATE DIAGNOSTIC,1.1047642868829078e-06,50,12,0,0,12,0,"(1,3,3)",4,"{""(1,2,3)"": 3, ""(1,3,3)"": 4, ""(2,1,3)"": 3, ""(2,2,3)"": 2}"
OFFLINE EXISTING-CANDIDATE DIAGNOSTIC,1.1047642868829078e-06,100,12,7,0,5,0,"(1,1,1)",7,"{""(1,1,1)"": 7, ""(1,1,2)"": 2, ""(1,1,3)"": 3}"
OFFLINE EXISTING-CANDIDATE DIAGNOSTIC,1.1078585070031268e-06,50,12,0,0,12,0,"(1,3,3)",4,"{""(1,2,3)"": 3, ""(1,3,3)"": 4, ""(2,1,3)"": 3, ""(2,2,3)"": 2}"
OFFLINE EXISTING-CANDIDATE DIAGNOSTIC,1.1078585070031268e-06,100,12,7,0,5,0,"(1,1,1)",7,"{""(1,1,1)"": 7, ""(1,1,2)"": 2, ""(1,1,3)"": 3}"
OFFLINE EXISTING-CANDIDATE DIAGNOSTIC,1.1131662210667404e-06,50,12,0,0,12,0,"(1,3,3)",4,"{""(1,2,3)"": 3, ""(1,3,3)"": 4, ""(2,1,3)"": 3, ""(2,2,3)"": 2}"
OFFLINE EXISTING-CANDIDATE DIAGNOSTIC,1.1131662210667404e-06,100,12,7,0,5,0,"(1,1,1)",7,"{""(1,1,1)"": 7, ""(1,1,2)"": 2, ""(1,1,3)"": 3}"
OFFLINE EXISTING-CANDIDATE DIAGNOSTIC,1.1184993642157499e-06,50,12,0,0,12,0,"(1,3,3)",4,"{""(1,2,3)"": 3, ""(1,3,3)"": 4, ""(2,1,3)"": 3, ""(2,2,3)"": 2}"
OFFLINE EXISTING-CANDIDATE DIAGNOSTIC,1.1184993642157499e-06,100,12,7,0,5,0,"(1,1,1)",7,"{""(1,1,1)"": 7, ""(1,1,2)"": 4, ""(1,1,3)"": 1}"
OFFLINE EXISTING-CANDIDATE DIAGNOSTIC,1.1190103117962163e-06,50,12,0,0,12,0,"(1,3,3)",4,"{""(1,2,3)"": 3, ""(1,3,3)"": 4, ""(2,1,3)"": 3, ""(2,2,3)"": 2}"
OFFLINE EXISTING-CANDIDATE DIAGNOSTIC,1.1190103117962163e-06,100,12,7,0,5,0,"(1,1,1)",7,"{""(1,1,1)"": 7, ""(1,1,2)"": 4, ""(1,1,3)"": 1}"
OFFLINE EXISTING-CANDIDATE DIAGNOSTIC,1.1195214927853358e-06,50,12,0,0,12,0,"(1,3,3)",4,"{""(1,2,3)"": 3, ""(1,3,3)"": 4, ""(2,1,3)"": 3, ""(2,2,3)"": 2}"
OFFLINE EXISTING-CANDIDATE DIAGNOSTIC,1.1195214927853358e-06,100,12,7,0,5,0,"(1,1,1)",7,"{""(1,1,1)"": 7, ""(1,1,2)"": 4, ""(1,1,3)"": 1}"
OFFLINE EXISTING-CANDIDATE DIAGNOSTIC,1.1198631346333508e-06,50,12,0,0,12,0,"(1,3,3)",4,"{""(1,2,3)"": 3, ""(1,3,3)"": 4, ""(2,1,3)"": 3, ""(2,2,3)"": 2}"
OFFLINE EXISTING-CANDIDATE DIAGNOSTIC,1.1198631346333508e-06,100,12,7,0,5,0,"(1,1,1)",7,"{""(1,1,1)"": 7, ""(1,1,2)"": 4, ""(1,1,3)"": 1}"
OFFLINE EXISTING-CANDIDATE DIAGNOSTIC,1.1202048807394377e-06,50,12,0,0,12,0,"(1,3,3)",4,"{""(1,2,3)"": 3, ""(1,3,3)"": 4, ""(2,1,3)"": 3, ""(2,2,3)"": 2}"
OFFLINE EXISTING-CANDIDATE DIAGNOSTIC,1.1202048807394377e-06,100,12,8,0,4,0,"(1,1,1)",8,"{""(1,1,1)"": 8, ""(1,1,2)"": 3, ""(1,1,3)"": 1}"
OFFLINE EXISTING-CANDIDATE DIAGNOSTIC,1.1259091234554816e-06,50,12,0,0,12,0,"(1,3,3)",4,"{""(1,2,3)"": 3, ""(1,3,3)"": 4, ""(2,1,3)"": 3, ""(2,2,3)"": 2}"
OFFLINE EXISTING-CANDIDATE DIAGNOSTIC,1.1259091234554816e-06,100,12,8,0,4,0,"(1,1,1)",8,"{""(1,1,1)"": 8, ""(1,1,2)"": 3, ""(1,1,3)"": 1}"
OFFLINE EXISTING-CANDIDATE DIAGNOSTIC,1.1316424129874454e-06,50,12,0,0,12,0,"(1,3,3)",4,"{""(1,2,3)"": 3, ""(1,3,3)"": 4, ""(2,1,3)"": 3, ""(2,2,3)"": 2}"
OFFLINE EXISTING-CANDIDATE DIAGNOSTIC,1.1316424129874454e-06,100,12,8,0,4,0,"(1,1,1)",8,"{""(1,1,1)"": 8, ""(1,1,2)"": 4}"
OFFLINE EXISTING-CANDIDATE DIAGNOSTIC,1.1367022104261002e-06,50,12,0,0,12,0,"(1,3,3)",4,"{""(1,2,3)"": 3, ""(1,3,3)"": 4, ""(2,1,3)"": 3, ""(2,2,3)"": 2}"
OFFLINE EXISTING-CANDIDATE DIAGNOSTIC,1.1367022104261002e-06,100,12,8,0,4,0,"(1,1,1)",8,"{""(1,1,1)"": 8, ""(1,1,2)"": 4}"
OFFLINE EXISTING-CANDIDATE DIAGNOSTIC,1.1417846312215915e-06,50,12,0,0,12,0,"(1,3,3)",4,"{""(1,2,3)"": 3, ""(1,3,3)"": 4, ""(2,1,3)"": 3, ""(2,2,3)"": 2}"
OFFLINE EXISTING-CANDIDATE DIAGNOSTIC,1.1417846312215915e-06,100,12,9,0,3,0,"(1,1,1)",9,"{""(1,1,1)"": 9, ""(1,1,2)"": 3}"
OFFLINE EXISTING-CANDIDATE DIAGNOSTIC,1.1457015868084696e-06,50,12,0,0,12,0,"(1,3,3)",4,"{""(1,2,3)"": 3, ""(1,3,3)"": 4, ""(2,1,3)"": 3, ""(2,2,3)"": 2}"
OFFLINE EXISTING-CANDIDATE DIAGNOSTIC,1.1457015868084696e-06,100,12,9,0,3,0,"(1,1,1)",9,"{""(1,1,1)"": 9, ""(1,1,2)"": 3}"
OFFLINE EXISTING-CANDIDATE DIAGNOSTIC,1.149631979729018e-06,50,12,0,0,12,0,"(1,3,3)",4,"{""(1,2,3)"": 3, ""(1,3,3)"": 4, ""(2,1,3)"": 3, ""(2,2,3)"": 2}"
OFFLINE EXISTING-CANDIDATE DIAGNOSTIC,1.149631979729018e-06,100,12,9,0,3,0,"(1,1,1)",9,"{""(1,1,1)"": 9, ""(1,1,2)"": 3}"
OFFLINE EXISTING-CANDIDATE DIAGNOSTIC,1.160115609366295e-06,50,12,0,0,12,0,"(1,3,3)",4,"{""(1,2,3)"": 3, ""(1,3,3)"": 4, ""(2,1,3)"": 3, ""(2,2,3)"": 2}"
OFFLINE EXISTING-CANDIDATE DIAGNOSTIC,1.160115609366295e-06,100,12,9,0,3,0,"(1,1,1)",9,"{""(1,1,1)"": 9, ""(1,1,2)"": 3}"
OFFLINE EXISTING-CANDIDATE DIAGNOSTIC,1.1706948404589157e-06,50,12,0,0,12,0,"(1,3,3)",4,"{""(1,2,3)"": 3, ""(1,3,3)"": 4, ""(2,1,3)"": 3, ""(2,2,3)"": 2}"
OFFLINE EXISTING-CANDIDATE DIAGNOSTIC,1.1706948404589157e-06,100,12,10,0,2,0,"(1,1,1)",10,"{""(1,1,1)"": 10, ""(1,1,2)"": 2}"
OFFLINE EXISTING-CANDIDATE DIAGNOSTIC,1.176708912539394e-06,50,12,0,0,12,0,"(1,3,3)",4,"{""(1,2,3)"": 3, ""(1,3,3)"": 4, ""(2,1,3)"": 3, ""(2,2,3)"": 2}"
OFFLINE EXISTING-CANDIDATE DIAGNOSTIC,1.176708912539394e-06,100,12,10,0,2,0,"(1,1,1)",10,"{""(1,1,1)"": 10, ""(1,1,2)"": 2}"
OFFLINE EXISTING-CANDIDATE DIAGNOSTIC,1.1827538800007514e-06,50,12,0,0,12,0,"(1,3,3)",4,"{""(1,2,3)"": 3, ""(1,3,3)"": 4, ""(2,1,3)"": 3, ""(2,2,3)"": 2}"
OFFLINE EXISTING-CANDIDATE DIAGNOSTIC,1.1827538800007514e-06,100,12,10,0,2,0,"(1,1,1)",10,"{""(1,1,1)"": 10, ""(1,1,2)"": 2}"
OFFLINE EXISTING-CANDIDATE DIAGNOSTIC,1.1829983665290658e-06,50,12,0,0,12,0,"(1,3,3)",4,"{""(1,2,3)"": 3, ""(1,3,3)"": 4, ""(2,1,3)"": 3, ""(2,2,3)"": 2}"
OFFLINE EXISTING-CANDIDATE DIAGNOSTIC,1.1829983665290658e-06,100,12,10,0,2,0,"(1,1,1)",10,"{""(1,1,1)"": 10, ""(1,1,2)"": 2}"
OFFLINE EXISTING-CANDIDATE DIAGNOSTIC,1.1832429035950818e-06,50,12,0,0,12,0,"(1,3,3)",4,"{""(1,2,3)"": 3, ""(1,3,3)"": 4, ""(2,1,3)"": 3, ""(2,2,3)"": 2}"
OFFLINE EXISTING-CANDIDATE DIAGNOSTIC,1.1832429035950818e-06,100,12,11,0,1,0,"(1,1,1)",11,"{""(1,1,1)"": 11, ""(1,1,2)"": 1}"
OFFLINE EXISTING-CANDIDATE DIAGNOSTIC,1.2083959988398664e-06,50,12,0,0,12,0,"(1,3,3)",4,"{""(1,2,3)"": 3, ""(1,3,3)"": 4, ""(2,1,3)"": 3, ""(2,2,3)"": 2}"
OFFLINE EXISTING-CANDIDATE DIAGNOSTIC,1.2083959988398664e-06,100,12,11,0,1,0,"(1,1,1)",11,"{""(1,1,1)"": 11, ""(1,1,2)"": 1}"
OFFLINE EXISTING-CANDIDATE DIAGNOSTIC,1.2340837925801765e-06,50,12,0,0,12,0,"(1,3,3)",4,"{""(1,2,3)"": 3, ""(1,3,3)"": 4, ""(2,1,3)"": 3, ""(2,2,3)"": 2}"
OFFLINE EXISTING-CANDIDATE DIAGNOSTIC,1.2340837925801765e-06,100,12,12,0,0,0,"(1,1,1)",12,"{""(1,1,1)"": 12}"
OFFLINE EXISTING-CANDIDATE DIAGNOSTIC,1.3220836049195451e-06,50,12,0,0,12,0,"(1,3,3)",4,"{""(1,2,3)"": 3, ""(1,3,3)"": 4, ""(2,1,3)"": 3, ""(2,2,3)"": 2}"
OFFLINE EXISTING-CANDIDATE DIAGNOSTIC,1.3220836049195451e-06,100,12,12,0,0,0,"(1,1,1)",12,"{""(1,1,1)"": 12}"
OFFLINE EXISTING-CANDIDATE DIAGNOSTIC,1.4163584911382758e-06,50,12,0,0,12,0,"(1,3,3)",4,"{""(1,2,3)"": 3, ""(1,3,3)"": 4, ""(2,1,3)"": 3, ""(2,2,3)"": 2}"
OFFLINE EXISTING-CANDIDATE DIAGNOSTIC,1.4163584911382758e-06,100,12,12,0,0,0,"(1,1,1)",12,"{""(1,1,1)"": 12}"
OFFLINE EXISTING-CANDIDATE DIAGNOSTIC,1.7712817427924022e-06,50,12,0,0,12,0,"(1,3,3)",4,"{""(1,2,3)"": 3, ""(1,3,3)"": 4, ""(2,1,3)"": 3, ""(2,2,3)"": 2}"
OFFLINE EXISTING-CANDIDATE DIAGNOSTIC,1.7712817427924022e-06,100,12,12,0,0,0,"(1,1,1)",12,"{""(1,1,1)"": 12}"
OFFLINE EXISTING-CANDIDATE DIAGNOSTIC,2.2151447052280133e-06,50,12,0,0,12,0,"(1,3,3)",4,"{""(1,2,3)"": 3, ""(1,3,3)"": 4, ""(2,1,3)"": 3, ""(2,2,3)"": 2}"
OFFLINE EXISTING-CANDIDATE DIAGNOSTIC,2.2151447052280133e-06,100,12,12,0,0,0,"(1,1,1)",12,"{""(1,1,1)"": 12}"
OFFLINE EXISTING-CANDIDATE DIAGNOSTIC,2.2580644572982036e-06,50,12,0,0,12,0,"(1,3,3)",4,"{""(1,2,3)"": 3, ""(1,3,3)"": 4, ""(2,1,3)"": 3, ""(2,2,3)"": 2}"
OFFLINE EXISTING-CANDIDATE DIAGNOSTIC,2.2580644572982036e-06,100,12,12,0,0,0,"(1,1,1)",12,"{""(1,1,1)"": 12}"
OFFLINE EXISTING-CANDIDATE DIAGNOSTIC,2.3018158052065432e-06,50,12,0,0,12,0,"(1,3,3)",4,"{""(1,2,3)"": 3, ""(1,3,3)"": 4, ""(2,1,3)"": 3, ""(2,2,3)"": 2}"
OFFLINE EXISTING-CANDIDATE DIAGNOSTIC,2.3018158052065432e-06,100,12,11,1,0,0,"(1,1,1)",11,"{""(1,0,1)"": 1, ""(1,1,1)"": 11}"
OFFLINE EXISTING-CANDIDATE DIAGNOSTIC,2.3631582993885087e-06,50,12,0,0,12,0,"(1,3,3)",4,"{""(1,2,3)"": 3, ""(1,3,3)"": 4, ""(2,1,3)"": 3, ""(2,2,3)"": 2}"
OFFLINE EXISTING-CANDIDATE DIAGNOSTIC,2.3631582993885087e-06,100,12,11,1,0,0,"(1,1,1)",11,"{""(1,0,1)"": 1, ""(1,1,1)"": 11}"
OFFLINE EXISTING-CANDIDATE DIAGNOSTIC,2.4261355471350097e-06,50,12,0,0,12,0,"(1,3,3)",4,"{""(1,2,3)"": 3, ""(1,3,3)"": 4, ""(2,1,3)"": 3, ""(2,2,3)"": 2}"
OFFLINE EXISTING-CANDIDATE DIAGNOSTIC,2.4261355471350097e-06,100,12,10,2,0,0,"(1,1,1)",10,"{""(1,0,1)"": 2, ""(1,1,1)"": 10}"
OFFLINE EXISTING-CANDIDATE DIAGNOSTIC,2.4679420105281893e-06,50,12,0,0,12,0,"(1,3,3)",4,"{""(1,2,3)"": 3, ""(1,3,3)"": 4, ""(2,1,3)"": 3, ""(2,2,3)"": 2}"
OFFLINE EXISTING-CANDIDATE DIAGNOSTIC,2.4679420105281893e-06,100,12,10,2,0,0,"(1,1,1)",10,"{""(1,0,1)"": 2, ""(1,1,1)"": 10}"
OFFLINE EXISTING-CANDIDATE DIAGNOSTIC,2.510468870761318e-06,50,12,0,0,12,0,"(1,3,3)",4,"{""(1,2,3)"": 3, ""(1,3,3)"": 4, ""(2,1,3)"": 3, ""(2,2,3)"": 2}"
OFFLINE EXISTING-CANDIDATE DIAGNOSTIC,2.510468870761318e-06,100,12,9,3,0,0,"(1,1,1)",9,"{""(1,0,1)"": 3, ""(1,1,1)"": 9}"
OFFLINE EXISTING-CANDIDATE DIAGNOSTIC,2.5314057509850577e-06,50,12,0,0,12,0,"(1,3,3)",4,"{""(1,2,3)"": 3, ""(1,3,3)"": 4, ""(2,1,3)"": 3, ""(2,2,3)"": 2}"
OFFLINE EXISTING-CANDIDATE DIAGNOSTIC,2.5314057509850577e-06,100,12,9,3,0,0,"(1,1,1)",9,"{""(1,0,1)"": 3, ""(1,1,1)"": 9}"
OFFLINE EXISTING-CANDIDATE DIAGNOSTIC,2.5525172412024158e-06,50,12,0,0,12,0,"(1,3,3)",4,"{""(1,2,3)"": 3, ""(1,3,3)"": 4, ""(2,1,3)"": 3, ""(2,2,3)"": 2}"
OFFLINE EXISTING-CANDIDATE DIAGNOSTIC,2.5525172412024158e-06,100,12,8,4,0,0,"(1,1,1)",8,"{""(1,0,1)"": 4, ""(1,1,1)"": 8}"
OFFLINE EXISTING-CANDIDATE DIAGNOSTIC,2.5820002199284054e-06,50,12,0,0,12,0,"(1,3,3)",4,"{""(1,2,3)"": 3, ""(1,3,3)"": 4, ""(2,1,3)"": 3, ""(2,2,3)"": 2}"
OFFLINE EXISTING-CANDIDATE DIAGNOSTIC,2.5820002199284054e-06,100,12,8,4,0,0,"(1,1,1)",8,"{""(1,0,1)"": 4, ""(1,1,1)"": 8}"
OFFLINE EXISTING-CANDIDATE DIAGNOSTIC,2.611823743282469e-06,50,12,0,0,12,0,"(1,3,3)",4,"{""(1,2,3)"": 3, ""(1,3,3)"": 4, ""(2,1,3)"": 3, ""(2,2,3)"": 2}"
OFFLINE EXISTING-CANDIDATE DIAGNOSTIC,2.611823743282469e-06,100,12,7,5,0,0,"(1,1,1)",7,"{""(1,0,1)"": 5, ""(1,1,1)"": 7}"
OFFLINE EXISTING-CANDIDATE DIAGNOSTIC,2.6659837093812487e-06,50,12,0,0,12,0,"(1,3,3)",4,"{""(1,2,3)"": 3, ""(1,3,3)"": 4, ""(2,1,3)"": 3, ""(2,2,3)"": 2}"
OFFLINE EXISTING-CANDIDATE DIAGNOSTIC,2.6659837093812487e-06,100,12,7,5,0,0,"(1,1,1)",7,"{""(1,0,1)"": 5, ""(1,1,1)"": 7}"
OFFLINE EXISTING-CANDIDATE DIAGNOSTIC,2.721266761191829e-06,50,12,0,0,12,0,"(1,3,3)",4,"{""(1,2,3)"": 3, ""(1,3,3)"": 4, ""(2,1,3)"": 3, ""(2,2,3)"": 2}"
OFFLINE EXISTING-CANDIDATE DIAGNOSTIC,2.721266761191829e-06,100,12,6,6,0,0,"(1,0,1)",6,"{""(1,0,1)"": 6, ""(1,1,1)"": 6}"
OFFLINE EXISTING-CANDIDATE DIAGNOSTIC,2.7394254134294154e-06,50,12,0,0,12,0,"(1,3,3)",4,"{""(1,2,3)"": 3, ""(1,3,3)"": 4, ""(2,1,3)"": 3, ""(2,2,3)"": 2}"
OFFLINE EXISTING-CANDIDATE DIAGNOSTIC,2.7394254134294154e-06,100,12,6,6,0,0,"(1,0,1)",6,"{""(1,0,1)"": 6, ""(1,1,1)"": 6}"
OFFLINE EXISTING-CANDIDATE DIAGNOSTIC,2.757705235945413e-06,50,12,0,0,12,0,"(1,3,3)",4,"{""(1,2,3)"": 3, ""(1,3,3)"": 4, ""(2,1,3)"": 3, ""(2,2,3)"": 2}"
OFFLINE EXISTING-CANDIDATE DIAGNOSTIC,2.757705235945413e-06,100,12,5,7,0,0,"(1,0,1)",7,"{""(1,0,1)"": 7, ""(1,1,1)"": 5}"
OFFLINE EXISTING-CANDIDATE DIAGNOSTIC,2.7683811212610357e-06,50,12,0,0,12,0,"(1,3,3)",4,"{""(1,2,3)"": 3, ""(1,3,3)"": 4, ""(2,1,3)"": 3, ""(2,2,3)"": 2}"
OFFLINE EXISTING-CANDIDATE DIAGNOSTIC,2.7683811212610357e-06,100,12,5,7,0,0,"(1,0,1)",7,"{""(1,0,1)"": 7, ""(1,1,1)"": 5}"
OFFLINE EXISTING-CANDIDATE DIAGNOSTIC,2.779098336058064e-06,50,12,0,0,12,0,"(1,3,3)",4,"{""(1,2,3)"": 3, ""(1,3,3)"": 4, ""(2,1,3)"": 3, ""(2,2,3)"": 2}"
OFFLINE EXISTING-CANDIDATE DIAGNOSTIC,2.779098336058064e-06,100,12,4,8,0,0,"(1,0,1)",8,"{""(1,0,1)"": 8, ""(1,1,1)"": 4}"
OFFLINE EXISTING-CANDIDATE DIAGNOSTIC,2.789015964432598e-06,50,12,0,0,12,0,"(1,3,3)",4,"{""(1,2,3)"": 3, ""(1,3,3)"": 4, ""(2,1,3)"": 3, ""(2,2,3)"": 2}"
OFFLINE EXISTING-CANDIDATE DIAGNOSTIC,2.789015964432598e-06,100,12,4,8,0,0,"(1,0,1)",8,"{""(1,0,1)"": 8, ""(1,1,1)"": 4}"
OFFLINE EXISTING-CANDIDATE DIAGNOSTIC,2.79896898534841e-06,50,12,0,0,12,0,"(1,3,3)",4,"{""(1,2,3)"": 3, ""(1,3,3)"": 4, ""(2,1,3)"": 3, ""(2,2,3)"": 2}"
OFFLINE EXISTING-CANDIDATE DIAGNOSTIC,2.79896898534841e-06,100,12,4,8,0,0,"(1,0,1)",8,"{""(1,0,1)"": 8, ""(1,1,1)"": 4}"
OFFLINE EXISTING-CANDIDATE DIAGNOSTIC,2.898070875804301e-06,50,12,0,0,12,0,"(1,3,3)",4,"{""(1,2,3)"": 3, ""(1,3,3)"": 4, ""(2,1,3)"": 3, ""(2,2,3)"": 2}"
OFFLINE EXISTING-CANDIDATE DIAGNOSTIC,2.898070875804301e-06,100,12,4,8,0,0,"(1,0,1)",8,"{""(1,0,1)"": 8, ""(1,1,1)"": 4}"
OFFLINE EXISTING-CANDIDATE DIAGNOSTIC,3.000681624251596e-06,50,12,0,0,12,0,"(1,3,3)",4,"{""(1,2,3)"": 3, ""(1,3,3)"": 4, ""(2,1,3)"": 3, ""(2,2,3)"": 2}"
OFFLINE EXISTING-CANDIDATE DIAGNOSTIC,3.000681624251596e-06,100,12,4,8,0,0,"(1,0,1)",8,"{""(1,0,1)"": 8, ""(1,1,1)"": 4}"
OFFLINE EXISTING-CANDIDATE DIAGNOSTIC,3.039127693632831e-06,50,12,0,0,12,0,"(1,3,3)",4,"{""(1,2,3)"": 3, ""(1,3,3)"": 4, ""(2,1,3)"": 3, ""(2,2,3)"": 2}"
OFFLINE EXISTING-CANDIDATE DIAGNOSTIC,3.039127693632831e-06,100,12,4,8,0,0,"(1,0,1)",8,"{""(1,0,1)"": 8, ""(1,1,1)"": 4}"
OFFLINE EXISTING-CANDIDATE DIAGNOSTIC,3.0780663511776756e-06,50,12,0,0,12,0,"(1,3,3)",4,"{""(1,2,3)"": 3, ""(1,3,3)"": 4, ""(2,1,3)"": 3, ""(2,2,3)"": 2}"
OFFLINE EXISTING-CANDIDATE DIAGNOSTIC,3.0780663511776756e-06,100,12,4,8,0,0,"(1,0,1)",8,"{""(1,0,1)"": 8, ""(1,1,1)"": 4}"
OFFLINE EXISTING-CANDIDATE DIAGNOSTIC,3.099481236749286e-06,50,12,0,0,12,0,"(1,3,3)",4,"{""(1,2,3)"": 3, ""(1,3,3)"": 4, ""(2,1,3)"": 3, ""(2,2,3)"": 2}"
OFFLINE EXISTING-CANDIDATE DIAGNOSTIC,3.099481236749286e-06,100,12,4,8,0,0,"(1,0,1)",8,"{""(1,0,1)"": 8, ""(1,1,1)"": 4}"
OFFLINE EXISTING-CANDIDATE DIAGNOSTIC,3.1210451110923276e-06,50,12,0,0,12,0,"(1,3,3)",4,"{""(1,2,3)"": 3, ""(1,3,3)"": 4, ""(2,1,3)"": 3, ""(2,2,3)"": 2}"
OFFLINE EXISTING-CANDIDATE DIAGNOSTIC,3.1210451110923276e-06,100,12,4,8,0,0,"(1,0,1)",8,"{""(1,0,1)"": 8, ""(1,1,1)"": 4}"
OFFLINE EXISTING-CANDIDATE DIAGNOSTIC,3.136099406143883e-06,50,12,0,0,12,0,"(1,3,3)",4,"{""(1,2,3)"": 3, ""(1,3,3)"": 4, ""(2,1,3)"": 3, ""(2,2,3)"": 2}"
OFFLINE EXISTING-CANDIDATE DIAGNOSTIC,3.136099406143883e-06,100,12,4,8,0,0,"(1,0,1)",8,"{""(1,0,1)"": 8, ""(1,1,1)"": 4}"
OFFLINE EXISTING-CANDIDATE DIAGNOSTIC,3.1512263152690683e-06,50,12,0,0,12,0,"(1,3,3)",4,"{""(1,2,3)"": 3, ""(1,3,3)"": 4, ""(2,1,3)"": 3, ""(2,2,3)"": 2}"
OFFLINE EXISTING-CANDIDATE DIAGNOSTIC,3.1512263152690683e-06,100,12,4,8,0,0,"(1,0,1)",8,"{""(1,0,1)"": 8, ""(1,1,1)"": 4}"
OFFLINE EXISTING-CANDIDATE DIAGNOSTIC,3.152928209439848e-06,50,12,0,0,12,0,"(1,3,3)",4,"{""(1,2,3)"": 3, ""(1,3,3)"": 4, ""(2,1,3)"": 3, ""(2,2,3)"": 2}"
OFFLINE EXISTING-CANDIDATE DIAGNOSTIC,3.152928209439848e-06,100,12,4,8,0,0,"(1,0,1)",8,"{""(1,0,1)"": 8, ""(1,1,1)"": 4}"
OFFLINE EXISTING-CANDIDATE DIAGNOSTIC,3.154631022758756e-06,50,12,0,0,12,0,"(1,3,3)",4,"{""(1,2,3)"": 3, ""(1,3,3)"": 4, ""(2,1,3)"": 3, ""(2,2,3)"": 2}"
OFFLINE EXISTING-CANDIDATE DIAGNOSTIC,3.154631022758756e-06,100,12,4,8,0,0,"(1,0,1)",8,"{""(1,0,1)"": 8, ""(1,1,1)"": 4}"
OFFLINE EXISTING-CANDIDATE DIAGNOSTIC,3.1693510710817037e-06,50,12,0,0,12,0,"(1,3,3)",4,"{""(1,2,3)"": 3, ""(1,3,3)"": 4, ""(2,1,3)"": 3, ""(2,2,3)"": 2}"
OFFLINE EXISTING-CANDIDATE DIAGNOSTIC,3.1693510710817037e-06,100,12,4,8,0,0,"(1,0,1)",8,"{""(1,0,1)"": 8, ""(1,1,1)"": 4}"
OFFLINE EXISTING-CANDIDATE DIAGNOSTIC,3.1841398056697223e-06,50,12,0,0,12,0,"(1,3,3)",4,"{""(1,2,3)"": 3, ""(1,3,3)"": 4, ""(2,1,3)"": 3, ""(2,2,3)"": 2}"
OFFLINE EXISTING-CANDIDATE DIAGNOSTIC,3.1841398056697223e-06,100,12,3,9,0,0,"(1,0,1)",9,"{""(1,0,1)"": 9, ""(1,1,1)"": 3}"
OFFLINE EXISTING-CANDIDATE DIAGNOSTIC,3.2045787323803336e-06,50,12,0,0,12,0,"(1,3,3)",4,"{""(1,2,3)"": 3, ""(1,3,3)"": 4, ""(2,1,3)"": 3, ""(2,2,3)"": 2}"
OFFLINE EXISTING-CANDIDATE DIAGNOSTIC,3.2045787323803336e-06,100,12,3,9,0,0,"(1,0,1)",9,"{""(1,0,1)"": 9, ""(1,1,1)"": 3}"
OFFLINE EXISTING-CANDIDATE DIAGNOSTIC,3.2251488561333417e-06,50,12,0,0,12,0,"(1,3,3)",4,"{""(1,2,3)"": 3, ""(1,3,3)"": 4, ""(2,1,3)"": 3, ""(2,2,3)"": 2}"
OFFLINE EXISTING-CANDIDATE DIAGNOSTIC,3.2251488561333417e-06,100,12,3,9,0,0,"(1,0,1)",9,"{""(1,0,1)"": 9, ""(1,1,1)"": 3}"
OFFLINE EXISTING-CANDIDATE DIAGNOSTIC,3.2363289586280432e-06,50,12,0,0,12,0,"(1,3,3)",4,"{""(1,2,3)"": 3, ""(1,3,3)"": 4, ""(2,1,3)"": 3, ""(2,2,3)"": 2}"
OFFLINE EXISTING-CANDIDATE DIAGNOSTIC,3.2363289586280432e-06,100,12,2,10,0,0,"(1,0,1)",10,"{""(1,0,1)"": 10, ""(1,1,1)"": 2}"
OFFLINE EXISTING-CANDIDATE DIAGNOSTIC,3.2475478173778406e-06,50,12,0,0,12,0,"(1,3,3)",4,"{""(1,2,3)"": 3, ""(1,3,3)"": 4, ""(2,1,3)"": 3, ""(2,2,3)"": 2}"
OFFLINE EXISTING-CANDIDATE DIAGNOSTIC,3.2475478173778406e-06,100,12,2,10,0,0,"(1,0,1)",10,"{""(1,0,1)"": 10, ""(1,1,1)"": 2}"
OFFLINE EXISTING-CANDIDATE DIAGNOSTIC,3.2515437525730157e-06,50,12,0,0,12,0,"(1,3,3)",4,"{""(1,2,3)"": 3, ""(1,3,3)"": 4, ""(2,1,3)"": 3, ""(2,2,3)"": 2}"
OFFLINE EXISTING-CANDIDATE DIAGNOSTIC,3.2515437525730157e-06,100,12,2,10,0,0,"(1,0,1)",10,"{""(1,0,1)"": 10, ""(1,1,1)"": 2}"
OFFLINE EXISTING-CANDIDATE DIAGNOSTIC,3.2555446045543263e-06,50,12,0,0,12,0,"(1,3,3)",4,"{""(1,2,3)"": 3, ""(1,3,3)"": 4, ""(2,1,3)"": 3, ""(2,2,3)"": 2}"
OFFLINE EXISTING-CANDIDATE DIAGNOSTIC,3.2555446045543263e-06,100,12,2,10,0,0,"(1,0,1)",10,"{""(1,0,1)"": 10, ""(1,1,1)"": 2}"
OFFLINE EXISTING-CANDIDATE DIAGNOSTIC,3.260275141808699e-06,50,12,0,0,12,0,"(1,3,3)",4,"{""(1,2,2)"": 1, ""(1,2,3)"": 3, ""(1,3,3)"": 4, ""(2,1,3)"": 2, ""(2,2,3)"": 2}"
OFFLINE EXISTING-CANDIDATE DIAGNOSTIC,3.260275141808699e-06,100,12,2,10,0,0,"(1,0,1)",10,"{""(1,0,1)"": 10, ""(1,1,1)"": 2}"
OFFLINE EXISTING-CANDIDATE DIAGNOSTIC,3.26501255286928e-06,50,12,0,0,12,0,"(1,3,3)",4,"{""(1,2,2)"": 1, ""(1,2,3)"": 3, ""(1,3,3)"": 4, ""(2,1,3)"": 2, ""(2,2,3)"": 2}"
OFFLINE EXISTING-CANDIDATE DIAGNOSTIC,3.26501255286928e-06,100,12,2,10,0,0,"(1,0,1)",10,"{""(1,0,1)"": 10, ""(1,1,1)"": 2}"
OFFLINE EXISTING-CANDIDATE DIAGNOSTIC,3.266237276665371e-06,50,12,0,0,12,0,"(1,3,3)",4,"{""(1,2,2)"": 1, ""(1,2,3)"": 3, ""(1,3,3)"": 4, ""(2,1,3)"": 2, ""(2,2,3)"": 2}"
OFFLINE EXISTING-CANDIDATE DIAGNOSTIC,3.266237276665371e-06,100,12,2,10,0,0,"(1,0,1)",10,"{""(1,0,1)"": 10, ""(1,1,1)"": 2}"
OFFLINE EXISTING-CANDIDATE DIAGNOSTIC,3.2674624598619546e-06,50,12,0,0,12,0,"(1,3,3)",4,"{""(1,2,2)"": 1, ""(1,2,3)"": 3, ""(1,3,3)"": 4, ""(2,1,3)"": 2, ""(2,2,3)"": 2}"
OFFLINE EXISTING-CANDIDATE DIAGNOSTIC,3.2674624598619546e-06,100,12,2,10,0,0,"(1,0,1)",10,"{""(1,0,1)"": 10, ""(1,1,1)"": 2}"
OFFLINE EXISTING-CANDIDATE DIAGNOSTIC,3.2746477992439804e-06,50,12,0,0,12,0,"(1,3,3)",4,"{""(1,2,2)"": 1, ""(1,2,3)"": 3, ""(1,3,3)"": 4, ""(2,1,3)"": 2, ""(2,2,3)"": 2}"
OFFLINE EXISTING-CANDIDATE DIAGNOSTIC,3.2746477992439804e-06,100,12,2,10,0,0,"(1,0,1)",10,"{""(1,0,1)"": 10, ""(1,1,1)"": 2}"
OFFLINE EXISTING-CANDIDATE DIAGNOSTIC,3.2818489396038814e-06,50,12,0,0,12,0,"(1,3,3)",4,"{""(1,2,2)"": 1, ""(1,2,3)"": 3, ""(1,3,3)"": 4, ""(2,1,3)"": 2, ""(2,2,3)"": 2}"
OFFLINE EXISTING-CANDIDATE DIAGNOSTIC,3.2818489396038814e-06,100,12,1,11,0,0,"(1,0,1)",11,"{""(1,0,1)"": 11, ""(1,1,1)"": 1}"
OFFLINE EXISTING-CANDIDATE DIAGNOSTIC,3.2878271943571056e-06,50,12,0,0,12,0,"(1,3,3)",4,"{""(1,2,2)"": 1, ""(1,2,3)"": 3, ""(1,3,3)"": 4, ""(2,1,3)"": 2, ""(2,2,3)"": 2}"
OFFLINE EXISTING-CANDIDATE DIAGNOSTIC,3.2878271943571056e-06,100,12,1,11,0,0,"(1,0,1)",11,"{""(1,0,1)"": 11, ""(1,1,1)"": 1}"
OFFLINE EXISTING-CANDIDATE DIAGNOSTIC,3.29381633916973e-06,50,12,1,0,11,0,"(1,3,3)",4,"{""(1,1,1)"": 1, ""(1,2,2)"": 1, ""(1,2,3)"": 2, ""(1,3,3)"": 4, ""(2,1,3)"": 2, ""(2,2,3)"": 2}"
OFFLINE EXISTING-CANDIDATE DIAGNOSTIC,3.29381633916973e-06,100,12,1,11,0,0,"(1,0,1)",11,"{""(1,0,1)"": 11, ""(1,1,1)"": 1}"
OFFLINE EXISTING-CANDIDATE DIAGNOSTIC,3.3262294005588414e-06,50,12,1,0,11,0,"(1,3,3)",4,"{""(1,1,1)"": 1, ""(1,2,2)"": 1, ""(1,2,3)"": 2, ""(1,3,3)"": 4, ""(2,1,3)"": 2, ""(2,2,3)"": 2}"
OFFLINE EXISTING-CANDIDATE DIAGNOSTIC,3.3262294005588414e-06,100,12,1,11,0,0,"(1,0,1)",11,"{""(1,0,1)"": 11, ""(1,1,1)"": 1}"
OFFLINE EXISTING-CANDIDATE DIAGNOSTIC,3.358961425253866e-06,50,12,1,0,11,0,"(1,3,3)",4,"{""(1,1,1)"": 1, ""(1,1,2)"": 1, ""(1,2,3)"": 2, ""(1,3,3)"": 4, ""(2,1,3)"": 2, ""(2,2,3)"": 2}"
OFFLINE EXISTING-CANDIDATE DIAGNOSTIC,3.358961425253866e-06,100,12,1,11,0,0,"(1,0,1)",11,"{""(1,0,1)"": 11, ""(1,1,1)"": 1}"
OFFLINE EXISTING-CANDIDATE DIAGNOSTIC,3.3606280286908016e-06,50,12,1,0,11,0,"(1,3,3)",4,"{""(1,1,1)"": 1, ""(1,1,2)"": 1, ""(1,2,3)"": 2, ""(1,3,3)"": 4, ""(2,1,3)"": 2, ""(2,2,3)"": 2}"
OFFLINE EXISTING-CANDIDATE DIAGNOSTIC,3.3606280286908016e-06,100,12,1,11,0,0,"(1,0,1)",11,"{""(1,0,1)"": 11, ""(1,1,1)"": 1}"
OFFLINE EXISTING-CANDIDATE DIAGNOSTIC,3.3622954590401855e-06,50,12,1,0,11,0,"(1,3,3)",4,"{""(1,1,1)"": 1, ""(1,1,2)"": 1, ""(1,2,3)"": 2, ""(1,3,3)"": 4, ""(2,1,3)"": 2, ""(2,2,3)"": 2}"
OFFLINE EXISTING-CANDIDATE DIAGNOSTIC,3.3622954590401855e-06,100,12,1,11,0,0,"(1,0,1)",11,"{""(1,0,1)"": 11, ""(1,1,1)"": 1}"
OFFLINE EXISTING-CANDIDATE DIAGNOSTIC,3.36683675462425e-06,50,12,1,0,11,0,"(1,3,3)",4,"{""(1,1,1)"": 1, ""(1,1,2)"": 1, ""(1,2,3)"": 2, ""(1,3,3)"": 4, ""(2,1,3)"": 2, ""(2,2,3)"": 2}"
OFFLINE EXISTING-CANDIDATE DIAGNOSTIC,3.36683675462425e-06,100,12,1,11,0,0,"(1,0,1)",11,"{""(1,0,1)"": 11, ""(1,1,1)"": 1}"
OFFLINE EXISTING-CANDIDATE DIAGNOSTIC,3.371384183924353e-06,50,12,1,0,11,0,"(1,3,3)",4,"{""(1,1,1)"": 1, ""(1,1,2)"": 1, ""(1,2,3)"": 2, ""(1,3,3)"": 4, ""(2,1,3)"": 2, ""(2,2,3)"": 2}"
OFFLINE EXISTING-CANDIDATE DIAGNOSTIC,3.371384183924353e-06,100,12,1,11,0,0,"(1,0,1)",11,"{""(1,0,1)"": 11, ""(1,1,1)"": 1}"
OFFLINE EXISTING-CANDIDATE DIAGNOSTIC,3.3766236324929467e-06,50,12,1,0,11,0,"(1,3,3)",4,"{""(1,1,1)"": 1, ""(1,1,2)"": 1, ""(1,2,3)"": 2, ""(1,3,3)"": 4, ""(2,1,3)"": 2, ""(2,2,3)"": 2}"
OFFLINE EXISTING-CANDIDATE DIAGNOSTIC,3.3766236324929467e-06,100,12,1,11,0,0,"(1,0,1)",11,"{""(1,0,1)"": 11, ""(1,1,1)"": 1}"
OFFLINE EXISTING-CANDIDATE DIAGNOSTIC,3.3818712236581138e-06,50,12,1,0,11,0,"(1,3,3)",4,"{""(1,1,1)"": 1, ""(1,1,2)"": 1, ""(1,2,3)"": 2, ""(1,3,3)"": 4, ""(2,1,3)"": 2, ""(2,2,3)"": 2}"
OFFLINE EXISTING-CANDIDATE DIAGNOSTIC,3.3818712236581138e-06,100,12,1,11,0,0,"(1,0,1)",11,"{""(1,0,1)"": 11, ""(1,1,1)"": 1}"
OFFLINE EXISTING-CANDIDATE DIAGNOSTIC,3.423275855195353e-06,50,12,1,0,11,0,"(1,2,3)",3,"{""(1,1,1)"": 1, ""(1,1,2)"": 1, ""(1,1,3)"": 1, ""(1,2,3)"": 3, ""(1,3,3)"": 3, ""(2,1,3)"": 2, ""(2,2,3)"": 1}"
OFFLINE EXISTING-CANDIDATE DIAGNOSTIC,3.423275855195353e-06,100,12,1,11,0,0,"(1,0,1)",11,"{""(1,0,1)"": 11, ""(1,1,1)"": 1}"
OFFLINE EXISTING-CANDIDATE DIAGNOSTIC,3.4651874083151593e-06,50,12,2,0,10,0,"(1,2,3)",3,"{""(1,1,1)"": 2, ""(1,1,2)"": 1, ""(1,1,3)"": 1, ""(1,2,3)"": 3, ""(1,3,3)"": 2, ""(2,1,3)"": 2, ""(2,2,3)"": 1}"
OFFLINE EXISTING-CANDIDATE DIAGNOSTIC,3.4651874083151593e-06,100,12,1,11,0,0,"(1,0,1)",10,"{""(1,0,0)"": 1, ""(1,0,1)"": 10, ""(1,1,1)"": 1}"
OFFLINE EXISTING-CANDIDATE DIAGNOSTIC,3.4706366585198614e-06,50,12,2,0,10,0,"(1,2,3)",3,"{""(1,1,1)"": 2, ""(1,1,2)"": 1, ""(1,1,3)"": 1, ""(1,2,3)"": 3, ""(1,3,3)"": 2, ""(2,1,3)"": 2, ""(2,2,3)"": 1}"
OFFLINE EXISTING-CANDIDATE DIAGNOSTIC,3.4706366585198614e-06,100,12,1,11,0,0,"(1,0,1)",10,"{""(1,0,0)"": 1, ""(1,0,1)"": 10, ""(1,1,1)"": 1}"
OFFLINE EXISTING-CANDIDATE DIAGNOSTIC,3.476094478052653e-06,50,12,2,0,10,0,"(1,1,1)",2,"{""(1,1,1)"": 2, ""(1,1,2)"": 1, ""(1,1,3)"": 2, ""(1,2,3)"": 2, ""(1,3,3)"": 2, ""(2,1,3)"": 2, ""(2,2,3)"": 1}"
OFFLINE EXISTING-CANDIDATE DIAGNOSTIC,3.476094478052653e-06,100,12,1,11,0,0,"(1,0,1)",10,"{""(1,0,0)"": 1, ""(1,0,1)"": 10, ""(1,1,1)"": 1}"
OFFLINE EXISTING-CANDIDATE DIAGNOSTIC,3.4905186389536036e-06,50,12,2,0,10,0,"(2,1,3)",3,"{""(1,1,1)"": 2, ""(1,1,2)"": 1, ""(1,1,3)"": 2, ""(1,2,3)"": 2, ""(1,3,3)"": 1, ""(2,1,3)"": 3, ""(2,2,3)"": 1}"
OFFLINE EXISTING-CANDIDATE DIAGNOSTIC,3.4905186389536036e-06,100,12,1,11,0,0,"(1,0,1)",10,"{""(1,0,0)"": 1, ""(1,0,1)"": 10, ""(1,1,1)"": 1}"
OFFLINE EXISTING-CANDIDATE DIAGNOSTIC,3.5050026533536495e-06,50,12,2,0,10,0,"(2,1,3)",3,"{""(1,1,1)"": 2, ""(1,1,2)"": 1, ""(1,1,3)"": 2, ""(1,2,3)"": 2, ""(1,3,3)"": 1, ""(2,1,3)"": 3, ""(2,2,3)"": 1}"
OFFLINE EXISTING-CANDIDATE DIAGNOSTIC,3.5050026533536495e-06,100,12,1,11,0,0,"(1,0,1)",10,"{""(1,0,0)"": 1, ""(1,0,1)"": 10, ""(1,1,1)"": 1}"
OFFLINE EXISTING-CANDIDATE DIAGNOSTIC,3.6205187832986028e-06,50,12,2,0,9,1,"(1,1,3)",3,"{""(1,0,2)"": 1, ""(1,1,1)"": 2, ""(1,1,2)"": 1, ""(1,1,3)"": 3, ""(1,2,3)"": 2, ""(1,3,3)"": 1, ""(2,1,3)"": 2}"
OFFLINE EXISTING-CANDIDATE DIAGNOSTIC,3.6205187832986028e-06,100,12,1,11,0,0,"(1,0,1)",10,"{""(1,0,0)"": 1, ""(1,0,1)"": 10, ""(1,1,1)"": 1}"
OFFLINE EXISTING-CANDIDATE DIAGNOSTIC,3.7398420362609075e-06,50,12,2,1,9,0,"(1,1,3)",4,"{""(1,0,1)"": 1, ""(1,1,1)"": 2, ""(1,1,2)"": 3, ""(1,1,3)"": 4, ""(1,2,3)"": 1, ""(2,1,3)"": 1}"
OFFLINE EXISTING-CANDIDATE DIAGNOSTIC,3.7398420362609075e-06,100,12,0,12,0,0,"(1,0,1)",9,"{""(1,0,0)"": 3, ""(1,0,1)"": 9}"
OFFLINE EXISTING-CANDIDATE DIAGNOSTIC,3.7403838476963125e-06,50,12,2,1,9,0,"(1,1,3)",4,"{""(1,0,1)"": 1, ""(1,1,1)"": 2, ""(1,1,2)"": 3, ""(1,1,3)"": 4, ""(1,2,3)"": 1, ""(2,1,3)"": 1}"
OFFLINE EXISTING-CANDIDATE DIAGNOSTIC,3.7403838476963125e-06,100,12,0,12,0,0,"(1,0,1)",9,"{""(1,0,0)"": 3, ""(1,0,1)"": 9}"
OFFLINE EXISTING-CANDIDATE DIAGNOSTIC,3.7409257376269125e-06,50,12,2,1,9,0,"(1,1,3)",4,"{""(1,0,1)"": 1, ""(1,1,1)"": 2, ""(1,1,2)"": 3, ""(1,1,3)"": 4, ""(1,2,3)"": 1, ""(2,1,3)"": 1}"
OFFLINE EXISTING-CANDIDATE DIAGNOSTIC,3.7409257376269125e-06,100,12,0,12,0,0,"(1,0,1)",9,"{""(1,0,0)"": 3, ""(1,0,1)"": 9}"
OFFLINE EXISTING-CANDIDATE DIAGNOSTIC,3.7859687807592254e-06,50,12,2,1,9,0,"(1,1,2)",4,"{""(1,0,1)"": 1, ""(1,1,1)"": 2, ""(1,1,2)"": 4, ""(1,1,3)"": 3, ""(1,2,3)"": 1, ""(2,1,3)"": 1}"
OFFLINE EXISTING-CANDIDATE DIAGNOSTIC,3.7859687807592254e-06,100,12,0,12,0,0,"(1,0,1)",9,"{""(1,0,0)"": 3, ""(1,0,1)"": 9}"
OFFLINE EXISTING-CANDIDATE DIAGNOSTIC,3.831554169791168e-06,50,12,2,1,9,0,"(1,1,2)",5,"{""(1,0,1)"": 1, ""(1,1,1)"": 2, ""(1,1,2)"": 5, ""(1,1,3)"": 2, ""(1,2,3)"": 1, ""(2,1,3)"": 1}"
OFFLINE EXISTING-CANDIDATE DIAGNOSTIC,3.831554169791168e-06,100,12,0,12,0,0,"(1,0,1)",8,"{""(1,0,0)"": 4, ""(1,0,1)"": 8}"
OFFLINE EXISTING-CANDIDATE DIAGNOSTIC,3.833114012387974e-06,50,12,2,1,9,0,"(1,1,2)",5,"{""(1,0,1)"": 1, ""(1,1,1)"": 2, ""(1,1,2)"": 5, ""(1,1,3)"": 2, ""(1,2,3)"": 1, ""(2,1,3)"": 1}"
OFFLINE EXISTING-CANDIDATE DIAGNOSTIC,3.833114012387974e-06,100,12,0,12,0,0,"(1,0,1)",8,"{""(1,0,0)"": 4, ""(1,0,1)"": 8}"
OFFLINE EXISTING-CANDIDATE DIAGNOSTIC,3.834674490003579e-06,50,12,2,1,9,0,"(1,1,2)",5,"{""(1,0,1)"": 1, ""(1,1,1)"": 2, ""(1,1,2)"": 5, ""(1,1,3)"": 2, ""(1,2,3)"": 1, ""(2,1,3)"": 1}"
OFFLINE EXISTING-CANDIDATE DIAGNOSTIC,3.834674490003579e-06,100,12,0,12,0,0,"(1,0,1)",8,"{""(1,0,0)"": 4, ""(1,0,1)"": 8}"
OFFLINE EXISTING-CANDIDATE DIAGNOSTIC,3.850754832029278e-06,50,12,2,1,9,0,"(1,1,2)",5,"{""(1,0,1)"": 1, ""(1,1,1)"": 2, ""(1,1,2)"": 5, ""(1,1,3)"": 2, ""(1,2,3)"": 1, ""(2,1,3)"": 1}"
OFFLINE EXISTING-CANDIDATE DIAGNOSTIC,3.850754832029278e-06,100,12,0,12,0,0,"(1,0,1)",8,"{""(1,0,0)"": 4, ""(1,0,1)"": 8}"
OFFLINE EXISTING-CANDIDATE DIAGNOSTIC,3.86690260543679e-06,50,12,2,1,9,0,"(1,1,2)",5,"{""(1,0,1)"": 1, ""(1,1,1)"": 2, ""(1,1,2)"": 5, ""(1,1,3)"": 2, ""(1,2,3)"": 1, ""(2,1,3)"": 1}"
OFFLINE EXISTING-CANDIDATE DIAGNOSTIC,3.86690260543679e-06,100,12,0,12,0,0,"(1,0,1)",8,"{""(1,0,0)"": 4, ""(1,0,1)"": 8}"
OFFLINE EXISTING-CANDIDATE DIAGNOSTIC,3.872018925723511e-06,50,12,2,1,9,0,"(1,1,2)",5,"{""(1,0,1)"": 1, ""(1,1,1)"": 2, ""(1,1,2)"": 5, ""(1,1,3)"": 2, ""(1,2,3)"": 1, ""(2,1,3)"": 1}"
OFFLINE EXISTING-CANDIDATE DIAGNOSTIC,3.872018925723511e-06,100,12,0,12,0,0,"(1,0,1)",8,"{""(1,0,0)"": 4, ""(1,0,1)"": 8}"
OFFLINE EXISTING-CANDIDATE DIAGNOSTIC,3.877142015441985e-06,50,12,2,1,9,0,"(1,1,2)",5,"{""(1,0,1)"": 1, ""(1,1,1)"": 2, ""(1,1,2)"": 5, ""(1,1,3)"": 2, ""(1,2,3)"": 1, ""(2,1,3)"": 1}"
OFFLINE EXISTING-CANDIDATE DIAGNOSTIC,3.877142015441985e-06,100,12,0,12,0,0,"(1,0,1)",8,"{""(1,0,0)"": 4, ""(1,0,1)"": 8}"
OFFLINE EXISTING-CANDIDATE DIAGNOSTIC,3.883255701897637e-06,50,12,2,1,9,0,"(1,1,2)",5,"{""(1,0,1)"": 1, ""(1,1,1)"": 2, ""(1,1,2)"": 5, ""(1,1,3)"": 2, ""(1,2,3)"": 1, ""(2,1,3)"": 1}"
OFFLINE EXISTING-CANDIDATE DIAGNOSTIC,3.883255701897637e-06,100,12,0,12,0,0,"(1,0,1)",8,"{""(1,0,0)"": 4, ""(1,0,1)"": 8}"
OFFLINE EXISTING-CANDIDATE DIAGNOSTIC,3.8893790287435375e-06,50,12,2,1,9,0,"(1,1,2)",5,"{""(1,0,1)"": 1, ""(1,1,1)"": 2, ""(1,1,2)"": 5, ""(1,1,3)"": 2, ""(1,2,3)"": 1, ""(2,1,3)"": 1}"
OFFLINE EXISTING-CANDIDATE DIAGNOSTIC,3.8893790287435375e-06,100,12,0,12,0,0,"(1,0,1)",8,"{""(1,0,0)"": 4, ""(1,0,1)"": 8}"
OFFLINE EXISTING-CANDIDATE DIAGNOSTIC,3.891176705934828e-06,50,12,2,1,9,0,"(1,1,2)",5,"{""(1,0,1)"": 1, ""(1,1,1)"": 2, ""(1,1,2)"": 5, ""(1,1,3)"": 2, ""(1,2,3)"": 1, ""(2,1,3)"": 1}"
OFFLINE EXISTING-CANDIDATE DIAGNOSTIC,3.891176705934828e-06,100,12,0,12,0,0,"(1,0,1)",8,"{""(1,0,0)"": 4, ""(1,0,1)"": 8}"
OFFLINE EXISTING-CANDIDATE DIAGNOSTIC,3.892975214015384e-06,50,12,2,1,9,0,"(1,1,2)",5,"{""(1,0,1)"": 1, ""(1,1,1)"": 2, ""(1,1,2)"": 5, ""(1,1,3)"": 2, ""(1,2,3)"": 1, ""(2,1,3)"": 1}"
OFFLINE EXISTING-CANDIDATE DIAGNOSTIC,3.892975214015384e-06,100,12,0,12,0,0,"(1,0,1)",8,"{""(1,0,0)"": 4, ""(1,0,1)"": 8}"
OFFLINE EXISTING-CANDIDATE DIAGNOSTIC,3.89394553074638e-06,50,12,2,1,9,0,"(1,1,2)",5,"{""(1,0,1)"": 1, ""(1,1,1)"": 2, ""(1,1,2)"": 5, ""(1,1,3)"": 2, ""(1,2,3)"": 1, ""(2,1,3)"": 1}"
OFFLINE EXISTING-CANDIDATE DIAGNOSTIC,3.89394553074638e-06,100,12,0,12,0,0,"(1,0,1)",8,"{""(1,0,0)"": 4, ""(1,0,1)"": 8}"
OFFLINE EXISTING-CANDIDATE DIAGNOSTIC,3.894916089326992e-06,50,12,2,1,9,0,"(1,1,2)",5,"{""(1,0,1)"": 1, ""(1,1,1)"": 2, ""(1,1,2)"": 5, ""(1,1,3)"": 2, ""(1,2,3)"": 1, ""(2,1,3)"": 1}"
OFFLINE EXISTING-CANDIDATE DIAGNOSTIC,3.894916089326992e-06,100,12,0,12,0,0,"(1,0,1)",8,"{""(1,0,0)"": 4, ""(1,0,1)"": 8}"
OFFLINE EXISTING-CANDIDATE DIAGNOSTIC,3.900828017394564e-06,50,12,2,1,9,0,"(1,1,2)",5,"{""(1,0,1)"": 1, ""(1,1,1)"": 2, ""(1,1,2)"": 5, ""(1,1,3)"": 2, ""(1,2,3)"": 1, ""(2,1,3)"": 1}"
OFFLINE EXISTING-CANDIDATE DIAGNOSTIC,3.900828017394564e-06,100,12,0,12,0,0,"(1,0,1)",8,"{""(1,0,0)"": 4, ""(1,0,1)"": 8}"
OFFLINE EXISTING-CANDIDATE DIAGNOSTIC,3.9067489189272055e-06,50,12,2,1,8,1,"(1,1,2)",5,"{""(1,0,1)"": 1, ""(1,0,2)"": 1, ""(1,1,1)"": 2, ""(1,1,2)"": 5, ""(1,1,3)"": 1, ""(1,2,3)"": 1, ""(2,1,3)"": 1}"
OFFLINE EXISTING-CANDIDATE DIAGNOSTIC,3.9067489189272055e-06,100,12,0,12,0,0,"(1,0,1)",8,"{""(1,0,0)"": 4, ""(1,0,1)"": 8}"
OFFLINE EXISTING-CANDIDATE DIAGNOSTIC,3.917655436835778e-06,50,12,2,1,8,1,"(1,1,2)",5,"{""(1,0,1)"": 1, ""(1,0,2)"": 1, ""(1,1,1)"": 2, ""(1,1,2)"": 5, ""(1,1,3)"": 1, ""(1,2,3)"": 1, ""(2,1,3)"": 1}"
OFFLINE EXISTING-CANDIDATE DIAGNOSTIC,3.917655436835778e-06,100,12,0,12,0,0,"(1,0,1)",8,"{""(1,0,0)"": 4, ""(1,0,1)"": 8}"
OFFLINE EXISTING-CANDIDATE DIAGNOSTIC,3.928592402601471e-06,50,12,2,1,8,1,"(1,1,2)",5,"{""(1,0,1)"": 1, ""(1,0,2)"": 1, ""(1,1,1)"": 2, ""(1,1,2)"": 5, ""(1,1,3)"": 1, ""(1,2,3)"": 1, ""(2,1,3)"": 1}"
OFFLINE EXISTING-CANDIDATE DIAGNOSTIC,3.928592402601471e-06,100,12,0,12,0,0,"(1,0,1)",8,"{""(1,0,0)"": 4, ""(1,0,1)"": 8}"
OFFLINE EXISTING-CANDIDATE DIAGNOSTIC,3.937943539001907e-06,50,12,2,1,8,1,"(1,1,2)",5,"{""(1,0,1)"": 1, ""(1,0,2)"": 1, ""(1,1,1)"": 2, ""(1,1,2)"": 5, ""(1,1,3)"": 1, ""(1,2,3)"": 1, ""(2,1,3)"": 1}"
OFFLINE EXISTING-CANDIDATE DIAGNOSTIC,3.937943539001907e-06,100,12,0,12,0,0,"(1,0,1)",8,"{""(1,0,0)"": 4, ""(1,0,1)"": 8}"
OFFLINE EXISTING-CANDIDATE DIAGNOSTIC,3.947316933693105e-06,50,12,2,1,8,1,"(1,1,2)",5,"{""(1,0,1)"": 1, ""(1,0,2)"": 1, ""(1,1,1)"": 2, ""(1,1,2)"": 5, ""(1,1,3)"": 1, ""(1,2,3)"": 1, ""(2,1,3)"": 1}"
OFFLINE EXISTING-CANDIDATE DIAGNOSTIC,3.947316933693105e-06,100,12,0,12,0,0,"(1,0,1)",8,"{""(1,0,0)"": 4, ""(1,0,1)"": 8}"
OFFLINE EXISTING-CANDIDATE DIAGNOSTIC,3.951883643827957e-06,50,12,2,1,8,1,"(1,1,2)",5,"{""(1,0,1)"": 1, ""(1,0,2)"": 1, ""(1,1,1)"": 2, ""(1,1,2)"": 5, ""(1,1,3)"": 1, ""(1,2,3)"": 1, ""(2,1,3)"": 1}"
OFFLINE EXISTING-CANDIDATE DIAGNOSTIC,3.951883643827957e-06,100,12,0,12,0,0,"(1,0,1)",8,"{""(1,0,0)"": 4, ""(1,0,1)"": 8}"
OFFLINE EXISTING-CANDIDATE DIAGNOSTIC,3.956455637258223e-06,50,12,3,1,7,1,"(1,1,2)",4,"{""(1,0,1)"": 1, ""(1,0,2)"": 1, ""(1,1,1)"": 3, ""(1,1,2)"": 4, ""(1,1,3)"": 1, ""(1,2,3)"": 1, ""(2,1,3)"": 1}"
OFFLINE EXISTING-CANDIDATE DIAGNOSTIC,3.956455637258223e-06,100,12,0,12,0,0,"(1,0,1)",8,"{""(1,0,0)"": 4, ""(1,0,1)"": 8}"
OFFLINE EXISTING-CANDIDATE DIAGNOSTIC,3.960788512433133e-06,50,12,3,1,7,1,"(1,1,2)",4,"{""(1,0,1)"": 1, ""(1,0,2)"": 1, ""(1,1,1)"": 3, ""(1,1,2)"": 4, ""(1,1,3)"": 1, ""(1,2,3)"": 1, ""(2,1,3)"": 1}"
OFFLINE EXISTING-CANDIDATE DIAGNOSTIC,3.960788512433133e-06,100,12,0,12,0,0,"(1,0,1)",8,"{""(1,0,0)"": 4, ""(1,0,1)"": 8}"
OFFLINE EXISTING-CANDIDATE DIAGNOSTIC,3.9651261327155335e-06,50,12,3,1,7,1,"(1,1,2)",4,"{""(1,0,1)"": 1, ""(1,0,2)"": 1, ""(1,1,1)"": 3, ""(1,1,2)"": 4, ""(1,1,3)"": 1, ""(1,2,3)"": 1, ""(2,1,3)"": 1}"
OFFLINE EXISTING-CANDIDATE DIAGNOSTIC,3.9651261327155335e-06,100,12,0,12,0,0,"(1,0,1)",8,"{""(1,0,0)"": 4, ""(1,0,1)"": 8}"
OFFLINE EXISTING-CANDIDATE DIAGNOSTIC,3.987603203930268e-06,50,12,3,1,7,1,"(1,1,2)",4,"{""(1,0,1)"": 1, ""(1,0,2)"": 1, ""(1,1,1)"": 3, ""(1,1,2)"": 4, ""(1,1,3)"": 1, ""(1,2,3)"": 1, ""(2,1,3)"": 1}"
OFFLINE EXISTING-CANDIDATE DIAGNOSTIC,3.987603203930268e-06,100,12,0,12,0,0,"(1,0,1)",8,"{""(1,0,0)"": 4, ""(1,0,1)"": 8}"
OFFLINE EXISTING-CANDIDATE DIAGNOSTIC,4.010207690695853e-06,50,12,3,1,7,1,"(1,1,2)",4,"{""(1,0,1)"": 1, ""(1,0,2)"": 1, ""(1,1,1)"": 3, ""(1,1,2)"": 4, ""(1,1,3)"": 1, ""(1,2,3)"": 1, ""(2,1,3)"": 1}"
OFFLINE EXISTING-CANDIDATE DIAGNOSTIC,4.010207690695853e-06,100,12,0,12,0,0,"(1,0,0)",6,"{""(1,0,0)"": 6, ""(1,0,1)"": 6}"
OFFLINE EXISTING-CANDIDATE DIAGNOSTIC,4.031054201605951e-06,50,12,3,1,7,1,"(1,1,2)",4,"{""(1,0,1)"": 1, ""(1,0,2)"": 1, ""(1,1,1)"": 3, ""(1,1,2)"": 4, ""(1,1,3)"": 1, ""(1,2,3)"": 1, ""(2,1,3)"": 1}"
OFFLINE EXISTING-CANDIDATE DIAGNOSTIC,4.031054201605951e-06,100,12,0,12,0,0,"(1,0,0)",6,"{""(1,0,0)"": 6, ""(1,0,1)"": 6}"
OFFLINE EXISTING-CANDIDATE DIAGNOSTIC,4.0520090802243174e-06,50,12,4,1,6,1,"(1,1,1)",4,"{""(1,0,1)"": 1, ""(1,0,2)"": 1, ""(1,1,1)"": 4, ""(1,1,2)"": 4, ""(1,1,3)"": 1, ""(2,1,3)"": 1}"
OFFLINE EXISTING-CANDIDATE DIAGNOSTIC,4.0520090802243174e-06,100,12,0,12,0,0,"(1,0,0)",6,"{""(1,0,0)"": 6, ""(1,0,1)"": 6}"
OFFLINE EXISTING-CANDIDATE DIAGNOSTIC,4.093055052321883e-06,50,12,4,1,5,2,"(1,1,1)",4,"{""(1,0,1)"": 1, ""(1,0,2)"": 2, ""(1,1,1)"": 4, ""(1,1,2)"": 4, ""(1,1,3)"": 1}"
OFFLINE EXISTING-CANDIDATE DIAGNOSTIC,4.093055052321883e-06,100,12,0,12,0,0,"(1,0,0)",6,"{""(1,0,0)"": 6, ""(1,0,1)"": 6}"
OFFLINE EXISTING-CANDIDATE DIAGNOSTIC,4.134516811203753e-06,50,12,4,1,5,2,"(1,1,1)",4,"{""(1,0,1)"": 1, ""(1,0,2)"": 2, ""(1,1,1)"": 4, ""(1,1,2)"": 4, ""(1,1,3)"": 1}"
OFFLINE EXISTING-CANDIDATE DIAGNOSTIC,4.134516811203753e-06,100,12,0,12,0,0,"(1,0,0)",7,"{""(1,0,0)"": 7, ""(1,0,1)"": 5}"
OFFLINE EXISTING-CANDIDATE DIAGNOSTIC,4.1448790407475685e-06,50,12,5,1,4,2,"(1,1,1)",5,"{""(1,0,1)"": 1, ""(1,0,2)"": 2, ""(1,1,1)"": 5, ""(1,1,2)"": 3, ""(1,1,3)"": 1}"
OFFLINE EXISTING-CANDIDATE DIAGNOSTIC,4.1448790407475685e-06,100,12,0,12,0,0,"(1,0,0)",7,"{""(1,0,0)"": 7, ""(1,0,1)"": 5}"
OFFLINE EXISTING-CANDIDATE DIAGNOSTIC,4.15526724087175e-06,50,12,5,1,4,2,"(1,1,1)",5,"{""(1,0,1)"": 1, ""(1,0,2)"": 2, ""(1,1,1)"": 5, ""(1,1,2)"": 3, ""(1,1,3)"": 1}"
OFFLINE EXISTING-CANDIDATE DIAGNOSTIC,4.15526724087175e-06,100,12,0,12,0,0,"(1,0,0)",7,"{""(1,0,0)"": 7, ""(1,0,1)"": 5}"
OFFLINE EXISTING-CANDIDATE DIAGNOSTIC,4.2231610025453e-06,50,12,5,2,3,2,"(1,1,1)",5,"{""(1,0,1)"": 2, ""(1,0,2)"": 2, ""(1,1,1)"": 5, ""(1,1,2)"": 3}"
OFFLINE EXISTING-CANDIDATE DIAGNOSTIC,4.2231610025453e-06,100,12,0,12,0,0,"(1,0,0)",7,"{""(1,0,0)"": 7, ""(1,0,1)"": 5}"
OFFLINE EXISTING-CANDIDATE DIAGNOSTIC,4.2921640942828325e-06,50,12,5,2,3,2,"(1,1,1)",5,"{""(1,0,1)"": 2, ""(1,0,2)"": 2, ""(1,1,1)"": 5, ""(1,1,2)"": 3}"
OFFLINE EXISTING-CANDIDATE DIAGNOSTIC,4.2921640942828325e-06,100,12,0,12,0,0,"(1,0,0)",8,"{""(1,0,0)"": 8, ""(1,0,1)"": 4}"
OFFLINE EXISTING-CANDIDATE DIAGNOSTIC,4.292410365050161e-06,50,12,5,2,3,2,"(1,1,1)",5,"{""(1,0,1)"": 2, ""(1,0,2)"": 2, ""(1,1,1)"": 5, ""(1,1,2)"": 3}"
OFFLINE EXISTING-CANDIDATE DIAGNOSTIC,4.292410365050161e-06,100,12,0,12,0,0,"(1,0,0)",8,"{""(1,0,0)"": 8, ""(1,0,1)"": 4}"
OFFLINE EXISTING-CANDIDATE DIAGNOSTIC,4.292656649947725e-06,50,12,5,2,3,2,"(1,1,1)",5,"{""(1,0,1)"": 2, ""(1,0,2)"": 2, ""(1,1,1)"": 5, ""(1,1,2)"": 3}"
OFFLINE EXISTING-CANDIDATE DIAGNOSTIC,4.292656649947725e-06,100,12,0,12,0,0,"(1,0,0)",8,"{""(1,0,0)"": 8, ""(1,0,1)"": 4}"
OFFLINE EXISTING-CANDIDATE DIAGNOSTIC,4.299583258729427e-06,50,12,5,2,3,2,"(1,1,1)",5,"{""(1,0,1)"": 2, ""(1,0,2)"": 2, ""(1,1,1)"": 5, ""(1,1,2)"": 3}"
OFFLINE EXISTING-CANDIDATE DIAGNOSTIC,4.299583258729427e-06,100,12,0,12,0,0,"(1,0,0)",9,"{""(1,0,0)"": 9, ""(1,0,1)"": 3}"
OFFLINE EXISTING-CANDIDATE DIAGNOSTIC,4.306521044251579e-06,50,12,5,2,3,2,"(1,1,1)",5,"{""(1,0,1)"": 2, ""(1,0,2)"": 2, ""(1,1,1)"": 5, ""(1,1,2)"": 3}"
OFFLINE EXISTING-CANDIDATE DIAGNOSTIC,4.306521044251579e-06,100,12,0,12,0,0,"(1,0,0)",9,"{""(1,0,0)"": 9, ""(1,0,1)"": 3}"
OFFLINE EXISTING-CANDIDATE DIAGNOSTIC,4.308415264549869e-06,50,12,5,2,3,2,"(1,1,1)",5,"{""(1,0,1)"": 2, ""(1,0,2)"": 2, ""(1,1,1)"": 5, ""(1,1,2)"": 3}"
OFFLINE EXISTING-CANDIDATE DIAGNOSTIC,4.308415264549869e-06,100,12,0,12,0,0,"(1,0,0)",9,"{""(1,0,0)"": 9, ""(1,0,1)"": 3}"
OFFLINE EXISTING-CANDIDATE DIAGNOSTIC,4.310310318019644e-06,50,12,5,2,3,2,"(1,1,1)",5,"{""(1,0,1)"": 2, ""(1,0,2)"": 2, ""(1,1,1)"": 5, ""(1,1,2)"": 3}"
OFFLINE EXISTING-CANDIDATE DIAGNOSTIC,4.310310318019644e-06,100,12,0,12,0,0,"(1,0,0)",9,"{""(1,0,0)"": 9, ""(1,0,1)"": 3}"
OFFLINE EXISTING-CANDIDATE DIAGNOSTIC,4.43614673642858e-06,50,12,5,3,2,2,"(1,1,1)",5,"{""(1,0,1)"": 3, ""(1,0,2)"": 2, ""(1,1,1)"": 5, ""(1,1,2)"": 2}"
OFFLINE EXISTING-CANDIDATE DIAGNOSTIC,4.43614673642858e-06,100,12,0,12,0,0,"(1,0,0)",10,"{""(1,0,0)"": 10, ""(1,0,1)"": 2}"
OFFLINE EXISTING-CANDIDATE DIAGNOSTIC,4.565656858823929e-06,50,12,6,3,1,2,"(1,1,1)",6,"{""(1,0,1)"": 3, ""(1,0,2)"": 2, ""(1,1,1)"": 6, ""(1,1,2)"": 1}"
OFFLINE EXISTING-CANDIDATE DIAGNOSTIC,4.565656858823929e-06,100,12,0,12,0,0,"(1,0,0)",11,"{""(1,0,0)"": 11, ""(1,0,1)"": 1}"
OFFLINE EXISTING-CANDIDATE DIAGNOSTIC,4.5980247089021e-06,50,12,6,3,1,2,"(1,1,1)",6,"{""(1,0,1)"": 3, ""(1,0,2)"": 2, ""(1,1,1)"": 6, ""(1,1,2)"": 1}"
OFFLINE EXISTING-CANDIDATE DIAGNOSTIC,4.5980247089021e-06,100,12,0,12,0,0,"(1,0,0)",11,"{""(1,0,0)"": 11, ""(1,0,1)"": 1}"
OFFLINE EXISTING-CANDIDATE DIAGNOSTIC,4.630622028200382e-06,50,12,6,3,1,2,"(1,1,1)",6,"{""(1,0,1)"": 3, ""(1,0,2)"": 2, ""(1,1,1)"": 6, ""(1,1,2)"": 1}"
OFFLINE EXISTING-CANDIDATE DIAGNOSTIC,4.630622028200382e-06,100,12,0,12,0,0,"(1,0,0)",11,"{""(1,0,0)"": 11, ""(1,0,1)"": 1}"
OFFLINE EXISTING-CANDIDATE DIAGNOSTIC,4.644769287959613e-06,50,12,6,4,1,1,"(1,1,1)",6,"{""(1,0,0)"": 1, ""(1,0,1)"": 3, ""(1,0,2)"": 1, ""(1,1,1)"": 6, ""(1,1,2)"": 1}"
OFFLINE EXISTING-CANDIDATE DIAGNOSTIC,4.644769287959613e-06,100,12,0,12,0,0,"(1,0,0)",11,"{""(1,0,0)"": 11, ""(1,0,1)"": 1}"
OFFLINE EXISTING-CANDIDATE DIAGNOSTIC,4.6589597697649265e-06,50,12,6,4,1,1,"(1,1,1)",6,"{""(1,0,0)"": 1, ""(1,0,1)"": 3, ""(1,0,2)"": 1, ""(1,1,1)"": 6, ""(1,1,2)"": 1}"
OFFLINE EXISTING-CANDIDATE DIAGNOSTIC,4.6589597697649265e-06,100,12,0,12,0,0,"(1,0,0)",11,"{""(1,0,0)"": 11, ""(1,0,1)"": 1}"
OFFLINE EXISTING-CANDIDATE DIAGNOSTIC,4.680826067792194e-06,50,12,6,4,1,1,"(1,1,1)",6,"{""(1,0,0)"": 1, ""(1,0,1)"": 3, ""(1,0,2)"": 1, ""(1,1,1)"": 6, ""(1,1,2)"": 1}"
OFFLINE EXISTING-CANDIDATE DIAGNOSTIC,4.680826067792194e-06,100,12,0,12,0,0,"(1,0,0)",11,"{""(1,0,0)"": 11, ""(1,0,1)"": 1}"
OFFLINE EXISTING-CANDIDATE DIAGNOSTIC,4.702794992803391e-06,50,12,6,4,1,1,"(1,1,1)",6,"{""(1,0,0)"": 1, ""(1,0,1)"": 3, ""(1,0,2)"": 1, ""(1,1,1)"": 6, ""(1,1,2)"": 1}"
OFFLINE EXISTING-CANDIDATE DIAGNOSTIC,4.702794992803391e-06,100,12,0,12,0,0,"(1,0,0)",11,"{""(1,0,0)"": 11, ""(1,0,1)"": 1}"
OFFLINE EXISTING-CANDIDATE DIAGNOSTIC,4.80419654179521e-06,50,12,6,4,1,1,"(1,1,1)",6,"{""(1,0,0)"": 1, ""(1,0,1)"": 3, ""(1,0,2)"": 1, ""(1,1,1)"": 6, ""(1,1,2)"": 1}"
OFFLINE EXISTING-CANDIDATE DIAGNOSTIC,4.80419654179521e-06,100,12,0,12,0,0,"(1,0,0)",11,"{""(1,0,0)"": 11, ""(1,0,1)"": 1}"
OFFLINE EXISTING-CANDIDATE DIAGNOSTIC,4.907784508471337e-06,50,12,6,4,1,1,"(1,1,1)",6,"{""(1,0,0)"": 1, ""(1,0,1)"": 3, ""(1,0,2)"": 1, ""(1,1,1)"": 6, ""(1,1,2)"": 1}"
OFFLINE EXISTING-CANDIDATE DIAGNOSTIC,4.907784508471337e-06,100,12,0,12,0,0,"(1,0,0)",11,"{""(1,0,0)"": 11, ""(1,0,1)"": 1}"
OFFLINE EXISTING-CANDIDATE DIAGNOSTIC,4.918811496595365e-06,50,12,6,4,1,1,"(1,1,1)",6,"{""(1,0,0)"": 1, ""(1,0,1)"": 3, ""(1,0,2)"": 1, ""(1,1,1)"": 6, ""(1,1,2)"": 1}"
OFFLINE EXISTING-CANDIDATE DIAGNOSTIC,4.918811496595365e-06,100,12,0,12,0,0,"(1,0,0)",11,"{""(1,0,0)"": 11, ""(1,0,1)"": 1}"
OFFLINE EXISTING-CANDIDATE DIAGNOSTIC,4.929863260555999e-06,50,12,6,4,1,1,"(1,1,1)",6,"{""(1,0,0)"": 1, ""(1,0,1)"": 3, ""(1,0,2)"": 1, ""(1,1,1)"": 6, ""(1,1,2)"": 1}"
OFFLINE EXISTING-CANDIDATE DIAGNOSTIC,4.929863260555999e-06,100,12,0,12,0,0,"(1,0,0)",11,"{""(1,0,0)"": 11, ""(1,0,1)"": 1}"
OFFLINE EXISTING-CANDIDATE DIAGNOSTIC,4.961191184771337e-06,50,12,6,4,1,1,"(1,1,1)",6,"{""(1,0,0)"": 1, ""(1,0,1)"": 3, ""(1,0,2)"": 1, ""(1,1,1)"": 6, ""(1,1,2)"": 1}"
OFFLINE EXISTING-CANDIDATE DIAGNOSTIC,4.961191184771337e-06,100,12,0,12,0,0,"(1,0,0)",11,"{""(1,0,0)"": 11, ""(1,0,1)"": 1}"
OFFLINE EXISTING-CANDIDATE DIAGNOSTIC,4.992718189322938e-06,50,12,6,5,1,0,"(1,1,1)",6,"{""(1,0,0)"": 2, ""(1,0,1)"": 3, ""(1,1,1)"": 6, ""(1,1,2)"": 1}"
OFFLINE EXISTING-CANDIDATE DIAGNOSTIC,4.992718189322938e-06,100,12,0,12,0,0,"(1,0,0)",11,"{""(1,0,0)"": 11, ""(1,0,1)"": 1}"
OFFLINE EXISTING-CANDIDATE DIAGNOSTIC,5.012001063704401e-06,50,12,6,5,1,0,"(1,1,1)",6,"{""(1,0,0)"": 2, ""(1,0,1)"": 3, ""(1,1,1)"": 6, ""(1,1,2)"": 1}"
OFFLINE EXISTING-CANDIDATE DIAGNOSTIC,5.012001063704401e-06,100,12,0,12,0,0,"(1,0,0)",11,"{""(1,0,0)"": 11, ""(1,0,1)"": 1}"
OFFLINE EXISTING-CANDIDATE DIAGNOSTIC,5.031358412396312e-06,50,12,5,6,1,0,"(1,1,1)",5,"{""(1,0,0)"": 2, ""(1,0,1)"": 4, ""(1,1,1)"": 5, ""(1,1,2)"": 1}"
OFFLINE EXISTING-CANDIDATE DIAGNOSTIC,5.031358412396312e-06,100,12,0,12,0,0,"(1,0,0)",11,"{""(1,0,0)"": 11, ""(1,0,1)"": 1}"
OFFLINE EXISTING-CANDIDATE DIAGNOSTIC,5.043206937841731e-06,50,12,5,6,1,0,"(1,1,1)",5,"{""(1,0,0)"": 2, ""(1,0,1)"": 4, ""(1,1,1)"": 5, ""(1,1,2)"": 1}"
OFFLINE EXISTING-CANDIDATE DIAGNOSTIC,5.043206937841731e-06,100,12,0,12,0,0,"(1,0,0)",11,"{""(1,0,0)"": 11, ""(1,0,1)"": 1}"
OFFLINE EXISTING-CANDIDATE DIAGNOSTIC,5.05508336580248e-06,50,12,5,6,1,0,"(1,1,1)",5,"{""(1,0,0)"": 2, ""(1,0,1)"": 4, ""(1,1,1)"": 5, ""(1,1,2)"": 1}"
OFFLINE EXISTING-CANDIDATE DIAGNOSTIC,5.05508336580248e-06,100,12,0,12,0,0,"(1,0,0)",11,"{""(1,0,0)"": 11, ""(1,0,1)"": 1}"
OFFLINE EXISTING-CANDIDATE DIAGNOSTIC,5.142138495731627e-06,50,12,5,6,1,0,"(1,1,1)",5,"{""(1,0,0)"": 2, ""(1,0,1)"": 4, ""(1,1,1)"": 5, ""(1,1,2)"": 1}"
OFFLINE EXISTING-CANDIDATE DIAGNOSTIC,5.142138495731627e-06,100,12,0,12,0,0,"(1,0,0)",11,"{""(1,0,0)"": 11, ""(1,0,1)"": 1}"
OFFLINE EXISTING-CANDIDATE DIAGNOSTIC,5.2306928285618086e-06,50,12,5,6,1,0,"(1,1,1)",5,"{""(1,0,0)"": 2, ""(1,0,1)"": 4, ""(1,1,1)"": 5, ""(1,1,2)"": 1}"
OFFLINE EXISTING-CANDIDATE DIAGNOSTIC,5.2306928285618086e-06,100,12,0,12,0,0,"(1,0,0)",11,"{""(1,0,0)"": 11, ""(1,0,1)"": 1}"
OFFLINE EXISTING-CANDIDATE DIAGNOSTIC,5.3073735529792395e-06,50,12,5,6,1,0,"(1,1,1)",5,"{""(1,0,0)"": 2, ""(1,0,1)"": 4, ""(1,1,1)"": 5, ""(1,1,2)"": 1}"
OFFLINE EXISTING-CANDIDATE DIAGNOSTIC,5.3073735529792395e-06,100,12,0,12,0,0,"(1,0,0)",11,"{""(1,0,0)"": 11, ""(1,0,1)"": 1}"
OFFLINE EXISTING-CANDIDATE DIAGNOSTIC,5.385178398749214e-06,50,12,5,6,1,0,"(1,1,1)",5,"{""(1,0,0)"": 2, ""(1,0,1)"": 4, ""(1,1,1)"": 5, ""(1,1,2)"": 1}"
OFFLINE EXISTING-CANDIDATE DIAGNOSTIC,5.385178398749214e-06,100,12,0,12,0,0,"(1,0,0)",11,"{""(1,0,0)"": 11, ""(1,0,1)"": 1}"
OFFLINE EXISTING-CANDIDATE DIAGNOSTIC,5.419402694365772e-06,50,12,5,6,1,0,"(1,1,1)",5,"{""(1,0,0)"": 2, ""(1,0,1)"": 4, ""(1,1,1)"": 5, ""(1,1,2)"": 1}"
OFFLINE EXISTING-CANDIDATE DIAGNOSTIC,5.419402694365772e-06,100,12,0,12,0,0,"(1,0,0)",11,"{""(1,0,0)"": 11, ""(1,0,1)"": 1}"
OFFLINE EXISTING-CANDIDATE DIAGNOSTIC,5.453844494830585e-06,50,12,5,6,1,0,"(1,1,1)",5,"{""(1,0,0)"": 2, ""(1,0,1)"": 4, ""(1,1,1)"": 5, ""(1,1,2)"": 1}"
OFFLINE EXISTING-CANDIDATE DIAGNOSTIC,5.453844494830585e-06,100,12,0,12,0,0,"(1,0,0)",12,"{""(1,0,0)"": 12}"
OFFLINE EXISTING-CANDIDATE DIAGNOSTIC,5.462229326608288e-06,50,12,5,6,1,0,"(1,1,1)",5,"{""(1,0,0)"": 2, ""(1,0,1)"": 4, ""(1,1,1)"": 5, ""(1,1,2)"": 1}"
OFFLINE EXISTING-CANDIDATE DIAGNOSTIC,5.462229326608288e-06,100,12,0,12,0,0,"(1,0,0)",12,"{""(1,0,0)"": 12}"
OFFLINE EXISTING-CANDIDATE DIAGNOSTIC,5.470627049366658e-06,50,12,5,6,1,0,"(1,1,1)",5,"{""(1,0,0)"": 2, ""(1,0,1)"": 4, ""(1,1,1)"": 5, ""(1,1,2)"": 1}"
OFFLINE EXISTING-CANDIDATE DIAGNOSTIC,5.470627049366658e-06,100,12,0,12,0,0,"(1,0,0)",12,"{""(1,0,0)"": 12}"
OFFLINE EXISTING-CANDIDATE DIAGNOSTIC,5.487419826994127e-06,50,12,5,6,1,0,"(1,1,1)",5,"{""(1,0,0)"": 2, ""(1,0,1)"": 4, ""(1,1,1)"": 5, ""(1,1,2)"": 1}"
OFFLINE EXISTING-CANDIDATE DIAGNOSTIC,5.487419826994127e-06,100,12,0,12,0,0,"(1,0,0)",12,"{""(1,0,0)"": 12}"
OFFLINE EXISTING-CANDIDATE DIAGNOSTIC,5.504264152164118e-06,50,12,5,6,1,0,"(1,1,1)",5,"{""(1,0,0)"": 2, ""(1,0,1)"": 4, ""(1,1,1)"": 5, ""(1,1,2)"": 1}"
OFFLINE EXISTING-CANDIDATE DIAGNOSTIC,5.504264152164118e-06,100,12,0,12,0,0,"(1,0,0)",12,"{""(1,0,0)"": 12}"
OFFLINE EXISTING-CANDIDATE DIAGNOSTIC,5.677586426281587e-06,50,12,5,6,1,0,"(1,1,1)",5,"{""(1,0,0)"": 2, ""(1,0,1)"": 4, ""(1,1,1)"": 5, ""(1,1,2)"": 1}"
OFFLINE EXISTING-CANDIDATE DIAGNOSTIC,5.677586426281587e-06,100,12,0,12,0,0,"(1,0,0)",12,"{""(1,0,0)"": 12}"
OFFLINE EXISTING-CANDIDATE DIAGNOSTIC,5.856366398262891e-06,50,12,5,6,0,1,"(1,1,1)",5,"{""(1,0,0)"": 2, ""(1,0,1)"": 4, ""(1,0,2)"": 1, ""(1,1,1)"": 5}"
OFFLINE EXISTING-CANDIDATE DIAGNOSTIC,5.856366398262891e-06,100,12,0,12,0,0,"(1,0,0)",12,"{""(1,0,0)"": 12}"
OFFLINE EXISTING-CANDIDATE DIAGNOSTIC,5.944053091884333e-06,50,12,5,7,0,0,"(1,1,1)",5,"{""(1,0,0)"": 3, ""(1,0,1)"": 4, ""(1,1,1)"": 5}"
OFFLINE EXISTING-CANDIDATE DIAGNOSTIC,5.944053091884333e-06,100,12,0,12,0,0,"(1,0,0)",12,"{""(1,0,0)"": 12}"
OFFLINE EXISTING-CANDIDATE DIAGNOSTIC,6.033052708180923e-06,50,12,5,7,0,0,"(1,1,1)",5,"{""(1,0,0)"": 4, ""(1,0,1)"": 3, ""(1,1,1)"": 5}"
OFFLINE EXISTING-CANDIDATE DIAGNOSTIC,6.033052708180923e-06,100,12,0,12,0,0,"(1,0,0)",12,"{""(1,0,0)"": 12}"
OFFLINE EXISTING-CANDIDATE DIAGNOSTIC,6.037741190931211e-06,50,12,5,7,0,0,"(1,1,1)",5,"{""(1,0,0)"": 4, ""(1,0,1)"": 3, ""(1,1,1)"": 5}"
OFFLINE EXISTING-CANDIDATE DIAGNOSTIC,6.037741190931211e-06,100,12,0,12,0,0,"(1,0,0)",12,"{""(1,0,0)"": 12}"
OFFLINE EXISTING-CANDIDATE DIAGNOSTIC,6.04243331725492e-06,50,12,4,8,0,0,"(1,0,0)",5,"{""(1,0,0)"": 5, ""(1,0,1)"": 3, ""(1,1,1)"": 4}"
OFFLINE EXISTING-CANDIDATE DIAGNOSTIC,6.04243331725492e-06,100,12,0,12,0,0,"(1,0,0)",12,"{""(1,0,0)"": 12}"
OFFLINE EXISTING-CANDIDATE DIAGNOSTIC,6.068901372933901e-06,50,12,4,8,0,0,"(1,0,0)",5,"{""(1,0,0)"": 5, ""(1,0,1)"": 3, ""(1,1,1)"": 4}"
OFFLINE EXISTING-CANDIDATE DIAGNOSTIC,6.068901372933901e-06,100,12,0,12,0,0,"(1,0,0)",12,"{""(1,0,0)"": 12}"
OFFLINE EXISTING-CANDIDATE DIAGNOSTIC,6.0954853683236985e-06,50,12,4,8,0,0,"(1,0,0)",5,"{""(1,0,0)"": 5, ""(1,0,1)"": 3, ""(1,1,1)"": 4}"
OFFLINE EXISTING-CANDIDATE DIAGNOSTIC,6.0954853683236985e-06,100,12,0,12,0,0,"(1,0,0)",12,"{""(1,0,0)"": 12}"
OFFLINE EXISTING-CANDIDATE DIAGNOSTIC,6.118771763862494e-06,50,12,4,8,0,0,"(1,0,0)",5,"{""(1,0,0)"": 5, ""(1,0,1)"": 3, ""(1,1,1)"": 4}"
OFFLINE EXISTING-CANDIDATE DIAGNOSTIC,6.118771763862494e-06,100,12,0,12,0,0,"(1,0,0)",12,"{""(1,0,0)"": 12}"
OFFLINE EXISTING-CANDIDATE DIAGNOSTIC,6.142147119702958e-06,50,12,3,9,0,0,"(1,0,0)",6,"{""(1,0,0)"": 6, ""(1,0,1)"": 3, ""(1,1,1)"": 3}"
OFFLINE EXISTING-CANDIDATE DIAGNOSTIC,6.142147119702958e-06,100,12,0,12,0,0,"(1,0,0)",12,"{""(1,0,0)"": 12}"
OFFLINE EXISTING-CANDIDATE DIAGNOSTIC,6.144218664712324e-06,50,12,3,9,0,0,"(1,0,0)",6,"{""(1,0,0)"": 6, ""(1,0,1)"": 3, ""(1,1,1)"": 3}"
OFFLINE EXISTING-CANDIDATE DIAGNOSTIC,6.144218664712324e-06,100,12,0,12,0,0,"(1,0,0)",12,"{""(1,0,0)"": 12}"
OFFLINE EXISTING-CANDIDATE DIAGNOSTIC,6.146290908385958e-06,50,12,3,9,0,0,"(1,0,0)",6,"{""(1,0,0)"": 6, ""(1,0,1)"": 3, ""(1,1,1)"": 3}"
OFFLINE EXISTING-CANDIDATE DIAGNOSTIC,6.146290908385958e-06,100,12,0,12,0,0,"(1,0,0)",12,"{""(1,0,0)"": 12}"
OFFLINE EXISTING-CANDIDATE DIAGNOSTIC,6.162899504141638e-06,50,12,3,9,0,0,"(1,0,0)",6,"{""(1,0,0)"": 6, ""(1,0,1)"": 3, ""(1,1,1)"": 3}"
OFFLINE EXISTING-CANDIDATE DIAGNOSTIC,6.162899504141638e-06,100,12,0,12,0,0,"(1,0,0)",12,"{""(1,0,0)"": 12}"
OFFLINE EXISTING-CANDIDATE DIAGNOSTIC,6.179552979883816e-06,50,12,3,9,0,0,"(1,0,0)",6,"{""(1,0,0)"": 6, ""(1,0,1)"": 3, ""(1,1,1)"": 3}"
OFFLINE EXISTING-CANDIDATE DIAGNOSTIC,6.179552979883816e-06,100,12,0,12,0,0,"(1,0,0)",12,"{""(1,0,0)"": 12}"
OFFLINE EXISTING-CANDIDATE DIAGNOSTIC,6.18570751915182e-06,50,12,3,9,0,0,"(1,0,0)",6,"{""(1,0,0)"": 6, ""(1,0,1)"": 3, ""(1,1,1)"": 3}"
OFFLINE EXISTING-CANDIDATE DIAGNOSTIC,6.18570751915182e-06,100,12,0,12,0,0,"(1,0,0)",12,"{""(1,0,0)"": 12}"
OFFLINE EXISTING-CANDIDATE DIAGNOSTIC,6.191868188046631e-06,50,12,3,9,0,0,"(1,0,0)",6,"{""(1,0,0)"": 6, ""(1,0,1)"": 3, ""(1,1,1)"": 3}"
OFFLINE EXISTING-CANDIDATE DIAGNOSTIC,6.191868188046631e-06,100,12,0,12,0,0,"(1,0,0)",12,"{""(1,0,0)"": 12}"
OFFLINE EXISTING-CANDIDATE DIAGNOSTIC,6.192478250971135e-06,50,12,3,9,0,0,"(1,0,0)",6,"{""(1,0,0)"": 6, ""(1,0,1)"": 3, ""(1,1,1)"": 3}"
OFFLINE EXISTING-CANDIDATE DIAGNOSTIC,6.192478250971135e-06,100,12,0,12,0,0,"(1,0,0)",12,"{""(1,0,0)"": 12}"
OFFLINE EXISTING-CANDIDATE DIAGNOSTIC,6.193088374002986e-06,50,12,3,9,0,0,"(1,0,0)",6,"{""(1,0,0)"": 6, ""(1,0,1)"": 3, ""(1,1,1)"": 3}"
OFFLINE EXISTING-CANDIDATE DIAGNOSTIC,6.193088374002986e-06,100,12,0,12,0,0,"(1,0,0)",12,"{""(1,0,0)"": 12}"
OFFLINE EXISTING-CANDIDATE DIAGNOSTIC,6.238698994868342e-06,50,12,3,9,0,0,"(1,0,0)",6,"{""(1,0,0)"": 6, ""(1,0,1)"": 3, ""(1,1,1)"": 3}"
OFFLINE EXISTING-CANDIDATE DIAGNOSTIC,6.238698994868342e-06,100,12,0,12,0,0,"(1,0,0)",12,"{""(1,0,0)"": 12}"
OFFLINE EXISTING-CANDIDATE DIAGNOSTIC,6.284645527093281e-06,50,12,3,9,0,0,"(1,0,0)",6,"{""(1,0,0)"": 6, ""(1,0,1)"": 3, ""(1,1,1)"": 3}"
OFFLINE EXISTING-CANDIDATE DIAGNOSTIC,6.284645527093281e-06,100,12,0,12,0,0,"(1,0,0)",12,"{""(1,0,0)"": 12}"
OFFLINE EXISTING-CANDIDATE DIAGNOSTIC,6.286676525688604e-06,50,12,3,9,0,0,"(1,0,0)",6,"{""(1,0,0)"": 6, ""(1,0,1)"": 3, ""(1,1,1)"": 3}"
OFFLINE EXISTING-CANDIDATE DIAGNOSTIC,6.286676525688604e-06,100,12,0,12,0,0,"(1,0,0)",12,"{""(1,0,0)"": 12}"
OFFLINE EXISTING-CANDIDATE DIAGNOSTIC,6.288708180638414e-06,50,12,3,9,0,0,"(1,0,0)",6,"{""(1,0,0)"": 6, ""(1,0,1)"": 3, ""(1,1,1)"": 3}"
OFFLINE EXISTING-CANDIDATE DIAGNOSTIC,6.288708180638414e-06,100,12,0,12,0,0,"(1,0,0)",12,"{""(1,0,0)"": 12}"
OFFLINE EXISTING-CANDIDATE DIAGNOSTIC,6.297981215787334e-06,50,12,3,9,0,0,"(1,0,0)",6,"{""(1,0,0)"": 6, ""(1,0,1)"": 3, ""(1,1,1)"": 3}"
OFFLINE EXISTING-CANDIDATE DIAGNOSTIC,6.297981215787334e-06,100,12,0,12,0,0,"(1,0,0)",12,"{""(1,0,0)"": 12}"
OFFLINE EXISTING-CANDIDATE DIAGNOSTIC,6.3072679245204635e-06,50,12,3,9,0,0,"(1,0,0)",6,"{""(1,0,0)"": 6, ""(1,0,1)"": 3, ""(1,1,1)"": 3}"
OFFLINE EXISTING-CANDIDATE DIAGNOSTIC,6.3072679245204635e-06,100,12,0,12,0,0,"(1,0,0)",12,"{""(1,0,0)"": 12}"
OFFLINE EXISTING-CANDIDATE DIAGNOSTIC,6.319740417477536e-06,50,12,3,9,0,0,"(1,0,0)",6,"{""(1,0,0)"": 6, ""(1,0,1)"": 3, ""(1,1,1)"": 3}"
OFFLINE EXISTING-CANDIDATE DIAGNOSTIC,6.319740417477536e-06,100,12,0,12,0,0,"(1,0,0)",12,"{""(1,0,0)"": 12}"
OFFLINE EXISTING-CANDIDATE DIAGNOSTIC,6.332237574533617e-06,50,12,3,9,0,0,"(1,0,0)",6,"{""(1,0,0)"": 6, ""(1,0,1)"": 3, ""(1,1,1)"": 3}"
OFFLINE EXISTING-CANDIDATE DIAGNOSTIC,6.332237574533617e-06,100,12,0,12,0,0,"(1,0,0)",12,"{""(1,0,0)"": 12}"
OFFLINE EXISTING-CANDIDATE DIAGNOSTIC,6.338853899867313e-06,50,12,3,9,0,0,"(1,0,0)",6,"{""(1,0,0)"": 6, ""(1,0,1)"": 3, ""(1,1,1)"": 3}"
OFFLINE EXISTING-CANDIDATE DIAGNOSTIC,6.338853899867313e-06,100,12,0,12,0,0,"(1,0,0)",12,"{""(1,0,0)"": 12}"
OFFLINE EXISTING-CANDIDATE DIAGNOSTIC,6.345477138359337e-06,50,12,3,9,0,0,"(1,0,0)",6,"{""(1,0,0)"": 6, ""(1,0,1)"": 3, ""(1,1,1)"": 3}"
OFFLINE EXISTING-CANDIDATE DIAGNOSTIC,6.345477138359337e-06,100,12,0,12,0,0,"(1,0,0)",12,"{""(1,0,0)"": 12}"
OFFLINE EXISTING-CANDIDATE DIAGNOSTIC,6.364867943977818e-06,50,12,3,9,0,0,"(1,0,0)",6,"{""(1,0,0)"": 6, ""(1,0,1)"": 3, ""(1,1,1)"": 3}"
OFFLINE EXISTING-CANDIDATE DIAGNOSTIC,6.364867943977818e-06,100,12,0,12,0,0,"(1,0,0)",12,"{""(1,0,0)"": 12}"
OFFLINE EXISTING-CANDIDATE DIAGNOSTIC,6.384318004926408e-06,50,12,3,9,0,0,"(1,0,0)",6,"{""(1,0,0)"": 6, ""(1,0,1)"": 3, ""(1,1,1)"": 3}"
OFFLINE EXISTING-CANDIDATE DIAGNOSTIC,6.384318004926408e-06,100,12,0,12,0,0,"(1,0,0)",12,"{""(1,0,0)"": 12}"
OFFLINE EXISTING-CANDIDATE DIAGNOSTIC,6.396486749840493e-06,50,12,3,9,0,0,"(1,0,0)",6,"{""(1,0,0)"": 6, ""(1,0,1)"": 3, ""(1,1,1)"": 3}"
OFFLINE EXISTING-CANDIDATE DIAGNOSTIC,6.396486749840493e-06,100,12,0,12,0,0,"(1,0,0)",12,"{""(1,0,0)"": 12}"
OFFLINE EXISTING-CANDIDATE DIAGNOSTIC,6.408678688829914e-06,50,12,3,9,0,0,"(1,0,0)",6,"{""(1,0,0)"": 6, ""(1,0,1)"": 3, ""(1,1,1)"": 3}"
OFFLINE EXISTING-CANDIDATE DIAGNOSTIC,6.408678688829914e-06,100,12,0,12,0,0,"(1,0,0)",12,"{""(1,0,0)"": 12}"
OFFLINE EXISTING-CANDIDATE DIAGNOSTIC,6.428633445424357e-06,50,12,3,9,0,0,"(1,0,0)",6,"{""(1,0,0)"": 6, ""(1,0,1)"": 3, ""(1,1,1)"": 3}"
OFFLINE EXISTING-CANDIDATE DIAGNOSTIC,6.428633445424357e-06,100,12,0,12,0,0,"(1,0,0)",12,"{""(1,0,0)"": 12}"
OFFLINE EXISTING-CANDIDATE DIAGNOSTIC,6.448650335311804e-06,50,12,2,10,0,0,"(1,0,0)",7,"{""(1,0,0)"": 7, ""(1,0,1)"": 3, ""(1,1,1)"": 2}"
OFFLINE EXISTING-CANDIDATE DIAGNOSTIC,6.448650335311804e-06,100,12,0,12,0,0,"(1,0,0)",12,"{""(1,0,0)"": 12}"
OFFLINE EXISTING-CANDIDATE DIAGNOSTIC,6.4610566411263794e-06,50,12,2,10,0,0,"(1,0,0)",7,"{""(1,0,0)"": 7, ""(1,0,1)"": 3, ""(1,1,1)"": 2}"
OFFLINE EXISTING-CANDIDATE DIAGNOSTIC,6.4610566411263794e-06,100,12,0,12,0,0,"(1,0,0)",12,"{""(1,0,0)"": 12}"
OFFLINE EXISTING-CANDIDATE DIAGNOSTIC,6.473486814946811e-06,50,12,2,10,0,0,"(1,0,0)",7,"{""(1,0,0)"": 7, ""(1,0,1)"": 3, ""(1,1,1)"": 2}"
OFFLINE EXISTING-CANDIDATE DIAGNOSTIC,6.473486814946811e-06,100,12,0,12,0,0,"(1,0,0)",12,"{""(1,0,0)"": 12}"
OFFLINE EXISTING-CANDIDATE DIAGNOSTIC,6.4960521277395386e-06,50,12,2,10,0,0,"(1,0,0)",7,"{""(1,0,0)"": 7, ""(1,0,1)"": 3, ""(1,1,1)"": 2}"
OFFLINE EXISTING-CANDIDATE DIAGNOSTIC,6.4960521277395386e-06,100,12,0,12,0,0,"(1,0,0)",12,"{""(1,0,0)"": 12}"
OFFLINE EXISTING-CANDIDATE DIAGNOSTIC,6.518696098812725e-06,50,12,2,10,0,0,"(1,0,0)",7,"{""(1,0,0)"": 7, ""(1,0,1)"": 3, ""(1,1,1)"": 2}"
OFFLINE EXISTING-CANDIDATE DIAGNOSTIC,6.518696098812725e-06,100,12,0,12,0,0,"(1,0,0)",12,"{""(1,0,0)"": 12}"
OFFLINE EXISTING-CANDIDATE DIAGNOSTIC,6.519900294874538e-06,50,12,2,10,0,0,"(1,0,0)",7,"{""(1,0,0)"": 7, ""(1,0,1)"": 3, ""(1,1,1)"": 2}"
OFFLINE EXISTING-CANDIDATE DIAGNOSTIC,6.519900294874538e-06,100,12,0,12,0,0,"(1,0,0)",12,"{""(1,0,0)"": 12}"
OFFLINE EXISTING-CANDIDATE DIAGNOSTIC,6.521104713386996e-06,50,12,2,10,0,0,"(1,0,0)",7,"{""(1,0,0)"": 7, ""(1,0,1)"": 3, ""(1,1,1)"": 2}"
OFFLINE EXISTING-CANDIDATE DIAGNOSTIC,6.521104713386996e-06,100,12,0,12,0,0,"(1,0,0)",12,"{""(1,0,0)"": 12}"
OFFLINE EXISTING-CANDIDATE DIAGNOSTIC,6.53293517350904e-06,50,12,2,10,0,0,"(1,0,0)",7,"{""(1,0,0)"": 7, ""(1,0,1)"": 3, ""(1,1,1)"": 2}"
OFFLINE EXISTING-CANDIDATE DIAGNOSTIC,6.53293517350904e-06,100,12,0,12,0,0,"(1,0,0)",12,"{""(1,0,0)"": 12}"
OFFLINE EXISTING-CANDIDATE DIAGNOSTIC,6.5447870962195325e-06,50,12,2,10,0,0,"(1,0,0)",7,"{""(1,0,0)"": 7, ""(1,0,1)"": 3, ""(1,1,1)"": 2}"
OFFLINE EXISTING-CANDIDATE DIAGNOSTIC,6.5447870962195325e-06,100,12,0,12,0,0,"(1,0,0)",12,"{""(1,0,0)"": 12}"
OFFLINE EXISTING-CANDIDATE DIAGNOSTIC,6.574154069640688e-06,50,12,2,10,0,0,"(1,0,0)",7,"{""(1,0,0)"": 7, ""(1,0,1)"": 3, ""(1,1,1)"": 2}"
OFFLINE EXISTING-CANDIDATE DIAGNOSTIC,6.574154069640688e-06,100,12,0,12,0,0,"(1,0,0)",12,"{""(1,0,0)"": 12}"
OFFLINE EXISTING-CANDIDATE DIAGNOSTIC,6.6036528149766876e-06,50,12,2,10,0,0,"(1,0,0)",7,"{""(1,0,0)"": 7, ""(1,0,1)"": 3, ""(1,1,1)"": 2}"
OFFLINE EXISTING-CANDIDATE DIAGNOSTIC,6.6036528149766876e-06,100,12,0,12,0,0,"(1,0,0)",12,"{""(1,0,0)"": 12}"
OFFLINE EXISTING-CANDIDATE DIAGNOSTIC,6.606091290973389e-06,50,12,2,10,0,0,"(1,0,0)",7,"{""(1,0,0)"": 7, ""(1,0,1)"": 3, ""(1,1,1)"": 2}"
OFFLINE EXISTING-CANDIDATE DIAGNOSTIC,6.606091290973389e-06,100,12,0,12,0,0,"(1,0,0)",12,"{""(1,0,0)"": 12}"
OFFLINE EXISTING-CANDIDATE DIAGNOSTIC,6.608530667405857e-06,50,12,2,10,0,0,"(1,0,0)",7,"{""(1,0,0)"": 7, ""(1,0,1)"": 3, ""(1,1,1)"": 2}"
OFFLINE EXISTING-CANDIDATE DIAGNOSTIC,6.608530667405857e-06,100,12,0,12,0,0,"(1,0,0)",12,"{""(1,0,0)"": 12}"
OFFLINE EXISTING-CANDIDATE DIAGNOSTIC,6.612744204067238e-06,50,12,2,10,0,0,"(1,0,0)",7,"{""(1,0,0)"": 7, ""(1,0,1)"": 3, ""(1,1,1)"": 2}"
OFFLINE EXISTING-CANDIDATE DIAGNOSTIC,6.612744204067238e-06,100,12,0,12,0,0,"(1,0,0)",12,"{""(1,0,0)"": 12}"
OFFLINE EXISTING-CANDIDATE DIAGNOSTIC,6.616960427239749e-06,50,12,2,10,0,0,"(1,0,0)",7,"{""(1,0,0)"": 7, ""(1,0,1)"": 3, ""(1,1,1)"": 2}"
OFFLINE EXISTING-CANDIDATE DIAGNOSTIC,6.616960427239749e-06,100,12,0,12,0,0,"(1,0,0)",12,"{""(1,0,0)"": 12}"
OFFLINE EXISTING-CANDIDATE DIAGNOSTIC,6.62859328260082e-06,50,12,2,10,0,0,"(1,0,0)",7,"{""(1,0,0)"": 7, ""(1,0,1)"": 3, ""(1,1,1)"": 2}"
OFFLINE EXISTING-CANDIDATE DIAGNOSTIC,6.62859328260082e-06,100,12,0,12,0,0,"(1,0,0)",12,"{""(1,0,0)"": 12}"
OFFLINE EXISTING-CANDIDATE DIAGNOSTIC,6.640246588941664e-06,50,12,2,10,0,0,"(1,0,0)",7,"{""(1,0,0)"": 7, ""(1,0,1)"": 3, ""(1,1,1)"": 2}"
OFFLINE EXISTING-CANDIDATE DIAGNOSTIC,6.640246588941664e-06,100,12,0,12,0,0,"(1,0,0)",12,"{""(1,0,0)"": 12}"
OFFLINE EXISTING-CANDIDATE DIAGNOSTIC,6.663820732902295e-06,50,12,2,10,0,0,"(1,0,0)",7,"{""(1,0,0)"": 7, ""(1,0,1)"": 3, ""(1,1,1)"": 2}"
OFFLINE EXISTING-CANDIDATE DIAGNOSTIC,6.663820732902295e-06,100,12,0,12,0,0,"(1,0,0)",12,"{""(1,0,0)"": 12}"
OFFLINE EXISTING-CANDIDATE DIAGNOSTIC,6.687478569577651e-06,50,12,2,10,0,0,"(1,0,0)",7,"{""(1,0,0)"": 7, ""(1,0,1)"": 3, ""(1,1,1)"": 2}"
OFFLINE EXISTING-CANDIDATE DIAGNOSTIC,6.687478569577651e-06,100,12,0,12,0,0,"(1,0,0)",12,"{""(1,0,0)"": 12}"
OFFLINE EXISTING-CANDIDATE DIAGNOSTIC,6.701811950725544e-06,50,12,2,10,0,0,"(1,0,0)",7,"{""(1,0,0)"": 7, ""(1,0,1)"": 3, ""(1,1,1)"": 2}"
OFFLINE EXISTING-CANDIDATE DIAGNOSTIC,6.701811950725544e-06,100,12,0,12,0,0,"(1,0,0)",12,"{""(1,0,0)"": 12}"
OFFLINE EXISTING-CANDIDATE DIAGNOSTIC,6.7161760528414376e-06,50,12,2,10,0,0,"(1,0,0)",7,"{""(1,0,0)"": 7, ""(1,0,1)"": 3, ""(1,1,1)"": 2}"
OFFLINE EXISTING-CANDIDATE DIAGNOSTIC,6.7161760528414376e-06,100,12,0,12,0,0,"(1,0,0)",12,"{""(1,0,0)"": 12}"
OFFLINE EXISTING-CANDIDATE DIAGNOSTIC,6.732516445669952e-06,50,12,2,10,0,0,"(1,0,0)",7,"{""(1,0,0)"": 7, ""(1,0,1)"": 3, ""(1,1,1)"": 2}"
OFFLINE EXISTING-CANDIDATE DIAGNOSTIC,6.732516445669952e-06,100,12,0,12,0,0,"(1,0,0)",12,"{""(1,0,0)"": 12}"
OFFLINE EXISTING-CANDIDATE DIAGNOSTIC,6.748896594519704e-06,50,12,2,10,0,0,"(1,0,0)",7,"{""(1,0,0)"": 7, ""(1,0,1)"": 3, ""(1,1,1)"": 2}"
OFFLINE EXISTING-CANDIDATE DIAGNOSTIC,6.748896594519704e-06,100,12,0,12,0,0,"(1,0,0)",12,"{""(1,0,0)"": 12}"
OFFLINE EXISTING-CANDIDATE DIAGNOSTIC,6.760475678292775e-06,50,12,2,10,0,0,"(1,0,0)",7,"{""(1,0,0)"": 7, ""(1,0,1)"": 3, ""(1,1,1)"": 2}"
OFFLINE EXISTING-CANDIDATE DIAGNOSTIC,6.760475678292775e-06,100,12,0,12,0,0,"(1,0,0)",12,"{""(1,0,0)"": 12}"
OFFLINE EXISTING-CANDIDATE DIAGNOSTIC,6.772074628303111e-06,50,12,2,10,0,0,"(1,0,0)",7,"{""(1,0,0)"": 7, ""(1,0,1)"": 3, ""(1,1,1)"": 2}"
OFFLINE EXISTING-CANDIDATE DIAGNOSTIC,6.772074628303111e-06,100,12,0,12,0,0,"(1,0,0)",12,"{""(1,0,0)"": 12}"
OFFLINE EXISTING-CANDIDATE DIAGNOSTIC,6.7836926946982685e-06,50,12,2,10,0,0,"(1,0,0)",7,"{""(1,0,0)"": 7, ""(1,0,1)"": 3, ""(1,1,1)"": 2}"
OFFLINE EXISTING-CANDIDATE DIAGNOSTIC,6.7836926946982685e-06,100,12,0,12,0,0,"(1,0,0)",12,"{""(1,0,0)"": 12}"
OFFLINE EXISTING-CANDIDATE DIAGNOSTIC,6.795330692868277e-06,50,12,2,10,0,0,"(1,0,0)",7,"{""(1,0,0)"": 7, ""(1,0,1)"": 3, ""(1,1,1)"": 2}"
OFFLINE EXISTING-CANDIDATE DIAGNOSTIC,6.795330692868277e-06,100,12,0,12,0,0,"(1,0,0)",12,"{""(1,0,0)"": 12}"
OFFLINE EXISTING-CANDIDATE DIAGNOSTIC,6.803935419260506e-06,50,12,2,10,0,0,"(1,0,0)",7,"{""(1,0,0)"": 7, ""(1,0,1)"": 3, ""(1,1,1)"": 2}"
OFFLINE EXISTING-CANDIDATE DIAGNOSTIC,6.803935419260506e-06,100,12,0,12,0,0,"(1,0,0)",12,"{""(1,0,0)"": 12}"
OFFLINE EXISTING-CANDIDATE DIAGNOSTIC,6.812551041563417e-06,50,12,2,10,0,0,"(1,0,0)",7,"{""(1,0,0)"": 7, ""(1,0,1)"": 3, ""(1,1,1)"": 2}"
OFFLINE EXISTING-CANDIDATE DIAGNOSTIC,6.812551041563417e-06,100,12,0,12,0,0,"(1,0,0)",12,"{""(1,0,0)"": 12}"
OFFLINE EXISTING-CANDIDATE DIAGNOSTIC,6.828373773546335e-06,50,12,2,10,0,0,"(1,0,0)",7,"{""(1,0,0)"": 7, ""(1,0,1)"": 3, ""(1,1,1)"": 2}"
OFFLINE EXISTING-CANDIDATE DIAGNOSTIC,6.828373773546335e-06,100,12,0,12,0,0,"(1,0,0)",12,"{""(1,0,0)"": 12}"
OFFLINE EXISTING-CANDIDATE DIAGNOSTIC,6.844233255176467e-06,50,12,2,10,0,0,"(1,0,0)",7,"{""(1,0,0)"": 7, ""(1,0,1)"": 3, ""(1,1,1)"": 2}"
OFFLINE EXISTING-CANDIDATE DIAGNOSTIC,6.844233255176467e-06,100,12,0,12,0,0,"(1,0,0)",12,"{""(1,0,0)"": 12}"
OFFLINE EXISTING-CANDIDATE DIAGNOSTIC,6.848838677429341e-06,50,12,1,11,0,0,"(1,0,0)",8,"{""(1,0,0)"": 8, ""(1,0,1)"": 3, ""(1,1,1)"": 1}"
OFFLINE EXISTING-CANDIDATE DIAGNOSTIC,6.848838677429341e-06,100,12,0,12,0,0,"(1,0,0)",12,"{""(1,0,0)"": 12}"
OFFLINE EXISTING-CANDIDATE DIAGNOSTIC,6.8534471986289234e-06,50,12,1,11,0,0,"(1,0,0)",8,"{""(1,0,0)"": 8, ""(1,0,1)"": 3, ""(1,1,1)"": 1}"
OFFLINE EXISTING-CANDIDATE DIAGNOSTIC,6.8534471986289234e-06,100,12,0,12,0,0,"(1,0,0)",12,"{""(1,0,0)"": 12}"
OFFLINE EXISTING-CANDIDATE DIAGNOSTIC,6.921992212552219e-06,50,12,1,11,0,0,"(1,0,0)",8,"{""(1,0,0)"": 8, ""(1,0,1)"": 3, ""(1,1,1)"": 1}"
OFFLINE EXISTING-CANDIDATE DIAGNOSTIC,6.921992212552219e-06,100,12,0,12,0,0,"(1,0,0)",12,"{""(1,0,0)"": 12}"
OFFLINE EXISTING-CANDIDATE DIAGNOSTIC,6.991222782050333e-06,50,12,1,11,0,0,"(1,0,0)",8,"{""(1,0,0)"": 8, ""(1,0,1)"": 3, ""(1,1,1)"": 1}"
OFFLINE EXISTING-CANDIDATE DIAGNOSTIC,6.991222782050333e-06,100,12,0,12,0,0,"(1,0,0)",12,"{""(1,0,0)"": 12}"
OFFLINE EXISTING-CANDIDATE DIAGNOSTIC,7.034449635405355e-06,50,12,1,11,0,0,"(1,0,0)",8,"{""(1,0,0)"": 8, ""(1,0,1)"": 3, ""(1,1,1)"": 1}"
OFFLINE EXISTING-CANDIDATE DIAGNOSTIC,7.034449635405355e-06,100,12,0,12,0,0,"(1,0,0)",12,"{""(1,0,0)"": 12}"
OFFLINE EXISTING-CANDIDATE DIAGNOSTIC,7.077943761154524e-06,50,12,1,11,0,0,"(1,0,0)",8,"{""(1,0,0)"": 8, ""(1,0,1)"": 3, ""(1,1,1)"": 1}"
OFFLINE EXISTING-CANDIDATE DIAGNOSTIC,7.077943761154524e-06,100,12,0,12,0,0,"(1,0,0)",12,"{""(1,0,0)"": 12}"
OFFLINE EXISTING-CANDIDATE DIAGNOSTIC,7.086483728151422e-06,50,12,1,11,0,0,"(1,0,0)",8,"{""(1,0,0)"": 8, ""(1,0,1)"": 3, ""(1,1,1)"": 1}"
OFFLINE EXISTING-CANDIDATE DIAGNOSTIC,7.086483728151422e-06,100,12,0,12,0,0,"(1,0,0)",12,"{""(1,0,0)"": 12}"
OFFLINE EXISTING-CANDIDATE DIAGNOSTIC,7.0950339991347265e-06,50,12,1,11,0,0,"(1,0,0)",8,"{""(1,0,0)"": 8, ""(1,0,1)"": 3, ""(1,1,1)"": 1}"
OFFLINE EXISTING-CANDIDATE DIAGNOSTIC,7.0950339991347265e-06,100,12,0,12,0,0,"(1,0,0)",12,"{""(1,0,0)"": 12}"
OFFLINE EXISTING-CANDIDATE DIAGNOSTIC,7.154379868720628e-06,50,12,1,11,0,0,"(1,0,0)",8,"{""(1,0,0)"": 8, ""(1,0,1)"": 3, ""(1,1,1)"": 1}"
OFFLINE EXISTING-CANDIDATE DIAGNOSTIC,7.154379868720628e-06,100,12,0,12,0,0,"(1,0,0)",12,"{""(1,0,0)"": 12}"
OFFLINE EXISTING-CANDIDATE DIAGNOSTIC,7.214222132296655e-06,50,12,1,11,0,0,"(1,0,0)",8,"{""(1,0,0)"": 8, ""(1,0,1)"": 3, ""(1,1,1)"": 1}"
OFFLINE EXISTING-CANDIDATE DIAGNOSTIC,7.214222132296655e-06,100,12,0,12,0,0,"(1,0,0)",12,"{""(1,0,0)"": 12}"
OFFLINE EXISTING-CANDIDATE DIAGNOSTIC,7.320451701144708e-06,50,12,1,11,0,0,"(1,0,0)",9,"{""(1,0,0)"": 9, ""(1,0,1)"": 2, ""(1,1,1)"": 1}"
OFFLINE EXISTING-CANDIDATE DIAGNOSTIC,7.320451701144708e-06,100,12,0,12,0,0,"(1,0,0)",12,"{""(1,0,0)"": 12}"
OFFLINE EXISTING-CANDIDATE DIAGNOSTIC,7.428245502572613e-06,50,12,1,11,0,0,"(1,0,0)",9,"{""(1,0,0)"": 9, ""(1,0,1)"": 2, ""(1,1,1)"": 1}"
OFFLINE EXISTING-CANDIDATE DIAGNOSTIC,7.428245502572613e-06,100,12,0,12,0,0,"(1,0,0)",12,"{""(1,0,0)"": 12}"
OFFLINE EXISTING-CANDIDATE DIAGNOSTIC,7.475332897266715e-06,50,12,1,11,0,0,"(1,0,0)",9,"{""(1,0,0)"": 9, ""(1,0,1)"": 2, ""(1,1,1)"": 1}"
OFFLINE EXISTING-CANDIDATE DIAGNOSTIC,7.475332897266715e-06,100,12,0,12,0,0,"(1,0,0)",12,"{""(1,0,0)"": 12}"
OFFLINE EXISTING-CANDIDATE DIAGNOSTIC,7.522718777348559e-06,50,12,1,11,0,0,"(1,0,0)",9,"{""(1,0,0)"": 9, ""(1,0,1)"": 2, ""(1,1,1)"": 1}"
OFFLINE EXISTING-CANDIDATE DIAGNOSTIC,7.522718777348559e-06,100,12,0,12,0,0,"(1,0,0)",12,"{""(1,0,0)"": 12}"
OFFLINE EXISTING-CANDIDATE DIAGNOSTIC,7.5484452389672096e-06,50,12,1,11,0,0,"(1,0,0)",9,"{""(1,0,0)"": 9, ""(1,0,1)"": 2, ""(1,1,1)"": 1}"
OFFLINE EXISTING-CANDIDATE DIAGNOSTIC,7.5484452389672096e-06,100,12,0,12,0,0,"(1,0,0)",12,"{""(1,0,0)"": 12}"
OFFLINE EXISTING-CANDIDATE DIAGNOSTIC,7.574259680855628e-06,50,12,0,12,0,0,"(1,0,0)",10,"{""(1,0,0)"": 10, ""(1,0,1)"": 2}"
OFFLINE EXISTING-CANDIDATE DIAGNOSTIC,7.574259680855628e-06,100,12,0,12,0,0,"(1,0,0)",12,"{""(1,0,0)"": 12}"
OFFLINE EXISTING-CANDIDATE DIAGNOSTIC,7.593486296145716e-06,50,12,0,12,0,0,"(1,0,0)",10,"{""(1,0,0)"": 10, ""(1,0,1)"": 2}"
OFFLINE EXISTING-CANDIDATE DIAGNOSTIC,7.593486296145716e-06,100,12,0,12,0,0,"(1,0,0)",12,"{""(1,0,0)"": 12}"
OFFLINE EXISTING-CANDIDATE DIAGNOSTIC,7.612761716566746e-06,50,12,0,12,0,0,"(1,0,0)",10,"{""(1,0,0)"": 10, ""(1,0,1)"": 2}"
OFFLINE EXISTING-CANDIDATE DIAGNOSTIC,7.612761716566746e-06,100,12,0,12,0,0,"(1,0,0)",12,"{""(1,0,0)"": 12}"
OFFLINE EXISTING-CANDIDATE DIAGNOSTIC,7.688406489618324e-06,50,12,0,12,0,0,"(1,0,0)",11,"{""(1,0,0)"": 11, ""(1,0,1)"": 1}"
OFFLINE EXISTING-CANDIDATE DIAGNOSTIC,7.688406489618324e-06,100,12,0,12,0,0,"(1,0,0)",12,"{""(1,0,0)"": 12}"
OFFLINE EXISTING-CANDIDATE DIAGNOSTIC,7.764802912583964e-06,50,12,0,12,0,0,"(1,0,0)",11,"{""(1,0,0)"": 11, ""(1,0,1)"": 1}"
OFFLINE EXISTING-CANDIDATE DIAGNOSTIC,7.764802912583964e-06,100,12,0,12,0,0,"(1,0,0)",12,"{""(1,0,0)"": 12}"
OFFLINE EXISTING-CANDIDATE DIAGNOSTIC,7.814397286486705e-06,50,12,0,12,0,0,"(1,0,0)",11,"{""(1,0,0)"": 11, ""(1,0,1)"": 1}"
OFFLINE EXISTING-CANDIDATE DIAGNOSTIC,7.814397286486705e-06,100,12,0,12,0,0,"(1,0,0)",12,"{""(1,0,0)"": 12}"
OFFLINE EXISTING-CANDIDATE DIAGNOSTIC,7.864308423345377e-06,50,12,0,12,0,0,"(1,0,0)",11,"{""(1,0,0)"": 11, ""(1,0,1)"": 1}"
OFFLINE EXISTING-CANDIDATE DIAGNOSTIC,7.864308423345377e-06,100,12,0,12,0,0,"(1,0,0)",12,"{""(1,0,0)"": 12}"
OFFLINE EXISTING-CANDIDATE DIAGNOSTIC,7.890262789880401e-06,50,12,0,12,0,0,"(1,0,0)",11,"{""(1,0,0)"": 11, ""(1,0,1)"": 1}"
OFFLINE EXISTING-CANDIDATE DIAGNOSTIC,7.890262789880401e-06,100,12,0,12,0,0,"(1,0,0)",12,"{""(1,0,0)"": 12}"
OFFLINE EXISTING-CANDIDATE DIAGNOSTIC,7.916302812916413e-06,50,12,0,12,0,0,"(1,0,0)",11,"{""(1,0,0)"": 11, ""(1,0,1)"": 1}"
OFFLINE EXISTING-CANDIDATE DIAGNOSTIC,7.916302812916413e-06,100,12,0,12,0,0,"(1,0,0)",12,"{""(1,0,0)"": 12}"
OFFLINE EXISTING-CANDIDATE DIAGNOSTIC,7.932233694862103e-06,50,12,0,12,0,0,"(1,0,0)",11,"{""(1,0,0)"": 11, ""(1,0,1)"": 1}"
OFFLINE EXISTING-CANDIDATE DIAGNOSTIC,7.932233694862103e-06,100,12,0,12,0,0,"(1,0,0)",12,"{""(1,0,0)"": 12}"
OFFLINE EXISTING-CANDIDATE DIAGNOSTIC,7.94819663634437e-06,50,12,0,12,0,0,"(1,0,0)",11,"{""(1,0,0)"": 11, ""(1,0,1)"": 1}"
OFFLINE EXISTING-CANDIDATE DIAGNOSTIC,7.94819663634437e-06,100,12,0,12,0,0,"(1,0,0)",12,"{""(1,0,0)"": 12}"
OFFLINE EXISTING-CANDIDATE DIAGNOSTIC,7.953776719102833e-06,50,12,0,12,0,0,"(1,0,0)",11,"{""(1,0,0)"": 11, ""(1,0,1)"": 1}"
OFFLINE EXISTING-CANDIDATE DIAGNOSTIC,7.953776719102833e-06,100,12,0,12,0,0,"(1,0,0)",12,"{""(1,0,0)"": 12}"
OFFLINE EXISTING-CANDIDATE DIAGNOSTIC,7.95936071939442e-06,50,12,0,12,0,0,"(1,0,0)",11,"{""(1,0,0)"": 11, ""(1,0,1)"": 1}"
OFFLINE EXISTING-CANDIDATE DIAGNOSTIC,7.95936071939442e-06,100,12,0,12,0,0,"(1,0,0)",12,"{""(1,0,0)"": 12}"
OFFLINE EXISTING-CANDIDATE DIAGNOSTIC,7.964801427641968e-06,50,12,0,12,0,0,"(1,0,0)",11,"{""(1,0,0)"": 11, ""(1,0,1)"": 1}"
OFFLINE EXISTING-CANDIDATE DIAGNOSTIC,7.964801427641968e-06,100,12,0,12,0,0,"(1,0,0)",12,"{""(1,0,0)"": 12}"
OFFLINE EXISTING-CANDIDATE DIAGNOSTIC,7.970245854945263e-06,50,12,0,12,0,0,"(1,0,0)",11,"{""(1,0,0)"": 11, ""(1,0,1)"": 1}"
OFFLINE EXISTING-CANDIDATE DIAGNOSTIC,7.970245854945263e-06,100,12,0,12,0,0,"(1,0,0)",12,"{""(1,0,0)"": 12}"
OFFLINE EXISTING-CANDIDATE DIAGNOSTIC,7.982614003380528e-06,50,12,0,12,0,0,"(1,0,0)",11,"{""(1,0,0)"": 11, ""(1,0,1)"": 1}"
OFFLINE EXISTING-CANDIDATE DIAGNOSTIC,7.982614003380528e-06,100,12,0,12,0,0,"(1,0,0)",12,"{""(1,0,0)"": 12}"
OFFLINE EXISTING-CANDIDATE DIAGNOSTIC,7.995001344585815e-06,50,12,0,12,0,0,"(1,0,0)",11,"{""(1,0,0)"": 11, ""(1,0,1)"": 1}"
OFFLINE EXISTING-CANDIDATE DIAGNOSTIC,7.995001344585815e-06,100,12,0,12,0,0,"(1,0,0)",12,"{""(1,0,0)"": 12}"
OFFLINE EXISTING-CANDIDATE DIAGNOSTIC,8.029618535954034e-06,50,12,0,12,0,0,"(1,0,0)",11,"{""(1,0,0)"": 11, ""(1,0,1)"": 1}"
OFFLINE EXISTING-CANDIDATE DIAGNOSTIC,8.029618535954034e-06,100,12,0,12,0,0,"(1,0,0)",12,"{""(1,0,0)"": 12}"
OFFLINE EXISTING-CANDIDATE DIAGNOSTIC,8.06438561471896e-06,50,12,0,12,0,0,"(1,0,0)",11,"{""(1,0,0)"": 11, ""(1,0,1)"": 1}"
OFFLINE EXISTING-CANDIDATE DIAGNOSTIC,8.06438561471896e-06,100,12,0,12,0,0,"(1,0,0)",12,"{""(1,0,0)"": 12}"
OFFLINE EXISTING-CANDIDATE DIAGNOSTIC,8.21290720260542e-06,50,12,0,12,0,0,"(1,0,0)",11,"{""(1,0,0)"": 11, ""(1,0,1)"": 1}"
OFFLINE EXISTING-CANDIDATE DIAGNOSTIC,8.21290720260542e-06,100,12,0,12,0,0,"(1,0,0)",12,"{""(1,0,0)"": 12}"
OFFLINE EXISTING-CANDIDATE DIAGNOSTIC,8.36416410885613e-06,50,12,0,12,0,0,"(1,0,0)",11,"{""(1,0,0)"": 11, ""(1,0,1)"": 1}"
OFFLINE EXISTING-CANDIDATE DIAGNOSTIC,8.36416410885613e-06,100,12,0,12,0,0,"(1,0,0)",12,"{""(1,0,0)"": 12}"
OFFLINE EXISTING-CANDIDATE DIAGNOSTIC,8.454201299825817e-06,50,12,0,12,0,0,"(1,0,0)",11,"{""(1,0,0)"": 11, ""(1,0,1)"": 1}"
OFFLINE EXISTING-CANDIDATE DIAGNOSTIC,8.454201299825817e-06,100,12,0,12,0,0,"(1,0,0)",12,"{""(1,0,0)"": 12}"
OFFLINE EXISTING-CANDIDATE DIAGNOSTIC,8.54520770847849e-06,50,12,0,12,0,0,"(1,0,0)",11,"{""(1,0,0)"": 11, ""(1,0,1)"": 1}"
OFFLINE EXISTING-CANDIDATE DIAGNOSTIC,8.54520770847849e-06,100,12,0,12,0,0,"(1,0,0)",12,"{""(1,0,0)"": 12}"
OFFLINE EXISTING-CANDIDATE DIAGNOSTIC,8.553254377775594e-06,50,12,0,12,0,0,"(1,0,0)",11,"{""(1,0,0)"": 11, ""(1,0,1)"": 1}"
OFFLINE EXISTING-CANDIDATE DIAGNOSTIC,8.553254377775594e-06,100,12,0,12,0,0,"(1,0,0)",12,"{""(1,0,0)"": 12}"
OFFLINE EXISTING-CANDIDATE DIAGNOSTIC,8.561308624288958e-06,50,12,0,12,0,0,"(1,0,0)",11,"{""(1,0,0)"": 11, ""(1,0,1)"": 1}"
OFFLINE EXISTING-CANDIDATE DIAGNOSTIC,8.561308624288958e-06,100,12,0,12,0,0,"(1,0,0)",12,"{""(1,0,0)"": 12}"
OFFLINE EXISTING-CANDIDATE DIAGNOSTIC,8.577602765169818e-06,50,12,0,12,0,0,"(1,0,0)",11,"{""(1,0,0)"": 11, ""(1,0,1)"": 1}"
OFFLINE EXISTING-CANDIDATE DIAGNOSTIC,8.577602765169818e-06,100,12,0,12,0,0,"(1,0,0)",12,"{""(1,0,0)"": 12}"
OFFLINE EXISTING-CANDIDATE DIAGNOSTIC,8.593927917551218e-06,50,12,0,12,0,0,"(1,0,0)",11,"{""(1,0,0)"": 11, ""(1,0,1)"": 1}"
OFFLINE EXISTING-CANDIDATE DIAGNOSTIC,8.593927917551218e-06,100,12,0,12,0,0,"(1,0,0)",12,"{""(1,0,0)"": 12}"
OFFLINE EXISTING-CANDIDATE DIAGNOSTIC,8.622419607230807e-06,50,12,0,12,0,0,"(1,0,0)",11,"{""(1,0,0)"": 11, ""(1,0,1)"": 1}"
OFFLINE EXISTING-CANDIDATE DIAGNOSTIC,8.622419607230807e-06,100,12,0,12,0,0,"(1,0,0)",12,"{""(1,0,0)"": 12}"
OFFLINE EXISTING-CANDIDATE DIAGNOSTIC,8.65100575620638e-06,50,12,0,12,0,0,"(1,0,0)",11,"{""(1,0,0)"": 11, ""(1,0,1)"": 1}"
OFFLINE EXISTING-CANDIDATE DIAGNOSTIC,8.65100575620638e-06,100,12,0,12,0,0,"(1,0,0)",12,"{""(1,0,0)"": 12}"
OFFLINE EXISTING-CANDIDATE DIAGNOSTIC,8.742905287409222e-06,50,12,0,12,0,0,"(1,0,0)",11,"{""(1,0,0)"": 11, ""(1,0,1)"": 1}"
OFFLINE EXISTING-CANDIDATE DIAGNOSTIC,8.742905287409222e-06,100,12,0,12,0,0,"(1,0,0)",12,"{""(1,0,0)"": 12}"
OFFLINE EXISTING-CANDIDATE DIAGNOSTIC,8.835781066238446e-06,50,12,0,12,0,0,"(1,0,0)",11,"{""(1,0,0)"": 11, ""(1,0,1)"": 1}"
OFFLINE EXISTING-CANDIDATE DIAGNOSTIC,8.835781066238446e-06,100,12,0,12,0,0,"(1,0,0)",12,"{""(1,0,0)"": 12}"
OFFLINE EXISTING-CANDIDATE DIAGNOSTIC,8.870255453733072e-06,50,12,0,12,0,0,"(1,0,0)",11,"{""(1,0,0)"": 11, ""(1,0,1)"": 1}"
OFFLINE EXISTING-CANDIDATE DIAGNOSTIC,8.870255453733072e-06,100,12,0,12,0,0,"(1,0,0)",12,"{""(1,0,0)"": 12}"
OFFLINE EXISTING-CANDIDATE DIAGNOSTIC,8.904864349245069e-06,50,12,0,12,0,0,"(1,0,0)",12,"{""(1,0,0)"": 12}"
OFFLINE EXISTING-CANDIDATE DIAGNOSTIC,8.904864349245069e-06,100,12,0,12,0,0,"(1,0,0)",12,"{""(1,0,0)"": 12}"
OFFLINE EXISTING-CANDIDATE DIAGNOSTIC,9.228189306882033e-06,50,12,0,12,0,0,"(1,0,0)",12,"{""(1,0,0)"": 12}"
OFFLINE EXISTING-CANDIDATE DIAGNOSTIC,9.228189306882033e-06,100,12,0,12,0,0,"(1,0,0)",12,"{""(1,0,0)"": 12}"
OFFLINE EXISTING-CANDIDATE DIAGNOSTIC,9.563253806429012e-06,50,12,0,12,0,0,"(1,0,0)",12,"{""(1,0,0)"": 12}"
OFFLINE EXISTING-CANDIDATE DIAGNOSTIC,9.563253806429012e-06,100,12,0,12,0,0,"(1,0,0)",12,"{""(1,0,0)"": 12}"
OFFLINE EXISTING-CANDIDATE DIAGNOSTIC,9.60590482940754e-06,50,12,0,12,0,0,"(1,0,0)",12,"{""(1,0,0)"": 12}"
OFFLINE EXISTING-CANDIDATE DIAGNOSTIC,9.60590482940754e-06,100,12,0,12,0,0,"(1,0,0)",12,"{""(1,0,0)"": 12}"
OFFLINE EXISTING-CANDIDATE DIAGNOSTIC,9.648746071091743e-06,50,12,0,12,0,0,"(1,0,0)",12,"{""(1,0,0)"": 12}"
OFFLINE EXISTING-CANDIDATE DIAGNOSTIC,9.648746071091743e-06,100,12,0,12,0,0,"(1,0,0)",12,"{""(1,0,0)"": 12}"
OFFLINE EXISTING-CANDIDATE DIAGNOSTIC,9.659442778279331e-06,50,12,0,12,0,0,"(1,0,0)",12,"{""(1,0,0)"": 12}"
OFFLINE EXISTING-CANDIDATE DIAGNOSTIC,9.659442778279331e-06,100,12,0,12,0,0,"(1,0,0)",12,"{""(1,0,0)"": 12}"
OFFLINE EXISTING-CANDIDATE DIAGNOSTIC,9.670151343955455e-06,50,12,0,12,0,0,"(1,0,0)",12,"{""(1,0,0)"": 12}"
OFFLINE EXISTING-CANDIDATE DIAGNOSTIC,9.670151343955455e-06,100,12,0,12,0,0,"(1,0,0)",12,"{""(1,0,0)"": 12}"
OFFLINE EXISTING-CANDIDATE DIAGNOSTIC,9.713537157479399e-06,50,12,0,12,0,0,"(1,0,0)",12,"{""(1,0,0)"": 12}"
OFFLINE EXISTING-CANDIDATE DIAGNOSTIC,9.713537157479399e-06,100,12,0,12,0,0,"(1,0,0)",12,"{""(1,0,0)"": 12}"
OFFLINE EXISTING-CANDIDATE DIAGNOSTIC,9.757117624504427e-06,50,12,0,12,0,0,"(1,0,0)",12,"{""(1,0,0)"": 12}"
OFFLINE EXISTING-CANDIDATE DIAGNOSTIC,9.757117624504427e-06,100,12,0,12,0,0,"(1,0,0)",12,"{""(1,0,0)"": 12}"
OFFLINE EXISTING-CANDIDATE DIAGNOSTIC,9.786521565744223e-06,50,12,0,12,0,0,"(1,0,0)",12,"{""(1,0,0)"": 12}"
OFFLINE EXISTING-CANDIDATE DIAGNOSTIC,9.786521565744223e-06,100,12,0,12,0,0,"(1,0,0)",12,"{""(1,0,0)"": 12}"
OFFLINE EXISTING-CANDIDATE DIAGNOSTIC,9.816014118374564e-06,50,12,0,12,0,0,"(1,0,0)",12,"{""(1,0,0)"": 12}"
OFFLINE EXISTING-CANDIDATE DIAGNOSTIC,9.816014118374564e-06,100,12,0,12,0,0,"(1,0,0)",12,"{""(1,0,0)"": 12}"
OFFLINE EXISTING-CANDIDATE DIAGNOSTIC,1.0106993319111137e-05,50,12,0,12,0,0,"(1,0,0)",12,"{""(1,0,0)"": 12}"
OFFLINE EXISTING-CANDIDATE DIAGNOSTIC,1.0106993319111137e-05,100,12,0,12,0,0,"(1,0,0)",12,"{""(1,0,0)"": 12}"
OFFLINE EXISTING-CANDIDATE DIAGNOSTIC,1.040659810801825e-05,50,12,0,12,0,0,"(1,0,0)",12,"{""(1,0,0)"": 12}"
OFFLINE EXISTING-CANDIDATE DIAGNOSTIC,1.040659810801825e-05,100,12,0,12,0,0,"(1,0,0)",12,"{""(1,0,0)"": 12}"
OFFLINE EXISTING-CANDIDATE DIAGNOSTIC,1.0411969704275815e-05,50,12,0,12,0,0,"(1,0,0)",12,"{""(1,0,0)"": 12}"
OFFLINE EXISTING-CANDIDATE DIAGNOSTIC,1.0411969704275815e-05,100,12,0,12,0,0,"(1,0,0)",12,"{""(1,0,0)"": 12}"
OFFLINE EXISTING-CANDIDATE DIAGNOSTIC,1.0417344073201842e-05,50,12,0,12,0,0,"(1,0,0)",12,"{""(1,0,0)"": 12}"
OFFLINE EXISTING-CANDIDATE DIAGNOSTIC,1.0417344073201842e-05,100,12,0,12,0,0,"(1,0,0)",12,"{""(1,0,0)"": 12}"
OFFLINE EXISTING-CANDIDATE DIAGNOSTIC,1.0611996619873575e-05,50,12,0,12,0,0,"(1,0,0)",12,"{""(1,0,0)"": 12}"
OFFLINE EXISTING-CANDIDATE DIAGNOSTIC,1.0611996619873575e-05,100,12,0,12,0,0,"(1,0,0)",12,"{""(1,0,0)"": 12}"
OFFLINE EXISTING-CANDIDATE DIAGNOSTIC,1.0810286332953516e-05,50,12,0,12,0,0,"(1,0,0)",12,"{""(1,0,0)"": 12}"
OFFLINE EXISTING-CANDIDATE DIAGNOSTIC,1.0810286332953516e-05,100,12,0,12,0,0,"(1,0,0)",12,"{""(1,0,0)"": 12}"
OFFLINE EXISTING-CANDIDATE DIAGNOSTIC,1.115534801478352e-05,50,12,0,12,0,0,"(1,0,0)",12,"{""(1,0,0)"": 12}"
OFFLINE EXISTING-CANDIDATE DIAGNOSTIC,1.115534801478352e-05,100,12,0,12,0,0,"(1,0,0)",12,"{""(1,0,0)"": 12}"
OFFLINE EXISTING-CANDIDATE DIAGNOSTIC,1.151142398065745e-05,50,12,0,12,0,0,"(1,0,0)",12,"{""(1,0,0)"": 12}"
OFFLINE EXISTING-CANDIDATE DIAGNOSTIC,1.151142398065745e-05,100,12,0,12,0,0,"(1,0,0)",11,"{""(0,0,0)"": 1, ""(1,0,0)"": 11}"
OFFLINE EXISTING-CANDIDATE DIAGNOSTIC,1.1582998527659195e-05,50,12,0,12,0,0,"(1,0,0)",12,"{""(1,0,0)"": 12}"
OFFLINE EXISTING-CANDIDATE DIAGNOSTIC,1.1582998527659195e-05,100,12,0,12,0,0,"(1,0,0)",11,"{""(0,0,0)"": 1, ""(1,0,0)"": 11}"
OFFLINE EXISTING-CANDIDATE DIAGNOSTIC,1.165501810351116e-05,50,12,0,12,0,0,"(1,0,0)",12,"{""(1,0,0)"": 12}"
OFFLINE EXISTING-CANDIDATE DIAGNOSTIC,1.165501810351116e-05,100,12,0,12,0,0,"(1,0,0)",11,"{""(0,0,0)"": 1, ""(1,0,0)"": 11}"
OFFLINE EXISTING-CANDIDATE DIAGNOSTIC,1.1802040269809553e-05,50,12,0,12,0,0,"(1,0,0)",12,"{""(1,0,0)"": 12}"
OFFLINE EXISTING-CANDIDATE DIAGNOSTIC,1.1802040269809553e-05,100,12,0,12,0,0,"(1,0,0)",11,"{""(0,0,0)"": 1, ""(1,0,0)"": 11}"
OFFLINE EXISTING-CANDIDATE DIAGNOSTIC,1.1950917046473292e-05,50,12,0,12,0,0,"(1,0,0)",12,"{""(1,0,0)"": 12}"
OFFLINE EXISTING-CANDIDATE DIAGNOSTIC,1.1950917046473292e-05,100,12,0,12,0,0,"(1,0,0)",10,"{""(0,0,0)"": 2, ""(1,0,0)"": 10}"
OFFLINE EXISTING-CANDIDATE DIAGNOSTIC,1.200500274972762e-05,50,12,0,12,0,0,"(1,0,0)",12,"{""(1,0,0)"": 12}"
OFFLINE EXISTING-CANDIDATE DIAGNOSTIC,1.200500274972762e-05,100,12,0,12,0,0,"(1,0,0)",9,"{""(0,0,0)"": 3, ""(1,0,0)"": 9}"
OFFLINE EXISTING-CANDIDATE DIAGNOSTIC,1.2059333226105647e-05,50,12,0,12,0,0,"(1,0,0)",12,"{""(1,0,0)"": 12}"
OFFLINE EXISTING-CANDIDATE DIAGNOSTIC,1.2059333226105647e-05,100,12,0,12,0,0,"(1,0,0)",9,"{""(0,0,0)"": 3, ""(1,0,0)"": 9}"
OFFLINE EXISTING-CANDIDATE DIAGNOSTIC,1.215257748446379e-05,50,12,0,12,0,0,"(1,0,0)",12,"{""(1,0,0)"": 12}"
OFFLINE EXISTING-CANDIDATE DIAGNOSTIC,1.215257748446379e-05,100,12,0,12,0,0,"(1,0,0)",8,"{""(0,0,0)"": 4, ""(1,0,0)"": 8}"
OFFLINE EXISTING-CANDIDATE DIAGNOSTIC,1.2246542718978222e-05,50,12,0,12,0,0,"(1,0,0)",12,"{""(1,0,0)"": 12}"
OFFLINE EXISTING-CANDIDATE DIAGNOSTIC,1.2246542718978222e-05,100,12,0,12,0,0,"(1,0,0)",7,"{""(0,0,0)"": 5, ""(1,0,0)"": 7}"
OFFLINE EXISTING-CANDIDATE DIAGNOSTIC,1.2258418708497694e-05,50,12,0,12,0,0,"(1,0,0)",12,"{""(1,0,0)"": 12}"
OFFLINE EXISTING-CANDIDATE DIAGNOSTIC,1.2258418708497694e-05,100,12,0,12,0,0,"(1,0,0)",7,"{""(0,0,0)"": 5, ""(1,0,0)"": 7}"
OFFLINE EXISTING-CANDIDATE DIAGNOSTIC,1.2270306214665603e-05,50,12,0,12,0,0,"(1,0,0)",12,"{""(1,0,0)"": 12}"
OFFLINE EXISTING-CANDIDATE DIAGNOSTIC,1.2270306214665603e-05,100,12,0,12,0,0,"(0,0,0)",6,"{""(0,0,0)"": 6, ""(1,0,0)"": 6}"
OFFLINE EXISTING-CANDIDATE DIAGNOSTIC,1.2425802297997014e-05,50,12,0,12,0,0,"(1,0,0)",12,"{""(1,0,0)"": 12}"
OFFLINE EXISTING-CANDIDATE DIAGNOSTIC,1.2425802297997014e-05,100,12,0,12,0,0,"(0,0,0)",7,"{""(0,0,0)"": 7, ""(1,0,0)"": 5}"
OFFLINE EXISTING-CANDIDATE DIAGNOSTIC,1.25832689134006e-05,50,12,0,12,0,0,"(1,0,0)",12,"{""(1,0,0)"": 12}"
OFFLINE EXISTING-CANDIDATE DIAGNOSTIC,1.25832689134006e-05,100,12,0,12,0,0,"(0,0,0)",7,"{""(0,0,0)"": 7, ""(1,0,0)"": 5}"
OFFLINE EXISTING-CANDIDATE DIAGNOSTIC,1.2714157000475143e-05,50,12,0,12,0,0,"(1,0,0)",12,"{""(1,0,0)"": 12}"
OFFLINE EXISTING-CANDIDATE DIAGNOSTIC,1.2714157000475143e-05,100,12,0,12,0,0,"(0,0,0)",7,"{""(0,0,0)"": 7, ""(1,0,0)"": 5}"
OFFLINE EXISTING-CANDIDATE DIAGNOSTIC,1.2846406553433942e-05,50,12,0,12,0,0,"(1,0,0)",12,"{""(1,0,0)"": 12}"
OFFLINE EXISTING-CANDIDATE DIAGNOSTIC,1.2846406553433942e-05,100,12,0,12,0,0,"(0,0,0)",7,"{""(0,0,0)"": 7, ""(1,0,0)"": 5}"
OFFLINE EXISTING-CANDIDATE DIAGNOSTIC,1.2976526500625167e-05,50,12,0,12,0,0,"(1,0,0)",12,"{""(1,0,0)"": 12}"
OFFLINE EXISTING-CANDIDATE DIAGNOSTIC,1.2976526500625167e-05,100,12,0,12,0,0,"(0,0,0)",7,"{""(0,0,0)"": 7, ""(1,0,0)"": 5}"
OFFLINE EXISTING-CANDIDATE DIAGNOSTIC,1.3107964419545423e-05,50,12,0,12,0,0,"(1,0,0)",12,"{""(1,0,0)"": 12}"
OFFLINE EXISTING-CANDIDATE DIAGNOSTIC,1.3107964419545423e-05,100,12,0,12,0,0,"(0,0,0)",7,"{""(0,0,0)"": 7, ""(1,0,0)"": 5}"
OFFLINE EXISTING-CANDIDATE DIAGNOSTIC,1.3312943758420912e-05,50,12,0,12,0,0,"(1,0,0)",12,"{""(1,0,0)"": 12}"
OFFLINE EXISTING-CANDIDATE DIAGNOSTIC,1.3312943758420912e-05,100,12,0,12,0,0,"(0,0,0)",8,"{""(0,0,0)"": 8, ""(1,0,0)"": 4}"
OFFLINE EXISTING-CANDIDATE DIAGNOSTIC,1.3521128517148104e-05,50,12,0,12,0,0,"(1,0,0)",11,"{""(0,0,0)"": 1, ""(1,0,0)"": 11}"
OFFLINE EXISTING-CANDIDATE DIAGNOSTIC,1.3521128517148104e-05,100,12,0,12,0,0,"(0,0,0)",9,"{""(0,0,0)"": 9, ""(1,0,0)"": 3}"
OFFLINE EXISTING-CANDIDATE DIAGNOSTIC,1.3726464781653333e-05,50,12,0,12,0,0,"(1,0,0)",11,"{""(0,0,0)"": 1, ""(1,0,0)"": 11}"
OFFLINE EXISTING-CANDIDATE DIAGNOSTIC,1.3726464781653333e-05,100,12,0,12,0,0,"(0,0,0)",10,"{""(0,0,0)"": 10, ""(1,0,0)"": 2}"
OFFLINE EXISTING-CANDIDATE DIAGNOSTIC,1.3934919349595107e-05,50,12,0,12,0,0,"(1,0,0)",11,"{""(0,0,0)"": 1, ""(1,0,0)"": 11}"
OFFLINE EXISTING-CANDIDATE DIAGNOSTIC,1.3934919349595107e-05,100,12,0,12,0,0,"(0,0,0)",10,"{""(0,0,0)"": 10, ""(1,0,0)"": 2}"
OFFLINE EXISTING-CANDIDATE DIAGNOSTIC,1.4323809584591616e-05,50,12,0,12,0,0,"(1,0,0)",11,"{""(0,0,0)"": 1, ""(1,0,0)"": 11}"
OFFLINE EXISTING-CANDIDATE DIAGNOSTIC,1.4323809584591616e-05,100,12,0,12,0,0,"(0,0,0)",11,"{""(0,0,0)"": 11, ""(1,0,0)"": 1}"
OFFLINE EXISTING-CANDIDATE DIAGNOSTIC,1.4723552814936105e-05,50,12,0,12,0,0,"(1,0,0)",11,"{""(0,0,0)"": 1, ""(1,0,0)"": 11}"
OFFLINE EXISTING-CANDIDATE DIAGNOSTIC,1.4723552814936105e-05,100,12,0,12,0,0,"(0,0,0)",12,"{""(0,0,0)"": 12}"
OFFLINE EXISTING-CANDIDATE DIAGNOSTIC,1.4869997420067816e-05,50,12,0,12,0,0,"(1,0,0)",11,"{""(0,0,0)"": 1, ""(1,0,0)"": 11}"
OFFLINE EXISTING-CANDIDATE DIAGNOSTIC,1.4869997420067816e-05,100,12,0,12,0,0,"(0,0,0)",12,"{""(0,0,0)"": 12}"
OFFLINE EXISTING-CANDIDATE DIAGNOSTIC,1.5017898604507643e-05,50,12,0,12,0,0,"(1,0,0)",10,"{""(0,0,0)"": 2, ""(1,0,0)"": 10}"
OFFLINE EXISTING-CANDIDATE DIAGNOSTIC,1.5017898604507643e-05,100,12,0,12,0,0,"(0,0,0)",12,"{""(0,0,0)"": 12}"
OFFLINE EXISTING-CANDIDATE DIAGNOSTIC,1.6497297972283835e-05,50,12,0,12,0,0,"(1,0,0)",10,"{""(0,0,0)"": 2, ""(1,0,0)"": 10}"
OFFLINE EXISTING-CANDIDATE DIAGNOSTIC,1.6497297972283835e-05,100,12,0,12,0,0,"(0,0,0)",12,"{""(0,0,0)"": 12}"
OFFLINE EXISTING-CANDIDATE DIAGNOSTIC,1.8122431610014395e-05,50,12,0,12,0,0,"(1,0,0)",10,"{""(0,0,0)"": 2, ""(1,0,0)"": 10}"
OFFLINE EXISTING-CANDIDATE DIAGNOSTIC,1.8122431610014395e-05,100,12,0,12,0,0,"(0,0,0)",12,"{""(0,0,0)"": 12}"
OFFLINE EXISTING-CANDIDATE DIAGNOSTIC,3.519434788547985e-05,50,12,0,12,0,0,"(0,0,0)",12,"{""(0,0,0)"": 12}"
OFFLINE EXISTING-CANDIDATE DIAGNOSTIC,3.519434788547985e-05,100,12,0,12,0,0,"(0,0,0)",12,"{""(0,0,0)"": 12}"
OFFLINE EXISTING-CANDIDATE DIAGNOSTIC,6.834856103966262e-05,50,12,0,12,0,0,"(0,0,0)",12,"{""(0,0,0)"": 12}"
OFFLINE EXISTING-CANDIDATE DIAGNOSTIC,6.834856103966262e-05,100,12,0,12,0,0,"(0,0,0)",12,"{""(0,0,0)"": 12}"
OFFLINE EXISTING-CANDIDATE DIAGNOSTIC,7.489815910927794e-05,50,12,0,12,0,0,"(0,0,0)",12,"{""(0,0,0)"": 12}"
OFFLINE EXISTING-CANDIDATE DIAGNOSTIC,7.489815910927794e-05,100,12,0,12,0,0,"(0,0,0)",12,"{""(0,0,0)"": 12}"
OFFLINE EXISTING-CANDIDATE DIAGNOSTIC,8.207538172900801e-05,50,12,0,12,0,0,"(0,0,0)",12,"{""(0,0,0)"": 12}"
OFFLINE EXISTING-CANDIDATE DIAGNOSTIC,8.207538172900801e-05,100,12,0,12,0,0,"(0,0,0)",12,"{""(0,0,0)"": 12}"
OFFLINE EXISTING-CANDIDATE DIAGNOSTIC,8.832927560592651e-05,50,12,0,12,0,0,"(0,0,0)",12,"{""(0,0,0)"": 12}"
OFFLINE EXISTING-CANDIDATE DIAGNOSTIC,8.832927560592651e-05,100,12,0,12,0,0,"(0,0,0)",12,"{""(0,0,0)"": 12}"
OFFLINE EXISTING-CANDIDATE DIAGNOSTIC,9.505969713096359e-05,50,12,0,12,0,0,"(0,0,0)",12,"{""(0,0,0)"": 12}"
OFFLINE EXISTING-CANDIDATE DIAGNOSTIC,9.505969713096359e-05,100,12,0,12,0,0,"(0,0,0)",12,"{""(0,0,0)"": 12}"
OFFLINE EXISTING-CANDIDATE DIAGNOSTIC,0.00011494396170520484,50,12,0,12,0,0,"(0,0,0)",12,"{""(0,0,0)"": 12}"
OFFLINE EXISTING-CANDIDATE DIAGNOSTIC,0.00011494396170520484,100,12,0,12,0,0,"(0,0,0)",12,"{""(0,0,0)"": 12}"
OFFLINE EXISTING-CANDIDATE DIAGNOSTIC,0.00013898754920589835,50,12,0,12,0,0,"(0,0,0)",12,"{""(0,0,0)"": 12}"
OFFLINE EXISTING-CANDIDATE DIAGNOSTIC,0.00013898754920589835,100,12,0,12,0,0,"(0,0,0)",12,"{""(0,0,0)"": 12}"
OFFLINE EXISTING-CANDIDATE DIAGNOSTIC,0.00014088005820983687,50,12,0,12,0,0,"(0,0,0)",12,"{""(0,0,0)"": 12}"
OFFLINE EXISTING-CANDIDATE DIAGNOSTIC,0.00014088005820983687,100,12,0,12,0,0,"(0,0,0)",12,"{""(0,0,0)"": 12}"
OFFLINE EXISTING-CANDIDATE DIAGNOSTIC,0.0001427983363589287,50,12,0,12,0,0,"(0,0,0)",12,"{""(0,0,0)"": 12}"
OFFLINE EXISTING-CANDIDATE DIAGNOSTIC,0.0001427983363589287,100,12,0,12,0,0,"(0,0,0)",12,"{""(0,0,0)"": 12}"
OFFLINE EXISTING-CANDIDATE DIAGNOSTIC,0.00014911912522179937,50,12,0,12,0,0,"(0,0,0)",12,"{""(0,0,0)"": 12}"
OFFLINE EXISTING-CANDIDATE DIAGNOSTIC,0.00014911912522179937,100,12,0,12,0,0,"(0,0,0)",12,"{""(0,0,0)"": 12}"
OFFLINE EXISTING-CANDIDATE DIAGNOSTIC,0.00015571969585851766,50,12,0,12,0,0,"(0,0,0)",12,"{""(0,0,0)"": 12}"
OFFLINE EXISTING-CANDIDATE DIAGNOSTIC,0.00015571969585851766,100,12,0,12,0,0,"(0,0,0)",12,"{""(0,0,0)"": 12}"
OFFLINE EXISTING-CANDIDATE DIAGNOSTIC,0.00015865715016927833,50,12,0,12,0,0,"(0,0,0)",12,"{""(0,0,0)"": 12}"
OFFLINE EXISTING-CANDIDATE DIAGNOSTIC,0.00015865715016927833,100,12,0,12,0,0,"(0,0,0)",12,"{""(0,0,0)"": 12}"
OFFLINE EXISTING-CANDIDATE DIAGNOSTIC,0.00016165001582527853,50,12,0,12,0,0,"(0,0,0)",12,"{""(0,0,0)"": 12}"
OFFLINE EXISTING-CANDIDATE DIAGNOSTIC,0.00016165001582527853,100,12,0,12,0,0,"(0,0,0)",12,"{""(0,0,0)"": 12}"
OFFLINE EXISTING-CANDIDATE DIAGNOSTIC,0.00016455466501115213,50,12,0,12,0,0,"(0,0,0)",12,"{""(0,0,0)"": 12}"
OFFLINE EXISTING-CANDIDATE DIAGNOSTIC,0.00016455466501115213,100,12,0,12,0,0,"(0,0,0)",12,"{""(0,0,0)"": 12}"
OFFLINE EXISTING-CANDIDATE DIAGNOSTIC,0.00016751150712042211,50,12,0,12,0,0,"(0,0,0)",12,"{""(0,0,0)"": 12}"
OFFLINE EXISTING-CANDIDATE DIAGNOSTIC,0.00016751150712042211,100,12,0,12,0,0,"(0,0,0)",12,"{""(0,0,0)"": 12}"
OFFLINE EXISTING-CANDIDATE DIAGNOSTIC,0.00017120470500498792,50,12,0,12,0,0,"(0,0,0)",12,"{""(0,0,0)"": 12}"
OFFLINE EXISTING-CANDIDATE DIAGNOSTIC,0.00017120470500498792,100,12,0,12,0,0,"(0,0,0)",12,"{""(0,0,0)"": 12}"
OFFLINE EXISTING-CANDIDATE DIAGNOSTIC,0.00017497932840383052,50,12,0,12,0,0,"(0,0,0)",12,"{""(0,0,0)"": 12}"
OFFLINE EXISTING-CANDIDATE DIAGNOSTIC,0.00017497932840383052,100,12,0,12,0,0,"(0,0,0)",12,"{""(0,0,0)"": 12}"
OFFLINE EXISTING-CANDIDATE DIAGNOSTIC,0.00018375783260508085,50,12,0,12,0,0,"(0,0,0)",12,"{""(0,0,0)"": 12}"
OFFLINE EXISTING-CANDIDATE DIAGNOSTIC,0.00018375783260508085,100,12,0,12,0,0,"(0,0,0)",12,"{""(0,0,0)"": 12}"
OFFLINE EXISTING-CANDIDATE DIAGNOSTIC,0.00019297674389163856,50,12,0,12,0,0,"(0,0,0)",12,"{""(0,0,0)"": 12}"
OFFLINE EXISTING-CANDIDATE DIAGNOSTIC,0.00019297674389163856,100,12,0,12,0,0,"(0,0,0)",12,"{""(0,0,0)"": 12}"
OFFLINE EXISTING-CANDIDATE DIAGNOSTIC,0.00020373456237178305,50,12,0,12,0,0,"(0,0,0)",12,"{""(0,0,0)"": 12}"
OFFLINE EXISTING-CANDIDATE DIAGNOSTIC,0.00020373456237178305,100,12,0,12,0,0,"(0,0,0)",12,"{""(0,0,0)"": 12}"
OFFLINE EXISTING-CANDIDATE DIAGNOSTIC,0.00021509209383349139,50,12,0,12,0,0,"(0,0,0)",12,"{""(0,0,0)"": 12}"
OFFLINE EXISTING-CANDIDATE DIAGNOSTIC,0.00021509209383349139,100,12,0,12,0,0,"(0,0,0)",12,"{""(0,0,0)"": 12}"
OFFLINE EXISTING-CANDIDATE DIAGNOSTIC,0.0002265120832366218,50,12,0,12,0,0,"(0,0,0)",12,"{""(0,0,0)"": 12}"
OFFLINE EXISTING-CANDIDATE DIAGNOSTIC,0.0002265120832366218,100,12,0,12,0,0,"(0,0,0)",12,"{""(0,0,0)"": 12}"
OFFLINE EXISTING-CANDIDATE DIAGNOSTIC,0.00023853839970479335,50,12,0,12,0,0,"(0,0,0)",12,"{""(0,0,0)"": 12}"
OFFLINE EXISTING-CANDIDATE DIAGNOSTIC,0.00023853839970479335,100,12,0,12,0,0,"(0,0,0)",12,"{""(0,0,0)"": 12}"
OFFLINE EXISTING-CANDIDATE DIAGNOSTIC,0.00023938105570620136,50,12,0,12,0,0,"(0,0,0)",12,"{""(0,0,0)"": 12}"
OFFLINE EXISTING-CANDIDATE DIAGNOSTIC,0.00023938105570620136,100,12,0,12,0,0,"(0,0,0)",12,"{""(0,0,0)"": 12}"
OFFLINE EXISTING-CANDIDATE DIAGNOSTIC,0.00024022668845742238,50,12,0,12,0,0,"(0,0,0)",12,"{""(0,0,0)"": 12}"
OFFLINE EXISTING-CANDIDATE DIAGNOSTIC,0.00024022668845742238,100,12,0,12,0,0,"(0,0,0)",12,"{""(0,0,0)"": 12}"
OFFLINE EXISTING-CANDIDATE DIAGNOSTIC,0.00024348214786527915,50,12,0,12,0,0,"(0,0,0)",12,"{""(0,0,0)"": 12}"
OFFLINE EXISTING-CANDIDATE DIAGNOSTIC,0.00024348214786527915,100,12,0,12,0,0,"(0,0,0)",12,"{""(0,0,0)"": 12}"
OFFLINE EXISTING-CANDIDATE DIAGNOSTIC,0.0002467817240031473,50,12,0,12,0,0,"(0,0,0)",12,"{""(0,0,0)"": 12}"
OFFLINE EXISTING-CANDIDATE DIAGNOSTIC,0.0002467817240031473,100,12,0,12,0,0,"(0,0,0)",12,"{""(0,0,0)"": 12}"
OFFLINE EXISTING-CANDIDATE DIAGNOSTIC,0.00030109544596645433,50,12,0,12,0,0,"(0,0,0)",12,"{""(0,0,0)"": 12}"
OFFLINE EXISTING-CANDIDATE DIAGNOSTIC,0.00030109544596645433,100,12,0,12,0,0,"(0,0,0)",12,"{""(0,0,0)"": 12}"
OFFLINE EXISTING-CANDIDATE DIAGNOSTIC,0.00036736297206750135,50,12,0,12,0,0,"(0,0,0)",12,"{""(0,0,0)"": 12}"
OFFLINE EXISTING-CANDIDATE DIAGNOSTIC,0.00036736297206750135,100,12,0,12,0,0,"(0,0,0)",12,"{""(0,0,0)"": 12}"
OFFLINE EXISTING-CANDIDATE DIAGNOSTIC,0.00041959475404802174,50,12,0,12,0,0,"(0,0,0)",12,"{""(0,0,0)"": 12}"
OFFLINE EXISTING-CANDIDATE DIAGNOSTIC,0.00041959475404802174,100,12,0,12,0,0,"(0,0,0)",12,"{""(0,0,0)"": 12}"
OFFLINE EXISTING-CANDIDATE DIAGNOSTIC,0.00047925286708609715,50,12,0,12,0,0,"(0,0,0)",12,"{""(0,0,0)"": 12}"
OFFLINE EXISTING-CANDIDATE DIAGNOSTIC,0.00047925286708609715,100,12,0,12,0,0,"(0,0,0)",12,"{""(0,0,0)"": 12}"
OFFLINE EXISTING-CANDIDATE DIAGNOSTIC,0.000490268336212228,50,12,0,12,0,0,"(0,0,0)",12,"{""(0,0,0)"": 12}"
OFFLINE EXISTING-CANDIDATE DIAGNOSTIC,0.000490268336212228,100,12,0,12,0,0,"(0,0,0)",12,"{""(0,0,0)"": 12}"
OFFLINE EXISTING-CANDIDATE DIAGNOSTIC,0.0005015369922640971,50,12,0,12,0,0,"(0,0,0)",12,"{""(0,0,0)"": 12}"
OFFLINE EXISTING-CANDIDATE DIAGNOSTIC,0.0005015369922640971,100,12,0,12,0,0,"(0,0,0)",12,"{""(0,0,0)"": 12}"
OFFLINE EXISTING-CANDIDATE DIAGNOSTIC,0.0005631344439355152,50,12,0,12,0,0,"(0,0,0)",12,"{""(0,0,0)"": 12}"
OFFLINE EXISTING-CANDIDATE DIAGNOSTIC,0.0005631344439355152,100,12,0,12,0,0,"(0,0,0)",12,"{""(0,0,0)"": 12}"
OFFLINE EXISTING-CANDIDATE DIAGNOSTIC,0.0006322971322912389,50,12,0,12,0,0,"(0,0,0)",12,"{""(0,0,0)"": 12}"
OFFLINE EXISTING-CANDIDATE DIAGNOSTIC,0.0006322971322912389,100,12,0,12,0,0,"(0,0,0)",12,"{""(0,0,0)"": 12}"
OFFLINE EXISTING-CANDIDATE DIAGNOSTIC,0.00632297132291239,50,12,0,12,0,0,"(0,0,0)",12,"{""(0,0,0)"": 12}"
OFFLINE EXISTING-CANDIDATE DIAGNOSTIC,0.00632297132291239,100,12,0,12,0,0,"(0,0,0)",12,"{""(0,0,0)"": 12}"
OFFLINE EXISTING-CANDIDATE DIAGNOSTIC,1.0,50,12,0,12,0,0,"(0,0,0)",12,"{""(0,0,0)"": 12}"
OFFLINE EXISTING-CANDIDATE DIAGNOSTIC,1.0,100,12,0,12,0,0,"(0,0,0)",12,"{""(0,0,0)"": 12}"
